image_path,image_name,subfolder,class_id,class_name,confidence,xmin,ymin,xmax,ymax
/srv/shared_leopard_toad/2024/02.09.2024/5R/103MEDIA/DSCF0404.JPG,DSCF0404.JPG,5R/103MEDIA,2,Western_Leopard_Toad,0.2598,1407.5,2301.4,1614.2,2452.3
/srv/shared_leopard_toad/2024/02.09.2024/5R/103MEDIA/DSCF0651.JPG,DSCF0651.JPG,5R/103MEDIA,2,Western_Leopard_Toad,0.2993,1411.5,2303.3,1610.2,2452.9
/srv/shared_leopard_toad/2024/02.09.2024/5R/103MEDIA/DSCF0141.JPG,DSCF0141.JPG,5R/103MEDIA,0,Other_Amphibian,0.2161,3822.6,221.5,3939.9,338.2
/srv/shared_leopard_toad/2024/02.09.2024/5R/103MEDIA/DSCF0221.JPG,DSCF0221.JPG,5R/103MEDIA,0,Other_Amphibian,0.2666,3820.9,221.3,3937.1,339.7
/srv/shared_leopard_toad/2024/02.09.2024/5R/103MEDIA/DSCF0311.JPG,DSCF0311.JPG,5R/103MEDIA,2,Western_Leopard_Toad,0.2573,4544.3,2266.6,4608.7,2449.1
/srv/shared_leopard_toad/2024/02.09.2024/5R/103MEDIA/DSCF0458.JPG,DSCF0458.JPG,5R/103MEDIA,0,Other_Amphibian,0.2864,2.0,376.9,123.7,593.2
/srv/shared_leopard_toad/2024/02.09.2024/5R/103MEDIA/DSCF0817.JPG,DSCF0817.JPG,5R/103MEDIA,2,Western_Leopard_Toad,0.3655,1408.7,2301.4,1608.5,2452.3
/srv/shared_leopard_toad/2024/02.09.2024/5R/103MEDIA/DSCF0817.JPG,DSCF0817.JPG,5R/103MEDIA,0,Other_Amphibian,0.2009,1408.7,2301.4,1608.5,2452.3
/srv/shared_leopard_toad/2024/02.09.2024/5R/103MEDIA/DSCF0755.JPG,DSCF0755.JPG,5R/103MEDIA,0,Other_Amphibian,0.2181,3823.2,221.6,3952.8,341.3
/srv/shared_leopard_toad/2024/02.09.2024/5R/103MEDIA/DSCF0700.JPG,DSCF0700.JPG,5R/103MEDIA,2,Western_Leopard_Toad,0.3130,1410.2,2301.5,1611.6,2452.2
/srv/shared_leopard_toad/2024/02.09.2024/5R/103MEDIA/DSCF0230.JPG,DSCF0230.JPG,5R/103MEDIA,2,Western_Leopard_Toad,0.2729,4547.7,2258.1,4609.8,2447.5
/srv/shared_leopard_toad/2024/02.09.2024/5R/103MEDIA/DSCF0139.JPG,DSCF0139.JPG,5R/103MEDIA,0,Other_Amphibian,0.2170,3822.0,220.9,3940.5,342.0
/srv/shared_leopard_toad/2024/02.09.2024/5R/103MEDIA/DSCF0936.JPG,DSCF0936.JPG,5R/103MEDIA,2,Western_Leopard_Toad,0.2527,1408.9,2302.2,1608.3,2451.5
/srv/shared_leopard_toad/2024/02.09.2024/5R/103MEDIA/DSCF0936.JPG,DSCF0936.JPG,5R/103MEDIA,0,Other_Amphibian,0.2507,1408.9,2302.2,1608.3,2451.5
/srv/shared_leopard_toad/2024/02.09.2024/5R/103MEDIA/DSCF0730.JPG,DSCF0730.JPG,5R/103MEDIA,2,Western_Leopard_Toad,0.2756,1411.0,2301.2,1608.5,2452.5
/srv/shared_leopard_toad/2024/02.09.2024/5R/103MEDIA/DSCF0486.JPG,DSCF0486.JPG,5R/103MEDIA,2,Western_Leopard_Toad,0.4270,1410.8,2301.4,1608.8,2452.3
/srv/shared_leopard_toad/2024/02.09.2024/5R/103MEDIA/DSCF0486.JPG,DSCF0486.JPG,5R/103MEDIA,0,Other_Amphibian,0.2979,1410.8,2301.4,1608.8,2452.3
/srv/shared_leopard_toad/2024/02.09.2024/5R/103MEDIA/DSCF0568.JPG,DSCF0568.JPG,5R/103MEDIA,2,Western_Leopard_Toad,0.4441,1410.4,2301.1,1609.1,2452.6
/srv/shared_leopard_toad/2024/02.09.2024/5R/103MEDIA/DSCF0568.JPG,DSCF0568.JPG,5R/103MEDIA,0,Other_Amphibian,0.2710,1410.4,2301.1,1609.1,2452.6
/srv/shared_leopard_toad/2024/02.09.2024/5R/103MEDIA/DSCF0851.JPG,DSCF0851.JPG,5R/103MEDIA,0,Other_Amphibian,0.3408,3823.0,224.4,3948.5,340.4
/srv/shared_leopard_toad/2024/02.09.2024/5R/103MEDIA/DSCF0544.JPG,DSCF0544.JPG,5R/103MEDIA,2,Western_Leopard_Toad,0.3386,1411.3,2300.2,1608.2,2450.9
/srv/shared_leopard_toad/2024/02.09.2024/5R/103MEDIA/DSCF0544.JPG,DSCF0544.JPG,5R/103MEDIA,0,Other_Amphibian,0.2135,1411.3,2300.2,1608.2,2450.9
/srv/shared_leopard_toad/2024/02.09.2024/5R/103MEDIA/DSCF0596.JPG,DSCF0596.JPG,5R/103MEDIA,2,Western_Leopard_Toad,0.2832,1409.6,2299.4,1612.1,2451.8
/srv/shared_leopard_toad/2024/02.09.2024/5R/103MEDIA/DSCF0184.JPG,DSCF0184.JPG,5R/103MEDIA,0,Other_Amphibian,0.2252,3821.0,224.6,3937.0,340.2
/srv/shared_leopard_toad/2024/02.09.2024/5R/103MEDIA/DSCF0118.JPG,DSCF0118.JPG,5R/103MEDIA,0,Other_Amphibian,0.3562,3824.0,223.8,3938.5,338.1
/srv/shared_leopard_toad/2024/02.09.2024/5R/103MEDIA/DSCF0736.JPG,DSCF0736.JPG,5R/103MEDIA,2,Western_Leopard_Toad,0.2915,1407.0,2301.7,1608.0,2452.0
/srv/shared_leopard_toad/2024/02.09.2024/5R/103MEDIA/DSCF0736.JPG,DSCF0736.JPG,5R/103MEDIA,0,Other_Amphibian,0.2108,1407.0,2301.7,1608.0,2452.0
/srv/shared_leopard_toad/2024/02.09.2024/5R/103MEDIA/DSCF0220.JPG,DSCF0220.JPG,5R/103MEDIA,2,Western_Leopard_Toad,0.2610,4541.7,2258.0,4606.8,2447.6
/srv/shared_leopard_toad/2024/02.09.2024/5R/103MEDIA/DSCF0758.JPG,DSCF0758.JPG,5R/103MEDIA,2,Western_Leopard_Toad,0.2939,1410.4,2301.8,1609.1,2451.9
/srv/shared_leopard_toad/2024/02.09.2024/5R/103MEDIA/DSCF0758.JPG,DSCF0758.JPG,5R/103MEDIA,0,Other_Amphibian,0.2338,1410.4,2301.8,1609.1,2451.9
/srv/shared_leopard_toad/2024/02.09.2024/5R/103MEDIA/DSCF0652.JPG,DSCF0652.JPG,5R/103MEDIA,2,Western_Leopard_Toad,0.3606,1412.8,2301.5,1609.0,2452.2
/srv/shared_leopard_toad/2024/02.09.2024/5R/103MEDIA/DSCF0652.JPG,DSCF0652.JPG,5R/103MEDIA,0,Other_Amphibian,0.2588,1412.8,2301.5,1609.0,2452.2
/srv/shared_leopard_toad/2024/02.09.2024/5R/103MEDIA/DSCF0833.JPG,DSCF0833.JPG,5R/103MEDIA,0,Other_Amphibian,0.2037,1406.7,2301.7,1608.3,2452.0
/srv/shared_leopard_toad/2024/02.09.2024/5R/103MEDIA/DSCF0989.JPG,DSCF0989.JPG,5R/103MEDIA,2,Western_Leopard_Toad,0.4521,1407.9,2300.7,1609.3,2453.0
/srv/shared_leopard_toad/2024/02.09.2024/5R/103MEDIA/DSCF0989.JPG,DSCF0989.JPG,5R/103MEDIA,0,Other_Amphibian,0.2700,1407.9,2300.7,1609.3,2453.0
/srv/shared_leopard_toad/2024/02.09.2024/5R/103MEDIA/DSCF0171.JPG,DSCF0171.JPG,5R/103MEDIA,2,Western_Leopard_Toad,0.2959,4543.5,2263.6,4609.5,2449.5
/srv/shared_leopard_toad/2024/02.09.2024/5R/103MEDIA/DSCF0729.JPG,DSCF0729.JPG,5R/103MEDIA,2,Western_Leopard_Toad,0.2920,1409.1,2303.3,1610.4,2452.9
/srv/shared_leopard_toad/2024/02.09.2024/5R/103MEDIA/DSCF0423.JPG,DSCF0423.JPG,5R/103MEDIA,0,Other_Amphibian,0.2686,3819.2,225.5,3943.3,342.2
/srv/shared_leopard_toad/2024/02.09.2024/5R/103MEDIA/DSCF0927.JPG,DSCF0927.JPG,5R/103MEDIA,0,Other_Amphibian,0.3384,3822.0,225.4,3954.0,345.4
/srv/shared_leopard_toad/2024/02.09.2024/5R/103MEDIA/DSCF0399.JPG,DSCF0399.JPG,5R/103MEDIA,0,Other_Amphibian,0.4253,3820.2,224.9,3942.3,339.0
/srv/shared_leopard_toad/2024/02.09.2024/5R/103MEDIA/DSCF0900.JPG,DSCF0900.JPG,5R/103MEDIA,0,Other_Amphibian,0.2106,1411.5,2302.2,1610.2,2451.5
/srv/shared_leopard_toad/2024/02.09.2024/5R/103MEDIA/DSCF0890.JPG,DSCF0890.JPG,5R/103MEDIA,2,Western_Leopard_Toad,0.2815,1404.8,2299.7,1608.0,2451.5
/srv/shared_leopard_toad/2024/02.09.2024/5R/103MEDIA/DSCF0890.JPG,DSCF0890.JPG,5R/103MEDIA,0,Other_Amphibian,0.2314,1404.8,2299.7,1608.0,2451.5
/srv/shared_leopard_toad/2024/02.09.2024/5R/103MEDIA/DSCF0823.JPG,DSCF0823.JPG,5R/103MEDIA,2,Western_Leopard_Toad,0.5024,1411.5,2300.8,1608.0,2452.9
/srv/shared_leopard_toad/2024/02.09.2024/5R/103MEDIA/DSCF0823.JPG,DSCF0823.JPG,5R/103MEDIA,0,Other_Amphibian,0.2632,1411.5,2300.8,1608.0,2452.9
/srv/shared_leopard_toad/2024/02.09.2024/5R/103MEDIA/DSCF0186.JPG,DSCF0186.JPG,5R/103MEDIA,0,Other_Amphibian,0.2277,3819.8,221.4,3933.7,342.5
/srv/shared_leopard_toad/2024/02.09.2024/5R/103MEDIA/DSCF0123.JPG,DSCF0123.JPG,5R/103MEDIA,0,Other_Amphibian,0.4746,3823.5,227.9,3934.5,336.9
/srv/shared_leopard_toad/2024/02.09.2024/5R/103MEDIA/DSCF0820.JPG,DSCF0820.JPG,5R/103MEDIA,0,Other_Amphibian,0.2001,1409.3,2301.5,1612.5,2452.2
/srv/shared_leopard_toad/2024/02.09.2024/5R/103MEDIA/DSCF0110.JPG,DSCF0110.JPG,5R/103MEDIA,0,Other_Amphibian,0.2091,3819.7,223.0,3942.8,342.7
/srv/shared_leopard_toad/2024/02.09.2024/5R/103MEDIA/DSCF0907.JPG,DSCF0907.JPG,5R/103MEDIA,2,Western_Leopard_Toad,0.3315,1409.8,2301.7,1609.7,2452.0
/srv/shared_leopard_toad/2024/02.09.2024/5R/103MEDIA/DSCF0907.JPG,DSCF0907.JPG,5R/103MEDIA,0,Other_Amphibian,0.2474,1409.8,2301.7,1609.7,2452.0
/srv/shared_leopard_toad/2024/02.09.2024/5R/103MEDIA/DSCF0121.JPG,DSCF0121.JPG,5R/103MEDIA,0,Other_Amphibian,0.2489,3819.0,222.2,3930.0,338.8
/srv/shared_leopard_toad/2024/02.09.2024/5R/103MEDIA/DSCF0962.JPG,DSCF0962.JPG,5R/103MEDIA,2,Western_Leopard_Toad,0.3806,1412.3,2301.8,1611.7,2451.9
/srv/shared_leopard_toad/2024/02.09.2024/5R/103MEDIA/DSCF0962.JPG,DSCF0962.JPG,5R/103MEDIA,0,Other_Amphibian,0.3267,1412.3,2301.8,1611.7,2451.9
/srv/shared_leopard_toad/2024/02.09.2024/5R/103MEDIA/DSCF0735.JPG,DSCF0735.JPG,5R/103MEDIA,2,Western_Leopard_Toad,0.2891,1412.4,2302.1,1609.3,2451.6
/srv/shared_leopard_toad/2024/02.09.2024/5R/103MEDIA/DSCF0735.JPG,DSCF0735.JPG,5R/103MEDIA,0,Other_Amphibian,0.2261,1412.4,2302.1,1609.3,2451.6
/srv/shared_leopard_toad/2024/02.09.2024/5R/103MEDIA/DSCF0114.JPG,DSCF0114.JPG,5R/103MEDIA,0,Other_Amphibian,0.2502,3822.9,224.1,3939.6,339.7
/srv/shared_leopard_toad/2024/02.09.2024/5R/103MEDIA/DSCF0816.JPG,DSCF0816.JPG,5R/103MEDIA,2,Western_Leopard_Toad,0.4360,1411.0,2301.2,1608.5,2452.5
/srv/shared_leopard_toad/2024/02.09.2024/5R/103MEDIA/DSCF0816.JPG,DSCF0816.JPG,5R/103MEDIA,0,Other_Amphibian,0.3352,1411.0,2301.2,1608.5,2452.5
/srv/shared_leopard_toad/2024/02.09.2024/5R/103MEDIA/DSCF0645.JPG,DSCF0645.JPG,5R/103MEDIA,2,Western_Leopard_Toad,0.2661,1410.2,2301.5,1607.1,2452.2
/srv/shared_leopard_toad/2024/02.09.2024/5R/103MEDIA/DSCF0588.JPG,DSCF0588.JPG,5R/103MEDIA,0,Other_Amphibian,0.4631,1764.3,2075.7,1880.7,2273.0
/srv/shared_leopard_toad/2024/02.09.2024/5R/103MEDIA/DSCF0588.JPG,DSCF0588.JPG,5R/103MEDIA,0,Other_Amphibian,0.2773,3824.4,229.0,3942.6,339.5
/srv/shared_leopard_toad/2024/02.09.2024/5R/103MEDIA/DSCF0188.JPG,DSCF0188.JPG,5R/103MEDIA,0,Other_Amphibian,0.2032,3819.2,224.5,3934.3,339.3
/srv/shared_leopard_toad/2024/02.09.2024/5R/103MEDIA/DSCF0685.JPG,DSCF0685.JPG,5R/103MEDIA,2,Western_Leopard_Toad,0.2749,1410.0,2301.4,1609.5,2452.3
/srv/shared_leopard_toad/2024/02.09.2024/5R/103MEDIA/DSCF0685.JPG,DSCF0685.JPG,5R/103MEDIA,0,Other_Amphibian,0.2104,1410.0,2301.4,1609.5,2452.3
/srv/shared_leopard_toad/2024/02.09.2024/5R/103MEDIA/DSCF0626.JPG,DSCF0626.JPG,5R/103MEDIA,2,Western_Leopard_Toad,0.3833,1411.5,2301.4,1610.2,2452.3
/srv/shared_leopard_toad/2024/02.09.2024/5R/103MEDIA/DSCF0626.JPG,DSCF0626.JPG,5R/103MEDIA,0,Other_Amphibian,0.2313,1411.5,2301.4,1610.2,2452.3
/srv/shared_leopard_toad/2024/02.09.2024/5R/103MEDIA/DSCF0708.JPG,DSCF0708.JPG,5R/103MEDIA,2,Western_Leopard_Toad,0.3914,1408.1,2301.1,1606.9,2452.6
/srv/shared_leopard_toad/2024/02.09.2024/5R/103MEDIA/DSCF0708.JPG,DSCF0708.JPG,5R/103MEDIA,0,Other_Amphibian,0.2319,1408.1,2301.1,1606.9,2452.6
/srv/shared_leopard_toad/2024/02.09.2024/5R/103MEDIA/DSCF0846.JPG,DSCF0846.JPG,5R/103MEDIA,2,Western_Leopard_Toad,0.3157,1412.4,2302.1,1609.3,2451.6
/srv/shared_leopard_toad/2024/02.09.2024/5R/103MEDIA/DSCF0846.JPG,DSCF0846.JPG,5R/103MEDIA,0,Other_Amphibian,0.2542,1412.4,2302.1,1609.3,2451.6
/srv/shared_leopard_toad/2024/02.09.2024/5R/103MEDIA/DSCF0112.JPG,DSCF0112.JPG,5R/103MEDIA,0,Other_Amphibian,0.4177,3822.2,222.5,3940.3,338.5
/srv/shared_leopard_toad/2024/02.09.2024/5R/103MEDIA/DSCF0470.JPG,DSCF0470.JPG,5R/103MEDIA,0,Other_Amphibian,0.2185,3819.0,221.5,3943.5,344.2
/srv/shared_leopard_toad/2024/02.09.2024/5R/103MEDIA/DSCF0863.JPG,DSCF0863.JPG,5R/103MEDIA,0,Other_Amphibian,0.2075,1409.1,2301.9,1608.2,2451.8
/srv/shared_leopard_toad/2024/02.09.2024/5R/103MEDIA/DSCF0289.JPG,DSCF0289.JPG,5R/103MEDIA,2,Western_Leopard_Toad,0.2666,4546.2,2262.1,4606.8,2446.0
/srv/shared_leopard_toad/2024/02.09.2024/5R/103MEDIA/DSCF0779.JPG,DSCF0779.JPG,5R/103MEDIA,2,Western_Leopard_Toad,0.2908,1411.5,2300.2,1610.2,2450.9
/srv/shared_leopard_toad/2024/02.09.2024/5R/103MEDIA/DSCF0132.JPG,DSCF0132.JPG,5R/103MEDIA,2,Western_Leopard_Toad,0.2969,4539.9,2265.3,4608.6,2447.9
/srv/shared_leopard_toad/2024/02.09.2024/5R/103MEDIA/DSCF0428.JPG,DSCF0428.JPG,5R/103MEDIA,0,Other_Amphibian,0.2086,3821.3,221.5,3941.2,342.4
/srv/shared_leopard_toad/2024/02.09.2024/5R/103MEDIA/DSCF0969.JPG,DSCF0969.JPG,5R/103MEDIA,0,Other_Amphibian,0.2085,1410.2,2299.8,1611.6,2451.3
/srv/shared_leopard_toad/2024/02.09.2024/5R/103MEDIA/DSCF0598.JPG,DSCF0598.JPG,5R/103MEDIA,2,Western_Leopard_Toad,0.2832,1407.8,2301.9,1609.5,2451.8
/srv/shared_leopard_toad/2024/02.09.2024/5R/103MEDIA/DSCF0598.JPG,DSCF0598.JPG,5R/103MEDIA,0,Other_Amphibian,0.2234,1407.8,2301.9,1609.5,2451.8
/srv/shared_leopard_toad/2024/02.09.2024/5R/103MEDIA/DSCF0212.JPG,DSCF0212.JPG,5R/103MEDIA,0,Other_Amphibian,0.2656,3822.9,221.4,3939.6,339.6
/srv/shared_leopard_toad/2024/02.09.2024/5R/103MEDIA/DSCF0696.JPG,DSCF0696.JPG,5R/103MEDIA,2,Western_Leopard_Toad,0.2825,4545.9,2261.4,4607.1,2444.2
/srv/shared_leopard_toad/2024/02.09.2024/5R/103MEDIA/DSCF0172.JPG,DSCF0172.JPG,5R/103MEDIA,0,Other_Amphibian,0.2856,3824.3,224.3,3938.2,338.6
/srv/shared_leopard_toad/2024/02.09.2024/5R/103MEDIA/DSCF0035.JPG,DSCF0035.JPG,5R/103MEDIA,0,Other_Amphibian,0.2172,3822.8,224.8,3935.2,337.2
/srv/shared_leopard_toad/2024/02.09.2024/5R/103MEDIA/DSCF0004.JPG,DSCF0004.JPG,5R/103MEDIA,0,Other_Amphibian,0.2351,3824.4,225.4,3938.1,337.5
/srv/shared_leopard_toad/2024/02.09.2024/5R/103MEDIA/DSCF0159.JPG,DSCF0159.JPG,5R/103MEDIA,0,Other_Amphibian,0.2244,3820.5,225.6,3937.5,342.0
/srv/shared_leopard_toad/2024/02.09.2024/5R/103MEDIA/DSCF0170.JPG,DSCF0170.JPG,5R/103MEDIA,2,Western_Leopard_Toad,0.2617,4548.0,2262.7,4609.5,2448.0
/srv/shared_leopard_toad/2024/02.09.2024/5R/103MEDIA/DSCF0751.JPG,DSCF0751.JPG,5R/103MEDIA,2,Western_Leopard_Toad,0.3022,1407.9,2301.7,1607.1,2452.0
/srv/shared_leopard_toad/2024/02.09.2024/5R/103MEDIA/DSCF0751.JPG,DSCF0751.JPG,5R/103MEDIA,0,Other_Amphibian,0.2100,1407.9,2301.7,1607.1,2452.0
/srv/shared_leopard_toad/2024/02.09.2024/5R/103MEDIA/DSCF0056.JPG,DSCF0056.JPG,5R/103MEDIA,0,Other_Amphibian,0.2371,1406.7,2301.8,1608.3,2451.9
/srv/shared_leopard_toad/2024/02.09.2024/5R/103MEDIA/DSCF0561.JPG,DSCF0561.JPG,5R/103MEDIA,2,Western_Leopard_Toad,0.3113,1409.8,2301.5,1611.9,2452.2
/srv/shared_leopard_toad/2024/02.09.2024/5R/103MEDIA/DSCF0147.JPG,DSCF0147.JPG,5R/103MEDIA,0,Other_Amphibian,0.2549,3824.0,226.7,3938.5,339.1
/srv/shared_leopard_toad/2024/02.09.2024/5R/103MEDIA/DSCF0914.JPG,DSCF0914.JPG,5R/103MEDIA,2,Western_Leopard_Toad,0.2537,1409.8,2301.9,1609.7,2451.8
/srv/shared_leopard_toad/2024/02.09.2024/5R/103MEDIA/DSCF0103.JPG,DSCF0103.JPG,5R/103MEDIA,0,Other_Amphibian,0.2297,3821.9,226.3,3936.1,340.4
/srv/shared_leopard_toad/2024/02.09.2024/5R/103MEDIA/DSCF0242.JPG,DSCF0242.JPG,5R/103MEDIA,0,Other_Amphibian,0.2120,3822.5,227.5,3935.5,339.2
/srv/shared_leopard_toad/2024/02.09.2024/5R/103MEDIA/DSCF0094.JPG,DSCF0094.JPG,5R/103MEDIA,0,Other_Amphibian,0.2106,3824.7,230.3,3933.3,338.3
/srv/shared_leopard_toad/2024/02.09.2024/5R/103MEDIA/DSCF0383.JPG,DSCF0383.JPG,5R/103MEDIA,0,Other_Amphibian,0.2487,3821.1,222.8,3941.4,342.0
/srv/shared_leopard_toad/2024/02.09.2024/5R/103MEDIA/DSCF0926.JPG,DSCF0926.JPG,5R/103MEDIA,2,Western_Leopard_Toad,0.4153,1410.0,2301.7,1611.7,2452.0
/srv/shared_leopard_toad/2024/02.09.2024/5R/103MEDIA/DSCF0926.JPG,DSCF0926.JPG,5R/103MEDIA,0,Other_Amphibian,0.2585,1410.0,2301.7,1611.7,2452.0
/srv/shared_leopard_toad/2024/02.09.2024/5R/103MEDIA/DSCF0763.JPG,DSCF0763.JPG,5R/103MEDIA,2,Western_Leopard_Toad,0.2815,1410.8,2301.9,1608.8,2451.8
/srv/shared_leopard_toad/2024/02.09.2024/5R/103MEDIA/DSCF0664.JPG,DSCF0664.JPG,5R/103MEDIA,0,Other_Amphibian,0.2292,1408.1,2301.9,1609.1,2451.8
/srv/shared_leopard_toad/2024/02.09.2024/5R/103MEDIA/DSCF0939.JPG,DSCF0939.JPG,5R/103MEDIA,2,Western_Leopard_Toad,0.3999,1411.9,2302.2,1609.9,2451.5
/srv/shared_leopard_toad/2024/02.09.2024/5R/103MEDIA/DSCF0939.JPG,DSCF0939.JPG,5R/103MEDIA,0,Other_Amphibian,0.2751,1411.9,2302.2,1609.9,2451.5
/srv/shared_leopard_toad/2024/02.09.2024/5R/103MEDIA/DSCF0392.JPG,DSCF0392.JPG,5R/103MEDIA,0,Other_Amphibian,0.2063,1409.5,2301.2,1610.0,2452.5
/srv/shared_leopard_toad/2024/02.09.2024/5R/103MEDIA/DSCF0617.JPG,DSCF0617.JPG,5R/103MEDIA,2,Western_Leopard_Toad,0.3096,1406.8,2300.9,1608.2,2452.7
/srv/shared_leopard_toad/2024/02.09.2024/5R/103MEDIA/DSCF0617.JPG,DSCF0617.JPG,5R/103MEDIA,0,Other_Amphibian,0.2202,1406.8,2300.9,1608.2,2452.7
/srv/shared_leopard_toad/2024/02.09.2024/5R/103MEDIA/DSCF0893.JPG,DSCF0893.JPG,5R/103MEDIA,2,Western_Leopard_Toad,0.2542,1410.8,2301.7,1611.0,2452.0
/srv/shared_leopard_toad/2024/02.09.2024/5R/103MEDIA/DSCF0138.JPG,DSCF0138.JPG,5R/103MEDIA,2,Western_Leopard_Toad,0.2866,1407.2,2301.8,1610.0,2451.9
/srv/shared_leopard_toad/2024/02.09.2024/5R/103MEDIA/DSCF0138.JPG,DSCF0138.JPG,5R/103MEDIA,0,Other_Amphibian,0.2050,3825.5,228.1,3937.0,337.6
/srv/shared_leopard_toad/2024/02.09.2024/5R/105MEDIA/DSCF0537.JPG,DSCF0537.JPG,5R/105MEDIA,0,Other_Amphibian,0.2715,1506.9,2309.6,1611.6,2411.2
/srv/shared_leopard_toad/2024/02.09.2024/5R/105MEDIA/DSCF0537.JPG,DSCF0537.JPG,5R/105MEDIA,0,Other_Amphibian,0.2452,1508.9,2309.9,1611.8,2410.9
/srv/shared_leopard_toad/2024/02.09.2024/5R/105MEDIA/DSCF0541.JPG,DSCF0541.JPG,5R/105MEDIA,0,Other_Amphibian,0.3115,1505.8,2309.5,1610.5,2411.3
/srv/shared_leopard_toad/2024/02.09.2024/5R/105MEDIA/DSCF0541.JPG,DSCF0541.JPG,5R/105MEDIA,0,Other_Amphibian,0.2546,1508.5,2309.6,1612.2,2411.2
/srv/shared_leopard_toad/2024/02.09.2024/5R/105MEDIA/DSCF0519.JPG,DSCF0519.JPG,5R/105MEDIA,0,Other_Amphibian,0.2162,1506.2,2310.2,1607.8,2410.6
/srv/shared_leopard_toad/2024/02.09.2024/5R/105MEDIA/DSCF0589.JPG,DSCF0589.JPG,5R/105MEDIA,0,Other_Amphibian,0.2942,1505.7,2309.1,1612.8,2411.6
/srv/shared_leopard_toad/2024/02.09.2024/5R/105MEDIA/DSCF0589.JPG,DSCF0589.JPG,5R/105MEDIA,0,Other_Amphibian,0.2200,1507.6,2309.2,1613.1,2411.6
/srv/shared_leopard_toad/2024/02.09.2024/5R/105MEDIA/DSCF0466.JPG,DSCF0466.JPG,5R/105MEDIA,0,Other_Amphibian,0.2717,1506.4,2309.3,1614.3,2411.5
/srv/shared_leopard_toad/2024/02.09.2024/5R/105MEDIA/DSCF0466.JPG,DSCF0466.JPG,5R/105MEDIA,0,Other_Amphibian,0.2123,1508.3,2309.5,1614.7,2411.3
/srv/shared_leopard_toad/2024/02.09.2024/5R/105MEDIA/DSCF0443.JPG,DSCF0443.JPG,5R/105MEDIA,0,Other_Amphibian,0.2100,1507.2,2309.3,1613.5,2411.5
/srv/shared_leopard_toad/2024/02.09.2024/5R/105MEDIA/DSCF0443.JPG,DSCF0443.JPG,5R/105MEDIA,0,Other_Amphibian,0.2084,1507.9,2309.6,1612.8,2411.2
/srv/shared_leopard_toad/2024/02.09.2024/5R/105MEDIA/DSCF0173.JPG,DSCF0173.JPG,5R/105MEDIA,0,Other_Amphibian,0.3477,1508.4,2309.2,1612.3,2411.6
/srv/shared_leopard_toad/2024/02.09.2024/5R/105MEDIA/DSCF0173.JPG,DSCF0173.JPG,5R/105MEDIA,0,Other_Amphibian,0.3179,1507.3,2309.1,1613.4,2411.6
/srv/shared_leopard_toad/2024/02.09.2024/5R/105MEDIA/DSCF0279.JPG,DSCF0279.JPG,5R/105MEDIA,0,Other_Amphibian,0.2761,1505.7,2309.9,1608.3,2410.9
/srv/shared_leopard_toad/2024/02.09.2024/5R/105MEDIA/DSCF0464.JPG,DSCF0464.JPG,5R/105MEDIA,0,Other_Amphibian,0.4895,1504.7,2308.4,1609.3,2412.4
/srv/shared_leopard_toad/2024/02.09.2024/5R/105MEDIA/DSCF0464.JPG,DSCF0464.JPG,5R/105MEDIA,0,Other_Amphibian,0.4263,1504.9,2307.6,1609.1,2410.7
/srv/shared_leopard_toad/2024/02.09.2024/5R/105MEDIA/DSCF0455.JPG,DSCF0455.JPG,5R/105MEDIA,0,Other_Amphibian,0.3616,1507.2,2309.6,1611.3,2411.2
/srv/shared_leopard_toad/2024/02.09.2024/5R/105MEDIA/DSCF0455.JPG,DSCF0455.JPG,5R/105MEDIA,0,Other_Amphibian,0.2347,1508.6,2309.6,1612.1,2411.2
/srv/shared_leopard_toad/2024/02.09.2024/5R/105MEDIA/DSCF0001.JPG,DSCF0001.JPG,5R/105MEDIA,0,Other_Amphibian,0.2362,1507.6,2309.1,1610.9,2411.6
/srv/shared_leopard_toad/2024/02.09.2024/5R/105MEDIA/DSCF0001.JPG,DSCF0001.JPG,5R/105MEDIA,0,Other_Amphibian,0.2029,1507.2,2309.6,1609.1,2411.2
/srv/shared_leopard_toad/2024/02.09.2024/5R/105MEDIA/DSCF0407.JPG,DSCF0407.JPG,5R/105MEDIA,0,Other_Amphibian,0.2297,1506.9,2311.9,1611.6,2411.4
/srv/shared_leopard_toad/2024/02.09.2024/5R/105MEDIA/DSCF0416.JPG,DSCF0416.JPG,5R/105MEDIA,0,Other_Amphibian,0.3501,1507.0,2309.8,1611.5,2411.0
/srv/shared_leopard_toad/2024/02.09.2024/5R/105MEDIA/DSCF0514.JPG,DSCF0514.JPG,5R/105MEDIA,0,Other_Amphibian,0.3049,1507.1,2309.7,1611.4,2411.1
/srv/shared_leopard_toad/2024/02.09.2024/5R/105MEDIA/DSCF0298.JPG,DSCF0298.JPG,5R/105MEDIA,0,Other_Amphibian,0.4348,1509.6,2310.1,1613.4,2410.7
/srv/shared_leopard_toad/2024/02.09.2024/5R/105MEDIA/DSCF0298.JPG,DSCF0298.JPG,5R/105MEDIA,0,Other_Amphibian,0.2198,1509.9,2310.4,1613.1,2410.4
/srv/shared_leopard_toad/2024/02.09.2024/5R/105MEDIA/DSCF0107.JPG,DSCF0107.JPG,5R/105MEDIA,0,Other_Amphibian,0.2852,1506.7,2309.2,1609.6,2411.6
/srv/shared_leopard_toad/2024/02.09.2024/5R/105MEDIA/DSCF0107.JPG,DSCF0107.JPG,5R/105MEDIA,0,Other_Amphibian,0.2803,1505.8,2308.9,1610.5,2411.8
/srv/shared_leopard_toad/2024/02.09.2024/5R/105MEDIA/DSCF0562.JPG,DSCF0562.JPG,5R/105MEDIA,0,Other_Amphibian,0.2749,1506.5,2310.6,1609.8,2410.2
/srv/shared_leopard_toad/2024/02.09.2024/5R/105MEDIA/DSCF0562.JPG,DSCF0562.JPG,5R/105MEDIA,0,Other_Amphibian,0.2445,1508.1,2312.0,1610.4,2411.3
/srv/shared_leopard_toad/2024/02.09.2024/5R/105MEDIA/DSCF0446.JPG,DSCF0446.JPG,5R/105MEDIA,0,Other_Amphibian,0.3018,1505.7,2309.4,1608.3,2411.4
/srv/shared_leopard_toad/2024/02.09.2024/5R/105MEDIA/DSCF0446.JPG,DSCF0446.JPG,5R/105MEDIA,0,Other_Amphibian,0.2295,1503.4,2309.2,1608.3,2411.6
/srv/shared_leopard_toad/2024/02.09.2024/5R/105MEDIA/DSCF0512.JPG,DSCF0512.JPG,5R/105MEDIA,0,Other_Amphibian,0.3784,1508.7,2310.2,1614.3,2410.6
/srv/shared_leopard_toad/2024/02.09.2024/5R/105MEDIA/DSCF0430.JPG,DSCF0430.JPG,5R/105MEDIA,0,Other_Amphibian,0.2527,1507.7,2309.8,1613.0,2411.0
/srv/shared_leopard_toad/2024/02.09.2024/5R/105MEDIA/DSCF0442.JPG,DSCF0442.JPG,5R/105MEDIA,0,Other_Amphibian,0.2334,1506.9,2309.8,1609.4,2411.0
/srv/shared_leopard_toad/2024/02.09.2024/5R/105MEDIA/DSCF0442.JPG,DSCF0442.JPG,5R/105MEDIA,0,Other_Amphibian,0.2218,1506.3,2309.8,1610.0,2411.0
/srv/shared_leopard_toad/2024/02.09.2024/5R/105MEDIA/DSCF0311.JPG,DSCF0311.JPG,5R/105MEDIA,0,Other_Amphibian,0.4678,1508.3,2310.2,1612.4,2410.6
/srv/shared_leopard_toad/2024/02.09.2024/5R/105MEDIA/DSCF0311.JPG,DSCF0311.JPG,5R/105MEDIA,0,Other_Amphibian,0.2817,1509.1,2311.9,1611.6,2411.4
/srv/shared_leopard_toad/2024/02.09.2024/5R/105MEDIA/DSCF0362.JPG,DSCF0362.JPG,5R/105MEDIA,0,Other_Amphibian,0.2344,1506.5,2307.9,1614.2,2412.8
/srv/shared_leopard_toad/2024/02.09.2024/5R/105MEDIA/DSCF0565.JPG,DSCF0565.JPG,5R/105MEDIA,0,Other_Amphibian,0.2238,1508.5,2309.8,1612.2,2411.0
/srv/shared_leopard_toad/2024/02.09.2024/5R/105MEDIA/DSCF0187.JPG,DSCF0187.JPG,5R/105MEDIA,0,Other_Amphibian,0.3806,1506.9,2307.9,1609.4,2410.3
/srv/shared_leopard_toad/2024/02.09.2024/5R/105MEDIA/DSCF0187.JPG,DSCF0187.JPG,5R/105MEDIA,0,Other_Amphibian,0.3511,1505.9,2307.7,1610.4,2410.5
/srv/shared_leopard_toad/2024/02.09.2024/5R/105MEDIA/DSCF0061.JPG,DSCF0061.JPG,5R/105MEDIA,0,Other_Amphibian,0.2898,1507.9,2309.2,1610.6,2411.6
/srv/shared_leopard_toad/2024/02.09.2024/5R/105MEDIA/DSCF0061.JPG,DSCF0061.JPG,5R/105MEDIA,0,Other_Amphibian,0.2395,1508.6,2309.3,1609.9,2411.5
/srv/shared_leopard_toad/2024/02.09.2024/5R/105MEDIA/DSCF0167.JPG,DSCF0167.JPG,5R/105MEDIA,0,Other_Amphibian,0.2047,1507.9,2310.4,1612.9,2410.4
/srv/shared_leopard_toad/2024/02.09.2024/5R/105MEDIA/DSCF0273.JPG,DSCF0273.JPG,5R/105MEDIA,0,Other_Amphibian,0.2168,1506.0,2311.4,1610.3,2411.9
/srv/shared_leopard_toad/2024/02.09.2024/5R/105MEDIA/DSCF0273.JPG,DSCF0273.JPG,5R/105MEDIA,0,Other_Amphibian,0.2037,1507.1,2312.0,1609.2,2411.3
/srv/shared_leopard_toad/2024/02.09.2024/5R/105MEDIA/DSCF0038.JPG,DSCF0038.JPG,5R/105MEDIA,0,Other_Amphibian,0.2224,1508.5,2309.1,1612.2,2411.6
/srv/shared_leopard_toad/2024/02.09.2024/5R/105MEDIA/DSCF0089.JPG,DSCF0089.JPG,5R/105MEDIA,0,Other_Amphibian,0.2725,1506.3,2309.8,1610.0,2411.0
/srv/shared_leopard_toad/2024/02.09.2024/5R/105MEDIA/DSCF0089.JPG,DSCF0089.JPG,5R/105MEDIA,0,Other_Amphibian,0.2573,1507.2,2310.2,1609.1,2410.6
/srv/shared_leopard_toad/2024/02.09.2024/5R/105MEDIA/DSCF0560.JPG,DSCF0560.JPG,5R/105MEDIA,0,Other_Amphibian,0.3098,1506.4,2309.8,1614.3,2411.0
/srv/shared_leopard_toad/2024/02.09.2024/5R/105MEDIA/DSCF0339.JPG,DSCF0339.JPG,5R/105MEDIA,0,Other_Amphibian,0.2490,1506.6,2309.6,1609.7,2411.2
/srv/shared_leopard_toad/2024/02.09.2024/5R/105MEDIA/DSCF0339.JPG,DSCF0339.JPG,5R/105MEDIA,0,Other_Amphibian,0.2037,1506.9,2309.8,1609.4,2411.0
/srv/shared_leopard_toad/2024/02.09.2024/5R/105MEDIA/DSCF0164.JPG,DSCF0164.JPG,5R/105MEDIA,0,Other_Amphibian,0.2629,1507.4,2309.6,1613.3,2411.2
/srv/shared_leopard_toad/2024/02.09.2024/5R/105MEDIA/DSCF0164.JPG,DSCF0164.JPG,5R/105MEDIA,0,Other_Amphibian,0.2001,1507.9,2309.7,1612.9,2411.1
/srv/shared_leopard_toad/2024/02.09.2024/5R/105MEDIA/DSCF0336.JPG,DSCF0336.JPG,5R/105MEDIA,0,Other_Amphibian,0.3586,1505.3,2310.4,1606.4,2410.3
/srv/shared_leopard_toad/2024/02.09.2024/5R/105MEDIA/DSCF0336.JPG,DSCF0336.JPG,5R/105MEDIA,0,Other_Amphibian,0.3333,1506.0,2310.6,1605.8,2410.1
/srv/shared_leopard_toad/2024/02.09.2024/5R/105MEDIA/DSCF0461.JPG,DSCF0461.JPG,5R/105MEDIA,0,Other_Amphibian,0.2145,1509.6,2309.3,1611.1,2411.5
/srv/shared_leopard_toad/2024/02.09.2024/5R/105MEDIA/DSCF0461.JPG,DSCF0461.JPG,5R/105MEDIA,0,Other_Amphibian,0.2108,1509.1,2309.3,1611.6,2411.5
/srv/shared_leopard_toad/2024/02.09.2024/5R/105MEDIA/DSCF0458.JPG,DSCF0458.JPG,5R/105MEDIA,0,Other_Amphibian,0.2866,1508.3,2310.2,1614.7,2410.5
/srv/shared_leopard_toad/2024/02.09.2024/5R/105MEDIA/DSCF0344.JPG,DSCF0344.JPG,5R/105MEDIA,0,Other_Amphibian,0.2903,1505.9,2309.3,1610.4,2411.5
/srv/shared_leopard_toad/2024/02.09.2024/5R/105MEDIA/DSCF0344.JPG,DSCF0344.JPG,5R/105MEDIA,0,Other_Amphibian,0.2063,1506.1,2309.6,1610.2,2411.2
/srv/shared_leopard_toad/2024/02.09.2024/5R/105MEDIA/DSCF0194.JPG,DSCF0194.JPG,5R/105MEDIA,0,Other_Amphibian,0.2563,1506.6,2309.8,1609.7,2411.0
/srv/shared_leopard_toad/2024/02.09.2024/5R/105MEDIA/DSCF0501.JPG,DSCF0501.JPG,5R/105MEDIA,0,Other_Amphibian,0.2161,1507.6,2309.6,1610.9,2411.2
/srv/shared_leopard_toad/2024/02.09.2024/5R/105MEDIA/DSCF0489.JPG,DSCF0489.JPG,5R/105MEDIA,0,Other_Amphibian,0.2654,1507.2,2309.3,1611.3,2411.5
/srv/shared_leopard_toad/2024/02.09.2024/5R/105MEDIA/DSCF0489.JPG,DSCF0489.JPG,5R/105MEDIA,0,Other_Amphibian,0.2040,1508.6,2309.3,1612.1,2411.5
/srv/shared_leopard_toad/2024/02.09.2024/5R/105MEDIA/DSCF0553.JPG,DSCF0553.JPG,5R/105MEDIA,0,Other_Amphibian,0.2383,1509.0,2309.4,1614.0,2411.4
/srv/shared_leopard_toad/2024/02.09.2024/5R/105MEDIA/DSCF0350.JPG,DSCF0350.JPG,5R/105MEDIA,0,Other_Amphibian,0.3342,1505.1,2309.3,1608.9,2411.5
/srv/shared_leopard_toad/2024/02.09.2024/5R/105MEDIA/DSCF0350.JPG,DSCF0350.JPG,5R/105MEDIA,0,Other_Amphibian,0.2397,1506.5,2309.5,1609.8,2411.3
/srv/shared_leopard_toad/2024/02.09.2024/5R/105MEDIA/DSCF0390.JPG,DSCF0390.JPG,5R/105MEDIA,0,Other_Amphibian,0.2595,1508.4,2310.4,1612.3,2410.4
/srv/shared_leopard_toad/2024/02.09.2024/5R/105MEDIA/DSCF0185.JPG,DSCF0185.JPG,5R/105MEDIA,0,Other_Amphibian,0.3120,1505.7,2309.0,1610.6,2411.8
/srv/shared_leopard_toad/2024/02.09.2024/5R/105MEDIA/DSCF0185.JPG,DSCF0185.JPG,5R/105MEDIA,0,Other_Amphibian,0.2058,1505.9,2309.4,1610.4,2411.4
/srv/shared_leopard_toad/2024/02.09.2024/5R/105MEDIA/DSCF0539.JPG,DSCF0539.JPG,5R/105MEDIA,0,Other_Amphibian,0.3962,1508.0,2310.6,1612.7,2410.1
/srv/shared_leopard_toad/2024/02.09.2024/5R/105MEDIA/DSCF0539.JPG,DSCF0539.JPG,5R/105MEDIA,0,Other_Amphibian,0.3362,1508.8,2312.2,1611.9,2411.1
/srv/shared_leopard_toad/2024/02.09.2024/5R/105MEDIA/DSCF0286.JPG,DSCF0286.JPG,5R/105MEDIA,0,Other_Amphibian,0.2410,1509.2,2308.9,1613.8,2411.8
/srv/shared_leopard_toad/2024/02.09.2024/5R/105MEDIA/DSCF0286.JPG,DSCF0286.JPG,5R/105MEDIA,0,Other_Amphibian,0.2352,1508.6,2309.0,1614.4,2411.8
/srv/shared_leopard_toad/2024/02.09.2024/5R/105MEDIA/DSCF0292.JPG,DSCF0292.JPG,5R/105MEDIA,0,Other_Amphibian,0.2449,1508.8,2309.3,1614.2,2411.5
/srv/shared_leopard_toad/2024/02.09.2024/5R/105MEDIA/DSCF0429.JPG,DSCF0429.JPG,5R/105MEDIA,0,Other_Amphibian,0.2568,1508.3,2309.9,1612.4,2410.9
/srv/shared_leopard_toad/2024/02.09.2024/5R/105MEDIA/DSCF0341.JPG,DSCF0341.JPG,5R/105MEDIA,0,Other_Amphibian,0.2561,1505.3,2310.0,1611.0,2410.8
/srv/shared_leopard_toad/2024/02.09.2024/5R/105MEDIA/DSCF0341.JPG,DSCF0341.JPG,5R/105MEDIA,0,Other_Amphibian,0.2556,1504.7,2309.8,1611.6,2411.0
/srv/shared_leopard_toad/2024/02.09.2024/5R/105MEDIA/DSCF0304.JPG,DSCF0304.JPG,5R/105MEDIA,0,Other_Amphibian,0.3467,1505.6,2310.8,1608.4,2409.9
/srv/shared_leopard_toad/2024/02.09.2024/5R/105MEDIA/DSCF0304.JPG,DSCF0304.JPG,5R/105MEDIA,0,Other_Amphibian,0.2081,1506.8,2311.3,1609.5,2409.5
/srv/shared_leopard_toad/2024/02.09.2024/5R/105MEDIA/DSCF0507.JPG,DSCF0507.JPG,5R/105MEDIA,0,Other_Amphibian,0.3750,1506.2,2309.7,1610.1,2411.1
/srv/shared_leopard_toad/2024/02.09.2024/5R/105MEDIA/DSCF0507.JPG,DSCF0507.JPG,5R/105MEDIA,0,Other_Amphibian,0.2490,1506.9,2310.0,1609.4,2410.8
/srv/shared_leopard_toad/2024/02.09.2024/5R/105MEDIA/DSCF0574.JPG,DSCF0574.JPG,5R/105MEDIA,0,Other_Amphibian,0.3818,1507.2,2310.4,1613.5,2410.4
/srv/shared_leopard_toad/2024/02.09.2024/5R/105MEDIA/DSCF0574.JPG,DSCF0574.JPG,5R/105MEDIA,0,Other_Amphibian,0.2463,1508.1,2310.8,1612.6,2409.9
/srv/shared_leopard_toad/2024/02.09.2024/5R/105MEDIA/DSCF0207.JPG,DSCF0207.JPG,5R/105MEDIA,0,Other_Amphibian,0.3582,1507.2,2309.5,1609.1,2411.3
/srv/shared_leopard_toad/2024/02.09.2024/5R/105MEDIA/DSCF0207.JPG,DSCF0207.JPG,5R/105MEDIA,0,Other_Amphibian,0.3398,1508.5,2309.2,1612.2,2411.6
/srv/shared_leopard_toad/2024/02.09.2024/5R/105MEDIA/DSCF0393.JPG,DSCF0393.JPG,5R/105MEDIA,0,Other_Amphibian,0.4573,1506.0,2309.5,1608.0,2411.3
/srv/shared_leopard_toad/2024/02.09.2024/5R/105MEDIA/DSCF0393.JPG,DSCF0393.JPG,5R/105MEDIA,0,Other_Amphibian,0.2986,1505.0,2309.4,1609.0,2411.4
/srv/shared_leopard_toad/2024/02.09.2024/5R/105MEDIA/DSCF0403.JPG,DSCF0403.JPG,5R/105MEDIA,0,Other_Amphibian,0.2255,1505.4,2309.4,1610.9,2411.4
/srv/shared_leopard_toad/2024/02.09.2024/5R/105MEDIA/DSCF0403.JPG,DSCF0403.JPG,5R/105MEDIA,0,Other_Amphibian,0.2094,1506.3,2309.6,1610.0,2411.2
/srv/shared_leopard_toad/2024/02.09.2024/5R/105MEDIA/DSCF0490.JPG,DSCF0490.JPG,5R/105MEDIA,0,Other_Amphibian,0.2091,1507.4,2309.5,1608.9,2411.3
/srv/shared_leopard_toad/2024/02.09.2024/5R/105MEDIA/DSCF0394.JPG,DSCF0394.JPG,5R/105MEDIA,0,Other_Amphibian,0.3098,1506.9,2309.8,1609.4,2411.0
/srv/shared_leopard_toad/2024/02.09.2024/5R/105MEDIA/DSCF0759.JPG,DSCF0759.JPG,5R/105MEDIA,0,Other_Amphibian,0.2448,1508.8,2327.5,1618.7,2411.0
/srv/shared_leopard_toad/2024/02.09.2024/5R/105MEDIA/DSCF0476.JPG,DSCF0476.JPG,5R/105MEDIA,0,Other_Amphibian,0.2135,1506.8,2309.1,1611.7,2411.6
/srv/shared_leopard_toad/2024/02.09.2024/5R/105MEDIA/DSCF0146.JPG,DSCF0146.JPG,5R/105MEDIA,0,Other_Amphibian,0.2771,1505.6,2310.2,1608.4,2410.6
/srv/shared_leopard_toad/2024/02.09.2024/5R/105MEDIA/DSCF0566.JPG,DSCF0566.JPG,5R/105MEDIA,0,Other_Amphibian,0.4624,1507.2,2309.9,1613.5,2410.9
/srv/shared_leopard_toad/2024/02.09.2024/5R/105MEDIA/DSCF0566.JPG,DSCF0566.JPG,5R/105MEDIA,0,Other_Amphibian,0.2374,1507.7,2311.6,1613.0,2411.7
/srv/shared_leopard_toad/2024/02.09.2024/5R/105MEDIA/DSCF0559.JPG,DSCF0559.JPG,5R/105MEDIA,0,Other_Amphibian,0.3584,1509.6,2309.3,1613.4,2411.5
/srv/shared_leopard_toad/2024/02.09.2024/5R/105MEDIA/DSCF0445.JPG,DSCF0445.JPG,5R/105MEDIA,0,Other_Amphibian,0.4150,1508.3,2309.9,1612.4,2410.9
/srv/shared_leopard_toad/2024/02.09.2024/5R/105MEDIA/DSCF0445.JPG,DSCF0445.JPG,5R/105MEDIA,0,Other_Amphibian,0.2053,1508.6,2310.2,1612.1,2410.5
/srv/shared_leopard_toad/2024/02.09.2024/5R/105MEDIA/DSCF0368.JPG,DSCF0368.JPG,5R/105MEDIA,0,Other_Amphibian,0.2632,1508.1,2309.8,1614.9,2411.0
/srv/shared_leopard_toad/2024/02.09.2024/5R/105MEDIA/DSCF0439.JPG,DSCF0439.JPG,5R/105MEDIA,0,Other_Amphibian,0.2135,1505.5,2310.0,1610.8,2410.8
/srv/shared_leopard_toad/2024/02.09.2024/5R/105MEDIA/DSCF0067.JPG,DSCF0067.JPG,5R/105MEDIA,0,Other_Amphibian,0.3284,1507.9,2309.3,1612.8,2411.5
/srv/shared_leopard_toad/2024/02.09.2024/5R/105MEDIA/DSCF0067.JPG,DSCF0067.JPG,5R/105MEDIA,0,Other_Amphibian,0.2776,1504.4,2308.9,1611.9,2411.8
/srv/shared_leopard_toad/2024/02.09.2024/5R/105MEDIA/DSCF0372.JPG,DSCF0372.JPG,5R/105MEDIA,0,Other_Amphibian,0.3137,1506.5,2310.4,1612.0,2410.3
/srv/shared_leopard_toad/2024/02.09.2024/5R/105MEDIA/DSCF0372.JPG,DSCF0372.JPG,5R/105MEDIA,0,Other_Amphibian,0.2224,1508.4,2310.7,1612.3,2410.1
/srv/shared_leopard_toad/2024/02.09.2024/5R/105MEDIA/DSCF0342.JPG,DSCF0342.JPG,5R/105MEDIA,0,Other_Amphibian,0.2147,1507.0,2309.6,1611.5,2411.2
/srv/shared_leopard_toad/2024/02.09.2024/5R/105MEDIA/DSCF0305.JPG,DSCF0305.JPG,5R/105MEDIA,0,Other_Amphibian,0.4189,1506.6,2309.5,1611.9,2411.3
/srv/shared_leopard_toad/2024/02.09.2024/5R/105MEDIA/DSCF0305.JPG,DSCF0305.JPG,5R/105MEDIA,0,Other_Amphibian,0.2480,1508.4,2309.6,1612.3,2411.2
/srv/shared_leopard_toad/2024/02.09.2024/5R/105MEDIA/DSCF0033.JPG,DSCF0033.JPG,5R/105MEDIA,0,Other_Amphibian,0.3035,1505.1,2312.2,1608.9,2411.1
/srv/shared_leopard_toad/2024/02.09.2024/5R/105MEDIA/DSCF0033.JPG,DSCF0033.JPG,5R/105MEDIA,0,Other_Amphibian,0.2294,1504.4,2310.6,1609.6,2410.2
/srv/shared_leopard_toad/2024/02.09.2024/5R/105MEDIA/DSCF0487.JPG,DSCF0487.JPG,5R/105MEDIA,0,Other_Amphibian,0.3203,1508.3,2308.7,1614.7,2412.0
/srv/shared_leopard_toad/2024/02.09.2024/5R/105MEDIA/DSCF0168.JPG,DSCF0168.JPG,5R/105MEDIA,0,Other_Amphibian,0.2698,1506.2,2310.2,1610.1,2410.5
/srv/shared_leopard_toad/2024/02.09.2024/5R/105MEDIA/DSCF0168.JPG,DSCF0168.JPG,5R/105MEDIA,0,Other_Amphibian,0.2344,1507.0,2311.8,1609.3,2411.5
/srv/shared_leopard_toad/2024/02.09.2024/5R/105MEDIA/DSCF0531.JPG,DSCF0531.JPG,5R/105MEDIA,0,Other_Amphibian,0.2473,1508.6,2309.0,1609.9,2411.8
/srv/shared_leopard_toad/2024/02.09.2024/5R/105MEDIA/DSCF0531.JPG,DSCF0531.JPG,5R/105MEDIA,0,Other_Amphibian,0.2051,1508.9,2308.9,1609.6,2411.8
/srv/shared_leopard_toad/2024/02.09.2024/5R/105MEDIA/DSCF0411.JPG,DSCF0411.JPG,5R/105MEDIA,0,Other_Amphibian,0.2747,1505.7,2310.0,1610.6,2410.8
/srv/shared_leopard_toad/2024/02.09.2024/5R/105MEDIA/DSCF0411.JPG,DSCF0411.JPG,5R/105MEDIA,0,Other_Amphibian,0.2363,1504.5,2309.3,1611.8,2411.5
/srv/shared_leopard_toad/2024/02.09.2024/5R/105MEDIA/DSCF0230.JPG,DSCF0230.JPG,5R/105MEDIA,0,Other_Amphibian,0.3669,1508.0,2309.7,1612.7,2411.1
/srv/shared_leopard_toad/2024/02.09.2024/5R/105MEDIA/DSCF0007.JPG,DSCF0007.JPG,5R/105MEDIA,0,Other_Amphibian,0.2085,1506.9,2309.8,1611.6,2411.0
/srv/shared_leopard_toad/2024/02.09.2024/5R/105MEDIA/DSCF0007.JPG,DSCF0007.JPG,5R/105MEDIA,0,Other_Amphibian,0.2074,1507.5,2309.9,1611.0,2410.9
/srv/shared_leopard_toad/2024/02.09.2024/5R/105MEDIA/DSCF0139.JPG,DSCF0139.JPG,5R/105MEDIA,0,Other_Amphibian,0.2239,1506.6,2309.4,1614.1,2411.4
/srv/shared_leopard_toad/2024/02.09.2024/5R/105MEDIA/DSCF0256.JPG,DSCF0256.JPG,5R/105MEDIA,0,Other_Amphibian,0.2144,1506.3,2309.9,1610.0,2410.9
/srv/shared_leopard_toad/2024/02.09.2024/5R/105MEDIA/DSCF0324.JPG,DSCF0324.JPG,5R/105MEDIA,0,Other_Amphibian,0.2263,1507.4,2308.9,1613.3,2411.8
/srv/shared_leopard_toad/2024/02.09.2024/5R/105MEDIA/DSCF0524.JPG,DSCF0524.JPG,5R/105MEDIA,0,Other_Amphibian,0.4529,1509.0,2309.1,1611.7,2411.6
/srv/shared_leopard_toad/2024/02.09.2024/5R/105MEDIA/DSCF0524.JPG,DSCF0524.JPG,5R/105MEDIA,0,Other_Amphibian,0.2766,1509.5,2309.5,1611.2,2411.3
/srv/shared_leopard_toad/2024/02.09.2024/5R/105MEDIA/DSCF0581.JPG,DSCF0581.JPG,5R/105MEDIA,0,Other_Amphibian,0.2018,1506.3,2312.5,1607.7,2410.9
/srv/shared_leopard_toad/2024/02.09.2024/5R/105MEDIA/DSCF0486.JPG,DSCF0486.JPG,5R/105MEDIA,0,Other_Amphibian,0.3455,1504.8,2309.7,1606.9,2411.1
/srv/shared_leopard_toad/2024/02.09.2024/5R/105MEDIA/DSCF0486.JPG,DSCF0486.JPG,5R/105MEDIA,0,Other_Amphibian,0.2566,1505.0,2308.5,1606.7,2409.8
/srv/shared_leopard_toad/2024/02.09.2024/5R/105MEDIA/DSCF0526.JPG,DSCF0526.JPG,5R/105MEDIA,0,Other_Amphibian,0.4529,1506.8,2310.1,1609.5,2410.7
/srv/shared_leopard_toad/2024/02.09.2024/5R/105MEDIA/DSCF0526.JPG,DSCF0526.JPG,5R/105MEDIA,0,Other_Amphibian,0.2347,1506.0,2310.4,1608.0,2410.3
/srv/shared_leopard_toad/2024/02.09.2024/5R/105MEDIA/DSCF0380.JPG,DSCF0380.JPG,5R/105MEDIA,0,Other_Amphibian,0.2229,1507.1,2309.2,1611.4,2411.6
/srv/shared_leopard_toad/2024/02.09.2024/5R/105MEDIA/DSCF0568.JPG,DSCF0568.JPG,5R/105MEDIA,0,Other_Amphibian,0.2661,1506.5,2309.9,1609.8,2410.9
/srv/shared_leopard_toad/2024/02.09.2024/5R/105MEDIA/DSCF0568.JPG,DSCF0568.JPG,5R/105MEDIA,0,Other_Amphibian,0.2098,1507.0,2310.1,1609.3,2410.7
/srv/shared_leopard_toad/2024/02.09.2024/5R/105MEDIA/DSCF0409.JPG,DSCF0409.JPG,5R/105MEDIA,0,Other_Amphibian,0.2330,1507.7,2311.1,1613.0,2412.2
/srv/shared_leopard_toad/2024/02.09.2024/5R/105MEDIA/DSCF0409.JPG,DSCF0409.JPG,5R/105MEDIA,0,Other_Amphibian,0.2266,1507.5,2311.0,1615.5,2412.4
/srv/shared_leopard_toad/2024/02.09.2024/5R/105MEDIA/DSCF0343.JPG,DSCF0343.JPG,5R/105MEDIA,0,Other_Amphibian,0.3650,1508.9,2309.5,1611.8,2411.3
/srv/shared_leopard_toad/2024/02.09.2024/5R/105MEDIA/DSCF0343.JPG,DSCF0343.JPG,5R/105MEDIA,0,Other_Amphibian,0.2032,1509.5,2310.0,1611.2,2410.8
/srv/shared_leopard_toad/2024/02.09.2024/5R/105MEDIA/DSCF0572.JPG,DSCF0572.JPG,5R/105MEDIA,0,Other_Amphibian,0.2428,1508.7,2310.0,1612.0,2410.8
/srv/shared_leopard_toad/2024/02.09.2024/5R/105MEDIA/DSCF0301.JPG,DSCF0301.JPG,5R/105MEDIA,0,Other_Amphibian,0.3240,1507.1,2310.0,1611.4,2410.8
/srv/shared_leopard_toad/2024/02.09.2024/5R/105MEDIA/DSCF0184.JPG,DSCF0184.JPG,5R/105MEDIA,0,Other_Amphibian,0.2202,1507.4,2309.2,1611.1,2411.6
/srv/shared_leopard_toad/2024/02.09.2024/5R/105MEDIA/DSCF0237.JPG,DSCF0237.JPG,5R/105MEDIA,0,Other_Amphibian,0.4111,1505.7,2309.0,1612.8,2411.8
/srv/shared_leopard_toad/2024/02.09.2024/5R/105MEDIA/DSCF0373.JPG,DSCF0373.JPG,5R/105MEDIA,0,Other_Amphibian,0.3567,1507.6,2309.1,1608.7,2411.6
/srv/shared_leopard_toad/2024/02.09.2024/5R/105MEDIA/DSCF0118.JPG,DSCF0118.JPG,5R/105MEDIA,0,Other_Amphibian,0.2917,1507.9,2308.6,1615.1,2412.2
/srv/shared_leopard_toad/2024/02.09.2024/5R/105MEDIA/DSCF0580.JPG,DSCF0580.JPG,5R/105MEDIA,0,Other_Amphibian,0.2864,1506.7,2309.5,1614.0,2411.3
/srv/shared_leopard_toad/2024/02.09.2024/5R/105MEDIA/DSCF0580.JPG,DSCF0580.JPG,5R/105MEDIA,0,Other_Amphibian,0.2068,1507.5,2309.9,1613.2,2410.9
/srv/shared_leopard_toad/2024/02.09.2024/5R/105MEDIA/DSCF0143.JPG,DSCF0143.JPG,5R/105MEDIA,0,Other_Amphibian,0.2659,1507.3,2309.9,1611.2,2410.9
/srv/shared_leopard_toad/2024/02.09.2024/5R/105MEDIA/DSCF0308.JPG,DSCF0308.JPG,5R/105MEDIA,0,Other_Amphibian,0.2996,1506.2,2308.7,1610.1,2412.0
/srv/shared_leopard_toad/2024/02.09.2024/5R/105MEDIA/DSCF0308.JPG,DSCF0308.JPG,5R/105MEDIA,0,Other_Amphibian,0.2074,1506.7,2308.7,1609.6,2412.0
/srv/shared_leopard_toad/2024/02.09.2024/5R/105MEDIA/DSCF0433.JPG,DSCF0433.JPG,5R/105MEDIA,0,Other_Amphibian,0.3240,1505.4,2309.4,1608.6,2411.4
/srv/shared_leopard_toad/2024/02.09.2024/5R/105MEDIA/DSCF0433.JPG,DSCF0433.JPG,5R/105MEDIA,0,Other_Amphibian,0.2903,1505.6,2309.0,1610.6,2411.8
/srv/shared_leopard_toad/2024/02.09.2024/5R/105MEDIA/DSCF0312.JPG,DSCF0312.JPG,5R/105MEDIA,0,Other_Amphibian,0.2063,1507.5,2310.2,1611.0,2410.5
/srv/shared_leopard_toad/2024/02.09.2024/5R/105MEDIA/DSCF0426.JPG,DSCF0426.JPG,5R/105MEDIA,0,Other_Amphibian,0.3296,1506.3,2309.1,1610.0,2411.6
/srv/shared_leopard_toad/2024/02.09.2024/5R/105MEDIA/DSCF0534.JPG,DSCF0534.JPG,5R/105MEDIA,0,Other_Amphibian,0.2859,1507.1,2309.6,1615.9,2411.2
/srv/shared_leopard_toad/2024/02.09.2024/5R/105MEDIA/DSCF0041.JPG,DSCF0041.JPG,5R/105MEDIA,0,Other_Amphibian,0.2852,1509.2,2309.1,1611.5,2411.6
/srv/shared_leopard_toad/2024/02.09.2024/5R/105MEDIA/DSCF0041.JPG,DSCF0041.JPG,5R/105MEDIA,0,Other_Amphibian,0.2449,1510.1,2309.5,1610.6,2411.3
/srv/shared_leopard_toad/2024/02.09.2024/5R/105MEDIA/DSCF0254.JPG,DSCF0254.JPG,5R/105MEDIA,0,Other_Amphibian,0.2229,1507.1,2309.5,1611.4,2411.3
/srv/shared_leopard_toad/2024/02.09.2024/5R/105MEDIA/DSCF0509.JPG,DSCF0509.JPG,5R/105MEDIA,0,Other_Amphibian,0.2260,1507.5,2310.5,1613.2,2412.8
/srv/shared_leopard_toad/2024/02.09.2024/5R/105MEDIA/DSCF0732.JPG,DSCF0732.JPG,5R/105MEDIA,0,Other_Amphibian,0.2024,1504.3,2329.1,1612.0,2411.9
/srv/shared_leopard_toad/2024/02.09.2024/5R/105MEDIA/DSCF0732.JPG,DSCF0732.JPG,5R/105MEDIA,0,Other_Amphibian,0.2015,1505.1,2327.4,1611.2,2411.1
/srv/shared_leopard_toad/2024/02.09.2024/5R/105MEDIA/DSCF0925.JPG,DSCF0925.JPG,5R/105MEDIA,0,Other_Amphibian,0.3123,1503.4,2327.8,1615.1,2410.7
/srv/shared_leopard_toad/2024/02.09.2024/5R/105MEDIA/DSCF0925.JPG,DSCF0925.JPG,5R/105MEDIA,0,Other_Amphibian,0.2520,1505.8,2327.5,1615.0,2411.0
/srv/shared_leopard_toad/2024/02.09.2024/5R/105MEDIA/DSCF0419.JPG,DSCF0419.JPG,5R/105MEDIA,0,Other_Amphibian,0.2220,1507.9,2308.9,1612.9,2411.8
/srv/shared_leopard_toad/2024/02.09.2024/5R/105MEDIA/DSCF0008.JPG,DSCF0008.JPG,5R/105MEDIA,0,Other_Amphibian,0.2903,1508.1,2309.6,1612.6,2411.2
/srv/shared_leopard_toad/2024/02.09.2024/5R/105MEDIA/DSCF0008.JPG,DSCF0008.JPG,5R/105MEDIA,0,Other_Amphibian,0.2474,1507.7,2311.1,1610.8,2412.2
/srv/shared_leopard_toad/2024/02.09.2024/5R/105MEDIA/DSCF0564.JPG,DSCF0564.JPG,5R/105MEDIA,0,Other_Amphibian,0.4961,1506.8,2310.2,1609.5,2410.6
/srv/shared_leopard_toad/2024/02.09.2024/5R/105MEDIA/DSCF0564.JPG,DSCF0564.JPG,5R/105MEDIA,0,Other_Amphibian,0.4399,1507.5,2310.4,1608.8,2410.4
/srv/shared_leopard_toad/2024/02.09.2024/5R/105MEDIA/DSCF0303.JPG,DSCF0303.JPG,5R/105MEDIA,0,Other_Amphibian,0.2368,1507.2,2309.8,1609.1,2411.0
/srv/shared_leopard_toad/2024/02.09.2024/5R/105MEDIA/DSCF0303.JPG,DSCF0303.JPG,5R/105MEDIA,0,Other_Amphibian,0.2109,1509.0,2310.1,1609.5,2410.7
/srv/shared_leopard_toad/2024/02.09.2024/5R/105MEDIA/DSCF0155.JPG,DSCF0155.JPG,5R/105MEDIA,0,Other_Amphibian,0.2249,1507.1,2309.2,1609.2,2411.6
/srv/shared_leopard_toad/2024/02.09.2024/5R/105MEDIA/DSCF0155.JPG,DSCF0155.JPG,5R/105MEDIA,0,Other_Amphibian,0.2089,1506.4,2309.2,1609.9,2411.6
/srv/shared_leopard_toad/2024/02.09.2024/5R/105MEDIA/DSCF0220.JPG,DSCF0220.JPG,5R/105MEDIA,0,Other_Amphibian,0.5679,1506.5,2309.6,1609.8,2411.2
/srv/shared_leopard_toad/2024/02.09.2024/5R/105MEDIA/DSCF0220.JPG,DSCF0220.JPG,5R/105MEDIA,0,Other_Amphibian,0.3977,1508.3,2309.9,1610.2,2410.9
/srv/shared_leopard_toad/2024/02.09.2024/5R/105MEDIA/DSCF0515.JPG,DSCF0515.JPG,5R/105MEDIA,0,Other_Amphibian,0.2179,1506.3,2310.7,1612.2,2410.1
/srv/shared_leopard_toad/2024/02.09.2024/5R/105MEDIA/DSCF0006.JPG,DSCF0006.JPG,5R/105MEDIA,0,Other_Amphibian,0.3115,1505.9,2310.6,1610.4,2410.1
/srv/shared_leopard_toad/2024/02.09.2024/5R/105MEDIA/DSCF0006.JPG,DSCF0006.JPG,5R/105MEDIA,0,Other_Amphibian,0.2676,1504.2,2310.2,1609.8,2410.5
/srv/shared_leopard_toad/2024/02.09.2024/5R/105MEDIA/DSCF0508.JPG,DSCF0508.JPG,5R/105MEDIA,0,Other_Amphibian,0.2957,1507.4,2308.9,1613.3,2411.8
/srv/shared_leopard_toad/2024/02.09.2024/5R/105MEDIA/DSCF0508.JPG,DSCF0508.JPG,5R/105MEDIA,0,Other_Amphibian,0.2394,1508.1,2309.1,1612.6,2411.6
/srv/shared_leopard_toad/2024/02.09.2024/5R/105MEDIA/DSCF0451.JPG,DSCF0451.JPG,5R/105MEDIA,0,Other_Amphibian,0.3049,1505.9,2310.1,1610.4,2410.7
/srv/shared_leopard_toad/2024/02.09.2024/5R/105MEDIA/DSCF0451.JPG,DSCF0451.JPG,5R/105MEDIA,0,Other_Amphibian,0.2240,1508.5,2309.0,1612.2,2409.3
/srv/shared_leopard_toad/2024/02.09.2024/5R/105MEDIA/DSCF0532.JPG,DSCF0532.JPG,5R/105MEDIA,0,Other_Amphibian,0.2213,1508.6,2309.5,1612.1,2411.3
/srv/shared_leopard_toad/2024/02.09.2024/5R/105MEDIA/DSCF0532.JPG,DSCF0532.JPG,5R/105MEDIA,0,Other_Amphibian,0.2090,1506.7,2309.6,1611.8,2411.2
/srv/shared_leopard_toad/2024/02.09.2024/5R/105MEDIA/DSCF0057.JPG,DSCF0057.JPG,5R/105MEDIA,0,Other_Amphibian,0.2462,1508.1,2309.1,1610.4,2411.6
/srv/shared_leopard_toad/2024/02.09.2024/5R/105MEDIA/DSCF0057.JPG,DSCF0057.JPG,5R/105MEDIA,0,Other_Amphibian,0.2090,1507.5,2309.0,1608.8,2411.8
/srv/shared_leopard_toad/2024/02.09.2024/5R/105MEDIA/DSCF0165.JPG,DSCF0165.JPG,5R/105MEDIA,0,Other_Amphibian,0.2212,1507.2,2308.9,1611.3,2411.8
/srv/shared_leopard_toad/2024/02.09.2024/5R/105MEDIA/DSCF0165.JPG,DSCF0165.JPG,5R/105MEDIA,0,Other_Amphibian,0.2063,1506.2,2309.1,1610.1,2411.6
/srv/shared_leopard_toad/2024/02.09.2024/5R/105MEDIA/DSCF0258.JPG,DSCF0258.JPG,5R/105MEDIA,0,Other_Amphibian,0.2051,1508.3,2308.9,1614.7,2411.8
/srv/shared_leopard_toad/2024/02.09.2024/5R/105MEDIA/DSCF0346.JPG,DSCF0346.JPG,5R/105MEDIA,0,Other_Amphibian,0.2705,1508.7,2309.5,1612.0,2411.3
/srv/shared_leopard_toad/2024/02.09.2024/5R/105MEDIA/DSCF0346.JPG,DSCF0346.JPG,5R/105MEDIA,0,Other_Amphibian,0.2347,1506.7,2309.5,1611.8,2411.3
/srv/shared_leopard_toad/2024/02.09.2024/5R/105MEDIA/DSCF0152.JPG,DSCF0152.JPG,5R/105MEDIA,0,Other_Amphibian,0.2791,1506.2,2309.6,1612.3,2411.2
/srv/shared_leopard_toad/2024/02.09.2024/5R/105MEDIA/DSCF0405.JPG,DSCF0405.JPG,5R/105MEDIA,0,Other_Amphibian,0.2747,1508.4,2309.5,1614.6,2411.3
/srv/shared_leopard_toad/2024/02.09.2024/5R/105MEDIA/DSCF0405.JPG,DSCF0405.JPG,5R/105MEDIA,0,Other_Amphibian,0.2145,1509.0,2309.8,1614.0,2411.0
/srv/shared_leopard_toad/2024/02.09.2024/5R/105MEDIA/DSCF0036.JPG,DSCF0036.JPG,5R/105MEDIA,0,Other_Amphibian,0.3694,1504.9,2309.1,1609.1,2411.6
/srv/shared_leopard_toad/2024/02.09.2024/5R/105MEDIA/DSCF0036.JPG,DSCF0036.JPG,5R/105MEDIA,0,Other_Amphibian,0.3501,1505.6,2309.5,1608.4,2411.3
/srv/shared_leopard_toad/2024/02.09.2024/5R/105MEDIA/DSCF0052.JPG,DSCF0052.JPG,5R/105MEDIA,0,Other_Amphibian,0.2561,1507.4,2309.9,1611.1,2410.9
/srv/shared_leopard_toad/2024/02.09.2024/5R/105MEDIA/DSCF0189.JPG,DSCF0189.JPG,5R/105MEDIA,0,Other_Amphibian,0.2410,1506.7,2310.1,1609.6,2410.7
/srv/shared_leopard_toad/2024/02.09.2024/5R/105MEDIA/DSCF0189.JPG,DSCF0189.JPG,5R/105MEDIA,0,Other_Amphibian,0.2037,1506.1,2309.8,1610.2,2411.0
/srv/shared_leopard_toad/2024/02.09.2024/5R/105MEDIA/DSCF0171.JPG,DSCF0171.JPG,5R/105MEDIA,0,Other_Amphibian,0.2307,1506.6,2310.7,1609.7,2410.1
/srv/shared_leopard_toad/2024/02.09.2024/5R/105MEDIA/DSCF0171.JPG,DSCF0171.JPG,5R/105MEDIA,0,Other_Amphibian,0.2091,1506.9,2310.6,1609.4,2410.1
/srv/shared_leopard_toad/2024/02.09.2024/5R/105MEDIA/DSCF0040.JPG,DSCF0040.JPG,5R/105MEDIA,0,Other_Amphibian,0.2134,1507.5,2310.4,1608.8,2410.3
/srv/shared_leopard_toad/2024/02.09.2024/5R/105MEDIA/DSCF0040.JPG,DSCF0040.JPG,5R/105MEDIA,0,Other_Amphibian,0.2047,1507.9,2310.6,1608.4,2410.1
/srv/shared_leopard_toad/2024/02.09.2024/5R/105MEDIA/DSCF0288.JPG,DSCF0288.JPG,5R/105MEDIA,0,Other_Amphibian,0.2064,1507.7,2309.6,1613.0,2411.2
/srv/shared_leopard_toad/2024/02.09.2024/5R/105MEDIA/DSCF0264.JPG,DSCF0264.JPG,5R/105MEDIA,0,Other_Amphibian,0.2629,1509.3,2310.0,1611.4,2410.8
/srv/shared_leopard_toad/2024/02.09.2024/5R/105MEDIA/DSCF0264.JPG,DSCF0264.JPG,5R/105MEDIA,0,Other_Amphibian,0.2549,1508.0,2309.5,1612.7,2411.3
/srv/shared_leopard_toad/2024/02.09.2024/5R/105MEDIA/DSCF0145.JPG,DSCF0145.JPG,5R/105MEDIA,0,Other_Amphibian,0.2058,1507.0,2309.1,1611.5,2411.6
/srv/shared_leopard_toad/2024/02.09.2024/5R/105MEDIA/DSCF0284.JPG,DSCF0284.JPG,5R/105MEDIA,0,Other_Amphibian,0.3379,1507.6,2309.3,1613.1,2411.5
/srv/shared_leopard_toad/2024/02.09.2024/5R/105MEDIA/DSCF0284.JPG,DSCF0284.JPG,5R/105MEDIA,0,Other_Amphibian,0.3325,1508.2,2309.3,1612.5,2411.5
/srv/shared_leopard_toad/2024/02.09.2024/5R/105MEDIA/DSCF0271.JPG,DSCF0271.JPG,5R/105MEDIA,0,Other_Amphibian,0.2732,1507.2,2309.7,1611.3,2411.1
/srv/shared_leopard_toad/2024/02.09.2024/5R/105MEDIA/DSCF0271.JPG,DSCF0271.JPG,5R/105MEDIA,0,Other_Amphibian,0.2028,1508.7,2309.7,1612.0,2411.1
/srv/shared_leopard_toad/2024/02.09.2024/5R/105MEDIA/DSCF0295.JPG,DSCF0295.JPG,5R/105MEDIA,0,Other_Amphibian,0.3206,1506.2,2310.4,1610.1,2410.3
/srv/shared_leopard_toad/2024/02.09.2024/5R/105MEDIA/DSCF0053.JPG,DSCF0053.JPG,5R/105MEDIA,0,Other_Amphibian,0.2410,1507.0,2309.8,1611.5,2411.0
/srv/shared_leopard_toad/2024/02.09.2024/5R/105MEDIA/DSCF0384.JPG,DSCF0384.JPG,5R/105MEDIA,0,Other_Amphibian,0.3115,1507.1,2309.6,1613.6,2411.2
/srv/shared_leopard_toad/2024/02.09.2024/5R/105MEDIA/DSCF0384.JPG,DSCF0384.JPG,5R/105MEDIA,0,Other_Amphibian,0.3020,1506.3,2309.5,1614.4,2411.3
/srv/shared_leopard_toad/2024/02.09.2024/5R/105MEDIA/DSCF0502.JPG,DSCF0502.JPG,5R/105MEDIA,0,Other_Amphibian,0.3647,1508.4,2310.4,1612.3,2410.3
/srv/shared_leopard_toad/2024/02.09.2024/5R/105MEDIA/DSCF0320.JPG,DSCF0320.JPG,5R/105MEDIA,0,Other_Amphibian,0.2139,1506.3,2310.2,1607.7,2410.5
/srv/shared_leopard_toad/2024/02.09.2024/5R/105MEDIA/DSCF0479.JPG,DSCF0479.JPG,5R/105MEDIA,0,Other_Amphibian,0.2920,1508.9,2310.0,1611.8,2410.8
/srv/shared_leopard_toad/2024/02.09.2024/5R/105MEDIA/DSCF0479.JPG,DSCF0479.JPG,5R/105MEDIA,0,Other_Amphibian,0.2678,1507.9,2309.7,1612.8,2411.1
/srv/shared_leopard_toad/2024/02.09.2024/5R/105MEDIA/DSCF0247.JPG,DSCF0247.JPG,5R/105MEDIA,0,Other_Amphibian,0.2220,1508.4,2311.8,1610.1,2411.5
/srv/shared_leopard_toad/2024/02.09.2024/5R/105MEDIA/DSCF0307.JPG,DSCF0307.JPG,5R/105MEDIA,0,Other_Amphibian,0.2394,1506.6,2310.2,1609.7,2410.6
/srv/shared_leopard_toad/2024/02.09.2024/5R/105MEDIA/DSCF0307.JPG,DSCF0307.JPG,5R/105MEDIA,0,Other_Amphibian,0.2115,1507.1,2310.6,1609.2,2410.2
/srv/shared_leopard_toad/2024/02.09.2024/5R/105MEDIA/DSCF0268.JPG,DSCF0268.JPG,5R/105MEDIA,0,Other_Amphibian,0.2430,1506.5,2309.9,1612.0,2410.9
/srv/shared_leopard_toad/2024/02.09.2024/5R/105MEDIA/DSCF0268.JPG,DSCF0268.JPG,5R/105MEDIA,0,Other_Amphibian,0.2191,1508.1,2310.2,1612.6,2410.5
/srv/shared_leopard_toad/2024/02.09.2024/5R/105MEDIA/DSCF0582.JPG,DSCF0582.JPG,5R/105MEDIA,0,Other_Amphibian,0.4741,1506.9,2310.0,1609.4,2410.8
/srv/shared_leopard_toad/2024/02.09.2024/5R/105MEDIA/DSCF0582.JPG,DSCF0582.JPG,5R/105MEDIA,0,Other_Amphibian,0.3193,1507.3,2310.2,1609.0,2410.5
/srv/shared_leopard_toad/2024/02.09.2024/5R/105MEDIA/DSCF0963.JPG,DSCF0963.JPG,5R/105MEDIA,0,Other_Amphibian,0.2957,1504.2,2326.9,1616.6,2411.6
/srv/shared_leopard_toad/2024/02.09.2024/5R/105MEDIA/DSCF0931.JPG,DSCF0931.JPG,5R/105MEDIA,0,Other_Amphibian,0.2247,1503.6,2328.5,1614.9,2412.5
/srv/shared_leopard_toad/2024/02.09.2024/5R/105MEDIA/DSCF0931.JPG,DSCF0931.JPG,5R/105MEDIA,0,Other_Amphibian,0.2217,1502.2,2328.6,1616.3,2412.4
/srv/shared_leopard_toad/2024/02.09.2024/5R/105MEDIA/DSCF0106.JPG,DSCF0106.JPG,5R/105MEDIA,0,Other_Amphibian,0.3784,1508.2,2310.1,1612.5,2410.7
/srv/shared_leopard_toad/2024/02.09.2024/5R/105MEDIA/DSCF0106.JPG,DSCF0106.JPG,5R/105MEDIA,0,Other_Amphibian,0.3152,1506.1,2309.7,1612.4,2411.1
/srv/shared_leopard_toad/2024/02.09.2024/5R/105MEDIA/DSCF0148.JPG,DSCF0148.JPG,5R/105MEDIA,0,Other_Amphibian,0.3877,1508.8,2310.2,1611.9,2410.6
/srv/shared_leopard_toad/2024/02.09.2024/5R/105MEDIA/DSCF0148.JPG,DSCF0148.JPG,5R/105MEDIA,0,Other_Amphibian,0.2238,1509.1,2310.2,1611.6,2410.6
/srv/shared_leopard_toad/2024/02.09.2024/5R/105MEDIA/DSCF0097.JPG,DSCF0097.JPG,5R/105MEDIA,0,Other_Amphibian,0.2129,1509.0,2308.8,1614.0,2412.0
/srv/shared_leopard_toad/2024/02.09.2024/5R/105MEDIA/DSCF0252.JPG,DSCF0252.JPG,5R/105MEDIA,0,Other_Amphibian,0.2125,1506.0,2309.8,1610.3,2411.0
/srv/shared_leopard_toad/2024/02.09.2024/5R/105MEDIA/DSCF0252.JPG,DSCF0252.JPG,5R/105MEDIA,0,Other_Amphibian,0.2013,1507.0,2310.2,1609.3,2410.5
/srv/shared_leopard_toad/2024/02.09.2024/5R/105MEDIA/DSCF0472.JPG,DSCF0472.JPG,5R/105MEDIA,0,Other_Amphibian,0.2939,1509.0,2310.8,1611.7,2409.9
/srv/shared_leopard_toad/2024/02.09.2024/5R/105MEDIA/DSCF0396.JPG,DSCF0396.JPG,5R/105MEDIA,0,Other_Amphibian,0.2021,1505.8,2309.9,1610.5,2410.9
/srv/shared_leopard_toad/2024/02.09.2024/5R/105MEDIA/DSCF0448.JPG,DSCF0448.JPG,5R/105MEDIA,0,Other_Amphibian,0.2489,1506.3,2310.0,1610.0,2410.8
/srv/shared_leopard_toad/2024/02.09.2024/5R/105MEDIA/DSCF0448.JPG,DSCF0448.JPG,5R/105MEDIA,0,Other_Amphibian,0.2133,1507.1,2310.2,1609.2,2410.5
/srv/shared_leopard_toad/2024/02.09.2024/5R/105MEDIA/DSCF0449.JPG,DSCF0449.JPG,5R/105MEDIA,0,Other_Amphibian,0.2686,1506.4,2309.8,1607.6,2411.0
/srv/shared_leopard_toad/2024/02.09.2024/5R/105MEDIA/DSCF0449.JPG,DSCF0449.JPG,5R/105MEDIA,0,Other_Amphibian,0.2524,1506.8,2309.9,1607.2,2410.9
/srv/shared_leopard_toad/2024/02.09.2024/5R/105MEDIA/DSCF0287.JPG,DSCF0287.JPG,5R/105MEDIA,0,Other_Amphibian,0.2849,1506.7,2309.2,1609.6,2411.6
/srv/shared_leopard_toad/2024/02.09.2024/5R/105MEDIA/DSCF0287.JPG,DSCF0287.JPG,5R/105MEDIA,0,Other_Amphibian,0.2405,1505.6,2309.0,1610.6,2411.8
/srv/shared_leopard_toad/2024/02.09.2024/5R/105MEDIA/DSCF0494.JPG,DSCF0494.JPG,5R/105MEDIA,0,Other_Amphibian,0.2235,1506.0,2310.0,1610.3,2410.8
/srv/shared_leopard_toad/2024/02.09.2024/5R/105MEDIA/DSCF0072.JPG,DSCF0072.JPG,5R/105MEDIA,0,Other_Amphibian,0.3381,1507.5,2309.7,1611.0,2411.1
/srv/shared_leopard_toad/2024/02.09.2024/5R/105MEDIA/DSCF0072.JPG,DSCF0072.JPG,5R/105MEDIA,0,Other_Amphibian,0.2129,1509.1,2309.8,1611.6,2411.0
/srv/shared_leopard_toad/2024/02.09.2024/5R/105MEDIA/DSCF0023.JPG,DSCF0023.JPG,5R/105MEDIA,0,Other_Amphibian,0.2815,1505.6,2308.9,1608.4,2411.8
/srv/shared_leopard_toad/2024/02.09.2024/5R/105MEDIA/DSCF0023.JPG,DSCF0023.JPG,5R/105MEDIA,0,Other_Amphibian,0.2603,1503.9,2308.7,1607.8,2412.0
/srv/shared_leopard_toad/2024/02.09.2024/5R/105MEDIA/DSCF0399.JPG,DSCF0399.JPG,5R/105MEDIA,0,Other_Amphibian,0.3748,1510.3,2310.1,1610.5,2410.7
/srv/shared_leopard_toad/2024/02.09.2024/5R/105MEDIA/DSCF0474.JPG,DSCF0474.JPG,5R/105MEDIA,0,Other_Amphibian,0.2920,1506.3,2309.6,1610.0,2411.2
/srv/shared_leopard_toad/2024/02.09.2024/5R/105MEDIA/DSCF0499.JPG,DSCF0499.JPG,5R/105MEDIA,0,Other_Amphibian,0.2986,1508.6,2309.1,1614.4,2411.6
/srv/shared_leopard_toad/2024/02.09.2024/5R/105MEDIA/DSCF0499.JPG,DSCF0499.JPG,5R/105MEDIA,0,Other_Amphibian,0.2109,1509.0,2309.1,1614.0,2411.6
/srv/shared_leopard_toad/2024/02.09.2024/5R/105MEDIA/DSCF0335.JPG,DSCF0335.JPG,5R/105MEDIA,0,Other_Amphibian,0.5278,1507.9,2307.6,1612.8,2410.7
/srv/shared_leopard_toad/2024/02.09.2024/5R/105MEDIA/DSCF0335.JPG,DSCF0335.JPG,5R/105MEDIA,0,Other_Amphibian,0.2444,1508.1,2307.9,1612.6,2410.4
/srv/shared_leopard_toad/2024/02.09.2024/5R/105MEDIA/DSCF0262.JPG,DSCF0262.JPG,5R/105MEDIA,0,Other_Amphibian,0.3245,1507.9,2309.2,1610.6,2411.6
/srv/shared_leopard_toad/2024/02.09.2024/5R/105MEDIA/DSCF0262.JPG,DSCF0262.JPG,5R/105MEDIA,0,Other_Amphibian,0.2150,1509.4,2308.1,1611.3,2410.1
/srv/shared_leopard_toad/2024/02.09.2024/5R/105MEDIA/DSCF0223.JPG,DSCF0223.JPG,5R/105MEDIA,0,Other_Amphibian,0.2712,1505.5,2310.8,1608.5,2409.9
/srv/shared_leopard_toad/2024/02.09.2024/5R/105MEDIA/DSCF0223.JPG,DSCF0223.JPG,5R/105MEDIA,0,Other_Amphibian,0.2280,1506.0,2311.0,1608.0,2409.8
/srv/shared_leopard_toad/2024/02.09.2024/5R/105MEDIA/DSCF0095.JPG,DSCF0095.JPG,5R/105MEDIA,0,Other_Amphibian,0.2629,1506.8,2309.5,1609.5,2411.3
/srv/shared_leopard_toad/2024/02.09.2024/5R/105MEDIA/DSCF0095.JPG,DSCF0095.JPG,5R/105MEDIA,0,Other_Amphibian,0.2090,1507.4,2309.6,1608.9,2411.2
/srv/shared_leopard_toad/2024/02.09.2024/5R/105MEDIA/DSCF0363.JPG,DSCF0363.JPG,5R/105MEDIA,0,Other_Amphibian,0.3352,1503.9,2309.9,1610.1,2410.9
/srv/shared_leopard_toad/2024/02.09.2024/5R/105MEDIA/DSCF0363.JPG,DSCF0363.JPG,5R/105MEDIA,0,Other_Amphibian,0.3276,1504.5,2309.9,1609.5,2410.9
/srv/shared_leopard_toad/2024/02.09.2024/5R/105MEDIA/DSCF0154.JPG,DSCF0154.JPG,5R/105MEDIA,0,Other_Amphibian,0.2114,1507.2,2309.3,1611.3,2411.5
/srv/shared_leopard_toad/2024/02.09.2024/5R/105MEDIA/DSCF0186.JPG,DSCF0186.JPG,5R/105MEDIA,0,Other_Amphibian,0.2815,1507.8,2309.3,1610.7,2411.5
/srv/shared_leopard_toad/2024/02.09.2024/5R/105MEDIA/DSCF0196.JPG,DSCF0196.JPG,5R/105MEDIA,0,Other_Amphibian,0.2257,1507.2,2308.6,1615.8,2412.2
/srv/shared_leopard_toad/2024/02.09.2024/5R/105MEDIA/DSCF0478.JPG,DSCF0478.JPG,5R/105MEDIA,0,Other_Amphibian,0.2659,1509.1,2310.2,1611.6,2410.5
/srv/shared_leopard_toad/2024/02.09.2024/5R/105MEDIA/DSCF0123.JPG,DSCF0123.JPG,5R/105MEDIA,0,Other_Amphibian,0.2063,1505.6,2309.9,1606.1,2410.9
/srv/shared_leopard_toad/2024/02.09.2024/5R/105MEDIA/DSCF0280.JPG,DSCF0280.JPG,5R/105MEDIA,0,Other_Amphibian,0.3853,1507.3,2311.1,1609.0,2409.7
/srv/shared_leopard_toad/2024/02.09.2024/5R/105MEDIA/DSCF0280.JPG,DSCF0280.JPG,5R/105MEDIA,0,Other_Amphibian,0.2703,1506.1,2311.9,1610.2,2411.4
/srv/shared_leopard_toad/2024/02.09.2024/5R/105MEDIA/DSCF0208.JPG,DSCF0208.JPG,5R/105MEDIA,0,Other_Amphibian,0.2666,1510.1,2309.7,1612.9,2411.1
/srv/shared_leopard_toad/2024/02.09.2024/5R/105MEDIA/DSCF0065.JPG,DSCF0065.JPG,5R/105MEDIA,0,Other_Amphibian,0.2712,1506.5,2310.2,1607.5,2410.6
/srv/shared_leopard_toad/2024/02.09.2024/5R/105MEDIA/DSCF0065.JPG,DSCF0065.JPG,5R/105MEDIA,0,Other_Amphibian,0.2006,1505.4,2309.9,1608.6,2410.9
/srv/shared_leopard_toad/2024/02.09.2024/5R/105MEDIA/DSCF0414.JPG,DSCF0414.JPG,5R/105MEDIA,0,Other_Amphibian,0.5107,1508.5,2309.8,1612.2,2411.0
/srv/shared_leopard_toad/2024/02.09.2024/5R/105MEDIA/DSCF0414.JPG,DSCF0414.JPG,5R/105MEDIA,0,Other_Amphibian,0.2969,1509.1,2310.2,1611.6,2410.6
/srv/shared_leopard_toad/2024/02.09.2024/5R/105MEDIA/DSCF0110.JPG,DSCF0110.JPG,5R/105MEDIA,0,Other_Amphibian,0.4124,1505.9,2309.2,1610.4,2411.6
/srv/shared_leopard_toad/2024/02.09.2024/5R/105MEDIA/DSCF0110.JPG,DSCF0110.JPG,5R/105MEDIA,0,Other_Amphibian,0.2637,1508.7,2309.7,1612.0,2411.1
/srv/shared_leopard_toad/2024/02.09.2024/5R/105MEDIA/DSCF0421.JPG,DSCF0421.JPG,5R/105MEDIA,0,Other_Amphibian,0.3091,1507.3,2310.2,1609.0,2410.6
/srv/shared_leopard_toad/2024/02.09.2024/5R/105MEDIA/DSCF0421.JPG,DSCF0421.JPG,5R/105MEDIA,0,Other_Amphibian,0.2959,1506.7,2309.9,1609.6,2410.9
/srv/shared_leopard_toad/2024/02.09.2024/5R/105MEDIA/DSCF0533.JPG,DSCF0533.JPG,5R/105MEDIA,0,Other_Amphibian,0.3455,1507.9,2309.8,1610.6,2411.0
/srv/shared_leopard_toad/2024/02.09.2024/5R/105MEDIA/DSCF0533.JPG,DSCF0533.JPG,5R/105MEDIA,0,Other_Amphibian,0.2534,1507.2,2309.7,1609.1,2411.1
/srv/shared_leopard_toad/2024/02.09.2024/5R/105MEDIA/DSCF0511.JPG,DSCF0511.JPG,5R/105MEDIA,0,Other_Amphibian,0.3538,1506.3,2306.6,1610.0,2411.6
/srv/shared_leopard_toad/2024/02.09.2024/5R/105MEDIA/DSCF0511.JPG,DSCF0511.JPG,5R/105MEDIA,0,Other_Amphibian,0.3052,1507.0,2306.9,1609.3,2411.4
/srv/shared_leopard_toad/2024/02.09.2024/5R/105MEDIA/DSCF0503.JPG,DSCF0503.JPG,5R/105MEDIA,0,Other_Amphibian,0.3003,1509.1,2310.7,1611.6,2410.1
/srv/shared_leopard_toad/2024/02.09.2024/5R/105MEDIA/DSCF0503.JPG,DSCF0503.JPG,5R/105MEDIA,0,Other_Amphibian,0.2463,1507.5,2311.1,1608.8,2409.7
/srv/shared_leopard_toad/2024/02.09.2024/5R/105MEDIA/DSCF0418.JPG,DSCF0418.JPG,5R/105MEDIA,0,Other_Amphibian,0.3320,1506.0,2309.9,1612.5,2410.9
/srv/shared_leopard_toad/2024/02.09.2024/5R/105MEDIA/DSCF0211.JPG,DSCF0211.JPG,5R/105MEDIA,0,Other_Amphibian,0.2383,1505.5,2310.2,1608.5,2410.6
/srv/shared_leopard_toad/2024/02.09.2024/5R/105MEDIA/DSCF0211.JPG,DSCF0211.JPG,5R/105MEDIA,0,Other_Amphibian,0.2318,1506.1,2310.4,1607.9,2410.4
/srv/shared_leopard_toad/2024/02.09.2024/5R/105MEDIA/DSCF0030.JPG,DSCF0030.JPG,5R/105MEDIA,0,Other_Amphibian,0.2350,1504.9,2310.1,1604.6,2410.7
/srv/shared_leopard_toad/2024/02.09.2024/5R/105MEDIA/DSCF0483.JPG,DSCF0483.JPG,5R/105MEDIA,0,Other_Amphibian,0.3638,1505.5,2310.4,1606.3,2410.4
/srv/shared_leopard_toad/2024/02.09.2024/5R/105MEDIA/DSCF0483.JPG,DSCF0483.JPG,5R/105MEDIA,0,Other_Amphibian,0.2015,1504.3,2310.1,1607.4,2410.7
/srv/shared_leopard_toad/2024/02.09.2024/5R/105MEDIA/DSCF0333.JPG,DSCF0333.JPG,5R/105MEDIA,0,Other_Amphibian,0.3123,1505.6,2308.7,1612.9,2412.0
/srv/shared_leopard_toad/2024/02.09.2024/5R/105MEDIA/DSCF0333.JPG,DSCF0333.JPG,5R/105MEDIA,0,Other_Amphibian,0.2759,1507.5,2308.8,1613.2,2412.0
/srv/shared_leopard_toad/2024/02.09.2024/5R/105MEDIA/DSCF0482.JPG,DSCF0482.JPG,5R/105MEDIA,0,Other_Amphibian,0.2068,1507.9,2308.8,1612.9,2412.0
/srv/shared_leopard_toad/2024/02.09.2024/5R/105MEDIA/DSCF0387.JPG,DSCF0387.JPG,5R/105MEDIA,0,Other_Amphibian,0.2766,1505.8,2310.6,1610.5,2410.2
/srv/shared_leopard_toad/2024/02.09.2024/5R/105MEDIA/DSCF0387.JPG,DSCF0387.JPG,5R/105MEDIA,0,Other_Amphibian,0.2272,1505.0,2310.6,1611.3,2410.2
/srv/shared_leopard_toad/2024/02.09.2024/5R/105MEDIA/DSCF0962.JPG,DSCF0962.JPG,5R/105MEDIA,0,Other_Amphibian,0.5117,1502.8,2328.8,1613.4,2412.2
/srv/shared_leopard_toad/2024/02.09.2024/5R/105MEDIA/DSCF0962.JPG,DSCF0962.JPG,5R/105MEDIA,0,Other_Amphibian,0.2322,1505.7,2328.8,1615.0,2412.3
/srv/shared_leopard_toad/2024/02.09.2024/5R/105MEDIA/DSCF0548.JPG,DSCF0548.JPG,5R/105MEDIA,0,Other_Amphibian,0.2487,1507.5,2309.7,1613.2,2411.1
/srv/shared_leopard_toad/2024/02.09.2024/5R/105MEDIA/DSCF0548.JPG,DSCF0548.JPG,5R/105MEDIA,0,Other_Amphibian,0.2251,1507.2,2310.4,1611.3,2410.4
/srv/shared_leopard_toad/2024/02.09.2024/5R/105MEDIA/DSCF0554.JPG,DSCF0554.JPG,5R/105MEDIA,0,Other_Amphibian,0.2103,1508.0,2310.2,1610.5,2410.5
/srv/shared_leopard_toad/2024/02.09.2024/5R/105MEDIA/DSCF0130.JPG,DSCF0130.JPG,5R/105MEDIA,0,Other_Amphibian,0.2213,1507.4,2309.4,1611.1,2411.4
/srv/shared_leopard_toad/2024/02.09.2024/5R/105MEDIA/DSCF0966.JPG,DSCF0966.JPG,5R/105MEDIA,0,Other_Amphibian,0.3621,1504.5,2326.6,1618.5,2411.9
/srv/shared_leopard_toad/2024/02.09.2024/5R/105MEDIA/DSCF0031.JPG,DSCF0031.JPG,5R/105MEDIA,0,Other_Amphibian,0.4355,1507.4,2310.2,1611.1,2410.6
/srv/shared_leopard_toad/2024/02.09.2024/5R/105MEDIA/DSCF0031.JPG,DSCF0031.JPG,5R/105MEDIA,0,Other_Amphibian,0.3992,1509.3,2310.4,1611.4,2410.3
/srv/shared_leopard_toad/2024/02.09.2024/5R/105MEDIA/DSCF0391.JPG,DSCF0391.JPG,5R/105MEDIA,0,Other_Amphibian,0.2109,1507.9,2309.6,1612.8,2411.2
/srv/shared_leopard_toad/2024/02.09.2024/5R/105MEDIA/DSCF0191.JPG,DSCF0191.JPG,5R/105MEDIA,0,Other_Amphibian,0.2080,1508.1,2310.2,1614.9,2413.1
/srv/shared_leopard_toad/2024/02.09.2024/5R/105MEDIA/DSCF0500.JPG,DSCF0500.JPG,5R/105MEDIA,0,Other_Amphibian,0.4302,1509.6,2310.4,1611.1,2410.4
/srv/shared_leopard_toad/2024/02.09.2024/5R/105MEDIA/DSCF0500.JPG,DSCF0500.JPG,5R/105MEDIA,0,Other_Amphibian,0.3032,1510.2,2311.8,1610.5,2411.5
/srv/shared_leopard_toad/2024/02.09.2024/5R/105MEDIA/DSCF0058.JPG,DSCF0058.JPG,5R/105MEDIA,0,Other_Amphibian,0.2703,1506.6,2309.0,1609.7,2411.8
/srv/shared_leopard_toad/2024/02.09.2024/5R/105MEDIA/DSCF0058.JPG,DSCF0058.JPG,5R/105MEDIA,0,Other_Amphibian,0.2522,1507.1,2309.4,1609.2,2411.4
/srv/shared_leopard_toad/2024/02.09.2024/5R/105MEDIA/DSCF0169.JPG,DSCF0169.JPG,5R/105MEDIA,0,Other_Amphibian,0.3027,1506.1,2310.0,1610.2,2410.8
/srv/shared_leopard_toad/2024/02.09.2024/5R/105MEDIA/DSCF0169.JPG,DSCF0169.JPG,5R/105MEDIA,0,Other_Amphibian,0.2118,1505.0,2309.6,1611.3,2411.2
/srv/shared_leopard_toad/2024/02.09.2024/5R/105MEDIA/DSCF0144.JPG,DSCF0144.JPG,5R/105MEDIA,0,Other_Amphibian,0.2905,1508.8,2309.9,1611.9,2410.9
/srv/shared_leopard_toad/2024/02.09.2024/5R/105MEDIA/DSCF0238.JPG,DSCF0238.JPG,5R/105MEDIA,0,Other_Amphibian,0.2477,1507.7,2312.7,1608.5,2410.7
/srv/shared_leopard_toad/2024/02.09.2024/5R/105MEDIA/DSCF0238.JPG,DSCF0238.JPG,5R/105MEDIA,0,Other_Amphibian,0.2120,1506.5,2311.3,1609.8,2409.5
/srv/shared_leopard_toad/2024/02.09.2024/5R/105MEDIA/DSCF0086.JPG,DSCF0086.JPG,5R/105MEDIA,0,Other_Amphibian,0.3564,1509.2,2309.8,1611.5,2411.0
/srv/shared_leopard_toad/2024/02.09.2024/5R/105MEDIA/DSCF0086.JPG,DSCF0086.JPG,5R/105MEDIA,0,Other_Amphibian,0.2917,1508.0,2309.3,1612.7,2411.5
/srv/shared_leopard_toad/2024/02.09.2024/5R/105MEDIA/DSCF0551.JPG,DSCF0551.JPG,5R/105MEDIA,0,Other_Amphibian,0.2091,1505.9,2310.9,1610.4,2409.9
/srv/shared_leopard_toad/2024/02.09.2024/5R/105MEDIA/DSCF0551.JPG,DSCF0551.JPG,5R/105MEDIA,0,Other_Amphibian,0.2026,1508.9,2310.9,1611.8,2409.9
/srv/shared_leopard_toad/2024/02.09.2024/5R/105MEDIA/DSCF0748.JPG,DSCF0748.JPG,5R/105MEDIA,0,Other_Amphibian,0.2866,1502.7,2327.6,1609.0,2410.9
/srv/shared_leopard_toad/2024/02.09.2024/5R/105MEDIA/DSCF0748.JPG,DSCF0748.JPG,5R/105MEDIA,0,Other_Amphibian,0.2397,1503.0,2327.9,1611.0,2410.6
/srv/shared_leopard_toad/2024/02.09.2024/5R/105MEDIA/DSCF0192.JPG,DSCF0192.JPG,5R/105MEDIA,0,Other_Amphibian,0.3206,1509.3,2309.1,1618.2,2411.6
/srv/shared_leopard_toad/2024/02.09.2024/5R/105MEDIA/DSCF0114.JPG,DSCF0114.JPG,5R/105MEDIA,0,Other_Amphibian,0.2463,1507.7,2311.5,1610.8,2411.8
/srv/shared_leopard_toad/2024/02.09.2024/5R/105MEDIA/DSCF0816.JPG,DSCF0816.JPG,5R/105MEDIA,0,Other_Amphibian,0.2148,1503.9,2327.4,1610.1,2411.1
/srv/shared_leopard_toad/2024/02.09.2024/5R/105MEDIA/DSCF0345.JPG,DSCF0345.JPG,5R/105MEDIA,0,Other_Amphibian,0.3228,1508.7,2308.8,1612.0,2412.0
/srv/shared_leopard_toad/2024/02.09.2024/5R/105MEDIA/DSCF0345.JPG,DSCF0345.JPG,5R/105MEDIA,0,Other_Amphibian,0.2612,1509.6,2308.9,1611.1,2411.8
/srv/shared_leopard_toad/2024/02.09.2024/5R/105MEDIA/DSCF0293.JPG,DSCF0293.JPG,5R/105MEDIA,0,Other_Amphibian,0.2045,1506.6,2308.5,1611.9,2412.2
/srv/shared_leopard_toad/2024/02.09.2024/5R/105MEDIA/DSCF0020.JPG,DSCF0020.JPG,5R/105MEDIA,0,Other_Amphibian,0.4329,1506.0,2309.2,1612.5,2411.6
/srv/shared_leopard_toad/2024/02.09.2024/5R/105MEDIA/DSCF0018.JPG,DSCF0018.JPG,5R/105MEDIA,0,Other_Amphibian,0.2705,1506.4,2310.0,1609.9,2410.8
/srv/shared_leopard_toad/2024/02.09.2024/5R/105MEDIA/DSCF0527.JPG,DSCF0527.JPG,5R/105MEDIA,0,Other_Amphibian,0.3237,1507.3,2309.9,1613.4,2410.9
/srv/shared_leopard_toad/2024/02.09.2024/5R/105MEDIA/DSCF0338.JPG,DSCF0338.JPG,5R/105MEDIA,0,Other_Amphibian,0.2908,1507.6,2308.8,1610.9,2412.0
/srv/shared_leopard_toad/2024/02.09.2024/5R/105MEDIA/DSCF0338.JPG,DSCF0338.JPG,5R/105MEDIA,0,Other_Amphibian,0.2230,1508.1,2309.2,1610.4,2411.6
/srv/shared_leopard_toad/2024/02.09.2024/5R/105MEDIA/DSCF0206.JPG,DSCF0206.JPG,5R/105MEDIA,0,Other_Amphibian,0.2795,1507.9,2309.4,1615.1,2411.4
/srv/shared_leopard_toad/2024/02.09.2024/5R/105MEDIA/DSCF0180.JPG,DSCF0180.JPG,5R/105MEDIA,0,Other_Amphibian,0.2028,1509.5,2309.5,1611.2,2411.3
/srv/shared_leopard_toad/2024/02.09.2024/5R/105MEDIA/DSCF0558.JPG,DSCF0558.JPG,5R/105MEDIA,0,Other_Amphibian,0.2747,1505.6,2309.5,1610.6,2411.3
/srv/shared_leopard_toad/2024/02.09.2024/5R/105MEDIA/DSCF0558.JPG,DSCF0558.JPG,5R/105MEDIA,0,Other_Amphibian,0.2422,1505.7,2309.3,1612.8,2411.5
/srv/shared_leopard_toad/2024/02.09.2024/5R/105MEDIA/DSCF0088.JPG,DSCF0088.JPG,5R/105MEDIA,0,Other_Amphibian,0.2932,1508.7,2309.0,1612.0,2411.8
/srv/shared_leopard_toad/2024/02.09.2024/5R/105MEDIA/DSCF0811.JPG,DSCF0811.JPG,5R/105MEDIA,0,Other_Amphibian,0.2673,1504.8,2327.2,1611.5,2411.3
/srv/shared_leopard_toad/2024/02.09.2024/5R/105MEDIA/DSCF0811.JPG,DSCF0811.JPG,5R/105MEDIA,0,Other_Amphibian,0.2024,1505.6,2327.6,1615.1,2410.9
/srv/shared_leopard_toad/2024/02.09.2024/5R/105MEDIA/DSCF0278.JPG,DSCF0278.JPG,5R/105MEDIA,0,Other_Amphibian,0.2028,1507.5,2311.9,1608.8,2411.4
/srv/shared_leopard_toad/2024/02.09.2024/5R/105MEDIA/DSCF0278.JPG,DSCF0278.JPG,5R/105MEDIA,0,Other_Amphibian,0.2018,1506.5,2310.6,1609.8,2410.1
/srv/shared_leopard_toad/2024/02.09.2024/5R/105MEDIA/DSCF0216.JPG,DSCF0216.JPG,5R/105MEDIA,0,Other_Amphibian,0.2971,1506.7,2311.3,1609.6,2412.0
/srv/shared_leopard_toad/2024/02.09.2024/5R/105MEDIA/DSCF0216.JPG,DSCF0216.JPG,5R/105MEDIA,0,Other_Amphibian,0.2664,1507.4,2311.7,1608.9,2411.6
/srv/shared_leopard_toad/2024/02.09.2024/5R/105MEDIA/DSCF0099.JPG,DSCF0099.JPG,5R/105MEDIA,0,Other_Amphibian,0.3975,1509.1,2309.3,1611.6,2411.5
/srv/shared_leopard_toad/2024/02.09.2024/5R/105MEDIA/DSCF0099.JPG,DSCF0099.JPG,5R/105MEDIA,0,Other_Amphibian,0.2363,1507.1,2309.5,1609.2,2411.3
/srv/shared_leopard_toad/2024/02.09.2024/5R/105MEDIA/DSCF0327.JPG,DSCF0327.JPG,5R/105MEDIA,0,Other_Amphibian,0.3752,1508.9,2309.2,1614.1,2411.6
/srv/shared_leopard_toad/2024/02.09.2024/5R/105MEDIA/DSCF0964.JPG,DSCF0964.JPG,5R/105MEDIA,0,Other_Amphibian,0.3586,1504.7,2327.6,1616.1,2410.9
/srv/shared_leopard_toad/2024/02.09.2024/5R/105MEDIA/DSCF0964.JPG,DSCF0964.JPG,5R/105MEDIA,0,Other_Amphibian,0.2520,1505.8,2327.3,1615.0,2411.2
/srv/shared_leopard_toad/2024/02.09.2024/5R/105MEDIA/DSCF0605.JPG,DSCF0605.JPG,5R/105MEDIA,2,Western_Leopard_Toad,0.2612,3887.2,2345.0,3969.8,2446.6
/srv/shared_leopard_toad/2024/02.09.2024/5R/105MEDIA/DSCF0087.JPG,DSCF0087.JPG,5R/105MEDIA,0,Other_Amphibian,0.2339,1508.3,2309.9,1607.9,2410.9
/srv/shared_leopard_toad/2024/02.09.2024/5R/105MEDIA/DSCF0087.JPG,DSCF0087.JPG,5R/105MEDIA,0,Other_Amphibian,0.2010,1508.6,2309.9,1607.6,2410.9
/srv/shared_leopard_toad/2024/02.09.2024/5R/105MEDIA/DSCF0222.JPG,DSCF0222.JPG,5R/105MEDIA,0,Other_Amphibian,0.2244,1506.5,2309.7,1612.0,2411.1
/srv/shared_leopard_toad/2024/02.09.2024/5R/105MEDIA/DSCF0593.JPG,DSCF0593.JPG,5R/105MEDIA,0,Other_Amphibian,0.3113,3336.3,449.3,3427.2,553.7
/srv/shared_leopard_toad/2024/02.09.2024/5R/105MEDIA/DSCF0588.JPG,DSCF0588.JPG,5R/105MEDIA,0,Other_Amphibian,0.4810,1506.8,2308.3,1613.9,2412.4
/srv/shared_leopard_toad/2024/02.09.2024/5R/105MEDIA/DSCF0724.JPG,DSCF0724.JPG,5R/105MEDIA,0,Other_Amphibian,0.3591,1507.2,2326.8,1613.5,2411.7
/srv/shared_leopard_toad/2024/02.09.2024/5R/105MEDIA/DSCF0724.JPG,DSCF0724.JPG,5R/105MEDIA,0,Other_Amphibian,0.3093,1506.0,2326.9,1614.8,2411.6
/srv/shared_leopard_toad/2024/02.09.2024/5R/105MEDIA/DSCF0025.JPG,DSCF0025.JPG,5R/105MEDIA,0,Other_Amphibian,0.2004,1507.9,2309.5,1615.1,2411.3
/srv/shared_leopard_toad/2024/02.09.2024/5R/105MEDIA/DSCF0381.JPG,DSCF0381.JPG,5R/105MEDIA,0,Other_Amphibian,0.3120,1507.0,2309.9,1609.3,2410.9
/srv/shared_leopard_toad/2024/02.09.2024/5R/105MEDIA/DSCF0381.JPG,DSCF0381.JPG,5R/105MEDIA,0,Other_Amphibian,0.2415,1506.1,2309.5,1610.2,2411.3
/srv/shared_leopard_toad/2024/02.09.2024/5R/105MEDIA/DSCF0365.JPG,DSCF0365.JPG,5R/105MEDIA,0,Other_Amphibian,0.2717,1507.5,2309.2,1613.2,2411.6
/srv/shared_leopard_toad/2024/02.09.2024/5R/105MEDIA/DSCF0365.JPG,DSCF0365.JPG,5R/105MEDIA,0,Other_Amphibian,0.2397,1508.0,2309.3,1612.7,2411.5
/srv/shared_leopard_toad/2024/02.09.2024/5R/105MEDIA/DSCF0538.JPG,DSCF0538.JPG,5R/105MEDIA,0,Other_Amphibian,0.2646,1507.6,2310.4,1610.9,2410.3
/srv/shared_leopard_toad/2024/02.09.2024/5R/105MEDIA/DSCF0538.JPG,DSCF0538.JPG,5R/105MEDIA,0,Other_Amphibian,0.2129,1507.4,2310.6,1613.3,2410.2
/srv/shared_leopard_toad/2024/02.09.2024/5R/105MEDIA/DSCF0824.JPG,DSCF0824.JPG,5R/105MEDIA,0,Other_Amphibian,0.5112,1506.0,2316.4,1617.0,2412.0
/srv/shared_leopard_toad/2024/02.09.2024/5R/105MEDIA/DSCF0133.JPG,DSCF0133.JPG,5R/105MEDIA,0,Other_Amphibian,0.2451,1505.2,2308.4,1613.3,2412.4
/srv/shared_leopard_toad/2024/02.09.2024/5R/105MEDIA/DSCF0133.JPG,DSCF0133.JPG,5R/105MEDIA,0,Other_Amphibian,0.2021,1507.2,2308.7,1613.5,2412.0
/srv/shared_leopard_toad/2024/02.09.2024/5R/105MEDIA/DSCF0181.JPG,DSCF0181.JPG,5R/105MEDIA,0,Other_Amphibian,0.4468,1508.2,2308.8,1612.5,2412.0
/srv/shared_leopard_toad/2024/02.09.2024/5R/105MEDIA/DSCF0181.JPG,DSCF0181.JPG,5R/105MEDIA,0,Other_Amphibian,0.2017,1508.6,2309.2,1612.1,2411.6
/srv/shared_leopard_toad/2024/02.09.2024/5R/105MEDIA/DSCF0209.JPG,DSCF0209.JPG,5R/105MEDIA,0,Other_Amphibian,0.3113,1508.6,2309.4,1612.1,2411.4
/srv/shared_leopard_toad/2024/02.09.2024/5R/105MEDIA/DSCF0209.JPG,DSCF0209.JPG,5R/105MEDIA,0,Other_Amphibian,0.2366,1509.0,2309.6,1611.7,2411.2
/srv/shared_leopard_toad/2024/02.09.2024/5R/105MEDIA/DSCF0550.JPG,DSCF0550.JPG,5R/105MEDIA,0,Other_Amphibian,0.3179,1507.3,2309.7,1611.2,2411.1
/srv/shared_leopard_toad/2024/02.09.2024/5R/105MEDIA/DSCF0550.JPG,DSCF0550.JPG,5R/105MEDIA,0,Other_Amphibian,0.2788,1508.8,2308.4,1611.9,2409.8
/srv/shared_leopard_toad/2024/02.09.2024/5R/105MEDIA/DSCF0076.JPG,DSCF0076.JPG,5R/105MEDIA,0,Other_Amphibian,0.3108,1508.8,2309.8,1611.9,2411.0
/srv/shared_leopard_toad/2024/02.09.2024/5R/105MEDIA/DSCF0240.JPG,DSCF0240.JPG,5R/105MEDIA,0,Other_Amphibian,0.2189,1506.2,2313.5,1607.8,2412.3
/srv/shared_leopard_toad/2024/02.09.2024/5R/105MEDIA/DSCF0302.JPG,DSCF0302.JPG,5R/105MEDIA,0,Other_Amphibian,0.4436,1506.7,2310.6,1607.3,2410.1
/srv/shared_leopard_toad/2024/02.09.2024/5R/105MEDIA/DSCF0302.JPG,DSCF0302.JPG,5R/105MEDIA,0,Other_Amphibian,0.3350,1507.2,2310.7,1606.8,2410.1
/srv/shared_leopard_toad/2024/02.09.2024/5R/105MEDIA/DSCF0232.JPG,DSCF0232.JPG,5R/105MEDIA,0,Other_Amphibian,0.2208,1505.1,2309.9,1611.2,2410.9
/srv/shared_leopard_toad/2024/02.09.2024/5R/105MEDIA/DSCF0232.JPG,DSCF0232.JPG,5R/105MEDIA,0,Other_Amphibian,0.2094,1506.1,2310.2,1610.2,2410.6
/srv/shared_leopard_toad/2024/02.09.2024/5R/105MEDIA/DSCF0377.JPG,DSCF0377.JPG,5R/105MEDIA,0,Other_Amphibian,0.3647,1507.6,2309.4,1608.6,2411.4
/srv/shared_leopard_toad/2024/02.09.2024/5R/105MEDIA/DSCF0377.JPG,DSCF0377.JPG,5R/105MEDIA,0,Other_Amphibian,0.2800,1508.3,2309.7,1607.9,2411.1
/srv/shared_leopard_toad/2024/02.09.2024/5R/105MEDIA/DSCF0048.JPG,DSCF0048.JPG,5R/105MEDIA,0,Other_Amphibian,0.2888,1508.1,2309.9,1612.6,2410.9
/srv/shared_leopard_toad/2024/02.09.2024/5R/105MEDIA/DSCF0048.JPG,DSCF0048.JPG,5R/105MEDIA,0,Other_Amphibian,0.2234,1508.4,2310.2,1612.3,2410.5
/srv/shared_leopard_toad/2024/02.09.2024/5R/105MEDIA/DSCF0267.JPG,DSCF0267.JPG,5R/105MEDIA,0,Other_Amphibian,0.2522,1506.6,2310.6,1609.7,2410.2
/srv/shared_leopard_toad/2024/02.09.2024/5R/105MEDIA/DSCF0267.JPG,DSCF0267.JPG,5R/105MEDIA,0,Other_Amphibian,0.2255,1507.3,2310.6,1609.0,2410.1
/srv/shared_leopard_toad/2024/02.09.2024/5R/105MEDIA/DSCF0319.JPG,DSCF0319.JPG,5R/105MEDIA,0,Other_Amphibian,0.2100,1506.3,2309.7,1607.7,2411.1
/srv/shared_leopard_toad/2024/02.09.2024/5R/105MEDIA/DSCF0150.JPG,DSCF0150.JPG,5R/105MEDIA,0,Other_Amphibian,0.2485,1506.0,2310.8,1608.0,2409.9
/srv/shared_leopard_toad/2024/02.09.2024/5R/105MEDIA/DSCF0323.JPG,DSCF0323.JPG,5R/105MEDIA,0,Other_Amphibian,0.3291,1507.0,2309.6,1611.5,2411.2
/srv/shared_leopard_toad/2024/02.09.2024/5R/105MEDIA/DSCF0323.JPG,DSCF0323.JPG,5R/105MEDIA,0,Other_Amphibian,0.2129,1508.8,2311.0,1611.9,2412.3
/srv/shared_leopard_toad/2024/02.09.2024/5R/105MEDIA/DSCF0013.JPG,DSCF0013.JPG,5R/105MEDIA,0,Other_Amphibian,0.2290,1508.0,2309.8,1615.0,2411.0
/srv/shared_leopard_toad/2024/02.09.2024/5R/105MEDIA/DSCF0108.JPG,DSCF0108.JPG,5R/105MEDIA,0,Other_Amphibian,0.3440,1508.6,2309.6,1614.4,2411.2
/srv/shared_leopard_toad/2024/02.09.2024/5R/105MEDIA/DSCF0108.JPG,DSCF0108.JPG,5R/105MEDIA,0,Other_Amphibian,0.2129,1507.7,2309.6,1613.0,2411.2
/srv/shared_leopard_toad/2024/02.09.2024/5R/105MEDIA/DSCF0277.JPG,DSCF0277.JPG,5R/105MEDIA,0,Other_Amphibian,0.2986,1506.4,2309.8,1612.1,2411.0
/srv/shared_leopard_toad/2024/02.09.2024/5R/105MEDIA/DSCF0277.JPG,DSCF0277.JPG,5R/105MEDIA,0,Other_Amphibian,0.2085,1507.9,2309.8,1612.8,2411.0
/srv/shared_leopard_toad/2024/02.09.2024/5R/105MEDIA/DSCF0153.JPG,DSCF0153.JPG,5R/105MEDIA,0,Other_Amphibian,0.3479,1505.4,2314.1,1608.6,2411.8
/srv/shared_leopard_toad/2024/02.09.2024/5R/105MEDIA/DSCF0542.JPG,DSCF0542.JPG,5R/105MEDIA,0,Other_Amphibian,0.3269,1508.2,2309.6,1612.5,2411.2
/srv/shared_leopard_toad/2024/02.09.2024/5R/105MEDIA/DSCF0542.JPG,DSCF0542.JPG,5R/105MEDIA,0,Other_Amphibian,0.3074,1509.0,2311.2,1611.7,2412.1
/srv/shared_leopard_toad/2024/02.09.2024/5R/105MEDIA/DSCF0469.JPG,DSCF0469.JPG,5R/105MEDIA,0,Other_Amphibian,0.2325,1509.0,2308.9,1614.0,2411.8
/srv/shared_leopard_toad/2024/02.09.2024/5R/105MEDIA/DSCF0961.JPG,DSCF0961.JPG,5R/105MEDIA,0,Other_Amphibian,0.3020,1505.0,2327.0,1609.0,2411.5
/srv/shared_leopard_toad/2024/02.09.2024/5R/105MEDIA/DSCF0961.JPG,DSCF0961.JPG,5R/105MEDIA,0,Other_Amphibian,0.2891,1504.2,2327.1,1609.8,2411.4
/srv/shared_leopard_toad/2024/02.09.2024/5R/105MEDIA/DSCF0961.JPG,DSCF0961.JPG,5R/105MEDIA,0,Other_Amphibian,0.2109,1504.8,2327.1,1609.2,2411.4
/srv/shared_leopard_toad/2024/02.09.2024/5R/105MEDIA/DSCF0214.JPG,DSCF0214.JPG,5R/105MEDIA,0,Other_Amphibian,0.2632,1508.0,2309.9,1610.5,2410.9
/srv/shared_leopard_toad/2024/02.09.2024/5R/105MEDIA/DSCF0398.JPG,DSCF0398.JPG,5R/105MEDIA,0,Other_Amphibian,0.2397,1507.6,2309.6,1615.4,2411.2
/srv/shared_leopard_toad/2024/02.09.2024/5R/105MEDIA/DSCF0398.JPG,DSCF0398.JPG,5R/105MEDIA,0,Other_Amphibian,0.2133,1508.7,2309.7,1614.3,2411.1
/srv/shared_leopard_toad/2024/02.09.2024/5R/105MEDIA/DSCF0205.JPG,DSCF0205.JPG,5R/105MEDIA,0,Other_Amphibian,0.2148,1507.4,2310.0,1615.6,2410.8
/srv/shared_leopard_toad/2024/02.09.2024/5R/105MEDIA/DSCF0540.JPG,DSCF0540.JPG,5R/105MEDIA,0,Other_Amphibian,0.3147,1507.9,2309.5,1612.9,2411.3
/srv/shared_leopard_toad/2024/02.09.2024/5R/105MEDIA/DSCF0540.JPG,DSCF0540.JPG,5R/105MEDIA,0,Other_Amphibian,0.2026,1508.5,2309.8,1612.2,2411.0
/srv/shared_leopard_toad/2024/02.09.2024/5R/105MEDIA/DSCF0112.JPG,DSCF0112.JPG,5R/105MEDIA,0,Other_Amphibian,0.2119,1508.3,2309.8,1614.7,2411.0
/srv/shared_leopard_toad/2024/02.09.2024/5R/105MEDIA/DSCF0584.JPG,DSCF0584.JPG,5R/105MEDIA,0,Other_Amphibian,0.2549,1506.1,2309.8,1607.9,2411.0
/srv/shared_leopard_toad/2024/02.09.2024/5R/105MEDIA/DSCF0586.JPG,DSCF0586.JPG,5R/105MEDIA,0,Other_Amphibian,0.3186,1507.0,2310.2,1613.7,2410.6
/srv/shared_leopard_toad/2024/02.09.2024/5R/105MEDIA/DSCF0586.JPG,DSCF0586.JPG,5R/105MEDIA,0,Other_Amphibian,0.2063,1507.1,2310.4,1613.6,2410.3
/srv/shared_leopard_toad/2024/02.09.2024/5R/105MEDIA/DSCF0555.JPG,DSCF0555.JPG,5R/105MEDIA,0,Other_Amphibian,0.3447,1506.8,2311.4,1609.5,2411.9
/srv/shared_leopard_toad/2024/02.09.2024/5R/105MEDIA/DSCF0555.JPG,DSCF0555.JPG,5R/105MEDIA,0,Other_Amphibian,0.2874,1506.0,2311.0,1610.3,2412.4
/srv/shared_leopard_toad/2024/02.09.2024/5R/105MEDIA/DSCF0163.JPG,DSCF0163.JPG,5R/105MEDIA,0,Other_Amphibian,0.3091,1508.6,2308.9,1614.4,2411.8
/srv/shared_leopard_toad/2024/02.09.2024/5R/105MEDIA/DSCF0587.JPG,DSCF0587.JPG,5R/105MEDIA,0,Other_Amphibian,0.2615,1508.0,2309.8,1615.0,2411.0
/srv/shared_leopard_toad/2024/02.09.2024/5R/105MEDIA/DSCF0863.JPG,DSCF0863.JPG,5R/105MEDIA,0,Other_Amphibian,0.2266,1504.2,2327.2,1607.5,2411.3
/srv/shared_leopard_toad/2024/02.09.2024/5R/105MEDIA/DSCF0128.JPG,DSCF0128.JPG,5R/105MEDIA,0,Other_Amphibian,0.3992,1507.9,2308.4,1612.9,2412.4
/srv/shared_leopard_toad/2024/02.09.2024/5R/105MEDIA/DSCF0128.JPG,DSCF0128.JPG,5R/105MEDIA,0,Other_Amphibian,0.3420,1508.6,2307.4,1612.1,2410.9
/srv/shared_leopard_toad/2024/02.09.2024/5R/105MEDIA/DSCF0389.JPG,DSCF0389.JPG,5R/105MEDIA,0,Other_Amphibian,0.4426,1508.0,2309.3,1612.7,2411.5
/srv/shared_leopard_toad/2024/02.09.2024/5R/105MEDIA/DSCF0389.JPG,DSCF0389.JPG,5R/105MEDIA,0,Other_Amphibian,0.3059,1508.7,2309.5,1612.0,2411.3
/srv/shared_leopard_toad/2024/02.09.2024/5R/105MEDIA/DSCF0379.JPG,DSCF0379.JPG,5R/105MEDIA,0,Other_Amphibian,0.2507,1506.2,2309.5,1612.3,2411.3
/srv/shared_leopard_toad/2024/02.09.2024/5R/105MEDIA/DSCF0011.JPG,DSCF0011.JPG,5R/105MEDIA,0,Other_Amphibian,0.2546,1505.2,2309.3,1608.8,2411.5
/srv/shared_leopard_toad/2024/02.09.2024/5R/105MEDIA/DSCF0570.JPG,DSCF0570.JPG,5R/105MEDIA,0,Other_Amphibian,0.3125,1509.4,2309.5,1613.6,2411.3
/srv/shared_leopard_toad/2024/02.09.2024/5R/105MEDIA/DSCF0073.JPG,DSCF0073.JPG,5R/105MEDIA,0,Other_Amphibian,0.2605,1507.2,2310.4,1609.1,2410.3
/srv/shared_leopard_toad/2024/02.09.2024/5R/105MEDIA/DSCF0073.JPG,DSCF0073.JPG,5R/105MEDIA,0,Other_Amphibian,0.2145,1505.4,2310.0,1608.6,2410.8
/srv/shared_leopard_toad/2024/02.09.2024/5R/105MEDIA/DSCF0183.JPG,DSCF0183.JPG,5R/105MEDIA,0,Other_Amphibian,0.3677,1506.1,2307.7,1610.2,2410.6
/srv/shared_leopard_toad/2024/02.09.2024/5R/105MEDIA/DSCF0183.JPG,DSCF0183.JPG,5R/105MEDIA,0,Other_Amphibian,0.3098,1506.7,2307.9,1609.6,2410.3
/srv/shared_leopard_toad/2024/02.09.2024/5R/105MEDIA/DSCF0289.JPG,DSCF0289.JPG,5R/105MEDIA,0,Other_Amphibian,0.2115,1507.8,2310.2,1610.7,2410.5
/srv/shared_leopard_toad/2024/02.09.2024/5R/105MEDIA/DSCF0440.JPG,DSCF0440.JPG,5R/105MEDIA,0,Other_Amphibian,0.2561,1506.1,2310.6,1607.9,2410.2
/srv/shared_leopard_toad/2024/02.09.2024/5R/105MEDIA/DSCF0075.JPG,DSCF0075.JPG,5R/105MEDIA,0,Other_Amphibian,0.2239,1507.3,2310.6,1613.4,2412.8
/srv/shared_leopard_toad/2024/02.09.2024/5R/105MEDIA/DSCF0571.JPG,DSCF0571.JPG,5R/105MEDIA,0,Other_Amphibian,0.2195,1508.5,2310.0,1612.2,2410.8
/srv/shared_leopard_toad/2024/02.09.2024/5R/105MEDIA/DSCF0375.JPG,DSCF0375.JPG,5R/105MEDIA,0,Other_Amphibian,0.2534,1508.2,2308.5,1610.3,2409.8
/srv/shared_leopard_toad/2024/02.09.2024/5R/105MEDIA/DSCF0375.JPG,DSCF0375.JPG,5R/105MEDIA,0,Other_Amphibian,0.2474,1506.0,2308.2,1610.3,2410.0
/srv/shared_leopard_toad/2024/02.09.2024/5R/105MEDIA/DSCF0929.JPG,DSCF0929.JPG,5R/105MEDIA,0,Other_Amphibian,0.2157,1506.1,2327.4,1614.7,2411.1
/srv/shared_leopard_toad/2024/02.09.2024/5R/105MEDIA/DSCF0316.JPG,DSCF0316.JPG,5R/105MEDIA,0,Other_Amphibian,0.2173,1507.2,2310.7,1613.5,2410.1
/srv/shared_leopard_toad/2024/02.09.2024/5R/105MEDIA/DSCF0245.JPG,DSCF0245.JPG,5R/105MEDIA,0,Other_Amphibian,0.2654,1509.0,2309.8,1611.7,2411.0
/srv/shared_leopard_toad/2024/02.09.2024/5R/105MEDIA/DSCF0245.JPG,DSCF0245.JPG,5R/105MEDIA,0,Other_Amphibian,0.2319,1509.9,2310.2,1610.9,2410.6
/srv/shared_leopard_toad/2024/02.09.2024/5R/105MEDIA/DSCF0492.JPG,DSCF0492.JPG,5R/105MEDIA,0,Other_Amphibian,0.2852,1507.3,2308.9,1615.7,2411.8
/srv/shared_leopard_toad/2024/02.09.2024/5R/105MEDIA/DSCF0492.JPG,DSCF0492.JPG,5R/105MEDIA,0,Other_Amphibian,0.2128,1508.2,2309.3,1614.8,2411.5
/srv/shared_leopard_toad/2024/02.09.2024/5R/105MEDIA/DSCF0530.JPG,DSCF0530.JPG,5R/105MEDIA,0,Other_Amphibian,0.2194,1506.2,2309.6,1610.1,2411.2
/srv/shared_leopard_toad/2024/02.09.2024/5R/105MEDIA/DSCF0126.JPG,DSCF0126.JPG,5R/105MEDIA,0,Other_Amphibian,0.2703,1508.2,2310.1,1614.8,2410.7
/srv/shared_leopard_toad/2024/02.09.2024/5R/105MEDIA/DSCF0456.JPG,DSCF0456.JPG,5R/105MEDIA,0,Other_Amphibian,0.2135,1506.5,2309.7,1607.5,2411.1
/srv/shared_leopard_toad/2024/02.09.2024/5R/105MEDIA/DSCF0456.JPG,DSCF0456.JPG,5R/105MEDIA,0,Other_Amphibian,0.2017,1506.9,2309.3,1609.4,2411.5
/srv/shared_leopard_toad/2024/02.09.2024/5R/105MEDIA/DSCF0199.JPG,DSCF0199.JPG,5R/105MEDIA,0,Other_Amphibian,0.2007,1506.1,2310.2,1610.2,2410.5
/srv/shared_leopard_toad/2024/02.09.2024/5R/105MEDIA/DSCF0281.JPG,DSCF0281.JPG,5R/105MEDIA,0,Other_Amphibian,0.2295,1507.7,2309.4,1610.8,2411.4
/srv/shared_leopard_toad/2024/02.09.2024/5R/105MEDIA/DSCF0120.JPG,DSCF0120.JPG,5R/105MEDIA,0,Other_Amphibian,0.2507,1505.9,2309.7,1605.9,2411.1
/srv/shared_leopard_toad/2024/02.09.2024/5R/105MEDIA/DSCF0120.JPG,DSCF0120.JPG,5R/105MEDIA,0,Other_Amphibian,0.2338,1505.3,2309.3,1606.4,2411.5
/srv/shared_leopard_toad/2024/02.09.2024/5R/105MEDIA/DSCF0255.JPG,DSCF0255.JPG,5R/105MEDIA,0,Other_Amphibian,0.4045,12.5,782.1,158.8,934.1
/srv/shared_leopard_toad/2024/02.09.2024/5R/105MEDIA/DSCF0255.JPG,DSCF0255.JPG,5R/105MEDIA,0,Other_Amphibian,0.2629,1505.8,2310.0,1610.5,2410.8
/srv/shared_leopard_toad/2024/02.09.2024/5R/105MEDIA/DSCF0255.JPG,DSCF0255.JPG,5R/105MEDIA,0,Other_Amphibian,0.2366,1506.5,2310.2,1609.8,2410.6
/srv/shared_leopard_toad/2024/02.09.2024/5R/105MEDIA/DSCF0477.JPG,DSCF0477.JPG,5R/105MEDIA,0,Other_Amphibian,0.3335,1508.0,2311.0,1608.3,2412.3
/srv/shared_leopard_toad/2024/02.09.2024/5R/105MEDIA/DSCF0477.JPG,DSCF0477.JPG,5R/105MEDIA,0,Other_Amphibian,0.3108,1506.8,2309.4,1609.5,2411.4
/srv/shared_leopard_toad/2024/02.09.2024/5R/105MEDIA/DSCF0166.JPG,DSCF0166.JPG,5R/105MEDIA,0,Other_Amphibian,0.3069,1506.1,2308.7,1614.7,2412.0
/srv/shared_leopard_toad/2024/02.09.2024/5R/105MEDIA/DSCF0166.JPG,DSCF0166.JPG,5R/105MEDIA,0,Other_Amphibian,0.2184,1508.3,2309.2,1614.7,2411.6
/srv/shared_leopard_toad/2024/02.09.2024/5R/105MEDIA/DSCF0441.JPG,DSCF0441.JPG,5R/105MEDIA,0,Other_Amphibian,0.2935,1507.1,2309.9,1609.2,2410.9
/srv/shared_leopard_toad/2024/02.09.2024/5R/105MEDIA/DSCF0441.JPG,DSCF0441.JPG,5R/105MEDIA,0,Other_Amphibian,0.2247,1507.4,2310.4,1608.9,2410.4
/srv/shared_leopard_toad/2024/02.09.2024/5R/105MEDIA/DSCF0475.JPG,DSCF0475.JPG,5R/105MEDIA,0,Other_Amphibian,0.2261,1506.6,2310.2,1609.7,2410.6
/srv/shared_leopard_toad/2024/02.09.2024/5R/105MEDIA/DSCF0475.JPG,DSCF0475.JPG,5R/105MEDIA,0,Other_Amphibian,0.2212,1505.7,2309.7,1610.6,2411.1
/srv/shared_leopard_toad/2024/02.09.2024/5R/105MEDIA/DSCF0219.JPG,DSCF0219.JPG,5R/105MEDIA,0,Other_Amphibian,0.2371,1506.7,2309.8,1611.8,2411.0
/srv/shared_leopard_toad/2024/02.09.2024/5R/105MEDIA/DSCF0480.JPG,DSCF0480.JPG,5R/105MEDIA,0,Other_Amphibian,0.2664,1508.1,2309.7,1610.4,2411.1
/srv/shared_leopard_toad/2024/02.09.2024/5R/105MEDIA/DSCF0480.JPG,DSCF0480.JPG,5R/105MEDIA,0,Other_Amphibian,0.2471,1508.5,2309.4,1612.2,2411.4
/srv/shared_leopard_toad/2024/02.09.2024/5R/105MEDIA/DSCF0330.JPG,DSCF0330.JPG,5R/105MEDIA,0,Other_Amphibian,0.3213,1507.3,2309.5,1613.4,2411.3
/srv/shared_leopard_toad/2024/02.09.2024/5R/105MEDIA/DSCF0330.JPG,DSCF0330.JPG,5R/105MEDIA,0,Other_Amphibian,0.2849,1506.5,2309.4,1614.2,2411.4
/srv/shared_leopard_toad/2024/02.09.2024/5R/105MEDIA/DSCF0428.JPG,DSCF0428.JPG,5R/105MEDIA,0,Other_Amphibian,0.2747,1507.6,2309.0,1613.1,2411.8
/srv/shared_leopard_toad/2024/02.09.2024/5R/105MEDIA/DSCF0296.JPG,DSCF0296.JPG,5R/105MEDIA,0,Other_Amphibian,0.2537,1505.8,2309.6,1610.5,2411.2
/srv/shared_leopard_toad/2024/02.09.2024/5R/105MEDIA/DSCF0427.JPG,DSCF0427.JPG,5R/105MEDIA,0,Other_Amphibian,0.3586,1507.7,2309.5,1613.0,2411.3
/srv/shared_leopard_toad/2024/02.09.2024/5R/105MEDIA/DSCF0427.JPG,DSCF0427.JPG,5R/105MEDIA,0,Other_Amphibian,0.2800,1508.5,2310.9,1612.2,2412.4
/srv/shared_leopard_toad/2024/02.09.2024/5R/105MEDIA/DSCF0046.JPG,DSCF0046.JPG,5R/105MEDIA,0,Other_Amphibian,0.3025,1506.5,2310.0,1609.8,2410.8
/srv/shared_leopard_toad/2024/02.09.2024/5R/105MEDIA/DSCF0046.JPG,DSCF0046.JPG,5R/105MEDIA,0,Other_Amphibian,0.2942,1507.1,2310.4,1609.2,2410.4
/srv/shared_leopard_toad/2024/02.09.2024/5R/105MEDIA/DSCF0071.JPG,DSCF0071.JPG,5R/105MEDIA,0,Other_Amphibian,0.2722,1507.5,2308.6,1613.2,2412.2
/srv/shared_leopard_toad/2024/02.09.2024/5R/105MEDIA/DSCF0071.JPG,DSCF0071.JPG,5R/105MEDIA,0,Other_Amphibian,0.2646,1508.2,2308.9,1612.5,2411.8
/srv/shared_leopard_toad/2024/02.09.2024/5R/105MEDIA/DSCF0028.JPG,DSCF0028.JPG,5R/105MEDIA,0,Other_Amphibian,0.4011,1506.7,2308.9,1611.8,2411.8
/srv/shared_leopard_toad/2024/02.09.2024/5R/105MEDIA/DSCF0028.JPG,DSCF0028.JPG,5R/105MEDIA,0,Other_Amphibian,0.2605,1508.3,2309.4,1612.4,2411.4
/srv/shared_leopard_toad/2024/02.09.2024/5R/105MEDIA/DSCF0080.JPG,DSCF0080.JPG,5R/105MEDIA,0,Other_Amphibian,0.3042,1508.3,2309.2,1612.4,2411.6
/srv/shared_leopard_toad/2024/02.09.2024/5R/105MEDIA/DSCF0080.JPG,DSCF0080.JPG,5R/105MEDIA,0,Other_Amphibian,0.2045,1508.8,2309.4,1611.9,2411.4
/srv/shared_leopard_toad/2024/02.09.2024/5R/105MEDIA/DSCF0032.JPG,DSCF0032.JPG,5R/105MEDIA,0,Other_Amphibian,0.2356,1508.8,2310.2,1611.9,2410.6
/srv/shared_leopard_toad/2024/02.09.2024/5R/105MEDIA/DSCF0032.JPG,DSCF0032.JPG,5R/105MEDIA,0,Other_Amphibian,0.2130,1506.6,2309.8,1611.9,2411.0
/srv/shared_leopard_toad/2024/02.09.2024/5R/105MEDIA/DSCF0306.JPG,DSCF0306.JPG,5R/105MEDIA,0,Other_Amphibian,0.2139,1507.4,2309.8,1611.1,2411.0
/srv/shared_leopard_toad/2024/02.09.2024/5R/105MEDIA/DSCF0306.JPG,DSCF0306.JPG,5R/105MEDIA,0,Other_Amphibian,0.2031,1506.7,2309.9,1611.8,2410.9
/srv/shared_leopard_toad/2024/02.09.2024/5R/105MEDIA/DSCF0498.JPG,DSCF0498.JPG,5R/105MEDIA,0,Other_Amphibian,0.3623,1508.4,2309.8,1612.3,2411.0
/srv/shared_leopard_toad/2024/02.09.2024/5R/105MEDIA/DSCF0212.JPG,DSCF0212.JPG,5R/105MEDIA,0,Other_Amphibian,0.2493,1507.0,2312.1,1609.3,2411.2
/srv/shared_leopard_toad/2024/02.09.2024/5R/105MEDIA/DSCF0960.JPG,DSCF0960.JPG,5R/105MEDIA,0,Other_Amphibian,0.2246,1502.8,2327.2,1611.2,2411.3
/srv/shared_leopard_toad/2024/02.09.2024/5R/105MEDIA/DSCF0960.JPG,DSCF0960.JPG,5R/105MEDIA,0,Other_Amphibian,0.2010,1502.1,2327.9,1611.9,2410.6
/srv/shared_leopard_toad/2024/02.09.2024/5R/105MEDIA/DSCF0102.JPG,DSCF0102.JPG,5R/105MEDIA,0,Other_Amphibian,0.2177,1505.7,2311.0,1610.6,2412.3
/srv/shared_leopard_toad/2024/02.09.2024/5R/105MEDIA/DSCF0102.JPG,DSCF0102.JPG,5R/105MEDIA,0,Other_Amphibian,0.2167,1506.5,2311.3,1609.8,2412.0
/srv/shared_leopard_toad/2024/02.09.2024/5R/105MEDIA/DSCF0413.JPG,DSCF0413.JPG,5R/105MEDIA,0,Other_Amphibian,0.3145,1508.1,2308.8,1612.6,2412.0
/srv/shared_leopard_toad/2024/02.09.2024/5R/105MEDIA/DSCF0413.JPG,DSCF0413.JPG,5R/105MEDIA,0,Other_Amphibian,0.2917,1509.1,2309.0,1611.6,2411.8
/srv/shared_leopard_toad/2024/02.09.2024/5R/105MEDIA/DSCF0438.JPG,DSCF0438.JPG,5R/105MEDIA,0,Other_Amphibian,0.2302,1507.5,2309.9,1608.8,2410.9
/srv/shared_leopard_toad/2024/02.09.2024/5R/105MEDIA/DSCF0453.JPG,DSCF0453.JPG,5R/105MEDIA,0,Other_Amphibian,0.2294,1507.6,2308.9,1610.9,2411.8
/srv/shared_leopard_toad/2024/02.09.2024/5R/105MEDIA/DSCF0291.JPG,DSCF0291.JPG,5R/105MEDIA,0,Other_Amphibian,0.3645,1506.4,2308.6,1609.9,2412.2
/srv/shared_leopard_toad/2024/02.09.2024/5R/105MEDIA/DSCF0291.JPG,DSCF0291.JPG,5R/105MEDIA,0,Other_Amphibian,0.2788,1504.5,2308.3,1609.5,2412.4
/srv/shared_leopard_toad/2024/02.09.2024/5R/105MEDIA/DSCF0021.JPG,DSCF0021.JPG,5R/105MEDIA,0,Other_Amphibian,0.2524,1508.6,2308.5,1612.1,2412.2
/srv/shared_leopard_toad/2024/02.09.2024/5R/105MEDIA/DSCF0227.JPG,DSCF0227.JPG,5R/105MEDIA,0,Other_Amphibian,0.3704,1507.1,2309.7,1609.2,2411.1
/srv/shared_leopard_toad/2024/02.09.2024/5R/105MEDIA/DSCF0227.JPG,DSCF0227.JPG,5R/105MEDIA,0,Other_Amphibian,0.3701,1505.6,2309.6,1608.4,2411.2
/srv/shared_leopard_toad/2024/02.09.2024/5R/105MEDIA/DSCF0397.JPG,DSCF0397.JPG,5R/105MEDIA,0,Other_Amphibian,0.2181,1506.6,2310.6,1609.7,2410.1
/srv/shared_leopard_toad/2024/02.09.2024/5R/105MEDIA/DSCF0334.JPG,DSCF0334.JPG,5R/105MEDIA,0,Other_Amphibian,0.3772,1504.2,2310.2,1607.5,2410.6
/srv/shared_leopard_toad/2024/02.09.2024/5R/105MEDIA/DSCF0334.JPG,DSCF0334.JPG,5R/105MEDIA,0,Other_Amphibian,0.2656,1504.5,2309.9,1609.5,2410.9
/srv/shared_leopard_toad/2024/02.09.2024/5R/105MEDIA/DSCF0122.JPG,DSCF0122.JPG,5R/105MEDIA,0,Other_Amphibian,0.2021,1507.6,2309.0,1613.1,2411.8
/srv/shared_leopard_toad/2024/02.09.2024/5R/105MEDIA/DSCF0294.JPG,DSCF0294.JPG,5R/105MEDIA,0,Other_Amphibian,0.2428,1504.8,2309.7,1611.5,2411.1
/srv/shared_leopard_toad/2024/02.09.2024/5R/105MEDIA/DSCF0294.JPG,DSCF0294.JPG,5R/105MEDIA,0,Other_Amphibian,0.2230,1506.2,2310.0,1610.1,2410.8
/srv/shared_leopard_toad/2024/02.09.2024/5R/105MEDIA/DSCF0276.JPG,DSCF0276.JPG,5R/105MEDIA,0,Other_Amphibian,0.3179,1507.9,2310.1,1610.6,2410.7
/srv/shared_leopard_toad/2024/02.09.2024/5R/105MEDIA/DSCF0415.JPG,DSCF0415.JPG,5R/105MEDIA,0,Other_Amphibian,0.2152,1507.0,2309.8,1609.3,2411.0
/srv/shared_leopard_toad/2024/02.09.2024/5R/105MEDIA/DSCF0142.JPG,DSCF0142.JPG,5R/105MEDIA,0,Other_Amphibian,0.3394,1506.6,2309.3,1609.7,2411.5
/srv/shared_leopard_toad/2024/02.09.2024/5R/105MEDIA/DSCF0179.JPG,DSCF0179.JPG,5R/105MEDIA,0,Other_Amphibian,0.2615,1507.0,2311.0,1611.5,2412.3
/srv/shared_leopard_toad/2024/02.09.2024/5R/105MEDIA/DSCF0179.JPG,DSCF0179.JPG,5R/105MEDIA,0,Other_Amphibian,0.2123,1506.7,2310.8,1614.0,2412.6
/srv/shared_leopard_toad/2024/02.09.2024/5R/105MEDIA/DSCF0575.JPG,DSCF0575.JPG,5R/105MEDIA,0,Other_Amphibian,0.2590,1506.3,2310.4,1610.0,2410.4
/srv/shared_leopard_toad/2024/02.09.2024/5R/105MEDIA/DSCF0575.JPG,DSCF0575.JPG,5R/105MEDIA,0,Other_Amphibian,0.2156,1506.7,2310.6,1609.6,2410.2
/srv/shared_leopard_toad/2024/02.09.2024/5R/105MEDIA/DSCF0066.JPG,DSCF0066.JPG,5R/105MEDIA,0,Other_Amphibian,0.2194,1508.9,2309.2,1614.1,2411.6
/srv/shared_leopard_toad/2024/02.09.2024/5R/105MEDIA/DSCF0066.JPG,DSCF0066.JPG,5R/105MEDIA,0,Other_Amphibian,0.2002,1508.3,2309.5,1612.4,2411.3
/srv/shared_leopard_toad/2024/02.09.2024/5R/105MEDIA/DSCF0160.JPG,DSCF0160.JPG,5R/105MEDIA,0,Other_Amphibian,0.2375,1508.3,2308.8,1614.7,2412.0
/srv/shared_leopard_toad/2024/02.09.2024/5R/105MEDIA/DSCF0005.JPG,DSCF0005.JPG,5R/105MEDIA,0,Other_Amphibian,0.2081,1509.2,2308.5,1613.8,2412.2
/srv/shared_leopard_toad/2024/02.09.2024/5R/105MEDIA/DSCF0452.JPG,DSCF0452.JPG,5R/105MEDIA,0,Other_Amphibian,0.2162,1507.5,2309.0,1611.0,2411.8
/srv/shared_leopard_toad/2024/02.09.2024/5R/105MEDIA/DSCF0467.JPG,DSCF0467.JPG,5R/105MEDIA,0,Other_Amphibian,0.2306,1508.3,2313.2,1612.4,2412.7
/srv/shared_leopard_toad/2024/02.09.2024/5R/105MEDIA/DSCF0467.JPG,DSCF0467.JPG,5R/105MEDIA,0,Other_Amphibian,0.2065,1510.0,2311.9,1613.0,2411.4
/srv/shared_leopard_toad/2024/02.09.2024/5R/105MEDIA/DSCF0162.JPG,DSCF0162.JPG,5R/105MEDIA,0,Other_Amphibian,0.2134,1505.8,2312.1,1608.2,2411.2
/srv/shared_leopard_toad/2024/02.09.2024/5R/105MEDIA/DSCF0957.JPG,DSCF0957.JPG,5R/105MEDIA,0,Other_Amphibian,0.3374,1503.4,2327.0,1612.9,2411.5
/srv/shared_leopard_toad/2024/02.09.2024/5R/105MEDIA/DSCF0957.JPG,DSCF0957.JPG,5R/105MEDIA,0,Other_Amphibian,0.2878,1504.3,2326.7,1612.0,2411.8
/srv/shared_leopard_toad/2024/02.09.2024/5R/105MEDIA/DSCF0496.JPG,DSCF0496.JPG,5R/105MEDIA,0,Other_Amphibian,0.2382,1507.1,2309.2,1611.4,2411.6
/srv/shared_leopard_toad/2024/02.09.2024/5R/105MEDIA/DSCF0035.JPG,DSCF0035.JPG,5R/105MEDIA,0,Other_Amphibian,0.2496,1506.6,2308.5,1611.9,2412.2
/srv/shared_leopard_toad/2024/02.09.2024/5R/105MEDIA/DSCF0269.JPG,DSCF0269.JPG,5R/105MEDIA,0,Other_Amphibian,0.3765,1505.4,2312.0,1610.9,2411.3
/srv/shared_leopard_toad/2024/02.09.2024/5R/105MEDIA/DSCF0269.JPG,DSCF0269.JPG,5R/105MEDIA,0,Other_Amphibian,0.2424,1504.1,2310.2,1612.2,2410.5
/srv/shared_leopard_toad/2024/02.09.2024/5R/105MEDIA/DSCF0434.JPG,DSCF0434.JPG,5R/105MEDIA,0,Other_Amphibian,0.2847,1507.4,2309.5,1608.9,2411.3
/srv/shared_leopard_toad/2024/02.09.2024/5R/105MEDIA/DSCF0434.JPG,DSCF0434.JPG,5R/105MEDIA,0,Other_Amphibian,0.2632,1506.4,2309.3,1609.9,2411.5
/srv/shared_leopard_toad/2024/02.09.2024/5R/105MEDIA/DSCF0159.JPG,DSCF0159.JPG,5R/105MEDIA,0,Other_Amphibian,0.2593,1506.6,2309.8,1607.4,2411.0
/srv/shared_leopard_toad/2024/02.09.2024/5R/105MEDIA/DSCF0159.JPG,DSCF0159.JPG,5R/105MEDIA,0,Other_Amphibian,0.2195,1505.6,2309.6,1608.4,2411.2
/srv/shared_leopard_toad/2024/02.09.2024/5R/105MEDIA/DSCF0313.JPG,DSCF0313.JPG,5R/105MEDIA,0,Other_Amphibian,0.5098,1506.9,2310.2,1609.4,2410.6
/srv/shared_leopard_toad/2024/02.09.2024/5R/105MEDIA/DSCF0313.JPG,DSCF0313.JPG,5R/105MEDIA,0,Other_Amphibian,0.3262,1506.3,2309.8,1610.0,2411.0
/srv/shared_leopard_toad/2024/02.09.2024/5R/105MEDIA/DSCF0424.JPG,DSCF0424.JPG,5R/105MEDIA,0,Other_Amphibian,0.2421,1508.3,2309.7,1610.2,2411.1
/srv/shared_leopard_toad/2024/02.09.2024/5R/105MEDIA/DSCF0161.JPG,DSCF0161.JPG,5R/105MEDIA,0,Other_Amphibian,0.2466,1508.3,2309.4,1614.7,2411.4
/srv/shared_leopard_toad/2024/02.09.2024/5R/105MEDIA/DSCF0002.JPG,DSCF0002.JPG,5R/105MEDIA,0,Other_Amphibian,0.2781,1506.7,2310.1,1607.3,2410.7
/srv/shared_leopard_toad/2024/02.09.2024/5R/105MEDIA/DSCF0002.JPG,DSCF0002.JPG,5R/105MEDIA,0,Other_Amphibian,0.2137,1506.3,2309.9,1607.7,2410.9
/srv/shared_leopard_toad/2024/02.09.2024/5R/105MEDIA/DSCF0845.JPG,DSCF0845.JPG,5R/105MEDIA,0,Other_Amphibian,0.2415,1505.0,2330.2,1611.3,2410.9
/srv/shared_leopard_toad/2024/02.09.2024/5R/105MEDIA/DSCF0845.JPG,DSCF0845.JPG,5R/105MEDIA,0,Other_Amphibian,0.2274,1504.5,2328.3,1609.5,2410.2
/srv/shared_leopard_toad/2024/02.09.2024/5R/105MEDIA/DSCF0845.JPG,DSCF0845.JPG,5R/105MEDIA,0,Other_Amphibian,0.2106,1503.6,2330.3,1610.4,2410.7
/srv/shared_leopard_toad/2024/02.09.2024/5R/105MEDIA/DSCF0751.JPG,DSCF0751.JPG,5R/105MEDIA,0,Other_Amphibian,0.2424,1503.1,2329.7,1610.9,2411.3
/srv/shared_leopard_toad/2024/02.09.2024/5R/105MEDIA/DSCF0751.JPG,DSCF0751.JPG,5R/105MEDIA,0,Other_Amphibian,0.2140,1503.8,2329.8,1614.7,2411.3
/srv/shared_leopard_toad/2024/02.09.2024/5R/105MEDIA/DSCF0585.JPG,DSCF0585.JPG,5R/105MEDIA,0,Other_Amphibian,0.4624,1506.9,2311.2,1609.4,2409.6
/srv/shared_leopard_toad/2024/02.09.2024/5R/105MEDIA/DSCF0585.JPG,DSCF0585.JPG,5R/105MEDIA,0,Other_Amphibian,0.3035,1508.1,2310.8,1612.6,2409.9
/srv/shared_leopard_toad/2024/02.09.2024/5R/105MEDIA/DSCF0218.JPG,DSCF0218.JPG,5R/105MEDIA,0,Other_Amphibian,0.2998,1504.9,2308.9,1611.4,2411.8
/srv/shared_leopard_toad/2024/02.09.2024/5R/105MEDIA/DSCF0218.JPG,DSCF0218.JPG,5R/105MEDIA,0,Other_Amphibian,0.2842,1506.0,2309.3,1610.3,2411.5
/srv/shared_leopard_toad/2024/02.09.2024/5R/105MEDIA/DSCF0819.JPG,DSCF0819.JPG,5R/105MEDIA,0,Other_Amphibian,0.2202,1508.6,2329.1,1623.4,2414.4
/srv/shared_leopard_toad/2024/02.09.2024/5R/105MEDIA/DSCF0260.JPG,DSCF0260.JPG,5R/105MEDIA,0,Other_Amphibian,0.3457,1506.9,2310.4,1611.6,2410.3
/srv/shared_leopard_toad/2024/02.09.2024/5R/105MEDIA/DSCF0260.JPG,DSCF0260.JPG,5R/105MEDIA,0,Other_Amphibian,0.2581,1507.1,2311.5,1613.6,2411.8
/srv/shared_leopard_toad/2024/02.09.2024/5R/105MEDIA/DSCF0115.JPG,DSCF0115.JPG,5R/105MEDIA,0,Other_Amphibian,0.3442,1506.9,2309.0,1613.8,2411.8
/srv/shared_leopard_toad/2024/02.09.2024/5R/105MEDIA/DSCF0115.JPG,DSCF0115.JPG,5R/105MEDIA,0,Other_Amphibian,0.2002,1507.9,2309.5,1612.9,2411.3
/srv/shared_leopard_toad/2024/02.09.2024/5R/105MEDIA/DSCF0462.JPG,DSCF0462.JPG,5R/105MEDIA,0,Other_Amphibian,0.2888,1508.5,2310.2,1612.2,2410.5
/srv/shared_leopard_toad/2024/02.09.2024/5R/105MEDIA/DSCF0037.JPG,DSCF0037.JPG,5R/105MEDIA,0,Other_Amphibian,0.2803,1506.6,2310.0,1609.7,2410.8
/srv/shared_leopard_toad/2024/02.09.2024/5R/105MEDIA/DSCF0037.JPG,DSCF0037.JPG,5R/105MEDIA,0,Other_Amphibian,0.2502,1507.4,2310.2,1608.9,2410.5
/srv/shared_leopard_toad/2024/02.09.2024/5R/105MEDIA/DSCF0056.JPG,DSCF0056.JPG,5R/105MEDIA,0,Other_Amphibian,0.3169,1507.2,2308.1,1615.8,2412.6
/srv/shared_leopard_toad/2024/02.09.2024/5R/105MEDIA/DSCF0436.JPG,DSCF0436.JPG,5R/105MEDIA,0,Other_Amphibian,0.3440,1505.2,2309.4,1611.1,2411.4
/srv/shared_leopard_toad/2024/02.09.2024/5R/105MEDIA/DSCF0436.JPG,DSCF0436.JPG,5R/105MEDIA,0,Other_Amphibian,0.3374,1506.2,2309.8,1610.1,2411.0
/srv/shared_leopard_toad/2024/02.09.2024/5R/105MEDIA/DSCF0137.JPG,DSCF0137.JPG,5R/105MEDIA,0,Other_Amphibian,0.2031,1504.3,2309.7,1609.7,2411.1
/srv/shared_leopard_toad/2024/02.09.2024/5R/105MEDIA/DSCF0137.JPG,DSCF0137.JPG,5R/105MEDIA,0,Other_Amphibian,0.2020,1505.1,2309.9,1608.9,2410.9
/srv/shared_leopard_toad/2024/02.09.2024/5R/105MEDIA/DSCF0069.JPG,DSCF0069.JPG,5R/105MEDIA,0,Other_Amphibian,0.2788,1505.5,2308.9,1608.5,2411.8
/srv/shared_leopard_toad/2024/02.09.2024/5R/105MEDIA/DSCF0471.JPG,DSCF0471.JPG,5R/105MEDIA,0,Other_Amphibian,0.3816,1507.0,2309.0,1611.5,2411.8
/srv/shared_leopard_toad/2024/02.09.2024/5R/105MEDIA/DSCF0471.JPG,DSCF0471.JPG,5R/105MEDIA,0,Other_Amphibian,0.2759,1508.6,2309.3,1612.1,2411.5
/srv/shared_leopard_toad/2024/02.09.2024/5R/105MEDIA/DSCF0329.JPG,DSCF0329.JPG,5R/105MEDIA,0,Other_Amphibian,0.3318,1508.5,2310.0,1612.2,2410.8
/srv/shared_leopard_toad/2024/02.09.2024/5R/105MEDIA/DSCF0329.JPG,DSCF0329.JPG,5R/105MEDIA,0,Other_Amphibian,0.2177,1508.8,2310.4,1611.9,2410.4
/srv/shared_leopard_toad/2024/02.09.2024/5R/105MEDIA/DSCF0129.JPG,DSCF0129.JPG,5R/105MEDIA,0,Other_Amphibian,0.2048,1506.1,2309.8,1610.2,2411.0
/srv/shared_leopard_toad/2024/02.09.2024/5R/105MEDIA/DSCF0326.JPG,DSCF0326.JPG,5R/105MEDIA,0,Other_Amphibian,0.2119,1507.6,2308.1,1608.6,2412.6
/srv/shared_leopard_toad/2024/02.09.2024/5R/105MEDIA/DSCF0495.JPG,DSCF0495.JPG,5R/105MEDIA,0,Other_Amphibian,0.2227,1506.9,2310.8,1607.1,2409.9
/srv/shared_leopard_toad/2024/02.09.2024/5R/105MEDIA/DSCF0573.JPG,DSCF0573.JPG,5R/105MEDIA,0,Other_Amphibian,0.3503,1508.8,2309.9,1611.9,2410.9
/srv/shared_leopard_toad/2024/02.09.2024/5R/105MEDIA/DSCF0573.JPG,DSCF0573.JPG,5R/105MEDIA,0,Other_Amphibian,0.2263,1508.4,2311.5,1610.1,2411.8
/srv/shared_leopard_toad/2024/02.09.2024/5R/105MEDIA/DSCF0914.JPG,DSCF0914.JPG,5R/105MEDIA,0,Other_Amphibian,0.2537,1506.5,2327.1,1612.0,2411.4
/srv/shared_leopard_toad/2024/02.09.2024/5R/105MEDIA/DSCF0914.JPG,DSCF0914.JPG,5R/105MEDIA,0,Other_Amphibian,0.2238,1506.6,2327.6,1614.1,2410.9
/srv/shared_leopard_toad/2024/02.09.2024/5R/105MEDIA/DSCF0203.JPG,DSCF0203.JPG,5R/105MEDIA,0,Other_Amphibian,0.3604,1506.9,2309.2,1611.6,2411.6
/srv/shared_leopard_toad/2024/02.09.2024/5R/105MEDIA/DSCF0103.JPG,DSCF0103.JPG,5R/105MEDIA,0,Other_Amphibian,0.3186,1507.0,2309.3,1609.3,2411.5
/srv/shared_leopard_toad/2024/02.09.2024/5R/105MEDIA/DSCF0103.JPG,DSCF0103.JPG,5R/105MEDIA,0,Other_Amphibian,0.2395,1506.0,2308.9,1610.3,2411.8
/srv/shared_leopard_toad/2024/02.09.2024/5R/105MEDIA/DSCF0388.JPG,DSCF0388.JPG,5R/105MEDIA,0,Other_Amphibian,0.2124,1507.0,2309.4,1613.7,2411.4
/srv/shared_leopard_toad/2024/02.09.2024/5R/105MEDIA/DSCF0039.JPG,DSCF0039.JPG,5R/105MEDIA,0,Other_Amphibian,0.2690,1505.2,2309.8,1608.8,2411.0
/srv/shared_leopard_toad/2024/02.09.2024/5R/105MEDIA/DSCF0039.JPG,DSCF0039.JPG,5R/105MEDIA,0,Other_Amphibian,0.2268,1504.3,2309.4,1609.7,2411.4
/srv/shared_leopard_toad/2024/02.09.2024/5R/105MEDIA/DSCF0070.JPG,DSCF0070.JPG,5R/105MEDIA,0,Other_Amphibian,0.2383,1506.7,2310.2,1611.8,2410.6
/srv/shared_leopard_toad/2024/02.09.2024/5R/105MEDIA/DSCF0070.JPG,DSCF0070.JPG,5R/105MEDIA,0,Other_Amphibian,0.2094,1506.2,2310.4,1610.1,2410.4
/srv/shared_leopard_toad/2024/02.09.2024/5R/105MEDIA/DSCF0401.JPG,DSCF0401.JPG,5R/105MEDIA,0,Other_Amphibian,0.3018,1509.2,2309.4,1613.8,2411.4
/srv/shared_leopard_toad/2024/02.09.2024/5R/105MEDIA/DSCF0948.JPG,DSCF0948.JPG,5R/105MEDIA,0,Other_Amphibian,0.2108,1506.3,2329.5,1610.0,2411.5
/srv/shared_leopard_toad/2024/02.09.2024/5R/105MEDIA/DSCF0491.JPG,DSCF0491.JPG,5R/105MEDIA,0,Other_Amphibian,0.2786,1505.7,2309.2,1608.3,2411.6
/srv/shared_leopard_toad/2024/02.09.2024/5R/105MEDIA/DSCF0529.JPG,DSCF0529.JPG,5R/105MEDIA,0,Other_Amphibian,0.4062,1505.7,2308.8,1610.6,2412.0
/srv/shared_leopard_toad/2024/02.09.2024/5R/105MEDIA/DSCF0529.JPG,DSCF0529.JPG,5R/105MEDIA,0,Other_Amphibian,0.3372,1507.2,2309.7,1613.5,2413.6
/srv/shared_leopard_toad/2024/02.09.2024/5R/105MEDIA/DSCF0010.JPG,DSCF0010.JPG,5R/105MEDIA,0,Other_Amphibian,0.4058,1507.6,2309.6,1613.1,2411.2
/srv/shared_leopard_toad/2024/02.09.2024/5R/105MEDIA/DSCF0010.JPG,DSCF0010.JPG,5R/105MEDIA,0,Other_Amphibian,0.2263,1507.9,2310.1,1612.8,2410.7
/srv/shared_leopard_toad/2024/02.09.2024/5R/105MEDIA/DSCF0078.JPG,DSCF0078.JPG,5R/105MEDIA,0,Other_Amphibian,0.5591,1506.4,2309.5,1609.9,2411.3
/srv/shared_leopard_toad/2024/02.09.2024/5R/105MEDIA/DSCF0078.JPG,DSCF0078.JPG,5R/105MEDIA,0,Other_Amphibian,0.3865,1506.1,2309.2,1610.2,2411.6
/srv/shared_leopard_toad/2024/02.09.2024/5R/105MEDIA/DSCF0217.JPG,DSCF0217.JPG,5R/105MEDIA,0,Other_Amphibian,0.2595,1506.6,2310.0,1609.7,2410.8
/srv/shared_leopard_toad/2024/02.09.2024/5R/105MEDIA/DSCF0217.JPG,DSCF0217.JPG,5R/105MEDIA,0,Other_Amphibian,0.2109,1507.2,2310.2,1609.1,2410.6
/srv/shared_leopard_toad/2024/02.09.2024/5R/105MEDIA/DSCF0242.JPG,DSCF0242.JPG,5R/105MEDIA,0,Other_Amphibian,0.2173,1507.0,2308.9,1616.0,2411.8
/srv/shared_leopard_toad/2024/02.09.2024/5R/105MEDIA/DSCF0094.JPG,DSCF0094.JPG,5R/105MEDIA,0,Other_Amphibian,0.3235,1509.0,2309.5,1614.0,2411.3
/srv/shared_leopard_toad/2024/02.09.2024/5R/105MEDIA/DSCF0190.JPG,DSCF0190.JPG,5R/105MEDIA,0,Other_Amphibian,0.2142,1506.6,2308.1,1611.9,2412.6
/srv/shared_leopard_toad/2024/02.09.2024/5R/105MEDIA/DSCF0383.JPG,DSCF0383.JPG,5R/105MEDIA,0,Other_Amphibian,0.2930,1506.3,2310.6,1607.7,2410.1
/srv/shared_leopard_toad/2024/02.09.2024/5R/105MEDIA/DSCF0047.JPG,DSCF0047.JPG,5R/105MEDIA,0,Other_Amphibian,0.3052,1508.3,2309.2,1612.4,2411.6
/srv/shared_leopard_toad/2024/02.09.2024/5R/105MEDIA/DSCF0047.JPG,DSCF0047.JPG,5R/105MEDIA,0,Other_Amphibian,0.2913,1509.0,2309.7,1611.7,2411.1
/srv/shared_leopard_toad/2024/02.09.2024/5R/105MEDIA/DSCF0400.JPG,DSCF0400.JPG,5R/105MEDIA,0,Other_Amphibian,0.2123,1508.9,2309.2,1614.1,2411.6
/srv/shared_leopard_toad/2024/02.09.2024/5R/105MEDIA/DSCF0400.JPG,DSCF0400.JPG,5R/105MEDIA,0,Other_Amphibian,0.2089,1507.9,2308.9,1615.1,2411.8
/srv/shared_leopard_toad/2024/02.09.2024/5R/105MEDIA/DSCF0197.JPG,DSCF0197.JPG,5R/105MEDIA,0,Other_Amphibian,0.3291,1506.7,2310.2,1611.8,2410.5
/srv/shared_leopard_toad/2024/02.09.2024/5R/105MEDIA/DSCF0197.JPG,DSCF0197.JPG,5R/105MEDIA,0,Other_Amphibian,0.2722,1508.5,2310.6,1612.2,2410.1
/srv/shared_leopard_toad/2024/02.09.2024/5R/105MEDIA/DSCF0064.JPG,DSCF0064.JPG,5R/105MEDIA,0,Other_Amphibian,0.2388,1507.7,2310.1,1610.8,2410.7
/srv/shared_leopard_toad/2024/02.09.2024/5R/105MEDIA/DSCF0351.JPG,DSCF0351.JPG,5R/105MEDIA,0,Other_Amphibian,0.3369,1509.2,2310.2,1611.5,2410.6
/srv/shared_leopard_toad/2024/02.09.2024/5R/105MEDIA/DSCF0351.JPG,DSCF0351.JPG,5R/105MEDIA,0,Other_Amphibian,0.2004,1508.1,2309.3,1610.4,2409.0
/srv/shared_leopard_toad/2024/02.09.2024/5R/105MEDIA/DSCF0225.JPG,DSCF0225.JPG,5R/105MEDIA,0,Other_Amphibian,0.2351,1508.9,2309.7,1614.1,2411.1
/srv/shared_leopard_toad/2024/02.09.2024/5R/105MEDIA/DSCF0272.JPG,DSCF0272.JPG,5R/105MEDIA,0,Other_Amphibian,0.4102,1507.0,2309.0,1611.5,2411.8
/srv/shared_leopard_toad/2024/02.09.2024/5R/105MEDIA/DSCF0272.JPG,DSCF0272.JPG,5R/105MEDIA,0,Other_Amphibian,0.3232,1508.6,2309.5,1612.1,2411.3
/srv/shared_leopard_toad/2024/02.09.2024/5R/105MEDIA/DSCF0459.JPG,DSCF0459.JPG,5R/105MEDIA,0,Other_Amphibian,0.3318,1506.0,2310.0,1608.0,2410.8
/srv/shared_leopard_toad/2024/02.09.2024/5R/105MEDIA/DSCF0459.JPG,DSCF0459.JPG,5R/105MEDIA,0,Other_Amphibian,0.2478,1507.6,2310.1,1608.6,2410.7
/srv/shared_leopard_toad/2024/02.09.2024/5R/105MEDIA/DSCF0746.JPG,DSCF0746.JPG,5R/105MEDIA,0,Other_Amphibian,0.2207,1506.5,2326.1,1616.5,2412.4
/srv/shared_leopard_toad/2024/02.09.2024/5R/105MEDIA/DSCF0746.JPG,DSCF0746.JPG,5R/105MEDIA,0,Other_Amphibian,0.2050,1505.1,2326.9,1617.9,2411.6
/srv/shared_leopard_toad/2024/02.09.2024/5R/105MEDIA/DSCF0224.JPG,DSCF0224.JPG,5R/105MEDIA,0,Other_Amphibian,0.2418,1506.1,2309.8,1612.4,2411.0
/srv/shared_leopard_toad/2024/02.09.2024/5R/105MEDIA/DSCF0081.JPG,DSCF0081.JPG,5R/105MEDIA,0,Other_Amphibian,0.2235,1509.0,2309.7,1614.0,2411.1
/srv/shared_leopard_toad/2024/02.09.2024/5R/105MEDIA/DSCF0016.JPG,DSCF0016.JPG,5R/105MEDIA,0,Other_Amphibian,0.3962,1507.2,2308.7,1613.5,2412.0
/srv/shared_leopard_toad/2024/02.09.2024/5R/105MEDIA/DSCF0101.JPG,DSCF0101.JPG,5R/105MEDIA,0,Other_Amphibian,0.3667,1506.5,2310.0,1609.8,2410.8
/srv/shared_leopard_toad/2024/02.09.2024/5R/105MEDIA/DSCF0101.JPG,DSCF0101.JPG,5R/105MEDIA,0,Other_Amphibian,0.3079,1507.0,2309.8,1609.3,2411.0
/srv/shared_leopard_toad/2024/02.09.2024/5R/105MEDIA/DSCF0029.JPG,DSCF0029.JPG,5R/105MEDIA,0,Other_Amphibian,0.2422,1508.3,2309.9,1612.4,2410.9
/srv/shared_leopard_toad/2024/02.09.2024/5R/105MEDIA/DSCF0468.JPG,DSCF0468.JPG,5R/105MEDIA,0,Other_Amphibian,0.2002,1508.7,2308.5,1614.3,2412.2
/srv/shared_leopard_toad/2024/02.09.2024/5R/105MEDIA/DSCF0105.JPG,DSCF0105.JPG,5R/105MEDIA,0,Other_Amphibian,0.3669,1505.5,2309.8,1610.8,2411.0
/srv/shared_leopard_toad/2024/02.09.2024/5R/105MEDIA/DSCF0105.JPG,DSCF0105.JPG,5R/105MEDIA,0,Other_Amphibian,0.3479,1504.6,2309.3,1611.7,2411.5
/srv/shared_leopard_toad/2024/02.09.2024/5R/105MEDIA/DSCF0116.JPG,DSCF0116.JPG,5R/105MEDIA,0,Other_Amphibian,0.2015,1507.5,2310.1,1608.8,2410.7
/srv/shared_leopard_toad/2024/02.09.2024/5R/105MEDIA/DSCF0082.JPG,DSCF0082.JPG,5R/105MEDIA,0,Other_Amphibian,0.2053,1508.6,2310.2,1612.1,2410.5
/srv/shared_leopard_toad/2024/02.09.2024/5R/105MEDIA/DSCF0347.JPG,DSCF0347.JPG,5R/105MEDIA,0,Other_Amphibian,0.2988,1506.1,2309.2,1612.4,2411.6
/srv/shared_leopard_toad/2024/02.09.2024/5R/105MEDIA/DSCF0357.JPG,DSCF0357.JPG,5R/105MEDIA,0,Other_Amphibian,0.3052,1508.7,2309.2,1614.3,2411.6
/srv/shared_leopard_toad/2024/02.09.2024/5R/105MEDIA/DSCF0309.JPG,DSCF0309.JPG,5R/105MEDIA,0,Other_Amphibian,0.3225,1508.7,2309.1,1614.3,2411.6
/srv/shared_leopard_toad/2024/02.09.2024/5R/105MEDIA/DSCF0497.JPG,DSCF0497.JPG,5R/105MEDIA,0,Other_Amphibian,0.2659,1507.2,2308.1,1615.8,2412.7
/srv/shared_leopard_toad/2024/02.09.2024/5R/105MEDIA/DSCF0497.JPG,DSCF0497.JPG,5R/105MEDIA,0,Other_Amphibian,0.2172,1507.7,2308.2,1615.3,2412.6
/srv/shared_leopard_toad/2024/02.09.2024/5R/105MEDIA/DSCF0460.JPG,DSCF0460.JPG,5R/105MEDIA,0,Other_Amphibian,0.2384,1507.3,2309.5,1613.4,2411.3
/srv/shared_leopard_toad/2024/02.09.2024/5R/105MEDIA/DSCF0939.JPG,DSCF0939.JPG,5R/105MEDIA,0,Other_Amphibian,0.2378,1504.8,2330.1,1613.7,2413.5
/srv/shared_leopard_toad/2024/02.09.2024/5R/105MEDIA/DSCF0939.JPG,DSCF0939.JPG,5R/105MEDIA,0,Other_Amphibian,0.2090,1506.1,2328.3,1612.4,2412.8
/srv/shared_leopard_toad/2024/02.09.2024/5R/105MEDIA/DSCF0493.JPG,DSCF0493.JPG,5R/105MEDIA,0,Other_Amphibian,0.2366,1508.3,2309.3,1614.7,2411.5
/srv/shared_leopard_toad/2024/02.09.2024/5R/105MEDIA/DSCF0328.JPG,DSCF0328.JPG,5R/105MEDIA,0,Other_Amphibian,0.2017,1508.1,2308.9,1614.9,2411.8
/srv/shared_leopard_toad/2024/02.09.2024/5R/105MEDIA/DSCF0595.JPG,DSCF0595.JPG,5R/105MEDIA,0,Other_Amphibian,0.3186,3335.7,449.7,3423.3,551.5
/srv/shared_leopard_toad/2024/02.09.2024/5R/105MEDIA/DSCF0226.JPG,DSCF0226.JPG,5R/105MEDIA,0,Other_Amphibian,0.2866,1508.9,2309.4,1614.1,2411.4
/srv/shared_leopard_toad/2024/02.09.2024/5R/105MEDIA/DSCF0374.JPG,DSCF0374.JPG,5R/105MEDIA,0,Other_Amphibian,0.2441,1508.4,2309.9,1612.3,2410.9
/srv/shared_leopard_toad/2024/02.09.2024/5R/105MEDIA/DSCF0371.JPG,DSCF0371.JPG,5R/105MEDIA,0,Other_Amphibian,0.3396,1504.7,2310.4,1609.3,2410.4
/srv/shared_leopard_toad/2024/02.09.2024/5R/105MEDIA/DSCF0371.JPG,DSCF0371.JPG,5R/105MEDIA,0,Other_Amphibian,0.2991,1505.5,2310.7,1608.5,2410.1
/srv/shared_leopard_toad/2024/02.09.2024/5R/105MEDIA/DSCF0701.JPG,DSCF0701.JPG,5R/105MEDIA,0,Other_Amphibian,0.2039,1503.0,2327.4,1613.2,2411.1
/srv/shared_leopard_toad/2024/02.09.2024/5R/105MEDIA/DSCF0210.JPG,DSCF0210.JPG,5R/105MEDIA,0,Other_Amphibian,0.2001,1507.1,2308.8,1611.4,2412.0
/srv/shared_leopard_toad/2024/02.09.2024/5R/105MEDIA/DSCF0234.JPG,DSCF0234.JPG,5R/105MEDIA,0,Other_Amphibian,0.2070,1509.6,2309.9,1613.4,2410.9
/srv/shared_leopard_toad/2024/02.09.2024/5R/105MEDIA/DSCF0270.JPG,DSCF0270.JPG,5R/105MEDIA,0,Other_Amphibian,0.2605,1507.8,2310.1,1610.7,2410.7
/srv/shared_leopard_toad/2024/02.09.2024/5R/105MEDIA/DSCF0090.JPG,DSCF0090.JPG,5R/105MEDIA,0,Other_Amphibian,0.3364,1507.9,2309.1,1612.8,2411.6
/srv/shared_leopard_toad/2024/02.09.2024/5R/105MEDIA/DSCF0090.JPG,DSCF0090.JPG,5R/105MEDIA,0,Other_Amphibian,0.2500,1508.4,2309.4,1612.3,2411.4
/srv/shared_leopard_toad/2024/02.09.2024/5R/105MEDIA/DSCF0450.JPG,DSCF0450.JPG,5R/105MEDIA,0,Other_Amphibian,0.2407,1508.2,2312.7,1612.5,2410.6
/srv/shared_leopard_toad/2024/02.09.2024/5R/105MEDIA/DSCF0444.JPG,DSCF0444.JPG,5R/105MEDIA,0,Other_Amphibian,0.3416,1508.0,2308.9,1612.7,2411.8
/srv/shared_leopard_toad/2024/02.09.2024/5R/105MEDIA/DSCF0444.JPG,DSCF0444.JPG,5R/105MEDIA,0,Other_Amphibian,0.2026,1508.1,2308.9,1612.6,2411.8
/srv/shared_leopard_toad/2024/02.09.2024/5R/105MEDIA/DSCF0485.JPG,DSCF0485.JPG,5R/105MEDIA,0,Other_Amphibian,0.3457,1508.6,2309.7,1614.4,2411.1
/srv/shared_leopard_toad/2024/02.09.2024/5R/105MEDIA/DSCF0322.JPG,DSCF0322.JPG,5R/105MEDIA,0,Other_Amphibian,0.2722,1506.2,2309.3,1610.1,2411.5
/srv/shared_leopard_toad/2024/02.09.2024/5R/105MEDIA/DSCF0322.JPG,DSCF0322.JPG,5R/105MEDIA,0,Other_Amphibian,0.2411,1506.7,2309.4,1609.6,2411.4
/srv/shared_leopard_toad/2024/02.09.2024/5R/105MEDIA/DSCF0084.JPG,DSCF0084.JPG,5R/105MEDIA,0,Other_Amphibian,0.2861,1508.3,2309.1,1614.7,2411.6
/srv/shared_leopard_toad/2024/02.09.2024/5R/105MEDIA/DSCF0084.JPG,DSCF0084.JPG,5R/105MEDIA,0,Other_Amphibian,0.2751,1506.0,2308.7,1614.8,2412.0
/srv/shared_leopard_toad/2024/02.09.2024/5R/105MEDIA/DSCF0014.JPG,DSCF0014.JPG,5R/105MEDIA,0,Other_Amphibian,0.2876,1505.0,2311.8,1609.0,2411.5
/srv/shared_leopard_toad/2024/02.09.2024/5R/105MEDIA/DSCF0014.JPG,DSCF0014.JPG,5R/105MEDIA,0,Other_Amphibian,0.2350,1504.2,2311.5,1609.8,2411.8
/srv/shared_leopard_toad/2024/02.09.2024/5R/105MEDIA/DSCF0359.JPG,DSCF0359.JPG,5R/105MEDIA,0,Other_Amphibian,0.3535,1505.1,2310.2,1608.9,2410.5
/srv/shared_leopard_toad/2024/02.09.2024/5R/105MEDIA/DSCF0359.JPG,DSCF0359.JPG,5R/105MEDIA,0,Other_Amphibian,0.2467,1505.6,2310.6,1608.4,2410.1
/srv/shared_leopard_toad/2024/02.09.2024/5R/105MEDIA/DSCF0447.JPG,DSCF0447.JPG,5R/105MEDIA,0,Other_Amphibian,0.3655,1508.7,2309.9,1612.0,2410.9
/srv/shared_leopard_toad/2024/02.09.2024/5R/105MEDIA/DSCF0447.JPG,DSCF0447.JPG,5R/105MEDIA,0,Other_Amphibian,0.2208,1508.8,2309.9,1611.9,2410.9
/srv/shared_leopard_toad/2024/02.09.2024/5R/105MEDIA/DSCF0243.JPG,DSCF0243.JPG,5R/105MEDIA,0,Other_Amphibian,0.3049,1508.7,2309.7,1614.3,2411.1
/srv/shared_leopard_toad/2024/02.09.2024/5R/105MEDIA/DSCF0243.JPG,DSCF0243.JPG,5R/105MEDIA,0,Other_Amphibian,0.2128,1510.0,2311.6,1613.0,2411.7
/srv/shared_leopard_toad/2024/02.09.2024/5R/105MEDIA/DSCF0410.JPG,DSCF0410.JPG,5R/105MEDIA,0,Other_Amphibian,0.3635,1507.4,2309.7,1611.1,2411.1
/srv/shared_leopard_toad/2024/02.09.2024/5R/105MEDIA/DSCF0410.JPG,DSCF0410.JPG,5R/105MEDIA,0,Other_Amphibian,0.3394,1507.9,2309.4,1612.8,2411.4
/srv/shared_leopard_toad/2024/02.09.2024/5R/105MEDIA/DSCF0579.JPG,DSCF0579.JPG,5R/105MEDIA,0,Other_Amphibian,0.2695,1507.2,2310.7,1613.5,2410.1
/srv/shared_leopard_toad/2024/02.09.2024/5R/105MEDIA/DSCF0506.JPG,DSCF0506.JPG,5R/105MEDIA,0,Other_Amphibian,0.3838,1506.1,2309.3,1610.2,2411.5
/srv/shared_leopard_toad/2024/02.09.2024/5R/105MEDIA/DSCF0506.JPG,DSCF0506.JPG,5R/105MEDIA,0,Other_Amphibian,0.2935,1505.1,2309.0,1611.2,2411.8
/srv/shared_leopard_toad/2024/02.09.2024/5R/105MEDIA/DSCF0361.JPG,DSCF0361.JPG,5R/105MEDIA,0,Other_Amphibian,0.3105,1507.5,2309.7,1608.8,2411.1
/srv/shared_leopard_toad/2024/02.09.2024/5R/105MEDIA/DSCF0361.JPG,DSCF0361.JPG,5R/105MEDIA,0,Other_Amphibian,0.2422,1505.6,2309.6,1608.4,2411.2
/srv/shared_leopard_toad/2024/02.09.2024/5R/105MEDIA/DSCF0201.JPG,DSCF0201.JPG,5R/105MEDIA,0,Other_Amphibian,0.2490,1507.0,2309.9,1611.5,2410.9
/srv/shared_leopard_toad/2024/02.09.2024/5R/105MEDIA/DSCF0513.JPG,DSCF0513.JPG,5R/105MEDIA,0,Other_Amphibian,0.3477,1507.4,2309.5,1608.9,2411.3
/srv/shared_leopard_toad/2024/02.09.2024/5R/105MEDIA/DSCF0513.JPG,DSCF0513.JPG,5R/105MEDIA,0,Other_Amphibian,0.2854,1506.7,2309.3,1609.6,2411.5
/srv/shared_leopard_toad/2024/02.09.2024/5R/104MEDIA/DSCF0488.JPG,DSCF0488.JPG,5R/104MEDIA,0,Other_Amphibian,0.2108,2490.4,-0.9,2630.6,119.1
/srv/shared_leopard_toad/2024/02.09.2024/5R/104MEDIA/DSCF0911.JPG,DSCF0911.JPG,5R/104MEDIA,0,Other_Amphibian,0.3086,1507.5,2310.2,1613.2,2410.5
/srv/shared_leopard_toad/2024/02.09.2024/5R/104MEDIA/DSCF0911.JPG,DSCF0911.JPG,5R/104MEDIA,0,Other_Amphibian,0.2382,1508.2,2310.4,1612.5,2410.3
/srv/shared_leopard_toad/2024/02.09.2024/5R/104MEDIA/DSCF0922.JPG,DSCF0922.JPG,5R/104MEDIA,0,Other_Amphibian,0.3030,1507.9,2309.1,1612.9,2411.6
/srv/shared_leopard_toad/2024/02.09.2024/5R/104MEDIA/DSCF0922.JPG,DSCF0922.JPG,5R/104MEDIA,0,Other_Amphibian,0.2563,1508.4,2309.3,1612.3,2411.5
/srv/shared_leopard_toad/2024/02.09.2024/5R/104MEDIA/DSCF0774.JPG,DSCF0774.JPG,5R/104MEDIA,0,Other_Amphibian,0.2388,1504.7,2310.4,1607.0,2410.3
/srv/shared_leopard_toad/2024/02.09.2024/5R/104MEDIA/DSCF0325.JPG,DSCF0325.JPG,5R/104MEDIA,0,Other_Amphibian,0.3225,2470.4,-1.2,2632.6,127.6
/srv/shared_leopard_toad/2024/02.09.2024/5R/104MEDIA/DSCF0650.JPG,DSCF0650.JPG,5R/104MEDIA,0,Other_Amphibian,0.3337,1506.9,2310.2,1609.4,2410.5
/srv/shared_leopard_toad/2024/02.09.2024/5R/104MEDIA/DSCF0650.JPG,DSCF0650.JPG,5R/104MEDIA,0,Other_Amphibian,0.2915,1506.0,2309.9,1610.3,2410.9
/srv/shared_leopard_toad/2024/02.09.2024/5R/104MEDIA/DSCF0956.JPG,DSCF0956.JPG,5R/104MEDIA,0,Other_Amphibian,0.3757,1505.6,2312.0,1606.1,2411.3
/srv/shared_leopard_toad/2024/02.09.2024/5R/104MEDIA/DSCF0956.JPG,DSCF0956.JPG,5R/104MEDIA,0,Other_Amphibian,0.2090,1504.3,2310.4,1607.4,2410.4
/srv/shared_leopard_toad/2024/02.09.2024/5R/104MEDIA/DSCF0667.JPG,DSCF0667.JPG,5R/104MEDIA,0,Other_Amphibian,0.2166,1506.9,2310.6,1611.6,2410.2
/srv/shared_leopard_toad/2024/02.09.2024/5R/104MEDIA/DSCF0868.JPG,DSCF0868.JPG,5R/104MEDIA,0,Other_Amphibian,0.4302,1510.5,2312.0,1612.5,2411.3
/srv/shared_leopard_toad/2024/02.09.2024/5R/104MEDIA/DSCF0868.JPG,DSCF0868.JPG,5R/104MEDIA,0,Other_Amphibian,0.2007,1509.9,2313.5,1610.9,2412.3
/srv/shared_leopard_toad/2024/02.09.2024/5R/104MEDIA/DSCF0980.JPG,DSCF0980.JPG,5R/104MEDIA,0,Other_Amphibian,0.2815,1505.2,2309.5,1611.1,2411.3
/srv/shared_leopard_toad/2024/02.09.2024/5R/104MEDIA/DSCF0980.JPG,DSCF0980.JPG,5R/104MEDIA,0,Other_Amphibian,0.2235,1505.8,2309.6,1610.5,2411.2
/srv/shared_leopard_toad/2024/02.09.2024/5R/104MEDIA/DSCF0623.JPG,DSCF0623.JPG,5R/104MEDIA,0,Other_Amphibian,0.3350,1505.0,2309.9,1609.0,2410.9
/srv/shared_leopard_toad/2024/02.09.2024/5R/104MEDIA/DSCF0623.JPG,DSCF0623.JPG,5R/104MEDIA,0,Other_Amphibian,0.2227,1504.2,2309.6,1609.8,2411.2
/srv/shared_leopard_toad/2024/02.09.2024/5R/104MEDIA/DSCF0777.JPG,DSCF0777.JPG,5R/104MEDIA,0,Other_Amphibian,0.2588,1508.2,2309.2,1612.5,2411.6
/srv/shared_leopard_toad/2024/02.09.2024/5R/104MEDIA/DSCF0891.JPG,DSCF0891.JPG,5R/104MEDIA,0,Other_Amphibian,0.2534,1505.5,2308.9,1610.8,2411.8
/srv/shared_leopard_toad/2024/02.09.2024/5R/104MEDIA/DSCF0560.JPG,DSCF0560.JPG,5R/104MEDIA,0,Other_Amphibian,0.2048,1505.4,2308.9,1610.9,2411.8
/srv/shared_leopard_toad/2024/02.09.2024/5R/104MEDIA/DSCF0720.JPG,DSCF0720.JPG,5R/104MEDIA,0,Other_Amphibian,0.2358,1505.2,2309.0,1611.1,2411.8
/srv/shared_leopard_toad/2024/02.09.2024/5R/104MEDIA/DSCF0720.JPG,DSCF0720.JPG,5R/104MEDIA,0,Other_Amphibian,0.2081,1506.1,2309.2,1610.2,2411.6
/srv/shared_leopard_toad/2024/02.09.2024/5R/104MEDIA/DSCF0983.JPG,DSCF0983.JPG,5R/104MEDIA,0,Other_Amphibian,0.2249,1506.9,2309.3,1611.6,2411.5
/srv/shared_leopard_toad/2024/02.09.2024/5R/104MEDIA/DSCF0983.JPG,DSCF0983.JPG,5R/104MEDIA,0,Other_Amphibian,0.2054,1507.5,2309.5,1611.0,2411.3
/srv/shared_leopard_toad/2024/02.09.2024/5R/104MEDIA/DSCF0458.JPG,DSCF0458.JPG,5R/104MEDIA,0,Other_Amphibian,0.4097,1505.1,2309.3,1608.9,2411.5
/srv/shared_leopard_toad/2024/02.09.2024/5R/104MEDIA/DSCF0458.JPG,DSCF0458.JPG,5R/104MEDIA,0,Other_Amphibian,0.2708,1504.3,2310.5,1609.7,2412.8
/srv/shared_leopard_toad/2024/02.09.2024/5R/104MEDIA/DSCF0712.JPG,DSCF0712.JPG,5R/104MEDIA,0,Other_Amphibian,0.3062,1505.2,2310.4,1608.8,2410.4
/srv/shared_leopard_toad/2024/02.09.2024/5R/104MEDIA/DSCF0712.JPG,DSCF0712.JPG,5R/104MEDIA,0,Other_Amphibian,0.2242,1505.8,2310.8,1608.2,2409.9
/srv/shared_leopard_toad/2024/02.09.2024/5R/104MEDIA/DSCF0489.JPG,DSCF0489.JPG,5R/104MEDIA,0,Other_Amphibian,0.2065,1506.0,2309.6,1610.3,2411.2
/srv/shared_leopard_toad/2024/02.09.2024/5R/104MEDIA/DSCF0539.JPG,DSCF0539.JPG,5R/104MEDIA,0,Other_Amphibian,0.2274,1506.8,2309.7,1609.5,2411.1
/srv/shared_leopard_toad/2024/02.09.2024/5R/104MEDIA/DSCF0822.JPG,DSCF0822.JPG,5R/104MEDIA,0,Other_Amphibian,0.2021,1508.0,2310.0,1612.7,2410.8
/srv/shared_leopard_toad/2024/02.09.2024/5R/104MEDIA/DSCF0981.JPG,DSCF0981.JPG,5R/104MEDIA,0,Other_Amphibian,0.2386,1508.5,2312.6,1610.0,2413.2
/srv/shared_leopard_toad/2024/02.09.2024/5R/104MEDIA/DSCF0403.JPG,DSCF0403.JPG,5R/104MEDIA,0,Other_Amphibian,0.2039,1504.7,2309.8,1611.6,2411.0
/srv/shared_leopard_toad/2024/02.09.2024/5R/104MEDIA/DSCF0895.JPG,DSCF0895.JPG,5R/104MEDIA,0,Other_Amphibian,0.2754,1506.1,2309.0,1607.9,2411.8
/srv/shared_leopard_toad/2024/02.09.2024/5R/104MEDIA/DSCF0490.JPG,DSCF0490.JPG,5R/104MEDIA,0,Other_Amphibian,0.2478,1505.2,2309.2,1608.8,2411.6
/srv/shared_leopard_toad/2024/02.09.2024/5R/104MEDIA/DSCF0490.JPG,DSCF0490.JPG,5R/104MEDIA,0,Other_Amphibian,0.2059,1505.6,2309.4,1608.4,2411.4
/srv/shared_leopard_toad/2024/02.09.2024/5R/104MEDIA/DSCF0549.JPG,DSCF0549.JPG,5R/104MEDIA,0,Other_Amphibian,0.2734,1505.8,2305.8,1617.2,2412.4
/srv/shared_leopard_toad/2024/02.09.2024/5R/104MEDIA/DSCF0649.JPG,DSCF0649.JPG,5R/104MEDIA,0,Other_Amphibian,0.2722,1506.9,2310.4,1611.6,2410.3
/srv/shared_leopard_toad/2024/02.09.2024/5R/104MEDIA/DSCF0912.JPG,DSCF0912.JPG,5R/104MEDIA,0,Other_Amphibian,0.3120,1507.4,2309.9,1606.6,2410.9
/srv/shared_leopard_toad/2024/02.09.2024/5R/104MEDIA/DSCF0912.JPG,DSCF0912.JPG,5R/104MEDIA,0,Other_Amphibian,0.2418,1506.0,2309.6,1608.0,2411.2
/srv/shared_leopard_toad/2024/02.09.2024/5R/104MEDIA/DSCF0899.JPG,DSCF0899.JPG,5R/104MEDIA,0,Other_Amphibian,0.3491,1504.5,2309.4,1609.5,2411.4
/srv/shared_leopard_toad/2024/02.09.2024/5R/104MEDIA/DSCF0899.JPG,DSCF0899.JPG,5R/104MEDIA,0,Other_Amphibian,0.3289,1505.1,2309.8,1608.9,2411.0
/srv/shared_leopard_toad/2024/02.09.2024/5R/104MEDIA/DSCF0566.JPG,DSCF0566.JPG,5R/104MEDIA,0,Other_Amphibian,0.3218,1505.1,2309.6,1611.2,2411.2
/srv/shared_leopard_toad/2024/02.09.2024/5R/104MEDIA/DSCF0566.JPG,DSCF0566.JPG,5R/104MEDIA,0,Other_Amphibian,0.2988,1505.9,2309.8,1610.4,2411.0
/srv/shared_leopard_toad/2024/02.09.2024/5R/104MEDIA/DSCF0366.JPG,DSCF0366.JPG,5R/104MEDIA,0,Other_Amphibian,0.2064,1507.9,2310.1,1608.4,2410.7
/srv/shared_leopard_toad/2024/02.09.2024/5R/104MEDIA/DSCF0439.JPG,DSCF0439.JPG,5R/104MEDIA,0,Other_Amphibian,0.2534,1505.6,2309.5,1608.4,2411.3
/srv/shared_leopard_toad/2024/02.09.2024/5R/104MEDIA/DSCF0250.JPG,DSCF0250.JPG,5R/104MEDIA,0,Other_Amphibian,0.2177,2485.4,-1.2,2644.6,123.1
/srv/shared_leopard_toad/2024/02.09.2024/5R/104MEDIA/DSCF0880.JPG,DSCF0880.JPG,5R/104MEDIA,0,Other_Amphibian,0.2098,1506.1,2312.1,1607.9,2411.2
/srv/shared_leopard_toad/2024/02.09.2024/5R/104MEDIA/DSCF0938.JPG,DSCF0938.JPG,5R/104MEDIA,0,Other_Amphibian,0.2874,1506.8,2310.2,1609.5,2410.6
/srv/shared_leopard_toad/2024/02.09.2024/5R/104MEDIA/DSCF0938.JPG,DSCF0938.JPG,5R/104MEDIA,0,Other_Amphibian,0.2079,1509.5,2310.4,1611.2,2410.3
/srv/shared_leopard_toad/2024/02.09.2024/5R/104MEDIA/DSCF0033.JPG,DSCF0033.JPG,5R/104MEDIA,2,Western_Leopard_Toad,0.3418,1410.4,2300.9,1611.4,2452.7
/srv/shared_leopard_toad/2024/02.09.2024/5R/104MEDIA/DSCF0033.JPG,DSCF0033.JPG,5R/104MEDIA,0,Other_Amphibian,0.2020,1410.4,2300.9,1611.4,2452.7
/srv/shared_leopard_toad/2024/02.09.2024/5R/104MEDIA/DSCF0531.JPG,DSCF0531.JPG,5R/104MEDIA,0,Other_Amphibian,0.2230,1506.6,2310.2,1611.9,2413.1
/srv/shared_leopard_toad/2024/02.09.2024/5R/104MEDIA/DSCF0411.JPG,DSCF0411.JPG,5R/104MEDIA,0,Other_Amphibian,0.2571,1509.0,2310.6,1609.5,2412.8
/srv/shared_leopard_toad/2024/02.09.2024/5R/104MEDIA/DSCF0411.JPG,DSCF0411.JPG,5R/104MEDIA,0,Other_Amphibian,0.2249,1507.9,2310.3,1610.6,2413.0
/srv/shared_leopard_toad/2024/02.09.2024/5R/104MEDIA/DSCF0700.JPG,DSCF0700.JPG,5R/104MEDIA,0,Other_Amphibian,0.2744,1505.6,2308.8,1610.6,2412.0
/srv/shared_leopard_toad/2024/02.09.2024/5R/104MEDIA/DSCF0700.JPG,DSCF0700.JPG,5R/104MEDIA,0,Other_Amphibian,0.2079,1506.0,2308.9,1610.3,2411.8
/srv/shared_leopard_toad/2024/02.09.2024/5R/104MEDIA/DSCF0139.JPG,DSCF0139.JPG,5R/104MEDIA,2,Western_Leopard_Toad,0.3572,1410.8,2301.4,1611.0,2452.3
/srv/shared_leopard_toad/2024/02.09.2024/5R/104MEDIA/DSCF0923.JPG,DSCF0923.JPG,5R/104MEDIA,0,Other_Amphibian,0.2251,1509.0,2309.3,1614.0,2411.5
/srv/shared_leopard_toad/2024/02.09.2024/5R/104MEDIA/DSCF0936.JPG,DSCF0936.JPG,5R/104MEDIA,0,Other_Amphibian,0.2100,1507.1,2309.6,1615.9,2411.2
/srv/shared_leopard_toad/2024/02.09.2024/5R/104MEDIA/DSCF0866.JPG,DSCF0866.JPG,5R/104MEDIA,0,Other_Amphibian,0.2524,1508.3,2309.3,1614.7,2411.5
/srv/shared_leopard_toad/2024/02.09.2024/5R/104MEDIA/DSCF0486.JPG,DSCF0486.JPG,5R/104MEDIA,0,Other_Amphibian,0.2561,1508.9,2308.6,1611.8,2412.2
/srv/shared_leopard_toad/2024/02.09.2024/5R/104MEDIA/DSCF0851.JPG,DSCF0851.JPG,5R/104MEDIA,0,Other_Amphibian,0.2935,1506.7,2310.2,1609.6,2410.6
/srv/shared_leopard_toad/2024/02.09.2024/5R/104MEDIA/DSCF0851.JPG,DSCF0851.JPG,5R/104MEDIA,0,Other_Amphibian,0.2615,1505.7,2309.7,1610.6,2411.1
/srv/shared_leopard_toad/2024/02.09.2024/5R/104MEDIA/DSCF0343.JPG,DSCF0343.JPG,5R/104MEDIA,0,Other_Amphibian,0.2371,1505.6,2309.7,1606.1,2411.1
/srv/shared_leopard_toad/2024/02.09.2024/5R/104MEDIA/DSCF0769.JPG,DSCF0769.JPG,5R/104MEDIA,0,Other_Amphibian,0.2878,1503.8,2309.3,1607.9,2411.5
/srv/shared_leopard_toad/2024/02.09.2024/5R/104MEDIA/DSCF0769.JPG,DSCF0769.JPG,5R/104MEDIA,0,Other_Amphibian,0.2217,1502.8,2308.9,1608.9,2411.8
/srv/shared_leopard_toad/2024/02.09.2024/5R/104MEDIA/DSCF0596.JPG,DSCF0596.JPG,5R/104MEDIA,0,Other_Amphibian,0.2969,1506.0,2308.6,1610.3,2412.2
/srv/shared_leopard_toad/2024/02.09.2024/5R/104MEDIA/DSCF0596.JPG,DSCF0596.JPG,5R/104MEDIA,0,Other_Amphibian,0.2318,1506.5,2308.6,1609.8,2412.2
/srv/shared_leopard_toad/2024/02.09.2024/5R/104MEDIA/DSCF0924.JPG,DSCF0924.JPG,5R/104MEDIA,0,Other_Amphibian,0.2456,1507.4,2310.6,1608.9,2410.2
/srv/shared_leopard_toad/2024/02.09.2024/5R/104MEDIA/DSCF0118.JPG,DSCF0118.JPG,5R/104MEDIA,2,Western_Leopard_Toad,0.3767,1412.4,2301.4,1611.6,2452.3
/srv/shared_leopard_toad/2024/02.09.2024/5R/104MEDIA/DSCF0118.JPG,DSCF0118.JPG,5R/104MEDIA,0,Other_Amphibian,0.2086,1412.4,2301.4,1611.6,2452.3
/srv/shared_leopard_toad/2024/02.09.2024/5R/104MEDIA/DSCF0949.JPG,DSCF0949.JPG,5R/104MEDIA,0,Other_Amphibian,0.2106,1506.3,2311.0,1612.2,2412.4
/srv/shared_leopard_toad/2024/02.09.2024/5R/104MEDIA/DSCF0943.JPG,DSCF0943.JPG,5R/104MEDIA,0,Other_Amphibian,0.2310,1504.5,2309.9,1607.2,2410.9
/srv/shared_leopard_toad/2024/02.09.2024/5R/104MEDIA/DSCF0917.JPG,DSCF0917.JPG,5R/104MEDIA,0,Other_Amphibian,0.2534,1508.6,2310.2,1609.9,2410.6
/srv/shared_leopard_toad/2024/02.09.2024/5R/104MEDIA/DSCF0917.JPG,DSCF0917.JPG,5R/104MEDIA,0,Other_Amphibian,0.2480,1507.7,2309.8,1610.8,2411.0
/srv/shared_leopard_toad/2024/02.09.2024/5R/104MEDIA/DSCF0672.JPG,DSCF0672.JPG,5R/104MEDIA,0,Other_Amphibian,0.2363,1506.2,2310.0,1607.8,2410.8
/srv/shared_leopard_toad/2024/02.09.2024/5R/104MEDIA/DSCF0662.JPG,DSCF0662.JPG,5R/104MEDIA,0,Other_Amphibian,0.2534,1508.5,2309.9,1610.0,2410.9
/srv/shared_leopard_toad/2024/02.09.2024/5R/104MEDIA/DSCF0433.JPG,DSCF0433.JPG,5R/104MEDIA,0,Other_Amphibian,0.2356,1506.9,2309.6,1611.6,2411.2
/srv/shared_leopard_toad/2024/02.09.2024/5R/104MEDIA/DSCF0970.JPG,DSCF0970.JPG,5R/104MEDIA,0,Other_Amphibian,0.2959,1509.6,2309.0,1613.4,2411.8
/srv/shared_leopard_toad/2024/02.09.2024/5R/104MEDIA/DSCF0157.JPG,DSCF0157.JPG,5R/104MEDIA,0,Other_Amphibian,0.2212,1408.5,2302.1,1611.0,2451.6
/srv/shared_leopard_toad/2024/02.09.2024/5R/104MEDIA/DSCF0732.JPG,DSCF0732.JPG,5R/104MEDIA,0,Other_Amphibian,0.2230,1510.2,2310.4,1612.8,2410.4
/srv/shared_leopard_toad/2024/02.09.2024/5R/104MEDIA/DSCF0634.JPG,DSCF0634.JPG,5R/104MEDIA,0,Other_Amphibian,0.3169,1508.0,2309.8,1612.7,2411.0
/srv/shared_leopard_toad/2024/02.09.2024/5R/104MEDIA/DSCF0634.JPG,DSCF0634.JPG,5R/104MEDIA,0,Other_Amphibian,0.2998,1507.2,2309.5,1613.5,2411.3
/srv/shared_leopard_toad/2024/02.09.2024/5R/104MEDIA/DSCF0896.JPG,DSCF0896.JPG,5R/104MEDIA,0,Other_Amphibian,0.2313,1506.6,2311.4,1611.9,2411.9
/srv/shared_leopard_toad/2024/02.09.2024/5R/104MEDIA/DSCF0896.JPG,DSCF0896.JPG,5R/104MEDIA,0,Other_Amphibian,0.2224,1507.5,2311.8,1611.0,2411.5
/srv/shared_leopard_toad/2024/02.09.2024/5R/104MEDIA/DSCF0925.JPG,DSCF0925.JPG,5R/104MEDIA,0,Other_Amphibian,0.2405,1507.6,2308.8,1613.1,2412.0
/srv/shared_leopard_toad/2024/02.09.2024/5R/104MEDIA/DSCF0528.JPG,DSCF0528.JPG,5R/104MEDIA,0,Other_Amphibian,0.3091,1506.0,2309.1,1610.3,2411.6
/srv/shared_leopard_toad/2024/02.09.2024/5R/104MEDIA/DSCF0528.JPG,DSCF0528.JPG,5R/104MEDIA,0,Other_Amphibian,0.2483,1505.1,2308.7,1611.2,2412.0
/srv/shared_leopard_toad/2024/02.09.2024/5R/104MEDIA/DSCF0155.JPG,DSCF0155.JPG,5R/104MEDIA,2,Western_Leopard_Toad,0.2561,1410.0,2301.5,1611.7,2452.2
/srv/shared_leopard_toad/2024/02.09.2024/5R/104MEDIA/DSCF0644.JPG,DSCF0644.JPG,5R/104MEDIA,0,Other_Amphibian,0.3171,1508.3,2308.1,1612.4,2410.1
/srv/shared_leopard_toad/2024/02.09.2024/5R/104MEDIA/DSCF0644.JPG,DSCF0644.JPG,5R/104MEDIA,0,Other_Amphibian,0.2705,1506.9,2309.0,1613.8,2411.8
/srv/shared_leopard_toad/2024/02.09.2024/5R/104MEDIA/DSCF0837.JPG,DSCF0837.JPG,5R/104MEDIA,0,Other_Amphibian,0.2395,1507.9,2310.6,1610.6,2410.2
/srv/shared_leopard_toad/2024/02.09.2024/5R/104MEDIA/DSCF0853.JPG,DSCF0853.JPG,5R/104MEDIA,0,Other_Amphibian,0.2235,1505.4,2308.8,1608.6,2412.0
/srv/shared_leopard_toad/2024/02.09.2024/5R/104MEDIA/DSCF0661.JPG,DSCF0661.JPG,5R/104MEDIA,0,Other_Amphibian,0.2335,1507.5,2309.0,1611.0,2411.8
/srv/shared_leopard_toad/2024/02.09.2024/5R/104MEDIA/DSCF0661.JPG,DSCF0661.JPG,5R/104MEDIA,0,Other_Amphibian,0.2074,1509.0,2309.3,1611.7,2411.5
/srv/shared_leopard_toad/2024/02.09.2024/5R/104MEDIA/DSCF0722.JPG,DSCF0722.JPG,5R/104MEDIA,0,Other_Amphibian,0.4355,1505.7,2310.0,1608.3,2410.8
/srv/shared_leopard_toad/2024/02.09.2024/5R/104MEDIA/DSCF0722.JPG,DSCF0722.JPG,5R/104MEDIA,0,Other_Amphibian,0.2556,1504.0,2309.7,1607.7,2411.1
/srv/shared_leopard_toad/2024/02.09.2024/5R/104MEDIA/DSCF0608.JPG,DSCF0608.JPG,5R/104MEDIA,0,Other_Amphibian,0.2158,1505.7,2309.4,1610.6,2411.4
/srv/shared_leopard_toad/2024/02.09.2024/5R/104MEDIA/DSCF0532.JPG,DSCF0532.JPG,5R/104MEDIA,0,Other_Amphibian,0.2251,1509.0,2309.2,1614.0,2411.6
/srv/shared_leopard_toad/2024/02.09.2024/5R/104MEDIA/DSCF0556.JPG,DSCF0556.JPG,5R/104MEDIA,0,Other_Amphibian,0.2517,1507.3,2309.9,1609.0,2410.9
/srv/shared_leopard_toad/2024/02.09.2024/5R/104MEDIA/DSCF0556.JPG,DSCF0556.JPG,5R/104MEDIA,0,Other_Amphibian,0.2207,1506.4,2309.8,1609.9,2411.0
/srv/shared_leopard_toad/2024/02.09.2024/5R/104MEDIA/DSCF0652.JPG,DSCF0652.JPG,5R/104MEDIA,0,Other_Amphibian,0.3730,1506.5,2310.6,1607.5,2410.2
/srv/shared_leopard_toad/2024/02.09.2024/5R/104MEDIA/DSCF0652.JPG,DSCF0652.JPG,5R/104MEDIA,0,Other_Amphibian,0.3123,1506.9,2310.6,1607.1,2410.1
/srv/shared_leopard_toad/2024/02.09.2024/5R/104MEDIA/DSCF0165.JPG,DSCF0165.JPG,5R/104MEDIA,2,Western_Leopard_Toad,0.5024,1412.2,2301.4,1609.5,2452.3
/srv/shared_leopard_toad/2024/02.09.2024/5R/104MEDIA/DSCF0165.JPG,DSCF0165.JPG,5R/104MEDIA,0,Other_Amphibian,0.3567,1412.2,2301.4,1609.5,2452.3
/srv/shared_leopard_toad/2024/02.09.2024/5R/104MEDIA/DSCF0615.JPG,DSCF0615.JPG,5R/104MEDIA,0,Other_Amphibian,0.2659,1504.2,2309.0,1614.3,2411.8
/srv/shared_leopard_toad/2024/02.09.2024/5R/104MEDIA/DSCF0878.JPG,DSCF0878.JPG,5R/104MEDIA,0,Other_Amphibian,0.2842,1508.6,2310.9,1609.9,2409.9
/srv/shared_leopard_toad/2024/02.09.2024/5R/104MEDIA/DSCF0878.JPG,DSCF0878.JPG,5R/104MEDIA,0,Other_Amphibian,0.2322,1509.1,2312.5,1609.4,2410.9
/srv/shared_leopard_toad/2024/02.09.2024/5R/104MEDIA/DSCF0761.JPG,DSCF0761.JPG,5R/104MEDIA,0,Other_Amphibian,0.2294,1508.1,2310.2,1610.4,2410.6
/srv/shared_leopard_toad/2024/02.09.2024/5R/104MEDIA/DSCF0945.JPG,DSCF0945.JPG,5R/104MEDIA,0,Other_Amphibian,0.3064,1506.5,2309.5,1607.5,2411.3
/srv/shared_leopard_toad/2024/02.09.2024/5R/104MEDIA/DSCF0945.JPG,DSCF0945.JPG,5R/104MEDIA,0,Other_Amphibian,0.2399,1505.6,2309.4,1608.4,2411.4
/srv/shared_leopard_toad/2024/02.09.2024/5R/104MEDIA/DSCF0405.JPG,DSCF0405.JPG,5R/104MEDIA,0,Other_Amphibian,0.2316,1505.8,2309.7,1608.2,2411.1
/srv/shared_leopard_toad/2024/02.09.2024/5R/104MEDIA/DSCF0405.JPG,DSCF0405.JPG,5R/104MEDIA,0,Other_Amphibian,0.2280,1506.3,2309.8,1607.7,2411.0
/srv/shared_leopard_toad/2024/02.09.2024/5R/104MEDIA/DSCF0989.JPG,DSCF0989.JPG,5R/104MEDIA,0,Other_Amphibian,0.2013,1504.3,2308.6,1612.0,2412.2
/srv/shared_leopard_toad/2024/02.09.2024/5R/104MEDIA/DSCF0653.JPG,DSCF0653.JPG,5R/104MEDIA,0,Other_Amphibian,0.2260,1507.1,2309.9,1609.2,2410.9
/srv/shared_leopard_toad/2024/02.09.2024/5R/104MEDIA/DSCF0838.JPG,DSCF0838.JPG,5R/104MEDIA,0,Other_Amphibian,0.2822,1506.2,2309.9,1610.1,2410.9
/srv/shared_leopard_toad/2024/02.09.2024/5R/104MEDIA/DSCF0284.JPG,DSCF0284.JPG,5R/104MEDIA,0,Other_Amphibian,0.2013,1507.0,2309.6,1604.7,2411.2
/srv/shared_leopard_toad/2024/02.09.2024/5R/104MEDIA/DSCF0861.JPG,DSCF0861.JPG,5R/104MEDIA,0,Other_Amphibian,0.2588,1504.5,2309.4,1611.8,2411.4
/srv/shared_leopard_toad/2024/02.09.2024/5R/104MEDIA/DSCF0861.JPG,DSCF0861.JPG,5R/104MEDIA,0,Other_Amphibian,0.2502,1505.3,2309.3,1611.0,2411.5
/srv/shared_leopard_toad/2024/02.09.2024/5R/104MEDIA/DSCF0659.JPG,DSCF0659.JPG,5R/104MEDIA,0,Other_Amphibian,0.3057,1508.3,2310.0,1612.4,2410.8
/srv/shared_leopard_toad/2024/02.09.2024/5R/104MEDIA/DSCF0295.JPG,DSCF0295.JPG,5R/104MEDIA,0,Other_Amphibian,0.2225,2482.8,-1.4,2642.7,123.1
/srv/shared_leopard_toad/2024/02.09.2024/5R/104MEDIA/DSCF0740.JPG,DSCF0740.JPG,5R/104MEDIA,0,Other_Amphibian,0.2246,1506.6,2309.7,1611.9,2411.1
/srv/shared_leopard_toad/2024/02.09.2024/5R/104MEDIA/DSCF0740.JPG,DSCF0740.JPG,5R/104MEDIA,0,Other_Amphibian,0.2161,1507.5,2309.9,1611.0,2410.9
/srv/shared_leopard_toad/2024/02.09.2024/5R/104MEDIA/DSCF0384.JPG,DSCF0384.JPG,5R/104MEDIA,0,Other_Amphibian,0.2534,1506.1,2314.5,1607.9,2411.4
/srv/shared_leopard_toad/2024/02.09.2024/5R/104MEDIA/DSCF0384.JPG,DSCF0384.JPG,5R/104MEDIA,0,Other_Amphibian,0.2441,1505.7,2315.8,1608.3,2412.6
/srv/shared_leopard_toad/2024/02.09.2024/5R/104MEDIA/DSCF0930.JPG,DSCF0930.JPG,5R/104MEDIA,0,Other_Amphibian,0.2480,1506.8,2310.4,1611.7,2410.3
/srv/shared_leopard_toad/2024/02.09.2024/5R/104MEDIA/DSCF0930.JPG,DSCF0930.JPG,5R/104MEDIA,0,Other_Amphibian,0.2118,1506.3,2310.7,1610.0,2410.1
/srv/shared_leopard_toad/2024/02.09.2024/5R/104MEDIA/DSCF0731.JPG,DSCF0731.JPG,5R/104MEDIA,0,Other_Amphibian,0.3977,1507.5,2309.4,1613.2,2411.4
/srv/shared_leopard_toad/2024/02.09.2024/5R/104MEDIA/DSCF0898.JPG,DSCF0898.JPG,5R/104MEDIA,0,Other_Amphibian,0.3999,1507.9,2310.8,1610.6,2409.9
/srv/shared_leopard_toad/2024/02.09.2024/5R/104MEDIA/DSCF0898.JPG,DSCF0898.JPG,5R/104MEDIA,0,Other_Amphibian,0.2280,1509.4,2311.2,1611.3,2409.6
/srv/shared_leopard_toad/2024/02.09.2024/5R/104MEDIA/DSCF0268.JPG,DSCF0268.JPG,5R/104MEDIA,0,Other_Amphibian,0.2483,1503.7,2322.0,1601.3,2411.4
/srv/shared_leopard_toad/2024/02.09.2024/5R/104MEDIA/DSCF0582.JPG,DSCF0582.JPG,5R/104MEDIA,0,Other_Amphibian,0.2168,1507.7,2308.9,1613.0,2411.8
/srv/shared_leopard_toad/2024/02.09.2024/5R/104MEDIA/DSCF0106.JPG,DSCF0106.JPG,5R/104MEDIA,2,Western_Leopard_Toad,0.2893,1411.2,2301.8,1610.6,2451.9
/srv/shared_leopard_toad/2024/02.09.2024/5R/104MEDIA/DSCF0106.JPG,DSCF0106.JPG,5R/104MEDIA,0,Other_Amphibian,0.2034,1411.2,2301.8,1610.6,2451.9
/srv/shared_leopard_toad/2024/02.09.2024/5R/104MEDIA/DSCF0246.JPG,DSCF0246.JPG,5R/104MEDIA,0,Other_Amphibian,0.2346,1506.2,2309.9,1605.6,2410.9
/srv/shared_leopard_toad/2024/02.09.2024/5R/104MEDIA/DSCF0246.JPG,DSCF0246.JPG,5R/104MEDIA,0,Other_Amphibian,0.2118,1506.2,2310.2,1605.6,2410.6
/srv/shared_leopard_toad/2024/02.09.2024/5R/104MEDIA/DSCF0978.JPG,DSCF0978.JPG,5R/104MEDIA,0,Other_Amphibian,0.3306,1508.8,2309.6,1611.9,2411.2
/srv/shared_leopard_toad/2024/02.09.2024/5R/104MEDIA/DSCF0978.JPG,DSCF0978.JPG,5R/104MEDIA,0,Other_Amphibian,0.2269,1509.6,2309.6,1611.1,2411.2
/srv/shared_leopard_toad/2024/02.09.2024/5R/104MEDIA/DSCF0378.JPG,DSCF0378.JPG,5R/104MEDIA,0,Other_Amphibian,0.2073,2487.9,-2.1,2642.1,121.8
/srv/shared_leopard_toad/2024/02.09.2024/5R/104MEDIA/DSCF0148.JPG,DSCF0148.JPG,5R/104MEDIA,2,Western_Leopard_Toad,0.2837,1410.2,2301.5,1609.3,2452.2
/srv/shared_leopard_toad/2024/02.09.2024/5R/104MEDIA/DSCF0148.JPG,DSCF0148.JPG,5R/104MEDIA,0,Other_Amphibian,0.2808,1410.2,2301.5,1609.3,2452.2
/srv/shared_leopard_toad/2024/02.09.2024/5R/104MEDIA/DSCF0842.JPG,DSCF0842.JPG,5R/104MEDIA,0,Other_Amphibian,0.2081,1506.3,2309.7,1607.7,2411.1
/srv/shared_leopard_toad/2024/02.09.2024/5R/104MEDIA/DSCF0842.JPG,DSCF0842.JPG,5R/104MEDIA,0,Other_Amphibian,0.2039,1505.1,2309.4,1608.9,2411.4
/srv/shared_leopard_toad/2024/02.09.2024/5R/104MEDIA/DSCF0738.JPG,DSCF0738.JPG,5R/104MEDIA,0,Other_Amphibian,0.2299,1509.0,2310.0,1614.0,2410.8
/srv/shared_leopard_toad/2024/02.09.2024/5R/104MEDIA/DSCF0875.JPG,DSCF0875.JPG,5R/104MEDIA,0,Other_Amphibian,0.2246,1507.0,2310.4,1613.7,2410.4
/srv/shared_leopard_toad/2024/02.09.2024/5R/104MEDIA/DSCF0856.JPG,DSCF0856.JPG,5R/104MEDIA,0,Other_Amphibian,0.3010,1505.7,2308.9,1610.6,2411.8
/srv/shared_leopard_toad/2024/02.09.2024/5R/104MEDIA/DSCF0856.JPG,DSCF0856.JPG,5R/104MEDIA,0,Other_Amphibian,0.2166,1506.1,2309.0,1610.2,2411.8
/srv/shared_leopard_toad/2024/02.09.2024/5R/104MEDIA/DSCF0607.JPG,DSCF0607.JPG,5R/104MEDIA,0,Other_Amphibian,0.2783,1504.9,2309.4,1611.4,2411.4
/srv/shared_leopard_toad/2024/02.09.2024/5R/104MEDIA/DSCF0607.JPG,DSCF0607.JPG,5R/104MEDIA,0,Other_Amphibian,0.2242,1505.3,2309.6,1611.0,2411.2
/srv/shared_leopard_toad/2024/02.09.2024/5R/104MEDIA/DSCF0788.JPG,DSCF0788.JPG,5R/104MEDIA,0,Other_Amphibian,0.2737,1505.7,2308.7,1610.6,2412.0
/srv/shared_leopard_toad/2024/02.09.2024/5R/104MEDIA/DSCF0788.JPG,DSCF0788.JPG,5R/104MEDIA,0,Other_Amphibian,0.2639,1506.5,2309.0,1609.8,2411.8
/srv/shared_leopard_toad/2024/02.09.2024/5R/104MEDIA/DSCF0721.JPG,DSCF0721.JPG,5R/104MEDIA,0,Other_Amphibian,0.2394,1508.5,2309.8,1612.2,2411.0
/srv/shared_leopard_toad/2024/02.09.2024/5R/104MEDIA/DSCF0721.JPG,DSCF0721.JPG,5R/104MEDIA,0,Other_Amphibian,0.2144,1508.9,2309.9,1611.8,2410.9
/srv/shared_leopard_toad/2024/02.09.2024/5R/104MEDIA/DSCF0888.JPG,DSCF0888.JPG,5R/104MEDIA,0,Other_Amphibian,0.2144,1506.4,2310.9,1609.9,2412.4
/srv/shared_leopard_toad/2024/02.09.2024/5R/104MEDIA/DSCF0888.JPG,DSCF0888.JPG,5R/104MEDIA,0,Other_Amphibian,0.2056,1505.4,2309.5,1610.9,2411.3
/srv/shared_leopard_toad/2024/02.09.2024/5R/104MEDIA/DSCF0494.JPG,DSCF0494.JPG,5R/104MEDIA,0,Other_Amphibian,0.2981,1505.5,2309.0,1608.5,2411.8
/srv/shared_leopard_toad/2024/02.09.2024/5R/104MEDIA/DSCF0908.JPG,DSCF0908.JPG,5R/104MEDIA,0,Other_Amphibian,0.2920,1507.5,2309.5,1611.0,2411.3
/srv/shared_leopard_toad/2024/02.09.2024/5R/104MEDIA/DSCF0908.JPG,DSCF0908.JPG,5R/104MEDIA,0,Other_Amphibian,0.2278,1507.8,2309.7,1610.7,2411.1
/srv/shared_leopard_toad/2024/02.09.2024/5R/104MEDIA/DSCF0158.JPG,DSCF0158.JPG,5R/104MEDIA,0,Other_Amphibian,0.2363,1407.7,2301.9,1611.8,2451.8
/srv/shared_leopard_toad/2024/02.09.2024/5R/104MEDIA/DSCF0474.JPG,DSCF0474.JPG,5R/104MEDIA,0,Other_Amphibian,0.2666,2488.4,-0.4,2632.6,122.5
/srv/shared_leopard_toad/2024/02.09.2024/5R/104MEDIA/DSCF0872.JPG,DSCF0872.JPG,5R/104MEDIA,0,Other_Amphibian,0.2002,1507.9,2309.5,1612.9,2411.3
/srv/shared_leopard_toad/2024/02.09.2024/5R/104MEDIA/DSCF0499.JPG,DSCF0499.JPG,5R/104MEDIA,0,Other_Amphibian,0.2527,1506.0,2310.9,1614.8,2412.4
/srv/shared_leopard_toad/2024/02.09.2024/5R/104MEDIA/DSCF0892.JPG,DSCF0892.JPG,5R/104MEDIA,0,Other_Amphibian,0.2031,1504.8,2309.0,1609.2,2411.8
/srv/shared_leopard_toad/2024/02.09.2024/5R/104MEDIA/DSCF0900.JPG,DSCF0900.JPG,5R/104MEDIA,0,Other_Amphibian,0.2812,1504.4,2308.9,1609.6,2411.8
/srv/shared_leopard_toad/2024/02.09.2024/5R/104MEDIA/DSCF0900.JPG,DSCF0900.JPG,5R/104MEDIA,0,Other_Amphibian,0.2448,1506.1,2309.0,1610.2,2411.8
/srv/shared_leopard_toad/2024/02.09.2024/5R/104MEDIA/DSCF0877.JPG,DSCF0877.JPG,5R/104MEDIA,0,Other_Amphibian,0.2477,1506.8,2309.3,1611.7,2411.5
/srv/shared_leopard_toad/2024/02.09.2024/5R/104MEDIA/DSCF0877.JPG,DSCF0877.JPG,5R/104MEDIA,0,Other_Amphibian,0.2208,1507.6,2309.6,1610.9,2411.2
/srv/shared_leopard_toad/2024/02.09.2024/5R/104MEDIA/DSCF0890.JPG,DSCF0890.JPG,5R/104MEDIA,0,Other_Amphibian,0.2094,1509.0,2308.7,1611.7,2412.0
/srv/shared_leopard_toad/2024/02.09.2024/5R/104MEDIA/DSCF0655.JPG,DSCF0655.JPG,5R/104MEDIA,0,Other_Amphibian,0.2198,1504.0,2309.2,1607.7,2411.6
/srv/shared_leopard_toad/2024/02.09.2024/5R/104MEDIA/DSCF0965.JPG,DSCF0965.JPG,5R/104MEDIA,0,Other_Amphibian,0.2649,1506.8,2309.1,1613.9,2411.6
/srv/shared_leopard_toad/2024/02.09.2024/5R/104MEDIA/DSCF0965.JPG,DSCF0965.JPG,5R/104MEDIA,0,Other_Amphibian,0.2371,1509.0,2309.5,1614.0,2411.3
/srv/shared_leopard_toad/2024/02.09.2024/5R/104MEDIA/DSCF0750.JPG,DSCF0750.JPG,5R/104MEDIA,0,Other_Amphibian,0.2147,1505.6,2311.9,1610.6,2411.4
/srv/shared_leopard_toad/2024/02.09.2024/5R/104MEDIA/DSCF0669.JPG,DSCF0669.JPG,5R/104MEDIA,0,Other_Amphibian,0.2264,1507.3,2308.3,1613.4,2412.4
/srv/shared_leopard_toad/2024/02.09.2024/5R/104MEDIA/DSCF0753.JPG,DSCF0753.JPG,5R/104MEDIA,0,Other_Amphibian,0.2729,1508.2,2307.9,1612.5,2412.8
/srv/shared_leopard_toad/2024/02.09.2024/5R/104MEDIA/DSCF0753.JPG,DSCF0753.JPG,5R/104MEDIA,0,Other_Amphibian,0.2213,1508.9,2307.9,1611.8,2412.8
/srv/shared_leopard_toad/2024/02.09.2024/5R/104MEDIA/DSCF0363.JPG,DSCF0363.JPG,5R/104MEDIA,0,Other_Amphibian,0.2600,1506.3,2311.6,1610.0,2411.7
/srv/shared_leopard_toad/2024/02.09.2024/5R/104MEDIA/DSCF0363.JPG,DSCF0363.JPG,5R/104MEDIA,0,Other_Amphibian,0.2272,1506.5,2311.7,1609.8,2411.6
/srv/shared_leopard_toad/2024/02.09.2024/5R/104MEDIA/DSCF0823.JPG,DSCF0823.JPG,5R/104MEDIA,0,Other_Amphibian,0.2612,1506.0,2311.0,1608.0,2412.3
/srv/shared_leopard_toad/2024/02.09.2024/5R/104MEDIA/DSCF0823.JPG,DSCF0823.JPG,5R/104MEDIA,0,Other_Amphibian,0.2086,1503.8,2309.5,1607.9,2411.3
/srv/shared_leopard_toad/2024/02.09.2024/5R/104MEDIA/DSCF0478.JPG,DSCF0478.JPG,5R/104MEDIA,0,Other_Amphibian,0.2490,1505.1,2308.9,1611.2,2411.8
/srv/shared_leopard_toad/2024/02.09.2024/5R/104MEDIA/DSCF0675.JPG,DSCF0675.JPG,5R/104MEDIA,0,Other_Amphibian,0.2808,1506.3,2309.5,1612.2,2411.3
/srv/shared_leopard_toad/2024/02.09.2024/5R/104MEDIA/DSCF0675.JPG,DSCF0675.JPG,5R/104MEDIA,0,Other_Amphibian,0.2189,1508.0,2309.7,1612.7,2411.1
/srv/shared_leopard_toad/2024/02.09.2024/5R/104MEDIA/DSCF0820.JPG,DSCF0820.JPG,5R/104MEDIA,0,Other_Amphibian,0.2249,1506.1,2309.4,1612.4,2411.4
/srv/shared_leopard_toad/2024/02.09.2024/5R/104MEDIA/DSCF0782.JPG,DSCF0782.JPG,5R/104MEDIA,0,Other_Amphibian,0.2039,1507.0,2309.4,1613.7,2411.4
/srv/shared_leopard_toad/2024/02.09.2024/5R/104MEDIA/DSCF0533.JPG,DSCF0533.JPG,5R/104MEDIA,0,Other_Amphibian,0.4045,1505.0,2309.5,1609.0,2411.3
/srv/shared_leopard_toad/2024/02.09.2024/5R/104MEDIA/DSCF0533.JPG,DSCF0533.JPG,5R/104MEDIA,0,Other_Amphibian,0.3489,1505.1,2309.7,1608.9,2411.1
/srv/shared_leopard_toad/2024/02.09.2024/5R/104MEDIA/DSCF0418.JPG,DSCF0418.JPG,5R/104MEDIA,0,Other_Amphibian,0.2264,1507.6,2309.3,1608.6,2411.5
/srv/shared_leopard_toad/2024/02.09.2024/5R/104MEDIA/DSCF0483.JPG,DSCF0483.JPG,5R/104MEDIA,0,Other_Amphibian,0.2224,1508.5,2309.1,1612.2,2411.6
/srv/shared_leopard_toad/2024/02.09.2024/5R/104MEDIA/DSCF0937.JPG,DSCF0937.JPG,5R/104MEDIA,0,Other_Amphibian,0.2842,1507.0,2309.7,1609.3,2411.1
/srv/shared_leopard_toad/2024/02.09.2024/5R/104MEDIA/DSCF0686.JPG,DSCF0686.JPG,5R/104MEDIA,0,Other_Amphibian,0.2395,1507.2,2308.6,1615.8,2412.2
/srv/shared_leopard_toad/2024/02.09.2024/5R/104MEDIA/DSCF0805.JPG,DSCF0805.JPG,5R/104MEDIA,0,Other_Amphibian,0.2671,1505.8,2310.1,1612.7,2410.7
/srv/shared_leopard_toad/2024/02.09.2024/5R/104MEDIA/DSCF0805.JPG,DSCF0805.JPG,5R/104MEDIA,0,Other_Amphibian,0.2556,1503.5,2309.7,1612.7,2411.1
/srv/shared_leopard_toad/2024/02.09.2024/5R/104MEDIA/DSCF0387.JPG,DSCF0387.JPG,5R/104MEDIA,0,Other_Amphibian,0.2202,1506.3,2309.3,1614.4,2411.5
/srv/shared_leopard_toad/2024/02.09.2024/5R/104MEDIA/DSCF0786.JPG,DSCF0786.JPG,5R/104MEDIA,0,Other_Amphibian,0.4075,1504.9,2309.5,1609.1,2411.3
/srv/shared_leopard_toad/2024/02.09.2024/5R/104MEDIA/DSCF0786.JPG,DSCF0786.JPG,5R/104MEDIA,0,Other_Amphibian,0.2629,1505.5,2309.8,1608.5,2411.0
/srv/shared_leopard_toad/2024/02.09.2024/5R/104MEDIA/DSCF0660.JPG,DSCF0660.JPG,5R/104MEDIA,0,Other_Amphibian,0.2040,1506.8,2311.6,1611.7,2411.7
/srv/shared_leopard_toad/2024/02.09.2024/5R/104MEDIA/DSCF0742.JPG,DSCF0742.JPG,5R/104MEDIA,0,Other_Amphibian,0.2722,1506.4,2309.5,1609.9,2411.3
/srv/shared_leopard_toad/2024/02.09.2024/5R/104MEDIA/DSCF0742.JPG,DSCF0742.JPG,5R/104MEDIA,0,Other_Amphibian,0.2061,1505.3,2309.5,1611.0,2411.3
/srv/shared_leopard_toad/2024/02.09.2024/5R/104MEDIA/DSCF0966.JPG,DSCF0966.JPG,5R/104MEDIA,0,Other_Amphibian,0.2273,1507.2,2309.5,1611.3,2411.3
/srv/shared_leopard_toad/2024/02.09.2024/5R/104MEDIA/DSCF0966.JPG,DSCF0966.JPG,5R/104MEDIA,0,Other_Amphibian,0.2094,1509.1,2309.7,1611.6,2411.1
/srv/shared_leopard_toad/2024/02.09.2024/5R/104MEDIA/DSCF0985.JPG,DSCF0985.JPG,5R/104MEDIA,0,Other_Amphibian,0.2974,1506.9,2308.2,1616.1,2412.6
/srv/shared_leopard_toad/2024/02.09.2024/5R/104MEDIA/DSCF0841.JPG,DSCF0841.JPG,5R/104MEDIA,0,Other_Amphibian,0.2456,1507.5,2311.8,1615.5,2411.5
/srv/shared_leopard_toad/2024/02.09.2024/5R/104MEDIA/DSCF0500.JPG,DSCF0500.JPG,5R/104MEDIA,0,Other_Amphibian,0.2268,1504.2,2308.8,1609.8,2412.0
/srv/shared_leopard_toad/2024/02.09.2024/5R/104MEDIA/DSCF0525.JPG,DSCF0525.JPG,5R/104MEDIA,0,Other_Amphibian,0.2144,1507.0,2310.8,1616.0,2412.6
/srv/shared_leopard_toad/2024/02.09.2024/5R/104MEDIA/DSCF0798.JPG,DSCF0798.JPG,5R/104MEDIA,0,Other_Amphibian,0.2502,1506.8,2310.8,1609.5,2409.9
/srv/shared_leopard_toad/2024/02.09.2024/5R/104MEDIA/DSCF0904.JPG,DSCF0904.JPG,5R/104MEDIA,0,Other_Amphibian,0.2451,1505.5,2309.9,1608.5,2410.9
/srv/shared_leopard_toad/2024/02.09.2024/5R/104MEDIA/DSCF0904.JPG,DSCF0904.JPG,5R/104MEDIA,0,Other_Amphibian,0.2244,1505.6,2309.7,1610.6,2411.1
/srv/shared_leopard_toad/2024/02.09.2024/5R/104MEDIA/DSCF0735.JPG,DSCF0735.JPG,5R/104MEDIA,0,Other_Amphibian,0.2751,1505.8,2310.4,1610.5,2410.3
/srv/shared_leopard_toad/2024/02.09.2024/5R/104MEDIA/DSCF0794.JPG,DSCF0794.JPG,5R/104MEDIA,0,Other_Amphibian,0.3384,1507.3,2308.6,1609.0,2412.2
/srv/shared_leopard_toad/2024/02.09.2024/5R/104MEDIA/DSCF0794.JPG,DSCF0794.JPG,5R/104MEDIA,0,Other_Amphibian,0.2277,1505.1,2307.1,1608.9,2411.2
/srv/shared_leopard_toad/2024/02.09.2024/5R/104MEDIA/DSCF0360.JPG,DSCF0360.JPG,5R/104MEDIA,0,Other_Amphibian,0.2263,1507.1,2313.4,1606.9,2412.4
/srv/shared_leopard_toad/2024/02.09.2024/5R/104MEDIA/DSCF0360.JPG,DSCF0360.JPG,5R/104MEDIA,0,Other_Amphibian,0.2190,1506.4,2311.9,1607.6,2411.4
/srv/shared_leopard_toad/2024/02.09.2024/5R/104MEDIA/DSCF0902.JPG,DSCF0902.JPG,5R/104MEDIA,0,Other_Amphibian,0.2627,1507.9,2309.2,1612.8,2411.6
/srv/shared_leopard_toad/2024/02.09.2024/5R/104MEDIA/DSCF0883.JPG,DSCF0883.JPG,5R/104MEDIA,0,Other_Amphibian,0.2185,1508.3,2311.7,1612.4,2411.6
/srv/shared_leopard_toad/2024/02.09.2024/5R/104MEDIA/DSCF0883.JPG,DSCF0883.JPG,5R/104MEDIA,0,Other_Amphibian,0.2096,1505.9,2311.3,1612.6,2412.0
/srv/shared_leopard_toad/2024/02.09.2024/5R/104MEDIA/DSCF0826.JPG,DSCF0826.JPG,5R/104MEDIA,0,Other_Amphibian,0.2264,1506.4,2309.5,1612.1,2411.3
/srv/shared_leopard_toad/2024/02.09.2024/5R/104MEDIA/DSCF0826.JPG,DSCF0826.JPG,5R/104MEDIA,0,Other_Amphibian,0.2042,1508.2,2309.7,1612.5,2411.1
/srv/shared_leopard_toad/2024/02.09.2024/5R/104MEDIA/DSCF0463.JPG,DSCF0463.JPG,5R/104MEDIA,0,Other_Amphibian,0.2225,1509.0,2308.9,1614.0,2411.8
/srv/shared_leopard_toad/2024/02.09.2024/5R/104MEDIA/DSCF0964.JPG,DSCF0964.JPG,5R/104MEDIA,0,Other_Amphibian,0.5200,2979.7,1791.3,3158.3,1980.2
/srv/shared_leopard_toad/2024/02.09.2024/5R/104MEDIA/DSCF0967.JPG,DSCF0967.JPG,5R/104MEDIA,0,Other_Amphibian,0.4839,1505.1,2310.0,1606.6,2410.8
/srv/shared_leopard_toad/2024/02.09.2024/5R/104MEDIA/DSCF0967.JPG,DSCF0967.JPG,5R/104MEDIA,0,Other_Amphibian,0.3062,1504.1,2309.6,1607.6,2411.2
/srv/shared_leopard_toad/2024/02.09.2024/5R/104MEDIA/DSCF0760.JPG,DSCF0760.JPG,5R/104MEDIA,0,Other_Amphibian,0.3647,1505.6,2309.2,1610.6,2411.6
/srv/shared_leopard_toad/2024/02.09.2024/5R/104MEDIA/DSCF0760.JPG,DSCF0760.JPG,5R/104MEDIA,0,Other_Amphibian,0.3550,1507.4,2309.6,1611.1,2411.2
/srv/shared_leopard_toad/2024/02.09.2024/5R/104MEDIA/DSCF0593.JPG,DSCF0593.JPG,5R/104MEDIA,0,Other_Amphibian,0.4238,1504.5,2308.3,1609.5,2412.4
/srv/shared_leopard_toad/2024/02.09.2024/5R/104MEDIA/DSCF0593.JPG,DSCF0593.JPG,5R/104MEDIA,0,Other_Amphibian,0.3262,1504.8,2308.4,1609.2,2412.4
/srv/shared_leopard_toad/2024/02.09.2024/5R/104MEDIA/DSCF0903.JPG,DSCF0903.JPG,5R/104MEDIA,0,Other_Amphibian,0.3835,1507.2,2311.3,1606.8,2409.5
/srv/shared_leopard_toad/2024/02.09.2024/5R/104MEDIA/DSCF0903.JPG,DSCF0903.JPG,5R/104MEDIA,0,Other_Amphibian,0.2274,1505.6,2310.6,1608.4,2410.1
/srv/shared_leopard_toad/2024/02.09.2024/5R/104MEDIA/DSCF0724.JPG,DSCF0724.JPG,5R/104MEDIA,0,Other_Amphibian,0.3088,1505.3,2310.2,1611.0,2410.5
/srv/shared_leopard_toad/2024/02.09.2024/5R/104MEDIA/DSCF0724.JPG,DSCF0724.JPG,5R/104MEDIA,0,Other_Amphibian,0.3047,1506.2,2310.6,1610.1,2410.1
/srv/shared_leopard_toad/2024/02.09.2024/5R/104MEDIA/DSCF0997.JPG,DSCF0997.JPG,5R/104MEDIA,0,Other_Amphibian,0.2554,1507.1,2310.2,1609.2,2410.5
/srv/shared_leopard_toad/2024/02.09.2024/5R/104MEDIA/DSCF0997.JPG,DSCF0997.JPG,5R/104MEDIA,0,Other_Amphibian,0.2065,1507.5,2310.2,1608.8,2410.5
/srv/shared_leopard_toad/2024/02.09.2024/5R/104MEDIA/DSCF0381.JPG,DSCF0381.JPG,5R/104MEDIA,0,Other_Amphibian,0.2074,1506.0,2310.4,1608.0,2410.4
/srv/shared_leopard_toad/2024/02.09.2024/5R/104MEDIA/DSCF0365.JPG,DSCF0365.JPG,5R/104MEDIA,0,Other_Amphibian,0.2761,2487.7,-1.8,2642.3,124.4
/srv/shared_leopard_toad/2024/02.09.2024/5R/104MEDIA/DSCF0538.JPG,DSCF0538.JPG,5R/104MEDIA,0,Other_Amphibian,0.2194,1507.2,2309.1,1611.3,2411.6
/srv/shared_leopard_toad/2024/02.09.2024/5R/104MEDIA/DSCF0913.JPG,DSCF0913.JPG,5R/104MEDIA,0,Other_Amphibian,0.2896,1508.3,2310.2,1614.7,2410.6
/srv/shared_leopard_toad/2024/02.09.2024/5R/104MEDIA/DSCF0913.JPG,DSCF0913.JPG,5R/104MEDIA,0,Other_Amphibian,0.2140,1507.3,2310.4,1613.4,2410.4
/srv/shared_leopard_toad/2024/02.09.2024/5R/104MEDIA/DSCF0947.JPG,DSCF0947.JPG,5R/104MEDIA,0,Other_Amphibian,0.3464,1506.9,2310.4,1609.4,2410.4
/srv/shared_leopard_toad/2024/02.09.2024/5R/104MEDIA/DSCF0947.JPG,DSCF0947.JPG,5R/104MEDIA,0,Other_Amphibian,0.2961,1507.4,2310.8,1608.9,2409.9
/srv/shared_leopard_toad/2024/02.09.2024/5R/104MEDIA/DSCF0772.JPG,DSCF0772.JPG,5R/104MEDIA,0,Other_Amphibian,0.2861,1507.2,2308.9,1613.5,2411.8
/srv/shared_leopard_toad/2024/02.09.2024/5R/104MEDIA/DSCF0844.JPG,DSCF0844.JPG,5R/104MEDIA,0,Other_Amphibian,0.2001,1507.1,2310.0,1611.4,2410.8
/srv/shared_leopard_toad/2024/02.09.2024/5R/104MEDIA/DSCF0824.JPG,DSCF0824.JPG,5R/104MEDIA,0,Other_Amphibian,0.2002,1505.0,2309.1,1609.0,2411.6
/srv/shared_leopard_toad/2024/02.09.2024/5R/104MEDIA/DSCF0886.JPG,DSCF0886.JPG,5R/104MEDIA,0,Other_Amphibian,0.2327,1506.7,2311.1,1609.6,2409.7
/srv/shared_leopard_toad/2024/02.09.2024/5R/104MEDIA/DSCF0886.JPG,DSCF0886.JPG,5R/104MEDIA,0,Other_Amphibian,0.2037,1507.4,2311.1,1608.9,2409.7
/srv/shared_leopard_toad/2024/02.09.2024/5R/104MEDIA/DSCF0773.JPG,DSCF0773.JPG,5R/104MEDIA,0,Other_Amphibian,0.2142,1505.4,2310.9,1606.4,2409.9
/srv/shared_leopard_toad/2024/02.09.2024/5R/104MEDIA/DSCF0849.JPG,DSCF0849.JPG,5R/104MEDIA,0,Other_Amphibian,0.2026,1508.2,2308.9,1612.5,2411.8
/srv/shared_leopard_toad/2024/02.09.2024/5R/104MEDIA/DSCF0916.JPG,DSCF0916.JPG,5R/104MEDIA,0,Other_Amphibian,0.2339,1505.8,2309.1,1610.5,2411.6
/srv/shared_leopard_toad/2024/02.09.2024/5R/104MEDIA/DSCF0916.JPG,DSCF0916.JPG,5R/104MEDIA,0,Other_Amphibian,0.2007,1504.9,2308.8,1611.4,2412.0
/srv/shared_leopard_toad/2024/02.09.2024/5R/104MEDIA/DSCF0685.JPG,DSCF0685.JPG,5R/104MEDIA,0,Other_Amphibian,0.2134,1507.1,2309.7,1613.6,2411.1
/srv/shared_leopard_toad/2024/02.09.2024/5R/104MEDIA/DSCF0685.JPG,DSCF0685.JPG,5R/104MEDIA,0,Other_Amphibian,0.2123,1507.9,2310.2,1612.8,2410.6
/srv/shared_leopard_toad/2024/02.09.2024/5R/104MEDIA/DSCF0612.JPG,DSCF0612.JPG,5R/104MEDIA,0,Other_Amphibian,0.3081,1508.4,2308.6,1614.6,2412.2
/srv/shared_leopard_toad/2024/02.09.2024/5R/104MEDIA/DSCF0612.JPG,DSCF0612.JPG,5R/104MEDIA,0,Other_Amphibian,0.2047,1508.7,2308.7,1614.3,2412.0
/srv/shared_leopard_toad/2024/02.09.2024/5R/104MEDIA/DSCF0714.JPG,DSCF0714.JPG,5R/104MEDIA,0,Other_Amphibian,0.3066,1505.4,2309.8,1610.9,2411.0
/srv/shared_leopard_toad/2024/02.09.2024/5R/104MEDIA/DSCF0714.JPG,DSCF0714.JPG,5R/104MEDIA,0,Other_Amphibian,0.2615,1505.0,2310.0,1609.0,2410.8
/srv/shared_leopard_toad/2024/02.09.2024/5R/104MEDIA/DSCF0545.JPG,DSCF0545.JPG,5R/104MEDIA,0,Other_Amphibian,0.2629,1508.7,2309.3,1612.0,2411.5
/srv/shared_leopard_toad/2024/02.09.2024/5R/104MEDIA/DSCF0705.JPG,DSCF0705.JPG,5R/104MEDIA,0,Other_Amphibian,0.2344,1506.2,2309.6,1612.3,2411.2
/srv/shared_leopard_toad/2024/02.09.2024/5R/104MEDIA/DSCF0108.JPG,DSCF0108.JPG,5R/104MEDIA,2,Western_Leopard_Toad,0.4446,1411.0,2300.1,1610.8,2451.0
/srv/shared_leopard_toad/2024/02.09.2024/5R/104MEDIA/DSCF0108.JPG,DSCF0108.JPG,5R/104MEDIA,0,Other_Amphibian,0.2910,1411.0,2300.1,1610.8,2451.0
/srv/shared_leopard_toad/2024/02.09.2024/5R/104MEDIA/DSCF0901.JPG,DSCF0901.JPG,5R/104MEDIA,0,Other_Amphibian,0.2561,1507.6,2309.8,1608.6,2411.0
/srv/shared_leopard_toad/2024/02.09.2024/5R/104MEDIA/DSCF0901.JPG,DSCF0901.JPG,5R/104MEDIA,0,Other_Amphibian,0.2069,1506.8,2310.0,1607.2,2410.8
/srv/shared_leopard_toad/2024/02.09.2024/5R/104MEDIA/DSCF0692.JPG,DSCF0692.JPG,5R/104MEDIA,0,Other_Amphibian,0.2874,1507.2,2309.6,1609.1,2411.2
/srv/shared_leopard_toad/2024/02.09.2024/5R/104MEDIA/DSCF0692.JPG,DSCF0692.JPG,5R/104MEDIA,0,Other_Amphibian,0.2847,1506.4,2309.4,1609.9,2411.4
/srv/shared_leopard_toad/2024/02.09.2024/5R/104MEDIA/DSCF0708.JPG,DSCF0708.JPG,5R/104MEDIA,0,Other_Amphibian,0.3088,1506.9,2309.4,1609.4,2411.4
/srv/shared_leopard_toad/2024/02.09.2024/5R/104MEDIA/DSCF0708.JPG,DSCF0708.JPG,5R/104MEDIA,0,Other_Amphibian,0.3010,1506.0,2309.1,1610.3,2411.6
/srv/shared_leopard_toad/2024/02.09.2024/5R/104MEDIA/DSCF0408.JPG,DSCF0408.JPG,5R/104MEDIA,0,Other_Amphibian,0.2483,1506.0,2311.0,1612.5,2412.3
/srv/shared_leopard_toad/2024/02.09.2024/5R/104MEDIA/DSCF0408.JPG,DSCF0408.JPG,5R/104MEDIA,0,Other_Amphibian,0.2009,1506.8,2311.1,1611.7,2412.2
/srv/shared_leopard_toad/2024/02.09.2024/5R/104MEDIA/DSCF0825.JPG,DSCF0825.JPG,5R/104MEDIA,0,Other_Amphibian,0.3889,1505.0,2307.4,1609.0,2410.9
/srv/shared_leopard_toad/2024/02.09.2024/5R/104MEDIA/DSCF0825.JPG,DSCF0825.JPG,5R/104MEDIA,0,Other_Amphibian,0.3635,1505.6,2308.9,1608.4,2411.8
/srv/shared_leopard_toad/2024/02.09.2024/5R/104MEDIA/DSCF0915.JPG,DSCF0915.JPG,5R/104MEDIA,0,Other_Amphibian,0.2170,1505.8,2312.0,1608.2,2411.3
/srv/shared_leopard_toad/2024/02.09.2024/5R/104MEDIA/DSCF0540.JPG,DSCF0540.JPG,5R/104MEDIA,0,Other_Amphibian,0.2430,1507.9,2310.4,1612.8,2410.4
/srv/shared_leopard_toad/2024/02.09.2024/5R/104MEDIA/DSCF0586.JPG,DSCF0586.JPG,5R/104MEDIA,0,Other_Amphibian,0.2869,1506.2,2308.5,1614.6,2412.2
/srv/shared_leopard_toad/2024/02.09.2024/5R/104MEDIA/DSCF0695.JPG,DSCF0695.JPG,5R/104MEDIA,0,Other_Amphibian,0.2418,1508.9,2309.5,1614.1,2411.3
/srv/shared_leopard_toad/2024/02.09.2024/5R/104MEDIA/DSCF0764.JPG,DSCF0764.JPG,5R/104MEDIA,0,Other_Amphibian,0.3000,1504.5,2309.5,1609.5,2411.3
/srv/shared_leopard_toad/2024/02.09.2024/5R/104MEDIA/DSCF0764.JPG,DSCF0764.JPG,5R/104MEDIA,0,Other_Amphibian,0.2306,1503.7,2309.4,1610.3,2411.4
/srv/shared_leopard_toad/2024/02.09.2024/5R/104MEDIA/DSCF0953.JPG,DSCF0953.JPG,5R/104MEDIA,0,Other_Amphibian,0.2277,3852.9,-2.7,4035.6,112.4
/srv/shared_leopard_toad/2024/02.09.2024/5R/104MEDIA/DSCF0953.JPG,DSCF0953.JPG,5R/104MEDIA,0,Other_Amphibian,0.2032,1506.1,2309.0,1612.4,2411.8
/srv/shared_leopard_toad/2024/02.09.2024/5R/104MEDIA/DSCF0587.JPG,DSCF0587.JPG,5R/104MEDIA,0,Other_Amphibian,0.3210,1506.1,2309.7,1610.2,2411.1
/srv/shared_leopard_toad/2024/02.09.2024/5R/104MEDIA/DSCF0587.JPG,DSCF0587.JPG,5R/104MEDIA,0,Other_Amphibian,0.2964,1509.2,2309.8,1611.5,2411.0
/srv/shared_leopard_toad/2024/02.09.2024/5R/104MEDIA/DSCF0470.JPG,DSCF0470.JPG,5R/104MEDIA,0,Other_Amphibian,0.2617,2490.2,-1.5,2630.8,122.2
/srv/shared_leopard_toad/2024/02.09.2024/5R/104MEDIA/DSCF0022.JPG,DSCF0022.JPG,5R/104MEDIA,2,Western_Leopard_Toad,0.2949,1411.3,2301.8,1610.4,2451.9
/srv/shared_leopard_toad/2024/02.09.2024/5R/104MEDIA/DSCF0022.JPG,DSCF0022.JPG,5R/104MEDIA,0,Other_Amphibian,0.2006,1411.3,2301.8,1610.4,2451.9
/srv/shared_leopard_toad/2024/02.09.2024/5R/104MEDIA/DSCF0389.JPG,DSCF0389.JPG,5R/104MEDIA,0,Other_Amphibian,0.2109,1506.3,2310.2,1614.4,2410.5
/srv/shared_leopard_toad/2024/02.09.2024/5R/104MEDIA/DSCF0999.JPG,DSCF0999.JPG,5R/104MEDIA,0,Other_Amphibian,0.2283,1507.1,2309.5,1609.2,2411.3
/srv/shared_leopard_toad/2024/02.09.2024/5R/104MEDIA/DSCF0370.JPG,DSCF0370.JPG,5R/104MEDIA,0,Other_Amphibian,0.2303,1507.6,2309.9,1608.6,2410.9
/srv/shared_leopard_toad/2024/02.09.2024/5R/104MEDIA/DSCF0289.JPG,DSCF0289.JPG,5R/104MEDIA,0,Other_Amphibian,0.2346,1506.3,2313.2,1605.5,2410.1
/srv/shared_leopard_toad/2024/02.09.2024/5R/104MEDIA/DSCF0783.JPG,DSCF0783.JPG,5R/104MEDIA,0,Other_Amphibian,0.2095,1506.3,2309.6,1610.0,2411.2
/srv/shared_leopard_toad/2024/02.09.2024/5R/104MEDIA/DSCF0881.JPG,DSCF0881.JPG,5R/104MEDIA,0,Other_Amphibian,0.3118,1507.0,2310.1,1609.3,2410.7
/srv/shared_leopard_toad/2024/02.09.2024/5R/104MEDIA/DSCF0881.JPG,DSCF0881.JPG,5R/104MEDIA,0,Other_Amphibian,0.2988,1507.6,2310.6,1608.6,2410.1
/srv/shared_leopard_toad/2024/02.09.2024/5R/104MEDIA/DSCF0571.JPG,DSCF0571.JPG,5R/104MEDIA,0,Other_Amphibian,0.2074,1508.2,2309.1,1612.5,2411.6
/srv/shared_leopard_toad/2024/02.09.2024/5R/104MEDIA/DSCF0958.JPG,DSCF0958.JPG,5R/104MEDIA,0,Other_Amphibian,0.3823,1507.7,2309.9,1613.0,2410.9
/srv/shared_leopard_toad/2024/02.09.2024/5R/104MEDIA/DSCF0958.JPG,DSCF0958.JPG,5R/104MEDIA,0,Other_Amphibian,0.2355,1508.6,2311.7,1612.1,2411.6
/srv/shared_leopard_toad/2024/02.09.2024/5R/104MEDIA/DSCF0337.JPG,DSCF0337.JPG,5R/104MEDIA,0,Other_Amphibian,0.2212,1507.5,2310.4,1613.2,2410.3
/srv/shared_leopard_toad/2024/02.09.2024/5R/104MEDIA/DSCF0639.JPG,DSCF0639.JPG,5R/104MEDIA,0,Other_Amphibian,0.2058,1506.5,2309.7,1609.8,2411.1
/srv/shared_leopard_toad/2024/02.09.2024/5R/104MEDIA/DSCF0639.JPG,DSCF0639.JPG,5R/104MEDIA,0,Other_Amphibian,0.2051,1505.4,2309.3,1610.9,2411.5
/srv/shared_leopard_toad/2024/02.09.2024/5R/104MEDIA/DSCF0972.JPG,DSCF0972.JPG,5R/104MEDIA,0,Other_Amphibian,0.2532,1505.6,2309.0,1608.4,2411.8
/srv/shared_leopard_toad/2024/02.09.2024/5R/104MEDIA/DSCF0972.JPG,DSCF0972.JPG,5R/104MEDIA,0,Other_Amphibian,0.2224,1504.8,2308.8,1609.2,2412.0
/srv/shared_leopard_toad/2024/02.09.2024/5R/104MEDIA/DSCF0530.JPG,DSCF0530.JPG,5R/104MEDIA,0,Other_Amphibian,0.2120,1508.3,2308.7,1614.7,2412.0
/srv/shared_leopard_toad/2024/02.09.2024/5R/104MEDIA/DSCF0799.JPG,DSCF0799.JPG,5R/104MEDIA,0,Other_Amphibian,0.2145,1508.7,2309.7,1614.3,2411.1
/srv/shared_leopard_toad/2024/02.09.2024/5R/104MEDIA/DSCF0682.JPG,DSCF0682.JPG,5R/104MEDIA,0,Other_Amphibian,0.2084,1506.4,2310.0,1605.4,2410.8
/srv/shared_leopard_toad/2024/02.09.2024/5R/104MEDIA/DSCF0285.JPG,DSCF0285.JPG,5R/104MEDIA,0,Other_Amphibian,0.2089,1506.7,2312.3,1609.6,2411.1
/srv/shared_leopard_toad/2024/02.09.2024/5R/104MEDIA/DSCF0285.JPG,DSCF0285.JPG,5R/104MEDIA,0,Other_Amphibian,0.2076,1507.1,2311.2,1609.2,2409.6
/srv/shared_leopard_toad/2024/02.09.2024/5R/104MEDIA/DSCF0787.JPG,DSCF0787.JPG,5R/104MEDIA,0,Other_Amphibian,0.2798,1506.4,2308.2,1612.1,2412.6
/srv/shared_leopard_toad/2024/02.09.2024/5R/104MEDIA/DSCF0756.JPG,DSCF0756.JPG,5R/104MEDIA,0,Other_Amphibian,0.2319,1507.6,2309.6,1608.6,2411.2
/srv/shared_leopard_toad/2024/02.09.2024/5R/104MEDIA/DSCF0715.JPG,DSCF0715.JPG,5R/104MEDIA,0,Other_Amphibian,0.2593,1507.1,2309.4,1611.4,2411.4
/srv/shared_leopard_toad/2024/02.09.2024/5R/104MEDIA/DSCF0814.JPG,DSCF0814.JPG,5R/104MEDIA,0,Other_Amphibian,0.4092,1505.4,2310.6,1610.9,2410.2
/srv/shared_leopard_toad/2024/02.09.2024/5R/104MEDIA/DSCF0814.JPG,DSCF0814.JPG,5R/104MEDIA,0,Other_Amphibian,0.3394,1504.8,2310.2,1611.5,2410.5
/srv/shared_leopard_toad/2024/02.09.2024/5R/104MEDIA/DSCF0698.JPG,DSCF0698.JPG,5R/104MEDIA,0,Other_Amphibian,0.2551,1506.6,2310.2,1611.9,2413.1
/srv/shared_leopard_toad/2024/02.09.2024/5R/104MEDIA/DSCF0698.JPG,DSCF0698.JPG,5R/104MEDIA,0,Other_Amphibian,0.2216,1507.4,2310.6,1611.1,2412.8
/srv/shared_leopard_toad/2024/02.09.2024/5R/104MEDIA/DSCF0330.JPG,DSCF0330.JPG,5R/104MEDIA,0,Other_Amphibian,0.3010,1504.8,2310.0,1606.9,2410.8
/srv/shared_leopard_toad/2024/02.09.2024/5R/104MEDIA/DSCF0428.JPG,DSCF0428.JPG,5R/104MEDIA,0,Other_Amphibian,0.2996,1505.3,2309.7,1606.4,2411.1
/srv/shared_leopard_toad/2024/02.09.2024/5R/104MEDIA/DSCF0546.JPG,DSCF0546.JPG,5R/104MEDIA,0,Other_Amphibian,0.2306,1505.5,2309.4,1610.8,2411.4
/srv/shared_leopard_toad/2024/02.09.2024/5R/104MEDIA/DSCF0546.JPG,DSCF0546.JPG,5R/104MEDIA,0,Other_Amphibian,0.2026,1504.4,2309.0,1611.9,2411.8
/srv/shared_leopard_toad/2024/02.09.2024/5R/104MEDIA/DSCF0427.JPG,DSCF0427.JPG,5R/104MEDIA,0,Other_Amphibian,0.2058,1505.7,2311.6,1608.3,2411.7
/srv/shared_leopard_toad/2024/02.09.2024/5R/104MEDIA/DSCF0743.JPG,DSCF0743.JPG,5R/104MEDIA,0,Other_Amphibian,0.2113,1508.3,2308.7,1614.7,2412.0
/srv/shared_leopard_toad/2024/02.09.2024/5R/104MEDIA/DSCF0071.JPG,DSCF0071.JPG,5R/104MEDIA,2,Western_Leopard_Toad,0.2771,1410.6,2302.5,1611.1,2451.2
/srv/shared_leopard_toad/2024/02.09.2024/5R/104MEDIA/DSCF0071.JPG,DSCF0071.JPG,5R/104MEDIA,0,Other_Amphibian,0.2449,1410.6,2302.5,1611.1,2451.2
/srv/shared_leopard_toad/2024/02.09.2024/5R/104MEDIA/DSCF0437.JPG,DSCF0437.JPG,5R/104MEDIA,0,Other_Amphibian,0.2429,2492.8,-1.6,2628.2,125.5
/srv/shared_leopard_toad/2024/02.09.2024/5R/104MEDIA/DSCF0969.JPG,DSCF0969.JPG,5R/104MEDIA,0,Other_Amphibian,0.3528,1507.4,2308.9,1615.6,2411.8
/srv/shared_leopard_toad/2024/02.09.2024/5R/104MEDIA/DSCF0969.JPG,DSCF0969.JPG,5R/104MEDIA,0,Other_Amphibian,0.2063,1507.9,2309.1,1615.1,2411.6
/srv/shared_leopard_toad/2024/02.09.2024/5R/104MEDIA/DSCF0032.JPG,DSCF0032.JPG,5R/104MEDIA,2,Western_Leopard_Toad,0.3030,1410.0,2298.6,1609.5,2450.1
/srv/shared_leopard_toad/2024/02.09.2024/5R/104MEDIA/DSCF0032.JPG,DSCF0032.JPG,5R/104MEDIA,0,Other_Amphibian,0.2070,1410.0,2298.6,1609.5,2450.1
/srv/shared_leopard_toad/2024/02.09.2024/5R/104MEDIA/DSCF0598.JPG,DSCF0598.JPG,5R/104MEDIA,0,Other_Amphibian,0.2527,1504.7,2308.7,1609.3,2412.0
/srv/shared_leopard_toad/2024/02.09.2024/5R/104MEDIA/DSCF0598.JPG,DSCF0598.JPG,5R/104MEDIA,0,Other_Amphibian,0.2290,1505.5,2309.0,1608.5,2411.8
/srv/shared_leopard_toad/2024/02.09.2024/5R/104MEDIA/DSCF0905.JPG,DSCF0905.JPG,5R/104MEDIA,0,Other_Amphibian,0.2407,1509.0,2310.2,1609.5,2410.5
/srv/shared_leopard_toad/2024/02.09.2024/5R/104MEDIA/DSCF0905.JPG,DSCF0905.JPG,5R/104MEDIA,0,Other_Amphibian,0.2319,1508.1,2309.9,1610.4,2410.9
/srv/shared_leopard_toad/2024/02.09.2024/5R/104MEDIA/DSCF0306.JPG,DSCF0306.JPG,5R/104MEDIA,0,Other_Amphibian,0.2189,1506.9,2310.8,1607.1,2409.9
/srv/shared_leopard_toad/2024/02.09.2024/5R/104MEDIA/DSCF0932.JPG,DSCF0932.JPG,5R/104MEDIA,0,Other_Amphibian,0.2629,1505.2,2308.6,1611.1,2412.2
/srv/shared_leopard_toad/2024/02.09.2024/5R/104MEDIA/DSCF0932.JPG,DSCF0932.JPG,5R/104MEDIA,0,Other_Amphibian,0.2104,1505.6,2308.6,1610.6,2412.2
/srv/shared_leopard_toad/2024/02.09.2024/5R/104MEDIA/DSCF0770.JPG,DSCF0770.JPG,5R/104MEDIA,0,Other_Amphibian,0.2751,1507.5,2309.8,1611.0,2411.0
/srv/shared_leopard_toad/2024/02.09.2024/5R/104MEDIA/DSCF0770.JPG,DSCF0770.JPG,5R/104MEDIA,0,Other_Amphibian,0.2028,1508.9,2310.1,1611.8,2410.7
/srv/shared_leopard_toad/2024/02.09.2024/5R/104MEDIA/DSCF0453.JPG,DSCF0453.JPG,5R/104MEDIA,0,Other_Amphibian,0.2109,1505.9,2309.0,1610.4,2411.8
/srv/shared_leopard_toad/2024/02.09.2024/5R/104MEDIA/DSCF0481.JPG,DSCF0481.JPG,5R/104MEDIA,0,Other_Amphibian,0.2142,1506.7,2308.3,1611.8,2412.4
/srv/shared_leopard_toad/2024/02.09.2024/5R/104MEDIA/DSCF0815.JPG,DSCF0815.JPG,5R/104MEDIA,0,Other_Amphibian,0.2244,1506.5,2311.1,1612.0,2412.2
/srv/shared_leopard_toad/2024/02.09.2024/5R/104MEDIA/DSCF0815.JPG,DSCF0815.JPG,5R/104MEDIA,0,Other_Amphibian,0.2074,1506.3,2310.8,1614.4,2412.6
/srv/shared_leopard_toad/2024/02.09.2024/5R/104MEDIA/DSCF0696.JPG,DSCF0696.JPG,5R/104MEDIA,0,Other_Amphibian,0.3340,1506.1,2310.6,1610.2,2410.1
/srv/shared_leopard_toad/2024/02.09.2024/5R/104MEDIA/DSCF0696.JPG,DSCF0696.JPG,5R/104MEDIA,0,Other_Amphibian,0.2448,1506.6,2310.7,1609.7,2410.1
/srv/shared_leopard_toad/2024/02.09.2024/5R/104MEDIA/DSCF0569.JPG,DSCF0569.JPG,5R/104MEDIA,0,Other_Amphibian,0.2297,1506.2,2308.9,1614.6,2411.8
/srv/shared_leopard_toad/2024/02.09.2024/5R/104MEDIA/DSCF0569.JPG,DSCF0569.JPG,5R/104MEDIA,0,Other_Amphibian,0.2200,1507.1,2309.4,1613.6,2411.4
/srv/shared_leopard_toad/2024/02.09.2024/5R/104MEDIA/DSCF0977.JPG,DSCF0977.JPG,5R/104MEDIA,0,Other_Amphibian,0.2306,1506.4,2309.3,1612.1,2411.5
/srv/shared_leopard_toad/2024/02.09.2024/5R/104MEDIA/DSCF0977.JPG,DSCF0977.JPG,5R/104MEDIA,0,Other_Amphibian,0.2123,1508.2,2309.7,1612.5,2411.1
/srv/shared_leopard_toad/2024/02.09.2024/5R/104MEDIA/DSCF0583.JPG,DSCF0583.JPG,5R/104MEDIA,0,Other_Amphibian,0.3984,1504.4,2308.9,1609.6,2411.8
/srv/shared_leopard_toad/2024/02.09.2024/5R/104MEDIA/DSCF0583.JPG,DSCF0583.JPG,5R/104MEDIA,0,Other_Amphibian,0.2379,1504.5,2309.1,1609.5,2411.6
/srv/shared_leopard_toad/2024/02.09.2024/5R/104MEDIA/DSCF0952.JPG,DSCF0952.JPG,5R/104MEDIA,0,Other_Amphibian,0.4185,1505.6,2309.2,1608.4,2411.6
/srv/shared_leopard_toad/2024/02.09.2024/5R/104MEDIA/DSCF0952.JPG,DSCF0952.JPG,5R/104MEDIA,0,Other_Amphibian,0.3896,1506.1,2309.6,1607.9,2411.2
/srv/shared_leopard_toad/2024/02.09.2024/5R/104MEDIA/DSCF0665.JPG,DSCF0665.JPG,5R/104MEDIA,0,Other_Amphibian,0.2510,1509.3,2310.4,1611.4,2410.3
/srv/shared_leopard_toad/2024/02.09.2024/5R/104MEDIA/DSCF0776.JPG,DSCF0776.JPG,5R/104MEDIA,0,Other_Amphibian,0.2925,1504.8,2309.8,1609.2,2411.0
/srv/shared_leopard_toad/2024/02.09.2024/5R/104MEDIA/DSCF0776.JPG,DSCF0776.JPG,5R/104MEDIA,0,Other_Amphibian,0.2502,1503.7,2309.3,1610.3,2411.5
/srv/shared_leopard_toad/2024/02.09.2024/5R/104MEDIA/DSCF0496.JPG,DSCF0496.JPG,5R/104MEDIA,0,Other_Amphibian,0.3022,1507.1,2308.1,1613.6,2412.7
/srv/shared_leopard_toad/2024/02.09.2024/5R/104MEDIA/DSCF0995.JPG,DSCF0995.JPG,5R/104MEDIA,0,Other_Amphibian,0.2162,1508.2,2309.6,1612.5,2411.2
/srv/shared_leopard_toad/2024/02.09.2024/5R/104MEDIA/DSCF0897.JPG,DSCF0897.JPG,5R/104MEDIA,0,Other_Amphibian,0.3303,1506.5,2309.3,1609.8,2411.5
/srv/shared_leopard_toad/2024/02.09.2024/5R/104MEDIA/DSCF0897.JPG,DSCF0897.JPG,5R/104MEDIA,0,Other_Amphibian,0.2869,1504.8,2308.7,1611.5,2412.0
/srv/shared_leopard_toad/2024/02.09.2024/5R/104MEDIA/DSCF0352.JPG,DSCF0352.JPG,5R/104MEDIA,0,Other_Amphibian,0.2473,1506.4,2311.0,1609.9,2412.4
/srv/shared_leopard_toad/2024/02.09.2024/5R/104MEDIA/DSCF0879.JPG,DSCF0879.JPG,5R/104MEDIA,0,Other_Amphibian,0.2043,1509.5,2310.1,1611.2,2410.7
/srv/shared_leopard_toad/2024/02.09.2024/5R/104MEDIA/DSCF0646.JPG,DSCF0646.JPG,5R/104MEDIA,0,Other_Amphibian,0.2411,1508.8,2309.9,1611.9,2410.9
/srv/shared_leopard_toad/2024/02.09.2024/5R/104MEDIA/DSCF0646.JPG,DSCF0646.JPG,5R/104MEDIA,0,Other_Amphibian,0.2280,1508.8,2311.6,1609.7,2411.7
/srv/shared_leopard_toad/2024/02.09.2024/5R/104MEDIA/DSCF0859.JPG,DSCF0859.JPG,5R/104MEDIA,0,Other_Amphibian,0.2294,1507.3,2309.9,1611.2,2410.9
/srv/shared_leopard_toad/2024/02.09.2024/5R/104MEDIA/DSCF0859.JPG,DSCF0859.JPG,5R/104MEDIA,0,Other_Amphibian,0.2061,1507.2,2309.5,1613.5,2411.3
/srv/shared_leopard_toad/2024/02.09.2024/5R/104MEDIA/DSCF0547.JPG,DSCF0547.JPG,5R/104MEDIA,0,Other_Amphibian,0.2368,1504.3,2307.9,1612.0,2412.8
/srv/shared_leopard_toad/2024/02.09.2024/5R/104MEDIA/DSCF0321.JPG,DSCF0321.JPG,5R/104MEDIA,0,Other_Amphibian,0.2350,1507.1,2312.5,1606.9,2410.8
/srv/shared_leopard_toad/2024/02.09.2024/5R/104MEDIA/DSCF0321.JPG,DSCF0321.JPG,5R/104MEDIA,0,Other_Amphibian,0.2021,1506.3,2312.2,1607.7,2411.1
/srv/shared_leopard_toad/2024/02.09.2024/5R/104MEDIA/DSCF0919.JPG,DSCF0919.JPG,5R/104MEDIA,0,Other_Amphibian,0.2498,1507.5,2310.0,1611.0,2410.8
/srv/shared_leopard_toad/2024/02.09.2024/5R/104MEDIA/DSCF0919.JPG,DSCF0919.JPG,5R/104MEDIA,0,Other_Amphibian,0.2438,1507.6,2309.5,1613.1,2411.3
/srv/shared_leopard_toad/2024/02.09.2024/5R/104MEDIA/DSCF0578.JPG,DSCF0578.JPG,5R/104MEDIA,0,Other_Amphibian,0.2422,1505.9,2309.4,1612.6,2411.4
/srv/shared_leopard_toad/2024/02.09.2024/5R/104MEDIA/DSCF0847.JPG,DSCF0847.JPG,5R/104MEDIA,0,Other_Amphibian,0.2053,1508.2,2309.5,1612.5,2411.3
/srv/shared_leopard_toad/2024/02.09.2024/5R/104MEDIA/DSCF0585.JPG,DSCF0585.JPG,5R/104MEDIA,0,Other_Amphibian,0.3174,1506.1,2311.9,1607.9,2411.4
/srv/shared_leopard_toad/2024/02.09.2024/5R/104MEDIA/DSCF0585.JPG,DSCF0585.JPG,5R/104MEDIA,0,Other_Amphibian,0.2205,1506.0,2311.8,1610.3,2411.5
/srv/shared_leopard_toad/2024/02.09.2024/5R/104MEDIA/DSCF0522.JPG,DSCF0522.JPG,5R/104MEDIA,0,Other_Amphibian,0.2401,1508.1,2309.3,1614.9,2411.5
/srv/shared_leopard_toad/2024/02.09.2024/5R/104MEDIA/DSCF0641.JPG,DSCF0641.JPG,5R/104MEDIA,0,Other_Amphibian,0.2280,1506.9,2309.8,1609.4,2411.0
/srv/shared_leopard_toad/2024/02.09.2024/5R/104MEDIA/DSCF0624.JPG,DSCF0624.JPG,5R/104MEDIA,0,Other_Amphibian,0.2045,1506.0,2309.6,1610.3,2411.2
/srv/shared_leopard_toad/2024/02.09.2024/5R/104MEDIA/DSCF0616.JPG,DSCF0616.JPG,5R/104MEDIA,0,Other_Amphibian,0.2257,1505.6,2310.0,1608.4,2410.8
/srv/shared_leopard_toad/2024/02.09.2024/5R/104MEDIA/DSCF0829.JPG,DSCF0829.JPG,5R/104MEDIA,0,Other_Amphibian,0.4424,1505.2,2308.0,1608.8,2410.2
/srv/shared_leopard_toad/2024/02.09.2024/5R/104MEDIA/DSCF0829.JPG,DSCF0829.JPG,5R/104MEDIA,0,Other_Amphibian,0.3184,1504.4,2309.0,1609.6,2411.8
/srv/shared_leopard_toad/2024/02.09.2024/5R/104MEDIA/DSCF0329.JPG,DSCF0329.JPG,5R/104MEDIA,0,Other_Amphibian,0.2766,1505.9,2310.8,1605.9,2409.9
/srv/shared_leopard_toad/2024/02.09.2024/5R/104MEDIA/DSCF0882.JPG,DSCF0882.JPG,5R/104MEDIA,0,Other_Amphibian,0.2812,1506.4,2309.6,1609.9,2411.2
/srv/shared_leopard_toad/2024/02.09.2024/5R/104MEDIA/DSCF0882.JPG,DSCF0882.JPG,5R/104MEDIA,0,Other_Amphibian,0.2485,1506.9,2309.6,1609.4,2411.2
/srv/shared_leopard_toad/2024/02.09.2024/5R/104MEDIA/DSCF0809.JPG,DSCF0809.JPG,5R/104MEDIA,0,Other_Amphibian,0.2542,1506.6,2310.0,1611.9,2410.8
/srv/shared_leopard_toad/2024/02.09.2024/5R/104MEDIA/DSCF0809.JPG,DSCF0809.JPG,5R/104MEDIA,0,Other_Amphibian,0.2013,1506.0,2310.4,1610.3,2410.4
/srv/shared_leopard_toad/2024/02.09.2024/5R/104MEDIA/DSCF0796.JPG,DSCF0796.JPG,5R/104MEDIA,0,Other_Amphibian,0.2252,1506.9,2308.9,1613.8,2411.8
/srv/shared_leopard_toad/2024/02.09.2024/5R/104MEDIA/DSCF0934.JPG,DSCF0934.JPG,5R/104MEDIA,0,Other_Amphibian,0.2374,1507.0,2310.8,1611.5,2412.6
/srv/shared_leopard_toad/2024/02.09.2024/5R/104MEDIA/DSCF0934.JPG,DSCF0934.JPG,5R/104MEDIA,0,Other_Amphibian,0.2148,1508.7,2310.9,1612.0,2412.4
/srv/shared_leopard_toad/2024/02.09.2024/5R/104MEDIA/DSCF0175.JPG,DSCF0175.JPG,5R/104MEDIA,2,Western_Leopard_Toad,0.2727,4544.5,2262.9,4608.5,2450.2
/srv/shared_leopard_toad/2024/02.09.2024/5R/104MEDIA/DSCF0647.JPG,DSCF0647.JPG,5R/104MEDIA,0,Other_Amphibian,0.2498,1508.5,2308.5,1610.0,2412.2
/srv/shared_leopard_toad/2024/02.09.2024/5R/104MEDIA/DSCF0968.JPG,DSCF0968.JPG,5R/104MEDIA,0,Other_Amphibian,0.2500,1507.7,2308.9,1613.0,2411.8
/srv/shared_leopard_toad/2024/02.09.2024/5R/104MEDIA/DSCF0070.JPG,DSCF0070.JPG,5R/104MEDIA,2,Western_Leopard_Toad,0.3005,1410.8,2299.8,1608.8,2451.3
/srv/shared_leopard_toad/2024/02.09.2024/5R/104MEDIA/DSCF0973.JPG,DSCF0973.JPG,5R/104MEDIA,0,Other_Amphibian,0.3223,1507.1,2309.0,1606.9,2411.8
/srv/shared_leopard_toad/2024/02.09.2024/5R/104MEDIA/DSCF0973.JPG,DSCF0973.JPG,5R/104MEDIA,0,Other_Amphibian,0.2460,1506.9,2308.7,1609.4,2412.0
/srv/shared_leopard_toad/2024/02.09.2024/5R/104MEDIA/DSCF0491.JPG,DSCF0491.JPG,5R/104MEDIA,0,Other_Amphibian,0.2480,2491.8,-0.6,2633.7,122.8
/srv/shared_leopard_toad/2024/02.09.2024/5R/104MEDIA/DSCF0491.JPG,DSCF0491.JPG,5R/104MEDIA,0,Other_Amphibian,0.2394,1506.5,2309.9,1609.8,2410.9
/srv/shared_leopard_toad/2024/02.09.2024/5R/104MEDIA/DSCF0491.JPG,DSCF0491.JPG,5R/104MEDIA,0,Other_Amphibian,0.2054,1506.8,2310.1,1609.5,2410.7
/srv/shared_leopard_toad/2024/02.09.2024/5R/104MEDIA/DSCF0600.JPG,DSCF0600.JPG,5R/104MEDIA,0,Other_Amphibian,0.2407,1506.8,2309.6,1616.2,2411.2
/srv/shared_leopard_toad/2024/02.09.2024/5R/104MEDIA/DSCF0010.JPG,DSCF0010.JPG,5R/104MEDIA,0,Other_Amphibian,0.2502,3824.4,226.0,3956.1,344.8
/srv/shared_leopard_toad/2024/02.09.2024/5R/104MEDIA/DSCF0078.JPG,DSCF0078.JPG,5R/104MEDIA,0,Other_Amphibian,0.2156,1408.1,2302.1,1609.1,2451.6
/srv/shared_leopard_toad/2024/02.09.2024/5R/104MEDIA/DSCF0935.JPG,DSCF0935.JPG,5R/104MEDIA,0,Other_Amphibian,0.2600,1507.3,2309.7,1611.2,2411.1
/srv/shared_leopard_toad/2024/02.09.2024/5R/104MEDIA/DSCF0935.JPG,DSCF0935.JPG,5R/104MEDIA,0,Other_Amphibian,0.2350,1509.3,2309.7,1611.4,2411.1
/srv/shared_leopard_toad/2024/02.09.2024/5R/104MEDIA/DSCF0055.JPG,DSCF0055.JPG,5R/104MEDIA,0,Other_Amphibian,0.2114,1410.2,2302.2,1611.6,2451.5
/srv/shared_leopard_toad/2024/02.09.2024/5R/104MEDIA/DSCF0400.JPG,DSCF0400.JPG,5R/104MEDIA,0,Other_Amphibian,0.3894,1507.2,2311.0,1611.3,2412.3
/srv/shared_leopard_toad/2024/02.09.2024/5R/104MEDIA/DSCF0400.JPG,DSCF0400.JPG,5R/104MEDIA,0,Other_Amphibian,0.3142,1508.8,2311.2,1611.9,2412.1
/srv/shared_leopard_toad/2024/02.09.2024/5R/104MEDIA/DSCF0926.JPG,DSCF0926.JPG,5R/104MEDIA,0,Other_Amphibian,0.2534,1507.9,2311.5,1612.9,2411.8
/srv/shared_leopard_toad/2024/02.09.2024/5R/104MEDIA/DSCF0926.JPG,DSCF0926.JPG,5R/104MEDIA,0,Other_Amphibian,0.2434,1507.5,2311.7,1611.0,2411.6
/srv/shared_leopard_toad/2024/02.09.2024/5R/104MEDIA/DSCF0658.JPG,DSCF0658.JPG,5R/104MEDIA,0,Other_Amphibian,0.2109,1504.8,2309.6,1606.9,2411.2
/srv/shared_leopard_toad/2024/02.09.2024/5R/104MEDIA/DSCF0459.JPG,DSCF0459.JPG,5R/104MEDIA,0,Other_Amphibian,0.2791,1507.9,2310.7,1615.1,2412.6
/srv/shared_leopard_toad/2024/02.09.2024/5R/104MEDIA/DSCF0620.JPG,DSCF0620.JPG,5R/104MEDIA,0,Other_Amphibian,0.2878,1507.7,2308.3,1610.8,2412.4
/srv/shared_leopard_toad/2024/02.09.2024/5R/104MEDIA/DSCF0763.JPG,DSCF0763.JPG,5R/104MEDIA,0,Other_Amphibian,0.3398,1508.3,2310.1,1612.4,2410.7
/srv/shared_leopard_toad/2024/02.09.2024/5R/104MEDIA/DSCF0763.JPG,DSCF0763.JPG,5R/104MEDIA,0,Other_Amphibian,0.2532,1508.8,2309.9,1611.9,2410.9
/srv/shared_leopard_toad/2024/02.09.2024/5R/104MEDIA/DSCF0591.JPG,DSCF0591.JPG,5R/104MEDIA,0,Other_Amphibian,0.4043,1505.1,2310.6,1606.6,2410.2
/srv/shared_leopard_toad/2024/02.09.2024/5R/104MEDIA/DSCF0591.JPG,DSCF0591.JPG,5R/104MEDIA,0,Other_Amphibian,0.2172,1504.2,2310.4,1607.5,2410.3
/srv/shared_leopard_toad/2024/02.09.2024/5R/104MEDIA/DSCF0865.JPG,DSCF0865.JPG,5R/104MEDIA,0,Other_Amphibian,0.3230,1506.3,2307.0,1610.0,2411.3
/srv/shared_leopard_toad/2024/02.09.2024/5R/104MEDIA/DSCF0987.JPG,DSCF0987.JPG,5R/104MEDIA,0,Other_Amphibian,0.2739,1507.7,2308.7,1610.8,2412.0
/srv/shared_leopard_toad/2024/02.09.2024/5R/104MEDIA/DSCF0800.JPG,DSCF0800.JPG,5R/104MEDIA,0,Other_Amphibian,0.2191,1506.7,2309.2,1609.6,2411.6
/srv/shared_leopard_toad/2024/02.09.2024/5R/104MEDIA/DSCF0800.JPG,DSCF0800.JPG,5R/104MEDIA,0,Other_Amphibian,0.2191,1505.8,2308.8,1610.5,2412.0
/srv/shared_leopard_toad/2024/02.09.2024/5R/104MEDIA/DSCF0832.JPG,DSCF0832.JPG,5R/104MEDIA,0,Other_Amphibian,0.3694,1508.0,2309.7,1612.7,2411.1
/srv/shared_leopard_toad/2024/02.09.2024/5R/104MEDIA/DSCF0990.JPG,DSCF0990.JPG,5R/104MEDIA,0,Other_Amphibian,0.2563,1506.1,2309.5,1610.2,2411.3
/srv/shared_leopard_toad/2024/02.09.2024/5R/104MEDIA/DSCF0990.JPG,DSCF0990.JPG,5R/104MEDIA,0,Other_Amphibian,0.2137,1505.4,2309.3,1610.9,2411.5
/srv/shared_leopard_toad/2024/02.09.2024/5R/104MEDIA/DSCF0789.JPG,DSCF0789.JPG,5R/104MEDIA,0,Other_Amphibian,0.4001,1508.7,2309.2,1614.3,2411.6
/srv/shared_leopard_toad/2024/02.09.2024/5R/104MEDIA/DSCF0941.JPG,DSCF0941.JPG,5R/104MEDIA,0,Other_Amphibian,0.3667,1507.3,2309.2,1611.2,2411.6
/srv/shared_leopard_toad/2024/02.09.2024/5R/104MEDIA/DSCF0941.JPG,DSCF0941.JPG,5R/104MEDIA,0,Other_Amphibian,0.2079,1508.4,2309.6,1612.3,2411.2
/srv/shared_leopard_toad/2024/02.09.2024/5R/104MEDIA/DSCF0347.JPG,DSCF0347.JPG,5R/104MEDIA,0,Other_Amphibian,0.2466,1508.5,2312.0,1607.7,2408.8
/srv/shared_leopard_toad/2024/02.09.2024/5R/104MEDIA/DSCF0392.JPG,DSCF0392.JPG,5R/104MEDIA,0,Other_Amphibian,0.2430,1508.7,2310.0,1614.3,2410.8
/srv/shared_leopard_toad/2024/02.09.2024/5R/104MEDIA/DSCF0493.JPG,DSCF0493.JPG,5R/104MEDIA,0,Other_Amphibian,0.2079,1505.6,2311.0,1612.9,2412.4
/srv/shared_leopard_toad/2024/02.09.2024/5R/104MEDIA/DSCF0671.JPG,DSCF0671.JPG,5R/104MEDIA,0,Other_Amphibian,0.2874,1504.1,2308.9,1612.2,2411.8
/srv/shared_leopard_toad/2024/02.09.2024/5R/104MEDIA/DSCF0671.JPG,DSCF0671.JPG,5R/104MEDIA,0,Other_Amphibian,0.2664,1506.2,2309.4,1612.3,2411.4
/srv/shared_leopard_toad/2024/02.09.2024/5R/104MEDIA/DSCF0371.JPG,DSCF0371.JPG,5R/104MEDIA,0,Other_Amphibian,0.2125,2484.3,-2.1,2632.2,124.5
/srv/shared_leopard_toad/2024/02.09.2024/5R/104MEDIA/DSCF0893.JPG,DSCF0893.JPG,5R/104MEDIA,0,Other_Amphibian,0.3228,1506.2,2309.5,1612.3,2411.3
/srv/shared_leopard_toad/2024/02.09.2024/5R/104MEDIA/DSCF0893.JPG,DSCF0893.JPG,5R/104MEDIA,0,Other_Amphibian,0.2712,1508.0,2309.7,1612.7,2411.1
/srv/shared_leopard_toad/2024/02.09.2024/5R/104MEDIA/DSCF0677.JPG,DSCF0677.JPG,5R/104MEDIA,0,Other_Amphibian,0.3040,1508.0,2311.1,1608.3,2409.7
/srv/shared_leopard_toad/2024/02.09.2024/5R/104MEDIA/DSCF0677.JPG,DSCF0677.JPG,5R/104MEDIA,0,Other_Amphibian,0.2532,1505.6,2310.6,1608.4,2410.2
/srv/shared_leopard_toad/2024/02.09.2024/5R/104MEDIA/DSCF0884.JPG,DSCF0884.JPG,5R/104MEDIA,0,Other_Amphibian,0.2471,1508.2,2308.8,1614.8,2412.0
/srv/shared_leopard_toad/2024/02.09.2024/5R/104MEDIA/DSCF0638.JPG,DSCF0638.JPG,5R/104MEDIA,0,Other_Amphibian,0.2539,1505.1,2310.2,1606.6,2410.6
/srv/shared_leopard_toad/2024/02.09.2024/5R/104MEDIA/DSCF0638.JPG,DSCF0638.JPG,5R/104MEDIA,0,Other_Amphibian,0.2100,1504.4,2310.0,1607.3,2410.8
/srv/shared_leopard_toad/2024/02.09.2024/5R/104MEDIA/DSCF0322.JPG,DSCF0322.JPG,5R/104MEDIA,0,Other_Amphibian,0.2207,1507.0,2310.9,1604.7,2409.9
/srv/shared_leopard_toad/2024/02.09.2024/5R/104MEDIA/DSCF0836.JPG,DSCF0836.JPG,5R/104MEDIA,0,Other_Amphibian,0.2198,1508.6,2309.3,1612.1,2411.5
/srv/shared_leopard_toad/2024/02.09.2024/5R/104MEDIA/DSCF0950.JPG,DSCF0950.JPG,5R/104MEDIA,0,Other_Amphibian,0.3723,1505.4,2310.2,1608.6,2410.5
/srv/shared_leopard_toad/2024/02.09.2024/5R/104MEDIA/DSCF0950.JPG,DSCF0950.JPG,5R/104MEDIA,0,Other_Amphibian,0.2925,1504.5,2310.1,1609.5,2410.7
/srv/shared_leopard_toad/2024/02.09.2024/5R/104MEDIA/DSCF0702.JPG,DSCF0702.JPG,5R/104MEDIA,0,Other_Amphibian,0.4365,1506.2,2310.1,1610.1,2410.7
/srv/shared_leopard_toad/2024/02.09.2024/5R/104MEDIA/DSCF0702.JPG,DSCF0702.JPG,5R/104MEDIA,0,Other_Amphibian,0.2510,1506.6,2310.4,1609.7,2410.3
/srv/shared_leopard_toad/2024/02.09.2024/5R/104MEDIA/DSCF0243.JPG,DSCF0243.JPG,5R/104MEDIA,0,Other_Amphibian,0.2004,1507.2,2313.7,1609.1,2412.1
/srv/shared_leopard_toad/2024/02.09.2024/5R/104MEDIA/DSCF0717.JPG,DSCF0717.JPG,5R/104MEDIA,0,Other_Amphibian,0.2622,1507.2,2309.9,1609.1,2410.9
/srv/shared_leopard_toad/2024/02.09.2024/5R/104MEDIA/DSCF0717.JPG,DSCF0717.JPG,5R/104MEDIA,0,Other_Amphibian,0.2588,1506.1,2309.6,1610.2,2411.2
/srv/shared_leopard_toad/2024/02.09.2024/5R/104MEDIA/DSCF0410.JPG,DSCF0410.JPG,5R/104MEDIA,0,Other_Amphibian,0.2328,1507.1,2309.5,1609.2,2411.3
/srv/shared_leopard_toad/2024/02.09.2024/5R/104MEDIA/DSCF0410.JPG,DSCF0410.JPG,5R/104MEDIA,0,Other_Amphibian,0.2009,1506.5,2309.4,1609.8,2411.4
/srv/shared_leopard_toad/2024/02.09.2024/5R/104MEDIA/DSCF0579.JPG,DSCF0579.JPG,5R/104MEDIA,0,Other_Amphibian,0.2322,1505.4,2309.0,1608.6,2411.8
/srv/shared_leopard_toad/2024/02.09.2024/5R/104MEDIA/DSCF0992.JPG,DSCF0992.JPG,5R/104MEDIA,0,Other_Amphibian,0.2483,1505.2,2309.3,1611.1,2411.5
/srv/shared_leopard_toad/2024/02.09.2024/5R/104MEDIA/DSCF0992.JPG,DSCF0992.JPG,5R/104MEDIA,0,Other_Amphibian,0.2281,1505.8,2309.3,1610.5,2411.5
/srv/shared_leopard_toad/2024/02.09.2024/5R/104MEDIA/DSCF0707.JPG,DSCF0707.JPG,5R/104MEDIA,0,Other_Amphibian,0.2563,1506.1,2309.8,1612.4,2411.0
/srv/shared_leopard_toad/2024/02.09.2024/5R/104MEDIA/DSCF0707.JPG,DSCF0707.JPG,5R/104MEDIA,0,Other_Amphibian,0.2225,1508.2,2310.1,1612.5,2410.7
/srv/shared_leopard_toad/2024/02.09.2024/5R/102MEDIA/DSCF0358.JPG,DSCF0358.JPG,5R/102MEDIA,0,Other_Amphibian,0.2703,3816.1,235.8,3919.4,337.8
/srv/shared_leopard_toad/2024/02.09.2024/5R/102MEDIA/DSCF0466.JPG,DSCF0466.JPG,5R/102MEDIA,0,Other_Amphibian,0.4814,3816.8,231.6,3927.7,339.2
/srv/shared_leopard_toad/2024/02.09.2024/5R/102MEDIA/DSCF0443.JPG,DSCF0443.JPG,5R/102MEDIA,0,Other_Amphibian,0.4739,3815.5,235.4,3924.5,335.4
/srv/shared_leopard_toad/2024/02.09.2024/5R/102MEDIA/DSCF0215.JPG,DSCF0215.JPG,5R/102MEDIA,0,Other_Amphibian,0.4453,3811.1,227.6,3924.4,333.4
/srv/shared_leopard_toad/2024/02.09.2024/5R/102MEDIA/DSCF0416.JPG,DSCF0416.JPG,5R/102MEDIA,0,Other_Amphibian,0.2247,3815.2,235.4,3920.3,337.3
/srv/shared_leopard_toad/2024/02.09.2024/5R/102MEDIA/DSCF0767.JPG,DSCF0767.JPG,5R/102MEDIA,0,Other_Amphibian,0.6821,3819.9,228.8,3933.6,342.9
/srv/shared_leopard_toad/2024/02.09.2024/5R/102MEDIA/DSCF0784.JPG,DSCF0784.JPG,5R/102MEDIA,0,Other_Amphibian,0.2478,3817.3,224.4,3940.7,346.4
/srv/shared_leopard_toad/2024/02.09.2024/5R/102MEDIA/DSCF0543.JPG,DSCF0543.JPG,5R/102MEDIA,0,Other_Amphibian,0.3657,3825.4,238.7,3923.6,338.1
/srv/shared_leopard_toad/2024/02.09.2024/5R/102MEDIA/DSCF0325.JPG,DSCF0325.JPG,5R/102MEDIA,0,Other_Amphibian,0.3418,3814.6,228.9,3920.9,334.0
/srv/shared_leopard_toad/2024/02.09.2024/5R/102MEDIA/DSCF0650.JPG,DSCF0650.JPG,5R/102MEDIA,0,Other_Amphibian,0.2399,3821.1,226.5,3936.9,345.2
/srv/shared_leopard_toad/2024/02.09.2024/5R/102MEDIA/DSCF0446.JPG,DSCF0446.JPG,5R/102MEDIA,0,Other_Amphibian,0.6675,3816.6,233.1,3923.4,333.6
/srv/shared_leopard_toad/2024/02.09.2024/5R/102MEDIA/DSCF0765.JPG,DSCF0765.JPG,5R/102MEDIA,0,Other_Amphibian,0.3386,3820.0,230.5,3933.5,340.3
/srv/shared_leopard_toad/2024/02.09.2024/5R/102MEDIA/DSCF0668.JPG,DSCF0668.JPG,5R/102MEDIA,0,Other_Amphibian,0.3713,3822.0,229.4,3940.5,344.2
/srv/shared_leopard_toad/2024/02.09.2024/5R/102MEDIA/DSCF0679.JPG,DSCF0679.JPG,5R/102MEDIA,0,Other_Amphibian,0.2388,3819.2,227.0,3929.8,344.8
/srv/shared_leopard_toad/2024/02.09.2024/5R/102MEDIA/DSCF0518.JPG,DSCF0518.JPG,5R/102MEDIA,0,Other_Amphibian,0.5557,3818.5,238.7,3926.0,338.1
/srv/shared_leopard_toad/2024/02.09.2024/5R/102MEDIA/DSCF0720.JPG,DSCF0720.JPG,5R/102MEDIA,0,Other_Amphibian,0.2053,3822.0,229.9,3936.0,341.9
/srv/shared_leopard_toad/2024/02.09.2024/5R/102MEDIA/DSCF0461.JPG,DSCF0461.JPG,5R/102MEDIA,0,Other_Amphibian,0.2769,3817.2,233.8,3922.8,337.0
/srv/shared_leopard_toad/2024/02.09.2024/5R/102MEDIA/DSCF0458.JPG,DSCF0458.JPG,5R/102MEDIA,0,Other_Amphibian,0.2076,3818.0,229.8,3926.5,338.8
/srv/shared_leopard_toad/2024/02.09.2024/5R/102MEDIA/DSCF0712.JPG,DSCF0712.JPG,5R/102MEDIA,0,Other_Amphibian,0.6372,3822.1,232.2,3935.9,338.6
/srv/shared_leopard_toad/2024/02.09.2024/5R/102MEDIA/DSCF0350.JPG,DSCF0350.JPG,5R/102MEDIA,0,Other_Amphibian,0.3909,3812.3,231.6,3918.7,342.0
/srv/shared_leopard_toad/2024/02.09.2024/5R/102MEDIA/DSCF0429.JPG,DSCF0429.JPG,5R/102MEDIA,0,Other_Amphibian,0.5269,3815.2,232.2,3920.3,334.5
/srv/shared_leopard_toad/2024/02.09.2024/5R/102MEDIA/DSCF0807.JPG,DSCF0807.JPG,5R/102MEDIA,0,Other_Amphibian,0.2771,4470.4,-0.2,4610.6,144.0
/srv/shared_leopard_toad/2024/02.09.2024/5R/102MEDIA/DSCF0341.JPG,DSCF0341.JPG,5R/102MEDIA,0,Other_Amphibian,0.4287,3814.9,233.0,3925.1,336.9
/srv/shared_leopard_toad/2024/02.09.2024/5R/102MEDIA/DSCF0681.JPG,DSCF0681.JPG,5R/102MEDIA,0,Other_Amphibian,0.2089,3817.2,230.1,3927.3,344.4
/srv/shared_leopard_toad/2024/02.09.2024/5R/102MEDIA/DSCF0592.JPG,DSCF0592.JPG,5R/102MEDIA,0,Other_Amphibian,0.2664,3818.2,228.8,3930.8,339.8
/srv/shared_leopard_toad/2024/02.09.2024/5R/102MEDIA/DSCF0574.JPG,DSCF0574.JPG,5R/102MEDIA,0,Other_Amphibian,0.5020,3820.3,230.9,3928.7,339.0
/srv/shared_leopard_toad/2024/02.09.2024/5R/102MEDIA/DSCF0403.JPG,DSCF0403.JPG,5R/102MEDIA,0,Other_Amphibian,0.2283,3814.6,229.2,3920.9,337.5
/srv/shared_leopard_toad/2024/02.09.2024/5R/102MEDIA/DSCF0369.JPG,DSCF0369.JPG,5R/102MEDIA,0,Other_Amphibian,0.2039,3815.2,229.3,3920.3,332.6
/srv/shared_leopard_toad/2024/02.09.2024/5R/102MEDIA/DSCF0649.JPG,DSCF0649.JPG,5R/102MEDIA,0,Other_Amphibian,0.4617,3819.6,228.5,3938.4,346.1
/srv/shared_leopard_toad/2024/02.09.2024/5R/102MEDIA/DSCF0476.JPG,DSCF0476.JPG,5R/102MEDIA,0,Other_Amphibian,0.2793,3816.0,233.3,3928.5,336.6
/srv/shared_leopard_toad/2024/02.09.2024/5R/102MEDIA/DSCF0146.JPG,DSCF0146.JPG,5R/102MEDIA,0,Other_Amphibian,0.6934,2618.9,1043.3,2713.6,1176.6
/srv/shared_leopard_toad/2024/02.09.2024/5R/102MEDIA/DSCF0566.JPG,DSCF0566.JPG,5R/102MEDIA,0,Other_Amphibian,0.5420,3821.0,235.9,3923.5,338.7
/srv/shared_leopard_toad/2024/02.09.2024/5R/102MEDIA/DSCF0559.JPG,DSCF0559.JPG,5R/102MEDIA,0,Other_Amphibian,0.3372,3821.9,232.9,3931.6,342.6
/srv/shared_leopard_toad/2024/02.09.2024/5R/102MEDIA/DSCF0368.JPG,DSCF0368.JPG,5R/102MEDIA,0,Other_Amphibian,0.3569,3811.9,229.5,3928.1,337.2
/srv/shared_leopard_toad/2024/02.09.2024/5R/102MEDIA/DSCF0656.JPG,DSCF0656.JPG,5R/102MEDIA,0,Other_Amphibian,0.3252,3818.3,226.3,3930.7,343.5
/srv/shared_leopard_toad/2024/02.09.2024/5R/102MEDIA/DSCF0755.JPG,DSCF0755.JPG,5R/102MEDIA,0,Other_Amphibian,0.2969,3821.4,231.0,3936.6,337.6
/srv/shared_leopard_toad/2024/02.09.2024/5R/102MEDIA/DSCF0372.JPG,DSCF0372.JPG,5R/102MEDIA,0,Other_Amphibian,0.2181,3817.2,234.8,3918.3,336.0
/srv/shared_leopard_toad/2024/02.09.2024/5R/102MEDIA/DSCF0342.JPG,DSCF0342.JPG,5R/102MEDIA,0,Other_Amphibian,0.2388,3814.5,230.5,3925.5,335.2
/srv/shared_leopard_toad/2024/02.09.2024/5R/102MEDIA/DSCF0676.JPG,DSCF0676.JPG,5R/102MEDIA,0,Other_Amphibian,0.3108,3823.3,233.1,3930.2,336.8
/srv/shared_leopard_toad/2024/02.09.2024/5R/102MEDIA/DSCF0923.JPG,DSCF0923.JPG,5R/102MEDIA,2,Western_Leopard_Toad,0.2974,4544.3,2264.0,4608.7,2444.2
/srv/shared_leopard_toad/2024/02.09.2024/5R/102MEDIA/DSCF0486.JPG,DSCF0486.JPG,5R/102MEDIA,0,Other_Amphibian,0.2742,3815.2,230.1,3924.8,335.6
/srv/shared_leopard_toad/2024/02.09.2024/5R/102MEDIA/DSCF0526.JPG,DSCF0526.JPG,5R/102MEDIA,0,Other_Amphibian,0.4299,3814.7,237.4,3920.8,341.3
/srv/shared_leopard_toad/2024/02.09.2024/5R/102MEDIA/DSCF0380.JPG,DSCF0380.JPG,5R/102MEDIA,0,Other_Amphibian,0.4541,3813.9,231.4,3926.1,334.3
/srv/shared_leopard_toad/2024/02.09.2024/5R/102MEDIA/DSCF0568.JPG,DSCF0568.JPG,5R/102MEDIA,0,Other_Amphibian,0.4844,3824.3,237.0,3929.2,336.7
/srv/shared_leopard_toad/2024/02.09.2024/5R/102MEDIA/DSCF0301.JPG,DSCF0301.JPG,5R/102MEDIA,0,Other_Amphibian,0.2399,3813.0,235.6,3918.0,335.2
/srv/shared_leopard_toad/2024/02.09.2024/5R/102MEDIA/DSCF0505.JPG,DSCF0505.JPG,5R/102MEDIA,0,Other_Amphibian,0.2156,3815.8,235.7,3924.2,338.9
/srv/shared_leopard_toad/2024/02.09.2024/5R/102MEDIA/DSCF0672.JPG,DSCF0672.JPG,5R/102MEDIA,0,Other_Amphibian,0.3987,3821.3,227.8,3941.2,345.8
/srv/shared_leopard_toad/2024/02.09.2024/5R/102MEDIA/DSCF0312.JPG,DSCF0312.JPG,5R/102MEDIA,0,Other_Amphibian,0.3242,3815.9,232.6,3919.6,334.0
/srv/shared_leopard_toad/2024/02.09.2024/5R/102MEDIA/DSCF0385.JPG,DSCF0385.JPG,5R/102MEDIA,0,Other_Amphibian,0.3467,3819.4,232.8,3929.6,337.1
/srv/shared_leopard_toad/2024/02.09.2024/5R/102MEDIA/DSCF0426.JPG,DSCF0426.JPG,5R/102MEDIA,0,Other_Amphibian,0.2114,3813.1,229.8,3922.4,335.9
/srv/shared_leopard_toad/2024/02.09.2024/5R/102MEDIA/DSCF0781.JPG,DSCF0781.JPG,5R/102MEDIA,0,Other_Amphibian,0.3528,3817.2,230.7,3927.3,350.9
/srv/shared_leopard_toad/2024/02.09.2024/5R/102MEDIA/DSCF0564.JPG,DSCF0564.JPG,5R/102MEDIA,0,Other_Amphibian,0.3433,3816.0,228.2,3928.5,351.4
/srv/shared_leopard_toad/2024/02.09.2024/5R/102MEDIA/DSCF0644.JPG,DSCF0644.JPG,5R/102MEDIA,0,Other_Amphibian,0.2979,3820.4,225.7,3942.1,347.9
/srv/shared_leopard_toad/2024/02.09.2024/5R/102MEDIA/DSCF0508.JPG,DSCF0508.JPG,5R/102MEDIA,0,Other_Amphibian,0.4380,3817.4,231.2,3927.1,338.7
/srv/shared_leopard_toad/2024/02.09.2024/5R/102MEDIA/DSCF0608.JPG,DSCF0608.JPG,5R/102MEDIA,0,Other_Amphibian,0.4404,3821.7,230.6,3940.8,339.3
/srv/shared_leopard_toad/2024/02.09.2024/5R/102MEDIA/DSCF0451.JPG,DSCF0451.JPG,5R/102MEDIA,0,Other_Amphibian,0.2056,3820.7,235.2,3923.8,334.7
/srv/shared_leopard_toad/2024/02.09.2024/5R/102MEDIA/DSCF0615.JPG,DSCF0615.JPG,5R/102MEDIA,0,Other_Amphibian,0.2832,3821.0,232.7,3937.0,345.1
/srv/shared_leopard_toad/2024/02.09.2024/5R/102MEDIA/DSCF0346.JPG,DSCF0346.JPG,5R/102MEDIA,0,Other_Amphibian,0.3328,3818.5,232.0,3926.0,335.6
/srv/shared_leopard_toad/2024/02.09.2024/5R/102MEDIA/DSCF0723.JPG,DSCF0723.JPG,5R/102MEDIA,0,Other_Amphibian,0.2024,3820.7,229.1,3941.8,347.7
/srv/shared_leopard_toad/2024/02.09.2024/5R/102MEDIA/DSCF0432.JPG,DSCF0432.JPG,5R/102MEDIA,0,Other_Amphibian,0.5835,3817.8,235.6,3922.2,337.1
/srv/shared_leopard_toad/2024/02.09.2024/5R/102MEDIA/DSCF0412.JPG,DSCF0412.JPG,5R/102MEDIA,0,Other_Amphibian,0.3262,3814.2,232.6,3921.3,337.2
/srv/shared_leopard_toad/2024/02.09.2024/5R/102MEDIA/DSCF0729.JPG,DSCF0729.JPG,5R/102MEDIA,0,Other_Amphibian,0.5112,3823.2,229.9,3930.3,336.8
/srv/shared_leopard_toad/2024/02.09.2024/5R/102MEDIA/DSCF0637.JPG,DSCF0637.JPG,5R/102MEDIA,0,Other_Amphibian,0.2588,3820.2,227.2,3937.8,347.4
/srv/shared_leopard_toad/2024/02.09.2024/5R/102MEDIA/DSCF0307.JPG,DSCF0307.JPG,5R/102MEDIA,0,Other_Amphibian,0.3882,3815.8,231.2,3924.2,332.6
/srv/shared_leopard_toad/2024/02.09.2024/5R/102MEDIA/DSCF0582.JPG,DSCF0582.JPG,5R/102MEDIA,0,Other_Amphibian,0.2123,3817.9,230.7,3926.6,347.0
/srv/shared_leopard_toad/2024/02.09.2024/5R/102MEDIA/DSCF0607.JPG,DSCF0607.JPG,5R/102MEDIA,0,Other_Amphibian,0.3232,3818.4,228.0,3930.6,346.6
/srv/shared_leopard_toad/2024/02.09.2024/5R/102MEDIA/DSCF0472.JPG,DSCF0472.JPG,5R/102MEDIA,0,Other_Amphibian,0.3154,3817.7,234.4,3926.8,336.4
/srv/shared_leopard_toad/2024/02.09.2024/5R/102MEDIA/DSCF0536.JPG,DSCF0536.JPG,5R/102MEDIA,0,Other_Amphibian,0.2444,3817.5,230.6,3927.0,337.1
/srv/shared_leopard_toad/2024/02.09.2024/5R/102MEDIA/DSCF0448.JPG,DSCF0448.JPG,5R/102MEDIA,0,Other_Amphibian,0.2715,3816.4,232.2,3923.6,334.4
/srv/shared_leopard_toad/2024/02.09.2024/5R/102MEDIA/DSCF0449.JPG,DSCF0449.JPG,5R/102MEDIA,0,Other_Amphibian,0.2556,3815.1,230.8,3929.4,335.9
/srv/shared_leopard_toad/2024/02.09.2024/5R/102MEDIA/DSCF0386.JPG,DSCF0386.JPG,5R/102MEDIA,0,Other_Amphibian,0.3091,3815.1,227.9,3924.9,336.9
/srv/shared_leopard_toad/2024/02.09.2024/5R/102MEDIA/DSCF0399.JPG,DSCF0399.JPG,5R/102MEDIA,0,Other_Amphibian,0.4683,3816.6,232.4,3923.4,335.2
/srv/shared_leopard_toad/2024/02.09.2024/5R/102MEDIA/DSCF0567.JPG,DSCF0567.JPG,5R/102MEDIA,0,Other_Amphibian,0.4128,3823.1,231.1,3930.4,344.4
/srv/shared_leopard_toad/2024/02.09.2024/5R/102MEDIA/DSCF0499.JPG,DSCF0499.JPG,5R/102MEDIA,0,Other_Amphibian,0.3813,3816.8,234.8,3923.2,336.0
/srv/shared_leopard_toad/2024/02.09.2024/5R/102MEDIA/DSCF0768.JPG,DSCF0768.JPG,5R/102MEDIA,0,Other_Amphibian,0.2925,3821.9,235.6,3931.6,347.2
/srv/shared_leopard_toad/2024/02.09.2024/5R/102MEDIA/DSCF0655.JPG,DSCF0655.JPG,5R/102MEDIA,0,Other_Amphibian,0.4253,3822.1,225.4,3940.4,340.3
/srv/shared_leopard_toad/2024/02.09.2024/5R/102MEDIA/DSCF0750.JPG,DSCF0750.JPG,5R/102MEDIA,0,Other_Amphibian,0.2654,3818.4,226.5,3935.1,347.1
/srv/shared_leopard_toad/2024/02.09.2024/5R/102MEDIA/DSCF0629.JPG,DSCF0629.JPG,5R/102MEDIA,0,Other_Amphibian,0.4700,3818.7,229.6,3934.8,349.1
/srv/shared_leopard_toad/2024/02.09.2024/5R/102MEDIA/DSCF0635.JPG,DSCF0635.JPG,5R/102MEDIA,0,Other_Amphibian,0.2477,3818.8,230.5,3930.2,343.1
/srv/shared_leopard_toad/2024/02.09.2024/5R/102MEDIA/DSCF0533.JPG,DSCF0533.JPG,5R/102MEDIA,0,Other_Amphibian,0.3293,3819.2,234.9,3929.8,340.6
/srv/shared_leopard_toad/2024/02.09.2024/5R/102MEDIA/DSCF0511.JPG,DSCF0511.JPG,5R/102MEDIA,0,Other_Amphibian,0.2483,3814.8,234.0,3925.2,338.7
/srv/shared_leopard_toad/2024/02.09.2024/5R/102MEDIA/DSCF0622.JPG,DSCF0622.JPG,5R/102MEDIA,0,Other_Amphibian,0.3018,3820.5,231.8,3933.0,343.8
/srv/shared_leopard_toad/2024/02.09.2024/5R/102MEDIA/DSCF0621.JPG,DSCF0621.JPG,5R/102MEDIA,0,Other_Amphibian,0.3909,3822.4,232.6,3935.6,335.1
/srv/shared_leopard_toad/2024/02.09.2024/5R/102MEDIA/DSCF0483.JPG,DSCF0483.JPG,5R/102MEDIA,0,Other_Amphibian,0.3352,3817.6,228.2,3926.9,336.5
/srv/shared_leopard_toad/2024/02.09.2024/5R/102MEDIA/DSCF0548.JPG,DSCF0548.JPG,5R/102MEDIA,0,Other_Amphibian,0.2441,3818.5,233.1,3926.0,344.6
/srv/shared_leopard_toad/2024/02.09.2024/5R/102MEDIA/DSCF0660.JPG,DSCF0660.JPG,5R/102MEDIA,0,Other_Amphibian,0.2998,3817.3,228.6,3931.7,339.0
/srv/shared_leopard_toad/2024/02.09.2024/5R/102MEDIA/DSCF0632.JPG,DSCF0632.JPG,5R/102MEDIA,0,Other_Amphibian,0.2051,3819.7,232.9,3929.3,337.9
/srv/shared_leopard_toad/2024/02.09.2024/5R/102MEDIA/DSCF0391.JPG,DSCF0391.JPG,5R/102MEDIA,0,Other_Amphibian,0.5024,3819.4,228.1,3925.1,333.8
/srv/shared_leopard_toad/2024/02.09.2024/5R/102MEDIA/DSCF0500.JPG,DSCF0500.JPG,5R/102MEDIA,0,Other_Amphibian,0.4678,3820.3,239.7,3924.2,334.9
/srv/shared_leopard_toad/2024/02.09.2024/5R/102MEDIA/DSCF0613.JPG,DSCF0613.JPG,5R/102MEDIA,0,Other_Amphibian,0.5854,3823.7,231.6,3934.3,338.2
/srv/shared_leopard_toad/2024/02.09.2024/5R/102MEDIA/DSCF0345.JPG,DSCF0345.JPG,5R/102MEDIA,0,Other_Amphibian,0.6050,3818.6,234.8,3921.4,332.8
/srv/shared_leopard_toad/2024/02.09.2024/5R/102MEDIA/DSCF0293.JPG,DSCF0293.JPG,5R/102MEDIA,0,Other_Amphibian,0.4224,3818.5,227.7,3926.0,336.1
/srv/shared_leopard_toad/2024/02.09.2024/5R/102MEDIA/DSCF0338.JPG,DSCF0338.JPG,5R/102MEDIA,0,Other_Amphibian,0.4729,3814.0,231.6,3930.5,336.1
/srv/shared_leopard_toad/2024/02.09.2024/5R/102MEDIA/DSCF0791.JPG,DSCF0791.JPG,5R/102MEDIA,0,Other_Amphibian,0.3455,3817.7,228.3,3935.8,349.4
/srv/shared_leopard_toad/2024/02.09.2024/5R/102MEDIA/DSCF0689.JPG,DSCF0689.JPG,5R/102MEDIA,0,Other_Amphibian,0.2217,3816.8,229.2,3932.2,347.6
/srv/shared_leopard_toad/2024/02.09.2024/5R/102MEDIA/DSCF0463.JPG,DSCF0463.JPG,5R/102MEDIA,0,Other_Amphibian,0.5415,3817.3,234.8,3927.2,339.8
/srv/shared_leopard_toad/2024/02.09.2024/5R/102MEDIA/DSCF0605.JPG,DSCF0605.JPG,5R/102MEDIA,0,Other_Amphibian,0.4143,3819.1,225.7,3934.4,338.1
/srv/shared_leopard_toad/2024/02.09.2024/5R/102MEDIA/DSCF0760.JPG,DSCF0760.JPG,5R/102MEDIA,0,Other_Amphibian,0.4246,3820.3,227.5,3937.7,348.0
/srv/shared_leopard_toad/2024/02.09.2024/5R/102MEDIA/DSCF0593.JPG,DSCF0593.JPG,5R/102MEDIA,0,Other_Amphibian,0.5996,3817.2,231.1,3927.3,339.7
/srv/shared_leopard_toad/2024/02.09.2024/5R/102MEDIA/DSCF0588.JPG,DSCF0588.JPG,5R/102MEDIA,0,Other_Amphibian,0.5034,3821.9,225.2,3936.1,338.6
/srv/shared_leopard_toad/2024/02.09.2024/5R/102MEDIA/DSCF0724.JPG,DSCF0724.JPG,5R/102MEDIA,0,Other_Amphibian,0.2778,3817.5,230.6,3927.0,344.9
/srv/shared_leopard_toad/2024/02.09.2024/5R/102MEDIA/DSCF0365.JPG,DSCF0365.JPG,5R/102MEDIA,0,Other_Amphibian,0.2311,3814.5,233.5,3921.0,337.2
/srv/shared_leopard_toad/2024/02.09.2024/5R/102MEDIA/DSCF0538.JPG,DSCF0538.JPG,5R/102MEDIA,0,Other_Amphibian,0.2269,3820.2,240.9,3919.8,336.9
/srv/shared_leopard_toad/2024/02.09.2024/5R/102MEDIA/DSCF0913.JPG,DSCF0913.JPG,5R/102MEDIA,2,Western_Leopard_Toad,0.2637,4539.9,2261.5,4608.6,2444.1
/srv/shared_leopard_toad/2024/02.09.2024/5R/102MEDIA/DSCF0550.JPG,DSCF0550.JPG,5R/102MEDIA,0,Other_Amphibian,0.2111,3820.0,230.1,3933.5,346.7
/srv/shared_leopard_toad/2024/02.09.2024/5R/102MEDIA/DSCF0633.JPG,DSCF0633.JPG,5R/102MEDIA,0,Other_Amphibian,0.5889,3820.8,229.5,3932.7,334.4
/srv/shared_leopard_toad/2024/02.09.2024/5R/102MEDIA/DSCF0626.JPG,DSCF0626.JPG,5R/102MEDIA,0,Other_Amphibian,0.3201,3822.1,227.6,3940.4,341.0
/srv/shared_leopard_toad/2024/02.09.2024/5R/102MEDIA/DSCF0377.JPG,DSCF0377.JPG,5R/102MEDIA,0,Other_Amphibian,0.2433,3817.7,233.3,3922.3,334.3
/srv/shared_leopard_toad/2024/02.09.2024/5R/102MEDIA/DSCF0705.JPG,DSCF0705.JPG,5R/102MEDIA,0,Other_Amphibian,0.2224,3819.3,232.3,3929.7,346.4
/srv/shared_leopard_toad/2024/02.09.2024/5R/102MEDIA/DSCF0510.JPG,DSCF0510.JPG,5R/102MEDIA,0,Other_Amphibian,0.3425,3814.7,226.3,3934.3,339.4
/srv/shared_leopard_toad/2024/02.09.2024/5R/102MEDIA/DSCF0610.JPG,DSCF0610.JPG,5R/102MEDIA,0,Other_Amphibian,0.4500,3815.7,228.9,3933.3,341.9
/srv/shared_leopard_toad/2024/02.09.2024/5R/102MEDIA/DSCF0408.JPG,DSCF0408.JPG,5R/102MEDIA,0,Other_Amphibian,0.5044,3820.5,229.0,3928.5,332.9
/srv/shared_leopard_toad/2024/02.09.2024/5R/102MEDIA/DSCF0627.JPG,DSCF0627.JPG,5R/102MEDIA,0,Other_Amphibian,0.5088,3821.0,226.5,3941.5,340.2
/srv/shared_leopard_toad/2024/02.09.2024/5R/102MEDIA/DSCF0425.JPG,DSCF0425.JPG,5R/102MEDIA,0,Other_Amphibian,0.3560,3815.9,234.2,3924.1,332.5
/srv/shared_leopard_toad/2024/02.09.2024/5R/102MEDIA/DSCF0398.JPG,DSCF0398.JPG,5R/102MEDIA,0,Other_Amphibian,0.2006,3813.7,232.0,3921.8,339.7
/srv/shared_leopard_toad/2024/02.09.2024/5R/102MEDIA/DSCF0618.JPG,DSCF0618.JPG,5R/102MEDIA,0,Other_Amphibian,0.5615,3820.3,229.3,3933.2,336.4
/srv/shared_leopard_toad/2024/02.09.2024/5R/102MEDIA/DSCF0586.JPG,DSCF0586.JPG,5R/102MEDIA,0,Other_Amphibian,0.4719,3822.0,228.5,3940.5,343.3
/srv/shared_leopard_toad/2024/02.09.2024/5R/102MEDIA/DSCF0695.JPG,DSCF0695.JPG,5R/102MEDIA,0,Other_Amphibian,0.3772,3817.3,235.2,3927.2,349.5
/srv/shared_leopard_toad/2024/02.09.2024/5R/102MEDIA/DSCF0657.JPG,DSCF0657.JPG,5R/102MEDIA,0,Other_Amphibian,0.2656,3821.7,231.6,3936.3,339.1
/srv/shared_leopard_toad/2024/02.09.2024/5R/102MEDIA/DSCF0711.JPG,DSCF0711.JPG,5R/102MEDIA,0,Other_Amphibian,0.2034,3817.7,226.7,3931.3,347.8
/srv/shared_leopard_toad/2024/02.09.2024/5R/102MEDIA/DSCF0563.JPG,DSCF0563.JPG,5R/102MEDIA,0,Other_Amphibian,0.3079,3821.3,230.5,3936.7,340.3
/srv/shared_leopard_toad/2024/02.09.2024/5R/102MEDIA/DSCF0283.JPG,DSCF0283.JPG,5R/102MEDIA,0,Other_Amphibian,0.4661,3814.9,229.7,3920.6,335.1
/srv/shared_leopard_toad/2024/02.09.2024/5R/102MEDIA/DSCF0687.JPG,DSCF0687.JPG,5R/102MEDIA,0,Other_Amphibian,0.2170,3817.1,228.0,3931.9,346.6
/srv/shared_leopard_toad/2024/02.09.2024/5R/102MEDIA/DSCF0726.JPG,DSCF0726.JPG,5R/102MEDIA,0,Other_Amphibian,0.2585,3817.2,229.4,3931.8,344.2
/srv/shared_leopard_toad/2024/02.09.2024/5R/102MEDIA/DSCF0703.JPG,DSCF0703.JPG,5R/102MEDIA,0,Other_Amphibian,0.2002,3823.4,234.3,3934.6,338.4
/srv/shared_leopard_toad/2024/02.09.2024/5R/102MEDIA/DSCF0530.JPG,DSCF0530.JPG,5R/102MEDIA,0,Other_Amphibian,0.2137,3814.4,234.2,3925.6,341.3
/srv/shared_leopard_toad/2024/02.09.2024/5R/102MEDIA/DSCF0654.JPG,DSCF0654.JPG,5R/102MEDIA,0,Other_Amphibian,0.3584,3820.8,229.3,3937.2,343.4
/srv/shared_leopard_toad/2024/02.09.2024/5R/102MEDIA/DSCF0521.JPG,DSCF0521.JPG,5R/102MEDIA,0,Other_Amphibian,0.4536,3815.3,229.4,3924.7,335.4
/srv/shared_leopard_toad/2024/02.09.2024/5R/102MEDIA/DSCF0456.JPG,DSCF0456.JPG,5R/102MEDIA,0,Other_Amphibian,0.4917,3818.7,233.5,3925.8,333.2
/srv/shared_leopard_toad/2024/02.09.2024/5R/102MEDIA/DSCF0535.JPG,DSCF0535.JPG,5R/102MEDIA,0,Other_Amphibian,0.5288,3818.2,238.2,3926.3,341.5
/srv/shared_leopard_toad/2024/02.09.2024/5R/102MEDIA/DSCF0597.JPG,DSCF0597.JPG,5R/102MEDIA,0,Other_Amphibian,0.4023,3816.9,225.6,3932.1,337.3
/srv/shared_leopard_toad/2024/02.09.2024/5R/102MEDIA/DSCF0364.JPG,DSCF0364.JPG,5R/102MEDIA,0,Other_Amphibian,0.6260,3813.5,228.0,3931.0,338.7
/srv/shared_leopard_toad/2024/02.09.2024/5R/102MEDIA/DSCF0475.JPG,DSCF0475.JPG,5R/102MEDIA,0,Other_Amphibian,0.5879,3818.0,235.6,3926.5,336.1
/srv/shared_leopard_toad/2024/02.09.2024/5R/102MEDIA/DSCF0480.JPG,DSCF0480.JPG,5R/102MEDIA,0,Other_Amphibian,0.2615,3819.0,237.9,3921.0,333.9
/srv/shared_leopard_toad/2024/02.09.2024/5R/102MEDIA/DSCF0428.JPG,DSCF0428.JPG,5R/102MEDIA,0,Other_Amphibian,0.4233,3815.8,235.2,3924.2,336.5
/srv/shared_leopard_toad/2024/02.09.2024/5R/102MEDIA/DSCF0437.JPG,DSCF0437.JPG,5R/102MEDIA,0,Other_Amphibian,0.3076,3814.3,232.8,3925.7,335.7
/srv/shared_leopard_toad/2024/02.09.2024/5R/102MEDIA/DSCF0598.JPG,DSCF0598.JPG,5R/102MEDIA,0,Other_Amphibian,0.7310,3823.2,230.1,3934.8,340.7
/srv/shared_leopard_toad/2024/02.09.2024/5R/102MEDIA/DSCF0498.JPG,DSCF0498.JPG,5R/102MEDIA,0,Other_Amphibian,0.6655,3819.4,235.7,3929.6,336.0
/srv/shared_leopard_toad/2024/02.09.2024/5R/102MEDIA/DSCF0438.JPG,DSCF0438.JPG,5R/102MEDIA,0,Other_Amphibian,0.2318,3814.1,236.3,3921.4,338.3
/srv/shared_leopard_toad/2024/02.09.2024/5R/102MEDIA/DSCF0946.JPG,DSCF0946.JPG,5R/102MEDIA,0,Other_Amphibian,0.2086,3821.9,225.0,3936.1,337.8
/srv/shared_leopard_toad/2024/02.09.2024/5R/102MEDIA/DSCF0733.JPG,DSCF0733.JPG,5R/102MEDIA,0,Other_Amphibian,0.5981,3824.2,223.1,3938.3,338.9
/srv/shared_leopard_toad/2024/02.09.2024/5R/102MEDIA/DSCF0818.JPG,DSCF0818.JPG,5R/102MEDIA,0,Other_Amphibian,0.2070,4463.9,-2.2,4608.1,129.8
/srv/shared_leopard_toad/2024/02.09.2024/5R/102MEDIA/DSCF0452.JPG,DSCF0452.JPG,5R/102MEDIA,0,Other_Amphibian,0.2756,3818.5,230.1,3926.0,337.6
/srv/shared_leopard_toad/2024/02.09.2024/5R/102MEDIA/DSCF0269.JPG,DSCF0269.JPG,5R/102MEDIA,0,Other_Amphibian,0.2039,3816.7,228.3,3927.8,333.6
/srv/shared_leopard_toad/2024/02.09.2024/5R/102MEDIA/DSCF0313.JPG,DSCF0313.JPG,5R/102MEDIA,0,Other_Amphibian,0.2428,3818.6,235.1,3921.4,334.8
/srv/shared_leopard_toad/2024/02.09.2024/5R/102MEDIA/DSCF0424.JPG,DSCF0424.JPG,5R/102MEDIA,0,Other_Amphibian,0.2018,3815.2,229.8,3924.8,335.9
/srv/shared_leopard_toad/2024/02.09.2024/5R/102MEDIA/DSCF0628.JPG,DSCF0628.JPG,5R/102MEDIA,0,Other_Amphibian,0.4309,3821.0,231.6,3932.5,347.1
/srv/shared_leopard_toad/2024/02.09.2024/5R/102MEDIA/DSCF0161.JPG,DSCF0161.JPG,5R/102MEDIA,0,Other_Amphibian,0.2766,3816.2,233.7,3923.8,333.0
/srv/shared_leopard_toad/2024/02.09.2024/5R/102MEDIA/DSCF0462.JPG,DSCF0462.JPG,5R/102MEDIA,0,Other_Amphibian,0.4717,3815.9,229.7,3928.6,334.2
/srv/shared_leopard_toad/2024/02.09.2024/5R/102MEDIA/DSCF0561.JPG,DSCF0561.JPG,5R/102MEDIA,0,Other_Amphibian,0.5024,3817.7,229.4,3931.3,335.4
/srv/shared_leopard_toad/2024/02.09.2024/5R/102MEDIA/DSCF0436.JPG,DSCF0436.JPG,5R/102MEDIA,0,Other_Amphibian,0.2257,3816.6,235.4,3927.9,337.3
/srv/shared_leopard_toad/2024/02.09.2024/5R/102MEDIA/DSCF0484.JPG,DSCF0484.JPG,5R/102MEDIA,0,Other_Amphibian,0.2455,3815.4,228.1,3929.1,337.6
/srv/shared_leopard_toad/2024/02.09.2024/5R/102MEDIA/DSCF0495.JPG,DSCF0495.JPG,5R/102MEDIA,0,Other_Amphibian,0.2058,3815.5,229.0,3929.0,339.5
/srv/shared_leopard_toad/2024/02.09.2024/5R/102MEDIA/DSCF0590.JPG,DSCF0590.JPG,5R/102MEDIA,0,Other_Amphibian,0.4158,3819.2,231.2,3929.8,338.7
/srv/shared_leopard_toad/2024/02.09.2024/5R/102MEDIA/DSCF0401.JPG,DSCF0401.JPG,5R/102MEDIA,0,Other_Amphibian,0.2466,3816.9,227.9,3927.6,334.1
/srv/shared_leopard_toad/2024/02.09.2024/5R/102MEDIA/DSCF0010.JPG,DSCF0010.JPG,5R/102MEDIA,2,Western_Leopard_Toad,0.2507,3098.0,817.3,3697.0,1498.8
/srv/shared_leopard_toad/2024/02.09.2024/5R/102MEDIA/DSCF0242.JPG,DSCF0242.JPG,5R/102MEDIA,0,Other_Amphibian,0.2234,3814.6,228.1,3920.9,334.8
/srv/shared_leopard_toad/2024/02.09.2024/5R/102MEDIA/DSCF0606.JPG,DSCF0606.JPG,5R/102MEDIA,0,Other_Amphibian,0.5283,3821.7,229.8,3940.8,341.0
/srv/shared_leopard_toad/2024/02.09.2024/5R/102MEDIA/DSCF0620.JPG,DSCF0620.JPG,5R/102MEDIA,0,Other_Amphibian,0.2852,3822.8,237.1,3921.8,340.7
/srv/shared_leopard_toad/2024/02.09.2024/5R/102MEDIA/DSCF0591.JPG,DSCF0591.JPG,5R/102MEDIA,0,Other_Amphibian,0.2225,3821.3,227.4,3927.7,346.3
/srv/shared_leopard_toad/2024/02.09.2024/5R/102MEDIA/DSCF0664.JPG,DSCF0664.JPG,5R/102MEDIA,0,Other_Amphibian,0.4363,3814.1,228.4,3930.4,343.3
/srv/shared_leopard_toad/2024/02.09.2024/5R/102MEDIA/DSCF0331.JPG,DSCF0331.JPG,5R/102MEDIA,0,Other_Amphibian,0.2118,3813.0,229.6,3918.0,339.0
/srv/shared_leopard_toad/2024/02.09.2024/5R/102MEDIA/DSCF0611.JPG,DSCF0611.JPG,5R/102MEDIA,0,Other_Amphibian,0.3635,3819.6,228.5,3933.9,345.2
/srv/shared_leopard_toad/2024/02.09.2024/5R/102MEDIA/DSCF0617.JPG,DSCF0617.JPG,5R/102MEDIA,0,Other_Amphibian,0.2273,3819.2,230.5,3929.8,343.1
/srv/shared_leopard_toad/2024/02.09.2024/5R/102MEDIA/DSCF0595.JPG,DSCF0595.JPG,5R/102MEDIA,0,Other_Amphibian,0.2600,3820.0,228.9,3938.0,338.8
/srv/shared_leopard_toad/2024/02.09.2024/5R/102MEDIA/DSCF0701.JPG,DSCF0701.JPG,5R/102MEDIA,0,Other_Amphibian,0.2140,3816.0,232.2,3928.5,345.6
/srv/shared_leopard_toad/2024/02.09.2024/5R/102MEDIA/DSCF0604.JPG,DSCF0604.JPG,5R/102MEDIA,0,Other_Amphibian,0.3115,3821.0,232.0,3937.0,338.8
/srv/shared_leopard_toad/2024/02.09.2024/5R/102MEDIA/DSCF0450.JPG,DSCF0450.JPG,5R/102MEDIA,0,Other_Amphibian,0.2070,3812.3,231.3,3918.7,336.3
/srv/shared_leopard_toad/2024/02.09.2024/5R/102MEDIA/DSCF0520.JPG,DSCF0520.JPG,5R/102MEDIA,0,Other_Amphibian,0.3325,3817.4,233.0,3922.6,339.7
/srv/shared_leopard_toad/2024/02.09.2024/5R/102MEDIA/DSCF0359.JPG,DSCF0359.JPG,5R/102MEDIA,0,Other_Amphibian,0.2708,3816.5,232.2,3923.5,335.5
/srv/shared_leopard_toad/2024/02.09.2024/5R/102MEDIA/DSCF0579.JPG,DSCF0579.JPG,5R/102MEDIA,0,Other_Amphibian,0.2405,3818.7,232.8,3925.8,345.9
/srv/shared_leopard_toad/2024/02.09.2024/5R/102MEDIA/DSCF0506.JPG,DSCF0506.JPG,5R/102MEDIA,0,Other_Amphibian,0.2452,3820.3,237.2,3924.2,334.5
/srv/shared_leopard_toad/2024/02.09.2024/5R/102MEDIA/DSCF0642.JPG,DSCF0642.JPG,5R/102MEDIA,0,Other_Amphibian,0.3315,3816.9,229.8,3932.1,344.8
/srv/shared_leopard_toad/2024/02.09.2024/5R/102MEDIA/DSCF0762.JPG,DSCF0762.JPG,5R/102MEDIA,0,Other_Amphibian,0.4062,3817.2,228.8,3936.3,349.0
/srv/shared_leopard_toad/2024/02.09.2024/5R/101MEDIA/DSCF0015.JPG,DSCF0015.JPG,5R/101MEDIA,0,Other_Amphibian,0.2266,2904.0,0.0,3013.5,75.7
/srv/shared_leopard_toad/2024/02.09.2024/5R/101MEDIA/DSCF0078.JPG,DSCF0078.JPG,5R/101MEDIA,0,Other_Amphibian,0.2240,2890.9,0.3,3008.6,76.3
/srv/shared_leopard_toad/2024/02.09.2024/5R/101MEDIA/DSCF0055.JPG,DSCF0055.JPG,5R/101MEDIA,0,Other_Amphibian,0.2277,2902.0,0.5,3006.5,74.7
/srv/shared_leopard_toad/2024/02.09.2024/5R/106MEDIA/DSCF0012.JPG,DSCF0012.JPG,5R/106MEDIA,0,Other_Amphibian,0.8799,2775.3,72.1,2935.2,226.4
/srv/shared_leopard_toad/2024/02.09.2024/5R/106MEDIA/DSCF0407.JPG,DSCF0407.JPG,5R/106MEDIA,0,Other_Amphibian,0.2260,1510.1,2320.8,1626.4,2412.6
/srv/shared_leopard_toad/2024/02.09.2024/5R/106MEDIA/DSCF0678.JPG,DSCF0678.JPG,5R/106MEDIA,0,Other_Amphibian,0.2281,1509.7,2322.8,1624.6,2413.2
/srv/shared_leopard_toad/2024/02.09.2024/5R/106MEDIA/DSCF0430.JPG,DSCF0430.JPG,5R/106MEDIA,0,Other_Amphibian,0.2024,1507.6,2320.9,1624.4,2412.5
/srv/shared_leopard_toad/2024/02.09.2024/5R/106MEDIA/DSCF0891.JPG,DSCF0891.JPG,5R/106MEDIA,0,Other_Amphibian,0.3882,1507.5,2316.6,1624.5,2414.3
/srv/shared_leopard_toad/2024/02.09.2024/5R/106MEDIA/DSCF0755.JPG,DSCF0755.JPG,5R/106MEDIA,0,Other_Amphibian,0.2168,1505.2,2321.6,1622.3,2414.4
/srv/shared_leopard_toad/2024/02.09.2024/5R/106MEDIA/DSCF0342.JPG,DSCF0342.JPG,5R/106MEDIA,0,Other_Amphibian,0.2197,1508.6,2324.8,1625.7,2413.7
/srv/shared_leopard_toad/2024/02.09.2024/5R/106MEDIA/DSCF0870.JPG,DSCF0870.JPG,5R/106MEDIA,0,Other_Amphibian,0.2010,1509.2,2321.2,1625.0,2414.7
/srv/shared_leopard_toad/2024/02.09.2024/5R/106MEDIA/DSCF0700.JPG,DSCF0700.JPG,5R/106MEDIA,0,Other_Amphibian,0.2993,1508.1,2318.2,1626.2,2412.7
/srv/shared_leopard_toad/2024/02.09.2024/5R/106MEDIA/DSCF0730.JPG,DSCF0730.JPG,5R/106MEDIA,0,Other_Amphibian,0.2207,1506.4,2322.5,1621.1,2413.4
/srv/shared_leopard_toad/2024/02.09.2024/5R/106MEDIA/DSCF0526.JPG,DSCF0526.JPG,5R/106MEDIA,0,Other_Amphibian,0.2224,1506.9,2323.0,1625.1,2413.0
/srv/shared_leopard_toad/2024/02.09.2024/5R/106MEDIA/DSCF0409.JPG,DSCF0409.JPG,5R/106MEDIA,0,Other_Amphibian,0.2045,1507.1,2323.0,1624.9,2415.5
/srv/shared_leopard_toad/2024/02.09.2024/5R/106MEDIA/DSCF0851.JPG,DSCF0851.JPG,5R/106MEDIA,0,Other_Amphibian,0.2771,1508.1,2315.8,1626.2,2412.6
/srv/shared_leopard_toad/2024/02.09.2024/5R/106MEDIA/DSCF0373.JPG,DSCF0373.JPG,5R/106MEDIA,0,Other_Amphibian,0.2708,1507.4,2323.4,1620.1,2412.6
/srv/shared_leopard_toad/2024/02.09.2024/5R/106MEDIA/DSCF0736.JPG,DSCF0736.JPG,5R/106MEDIA,0,Other_Amphibian,0.2040,1508.4,2319.3,1625.8,2414.1
/srv/shared_leopard_toad/2024/02.09.2024/5R/106MEDIA/DSCF0509.JPG,DSCF0509.JPG,5R/106MEDIA,0,Other_Amphibian,0.2032,1508.1,2322.1,1626.2,2413.9
/srv/shared_leopard_toad/2024/02.09.2024/5R/106MEDIA/DSCF0837.JPG,DSCF0837.JPG,5R/106MEDIA,0,Other_Amphibian,0.4199,1508.5,2315.9,1632.5,2415.0
/srv/shared_leopard_toad/2024/02.09.2024/5R/106MEDIA/DSCF0532.JPG,DSCF0532.JPG,5R/106MEDIA,0,Other_Amphibian,0.2644,1509.3,2322.3,1622.7,2413.6
/srv/shared_leopard_toad/2024/02.09.2024/5R/106MEDIA/DSCF0268.JPG,DSCF0268.JPG,5R/106MEDIA,0,Other_Amphibian,0.2302,1507.4,2325.2,1624.6,2413.3
/srv/shared_leopard_toad/2024/02.09.2024/5R/106MEDIA/DSCF0842.JPG,DSCF0842.JPG,5R/106MEDIA,0,Other_Amphibian,0.2015,1506.5,2317.8,1621.0,2413.1
/srv/shared_leopard_toad/2024/02.09.2024/5R/106MEDIA/DSCF0738.JPG,DSCF0738.JPG,5R/106MEDIA,0,Other_Amphibian,0.2081,1506.0,2321.0,1626.0,2414.9
/srv/shared_leopard_toad/2024/02.09.2024/5R/106MEDIA/DSCF0536.JPG,DSCF0536.JPG,5R/106MEDIA,0,Other_Amphibian,0.2103,1507.7,2322.4,1619.8,2413.5
/srv/shared_leopard_toad/2024/02.09.2024/5R/106MEDIA/DSCF0494.JPG,DSCF0494.JPG,5R/106MEDIA,0,Other_Amphibian,0.4265,1507.5,2318.5,1626.7,2412.4
/srv/shared_leopard_toad/2024/02.09.2024/5R/106MEDIA/DSCF0567.JPG,DSCF0567.JPG,5R/106MEDIA,0,Other_Amphibian,0.2278,1508.9,2322.3,1623.1,2413.7
/srv/shared_leopard_toad/2024/02.09.2024/5R/106MEDIA/DSCF0892.JPG,DSCF0892.JPG,5R/106MEDIA,0,Other_Amphibian,0.2181,1507.6,2321.3,1619.9,2412.2
/srv/shared_leopard_toad/2024/02.09.2024/5R/106MEDIA/DSCF0900.JPG,DSCF0900.JPG,5R/106MEDIA,0,Other_Amphibian,0.3352,1508.3,2322.7,1625.9,2413.3
/srv/shared_leopard_toad/2024/02.09.2024/5R/106MEDIA/DSCF0750.JPG,DSCF0750.JPG,5R/106MEDIA,0,Other_Amphibian,0.2344,1506.8,2320.5,1629.7,2413.0
/srv/shared_leopard_toad/2024/02.09.2024/5R/106MEDIA/DSCF0823.JPG,DSCF0823.JPG,5R/106MEDIA,0,Other_Amphibian,0.2089,1506.2,2320.2,1621.3,2413.2
/srv/shared_leopard_toad/2024/02.09.2024/5R/106MEDIA/DSCF0421.JPG,DSCF0421.JPG,5R/106MEDIA,0,Other_Amphibian,0.2157,1508.7,2319.8,1625.6,2413.7
/srv/shared_leopard_toad/2024/02.09.2024/5R/106MEDIA/DSCF0511.JPG,DSCF0511.JPG,5R/106MEDIA,0,Other_Amphibian,0.3457,1508.9,2323.2,1623.1,2412.8
/srv/shared_leopard_toad/2024/02.09.2024/5R/106MEDIA/DSCF0511.JPG,DSCF0511.JPG,5R/106MEDIA,0,Other_Amphibian,0.2607,1507.0,2322.1,1625.0,2411.3
/srv/shared_leopard_toad/2024/02.09.2024/5R/106MEDIA/DSCF0527.JPG,DSCF0527.JPG,5R/106MEDIA,0,Other_Amphibian,0.2437,1505.1,2317.4,1622.4,2413.5
/srv/shared_leopard_toad/2024/02.09.2024/5R/106MEDIA/DSCF0778.JPG,DSCF0778.JPG,5R/106MEDIA,0,Other_Amphibian,0.3926,1509.8,2322.1,1622.2,2413.9
/srv/shared_leopard_toad/2024/02.09.2024/5R/106MEDIA/DSCF0180.JPG,DSCF0180.JPG,5R/106MEDIA,0,Other_Amphibian,0.2111,1509.5,2322.9,1622.5,2413.0
/srv/shared_leopard_toad/2024/02.09.2024/5R/106MEDIA/DSCF0327.JPG,DSCF0327.JPG,5R/106MEDIA,0,Other_Amphibian,0.2603,1508.6,2321.2,1623.4,2412.3
/srv/shared_leopard_toad/2024/02.09.2024/5R/106MEDIA/DSCF0964.JPG,DSCF0964.JPG,5R/106MEDIA,0,Other_Amphibian,0.2026,1505.4,2319.8,1622.1,2413.7
/srv/shared_leopard_toad/2024/02.09.2024/5R/106MEDIA/DSCF0593.JPG,DSCF0593.JPG,5R/106MEDIA,0,Other_Amphibian,0.2471,1505.8,2323.1,1621.7,2412.8
/srv/shared_leopard_toad/2024/02.09.2024/5R/106MEDIA/DSCF0365.JPG,DSCF0365.JPG,5R/106MEDIA,0,Other_Amphibian,0.2311,1510.4,2322.0,1623.8,2414.0
/srv/shared_leopard_toad/2024/02.09.2024/5R/106MEDIA/DSCF0693.JPG,DSCF0693.JPG,5R/106MEDIA,0,Other_Amphibian,0.2249,1506.5,2320.0,1621.0,2413.5
/srv/shared_leopard_toad/2024/02.09.2024/5R/106MEDIA/DSCF0886.JPG,DSCF0886.JPG,5R/106MEDIA,0,Other_Amphibian,0.2542,1508.7,2318.0,1623.3,2412.9
/srv/shared_leopard_toad/2024/02.09.2024/5R/106MEDIA/DSCF0708.JPG,DSCF0708.JPG,5R/106MEDIA,0,Other_Amphibian,0.2113,1507.4,2319.1,1626.8,2414.4
/srv/shared_leopard_toad/2024/02.09.2024/5R/106MEDIA/DSCF0869.JPG,DSCF0869.JPG,5R/106MEDIA,0,Other_Amphibian,0.2056,1508.3,2321.9,1623.7,2414.1
/srv/shared_leopard_toad/2024/02.09.2024/5R/106MEDIA/DSCF0850.JPG,DSCF0850.JPG,5R/106MEDIA,0,Other_Amphibian,0.2037,1508.9,2319.5,1623.1,2413.9
/srv/shared_leopard_toad/2024/02.09.2024/5R/106MEDIA/DSCF0958.JPG,DSCF0958.JPG,5R/106MEDIA,0,Other_Amphibian,0.2058,1508.1,2319.6,1626.2,2413.8
/srv/shared_leopard_toad/2024/02.09.2024/5R/106MEDIA/DSCF0639.JPG,DSCF0639.JPG,5R/106MEDIA,0,Other_Amphibian,0.2830,1509.2,2320.6,1622.8,2412.8
/srv/shared_leopard_toad/2024/02.09.2024/5R/106MEDIA/DSCF0457.JPG,DSCF0457.JPG,5R/106MEDIA,0,Other_Amphibian,0.2119,1508.1,2322.2,1626.2,2413.8
/srv/shared_leopard_toad/2024/02.09.2024/5R/106MEDIA/DSCF0355.JPG,DSCF0355.JPG,5R/106MEDIA,0,Other_Amphibian,0.2230,1507.2,2319.7,1624.8,2413.7
/srv/shared_leopard_toad/2024/02.09.2024/5R/106MEDIA/DSCF0674.JPG,DSCF0674.JPG,5R/106MEDIA,0,Other_Amphibian,0.2285,1508.8,2323.3,1625.5,2412.7
/srv/shared_leopard_toad/2024/02.09.2024/5R/106MEDIA/DSCF0219.JPG,DSCF0219.JPG,5R/106MEDIA,0,Other_Amphibian,0.2257,1508.6,2324.6,1623.4,2413.9
/srv/shared_leopard_toad/2024/02.09.2024/5R/106MEDIA/DSCF0054.JPG,DSCF0054.JPG,5R/106MEDIA,0,Other_Amphibian,0.3591,185.6,472.7,446.1,675.8
/srv/shared_leopard_toad/2024/02.09.2024/5R/106MEDIA/DSCF0334.JPG,DSCF0334.JPG,5R/106MEDIA,0,Other_Amphibian,0.3240,1507.7,2321.4,1626.6,2412.1
/srv/shared_leopard_toad/2024/02.09.2024/5R/106MEDIA/DSCF0733.JPG,DSCF0733.JPG,5R/106MEDIA,0,Other_Amphibian,0.2098,1502.5,2322.1,1618.3,2413.9
/srv/shared_leopard_toad/2024/02.09.2024/5R/106MEDIA/DSCF0583.JPG,DSCF0583.JPG,5R/106MEDIA,0,Other_Amphibian,0.2028,1510.3,2322.5,1623.9,2413.4
/srv/shared_leopard_toad/2024/02.09.2024/5R/106MEDIA/DSCF0776.JPG,DSCF0776.JPG,5R/106MEDIA,0,Other_Amphibian,0.2456,1509.7,2319.5,1629.1,2413.9
/srv/shared_leopard_toad/2024/02.09.2024/5R/106MEDIA/DSCF0424.JPG,DSCF0424.JPG,5R/106MEDIA,0,Other_Amphibian,0.2048,1509.4,2322.5,1627.1,2413.4
/srv/shared_leopard_toad/2024/02.09.2024/5R/106MEDIA/DSCF0585.JPG,DSCF0585.JPG,5R/106MEDIA,0,Other_Amphibian,0.2367,1508.5,2321.8,1630.2,2414.1
/srv/shared_leopard_toad/2024/02.09.2024/5R/106MEDIA/DSCF0435.JPG,DSCF0435.JPG,5R/106MEDIA,0,Other_Amphibian,0.2090,1507.3,2324.1,1629.2,2414.4
/srv/shared_leopard_toad/2024/02.09.2024/5R/106MEDIA/DSCF0975.JPG,DSCF0975.JPG,5R/106MEDIA,0,Other_Amphibian,0.2688,1509.7,2321.0,1624.6,2412.4
/srv/shared_leopard_toad/2024/02.09.2024/5R/106MEDIA/DSCF0796.JPG,DSCF0796.JPG,5R/106MEDIA,0,Other_Amphibian,0.2568,1504.5,2318.6,1618.5,2412.3
/srv/shared_leopard_toad/2024/02.09.2024/5R/106MEDIA/DSCF0590.JPG,DSCF0590.JPG,5R/106MEDIA,0,Other_Amphibian,0.2559,1508.8,2320.9,1627.7,2412.5
/srv/shared_leopard_toad/2024/02.09.2024/5R/106MEDIA/DSCF0203.JPG,DSCF0203.JPG,5R/106MEDIA,0,Other_Amphibian,0.3154,1506.7,2322.5,1629.8,2413.4
/srv/shared_leopard_toad/2024/02.09.2024/5R/106MEDIA/DSCF0203.JPG,DSCF0203.JPG,5R/106MEDIA,0,Other_Amphibian,0.2622,1508.4,2322.4,1625.8,2413.5
/srv/shared_leopard_toad/2024/02.09.2024/5R/106MEDIA/DSCF0920.JPG,DSCF0920.JPG,5R/106MEDIA,0,Other_Amphibian,0.2374,1506.5,2319.6,1621.0,2413.8
/srv/shared_leopard_toad/2024/02.09.2024/5R/106MEDIA/DSCF0973.JPG,DSCF0973.JPG,5R/106MEDIA,0,Other_Amphibian,0.4192,1504.6,2317.1,1618.4,2413.8
/srv/shared_leopard_toad/2024/02.09.2024/5R/106MEDIA/DSCF0921.JPG,DSCF0921.JPG,5R/106MEDIA,0,Other_Amphibian,0.2737,1508.6,2319.5,1623.4,2413.9
/srv/shared_leopard_toad/2024/02.09.2024/5R/106MEDIA/DSCF0835.JPG,DSCF0835.JPG,5R/106MEDIA,0,Other_Amphibian,0.2013,1504.1,2320.6,1618.9,2412.8
/srv/shared_leopard_toad/2024/02.09.2024/5R/106MEDIA/DSCF0213.JPG,DSCF0213.JPG,5R/106MEDIA,0,Other_Amphibian,0.2157,1508.9,2321.0,1627.6,2412.4
/srv/shared_leopard_toad/2024/02.09.2024/5R/106MEDIA/DSCF0620.JPG,DSCF0620.JPG,5R/106MEDIA,0,Other_Amphibian,0.2805,1507.1,2322.0,1629.4,2414.0
/srv/shared_leopard_toad/2024/02.09.2024/5R/106MEDIA/DSCF0746.JPG,DSCF0746.JPG,5R/106MEDIA,0,Other_Amphibian,0.2128,1509.6,2319.8,1626.9,2413.7
/srv/shared_leopard_toad/2024/02.09.2024/5R/106MEDIA/DSCF0602.JPG,DSCF0602.JPG,5R/106MEDIA,0,Other_Amphibian,0.2434,1508.6,2322.4,1625.7,2413.5
/srv/shared_leopard_toad/2024/02.09.2024/5R/106MEDIA/DSCF0340.JPG,DSCF0340.JPG,5R/106MEDIA,0,Other_Amphibian,0.2050,1508.2,2325.0,1623.8,2413.5
/srv/shared_leopard_toad/2024/02.09.2024/5R/106MEDIA/DSCF0328.JPG,DSCF0328.JPG,5R/106MEDIA,0,Other_Amphibian,0.3257,1509.2,2323.8,1625.0,2412.2
/srv/shared_leopard_toad/2024/02.09.2024/5R/106MEDIA/DSCF0328.JPG,DSCF0328.JPG,5R/106MEDIA,0,Other_Amphibian,0.2330,1508.9,2325.2,1629.9,2413.3
/srv/shared_leopard_toad/2024/02.09.2024/5R/106MEDIA/DSCF0124.JPG,DSCF0124.JPG,5R/106MEDIA,0,Other_Amphibian,0.8418,900.1,2308.7,1088.9,2450.0
/srv/shared_leopard_toad/2024/02.09.2024/5R/106MEDIA/DSCF0447.JPG,DSCF0447.JPG,5R/106MEDIA,0,Other_Amphibian,0.2119,1509.8,2320.3,1624.5,2413.2
/srv/shared_leopard_toad/2024/02.09.2024/5R/106MEDIA/DSCF0410.JPG,DSCF0410.JPG,5R/106MEDIA,0,Other_Amphibian,0.2517,1509.2,2320.1,1625.0,2413.3
/srv/shared_leopard_toad/2024/02.09.2024/5R/106MEDIA/DSCF0361.JPG,DSCF0361.JPG,5R/106MEDIA,0,Other_Amphibian,0.2255,1506.2,2323.5,1621.3,2412.4
/srv/shared_leopard_toad/2024/02.09.2024/5R/106MEDIA/DSCF0201.JPG,DSCF0201.JPG,5R/106MEDIA,0,Other_Amphibian,0.3286,1507.0,2325.5,1625.0,2413.0
/srv/shared_leopard_toad/2024/02.09.2024/5R/100MEDIA/DSCF0187.JPG,DSCF0187.JPG,5R/100MEDIA,0,Other_Amphibian,0.2050,2885.0,0.7,3005.5,76.5
/srv/shared_leopard_toad/2024/02.09.2024/5R/100MEDIA/DSCF0353.JPG,DSCF0353.JPG,5R/100MEDIA,0,Other_Amphibian,0.2111,2899.1,0.5,3013.9,71.0
/srv/shared_leopard_toad/2024/02.09.2024/5R/100MEDIA/DSCF0368.JPG,DSCF0368.JPG,5R/100MEDIA,0,Other_Amphibian,0.2073,2890.6,0.7,3008.9,73.3
/srv/shared_leopard_toad/2024/02.09.2024/5R/100MEDIA/DSCF0644.JPG,DSCF0644.JPG,5R/100MEDIA,0,Other_Amphibian,0.3047,2907.3,0.6,3010.2,73.4
/srv/shared_leopard_toad/2024/02.09.2024/5R/100MEDIA/DSCF0900.JPG,DSCF0900.JPG,5R/100MEDIA,0,Other_Amphibian,0.2135,2897.9,-0.0,3010.6,74.6
/srv/shared_leopard_toad/2024/02.09.2024/5R/100MEDIA/DSCF0965.JPG,DSCF0965.JPG,5R/100MEDIA,0,Other_Amphibian,0.2314,2896.2,0.9,3007.8,71.4
/srv/shared_leopard_toad/2024/02.09.2024/5R/100MEDIA/DSCF0745.JPG,DSCF0745.JPG,5R/100MEDIA,0,Other_Amphibian,0.2251,2903.3,0.4,3009.7,73.1
/srv/shared_leopard_toad/2024/02.09.2024/5R/100MEDIA/DSCF0967.JPG,DSCF0967.JPG,5R/100MEDIA,0,Other_Amphibian,0.2029,2891.1,1.1,3012.9,73.2
/srv/shared_leopard_toad/2024/02.09.2024/5R/100MEDIA/DSCF0263.JPG,DSCF0263.JPG,5R/100MEDIA,0,Other_Amphibian,0.2023,2903.3,0.7,3009.7,73.6
/srv/shared_leopard_toad/2024/02.09.2024/5R/100MEDIA/DSCF0703.JPG,DSCF0703.JPG,5R/100MEDIA,0,Other_Amphibian,0.2042,2887.8,1.0,3007.2,73.9
/srv/shared_leopard_toad/2024/02.09.2024/5R/100MEDIA/DSCF0698.JPG,DSCF0698.JPG,5R/100MEDIA,0,Other_Amphibian,0.2056,2901.1,0.9,3002.9,72.8
/srv/shared_leopard_toad/2024/02.09.2024/5R/100MEDIA/DSCF0882.JPG,DSCF0882.JPG,5R/100MEDIA,0,Other_Amphibian,0.2133,2900.3,0.9,3008.2,73.7
/srv/shared_leopard_toad/2024/02.09.2024/5R/102MEDIA/102MEDIA/DSCF0358.JPG,DSCF0358.JPG,5R/102MEDIA/102MEDIA,0,Other_Amphibian,0.2703,3816.1,235.8,3919.4,337.8
/srv/shared_leopard_toad/2024/02.09.2024/5R/102MEDIA/102MEDIA/DSCF0466.JPG,DSCF0466.JPG,5R/102MEDIA/102MEDIA,0,Other_Amphibian,0.4814,3816.8,231.6,3927.7,339.2
/srv/shared_leopard_toad/2024/02.09.2024/5R/102MEDIA/102MEDIA/DSCF0443.JPG,DSCF0443.JPG,5R/102MEDIA/102MEDIA,0,Other_Amphibian,0.4739,3815.5,235.4,3924.5,335.4
/srv/shared_leopard_toad/2024/02.09.2024/5R/102MEDIA/102MEDIA/DSCF0215.JPG,DSCF0215.JPG,5R/102MEDIA/102MEDIA,0,Other_Amphibian,0.4453,3811.1,227.6,3924.4,333.4
/srv/shared_leopard_toad/2024/02.09.2024/5R/102MEDIA/102MEDIA/DSCF0416.JPG,DSCF0416.JPG,5R/102MEDIA/102MEDIA,0,Other_Amphibian,0.2247,3815.2,235.4,3920.3,337.3
/srv/shared_leopard_toad/2024/02.09.2024/5R/102MEDIA/102MEDIA/DSCF0767.JPG,DSCF0767.JPG,5R/102MEDIA/102MEDIA,0,Other_Amphibian,0.6821,3819.9,228.8,3933.6,342.9
/srv/shared_leopard_toad/2024/02.09.2024/5R/102MEDIA/102MEDIA/DSCF0784.JPG,DSCF0784.JPG,5R/102MEDIA/102MEDIA,0,Other_Amphibian,0.2478,3817.3,224.4,3940.7,346.4
/srv/shared_leopard_toad/2024/02.09.2024/5R/102MEDIA/102MEDIA/DSCF0543.JPG,DSCF0543.JPG,5R/102MEDIA/102MEDIA,0,Other_Amphibian,0.3657,3825.4,238.7,3923.6,338.1
/srv/shared_leopard_toad/2024/02.09.2024/5R/102MEDIA/102MEDIA/DSCF0325.JPG,DSCF0325.JPG,5R/102MEDIA/102MEDIA,0,Other_Amphibian,0.3418,3814.6,228.9,3920.9,334.0
/srv/shared_leopard_toad/2024/02.09.2024/5R/102MEDIA/102MEDIA/DSCF0650.JPG,DSCF0650.JPG,5R/102MEDIA/102MEDIA,0,Other_Amphibian,0.2399,3821.1,226.5,3936.9,345.2
/srv/shared_leopard_toad/2024/02.09.2024/5R/102MEDIA/102MEDIA/DSCF0446.JPG,DSCF0446.JPG,5R/102MEDIA/102MEDIA,0,Other_Amphibian,0.6675,3816.6,233.1,3923.4,333.6
/srv/shared_leopard_toad/2024/02.09.2024/5R/102MEDIA/102MEDIA/DSCF0765.JPG,DSCF0765.JPG,5R/102MEDIA/102MEDIA,0,Other_Amphibian,0.3386,3820.0,230.5,3933.5,340.3
/srv/shared_leopard_toad/2024/02.09.2024/5R/102MEDIA/102MEDIA/DSCF0668.JPG,DSCF0668.JPG,5R/102MEDIA/102MEDIA,0,Other_Amphibian,0.3713,3822.0,229.4,3940.5,344.2
/srv/shared_leopard_toad/2024/02.09.2024/5R/102MEDIA/102MEDIA/DSCF0679.JPG,DSCF0679.JPG,5R/102MEDIA/102MEDIA,0,Other_Amphibian,0.2388,3819.2,227.0,3929.8,344.8
/srv/shared_leopard_toad/2024/02.09.2024/5R/102MEDIA/102MEDIA/DSCF0518.JPG,DSCF0518.JPG,5R/102MEDIA/102MEDIA,0,Other_Amphibian,0.5557,3818.5,238.7,3926.0,338.1
/srv/shared_leopard_toad/2024/02.09.2024/5R/102MEDIA/102MEDIA/DSCF0720.JPG,DSCF0720.JPG,5R/102MEDIA/102MEDIA,0,Other_Amphibian,0.2053,3822.0,229.9,3936.0,341.9
/srv/shared_leopard_toad/2024/02.09.2024/5R/102MEDIA/102MEDIA/DSCF0461.JPG,DSCF0461.JPG,5R/102MEDIA/102MEDIA,0,Other_Amphibian,0.2769,3817.2,233.8,3922.8,337.0
/srv/shared_leopard_toad/2024/02.09.2024/5R/102MEDIA/102MEDIA/DSCF0458.JPG,DSCF0458.JPG,5R/102MEDIA/102MEDIA,0,Other_Amphibian,0.2076,3818.0,229.8,3926.5,338.8
/srv/shared_leopard_toad/2024/02.09.2024/5R/102MEDIA/102MEDIA/DSCF0712.JPG,DSCF0712.JPG,5R/102MEDIA/102MEDIA,0,Other_Amphibian,0.6372,3822.1,232.2,3935.9,338.6
/srv/shared_leopard_toad/2024/02.09.2024/5R/102MEDIA/102MEDIA/DSCF0350.JPG,DSCF0350.JPG,5R/102MEDIA/102MEDIA,0,Other_Amphibian,0.3909,3812.3,231.6,3918.7,342.0
/srv/shared_leopard_toad/2024/02.09.2024/5R/102MEDIA/102MEDIA/DSCF0429.JPG,DSCF0429.JPG,5R/102MEDIA/102MEDIA,0,Other_Amphibian,0.5269,3815.2,232.2,3920.3,334.5
/srv/shared_leopard_toad/2024/02.09.2024/5R/102MEDIA/102MEDIA/DSCF0807.JPG,DSCF0807.JPG,5R/102MEDIA/102MEDIA,0,Other_Amphibian,0.2771,4470.4,-0.2,4610.6,144.0
/srv/shared_leopard_toad/2024/02.09.2024/5R/102MEDIA/102MEDIA/DSCF0341.JPG,DSCF0341.JPG,5R/102MEDIA/102MEDIA,0,Other_Amphibian,0.4287,3814.9,233.0,3925.1,336.9
/srv/shared_leopard_toad/2024/02.09.2024/5R/102MEDIA/102MEDIA/DSCF0681.JPG,DSCF0681.JPG,5R/102MEDIA/102MEDIA,0,Other_Amphibian,0.2089,3817.2,230.1,3927.3,344.4
/srv/shared_leopard_toad/2024/02.09.2024/5R/102MEDIA/102MEDIA/DSCF0592.JPG,DSCF0592.JPG,5R/102MEDIA/102MEDIA,0,Other_Amphibian,0.2664,3818.2,228.8,3930.8,339.8
/srv/shared_leopard_toad/2024/02.09.2024/5R/102MEDIA/102MEDIA/DSCF0574.JPG,DSCF0574.JPG,5R/102MEDIA/102MEDIA,0,Other_Amphibian,0.5020,3820.3,230.9,3928.7,339.0
/srv/shared_leopard_toad/2024/02.09.2024/5R/102MEDIA/102MEDIA/DSCF0403.JPG,DSCF0403.JPG,5R/102MEDIA/102MEDIA,0,Other_Amphibian,0.2283,3814.6,229.2,3920.9,337.5
/srv/shared_leopard_toad/2024/02.09.2024/5R/102MEDIA/102MEDIA/DSCF0369.JPG,DSCF0369.JPG,5R/102MEDIA/102MEDIA,0,Other_Amphibian,0.2039,3815.2,229.3,3920.3,332.6
/srv/shared_leopard_toad/2024/02.09.2024/5R/102MEDIA/102MEDIA/DSCF0649.JPG,DSCF0649.JPG,5R/102MEDIA/102MEDIA,0,Other_Amphibian,0.4617,3819.6,228.5,3938.4,346.1
/srv/shared_leopard_toad/2024/02.09.2024/5R/102MEDIA/102MEDIA/DSCF0476.JPG,DSCF0476.JPG,5R/102MEDIA/102MEDIA,0,Other_Amphibian,0.2793,3816.0,233.3,3928.5,336.6
/srv/shared_leopard_toad/2024/02.09.2024/5R/102MEDIA/102MEDIA/DSCF0146.JPG,DSCF0146.JPG,5R/102MEDIA/102MEDIA,0,Other_Amphibian,0.6934,2618.9,1043.3,2713.6,1176.6
/srv/shared_leopard_toad/2024/02.09.2024/5R/102MEDIA/102MEDIA/DSCF0566.JPG,DSCF0566.JPG,5R/102MEDIA/102MEDIA,0,Other_Amphibian,0.5420,3821.0,235.9,3923.5,338.7
/srv/shared_leopard_toad/2024/02.09.2024/5R/102MEDIA/102MEDIA/DSCF0559.JPG,DSCF0559.JPG,5R/102MEDIA/102MEDIA,0,Other_Amphibian,0.3372,3821.9,232.9,3931.6,342.6
/srv/shared_leopard_toad/2024/02.09.2024/5R/102MEDIA/102MEDIA/DSCF0368.JPG,DSCF0368.JPG,5R/102MEDIA/102MEDIA,0,Other_Amphibian,0.3569,3811.9,229.5,3928.1,337.2
/srv/shared_leopard_toad/2024/02.09.2024/5R/102MEDIA/102MEDIA/DSCF0656.JPG,DSCF0656.JPG,5R/102MEDIA/102MEDIA,0,Other_Amphibian,0.3252,3818.3,226.3,3930.7,343.5
/srv/shared_leopard_toad/2024/02.09.2024/5R/102MEDIA/102MEDIA/DSCF0755.JPG,DSCF0755.JPG,5R/102MEDIA/102MEDIA,0,Other_Amphibian,0.2969,3821.4,231.0,3936.6,337.6
/srv/shared_leopard_toad/2024/02.09.2024/5R/102MEDIA/102MEDIA/DSCF0372.JPG,DSCF0372.JPG,5R/102MEDIA/102MEDIA,0,Other_Amphibian,0.2181,3817.2,234.8,3918.3,336.0
/srv/shared_leopard_toad/2024/02.09.2024/5R/102MEDIA/102MEDIA/DSCF0342.JPG,DSCF0342.JPG,5R/102MEDIA/102MEDIA,0,Other_Amphibian,0.2388,3814.5,230.5,3925.5,335.2
/srv/shared_leopard_toad/2024/02.09.2024/5R/102MEDIA/102MEDIA/DSCF0676.JPG,DSCF0676.JPG,5R/102MEDIA/102MEDIA,0,Other_Amphibian,0.3108,3823.3,233.1,3930.2,336.8
/srv/shared_leopard_toad/2024/02.09.2024/5R/102MEDIA/102MEDIA/DSCF0923.JPG,DSCF0923.JPG,5R/102MEDIA/102MEDIA,2,Western_Leopard_Toad,0.2974,4544.3,2264.0,4608.7,2444.2
/srv/shared_leopard_toad/2024/02.09.2024/5R/102MEDIA/102MEDIA/DSCF0486.JPG,DSCF0486.JPG,5R/102MEDIA/102MEDIA,0,Other_Amphibian,0.2742,3815.2,230.1,3924.8,335.6
/srv/shared_leopard_toad/2024/02.09.2024/5R/102MEDIA/102MEDIA/DSCF0526.JPG,DSCF0526.JPG,5R/102MEDIA/102MEDIA,0,Other_Amphibian,0.4299,3814.7,237.4,3920.8,341.3
/srv/shared_leopard_toad/2024/02.09.2024/5R/102MEDIA/102MEDIA/DSCF0380.JPG,DSCF0380.JPG,5R/102MEDIA/102MEDIA,0,Other_Amphibian,0.4541,3813.9,231.4,3926.1,334.3
/srv/shared_leopard_toad/2024/02.09.2024/5R/102MEDIA/102MEDIA/DSCF0568.JPG,DSCF0568.JPG,5R/102MEDIA/102MEDIA,0,Other_Amphibian,0.4844,3824.3,237.0,3929.2,336.7
/srv/shared_leopard_toad/2024/02.09.2024/5R/102MEDIA/102MEDIA/DSCF0301.JPG,DSCF0301.JPG,5R/102MEDIA/102MEDIA,0,Other_Amphibian,0.2399,3813.0,235.6,3918.0,335.2
/srv/shared_leopard_toad/2024/02.09.2024/5R/102MEDIA/102MEDIA/DSCF0505.JPG,DSCF0505.JPG,5R/102MEDIA/102MEDIA,0,Other_Amphibian,0.2156,3815.8,235.7,3924.2,338.9
/srv/shared_leopard_toad/2024/02.09.2024/5R/102MEDIA/102MEDIA/DSCF0672.JPG,DSCF0672.JPG,5R/102MEDIA/102MEDIA,0,Other_Amphibian,0.3987,3821.3,227.8,3941.2,345.8
/srv/shared_leopard_toad/2024/02.09.2024/5R/102MEDIA/102MEDIA/DSCF0312.JPG,DSCF0312.JPG,5R/102MEDIA/102MEDIA,0,Other_Amphibian,0.3242,3815.9,232.6,3919.6,334.0
/srv/shared_leopard_toad/2024/02.09.2024/5R/102MEDIA/102MEDIA/DSCF0385.JPG,DSCF0385.JPG,5R/102MEDIA/102MEDIA,0,Other_Amphibian,0.3467,3819.4,232.8,3929.6,337.1
/srv/shared_leopard_toad/2024/02.09.2024/5R/102MEDIA/102MEDIA/DSCF0426.JPG,DSCF0426.JPG,5R/102MEDIA/102MEDIA,0,Other_Amphibian,0.2114,3813.1,229.8,3922.4,335.9
/srv/shared_leopard_toad/2024/02.09.2024/5R/102MEDIA/102MEDIA/DSCF0781.JPG,DSCF0781.JPG,5R/102MEDIA/102MEDIA,0,Other_Amphibian,0.3528,3817.2,230.7,3927.3,350.9
/srv/shared_leopard_toad/2024/02.09.2024/5R/102MEDIA/102MEDIA/DSCF0564.JPG,DSCF0564.JPG,5R/102MEDIA/102MEDIA,0,Other_Amphibian,0.3433,3816.0,228.2,3928.5,351.4
/srv/shared_leopard_toad/2024/02.09.2024/5R/102MEDIA/102MEDIA/DSCF0644.JPG,DSCF0644.JPG,5R/102MEDIA/102MEDIA,0,Other_Amphibian,0.2979,3820.4,225.7,3942.1,347.9
/srv/shared_leopard_toad/2024/02.09.2024/5R/102MEDIA/102MEDIA/DSCF0508.JPG,DSCF0508.JPG,5R/102MEDIA/102MEDIA,0,Other_Amphibian,0.4380,3817.4,231.2,3927.1,338.7
/srv/shared_leopard_toad/2024/02.09.2024/5R/102MEDIA/102MEDIA/DSCF0608.JPG,DSCF0608.JPG,5R/102MEDIA/102MEDIA,0,Other_Amphibian,0.4404,3821.7,230.6,3940.8,339.3
/srv/shared_leopard_toad/2024/02.09.2024/5R/102MEDIA/102MEDIA/DSCF0451.JPG,DSCF0451.JPG,5R/102MEDIA/102MEDIA,0,Other_Amphibian,0.2056,3820.7,235.2,3923.8,334.7
/srv/shared_leopard_toad/2024/02.09.2024/5R/102MEDIA/102MEDIA/DSCF0615.JPG,DSCF0615.JPG,5R/102MEDIA/102MEDIA,0,Other_Amphibian,0.2832,3821.0,232.7,3937.0,345.1
/srv/shared_leopard_toad/2024/02.09.2024/5R/102MEDIA/102MEDIA/DSCF0346.JPG,DSCF0346.JPG,5R/102MEDIA/102MEDIA,0,Other_Amphibian,0.3328,3818.5,232.0,3926.0,335.6
/srv/shared_leopard_toad/2024/02.09.2024/5R/102MEDIA/102MEDIA/DSCF0723.JPG,DSCF0723.JPG,5R/102MEDIA/102MEDIA,0,Other_Amphibian,0.2024,3820.7,229.1,3941.8,347.7
/srv/shared_leopard_toad/2024/02.09.2024/5R/102MEDIA/102MEDIA/DSCF0432.JPG,DSCF0432.JPG,5R/102MEDIA/102MEDIA,0,Other_Amphibian,0.5835,3817.8,235.6,3922.2,337.1
/srv/shared_leopard_toad/2024/02.09.2024/5R/102MEDIA/102MEDIA/DSCF0412.JPG,DSCF0412.JPG,5R/102MEDIA/102MEDIA,0,Other_Amphibian,0.3262,3814.2,232.6,3921.3,337.2
/srv/shared_leopard_toad/2024/02.09.2024/5R/102MEDIA/102MEDIA/DSCF0729.JPG,DSCF0729.JPG,5R/102MEDIA/102MEDIA,0,Other_Amphibian,0.5112,3823.2,229.9,3930.3,336.8
/srv/shared_leopard_toad/2024/02.09.2024/5R/102MEDIA/102MEDIA/DSCF0637.JPG,DSCF0637.JPG,5R/102MEDIA/102MEDIA,0,Other_Amphibian,0.2588,3820.2,227.2,3937.8,347.4
/srv/shared_leopard_toad/2024/02.09.2024/5R/102MEDIA/102MEDIA/DSCF0307.JPG,DSCF0307.JPG,5R/102MEDIA/102MEDIA,0,Other_Amphibian,0.3882,3815.8,231.2,3924.2,332.6
/srv/shared_leopard_toad/2024/02.09.2024/5R/102MEDIA/102MEDIA/DSCF0582.JPG,DSCF0582.JPG,5R/102MEDIA/102MEDIA,0,Other_Amphibian,0.2123,3817.9,230.7,3926.6,347.0
/srv/shared_leopard_toad/2024/02.09.2024/5R/102MEDIA/102MEDIA/DSCF0607.JPG,DSCF0607.JPG,5R/102MEDIA/102MEDIA,0,Other_Amphibian,0.3232,3818.4,228.0,3930.6,346.6
/srv/shared_leopard_toad/2024/02.09.2024/5R/102MEDIA/102MEDIA/DSCF0472.JPG,DSCF0472.JPG,5R/102MEDIA/102MEDIA,0,Other_Amphibian,0.3154,3817.7,234.4,3926.8,336.4
/srv/shared_leopard_toad/2024/02.09.2024/5R/102MEDIA/102MEDIA/DSCF0536.JPG,DSCF0536.JPG,5R/102MEDIA/102MEDIA,0,Other_Amphibian,0.2444,3817.5,230.6,3927.0,337.1
/srv/shared_leopard_toad/2024/02.09.2024/5R/102MEDIA/102MEDIA/DSCF0448.JPG,DSCF0448.JPG,5R/102MEDIA/102MEDIA,0,Other_Amphibian,0.2715,3816.4,232.2,3923.6,334.4
/srv/shared_leopard_toad/2024/02.09.2024/5R/102MEDIA/102MEDIA/DSCF0449.JPG,DSCF0449.JPG,5R/102MEDIA/102MEDIA,0,Other_Amphibian,0.2556,3815.1,230.8,3929.4,335.9
/srv/shared_leopard_toad/2024/02.09.2024/5R/102MEDIA/102MEDIA/DSCF0386.JPG,DSCF0386.JPG,5R/102MEDIA/102MEDIA,0,Other_Amphibian,0.3091,3815.1,227.9,3924.9,336.9
/srv/shared_leopard_toad/2024/02.09.2024/5R/102MEDIA/102MEDIA/DSCF0399.JPG,DSCF0399.JPG,5R/102MEDIA/102MEDIA,0,Other_Amphibian,0.4683,3816.6,232.4,3923.4,335.2
/srv/shared_leopard_toad/2024/02.09.2024/5R/102MEDIA/102MEDIA/DSCF0567.JPG,DSCF0567.JPG,5R/102MEDIA/102MEDIA,0,Other_Amphibian,0.4128,3823.1,231.1,3930.4,344.4
/srv/shared_leopard_toad/2024/02.09.2024/5R/102MEDIA/102MEDIA/DSCF0499.JPG,DSCF0499.JPG,5R/102MEDIA/102MEDIA,0,Other_Amphibian,0.3813,3816.8,234.8,3923.2,336.0
/srv/shared_leopard_toad/2024/02.09.2024/5R/102MEDIA/102MEDIA/DSCF0768.JPG,DSCF0768.JPG,5R/102MEDIA/102MEDIA,0,Other_Amphibian,0.2925,3821.9,235.6,3931.6,347.2
/srv/shared_leopard_toad/2024/02.09.2024/5R/102MEDIA/102MEDIA/DSCF0655.JPG,DSCF0655.JPG,5R/102MEDIA/102MEDIA,0,Other_Amphibian,0.4253,3822.1,225.4,3940.4,340.3
/srv/shared_leopard_toad/2024/02.09.2024/5R/102MEDIA/102MEDIA/DSCF0750.JPG,DSCF0750.JPG,5R/102MEDIA/102MEDIA,0,Other_Amphibian,0.2654,3818.4,226.5,3935.1,347.1
/srv/shared_leopard_toad/2024/02.09.2024/5R/102MEDIA/102MEDIA/DSCF0629.JPG,DSCF0629.JPG,5R/102MEDIA/102MEDIA,0,Other_Amphibian,0.4700,3818.7,229.6,3934.8,349.1
/srv/shared_leopard_toad/2024/02.09.2024/5R/102MEDIA/102MEDIA/DSCF0635.JPG,DSCF0635.JPG,5R/102MEDIA/102MEDIA,0,Other_Amphibian,0.2477,3818.8,230.5,3930.2,343.1
/srv/shared_leopard_toad/2024/02.09.2024/5R/102MEDIA/102MEDIA/DSCF0533.JPG,DSCF0533.JPG,5R/102MEDIA/102MEDIA,0,Other_Amphibian,0.3293,3819.2,234.9,3929.8,340.6
/srv/shared_leopard_toad/2024/02.09.2024/5R/102MEDIA/102MEDIA/DSCF0511.JPG,DSCF0511.JPG,5R/102MEDIA/102MEDIA,0,Other_Amphibian,0.2483,3814.8,234.0,3925.2,338.7
/srv/shared_leopard_toad/2024/02.09.2024/5R/102MEDIA/102MEDIA/DSCF0622.JPG,DSCF0622.JPG,5R/102MEDIA/102MEDIA,0,Other_Amphibian,0.3018,3820.5,231.8,3933.0,343.8
/srv/shared_leopard_toad/2024/02.09.2024/5R/102MEDIA/102MEDIA/DSCF0621.JPG,DSCF0621.JPG,5R/102MEDIA/102MEDIA,0,Other_Amphibian,0.3909,3822.4,232.6,3935.6,335.1
/srv/shared_leopard_toad/2024/02.09.2024/5R/102MEDIA/102MEDIA/DSCF0483.JPG,DSCF0483.JPG,5R/102MEDIA/102MEDIA,0,Other_Amphibian,0.3352,3817.6,228.2,3926.9,336.5
/srv/shared_leopard_toad/2024/02.09.2024/5R/102MEDIA/102MEDIA/DSCF0548.JPG,DSCF0548.JPG,5R/102MEDIA/102MEDIA,0,Other_Amphibian,0.2441,3818.5,233.1,3926.0,344.6
/srv/shared_leopard_toad/2024/02.09.2024/5R/102MEDIA/102MEDIA/DSCF0660.JPG,DSCF0660.JPG,5R/102MEDIA/102MEDIA,0,Other_Amphibian,0.2998,3817.3,228.6,3931.7,339.0
/srv/shared_leopard_toad/2024/02.09.2024/5R/102MEDIA/102MEDIA/DSCF0632.JPG,DSCF0632.JPG,5R/102MEDIA/102MEDIA,0,Other_Amphibian,0.2051,3819.7,232.9,3929.3,337.9
/srv/shared_leopard_toad/2024/02.09.2024/5R/102MEDIA/102MEDIA/DSCF0391.JPG,DSCF0391.JPG,5R/102MEDIA/102MEDIA,0,Other_Amphibian,0.5024,3819.4,228.1,3925.1,333.8
/srv/shared_leopard_toad/2024/02.09.2024/5R/102MEDIA/102MEDIA/DSCF0500.JPG,DSCF0500.JPG,5R/102MEDIA/102MEDIA,0,Other_Amphibian,0.4678,3820.3,239.7,3924.2,334.9
/srv/shared_leopard_toad/2024/02.09.2024/5R/102MEDIA/102MEDIA/DSCF0613.JPG,DSCF0613.JPG,5R/102MEDIA/102MEDIA,0,Other_Amphibian,0.5854,3823.7,231.6,3934.3,338.2
/srv/shared_leopard_toad/2024/02.09.2024/5R/102MEDIA/102MEDIA/DSCF0345.JPG,DSCF0345.JPG,5R/102MEDIA/102MEDIA,0,Other_Amphibian,0.6050,3818.6,234.8,3921.4,332.8
/srv/shared_leopard_toad/2024/02.09.2024/5R/102MEDIA/102MEDIA/DSCF0293.JPG,DSCF0293.JPG,5R/102MEDIA/102MEDIA,0,Other_Amphibian,0.4224,3818.5,227.7,3926.0,336.1
/srv/shared_leopard_toad/2024/02.09.2024/5R/102MEDIA/102MEDIA/DSCF0338.JPG,DSCF0338.JPG,5R/102MEDIA/102MEDIA,0,Other_Amphibian,0.4729,3814.0,231.6,3930.5,336.1
/srv/shared_leopard_toad/2024/02.09.2024/5R/102MEDIA/102MEDIA/DSCF0791.JPG,DSCF0791.JPG,5R/102MEDIA/102MEDIA,0,Other_Amphibian,0.3455,3817.7,228.3,3935.8,349.4
/srv/shared_leopard_toad/2024/02.09.2024/5R/102MEDIA/102MEDIA/DSCF0689.JPG,DSCF0689.JPG,5R/102MEDIA/102MEDIA,0,Other_Amphibian,0.2217,3816.8,229.2,3932.2,347.6
/srv/shared_leopard_toad/2024/02.09.2024/5R/102MEDIA/102MEDIA/DSCF0463.JPG,DSCF0463.JPG,5R/102MEDIA/102MEDIA,0,Other_Amphibian,0.5415,3817.3,234.8,3927.2,339.8
/srv/shared_leopard_toad/2024/02.09.2024/5R/102MEDIA/102MEDIA/DSCF0605.JPG,DSCF0605.JPG,5R/102MEDIA/102MEDIA,0,Other_Amphibian,0.4143,3819.1,225.7,3934.4,338.1
/srv/shared_leopard_toad/2024/02.09.2024/5R/102MEDIA/102MEDIA/DSCF0760.JPG,DSCF0760.JPG,5R/102MEDIA/102MEDIA,0,Other_Amphibian,0.4246,3820.3,227.5,3937.7,348.0
/srv/shared_leopard_toad/2024/02.09.2024/5R/102MEDIA/102MEDIA/DSCF0593.JPG,DSCF0593.JPG,5R/102MEDIA/102MEDIA,0,Other_Amphibian,0.5996,3817.2,231.1,3927.3,339.7
/srv/shared_leopard_toad/2024/02.09.2024/5R/102MEDIA/102MEDIA/DSCF0588.JPG,DSCF0588.JPG,5R/102MEDIA/102MEDIA,0,Other_Amphibian,0.5034,3821.9,225.2,3936.1,338.6
/srv/shared_leopard_toad/2024/02.09.2024/5R/102MEDIA/102MEDIA/DSCF0724.JPG,DSCF0724.JPG,5R/102MEDIA/102MEDIA,0,Other_Amphibian,0.2778,3817.5,230.6,3927.0,344.9
/srv/shared_leopard_toad/2024/02.09.2024/5R/102MEDIA/102MEDIA/DSCF0365.JPG,DSCF0365.JPG,5R/102MEDIA/102MEDIA,0,Other_Amphibian,0.2311,3814.5,233.5,3921.0,337.2
/srv/shared_leopard_toad/2024/02.09.2024/5R/102MEDIA/102MEDIA/DSCF0538.JPG,DSCF0538.JPG,5R/102MEDIA/102MEDIA,0,Other_Amphibian,0.2269,3820.2,240.9,3919.8,336.9
/srv/shared_leopard_toad/2024/02.09.2024/5R/102MEDIA/102MEDIA/DSCF0913.JPG,DSCF0913.JPG,5R/102MEDIA/102MEDIA,2,Western_Leopard_Toad,0.2637,4539.9,2261.5,4608.6,2444.1
/srv/shared_leopard_toad/2024/02.09.2024/5R/102MEDIA/102MEDIA/DSCF0550.JPG,DSCF0550.JPG,5R/102MEDIA/102MEDIA,0,Other_Amphibian,0.2111,3820.0,230.1,3933.5,346.7
/srv/shared_leopard_toad/2024/02.09.2024/5R/102MEDIA/102MEDIA/DSCF0633.JPG,DSCF0633.JPG,5R/102MEDIA/102MEDIA,0,Other_Amphibian,0.5889,3820.8,229.5,3932.7,334.4
/srv/shared_leopard_toad/2024/02.09.2024/5R/102MEDIA/102MEDIA/DSCF0626.JPG,DSCF0626.JPG,5R/102MEDIA/102MEDIA,0,Other_Amphibian,0.3201,3822.1,227.6,3940.4,341.0
/srv/shared_leopard_toad/2024/02.09.2024/5R/102MEDIA/102MEDIA/DSCF0377.JPG,DSCF0377.JPG,5R/102MEDIA/102MEDIA,0,Other_Amphibian,0.2433,3817.7,233.3,3922.3,334.3
/srv/shared_leopard_toad/2024/02.09.2024/5R/102MEDIA/102MEDIA/DSCF0705.JPG,DSCF0705.JPG,5R/102MEDIA/102MEDIA,0,Other_Amphibian,0.2224,3819.3,232.3,3929.7,346.4
/srv/shared_leopard_toad/2024/02.09.2024/5R/102MEDIA/102MEDIA/DSCF0510.JPG,DSCF0510.JPG,5R/102MEDIA/102MEDIA,0,Other_Amphibian,0.3425,3814.7,226.3,3934.3,339.4
/srv/shared_leopard_toad/2024/02.09.2024/5R/102MEDIA/102MEDIA/DSCF0610.JPG,DSCF0610.JPG,5R/102MEDIA/102MEDIA,0,Other_Amphibian,0.4500,3815.7,228.9,3933.3,341.9
/srv/shared_leopard_toad/2024/02.09.2024/5R/102MEDIA/102MEDIA/DSCF0408.JPG,DSCF0408.JPG,5R/102MEDIA/102MEDIA,0,Other_Amphibian,0.5044,3820.5,229.0,3928.5,332.9
/srv/shared_leopard_toad/2024/02.09.2024/5R/102MEDIA/102MEDIA/DSCF0627.JPG,DSCF0627.JPG,5R/102MEDIA/102MEDIA,0,Other_Amphibian,0.5088,3821.0,226.5,3941.5,340.2
/srv/shared_leopard_toad/2024/02.09.2024/5R/102MEDIA/102MEDIA/DSCF0425.JPG,DSCF0425.JPG,5R/102MEDIA/102MEDIA,0,Other_Amphibian,0.3560,3815.9,234.2,3924.1,332.5
/srv/shared_leopard_toad/2024/02.09.2024/5R/102MEDIA/102MEDIA/DSCF0398.JPG,DSCF0398.JPG,5R/102MEDIA/102MEDIA,0,Other_Amphibian,0.2006,3813.7,232.0,3921.8,339.7
/srv/shared_leopard_toad/2024/02.09.2024/5R/102MEDIA/102MEDIA/DSCF0618.JPG,DSCF0618.JPG,5R/102MEDIA/102MEDIA,0,Other_Amphibian,0.5615,3820.3,229.3,3933.2,336.4
/srv/shared_leopard_toad/2024/02.09.2024/5R/102MEDIA/102MEDIA/DSCF0586.JPG,DSCF0586.JPG,5R/102MEDIA/102MEDIA,0,Other_Amphibian,0.4719,3822.0,228.5,3940.5,343.3
/srv/shared_leopard_toad/2024/02.09.2024/5R/102MEDIA/102MEDIA/DSCF0695.JPG,DSCF0695.JPG,5R/102MEDIA/102MEDIA,0,Other_Amphibian,0.3772,3817.3,235.2,3927.2,349.5
/srv/shared_leopard_toad/2024/02.09.2024/5R/102MEDIA/102MEDIA/DSCF0657.JPG,DSCF0657.JPG,5R/102MEDIA/102MEDIA,0,Other_Amphibian,0.2656,3821.7,231.6,3936.3,339.1
/srv/shared_leopard_toad/2024/02.09.2024/5R/102MEDIA/102MEDIA/DSCF0711.JPG,DSCF0711.JPG,5R/102MEDIA/102MEDIA,0,Other_Amphibian,0.2034,3817.7,226.7,3931.3,347.8
/srv/shared_leopard_toad/2024/02.09.2024/5R/102MEDIA/102MEDIA/DSCF0563.JPG,DSCF0563.JPG,5R/102MEDIA/102MEDIA,0,Other_Amphibian,0.3079,3821.3,230.5,3936.7,340.3
/srv/shared_leopard_toad/2024/02.09.2024/5R/102MEDIA/102MEDIA/DSCF0283.JPG,DSCF0283.JPG,5R/102MEDIA/102MEDIA,0,Other_Amphibian,0.4661,3814.9,229.7,3920.6,335.1
/srv/shared_leopard_toad/2024/02.09.2024/5R/102MEDIA/102MEDIA/DSCF0687.JPG,DSCF0687.JPG,5R/102MEDIA/102MEDIA,0,Other_Amphibian,0.2170,3817.1,228.0,3931.9,346.6
/srv/shared_leopard_toad/2024/02.09.2024/5R/102MEDIA/102MEDIA/DSCF0726.JPG,DSCF0726.JPG,5R/102MEDIA/102MEDIA,0,Other_Amphibian,0.2585,3817.2,229.4,3931.8,344.2
/srv/shared_leopard_toad/2024/02.09.2024/5R/102MEDIA/102MEDIA/DSCF0703.JPG,DSCF0703.JPG,5R/102MEDIA/102MEDIA,0,Other_Amphibian,0.2002,3823.4,234.3,3934.6,338.4
/srv/shared_leopard_toad/2024/02.09.2024/5R/102MEDIA/102MEDIA/DSCF0530.JPG,DSCF0530.JPG,5R/102MEDIA/102MEDIA,0,Other_Amphibian,0.2137,3814.4,234.2,3925.6,341.3
/srv/shared_leopard_toad/2024/02.09.2024/5R/102MEDIA/102MEDIA/DSCF0654.JPG,DSCF0654.JPG,5R/102MEDIA/102MEDIA,0,Other_Amphibian,0.3584,3820.8,229.3,3937.2,343.4
/srv/shared_leopard_toad/2024/02.09.2024/5R/102MEDIA/102MEDIA/DSCF0521.JPG,DSCF0521.JPG,5R/102MEDIA/102MEDIA,0,Other_Amphibian,0.4536,3815.3,229.4,3924.7,335.4
/srv/shared_leopard_toad/2024/02.09.2024/5R/102MEDIA/102MEDIA/DSCF0456.JPG,DSCF0456.JPG,5R/102MEDIA/102MEDIA,0,Other_Amphibian,0.4917,3818.7,233.5,3925.8,333.2
/srv/shared_leopard_toad/2024/02.09.2024/5R/102MEDIA/102MEDIA/DSCF0535.JPG,DSCF0535.JPG,5R/102MEDIA/102MEDIA,0,Other_Amphibian,0.5288,3818.2,238.2,3926.3,341.5
/srv/shared_leopard_toad/2024/02.09.2024/5R/102MEDIA/102MEDIA/DSCF0597.JPG,DSCF0597.JPG,5R/102MEDIA/102MEDIA,0,Other_Amphibian,0.4023,3816.9,225.6,3932.1,337.3
/srv/shared_leopard_toad/2024/02.09.2024/5R/102MEDIA/102MEDIA/DSCF0364.JPG,DSCF0364.JPG,5R/102MEDIA/102MEDIA,0,Other_Amphibian,0.6260,3813.5,228.0,3931.0,338.7
/srv/shared_leopard_toad/2024/02.09.2024/5R/102MEDIA/102MEDIA/DSCF0475.JPG,DSCF0475.JPG,5R/102MEDIA/102MEDIA,0,Other_Amphibian,0.5879,3818.0,235.6,3926.5,336.1
/srv/shared_leopard_toad/2024/02.09.2024/5R/102MEDIA/102MEDIA/DSCF0480.JPG,DSCF0480.JPG,5R/102MEDIA/102MEDIA,0,Other_Amphibian,0.2615,3819.0,237.9,3921.0,333.9
/srv/shared_leopard_toad/2024/02.09.2024/5R/102MEDIA/102MEDIA/DSCF0428.JPG,DSCF0428.JPG,5R/102MEDIA/102MEDIA,0,Other_Amphibian,0.4233,3815.8,235.2,3924.2,336.5
/srv/shared_leopard_toad/2024/02.09.2024/5R/102MEDIA/102MEDIA/DSCF0437.JPG,DSCF0437.JPG,5R/102MEDIA/102MEDIA,0,Other_Amphibian,0.3076,3814.3,232.8,3925.7,335.7
/srv/shared_leopard_toad/2024/02.09.2024/5R/102MEDIA/102MEDIA/DSCF0598.JPG,DSCF0598.JPG,5R/102MEDIA/102MEDIA,0,Other_Amphibian,0.7310,3823.2,230.1,3934.8,340.7
/srv/shared_leopard_toad/2024/02.09.2024/5R/102MEDIA/102MEDIA/DSCF0498.JPG,DSCF0498.JPG,5R/102MEDIA/102MEDIA,0,Other_Amphibian,0.6655,3819.4,235.7,3929.6,336.0
/srv/shared_leopard_toad/2024/02.09.2024/5R/102MEDIA/102MEDIA/DSCF0438.JPG,DSCF0438.JPG,5R/102MEDIA/102MEDIA,0,Other_Amphibian,0.2318,3814.1,236.3,3921.4,338.3
/srv/shared_leopard_toad/2024/02.09.2024/5R/102MEDIA/102MEDIA/DSCF0946.JPG,DSCF0946.JPG,5R/102MEDIA/102MEDIA,0,Other_Amphibian,0.2086,3821.9,225.0,3936.1,337.8
/srv/shared_leopard_toad/2024/02.09.2024/5R/102MEDIA/102MEDIA/DSCF0733.JPG,DSCF0733.JPG,5R/102MEDIA/102MEDIA,0,Other_Amphibian,0.5981,3824.2,223.1,3938.3,338.9
/srv/shared_leopard_toad/2024/02.09.2024/5R/102MEDIA/102MEDIA/DSCF0818.JPG,DSCF0818.JPG,5R/102MEDIA/102MEDIA,0,Other_Amphibian,0.2070,4463.9,-2.2,4608.1,129.8
/srv/shared_leopard_toad/2024/02.09.2024/5R/102MEDIA/102MEDIA/DSCF0452.JPG,DSCF0452.JPG,5R/102MEDIA/102MEDIA,0,Other_Amphibian,0.2756,3818.5,230.1,3926.0,337.6
/srv/shared_leopard_toad/2024/02.09.2024/5R/102MEDIA/102MEDIA/DSCF0269.JPG,DSCF0269.JPG,5R/102MEDIA/102MEDIA,0,Other_Amphibian,0.2039,3816.7,228.3,3927.8,333.6
/srv/shared_leopard_toad/2024/02.09.2024/5R/102MEDIA/102MEDIA/DSCF0313.JPG,DSCF0313.JPG,5R/102MEDIA/102MEDIA,0,Other_Amphibian,0.2428,3818.6,235.1,3921.4,334.8
/srv/shared_leopard_toad/2024/02.09.2024/5R/102MEDIA/102MEDIA/DSCF0424.JPG,DSCF0424.JPG,5R/102MEDIA/102MEDIA,0,Other_Amphibian,0.2018,3815.2,229.8,3924.8,335.9
/srv/shared_leopard_toad/2024/02.09.2024/5R/102MEDIA/102MEDIA/DSCF0628.JPG,DSCF0628.JPG,5R/102MEDIA/102MEDIA,0,Other_Amphibian,0.4309,3821.0,231.6,3932.5,347.1
/srv/shared_leopard_toad/2024/02.09.2024/5R/102MEDIA/102MEDIA/DSCF0161.JPG,DSCF0161.JPG,5R/102MEDIA/102MEDIA,0,Other_Amphibian,0.2766,3816.2,233.7,3923.8,333.0
/srv/shared_leopard_toad/2024/02.09.2024/5R/102MEDIA/102MEDIA/DSCF0462.JPG,DSCF0462.JPG,5R/102MEDIA/102MEDIA,0,Other_Amphibian,0.4717,3815.9,229.7,3928.6,334.2
/srv/shared_leopard_toad/2024/02.09.2024/5R/102MEDIA/102MEDIA/DSCF0561.JPG,DSCF0561.JPG,5R/102MEDIA/102MEDIA,0,Other_Amphibian,0.5024,3817.7,229.4,3931.3,335.4
/srv/shared_leopard_toad/2024/02.09.2024/5R/102MEDIA/102MEDIA/DSCF0436.JPG,DSCF0436.JPG,5R/102MEDIA/102MEDIA,0,Other_Amphibian,0.2257,3816.6,235.4,3927.9,337.3
/srv/shared_leopard_toad/2024/02.09.2024/5R/102MEDIA/102MEDIA/DSCF0484.JPG,DSCF0484.JPG,5R/102MEDIA/102MEDIA,0,Other_Amphibian,0.2455,3815.4,228.1,3929.1,337.6
/srv/shared_leopard_toad/2024/02.09.2024/5R/102MEDIA/102MEDIA/DSCF0495.JPG,DSCF0495.JPG,5R/102MEDIA/102MEDIA,0,Other_Amphibian,0.2058,3815.5,229.0,3929.0,339.5
/srv/shared_leopard_toad/2024/02.09.2024/5R/102MEDIA/102MEDIA/DSCF0590.JPG,DSCF0590.JPG,5R/102MEDIA/102MEDIA,0,Other_Amphibian,0.4158,3819.2,231.2,3929.8,338.7
/srv/shared_leopard_toad/2024/02.09.2024/5R/102MEDIA/102MEDIA/DSCF0401.JPG,DSCF0401.JPG,5R/102MEDIA/102MEDIA,0,Other_Amphibian,0.2466,3816.9,227.9,3927.6,334.1
/srv/shared_leopard_toad/2024/02.09.2024/5R/102MEDIA/102MEDIA/DSCF0010.JPG,DSCF0010.JPG,5R/102MEDIA/102MEDIA,2,Western_Leopard_Toad,0.2507,3098.0,817.3,3697.0,1498.8
/srv/shared_leopard_toad/2024/02.09.2024/5R/102MEDIA/102MEDIA/DSCF0242.JPG,DSCF0242.JPG,5R/102MEDIA/102MEDIA,0,Other_Amphibian,0.2234,3814.6,228.1,3920.9,334.8
/srv/shared_leopard_toad/2024/02.09.2024/5R/102MEDIA/102MEDIA/DSCF0606.JPG,DSCF0606.JPG,5R/102MEDIA/102MEDIA,0,Other_Amphibian,0.5283,3821.7,229.8,3940.8,341.0
/srv/shared_leopard_toad/2024/02.09.2024/5R/102MEDIA/102MEDIA/DSCF0620.JPG,DSCF0620.JPG,5R/102MEDIA/102MEDIA,0,Other_Amphibian,0.2852,3822.8,237.1,3921.8,340.7
/srv/shared_leopard_toad/2024/02.09.2024/5R/102MEDIA/102MEDIA/DSCF0591.JPG,DSCF0591.JPG,5R/102MEDIA/102MEDIA,0,Other_Amphibian,0.2225,3821.3,227.4,3927.7,346.3
/srv/shared_leopard_toad/2024/02.09.2024/5R/102MEDIA/102MEDIA/DSCF0664.JPG,DSCF0664.JPG,5R/102MEDIA/102MEDIA,0,Other_Amphibian,0.4363,3814.1,228.4,3930.4,343.3
/srv/shared_leopard_toad/2024/02.09.2024/5R/102MEDIA/102MEDIA/DSCF0331.JPG,DSCF0331.JPG,5R/102MEDIA/102MEDIA,0,Other_Amphibian,0.2118,3813.0,229.6,3918.0,339.0
/srv/shared_leopard_toad/2024/02.09.2024/5R/102MEDIA/102MEDIA/DSCF0611.JPG,DSCF0611.JPG,5R/102MEDIA/102MEDIA,0,Other_Amphibian,0.3635,3819.6,228.5,3933.9,345.2
/srv/shared_leopard_toad/2024/02.09.2024/5R/102MEDIA/102MEDIA/DSCF0617.JPG,DSCF0617.JPG,5R/102MEDIA/102MEDIA,0,Other_Amphibian,0.2273,3819.2,230.5,3929.8,343.1
/srv/shared_leopard_toad/2024/02.09.2024/5R/102MEDIA/102MEDIA/DSCF0595.JPG,DSCF0595.JPG,5R/102MEDIA/102MEDIA,0,Other_Amphibian,0.2600,3820.0,228.9,3938.0,338.8
/srv/shared_leopard_toad/2024/02.09.2024/5R/102MEDIA/102MEDIA/DSCF0701.JPG,DSCF0701.JPG,5R/102MEDIA/102MEDIA,0,Other_Amphibian,0.2140,3816.0,232.2,3928.5,345.6
/srv/shared_leopard_toad/2024/02.09.2024/5R/102MEDIA/102MEDIA/DSCF0604.JPG,DSCF0604.JPG,5R/102MEDIA/102MEDIA,0,Other_Amphibian,0.3115,3820.9,232.0,3937.1,338.8
/srv/shared_leopard_toad/2024/02.09.2024/5R/102MEDIA/102MEDIA/DSCF0450.JPG,DSCF0450.JPG,5R/102MEDIA/102MEDIA,0,Other_Amphibian,0.2073,3812.3,231.3,3918.7,336.3
/srv/shared_leopard_toad/2024/02.09.2024/5R/102MEDIA/102MEDIA/DSCF0520.JPG,DSCF0520.JPG,5R/102MEDIA/102MEDIA,0,Other_Amphibian,0.3325,3817.4,233.0,3922.6,339.7
/srv/shared_leopard_toad/2024/02.09.2024/5R/102MEDIA/102MEDIA/DSCF0359.JPG,DSCF0359.JPG,5R/102MEDIA/102MEDIA,0,Other_Amphibian,0.2710,3816.5,232.2,3923.5,335.5
/srv/shared_leopard_toad/2024/02.09.2024/5R/102MEDIA/102MEDIA/DSCF0579.JPG,DSCF0579.JPG,5R/102MEDIA/102MEDIA,0,Other_Amphibian,0.2411,3818.7,232.8,3925.8,345.9
/srv/shared_leopard_toad/2024/02.09.2024/5R/102MEDIA/102MEDIA/DSCF0506.JPG,DSCF0506.JPG,5R/102MEDIA/102MEDIA,0,Other_Amphibian,0.2455,3820.2,237.2,3924.3,334.5
/srv/shared_leopard_toad/2024/02.09.2024/5R/102MEDIA/102MEDIA/DSCF0642.JPG,DSCF0642.JPG,5R/102MEDIA/102MEDIA,0,Other_Amphibian,0.3323,3816.9,229.8,3932.1,344.8
/srv/shared_leopard_toad/2024/02.09.2024/5R/102MEDIA/102MEDIA/DSCF0762.JPG,DSCF0762.JPG,5R/102MEDIA/102MEDIA,0,Other_Amphibian,0.4094,3817.2,229.1,3936.3,349.6
