image_path,image_name,subfolder,class_id,class_name,confidence,xmin,ymin,xmax,ymax
/srv/shared_leopard_toad/2024/28.08.2024/6R/103MEDIA/DSCF0173.JPG,DSCF0173.JPG,6R/103MEDIA,0,Other_Amphibian,0.2598,1281.4,2259.4,1420.9,2448.7
/srv/shared_leopard_toad/2024/28.08.2024/6R/103MEDIA/DSCF0173.JPG,DSCF0173.JPG,6R/103MEDIA,0,Other_Amphibian,0.2244,1281.2,2257.5,1421.0,2448.1
/srv/shared_leopard_toad/2024/28.08.2024/6R/103MEDIA/DSCF0141.JPG,DSCF0141.JPG,6R/103MEDIA,0,Other_Amphibian,0.2415,2438.3,1919.1,2597.2,2090.4
/srv/shared_leopard_toad/2024/28.08.2024/6R/103MEDIA/DSCF0193.JPG,DSCF0193.JPG,6R/103MEDIA,0,Other_Amphibian,0.5190,2435.0,1916.6,2596.0,2087.9
/srv/shared_leopard_toad/2024/28.08.2024/6R/103MEDIA/DSCF0193.JPG,DSCF0193.JPG,6R/103MEDIA,0,Other_Amphibian,0.2068,1078.2,-4.9,1212.3,65.7
/srv/shared_leopard_toad/2024/28.08.2024/6R/103MEDIA/DSCF0273.JPG,DSCF0273.JPG,6R/103MEDIA,0,Other_Amphibian,0.9189,2434.9,1895.7,2573.6,2078.3
/srv/shared_leopard_toad/2024/28.08.2024/6R/103MEDIA/DSCF0089.JPG,DSCF0089.JPG,6R/103MEDIA,2,Western_Leopard_Toad,0.6011,3913.9,2148.6,4127.6,2432.9
/srv/shared_leopard_toad/2024/28.08.2024/6R/103MEDIA/DSCF0164.JPG,DSCF0164.JPG,6R/103MEDIA,0,Other_Amphibian,0.5093,2432.0,1918.0,2594.5,2091.5
/srv/shared_leopard_toad/2024/28.08.2024/6R/103MEDIA/DSCF0077.JPG,DSCF0077.JPG,6R/103MEDIA,0,Other_Amphibian,0.3279,2720.4,-3.2,2976.6,115.7
/srv/shared_leopard_toad/2024/28.08.2024/6R/103MEDIA/DSCF0207.JPG,DSCF0207.JPG,6R/103MEDIA,0,Other_Amphibian,0.9238,2429.9,1894.1,2574.1,2080.0
/srv/shared_leopard_toad/2024/28.08.2024/6R/103MEDIA/DSCF0139.JPG,DSCF0139.JPG,6R/103MEDIA,0,Other_Amphibian,0.6699,2436.3,1917.0,2603.7,2089.9
/srv/shared_leopard_toad/2024/28.08.2024/6R/103MEDIA/DSCF0184.JPG,DSCF0184.JPG,6R/103MEDIA,0,Other_Amphibian,0.3186,2436.3,1917.0,2599.2,2089.9
/srv/shared_leopard_toad/2024/28.08.2024/6R/103MEDIA/DSCF0143.JPG,DSCF0143.JPG,6R/103MEDIA,0,Other_Amphibian,0.2407,2437.0,1916.6,2598.5,2087.9
/srv/shared_leopard_toad/2024/28.08.2024/6R/103MEDIA/DSCF0157.JPG,DSCF0157.JPG,6R/103MEDIA,2,Western_Leopard_Toad,0.3223,3911.8,2141.8,4111.7,2439.8
/srv/shared_leopard_toad/2024/28.08.2024/6R/103MEDIA/DSCF0155.JPG,DSCF0155.JPG,6R/103MEDIA,0,Other_Amphibian,0.2111,2438.7,1918.5,2601.3,2091.0
/srv/shared_leopard_toad/2024/28.08.2024/6R/103MEDIA/DSCF0165.JPG,DSCF0165.JPG,6R/103MEDIA,0,Other_Amphibian,0.6348,2436.0,1915.4,2599.5,2089.0
/srv/shared_leopard_toad/2024/28.08.2024/6R/103MEDIA/DSCF0117.JPG,DSCF0117.JPG,6R/103MEDIA,2,Western_Leopard_Toad,0.5210,3918.7,2145.9,4109.3,2440.8
/srv/shared_leopard_toad/2024/28.08.2024/6R/103MEDIA/DSCF0152.JPG,DSCF0152.JPG,6R/103MEDIA,0,Other_Amphibian,0.5972,2435.6,1915.3,2604.4,2089.2
/srv/shared_leopard_toad/2024/28.08.2024/6R/103MEDIA/DSCF0149.JPG,DSCF0149.JPG,6R/103MEDIA,0,Other_Amphibian,0.4224,2436.5,1916.6,2594.5,2090.4
/srv/shared_leopard_toad/2024/28.08.2024/6R/103MEDIA/DSCF0154.JPG,DSCF0154.JPG,6R/103MEDIA,0,Other_Amphibian,0.4553,2436.6,1919.2,2598.9,2090.3
/srv/shared_leopard_toad/2024/28.08.2024/6R/103MEDIA/DSCF0196.JPG,DSCF0196.JPG,6R/103MEDIA,0,Other_Amphibian,0.8828,2431.1,1892.9,2577.4,2081.2
/srv/shared_leopard_toad/2024/28.08.2024/6R/103MEDIA/DSCF0074.JPG,DSCF0074.JPG,6R/103MEDIA,2,Western_Leopard_Toad,0.4585,3921.3,2156.0,4133.7,2448.4
/srv/shared_leopard_toad/2024/28.08.2024/6R/103MEDIA/DSCF0211.JPG,DSCF0211.JPG,6R/103MEDIA,0,Other_Amphibian,0.9165,2429.3,1892.6,2579.2,2081.5
/srv/shared_leopard_toad/2024/28.08.2024/6R/103MEDIA/DSCF0211.JPG,DSCF0211.JPG,6R/103MEDIA,2,Western_Leopard_Toad,0.2654,4518.2,1230.3,4612.3,1470.6
/srv/shared_leopard_toad/2024/28.08.2024/6R/103MEDIA/DSCF0180.JPG,DSCF0180.JPG,6R/103MEDIA,2,Western_Leopard_Toad,0.3059,3908.5,2146.6,4110.5,2442.6
/srv/shared_leopard_toad/2024/28.08.2024/6R/103MEDIA/DSCF0180.JPG,DSCF0180.JPG,6R/103MEDIA,0,Other_Amphibian,0.2947,2440.1,1916.2,2595.4,2088.2
/srv/shared_leopard_toad/2024/28.08.2024/6R/103MEDIA/DSCF0216.JPG,DSCF0216.JPG,6R/103MEDIA,0,Other_Amphibian,0.9131,2430.1,1890.9,2578.4,2080.6
/srv/shared_leopard_toad/2024/28.08.2024/6R/103MEDIA/DSCF0133.JPG,DSCF0133.JPG,6R/103MEDIA,0,Other_Amphibian,0.2234,2440.2,1918.1,2604.3,2091.4
/srv/shared_leopard_toad/2024/28.08.2024/6R/103MEDIA/DSCF0181.JPG,DSCF0181.JPG,6R/103MEDIA,0,Other_Amphibian,0.7549,2434.5,1915.3,2596.5,2091.7
/srv/shared_leopard_toad/2024/28.08.2024/6R/103MEDIA/DSCF0209.JPG,DSCF0209.JPG,6R/103MEDIA,0,Other_Amphibian,0.9194,2430.6,1894.1,2577.9,2080.0
/srv/shared_leopard_toad/2024/28.08.2024/6R/103MEDIA/DSCF0209.JPG,DSCF0209.JPG,6R/103MEDIA,2,Western_Leopard_Toad,0.3103,4514.3,1237.2,4607.2,1468.7
/srv/shared_leopard_toad/2024/28.08.2024/6R/103MEDIA/DSCF0076.JPG,DSCF0076.JPG,6R/103MEDIA,2,Western_Leopard_Toad,0.5903,3922.9,2153.2,4123.1,2446.1
/srv/shared_leopard_toad/2024/28.08.2024/6R/103MEDIA/DSCF0205.JPG,DSCF0205.JPG,6R/103MEDIA,0,Other_Amphibian,0.9268,2430.3,1895.8,2578.2,2080.8
/srv/shared_leopard_toad/2024/28.08.2024/6R/103MEDIA/DSCF0112.JPG,DSCF0112.JPG,6R/103MEDIA,2,Western_Leopard_Toad,0.2588,3914.1,2144.6,4109.4,2442.0
/srv/shared_leopard_toad/2024/28.08.2024/6R/103MEDIA/DSCF0198.JPG,DSCF0198.JPG,6R/103MEDIA,0,Other_Amphibian,0.9204,2430.7,1894.4,2577.8,2079.7
/srv/shared_leopard_toad/2024/28.08.2024/6R/103MEDIA/DSCF0073.JPG,DSCF0073.JPG,6R/103MEDIA,2,Western_Leopard_Toad,0.3540,3921.1,2147.1,4129.4,2447.2
/srv/shared_leopard_toad/2024/28.08.2024/6R/103MEDIA/DSCF0199.JPG,DSCF0199.JPG,6R/103MEDIA,0,Other_Amphibian,0.9248,2430.7,1893.8,2577.8,2080.3
/srv/shared_leopard_toad/2024/28.08.2024/6R/103MEDIA/DSCF0166.JPG,DSCF0166.JPG,6R/103MEDIA,0,Other_Amphibian,0.3977,2436.6,1918.5,2598.9,2091.0
/srv/shared_leopard_toad/2024/28.08.2024/6R/103MEDIA/DSCF0071.JPG,DSCF0071.JPG,6R/103MEDIA,2,Western_Leopard_Toad,0.3076,3924.8,2150.6,4134.7,2448.7
/srv/shared_leopard_toad/2024/28.08.2024/6R/103MEDIA/DSCF0212.JPG,DSCF0212.JPG,6R/103MEDIA,0,Other_Amphibian,0.9141,2431.5,1891.8,2577.0,2079.7
/srv/shared_leopard_toad/2024/28.08.2024/6R/103MEDIA/DSCF0227.JPG,DSCF0227.JPG,6R/103MEDIA,0,Other_Amphibian,0.8950,2435.2,1894.5,2573.3,2077.0
/srv/shared_leopard_toad/2024/28.08.2024/6R/103MEDIA/DSCF0257.JPG,DSCF0257.JPG,6R/103MEDIA,0,Other_Amphibian,0.8896,2434.8,1894.3,2573.7,2077.2
/srv/shared_leopard_toad/2024/28.08.2024/6R/103MEDIA/DSCF0259.JPG,DSCF0259.JPG,6R/103MEDIA,0,Other_Amphibian,0.9136,2432.2,1895.9,2571.8,2078.2
/srv/shared_leopard_toad/2024/28.08.2024/6R/103MEDIA/DSCF0159.JPG,DSCF0159.JPG,6R/103MEDIA,0,Other_Amphibian,0.2878,2434.5,1918.3,2596.5,2091.2
/srv/shared_leopard_toad/2024/28.08.2024/6R/103MEDIA/DSCF0170.JPG,DSCF0170.JPG,6R/103MEDIA,0,Other_Amphibian,0.4238,2436.2,1918.0,2594.8,2089.0
/srv/shared_leopard_toad/2024/28.08.2024/6R/103MEDIA/DSCF0161.JPG,DSCF0161.JPG,6R/103MEDIA,0,Other_Amphibian,0.5132,2435.4,1914.7,2595.6,2087.3
/srv/shared_leopard_toad/2024/28.08.2024/6R/103MEDIA/DSCF0129.JPG,DSCF0129.JPG,6R/103MEDIA,0,Other_Amphibian,0.2002,2439.1,1920.7,2591.9,2091.4
/srv/shared_leopard_toad/2024/28.08.2024/6R/103MEDIA/DSCF0147.JPG,DSCF0147.JPG,6R/103MEDIA,0,Other_Amphibian,0.2106,2437.5,1918.6,2598.0,2090.9
/srv/shared_leopard_toad/2024/28.08.2024/6R/103MEDIA/DSCF0070.JPG,DSCF0070.JPG,6R/103MEDIA,2,Western_Leopard_Toad,0.4321,3921.0,2145.3,4129.5,2443.8
/srv/shared_leopard_toad/2024/28.08.2024/6R/103MEDIA/DSCF0100.JPG,DSCF0100.JPG,6R/103MEDIA,2,Western_Leopard_Toad,0.3430,3913.1,2143.1,4119.4,2438.5
/srv/shared_leopard_toad/2024/28.08.2024/6R/103MEDIA/DSCF0078.JPG,DSCF0078.JPG,6R/103MEDIA,0,Other_Amphibian,0.3811,2437.7,1921.9,2597.8,2092.6
/srv/shared_leopard_toad/2024/28.08.2024/6R/103MEDIA/DSCF0156.JPG,DSCF0156.JPG,6R/103MEDIA,0,Other_Amphibian,0.3977,2434.9,1919.2,2596.1,2090.3
/srv/shared_leopard_toad/2024/28.08.2024/6R/103MEDIA/DSCF0190.JPG,DSCF0190.JPG,6R/103MEDIA,0,Other_Amphibian,0.2268,2438.6,1918.6,2596.9,2090.9
/srv/shared_leopard_toad/2024/28.08.2024/6R/103MEDIA/DSCF0197.JPG,DSCF0197.JPG,6R/103MEDIA,0,Other_Amphibian,0.9219,2428.0,1892.7,2576.0,2081.3
/srv/shared_leopard_toad/2024/28.08.2024/6R/103MEDIA/DSCF0225.JPG,DSCF0225.JPG,6R/103MEDIA,0,Other_Amphibian,0.9009,2434.8,1894.5,2573.7,2077.0
/srv/shared_leopard_toad/2024/28.08.2024/6R/103MEDIA/DSCF0081.JPG,DSCF0081.JPG,6R/103MEDIA,0,Other_Amphibian,0.3933,2439.8,1923.0,2595.7,2094.1
/srv/shared_leopard_toad/2024/28.08.2024/6R/103MEDIA/DSCF0241.JPG,DSCF0241.JPG,6R/103MEDIA,0,Other_Amphibian,0.9058,2433.8,1894.0,2574.7,2077.5
/srv/shared_leopard_toad/2024/28.08.2024/6R/103MEDIA/DSCF0105.JPG,DSCF0105.JPG,6R/103MEDIA,2,Western_Leopard_Toad,0.5537,4513.5,1227.7,4612.5,1468.0
/srv/shared_leopard_toad/2024/28.08.2024/6R/103MEDIA/DSCF0109.JPG,DSCF0109.JPG,6R/103MEDIA,2,Western_Leopard_Toad,0.3372,3913.3,2141.6,4110.2,2434.9
/srv/shared_leopard_toad/2024/28.08.2024/6R/103MEDIA/DSCF0138.JPG,DSCF0138.JPG,6R/103MEDIA,0,Other_Amphibian,0.2759,2437.2,1917.0,2598.3,2089.9
/srv/shared_leopard_toad/2024/28.08.2024/6R/103MEDIA/DSCF0140.JPG,DSCF0140.JPG,6R/103MEDIA,0,Other_Amphibian,0.6934,2435.1,1919.1,2595.9,2090.4
/srv/shared_leopard_toad/2024/28.08.2024/6R/103MEDIA/DSCF0243.JPG,DSCF0243.JPG,6R/103MEDIA,0,Other_Amphibian,0.8589,2435.2,1894.7,2573.3,2079.3
/srv/shared_leopard_toad/2024/28.08.2024/6R/103MEDIA/DSCF0243.JPG,DSCF0243.JPG,6R/103MEDIA,2,Western_Leopard_Toad,0.3279,2435.2,1894.7,2573.3,2079.3
/srv/shared_leopard_toad/2024/28.08.2024/6R/103MEDIA/DSCF0201.JPG,DSCF0201.JPG,6R/103MEDIA,0,Other_Amphibian,0.8989,2431.7,1895.0,2576.8,2081.6
/srv/shared_leopard_toad/2024/28.08.2024/6R/107MEDIA/DSCF0135.JPG,DSCF0135.JPG,6R/107MEDIA,2,Western_Leopard_Toad,0.7773,1736.5,2349.7,1865.8,2449.6
/srv/shared_leopard_toad/2024/28.08.2024/6R/107MEDIA/DSCF0173.JPG,DSCF0173.JPG,6R/107MEDIA,2,Western_Leopard_Toad,0.6641,1736.6,2347.4,1867.9,2449.3
/srv/shared_leopard_toad/2024/28.08.2024/6R/107MEDIA/DSCF0001.JPG,DSCF0001.JPG,6R/107MEDIA,2,Western_Leopard_Toad,0.3765,1736.2,2345.4,1868.3,2448.7
/srv/shared_leopard_toad/2024/28.08.2024/6R/107MEDIA/DSCF0141.JPG,DSCF0141.JPG,6R/107MEDIA,2,Western_Leopard_Toad,0.2988,1737.7,2348.1,1866.8,2448.7
/srv/shared_leopard_toad/2024/28.08.2024/6R/107MEDIA/DSCF0107.JPG,DSCF0107.JPG,6R/107MEDIA,2,Western_Leopard_Toad,0.4919,1735.1,2348.1,1864.9,2448.7
/srv/shared_leopard_toad/2024/28.08.2024/6R/107MEDIA/DSCF0187.JPG,DSCF0187.JPG,6R/107MEDIA,2,Western_Leopard_Toad,0.7642,1737.0,2349.1,1869.8,2450.1
/srv/shared_leopard_toad/2024/28.08.2024/6R/107MEDIA/DSCF0061.JPG,DSCF0061.JPG,6R/107MEDIA,2,Western_Leopard_Toad,0.2859,1736.4,2347.5,1865.9,2449.3
/srv/shared_leopard_toad/2024/28.08.2024/6R/107MEDIA/DSCF0193.JPG,DSCF0193.JPG,6R/107MEDIA,2,Western_Leopard_Toad,0.7207,1736.5,2347.7,1868.0,2449.1
/srv/shared_leopard_toad/2024/28.08.2024/6R/107MEDIA/DSCF0167.JPG,DSCF0167.JPG,6R/107MEDIA,2,Western_Leopard_Toad,0.4243,1738.1,2347.7,1868.7,2449.0
/srv/shared_leopard_toad/2024/28.08.2024/6R/107MEDIA/DSCF0038.JPG,DSCF0038.JPG,6R/107MEDIA,2,Western_Leopard_Toad,0.4431,1736.0,2345.5,1868.5,2448.7
/srv/shared_leopard_toad/2024/28.08.2024/6R/107MEDIA/DSCF0089.JPG,DSCF0089.JPG,6R/107MEDIA,2,Western_Leopard_Toad,0.5752,1735.3,2347.7,1864.7,2449.1
/srv/shared_leopard_toad/2024/28.08.2024/6R/107MEDIA/DSCF0164.JPG,DSCF0164.JPG,6R/107MEDIA,2,Western_Leopard_Toad,0.6582,1738.2,2348.1,1868.5,2448.7
/srv/shared_leopard_toad/2024/28.08.2024/6R/107MEDIA/DSCF0194.JPG,DSCF0194.JPG,6R/107MEDIA,2,Western_Leopard_Toad,0.7715,1736.0,2347.5,1868.5,2449.3
/srv/shared_leopard_toad/2024/28.08.2024/6R/107MEDIA/DSCF0077.JPG,DSCF0077.JPG,6R/107MEDIA,2,Western_Leopard_Toad,0.5894,1735.8,2347.7,1866.4,2449.1
/srv/shared_leopard_toad/2024/28.08.2024/6R/107MEDIA/DSCF0185.JPG,DSCF0185.JPG,6R/107MEDIA,2,Western_Leopard_Toad,0.7310,1736.1,2349.1,1868.4,2450.1
/srv/shared_leopard_toad/2024/28.08.2024/6R/107MEDIA/DSCF0185.JPG,DSCF0185.JPG,6R/107MEDIA,0,Other_Amphibian,0.2654,1736.1,2349.1,1868.4,2450.1
/srv/shared_leopard_toad/2024/28.08.2024/6R/107MEDIA/DSCF0051.JPG,DSCF0051.JPG,6R/107MEDIA,2,Western_Leopard_Toad,0.4810,1737.4,2349.9,1867.1,2449.3
/srv/shared_leopard_toad/2024/28.08.2024/6R/107MEDIA/DSCF0207.JPG,DSCF0207.JPG,6R/107MEDIA,2,Western_Leopard_Toad,0.7588,1735.2,2347.4,1867.0,2449.3
/srv/shared_leopard_toad/2024/28.08.2024/6R/107MEDIA/DSCF0146.JPG,DSCF0146.JPG,6R/107MEDIA,2,Western_Leopard_Toad,0.7803,1735.3,2347.7,1864.7,2449.1
/srv/shared_leopard_toad/2024/28.08.2024/6R/107MEDIA/DSCF0067.JPG,DSCF0067.JPG,6R/107MEDIA,2,Western_Leopard_Toad,0.7803,1735.2,2347.7,1864.8,2449.1
/srv/shared_leopard_toad/2024/28.08.2024/6R/107MEDIA/DSCF0033.JPG,DSCF0033.JPG,6R/107MEDIA,2,Western_Leopard_Toad,0.2881,1735.7,2347.6,1868.8,2449.1
/srv/shared_leopard_toad/2024/28.08.2024/6R/107MEDIA/DSCF0033.JPG,DSCF0033.JPG,6R/107MEDIA,0,Other_Amphibian,0.2024,2775.6,2138.7,2907.9,2313.8
/srv/shared_leopard_toad/2024/28.08.2024/6R/107MEDIA/DSCF0168.JPG,DSCF0168.JPG,6R/107MEDIA,2,Western_Leopard_Toad,0.7959,1737.6,2347.3,1869.2,2449.5
/srv/shared_leopard_toad/2024/28.08.2024/6R/107MEDIA/DSCF0139.JPG,DSCF0139.JPG,6R/107MEDIA,2,Western_Leopard_Toad,0.5488,1736.9,2347.7,1867.6,2449.0
/srv/shared_leopard_toad/2024/28.08.2024/6R/107MEDIA/DSCF0044.JPG,DSCF0044.JPG,6R/107MEDIA,2,Western_Leopard_Toad,0.6875,1736.1,2348.4,1863.9,2448.3
/srv/shared_leopard_toad/2024/28.08.2024/6R/107MEDIA/DSCF0184.JPG,DSCF0184.JPG,6R/107MEDIA,2,Western_Leopard_Toad,0.6416,1736.6,2347.7,1867.9,2449.0
/srv/shared_leopard_toad/2024/28.08.2024/6R/107MEDIA/DSCF0118.JPG,DSCF0118.JPG,6R/107MEDIA,2,Western_Leopard_Toad,0.4731,1736.1,2347.7,1866.1,2449.0
/srv/shared_leopard_toad/2024/28.08.2024/6R/107MEDIA/DSCF0060.JPG,DSCF0060.JPG,6R/107MEDIA,2,Western_Leopard_Toad,0.5752,1735.1,2347.5,1867.1,2449.3
/srv/shared_leopard_toad/2024/28.08.2024/6R/107MEDIA/DSCF0143.JPG,DSCF0143.JPG,6R/107MEDIA,2,Western_Leopard_Toad,0.4912,1737.9,2347.7,1866.6,2449.1
/srv/shared_leopard_toad/2024/28.08.2024/6R/107MEDIA/DSCF0151.JPG,DSCF0151.JPG,6R/107MEDIA,2,Western_Leopard_Toad,0.8545,1736.1,2348.8,1866.1,2450.4
/srv/shared_leopard_toad/2024/28.08.2024/6R/107MEDIA/DSCF0041.JPG,DSCF0041.JPG,6R/107MEDIA,0,Other_Amphibian,0.2900,2776.1,2140.4,2907.4,2314.6
/srv/shared_leopard_toad/2024/28.08.2024/6R/107MEDIA/DSCF0041.JPG,DSCF0041.JPG,6R/107MEDIA,2,Western_Leopard_Toad,0.2595,1738.1,2345.6,1868.7,2448.5
/srv/shared_leopard_toad/2024/28.08.2024/6R/107MEDIA/DSCF0157.JPG,DSCF0157.JPG,6R/107MEDIA,2,Western_Leopard_Toad,0.8789,1736.0,2346.8,1868.5,2449.9
/srv/shared_leopard_toad/2024/28.08.2024/6R/107MEDIA/DSCF0155.JPG,DSCF0155.JPG,6R/107MEDIA,2,Western_Leopard_Toad,0.6953,1736.7,2347.6,1867.8,2449.1
/srv/shared_leopard_toad/2024/28.08.2024/6R/107MEDIA/DSCF0125.JPG,DSCF0125.JPG,6R/107MEDIA,2,Western_Leopard_Toad,0.6128,1736.4,2347.9,1865.9,2448.9
/srv/shared_leopard_toad/2024/28.08.2024/6R/107MEDIA/DSCF0057.JPG,DSCF0057.JPG,6R/107MEDIA,2,Western_Leopard_Toad,0.7168,1735.1,2347.9,1864.9,2448.9
/srv/shared_leopard_toad/2024/28.08.2024/6R/107MEDIA/DSCF0165.JPG,DSCF0165.JPG,6R/107MEDIA,2,Western_Leopard_Toad,0.6504,1737.2,2347.7,1869.5,2449.1
/srv/shared_leopard_toad/2024/28.08.2024/6R/107MEDIA/DSCF0258.JPG,DSCF0258.JPG,6R/107MEDIA,2,Western_Leopard_Toad,0.2979,3059.4,1677.3,3344.1,1876.5
/srv/shared_leopard_toad/2024/28.08.2024/6R/107MEDIA/DSCF0174.JPG,DSCF0174.JPG,6R/107MEDIA,2,Western_Leopard_Toad,0.8530,1736.9,2348.7,1867.6,2450.5
/srv/shared_leopard_toad/2024/28.08.2024/6R/107MEDIA/DSCF0117.JPG,DSCF0117.JPG,6R/107MEDIA,2,Western_Leopard_Toad,0.3286,1736.8,2347.9,1865.4,2448.8
/srv/shared_leopard_toad/2024/28.08.2024/6R/107MEDIA/DSCF0063.JPG,DSCF0063.JPG,6R/107MEDIA,2,Western_Leopard_Toad,0.5635,1737.0,2347.7,1865.3,2449.0
/srv/shared_leopard_toad/2024/28.08.2024/6R/107MEDIA/DSCF0152.JPG,DSCF0152.JPG,6R/107MEDIA,2,Western_Leopard_Toad,0.6675,1737.7,2347.5,1866.8,2449.3
/srv/shared_leopard_toad/2024/28.08.2024/6R/107MEDIA/DSCF0036.JPG,DSCF0036.JPG,6R/107MEDIA,2,Western_Leopard_Toad,0.3245,1735.5,2345.9,1866.8,2448.3
/srv/shared_leopard_toad/2024/28.08.2024/6R/107MEDIA/DSCF0052.JPG,DSCF0052.JPG,6R/107MEDIA,2,Western_Leopard_Toad,0.4443,1737.2,2350.2,1867.3,2449.0
/srv/shared_leopard_toad/2024/28.08.2024/6R/107MEDIA/DSCF0052.JPG,DSCF0052.JPG,6R/107MEDIA,0,Other_Amphibian,0.2140,2775.8,2138.4,2903.2,2311.6
/srv/shared_leopard_toad/2024/28.08.2024/6R/107MEDIA/DSCF0189.JPG,DSCF0189.JPG,6R/107MEDIA,2,Western_Leopard_Toad,0.8438,1735.2,2348.9,1869.3,2450.3
/srv/shared_leopard_toad/2024/28.08.2024/6R/107MEDIA/DSCF0171.JPG,DSCF0171.JPG,6R/107MEDIA,2,Western_Leopard_Toad,0.8857,1736.5,2349.0,1868.0,2450.2
/srv/shared_leopard_toad/2024/28.08.2024/6R/107MEDIA/DSCF0040.JPG,DSCF0040.JPG,6R/107MEDIA,2,Western_Leopard_Toad,0.4939,1736.1,2345.5,1868.4,2448.7
/srv/shared_leopard_toad/2024/28.08.2024/6R/107MEDIA/DSCF0045.JPG,DSCF0045.JPG,6R/107MEDIA,2,Western_Leopard_Toad,0.4216,1737.7,2350.1,1866.8,2449.1
/srv/shared_leopard_toad/2024/28.08.2024/6R/107MEDIA/DSCF0145.JPG,DSCF0145.JPG,6R/107MEDIA,2,Western_Leopard_Toad,0.5591,1736.7,2347.7,1867.8,2449.1
/srv/shared_leopard_toad/2024/28.08.2024/6R/107MEDIA/DSCF0096.JPG,DSCF0096.JPG,6R/107MEDIA,2,Western_Leopard_Toad,0.4141,1735.2,2347.7,1864.8,2449.0
/srv/shared_leopard_toad/2024/28.08.2024/6R/107MEDIA/DSCF0053.JPG,DSCF0053.JPG,6R/107MEDIA,2,Western_Leopard_Toad,0.4683,1736.7,2348.1,1867.8,2448.7
/srv/shared_leopard_toad/2024/28.08.2024/6R/107MEDIA/DSCF0149.JPG,DSCF0149.JPG,6R/107MEDIA,2,Western_Leopard_Toad,0.7383,1737.2,2347.4,1867.3,2449.3
/srv/shared_leopard_toad/2024/28.08.2024/6R/107MEDIA/DSCF0106.JPG,DSCF0106.JPG,6R/107MEDIA,2,Western_Leopard_Toad,0.7144,1734.5,2347.7,1865.5,2449.0
/srv/shared_leopard_toad/2024/28.08.2024/6R/107MEDIA/DSCF0148.JPG,DSCF0148.JPG,6R/107MEDIA,2,Western_Leopard_Toad,0.7939,1735.7,2347.3,1866.5,2449.5
/srv/shared_leopard_toad/2024/28.08.2024/6R/107MEDIA/DSCF0178.JPG,DSCF0178.JPG,6R/107MEDIA,2,Western_Leopard_Toad,0.7715,1737.5,2347.3,1869.3,2449.5
/srv/shared_leopard_toad/2024/28.08.2024/6R/107MEDIA/DSCF0178.JPG,DSCF0178.JPG,6R/107MEDIA,0,Other_Amphibian,0.2180,1737.5,2347.3,1869.3,2449.5
/srv/shared_leopard_toad/2024/28.08.2024/6R/107MEDIA/DSCF0097.JPG,DSCF0097.JPG,6R/107MEDIA,2,Western_Leopard_Toad,0.3306,1736.1,2347.9,1863.9,2448.8
/srv/shared_leopard_toad/2024/28.08.2024/6R/107MEDIA/DSCF0097.JPG,DSCF0097.JPG,6R/107MEDIA,0,Other_Amphibian,0.3257,2774.4,2137.7,2904.6,2312.2
/srv/shared_leopard_toad/2024/28.08.2024/6R/107MEDIA/DSCF0072.JPG,DSCF0072.JPG,6R/107MEDIA,2,Western_Leopard_Toad,0.7495,1735.5,2347.4,1866.8,2449.3
/srv/shared_leopard_toad/2024/28.08.2024/6R/107MEDIA/DSCF0134.JPG,DSCF0134.JPG,6R/107MEDIA,2,Western_Leopard_Toad,0.6636,1736.2,2347.7,1866.0,2449.1
/srv/shared_leopard_toad/2024/28.08.2024/6R/107MEDIA/DSCF0158.JPG,DSCF0158.JPG,6R/107MEDIA,2,Western_Leopard_Toad,0.8755,1737.8,2348.8,1868.9,2450.4
/srv/shared_leopard_toad/2024/28.08.2024/6R/107MEDIA/DSCF0127.JPG,DSCF0127.JPG,6R/107MEDIA,2,Western_Leopard_Toad,0.5664,1736.3,2347.7,1863.7,2449.1
/srv/shared_leopard_toad/2024/28.08.2024/6R/107MEDIA/DSCF0095.JPG,DSCF0095.JPG,6R/107MEDIA,2,Western_Leopard_Toad,0.3792,1736.8,2348.2,1865.4,2448.5
/srv/shared_leopard_toad/2024/28.08.2024/6R/107MEDIA/DSCF0154.JPG,DSCF0154.JPG,6R/107MEDIA,2,Western_Leopard_Toad,0.6968,1736.9,2349.1,1867.6,2450.1
/srv/shared_leopard_toad/2024/28.08.2024/6R/107MEDIA/DSCF0154.JPG,DSCF0154.JPG,6R/107MEDIA,0,Other_Amphibian,0.2031,1736.9,2349.1,1867.6,2450.1
/srv/shared_leopard_toad/2024/28.08.2024/6R/107MEDIA/DSCF0186.JPG,DSCF0186.JPG,6R/107MEDIA,2,Western_Leopard_Toad,0.6938,1736.4,2347.7,1868.1,2449.0
/srv/shared_leopard_toad/2024/28.08.2024/6R/107MEDIA/DSCF0196.JPG,DSCF0196.JPG,6R/107MEDIA,2,Western_Leopard_Toad,0.8447,1736.1,2347.2,1868.4,2449.5
/srv/shared_leopard_toad/2024/28.08.2024/6R/107MEDIA/DSCF0123.JPG,DSCF0123.JPG,6R/107MEDIA,2,Western_Leopard_Toad,0.7905,1735.2,2347.4,1864.8,2449.3
/srv/shared_leopard_toad/2024/28.08.2024/6R/107MEDIA/DSCF0049.JPG,DSCF0049.JPG,6R/107MEDIA,2,Western_Leopard_Toad,0.3154,1736.7,2350.1,1867.8,2449.1
/srv/shared_leopard_toad/2024/28.08.2024/6R/107MEDIA/DSCF0208.JPG,DSCF0208.JPG,6R/107MEDIA,2,Western_Leopard_Toad,0.6626,1735.0,2347.5,1869.5,2449.3
/srv/shared_leopard_toad/2024/28.08.2024/6R/107MEDIA/DSCF0065.JPG,DSCF0065.JPG,6R/107MEDIA,2,Western_Leopard_Toad,0.7725,1735.0,2347.7,1865.0,2449.1
/srv/shared_leopard_toad/2024/28.08.2024/6R/107MEDIA/DSCF0074.JPG,DSCF0074.JPG,6R/107MEDIA,2,Western_Leopard_Toad,0.6406,1734.7,2347.5,1865.3,2449.3
/srv/shared_leopard_toad/2024/28.08.2024/6R/107MEDIA/DSCF0110.JPG,DSCF0110.JPG,6R/107MEDIA,2,Western_Leopard_Toad,0.5815,1736.4,2347.6,1868.1,2449.1
/srv/shared_leopard_toad/2024/28.08.2024/6R/107MEDIA/DSCF0211.JPG,DSCF0211.JPG,6R/107MEDIA,2,Western_Leopard_Toad,0.5166,1735.2,2347.5,1864.8,2449.3
/srv/shared_leopard_toad/2024/28.08.2024/6R/107MEDIA/DSCF0030.JPG,DSCF0030.JPG,6R/107MEDIA,2,Western_Leopard_Toad,0.3123,1736.0,2345.7,1868.5,2448.5
/srv/shared_leopard_toad/2024/28.08.2024/6R/107MEDIA/DSCF0121.JPG,DSCF0121.JPG,6R/107MEDIA,2,Western_Leopard_Toad,0.5405,1736.1,2348.1,1866.1,2448.7
/srv/shared_leopard_toad/2024/28.08.2024/6R/107MEDIA/DSCF0113.JPG,DSCF0113.JPG,6R/107MEDIA,2,Western_Leopard_Toad,0.6870,1735.2,2347.7,1864.8,2449.1
/srv/shared_leopard_toad/2024/28.08.2024/6R/107MEDIA/DSCF0091.JPG,DSCF0091.JPG,6R/107MEDIA,2,Western_Leopard_Toad,0.6240,1734.9,2348.4,1865.1,2448.3
/srv/shared_leopard_toad/2024/28.08.2024/6R/107MEDIA/DSCF0130.JPG,DSCF0130.JPG,6R/107MEDIA,2,Western_Leopard_Toad,0.4724,1737.1,2347.7,1867.4,2449.0
/srv/shared_leopard_toad/2024/28.08.2024/6R/107MEDIA/DSCF0130.JPG,DSCF0130.JPG,6R/107MEDIA,0,Other_Amphibian,0.2766,2775.4,2140.6,2903.6,2311.9
/srv/shared_leopard_toad/2024/28.08.2024/6R/107MEDIA/DSCF0031.JPG,DSCF0031.JPG,6R/107MEDIA,0,Other_Amphibian,0.2239,2776.0,2138.5,2907.5,2314.0
/srv/shared_leopard_toad/2024/28.08.2024/6R/107MEDIA/DSCF0191.JPG,DSCF0191.JPG,6R/107MEDIA,2,Western_Leopard_Toad,0.7256,1737.2,2347.5,1867.3,2449.3
/srv/shared_leopard_toad/2024/28.08.2024/6R/107MEDIA/DSCF0058.JPG,DSCF0058.JPG,6R/107MEDIA,2,Western_Leopard_Toad,0.6816,1736.4,2347.7,1865.9,2449.1
/srv/shared_leopard_toad/2024/28.08.2024/6R/107MEDIA/DSCF0169.JPG,DSCF0169.JPG,6R/107MEDIA,2,Western_Leopard_Toad,0.7593,1736.6,2349.1,1867.9,2450.1
/srv/shared_leopard_toad/2024/28.08.2024/6R/107MEDIA/DSCF0144.JPG,DSCF0144.JPG,6R/107MEDIA,2,Western_Leopard_Toad,0.5396,1736.6,2347.9,1865.7,2448.9
/srv/shared_leopard_toad/2024/28.08.2024/6R/107MEDIA/DSCF0086.JPG,DSCF0086.JPG,6R/107MEDIA,2,Western_Leopard_Toad,0.7339,1734.0,2347.4,1863.8,2449.3
/srv/shared_leopard_toad/2024/28.08.2024/6R/107MEDIA/DSCF0192.JPG,DSCF0192.JPG,6R/107MEDIA,2,Western_Leopard_Toad,0.6860,1736.9,2347.2,1867.6,2449.5
/srv/shared_leopard_toad/2024/28.08.2024/6R/107MEDIA/DSCF0114.JPG,DSCF0114.JPG,6R/107MEDIA,2,Western_Leopard_Toad,0.5020,1736.7,2348.1,1865.5,2448.7
/srv/shared_leopard_toad/2024/28.08.2024/6R/107MEDIA/DSCF0182.JPG,DSCF0182.JPG,6R/107MEDIA,2,Western_Leopard_Toad,0.5933,1737.1,2347.7,1867.4,2449.1
/srv/shared_leopard_toad/2024/28.08.2024/6R/107MEDIA/DSCF0195.JPG,DSCF0195.JPG,6R/107MEDIA,2,Western_Leopard_Toad,0.7422,1734.0,2347.6,1868.3,2449.1
/srv/shared_leopard_toad/2024/28.08.2024/6R/107MEDIA/DSCF0206.JPG,DSCF0206.JPG,6R/107MEDIA,2,Western_Leopard_Toad,0.7017,1737.4,2346.8,1869.4,2449.9
/srv/shared_leopard_toad/2024/28.08.2024/6R/107MEDIA/DSCF0059.JPG,DSCF0059.JPG,6R/107MEDIA,2,Western_Leopard_Toad,0.7334,1736.1,2347.6,1866.1,2449.1
/srv/shared_leopard_toad/2024/28.08.2024/6R/107MEDIA/DSCF0180.JPG,DSCF0180.JPG,6R/107MEDIA,2,Western_Leopard_Toad,0.8511,1736.7,2347.1,1867.8,2449.6
/srv/shared_leopard_toad/2024/28.08.2024/6R/107MEDIA/DSCF0088.JPG,DSCF0088.JPG,6R/107MEDIA,2,Western_Leopard_Toad,0.5928,1737.1,2347.5,1865.2,2449.3
/srv/shared_leopard_toad/2024/28.08.2024/6R/107MEDIA/DSCF0088.JPG,DSCF0088.JPG,6R/107MEDIA,0,Other_Amphibian,0.2148,2771.6,2140.9,2902.9,2311.6
/srv/shared_leopard_toad/2024/28.08.2024/6R/107MEDIA/DSCF0050.JPG,DSCF0050.JPG,6R/107MEDIA,2,Western_Leopard_Toad,0.7275,1736.4,2351.4,1865.9,2450.4
/srv/shared_leopard_toad/2024/28.08.2024/6R/107MEDIA/DSCF0099.JPG,DSCF0099.JPG,6R/107MEDIA,2,Western_Leopard_Toad,0.7700,1736.1,2347.7,1866.1,2449.1
/srv/shared_leopard_toad/2024/28.08.2024/6R/107MEDIA/DSCF0087.JPG,DSCF0087.JPG,6R/107MEDIA,2,Western_Leopard_Toad,0.5635,1735.2,2348.1,1864.8,2448.6
/srv/shared_leopard_toad/2024/28.08.2024/6R/107MEDIA/DSCF0087.JPG,DSCF0087.JPG,6R/107MEDIA,0,Other_Amphibian,0.4690,2771.0,2138.0,2903.5,2311.9
/srv/shared_leopard_toad/2024/28.08.2024/6R/107MEDIA/DSCF0068.JPG,DSCF0068.JPG,6R/107MEDIA,2,Western_Leopard_Toad,0.6724,1735.5,2347.4,1864.5,2449.3
/srv/shared_leopard_toad/2024/28.08.2024/6R/107MEDIA/DSCF0188.JPG,DSCF0188.JPG,6R/107MEDIA,2,Western_Leopard_Toad,0.8374,1735.0,2347.5,1867.3,2449.3
/srv/shared_leopard_toad/2024/28.08.2024/6R/107MEDIA/DSCF0133.JPG,DSCF0133.JPG,6R/107MEDIA,2,Western_Leopard_Toad,0.6284,1736.4,2348.1,1868.1,2448.6
/srv/shared_leopard_toad/2024/28.08.2024/6R/107MEDIA/DSCF0181.JPG,DSCF0181.JPG,6R/107MEDIA,2,Western_Leopard_Toad,0.7983,1736.7,2347.7,1865.5,2449.1
/srv/shared_leopard_toad/2024/28.08.2024/6R/107MEDIA/DSCF0209.JPG,DSCF0209.JPG,6R/107MEDIA,2,Western_Leopard_Toad,0.7866,1737.5,2347.5,1867.0,2449.3
/srv/shared_leopard_toad/2024/28.08.2024/6R/107MEDIA/DSCF0076.JPG,DSCF0076.JPG,6R/107MEDIA,2,Western_Leopard_Toad,0.5649,1736.1,2347.9,1866.1,2448.9
/srv/shared_leopard_toad/2024/28.08.2024/6R/107MEDIA/DSCF0076.JPG,DSCF0076.JPG,6R/107MEDIA,0,Other_Amphibian,0.2355,2772.0,2139.0,2902.5,2313.5
/srv/shared_leopard_toad/2024/28.08.2024/6R/107MEDIA/DSCF0048.JPG,DSCF0048.JPG,6R/107MEDIA,2,Western_Leopard_Toad,0.3477,1736.7,2348.3,1867.8,2448.4
/srv/shared_leopard_toad/2024/28.08.2024/6R/107MEDIA/DSCF0150.JPG,DSCF0150.JPG,6R/107MEDIA,2,Western_Leopard_Toad,0.7222,1737.8,2347.1,1868.9,2449.6
/srv/shared_leopard_toad/2024/28.08.2024/6R/107MEDIA/DSCF0150.JPG,DSCF0150.JPG,6R/107MEDIA,0,Other_Amphibian,0.2051,1737.8,2347.1,1868.9,2449.6
/srv/shared_leopard_toad/2024/28.08.2024/6R/107MEDIA/DSCF0108.JPG,DSCF0108.JPG,6R/107MEDIA,2,Western_Leopard_Toad,0.5674,1736.2,2347.7,1866.0,2449.0
/srv/shared_leopard_toad/2024/28.08.2024/6R/107MEDIA/DSCF0153.JPG,DSCF0153.JPG,6R/107MEDIA,2,Western_Leopard_Toad,0.7192,1736.5,2347.4,1868.0,2449.3
/srv/shared_leopard_toad/2024/28.08.2024/6R/107MEDIA/DSCF0079.JPG,DSCF0079.JPG,6R/107MEDIA,2,Western_Leopard_Toad,0.6611,1734.7,2347.7,1865.3,2449.1
/srv/shared_leopard_toad/2024/28.08.2024/6R/107MEDIA/DSCF0119.JPG,DSCF0119.JPG,6R/107MEDIA,2,Western_Leopard_Toad,0.4717,1735.9,2348.3,1864.1,2448.4
/srv/shared_leopard_toad/2024/28.08.2024/6R/107MEDIA/DSCF0119.JPG,DSCF0119.JPG,6R/107MEDIA,0,Other_Amphibian,0.2822,2773.1,2139.8,2901.4,2312.7
/srv/shared_leopard_toad/2024/28.08.2024/6R/107MEDIA/DSCF0098.JPG,DSCF0098.JPG,6R/107MEDIA,2,Western_Leopard_Toad,0.5830,1736.1,2347.7,1866.1,2449.0
/srv/shared_leopard_toad/2024/28.08.2024/6R/107MEDIA/DSCF0214.JPG,DSCF0214.JPG,6R/107MEDIA,0,Other_Amphibian,0.2390,2775.4,2137.2,2903.6,2310.2
/srv/shared_leopard_toad/2024/28.08.2024/6R/107MEDIA/DSCF0205.JPG,DSCF0205.JPG,6R/107MEDIA,2,Western_Leopard_Toad,0.7002,1737.2,2347.3,1867.3,2449.5
/srv/shared_leopard_toad/2024/28.08.2024/6R/107MEDIA/DSCF0112.JPG,DSCF0112.JPG,6R/107MEDIA,2,Western_Leopard_Toad,0.5469,1735.7,2348.1,1864.3,2448.7
/srv/shared_leopard_toad/2024/28.08.2024/6R/107MEDIA/DSCF0111.JPG,DSCF0111.JPG,6R/107MEDIA,2,Western_Leopard_Toad,0.7227,1734.1,2347.7,1865.9,2449.0
/srv/shared_leopard_toad/2024/28.08.2024/6R/107MEDIA/DSCF0163.JPG,DSCF0163.JPG,6R/107MEDIA,2,Western_Leopard_Toad,0.8218,1736.6,2347.3,1867.9,2449.5
/srv/shared_leopard_toad/2024/28.08.2024/6R/107MEDIA/DSCF0128.JPG,DSCF0128.JPG,6R/107MEDIA,2,Western_Leopard_Toad,0.8550,1736.1,2349.2,1863.9,2450.1
/srv/shared_leopard_toad/2024/28.08.2024/6R/107MEDIA/DSCF0022.JPG,DSCF0022.JPG,6R/107MEDIA,2,Western_Leopard_Toad,0.3413,1736.6,2347.4,1867.9,2449.3
/srv/shared_leopard_toad/2024/28.08.2024/6R/107MEDIA/DSCF0198.JPG,DSCF0198.JPG,6R/107MEDIA,2,Western_Leopard_Toad,0.7856,1736.4,2348.8,1868.1,2450.4
/srv/shared_leopard_toad/2024/28.08.2024/6R/107MEDIA/DSCF0073.JPG,DSCF0073.JPG,6R/107MEDIA,2,Western_Leopard_Toad,0.5391,1735.5,2347.7,1866.8,2449.1
/srv/shared_leopard_toad/2024/28.08.2024/6R/107MEDIA/DSCF0183.JPG,DSCF0183.JPG,6R/107MEDIA,2,Western_Leopard_Toad,0.7983,1736.9,2349.8,1867.6,2449.5
/srv/shared_leopard_toad/2024/28.08.2024/6R/107MEDIA/DSCF0075.JPG,DSCF0075.JPG,6R/107MEDIA,2,Western_Leopard_Toad,0.5791,1735.8,2347.7,1864.2,2449.0
/srv/shared_leopard_toad/2024/28.08.2024/6R/107MEDIA/DSCF0104.JPG,DSCF0104.JPG,6R/107MEDIA,2,Western_Leopard_Toad,0.6045,1736.8,2348.1,1865.4,2448.7
/srv/shared_leopard_toad/2024/28.08.2024/6R/107MEDIA/DSCF0043.JPG,DSCF0043.JPG,6R/107MEDIA,2,Western_Leopard_Toad,0.6128,1735.1,2347.7,1864.9,2449.1
/srv/shared_leopard_toad/2024/28.08.2024/6R/107MEDIA/DSCF0132.JPG,DSCF0132.JPG,6R/107MEDIA,2,Western_Leopard_Toad,0.8184,1736.1,2349.4,1868.4,2449.9
/srv/shared_leopard_toad/2024/28.08.2024/6R/107MEDIA/DSCF0126.JPG,DSCF0126.JPG,6R/107MEDIA,2,Western_Leopard_Toad,0.7646,1735.2,2347.7,1864.8,2449.0
/srv/shared_leopard_toad/2024/28.08.2024/6R/107MEDIA/DSCF0093.JPG,DSCF0093.JPG,6R/107MEDIA,2,Western_Leopard_Toad,0.6646,1734.9,2348.1,1865.1,2448.6
/srv/shared_leopard_toad/2024/28.08.2024/6R/107MEDIA/DSCF0083.JPG,DSCF0083.JPG,6R/107MEDIA,2,Western_Leopard_Toad,0.8066,1735.0,2347.7,1865.0,2449.1
/srv/shared_leopard_toad/2024/28.08.2024/6R/107MEDIA/DSCF0199.JPG,DSCF0199.JPG,6R/107MEDIA,2,Western_Leopard_Toad,0.8169,1736.2,2347.4,1868.3,2449.3
/srv/shared_leopard_toad/2024/28.08.2024/6R/107MEDIA/DSCF0120.JPG,DSCF0120.JPG,6R/107MEDIA,2,Western_Leopard_Toad,0.4656,1737.6,2347.9,1866.9,2448.9
/srv/shared_leopard_toad/2024/28.08.2024/6R/107MEDIA/DSCF0166.JPG,DSCF0166.JPG,6R/107MEDIA,2,Western_Leopard_Toad,0.8491,1737.8,2347.6,1868.9,2449.1
/srv/shared_leopard_toad/2024/28.08.2024/6R/107MEDIA/DSCF0177.JPG,DSCF0177.JPG,6R/107MEDIA,2,Western_Leopard_Toad,0.6982,1737.4,2347.6,1867.1,2449.1
/srv/shared_leopard_toad/2024/28.08.2024/6R/107MEDIA/DSCF0046.JPG,DSCF0046.JPG,6R/107MEDIA,2,Western_Leopard_Toad,0.5669,1736.4,2349.9,1868.1,2449.4
/srv/shared_leopard_toad/2024/28.08.2024/6R/107MEDIA/DSCF0071.JPG,DSCF0071.JPG,6R/107MEDIA,2,Western_Leopard_Toad,0.7153,1735.2,2347.6,1867.0,2449.1
/srv/shared_leopard_toad/2024/28.08.2024/6R/107MEDIA/DSCF0028.JPG,DSCF0028.JPG,6R/107MEDIA,2,Western_Leopard_Toad,0.3193,1735.6,2345.2,1866.7,2448.9
/srv/shared_leopard_toad/2024/28.08.2024/6R/107MEDIA/DSCF0080.JPG,DSCF0080.JPG,6R/107MEDIA,2,Western_Leopard_Toad,0.7192,1735.9,2349.9,1864.1,2449.4
/srv/shared_leopard_toad/2024/28.08.2024/6R/107MEDIA/DSCF0131.JPG,DSCF0131.JPG,6R/107MEDIA,2,Western_Leopard_Toad,0.4216,1736.6,2348.1,1865.7,2448.6
/srv/shared_leopard_toad/2024/28.08.2024/6R/107MEDIA/DSCF0176.JPG,DSCF0176.JPG,6R/107MEDIA,2,Western_Leopard_Toad,0.7515,1736.1,2347.0,1868.4,2449.7
/srv/shared_leopard_toad/2024/28.08.2024/6R/107MEDIA/DSCF0212.JPG,DSCF0212.JPG,6R/107MEDIA,2,Western_Leopard_Toad,0.7598,1734.7,2349.3,1865.3,2449.9
/srv/shared_leopard_toad/2024/28.08.2024/6R/107MEDIA/DSCF0212.JPG,DSCF0212.JPG,6R/107MEDIA,0,Other_Amphibian,0.3313,1734.7,2349.3,1865.3,2449.9
/srv/shared_leopard_toad/2024/28.08.2024/6R/107MEDIA/DSCF0102.JPG,DSCF0102.JPG,6R/107MEDIA,2,Western_Leopard_Toad,0.6475,1735.3,2347.7,1864.7,2449.1
/srv/shared_leopard_toad/2024/28.08.2024/6R/107MEDIA/DSCF0021.JPG,DSCF0021.JPG,6R/107MEDIA,0,Other_Amphibian,0.2144,2773.2,2140.4,2905.8,2317.1
/srv/shared_leopard_toad/2024/28.08.2024/6R/107MEDIA/DSCF0054.JPG,DSCF0054.JPG,6R/107MEDIA,2,Western_Leopard_Toad,0.5972,1737.1,2349.7,1867.4,2449.6
/srv/shared_leopard_toad/2024/28.08.2024/6R/107MEDIA/DSCF0136.JPG,DSCF0136.JPG,6R/107MEDIA,2,Western_Leopard_Toad,0.4727,1737.0,2347.9,1867.5,2448.9
/srv/shared_leopard_toad/2024/28.08.2024/6R/107MEDIA/DSCF0136.JPG,DSCF0136.JPG,6R/107MEDIA,0,Other_Amphibian,0.2410,2774.2,2138.4,2900.3,2311.6
/srv/shared_leopard_toad/2024/28.08.2024/6R/107MEDIA/DSCF0204.JPG,DSCF0204.JPG,6R/107MEDIA,2,Western_Leopard_Toad,0.5542,1736.2,2347.3,1866.0,2449.5
/srv/shared_leopard_toad/2024/28.08.2024/6R/107MEDIA/DSCF0122.JPG,DSCF0122.JPG,6R/107MEDIA,2,Western_Leopard_Toad,0.4773,1737.1,2347.9,1867.4,2448.9
/srv/shared_leopard_toad/2024/28.08.2024/6R/107MEDIA/DSCF0142.JPG,DSCF0142.JPG,6R/107MEDIA,2,Western_Leopard_Toad,0.5264,1736.9,2349.9,1867.6,2449.4
/srv/shared_leopard_toad/2024/28.08.2024/6R/107MEDIA/DSCF0179.JPG,DSCF0179.JPG,6R/107MEDIA,2,Western_Leopard_Toad,0.7368,1736.7,2347.4,1870.0,2449.3
/srv/shared_leopard_toad/2024/28.08.2024/6R/107MEDIA/DSCF0179.JPG,DSCF0179.JPG,6R/107MEDIA,0,Other_Amphibian,0.2148,1736.7,2347.4,1870.0,2449.3
/srv/shared_leopard_toad/2024/28.08.2024/6R/107MEDIA/DSCF0066.JPG,DSCF0066.JPG,6R/107MEDIA,2,Western_Leopard_Toad,0.5781,1735.1,2349.8,1864.9,2449.5
/srv/shared_leopard_toad/2024/28.08.2024/6R/107MEDIA/DSCF0160.JPG,DSCF0160.JPG,6R/107MEDIA,2,Western_Leopard_Toad,0.8438,1736.7,2347.4,1867.8,2449.3
/srv/shared_leopard_toad/2024/28.08.2024/6R/107MEDIA/DSCF0034.JPG,DSCF0034.JPG,6R/107MEDIA,2,Western_Leopard_Toad,0.5464,1735.7,2345.4,1866.5,2448.7
/srv/shared_leopard_toad/2024/28.08.2024/6R/107MEDIA/DSCF0005.JPG,DSCF0005.JPG,6R/107MEDIA,0,Other_Amphibian,0.2181,2773.4,2139.6,2905.6,2312.9
/srv/shared_leopard_toad/2024/28.08.2024/6R/107MEDIA/DSCF0172.JPG,DSCF0172.JPG,6R/107MEDIA,2,Western_Leopard_Toad,0.7563,1738.2,2347.2,1868.5,2449.5
/srv/shared_leopard_toad/2024/28.08.2024/6R/107MEDIA/DSCF0162.JPG,DSCF0162.JPG,6R/107MEDIA,2,Western_Leopard_Toad,0.8037,1737.2,2347.7,1867.3,2449.0
/srv/shared_leopard_toad/2024/28.08.2024/6R/107MEDIA/DSCF0035.JPG,DSCF0035.JPG,6R/107MEDIA,0,Other_Amphibian,0.2415,2774.0,2138.2,2905.0,2314.3
/srv/shared_leopard_toad/2024/28.08.2024/6R/107MEDIA/DSCF0004.JPG,DSCF0004.JPG,6R/107MEDIA,2,Western_Leopard_Toad,0.3513,1737.2,2345.6,1869.5,2448.5
/srv/shared_leopard_toad/2024/28.08.2024/6R/107MEDIA/DSCF0159.JPG,DSCF0159.JPG,6R/107MEDIA,2,Western_Leopard_Toad,0.8423,1737.2,2347.0,1867.3,2449.7
/srv/shared_leopard_toad/2024/28.08.2024/6R/107MEDIA/DSCF0170.JPG,DSCF0170.JPG,6R/107MEDIA,2,Western_Leopard_Toad,0.7642,1736.6,2347.6,1867.9,2449.1
/srv/shared_leopard_toad/2024/28.08.2024/6R/107MEDIA/DSCF0161.JPG,DSCF0161.JPG,6R/107MEDIA,2,Western_Leopard_Toad,0.7046,1737.9,2347.5,1866.6,2449.3
/srv/shared_leopard_toad/2024/28.08.2024/6R/107MEDIA/DSCF0115.JPG,DSCF0115.JPG,6R/107MEDIA,2,Western_Leopard_Toad,0.7144,1736.6,2347.7,1865.7,2449.1
/srv/shared_leopard_toad/2024/28.08.2024/6R/107MEDIA/DSCF0037.JPG,DSCF0037.JPG,6R/107MEDIA,2,Western_Leopard_Toad,0.3831,1736.5,2347.7,1868.0,2449.1
/srv/shared_leopard_toad/2024/28.08.2024/6R/107MEDIA/DSCF0056.JPG,DSCF0056.JPG,6R/107MEDIA,2,Western_Leopard_Toad,0.6406,1736.5,2348.2,1865.8,2448.5
/srv/shared_leopard_toad/2024/28.08.2024/6R/107MEDIA/DSCF0137.JPG,DSCF0137.JPG,6R/107MEDIA,2,Western_Leopard_Toad,0.6177,1735.8,2348.1,1864.2,2448.7
/srv/shared_leopard_toad/2024/28.08.2024/6R/107MEDIA/DSCF0069.JPG,DSCF0069.JPG,6R/107MEDIA,2,Western_Leopard_Toad,0.5386,1735.6,2347.4,1864.4,2449.3
/srv/shared_leopard_toad/2024/28.08.2024/6R/107MEDIA/DSCF0129.JPG,DSCF0129.JPG,6R/107MEDIA,2,Western_Leopard_Toad,0.7881,1735.3,2349.6,1864.7,2449.7
/srv/shared_leopard_toad/2024/28.08.2024/6R/107MEDIA/DSCF0147.JPG,DSCF0147.JPG,6R/107MEDIA,2,Western_Leopard_Toad,0.7764,1737.6,2347.5,1866.9,2449.3
/srv/shared_leopard_toad/2024/28.08.2024/6R/107MEDIA/DSCF0062.JPG,DSCF0062.JPG,6R/107MEDIA,2,Western_Leopard_Toad,0.5679,1736.2,2349.9,1866.0,2449.3
/srv/shared_leopard_toad/2024/28.08.2024/6R/107MEDIA/DSCF0175.JPG,DSCF0175.JPG,6R/107MEDIA,2,Western_Leopard_Toad,0.6836,1737.6,2347.6,1866.9,2449.1
/srv/shared_leopard_toad/2024/28.08.2024/6R/107MEDIA/DSCF0203.JPG,DSCF0203.JPG,6R/107MEDIA,2,Western_Leopard_Toad,0.7285,1737.1,2347.7,1867.4,2449.0
/srv/shared_leopard_toad/2024/28.08.2024/6R/107MEDIA/DSCF0103.JPG,DSCF0103.JPG,6R/107MEDIA,2,Western_Leopard_Toad,0.7451,1735.5,2347.9,1864.5,2448.9
/srv/shared_leopard_toad/2024/28.08.2024/6R/107MEDIA/DSCF0070.JPG,DSCF0070.JPG,6R/107MEDIA,2,Western_Leopard_Toad,0.7349,1734.5,2347.4,1865.5,2449.3
/srv/shared_leopard_toad/2024/28.08.2024/6R/107MEDIA/DSCF0092.JPG,DSCF0092.JPG,6R/107MEDIA,2,Western_Leopard_Toad,0.7363,1734.4,2349.5,1865.6,2449.8
/srv/shared_leopard_toad/2024/28.08.2024/6R/107MEDIA/DSCF0100.JPG,DSCF0100.JPG,6R/107MEDIA,2,Western_Leopard_Toad,0.6250,1736.1,2347.6,1866.1,2449.1
/srv/shared_leopard_toad/2024/28.08.2024/6R/107MEDIA/DSCF0042.JPG,DSCF0042.JPG,6R/107MEDIA,2,Western_Leopard_Toad,0.5928,1734.2,2347.9,1868.0,2448.8
/srv/shared_leopard_toad/2024/28.08.2024/6R/107MEDIA/DSCF0010.JPG,DSCF0010.JPG,6R/107MEDIA,2,Western_Leopard_Toad,0.3452,1737.6,2347.7,1866.9,2449.1
/srv/shared_leopard_toad/2024/28.08.2024/6R/107MEDIA/DSCF0078.JPG,DSCF0078.JPG,6R/107MEDIA,2,Western_Leopard_Toad,0.4912,1735.6,2347.7,1864.4,2449.0
/srv/shared_leopard_toad/2024/28.08.2024/6R/107MEDIA/DSCF0156.JPG,DSCF0156.JPG,6R/107MEDIA,2,Western_Leopard_Toad,0.7017,1737.0,2347.5,1867.5,2449.3
/srv/shared_leopard_toad/2024/28.08.2024/6R/107MEDIA/DSCF0094.JPG,DSCF0094.JPG,6R/107MEDIA,2,Western_Leopard_Toad,0.6343,1734.9,2349.3,1865.1,2449.9
/srv/shared_leopard_toad/2024/28.08.2024/6R/107MEDIA/DSCF0190.JPG,DSCF0190.JPG,6R/107MEDIA,2,Western_Leopard_Toad,0.8135,1736.2,2347.7,1870.5,2449.1
/srv/shared_leopard_toad/2024/28.08.2024/6R/107MEDIA/DSCF0047.JPG,DSCF0047.JPG,6R/107MEDIA,2,Western_Leopard_Toad,0.5435,1736.2,2350.1,1866.0,2449.2
/srv/shared_leopard_toad/2024/28.08.2024/6R/107MEDIA/DSCF0213.JPG,DSCF0213.JPG,6R/107MEDIA,2,Western_Leopard_Toad,0.6938,1735.6,2346.7,1868.9,2450.0
/srv/shared_leopard_toad/2024/28.08.2024/6R/107MEDIA/DSCF0213.JPG,DSCF0213.JPG,6R/107MEDIA,0,Other_Amphibian,0.2233,1735.6,2346.7,1868.9,2450.0
/srv/shared_leopard_toad/2024/28.08.2024/6R/107MEDIA/DSCF0055.JPG,DSCF0055.JPG,6R/107MEDIA,2,Western_Leopard_Toad,0.7397,1735.8,2348.1,1864.2,2448.6
/srv/shared_leopard_toad/2024/28.08.2024/6R/107MEDIA/DSCF0197.JPG,DSCF0197.JPG,6R/107MEDIA,2,Western_Leopard_Toad,0.5557,1737.1,2347.5,1869.6,2449.3
/srv/shared_leopard_toad/2024/28.08.2024/6R/107MEDIA/DSCF0064.JPG,DSCF0064.JPG,6R/107MEDIA,2,Western_Leopard_Toad,0.4226,1736.3,2347.9,1863.7,2448.9
/srv/shared_leopard_toad/2024/28.08.2024/6R/107MEDIA/DSCF0081.JPG,DSCF0081.JPG,6R/107MEDIA,2,Western_Leopard_Toad,0.4390,1735.7,2348.2,1864.3,2448.5
/srv/shared_leopard_toad/2024/28.08.2024/6R/107MEDIA/DSCF0016.JPG,DSCF0016.JPG,6R/107MEDIA,0,Other_Amphibian,0.2255,2773.6,2139.5,2905.4,2313.0
/srv/shared_leopard_toad/2024/28.08.2024/6R/107MEDIA/DSCF0101.JPG,DSCF0101.JPG,6R/107MEDIA,2,Western_Leopard_Toad,0.7139,1735.6,2347.7,1866.7,2449.1
/srv/shared_leopard_toad/2024/28.08.2024/6R/107MEDIA/DSCF0105.JPG,DSCF0105.JPG,6R/107MEDIA,2,Western_Leopard_Toad,0.3738,1737.1,2347.7,1865.2,2449.0
/srv/shared_leopard_toad/2024/28.08.2024/6R/107MEDIA/DSCF0116.JPG,DSCF0116.JPG,6R/107MEDIA,2,Western_Leopard_Toad,0.6787,1736.1,2348.2,1866.1,2448.5
/srv/shared_leopard_toad/2024/28.08.2024/6R/107MEDIA/DSCF0085.JPG,DSCF0085.JPG,6R/107MEDIA,2,Western_Leopard_Toad,0.8237,1736.0,2349.2,1866.3,2450.1
/srv/shared_leopard_toad/2024/28.08.2024/6R/107MEDIA/DSCF0082.JPG,DSCF0082.JPG,6R/107MEDIA,2,Western_Leopard_Toad,0.7178,1735.7,2347.9,1866.5,2448.9
/srv/shared_leopard_toad/2024/28.08.2024/6R/107MEDIA/DSCF0109.JPG,DSCF0109.JPG,6R/107MEDIA,2,Western_Leopard_Toad,0.5044,1736.1,2347.9,1866.1,2448.8
/srv/shared_leopard_toad/2024/28.08.2024/6R/107MEDIA/DSCF0024.JPG,DSCF0024.JPG,6R/107MEDIA,2,Western_Leopard_Toad,0.2585,1736.6,2345.3,1867.9,2448.9
/srv/shared_leopard_toad/2024/28.08.2024/6R/107MEDIA/DSCF0024.JPG,DSCF0024.JPG,6R/107MEDIA,0,Other_Amphibian,0.2314,2775.9,2142.1,2907.6,2315.4
/srv/shared_leopard_toad/2024/28.08.2024/6R/107MEDIA/DSCF0202.JPG,DSCF0202.JPG,6R/107MEDIA,2,Western_Leopard_Toad,0.4036,1736.9,2347.9,1867.6,2448.9
/srv/shared_leopard_toad/2024/28.08.2024/6R/107MEDIA/DSCF0210.JPG,DSCF0210.JPG,6R/107MEDIA,2,Western_Leopard_Toad,0.6416,1736.2,2347.2,1866.0,2449.5
/srv/shared_leopard_toad/2024/28.08.2024/6R/107MEDIA/DSCF0090.JPG,DSCF0090.JPG,6R/107MEDIA,0,Other_Amphibian,0.4602,2771.9,2141.4,2902.6,2313.6
/srv/shared_leopard_toad/2024/28.08.2024/6R/107MEDIA/DSCF0090.JPG,DSCF0090.JPG,6R/107MEDIA,2,Western_Leopard_Toad,0.2820,1736.7,2347.9,1865.5,2448.9
/srv/shared_leopard_toad/2024/28.08.2024/6R/107MEDIA/DSCF0084.JPG,DSCF0084.JPG,6R/107MEDIA,2,Western_Leopard_Toad,0.6489,1734.6,2347.7,1865.4,2449.1
/srv/shared_leopard_toad/2024/28.08.2024/6R/107MEDIA/DSCF0124.JPG,DSCF0124.JPG,6R/107MEDIA,2,Western_Leopard_Toad,0.4502,1736.0,2347.7,1866.3,2449.0
/srv/shared_leopard_toad/2024/28.08.2024/6R/107MEDIA/DSCF0138.JPG,DSCF0138.JPG,6R/107MEDIA,2,Western_Leopard_Toad,0.3499,1737.7,2347.9,1866.8,2448.9
/srv/shared_leopard_toad/2024/28.08.2024/6R/107MEDIA/DSCF0200.JPG,DSCF0200.JPG,6R/107MEDIA,2,Western_Leopard_Toad,0.8262,1735.0,2347.3,1867.3,2449.5
/srv/shared_leopard_toad/2024/28.08.2024/6R/107MEDIA/DSCF0140.JPG,DSCF0140.JPG,6R/107MEDIA,2,Western_Leopard_Toad,0.4036,1737.1,2347.2,1865.2,2449.5
/srv/shared_leopard_toad/2024/28.08.2024/6R/107MEDIA/DSCF0201.JPG,DSCF0201.JPG,6R/107MEDIA,2,Western_Leopard_Toad,0.7861,1736.0,2349.5,1868.5,2449.8
/srv/shared_leopard_toad/2024/28.08.2024/6R/105MEDIA/DSCF0012.JPG,DSCF0012.JPG,6R/105MEDIA,0,Other_Amphibian,0.4014,1995.4,2370.7,2110.8,2451.4
/srv/shared_leopard_toad/2024/28.08.2024/6R/105MEDIA/DSCF0911.JPG,DSCF0911.JPG,6R/105MEDIA,0,Other_Amphibian,0.4131,1723.2,2234.9,1852.0,2397.3
/srv/shared_leopard_toad/2024/28.08.2024/6R/105MEDIA/DSCF0001.JPG,DSCF0001.JPG,6R/105MEDIA,2,Western_Leopard_Toad,0.5015,1992.8,2347.6,2111.2,2449.1
/srv/shared_leopard_toad/2024/28.08.2024/6R/105MEDIA/DSCF0001.JPG,DSCF0001.JPG,6R/105MEDIA,0,Other_Amphibian,0.4814,1992.8,2347.6,2111.2,2449.1
/srv/shared_leopard_toad/2024/28.08.2024/6R/105MEDIA/DSCF0922.JPG,DSCF0922.JPG,6R/105MEDIA,0,Other_Amphibian,0.5176,1721.5,2240.9,1851.5,2401.4
/srv/shared_leopard_toad/2024/28.08.2024/6R/105MEDIA/DSCF0678.JPG,DSCF0678.JPG,6R/105MEDIA,0,Other_Amphibian,0.4407,2538.1,1710.1,2668.4,1884.3
/srv/shared_leopard_toad/2024/28.08.2024/6R/105MEDIA/DSCF0651.JPG,DSCF0651.JPG,6R/105MEDIA,0,Other_Amphibian,0.2007,1843.0,1894.2,2054.0,2193.7
/srv/shared_leopard_toad/2024/28.08.2024/6R/105MEDIA/DSCF0774.JPG,DSCF0774.JPG,6R/105MEDIA,2,Western_Leopard_Toad,0.4441,3943.5,2232.3,4062.0,2389.8
/srv/shared_leopard_toad/2024/28.08.2024/6R/105MEDIA/DSCF0784.JPG,DSCF0784.JPG,6R/105MEDIA,2,Western_Leopard_Toad,0.3721,3941.1,2232.9,4059.9,2386.7
/srv/shared_leopard_toad/2024/28.08.2024/6R/105MEDIA/DSCF0933.JPG,DSCF0933.JPG,6R/105MEDIA,0,Other_Amphibian,0.5029,1731.6,2240.7,1850.4,2353.5
/srv/shared_leopard_toad/2024/28.08.2024/6R/105MEDIA/DSCF0562.JPG,DSCF0562.JPG,6R/105MEDIA,0,Other_Amphibian,0.8262,1671.6,1931.6,1829.4,2100.7
/srv/shared_leopard_toad/2024/28.08.2024/6R/105MEDIA/DSCF0562.JPG,DSCF0562.JPG,6R/105MEDIA,2,Western_Leopard_Toad,0.5933,1671.6,1931.6,1829.4,2100.7
/srv/shared_leopard_toad/2024/28.08.2024/6R/105MEDIA/DSCF0512.JPG,DSCF0512.JPG,6R/105MEDIA,2,Western_Leopard_Toad,0.3552,1683.2,1942.6,1847.0,2089.7
/srv/shared_leopard_toad/2024/28.08.2024/6R/105MEDIA/DSCF0765.JPG,DSCF0765.JPG,6R/105MEDIA,2,Western_Leopard_Toad,0.6807,3944.4,2231.6,4065.6,2387.9
/srv/shared_leopard_toad/2024/28.08.2024/6R/105MEDIA/DSCF0956.JPG,DSCF0956.JPG,6R/105MEDIA,0,Other_Amphibian,0.4727,1732.8,2240.4,1849.2,2353.8
/srv/shared_leopard_toad/2024/28.08.2024/6R/105MEDIA/DSCF0667.JPG,DSCF0667.JPG,6R/105MEDIA,2,Western_Leopard_Toad,0.7490,1880.4,2023.8,2052.6,2200.8
/srv/shared_leopard_toad/2024/28.08.2024/6R/105MEDIA/DSCF0812.JPG,DSCF0812.JPG,6R/105MEDIA,2,Western_Leopard_Toad,0.5337,3939.5,2231.6,4061.5,2390.5
/srv/shared_leopard_toad/2024/28.08.2024/6R/105MEDIA/DSCF0812.JPG,DSCF0812.JPG,6R/105MEDIA,0,Other_Amphibian,0.3123,4266.8,5.9,4400.2,172.0
/srv/shared_leopard_toad/2024/28.08.2024/6R/105MEDIA/DSCF0565.JPG,DSCF0565.JPG,6R/105MEDIA,0,Other_Amphibian,0.6909,1670.1,1931.3,1826.4,2101.0
/srv/shared_leopard_toad/2024/28.08.2024/6R/105MEDIA/DSCF0565.JPG,DSCF0565.JPG,6R/105MEDIA,2,Western_Leopard_Toad,0.2817,1670.1,1931.3,1826.4,2101.0
/srv/shared_leopard_toad/2024/28.08.2024/6R/105MEDIA/DSCF0752.JPG,DSCF0752.JPG,6R/105MEDIA,2,Western_Leopard_Toad,0.4604,3940.3,2229.8,4060.7,2384.7
/srv/shared_leopard_toad/2024/28.08.2024/6R/105MEDIA/DSCF0193.JPG,DSCF0193.JPG,6R/105MEDIA,0,Other_Amphibian,0.2090,3434.9,1643.1,3652.6,1860.2
/srv/shared_leopard_toad/2024/28.08.2024/6R/105MEDIA/DSCF0777.JPG,DSCF0777.JPG,6R/105MEDIA,2,Western_Leopard_Toad,0.3408,3940.2,2230.3,4060.8,2389.2
/srv/shared_leopard_toad/2024/28.08.2024/6R/105MEDIA/DSCF0827.JPG,DSCF0827.JPG,6R/105MEDIA,2,Western_Leopard_Toad,0.3376,3939.1,2231.9,4061.9,2387.6
/srv/shared_leopard_toad/2024/28.08.2024/6R/105MEDIA/DSCF0827.JPG,DSCF0827.JPG,6R/105MEDIA,0,Other_Amphibian,0.3335,4274.2,5.5,4397.3,171.3
/srv/shared_leopard_toad/2024/28.08.2024/6R/105MEDIA/DSCF0560.JPG,DSCF0560.JPG,6R/105MEDIA,0,Other_Amphibian,0.8062,1674.0,1931.7,1831.5,2100.5
/srv/shared_leopard_toad/2024/28.08.2024/6R/105MEDIA/DSCF0560.JPG,DSCF0560.JPG,6R/105MEDIA,2,Western_Leopard_Toad,0.6348,1674.0,1931.7,1831.5,2100.5
/srv/shared_leopard_toad/2024/28.08.2024/6R/105MEDIA/DSCF0802.JPG,DSCF0802.JPG,6R/105MEDIA,2,Western_Leopard_Toad,0.6982,3940.3,2231.9,4060.7,2385.1
/srv/shared_leopard_toad/2024/28.08.2024/6R/105MEDIA/DSCF0712.JPG,DSCF0712.JPG,6R/105MEDIA,0,Other_Amphibian,0.5347,1924.7,1904.4,2114.0,2213.9
/srv/shared_leopard_toad/2024/28.08.2024/6R/105MEDIA/DSCF0712.JPG,DSCF0712.JPG,6R/105MEDIA,2,Western_Leopard_Toad,0.5312,1924.7,1904.4,2114.0,2213.9
/srv/shared_leopard_toad/2024/28.08.2024/6R/105MEDIA/DSCF0501.JPG,DSCF0501.JPG,6R/105MEDIA,2,Western_Leopard_Toad,0.4468,1681.8,1941.7,1846.2,2088.0
/srv/shared_leopard_toad/2024/28.08.2024/6R/105MEDIA/DSCF0501.JPG,DSCF0501.JPG,6R/105MEDIA,0,Other_Amphibian,0.2683,1681.8,1941.7,1846.2,2088.0
/srv/shared_leopard_toad/2024/28.08.2024/6R/105MEDIA/DSCF0834.JPG,DSCF0834.JPG,6R/105MEDIA,2,Western_Leopard_Toad,0.6094,3941.6,2230.5,4063.9,2384.0
/srv/shared_leopard_toad/2024/28.08.2024/6R/105MEDIA/DSCF0834.JPG,DSCF0834.JPG,6R/105MEDIA,0,Other_Amphibian,0.3677,4273.2,5.8,4402.8,169.7
/srv/shared_leopard_toad/2024/28.08.2024/6R/105MEDIA/DSCF0822.JPG,DSCF0822.JPG,6R/105MEDIA,0,Other_Amphibian,0.2854,4272.8,5.5,4398.7,168.0
/srv/shared_leopard_toad/2024/28.08.2024/6R/105MEDIA/DSCF0822.JPG,DSCF0822.JPG,6R/105MEDIA,2,Western_Leopard_Toad,0.2842,3942.6,2232.0,4062.9,2392.6
/srv/shared_leopard_toad/2024/28.08.2024/6R/105MEDIA/DSCF0807.JPG,DSCF0807.JPG,6R/105MEDIA,2,Western_Leopard_Toad,0.5474,3942.6,2230.7,4062.9,2388.8
/srv/shared_leopard_toad/2024/28.08.2024/6R/105MEDIA/DSCF0507.JPG,DSCF0507.JPG,6R/105MEDIA,2,Western_Leopard_Toad,0.3755,1685.2,1943.5,1845.1,2088.8
/srv/shared_leopard_toad/2024/28.08.2024/6R/105MEDIA/DSCF0681.JPG,DSCF0681.JPG,6R/105MEDIA,2,Western_Leopard_Toad,0.2717,1897.8,1897.8,2075.7,2190.2
/srv/shared_leopard_toad/2024/28.08.2024/6R/105MEDIA/DSCF0574.JPG,DSCF0574.JPG,6R/105MEDIA,0,Other_Amphibian,0.4089,1675.8,1933.0,1832.0,2101.8
/srv/shared_leopard_toad/2024/28.08.2024/6R/105MEDIA/DSCF0795.JPG,DSCF0795.JPG,6R/105MEDIA,2,Western_Leopard_Toad,0.3750,3939.1,2232.7,4061.9,2391.9
/srv/shared_leopard_toad/2024/28.08.2024/6R/105MEDIA/DSCF0003.JPG,DSCF0003.JPG,6R/105MEDIA,0,Other_Amphibian,0.6089,1992.1,2348.2,2109.7,2448.5
/srv/shared_leopard_toad/2024/28.08.2024/6R/105MEDIA/DSCF0003.JPG,DSCF0003.JPG,6R/105MEDIA,2,Western_Leopard_Toad,0.4092,1992.1,2348.2,2109.7,2448.5
/srv/shared_leopard_toad/2024/28.08.2024/6R/105MEDIA/DSCF0780.JPG,DSCF0780.JPG,6R/105MEDIA,2,Western_Leopard_Toad,0.3257,3942.1,2229.8,4058.9,2384.7
/srv/shared_leopard_toad/2024/28.08.2024/6R/105MEDIA/DSCF0817.JPG,DSCF0817.JPG,6R/105MEDIA,2,Western_Leopard_Toad,0.2993,3939.5,2230.9,4061.5,2383.6
/srv/shared_leopard_toad/2024/28.08.2024/6R/105MEDIA/DSCF0817.JPG,DSCF0817.JPG,6R/105MEDIA,0,Other_Amphibian,0.2937,4270.5,5.8,4396.5,170.3
/srv/shared_leopard_toad/2024/28.08.2024/6R/105MEDIA/DSCF0759.JPG,DSCF0759.JPG,6R/105MEDIA,2,Western_Leopard_Toad,0.2593,3939.4,2230.3,4061.6,2386.7
/srv/shared_leopard_toad/2024/28.08.2024/6R/105MEDIA/DSCF0713.JPG,DSCF0713.JPG,6R/105MEDIA,0,Other_Amphibian,0.2194,1923.0,1906.0,2118.0,2209.8
/srv/shared_leopard_toad/2024/28.08.2024/6R/105MEDIA/DSCF0699.JPG,DSCF0699.JPG,6R/105MEDIA,0,Other_Amphibian,0.7617,1922.1,1905.6,2112.1,2202.6
/srv/shared_leopard_toad/2024/28.08.2024/6R/105MEDIA/DSCF0699.JPG,DSCF0699.JPG,6R/105MEDIA,2,Western_Leopard_Toad,0.5918,1922.1,1905.6,2112.1,2202.6
/srv/shared_leopard_toad/2024/28.08.2024/6R/105MEDIA/DSCF0566.JPG,DSCF0566.JPG,6R/105MEDIA,0,Other_Amphibian,0.7910,1671.8,1931.3,1829.2,2101.0
/srv/shared_leopard_toad/2024/28.08.2024/6R/105MEDIA/DSCF0566.JPG,DSCF0566.JPG,6R/105MEDIA,2,Western_Leopard_Toad,0.4363,1671.8,1931.3,1829.2,2101.0
/srv/shared_leopard_toad/2024/28.08.2024/6R/105MEDIA/DSCF0559.JPG,DSCF0559.JPG,6R/105MEDIA,0,Other_Amphibian,0.6675,1674.1,1936.1,1833.6,2096.2
/srv/shared_leopard_toad/2024/28.08.2024/6R/105MEDIA/DSCF0559.JPG,DSCF0559.JPG,6R/105MEDIA,2,Western_Leopard_Toad,0.2563,1674.1,1936.1,1833.6,2096.2
/srv/shared_leopard_toad/2024/28.08.2024/6R/105MEDIA/DSCF0656.JPG,DSCF0656.JPG,6R/105MEDIA,2,Western_Leopard_Toad,0.7056,1845.1,1895.0,2051.9,2190.4
/srv/shared_leopard_toad/2024/28.08.2024/6R/105MEDIA/DSCF0755.JPG,DSCF0755.JPG,6R/105MEDIA,2,Western_Leopard_Toad,0.5239,3941.2,2230.7,4059.8,2391.4
/srv/shared_leopard_toad/2024/28.08.2024/6R/105MEDIA/DSCF0880.JPG,DSCF0880.JPG,6R/105MEDIA,0,Other_Amphibian,0.4380,1715.2,2241.5,1848.8,2398.3
/srv/shared_leopard_toad/2024/28.08.2024/6R/105MEDIA/DSCF0938.JPG,DSCF0938.JPG,6R/105MEDIA,0,Other_Amphibian,0.6104,1731.6,2240.1,1850.4,2354.1
/srv/shared_leopard_toad/2024/28.08.2024/6R/105MEDIA/DSCF0709.JPG,DSCF0709.JPG,6R/105MEDIA,2,Western_Leopard_Toad,0.4824,3941.7,2233.3,4063.8,2376.1
/srv/shared_leopard_toad/2024/28.08.2024/6R/105MEDIA/DSCF0670.JPG,DSCF0670.JPG,6R/105MEDIA,2,Western_Leopard_Toad,0.2817,1889.8,2024.9,2063.5,2194.7
/srv/shared_leopard_toad/2024/28.08.2024/6R/105MEDIA/DSCF0700.JPG,DSCF0700.JPG,6R/105MEDIA,2,Western_Leopard_Toad,0.3550,1923.0,1908.2,2113.5,2205.1
/srv/shared_leopard_toad/2024/28.08.2024/6R/105MEDIA/DSCF0700.JPG,DSCF0700.JPG,6R/105MEDIA,0,Other_Amphibian,0.2876,1923.0,1908.2,2113.5,2205.1
/srv/shared_leopard_toad/2024/28.08.2024/6R/105MEDIA/DSCF0007.JPG,DSCF0007.JPG,6R/105MEDIA,0,Other_Amphibian,0.5781,1992.0,2344.9,2109.8,2446.7
/srv/shared_leopard_toad/2024/28.08.2024/6R/105MEDIA/DSCF0007.JPG,DSCF0007.JPG,6R/105MEDIA,2,Western_Leopard_Toad,0.4307,1992.0,2344.9,2109.8,2446.7
/srv/shared_leopard_toad/2024/28.08.2024/6R/105MEDIA/DSCF0923.JPG,DSCF0923.JPG,6R/105MEDIA,2,Western_Leopard_Toad,0.2725,2027.2,2214.8,2220.8,2409.8
/srv/shared_leopard_toad/2024/28.08.2024/6R/105MEDIA/DSCF0936.JPG,DSCF0936.JPG,6R/105MEDIA,0,Other_Amphibian,0.2893,1733.1,2240.1,1851.2,2354.1
/srv/shared_leopard_toad/2024/28.08.2024/6R/105MEDIA/DSCF0730.JPG,DSCF0730.JPG,6R/105MEDIA,2,Western_Leopard_Toad,0.2888,3936.7,2232.4,4064.3,2387.1
/srv/shared_leopard_toad/2024/28.08.2024/6R/105MEDIA/DSCF0581.JPG,DSCF0581.JPG,6R/105MEDIA,0,Other_Amphibian,0.6577,1680.1,1936.5,1834.4,2108.5
/srv/shared_leopard_toad/2024/28.08.2024/6R/105MEDIA/DSCF0581.JPG,DSCF0581.JPG,6R/105MEDIA,2,Western_Leopard_Toad,0.2502,1680.1,1936.5,1834.4,2108.5
/srv/shared_leopard_toad/2024/28.08.2024/6R/105MEDIA/DSCF0568.JPG,DSCF0568.JPG,6R/105MEDIA,0,Other_Amphibian,0.6548,1675.6,1935.1,1832.1,2102.3
/srv/shared_leopard_toad/2024/28.08.2024/6R/105MEDIA/DSCF0982.JPG,DSCF0982.JPG,6R/105MEDIA,2,Western_Leopard_Toad,0.2737,2028.7,2212.2,2232.8,2397.2
/srv/shared_leopard_toad/2024/28.08.2024/6R/105MEDIA/DSCF0851.JPG,DSCF0851.JPG,6R/105MEDIA,2,Western_Leopard_Toad,0.7158,3939.1,2230.5,4061.9,2386.5
/srv/shared_leopard_toad/2024/28.08.2024/6R/105MEDIA/DSCF0851.JPG,DSCF0851.JPG,6R/105MEDIA,0,Other_Amphibian,0.6372,4268.1,3.2,4398.9,171.3
/srv/shared_leopard_toad/2024/28.08.2024/6R/105MEDIA/DSCF0906.JPG,DSCF0906.JPG,6R/105MEDIA,0,Other_Amphibian,0.2534,1721.8,2236.4,1851.2,2398.3
/srv/shared_leopard_toad/2024/28.08.2024/6R/105MEDIA/DSCF0906.JPG,DSCF0906.JPG,6R/105MEDIA,0,Other_Amphibian,0.2480,2325.0,2074.8,2485.5,2203.1
/srv/shared_leopard_toad/2024/28.08.2024/6R/105MEDIA/DSCF0572.JPG,DSCF0572.JPG,6R/105MEDIA,0,Other_Amphibian,0.8950,1673.6,1932.9,1831.9,2099.4
/srv/shared_leopard_toad/2024/28.08.2024/6R/105MEDIA/DSCF0769.JPG,DSCF0769.JPG,6R/105MEDIA,2,Western_Leopard_Toad,0.5190,3941.2,2233.4,4059.8,2386.1
/srv/shared_leopard_toad/2024/28.08.2024/6R/105MEDIA/DSCF0596.JPG,DSCF0596.JPG,6R/105MEDIA,0,Other_Amphibian,0.5840,1618.2,1648.6,1729.8,1788.8
/srv/shared_leopard_toad/2024/28.08.2024/6R/105MEDIA/DSCF0944.JPG,DSCF0944.JPG,6R/105MEDIA,0,Other_Amphibian,0.3552,1730.7,2240.0,1849.0,2354.3
/srv/shared_leopard_toad/2024/28.08.2024/6R/105MEDIA/DSCF0944.JPG,DSCF0944.JPG,6R/105MEDIA,2,Western_Leopard_Toad,0.2834,2023.3,2215.2,2206.7,2401.8
/srv/shared_leopard_toad/2024/28.08.2024/6R/105MEDIA/DSCF0580.JPG,DSCF0580.JPG,6R/105MEDIA,0,Other_Amphibian,0.7905,1680.6,1938.1,1833.9,2111.9
/srv/shared_leopard_toad/2024/28.08.2024/6R/105MEDIA/DSCF0580.JPG,DSCF0580.JPG,6R/105MEDIA,2,Western_Leopard_Toad,0.2715,1680.6,1938.1,1833.9,2111.9
/srv/shared_leopard_toad/2024/28.08.2024/6R/105MEDIA/DSCF0949.JPG,DSCF0949.JPG,6R/105MEDIA,0,Other_Amphibian,0.3872,1733.0,2241.3,1849.0,2352.9
/srv/shared_leopard_toad/2024/28.08.2024/6R/105MEDIA/DSCF0949.JPG,DSCF0949.JPG,6R/105MEDIA,2,Western_Leopard_Toad,0.2976,2025.6,2216.0,2204.4,2401.0
/srv/shared_leopard_toad/2024/28.08.2024/6R/105MEDIA/DSCF0943.JPG,DSCF0943.JPG,6R/105MEDIA,0,Other_Amphibian,0.5059,1730.7,2240.1,1849.0,2354.1
/srv/shared_leopard_toad/2024/28.08.2024/6R/105MEDIA/DSCF0943.JPG,DSCF0943.JPG,6R/105MEDIA,2,Western_Leopard_Toad,0.3247,2022.3,2216.0,2203.2,2401.0
/srv/shared_leopard_toad/2024/28.08.2024/6R/105MEDIA/DSCF0873.JPG,DSCF0873.JPG,6R/105MEDIA,0,Other_Amphibian,0.2007,1720.6,2241.6,1852.4,2398.2
/srv/shared_leopard_toad/2024/28.08.2024/6R/105MEDIA/DSCF0917.JPG,DSCF0917.JPG,6R/105MEDIA,0,Other_Amphibian,0.8237,1719.5,2238.3,1853.5,2396.4
/srv/shared_leopard_toad/2024/28.08.2024/6R/105MEDIA/DSCF0662.JPG,DSCF0662.JPG,6R/105MEDIA,2,Western_Leopard_Toad,0.5854,1842.8,1899.3,2049.8,2193.7
/srv/shared_leopard_toad/2024/28.08.2024/6R/105MEDIA/DSCF0662.JPG,DSCF0662.JPG,6R/105MEDIA,2,Western_Leopard_Toad,0.5029,1846.3,1928.3,2046.2,2192.5
/srv/shared_leopard_toad/2024/28.08.2024/6R/105MEDIA/DSCF0970.JPG,DSCF0970.JPG,6R/105MEDIA,0,Other_Amphibian,0.3665,1731.3,2239.8,1846.2,2354.4
/srv/shared_leopard_toad/2024/28.08.2024/6R/105MEDIA/DSCF0970.JPG,DSCF0970.JPG,6R/105MEDIA,2,Western_Leopard_Toad,0.2588,2024.7,2216.6,2205.3,2397.9
/srv/shared_leopard_toad/2024/28.08.2024/6R/105MEDIA/DSCF0634.JPG,DSCF0634.JPG,6R/105MEDIA,2,Western_Leopard_Toad,0.2998,1835.1,1891.6,2048.4,2196.3
/srv/shared_leopard_toad/2024/28.08.2024/6R/105MEDIA/DSCF0008.JPG,DSCF0008.JPG,6R/105MEDIA,2,Western_Leopard_Toad,0.5557,1992.3,2346.3,2107.2,2447.9
/srv/shared_leopard_toad/2024/28.08.2024/6R/105MEDIA/DSCF0008.JPG,DSCF0008.JPG,6R/105MEDIA,0,Other_Amphibian,0.4275,1992.3,2346.3,2107.2,2447.9
/srv/shared_leopard_toad/2024/28.08.2024/6R/105MEDIA/DSCF0564.JPG,DSCF0564.JPG,6R/105MEDIA,0,Other_Amphibian,0.6089,1672.9,1931.4,1828.1,2100.9
/srv/shared_leopard_toad/2024/28.08.2024/6R/105MEDIA/DSCF0515.JPG,DSCF0515.JPG,6R/105MEDIA,2,Western_Leopard_Toad,0.4185,1681.7,1943.4,1844.0,2088.9
/srv/shared_leopard_toad/2024/28.08.2024/6R/105MEDIA/DSCF0837.JPG,DSCF0837.JPG,6R/105MEDIA,2,Western_Leopard_Toad,0.6421,3941.6,2230.6,4063.9,2378.8
/srv/shared_leopard_toad/2024/28.08.2024/6R/105MEDIA/DSCF0837.JPG,DSCF0837.JPG,6R/105MEDIA,0,Other_Amphibian,0.3574,4267.8,3.8,4394.7,167.7
/srv/shared_leopard_toad/2024/28.08.2024/6R/105MEDIA/DSCF0853.JPG,DSCF0853.JPG,6R/105MEDIA,0,Other_Amphibian,0.2368,4272.2,5.3,4394.8,166.8
/srv/shared_leopard_toad/2024/28.08.2024/6R/105MEDIA/DSCF0661.JPG,DSCF0661.JPG,6R/105MEDIA,2,Western_Leopard_Toad,0.9507,2390.3,1921.2,2802.7,2432.5
/srv/shared_leopard_toad/2024/28.08.2024/6R/105MEDIA/DSCF0858.JPG,DSCF0858.JPG,6R/105MEDIA,2,Western_Leopard_Toad,0.3499,3939.3,2232.2,4061.7,2382.3
/srv/shared_leopard_toad/2024/28.08.2024/6R/105MEDIA/DSCF0858.JPG,DSCF0858.JPG,6R/105MEDIA,0,Other_Amphibian,0.2032,4271.9,6.0,4399.6,168.2
/srv/shared_leopard_toad/2024/28.08.2024/6R/105MEDIA/DSCF0006.JPG,DSCF0006.JPG,6R/105MEDIA,0,Other_Amphibian,0.5967,1992.6,2348.9,2106.9,2447.8
/srv/shared_leopard_toad/2024/28.08.2024/6R/105MEDIA/DSCF0006.JPG,DSCF0006.JPG,6R/105MEDIA,2,Western_Leopard_Toad,0.4912,1992.6,2348.9,2106.9,2447.8
/srv/shared_leopard_toad/2024/28.08.2024/6R/105MEDIA/DSCF0959.JPG,DSCF0959.JPG,6R/105MEDIA,0,Other_Amphibian,0.4832,1731.9,2239.1,1847.9,2355.1
/srv/shared_leopard_toad/2024/28.08.2024/6R/105MEDIA/DSCF0508.JPG,DSCF0508.JPG,6R/105MEDIA,2,Western_Leopard_Toad,0.3608,1683.4,1943.1,1844.6,2089.2
/srv/shared_leopard_toad/2024/28.08.2024/6R/105MEDIA/DSCF0608.JPG,DSCF0608.JPG,6R/105MEDIA,0,Other_Amphibian,0.5063,1740.1,1976.5,1925.2,2162.1
/srv/shared_leopard_toad/2024/28.08.2024/6R/105MEDIA/DSCF0290.JPG,DSCF0290.JPG,6R/105MEDIA,0,Other_Amphibian,0.7520,2486.4,2278.1,2661.6,2417.3
/srv/shared_leopard_toad/2024/28.08.2024/6R/105MEDIA/DSCF0862.JPG,DSCF0862.JPG,6R/105MEDIA,2,Western_Leopard_Toad,0.4128,3938.1,2230.9,4062.9,2383.6
/srv/shared_leopard_toad/2024/28.08.2024/6R/105MEDIA/DSCF0862.JPG,DSCF0862.JPG,6R/105MEDIA,0,Other_Amphibian,0.3748,4275.2,3.3,4405.3,163.7
/srv/shared_leopard_toad/2024/28.08.2024/6R/105MEDIA/DSCF0652.JPG,DSCF0652.JPG,6R/105MEDIA,2,Western_Leopard_Toad,0.3481,1844.6,1889.9,2052.4,2193.0
/srv/shared_leopard_toad/2024/28.08.2024/6R/105MEDIA/DSCF0652.JPG,DSCF0652.JPG,6R/105MEDIA,0,Other_Amphibian,0.2764,1844.6,1889.9,2052.4,2193.0
/srv/shared_leopard_toad/2024/28.08.2024/6R/105MEDIA/DSCF0878.JPG,DSCF0878.JPG,6R/105MEDIA,0,Other_Amphibian,0.5981,1714.7,2240.3,1849.3,2396.9
/srv/shared_leopard_toad/2024/28.08.2024/6R/105MEDIA/DSCF0697.JPG,DSCF0697.JPG,6R/105MEDIA,2,Western_Leopard_Toad,0.4124,1922.1,1911.7,2109.9,2204.1
/srv/shared_leopard_toad/2024/28.08.2024/6R/105MEDIA/DSCF0761.JPG,DSCF0761.JPG,6R/105MEDIA,2,Western_Leopard_Toad,0.3923,3939.5,2229.8,4061.5,2384.7
/srv/shared_leopard_toad/2024/28.08.2024/6R/105MEDIA/DSCF0833.JPG,DSCF0833.JPG,6R/105MEDIA,2,Western_Leopard_Toad,0.5898,3938.0,2230.5,4063.0,2384.0
/srv/shared_leopard_toad/2024/28.08.2024/6R/105MEDIA/DSCF0833.JPG,DSCF0833.JPG,6R/105MEDIA,0,Other_Amphibian,0.2988,4273.1,5.3,4398.4,171.4
/srv/shared_leopard_toad/2024/28.08.2024/6R/105MEDIA/DSCF0945.JPG,DSCF0945.JPG,6R/105MEDIA,0,Other_Amphibian,0.5776,1731.8,2243.1,1850.2,2356.2
/srv/shared_leopard_toad/2024/28.08.2024/6R/105MEDIA/DSCF0945.JPG,DSCF0945.JPG,6R/105MEDIA,2,Western_Leopard_Toad,0.2910,2023.3,2218.5,2199.9,2401.0
/srv/shared_leopard_toad/2024/28.08.2024/6R/105MEDIA/DSCF0653.JPG,DSCF0653.JPG,6R/105MEDIA,2,Western_Leopard_Toad,0.2786,1847.8,1889.4,2053.7,2191.0
/srv/shared_leopard_toad/2024/28.08.2024/6R/105MEDIA/DSCF0838.JPG,DSCF0838.JPG,6R/105MEDIA,2,Western_Leopard_Toad,0.3186,3941.3,2229.5,4064.2,2385.0
/srv/shared_leopard_toad/2024/28.08.2024/6R/105MEDIA/DSCF0729.JPG,DSCF0729.JPG,6R/105MEDIA,2,Western_Leopard_Toad,0.4253,3938.3,2229.9,4062.7,2389.7
/srv/shared_leopard_toad/2024/28.08.2024/6R/105MEDIA/DSCF0288.JPG,DSCF0288.JPG,6R/105MEDIA,0,Other_Amphibian,0.3445,2486.7,2279.1,2656.8,2406.2
/srv/shared_leopard_toad/2024/28.08.2024/6R/105MEDIA/DSCF0288.JPG,DSCF0288.JPG,6R/105MEDIA,2,Western_Leopard_Toad,0.3022,3847.3,1887.2,4041.2,2112.2
/srv/shared_leopard_toad/2024/28.08.2024/6R/105MEDIA/DSCF0848.JPG,DSCF0848.JPG,6R/105MEDIA,0,Other_Amphibian,0.2397,4273.6,6.5,4393.4,168.3
/srv/shared_leopard_toad/2024/28.08.2024/6R/105MEDIA/DSCF0271.JPG,DSCF0271.JPG,6R/105MEDIA,0,Other_Amphibian,0.2145,2350.2,2101.1,2473.8,2204.6
/srv/shared_leopard_toad/2024/28.08.2024/6R/105MEDIA/DSCF0659.JPG,DSCF0659.JPG,6R/105MEDIA,2,Western_Leopard_Toad,0.2532,1846.3,1895.0,2055.2,2193.0
/srv/shared_leopard_toad/2024/28.08.2024/6R/105MEDIA/DSCF0740.JPG,DSCF0740.JPG,6R/105MEDIA,2,Western_Leopard_Toad,0.4731,3939.6,2231.5,4061.4,2385.5
/srv/shared_leopard_toad/2024/28.08.2024/6R/105MEDIA/DSCF0955.JPG,DSCF0955.JPG,6R/105MEDIA,0,Other_Amphibian,0.7446,1732.1,2239.5,1849.9,2354.7
/srv/shared_leopard_toad/2024/28.08.2024/6R/105MEDIA/DSCF0930.JPG,DSCF0930.JPG,6R/105MEDIA,0,Other_Amphibian,0.5312,1732.4,2242.3,1851.8,2357.0
/srv/shared_leopard_toad/2024/28.08.2024/6R/105MEDIA/DSCF0731.JPG,DSCF0731.JPG,6R/105MEDIA,2,Western_Leopard_Toad,0.4192,3939.2,2229.8,4061.8,2384.7
/srv/shared_leopard_toad/2024/28.08.2024/6R/105MEDIA/DSCF0582.JPG,DSCF0582.JPG,6R/105MEDIA,0,Other_Amphibian,0.4077,1694.8,1946.6,1846.7,2113.5
/srv/shared_leopard_toad/2024/28.08.2024/6R/105MEDIA/DSCF0716.JPG,DSCF0716.JPG,6R/105MEDIA,2,Western_Leopard_Toad,0.7344,1923.5,1906.9,2113.0,2219.0
/srv/shared_leopard_toad/2024/28.08.2024/6R/105MEDIA/DSCF0716.JPG,DSCF0716.JPG,6R/105MEDIA,0,Other_Amphibian,0.5806,1923.5,1906.9,2113.0,2219.0
/srv/shared_leopard_toad/2024/28.08.2024/6R/105MEDIA/DSCF0963.JPG,DSCF0963.JPG,6R/105MEDIA,0,Other_Amphibian,0.5947,1731.2,2240.1,1848.6,2354.1
/srv/shared_leopard_toad/2024/28.08.2024/6R/105MEDIA/DSCF0663.JPG,DSCF0663.JPG,6R/105MEDIA,2,Western_Leopard_Toad,0.8345,1841.4,1894.7,2055.6,2193.2
/srv/shared_leopard_toad/2024/28.08.2024/6R/105MEDIA/DSCF0931.JPG,DSCF0931.JPG,6R/105MEDIA,0,Other_Amphibian,0.2874,1733.1,2241.6,1851.2,2357.7
/srv/shared_leopard_toad/2024/28.08.2024/6R/105MEDIA/DSCF0704.JPG,DSCF0704.JPG,6R/105MEDIA,0,Other_Amphibian,0.4067,1921.8,1910.1,2112.5,2213.3
/srv/shared_leopard_toad/2024/28.08.2024/6R/105MEDIA/DSCF0842.JPG,DSCF0842.JPG,6R/105MEDIA,2,Western_Leopard_Toad,0.2849,3939.4,2231.6,4061.6,2387.9
/srv/shared_leopard_toad/2024/28.08.2024/6R/105MEDIA/DSCF0842.JPG,DSCF0842.JPG,6R/105MEDIA,0,Other_Amphibian,0.2024,4279.5,5.1,4401.0,170.9
/srv/shared_leopard_toad/2024/28.08.2024/6R/105MEDIA/DSCF0738.JPG,DSCF0738.JPG,6R/105MEDIA,2,Western_Leopard_Toad,0.2695,1923.3,1909.2,2115.4,2219.3
/srv/shared_leopard_toad/2024/28.08.2024/6R/105MEDIA/DSCF0739.JPG,DSCF0739.JPG,6R/105MEDIA,2,Western_Leopard_Toad,0.2695,3941.1,2231.3,4064.4,2383.1
/srv/shared_leopard_toad/2024/28.08.2024/6R/105MEDIA/DSCF0875.JPG,DSCF0875.JPG,6R/105MEDIA,0,Other_Amphibian,0.8262,1716.6,2242.2,1851.9,2397.6
/srv/shared_leopard_toad/2024/28.08.2024/6R/105MEDIA/DSCF0576.JPG,DSCF0576.JPG,6R/105MEDIA,0,Other_Amphibian,0.4712,1677.4,1933.5,1832.6,2106.4
/srv/shared_leopard_toad/2024/28.08.2024/6R/105MEDIA/DSCF0856.JPG,DSCF0856.JPG,6R/105MEDIA,2,Western_Leopard_Toad,0.3274,3938.4,2231.3,4062.6,2383.1
/srv/shared_leopard_toad/2024/28.08.2024/6R/105MEDIA/DSCF0788.JPG,DSCF0788.JPG,6R/105MEDIA,2,Western_Leopard_Toad,0.2991,3941.4,2232.2,4059.6,2382.3
/srv/shared_leopard_toad/2024/28.08.2024/6R/105MEDIA/DSCF0721.JPG,DSCF0721.JPG,6R/105MEDIA,2,Western_Leopard_Toad,0.3235,3938.2,2230.0,4067.3,2389.5
/srv/shared_leopard_toad/2024/28.08.2024/6R/105MEDIA/DSCF0927.JPG,DSCF0927.JPG,6R/105MEDIA,0,Other_Amphibian,0.2103,1730.1,2241.5,1851.9,2362.8
/srv/shared_leopard_toad/2024/28.08.2024/6R/105MEDIA/DSCF0888.JPG,DSCF0888.JPG,6R/105MEDIA,0,Other_Amphibian,0.4856,1712.9,2213.1,1851.1,2396.3
/srv/shared_leopard_toad/2024/28.08.2024/6R/105MEDIA/DSCF0287.JPG,DSCF0287.JPG,6R/105MEDIA,0,Other_Amphibian,0.5015,2504.2,2279.9,2648.2,2400.4
/srv/shared_leopard_toad/2024/28.08.2024/6R/105MEDIA/DSCF0287.JPG,DSCF0287.JPG,6R/105MEDIA,0,Other_Amphibian,0.2395,2504.1,2279.0,2648.4,2398.8
/srv/shared_leopard_toad/2024/28.08.2024/6R/105MEDIA/DSCF0567.JPG,DSCF0567.JPG,6R/105MEDIA,0,Other_Amphibian,0.4741,1675.8,1933.6,1832.0,2101.2
/srv/shared_leopard_toad/2024/28.08.2024/6R/105MEDIA/DSCF0872.JPG,DSCF0872.JPG,6R/105MEDIA,0,Other_Amphibian,0.2063,1722.3,2239.2,1850.7,2400.5
/srv/shared_leopard_toad/2024/28.08.2024/6R/105MEDIA/DSCF0768.JPG,DSCF0768.JPG,6R/105MEDIA,2,Western_Leopard_Toad,0.4468,3941.1,2230.8,4059.9,2383.7
/srv/shared_leopard_toad/2024/28.08.2024/6R/105MEDIA/DSCF0877.JPG,DSCF0877.JPG,6R/105MEDIA,0,Other_Amphibian,0.6943,1715.2,2242.2,1848.8,2397.6
/srv/shared_leopard_toad/2024/28.08.2024/6R/105MEDIA/DSCF0655.JPG,DSCF0655.JPG,6R/105MEDIA,2,Western_Leopard_Toad,0.7925,1844.4,1894.7,2052.6,2190.7
/srv/shared_leopard_toad/2024/28.08.2024/6R/105MEDIA/DSCF0965.JPG,DSCF0965.JPG,6R/105MEDIA,0,Other_Amphibian,0.5229,1731.0,2239.6,1846.5,2354.6
/srv/shared_leopard_toad/2024/28.08.2024/6R/105MEDIA/DSCF0750.JPG,DSCF0750.JPG,6R/105MEDIA,2,Western_Leopard_Toad,0.3757,3942.5,2229.6,4063.0,2387.4
/srv/shared_leopard_toad/2024/28.08.2024/6R/105MEDIA/DSCF0753.JPG,DSCF0753.JPG,6R/105MEDIA,2,Western_Leopard_Toad,0.5830,3942.7,2230.1,4062.8,2384.4
/srv/shared_leopard_toad/2024/28.08.2024/6R/105MEDIA/DSCF0823.JPG,DSCF0823.JPG,6R/105MEDIA,2,Western_Leopard_Toad,0.2556,3940.3,2230.6,4060.7,2386.4
/srv/shared_leopard_toad/2024/28.08.2024/6R/105MEDIA/DSCF0577.JPG,DSCF0577.JPG,6R/105MEDIA,0,Other_Amphibian,0.5459,1677.7,1933.0,1832.3,2106.9
/srv/shared_leopard_toad/2024/28.08.2024/6R/105MEDIA/DSCF0666.JPG,DSCF0666.JPG,6R/105MEDIA,2,Western_Leopard_Toad,0.7920,1877.3,2023.5,2046.7,2203.7
/srv/shared_leopard_toad/2024/28.08.2024/6R/105MEDIA/DSCF0635.JPG,DSCF0635.JPG,6R/105MEDIA,2,Western_Leopard_Toad,0.4097,1838.5,1891.6,2049.5,2196.3
/srv/shared_leopard_toad/2024/28.08.2024/6R/105MEDIA/DSCF0820.JPG,DSCF0820.JPG,6R/105MEDIA,0,Other_Amphibian,0.3975,4265.6,4.6,4387.9,165.0
/srv/shared_leopard_toad/2024/28.08.2024/6R/105MEDIA/DSCF0782.JPG,DSCF0782.JPG,6R/105MEDIA,2,Western_Leopard_Toad,0.2620,3942.3,2229.4,4058.7,2385.1
/srv/shared_leopard_toad/2024/28.08.2024/6R/105MEDIA/DSCF0074.JPG,DSCF0074.JPG,6R/105MEDIA,2,Western_Leopard_Toad,0.2546,2831.3,2378.7,2964.7,2453.4
/srv/shared_leopard_toad/2024/28.08.2024/6R/105MEDIA/DSCF0503.JPG,DSCF0503.JPG,6R/105MEDIA,2,Western_Leopard_Toad,0.3457,1686.7,1944.5,1850.3,2087.8
/srv/shared_leopard_toad/2024/28.08.2024/6R/105MEDIA/DSCF0885.JPG,DSCF0885.JPG,6R/105MEDIA,0,Other_Amphibian,0.3635,1715.3,2233.9,1848.7,2395.7
/srv/shared_leopard_toad/2024/28.08.2024/6R/105MEDIA/DSCF0622.JPG,DSCF0622.JPG,6R/105MEDIA,0,Other_Amphibian,0.2673,1753.7,1973.7,1936.3,2154.7
/srv/shared_leopard_toad/2024/28.08.2024/6R/105MEDIA/DSCF0937.JPG,DSCF0937.JPG,6R/105MEDIA,2,Western_Leopard_Toad,0.4395,2024.8,2220.2,2200.7,2401.8
/srv/shared_leopard_toad/2024/28.08.2024/6R/105MEDIA/DSCF0937.JPG,DSCF0937.JPG,6R/105MEDIA,0,Other_Amphibian,0.2961,1732.4,2242.6,1849.6,2356.7
/srv/shared_leopard_toad/2024/28.08.2024/6R/105MEDIA/DSCF0790.JPG,DSCF0790.JPG,6R/105MEDIA,2,Western_Leopard_Toad,0.3506,3940.6,2230.7,4060.4,2388.8
/srv/shared_leopard_toad/2024/28.08.2024/6R/105MEDIA/DSCF0805.JPG,DSCF0805.JPG,6R/105MEDIA,2,Western_Leopard_Toad,0.3298,3941.1,2233.3,4059.9,2381.2
/srv/shared_leopard_toad/2024/28.08.2024/6R/105MEDIA/DSCF0962.JPG,DSCF0962.JPG,6R/105MEDIA,0,Other_Amphibian,0.4998,1733.2,2239.8,1848.8,2354.4
/srv/shared_leopard_toad/2024/28.08.2024/6R/105MEDIA/DSCF0874.JPG,DSCF0874.JPG,6R/105MEDIA,0,Other_Amphibian,0.4539,1715.7,2238.3,1852.8,2396.4
/srv/shared_leopard_toad/2024/28.08.2024/6R/105MEDIA/DSCF0660.JPG,DSCF0660.JPG,6R/105MEDIA,2,Western_Leopard_Toad,0.5503,1843.0,1894.2,2054.0,2193.7
/srv/shared_leopard_toad/2024/28.08.2024/6R/105MEDIA/DSCF0130.JPG,DSCF0130.JPG,6R/105MEDIA,0,Other_Amphibian,0.2620,152.4,1795.2,242.2,1908.0
/srv/shared_leopard_toad/2024/28.08.2024/6R/105MEDIA/DSCF0966.JPG,DSCF0966.JPG,6R/105MEDIA,0,Other_Amphibian,0.6504,1729.9,2239.5,1847.6,2354.7
/srv/shared_leopard_toad/2024/28.08.2024/6R/105MEDIA/DSCF0632.JPG,DSCF0632.JPG,6R/105MEDIA,2,Western_Leopard_Toad,0.3787,1836.6,1889.0,2051.4,2196.4
/srv/shared_leopard_toad/2024/28.08.2024/6R/105MEDIA/DSCF0516.JPG,DSCF0516.JPG,6R/105MEDIA,2,Western_Leopard_Toad,0.2825,1682.7,1942.9,1845.3,2089.4
/srv/shared_leopard_toad/2024/28.08.2024/6R/105MEDIA/DSCF0525.JPG,DSCF0525.JPG,6R/105MEDIA,2,Western_Leopard_Toad,0.2542,1679.1,1940.5,1842.2,2089.2
/srv/shared_leopard_toad/2024/28.08.2024/6R/105MEDIA/DSCF0525.JPG,DSCF0525.JPG,6R/105MEDIA,0,Other_Amphibian,0.2294,1679.1,1940.5,1842.2,2089.2
/srv/shared_leopard_toad/2024/28.08.2024/6R/105MEDIA/DSCF0798.JPG,DSCF0798.JPG,6R/105MEDIA,2,Western_Leopard_Toad,0.5498,3941.2,2232.4,4059.8,2387.1
/srv/shared_leopard_toad/2024/28.08.2024/6R/105MEDIA/DSCF0757.JPG,DSCF0757.JPG,6R/105MEDIA,2,Western_Leopard_Toad,0.3169,3938.5,2232.2,4062.5,2387.4
/srv/shared_leopard_toad/2024/28.08.2024/6R/105MEDIA/DSCF0904.JPG,DSCF0904.JPG,6R/105MEDIA,0,Other_Amphibian,0.3420,2323.8,2075.1,2486.7,2202.7
/srv/shared_leopard_toad/2024/28.08.2024/6R/105MEDIA/DSCF0904.JPG,DSCF0904.JPG,6R/105MEDIA,0,Other_Amphibian,0.2502,1723.5,2234.0,1849.5,2398.2
/srv/shared_leopard_toad/2024/28.08.2024/6R/105MEDIA/DSCF0816.JPG,DSCF0816.JPG,6R/105MEDIA,0,Other_Amphibian,0.3425,4272.8,4.5,4394.2,169.7
/srv/shared_leopard_toad/2024/28.08.2024/6R/105MEDIA/DSCF0794.JPG,DSCF0794.JPG,6R/105MEDIA,2,Western_Leopard_Toad,0.6382,3941.8,2229.9,4063.7,2387.1
/srv/shared_leopard_toad/2024/28.08.2024/6R/105MEDIA/DSCF0940.JPG,DSCF0940.JPG,6R/105MEDIA,2,Western_Leopard_Toad,0.4712,2024.0,2219.9,2206.0,2402.2
/srv/shared_leopard_toad/2024/28.08.2024/6R/105MEDIA/DSCF0940.JPG,DSCF0940.JPG,6R/105MEDIA,0,Other_Amphibian,0.3547,1731.4,2239.3,1850.6,2354.9
/srv/shared_leopard_toad/2024/28.08.2024/6R/105MEDIA/DSCF0778.JPG,DSCF0778.JPG,6R/105MEDIA,2,Western_Leopard_Toad,0.6880,3942.5,2228.6,4063.0,2383.3
/srv/shared_leopard_toad/2024/28.08.2024/6R/105MEDIA/DSCF0883.JPG,DSCF0883.JPG,6R/105MEDIA,0,Other_Amphibian,0.3357,1717.3,2237.3,1851.2,2397.4
/srv/shared_leopard_toad/2024/28.08.2024/6R/105MEDIA/DSCF0791.JPG,DSCF0791.JPG,6R/105MEDIA,2,Western_Leopard_Toad,0.8325,3941.7,2230.2,4063.8,2384.2
/srv/shared_leopard_toad/2024/28.08.2024/6R/105MEDIA/DSCF0826.JPG,DSCF0826.JPG,6R/105MEDIA,0,Other_Amphibian,0.4756,4274.0,5.6,4397.5,170.8
/srv/shared_leopard_toad/2024/28.08.2024/6R/105MEDIA/DSCF0826.JPG,DSCF0826.JPG,6R/105MEDIA,2,Western_Leopard_Toad,0.2910,3939.6,2231.5,4061.4,2388.1
/srv/shared_leopard_toad/2024/28.08.2024/6R/105MEDIA/DSCF0811.JPG,DSCF0811.JPG,6R/105MEDIA,2,Western_Leopard_Toad,0.7285,3941.3,2231.5,4064.2,2380.5
/srv/shared_leopard_toad/2024/28.08.2024/6R/105MEDIA/DSCF0811.JPG,DSCF0811.JPG,6R/105MEDIA,0,Other_Amphibian,0.2661,4278.0,7.3,4398.0,170.9
/srv/shared_leopard_toad/2024/28.08.2024/6R/105MEDIA/DSCF0625.JPG,DSCF0625.JPG,6R/105MEDIA,2,Western_Leopard_Toad,0.5776,3338.4,1560.8,3515.1,1826.0
/srv/shared_leopard_toad/2024/28.08.2024/6R/105MEDIA/DSCF0625.JPG,DSCF0625.JPG,6R/105MEDIA,2,Western_Leopard_Toad,0.4902,3343.3,1560.1,3514.7,1826.7
/srv/shared_leopard_toad/2024/28.08.2024/6R/105MEDIA/DSCF0727.JPG,DSCF0727.JPG,6R/105MEDIA,2,Western_Leopard_Toad,0.2576,1924.9,1909.7,2125.1,2221.3
/srv/shared_leopard_toad/2024/28.08.2024/6R/105MEDIA/DSCF0840.JPG,DSCF0840.JPG,6R/105MEDIA,2,Western_Leopard_Toad,0.3345,3942.9,2231.3,4062.6,2388.2
/srv/shared_leopard_toad/2024/28.08.2024/6R/105MEDIA/DSCF0964.JPG,DSCF0964.JPG,6R/105MEDIA,0,Other_Amphibian,0.5957,1730.0,2239.7,1847.5,2354.5
/srv/shared_leopard_toad/2024/28.08.2024/6R/105MEDIA/DSCF0967.JPG,DSCF0967.JPG,6R/105MEDIA,0,Other_Amphibian,0.5303,1731.9,2239.8,1847.9,2354.4
/srv/shared_leopard_toad/2024/28.08.2024/6R/105MEDIA/DSCF0760.JPG,DSCF0760.JPG,6R/105MEDIA,2,Western_Leopard_Toad,0.4910,3941.9,2231.8,4059.1,2382.7
/srv/shared_leopard_toad/2024/28.08.2024/6R/105MEDIA/DSCF0903.JPG,DSCF0903.JPG,6R/105MEDIA,0,Other_Amphibian,0.4146,2323.8,2076.5,2486.7,2203.8
/srv/shared_leopard_toad/2024/28.08.2024/6R/105MEDIA/DSCF0903.JPG,DSCF0903.JPG,6R/105MEDIA,0,Other_Amphibian,0.4106,1724.4,2237.2,1850.8,2397.6
/srv/shared_leopard_toad/2024/28.08.2024/6R/105MEDIA/DSCF0724.JPG,DSCF0724.JPG,6R/105MEDIA,2,Western_Leopard_Toad,0.4312,3936.6,2229.5,4064.4,2387.5
/srv/shared_leopard_toad/2024/28.08.2024/6R/105MEDIA/DSCF0619.JPG,DSCF0619.JPG,6R/105MEDIA,0,Other_Amphibian,0.5132,1735.0,1971.5,1919.0,2159.5
/srv/shared_leopard_toad/2024/28.08.2024/6R/105MEDIA/DSCF0741.JPG,DSCF0741.JPG,6R/105MEDIA,2,Western_Leopard_Toad,0.2773,3939.2,2231.2,4061.8,2388.4
/srv/shared_leopard_toad/2024/28.08.2024/6R/105MEDIA/DSCF0913.JPG,DSCF0913.JPG,6R/105MEDIA,0,Other_Amphibian,0.2339,1723.2,2236.4,1849.8,2398.3
/srv/shared_leopard_toad/2024/28.08.2024/6R/105MEDIA/DSCF0947.JPG,DSCF0947.JPG,6R/105MEDIA,2,Western_Leopard_Toad,0.4329,2024.9,2215.4,2205.1,2401.6
/srv/shared_leopard_toad/2024/28.08.2024/6R/105MEDIA/DSCF0947.JPG,DSCF0947.JPG,6R/105MEDIA,0,Other_Amphibian,0.2086,1732.1,2240.8,1849.9,2353.4
/srv/shared_leopard_toad/2024/28.08.2024/6R/105MEDIA/DSCF0772.JPG,DSCF0772.JPG,6R/105MEDIA,2,Western_Leopard_Toad,0.2734,3939.8,2230.2,4061.2,2384.2
/srv/shared_leopard_toad/2024/28.08.2024/6R/105MEDIA/DSCF0844.JPG,DSCF0844.JPG,6R/105MEDIA,2,Western_Leopard_Toad,0.2791,3939.6,2230.9,4061.4,2383.6
/srv/shared_leopard_toad/2024/28.08.2024/6R/105MEDIA/DSCF0844.JPG,DSCF0844.JPG,6R/105MEDIA,0,Other_Amphibian,0.2737,4271.4,5.8,4400.1,170.3
/srv/shared_leopard_toad/2024/28.08.2024/6R/105MEDIA/DSCF0824.JPG,DSCF0824.JPG,6R/105MEDIA,2,Western_Leopard_Toad,0.5181,3940.1,2233.3,4060.9,2388.7
/srv/shared_leopard_toad/2024/28.08.2024/6R/105MEDIA/DSCF0133.JPG,DSCF0133.JPG,6R/105MEDIA,0,Other_Amphibian,0.2285,153.1,1791.8,238.4,1908.9
/srv/shared_leopard_toad/2024/28.08.2024/6R/105MEDIA/DSCF0886.JPG,DSCF0886.JPG,6R/105MEDIA,0,Other_Amphibian,0.6250,1719.4,2233.1,1853.6,2396.5
/srv/shared_leopard_toad/2024/28.08.2024/6R/105MEDIA/DSCF0773.JPG,DSCF0773.JPG,6R/105MEDIA,2,Western_Leopard_Toad,0.3425,3942.6,2231.6,4062.9,2380.3
/srv/shared_leopard_toad/2024/28.08.2024/6R/105MEDIA/DSCF0849.JPG,DSCF0849.JPG,6R/105MEDIA,0,Other_Amphibian,0.5112,4279.2,5.6,4405.8,171.1
/srv/shared_leopard_toad/2024/28.08.2024/6R/105MEDIA/DSCF0916.JPG,DSCF0916.JPG,6R/105MEDIA,0,Other_Amphibian,0.5728,1723.1,2237.6,1852.2,2397.1
/srv/shared_leopard_toad/2024/28.08.2024/6R/105MEDIA/DSCF0633.JPG,DSCF0633.JPG,6R/105MEDIA,2,Western_Leopard_Toad,0.2749,1838.7,1889.6,2049.3,2195.9
/srv/shared_leopard_toad/2024/28.08.2024/6R/105MEDIA/DSCF0626.JPG,DSCF0626.JPG,6R/105MEDIA,2,Western_Leopard_Toad,0.5938,3340.6,1556.8,3512.9,1830.0
/srv/shared_leopard_toad/2024/28.08.2024/6R/105MEDIA/DSCF0626.JPG,DSCF0626.JPG,6R/105MEDIA,2,Western_Leopard_Toad,0.2751,3337.2,1556.0,3511.8,1828.3
/srv/shared_leopard_toad/2024/28.08.2024/6R/105MEDIA/DSCF0839.JPG,DSCF0839.JPG,6R/105MEDIA,0,Other_Amphibian,0.3474,4280.1,4.1,4395.9,169.0
/srv/shared_leopard_toad/2024/28.08.2024/6R/105MEDIA/DSCF0839.JPG,DSCF0839.JPG,6R/105MEDIA,2,Western_Leopard_Toad,0.3081,3941.8,2229.5,4063.7,2387.5
/srv/shared_leopard_toad/2024/28.08.2024/6R/105MEDIA/DSCF0918.JPG,DSCF0918.JPG,6R/105MEDIA,0,Other_Amphibian,0.7866,1720.9,2237.3,1852.1,2394.8
/srv/shared_leopard_toad/2024/28.08.2024/6R/105MEDIA/DSCF0714.JPG,DSCF0714.JPG,6R/105MEDIA,0,Other_Amphibian,0.7012,1923.5,1907.1,2115.3,2218.8
/srv/shared_leopard_toad/2024/28.08.2024/6R/105MEDIA/DSCF0714.JPG,DSCF0714.JPG,6R/105MEDIA,2,Western_Leopard_Toad,0.4412,1923.5,1907.1,2115.3,2218.8
/srv/shared_leopard_toad/2024/28.08.2024/6R/105MEDIA/DSCF0801.JPG,DSCF0801.JPG,6R/105MEDIA,2,Western_Leopard_Toad,0.4216,3938.7,2230.8,4062.3,2386.2
/srv/shared_leopard_toad/2024/28.08.2024/6R/105MEDIA/DSCF0705.JPG,DSCF0705.JPG,6R/105MEDIA,0,Other_Amphibian,0.2898,1921.4,1908.3,2112.8,2212.5
/srv/shared_leopard_toad/2024/28.08.2024/6R/105MEDIA/DSCF0813.JPG,DSCF0813.JPG,6R/105MEDIA,2,Western_Leopard_Toad,0.7471,3941.6,2231.3,4063.9,2388.2
/srv/shared_leopard_toad/2024/28.08.2024/6R/105MEDIA/DSCF0876.JPG,DSCF0876.JPG,6R/105MEDIA,0,Other_Amphibian,0.7559,1715.2,2242.9,1848.8,2396.9
/srv/shared_leopard_toad/2024/28.08.2024/6R/105MEDIA/DSCF0901.JPG,DSCF0901.JPG,6R/105MEDIA,0,Other_Amphibian,0.2676,2324.2,2076.7,2486.2,2203.6
/srv/shared_leopard_toad/2024/28.08.2024/6R/105MEDIA/DSCF0747.JPG,DSCF0747.JPG,6R/105MEDIA,2,Western_Leopard_Toad,0.3672,1924.0,1905.6,2126.0,2235.6
/srv/shared_leopard_toad/2024/28.08.2024/6R/105MEDIA/DSCF0610.JPG,DSCF0610.JPG,6R/105MEDIA,0,Other_Amphibian,0.2742,1735.7,1971.9,1918.3,2156.5
/srv/shared_leopard_toad/2024/28.08.2024/6R/105MEDIA/DSCF0708.JPG,DSCF0708.JPG,6R/105MEDIA,0,Other_Amphibian,0.6338,1920.1,1907.9,2109.7,2218.1
/srv/shared_leopard_toad/2024/28.08.2024/6R/105MEDIA/DSCF0846.JPG,DSCF0846.JPG,6R/105MEDIA,0,Other_Amphibian,0.2695,4275.5,6.6,4400.5,168.5
/srv/shared_leopard_toad/2024/28.08.2024/6R/105MEDIA/DSCF0961.JPG,DSCF0961.JPG,6R/105MEDIA,0,Other_Amphibian,0.6143,1729.9,2239.7,1847.6,2354.5
/srv/shared_leopard_toad/2024/28.08.2024/6R/105MEDIA/DSCF0825.JPG,DSCF0825.JPG,6R/105MEDIA,2,Western_Leopard_Toad,0.2930,3940.5,2231.1,4060.5,2385.9
/srv/shared_leopard_toad/2024/28.08.2024/6R/105MEDIA/DSCF0825.JPG,DSCF0825.JPG,6R/105MEDIA,0,Other_Amphibian,0.2263,4277.0,7.2,4390.0,167.3
/srv/shared_leopard_toad/2024/28.08.2024/6R/105MEDIA/DSCF0915.JPG,DSCF0915.JPG,6R/105MEDIA,0,Other_Amphibian,0.2410,1725.4,2236.6,1852.1,2395.6
/srv/shared_leopard_toad/2024/28.08.2024/6R/105MEDIA/DSCF0618.JPG,DSCF0618.JPG,6R/105MEDIA,0,Other_Amphibian,0.2778,1737.8,1971.0,1916.2,2157.5
/srv/shared_leopard_toad/2024/28.08.2024/6R/105MEDIA/DSCF0111.JPG,DSCF0111.JPG,6R/105MEDIA,2,Western_Leopard_Toad,0.9644,2157.2,1380.2,2585.8,1966.1
/srv/shared_leopard_toad/2024/28.08.2024/6R/105MEDIA/DSCF0828.JPG,DSCF0828.JPG,6R/105MEDIA,2,Western_Leopard_Toad,0.4263,3939.4,2229.8,4061.6,2387.2
/srv/shared_leopard_toad/2024/28.08.2024/6R/105MEDIA/DSCF0695.JPG,DSCF0695.JPG,6R/105MEDIA,2,Western_Leopard_Toad,0.6118,1919.1,1914.0,2108.4,2209.4
/srv/shared_leopard_toad/2024/28.08.2024/6R/105MEDIA/DSCF0695.JPG,DSCF0695.JPG,6R/105MEDIA,0,Other_Amphibian,0.4626,1919.1,1914.0,2108.4,2209.4
/srv/shared_leopard_toad/2024/28.08.2024/6R/105MEDIA/DSCF0764.JPG,DSCF0764.JPG,6R/105MEDIA,2,Western_Leopard_Toad,0.2808,3940.7,2231.3,4060.3,2383.1
/srv/shared_leopard_toad/2024/28.08.2024/6R/105MEDIA/DSCF0953.JPG,DSCF0953.JPG,6R/105MEDIA,0,Other_Amphibian,0.6353,1731.3,2240.7,1848.4,2358.5
/srv/shared_leopard_toad/2024/28.08.2024/6R/105MEDIA/DSCF0657.JPG,DSCF0657.JPG,6R/105MEDIA,2,Western_Leopard_Toad,0.5894,1847.4,1894.7,2054.1,2190.7
/srv/shared_leopard_toad/2024/28.08.2024/6R/105MEDIA/DSCF0657.JPG,DSCF0657.JPG,6R/105MEDIA,0,Other_Amphibian,0.2383,1847.4,1894.7,2054.1,2190.7
/srv/shared_leopard_toad/2024/28.08.2024/6R/105MEDIA/DSCF0711.JPG,DSCF0711.JPG,6R/105MEDIA,2,Western_Leopard_Toad,0.6108,1923.5,1903.5,2115.3,2214.8
/srv/shared_leopard_toad/2024/28.08.2024/6R/105MEDIA/DSCF0711.JPG,DSCF0711.JPG,6R/105MEDIA,0,Other_Amphibian,0.3740,1923.5,1903.5,2115.3,2214.8
/srv/shared_leopard_toad/2024/28.08.2024/6R/105MEDIA/DSCF0563.JPG,DSCF0563.JPG,6R/105MEDIA,0,Other_Amphibian,0.7974,1673.2,1929.4,1827.8,2100.4
/srv/shared_leopard_toad/2024/28.08.2024/6R/105MEDIA/DSCF0563.JPG,DSCF0563.JPG,6R/105MEDIA,2,Western_Leopard_Toad,0.3137,1673.2,1929.4,1827.8,2100.4
/srv/shared_leopard_toad/2024/28.08.2024/6R/105MEDIA/DSCF0710.JPG,DSCF0710.JPG,6R/105MEDIA,0,Other_Amphibian,0.5967,1924.6,1906.0,2114.2,2220.0
/srv/shared_leopard_toad/2024/28.08.2024/6R/105MEDIA/DSCF0022.JPG,DSCF0022.JPG,6R/105MEDIA,2,Western_Leopard_Toad,0.2561,2010.2,2367.3,2129.8,2452.2
/srv/shared_leopard_toad/2024/28.08.2024/6R/105MEDIA/DSCF0011.JPG,DSCF0011.JPG,6R/105MEDIA,2,Western_Leopard_Toad,0.4709,2011.3,2349.9,2133.2,2449.3
/srv/shared_leopard_toad/2024/28.08.2024/6R/105MEDIA/DSCF0570.JPG,DSCF0570.JPG,6R/105MEDIA,0,Other_Amphibian,0.7554,1674.2,1933.5,1831.3,2101.3
/srv/shared_leopard_toad/2024/28.08.2024/6R/105MEDIA/DSCF0999.JPG,DSCF0999.JPG,6R/105MEDIA,0,Other_Amphibian,0.4028,1728.4,2235.4,1844.6,2353.8
/srv/shared_leopard_toad/2024/28.08.2024/6R/105MEDIA/DSCF0289.JPG,DSCF0289.JPG,6R/105MEDIA,0,Other_Amphibian,0.7124,2478.1,2281.5,2656.4,2411.5
/srv/shared_leopard_toad/2024/28.08.2024/6R/105MEDIA/DSCF0718.JPG,DSCF0718.JPG,6R/105MEDIA,0,Other_Amphibian,0.5405,1925.7,1906.7,2110.8,2216.7
/srv/shared_leopard_toad/2024/28.08.2024/6R/105MEDIA/DSCF0718.JPG,DSCF0718.JPG,6R/105MEDIA,2,Western_Leopard_Toad,0.3289,1925.7,1906.7,2110.8,2216.7
/srv/shared_leopard_toad/2024/28.08.2024/6R/105MEDIA/DSCF0857.JPG,DSCF0857.JPG,6R/105MEDIA,2,Western_Leopard_Toad,0.3813,3940.0,2231.1,4061.0,2385.9
/srv/shared_leopard_toad/2024/28.08.2024/6R/105MEDIA/DSCF0857.JPG,DSCF0857.JPG,6R/105MEDIA,0,Other_Amphibian,0.2690,4274.0,5.8,4397.5,161.9
/srv/shared_leopard_toad/2024/28.08.2024/6R/105MEDIA/DSCF0703.JPG,DSCF0703.JPG,6R/105MEDIA,0,Other_Amphibian,0.6367,1920.4,1908.9,2111.6,2206.9
/srv/shared_leopard_toad/2024/28.08.2024/6R/105MEDIA/DSCF0703.JPG,DSCF0703.JPG,6R/105MEDIA,2,Western_Leopard_Toad,0.2534,1920.4,1908.9,2111.6,2206.9
/srv/shared_leopard_toad/2024/28.08.2024/6R/105MEDIA/DSCF0881.JPG,DSCF0881.JPG,6R/105MEDIA,0,Other_Amphibian,0.6562,1717.6,2238.1,1850.9,2396.7
/srv/shared_leopard_toad/2024/28.08.2024/6R/105MEDIA/DSCF0571.JPG,DSCF0571.JPG,6R/105MEDIA,0,Other_Amphibian,0.8350,1674.0,1932.4,1831.5,2099.9
/srv/shared_leopard_toad/2024/28.08.2024/6R/105MEDIA/DSCF0958.JPG,DSCF0958.JPG,6R/105MEDIA,0,Other_Amphibian,0.3726,1729.6,2239.4,1847.9,2354.8
/srv/shared_leopard_toad/2024/28.08.2024/6R/105MEDIA/DSCF0958.JPG,DSCF0958.JPG,6R/105MEDIA,2,Western_Leopard_Toad,0.2500,2024.0,2215.6,2206.0,2398.8
/srv/shared_leopard_toad/2024/28.08.2024/6R/105MEDIA/DSCF0929.JPG,DSCF0929.JPG,6R/105MEDIA,0,Other_Amphibian,0.3379,1731.2,2240.7,1850.8,2358.5
/srv/shared_leopard_toad/2024/28.08.2024/6R/105MEDIA/DSCF0972.JPG,DSCF0972.JPG,6R/105MEDIA,0,Other_Amphibian,0.3591,1730.8,2242.2,1846.7,2357.1
/srv/shared_leopard_toad/2024/28.08.2024/6R/105MEDIA/DSCF0972.JPG,DSCF0972.JPG,6R/105MEDIA,2,Western_Leopard_Toad,0.2783,2023.7,2216.1,2210.8,2398.4
/srv/shared_leopard_toad/2024/28.08.2024/6R/105MEDIA/DSCF0043.JPG,DSCF0043.JPG,6R/105MEDIA,2,Western_Leopard_Toad,0.2703,2836.3,2378.4,2964.2,2453.8
/srv/shared_leopard_toad/2024/28.08.2024/6R/105MEDIA/DSCF0654.JPG,DSCF0654.JPG,6R/105MEDIA,2,Western_Leopard_Toad,0.6548,1843.6,1892.0,2053.4,2193.5
/srv/shared_leopard_toad/2024/28.08.2024/6R/105MEDIA/DSCF0654.JPG,DSCF0654.JPG,6R/105MEDIA,0,Other_Amphibian,0.3479,1843.6,1892.0,2053.4,2193.5
/srv/shared_leopard_toad/2024/28.08.2024/6R/105MEDIA/DSCF0887.JPG,DSCF0887.JPG,6R/105MEDIA,0,Other_Amphibian,0.5508,1716.9,2235.4,1851.6,2396.7
/srv/shared_leopard_toad/2024/28.08.2024/6R/105MEDIA/DSCF0971.JPG,DSCF0971.JPG,6R/105MEDIA,0,Other_Amphibian,0.2732,1729.5,2238.5,1845.7,2355.7
/srv/shared_leopard_toad/2024/28.08.2024/6R/105MEDIA/DSCF0971.JPG,DSCF0971.JPG,6R/105MEDIA,2,Western_Leopard_Toad,0.2529,2024.0,2218.6,2206.0,2398.4
/srv/shared_leopard_toad/2024/28.08.2024/6R/105MEDIA/DSCF0954.JPG,DSCF0954.JPG,6R/105MEDIA,0,Other_Amphibian,0.6636,1732.6,2239.4,1849.4,2354.8
/srv/shared_leopard_toad/2024/28.08.2024/6R/105MEDIA/DSCF0787.JPG,DSCF0787.JPG,6R/105MEDIA,2,Western_Leopard_Toad,0.4514,3944.5,2231.2,4061.0,2385.8
/srv/shared_leopard_toad/2024/28.08.2024/6R/105MEDIA/DSCF0756.JPG,DSCF0756.JPG,6R/105MEDIA,2,Western_Leopard_Toad,0.3179,3941.4,2229.9,4059.6,2384.6
/srv/shared_leopard_toad/2024/28.08.2024/6R/105MEDIA/DSCF0199.JPG,DSCF0199.JPG,6R/105MEDIA,0,Other_Amphibian,0.2429,3440.7,1642.9,3651.3,1860.3
/srv/shared_leopard_toad/2024/28.08.2024/6R/105MEDIA/DSCF0517.JPG,DSCF0517.JPG,6R/105MEDIA,2,Western_Leopard_Toad,0.2808,1682.1,1941.7,1845.9,2088.0
/srv/shared_leopard_toad/2024/28.08.2024/6R/105MEDIA/DSCF0614.JPG,DSCF0614.JPG,6R/105MEDIA,0,Other_Amphibian,0.2817,1733.7,1973.0,1911.3,2152.9
/srv/shared_leopard_toad/2024/28.08.2024/6R/105MEDIA/DSCF0715.JPG,DSCF0715.JPG,6R/105MEDIA,0,Other_Amphibian,0.4636,1925.1,1907.0,2113.7,2219.0
/srv/shared_leopard_toad/2024/28.08.2024/6R/105MEDIA/DSCF0715.JPG,DSCF0715.JPG,6R/105MEDIA,2,Western_Leopard_Toad,0.4360,1925.1,1907.0,2113.7,2219.0
/srv/shared_leopard_toad/2024/28.08.2024/6R/105MEDIA/DSCF0810.JPG,DSCF0810.JPG,6R/105MEDIA,0,Other_Amphibian,0.5806,4274.8,5.9,4401.2,172.3
/srv/shared_leopard_toad/2024/28.08.2024/6R/105MEDIA/DSCF0810.JPG,DSCF0810.JPG,6R/105MEDIA,2,Western_Leopard_Toad,0.3225,3942.6,2230.1,4062.9,2392.0
/srv/shared_leopard_toad/2024/28.08.2024/6R/105MEDIA/DSCF0976.JPG,DSCF0976.JPG,6R/105MEDIA,0,Other_Amphibian,0.2607,1730.6,2239.8,1846.9,2354.4
/srv/shared_leopard_toad/2024/28.08.2024/6R/105MEDIA/DSCF0814.JPG,DSCF0814.JPG,6R/105MEDIA,2,Western_Leopard_Toad,0.2688,3938.5,2231.1,4062.5,2385.9
/srv/shared_leopard_toad/2024/28.08.2024/6R/105MEDIA/DSCF0814.JPG,DSCF0814.JPG,6R/105MEDIA,0,Other_Amphibian,0.2242,4271.0,4.4,4396.0,169.5
/srv/shared_leopard_toad/2024/28.08.2024/6R/105MEDIA/DSCF0698.JPG,DSCF0698.JPG,6R/105MEDIA,2,Western_Leopard_Toad,0.4150,1923.9,1909.0,2110.4,2204.3
/srv/shared_leopard_toad/2024/28.08.2024/6R/105MEDIA/DSCF0698.JPG,DSCF0698.JPG,6R/105MEDIA,0,Other_Amphibian,0.2859,1923.9,1909.0,2110.4,2204.3
/srv/shared_leopard_toad/2024/28.08.2024/6R/105MEDIA/DSCF0749.JPG,DSCF0749.JPG,6R/105MEDIA,2,Western_Leopard_Toad,0.5117,3941.2,2229.8,4059.8,2382.1
/srv/shared_leopard_toad/2024/28.08.2024/6R/105MEDIA/DSCF0546.JPG,DSCF0546.JPG,6R/105MEDIA,0,Other_Amphibian,0.2761,1677.1,1939.1,1839.7,2088.1
/srv/shared_leopard_toad/2024/28.08.2024/6R/105MEDIA/DSCF0743.JPG,DSCF0743.JPG,6R/105MEDIA,2,Western_Leopard_Toad,0.4287,3941.1,2229.6,4064.4,2384.8
/srv/shared_leopard_toad/2024/28.08.2024/6R/105MEDIA/DSCF0969.JPG,DSCF0969.JPG,6R/105MEDIA,0,Other_Amphibian,0.6782,1729.7,2239.3,1847.8,2354.9
/srv/shared_leopard_toad/2024/28.08.2024/6R/105MEDIA/DSCF0905.JPG,DSCF0905.JPG,6R/105MEDIA,0,Other_Amphibian,0.4912,1722.7,2236.4,1850.3,2395.8
/srv/shared_leopard_toad/2024/28.08.2024/6R/105MEDIA/DSCF0932.JPG,DSCF0932.JPG,6R/105MEDIA,2,Western_Leopard_Toad,0.3718,2024.3,2218.3,2201.2,2406.3
/srv/shared_leopard_toad/2024/28.08.2024/6R/105MEDIA/DSCF0928.JPG,DSCF0928.JPG,6R/105MEDIA,0,Other_Amphibian,0.4019,1730.1,2240.2,1851.9,2359.1
/srv/shared_leopard_toad/2024/28.08.2024/6R/105MEDIA/DSCF0960.JPG,DSCF0960.JPG,6R/105MEDIA,0,Other_Amphibian,0.4885,1731.7,2240.6,1848.1,2353.6
/srv/shared_leopard_toad/2024/28.08.2024/6R/105MEDIA/DSCF0960.JPG,DSCF0960.JPG,6R/105MEDIA,2,Western_Leopard_Toad,0.2947,2022.9,2217.5,2198.1,2399.5
/srv/shared_leopard_toad/2024/28.08.2024/6R/105MEDIA/DSCF0770.JPG,DSCF0770.JPG,6R/105MEDIA,2,Western_Leopard_Toad,0.3965,3940.6,2230.1,4060.4,2384.4
/srv/shared_leopard_toad/2024/28.08.2024/6R/105MEDIA/DSCF0291.JPG,DSCF0291.JPG,6R/105MEDIA,0,Other_Amphibian,0.4683,2480.6,2279.7,2658.4,2415.8
/srv/shared_leopard_toad/2024/28.08.2024/6R/105MEDIA/DSCF0291.JPG,DSCF0291.JPG,6R/105MEDIA,0,Other_Amphibian,0.3926,2479.4,2279.0,2659.6,2411.4
/srv/shared_leopard_toad/2024/28.08.2024/6R/105MEDIA/DSCF0696.JPG,DSCF0696.JPG,6R/105MEDIA,0,Other_Amphibian,0.2698,1919.4,1914.3,2112.6,2206.6
/srv/shared_leopard_toad/2024/28.08.2024/6R/105MEDIA/DSCF0946.JPG,DSCF0946.JPG,6R/105MEDIA,0,Other_Amphibian,0.4673,1732.2,2240.6,1849.8,2353.6
/srv/shared_leopard_toad/2024/28.08.2024/6R/105MEDIA/DSCF0946.JPG,DSCF0946.JPG,6R/105MEDIA,2,Western_Leopard_Toad,0.2939,2023.9,2216.2,2206.1,2400.8
/srv/shared_leopard_toad/2024/28.08.2024/6R/105MEDIA/DSCF0569.JPG,DSCF0569.JPG,6R/105MEDIA,0,Other_Amphibian,0.7148,1676.5,1934.6,1831.3,2102.8
/srv/shared_leopard_toad/2024/28.08.2024/6R/105MEDIA/DSCF0974.JPG,DSCF0974.JPG,6R/105MEDIA,0,Other_Amphibian,0.2424,1733.9,2240.2,1848.1,2354.1
/srv/shared_leopard_toad/2024/28.08.2024/6R/105MEDIA/DSCF0733.JPG,DSCF0733.JPG,6R/105MEDIA,2,Western_Leopard_Toad,0.2832,3939.3,2231.0,4061.7,2388.5
/srv/shared_leopard_toad/2024/28.08.2024/6R/105MEDIA/DSCF0831.JPG,DSCF0831.JPG,6R/105MEDIA,0,Other_Amphibian,0.6436,4272.0,2.9,4395.0,169.5
/srv/shared_leopard_toad/2024/28.08.2024/6R/105MEDIA/DSCF0977.JPG,DSCF0977.JPG,6R/105MEDIA,0,Other_Amphibian,0.2708,1731.6,2239.1,1845.9,2355.1
/srv/shared_leopard_toad/2024/28.08.2024/6R/105MEDIA/DSCF0977.JPG,DSCF0977.JPG,6R/105MEDIA,0,Other_Amphibian,0.2203,1731.7,2239.1,1845.8,2355.1
/srv/shared_leopard_toad/2024/28.08.2024/6R/105MEDIA/DSCF0806.JPG,DSCF0806.JPG,6R/105MEDIA,2,Western_Leopard_Toad,0.6279,3940.0,2231.6,4061.0,2380.3
/srv/shared_leopard_toad/2024/28.08.2024/6R/105MEDIA/DSCF0575.JPG,DSCF0575.JPG,6R/105MEDIA,0,Other_Amphibian,0.2661,1677.4,1933.6,1832.6,2106.2
/srv/shared_leopard_toad/2024/28.08.2024/6R/105MEDIA/DSCF0019.JPG,DSCF0019.JPG,6R/105MEDIA,2,Western_Leopard_Toad,0.2725,2836.7,2382.2,2963.8,2452.5
/srv/shared_leopard_toad/2024/28.08.2024/6R/105MEDIA/DSCF0005.JPG,DSCF0005.JPG,6R/105MEDIA,0,Other_Amphibian,0.3616,1990.3,2346.0,2107.0,2448.2
/srv/shared_leopard_toad/2024/28.08.2024/6R/105MEDIA/DSCF0005.JPG,DSCF0005.JPG,6R/105MEDIA,2,Western_Leopard_Toad,0.2517,1990.3,2346.0,2107.0,2448.2
/srv/shared_leopard_toad/2024/28.08.2024/6R/105MEDIA/DSCF0952.JPG,DSCF0952.JPG,6R/105MEDIA,0,Other_Amphibian,0.3005,1732.1,2239.8,1847.7,2354.4
/srv/shared_leopard_toad/2024/28.08.2024/6R/105MEDIA/DSCF0797.JPG,DSCF0797.JPG,6R/105MEDIA,2,Western_Leopard_Toad,0.3965,3939.8,2231.2,4061.2,2388.4
/srv/shared_leopard_toad/2024/28.08.2024/6R/105MEDIA/DSCF0957.JPG,DSCF0957.JPG,6R/105MEDIA,0,Other_Amphibian,0.5928,1730.4,2240.3,1847.1,2353.9
/srv/shared_leopard_toad/2024/28.08.2024/6R/105MEDIA/DSCF0269.JPG,DSCF0269.JPG,6R/105MEDIA,0,Other_Amphibian,0.3784,2354.6,2097.6,2473.9,2203.0
/srv/shared_leopard_toad/2024/28.08.2024/6R/105MEDIA/DSCF0269.JPG,DSCF0269.JPG,6R/105MEDIA,2,Western_Leopard_Toad,0.3613,2354.6,2097.6,2473.9,2203.0
/srv/shared_leopard_toad/2024/28.08.2024/6R/105MEDIA/DSCF0004.JPG,DSCF0004.JPG,6R/105MEDIA,0,Other_Amphibian,0.6123,1992.1,2346.6,2109.7,2447.6
/srv/shared_leopard_toad/2024/28.08.2024/6R/105MEDIA/DSCF0004.JPG,DSCF0004.JPG,6R/105MEDIA,2,Western_Leopard_Toad,0.4260,1992.1,2346.6,2109.7,2447.6
/srv/shared_leopard_toad/2024/28.08.2024/6R/105MEDIA/DSCF0879.JPG,DSCF0879.JPG,6R/105MEDIA,0,Other_Amphibian,0.6201,1715.5,2240.3,1848.5,2396.9
/srv/shared_leopard_toad/2024/28.08.2024/6R/105MEDIA/DSCF0859.JPG,DSCF0859.JPG,6R/105MEDIA,2,Western_Leopard_Toad,0.4172,3940.5,2228.6,4065.0,2383.3
/srv/shared_leopard_toad/2024/28.08.2024/6R/105MEDIA/DSCF0859.JPG,DSCF0859.JPG,6R/105MEDIA,0,Other_Amphibian,0.2292,4273.9,4.9,4397.6,163.5
/srv/shared_leopard_toad/2024/28.08.2024/6R/105MEDIA/DSCF0919.JPG,DSCF0919.JPG,6R/105MEDIA,0,Other_Amphibian,0.8428,1718.4,2240.0,1850.1,2397.2
/srv/shared_leopard_toad/2024/28.08.2024/6R/105MEDIA/DSCF0002.JPG,DSCF0002.JPG,6R/105MEDIA,0,Other_Amphibian,0.5806,1991.4,2348.3,2112.6,2448.4
/srv/shared_leopard_toad/2024/28.08.2024/6R/105MEDIA/DSCF0002.JPG,DSCF0002.JPG,6R/105MEDIA,2,Western_Leopard_Toad,0.3813,1991.4,2348.3,2112.6,2448.4
/srv/shared_leopard_toad/2024/28.08.2024/6R/105MEDIA/DSCF0845.JPG,DSCF0845.JPG,6R/105MEDIA,0,Other_Amphibian,0.2913,4274.3,5.9,4397.2,174.7
/srv/shared_leopard_toad/2024/28.08.2024/6R/105MEDIA/DSCF0578.JPG,DSCF0578.JPG,6R/105MEDIA,0,Other_Amphibian,0.6309,1680.9,1937.0,1833.6,2110.5
/srv/shared_leopard_toad/2024/28.08.2024/6R/105MEDIA/DSCF0803.JPG,DSCF0803.JPG,6R/105MEDIA,2,Western_Leopard_Toad,0.3948,3942.6,2231.2,4062.9,2385.8
/srv/shared_leopard_toad/2024/28.08.2024/6R/105MEDIA/DSCF0819.JPG,DSCF0819.JPG,6R/105MEDIA,0,Other_Amphibian,0.2869,4269.8,6.8,4397.2,170.4
/srv/shared_leopard_toad/2024/28.08.2024/6R/105MEDIA/DSCF0561.JPG,DSCF0561.JPG,6R/105MEDIA,0,Other_Amphibian,0.8696,1671.6,1932.4,1829.4,2099.9
/srv/shared_leopard_toad/2024/28.08.2024/6R/105MEDIA/DSCF0561.JPG,DSCF0561.JPG,6R/105MEDIA,2,Western_Leopard_Toad,0.4668,1671.6,1932.4,1829.4,2099.9
/srv/shared_leopard_toad/2024/28.08.2024/6R/105MEDIA/DSCF0616.JPG,DSCF0616.JPG,6R/105MEDIA,0,Other_Amphibian,0.2534,1740.3,1971.6,1918.2,2156.9
/srv/shared_leopard_toad/2024/28.08.2024/6R/105MEDIA/DSCF0829.JPG,DSCF0829.JPG,6R/105MEDIA,0,Other_Amphibian,0.4260,4272.5,4.8,4394.5,168.2
/srv/shared_leopard_toad/2024/28.08.2024/6R/105MEDIA/DSCF0829.JPG,DSCF0829.JPG,6R/105MEDIA,2,Western_Leopard_Toad,0.2654,3941.6,2231.7,4063.9,2380.2
/srv/shared_leopard_toad/2024/28.08.2024/6R/105MEDIA/DSCF0821.JPG,DSCF0821.JPG,6R/105MEDIA,2,Western_Leopard_Toad,0.7300,3938.1,2229.4,4062.9,2390.1
/srv/shared_leopard_toad/2024/28.08.2024/6R/105MEDIA/DSCF0609.JPG,DSCF0609.JPG,6R/105MEDIA,0,Other_Amphibian,0.6274,1735.9,1974.1,1909.1,2151.8
/srv/shared_leopard_toad/2024/28.08.2024/6R/105MEDIA/DSCF0882.JPG,DSCF0882.JPG,6R/105MEDIA,0,Other_Amphibian,0.7158,1717.6,2236.6,1850.9,2395.6
/srv/shared_leopard_toad/2024/28.08.2024/6R/105MEDIA/DSCF0809.JPG,DSCF0809.JPG,6R/105MEDIA,2,Western_Leopard_Toad,0.6631,3943.9,2232.0,4066.1,2387.5
/srv/shared_leopard_toad/2024/28.08.2024/6R/105MEDIA/DSCF0975.JPG,DSCF0975.JPG,6R/105MEDIA,0,Other_Amphibian,0.3154,1731.8,2239.3,1848.0,2354.9
/srv/shared_leopard_toad/2024/28.08.2024/6R/105MEDIA/DSCF0796.JPG,DSCF0796.JPG,6R/105MEDIA,2,Western_Leopard_Toad,0.5894,3941.4,2230.1,4059.6,2384.4
/srv/shared_leopard_toad/2024/28.08.2024/6R/105MEDIA/DSCF0934.JPG,DSCF0934.JPG,6R/105MEDIA,0,Other_Amphibian,0.2189,1733.8,2243.2,1850.5,2356.0
/srv/shared_leopard_toad/2024/28.08.2024/6R/105MEDIA/DSCF0951.JPG,DSCF0951.JPG,6R/105MEDIA,0,Other_Amphibian,0.5439,1732.6,2239.7,1849.4,2354.5
/srv/shared_leopard_toad/2024/28.08.2024/6R/105MEDIA/DSCF0573.JPG,DSCF0573.JPG,6R/105MEDIA,0,Other_Amphibian,0.8618,1672.5,1934.3,1828.5,2100.5
/srv/shared_leopard_toad/2024/28.08.2024/6R/105MEDIA/DSCF0914.JPG,DSCF0914.JPG,6R/105MEDIA,0,Other_Amphibian,0.2646,1725.7,2236.9,1851.8,2397.8
/srv/shared_leopard_toad/2024/28.08.2024/6R/105MEDIA/DSCF0920.JPG,DSCF0920.JPG,6R/105MEDIA,0,Other_Amphibian,0.8066,1719.7,2238.6,1853.3,2396.1
/srv/shared_leopard_toad/2024/28.08.2024/6R/105MEDIA/DSCF0968.JPG,DSCF0968.JPG,6R/105MEDIA,0,Other_Amphibian,0.3435,1731.1,2241.6,1846.4,2357.7
/srv/shared_leopard_toad/2024/28.08.2024/6R/105MEDIA/DSCF0948.JPG,DSCF0948.JPG,6R/105MEDIA,0,Other_Amphibian,0.6338,1731.7,2240.0,1850.3,2354.3
/srv/shared_leopard_toad/2024/28.08.2024/6R/105MEDIA/DSCF0973.JPG,DSCF0973.JPG,6R/105MEDIA,0,Other_Amphibian,0.3413,1731.1,2239.6,1846.4,2354.6
/srv/shared_leopard_toad/2024/28.08.2024/6R/105MEDIA/DSCF0984.JPG,DSCF0984.JPG,6R/105MEDIA,0,Other_Amphibian,0.3477,1731.0,2224.3,1848.8,2354.7
/srv/shared_leopard_toad/2024/28.08.2024/6R/105MEDIA/DSCF0921.JPG,DSCF0921.JPG,6R/105MEDIA,0,Other_Amphibian,0.7783,1717.9,2241.1,1850.6,2398.6
/srv/shared_leopard_toad/2024/28.08.2024/6R/105MEDIA/DSCF0010.JPG,DSCF0010.JPG,6R/105MEDIA,2,Western_Leopard_Toad,0.5967,1992.1,2361.3,2107.4,2450.6
/srv/shared_leopard_toad/2024/28.08.2024/6R/105MEDIA/DSCF0010.JPG,DSCF0010.JPG,6R/105MEDIA,0,Other_Amphibian,0.4180,1992.1,2361.3,2107.4,2450.6
/srv/shared_leopard_toad/2024/28.08.2024/6R/105MEDIA/DSCF0835.JPG,DSCF0835.JPG,6R/105MEDIA,0,Other_Amphibian,0.5386,4274.9,5.7,4396.6,169.1
/srv/shared_leopard_toad/2024/28.08.2024/6R/105MEDIA/DSCF0835.JPG,DSCF0835.JPG,6R/105MEDIA,2,Western_Leopard_Toad,0.4148,3941.9,2231.5,4063.6,2388.1
/srv/shared_leopard_toad/2024/28.08.2024/6R/105MEDIA/DSCF0190.JPG,DSCF0190.JPG,6R/105MEDIA,0,Other_Amphibian,0.2340,3434.7,1643.5,3657.3,1859.8
/srv/shared_leopard_toad/2024/28.08.2024/6R/105MEDIA/DSCF0935.JPG,DSCF0935.JPG,6R/105MEDIA,0,Other_Amphibian,0.2764,1733.9,2240.5,1850.3,2353.7
/srv/shared_leopard_toad/2024/28.08.2024/6R/105MEDIA/DSCF0658.JPG,DSCF0658.JPG,6R/105MEDIA,2,Western_Leopard_Toad,0.3958,1843.0,1890.8,2054.0,2194.6
/srv/shared_leopard_toad/2024/28.08.2024/6R/105MEDIA/DSCF0746.JPG,DSCF0746.JPG,6R/105MEDIA,2,Western_Leopard_Toad,0.3831,3939.3,2230.5,4061.7,2386.5
/srv/shared_leopard_toad/2024/28.08.2024/6R/105MEDIA/DSCF0728.JPG,DSCF0728.JPG,6R/105MEDIA,2,Western_Leopard_Toad,0.4031,3937.8,2233.3,4063.2,2388.7
/srv/shared_leopard_toad/2024/28.08.2024/6R/105MEDIA/DSCF0808.JPG,DSCF0808.JPG,6R/105MEDIA,2,Western_Leopard_Toad,0.6060,3942.5,2231.9,4063.0,2387.6
/srv/shared_leopard_toad/2024/28.08.2024/6R/105MEDIA/DSCF0808.JPG,DSCF0808.JPG,6R/105MEDIA,0,Other_Amphibian,0.3147,4276.3,3.9,4399.7,173.6
/srv/shared_leopard_toad/2024/28.08.2024/6R/105MEDIA/DSCF0800.JPG,DSCF0800.JPG,6R/105MEDIA,2,Western_Leopard_Toad,0.7773,3940.6,2231.5,4064.9,2383.0
/srv/shared_leopard_toad/2024/28.08.2024/6R/105MEDIA/DSCF0789.JPG,DSCF0789.JPG,6R/105MEDIA,2,Western_Leopard_Toad,0.4377,3942.6,2230.1,4058.4,2379.3
/srv/shared_leopard_toad/2024/28.08.2024/6R/105MEDIA/DSCF0941.JPG,DSCF0941.JPG,6R/105MEDIA,0,Other_Amphibian,0.4219,1732.2,2240.3,1849.8,2353.9
/srv/shared_leopard_toad/2024/28.08.2024/6R/105MEDIA/DSCF0910.JPG,DSCF0910.JPG,6R/105MEDIA,0,Other_Amphibian,0.4119,1722.8,2234.5,1850.2,2397.6
/srv/shared_leopard_toad/2024/28.08.2024/6R/105MEDIA/DSCF0611.JPG,DSCF0611.JPG,6R/105MEDIA,0,Other_Amphibian,0.2372,1735.7,1972.2,1918.3,2158.8
/srv/shared_leopard_toad/2024/28.08.2024/6R/105MEDIA/DSCF0855.JPG,DSCF0855.JPG,6R/105MEDIA,2,Western_Leopard_Toad,0.6294,3941.0,2230.6,4064.5,2388.9
/srv/shared_leopard_toad/2024/28.08.2024/6R/105MEDIA/DSCF0855.JPG,DSCF0855.JPG,6R/105MEDIA,0,Other_Amphibian,0.4189,4272.9,4.7,4398.6,169.5
/srv/shared_leopard_toad/2024/28.08.2024/6R/105MEDIA/DSCF0852.JPG,DSCF0852.JPG,6R/105MEDIA,0,Other_Amphibian,0.5547,4273.3,4.8,4398.2,167.6
/srv/shared_leopard_toad/2024/28.08.2024/6R/105MEDIA/DSCF0939.JPG,DSCF0939.JPG,6R/105MEDIA,0,Other_Amphibian,0.4905,1730.7,2240.1,1849.0,2354.1
/srv/shared_leopard_toad/2024/28.08.2024/6R/105MEDIA/DSCF0617.JPG,DSCF0617.JPG,6R/105MEDIA,0,Other_Amphibian,0.2142,1739.2,1971.8,1919.2,2159.2
/srv/shared_leopard_toad/2024/28.08.2024/6R/105MEDIA/DSCF0701.JPG,DSCF0701.JPG,6R/105MEDIA,0,Other_Amphibian,0.7627,1920.7,1904.6,2113.5,2206.1
/srv/shared_leopard_toad/2024/28.08.2024/6R/105MEDIA/DSCF0860.JPG,DSCF0860.JPG,6R/105MEDIA,2,Western_Leopard_Toad,0.6582,3938.5,2229.0,4062.5,2383.0
/srv/shared_leopard_toad/2024/28.08.2024/6R/105MEDIA/DSCF0270.JPG,DSCF0270.JPG,6R/105MEDIA,0,Other_Amphibian,0.4634,2352.7,2097.5,2471.3,2203.1
/srv/shared_leopard_toad/2024/28.08.2024/6R/105MEDIA/DSCF0270.JPG,DSCF0270.JPG,6R/105MEDIA,2,Western_Leopard_Toad,0.4143,2352.7,2097.5,2471.3,2203.1
/srv/shared_leopard_toad/2024/28.08.2024/6R/105MEDIA/DSCF0884.JPG,DSCF0884.JPG,6R/105MEDIA,0,Other_Amphibian,0.2979,1717.9,2233.6,1850.6,2396.1
/srv/shared_leopard_toad/2024/28.08.2024/6R/105MEDIA/DSCF0836.JPG,DSCF0836.JPG,6R/105MEDIA,2,Western_Leopard_Toad,0.3716,3940.9,2230.9,4064.6,2386.1
/srv/shared_leopard_toad/2024/28.08.2024/6R/105MEDIA/DSCF0836.JPG,DSCF0836.JPG,6R/105MEDIA,0,Other_Amphibian,0.3298,4269.1,4.9,4388.9,163.5
/srv/shared_leopard_toad/2024/28.08.2024/6R/105MEDIA/DSCF0009.JPG,DSCF0009.JPG,6R/105MEDIA,2,Western_Leopard_Toad,0.5503,1994.0,2363.2,2105.5,2451.2
/srv/shared_leopard_toad/2024/28.08.2024/6R/105MEDIA/DSCF0009.JPG,DSCF0009.JPG,6R/105MEDIA,0,Other_Amphibian,0.2544,1994.0,2363.2,2105.5,2451.2
/srv/shared_leopard_toad/2024/28.08.2024/6R/105MEDIA/DSCF0950.JPG,DSCF0950.JPG,6R/105MEDIA,0,Other_Amphibian,0.6509,1732.3,2240.1,1849.7,2354.1
/srv/shared_leopard_toad/2024/28.08.2024/6R/105MEDIA/DSCF0702.JPG,DSCF0702.JPG,6R/105MEDIA,0,Other_Amphibian,0.8086,1921.2,1907.1,2110.8,2211.3
/srv/shared_leopard_toad/2024/28.08.2024/6R/105MEDIA/DSCF0717.JPG,DSCF0717.JPG,6R/105MEDIA,0,Other_Amphibian,0.7686,1925.2,1907.9,2111.3,2218.0
/srv/shared_leopard_toad/2024/28.08.2024/6R/105MEDIA/DSCF0717.JPG,DSCF0717.JPG,6R/105MEDIA,2,Western_Leopard_Toad,0.6348,1925.2,1907.9,2111.3,2218.0
/srv/shared_leopard_toad/2024/28.08.2024/6R/105MEDIA/DSCF0579.JPG,DSCF0579.JPG,6R/105MEDIA,0,Other_Amphibian,0.8403,1680.1,1936.2,1834.4,2108.8
/srv/shared_leopard_toad/2024/28.08.2024/6R/104MEDIA/DSCF0537.JPG,DSCF0537.JPG,6R/104MEDIA,2,Western_Leopard_Toad,0.2815,3577.0,838.1,3744.5,984.4
/srv/shared_leopard_toad/2024/28.08.2024/6R/104MEDIA/DSCF0651.JPG,DSCF0651.JPG,6R/104MEDIA,2,Western_Leopard_Toad,0.4612,3574.1,838.3,3742.9,989.2
/srv/shared_leopard_toad/2024/28.08.2024/6R/104MEDIA/DSCF0514.JPG,DSCF0514.JPG,6R/104MEDIA,2,Western_Leopard_Toad,0.2703,3573.1,823.6,3739.4,968.6
/srv/shared_leopard_toad/2024/28.08.2024/6R/104MEDIA/DSCF0679.JPG,DSCF0679.JPG,6R/104MEDIA,2,Western_Leopard_Toad,0.4985,3576.2,836.6,3745.3,985.9
/srv/shared_leopard_toad/2024/28.08.2024/6R/104MEDIA/DSCF0623.JPG,DSCF0623.JPG,6R/104MEDIA,2,Western_Leopard_Toad,0.3484,3573.5,837.6,3743.5,984.9
/srv/shared_leopard_toad/2024/28.08.2024/6R/104MEDIA/DSCF0983.JPG,DSCF0983.JPG,6R/104MEDIA,0,Other_Amphibian,0.8193,1841.2,2197.6,1947.8,2310.6
/srv/shared_leopard_toad/2024/28.08.2024/6R/104MEDIA/DSCF0592.JPG,DSCF0592.JPG,6R/104MEDIA,2,Western_Leopard_Toad,0.3889,3574.3,837.6,3742.7,984.9
/srv/shared_leopard_toad/2024/28.08.2024/6R/104MEDIA/DSCF0574.JPG,DSCF0574.JPG,6R/104MEDIA,2,Western_Leopard_Toad,0.4397,3576.8,838.9,3744.7,983.6
/srv/shared_leopard_toad/2024/28.08.2024/6R/104MEDIA/DSCF0795.JPG,DSCF0795.JPG,6R/104MEDIA,0,Other_Amphibian,0.2100,1656.6,2143.2,1758.9,2246.0
/srv/shared_leopard_toad/2024/28.08.2024/6R/104MEDIA/DSCF0549.JPG,DSCF0549.JPG,6R/104MEDIA,2,Western_Leopard_Toad,0.2710,3577.3,838.4,3744.2,984.1
/srv/shared_leopard_toad/2024/28.08.2024/6R/104MEDIA/DSCF0649.JPG,DSCF0649.JPG,6R/104MEDIA,2,Western_Leopard_Toad,0.2949,3576.7,837.8,3740.3,984.7
/srv/shared_leopard_toad/2024/28.08.2024/6R/104MEDIA/DSCF0759.JPG,DSCF0759.JPG,6R/104MEDIA,0,Other_Amphibian,0.2069,1653.9,2143.7,1761.6,2248.0
/srv/shared_leopard_toad/2024/28.08.2024/6R/104MEDIA/DSCF0566.JPG,DSCF0566.JPG,6R/104MEDIA,2,Western_Leopard_Toad,0.2583,3572.8,836.2,3739.7,986.3
/srv/shared_leopard_toad/2024/28.08.2024/6R/104MEDIA/DSCF0994.JPG,DSCF0994.JPG,6R/104MEDIA,0,Other_Amphibian,0.2028,1920.7,2313.2,2034.8,2417.7
/srv/shared_leopard_toad/2024/28.08.2024/6R/104MEDIA/DSCF0581.JPG,DSCF0581.JPG,6R/104MEDIA,2,Western_Leopard_Toad,0.3298,3572.2,837.5,3744.8,988.8
/srv/shared_leopard_toad/2024/28.08.2024/6R/104MEDIA/DSCF0572.JPG,DSCF0572.JPG,6R/104MEDIA,2,Western_Leopard_Toad,0.2886,3576.2,838.5,3745.3,987.8
/srv/shared_leopard_toad/2024/28.08.2024/6R/104MEDIA/DSCF0544.JPG,DSCF0544.JPG,6R/104MEDIA,2,Western_Leopard_Toad,0.2612,3576.4,839.0,3745.1,983.5
/srv/shared_leopard_toad/2024/28.08.2024/6R/104MEDIA/DSCF0662.JPG,DSCF0662.JPG,6R/104MEDIA,2,Western_Leopard_Toad,0.3176,3575.0,836.5,3742.0,986.0
/srv/shared_leopard_toad/2024/28.08.2024/6R/104MEDIA/DSCF0998.JPG,DSCF0998.JPG,6R/104MEDIA,2,Western_Leopard_Toad,0.5444,1993.1,2344.5,2110.9,2447.2
/srv/shared_leopard_toad/2024/28.08.2024/6R/104MEDIA/DSCF0998.JPG,DSCF0998.JPG,6R/104MEDIA,0,Other_Amphibian,0.2703,1993.1,2344.5,2110.9,2447.2
/srv/shared_leopard_toad/2024/28.08.2024/6R/104MEDIA/DSCF0528.JPG,DSCF0528.JPG,6R/104MEDIA,2,Western_Leopard_Toad,0.3564,3576.3,838.9,3740.7,983.6
/srv/shared_leopard_toad/2024/28.08.2024/6R/104MEDIA/DSCF0564.JPG,DSCF0564.JPG,6R/104MEDIA,2,Western_Leopard_Toad,0.3013,3576.2,835.7,3745.3,984.2
/srv/shared_leopard_toad/2024/28.08.2024/6R/104MEDIA/DSCF0644.JPG,DSCF0644.JPG,6R/104MEDIA,2,Western_Leopard_Toad,0.4763,3574.1,838.5,3742.9,984.0
/srv/shared_leopard_toad/2024/28.08.2024/6R/104MEDIA/DSCF0697.JPG,DSCF0697.JPG,6R/104MEDIA,2,Western_Leopard_Toad,0.3323,3578.1,836.7,3743.4,980.8
/srv/shared_leopard_toad/2024/28.08.2024/6R/104MEDIA/DSCF0989.JPG,DSCF0989.JPG,6R/104MEDIA,0,Other_Amphibian,0.4133,1889.4,2281.9,2007.6,2398.4
/srv/shared_leopard_toad/2024/28.08.2024/6R/104MEDIA/DSCF0648.JPG,DSCF0648.JPG,6R/104MEDIA,2,Western_Leopard_Toad,0.4746,3575.5,836.4,3741.5,983.5
/srv/shared_leopard_toad/2024/28.08.2024/6R/104MEDIA/DSCF0731.JPG,DSCF0731.JPG,6R/104MEDIA,0,Other_Amphibian,0.2803,1692.1,2174.3,1804.4,2285.8
/srv/shared_leopard_toad/2024/28.08.2024/6R/104MEDIA/DSCF0479.JPG,DSCF0479.JPG,6R/104MEDIA,0,Other_Amphibian,0.2827,1691.2,2163.7,1809.8,2281.2
/srv/shared_leopard_toad/2024/28.08.2024/6R/104MEDIA/DSCF0582.JPG,DSCF0582.JPG,6R/104MEDIA,2,Western_Leopard_Toad,0.2563,3575.7,838.9,3745.8,987.4
/srv/shared_leopard_toad/2024/28.08.2024/6R/104MEDIA/DSCF0663.JPG,DSCF0663.JPG,6R/104MEDIA,2,Western_Leopard_Toad,0.3877,3572.8,836.9,3744.2,985.6
/srv/shared_leopard_toad/2024/28.08.2024/6R/104MEDIA/DSCF0704.JPG,DSCF0704.JPG,6R/104MEDIA,2,Western_Leopard_Toad,0.2639,3576.8,838.6,3744.7,983.9
/srv/shared_leopard_toad/2024/28.08.2024/6R/104MEDIA/DSCF0607.JPG,DSCF0607.JPG,6R/104MEDIA,2,Western_Leopard_Toad,0.3323,3575.4,837.4,3741.6,985.1
/srv/shared_leopard_toad/2024/28.08.2024/6R/104MEDIA/DSCF0567.JPG,DSCF0567.JPG,6R/104MEDIA,2,Western_Leopard_Toad,0.3894,3577.8,838.6,3743.7,983.9
/srv/shared_leopard_toad/2024/28.08.2024/6R/104MEDIA/DSCF0669.JPG,DSCF0669.JPG,6R/104MEDIA,2,Western_Leopard_Toad,0.4587,3574.9,835.4,3742.1,982.0
/srv/shared_leopard_toad/2024/28.08.2024/6R/104MEDIA/DSCF0601.JPG,DSCF0601.JPG,6R/104MEDIA,2,Western_Leopard_Toad,0.2637,3575.7,837.0,3741.3,983.0
/srv/shared_leopard_toad/2024/28.08.2024/6R/104MEDIA/DSCF0601.JPG,DSCF0601.JPG,6R/104MEDIA,0,Other_Amphibian,0.2115,3575.7,837.0,3741.3,983.0
/srv/shared_leopard_toad/2024/28.08.2024/6R/104MEDIA/DSCF0666.JPG,DSCF0666.JPG,6R/104MEDIA,2,Western_Leopard_Toad,0.2693,3573.8,837.6,3743.2,987.4
/srv/shared_leopard_toad/2024/28.08.2024/6R/104MEDIA/DSCF0675.JPG,DSCF0675.JPG,6R/104MEDIA,0,Other_Amphibian,0.2681,1690.2,2175.6,1806.3,2287.0
/srv/shared_leopard_toad/2024/28.08.2024/6R/104MEDIA/DSCF0503.JPG,DSCF0503.JPG,6R/104MEDIA,2,Western_Leopard_Toad,0.2859,3572.6,824.8,3739.9,969.8
/srv/shared_leopard_toad/2024/28.08.2024/6R/104MEDIA/DSCF0622.JPG,DSCF0622.JPG,6R/104MEDIA,2,Western_Leopard_Toad,0.2927,3573.5,837.7,3743.5,987.3
/srv/shared_leopard_toad/2024/28.08.2024/6R/104MEDIA/DSCF0621.JPG,DSCF0621.JPG,6R/104MEDIA,2,Western_Leopard_Toad,0.3188,3574.5,839.3,3742.5,985.7
/srv/shared_leopard_toad/2024/28.08.2024/6R/104MEDIA/DSCF0660.JPG,DSCF0660.JPG,6R/104MEDIA,2,Western_Leopard_Toad,0.2576,3576.6,839.6,3740.4,982.9
/srv/shared_leopard_toad/2024/28.08.2024/6R/104MEDIA/DSCF0706.JPG,DSCF0706.JPG,6R/104MEDIA,2,Western_Leopard_Toad,0.3005,3576.0,836.1,3745.5,981.3
/srv/shared_leopard_toad/2024/28.08.2024/6R/104MEDIA/DSCF0525.JPG,DSCF0525.JPG,6R/104MEDIA,2,Western_Leopard_Toad,0.2622,3576.5,838.0,3745.0,981.9
/srv/shared_leopard_toad/2024/28.08.2024/6R/104MEDIA/DSCF0613.JPG,DSCF0613.JPG,6R/104MEDIA,2,Western_Leopard_Toad,0.5796,3576.2,836.5,3745.3,986.0
/srv/shared_leopard_toad/2024/28.08.2024/6R/104MEDIA/DSCF0689.JPG,DSCF0689.JPG,6R/104MEDIA,2,Western_Leopard_Toad,0.3828,3574.1,836.0,3742.9,981.5
/srv/shared_leopard_toad/2024/28.08.2024/6R/104MEDIA/DSCF0605.JPG,DSCF0605.JPG,6R/104MEDIA,2,Western_Leopard_Toad,0.6436,3575.7,838.5,3741.3,984.0
/srv/shared_leopard_toad/2024/28.08.2024/6R/104MEDIA/DSCF0605.JPG,DSCF0605.JPG,6R/104MEDIA,0,Other_Amphibian,0.2482,3575.7,838.5,3741.3,984.0
/srv/shared_leopard_toad/2024/28.08.2024/6R/104MEDIA/DSCF0724.JPG,DSCF0724.JPG,6R/104MEDIA,0,Other_Amphibian,0.2158,1692.4,2174.8,1804.1,2287.8
/srv/shared_leopard_toad/2024/28.08.2024/6R/104MEDIA/DSCF0997.JPG,DSCF0997.JPG,6R/104MEDIA,2,Western_Leopard_Toad,0.7915,1991.4,2346.0,2110.3,2448.2
/srv/shared_leopard_toad/2024/28.08.2024/6R/104MEDIA/DSCF0997.JPG,DSCF0997.JPG,6R/104MEDIA,0,Other_Amphibian,0.3428,1991.4,2346.0,2110.3,2448.2
/srv/shared_leopard_toad/2024/28.08.2024/6R/104MEDIA/DSCF0725.JPG,DSCF0725.JPG,6R/104MEDIA,2,Western_Leopard_Toad,0.8569,515.1,1851.9,1020.5,2446.1
/srv/shared_leopard_toad/2024/28.08.2024/6R/104MEDIA/DSCF0643.JPG,DSCF0643.JPG,6R/104MEDIA,2,Western_Leopard_Toad,0.2925,3572.3,838.0,3740.2,984.5
/srv/shared_leopard_toad/2024/28.08.2024/6R/104MEDIA/DSCF0996.JPG,DSCF0996.JPG,6R/104MEDIA,2,Western_Leopard_Toad,0.6807,1987.8,2344.2,2107.2,2447.5
/srv/shared_leopard_toad/2024/28.08.2024/6R/104MEDIA/DSCF0996.JPG,DSCF0996.JPG,6R/104MEDIA,0,Other_Amphibian,0.3181,1987.8,2344.2,2107.2,2447.5
/srv/shared_leopard_toad/2024/28.08.2024/6R/104MEDIA/DSCF0618.JPG,DSCF0618.JPG,6R/104MEDIA,2,Western_Leopard_Toad,0.3140,3575.5,837.6,3741.5,984.9
/srv/shared_leopard_toad/2024/28.08.2024/6R/104MEDIA/DSCF0555.JPG,DSCF0555.JPG,6R/104MEDIA,2,Western_Leopard_Toad,0.2617,3572.0,837.0,3740.5,985.5
/srv/shared_leopard_toad/2024/28.08.2024/6R/104MEDIA/DSCF0657.JPG,DSCF0657.JPG,6R/104MEDIA,2,Western_Leopard_Toad,0.3743,3575.2,837.8,3741.8,984.7
/srv/shared_leopard_toad/2024/28.08.2024/6R/104MEDIA/DSCF0587.JPG,DSCF0587.JPG,6R/104MEDIA,2,Western_Leopard_Toad,0.5591,3572.8,836.6,3739.7,983.4
/srv/shared_leopard_toad/2024/28.08.2024/6R/104MEDIA/DSCF0570.JPG,DSCF0570.JPG,6R/104MEDIA,2,Western_Leopard_Toad,0.3474,3572.3,837.0,3740.2,985.5
/srv/shared_leopard_toad/2024/28.08.2024/6R/104MEDIA/DSCF0999.JPG,DSCF0999.JPG,6R/104MEDIA,2,Western_Leopard_Toad,0.4285,1990.3,2344.4,2111.5,2447.3
/srv/shared_leopard_toad/2024/28.08.2024/6R/104MEDIA/DSCF0687.JPG,DSCF0687.JPG,6R/104MEDIA,2,Western_Leopard_Toad,0.6421,3573.8,838.8,3743.2,983.7
/srv/shared_leopard_toad/2024/28.08.2024/6R/104MEDIA/DSCF0687.JPG,DSCF0687.JPG,6R/104MEDIA,0,Other_Amphibian,0.3560,3573.8,838.8,3743.2,983.7
/srv/shared_leopard_toad/2024/28.08.2024/6R/104MEDIA/DSCF0718.JPG,DSCF0718.JPG,6R/104MEDIA,2,Western_Leopard_Toad,0.3018,3575.5,838.9,3741.5,983.6
/srv/shared_leopard_toad/2024/28.08.2024/6R/104MEDIA/DSCF0779.JPG,DSCF0779.JPG,6R/104MEDIA,0,Other_Amphibian,0.2109,1653.8,2144.0,1757.2,2247.7
/srv/shared_leopard_toad/2024/28.08.2024/6R/104MEDIA/DSCF0654.JPG,DSCF0654.JPG,6R/104MEDIA,0,Other_Amphibian,0.2322,1691.5,2173.9,1805.0,2286.1
/srv/shared_leopard_toad/2024/28.08.2024/6R/104MEDIA/DSCF0971.JPG,DSCF0971.JPG,6R/104MEDIA,0,Other_Amphibian,0.2295,1990.7,2225.8,2104.3,2333.0
/srv/shared_leopard_toad/2024/28.08.2024/6R/104MEDIA/DSCF0682.JPG,DSCF0682.JPG,6R/104MEDIA,0,Other_Amphibian,0.2593,1693.5,2172.1,1803.0,2282.9
/srv/shared_leopard_toad/2024/28.08.2024/6R/104MEDIA/DSCF0614.JPG,DSCF0614.JPG,6R/104MEDIA,2,Western_Leopard_Toad,0.3452,3574.8,835.2,3742.2,987.3
/srv/shared_leopard_toad/2024/28.08.2024/6R/104MEDIA/DSCF0674.JPG,DSCF0674.JPG,6R/104MEDIA,2,Western_Leopard_Toad,0.5498,3574.2,835.2,3738.3,979.7
/srv/shared_leopard_toad/2024/28.08.2024/6R/104MEDIA/DSCF0674.JPG,DSCF0674.JPG,6R/104MEDIA,0,Other_Amphibian,0.3005,3574.2,835.2,3738.3,979.7
/srv/shared_leopard_toad/2024/28.08.2024/6R/104MEDIA/DSCF0684.JPG,DSCF0684.JPG,6R/104MEDIA,2,Western_Leopard_Toad,0.4414,3575.4,838.5,3741.6,984.0
/srv/shared_leopard_toad/2024/28.08.2024/6R/104MEDIA/DSCF0569.JPG,DSCF0569.JPG,6R/104MEDIA,2,Western_Leopard_Toad,0.4253,3575.0,836.6,3742.0,985.9
/srv/shared_leopard_toad/2024/28.08.2024/6R/104MEDIA/DSCF0575.JPG,DSCF0575.JPG,6R/104MEDIA,2,Western_Leopard_Toad,0.2991,3577.1,838.4,3744.4,984.1
/srv/shared_leopard_toad/2024/28.08.2024/6R/104MEDIA/DSCF0496.JPG,DSCF0496.JPG,6R/104MEDIA,0,Other_Amphibian,0.2257,1691.5,2165.3,1809.5,2279.6
/srv/shared_leopard_toad/2024/28.08.2024/6R/104MEDIA/DSCF0995.JPG,DSCF0995.JPG,6R/104MEDIA,2,Western_Leopard_Toad,0.8892,1984.3,2348.7,2103.9,2448.0
/srv/shared_leopard_toad/2024/28.08.2024/6R/104MEDIA/DSCF0719.JPG,DSCF0719.JPG,6R/104MEDIA,0,Other_Amphibian,0.2170,1693.3,2175.6,1803.2,2287.0
/srv/shared_leopard_toad/2024/28.08.2024/6R/104MEDIA/DSCF0646.JPG,DSCF0646.JPG,6R/104MEDIA,2,Western_Leopard_Toad,0.2693,3572.6,838.9,3744.4,988.7
/srv/shared_leopard_toad/2024/28.08.2024/6R/104MEDIA/DSCF0547.JPG,DSCF0547.JPG,6R/104MEDIA,2,Western_Leopard_Toad,0.5269,3574.9,837.6,3742.1,984.9
/srv/shared_leopard_toad/2024/28.08.2024/6R/104MEDIA/DSCF0547.JPG,DSCF0547.JPG,6R/104MEDIA,0,Other_Amphibian,0.3877,3574.9,837.6,3742.1,984.9
/srv/shared_leopard_toad/2024/28.08.2024/6R/104MEDIA/DSCF0590.JPG,DSCF0590.JPG,6R/104MEDIA,2,Western_Leopard_Toad,0.2717,3577.4,839.5,3739.6,980.5
/srv/shared_leopard_toad/2024/28.08.2024/6R/104MEDIA/DSCF0658.JPG,DSCF0658.JPG,6R/104MEDIA,2,Western_Leopard_Toad,0.2966,3574.4,837.7,3742.6,984.8
/srv/shared_leopard_toad/2024/28.08.2024/6R/104MEDIA/DSCF0606.JPG,DSCF0606.JPG,6R/104MEDIA,2,Western_Leopard_Toad,0.2964,3577.8,837.1,3743.7,985.4
/srv/shared_leopard_toad/2024/28.08.2024/6R/104MEDIA/DSCF0664.JPG,DSCF0664.JPG,6R/104MEDIA,2,Western_Leopard_Toad,0.3726,3575.8,837.7,3741.2,984.8
/srv/shared_leopard_toad/2024/28.08.2024/6R/104MEDIA/DSCF0990.JPG,DSCF0990.JPG,6R/104MEDIA,0,Other_Amphibian,0.2891,1898.8,2288.1,2016.2,2399.8
/srv/shared_leopard_toad/2024/28.08.2024/6R/104MEDIA/DSCF0595.JPG,DSCF0595.JPG,6R/104MEDIA,2,Western_Leopard_Toad,0.2710,3575.4,837.8,3741.6,984.7
/srv/shared_leopard_toad/2024/28.08.2024/6R/104MEDIA/DSCF0701.JPG,DSCF0701.JPG,6R/104MEDIA,2,Western_Leopard_Toad,0.4424,3574.1,837.8,3742.9,982.2
/srv/shared_leopard_toad/2024/28.08.2024/6R/104MEDIA/DSCF0642.JPG,DSCF0642.JPG,6R/104MEDIA,0,Other_Amphibian,0.2344,1691.6,2175.4,1802.6,2287.2
/srv/shared_leopard_toad/2024/28.08.2024/6R/102MEDIA/DSCF0050.JPG,DSCF0050.JPG,6R/102MEDIA,0,Other_Amphibian,0.2842,2506.1,2238.6,2659.9,2439.2
/srv/shared_leopard_toad/2024/28.08.2024/6R/102MEDIA/DSCF0017.JPG,DSCF0017.JPG,6R/102MEDIA,0,Other_Amphibian,0.2032,2507.4,2241.7,2663.1,2431.0
/srv/shared_leopard_toad/2024/28.08.2024/6R/102MEDIA/DSCF0081.JPG,DSCF0081.JPG,6R/102MEDIA,0,Other_Amphibian,0.2959,2502.4,2237.2,2663.6,2433.0
/srv/shared_leopard_toad/2024/28.08.2024/6R/101MEDIA/DSCF0003.JPG,DSCF0003.JPG,6R/101MEDIA,0,Other_Amphibian,0.5283,2890.3,2046.2,3036.2,2284.8
/srv/shared_leopard_toad/2024/28.08.2024/6R/101MEDIA/DSCF0713.JPG,DSCF0713.JPG,6R/101MEDIA,0,Other_Amphibian,0.2708,2084.1,1455.1,2253.9,1625.5
/srv/shared_leopard_toad/2024/28.08.2024/6R/101MEDIA/DSCF0709.JPG,DSCF0709.JPG,6R/101MEDIA,0,Other_Amphibian,0.2544,2086.9,1456.7,2251.1,1626.4
/srv/shared_leopard_toad/2024/28.08.2024/6R/101MEDIA/DSCF0041.JPG,DSCF0041.JPG,6R/101MEDIA,0,Other_Amphibian,0.3523,2913.8,2076.9,3111.8,2287.0
/srv/shared_leopard_toad/2024/28.08.2024/6R/101MEDIA/DSCF0023.JPG,DSCF0023.JPG,6R/101MEDIA,0,Other_Amphibian,0.2394,2905.3,2001.6,3039.2,2288.9
/srv/shared_leopard_toad/2024/28.08.2024/6R/101MEDIA/DSCF0023.JPG,DSCF0023.JPG,6R/101MEDIA,0,Other_Amphibian,0.2109,2904.6,2002.6,3039.9,2292.9
/srv/shared_leopard_toad/2024/28.08.2024/6R/101MEDIA/DSCF0049.JPG,DSCF0049.JPG,6R/101MEDIA,0,Other_Amphibian,0.2820,2912.1,2077.2,3113.4,2286.7
/srv/shared_leopard_toad/2024/28.08.2024/6R/101MEDIA/DSCF0065.JPG,DSCF0065.JPG,6R/101MEDIA,0,Other_Amphibian,0.7563,2918.6,2067.1,3115.9,2289.2
/srv/shared_leopard_toad/2024/28.08.2024/6R/101MEDIA/DSCF0686.JPG,DSCF0686.JPG,6R/101MEDIA,0,Other_Amphibian,0.2625,2090.5,1457.1,2238.5,1625.9
/srv/shared_leopard_toad/2024/28.08.2024/6R/101MEDIA/DSCF0691.JPG,DSCF0691.JPG,6R/101MEDIA,0,Other_Amphibian,0.2930,2085.5,1456.5,2245.7,1626.6
/srv/shared_leopard_toad/2024/28.08.2024/6R/101MEDIA/DSCF0018.JPG,DSCF0018.JPG,6R/101MEDIA,0,Other_Amphibian,0.2133,2908.5,2004.6,3040.5,2290.9
/srv/shared_leopard_toad/2024/28.08.2024/6R/101MEDIA/DSCF0050.JPG,DSCF0050.JPG,6R/101MEDIA,0,Other_Amphibian,0.2355,2915.9,2077.6,3109.6,2286.3
/srv/shared_leopard_toad/2024/28.08.2024/6R/101MEDIA/DSCF0727.JPG,DSCF0727.JPG,6R/101MEDIA,0,Other_Amphibian,0.2278,2086.3,1456.2,2251.7,1626.9
/srv/shared_leopard_toad/2024/28.08.2024/6R/101MEDIA/DSCF0964.JPG,DSCF0964.JPG,6R/101MEDIA,0,Other_Amphibian,0.3245,2503.5,2238.7,2662.5,2429.0
/srv/shared_leopard_toad/2024/28.08.2024/6R/101MEDIA/DSCF0068.JPG,DSCF0068.JPG,6R/101MEDIA,0,Other_Amphibian,0.5620,2892.2,2066.8,3115.3,2289.4
/srv/shared_leopard_toad/2024/28.08.2024/6R/101MEDIA/DSCF0693.JPG,DSCF0693.JPG,6R/101MEDIA,0,Other_Amphibian,0.3867,2087.0,1453.8,2246.5,1626.7
/srv/shared_leopard_toad/2024/28.08.2024/6R/101MEDIA/DSCF0685.JPG,DSCF0685.JPG,6R/101MEDIA,0,Other_Amphibian,0.4133,2087.7,1459.7,2239.0,1625.9
/srv/shared_leopard_toad/2024/28.08.2024/6R/101MEDIA/DSCF0013.JPG,DSCF0013.JPG,6R/101MEDIA,0,Other_Amphibian,0.2009,2910.0,2003.1,3039.0,2287.4
/srv/shared_leopard_toad/2024/28.08.2024/6R/101MEDIA/DSCF0764.JPG,DSCF0764.JPG,6R/101MEDIA,0,Other_Amphibian,0.2240,2095.2,1481.0,2236.0,1624.9
/srv/shared_leopard_toad/2024/28.08.2024/6R/101MEDIA/DSCF0022.JPG,DSCF0022.JPG,6R/101MEDIA,0,Other_Amphibian,0.2330,2905.6,2003.1,3038.9,2287.4
/srv/shared_leopard_toad/2024/28.08.2024/6R/101MEDIA/DSCF0022.JPG,DSCF0022.JPG,6R/101MEDIA,0,Other_Amphibian,0.2029,2904.2,2000.6,3040.3,2289.9
/srv/shared_leopard_toad/2024/28.08.2024/6R/101MEDIA/DSCF0687.JPG,DSCF0687.JPG,6R/101MEDIA,0,Other_Amphibian,0.3201,2087.4,1458.2,2241.6,1627.4
/srv/shared_leopard_toad/2024/28.08.2024/6R/101MEDIA/DSCF0698.JPG,DSCF0698.JPG,6R/101MEDIA,0,Other_Amphibian,0.2128,2088.2,1452.9,2267.8,1627.7
/srv/shared_leopard_toad/2024/28.08.2024/6R/101MEDIA/DSCF0737.JPG,DSCF0737.JPG,6R/101MEDIA,0,Other_Amphibian,0.2040,2086.8,1456.8,2251.2,1626.2
/srv/shared_leopard_toad/2024/28.08.2024/6R/101MEDIA/DSCF0733.JPG,DSCF0733.JPG,6R/101MEDIA,0,Other_Amphibian,0.2283,2084.8,1455.7,2253.2,1627.4
/srv/shared_leopard_toad/2024/28.08.2024/6R/101MEDIA/DSCF0066.JPG,DSCF0066.JPG,6R/101MEDIA,0,Other_Amphibian,0.5801,2850.5,2065.3,3116.5,2293.5
/srv/shared_leopard_toad/2024/28.08.2024/6R/101MEDIA/DSCF0019.JPG,DSCF0019.JPG,6R/101MEDIA,0,Other_Amphibian,0.2654,2906.1,2002.1,3038.4,2288.4
/srv/shared_leopard_toad/2024/28.08.2024/6R/101MEDIA/DSCF0005.JPG,DSCF0005.JPG,6R/101MEDIA,0,Other_Amphibian,0.6553,2893.9,2048.1,3037.1,2285.4
/srv/shared_leopard_toad/2024/28.08.2024/6R/101MEDIA/DSCF0002.JPG,DSCF0002.JPG,6R/101MEDIA,0,Other_Amphibian,0.8926,2863.9,2061.7,3040.1,2289.5
/srv/shared_leopard_toad/2024/28.08.2024/6R/101MEDIA/DSCF0680.JPG,DSCF0680.JPG,6R/101MEDIA,0,Other_Amphibian,0.2302,2089.4,1459.6,2237.3,1626.0
/srv/shared_leopard_toad/2024/28.08.2024/6R/101MEDIA/DSCF0984.JPG,DSCF0984.JPG,6R/101MEDIA,0,Other_Amphibian,0.2020,2500.5,2238.9,2665.5,2431.3
/srv/shared_leopard_toad/2024/28.08.2024/6R/101MEDIA/DSCF0926.JPG,DSCF0926.JPG,6R/101MEDIA,0,Other_Amphibian,0.8657,1213.2,1958.7,1383.3,2159.6
/srv/shared_leopard_toad/2024/28.08.2024/6R/101MEDIA/DSCF0926.JPG,DSCF0926.JPG,6R/101MEDIA,2,Western_Leopard_Toad,0.5664,1213.2,1958.7,1383.3,2159.6
/srv/shared_leopard_toad/2024/28.08.2024/6R/101MEDIA/DSCF0241.JPG,DSCF0241.JPG,6R/101MEDIA,0,Other_Amphibian,0.7954,2449.3,2097.8,2577.2,2278.8
/srv/shared_leopard_toad/2024/28.08.2024/6R/101MEDIA/DSCF0241.JPG,DSCF0241.JPG,6R/101MEDIA,2,Western_Leopard_Toad,0.3794,2449.3,2097.8,2577.2,2278.8
/srv/shared_leopard_toad/2024/28.08.2024/6R/101MEDIA/DSCF0085.JPG,DSCF0085.JPG,6R/101MEDIA,0,Other_Amphibian,0.3232,2837.3,1963.1,3116.2,2286.9
/srv/shared_leopard_toad/2024/28.08.2024/6R/101MEDIA/DSCF0024.JPG,DSCF0024.JPG,6R/101MEDIA,0,Other_Amphibian,0.2837,2905.7,2003.3,3038.8,2287.1
/srv/shared_leopard_toad/2024/28.08.2024/6R/101MEDIA/DSCF0762.JPG,DSCF0762.JPG,6R/101MEDIA,0,Other_Amphibian,0.2313,2092.4,1472.4,2245.6,1625.9
/srv/shared_leopard_toad/2024/28.08.2024/6R/106MEDIA/DSCF0135.JPG,DSCF0135.JPG,6R/106MEDIA,0,Other_Amphibian,0.6377,2073.0,999.8,2220.0,1192.2
/srv/shared_leopard_toad/2024/28.08.2024/6R/106MEDIA/DSCF0993.JPG,DSCF0993.JPG,6R/106MEDIA,2,Western_Leopard_Toad,0.4604,1736.2,2347.4,1870.5,2449.3
/srv/shared_leopard_toad/2024/28.08.2024/6R/106MEDIA/DSCF0466.JPG,DSCF0466.JPG,6R/106MEDIA,2,Western_Leopard_Toad,0.7925,2021.6,2329.7,2183.6,2449.3
/srv/shared_leopard_toad/2024/28.08.2024/6R/106MEDIA/DSCF0911.JPG,DSCF0911.JPG,6R/106MEDIA,2,Western_Leopard_Toad,0.4551,1734.7,2347.0,1865.3,2449.7
/srv/shared_leopard_toad/2024/28.08.2024/6R/106MEDIA/DSCF0215.JPG,DSCF0215.JPG,6R/106MEDIA,0,Other_Amphibian,0.2004,3092.2,-0.4,3441.8,99.2
/srv/shared_leopard_toad/2024/28.08.2024/6R/106MEDIA/DSCF0464.JPG,DSCF0464.JPG,6R/106MEDIA,2,Western_Leopard_Toad,0.4521,2020.3,2327.6,2185.0,2448.9
/srv/shared_leopard_toad/2024/28.08.2024/6R/106MEDIA/DSCF0001.JPG,DSCF0001.JPG,6R/106MEDIA,0,Other_Amphibian,0.2128,1729.5,2237.4,1843.5,2351.7
/srv/shared_leopard_toad/2024/28.08.2024/6R/106MEDIA/DSCF0922.JPG,DSCF0922.JPG,6R/106MEDIA,2,Western_Leopard_Toad,0.5679,1736.4,2345.2,1870.4,2448.9
/srv/shared_leopard_toad/2024/28.08.2024/6R/106MEDIA/DSCF0651.JPG,DSCF0651.JPG,6R/106MEDIA,2,Western_Leopard_Toad,0.3245,3745.2,-4.4,3909.3,137.4
/srv/shared_leopard_toad/2024/28.08.2024/6R/106MEDIA/DSCF0651.JPG,DSCF0651.JPG,6R/106MEDIA,2,Western_Leopard_Toad,0.3123,2752.1,2115.7,2890.9,2298.8
/srv/shared_leopard_toad/2024/28.08.2024/6R/106MEDIA/DSCF0651.JPG,DSCF0651.JPG,6R/106MEDIA,2,Western_Leopard_Toad,0.2842,3745.8,-2.6,3908.7,140.5
/srv/shared_leopard_toad/2024/28.08.2024/6R/106MEDIA/DSCF0325.JPG,DSCF0325.JPG,6R/106MEDIA,0,Other_Amphibian,0.5317,2767.7,2109.4,2911.3,2264.6
/srv/shared_leopard_toad/2024/28.08.2024/6R/106MEDIA/DSCF0565.JPG,DSCF0565.JPG,6R/106MEDIA,0,Other_Amphibian,0.2119,3108.5,-0.1,3448.0,97.0
/srv/shared_leopard_toad/2024/28.08.2024/6R/106MEDIA/DSCF0868.JPG,DSCF0868.JPG,6R/106MEDIA,2,Western_Leopard_Toad,0.2903,1729.9,2343.1,1861.1,2448.5
/srv/shared_leopard_toad/2024/28.08.2024/6R/106MEDIA/DSCF0187.JPG,DSCF0187.JPG,6R/106MEDIA,0,Other_Amphibian,0.3933,3088.4,0.3,3441.1,101.5
/srv/shared_leopard_toad/2024/28.08.2024/6R/106MEDIA/DSCF0980.JPG,DSCF0980.JPG,6R/106MEDIA,2,Western_Leopard_Toad,0.2756,1738.0,2347.9,1868.8,2448.8
/srv/shared_leopard_toad/2024/28.08.2024/6R/106MEDIA/DSCF0193.JPG,DSCF0193.JPG,6R/106MEDIA,0,Other_Amphibian,0.3262,3093.9,-0.2,3449.1,98.4
/srv/shared_leopard_toad/2024/28.08.2024/6R/106MEDIA/DSCF0640.JPG,DSCF0640.JPG,6R/106MEDIA,0,Other_Amphibian,0.4985,2765.7,2123.3,2899.8,2291.2
/srv/shared_leopard_toad/2024/28.08.2024/6R/106MEDIA/DSCF0640.JPG,DSCF0640.JPG,6R/106MEDIA,2,Western_Leopard_Toad,0.2766,2765.7,2123.3,2899.8,2291.2
/srv/shared_leopard_toad/2024/28.08.2024/6R/106MEDIA/DSCF0891.JPG,DSCF0891.JPG,6R/106MEDIA,2,Western_Leopard_Toad,0.4084,1734.9,2346.1,1865.1,2448.1
/srv/shared_leopard_toad/2024/28.08.2024/6R/106MEDIA/DSCF0827.JPG,DSCF0827.JPG,6R/106MEDIA,0,Other_Amphibian,0.3464,2769.7,2136.3,2904.8,2313.6
/srv/shared_leopard_toad/2024/28.08.2024/6R/106MEDIA/DSCF0720.JPG,DSCF0720.JPG,6R/106MEDIA,0,Other_Amphibian,0.3076,2761.7,2116.0,2894.8,2293.4
/srv/shared_leopard_toad/2024/28.08.2024/6R/106MEDIA/DSCF0336.JPG,DSCF0336.JPG,6R/106MEDIA,0,Other_Amphibian,0.2074,2768.6,2105.4,2914.9,2263.5
/srv/shared_leopard_toad/2024/28.08.2024/6R/106MEDIA/DSCF0461.JPG,DSCF0461.JPG,6R/106MEDIA,2,Western_Leopard_Toad,0.7109,2019.7,2329.5,2183.3,2449.5
/srv/shared_leopard_toad/2024/28.08.2024/6R/106MEDIA/DSCF0458.JPG,DSCF0458.JPG,6R/106MEDIA,2,Western_Leopard_Toad,0.3342,2022.0,2329.6,2183.3,2449.4
/srv/shared_leopard_toad/2024/28.08.2024/6R/106MEDIA/DSCF0344.JPG,DSCF0344.JPG,6R/106MEDIA,0,Other_Amphibian,0.2517,3087.7,-0.8,3450.8,97.7
/srv/shared_leopard_toad/2024/28.08.2024/6R/106MEDIA/DSCF0501.JPG,DSCF0501.JPG,6R/106MEDIA,0,Other_Amphibian,0.2175,3107.2,-0.8,3449.2,96.7
/srv/shared_leopard_toad/2024/28.08.2024/6R/106MEDIA/DSCF0489.JPG,DSCF0489.JPG,6R/106MEDIA,0,Other_Amphibian,0.2993,3098.7,-0.4,3448.8,95.5
/srv/shared_leopard_toad/2024/28.08.2024/6R/106MEDIA/DSCF0390.JPG,DSCF0390.JPG,6R/106MEDIA,0,Other_Amphibian,0.2303,2767.6,2111.1,2911.4,2268.0
/srv/shared_leopard_toad/2024/28.08.2024/6R/106MEDIA/DSCF0807.JPG,DSCF0807.JPG,6R/106MEDIA,0,Other_Amphibian,0.3076,2770.3,2136.6,2904.2,2313.3
/srv/shared_leopard_toad/2024/28.08.2024/6R/106MEDIA/DSCF0304.JPG,DSCF0304.JPG,6R/106MEDIA,0,Other_Amphibian,0.3728,3082.6,0.0,3446.9,98.0
/srv/shared_leopard_toad/2024/28.08.2024/6R/106MEDIA/DSCF0207.JPG,DSCF0207.JPG,6R/106MEDIA,0,Other_Amphibian,0.3350,3095.4,-0.6,3443.1,97.5
/srv/shared_leopard_toad/2024/28.08.2024/6R/106MEDIA/DSCF0393.JPG,DSCF0393.JPG,6R/106MEDIA,0,Other_Amphibian,0.5474,2768.3,2110.0,2910.7,2266.6
/srv/shared_leopard_toad/2024/28.08.2024/6R/106MEDIA/DSCF0403.JPG,DSCF0403.JPG,6R/106MEDIA,2,Western_Leopard_Toad,0.5176,2443.6,2324.2,2582.9,2449.7
/srv/shared_leopard_toad/2024/28.08.2024/6R/106MEDIA/DSCF0895.JPG,DSCF0895.JPG,6R/106MEDIA,2,Western_Leopard_Toad,0.3711,1734.7,2347.3,1865.3,2449.5
/srv/shared_leopard_toad/2024/28.08.2024/6R/106MEDIA/DSCF0549.JPG,DSCF0549.JPG,6R/106MEDIA,0,Other_Amphibian,0.2070,3105.0,-0.2,3451.5,95.3
/srv/shared_leopard_toad/2024/28.08.2024/6R/106MEDIA/DSCF0649.JPG,DSCF0649.JPG,6R/106MEDIA,2,Western_Leopard_Toad,0.3479,2753.6,2117.3,2893.9,2297.2
/srv/shared_leopard_toad/2024/28.08.2024/6R/106MEDIA/DSCF0649.JPG,DSCF0649.JPG,6R/106MEDIA,0,Other_Amphibian,0.2487,2753.6,2117.3,2893.9,2297.2
/srv/shared_leopard_toad/2024/28.08.2024/6R/106MEDIA/DSCF0912.JPG,DSCF0912.JPG,6R/106MEDIA,2,Western_Leopard_Toad,0.3145,1734.1,2344.3,1865.9,2447.4
/srv/shared_leopard_toad/2024/28.08.2024/6R/106MEDIA/DSCF0899.JPG,DSCF0899.JPG,6R/106MEDIA,2,Western_Leopard_Toad,0.3625,1733.7,2345.8,1866.3,2448.4
/srv/shared_leopard_toad/2024/28.08.2024/6R/106MEDIA/DSCF0394.JPG,DSCF0394.JPG,6R/106MEDIA,0,Other_Amphibian,0.4265,2769.2,2110.2,2909.8,2266.3
/srv/shared_leopard_toad/2024/28.08.2024/6R/106MEDIA/DSCF0476.JPG,DSCF0476.JPG,6R/106MEDIA,2,Western_Leopard_Toad,0.6963,2021.6,2329.9,2183.6,2449.1
/srv/shared_leopard_toad/2024/28.08.2024/6R/106MEDIA/DSCF0994.JPG,DSCF0994.JPG,6R/106MEDIA,2,Western_Leopard_Toad,0.3123,1736.7,2347.9,1867.8,2448.9
/srv/shared_leopard_toad/2024/28.08.2024/6R/106MEDIA/DSCF0439.JPG,DSCF0439.JPG,6R/106MEDIA,2,Western_Leopard_Toad,0.5977,2021.2,2330.5,2179.5,2451.0
/srv/shared_leopard_toad/2024/28.08.2024/6R/106MEDIA/DSCF0979.JPG,DSCF0979.JPG,6R/106MEDIA,2,Western_Leopard_Toad,0.3296,1738.2,2347.3,1868.5,2449.5
/srv/shared_leopard_toad/2024/28.08.2024/6R/106MEDIA/DSCF0305.JPG,DSCF0305.JPG,6R/106MEDIA,2,Western_Leopard_Toad,0.3843,2025.9,2329.9,2195.1,2449.1
/srv/shared_leopard_toad/2024/28.08.2024/6R/106MEDIA/DSCF0305.JPG,DSCF0305.JPG,6R/106MEDIA,0,Other_Amphibian,0.2849,3091.9,-0.6,3451.1,97.5
/srv/shared_leopard_toad/2024/28.08.2024/6R/106MEDIA/DSCF0880.JPG,DSCF0880.JPG,6R/106MEDIA,0,Other_Amphibian,0.2727,2771.4,2134.6,2907.6,2312.9
/srv/shared_leopard_toad/2024/28.08.2024/6R/106MEDIA/DSCF0938.JPG,DSCF0938.JPG,6R/106MEDIA,2,Western_Leopard_Toad,0.3035,1736.5,2347.5,1870.3,2449.3
/srv/shared_leopard_toad/2024/28.08.2024/6R/106MEDIA/DSCF0870.JPG,DSCF0870.JPG,6R/106MEDIA,2,Western_Leopard_Toad,0.4900,1731.5,2343.6,1864.0,2448.1
/srv/shared_leopard_toad/2024/28.08.2024/6R/106MEDIA/DSCF0923.JPG,DSCF0923.JPG,6R/106MEDIA,2,Western_Leopard_Toad,0.4956,1735.0,2344.1,1869.5,2447.6
/srv/shared_leopard_toad/2024/28.08.2024/6R/106MEDIA/DSCF0936.JPG,DSCF0936.JPG,6R/106MEDIA,2,Western_Leopard_Toad,0.2905,1737.1,2347.0,1869.6,2449.7
/srv/shared_leopard_toad/2024/28.08.2024/6R/106MEDIA/DSCF0324.JPG,DSCF0324.JPG,6R/106MEDIA,0,Other_Amphibian,0.4109,2768.4,2108.1,2910.6,2263.3
/srv/shared_leopard_toad/2024/28.08.2024/6R/106MEDIA/DSCF0866.JPG,DSCF0866.JPG,6R/106MEDIA,2,Western_Leopard_Toad,0.5073,1733.2,2343.6,1864.5,2448.1
/srv/shared_leopard_toad/2024/28.08.2024/6R/106MEDIA/DSCF0581.JPG,DSCF0581.JPG,6R/106MEDIA,2,Western_Leopard_Toad,0.3245,2766.2,2126.2,2899.3,2298.5
/srv/shared_leopard_toad/2024/28.08.2024/6R/106MEDIA/DSCF0026.JPG,DSCF0026.JPG,6R/106MEDIA,0,Other_Amphibian,0.4043,1729.1,2234.7,1843.9,2352.0
/srv/shared_leopard_toad/2024/28.08.2024/6R/106MEDIA/DSCF0568.JPG,DSCF0568.JPG,6R/106MEDIA,2,Western_Leopard_Toad,0.3794,2759.1,2124.9,2915.4,2302.3
/srv/shared_leopard_toad/2024/28.08.2024/6R/106MEDIA/DSCF0854.JPG,DSCF0854.JPG,6R/106MEDIA,2,Western_Leopard_Toad,0.6738,1731.6,2344.8,1863.9,2449.3
/srv/shared_leopard_toad/2024/28.08.2024/6R/106MEDIA/DSCF0851.JPG,DSCF0851.JPG,6R/106MEDIA,2,Western_Leopard_Toad,0.6626,1732.5,2344.6,1865.2,2449.6
/srv/shared_leopard_toad/2024/28.08.2024/6R/106MEDIA/DSCF0851.JPG,DSCF0851.JPG,6R/106MEDIA,0,Other_Amphibian,0.3281,1732.5,2344.6,1865.2,2449.6
/srv/shared_leopard_toad/2024/28.08.2024/6R/106MEDIA/DSCF0906.JPG,DSCF0906.JPG,6R/106MEDIA,2,Western_Leopard_Toad,0.3621,1734.5,2345.1,1865.5,2449.1
/srv/shared_leopard_toad/2024/28.08.2024/6R/106MEDIA/DSCF0402.JPG,DSCF0402.JPG,6R/106MEDIA,2,Western_Leopard_Toad,0.3584,2442.2,2324.6,2584.3,2449.3
/srv/shared_leopard_toad/2024/28.08.2024/6R/106MEDIA/DSCF0301.JPG,DSCF0301.JPG,6R/106MEDIA,2,Western_Leopard_Toad,0.5132,2021.3,2329.9,2190.7,2449.1
/srv/shared_leopard_toad/2024/28.08.2024/6R/106MEDIA/DSCF0924.JPG,DSCF0924.JPG,6R/106MEDIA,2,Western_Leopard_Toad,0.3831,1736.7,2345.5,1872.3,2448.7
/srv/shared_leopard_toad/2024/28.08.2024/6R/106MEDIA/DSCF0924.JPG,DSCF0924.JPG,6R/106MEDIA,0,Other_Amphibian,0.2059,2774.8,2134.1,2904.2,2313.3
/srv/shared_leopard_toad/2024/28.08.2024/6R/106MEDIA/DSCF0373.JPG,DSCF0373.JPG,6R/106MEDIA,0,Other_Amphibian,0.2234,2768.6,2111.9,2910.4,2267.1
/srv/shared_leopard_toad/2024/28.08.2024/6R/106MEDIA/DSCF0871.JPG,DSCF0871.JPG,6R/106MEDIA,2,Western_Leopard_Toad,0.4187,1733.5,2343.6,1864.3,2448.1
/srv/shared_leopard_toad/2024/28.08.2024/6R/106MEDIA/DSCF0944.JPG,DSCF0944.JPG,6R/106MEDIA,0,Other_Amphibian,0.2292,2772.0,2136.1,2902.5,2311.3
/srv/shared_leopard_toad/2024/28.08.2024/6R/106MEDIA/DSCF0873.JPG,DSCF0873.JPG,6R/106MEDIA,2,Western_Leopard_Toad,0.4622,1731.5,2343.6,1864.0,2448.1
/srv/shared_leopard_toad/2024/28.08.2024/6R/106MEDIA/DSCF0505.JPG,DSCF0505.JPG,6R/106MEDIA,0,Other_Amphibian,0.2034,3104.4,-0.9,3452.1,95.2
/srv/shared_leopard_toad/2024/28.08.2024/6R/106MEDIA/DSCF0308.JPG,DSCF0308.JPG,6R/106MEDIA,2,Western_Leopard_Toad,0.5771,2026.1,2329.1,2194.9,2449.9
/srv/shared_leopard_toad/2024/28.08.2024/6R/106MEDIA/DSCF0385.JPG,DSCF0385.JPG,6R/106MEDIA,0,Other_Amphibian,0.4890,2771.3,2108.8,2912.2,2265.2
/srv/shared_leopard_toad/2024/28.08.2024/6R/106MEDIA/DSCF0896.JPG,DSCF0896.JPG,6R/106MEDIA,2,Western_Leopard_Toad,0.4607,1734.6,2346.9,1865.4,2449.8
/srv/shared_leopard_toad/2024/28.08.2024/6R/106MEDIA/DSCF0925.JPG,DSCF0925.JPG,6R/106MEDIA,2,Western_Leopard_Toad,0.3367,1735.1,2345.2,1869.4,2448.9
/srv/shared_leopard_toad/2024/28.08.2024/6R/106MEDIA/DSCF0303.JPG,DSCF0303.JPG,6R/106MEDIA,0,Other_Amphibian,0.3816,3095.2,-0.2,3447.8,101.1
/srv/shared_leopard_toad/2024/28.08.2024/6R/106MEDIA/DSCF0853.JPG,DSCF0853.JPG,6R/106MEDIA,2,Western_Leopard_Toad,0.3596,1730.0,2343.6,1861.0,2448.1
/srv/shared_leopard_toad/2024/28.08.2024/6R/106MEDIA/DSCF0858.JPG,DSCF0858.JPG,6R/106MEDIA,2,Western_Leopard_Toad,0.5737,1728.4,2343.7,1862.6,2448.0
/srv/shared_leopard_toad/2024/28.08.2024/6R/106MEDIA/DSCF0988.JPG,DSCF0988.JPG,6R/106MEDIA,2,Western_Leopard_Toad,0.2573,1737.6,2347.7,1869.2,2449.1
/srv/shared_leopard_toad/2024/28.08.2024/6R/106MEDIA/DSCF0057.JPG,DSCF0057.JPG,6R/106MEDIA,0,Other_Amphibian,0.2133,1727.2,2232.8,1845.8,2353.9
/srv/shared_leopard_toad/2024/28.08.2024/6R/106MEDIA/DSCF0652.JPG,DSCF0652.JPG,6R/106MEDIA,2,Western_Leopard_Toad,0.7227,2750.7,2116.5,2892.3,2295.4
/srv/shared_leopard_toad/2024/28.08.2024/6R/106MEDIA/DSCF0652.JPG,DSCF0652.JPG,6R/106MEDIA,0,Other_Amphibian,0.2378,2750.7,2116.5,2892.3,2295.4
/srv/shared_leopard_toad/2024/28.08.2024/6R/106MEDIA/DSCF0878.JPG,DSCF0878.JPG,6R/106MEDIA,2,Western_Leopard_Toad,0.4475,1732.9,2345.4,1864.9,2448.7
/srv/shared_leopard_toad/2024/28.08.2024/6R/106MEDIA/DSCF0174.JPG,DSCF0174.JPG,6R/106MEDIA,0,Other_Amphibian,0.2251,3101.3,-1.1,3441.7,97.7
/srv/shared_leopard_toad/2024/28.08.2024/6R/106MEDIA/DSCF0864.JPG,DSCF0864.JPG,6R/106MEDIA,2,Western_Leopard_Toad,0.4341,1732.6,2344.9,1865.1,2449.3
/srv/shared_leopard_toad/2024/28.08.2024/6R/106MEDIA/DSCF0989.JPG,DSCF0989.JPG,6R/106MEDIA,2,Western_Leopard_Toad,0.4919,1738.0,2347.7,1868.8,2449.1
/srv/shared_leopard_toad/2024/28.08.2024/6R/106MEDIA/DSCF0653.JPG,DSCF0653.JPG,6R/106MEDIA,2,Western_Leopard_Toad,0.2781,2750.9,2115.0,2892.1,2297.0
/srv/shared_leopard_toad/2024/28.08.2024/6R/106MEDIA/DSCF0848.JPG,DSCF0848.JPG,6R/106MEDIA,2,Western_Leopard_Toad,0.5879,1730.4,2343.1,1860.6,2448.5
/srv/shared_leopard_toad/2024/28.08.2024/6R/106MEDIA/DSCF0848.JPG,DSCF0848.JPG,6R/106MEDIA,0,Other_Amphibian,0.2175,1730.4,2343.1,1860.6,2448.5
/srv/shared_leopard_toad/2024/28.08.2024/6R/106MEDIA/DSCF0145.JPG,DSCF0145.JPG,6R/106MEDIA,2,Western_Leopard_Toad,0.2563,4493.1,455.4,4610.4,576.7
/srv/shared_leopard_toad/2024/28.08.2024/6R/106MEDIA/DSCF0861.JPG,DSCF0861.JPG,6R/106MEDIA,2,Western_Leopard_Toad,0.5796,1729.7,2343.4,1861.3,2448.3
/srv/shared_leopard_toad/2024/28.08.2024/6R/106MEDIA/DSCF0295.JPG,DSCF0295.JPG,6R/106MEDIA,2,Western_Leopard_Toad,0.5947,2023.2,2328.9,2191.1,2450.1
/srv/shared_leopard_toad/2024/28.08.2024/6R/106MEDIA/DSCF0384.JPG,DSCF0384.JPG,6R/106MEDIA,0,Other_Amphibian,0.2225,2769.1,2110.4,2909.9,2266.1
/srv/shared_leopard_toad/2024/28.08.2024/6R/106MEDIA/DSCF0930.JPG,DSCF0930.JPG,6R/106MEDIA,2,Western_Leopard_Toad,0.4775,1736.7,2345.4,1870.0,2448.7
/srv/shared_leopard_toad/2024/28.08.2024/6R/106MEDIA/DSCF0320.JPG,DSCF0320.JPG,6R/106MEDIA,0,Other_Amphibian,0.3079,2765.9,2106.3,2908.6,2265.2
/srv/shared_leopard_toad/2024/28.08.2024/6R/106MEDIA/DSCF0320.JPG,DSCF0320.JPG,6R/106MEDIA,0,Other_Amphibian,0.2166,3094.9,-0.2,3452.6,97.1
/srv/shared_leopard_toad/2024/28.08.2024/6R/106MEDIA/DSCF0898.JPG,DSCF0898.JPG,6R/106MEDIA,2,Western_Leopard_Toad,0.4978,1734.5,2344.0,1865.5,2447.7
/srv/shared_leopard_toad/2024/28.08.2024/6R/106MEDIA/DSCF0307.JPG,DSCF0307.JPG,6R/106MEDIA,2,Western_Leopard_Toad,0.3696,2026.3,2329.7,2194.7,2449.3
/srv/shared_leopard_toad/2024/28.08.2024/6R/106MEDIA/DSCF0931.JPG,DSCF0931.JPG,6R/106MEDIA,2,Western_Leopard_Toad,0.3293,1737.0,2343.9,1869.8,2447.8
/srv/shared_leopard_toad/2024/28.08.2024/6R/106MEDIA/DSCF0106.JPG,DSCF0106.JPG,6R/106MEDIA,0,Other_Amphibian,0.2070,3091.9,-1.3,3428.6,89.6
/srv/shared_leopard_toad/2024/28.08.2024/6R/106MEDIA/DSCF0738.JPG,DSCF0738.JPG,6R/106MEDIA,0,Other_Amphibian,0.2856,2758.6,2115.6,2893.4,2293.9
/srv/shared_leopard_toad/2024/28.08.2024/6R/106MEDIA/DSCF0576.JPG,DSCF0576.JPG,6R/106MEDIA,2,Western_Leopard_Toad,0.8394,2765.0,2123.0,2905.0,2296.6
/srv/shared_leopard_toad/2024/28.08.2024/6R/106MEDIA/DSCF0856.JPG,DSCF0856.JPG,6R/106MEDIA,2,Western_Leopard_Toad,0.5522,1732.9,2343.3,1862.6,2448.4
/srv/shared_leopard_toad/2024/28.08.2024/6R/106MEDIA/DSCF0856.JPG,DSCF0856.JPG,6R/106MEDIA,0,Other_Amphibian,0.2123,1732.9,2343.3,1862.6,2448.4
/srv/shared_leopard_toad/2024/28.08.2024/6R/106MEDIA/DSCF0472.JPG,DSCF0472.JPG,6R/106MEDIA,2,Western_Leopard_Toad,0.6191,2025.6,2331.3,2186.4,2450.2
/srv/shared_leopard_toad/2024/28.08.2024/6R/106MEDIA/DSCF0396.JPG,DSCF0396.JPG,6R/106MEDIA,0,Other_Amphibian,0.5044,2769.6,2108.7,2909.4,2265.3
/srv/shared_leopard_toad/2024/28.08.2024/6R/106MEDIA/DSCF0721.JPG,DSCF0721.JPG,6R/106MEDIA,0,Other_Amphibian,0.2007,2762.6,2117.5,2893.9,2297.0
/srv/shared_leopard_toad/2024/28.08.2024/6R/106MEDIA/DSCF0927.JPG,DSCF0927.JPG,6R/106MEDIA,2,Western_Leopard_Toad,0.4470,1736.4,2345.4,1870.4,2448.7
/srv/shared_leopard_toad/2024/28.08.2024/6R/106MEDIA/DSCF0888.JPG,DSCF0888.JPG,6R/106MEDIA,2,Western_Leopard_Toad,0.2788,1734.1,2345.5,1865.9,2448.7
/srv/shared_leopard_toad/2024/28.08.2024/6R/106MEDIA/DSCF0908.JPG,DSCF0908.JPG,6R/106MEDIA,2,Western_Leopard_Toad,0.3699,1735.0,2345.2,1862.8,2448.9
/srv/shared_leopard_toad/2024/28.08.2024/6R/106MEDIA/DSCF0386.JPG,DSCF0386.JPG,6R/106MEDIA,0,Other_Amphibian,0.2988,2772.3,2110.0,2911.2,2266.6
/srv/shared_leopard_toad/2024/28.08.2024/6R/106MEDIA/DSCF0023.JPG,DSCF0023.JPG,6R/106MEDIA,0,Other_Amphibian,0.2374,1727.4,2233.5,1845.6,2350.6
/srv/shared_leopard_toad/2024/28.08.2024/6R/106MEDIA/DSCF0023.JPG,DSCF0023.JPG,6R/106MEDIA,0,Other_Amphibian,0.2205,1727.5,2233.2,1845.5,2350.9
/srv/shared_leopard_toad/2024/28.08.2024/6R/106MEDIA/DSCF0399.JPG,DSCF0399.JPG,6R/106MEDIA,0,Other_Amphibian,0.4429,2768.4,2108.3,2910.6,2265.7
/srv/shared_leopard_toad/2024/28.08.2024/6R/106MEDIA/DSCF0399.JPG,DSCF0399.JPG,6R/106MEDIA,2,Western_Leopard_Toad,0.3169,2443.6,2322.5,2587.4,2448.9
/srv/shared_leopard_toad/2024/28.08.2024/6R/106MEDIA/DSCF0474.JPG,DSCF0474.JPG,6R/106MEDIA,2,Western_Leopard_Toad,0.7046,2022.0,2330.2,2183.3,2448.8
/srv/shared_leopard_toad/2024/28.08.2024/6R/106MEDIA/DSCF0872.JPG,DSCF0872.JPG,6R/106MEDIA,2,Western_Leopard_Toad,0.3794,1734.2,2343.2,1865.8,2448.5
/srv/shared_leopard_toad/2024/28.08.2024/6R/106MEDIA/DSCF0892.JPG,DSCF0892.JPG,6R/106MEDIA,2,Western_Leopard_Toad,0.4302,1733.3,2345.3,1866.7,2448.9
/srv/shared_leopard_toad/2024/28.08.2024/6R/106MEDIA/DSCF0335.JPG,DSCF0335.JPG,6R/106MEDIA,0,Other_Amphibian,0.2247,2764.0,2108.1,2910.5,2265.9
/srv/shared_leopard_toad/2024/28.08.2024/6R/106MEDIA/DSCF0877.JPG,DSCF0877.JPG,6R/106MEDIA,2,Western_Leopard_Toad,0.3433,1735.0,2345.4,1867.3,2448.7
/srv/shared_leopard_toad/2024/28.08.2024/6R/106MEDIA/DSCF0890.JPG,DSCF0890.JPG,6R/106MEDIA,2,Western_Leopard_Toad,0.4104,1735.1,2345.5,1867.1,2448.7
/srv/shared_leopard_toad/2024/28.08.2024/6R/106MEDIA/DSCF0223.JPG,DSCF0223.JPG,6R/106MEDIA,0,Other_Amphibian,0.2463,3096.1,0.2,3451.4,98.6
/srv/shared_leopard_toad/2024/28.08.2024/6R/106MEDIA/DSCF0127.JPG,DSCF0127.JPG,6R/106MEDIA,0,Other_Amphibian,0.2108,3084.9,-0.9,3440.1,92.3
/srv/shared_leopard_toad/2024/28.08.2024/6R/106MEDIA/DSCF0363.JPG,DSCF0363.JPG,6R/106MEDIA,0,Other_Amphibian,0.3123,2767.1,2109.0,2907.4,2265.0
/srv/shared_leopard_toad/2024/28.08.2024/6R/106MEDIA/DSCF0186.JPG,DSCF0186.JPG,6R/106MEDIA,0,Other_Amphibian,0.2133,3095.4,-1.2,3452.1,98.3
/srv/shared_leopard_toad/2024/28.08.2024/6R/106MEDIA/DSCF0196.JPG,DSCF0196.JPG,6R/106MEDIA,0,Other_Amphibian,0.2330,3090.7,-0.3,3447.8,98.5
/srv/shared_leopard_toad/2024/28.08.2024/6R/106MEDIA/DSCF0577.JPG,DSCF0577.JPG,6R/106MEDIA,2,Western_Leopard_Toad,0.5347,2764.2,2124.1,2901.3,2298.0
/srv/shared_leopard_toad/2024/28.08.2024/6R/106MEDIA/DSCF0478.JPG,DSCF0478.JPG,6R/106MEDIA,2,Western_Leopard_Toad,0.3999,2025.4,2329.9,2186.6,2449.1
/srv/shared_leopard_toad/2024/28.08.2024/6R/106MEDIA/DSCF0123.JPG,DSCF0123.JPG,6R/106MEDIA,0,Other_Amphibian,0.3652,3089.2,-0.2,3435.8,92.0
/srv/shared_leopard_toad/2024/28.08.2024/6R/106MEDIA/DSCF0907.JPG,DSCF0907.JPG,6R/106MEDIA,2,Western_Leopard_Toad,0.4404,1735.6,2347.4,1864.4,2449.3
/srv/shared_leopard_toad/2024/28.08.2024/6R/106MEDIA/DSCF0511.JPG,DSCF0511.JPG,6R/106MEDIA,2,Western_Leopard_Toad,0.2825,1983.1,2030.9,2462.9,2449.5
/srv/shared_leopard_toad/2024/28.08.2024/6R/106MEDIA/DSCF0483.JPG,DSCF0483.JPG,6R/106MEDIA,2,Western_Leopard_Toad,0.4854,2024.4,2332.3,2187.6,2449.2
/srv/shared_leopard_toad/2024/28.08.2024/6R/106MEDIA/DSCF0937.JPG,DSCF0937.JPG,6R/106MEDIA,2,Western_Leopard_Toad,0.3181,1737.1,2347.5,1869.6,2449.3
/srv/shared_leopard_toad/2024/28.08.2024/6R/106MEDIA/DSCF0333.JPG,DSCF0333.JPG,6R/106MEDIA,0,Other_Amphibian,0.3787,2768.6,2106.3,2910.4,2262.6
/srv/shared_leopard_toad/2024/28.08.2024/6R/106MEDIA/DSCF0482.JPG,DSCF0482.JPG,6R/106MEDIA,2,Western_Leopard_Toad,0.2944,2026.6,2332.3,2187.6,2449.2
/srv/shared_leopard_toad/2024/28.08.2024/6R/106MEDIA/DSCF0113.JPG,DSCF0113.JPG,6R/106MEDIA,0,Other_Amphibian,0.2059,3087.7,-0.4,3432.8,90.1
/srv/shared_leopard_toad/2024/28.08.2024/6R/106MEDIA/DSCF0387.JPG,DSCF0387.JPG,6R/106MEDIA,0,Other_Amphibian,0.3440,2771.8,2110.1,2911.7,2266.4
/srv/shared_leopard_toad/2024/28.08.2024/6R/106MEDIA/DSCF0867.JPG,DSCF0867.JPG,6R/106MEDIA,2,Western_Leopard_Toad,0.3596,1732.5,2345.3,1865.2,2448.9
/srv/shared_leopard_toad/2024/28.08.2024/6R/106MEDIA/DSCF0942.JPG,DSCF0942.JPG,6R/106MEDIA,0,Other_Amphibian,0.2229,2774.1,2138.0,2904.9,2311.9
/srv/shared_leopard_toad/2024/28.08.2024/6R/106MEDIA/DSCF0130.JPG,DSCF0130.JPG,6R/106MEDIA,0,Other_Amphibian,0.2571,3090.2,-0.2,3439.3,90.7
/srv/shared_leopard_toad/2024/28.08.2024/6R/106MEDIA/DSCF0391.JPG,DSCF0391.JPG,6R/106MEDIA,0,Other_Amphibian,0.2379,2766.7,2110.1,2907.8,2266.4
/srv/shared_leopard_toad/2024/28.08.2024/6R/106MEDIA/DSCF0904.JPG,DSCF0904.JPG,6R/106MEDIA,2,Western_Leopard_Toad,0.7471,1734.9,2345.1,1865.1,2449.1
/srv/shared_leopard_toad/2024/28.08.2024/6R/106MEDIA/DSCF0735.JPG,DSCF0735.JPG,6R/106MEDIA,0,Other_Amphibian,0.3528,2762.5,2114.1,2894.0,2295.4
/srv/shared_leopard_toad/2024/28.08.2024/6R/106MEDIA/DSCF0192.JPG,DSCF0192.JPG,6R/106MEDIA,0,Other_Amphibian,0.2238,3086.3,0.2,3456.7,97.5
/srv/shared_leopard_toad/2024/28.08.2024/6R/106MEDIA/DSCF0018.JPG,DSCF0018.JPG,6R/106MEDIA,0,Other_Amphibian,0.2397,1728.9,2237.3,1844.1,2351.8
/srv/shared_leopard_toad/2024/28.08.2024/6R/106MEDIA/DSCF0794.JPG,DSCF0794.JPG,6R/106MEDIA,0,Other_Amphibian,0.2043,2770.5,2136.3,2904.0,2313.6
/srv/shared_leopard_toad/2024/28.08.2024/6R/106MEDIA/DSCF0940.JPG,DSCF0940.JPG,6R/106MEDIA,2,Western_Leopard_Toad,0.3235,1736.6,2345.6,1867.9,2448.5
/srv/shared_leopard_toad/2024/28.08.2024/6R/106MEDIA/DSCF0902.JPG,DSCF0902.JPG,6R/106MEDIA,2,Western_Leopard_Toad,0.4741,1734.5,2345.2,1865.5,2448.9
/srv/shared_leopard_toad/2024/28.08.2024/6R/106MEDIA/DSCF0883.JPG,DSCF0883.JPG,6R/106MEDIA,0,Other_Amphibian,0.2247,2771.8,2138.8,2907.2,2313.6
/srv/shared_leopard_toad/2024/28.08.2024/6R/106MEDIA/DSCF0826.JPG,DSCF0826.JPG,6R/106MEDIA,0,Other_Amphibian,0.5249,2771.0,2135.0,2903.5,2312.4
/srv/shared_leopard_toad/2024/28.08.2024/6R/106MEDIA/DSCF0826.JPG,DSCF0826.JPG,6R/106MEDIA,2,Western_Leopard_Toad,0.2881,2771.0,2135.0,2903.5,2312.4
/srv/shared_leopard_toad/2024/28.08.2024/6R/106MEDIA/DSCF0463.JPG,DSCF0463.JPG,6R/106MEDIA,2,Western_Leopard_Toad,0.6997,2023.3,2329.4,2181.9,2449.6
/srv/shared_leopard_toad/2024/28.08.2024/6R/106MEDIA/DSCF0327.JPG,DSCF0327.JPG,6R/106MEDIA,0,Other_Amphibian,0.3103,2768.7,2107.0,2910.3,2264.5
/srv/shared_leopard_toad/2024/28.08.2024/6R/106MEDIA/DSCF0727.JPG,DSCF0727.JPG,6R/106MEDIA,0,Other_Amphibian,0.2029,2762.9,2118.3,2893.6,2296.2
/srv/shared_leopard_toad/2024/28.08.2024/6R/106MEDIA/DSCF0909.JPG,DSCF0909.JPG,6R/106MEDIA,2,Western_Leopard_Toad,0.4182,1735.9,2347.1,1864.1,2449.6
/srv/shared_leopard_toad/2024/28.08.2024/6R/106MEDIA/DSCF0967.JPG,DSCF0967.JPG,6R/106MEDIA,2,Western_Leopard_Toad,0.5415,1738.0,2347.5,1868.8,2449.3
/srv/shared_leopard_toad/2024/28.08.2024/6R/106MEDIA/DSCF0903.JPG,DSCF0903.JPG,6R/106MEDIA,2,Western_Leopard_Toad,0.3850,1735.1,2345.2,1864.9,2448.9
/srv/shared_leopard_toad/2024/28.08.2024/6R/106MEDIA/DSCF0997.JPG,DSCF0997.JPG,6R/106MEDIA,2,Western_Leopard_Toad,0.4060,1736.0,2345.9,1866.3,2448.3
/srv/shared_leopard_toad/2024/28.08.2024/6R/106MEDIA/DSCF0381.JPG,DSCF0381.JPG,6R/106MEDIA,0,Other_Amphibian,0.2842,2769.4,2111.1,2909.6,2265.4
/srv/shared_leopard_toad/2024/28.08.2024/6R/106MEDIA/DSCF0365.JPG,DSCF0365.JPG,6R/106MEDIA,0,Other_Amphibian,0.2303,2768.6,2109.1,2910.4,2264.9
/srv/shared_leopard_toad/2024/28.08.2024/6R/106MEDIA/DSCF0365.JPG,DSCF0365.JPG,6R/106MEDIA,0,Other_Amphibian,0.2238,3083.5,-0.5,3450.5,97.5
/srv/shared_leopard_toad/2024/28.08.2024/6R/106MEDIA/DSCF0913.JPG,DSCF0913.JPG,6R/106MEDIA,2,Western_Leopard_Toad,0.3953,1735.1,2343.3,1867.1,2448.4
/srv/shared_leopard_toad/2024/28.08.2024/6R/106MEDIA/DSCF0188.JPG,DSCF0188.JPG,6R/106MEDIA,0,Other_Amphibian,0.3171,3087.1,-0.1,3446.9,100.2
/srv/shared_leopard_toad/2024/28.08.2024/6R/106MEDIA/DSCF0947.JPG,DSCF0947.JPG,6R/106MEDIA,2,Western_Leopard_Toad,0.2903,1738.6,2347.5,1868.1,2449.3
/srv/shared_leopard_toad/2024/28.08.2024/6R/106MEDIA/DSCF0844.JPG,DSCF0844.JPG,6R/106MEDIA,2,Western_Leopard_Toad,0.5410,1733.9,2344.4,1872.8,2449.8
/srv/shared_leopard_toad/2024/28.08.2024/6R/106MEDIA/DSCF0844.JPG,DSCF0844.JPG,6R/106MEDIA,0,Other_Amphibian,0.3552,1733.9,2344.4,1872.8,2449.8
/srv/shared_leopard_toad/2024/28.08.2024/6R/106MEDIA/DSCF0133.JPG,DSCF0133.JPG,6R/106MEDIA,0,Other_Amphibian,0.2285,3077.7,-0.8,3438.3,92.9
/srv/shared_leopard_toad/2024/28.08.2024/6R/106MEDIA/DSCF0181.JPG,DSCF0181.JPG,6R/106MEDIA,0,Other_Amphibian,0.2522,3096.4,-0.8,3442.1,98.6
/srv/shared_leopard_toad/2024/28.08.2024/6R/106MEDIA/DSCF0849.JPG,DSCF0849.JPG,6R/106MEDIA,2,Western_Leopard_Toad,0.6177,1729.6,2342.8,1861.4,2448.9
/srv/shared_leopard_toad/2024/28.08.2024/6R/106MEDIA/DSCF0849.JPG,DSCF0849.JPG,6R/106MEDIA,0,Other_Amphibian,0.2198,1729.6,2342.8,1861.4,2448.9
/srv/shared_leopard_toad/2024/28.08.2024/6R/106MEDIA/DSCF0918.JPG,DSCF0918.JPG,6R/106MEDIA,2,Western_Leopard_Toad,0.5972,1736.9,2345.1,1869.9,2449.1
/srv/shared_leopard_toad/2024/28.08.2024/6R/106MEDIA/DSCF0801.JPG,DSCF0801.JPG,6R/106MEDIA,0,Other_Amphibian,0.2104,2770.6,2133.6,2903.9,2313.8
/srv/shared_leopard_toad/2024/28.08.2024/6R/106MEDIA/DSCF0705.JPG,DSCF0705.JPG,6R/106MEDIA,0,Other_Amphibian,0.2029,2761.0,2117.9,2895.5,2296.6
/srv/shared_leopard_toad/2024/28.08.2024/6R/106MEDIA/DSCF0319.JPG,DSCF0319.JPG,6R/106MEDIA,0,Other_Amphibian,0.2273,3082.5,0.3,3451.5,97.6
/srv/shared_leopard_toad/2024/28.08.2024/6R/106MEDIA/DSCF0319.JPG,DSCF0319.JPG,6R/106MEDIA,0,Other_Amphibian,0.2172,2767.4,2104.0,2911.6,2265.0
/srv/shared_leopard_toad/2024/28.08.2024/6R/106MEDIA/DSCF0643.JPG,DSCF0643.JPG,6R/106MEDIA,0,Other_Amphibian,0.4558,2760.2,2118.3,2896.3,2291.2
/srv/shared_leopard_toad/2024/28.08.2024/6R/106MEDIA/DSCF0643.JPG,DSCF0643.JPG,6R/106MEDIA,2,Western_Leopard_Toad,0.3679,2760.2,2118.3,2896.3,2291.2
/srv/shared_leopard_toad/2024/28.08.2024/6R/106MEDIA/DSCF0323.JPG,DSCF0323.JPG,6R/106MEDIA,0,Other_Amphibian,0.2205,2764.4,2107.4,2910.1,2264.0
/srv/shared_leopard_toad/2024/28.08.2024/6R/106MEDIA/DSCF0876.JPG,DSCF0876.JPG,6R/106MEDIA,2,Western_Leopard_Toad,0.6157,1734.0,2346.8,1866.0,2449.9
/srv/shared_leopard_toad/2024/28.08.2024/6R/106MEDIA/DSCF0996.JPG,DSCF0996.JPG,6R/106MEDIA,2,Western_Leopard_Toad,0.3247,1735.9,2346.1,1868.6,2448.1
/srv/shared_leopard_toad/2024/28.08.2024/6R/106MEDIA/DSCF0846.JPG,DSCF0846.JPG,6R/106MEDIA,2,Western_Leopard_Toad,0.5630,1731.9,2346.7,1863.6,2450.0
/srv/shared_leopard_toad/2024/28.08.2024/6R/106MEDIA/DSCF0846.JPG,DSCF0846.JPG,6R/106MEDIA,0,Other_Amphibian,0.2119,1731.9,2346.7,1863.6,2450.0
/srv/shared_leopard_toad/2024/28.08.2024/6R/106MEDIA/DSCF0469.JPG,DSCF0469.JPG,6R/106MEDIA,2,Western_Leopard_Toad,0.6353,2025.4,2329.7,2186.6,2449.3
/srv/shared_leopard_toad/2024/28.08.2024/6R/106MEDIA/DSCF0098.JPG,DSCF0098.JPG,6R/106MEDIA,0,Other_Amphibian,0.2306,3078.4,-0.7,3428.6,91.1
/srv/shared_leopard_toad/2024/28.08.2024/6R/106MEDIA/DSCF0915.JPG,DSCF0915.JPG,6R/106MEDIA,2,Western_Leopard_Toad,0.3267,1735.6,2343.8,1866.7,2447.9
/srv/shared_leopard_toad/2024/28.08.2024/6R/106MEDIA/DSCF0398.JPG,DSCF0398.JPG,6R/106MEDIA,0,Other_Amphibian,0.5742,2768.2,2108.3,2910.8,2265.7
/srv/shared_leopard_toad/2024/28.08.2024/6R/106MEDIA/DSCF0584.JPG,DSCF0584.JPG,6R/106MEDIA,2,Western_Leopard_Toad,0.3149,2766.3,2130.1,2894.7,2297.0
/srv/shared_leopard_toad/2024/28.08.2024/6R/106MEDIA/DSCF0111.JPG,DSCF0111.JPG,6R/106MEDIA,0,Other_Amphibian,0.2915,3094.3,-0.6,3435.2,91.4
/srv/shared_leopard_toad/2024/28.08.2024/6R/106MEDIA/DSCF0349.JPG,DSCF0349.JPG,6R/106MEDIA,0,Other_Amphibian,0.2346,2766.3,2106.4,2908.2,2267.6
/srv/shared_leopard_toad/2024/28.08.2024/6R/106MEDIA/DSCF0695.JPG,DSCF0695.JPG,6R/106MEDIA,0,Other_Amphibian,0.3088,819.3,2147.2,966.1,2305.3
/srv/shared_leopard_toad/2024/28.08.2024/6R/106MEDIA/DSCF0229.JPG,DSCF0229.JPG,6R/106MEDIA,0,Other_Amphibian,0.2776,3152.7,0.6,3448.8,100.3
/srv/shared_leopard_toad/2024/28.08.2024/6R/106MEDIA/DSCF0869.JPG,DSCF0869.JPG,6R/106MEDIA,2,Western_Leopard_Toad,0.3210,1729.7,2343.3,1861.3,2448.4
/srv/shared_leopard_toad/2024/28.08.2024/6R/106MEDIA/DSCF0470.JPG,DSCF0470.JPG,6R/106MEDIA,2,Western_Leopard_Toad,0.7563,2020.6,2329.9,2184.7,2449.1
/srv/shared_leopard_toad/2024/28.08.2024/6R/106MEDIA/DSCF0863.JPG,DSCF0863.JPG,6R/106MEDIA,2,Western_Leopard_Toad,0.6191,1732.6,2343.4,1865.1,2448.3
/srv/shared_leopard_toad/2024/28.08.2024/6R/106MEDIA/DSCF0128.JPG,DSCF0128.JPG,6R/106MEDIA,0,Other_Amphibian,0.2015,3080.0,-0.6,3440.5,90.7
/srv/shared_leopard_toad/2024/28.08.2024/6R/106MEDIA/DSCF0850.JPG,DSCF0850.JPG,6R/106MEDIA,2,Western_Leopard_Toad,0.5474,1729.4,2342.3,1861.6,2449.4
/srv/shared_leopard_toad/2024/28.08.2024/6R/106MEDIA/DSCF0850.JPG,DSCF0850.JPG,6R/106MEDIA,0,Other_Amphibian,0.2405,1729.4,2342.3,1861.6,2449.4
/srv/shared_leopard_toad/2024/28.08.2024/6R/106MEDIA/DSCF0022.JPG,DSCF0022.JPG,6R/106MEDIA,0,Other_Amphibian,0.4761,1729.7,2236.0,1845.5,2353.2
/srv/shared_leopard_toad/2024/28.08.2024/6R/106MEDIA/DSCF0389.JPG,DSCF0389.JPG,6R/106MEDIA,0,Other_Amphibian,0.3193,2768.6,2110.0,2910.4,2266.6
/srv/shared_leopard_toad/2024/28.08.2024/6R/106MEDIA/DSCF0379.JPG,DSCF0379.JPG,6R/106MEDIA,0,Other_Amphibian,0.2407,2768.3,2108.8,2910.7,2265.2
/srv/shared_leopard_toad/2024/28.08.2024/6R/106MEDIA/DSCF0395.JPG,DSCF0395.JPG,6R/106MEDIA,0,Other_Amphibian,0.3396,2769.1,2109.5,2909.9,2267.0
/srv/shared_leopard_toad/2024/28.08.2024/6R/106MEDIA/DSCF0011.JPG,DSCF0011.JPG,6R/106MEDIA,0,Other_Amphibian,0.2463,1729.7,2236.8,1843.3,2352.4
/srv/shared_leopard_toad/2024/28.08.2024/6R/106MEDIA/DSCF0570.JPG,DSCF0570.JPG,6R/106MEDIA,2,Western_Leopard_Toad,0.5034,2759.4,2124.7,2915.1,2302.4
/srv/shared_leopard_toad/2024/28.08.2024/6R/106MEDIA/DSCF0570.JPG,DSCF0570.JPG,6R/106MEDIA,2,Western_Leopard_Toad,0.3455,2760.1,2123.8,2914.4,2300.8
/srv/shared_leopard_toad/2024/28.08.2024/6R/106MEDIA/DSCF0894.JPG,DSCF0894.JPG,6R/106MEDIA,2,Western_Leopard_Toad,0.3464,1734.2,2347.3,1863.5,2449.5
/srv/shared_leopard_toad/2024/28.08.2024/6R/106MEDIA/DSCF0370.JPG,DSCF0370.JPG,6R/106MEDIA,0,Other_Amphibian,0.2295,2768.9,2110.7,2910.1,2265.9
/srv/shared_leopard_toad/2024/28.08.2024/6R/106MEDIA/DSCF0017.JPG,DSCF0017.JPG,6R/106MEDIA,2,Western_Leopard_Toad,0.2795,1728.3,2236.6,1844.7,2352.6
/srv/shared_leopard_toad/2024/28.08.2024/6R/106MEDIA/DSCF0958.JPG,DSCF0958.JPG,6R/106MEDIA,2,Western_Leopard_Toad,0.3235,1738.1,2347.7,1868.7,2449.0
/srv/shared_leopard_toad/2024/28.08.2024/6R/106MEDIA/DSCF0929.JPG,DSCF0929.JPG,6R/106MEDIA,2,Western_Leopard_Toad,0.4089,1736.1,2345.4,1870.7,2448.7
/srv/shared_leopard_toad/2024/28.08.2024/6R/106MEDIA/DSCF0337.JPG,DSCF0337.JPG,6R/106MEDIA,0,Other_Amphibian,0.2085,3084.5,-0.4,3449.5,98.6
/srv/shared_leopard_toad/2024/28.08.2024/6R/106MEDIA/DSCF0654.JPG,DSCF0654.JPG,6R/106MEDIA,2,Western_Leopard_Toad,0.2546,2752.8,2118.3,2890.2,2298.8
/srv/shared_leopard_toad/2024/28.08.2024/6R/106MEDIA/DSCF0132.JPG,DSCF0132.JPG,6R/106MEDIA,0,Other_Amphibian,0.2150,3088.4,0.1,3436.6,93.3
/srv/shared_leopard_toad/2024/28.08.2024/6R/106MEDIA/DSCF0126.JPG,DSCF0126.JPG,6R/106MEDIA,0,Other_Amphibian,0.2181,3087.1,0.2,3437.9,92.7
/srv/shared_leopard_toad/2024/28.08.2024/6R/106MEDIA/DSCF0799.JPG,DSCF0799.JPG,6R/106MEDIA,0,Other_Amphibian,0.2244,2769.7,2135.5,2904.8,2314.4
/srv/shared_leopard_toad/2024/28.08.2024/6R/106MEDIA/DSCF0120.JPG,DSCF0120.JPG,6R/106MEDIA,0,Other_Amphibian,0.2074,3073.2,0.4,3433.8,93.7
/srv/shared_leopard_toad/2024/28.08.2024/6R/106MEDIA/DSCF0364.JPG,DSCF0364.JPG,6R/106MEDIA,0,Other_Amphibian,0.2260,2766.8,2111.1,2907.7,2268.0
/srv/shared_leopard_toad/2024/28.08.2024/6R/106MEDIA/DSCF0477.JPG,DSCF0477.JPG,6R/106MEDIA,2,Western_Leopard_Toad,0.2502,2022.0,2330.2,2185.5,2448.8
/srv/shared_leopard_toad/2024/28.08.2024/6R/106MEDIA/DSCF0477.JPG,DSCF0477.JPG,6R/106MEDIA,0,Other_Amphibian,0.2048,3102.8,-0.7,3449.2,96.2
/srv/shared_leopard_toad/2024/28.08.2024/6R/106MEDIA/DSCF0810.JPG,DSCF0810.JPG,6R/106MEDIA,0,Other_Amphibian,0.2722,2770.5,2138.4,2904.0,2314.1
/srv/shared_leopard_toad/2024/28.08.2024/6R/106MEDIA/DSCF0976.JPG,DSCF0976.JPG,6R/106MEDIA,2,Western_Leopard_Toad,0.4185,1738.4,2347.7,1870.6,2449.1
/srv/shared_leopard_toad/2024/28.08.2024/6R/106MEDIA/DSCF0814.JPG,DSCF0814.JPG,6R/106MEDIA,0,Other_Amphibian,0.2043,2770.3,2137.2,2904.2,2312.7
/srv/shared_leopard_toad/2024/28.08.2024/6R/106MEDIA/DSCF0475.JPG,DSCF0475.JPG,6R/106MEDIA,2,Western_Leopard_Toad,0.8032,2022.1,2332.2,2183.1,2449.3
/srv/shared_leopard_toad/2024/28.08.2024/6R/106MEDIA/DSCF0219.JPG,DSCF0219.JPG,6R/106MEDIA,0,Other_Amphibian,0.2185,3104.0,-0.8,3448.0,98.7
/srv/shared_leopard_toad/2024/28.08.2024/6R/106MEDIA/DSCF0480.JPG,DSCF0480.JPG,6R/106MEDIA,2,Western_Leopard_Toad,0.4221,2025.8,2331.9,2186.2,2449.7
/srv/shared_leopard_toad/2024/28.08.2024/6R/106MEDIA/DSCF0737.JPG,DSCF0737.JPG,6R/106MEDIA,0,Other_Amphibian,0.3599,2762.6,2116.5,2893.9,2295.4
/srv/shared_leopard_toad/2024/28.08.2024/6R/106MEDIA/DSCF0330.JPG,DSCF0330.JPG,6R/106MEDIA,0,Other_Amphibian,0.3040,2771.2,2107.9,2912.3,2263.6
/srv/shared_leopard_toad/2024/28.08.2024/6R/106MEDIA/DSCF0296.JPG,DSCF0296.JPG,6R/106MEDIA,2,Western_Leopard_Toad,0.2905,2025.3,2328.9,2200.2,2447.6
/srv/shared_leopard_toad/2024/28.08.2024/6R/106MEDIA/DSCF0905.JPG,DSCF0905.JPG,6R/106MEDIA,2,Western_Leopard_Toad,0.4412,1734.5,2345.7,1865.5,2448.5
/srv/shared_leopard_toad/2024/28.08.2024/6R/106MEDIA/DSCF0473.JPG,DSCF0473.JPG,6R/106MEDIA,2,Western_Leopard_Toad,0.6152,2021.2,2329.6,2184.0,2449.4
/srv/shared_leopard_toad/2024/28.08.2024/6R/106MEDIA/DSCF0176.JPG,DSCF0176.JPG,6R/106MEDIA,0,Other_Amphibian,0.2217,3092.5,-1.3,3441.5,95.3
/srv/shared_leopard_toad/2024/28.08.2024/6R/106MEDIA/DSCF0932.JPG,DSCF0932.JPG,6R/106MEDIA,2,Western_Leopard_Toad,0.4106,1736.2,2345.7,1868.3,2448.5
/srv/shared_leopard_toad/2024/28.08.2024/6R/106MEDIA/DSCF0928.JPG,DSCF0928.JPG,6R/106MEDIA,2,Western_Leopard_Toad,0.3669,1736.2,2345.9,1868.3,2448.3
/srv/shared_leopard_toad/2024/28.08.2024/6R/106MEDIA/DSCF0021.JPG,DSCF0021.JPG,6R/106MEDIA,0,Other_Amphibian,0.2915,1730.3,2236.4,1847.2,2352.8
/srv/shared_leopard_toad/2024/28.08.2024/6R/106MEDIA/DSCF0021.JPG,DSCF0021.JPG,6R/106MEDIA,0,Other_Amphibian,0.2104,1729.2,2236.4,1846.1,2352.7
/srv/shared_leopard_toad/2024/28.08.2024/6R/106MEDIA/DSCF0397.JPG,DSCF0397.JPG,6R/106MEDIA,0,Other_Amphibian,0.5063,2768.9,2108.3,2910.1,2265.7
/srv/shared_leopard_toad/2024/28.08.2024/6R/106MEDIA/DSCF0481.JPG,DSCF0481.JPG,6R/106MEDIA,2,Western_Leopard_Toad,0.7007,2026.7,2331.7,2185.3,2449.9
/srv/shared_leopard_toad/2024/28.08.2024/6R/106MEDIA/DSCF0815.JPG,DSCF0815.JPG,6R/106MEDIA,0,Other_Amphibian,0.2094,2772.6,2138.5,2906.4,2314.0
/srv/shared_leopard_toad/2024/28.08.2024/6R/106MEDIA/DSCF0300.JPG,DSCF0300.JPG,6R/106MEDIA,2,Western_Leopard_Toad,0.2634,2024.6,2328.1,2196.4,2448.4
/srv/shared_leopard_toad/2024/28.08.2024/6R/106MEDIA/DSCF0300.JPG,DSCF0300.JPG,6R/106MEDIA,0,Other_Amphibian,0.2153,3082.9,0.1,3451.1,101.3
/srv/shared_leopard_toad/2024/28.08.2024/6R/106MEDIA/DSCF0569.JPG,DSCF0569.JPG,6R/106MEDIA,2,Western_Leopard_Toad,0.4126,2757.7,2124.3,2912.3,2300.4
/srv/shared_leopard_toad/2024/28.08.2024/6R/106MEDIA/DSCF0204.JPG,DSCF0204.JPG,6R/106MEDIA,0,Other_Amphibian,0.2075,3087.4,-1.0,3437.6,98.5
/srv/shared_leopard_toad/2024/28.08.2024/6R/106MEDIA/DSCF0977.JPG,DSCF0977.JPG,6R/106MEDIA,2,Western_Leopard_Toad,0.2864,1737.7,2347.6,1869.0,2449.1
/srv/shared_leopard_toad/2024/28.08.2024/6R/106MEDIA/DSCF0179.JPG,DSCF0179.JPG,6R/106MEDIA,0,Other_Amphibian,0.2742,3092.9,-0.8,3441.1,98.4
/srv/shared_leopard_toad/2024/28.08.2024/6R/106MEDIA/DSCF0575.JPG,DSCF0575.JPG,6R/106MEDIA,2,Western_Leopard_Toad,0.6597,2761.1,2125.5,2904.4,2299.1
/srv/shared_leopard_toad/2024/28.08.2024/6R/106MEDIA/DSCF0818.JPG,DSCF0818.JPG,6R/106MEDIA,0,Other_Amphibian,0.2605,2770.3,2137.2,2904.2,2312.7
/srv/shared_leopard_toad/2024/28.08.2024/6R/106MEDIA/DSCF0952.JPG,DSCF0952.JPG,6R/106MEDIA,0,Other_Amphibian,0.2563,2775.6,2138.4,2903.4,2311.6
/srv/shared_leopard_toad/2024/28.08.2024/6R/106MEDIA/DSCF0382.JPG,DSCF0382.JPG,6R/106MEDIA,0,Other_Amphibian,0.2299,2768.3,2111.4,2910.7,2267.7
/srv/shared_leopard_toad/2024/28.08.2024/6R/106MEDIA/DSCF0467.JPG,DSCF0467.JPG,6R/106MEDIA,2,Western_Leopard_Toad,0.6294,2019.5,2329.9,2185.7,2449.1
/srv/shared_leopard_toad/2024/28.08.2024/6R/106MEDIA/DSCF0797.JPG,DSCF0797.JPG,6R/106MEDIA,0,Other_Amphibian,0.2189,2770.7,2133.6,2903.8,2313.8
/srv/shared_leopard_toad/2024/28.08.2024/6R/106MEDIA/DSCF0995.JPG,DSCF0995.JPG,6R/106MEDIA,2,Western_Leopard_Toad,0.4802,1737.6,2347.6,1866.9,2449.1
/srv/shared_leopard_toad/2024/28.08.2024/6R/106MEDIA/DSCF0313.JPG,DSCF0313.JPG,6R/106MEDIA,2,Western_Leopard_Toad,0.2563,2027.2,2329.7,2193.8,2449.3
/srv/shared_leopard_toad/2024/28.08.2024/6R/106MEDIA/DSCF0297.JPG,DSCF0297.JPG,6R/106MEDIA,2,Western_Leopard_Toad,0.3872,2024.2,2328.1,2196.8,2448.4
/srv/shared_leopard_toad/2024/28.08.2024/6R/106MEDIA/DSCF0897.JPG,DSCF0897.JPG,6R/106MEDIA,2,Western_Leopard_Toad,0.5332,1733.5,2345.4,1864.3,2448.7
/srv/shared_leopard_toad/2024/28.08.2024/6R/106MEDIA/DSCF0352.JPG,DSCF0352.JPG,6R/106MEDIA,0,Other_Amphibian,0.2422,2770.6,2106.9,2908.4,2264.6
/srv/shared_leopard_toad/2024/28.08.2024/6R/106MEDIA/DSCF0859.JPG,DSCF0859.JPG,6R/106MEDIA,2,Western_Leopard_Toad,0.5859,1731.7,2344.8,1863.8,2449.4
/srv/shared_leopard_toad/2024/28.08.2024/6R/106MEDIA/DSCF0859.JPG,DSCF0859.JPG,6R/106MEDIA,0,Other_Amphibian,0.2050,1731.7,2344.8,1863.8,2449.4
/srv/shared_leopard_toad/2024/28.08.2024/6R/106MEDIA/DSCF0321.JPG,DSCF0321.JPG,6R/106MEDIA,0,Other_Amphibian,0.4741,2766.3,2105.3,2908.2,2263.6
/srv/shared_leopard_toad/2024/28.08.2024/6R/106MEDIA/DSCF0321.JPG,DSCF0321.JPG,6R/106MEDIA,0,Other_Amphibian,0.2133,3089.0,-0.7,3454.0,98.1
/srv/shared_leopard_toad/2024/28.08.2024/6R/106MEDIA/DSCF0919.JPG,DSCF0919.JPG,6R/106MEDIA,2,Western_Leopard_Toad,0.4014,1735.3,2343.9,1869.2,2447.8
/srv/shared_leopard_toad/2024/28.08.2024/6R/106MEDIA/DSCF0002.JPG,DSCF0002.JPG,6R/106MEDIA,0,Other_Amphibian,0.2469,1729.2,2239.7,1843.8,2354.5
/srv/shared_leopard_toad/2024/28.08.2024/6R/106MEDIA/DSCF0578.JPG,DSCF0578.JPG,6R/106MEDIA,2,Western_Leopard_Toad,0.4709,2765.2,2124.3,2900.3,2295.3
/srv/shared_leopard_toad/2024/28.08.2024/6R/106MEDIA/DSCF0847.JPG,DSCF0847.JPG,6R/106MEDIA,2,Western_Leopard_Toad,0.3899,1731.6,2345.5,1863.9,2448.7
/srv/shared_leopard_toad/2024/28.08.2024/6R/106MEDIA/DSCF0228.JPG,DSCF0228.JPG,6R/106MEDIA,0,Other_Amphibian,0.2595,3111.5,-0.7,3445.0,96.5
/srv/shared_leopard_toad/2024/28.08.2024/6R/106MEDIA/DSCF0435.JPG,DSCF0435.JPG,6R/106MEDIA,2,Western_Leopard_Toad,0.2952,2026.1,2330.2,2185.9,2448.8
/srv/shared_leopard_toad/2024/28.08.2024/6R/106MEDIA/DSCF0462.JPG,DSCF0462.JPG,6R/106MEDIA,2,Western_Leopard_Toad,0.4016,2020.2,2331.3,2182.8,2450.2
/srv/shared_leopard_toad/2024/28.08.2024/6R/106MEDIA/DSCF0641.JPG,DSCF0641.JPG,6R/106MEDIA,0,Other_Amphibian,0.4990,2760.9,2122.9,2895.6,2289.0
/srv/shared_leopard_toad/2024/28.08.2024/6R/106MEDIA/DSCF0641.JPG,DSCF0641.JPG,6R/106MEDIA,2,Western_Leopard_Toad,0.2681,2760.9,2122.9,2895.6,2289.0
/srv/shared_leopard_toad/2024/28.08.2024/6R/106MEDIA/DSCF0829.JPG,DSCF0829.JPG,6R/106MEDIA,0,Other_Amphibian,0.2639,2762.1,2135.0,2903.4,2314.9
/srv/shared_leopard_toad/2024/28.08.2024/6R/106MEDIA/DSCF0484.JPG,DSCF0484.JPG,6R/106MEDIA,2,Western_Leopard_Toad,0.3184,2025.4,2332.0,2188.9,2449.5
/srv/shared_leopard_toad/2024/28.08.2024/6R/106MEDIA/DSCF0471.JPG,DSCF0471.JPG,6R/106MEDIA,2,Western_Leopard_Toad,0.8960,2023.3,2331.7,2181.9,2449.9
/srv/shared_leopard_toad/2024/28.08.2024/6R/106MEDIA/DSCF0329.JPG,DSCF0329.JPG,6R/106MEDIA,0,Other_Amphibian,0.3086,2771.1,2103.7,2912.4,2262.7
/srv/shared_leopard_toad/2024/28.08.2024/6R/106MEDIA/DSCF0882.JPG,DSCF0882.JPG,6R/106MEDIA,2,Western_Leopard_Toad,0.3772,1733.7,2347.4,1866.3,2449.3
/srv/shared_leopard_toad/2024/28.08.2024/6R/106MEDIA/DSCF0326.JPG,DSCF0326.JPG,6R/106MEDIA,0,Other_Amphibian,0.3994,2765.2,2109.3,2909.2,2264.7
/srv/shared_leopard_toad/2024/28.08.2024/6R/106MEDIA/DSCF0809.JPG,DSCF0809.JPG,6R/106MEDIA,0,Other_Amphibian,0.2031,2770.6,2136.1,2903.9,2313.8
/srv/shared_leopard_toad/2024/28.08.2024/6R/106MEDIA/DSCF0934.JPG,DSCF0934.JPG,6R/106MEDIA,2,Western_Leopard_Toad,0.3044,1737.4,2343.7,1869.4,2448.0
/srv/shared_leopard_toad/2024/28.08.2024/6R/106MEDIA/DSCF0934.JPG,DSCF0934.JPG,6R/106MEDIA,0,Other_Amphibian,0.2073,2775.2,2136.8,2903.8,2313.2
/srv/shared_leopard_toad/2024/28.08.2024/6R/106MEDIA/DSCF0573.JPG,DSCF0573.JPG,6R/106MEDIA,2,Western_Leopard_Toad,0.4575,2759.8,2125.9,2905.7,2298.8
/srv/shared_leopard_toad/2024/28.08.2024/6R/106MEDIA/DSCF0914.JPG,DSCF0914.JPG,6R/106MEDIA,2,Western_Leopard_Toad,0.4260,1734.7,2343.8,1865.3,2447.9
/srv/shared_leopard_toad/2024/28.08.2024/6R/106MEDIA/DSCF0914.JPG,DSCF0914.JPG,6R/106MEDIA,0,Other_Amphibian,0.2993,2773.7,2136.6,2905.3,2313.3
/srv/shared_leopard_toad/2024/28.08.2024/6R/106MEDIA/DSCF0332.JPG,DSCF0332.JPG,6R/106MEDIA,0,Other_Amphibian,0.2747,3099.0,-0.3,3453.0,97.9
/srv/shared_leopard_toad/2024/28.08.2024/6R/106MEDIA/DSCF0332.JPG,DSCF0332.JPG,6R/106MEDIA,0,Other_Amphibian,0.2004,2770.9,2107.1,2912.6,2264.3
/srv/shared_leopard_toad/2024/28.08.2024/6R/106MEDIA/DSCF0388.JPG,DSCF0388.JPG,6R/106MEDIA,0,Other_Amphibian,0.2133,2769.8,2111.5,2909.2,2267.6
/srv/shared_leopard_toad/2024/28.08.2024/6R/106MEDIA/DSCF0920.JPG,DSCF0920.JPG,6R/106MEDIA,2,Western_Leopard_Toad,0.4495,1735.3,2344.0,1869.2,2447.7
/srv/shared_leopard_toad/2024/28.08.2024/6R/106MEDIA/DSCF0968.JPG,DSCF0968.JPG,6R/106MEDIA,0,Other_Amphibian,0.2637,2775.1,2141.5,2903.9,2311.0
/srv/shared_leopard_toad/2024/28.08.2024/6R/106MEDIA/DSCF0401.JPG,DSCF0401.JPG,6R/106MEDIA,2,Western_Leopard_Toad,0.3464,2445.2,2322.4,2585.8,2449.0
/srv/shared_leopard_toad/2024/28.08.2024/6R/106MEDIA/DSCF0401.JPG,DSCF0401.JPG,6R/106MEDIA,0,Other_Amphibian,0.3176,2771.5,2110.4,2912.0,2266.1
/srv/shared_leopard_toad/2024/28.08.2024/6R/106MEDIA/DSCF0921.JPG,DSCF0921.JPG,6R/106MEDIA,2,Western_Leopard_Toad,0.2988,1735.5,2344.1,1871.3,2447.6
/srv/shared_leopard_toad/2024/28.08.2024/6R/106MEDIA/DSCF0835.JPG,DSCF0835.JPG,6R/106MEDIA,0,Other_Amphibian,0.2195,2771.4,2133.4,2907.6,2311.4
/srv/shared_leopard_toad/2024/28.08.2024/6R/106MEDIA/DSCF0078.JPG,DSCF0078.JPG,6R/106MEDIA,0,Other_Amphibian,0.2656,1728.0,2236.9,1845.0,2357.3
/srv/shared_leopard_toad/2024/28.08.2024/6R/106MEDIA/DSCF0190.JPG,DSCF0190.JPG,6R/106MEDIA,0,Other_Amphibian,0.2252,3101.5,-0.3,3450.5,98.3
/srv/shared_leopard_toad/2024/28.08.2024/6R/106MEDIA/DSCF0383.JPG,DSCF0383.JPG,6R/106MEDIA,0,Other_Amphibian,0.2820,2769.5,2110.7,2909.5,2265.9
/srv/shared_leopard_toad/2024/28.08.2024/6R/106MEDIA/DSCF0935.JPG,DSCF0935.JPG,6R/106MEDIA,2,Western_Leopard_Toad,0.4951,1735.7,2345.5,1868.8,2448.7
/srv/shared_leopard_toad/2024/28.08.2024/6R/106MEDIA/DSCF0400.JPG,DSCF0400.JPG,6R/106MEDIA,2,Western_Leopard_Toad,0.4321,2445.1,2324.4,2585.9,2449.6
/srv/shared_leopard_toad/2024/28.08.2024/6R/106MEDIA/DSCF0400.JPG,DSCF0400.JPG,6R/106MEDIA,0,Other_Amphibian,0.3643,2768.0,2110.0,2911.0,2266.6
/srv/shared_leopard_toad/2024/28.08.2024/6R/106MEDIA/DSCF0926.JPG,DSCF0926.JPG,6R/106MEDIA,2,Western_Leopard_Toad,0.2583,1736.4,2345.6,1870.4,2448.5
/srv/shared_leopard_toad/2024/28.08.2024/6R/106MEDIA/DSCF0197.JPG,DSCF0197.JPG,6R/106MEDIA,0,Other_Amphibian,0.2101,3081.9,-0.1,3443.1,99.2
/srv/shared_leopard_toad/2024/28.08.2024/6R/106MEDIA/DSCF0459.JPG,DSCF0459.JPG,6R/106MEDIA,2,Western_Leopard_Toad,0.7637,2019.6,2329.5,2183.4,2449.5
/srv/shared_leopard_toad/2024/28.08.2024/6R/106MEDIA/DSCF0241.JPG,DSCF0241.JPG,6R/106MEDIA,0,Other_Amphibian,0.2068,3086.2,0.2,3447.8,97.8
/srv/shared_leopard_toad/2024/28.08.2024/6R/106MEDIA/DSCF0468.JPG,DSCF0468.JPG,6R/106MEDIA,2,Western_Leopard_Toad,0.7788,2021.6,2331.1,2183.6,2450.4
/srv/shared_leopard_toad/2024/28.08.2024/6R/106MEDIA/DSCF0116.JPG,DSCF0116.JPG,6R/106MEDIA,0,Other_Amphibian,0.2035,3084.2,-0.6,3436.3,91.7
/srv/shared_leopard_toad/2024/28.08.2024/6R/106MEDIA/DSCF0865.JPG,DSCF0865.JPG,6R/106MEDIA,2,Western_Leopard_Toad,0.5610,1731.5,2343.5,1864.0,2448.2
/srv/shared_leopard_toad/2024/28.08.2024/6R/106MEDIA/DSCF0027.JPG,DSCF0027.JPG,6R/106MEDIA,0,Other_Amphibian,0.4336,1729.6,2235.5,1845.6,2353.7
/srv/shared_leopard_toad/2024/28.08.2024/6R/106MEDIA/DSCF0367.JPG,DSCF0367.JPG,6R/106MEDIA,0,Other_Amphibian,0.2026,2767.3,2109.1,2907.2,2264.9
/srv/shared_leopard_toad/2024/28.08.2024/6R/106MEDIA/DSCF0331.JPG,DSCF0331.JPG,6R/106MEDIA,0,Other_Amphibian,0.2542,3093.5,-0.0,3454.0,96.5
/srv/shared_leopard_toad/2024/28.08.2024/6R/106MEDIA/DSCF0331.JPG,DSCF0331.JPG,6R/106MEDIA,0,Other_Amphibian,0.2100,2770.4,2105.3,2913.1,2263.6
/srv/shared_leopard_toad/2024/28.08.2024/6R/106MEDIA/DSCF0347.JPG,DSCF0347.JPG,6R/106MEDIA,0,Other_Amphibian,0.2477,2768.9,2107.8,2910.1,2266.2
/srv/shared_leopard_toad/2024/28.08.2024/6R/106MEDIA/DSCF0357.JPG,DSCF0357.JPG,6R/106MEDIA,0,Other_Amphibian,0.2917,3084.2,-0.2,3449.8,98.4
/srv/shared_leopard_toad/2024/28.08.2024/6R/106MEDIA/DSCF0309.JPG,DSCF0309.JPG,6R/106MEDIA,2,Western_Leopard_Toad,0.4194,2026.3,2328.9,2190.2,2450.1
/srv/shared_leopard_toad/2024/28.08.2024/6R/106MEDIA/DSCF0910.JPG,DSCF0910.JPG,6R/106MEDIA,2,Western_Leopard_Toad,0.3491,2187.9,2100.9,2474.1,2450.2
/srv/shared_leopard_toad/2024/28.08.2024/6R/106MEDIA/DSCF0855.JPG,DSCF0855.JPG,6R/106MEDIA,2,Western_Leopard_Toad,0.5464,1733.3,2347.3,1864.4,2449.5
/srv/shared_leopard_toad/2024/28.08.2024/6R/106MEDIA/DSCF0852.JPG,DSCF0852.JPG,6R/106MEDIA,2,Western_Leopard_Toad,0.7734,1731.7,2346.4,1866.0,2450.3
/srv/shared_leopard_toad/2024/28.08.2024/6R/106MEDIA/DSCF0852.JPG,DSCF0852.JPG,6R/106MEDIA,0,Other_Amphibian,0.2832,1731.7,2346.4,1866.0,2450.3
/srv/shared_leopard_toad/2024/28.08.2024/6R/106MEDIA/DSCF0318.JPG,DSCF0318.JPG,6R/106MEDIA,0,Other_Amphibian,0.2971,2767.2,2102.9,2911.8,2263.5
/srv/shared_leopard_toad/2024/28.08.2024/6R/106MEDIA/DSCF0939.JPG,DSCF0939.JPG,6R/106MEDIA,0,Other_Amphibian,0.2125,2775.4,2135.7,2903.6,2311.7
/srv/shared_leopard_toad/2024/28.08.2024/6R/106MEDIA/DSCF0392.JPG,DSCF0392.JPG,6R/106MEDIA,0,Other_Amphibian,0.4639,2769.4,2109.7,2909.6,2266.9
/srv/shared_leopard_toad/2024/28.08.2024/6R/106MEDIA/DSCF0235.JPG,DSCF0235.JPG,6R/106MEDIA,0,Other_Amphibian,0.3137,3105.8,0.2,3441.7,100.3
/srv/shared_leopard_toad/2024/28.08.2024/6R/106MEDIA/DSCF0328.JPG,DSCF0328.JPG,6R/106MEDIA,0,Other_Amphibian,0.3501,2768.0,2105.0,2911.0,2263.9
/srv/shared_leopard_toad/2024/28.08.2024/6R/106MEDIA/DSCF0374.JPG,DSCF0374.JPG,6R/106MEDIA,0,Other_Amphibian,0.2452,2769.4,2110.5,2909.6,2266.0
/srv/shared_leopard_toad/2024/28.08.2024/6R/106MEDIA/DSCF0371.JPG,DSCF0371.JPG,6R/106MEDIA,0,Other_Amphibian,0.2490,2770.6,2111.1,2908.4,2265.4
/srv/shared_leopard_toad/2024/28.08.2024/6R/106MEDIA/DSCF0317.JPG,DSCF0317.JPG,6R/106MEDIA,0,Other_Amphibian,0.2302,3085.9,-0.4,3461.6,98.4
/srv/shared_leopard_toad/2024/28.08.2024/6R/106MEDIA/DSCF0465.JPG,DSCF0465.JPG,6R/106MEDIA,2,Western_Leopard_Toad,0.8242,2020.9,2330.9,2182.1,2450.6
/srv/shared_leopard_toad/2024/28.08.2024/6R/106MEDIA/DSCF0884.JPG,DSCF0884.JPG,6R/106MEDIA,2,Western_Leopard_Toad,0.2832,1735.2,2347.5,1869.3,2449.3
/srv/shared_leopard_toad/2024/28.08.2024/6R/106MEDIA/DSCF0884.JPG,DSCF0884.JPG,6R/106MEDIA,0,Other_Amphibian,0.2382,2769.9,2136.1,2904.6,2313.8
/srv/shared_leopard_toad/2024/28.08.2024/6R/106MEDIA/DSCF0444.JPG,DSCF0444.JPG,6R/106MEDIA,2,Western_Leopard_Toad,0.2612,2023.5,2329.6,2181.8,2449.4
/srv/shared_leopard_toad/2024/28.08.2024/6R/106MEDIA/DSCF0236.JPG,DSCF0236.JPG,6R/106MEDIA,0,Other_Amphibian,0.2283,3104.6,-0.8,3442.9,96.5
/srv/shared_leopard_toad/2024/28.08.2024/6R/106MEDIA/DSCF0322.JPG,DSCF0322.JPG,6R/106MEDIA,0,Other_Amphibian,0.2600,2764.8,2109.3,2909.7,2264.7
/srv/shared_leopard_toad/2024/28.08.2024/6R/106MEDIA/DSCF0124.JPG,DSCF0124.JPG,6R/106MEDIA,0,Other_Amphibian,0.3042,3089.7,0.3,3435.3,90.8
/srv/shared_leopard_toad/2024/28.08.2024/6R/106MEDIA/DSCF0200.JPG,DSCF0200.JPG,6R/106MEDIA,0,Other_Amphibian,0.2095,3091.9,-0.7,3455.6,97.6
/srv/shared_leopard_toad/2024/28.08.2024/6R/106MEDIA/DSCF0950.JPG,DSCF0950.JPG,6R/106MEDIA,0,Other_Amphibian,0.2428,2772.2,2136.9,2902.3,2310.5
/srv/shared_leopard_toad/2024/28.08.2024/6R/106MEDIA/DSCF0447.JPG,DSCF0447.JPG,6R/106MEDIA,2,Western_Leopard_Toad,0.2749,2021.6,2329.7,2179.1,2449.3
/srv/shared_leopard_toad/2024/28.08.2024/6R/106MEDIA/DSCF0201.JPG,DSCF0201.JPG,6R/106MEDIA,0,Other_Amphibian,0.2502,3106.0,0.0,3450.5,98.4
/srv/shared_leopard_toad/2024/28.08.2024/6R/106MEDIA/DSCF0642.JPG,DSCF0642.JPG,6R/106MEDIA,0,Other_Amphibian,0.7021,2759.6,2122.8,2896.9,2289.2
/srv/shared_leopard_toad/2024/28.08.2024/6R/106MEDIA/DSCF0642.JPG,DSCF0642.JPG,6R/106MEDIA,2,Western_Leopard_Toad,0.3684,2759.6,2122.8,2896.9,2289.2
/srv/shared_leopard_toad/2024/28.08.2024/6R/100MEDIA/DSCF0651.JPG,DSCF0651.JPG,6R/100MEDIA,0,Other_Amphibian,0.2043,469.5,826.1,683.6,1035.6
/srv/shared_leopard_toad/2024/28.08.2024/6R/100MEDIA/DSCF0681.JPG,DSCF0681.JPG,6R/100MEDIA,0,Other_Amphibian,0.2394,467.4,823.0,682.3,1032.4
/srv/shared_leopard_toad/2024/28.08.2024/6R/100MEDIA/DSCF0476.JPG,DSCF0476.JPG,6R/100MEDIA,2,Western_Leopard_Toad,0.2502,3867.7,2051.1,4002.8,2211.5
/srv/shared_leopard_toad/2024/28.08.2024/6R/100MEDIA/DSCF0524.JPG,DSCF0524.JPG,6R/100MEDIA,2,Western_Leopard_Toad,0.2891,3866.2,2052.9,3999.8,2209.7
/srv/shared_leopard_toad/2024/28.08.2024/6R/100MEDIA/DSCF0494.JPG,DSCF0494.JPG,6R/100MEDIA,2,Western_Leopard_Toad,0.2588,3867.6,2052.4,4002.9,2210.2
/srv/shared_leopard_toad/2024/28.08.2024/6R/100MEDIA/DSCF0783.JPG,DSCF0783.JPG,6R/100MEDIA,2,Western_Leopard_Toad,0.9424,2654.3,2287.9,2984.2,2455.7
/srv/shared_leopard_toad/2024/28.08.2024/6R/100MEDIA/DSCF0521.JPG,DSCF0521.JPG,6R/100MEDIA,2,Western_Leopard_Toad,0.3147,3868.7,2052.9,4001.8,2209.7
/srv/shared_leopard_toad/2024/28.08.2024/6R/100MEDIA/DSCF0521.JPG,DSCF0521.JPG,6R/100MEDIA,0,Other_Amphibian,0.2489,3868.7,2052.9,4001.8,2209.7
/srv/shared_leopard_toad/2024/28.08.2024/6R/100MEDIA/DSCF0797.JPG,DSCF0797.JPG,6R/100MEDIA,0,Other_Amphibian,0.2917,2513.5,2231.7,2661.5,2377.7
/srv/shared_leopard_toad/2024/28.08.2024/6R/100MEDIA/DSCF0435.JPG,DSCF0435.JPG,6R/100MEDIA,2,Western_Leopard_Toad,0.2876,2840.0,1335.3,3122.5,1580.7
/srv/shared_leopard_toad/2024/28.08.2024/6R/100MEDIA/DSCF0829.JPG,DSCF0829.JPG,6R/100MEDIA,0,Other_Amphibian,0.2306,466.5,827.4,682.2,1030.5
/srv/shared_leopard_toad/2024/28.08.2024/6R/100MEDIA/DSCF0914.JPG,DSCF0914.JPG,6R/100MEDIA,2,Western_Leopard_Toad,0.9644,3015.3,1074.4,3464.7,1684.7
