{"train_loss": [2.0873950898647307, 0.8960895299911499, 0.598542506992817, 0.38941200748085975, 0.2574740305542946, 0.21232459917664528, 0.2041281845420599, 0.15284135490655898, 0.1334332637488842, 0.1334144052118063, 0.12734039537608624, 0.10921180322766304, 0.10017391033470631, 0.08803073707967997, 0.09523951467126608, 0.09497744794934988, 0.08528605159372091, 0.07223410727456211, 0.06884124614298344, 0.05865941327065229, 0.06539388354867696, 0.07185415383428335, 0.06283364156261087, 0.047065718472003935, 0.05131710451096296, 0.050070843659341335, 0.05135537916794419, 0.0484746316447854, 0.04708433011546731, 0.04365146905183792, 0.04587596310302615, 0.04342868952080607, 0.03798083830624819, 0.03817146383225918, 0.03564435634762049, 0.040606862120330336, 0.037694656569510696, 0.039643111359328034, 0.035697693936526775, 0.0389936082996428, 0.0402282677590847, 0.038115082681179045, 0.034315808303654195, 0.03576104566454887, 0.03303090687841177, 0.039039411675184967, 0.03402114333584905, 0.032686352450400594, 0.0348088163882494, 0.0354936920106411], "val_loss": [1.466879916191101, 0.8473155498504639, 0.6567784190177918, 0.4346995115280151, 0.4525689363479614, 0.29600691199302676, 0.35765313506126406, 0.2713346779346466, 0.27553406953811643, 0.21860580742359162, 0.27991186231374743, 0.2391756296157837, 0.23232222497463226, 0.20567966997623444, 0.20523350983858107, 0.2148739218711853, 0.18787477612495423, 0.19727568030357362, 0.1564568743109703, 0.21260586082935334, 0.14340947270393373, 0.16198363304138183, 0.16430320590734482, 0.15220593214035033, 0.14872950613498687, 0.12928310483694078, 0.1264313668012619, 0.14408247619867326, 0.10975010246038437, 0.11602482348680496, 0.15219786614179612, 0.13154871314764022, 0.11810656413435935, 0.11881607621908188, 0.13213023394346238, 0.10571377351880074, 0.11351159438490868, 0.11770719736814499, 0.11242370009422302, 0.11771584749221801, 0.12374797612428665, 0.10989830940961838, 0.13100833296775818, 0.13310314044356347, 0.13325277343392372, 0.13063061311841012, 0.12063198983669281, 0.1213422104716301, 0.12147816568613053, 0.11390425637364388]}