image_path,image_name,subfolder,class_id,class_name,confidence,xmin,ymin,xmax,ymax
/srv/shared_leopard_toad/2025/Documents/06.10-13.10.2025/6R/103MEDIA/DSCF0404.JPG,DSCF0404.JPG,6R/103MEDIA,0,Other_Amphibian,0.2384,2530.2,2507.2,2628.0,2613.5
/srv/shared_leopard_toad/2025/Documents/06.10-13.10.2025/6R/103MEDIA/DSCF0358.JPG,DSCF0358.JPG,6R/103MEDIA,0,Other_Amphibian,0.4316,2487.8,1078.3,2680.8,1229.6
/srv/shared_leopard_toad/2025/Documents/06.10-13.10.2025/6R/103MEDIA/DSCF0358.JPG,DSCF0358.JPG,6R/103MEDIA,2,Western_Leopard_Toad,0.3174,543.3,541.7,671.4,681.7
/srv/shared_leopard_toad/2025/Documents/06.10-13.10.2025/6R/103MEDIA/DSCF0358.JPG,DSCF0358.JPG,6R/103MEDIA,0,Other_Amphibian,0.2925,2497.0,1078.4,2690.0,1229.5
/srv/shared_leopard_toad/2025/Documents/06.10-13.10.2025/6R/103MEDIA/DSCF0488.JPG,DSCF0488.JPG,6R/103MEDIA,2,Western_Leopard_Toad,0.7622,1449.6,1193.9,1611.1,1375.3
/srv/shared_leopard_toad/2025/Documents/06.10-13.10.2025/6R/103MEDIA/DSCF0488.JPG,DSCF0488.JPG,6R/103MEDIA,0,Other_Amphibian,0.7456,1152.0,129.2,1305.0,287.5
/srv/shared_leopard_toad/2025/Documents/06.10-13.10.2025/6R/103MEDIA/DSCF0488.JPG,DSCF0488.JPG,6R/103MEDIA,0,Other_Amphibian,0.2018,726.1,2462.3,879.0,2611.2
/srv/shared_leopard_toad/2025/Documents/06.10-13.10.2025/6R/103MEDIA/DSCF0541.JPG,DSCF0541.JPG,6R/103MEDIA,0,Other_Amphibian,0.2445,2623.6,2004.7,2736.7,2109.0
/srv/shared_leopard_toad/2025/Documents/06.10-13.10.2025/6R/103MEDIA/DSCF0519.JPG,DSCF0519.JPG,6R/103MEDIA,2,Western_Leopard_Toad,0.4294,339.7,390.6,497.0,529.3
/srv/shared_leopard_toad/2025/Documents/06.10-13.10.2025/6R/103MEDIA/DSCF0589.JPG,DSCF0589.JPG,6R/103MEDIA,2,Western_Leopard_Toad,0.4653,2991.8,2156.9,3166.4,2305.2
/srv/shared_leopard_toad/2025/Documents/06.10-13.10.2025/6R/103MEDIA/DSCF0589.JPG,DSCF0589.JPG,6R/103MEDIA,0,Other_Amphibian,0.3657,2991.8,2156.9,3166.4,2305.2
/srv/shared_leopard_toad/2025/Documents/06.10-13.10.2025/6R/103MEDIA/DSCF0466.JPG,DSCF0466.JPG,6R/103MEDIA,0,Other_Amphibian,0.3020,2522.7,2504.9,2622.3,2609.9
/srv/shared_leopard_toad/2025/Documents/06.10-13.10.2025/6R/103MEDIA/DSCF0173.JPG,DSCF0173.JPG,6R/103MEDIA,2,Western_Leopard_Toad,0.9644,3281.5,2543.4,3585.5,2854.9
/srv/shared_leopard_toad/2025/Documents/06.10-13.10.2025/6R/103MEDIA/DSCF0279.JPG,DSCF0279.JPG,6R/103MEDIA,0,Other_Amphibian,0.8813,3631.6,-1.0,3765.6,115.3
/srv/shared_leopard_toad/2025/Documents/06.10-13.10.2025/6R/103MEDIA/DSCF0279.JPG,DSCF0279.JPG,6R/103MEDIA,2,Western_Leopard_Toad,0.2520,2524.7,2367.9,2691.2,2608.2
/srv/shared_leopard_toad/2025/Documents/06.10-13.10.2025/6R/103MEDIA/DSCF0455.JPG,DSCF0455.JPG,6R/103MEDIA,0,Other_Amphibian,0.2678,2530.0,2506.1,2625.5,2611.6
/srv/shared_leopard_toad/2025/Documents/06.10-13.10.2025/6R/103MEDIA/DSCF0774.JPG,DSCF0774.JPG,6R/103MEDIA,0,Other_Amphibian,0.5840,1621.6,1894.5,1830.3,2098.1
/srv/shared_leopard_toad/2025/Documents/06.10-13.10.2025/6R/103MEDIA/DSCF0325.JPG,DSCF0325.JPG,6R/103MEDIA,2,Western_Leopard_Toad,0.9160,4310.9,2560.7,4451.3,2722.5
/srv/shared_leopard_toad/2025/Documents/06.10-13.10.2025/6R/103MEDIA/DSCF0325.JPG,DSCF0325.JPG,6R/103MEDIA,0,Other_Amphibian,0.2084,4310.9,2560.7,4451.3,2722.5
/srv/shared_leopard_toad/2025/Documents/06.10-13.10.2025/6R/103MEDIA/DSCF0650.JPG,DSCF0650.JPG,6R/103MEDIA,2,Western_Leopard_Toad,0.4473,339.3,389.1,489.6,529.3
/srv/shared_leopard_toad/2025/Documents/06.10-13.10.2025/6R/103MEDIA/DSCF0446.JPG,DSCF0446.JPG,6R/103MEDIA,0,Other_Amphibian,0.2042,2524.7,2505.4,2620.3,2612.3
/srv/shared_leopard_toad/2025/Documents/06.10-13.10.2025/6R/103MEDIA/DSCF0282.JPG,DSCF0282.JPG,6R/103MEDIA,0,Other_Amphibian,0.5181,767.3,2605.6,886.4,2766.2
/srv/shared_leopard_toad/2025/Documents/06.10-13.10.2025/6R/103MEDIA/DSCF0430.JPG,DSCF0430.JPG,6R/103MEDIA,2,Western_Leopard_Toad,0.9688,833.1,2661.4,1130.4,2866.8
/srv/shared_leopard_toad/2025/Documents/06.10-13.10.2025/6R/103MEDIA/DSCF0594.JPG,DSCF0594.JPG,6R/103MEDIA,2,Western_Leopard_Toad,0.9194,1246.5,218.9,1486.2,474.0
/srv/shared_leopard_toad/2025/Documents/06.10-13.10.2025/6R/103MEDIA/DSCF0980.JPG,DSCF0980.JPG,6R/103MEDIA,2,Western_Leopard_Toad,0.3103,339.1,389.7,494.3,533.1
/srv/shared_leopard_toad/2025/Documents/06.10-13.10.2025/6R/103MEDIA/DSCF0679.JPG,DSCF0679.JPG,6R/103MEDIA,0,Other_Amphibian,0.3223,487.6,952.2,649.7,1117.9
/srv/shared_leopard_toad/2025/Documents/06.10-13.10.2025/6R/103MEDIA/DSCF0752.JPG,DSCF0752.JPG,6R/103MEDIA,0,Other_Amphibian,0.7974,812.3,2632.4,960.9,2804.3
/srv/shared_leopard_toad/2025/Documents/06.10-13.10.2025/6R/103MEDIA/DSCF0777.JPG,DSCF0777.JPG,6R/103MEDIA,2,Western_Leopard_Toad,0.5332,3974.6,1703.0,4136.7,1896.8
/srv/shared_leopard_toad/2025/Documents/06.10-13.10.2025/6R/103MEDIA/DSCF0167.JPG,DSCF0167.JPG,6R/103MEDIA,2,Western_Leopard_Toad,0.6807,2882.4,2428.5,3228.6,2686.3
/srv/shared_leopard_toad/2025/Documents/06.10-13.10.2025/6R/103MEDIA/DSCF0891.JPG,DSCF0891.JPG,6R/103MEDIA,2,Western_Leopard_Toad,0.8872,578.0,2409.9,746.3,2560.2
/srv/shared_leopard_toad/2025/Documents/06.10-13.10.2025/6R/103MEDIA/DSCF0339.JPG,DSCF0339.JPG,6R/103MEDIA,0,Other_Amphibian,0.6709,849.6,2583.1,1010.2,2750.3
/srv/shared_leopard_toad/2025/Documents/06.10-13.10.2025/6R/103MEDIA/DSCF0339.JPG,DSCF0339.JPG,6R/103MEDIA,2,Western_Leopard_Toad,0.6650,112.2,1968.7,256.6,2127.3
/srv/shared_leopard_toad/2025/Documents/06.10-13.10.2025/6R/103MEDIA/DSCF0339.JPG,DSCF0339.JPG,6R/103MEDIA,2,Western_Leopard_Toad,0.3591,849.6,2583.1,1010.2,2750.3
/srv/shared_leopard_toad/2025/Documents/06.10-13.10.2025/6R/103MEDIA/DSCF0336.JPG,DSCF0336.JPG,6R/103MEDIA,2,Western_Leopard_Toad,0.2563,2879.6,2588.3,3047.6,2777.5
/srv/shared_leopard_toad/2025/Documents/06.10-13.10.2025/6R/103MEDIA/DSCF0461.JPG,DSCF0461.JPG,6R/103MEDIA,0,Other_Amphibian,0.3098,2532.7,2506.9,2625.4,2610.8
/srv/shared_leopard_toad/2025/Documents/06.10-13.10.2025/6R/103MEDIA/DSCF0458.JPG,DSCF0458.JPG,6R/103MEDIA,0,Other_Amphibian,0.2507,2531.2,2505.6,2624.3,2612.1
/srv/shared_leopard_toad/2025/Documents/06.10-13.10.2025/6R/103MEDIA/DSCF0489.JPG,DSCF0489.JPG,6R/103MEDIA,2,Western_Leopard_Toad,0.9121,1447.2,1191.8,1613.6,1371.5
/srv/shared_leopard_toad/2025/Documents/06.10-13.10.2025/6R/103MEDIA/DSCF0350.JPG,DSCF0350.JPG,6R/103MEDIA,2,Western_Leopard_Toad,0.7266,960.4,631.1,1114.7,761.3
/srv/shared_leopard_toad/2025/Documents/06.10-13.10.2025/6R/103MEDIA/DSCF0350.JPG,DSCF0350.JPG,6R/103MEDIA,0,Other_Amphibian,0.3938,960.4,631.1,1114.7,761.3
/srv/shared_leopard_toad/2025/Documents/06.10-13.10.2025/6R/103MEDIA/DSCF0539.JPG,DSCF0539.JPG,6R/103MEDIA,0,Other_Amphibian,0.2751,499.4,2629.3,620.2,2789.6
/srv/shared_leopard_toad/2025/Documents/06.10-13.10.2025/6R/103MEDIA/DSCF0539.JPG,DSCF0539.JPG,6R/103MEDIA,0,Other_Amphibian,0.2339,2623.6,2004.6,2734.0,2109.1
/srv/shared_leopard_toad/2025/Documents/06.10-13.10.2025/6R/103MEDIA/DSCF0431.JPG,DSCF0431.JPG,6R/103MEDIA,2,Western_Leopard_Toad,0.9692,833.9,2661.8,1129.6,2866.5
/srv/shared_leopard_toad/2025/Documents/06.10-13.10.2025/6R/103MEDIA/DSCF0834.JPG,DSCF0834.JPG,6R/103MEDIA,0,Other_Amphibian,0.7358,599.8,2642.6,732.4,2808.9
/srv/shared_leopard_toad/2025/Documents/06.10-13.10.2025/6R/103MEDIA/DSCF0834.JPG,DSCF0834.JPG,6R/103MEDIA,2,Western_Leopard_Toad,0.2834,599.8,2642.6,732.4,2808.9
/srv/shared_leopard_toad/2025/Documents/06.10-13.10.2025/6R/103MEDIA/DSCF0341.JPG,DSCF0341.JPG,6R/103MEDIA,2,Western_Leopard_Toad,0.8496,2953.1,2638.9,3131.6,2809.6
/srv/shared_leopard_toad/2025/Documents/06.10-13.10.2025/6R/103MEDIA/DSCF0341.JPG,DSCF0341.JPG,6R/103MEDIA,2,Western_Leopard_Toad,0.7778,3812.8,395.7,3931.0,529.3
/srv/shared_leopard_toad/2025/Documents/06.10-13.10.2025/6R/103MEDIA/DSCF0341.JPG,DSCF0341.JPG,6R/103MEDIA,0,Other_Amphibian,0.5933,3812.8,395.7,3931.0,529.3
/srv/shared_leopard_toad/2025/Documents/06.10-13.10.2025/6R/103MEDIA/DSCF0592.JPG,DSCF0592.JPG,6R/103MEDIA,2,Western_Leopard_Toad,0.9663,3562.7,1516.2,3839.8,1868.0
/srv/shared_leopard_toad/2025/Documents/06.10-13.10.2025/6R/103MEDIA/DSCF0207.JPG,DSCF0207.JPG,6R/103MEDIA,2,Western_Leopard_Toad,0.9443,813.5,746.7,971.5,917.4
/srv/shared_leopard_toad/2025/Documents/06.10-13.10.2025/6R/103MEDIA/DSCF0780.JPG,DSCF0780.JPG,6R/103MEDIA,2,Western_Leopard_Toad,0.8628,2929.7,2058.9,3160.3,2229.0
/srv/shared_leopard_toad/2025/Documents/06.10-13.10.2025/6R/103MEDIA/DSCF0986.JPG,DSCF0986.JPG,6R/103MEDIA,2,Western_Leopard_Toad,0.6660,333.4,388.2,492.8,536.2
/srv/shared_leopard_toad/2025/Documents/06.10-13.10.2025/6R/103MEDIA/DSCF0981.JPG,DSCF0981.JPG,6R/103MEDIA,2,Western_Leopard_Toad,0.7368,336.8,389.2,495.3,533.7
/srv/shared_leopard_toad/2025/Documents/06.10-13.10.2025/6R/103MEDIA/DSCF0369.JPG,DSCF0369.JPG,6R/103MEDIA,2,Western_Leopard_Toad,0.7026,2270.3,1042.5,2439.0,1235.9
/srv/shared_leopard_toad/2025/Documents/06.10-13.10.2025/6R/103MEDIA/DSCF0369.JPG,DSCF0369.JPG,6R/103MEDIA,2,Western_Leopard_Toad,0.2688,2271.3,1042.3,2440.6,1236.1
/srv/shared_leopard_toad/2025/Documents/06.10-13.10.2025/6R/103MEDIA/DSCF0369.JPG,DSCF0369.JPG,6R/103MEDIA,0,Other_Amphibian,0.2502,2525.3,2491.1,2630.2,2611.9
/srv/shared_leopard_toad/2025/Documents/06.10-13.10.2025/6R/103MEDIA/DSCF0369.JPG,DSCF0369.JPG,6R/103MEDIA,0,Other_Amphibian,0.2338,4073.4,2008.4,4226.9,2155.6
/srv/shared_leopard_toad/2025/Documents/06.10-13.10.2025/6R/103MEDIA/DSCF0490.JPG,DSCF0490.JPG,6R/103MEDIA,2,Western_Leopard_Toad,0.8989,1458.6,1202.1,1615.3,1373.1
/srv/shared_leopard_toad/2025/Documents/06.10-13.10.2025/6R/103MEDIA/DSCF0422.JPG,DSCF0422.JPG,6R/103MEDIA,0,Other_Amphibian,0.7505,3028.8,2413.9,3218.7,2559.2
/srv/shared_leopard_toad/2025/Documents/06.10-13.10.2025/6R/103MEDIA/DSCF0422.JPG,DSCF0422.JPG,6R/103MEDIA,2,Western_Leopard_Toad,0.4272,3028.8,2413.9,3218.7,2559.2
/srv/shared_leopard_toad/2025/Documents/06.10-13.10.2025/6R/103MEDIA/DSCF0912.JPG,DSCF0912.JPG,6R/103MEDIA,0,Other_Amphibian,0.3574,4453.1,2529.5,4603.1,2700.5
/srv/shared_leopard_toad/2025/Documents/06.10-13.10.2025/6R/103MEDIA/DSCF0912.JPG,DSCF0912.JPG,6R/103MEDIA,2,Western_Leopard_Toad,0.2903,4453.1,2529.5,4603.1,2700.5
/srv/shared_leopard_toad/2025/Documents/06.10-13.10.2025/6R/103MEDIA/DSCF0899.JPG,DSCF0899.JPG,6R/103MEDIA,2,Western_Leopard_Toad,0.8784,333.1,382.7,493.1,531.3
/srv/shared_leopard_toad/2025/Documents/06.10-13.10.2025/6R/103MEDIA/DSCF0353.JPG,DSCF0353.JPG,6R/103MEDIA,2,Western_Leopard_Toad,0.7847,957.3,628.3,1115.2,771.5
/srv/shared_leopard_toad/2025/Documents/06.10-13.10.2025/6R/103MEDIA/DSCF0353.JPG,DSCF0353.JPG,6R/103MEDIA,0,Other_Amphibian,0.7451,852.8,2712.3,1028.0,2854.4
/srv/shared_leopard_toad/2025/Documents/06.10-13.10.2025/6R/103MEDIA/DSCF0353.JPG,DSCF0353.JPG,6R/103MEDIA,0,Other_Amphibian,0.2500,957.3,628.3,1115.2,771.5
/srv/shared_leopard_toad/2025/Documents/06.10-13.10.2025/6R/103MEDIA/DSCF0353.JPG,DSCF0353.JPG,6R/103MEDIA,0,Other_Amphibian,0.2200,853.5,2711.9,1031.3,2854.7
/srv/shared_leopard_toad/2025/Documents/06.10-13.10.2025/6R/103MEDIA/DSCF0476.JPG,DSCF0476.JPG,6R/103MEDIA,0,Other_Amphibian,0.5537,4324.7,2609.7,4500.6,2756.1
/srv/shared_leopard_toad/2025/Documents/06.10-13.10.2025/6R/103MEDIA/DSCF0566.JPG,DSCF0566.JPG,6R/103MEDIA,2,Western_Leopard_Toad,0.5063,337.8,386.1,496.9,522.7
/srv/shared_leopard_toad/2025/Documents/06.10-13.10.2025/6R/103MEDIA/DSCF0445.JPG,DSCF0445.JPG,6R/103MEDIA,0,Other_Amphibian,0.3496,2530.1,2505.9,2625.4,2611.9
/srv/shared_leopard_toad/2025/Documents/06.10-13.10.2025/6R/103MEDIA/DSCF0366.JPG,DSCF0366.JPG,6R/103MEDIA,2,Western_Leopard_Toad,0.7437,3661.9,281.0,3850.9,498.6
/srv/shared_leopard_toad/2025/Documents/06.10-13.10.2025/6R/103MEDIA/DSCF0366.JPG,DSCF0366.JPG,6R/103MEDIA,0,Other_Amphibian,0.2803,2525.5,2482.0,2632.7,2609.2
/srv/shared_leopard_toad/2025/Documents/06.10-13.10.2025/6R/103MEDIA/DSCF0366.JPG,DSCF0366.JPG,6R/103MEDIA,0,Other_Amphibian,0.2766,3661.9,281.0,3850.9,498.6
/srv/shared_leopard_toad/2025/Documents/06.10-13.10.2025/6R/103MEDIA/DSCF0439.JPG,DSCF0439.JPG,6R/103MEDIA,0,Other_Amphibian,0.5615,963.1,2761.3,1097.5,2864.4
/srv/shared_leopard_toad/2025/Documents/06.10-13.10.2025/6R/103MEDIA/DSCF0439.JPG,DSCF0439.JPG,6R/103MEDIA,2,Western_Leopard_Toad,0.4302,963.1,2761.3,1097.5,2864.4
/srv/shared_leopard_toad/2025/Documents/06.10-13.10.2025/6R/103MEDIA/DSCF0067.JPG,DSCF0067.JPG,6R/103MEDIA,0,Other_Amphibian,0.2034,2596.7,283.5,2690.1,399.8
/srv/shared_leopard_toad/2025/Documents/06.10-13.10.2025/6R/103MEDIA/DSCF0250.JPG,DSCF0250.JPG,6R/103MEDIA,0,Other_Amphibian,0.8281,3780.5,983.8,3921.3,1160.2
/srv/shared_leopard_toad/2025/Documents/06.10-13.10.2025/6R/103MEDIA/DSCF0250.JPG,DSCF0250.JPG,6R/103MEDIA,2,Western_Leopard_Toad,0.4426,3780.5,983.8,3921.3,1160.2
/srv/shared_leopard_toad/2025/Documents/06.10-13.10.2025/6R/103MEDIA/DSCF0342.JPG,DSCF0342.JPG,6R/103MEDIA,0,Other_Amphibian,0.8770,2915.1,2659.6,3096.1,2824.4
/srv/shared_leopard_toad/2025/Documents/06.10-13.10.2025/6R/103MEDIA/DSCF0342.JPG,DSCF0342.JPG,6R/103MEDIA,2,Western_Leopard_Toad,0.5430,2915.1,2659.6,3096.1,2824.4
/srv/shared_leopard_toad/2025/Documents/06.10-13.10.2025/6R/103MEDIA/DSCF0880.JPG,DSCF0880.JPG,6R/103MEDIA,2,Western_Leopard_Toad,0.7808,335.8,384.7,494.3,530.8
/srv/shared_leopard_toad/2025/Documents/06.10-13.10.2025/6R/103MEDIA/DSCF0880.JPG,DSCF0880.JPG,6R/103MEDIA,2,Western_Leopard_Toad,0.5244,337.1,385.8,495.0,531.9
/srv/shared_leopard_toad/2025/Documents/06.10-13.10.2025/6R/103MEDIA/DSCF0880.JPG,DSCF0880.JPG,6R/103MEDIA,0,Other_Amphibian,0.2542,335.8,384.7,494.3,530.8
/srv/shared_leopard_toad/2025/Documents/06.10-13.10.2025/6R/103MEDIA/DSCF0938.JPG,DSCF0938.JPG,6R/103MEDIA,0,Other_Amphibian,0.8662,1599.6,1088.8,1755.1,1282.6
/srv/shared_leopard_toad/2025/Documents/06.10-13.10.2025/6R/103MEDIA/DSCF0938.JPG,DSCF0938.JPG,6R/103MEDIA,2,Western_Leopard_Toad,0.5420,958.2,2689.4,1094.6,2853.6
/srv/shared_leopard_toad/2025/Documents/06.10-13.10.2025/6R/103MEDIA/DSCF0938.JPG,DSCF0938.JPG,6R/103MEDIA,0,Other_Amphibian,0.3386,958.2,2689.4,1094.6,2853.6
/srv/shared_leopard_toad/2025/Documents/06.10-13.10.2025/6R/103MEDIA/DSCF0487.JPG,DSCF0487.JPG,6R/103MEDIA,2,Western_Leopard_Toad,0.8901,483.7,2354.3,633.9,2527.2
/srv/shared_leopard_toad/2025/Documents/06.10-13.10.2025/6R/103MEDIA/DSCF0487.JPG,DSCF0487.JPG,6R/103MEDIA,0,Other_Amphibian,0.7793,1158.0,131.2,1308.2,283.4
/srv/shared_leopard_toad/2025/Documents/06.10-13.10.2025/6R/103MEDIA/DSCF0487.JPG,DSCF0487.JPG,6R/103MEDIA,0,Other_Amphibian,0.3625,483.7,2354.3,633.9,2527.2
/srv/shared_leopard_toad/2025/Documents/06.10-13.10.2025/6R/103MEDIA/DSCF0487.JPG,DSCF0487.JPG,6R/103MEDIA,0,Other_Amphibian,0.2981,3580.2,1008.8,3748.8,1173.6
/srv/shared_leopard_toad/2025/Documents/06.10-13.10.2025/6R/103MEDIA/DSCF0709.JPG,DSCF0709.JPG,6R/103MEDIA,0,Other_Amphibian,0.2500,249.8,2308.2,382.1,2470.0
/srv/shared_leopard_toad/2025/Documents/06.10-13.10.2025/6R/103MEDIA/DSCF0531.JPG,DSCF0531.JPG,6R/103MEDIA,0,Other_Amphibian,0.2878,2624.1,2004.0,2736.2,2109.7
/srv/shared_leopard_toad/2025/Documents/06.10-13.10.2025/6R/103MEDIA/DSCF0936.JPG,DSCF0936.JPG,6R/103MEDIA,0,Other_Amphibian,0.2372,619.7,2717.9,743.9,2860.5
/srv/shared_leopard_toad/2025/Documents/06.10-13.10.2025/6R/103MEDIA/DSCF0936.JPG,DSCF0936.JPG,6R/103MEDIA,0,Other_Amphibian,0.2094,3515.4,634.8,3692.9,784.2
/srv/shared_leopard_toad/2025/Documents/06.10-13.10.2025/6R/103MEDIA/DSCF0324.JPG,DSCF0324.JPG,6R/103MEDIA,2,Western_Leopard_Toad,0.8569,4314.4,2560.1,4453.1,2723.1
/srv/shared_leopard_toad/2025/Documents/06.10-13.10.2025/6R/103MEDIA/DSCF0324.JPG,DSCF0324.JPG,6R/103MEDIA,0,Other_Amphibian,0.2698,4314.4,2560.1,4453.1,2723.1
/srv/shared_leopard_toad/2025/Documents/06.10-13.10.2025/6R/103MEDIA/DSCF0524.JPG,DSCF0524.JPG,6R/103MEDIA,0,Other_Amphibian,0.2712,2622.0,2004.5,2735.6,2109.2
/srv/shared_leopard_toad/2025/Documents/06.10-13.10.2025/6R/103MEDIA/DSCF0866.JPG,DSCF0866.JPG,6R/103MEDIA,2,Western_Leopard_Toad,0.8301,334.6,388.1,494.3,533.3
/srv/shared_leopard_toad/2025/Documents/06.10-13.10.2025/6R/103MEDIA/DSCF0866.JPG,DSCF0866.JPG,6R/103MEDIA,0,Other_Amphibian,0.2035,334.6,388.1,494.3,533.3
/srv/shared_leopard_toad/2025/Documents/06.10-13.10.2025/6R/103MEDIA/DSCF0581.JPG,DSCF0581.JPG,6R/103MEDIA,0,Other_Amphibian,0.7783,2982.3,2174.9,3186.4,2319.7
/srv/shared_leopard_toad/2025/Documents/06.10-13.10.2025/6R/103MEDIA/DSCF0581.JPG,DSCF0581.JPG,6R/103MEDIA,2,Western_Leopard_Toad,0.4788,2982.3,2174.9,3186.4,2319.7
/srv/shared_leopard_toad/2025/Documents/06.10-13.10.2025/6R/103MEDIA/DSCF0486.JPG,DSCF0486.JPG,6R/103MEDIA,0,Other_Amphibian,0.7588,613.0,2550.5,750.7,2720.8
/srv/shared_leopard_toad/2025/Documents/06.10-13.10.2025/6R/103MEDIA/DSCF0486.JPG,DSCF0486.JPG,6R/103MEDIA,2,Western_Leopard_Toad,0.5518,613.0,2550.5,750.7,2720.8
/srv/shared_leopard_toad/2025/Documents/06.10-13.10.2025/6R/103MEDIA/DSCF0486.JPG,DSCF0486.JPG,6R/103MEDIA,0,Other_Amphibian,0.5059,3581.7,1010.1,3747.3,1173.7
/srv/shared_leopard_toad/2025/Documents/06.10-13.10.2025/6R/103MEDIA/DSCF0486.JPG,DSCF0486.JPG,6R/103MEDIA,0,Other_Amphibian,0.4492,1156.9,128.2,1309.3,287.1
/srv/shared_leopard_toad/2025/Documents/06.10-13.10.2025/6R/103MEDIA/DSCF0026.JPG,DSCF0026.JPG,6R/103MEDIA,0,Other_Amphibian,0.2527,2599.6,282.0,2687.1,394.2
/srv/shared_leopard_toad/2025/Documents/06.10-13.10.2025/6R/103MEDIA/DSCF0526.JPG,DSCF0526.JPG,6R/103MEDIA,0,Other_Amphibian,0.5630,2622.3,2002.6,2735.3,2108.1
/srv/shared_leopard_toad/2025/Documents/06.10-13.10.2025/6R/103MEDIA/DSCF0409.JPG,DSCF0409.JPG,6R/103MEDIA,2,Western_Leopard_Toad,0.4392,967.8,1968.9,1100.7,2144.8
/srv/shared_leopard_toad/2025/Documents/06.10-13.10.2025/6R/103MEDIA/DSCF0409.JPG,DSCF0409.JPG,6R/103MEDIA,0,Other_Amphibian,0.3215,967.8,1968.9,1100.7,2144.8
/srv/shared_leopard_toad/2025/Documents/06.10-13.10.2025/6R/103MEDIA/DSCF0906.JPG,DSCF0906.JPG,6R/103MEDIA,2,Western_Leopard_Toad,0.8970,335.0,387.5,493.8,539.1
/srv/shared_leopard_toad/2025/Documents/06.10-13.10.2025/6R/103MEDIA/DSCF0596.JPG,DSCF0596.JPG,6R/103MEDIA,2,Western_Leopard_Toad,0.4575,847.0,2222.6,1085.0,2531.9
/srv/shared_leopard_toad/2025/Documents/06.10-13.10.2025/6R/103MEDIA/DSCF0924.JPG,DSCF0924.JPG,6R/103MEDIA,2,Western_Leopard_Toad,0.6431,336.6,387.4,493.6,528.1
/srv/shared_leopard_toad/2025/Documents/06.10-13.10.2025/6R/103MEDIA/DSCF0924.JPG,DSCF0924.JPG,6R/103MEDIA,2,Western_Leopard_Toad,0.2812,336.1,388.2,494.0,529.5
/srv/shared_leopard_toad/2025/Documents/06.10-13.10.2025/6R/103MEDIA/DSCF0373.JPG,DSCF0373.JPG,6R/103MEDIA,0,Other_Amphibian,0.5728,541.0,2539.5,671.8,2699.3
/srv/shared_leopard_toad/2025/Documents/06.10-13.10.2025/6R/103MEDIA/DSCF0871.JPG,DSCF0871.JPG,6R/103MEDIA,2,Western_Leopard_Toad,0.2649,339.7,388.8,493.7,528.8
/srv/shared_leopard_toad/2025/Documents/06.10-13.10.2025/6R/103MEDIA/DSCF0118.JPG,DSCF0118.JPG,6R/103MEDIA,0,Other_Amphibian,0.2666,2598.9,282.8,2693.1,407.9
/srv/shared_leopard_toad/2025/Documents/06.10-13.10.2025/6R/103MEDIA/DSCF0580.JPG,DSCF0580.JPG,6R/103MEDIA,2,Western_Leopard_Toad,0.7271,2983.8,2173.2,3190.2,2327.4
/srv/shared_leopard_toad/2025/Documents/06.10-13.10.2025/6R/103MEDIA/DSCF0580.JPG,DSCF0580.JPG,6R/103MEDIA,0,Other_Amphibian,0.6855,2983.8,2173.2,3190.2,2327.4
/srv/shared_leopard_toad/2025/Documents/06.10-13.10.2025/6R/103MEDIA/DSCF0060.JPG,DSCF0060.JPG,6R/103MEDIA,0,Other_Amphibian,0.3584,2594.9,281.3,2684.0,396.1
/srv/shared_leopard_toad/2025/Documents/06.10-13.10.2025/6R/103MEDIA/DSCF0873.JPG,DSCF0873.JPG,6R/103MEDIA,2,Western_Leopard_Toad,0.5791,337.3,385.8,496.1,528.9
/srv/shared_leopard_toad/2025/Documents/06.10-13.10.2025/6R/103MEDIA/DSCF0917.JPG,DSCF0917.JPG,6R/103MEDIA,2,Western_Leopard_Toad,0.5225,337.5,386.0,496.0,540.5
/srv/shared_leopard_toad/2025/Documents/06.10-13.10.2025/6R/103MEDIA/DSCF0917.JPG,DSCF0917.JPG,6R/103MEDIA,2,Western_Leopard_Toad,0.3848,337.1,384.3,497.7,538.5
/srv/shared_leopard_toad/2025/Documents/06.10-13.10.2025/6R/103MEDIA/DSCF0662.JPG,DSCF0662.JPG,6R/103MEDIA,2,Western_Leopard_Toad,0.6646,509.9,2455.9,665.4,2650.1
/srv/shared_leopard_toad/2025/Documents/06.10-13.10.2025/6R/103MEDIA/DSCF0662.JPG,DSCF0662.JPG,6R/103MEDIA,0,Other_Amphibian,0.4214,509.9,2455.9,665.4,2650.1
/srv/shared_leopard_toad/2025/Documents/06.10-13.10.2025/6R/103MEDIA/DSCF0385.JPG,DSCF0385.JPG,6R/103MEDIA,2,Western_Leopard_Toad,0.2568,956.5,1911.0,1105.4,2087.5
/srv/shared_leopard_toad/2025/Documents/06.10-13.10.2025/6R/103MEDIA/DSCF0426.JPG,DSCF0426.JPG,6R/103MEDIA,0,Other_Amphibian,0.2179,2529.3,2505.5,2626.2,2609.3
/srv/shared_leopard_toad/2025/Documents/06.10-13.10.2025/6R/103MEDIA/DSCF0534.JPG,DSCF0534.JPG,6R/103MEDIA,0,Other_Amphibian,0.3269,2625.7,2004.4,2739.8,2109.3
/srv/shared_leopard_toad/2025/Documents/06.10-13.10.2025/6R/103MEDIA/DSCF0534.JPG,DSCF0534.JPG,6R/103MEDIA,0,Other_Amphibian,0.2297,2524.1,2507.9,2620.9,2612.8
/srv/shared_leopard_toad/2025/Documents/06.10-13.10.2025/6R/103MEDIA/DSCF0781.JPG,DSCF0781.JPG,6R/103MEDIA,2,Western_Leopard_Toad,0.7900,2934.5,2060.6,3160.7,2233.2
/srv/shared_leopard_toad/2025/Documents/06.10-13.10.2025/6R/103MEDIA/DSCF0896.JPG,DSCF0896.JPG,6R/103MEDIA,2,Western_Leopard_Toad,0.8906,335.9,386.9,492.9,530.0
/srv/shared_leopard_toad/2025/Documents/06.10-13.10.2025/6R/103MEDIA/DSCF0837.JPG,DSCF0837.JPG,6R/103MEDIA,0,Other_Amphibian,0.6792,634.8,2657.9,794.5,2805.4
/srv/shared_leopard_toad/2025/Documents/06.10-13.10.2025/6R/103MEDIA/DSCF0988.JPG,DSCF0988.JPG,6R/103MEDIA,2,Western_Leopard_Toad,0.6401,339.9,384.1,498.1,525.4
/srv/shared_leopard_toad/2025/Documents/06.10-13.10.2025/6R/103MEDIA/DSCF0959.JPG,DSCF0959.JPG,6R/103MEDIA,2,Western_Leopard_Toad,0.4507,336.2,384.3,495.9,535.6
/srv/shared_leopard_toad/2025/Documents/06.10-13.10.2025/6R/103MEDIA/DSCF0959.JPG,DSCF0959.JPG,6R/103MEDIA,2,Western_Leopard_Toad,0.4136,336.8,385.2,495.3,536.9
/srv/shared_leopard_toad/2025/Documents/06.10-13.10.2025/6R/103MEDIA/DSCF0508.JPG,DSCF0508.JPG,6R/103MEDIA,0,Other_Amphibian,0.2081,2531.2,2508.0,2624.3,2612.7
/srv/shared_leopard_toad/2025/Documents/06.10-13.10.2025/6R/103MEDIA/DSCF0451.JPG,DSCF0451.JPG,6R/103MEDIA,0,Other_Amphibian,0.2144,2530.7,2508.6,2624.8,2612.1
/srv/shared_leopard_toad/2025/Documents/06.10-13.10.2025/6R/103MEDIA/DSCF0532.JPG,DSCF0532.JPG,6R/103MEDIA,0,Other_Amphibian,0.4436,2626.3,2003.4,2739.2,2107.3
/srv/shared_leopard_toad/2025/Documents/06.10-13.10.2025/6R/103MEDIA/DSCF0652.JPG,DSCF0652.JPG,6R/103MEDIA,2,Western_Leopard_Toad,0.4077,339.6,388.4,493.9,532.9
/srv/shared_leopard_toad/2025/Documents/06.10-13.10.2025/6R/103MEDIA/DSCF0878.JPG,DSCF0878.JPG,6R/103MEDIA,2,Western_Leopard_Toad,0.7383,334.7,388.0,492.8,536.3
/srv/shared_leopard_toad/2025/Documents/06.10-13.10.2025/6R/103MEDIA/DSCF0432.JPG,DSCF0432.JPG,6R/103MEDIA,0,Other_Amphibian,0.3059,2529.2,2505.4,2626.3,2609.4
/srv/shared_leopard_toad/2025/Documents/06.10-13.10.2025/6R/103MEDIA/DSCF0174.JPG,DSCF0174.JPG,6R/103MEDIA,2,Western_Leopard_Toad,0.9619,3182.4,2580.7,3506.1,2859.0
/srv/shared_leopard_toad/2025/Documents/06.10-13.10.2025/6R/103MEDIA/DSCF0761.JPG,DSCF0761.JPG,6R/103MEDIA,0,Other_Amphibian,0.3682,484.8,948.1,648.5,1119.1
/srv/shared_leopard_toad/2025/Documents/06.10-13.10.2025/6R/103MEDIA/DSCF0833.JPG,DSCF0833.JPG,6R/103MEDIA,0,Other_Amphibian,0.3108,481.1,2559.9,640.5,2720.2
/srv/shared_leopard_toad/2025/Documents/06.10-13.10.2025/6R/103MEDIA/DSCF0945.JPG,DSCF0945.JPG,6R/103MEDIA,2,Western_Leopard_Toad,0.4746,339.0,385.6,494.5,527.7
/srv/shared_leopard_toad/2025/Documents/06.10-13.10.2025/6R/103MEDIA/DSCF0945.JPG,DSCF0945.JPG,6R/103MEDIA,2,Western_Leopard_Toad,0.2563,338.2,387.6,495.2,530.0
/srv/shared_leopard_toad/2025/Documents/06.10-13.10.2025/6R/103MEDIA/DSCF0063.JPG,DSCF0063.JPG,6R/103MEDIA,0,Other_Amphibian,0.2971,2600.5,283.4,2686.3,392.9
/srv/shared_leopard_toad/2025/Documents/06.10-13.10.2025/6R/103MEDIA/DSCF0152.JPG,DSCF0152.JPG,6R/103MEDIA,0,Other_Amphibian,0.2280,2594.2,279.6,2687.3,402.6
/srv/shared_leopard_toad/2025/Documents/06.10-13.10.2025/6R/103MEDIA/DSCF0405.JPG,DSCF0405.JPG,6R/103MEDIA,0,Other_Amphibian,0.3284,2528.0,2503.7,2630.2,2611.2
/srv/shared_leopard_toad/2025/Documents/06.10-13.10.2025/6R/103MEDIA/DSCF0754.JPG,DSCF0754.JPG,6R/103MEDIA,2,Western_Leopard_Toad,0.4539,393.3,2379.6,515.0,2534.4
/srv/shared_leopard_toad/2025/Documents/06.10-13.10.2025/6R/103MEDIA/DSCF0754.JPG,DSCF0754.JPG,6R/103MEDIA,0,Other_Amphibian,0.3743,393.3,2379.6,515.0,2534.4
/srv/shared_leopard_toad/2025/Documents/06.10-13.10.2025/6R/103MEDIA/DSCF0838.JPG,DSCF0838.JPG,6R/103MEDIA,0,Other_Amphibian,0.5508,638.2,2657.5,797.6,2805.8
/srv/shared_leopard_toad/2025/Documents/06.10-13.10.2025/6R/103MEDIA/DSCF0838.JPG,DSCF0838.JPG,6R/103MEDIA,0,Other_Amphibian,0.5127,637.6,2657.2,798.2,2806.1
/srv/shared_leopard_toad/2025/Documents/06.10-13.10.2025/6R/103MEDIA/DSCF0171.JPG,DSCF0171.JPG,6R/103MEDIA,2,Western_Leopard_Toad,0.9575,4332.8,1128.9,4597.4,1403.4
/srv/shared_leopard_toad/2025/Documents/06.10-13.10.2025/6R/103MEDIA/DSCF0171.JPG,DSCF0171.JPG,6R/103MEDIA,0,Other_Amphibian,0.4543,841.5,2740.6,980.2,2858.5
/srv/shared_leopard_toad/2025/Documents/06.10-13.10.2025/6R/103MEDIA/DSCF0171.JPG,DSCF0171.JPG,6R/103MEDIA,2,Western_Leopard_Toad,0.4128,841.5,2740.6,980.2,2858.5
/srv/shared_leopard_toad/2025/Documents/06.10-13.10.2025/6R/103MEDIA/DSCF0423.JPG,DSCF0423.JPG,6R/103MEDIA,0,Other_Amphibian,0.5767,3034.0,2413.6,3218.7,2559.4
/srv/shared_leopard_toad/2025/Documents/06.10-13.10.2025/6R/103MEDIA/DSCF0423.JPG,DSCF0423.JPG,6R/103MEDIA,0,Other_Amphibian,0.2203,2941.1,2669.0,3122.7,2841.6
/srv/shared_leopard_toad/2025/Documents/06.10-13.10.2025/6R/103MEDIA/DSCF0848.JPG,DSCF0848.JPG,6R/103MEDIA,0,Other_Amphibian,0.4221,460.8,2432.2,627.9,2591.0
/srv/shared_leopard_toad/2025/Documents/06.10-13.10.2025/6R/103MEDIA/DSCF0848.JPG,DSCF0848.JPG,6R/103MEDIA,2,Western_Leopard_Toad,0.3086,460.8,2432.2,627.9,2591.0
/srv/shared_leopard_toad/2025/Documents/06.10-13.10.2025/6R/103MEDIA/DSCF0284.JPG,DSCF0284.JPG,6R/103MEDIA,2,Western_Leopard_Toad,0.6372,2573.5,2644.8,2750.0,2851.0
/srv/shared_leopard_toad/2025/Documents/06.10-13.10.2025/6R/103MEDIA/DSCF0740.JPG,DSCF0740.JPG,6R/103MEDIA,0,Other_Amphibian,0.8965,1863.4,2467.7,2003.2,2611.7
/srv/shared_leopard_toad/2025/Documents/06.10-13.10.2025/6R/103MEDIA/DSCF0955.JPG,DSCF0955.JPG,6R/103MEDIA,2,Western_Leopard_Toad,0.4502,337.9,381.5,495.5,527.3
/srv/shared_leopard_toad/2025/Documents/06.10-13.10.2025/6R/103MEDIA/DSCF0930.JPG,DSCF0930.JPG,6R/103MEDIA,2,Western_Leopard_Toad,0.4265,339.1,386.0,497.6,526.5
/srv/shared_leopard_toad/2025/Documents/06.10-13.10.2025/6R/103MEDIA/DSCF0930.JPG,DSCF0930.JPG,6R/103MEDIA,2,Western_Leopard_Toad,0.2842,336.9,384.5,496.6,525.1
/srv/shared_leopard_toad/2025/Documents/06.10-13.10.2025/6R/103MEDIA/DSCF0898.JPG,DSCF0898.JPG,6R/103MEDIA,2,Western_Leopard_Toad,0.6235,336.9,385.8,496.6,532.7
/srv/shared_leopard_toad/2025/Documents/06.10-13.10.2025/6R/103MEDIA/DSCF0582.JPG,DSCF0582.JPG,6R/103MEDIA,0,Other_Amphibian,0.7510,2981.9,2173.8,3186.8,2323.8
/srv/shared_leopard_toad/2025/Documents/06.10-13.10.2025/6R/103MEDIA/DSCF0582.JPG,DSCF0582.JPG,6R/103MEDIA,2,Western_Leopard_Toad,0.6196,2981.9,2173.8,3186.8,2323.8
/srv/shared_leopard_toad/2025/Documents/06.10-13.10.2025/6R/103MEDIA/DSCF0963.JPG,DSCF0963.JPG,6R/103MEDIA,2,Western_Leopard_Toad,0.5952,336.9,388.7,497.8,533.5
/srv/shared_leopard_toad/2025/Documents/06.10-13.10.2025/6R/103MEDIA/DSCF0978.JPG,DSCF0978.JPG,6R/103MEDIA,2,Western_Leopard_Toad,0.8306,334.1,386.7,493.5,544.3
/srv/shared_leopard_toad/2025/Documents/06.10-13.10.2025/6R/103MEDIA/DSCF0739.JPG,DSCF0739.JPG,6R/103MEDIA,0,Other_Amphibian,0.8584,827.0,2569.6,958.0,2698.8
/srv/shared_leopard_toad/2025/Documents/06.10-13.10.2025/6R/103MEDIA/DSCF0739.JPG,DSCF0739.JPG,6R/103MEDIA,2,Western_Leopard_Toad,0.2712,827.0,2569.6,958.0,2698.8
/srv/shared_leopard_toad/2025/Documents/06.10-13.10.2025/6R/103MEDIA/DSCF0856.JPG,DSCF0856.JPG,6R/103MEDIA,0,Other_Amphibian,0.3113,474.8,957.2,646.7,1121.8
/srv/shared_leopard_toad/2025/Documents/06.10-13.10.2025/6R/103MEDIA/DSCF0472.JPG,DSCF0472.JPG,6R/103MEDIA,0,Other_Amphibian,0.2332,4541.2,257.8,4667.3,396.7
/srv/shared_leopard_toad/2025/Documents/06.10-13.10.2025/6R/103MEDIA/DSCF0472.JPG,DSCF0472.JPG,6R/103MEDIA,0,Other_Amphibian,0.2311,2530.7,2509.1,2624.8,2611.6
/srv/shared_leopard_toad/2025/Documents/06.10-13.10.2025/6R/103MEDIA/DSCF0788.JPG,DSCF0788.JPG,6R/103MEDIA,0,Other_Amphibian,0.7012,1665.9,1881.4,1814.8,2084.6
/srv/shared_leopard_toad/2025/Documents/06.10-13.10.2025/6R/103MEDIA/DSCF0536.JPG,DSCF0536.JPG,6R/103MEDIA,0,Other_Amphibian,0.2625,2623.9,2006.1,2733.7,2110.6
/srv/shared_leopard_toad/2025/Documents/06.10-13.10.2025/6R/103MEDIA/DSCF0449.JPG,DSCF0449.JPG,6R/103MEDIA,2,Western_Leopard_Toad,0.9663,1611.1,1687.1,1819.8,1966.0
/srv/shared_leopard_toad/2025/Documents/06.10-13.10.2025/6R/103MEDIA/DSCF0888.JPG,DSCF0888.JPG,6R/103MEDIA,2,Western_Leopard_Toad,0.7573,579.3,2411.3,748.3,2561.8
/srv/shared_leopard_toad/2025/Documents/06.10-13.10.2025/6R/103MEDIA/DSCF0888.JPG,DSCF0888.JPG,6R/103MEDIA,2,Western_Leopard_Toad,0.7231,337.3,385.2,494.9,532.4
/srv/shared_leopard_toad/2025/Documents/06.10-13.10.2025/6R/103MEDIA/DSCF0494.JPG,DSCF0494.JPG,6R/103MEDIA,2,Western_Leopard_Toad,0.8760,1457.6,1201.4,1613.7,1373.7
/srv/shared_leopard_toad/2025/Documents/06.10-13.10.2025/6R/103MEDIA/DSCF0494.JPG,DSCF0494.JPG,6R/103MEDIA,0,Other_Amphibian,0.3794,1457.6,1201.4,1613.7,1373.7
/srv/shared_leopard_toad/2025/Documents/06.10-13.10.2025/6R/103MEDIA/DSCF0908.JPG,DSCF0908.JPG,6R/103MEDIA,2,Western_Leopard_Toad,0.3975,338.7,387.7,494.8,529.3
/srv/shared_leopard_toad/2025/Documents/06.10-13.10.2025/6R/103MEDIA/DSCF0158.JPG,DSCF0158.JPG,6R/103MEDIA,2,Western_Leopard_Toad,0.9336,3625.1,2475.9,3803.6,2671.4
/srv/shared_leopard_toad/2025/Documents/06.10-13.10.2025/6R/103MEDIA/DSCF0474.JPG,DSCF0474.JPG,6R/103MEDIA,0,Other_Amphibian,0.2240,748.0,951.4,895.2,1126.2
/srv/shared_leopard_toad/2025/Documents/06.10-13.10.2025/6R/103MEDIA/DSCF0567.JPG,DSCF0567.JPG,6R/103MEDIA,2,Western_Leopard_Toad,0.8530,340.9,386.2,493.8,527.8
/srv/shared_leopard_toad/2025/Documents/06.10-13.10.2025/6R/103MEDIA/DSCF0872.JPG,DSCF0872.JPG,6R/103MEDIA,2,Western_Leopard_Toad,0.3853,335.5,387.4,494.6,531.1
/srv/shared_leopard_toad/2025/Documents/06.10-13.10.2025/6R/103MEDIA/DSCF0499.JPG,DSCF0499.JPG,6R/103MEDIA,0,Other_Amphibian,0.2474,4447.7,2494.3,4613.8,2635.3
/srv/shared_leopard_toad/2025/Documents/06.10-13.10.2025/6R/103MEDIA/DSCF0892.JPG,DSCF0892.JPG,6R/103MEDIA,2,Western_Leopard_Toad,0.7495,337.8,388.9,495.7,529.5
/srv/shared_leopard_toad/2025/Documents/06.10-13.10.2025/6R/103MEDIA/DSCF0892.JPG,DSCF0892.JPG,6R/103MEDIA,2,Western_Leopard_Toad,0.2546,4702.0,936.1,4874.0,1098.6
/srv/shared_leopard_toad/2025/Documents/06.10-13.10.2025/6R/103MEDIA/DSCF0900.JPG,DSCF0900.JPG,6R/103MEDIA,2,Western_Leopard_Toad,0.8745,336.9,385.1,496.6,534.8
/srv/shared_leopard_toad/2025/Documents/06.10-13.10.2025/6R/103MEDIA/DSCF0335.JPG,DSCF0335.JPG,6R/103MEDIA,2,Western_Leopard_Toad,0.4036,2878.3,2590.0,3048.9,2775.8
/srv/shared_leopard_toad/2025/Documents/06.10-13.10.2025/6R/103MEDIA/DSCF0877.JPG,DSCF0877.JPG,6R/103MEDIA,2,Western_Leopard_Toad,0.9043,337.8,384.0,495.7,528.5
/srv/shared_leopard_toad/2025/Documents/06.10-13.10.2025/6R/103MEDIA/DSCF0523.JPG,DSCF0523.JPG,6R/103MEDIA,0,Other_Amphibian,0.5635,4381.9,2395.4,4553.6,2551.0
/srv/shared_leopard_toad/2025/Documents/06.10-13.10.2025/6R/103MEDIA/DSCF0523.JPG,DSCF0523.JPG,6R/103MEDIA,0,Other_Amphibian,0.3665,2622.8,2004.8,2734.8,2108.9
/srv/shared_leopard_toad/2025/Documents/06.10-13.10.2025/6R/103MEDIA/DSCF0890.JPG,DSCF0890.JPG,6R/103MEDIA,2,Western_Leopard_Toad,0.8540,579.6,2412.6,746.7,2563.4
/srv/shared_leopard_toad/2025/Documents/06.10-13.10.2025/6R/103MEDIA/DSCF0745.JPG,DSCF0745.JPG,6R/103MEDIA,2,Western_Leopard_Toad,0.7334,1504.8,2280.4,1647.8,2447.6
/srv/shared_leopard_toad/2025/Documents/06.10-13.10.2025/6R/103MEDIA/DSCF0745.JPG,DSCF0745.JPG,6R/103MEDIA,0,Other_Amphibian,0.5444,1504.8,2280.4,1647.8,2447.6
/srv/shared_leopard_toad/2025/Documents/06.10-13.10.2025/6R/103MEDIA/DSCF0753.JPG,DSCF0753.JPG,6R/103MEDIA,0,Other_Amphibian,0.4441,882.2,2667.0,1027.4,2814.0
/srv/shared_leopard_toad/2025/Documents/06.10-13.10.2025/6R/103MEDIA/DSCF0478.JPG,DSCF0478.JPG,6R/103MEDIA,2,Western_Leopard_Toad,0.9438,3345.6,2283.6,3521.4,2459.1
/srv/shared_leopard_toad/2025/Documents/06.10-13.10.2025/6R/103MEDIA/DSCF0280.JPG,DSCF0280.JPG,6R/103MEDIA,2,Western_Leopard_Toad,0.7363,2526.2,2381.5,2692.3,2609.3
/srv/shared_leopard_toad/2025/Documents/06.10-13.10.2025/6R/103MEDIA/DSCF0629.JPG,DSCF0629.JPG,6R/103MEDIA,2,Western_Leopard_Toad,0.2581,340.8,389.1,496.0,538.2
/srv/shared_leopard_toad/2025/Documents/06.10-13.10.2025/6R/103MEDIA/DSCF0049.JPG,DSCF0049.JPG,6R/103MEDIA,0,Other_Amphibian,0.2681,2601.2,281.8,2690.8,396.6
/srv/shared_leopard_toad/2025/Documents/06.10-13.10.2025/6R/103MEDIA/DSCF0635.JPG,DSCF0635.JPG,6R/103MEDIA,2,Western_Leopard_Toad,0.9199,530.0,1905.4,674.2,2078.4
/srv/shared_leopard_toad/2025/Documents/06.10-13.10.2025/6R/103MEDIA/DSCF0782.JPG,DSCF0782.JPG,6R/103MEDIA,2,Western_Leopard_Toad,0.8765,2931.1,2060.5,3158.9,2233.4
/srv/shared_leopard_toad/2025/Documents/06.10-13.10.2025/6R/103MEDIA/DSCF0421.JPG,DSCF0421.JPG,6R/103MEDIA,0,Other_Amphibian,0.8887,3037.1,2412.8,3215.6,2566.2
/srv/shared_leopard_toad/2025/Documents/06.10-13.10.2025/6R/103MEDIA/DSCF0533.JPG,DSCF0533.JPG,6R/103MEDIA,0,Other_Amphibian,0.5957,2622.3,2004.0,2738.0,2109.7
/srv/shared_leopard_toad/2025/Documents/06.10-13.10.2025/6R/103MEDIA/DSCF0533.JPG,DSCF0533.JPG,6R/103MEDIA,2,Western_Leopard_Toad,0.4470,322.8,1968.0,443.1,2104.4
/srv/shared_leopard_toad/2025/Documents/06.10-13.10.2025/6R/103MEDIA/DSCF0885.JPG,DSCF0885.JPG,6R/103MEDIA,2,Western_Leopard_Toad,0.5190,605.9,2498.2,746.0,2684.6
/srv/shared_leopard_toad/2025/Documents/06.10-13.10.2025/6R/103MEDIA/DSCF0885.JPG,DSCF0885.JPG,6R/103MEDIA,0,Other_Amphibian,0.4568,605.9,2498.2,746.0,2684.6
/srv/shared_leopard_toad/2025/Documents/06.10-13.10.2025/6R/103MEDIA/DSCF0621.JPG,DSCF0621.JPG,6R/103MEDIA,0,Other_Amphibian,0.8203,1106.5,2753.1,1244.2,2860.8
/srv/shared_leopard_toad/2025/Documents/06.10-13.10.2025/6R/103MEDIA/DSCF0483.JPG,DSCF0483.JPG,6R/103MEDIA,0,Other_Amphibian,0.2091,3579.6,1007.4,3744.2,1173.5
/srv/shared_leopard_toad/2025/Documents/06.10-13.10.2025/6R/103MEDIA/DSCF0937.JPG,DSCF0937.JPG,6R/103MEDIA,2,Western_Leopard_Toad,0.2517,339.2,388.9,495.6,526.6
/srv/shared_leopard_toad/2025/Documents/06.10-13.10.2025/6R/103MEDIA/DSCF0790.JPG,DSCF0790.JPG,6R/103MEDIA,0,Other_Amphibian,0.3203,1671.3,1889.5,1817.4,2085.4
/srv/shared_leopard_toad/2025/Documents/06.10-13.10.2025/6R/103MEDIA/DSCF0790.JPG,DSCF0790.JPG,6R/103MEDIA,0,Other_Amphibian,0.2114,1665.8,1889.4,1812.4,2085.6
/srv/shared_leopard_toad/2025/Documents/06.10-13.10.2025/6R/103MEDIA/DSCF0333.JPG,DSCF0333.JPG,6R/103MEDIA,2,Western_Leopard_Toad,0.5220,485.5,2218.9,622.2,2349.6
/srv/shared_leopard_toad/2025/Documents/06.10-13.10.2025/6R/103MEDIA/DSCF0333.JPG,DSCF0333.JPG,6R/103MEDIA,0,Other_Amphibian,0.2338,485.5,2218.9,622.2,2349.6
/srv/shared_leopard_toad/2025/Documents/06.10-13.10.2025/6R/103MEDIA/DSCF0482.JPG,DSCF0482.JPG,6R/103MEDIA,0,Other_Amphibian,0.8345,3577.5,1006.4,3746.2,1178.9
/srv/shared_leopard_toad/2025/Documents/06.10-13.10.2025/6R/103MEDIA/DSCF0962.JPG,DSCF0962.JPG,6R/103MEDIA,2,Western_Leopard_Toad,0.5830,337.1,386.6,495.0,531.1
/srv/shared_leopard_toad/2025/Documents/06.10-13.10.2025/6R/103MEDIA/DSCF0867.JPG,DSCF0867.JPG,6R/103MEDIA,2,Western_Leopard_Toad,0.2732,338.4,388.3,496.3,530.1
/srv/shared_leopard_toad/2025/Documents/06.10-13.10.2025/6R/103MEDIA/DSCF0786.JPG,DSCF0786.JPG,6R/103MEDIA,0,Other_Amphibian,0.3093,1668.4,1887.9,1828.1,2092.9
/srv/shared_leopard_toad/2025/Documents/06.10-13.10.2025/6R/103MEDIA/DSCF0391.JPG,DSCF0391.JPG,6R/103MEDIA,0,Other_Amphibian,0.5664,967.2,2642.4,1096.0,2797.2
/srv/shared_leopard_toad/2025/Documents/06.10-13.10.2025/6R/103MEDIA/DSCF0391.JPG,DSCF0391.JPG,6R/103MEDIA,2,Western_Leopard_Toad,0.2944,967.2,2642.4,1096.0,2797.2
/srv/shared_leopard_toad/2025/Documents/06.10-13.10.2025/6R/103MEDIA/DSCF0169.JPG,DSCF0169.JPG,6R/103MEDIA,2,Western_Leopard_Toad,0.9321,4451.8,1161.2,4688.4,1434.6
/srv/shared_leopard_toad/2025/Documents/06.10-13.10.2025/6R/103MEDIA/DSCF0525.JPG,DSCF0525.JPG,6R/103MEDIA,0,Other_Amphibian,0.3589,2624.0,2005.2,2736.3,2108.5
/srv/shared_leopard_toad/2025/Documents/06.10-13.10.2025/6R/103MEDIA/DSCF0798.JPG,DSCF0798.JPG,6R/103MEDIA,0,Other_Amphibian,0.9175,3777.9,1367.3,3965.8,1550.3
/srv/shared_leopard_toad/2025/Documents/06.10-13.10.2025/6R/103MEDIA/DSCF0904.JPG,DSCF0904.JPG,6R/103MEDIA,2,Western_Leopard_Toad,0.7515,336.4,388.7,492.5,532.7
/srv/shared_leopard_toad/2025/Documents/06.10-13.10.2025/6R/103MEDIA/DSCF0020.JPG,DSCF0020.JPG,6R/103MEDIA,0,Other_Amphibian,0.2334,2598.1,282.2,2688.7,391.9
/srv/shared_leopard_toad/2025/Documents/06.10-13.10.2025/6R/103MEDIA/DSCF0527.JPG,DSCF0527.JPG,6R/103MEDIA,0,Other_Amphibian,0.3940,2623.5,2003.9,2734.1,2106.8
/srv/shared_leopard_toad/2025/Documents/06.10-13.10.2025/6R/103MEDIA/DSCF0338.JPG,DSCF0338.JPG,6R/103MEDIA,2,Western_Leopard_Toad,0.9072,1637.2,2033.9,1851.4,2206.8
/srv/shared_leopard_toad/2025/Documents/06.10-13.10.2025/6R/103MEDIA/DSCF0338.JPG,DSCF0338.JPG,6R/103MEDIA,0,Other_Amphibian,0.2053,1637.2,2033.9,1851.4,2206.8
/srv/shared_leopard_toad/2025/Documents/06.10-13.10.2025/6R/103MEDIA/DSCF0940.JPG,DSCF0940.JPG,6R/103MEDIA,2,Western_Leopard_Toad,0.6914,282.8,2083.2,428.0,2219.6
/srv/shared_leopard_toad/2025/Documents/06.10-13.10.2025/6R/103MEDIA/DSCF0940.JPG,DSCF0940.JPG,6R/103MEDIA,0,Other_Amphibian,0.5391,2166.9,940.6,2358.6,1126.6
/srv/shared_leopard_toad/2025/Documents/06.10-13.10.2025/6R/103MEDIA/DSCF0360.JPG,DSCF0360.JPG,6R/103MEDIA,0,Other_Amphibian,0.2693,3487.1,1006.0,3663.4,1155.7
/srv/shared_leopard_toad/2025/Documents/06.10-13.10.2025/6R/103MEDIA/DSCF0902.JPG,DSCF0902.JPG,6R/103MEDIA,2,Western_Leopard_Toad,0.8521,341.2,383.0,496.8,525.8
/srv/shared_leopard_toad/2025/Documents/06.10-13.10.2025/6R/103MEDIA/DSCF0883.JPG,DSCF0883.JPG,6R/103MEDIA,2,Western_Leopard_Toad,0.7031,336.3,387.6,493.9,527.9
/srv/shared_leopard_toad/2025/Documents/06.10-13.10.2025/6R/103MEDIA/DSCF0278.JPG,DSCF0278.JPG,6R/103MEDIA,2,Western_Leopard_Toad,0.7100,2526.2,2377.4,2692.3,2607.5
/srv/shared_leopard_toad/2025/Documents/06.10-13.10.2025/6R/103MEDIA/DSCF0645.JPG,DSCF0645.JPG,6R/103MEDIA,2,Western_Leopard_Toad,0.3181,345.5,389.0,495.8,521.3
/srv/shared_leopard_toad/2025/Documents/06.10-13.10.2025/6R/103MEDIA/DSCF0050.JPG,DSCF0050.JPG,6R/103MEDIA,0,Other_Amphibian,0.2118,2595.3,283.3,2686.2,396.6
/srv/shared_leopard_toad/2025/Documents/06.10-13.10.2025/6R/103MEDIA/DSCF0463.JPG,DSCF0463.JPG,6R/103MEDIA,0,Other_Amphibian,0.2815,2528.6,2507.4,2621.6,2610.3
/srv/shared_leopard_toad/2025/Documents/06.10-13.10.2025/6R/103MEDIA/DSCF0327.JPG,DSCF0327.JPG,6R/103MEDIA,0,Other_Amphibian,0.8022,3671.2,1597.4,3867.8,1757.4
/srv/shared_leopard_toad/2025/Documents/06.10-13.10.2025/6R/103MEDIA/DSCF0327.JPG,DSCF0327.JPG,6R/103MEDIA,2,Western_Leopard_Toad,0.7578,3671.2,1597.4,3867.8,1757.4
/srv/shared_leopard_toad/2025/Documents/06.10-13.10.2025/6R/103MEDIA/DSCF0909.JPG,DSCF0909.JPG,6R/103MEDIA,2,Western_Leopard_Toad,0.3594,341.2,385.6,496.8,521.7
/srv/shared_leopard_toad/2025/Documents/06.10-13.10.2025/6R/103MEDIA/DSCF0605.JPG,DSCF0605.JPG,6R/103MEDIA,2,Western_Leopard_Toad,0.3206,343.0,386.9,499.7,525.6
/srv/shared_leopard_toad/2025/Documents/06.10-13.10.2025/6R/103MEDIA/DSCF0593.JPG,DSCF0593.JPG,6R/103MEDIA,2,Western_Leopard_Toad,0.9658,3564.3,1518.0,3843.5,1869.2
/srv/shared_leopard_toad/2025/Documents/06.10-13.10.2025/6R/103MEDIA/DSCF0588.JPG,DSCF0588.JPG,6R/103MEDIA,0,Other_Amphibian,0.8364,2988.3,2156.2,3169.9,2317.7
/srv/shared_leopard_toad/2025/Documents/06.10-13.10.2025/6R/103MEDIA/DSCF0588.JPG,DSCF0588.JPG,6R/103MEDIA,2,Western_Leopard_Toad,0.2847,2988.3,2156.2,3169.9,2317.7
/srv/shared_leopard_toad/2025/Documents/06.10-13.10.2025/6R/103MEDIA/DSCF0903.JPG,DSCF0903.JPG,6R/103MEDIA,2,Western_Leopard_Toad,0.4045,336.7,390.8,495.5,526.9
/srv/shared_leopard_toad/2025/Documents/06.10-13.10.2025/6R/103MEDIA/DSCF0889.JPG,DSCF0889.JPG,6R/103MEDIA,2,Western_Leopard_Toad,0.6270,579.1,2411.5,749.8,2561.5
/srv/shared_leopard_toad/2025/Documents/06.10-13.10.2025/6R/103MEDIA/DSCF0619.JPG,DSCF0619.JPG,6R/103MEDIA,2,Western_Leopard_Toad,0.3525,341.0,387.2,498.3,528.2
/srv/shared_leopard_toad/2025/Documents/06.10-13.10.2025/6R/103MEDIA/DSCF0381.JPG,DSCF0381.JPG,6R/103MEDIA,0,Other_Amphibian,0.2256,2531.1,2497.5,2629.7,2611.4
/srv/shared_leopard_toad/2025/Documents/06.10-13.10.2025/6R/103MEDIA/DSCF0365.JPG,DSCF0365.JPG,6R/103MEDIA,2,Western_Leopard_Toad,0.9126,3660.3,282.4,3847.2,497.2
/srv/shared_leopard_toad/2025/Documents/06.10-13.10.2025/6R/103MEDIA/DSCF0365.JPG,DSCF0365.JPG,6R/103MEDIA,0,Other_Amphibian,0.2993,3660.3,282.4,3847.2,497.2
/srv/shared_leopard_toad/2025/Documents/06.10-13.10.2025/6R/103MEDIA/DSCF0913.JPG,DSCF0913.JPG,6R/103MEDIA,0,Other_Amphibian,0.2505,4450.8,2535.2,4605.4,2712.5
/srv/shared_leopard_toad/2025/Documents/06.10-13.10.2025/6R/103MEDIA/DSCF0454.JPG,DSCF0454.JPG,6R/103MEDIA,0,Other_Amphibian,0.4783,2524.1,2505.6,2620.9,2609.2
/srv/shared_leopard_toad/2025/Documents/06.10-13.10.2025/6R/103MEDIA/DSCF0772.JPG,DSCF0772.JPG,6R/103MEDIA,0,Other_Amphibian,0.2681,482.4,956.8,647.0,1122.2
/srv/shared_leopard_toad/2025/Documents/06.10-13.10.2025/6R/103MEDIA/DSCF0886.JPG,DSCF0886.JPG,6R/103MEDIA,2,Western_Leopard_Toad,0.8804,583.2,2410.2,750.3,2559.9
/srv/shared_leopard_toad/2025/Documents/06.10-13.10.2025/6R/103MEDIA/DSCF0916.JPG,DSCF0916.JPG,6R/103MEDIA,2,Western_Leopard_Toad,0.8301,333.9,388.4,496.3,536.7
/srv/shared_leopard_toad/2025/Documents/06.10-13.10.2025/6R/103MEDIA/DSCF0626.JPG,DSCF0626.JPG,6R/103MEDIA,2,Western_Leopard_Toad,0.6719,341.3,384.6,498.0,528.6
/srv/shared_leopard_toad/2025/Documents/06.10-13.10.2025/6R/103MEDIA/DSCF0240.JPG,DSCF0240.JPG,6R/103MEDIA,2,Western_Leopard_Toad,0.3281,4023.3,517.2,4192.9,657.4
/srv/shared_leopard_toad/2025/Documents/06.10-13.10.2025/6R/103MEDIA/DSCF0876.JPG,DSCF0876.JPG,6R/103MEDIA,2,Western_Leopard_Toad,0.6113,338.1,385.7,492.1,534.2
/srv/shared_leopard_toad/2025/Documents/06.10-13.10.2025/6R/103MEDIA/DSCF0277.JPG,DSCF0277.JPG,6R/103MEDIA,2,Western_Leopard_Toad,0.5112,2523.2,2383.4,2687.5,2610.3
/srv/shared_leopard_toad/2025/Documents/06.10-13.10.2025/6R/103MEDIA/DSCF0901.JPG,DSCF0901.JPG,6R/103MEDIA,2,Western_Leopard_Toad,0.8579,332.8,389.6,493.4,530.3
/srv/shared_leopard_toad/2025/Documents/06.10-13.10.2025/6R/103MEDIA/DSCF0996.JPG,DSCF0996.JPG,6R/103MEDIA,2,Western_Leopard_Toad,0.5322,338.2,388.2,495.2,529.5
/srv/shared_leopard_toad/2025/Documents/06.10-13.10.2025/6R/103MEDIA/DSCF0708.JPG,DSCF0708.JPG,6R/103MEDIA,0,Other_Amphibian,0.2106,483.7,952.9,649.6,1120.2
/srv/shared_leopard_toad/2025/Documents/06.10-13.10.2025/6R/103MEDIA/DSCF0119.JPG,DSCF0119.JPG,6R/103MEDIA,0,Other_Amphibian,0.2717,2598.6,281.7,2688.2,399.4
/srv/shared_leopard_toad/2025/Documents/06.10-13.10.2025/6R/103MEDIA/DSCF0408.JPG,DSCF0408.JPG,6R/103MEDIA,0,Other_Amphibian,0.4861,969.3,1967.0,1103.1,2143.7
/srv/shared_leopard_toad/2025/Documents/06.10-13.10.2025/6R/103MEDIA/DSCF0408.JPG,DSCF0408.JPG,6R/103MEDIA,2,Western_Leopard_Toad,0.3782,969.3,1967.0,1103.1,2143.7
/srv/shared_leopard_toad/2025/Documents/06.10-13.10.2025/6R/103MEDIA/DSCF0469.JPG,DSCF0469.JPG,6R/103MEDIA,0,Other_Amphibian,0.2964,2528.0,2504.8,2622.2,2610.1
/srv/shared_leopard_toad/2025/Documents/06.10-13.10.2025/6R/103MEDIA/DSCF0961.JPG,DSCF0961.JPG,6R/103MEDIA,2,Western_Leopard_Toad,0.2571,332.6,385.8,491.7,531.1
/srv/shared_leopard_toad/2025/Documents/06.10-13.10.2025/6R/103MEDIA/DSCF0915.JPG,DSCF0915.JPG,6R/103MEDIA,2,Western_Leopard_Toad,0.4209,335.0,389.8,493.8,525.7
/srv/shared_leopard_toad/2025/Documents/06.10-13.10.2025/6R/103MEDIA/DSCF0627.JPG,DSCF0627.JPG,6R/103MEDIA,2,Western_Leopard_Toad,0.5630,342.5,387.4,498.8,527.4
/srv/shared_leopard_toad/2025/Documents/06.10-13.10.2025/6R/103MEDIA/DSCF0425.JPG,DSCF0425.JPG,6R/103MEDIA,2,Western_Leopard_Toad,0.7808,2038.1,2266.4,2190.7,2449.8
/srv/shared_leopard_toad/2025/Documents/06.10-13.10.2025/6R/103MEDIA/DSCF0425.JPG,DSCF0425.JPG,6R/103MEDIA,0,Other_Amphibian,0.6157,2038.1,2266.4,2190.7,2449.8
/srv/shared_leopard_toad/2025/Documents/06.10-13.10.2025/6R/103MEDIA/DSCF0420.JPG,DSCF0420.JPG,6R/103MEDIA,0,Other_Amphibian,0.2581,2531.1,2507.4,2627.1,2610.3
/srv/shared_leopard_toad/2025/Documents/06.10-13.10.2025/6R/103MEDIA/DSCF0398.JPG,DSCF0398.JPG,6R/103MEDIA,0,Other_Amphibian,0.2986,1534.1,-8.8,1710.4,141.8
/srv/shared_leopard_toad/2025/Documents/06.10-13.10.2025/6R/103MEDIA/DSCF0540.JPG,DSCF0540.JPG,6R/103MEDIA,0,Other_Amphibian,0.7061,838.6,2619.1,966.1,2758.5
/srv/shared_leopard_toad/2025/Documents/06.10-13.10.2025/6R/103MEDIA/DSCF0540.JPG,DSCF0540.JPG,6R/103MEDIA,0,Other_Amphibian,0.2986,2626.4,2004.8,2739.1,2108.9
/srv/shared_leopard_toad/2025/Documents/06.10-13.10.2025/6R/103MEDIA/DSCF0618.JPG,DSCF0618.JPG,6R/103MEDIA,2,Western_Leopard_Toad,0.4958,339.2,386.2,492.9,529.3
/srv/shared_leopard_toad/2025/Documents/06.10-13.10.2025/6R/103MEDIA/DSCF0584.JPG,DSCF0584.JPG,6R/103MEDIA,0,Other_Amphibian,0.8804,2982.5,2173.1,3186.3,2324.5
/srv/shared_leopard_toad/2025/Documents/06.10-13.10.2025/6R/103MEDIA/DSCF0584.JPG,DSCF0584.JPG,6R/103MEDIA,2,Western_Leopard_Toad,0.2520,2982.5,2173.1,3186.3,2324.5
/srv/shared_leopard_toad/2025/Documents/06.10-13.10.2025/6R/103MEDIA/DSCF0586.JPG,DSCF0586.JPG,6R/103MEDIA,0,Other_Amphibian,0.8472,2982.2,2173.2,3186.6,2321.5
/srv/shared_leopard_toad/2025/Documents/06.10-13.10.2025/6R/103MEDIA/DSCF0586.JPG,DSCF0586.JPG,6R/103MEDIA,0,Other_Amphibian,0.3730,741.9,2652.4,881.7,2787.2
/srv/shared_leopard_toad/2025/Documents/06.10-13.10.2025/6R/103MEDIA/DSCF0586.JPG,DSCF0586.JPG,6R/103MEDIA,2,Western_Leopard_Toad,0.3525,2982.2,2173.2,3186.6,2321.5
/srv/shared_leopard_toad/2025/Documents/06.10-13.10.2025/6R/103MEDIA/DSCF0349.JPG,DSCF0349.JPG,6R/103MEDIA,2,Western_Leopard_Toad,0.4038,956.9,627.3,1113.0,764.4
/srv/shared_leopard_toad/2025/Documents/06.10-13.10.2025/6R/103MEDIA/DSCF0349.JPG,DSCF0349.JPG,6R/103MEDIA,0,Other_Amphibian,0.2018,956.9,627.3,1113.0,764.4
/srv/shared_leopard_toad/2025/Documents/06.10-13.10.2025/6R/103MEDIA/DSCF0828.JPG,DSCF0828.JPG,6R/103MEDIA,0,Other_Amphibian,0.4885,830.9,2611.6,980.4,2786.7
/srv/shared_leopard_toad/2025/Documents/06.10-13.10.2025/6R/103MEDIA/DSCF0828.JPG,DSCF0828.JPG,6R/103MEDIA,2,Western_Leopard_Toad,0.2720,830.9,2611.6,980.4,2786.7
/srv/shared_leopard_toad/2025/Documents/06.10-13.10.2025/6R/103MEDIA/DSCF0695.JPG,DSCF0695.JPG,6R/103MEDIA,0,Other_Amphibian,0.3450,555.2,2643.0,681.1,2770.1
/srv/shared_leopard_toad/2025/Documents/06.10-13.10.2025/6R/103MEDIA/DSCF0953.JPG,DSCF0953.JPG,6R/103MEDIA,2,Western_Leopard_Toad,0.8271,1510.7,1446.9,1723.3,1653.8
/srv/shared_leopard_toad/2025/Documents/06.10-13.10.2025/6R/103MEDIA/DSCF0953.JPG,DSCF0953.JPG,6R/103MEDIA,0,Other_Amphibian,0.5620,1510.7,1446.9,1723.3,1653.8
/srv/shared_leopard_toad/2025/Documents/06.10-13.10.2025/6R/103MEDIA/DSCF0657.JPG,DSCF0657.JPG,6R/103MEDIA,2,Western_Leopard_Toad,0.2739,341.9,389.5,497.4,525.9
/srv/shared_leopard_toad/2025/Documents/06.10-13.10.2025/6R/103MEDIA/DSCF0587.JPG,DSCF0587.JPG,6R/103MEDIA,0,Other_Amphibian,0.8447,2984.5,2154.4,3168.5,2319.5
/srv/shared_leopard_toad/2025/Documents/06.10-13.10.2025/6R/103MEDIA/DSCF0711.JPG,DSCF0711.JPG,6R/103MEDIA,2,Western_Leopard_Toad,0.2534,338.2,392.3,495.2,529.1
/srv/shared_leopard_toad/2025/Documents/06.10-13.10.2025/6R/103MEDIA/DSCF0470.JPG,DSCF0470.JPG,6R/103MEDIA,0,Other_Amphibian,0.2115,2523.9,2504.8,2621.1,2610.0
/srv/shared_leopard_toad/2025/Documents/06.10-13.10.2025/6R/103MEDIA/DSCF0406.JPG,DSCF0406.JPG,6R/103MEDIA,2,Western_Leopard_Toad,0.8369,623.2,2391.1,753.7,2534.8
/srv/shared_leopard_toad/2025/Documents/06.10-13.10.2025/6R/103MEDIA/DSCF0406.JPG,DSCF0406.JPG,6R/103MEDIA,0,Other_Amphibian,0.3025,623.2,2391.1,753.7,2534.8
/srv/shared_leopard_toad/2025/Documents/06.10-13.10.2025/6R/103MEDIA/DSCF0370.JPG,DSCF0370.JPG,6R/103MEDIA,0,Other_Amphibian,0.3391,4064.5,2012.5,4220.0,2151.4
/srv/shared_leopard_toad/2025/Documents/06.10-13.10.2025/6R/103MEDIA/DSCF0440.JPG,DSCF0440.JPG,6R/103MEDIA,0,Other_Amphibian,0.2627,2525.5,2504.8,2624.8,2610.0
/srv/shared_leopard_toad/2025/Documents/06.10-13.10.2025/6R/103MEDIA/DSCF0857.JPG,DSCF0857.JPG,6R/103MEDIA,2,Western_Leopard_Toad,0.5005,351.6,387.0,493.6,518.9
/srv/shared_leopard_toad/2025/Documents/06.10-13.10.2025/6R/103MEDIA/DSCF0958.JPG,DSCF0958.JPG,6R/103MEDIA,2,Western_Leopard_Toad,0.3806,334.1,387.7,493.5,536.6
/srv/shared_leopard_toad/2025/Documents/06.10-13.10.2025/6R/103MEDIA/DSCF0375.JPG,DSCF0375.JPG,6R/103MEDIA,2,Western_Leopard_Toad,0.3896,449.7,2357.2,612.1,2512.5
/srv/shared_leopard_toad/2025/Documents/06.10-13.10.2025/6R/103MEDIA/DSCF0929.JPG,DSCF0929.JPG,6R/103MEDIA,2,Western_Leopard_Toad,0.2654,336.3,384.2,491.2,529.0
/srv/shared_leopard_toad/2025/Documents/06.10-13.10.2025/6R/103MEDIA/DSCF0337.JPG,DSCF0337.JPG,6R/103MEDIA,0,Other_Amphibian,0.6470,696.8,2662.2,840.1,2827.6
/srv/shared_leopard_toad/2025/Documents/06.10-13.10.2025/6R/103MEDIA/DSCF0337.JPG,DSCF0337.JPG,6R/103MEDIA,2,Western_Leopard_Toad,0.3164,696.8,2662.2,840.1,2827.6
/srv/shared_leopard_toad/2025/Documents/06.10-13.10.2025/6R/103MEDIA/DSCF0972.JPG,DSCF0972.JPG,6R/103MEDIA,2,Western_Leopard_Toad,0.2773,339.3,387.3,495.4,534.8
/srv/shared_leopard_toad/2025/Documents/06.10-13.10.2025/6R/103MEDIA/DSCF0603.JPG,DSCF0603.JPG,6R/103MEDIA,2,Western_Leopard_Toad,0.2751,339.8,391.7,498.3,526.8
/srv/shared_leopard_toad/2025/Documents/06.10-13.10.2025/6R/103MEDIA/DSCF0492.JPG,DSCF0492.JPG,6R/103MEDIA,2,Western_Leopard_Toad,0.9067,1458.9,1201.1,1615.0,1374.0
/srv/shared_leopard_toad/2025/Documents/06.10-13.10.2025/6R/103MEDIA/DSCF0492.JPG,DSCF0492.JPG,6R/103MEDIA,0,Other_Amphibian,0.2590,1458.9,1201.1,1615.0,1374.0
/srv/shared_leopard_toad/2025/Documents/06.10-13.10.2025/6R/103MEDIA/DSCF0530.JPG,DSCF0530.JPG,6R/103MEDIA,0,Other_Amphibian,0.2590,2624.8,2003.1,2735.5,2107.6
/srv/shared_leopard_toad/2025/Documents/06.10-13.10.2025/6R/103MEDIA/DSCF0887.JPG,DSCF0887.JPG,6R/103MEDIA,2,Western_Leopard_Toad,0.7183,588.3,2407.4,750.4,2559.8
/srv/shared_leopard_toad/2025/Documents/06.10-13.10.2025/6R/103MEDIA/DSCF0887.JPG,DSCF0887.JPG,6R/103MEDIA,2,Western_Leopard_Toad,0.3389,335.0,383.0,497.1,535.4
/srv/shared_leopard_toad/2025/Documents/06.10-13.10.2025/6R/103MEDIA/DSCF0887.JPG,DSCF0887.JPG,6R/103MEDIA,2,Western_Leopard_Toad,0.3091,334.7,381.8,497.4,533.7
/srv/shared_leopard_toad/2025/Documents/06.10-13.10.2025/6R/103MEDIA/DSCF0132.JPG,DSCF0132.JPG,6R/103MEDIA,0,Other_Amphibian,0.2690,2600.2,283.9,2691.8,402.0
/srv/shared_leopard_toad/2025/Documents/06.10-13.10.2025/6R/103MEDIA/DSCF0457.JPG,DSCF0457.JPG,6R/103MEDIA,0,Other_Amphibian,0.2222,2528.8,2508.5,2621.5,2612.2
/srv/shared_leopard_toad/2025/Documents/06.10-13.10.2025/6R/103MEDIA/DSCF0456.JPG,DSCF0456.JPG,6R/103MEDIA,0,Other_Amphibian,0.2145,2530.7,2506.4,2624.8,2611.3
/srv/shared_leopard_toad/2025/Documents/06.10-13.10.2025/6R/103MEDIA/DSCF0954.JPG,DSCF0954.JPG,6R/103MEDIA,2,Western_Leopard_Toad,0.4033,1507.6,1444.4,1715.9,1635.7
/srv/shared_leopard_toad/2025/Documents/06.10-13.10.2025/6R/103MEDIA/DSCF0355.JPG,DSCF0355.JPG,6R/103MEDIA,0,Other_Amphibian,0.5342,927.9,660.5,1051.4,809.4
/srv/shared_leopard_toad/2025/Documents/06.10-13.10.2025/6R/103MEDIA/DSCF0535.JPG,DSCF0535.JPG,6R/103MEDIA,0,Other_Amphibian,0.2869,2623.6,2006.2,2736.7,2110.5
/srv/shared_leopard_toad/2025/Documents/06.10-13.10.2025/6R/103MEDIA/DSCF0787.JPG,DSCF0787.JPG,6R/103MEDIA,0,Other_Amphibian,0.4189,1670.2,1887.1,1818.5,2087.8
/srv/shared_leopard_toad/2025/Documents/06.10-13.10.2025/6R/103MEDIA/DSCF0756.JPG,DSCF0756.JPG,6R/103MEDIA,0,Other_Amphibian,0.3767,2929.3,2462.7,3118.7,2610.7
/srv/shared_leopard_toad/2025/Documents/06.10-13.10.2025/6R/103MEDIA/DSCF0756.JPG,DSCF0756.JPG,6R/103MEDIA,2,Western_Leopard_Toad,0.3345,2929.3,2462.7,3118.7,2610.7
/srv/shared_leopard_toad/2025/Documents/06.10-13.10.2025/6R/103MEDIA/DSCF0364.JPG,DSCF0364.JPG,6R/103MEDIA,2,Western_Leopard_Toad,0.8433,3610.9,320.0,3812.6,519.5
/srv/shared_leopard_toad/2025/Documents/06.10-13.10.2025/6R/103MEDIA/DSCF0364.JPG,DSCF0364.JPG,6R/103MEDIA,0,Other_Amphibian,0.2573,2526.8,2485.4,2631.3,2608.7
/srv/shared_leopard_toad/2025/Documents/06.10-13.10.2025/6R/103MEDIA/DSCF0364.JPG,DSCF0364.JPG,6R/103MEDIA,0,Other_Amphibian,0.2362,3610.9,320.0,3812.6,519.5
/srv/shared_leopard_toad/2025/Documents/06.10-13.10.2025/6R/103MEDIA/DSCF0810.JPG,DSCF0810.JPG,6R/103MEDIA,2,Western_Leopard_Toad,0.4548,1187.7,1102.9,1352.0,1283.3
/srv/shared_leopard_toad/2025/Documents/06.10-13.10.2025/6R/103MEDIA/DSCF0810.JPG,DSCF0810.JPG,6R/103MEDIA,0,Other_Amphibian,0.2441,1187.7,1102.9,1352.0,1283.3
/srv/shared_leopard_toad/2025/Documents/06.10-13.10.2025/6R/103MEDIA/DSCF0480.JPG,DSCF0480.JPG,6R/103MEDIA,2,Western_Leopard_Toad,0.2527,3342.1,2282.2,3519.6,2457.6
/srv/shared_leopard_toad/2025/Documents/06.10-13.10.2025/6R/103MEDIA/DSCF0428.JPG,DSCF0428.JPG,6R/103MEDIA,0,Other_Amphibian,0.2859,2528.6,2504.4,2626.9,2610.4
/srv/shared_leopard_toad/2025/Documents/06.10-13.10.2025/6R/103MEDIA/DSCF0427.JPG,DSCF0427.JPG,6R/103MEDIA,0,Other_Amphibian,0.3582,2528.7,2506.7,2629.4,2614.0
/srv/shared_leopard_toad/2025/Documents/06.10-13.10.2025/6R/103MEDIA/DSCF0437.JPG,DSCF0437.JPG,6R/103MEDIA,0,Other_Amphibian,0.3176,971.0,2762.9,1098.8,2862.8
/srv/shared_leopard_toad/2025/Documents/06.10-13.10.2025/6R/103MEDIA/DSCF0437.JPG,DSCF0437.JPG,6R/103MEDIA,0,Other_Amphibian,0.2152,2523.3,2506.6,2621.7,2611.2
/srv/shared_leopard_toad/2025/Documents/06.10-13.10.2025/6R/103MEDIA/DSCF0437.JPG,DSCF0437.JPG,6R/103MEDIA,0,Other_Amphibian,0.2115,969.7,2761.0,1098.8,2861.8
/srv/shared_leopard_toad/2025/Documents/06.10-13.10.2025/6R/103MEDIA/DSCF0694.JPG,DSCF0694.JPG,6R/103MEDIA,0,Other_Amphibian,0.8081,2575.7,914.5,2737.3,1092.2
/srv/shared_leopard_toad/2025/Documents/06.10-13.10.2025/6R/103MEDIA/DSCF0694.JPG,DSCF0694.JPG,6R/103MEDIA,2,Western_Leopard_Toad,0.2581,2575.7,914.5,2737.3,1092.2
/srv/shared_leopard_toad/2025/Documents/06.10-13.10.2025/6R/103MEDIA/DSCF0969.JPG,DSCF0969.JPG,6R/103MEDIA,2,Western_Leopard_Toad,0.7705,334.4,385.5,494.4,532.9
/srv/shared_leopard_toad/2025/Documents/06.10-13.10.2025/6R/103MEDIA/DSCF0905.JPG,DSCF0905.JPG,6R/103MEDIA,2,Western_Leopard_Toad,0.6021,336.3,386.3,493.9,526.3
/srv/shared_leopard_toad/2025/Documents/06.10-13.10.2025/6R/103MEDIA/DSCF0905.JPG,DSCF0905.JPG,6R/103MEDIA,0,Other_Amphibian,0.5469,854.4,2694.3,1015.9,2842.8
/srv/shared_leopard_toad/2025/Documents/06.10-13.10.2025/6R/103MEDIA/DSCF0905.JPG,DSCF0905.JPG,6R/103MEDIA,2,Western_Leopard_Toad,0.5352,337.0,387.1,495.1,528.4
/srv/shared_leopard_toad/2025/Documents/06.10-13.10.2025/6R/103MEDIA/DSCF0905.JPG,DSCF0905.JPG,6R/103MEDIA,2,Western_Leopard_Toad,0.2720,854.4,2694.3,1015.9,2842.8
/srv/shared_leopard_toad/2025/Documents/06.10-13.10.2025/6R/103MEDIA/DSCF0932.JPG,DSCF0932.JPG,6R/103MEDIA,2,Western_Leopard_Toad,0.4463,339.0,386.9,495.7,527.1
/srv/shared_leopard_toad/2025/Documents/06.10-13.10.2025/6R/103MEDIA/DSCF0770.JPG,DSCF0770.JPG,6R/103MEDIA,2,Western_Leopard_Toad,0.5356,342.0,386.2,496.0,545.5
/srv/shared_leopard_toad/2025/Documents/06.10-13.10.2025/6R/103MEDIA/DSCF0438.JPG,DSCF0438.JPG,6R/103MEDIA,0,Other_Amphibian,0.5063,967.9,2762.0,1099.3,2863.7
/srv/shared_leopard_toad/2025/Documents/06.10-13.10.2025/6R/103MEDIA/DSCF0438.JPG,DSCF0438.JPG,6R/103MEDIA,2,Western_Leopard_Toad,0.3867,967.9,2762.0,1099.3,2863.7
/srv/shared_leopard_toad/2025/Documents/06.10-13.10.2025/6R/103MEDIA/DSCF0438.JPG,DSCF0438.JPG,6R/103MEDIA,0,Other_Amphibian,0.2306,2525.1,2505.9,2625.2,2611.9
/srv/shared_leopard_toad/2025/Documents/06.10-13.10.2025/6R/103MEDIA/DSCF0453.JPG,DSCF0453.JPG,6R/103MEDIA,0,Other_Amphibian,0.3533,2527.3,2507.1,2622.9,2613.6
/srv/shared_leopard_toad/2025/Documents/06.10-13.10.2025/6R/103MEDIA/DSCF0481.JPG,DSCF0481.JPG,6R/103MEDIA,0,Other_Amphibian,0.7842,3581.6,1008.7,3747.4,1188.4
/srv/shared_leopard_toad/2025/Documents/06.10-13.10.2025/6R/103MEDIA/DSCF0481.JPG,DSCF0481.JPG,6R/103MEDIA,2,Western_Leopard_Toad,0.7041,3340.5,2283.6,3516.0,2459.1
/srv/shared_leopard_toad/2025/Documents/06.10-13.10.2025/6R/103MEDIA/DSCF0481.JPG,DSCF0481.JPG,6R/103MEDIA,2,Western_Leopard_Toad,0.3882,3581.6,1008.7,3747.4,1188.4
/srv/shared_leopard_toad/2025/Documents/06.10-13.10.2025/6R/103MEDIA/DSCF0481.JPG,DSCF0481.JPG,6R/103MEDIA,0,Other_Amphibian,0.2002,3340.5,2283.6,3516.0,2459.1
/srv/shared_leopard_toad/2025/Documents/06.10-13.10.2025/6R/103MEDIA/DSCF0946.JPG,DSCF0946.JPG,6R/103MEDIA,2,Western_Leopard_Toad,0.4385,337.1,388.9,495.0,525.1
/srv/shared_leopard_toad/2025/Documents/06.10-13.10.2025/6R/103MEDIA/DSCF0831.JPG,DSCF0831.JPG,6R/103MEDIA,0,Other_Amphibian,0.8735,554.0,2595.6,688.3,2764.4
/srv/shared_leopard_toad/2025/Documents/06.10-13.10.2025/6R/103MEDIA/DSCF0977.JPG,DSCF0977.JPG,6R/103MEDIA,2,Western_Leopard_Toad,0.3303,337.8,386.6,496.9,533.3
/srv/shared_leopard_toad/2025/Documents/06.10-13.10.2025/6R/103MEDIA/DSCF0552.JPG,DSCF0552.JPG,6R/103MEDIA,0,Other_Amphibian,0.2302,2625.1,2008.7,2740.4,2116.8
/srv/shared_leopard_toad/2025/Documents/06.10-13.10.2025/6R/103MEDIA/DSCF0019.JPG,DSCF0019.JPG,6R/103MEDIA,0,Other_Amphibian,0.2249,2597.0,282.7,2689.7,399.5
/srv/shared_leopard_toad/2025/Documents/06.10-13.10.2025/6R/103MEDIA/DSCF0583.JPG,DSCF0583.JPG,6R/103MEDIA,0,Other_Amphibian,0.8604,2983.2,2174.2,3175.0,2323.4
/srv/shared_leopard_toad/2025/Documents/06.10-13.10.2025/6R/103MEDIA/DSCF0583.JPG,DSCF0583.JPG,6R/103MEDIA,2,Western_Leopard_Toad,0.2993,2983.2,2174.2,3175.0,2323.4
/srv/shared_leopard_toad/2025/Documents/06.10-13.10.2025/6R/103MEDIA/DSCF0583.JPG,DSCF0583.JPG,6R/103MEDIA,0,Other_Amphibian,0.2318,764.0,2752.1,892.3,2858.8
/srv/shared_leopard_toad/2025/Documents/06.10-13.10.2025/6R/103MEDIA/DSCF0005.JPG,DSCF0005.JPG,6R/103MEDIA,0,Other_Amphibian,0.2781,2602.9,281.6,2689.1,391.3
/srv/shared_leopard_toad/2025/Documents/06.10-13.10.2025/6R/103MEDIA/DSCF0452.JPG,DSCF0452.JPG,6R/103MEDIA,0,Other_Amphibian,0.4653,2527.1,2507.9,2623.1,2609.9
/srv/shared_leopard_toad/2025/Documents/06.10-13.10.2025/6R/103MEDIA/DSCF0952.JPG,DSCF0952.JPG,6R/103MEDIA,2,Western_Leopard_Toad,0.4434,337.3,386.0,494.9,531.0
/srv/shared_leopard_toad/2025/Documents/06.10-13.10.2025/6R/103MEDIA/DSCF0952.JPG,DSCF0952.JPG,6R/103MEDIA,2,Western_Leopard_Toad,0.2725,335.8,386.7,494.3,531.7
/srv/shared_leopard_toad/2025/Documents/06.10-13.10.2025/6R/103MEDIA/DSCF0172.JPG,DSCF0172.JPG,6R/103MEDIA,2,Western_Leopard_Toad,0.8931,3603.5,2312.4,3841.0,2616.4
/srv/shared_leopard_toad/2025/Documents/06.10-13.10.2025/6R/103MEDIA/DSCF0467.JPG,DSCF0467.JPG,6R/103MEDIA,0,Other_Amphibian,0.2390,2528.9,2505.6,2626.6,2609.2
/srv/shared_leopard_toad/2025/Documents/06.10-13.10.2025/6R/103MEDIA/DSCF0797.JPG,DSCF0797.JPG,6R/103MEDIA,0,Other_Amphibian,0.9312,3763.8,1375.1,3964.2,1558.8
/srv/shared_leopard_toad/2025/Documents/06.10-13.10.2025/6R/103MEDIA/DSCF0630.JPG,DSCF0630.JPG,6R/103MEDIA,2,Western_Leopard_Toad,0.5225,340.4,386.7,497.6,534.7
/srv/shared_leopard_toad/2025/Documents/06.10-13.10.2025/6R/103MEDIA/DSCF0957.JPG,DSCF0957.JPG,6R/103MEDIA,2,Western_Leopard_Toad,0.4763,334.6,385.2,495.5,532.4
/srv/shared_leopard_toad/2025/Documents/06.10-13.10.2025/6R/103MEDIA/DSCF0957.JPG,DSCF0957.JPG,6R/103MEDIA,2,Western_Leopard_Toad,0.4690,334.5,386.8,495.7,534.6
/srv/shared_leopard_toad/2025/Documents/06.10-13.10.2025/6R/103MEDIA/DSCF0496.JPG,DSCF0496.JPG,6R/103MEDIA,2,Western_Leopard_Toad,0.6587,424.3,1913.3,551.5,2061.6
/srv/shared_leopard_toad/2025/Documents/06.10-13.10.2025/6R/103MEDIA/DSCF0496.JPG,DSCF0496.JPG,6R/103MEDIA,0,Other_Amphibian,0.6460,424.3,1913.3,551.5,2061.6
/srv/shared_leopard_toad/2025/Documents/06.10-13.10.2025/6R/103MEDIA/DSCF0496.JPG,DSCF0496.JPG,6R/103MEDIA,0,Other_Amphibian,0.4304,2449.3,708.8,2622.2,909.5
/srv/shared_leopard_toad/2025/Documents/06.10-13.10.2025/6R/103MEDIA/DSCF0995.JPG,DSCF0995.JPG,6R/103MEDIA,2,Western_Leopard_Toad,0.7188,335.8,383.4,493.0,536.5
/srv/shared_leopard_toad/2025/Documents/06.10-13.10.2025/6R/103MEDIA/DSCF0004.JPG,DSCF0004.JPG,6R/103MEDIA,0,Other_Amphibian,0.3987,2599.0,282.6,2687.8,391.5
/srv/shared_leopard_toad/2025/Documents/06.10-13.10.2025/6R/103MEDIA/DSCF0434.JPG,DSCF0434.JPG,6R/103MEDIA,0,Other_Amphibian,0.2074,972.0,2763.1,1096.5,2862.6
/srv/shared_leopard_toad/2025/Documents/06.10-13.10.2025/6R/103MEDIA/DSCF0170.JPG,DSCF0170.JPG,6R/103MEDIA,2,Western_Leopard_Toad,0.9624,4402.0,1125.1,4664.7,1414.5
/srv/shared_leopard_toad/2025/Documents/06.10-13.10.2025/6R/103MEDIA/DSCF0897.JPG,DSCF0897.JPG,6R/103MEDIA,2,Western_Leopard_Toad,0.5229,336.1,386.6,494.0,526.6
/srv/shared_leopard_toad/2025/Documents/06.10-13.10.2025/6R/103MEDIA/DSCF0352.JPG,DSCF0352.JPG,6R/103MEDIA,2,Western_Leopard_Toad,0.7925,956.8,628.9,1111.7,765.7
/srv/shared_leopard_toad/2025/Documents/06.10-13.10.2025/6R/103MEDIA/DSCF0352.JPG,DSCF0352.JPG,6R/103MEDIA,0,Other_Amphibian,0.4578,956.8,628.9,1111.7,765.7
/srv/shared_leopard_toad/2025/Documents/06.10-13.10.2025/6R/103MEDIA/DSCF0879.JPG,DSCF0879.JPG,6R/103MEDIA,2,Western_Leopard_Toad,0.6357,336.5,384.5,495.6,533.9
/srv/shared_leopard_toad/2025/Documents/06.10-13.10.2025/6R/103MEDIA/DSCF0919.JPG,DSCF0919.JPG,6R/103MEDIA,2,Western_Leopard_Toad,0.5435,338.6,388.8,493.5,533.3
/srv/shared_leopard_toad/2025/Documents/06.10-13.10.2025/6R/103MEDIA/DSCF0578.JPG,DSCF0578.JPG,6R/103MEDIA,2,Western_Leopard_Toad,0.2612,3629.2,1.3,4014.8,186.3
/srv/shared_leopard_toad/2025/Documents/06.10-13.10.2025/6R/103MEDIA/DSCF0585.JPG,DSCF0585.JPG,6R/103MEDIA,0,Other_Amphibian,0.8623,2981.6,2173.1,3181.9,2318.6
/srv/shared_leopard_toad/2025/Documents/06.10-13.10.2025/6R/103MEDIA/DSCF0585.JPG,DSCF0585.JPG,6R/103MEDIA,0,Other_Amphibian,0.6997,740.9,2649.6,884.0,2790.1
/srv/shared_leopard_toad/2025/Documents/06.10-13.10.2025/6R/103MEDIA/DSCF0585.JPG,DSCF0585.JPG,6R/103MEDIA,2,Western_Leopard_Toad,0.4075,740.9,2649.6,884.0,2790.1
/srv/shared_leopard_toad/2025/Documents/06.10-13.10.2025/6R/103MEDIA/DSCF0585.JPG,DSCF0585.JPG,6R/103MEDIA,2,Western_Leopard_Toad,0.2720,2981.6,2173.1,3181.9,2318.6
/srv/shared_leopard_toad/2025/Documents/06.10-13.10.2025/6R/103MEDIA/DSCF0435.JPG,DSCF0435.JPG,6R/103MEDIA,0,Other_Amphibian,0.5366,970.8,2763.4,1099.1,2862.3
/srv/shared_leopard_toad/2025/Documents/06.10-13.10.2025/6R/103MEDIA/DSCF0435.JPG,DSCF0435.JPG,6R/103MEDIA,2,Western_Leopard_Toad,0.4604,970.8,2763.4,1099.1,2862.3
/srv/shared_leopard_toad/2025/Documents/06.10-13.10.2025/6R/103MEDIA/DSCF0462.JPG,DSCF0462.JPG,6R/103MEDIA,0,Other_Amphibian,0.3188,2531.6,2508.7,2623.9,2612.0
/srv/shared_leopard_toad/2025/Documents/06.10-13.10.2025/6R/103MEDIA/DSCF0056.JPG,DSCF0056.JPG,6R/103MEDIA,0,Other_Amphibian,0.2157,2600.0,279.2,2692.0,399.3
/srv/shared_leopard_toad/2025/Documents/06.10-13.10.2025/6R/103MEDIA/DSCF0522.JPG,DSCF0522.JPG,6R/103MEDIA,0,Other_Amphibian,0.2074,2528.4,2508.0,2621.8,2612.7
/srv/shared_leopard_toad/2025/Documents/06.10-13.10.2025/6R/103MEDIA/DSCF0436.JPG,DSCF0436.JPG,6R/103MEDIA,0,Other_Amphibian,0.2004,970.6,2763.5,1097.9,2862.2
/srv/shared_leopard_toad/2025/Documents/06.10-13.10.2025/6R/103MEDIA/DSCF0829.JPG,DSCF0829.JPG,6R/103MEDIA,2,Western_Leopard_Toad,0.7524,1710.7,2545.4,1869.8,2714.2
/srv/shared_leopard_toad/2025/Documents/06.10-13.10.2025/6R/103MEDIA/DSCF0829.JPG,DSCF0829.JPG,6R/103MEDIA,0,Other_Amphibian,0.6377,1710.7,2545.4,1869.8,2714.2
/srv/shared_leopard_toad/2025/Documents/06.10-13.10.2025/6R/103MEDIA/DSCF0137.JPG,DSCF0137.JPG,6R/103MEDIA,0,Other_Amphibian,0.2671,2601.6,282.8,2690.4,401.6
/srv/shared_leopard_toad/2025/Documents/06.10-13.10.2025/6R/103MEDIA/DSCF0821.JPG,DSCF0821.JPG,6R/103MEDIA,0,Other_Amphibian,0.4861,476.1,953.5,649.4,1121.1
/srv/shared_leopard_toad/2025/Documents/06.10-13.10.2025/6R/103MEDIA/DSCF0821.JPG,DSCF0821.JPG,6R/103MEDIA,0,Other_Amphibian,0.2145,474.8,952.5,648.7,1120.6
/srv/shared_leopard_toad/2025/Documents/06.10-13.10.2025/6R/103MEDIA/DSCF0484.JPG,DSCF0484.JPG,6R/103MEDIA,0,Other_Amphibian,0.5024,3576.4,1010.3,3747.4,1173.5
/srv/shared_leopard_toad/2025/Documents/06.10-13.10.2025/6R/103MEDIA/DSCF0471.JPG,DSCF0471.JPG,6R/103MEDIA,0,Other_Amphibian,0.2690,2523.4,2505.4,2621.6,2612.3
/srv/shared_leopard_toad/2025/Documents/06.10-13.10.2025/6R/103MEDIA/DSCF0609.JPG,DSCF0609.JPG,6R/103MEDIA,2,Western_Leopard_Toad,0.3611,339.3,388.2,497.4,538.4
/srv/shared_leopard_toad/2025/Documents/06.10-13.10.2025/6R/103MEDIA/DSCF0329.JPG,DSCF0329.JPG,6R/103MEDIA,0,Other_Amphibian,0.6870,941.6,2547.5,1075.7,2717.9
/srv/shared_leopard_toad/2025/Documents/06.10-13.10.2025/6R/103MEDIA/DSCF0329.JPG,DSCF0329.JPG,6R/103MEDIA,2,Western_Leopard_Toad,0.4475,941.6,2547.5,1075.7,2717.9
/srv/shared_leopard_toad/2025/Documents/06.10-13.10.2025/6R/103MEDIA/DSCF0129.JPG,DSCF0129.JPG,6R/103MEDIA,0,Other_Amphibian,0.2037,2599.8,283.7,2692.2,399.6
/srv/shared_leopard_toad/2025/Documents/06.10-13.10.2025/6R/103MEDIA/DSCF0326.JPG,DSCF0326.JPG,6R/103MEDIA,2,Western_Leopard_Toad,0.8125,3668.0,1596.9,3865.7,1757.8
/srv/shared_leopard_toad/2025/Documents/06.10-13.10.2025/6R/103MEDIA/DSCF0326.JPG,DSCF0326.JPG,6R/103MEDIA,0,Other_Amphibian,0.7329,3668.0,1596.9,3865.7,1757.8
/srv/shared_leopard_toad/2025/Documents/06.10-13.10.2025/6R/103MEDIA/DSCF0326.JPG,DSCF0326.JPG,6R/103MEDIA,2,Western_Leopard_Toad,0.5962,4311.2,2561.0,4451.0,2725.1
/srv/shared_leopard_toad/2025/Documents/06.10-13.10.2025/6R/103MEDIA/DSCF0326.JPG,DSCF0326.JPG,6R/103MEDIA,0,Other_Amphibian,0.3152,4311.2,2561.0,4451.0,2725.1
/srv/shared_leopard_toad/2025/Documents/06.10-13.10.2025/6R/103MEDIA/DSCF0495.JPG,DSCF0495.JPG,6R/103MEDIA,2,Western_Leopard_Toad,0.8955,1458.9,1198.9,1615.0,1376.2
/srv/shared_leopard_toad/2025/Documents/06.10-13.10.2025/6R/103MEDIA/DSCF0590.JPG,DSCF0590.JPG,6R/103MEDIA,2,Western_Leopard_Toad,0.9629,3544.7,1584.9,3884.0,1870.3
/srv/shared_leopard_toad/2025/Documents/06.10-13.10.2025/6R/103MEDIA/DSCF0934.JPG,DSCF0934.JPG,6R/103MEDIA,2,Western_Leopard_Toad,0.4114,337.6,384.9,495.8,529.9
/srv/shared_leopard_toad/2025/Documents/06.10-13.10.2025/6R/103MEDIA/DSCF0934.JPG,DSCF0934.JPG,6R/103MEDIA,0,Other_Amphibian,0.2642,3499.8,637.8,3677.0,791.5
/srv/shared_leopard_toad/2025/Documents/06.10-13.10.2025/6R/103MEDIA/DSCF0175.JPG,DSCF0175.JPG,6R/103MEDIA,2,Western_Leopard_Toad,0.9634,3057.0,2499.9,3363.8,2798.0
/srv/shared_leopard_toad/2025/Documents/06.10-13.10.2025/6R/103MEDIA/DSCF0647.JPG,DSCF0647.JPG,6R/103MEDIA,2,Western_Leopard_Toad,0.2666,341.8,391.5,494.9,530.6
/srv/shared_leopard_toad/2025/Documents/06.10-13.10.2025/6R/103MEDIA/DSCF0914.JPG,DSCF0914.JPG,6R/103MEDIA,2,Western_Leopard_Toad,0.7520,335.5,386.1,496.7,530.9
/srv/shared_leopard_toad/2025/Documents/06.10-13.10.2025/6R/103MEDIA/DSCF0332.JPG,DSCF0332.JPG,6R/103MEDIA,2,Western_Leopard_Toad,0.5527,502.1,2223.0,641.1,2386.9
/srv/shared_leopard_toad/2025/Documents/06.10-13.10.2025/6R/103MEDIA/DSCF0103.JPG,DSCF0103.JPG,6R/103MEDIA,0,Other_Amphibian,0.2185,2598.2,282.6,2693.8,409.1
/srv/shared_leopard_toad/2025/Documents/06.10-13.10.2025/6R/103MEDIA/DSCF0920.JPG,DSCF0920.JPG,6R/103MEDIA,2,Western_Leopard_Toad,0.6646,340.1,384.7,499.2,524.1
/srv/shared_leopard_toad/2025/Documents/06.10-13.10.2025/6R/103MEDIA/DSCF0973.JPG,DSCF0973.JPG,6R/103MEDIA,2,Western_Leopard_Toad,0.9131,335.2,388.2,493.7,536.2
/srv/shared_leopard_toad/2025/Documents/06.10-13.10.2025/6R/103MEDIA/DSCF0491.JPG,DSCF0491.JPG,6R/103MEDIA,2,Western_Leopard_Toad,0.8843,1458.1,1200.6,1615.7,1374.5
/srv/shared_leopard_toad/2025/Documents/06.10-13.10.2025/6R/103MEDIA/DSCF0491.JPG,DSCF0491.JPG,6R/103MEDIA,0,Other_Amphibian,0.2502,1458.1,1200.6,1615.7,1374.5
/srv/shared_leopard_toad/2025/Documents/06.10-13.10.2025/6R/103MEDIA/DSCF0600.JPG,DSCF0600.JPG,6R/103MEDIA,2,Western_Leopard_Toad,0.8833,341.6,387.4,497.7,527.4
/srv/shared_leopard_toad/2025/Documents/06.10-13.10.2025/6R/103MEDIA/DSCF0529.JPG,DSCF0529.JPG,6R/103MEDIA,0,Other_Amphibian,0.2971,2625.9,2004.7,2739.6,2109.0
/srv/shared_leopard_toad/2025/Documents/06.10-13.10.2025/6R/103MEDIA/DSCF0078.JPG,DSCF0078.JPG,6R/103MEDIA,0,Other_Amphibian,0.2800,2600.2,282.0,2691.8,394.2
/srv/shared_leopard_toad/2025/Documents/06.10-13.10.2025/6R/103MEDIA/DSCF0242.JPG,DSCF0242.JPG,6R/103MEDIA,2,Western_Leopard_Toad,0.4668,4023.1,516.7,4193.1,656.4
/srv/shared_leopard_toad/2025/Documents/06.10-13.10.2025/6R/103MEDIA/DSCF0213.JPG,DSCF0213.JPG,6R/103MEDIA,2,Western_Leopard_Toad,0.9629,3843.2,186.0,4073.8,464.8
/srv/shared_leopard_toad/2025/Documents/06.10-13.10.2025/6R/103MEDIA/DSCF0935.JPG,DSCF0935.JPG,6R/103MEDIA,0,Other_Amphibian,0.2306,3514.4,634.0,3688.6,783.5
/srv/shared_leopard_toad/2025/Documents/06.10-13.10.2025/6R/103MEDIA/DSCF0926.JPG,DSCF0926.JPG,6R/103MEDIA,2,Western_Leopard_Toad,0.4729,339.6,385.8,495.1,526.8
/srv/shared_leopard_toad/2025/Documents/06.10-13.10.2025/6R/103MEDIA/DSCF0658.JPG,DSCF0658.JPG,6R/103MEDIA,0,Other_Amphibian,0.6113,1037.0,2704.6,1203.4,2862.0
/srv/shared_leopard_toad/2025/Documents/06.10-13.10.2025/6R/103MEDIA/DSCF0658.JPG,DSCF0658.JPG,6R/103MEDIA,2,Western_Leopard_Toad,0.4902,1037.0,2704.6,1203.4,2862.0
/srv/shared_leopard_toad/2025/Documents/06.10-13.10.2025/6R/103MEDIA/DSCF0351.JPG,DSCF0351.JPG,6R/103MEDIA,2,Western_Leopard_Toad,0.7026,958.3,628.4,1114.1,766.2
/srv/shared_leopard_toad/2025/Documents/06.10-13.10.2025/6R/103MEDIA/DSCF0351.JPG,DSCF0351.JPG,6R/103MEDIA,0,Other_Amphibian,0.4963,958.3,628.4,1114.1,766.2
/srv/shared_leopard_toad/2025/Documents/06.10-13.10.2025/6R/103MEDIA/DSCF0354.JPG,DSCF0354.JPG,6R/103MEDIA,2,Western_Leopard_Toad,0.6299,956.3,629.9,1113.5,767.6
/srv/shared_leopard_toad/2025/Documents/06.10-13.10.2025/6R/103MEDIA/DSCF0354.JPG,DSCF0354.JPG,6R/103MEDIA,0,Other_Amphibian,0.2084,956.3,629.9,1113.5,767.6
/srv/shared_leopard_toad/2025/Documents/06.10-13.10.2025/6R/103MEDIA/DSCF0746.JPG,DSCF0746.JPG,6R/103MEDIA,0,Other_Amphibian,0.5063,904.9,2718.0,1036.3,2860.4
/srv/shared_leopard_toad/2025/Documents/06.10-13.10.2025/6R/103MEDIA/DSCF0591.JPG,DSCF0591.JPG,6R/103MEDIA,2,Western_Leopard_Toad,0.9653,3538.8,1584.7,3879.4,1870.4
/srv/shared_leopard_toad/2025/Documents/06.10-13.10.2025/6R/103MEDIA/DSCF0241.JPG,DSCF0241.JPG,6R/103MEDIA,2,Western_Leopard_Toad,0.3958,4022.6,518.1,4193.6,656.5
/srv/shared_leopard_toad/2025/Documents/06.10-13.10.2025/6R/103MEDIA/DSCF0101.JPG,DSCF0101.JPG,6R/103MEDIA,0,Other_Amphibian,0.2103,2599.8,281.6,2692.2,401.7
/srv/shared_leopard_toad/2025/Documents/06.10-13.10.2025/6R/103MEDIA/DSCF0468.JPG,DSCF0468.JPG,6R/103MEDIA,0,Other_Amphibian,0.4409,2529.8,2508.0,2625.7,2609.8
/srv/shared_leopard_toad/2025/Documents/06.10-13.10.2025/6R/103MEDIA/DSCF0116.JPG,DSCF0116.JPG,6R/103MEDIA,0,Other_Amphibian,0.2128,2599.7,281.4,2692.3,401.9
/srv/shared_leopard_toad/2025/Documents/06.10-13.10.2025/6R/103MEDIA/DSCF0987.JPG,DSCF0987.JPG,6R/103MEDIA,2,Western_Leopard_Toad,0.4460,336.6,387.6,496.9,533.7
/srv/shared_leopard_toad/2025/Documents/06.10-13.10.2025/6R/103MEDIA/DSCF0367.JPG,DSCF0367.JPG,6R/103MEDIA,0,Other_Amphibian,0.3301,2524.2,2483.5,2631.3,2610.6
/srv/shared_leopard_toad/2025/Documents/06.10-13.10.2025/6R/103MEDIA/DSCF0367.JPG,DSCF0367.JPG,6R/103MEDIA,2,Western_Leopard_Toad,0.3022,3941.8,1161.1,4090.7,1337.2
/srv/shared_leopard_toad/2025/Documents/06.10-13.10.2025/6R/103MEDIA/DSCF0832.JPG,DSCF0832.JPG,6R/103MEDIA,0,Other_Amphibian,0.2152,600.5,2619.5,742.2,2802.5
/srv/shared_leopard_toad/2025/Documents/06.10-13.10.2025/6R/103MEDIA/DSCF0331.JPG,DSCF0331.JPG,6R/103MEDIA,0,Other_Amphibian,0.6958,846.7,2550.9,965.8,2702.8
/srv/shared_leopard_toad/2025/Documents/06.10-13.10.2025/6R/103MEDIA/DSCF0331.JPG,DSCF0331.JPG,6R/103MEDIA,2,Western_Leopard_Toad,0.3667,846.7,2550.9,965.8,2702.8
/srv/shared_leopard_toad/2025/Documents/06.10-13.10.2025/6R/103MEDIA/DSCF0990.JPG,DSCF0990.JPG,6R/103MEDIA,2,Western_Leopard_Toad,0.2690,334.8,384.7,495.4,546.2
/srv/shared_leopard_toad/2025/Documents/06.10-13.10.2025/6R/103MEDIA/DSCF0789.JPG,DSCF0789.JPG,6R/103MEDIA,0,Other_Amphibian,0.7769,1670.8,1884.4,1815.2,2084.6
/srv/shared_leopard_toad/2025/Documents/06.10-13.10.2025/6R/103MEDIA/DSCF0941.JPG,DSCF0941.JPG,6R/103MEDIA,0,Other_Amphibian,0.8315,3641.5,1544.3,3813.5,1718.9
/srv/shared_leopard_toad/2025/Documents/06.10-13.10.2025/6R/103MEDIA/DSCF0941.JPG,DSCF0941.JPG,6R/103MEDIA,2,Western_Leopard_Toad,0.3997,3641.5,1544.3,3813.5,1718.9
/srv/shared_leopard_toad/2025/Documents/06.10-13.10.2025/6R/103MEDIA/DSCF0843.JPG,DSCF0843.JPG,6R/103MEDIA,2,Western_Leopard_Toad,0.5518,346.5,385.9,492.8,529.6
/srv/shared_leopard_toad/2025/Documents/06.10-13.10.2025/6R/103MEDIA/DSCF0910.JPG,DSCF0910.JPG,6R/103MEDIA,2,Western_Leopard_Toad,0.7681,336.9,382.8,493.3,532.7
/srv/shared_leopard_toad/2025/Documents/06.10-13.10.2025/6R/103MEDIA/DSCF0497.JPG,DSCF0497.JPG,6R/103MEDIA,2,Western_Leopard_Toad,0.9033,1459.5,1201.7,1611.8,1373.4
/srv/shared_leopard_toad/2025/Documents/06.10-13.10.2025/6R/103MEDIA/DSCF0497.JPG,DSCF0497.JPG,6R/103MEDIA,0,Other_Amphibian,0.2778,1459.5,1201.7,1611.8,1373.4
/srv/shared_leopard_toad/2025/Documents/06.10-13.10.2025/6R/103MEDIA/DSCF0340.JPG,DSCF0340.JPG,6R/103MEDIA,2,Western_Leopard_Toad,0.9521,2951.8,2636.7,3127.7,2811.8
/srv/shared_leopard_toad/2025/Documents/06.10-13.10.2025/6R/103MEDIA/DSCF0340.JPG,DSCF0340.JPG,6R/103MEDIA,2,Western_Leopard_Toad,0.8545,3810.4,394.1,3928.1,530.2
/srv/shared_leopard_toad/2025/Documents/06.10-13.10.2025/6R/103MEDIA/DSCF0340.JPG,DSCF0340.JPG,6R/103MEDIA,0,Other_Amphibian,0.2913,3810.4,394.1,3928.1,530.2
/srv/shared_leopard_toad/2025/Documents/06.10-13.10.2025/6R/103MEDIA/DSCF0939.JPG,DSCF0939.JPG,6R/103MEDIA,2,Western_Leopard_Toad,0.5444,336.4,386.2,492.5,527.8
/srv/shared_leopard_toad/2025/Documents/06.10-13.10.2025/6R/103MEDIA/DSCF0939.JPG,DSCF0939.JPG,6R/103MEDIA,0,Other_Amphibian,0.4502,429.1,2267.2,574.3,2398.8
/srv/shared_leopard_toad/2025/Documents/06.10-13.10.2025/6R/103MEDIA/DSCF0939.JPG,DSCF0939.JPG,6R/103MEDIA,2,Western_Leopard_Toad,0.4404,336.7,386.9,495.5,527.9
/srv/shared_leopard_toad/2025/Documents/06.10-13.10.2025/6R/103MEDIA/DSCF0939.JPG,DSCF0939.JPG,6R/103MEDIA,0,Other_Amphibian,0.4270,2164.5,940.7,2361.0,1126.5
/srv/shared_leopard_toad/2025/Documents/06.10-13.10.2025/6R/103MEDIA/DSCF0493.JPG,DSCF0493.JPG,6R/103MEDIA,2,Western_Leopard_Toad,0.9048,1460.1,1202.1,1613.8,1373.1
/srv/shared_leopard_toad/2025/Documents/06.10-13.10.2025/6R/103MEDIA/DSCF0493.JPG,DSCF0493.JPG,6R/103MEDIA,0,Other_Amphibian,0.2260,1460.1,1202.1,1613.8,1373.1
/srv/shared_leopard_toad/2025/Documents/06.10-13.10.2025/6R/103MEDIA/DSCF0595.JPG,DSCF0595.JPG,6R/103MEDIA,2,Western_Leopard_Toad,0.3633,342.6,387.7,498.7,524.1
/srv/shared_leopard_toad/2025/Documents/06.10-13.10.2025/6R/103MEDIA/DSCF0595.JPG,DSCF0595.JPG,6R/103MEDIA,2,Western_Leopard_Toad,0.2888,1174.9,517.4,1412.0,757.7
/srv/shared_leopard_toad/2025/Documents/06.10-13.10.2025/6R/103MEDIA/DSCF0371.JPG,DSCF0371.JPG,6R/103MEDIA,0,Other_Amphibian,0.2451,2528.2,2489.2,2632.6,2610.9
/srv/shared_leopard_toad/2025/Documents/06.10-13.10.2025/6R/103MEDIA/DSCF0893.JPG,DSCF0893.JPG,6R/103MEDIA,2,Western_Leopard_Toad,0.4980,336.1,386.8,494.0,528.7
/srv/shared_leopard_toad/2025/Documents/06.10-13.10.2025/6R/103MEDIA/DSCF0465.JPG,DSCF0465.JPG,6R/103MEDIA,0,Other_Amphibian,0.2974,2530.9,2505.1,2624.6,2609.7
/srv/shared_leopard_toad/2025/Documents/06.10-13.10.2025/6R/103MEDIA/DSCF0465.JPG,DSCF0465.JPG,6R/103MEDIA,0,Other_Amphibian,0.2018,4074.0,1816.8,4226.3,1963.2
/srv/shared_leopard_toad/2025/Documents/06.10-13.10.2025/6R/103MEDIA/DSCF0450.JPG,DSCF0450.JPG,6R/103MEDIA,0,Other_Amphibian,0.2310,2525.8,2509.4,2619.2,2611.3
/srv/shared_leopard_toad/2025/Documents/06.10-13.10.2025/6R/103MEDIA/DSCF0356.JPG,DSCF0356.JPG,6R/103MEDIA,2,Western_Leopard_Toad,0.9380,4040.4,664.1,4212.6,833.8
/srv/shared_leopard_toad/2025/Documents/06.10-13.10.2025/6R/103MEDIA/DSCF0444.JPG,DSCF0444.JPG,6R/103MEDIA,0,Other_Amphibian,0.3418,2527.7,2506.6,2622.5,2611.1
/srv/shared_leopard_toad/2025/Documents/06.10-13.10.2025/6R/103MEDIA/DSCF0485.JPG,DSCF0485.JPG,6R/103MEDIA,0,Other_Amphibian,0.5449,3579.5,1009.5,3749.5,1174.3
/srv/shared_leopard_toad/2025/Documents/06.10-13.10.2025/6R/103MEDIA/DSCF0485.JPG,DSCF0485.JPG,6R/103MEDIA,0,Other_Amphibian,0.3000,1153.1,133.0,1298.6,289.3
/srv/shared_leopard_toad/2025/Documents/06.10-13.10.2025/6R/103MEDIA/DSCF0322.JPG,DSCF0322.JPG,6R/103MEDIA,0,Other_Amphibian,0.8989,3669.0,1601.5,3870.0,1779.9
/srv/shared_leopard_toad/2025/Documents/06.10-13.10.2025/6R/103MEDIA/DSCF0322.JPG,DSCF0322.JPG,6R/103MEDIA,2,Western_Leopard_Toad,0.4695,3669.0,1601.5,3870.0,1779.9
/srv/shared_leopard_toad/2025/Documents/06.10-13.10.2025/6R/103MEDIA/DSCF0836.JPG,DSCF0836.JPG,6R/103MEDIA,2,Western_Leopard_Toad,0.2703,343.9,385.9,494.2,528.1
/srv/shared_leopard_toad/2025/Documents/06.10-13.10.2025/6R/103MEDIA/DSCF0359.JPG,DSCF0359.JPG,6R/103MEDIA,2,Western_Leopard_Toad,0.5684,538.0,549.6,668.2,692.2
/srv/shared_leopard_toad/2025/Documents/06.10-13.10.2025/6R/103MEDIA/DSCF0359.JPG,DSCF0359.JPG,6R/103MEDIA,0,Other_Amphibian,0.3398,538.0,549.6,668.2,692.2
/srv/shared_leopard_toad/2025/Documents/06.10-13.10.2025/6R/103MEDIA/DSCF0950.JPG,DSCF0950.JPG,6R/103MEDIA,2,Western_Leopard_Toad,0.4568,338.9,388.6,493.2,532.8
/srv/shared_leopard_toad/2025/Documents/06.10-13.10.2025/6R/103MEDIA/DSCF0950.JPG,DSCF0950.JPG,6R/103MEDIA,2,Western_Leopard_Toad,0.3872,337.5,386.3,492.7,529.2
/srv/shared_leopard_toad/2025/Documents/06.10-13.10.2025/6R/103MEDIA/DSCF0447.JPG,DSCF0447.JPG,6R/103MEDIA,0,Other_Amphibian,0.2478,2524.9,2505.2,2620.1,2609.6
/srv/shared_leopard_toad/2025/Documents/06.10-13.10.2025/6R/103MEDIA/DSCF0243.JPG,DSCF0243.JPG,6R/103MEDIA,2,Western_Leopard_Toad,0.6841,4393.8,1087.3,4525.9,1245.6
/srv/shared_leopard_toad/2025/Documents/06.10-13.10.2025/6R/103MEDIA/DSCF0410.JPG,DSCF0410.JPG,6R/103MEDIA,0,Other_Amphibian,0.2255,4948.2,1167.5,5089.8,1314.6
/srv/shared_leopard_toad/2025/Documents/06.10-13.10.2025/6R/103MEDIA/DSCF0579.JPG,DSCF0579.JPG,6R/103MEDIA,2,Western_Leopard_Toad,0.4941,3490.7,1838.7,3691.3,2021.0
/srv/shared_leopard_toad/2025/Documents/06.10-13.10.2025/6R/103MEDIA/DSCF0579.JPG,DSCF0579.JPG,6R/103MEDIA,0,Other_Amphibian,0.3916,3490.7,1838.7,3691.3,2021.0
/srv/shared_leopard_toad/2025/Documents/06.10-13.10.2025/6R/103MEDIA/DSCF0762.JPG,DSCF0762.JPG,6R/103MEDIA,0,Other_Amphibian,0.2605,479.2,955.2,646.3,1122.4
/srv/shared_leopard_toad/2025/Documents/06.10-13.10.2025/6R/107MEDIA/DSCF0135.JPG,DSCF0135.JPG,6R/107MEDIA,2,Western_Leopard_Toad,0.8496,409.9,337.8,564.0,490.5
/srv/shared_leopard_toad/2025/Documents/06.10-13.10.2025/6R/107MEDIA/DSCF0404.JPG,DSCF0404.JPG,6R/107MEDIA,2,Western_Leopard_Toad,0.4077,413.0,337.6,564.1,490.0
/srv/shared_leopard_toad/2025/Documents/06.10-13.10.2025/6R/107MEDIA/DSCF0993.JPG,DSCF0993.JPG,6R/107MEDIA,2,Western_Leopard_Toad,0.8179,415.1,338.7,566.0,484.5
/srv/shared_leopard_toad/2025/Documents/06.10-13.10.2025/6R/107MEDIA/DSCF0537.JPG,DSCF0537.JPG,6R/107MEDIA,2,Western_Leopard_Toad,0.7510,411.9,336.1,563.9,484.1
/srv/shared_leopard_toad/2025/Documents/06.10-13.10.2025/6R/107MEDIA/DSCF0358.JPG,DSCF0358.JPG,6R/107MEDIA,2,Western_Leopard_Toad,0.8921,413.8,337.5,565.3,493.1
/srv/shared_leopard_toad/2025/Documents/06.10-13.10.2025/6R/107MEDIA/DSCF0488.JPG,DSCF0488.JPG,6R/107MEDIA,2,Western_Leopard_Toad,0.9219,412.2,336.1,566.9,492.3
/srv/shared_leopard_toad/2025/Documents/06.10-13.10.2025/6R/107MEDIA/DSCF0541.JPG,DSCF0541.JPG,6R/107MEDIA,2,Western_Leopard_Toad,0.3572,416.2,337.0,566.2,484.7
/srv/shared_leopard_toad/2025/Documents/06.10-13.10.2025/6R/107MEDIA/DSCF0519.JPG,DSCF0519.JPG,6R/107MEDIA,2,Western_Leopard_Toad,0.8643,414.4,337.7,564.7,488.5
/srv/shared_leopard_toad/2025/Documents/06.10-13.10.2025/6R/107MEDIA/DSCF0589.JPG,DSCF0589.JPG,6R/107MEDIA,2,Western_Leopard_Toad,0.9351,411.8,334.6,565.3,485.7
/srv/shared_leopard_toad/2025/Documents/06.10-13.10.2025/6R/107MEDIA/DSCF0466.JPG,DSCF0466.JPG,6R/107MEDIA,2,Western_Leopard_Toad,0.9004,412.9,337.3,564.3,492.6
/srv/shared_leopard_toad/2025/Documents/06.10-13.10.2025/6R/107MEDIA/DSCF0911.JPG,DSCF0911.JPG,6R/107MEDIA,2,Western_Leopard_Toad,0.4807,416.0,337.5,563.1,486.4
/srv/shared_leopard_toad/2025/Documents/06.10-13.10.2025/6R/107MEDIA/DSCF0215.JPG,DSCF0215.JPG,6R/107MEDIA,2,Western_Leopard_Toad,0.7275,410.6,339.5,565.2,491.1
/srv/shared_leopard_toad/2025/Documents/06.10-13.10.2025/6R/107MEDIA/DSCF0173.JPG,DSCF0173.JPG,6R/107MEDIA,2,Western_Leopard_Toad,0.8975,414.3,337.7,566.8,496.5
/srv/shared_leopard_toad/2025/Documents/06.10-13.10.2025/6R/107MEDIA/DSCF0279.JPG,DSCF0279.JPG,6R/107MEDIA,2,Western_Leopard_Toad,0.7993,414.4,337.3,564.7,485.9
/srv/shared_leopard_toad/2025/Documents/06.10-13.10.2025/6R/107MEDIA/DSCF0464.JPG,DSCF0464.JPG,6R/107MEDIA,2,Western_Leopard_Toad,0.8340,411.6,338.8,565.6,488.8
/srv/shared_leopard_toad/2025/Documents/06.10-13.10.2025/6R/107MEDIA/DSCF0464.JPG,DSCF0464.JPG,6R/107MEDIA,2,Western_Leopard_Toad,0.2651,729.1,2460.7,887.9,2680.7
/srv/shared_leopard_toad/2025/Documents/06.10-13.10.2025/6R/107MEDIA/DSCF0455.JPG,DSCF0455.JPG,6R/107MEDIA,2,Western_Leopard_Toad,0.8037,410.2,339.1,563.7,493.6
/srv/shared_leopard_toad/2025/Documents/06.10-13.10.2025/6R/107MEDIA/DSCF0407.JPG,DSCF0407.JPG,6R/107MEDIA,2,Western_Leopard_Toad,0.9370,408.6,337.0,565.3,495.0
/srv/shared_leopard_toad/2025/Documents/06.10-13.10.2025/6R/107MEDIA/DSCF0922.JPG,DSCF0922.JPG,6R/107MEDIA,2,Western_Leopard_Toad,0.9214,416.5,336.1,565.9,485.6
/srv/shared_leopard_toad/2025/Documents/06.10-13.10.2025/6R/107MEDIA/DSCF0678.JPG,DSCF0678.JPG,6R/107MEDIA,2,Western_Leopard_Toad,0.9351,414.5,336.4,564.6,485.3
/srv/shared_leopard_toad/2025/Documents/06.10-13.10.2025/6R/107MEDIA/DSCF0651.JPG,DSCF0651.JPG,6R/107MEDIA,2,Western_Leopard_Toad,0.9121,414.9,335.9,567.5,485.8
/srv/shared_leopard_toad/2025/Documents/06.10-13.10.2025/6R/107MEDIA/DSCF0514.JPG,DSCF0514.JPG,6R/107MEDIA,2,Western_Leopard_Toad,0.7104,4354.2,2755.2,4497.3,2858.7
/srv/shared_leopard_toad/2025/Documents/06.10-13.10.2025/6R/107MEDIA/DSCF0514.JPG,DSCF0514.JPG,6R/107MEDIA,2,Western_Leopard_Toad,0.5581,414.0,339.4,565.1,490.4
/srv/shared_leopard_toad/2025/Documents/06.10-13.10.2025/6R/107MEDIA/DSCF0767.JPG,DSCF0767.JPG,6R/107MEDIA,2,Western_Leopard_Toad,0.9194,417.0,334.0,565.4,484.0
/srv/shared_leopard_toad/2025/Documents/06.10-13.10.2025/6R/107MEDIA/DSCF0774.JPG,DSCF0774.JPG,6R/107MEDIA,2,Western_Leopard_Toad,0.7603,414.5,336.0,566.5,485.7
/srv/shared_leopard_toad/2025/Documents/06.10-13.10.2025/6R/107MEDIA/DSCF0784.JPG,DSCF0784.JPG,6R/107MEDIA,2,Western_Leopard_Toad,0.9067,414.7,335.4,566.4,484.8
/srv/shared_leopard_toad/2025/Documents/06.10-13.10.2025/6R/107MEDIA/DSCF0933.JPG,DSCF0933.JPG,6R/107MEDIA,2,Western_Leopard_Toad,0.9233,413.2,333.7,571.1,484.3
/srv/shared_leopard_toad/2025/Documents/06.10-13.10.2025/6R/107MEDIA/DSCF0417.JPG,DSCF0417.JPG,6R/107MEDIA,2,Western_Leopard_Toad,0.8657,410.2,337.1,565.7,491.3
/srv/shared_leopard_toad/2025/Documents/06.10-13.10.2025/6R/107MEDIA/DSCF0141.JPG,DSCF0141.JPG,6R/107MEDIA,2,Western_Leopard_Toad,0.7188,415.5,339.1,565.6,490.7
/srv/shared_leopard_toad/2025/Documents/06.10-13.10.2025/6R/107MEDIA/DSCF0543.JPG,DSCF0543.JPG,6R/107MEDIA,2,Western_Leopard_Toad,0.7534,414.1,335.7,565.0,488.2
/srv/shared_leopard_toad/2025/Documents/06.10-13.10.2025/6R/107MEDIA/DSCF0325.JPG,DSCF0325.JPG,6R/107MEDIA,2,Western_Leopard_Toad,0.2925,413.6,337.3,565.6,486.7
/srv/shared_leopard_toad/2025/Documents/06.10-13.10.2025/6R/107MEDIA/DSCF0650.JPG,DSCF0650.JPG,6R/107MEDIA,2,Western_Leopard_Toad,0.8770,414.9,335.3,567.5,486.4
/srv/shared_leopard_toad/2025/Documents/06.10-13.10.2025/6R/107MEDIA/DSCF0107.JPG,DSCF0107.JPG,6R/107MEDIA,2,Western_Leopard_Toad,0.9111,412.2,338.1,566.9,491.7
/srv/shared_leopard_toad/2025/Documents/06.10-13.10.2025/6R/107MEDIA/DSCF0562.JPG,DSCF0562.JPG,6R/107MEDIA,2,Western_Leopard_Toad,0.9331,414.1,334.6,563.0,487.1
/srv/shared_leopard_toad/2025/Documents/06.10-13.10.2025/6R/107MEDIA/DSCF0446.JPG,DSCF0446.JPG,6R/107MEDIA,2,Western_Leopard_Toad,0.7026,411.1,337.6,562.8,495.9
/srv/shared_leopard_toad/2025/Documents/06.10-13.10.2025/6R/107MEDIA/DSCF0512.JPG,DSCF0512.JPG,6R/107MEDIA,2,Western_Leopard_Toad,0.8184,413.6,337.7,563.6,490.7
/srv/shared_leopard_toad/2025/Documents/06.10-13.10.2025/6R/107MEDIA/DSCF0512.JPG,DSCF0512.JPG,6R/107MEDIA,2,Western_Leopard_Toad,0.4492,4356.1,2758.0,4495.4,2858.8
/srv/shared_leopard_toad/2025/Documents/06.10-13.10.2025/6R/107MEDIA/DSCF0282.JPG,DSCF0282.JPG,6R/107MEDIA,2,Western_Leopard_Toad,0.6719,414.1,339.0,565.0,488.6
/srv/shared_leopard_toad/2025/Documents/06.10-13.10.2025/6R/107MEDIA/DSCF0430.JPG,DSCF0430.JPG,6R/107MEDIA,2,Western_Leopard_Toad,0.8794,412.0,336.4,567.2,492.0
/srv/shared_leopard_toad/2025/Documents/06.10-13.10.2025/6R/107MEDIA/DSCF0765.JPG,DSCF0765.JPG,6R/107MEDIA,2,Western_Leopard_Toad,0.9468,412.0,335.0,565.2,486.7
/srv/shared_leopard_toad/2025/Documents/06.10-13.10.2025/6R/107MEDIA/DSCF0594.JPG,DSCF0594.JPG,6R/107MEDIA,2,Western_Leopard_Toad,0.9336,415.8,334.2,565.3,486.1
/srv/shared_leopard_toad/2025/Documents/06.10-13.10.2025/6R/107MEDIA/DSCF0956.JPG,DSCF0956.JPG,6R/107MEDIA,2,Western_Leopard_Toad,0.7900,411.4,338.3,567.7,489.3
/srv/shared_leopard_toad/2025/Documents/06.10-13.10.2025/6R/107MEDIA/DSCF0221.JPG,DSCF0221.JPG,6R/107MEDIA,2,Western_Leopard_Toad,0.8335,413.6,336.9,565.6,493.7
/srv/shared_leopard_toad/2025/Documents/06.10-13.10.2025/6R/107MEDIA/DSCF0442.JPG,DSCF0442.JPG,6R/107MEDIA,2,Western_Leopard_Toad,0.4824,411.3,339.7,564.5,490.8
/srv/shared_leopard_toad/2025/Documents/06.10-13.10.2025/6R/107MEDIA/DSCF0667.JPG,DSCF0667.JPG,6R/107MEDIA,2,Western_Leopard_Toad,0.8857,412.7,337.4,561.2,485.7
/srv/shared_leopard_toad/2025/Documents/06.10-13.10.2025/6R/107MEDIA/DSCF0812.JPG,DSCF0812.JPG,6R/107MEDIA,2,Western_Leopard_Toad,0.8066,415.4,337.1,567.0,484.6
/srv/shared_leopard_toad/2025/Documents/06.10-13.10.2025/6R/107MEDIA/DSCF0311.JPG,DSCF0311.JPG,6R/107MEDIA,2,Western_Leopard_Toad,0.8672,412.4,338.8,564.7,485.1
/srv/shared_leopard_toad/2025/Documents/06.10-13.10.2025/6R/107MEDIA/DSCF0565.JPG,DSCF0565.JPG,6R/107MEDIA,2,Western_Leopard_Toad,0.8784,413.6,336.8,565.6,483.4
/srv/shared_leopard_toad/2025/Documents/06.10-13.10.2025/6R/107MEDIA/DSCF0868.JPG,DSCF0868.JPG,6R/107MEDIA,2,Western_Leopard_Toad,0.9282,415.7,333.7,565.4,488.0
/srv/shared_leopard_toad/2025/Documents/06.10-13.10.2025/6R/107MEDIA/DSCF0668.JPG,DSCF0668.JPG,6R/107MEDIA,2,Western_Leopard_Toad,0.8730,416.8,333.9,565.6,487.8
/srv/shared_leopard_toad/2025/Documents/06.10-13.10.2025/6R/107MEDIA/DSCF0187.JPG,DSCF0187.JPG,6R/107MEDIA,2,Western_Leopard_Toad,0.3179,414.8,338.8,566.3,487.4
/srv/shared_leopard_toad/2025/Documents/06.10-13.10.2025/6R/107MEDIA/DSCF0061.JPG,DSCF0061.JPG,6R/107MEDIA,2,Western_Leopard_Toad,0.8164,413.3,337.0,563.9,492.8
/srv/shared_leopard_toad/2025/Documents/06.10-13.10.2025/6R/107MEDIA/DSCF0980.JPG,DSCF0980.JPG,6R/107MEDIA,2,Western_Leopard_Toad,0.9146,412.8,337.6,566.3,487.8
/srv/shared_leopard_toad/2025/Documents/06.10-13.10.2025/6R/107MEDIA/DSCF0679.JPG,DSCF0679.JPG,6R/107MEDIA,2,Western_Leopard_Toad,0.8257,417.1,335.4,564.0,487.8
/srv/shared_leopard_toad/2025/Documents/06.10-13.10.2025/6R/107MEDIA/DSCF0752.JPG,DSCF0752.JPG,6R/107MEDIA,2,Western_Leopard_Toad,0.9258,415.6,335.5,563.6,484.0
/srv/shared_leopard_toad/2025/Documents/06.10-13.10.2025/6R/107MEDIA/DSCF0193.JPG,DSCF0193.JPG,6R/107MEDIA,2,Western_Leopard_Toad,0.8472,415.2,337.5,565.9,492.3
/srv/shared_leopard_toad/2025/Documents/06.10-13.10.2025/6R/107MEDIA/DSCF0623.JPG,DSCF0623.JPG,6R/107MEDIA,2,Western_Leopard_Toad,0.6177,415.5,337.9,565.6,489.0
/srv/shared_leopard_toad/2025/Documents/06.10-13.10.2025/6R/107MEDIA/DSCF0734.JPG,DSCF0734.JPG,6R/107MEDIA,2,Western_Leopard_Toad,0.9292,413.7,334.9,563.4,486.8
/srv/shared_leopard_toad/2025/Documents/06.10-13.10.2025/6R/107MEDIA/DSCF0777.JPG,DSCF0777.JPG,6R/107MEDIA,2,Western_Leopard_Toad,0.5049,418.2,337.3,568.2,486.7
/srv/shared_leopard_toad/2025/Documents/06.10-13.10.2025/6R/107MEDIA/DSCF0891.JPG,DSCF0891.JPG,6R/107MEDIA,2,Western_Leopard_Toad,0.7812,415.5,336.3,566.9,482.4
/srv/shared_leopard_toad/2025/Documents/06.10-13.10.2025/6R/107MEDIA/DSCF0636.JPG,DSCF0636.JPG,6R/107MEDIA,2,Western_Leopard_Toad,0.7666,414.6,337.5,567.8,484.2
/srv/shared_leopard_toad/2025/Documents/06.10-13.10.2025/6R/107MEDIA/DSCF0089.JPG,DSCF0089.JPG,6R/107MEDIA,2,Western_Leopard_Toad,0.8745,411.1,338.1,560.8,496.1
/srv/shared_leopard_toad/2025/Documents/06.10-13.10.2025/6R/107MEDIA/DSCF0827.JPG,DSCF0827.JPG,6R/107MEDIA,2,Western_Leopard_Toad,0.8442,412.6,338.2,564.6,485.7
/srv/shared_leopard_toad/2025/Documents/06.10-13.10.2025/6R/107MEDIA/DSCF0560.JPG,DSCF0560.JPG,6R/107MEDIA,2,Western_Leopard_Toad,0.8843,417.5,335.6,566.9,486.1
/srv/shared_leopard_toad/2025/Documents/06.10-13.10.2025/6R/107MEDIA/DSCF0802.JPG,DSCF0802.JPG,6R/107MEDIA,2,Western_Leopard_Toad,0.8228,415.3,338.1,563.8,485.1
/srv/shared_leopard_toad/2025/Documents/06.10-13.10.2025/6R/107MEDIA/DSCF0720.JPG,DSCF0720.JPG,6R/107MEDIA,2,Western_Leopard_Toad,0.9385,415.7,336.3,563.4,485.4
/srv/shared_leopard_toad/2025/Documents/06.10-13.10.2025/6R/107MEDIA/DSCF0164.JPG,DSCF0164.JPG,6R/107MEDIA,2,Western_Leopard_Toad,0.8877,413.4,337.3,565.7,492.6
/srv/shared_leopard_toad/2025/Documents/06.10-13.10.2025/6R/107MEDIA/DSCF0983.JPG,DSCF0983.JPG,6R/107MEDIA,2,Western_Leopard_Toad,0.6685,416.1,337.7,566.3,488.5
/srv/shared_leopard_toad/2025/Documents/06.10-13.10.2025/6R/107MEDIA/DSCF0983.JPG,DSCF0983.JPG,6R/107MEDIA,0,Other_Amphibian,0.5371,3483.4,788.2,3619.8,940.9
/srv/shared_leopard_toad/2025/Documents/06.10-13.10.2025/6R/107MEDIA/DSCF0336.JPG,DSCF0336.JPG,6R/107MEDIA,2,Western_Leopard_Toad,0.9141,3434.0,1079.8,3611.5,1250.2
/srv/shared_leopard_toad/2025/Documents/06.10-13.10.2025/6R/107MEDIA/DSCF0336.JPG,DSCF0336.JPG,6R/107MEDIA,2,Western_Leopard_Toad,0.8569,412.3,337.3,564.9,491.0
/srv/shared_leopard_toad/2025/Documents/06.10-13.10.2025/6R/107MEDIA/DSCF0336.JPG,DSCF0336.JPG,6R/107MEDIA,0,Other_Amphibian,0.2715,3434.0,1079.8,3611.5,1250.2
/srv/shared_leopard_toad/2025/Documents/06.10-13.10.2025/6R/107MEDIA/DSCF0461.JPG,DSCF0461.JPG,6R/107MEDIA,2,Western_Leopard_Toad,0.8257,412.0,337.9,565.2,489.8
/srv/shared_leopard_toad/2025/Documents/06.10-13.10.2025/6R/107MEDIA/DSCF0458.JPG,DSCF0458.JPG,6R/107MEDIA,2,Western_Leopard_Toad,0.8491,411.0,338.5,566.2,495.8
/srv/shared_leopard_toad/2025/Documents/06.10-13.10.2025/6R/107MEDIA/DSCF0344.JPG,DSCF0344.JPG,6R/107MEDIA,2,Western_Leopard_Toad,0.5630,410.8,339.9,565.1,489.9
/srv/shared_leopard_toad/2025/Documents/06.10-13.10.2025/6R/107MEDIA/DSCF0194.JPG,DSCF0194.JPG,6R/107MEDIA,2,Western_Leopard_Toad,0.7710,409.3,338.7,566.5,495.5
/srv/shared_leopard_toad/2025/Documents/06.10-13.10.2025/6R/107MEDIA/DSCF0712.JPG,DSCF0712.JPG,6R/107MEDIA,2,Western_Leopard_Toad,0.9121,416.1,335.2,563.0,486.5
/srv/shared_leopard_toad/2025/Documents/06.10-13.10.2025/6R/107MEDIA/DSCF0501.JPG,DSCF0501.JPG,6R/107MEDIA,2,Western_Leopard_Toad,0.5449,411.0,339.3,566.2,491.2
/srv/shared_leopard_toad/2025/Documents/06.10-13.10.2025/6R/107MEDIA/DSCF0233.JPG,DSCF0233.JPG,6R/107MEDIA,2,Western_Leopard_Toad,0.5137,410.4,337.7,566.8,492.2
/srv/shared_leopard_toad/2025/Documents/06.10-13.10.2025/6R/107MEDIA/DSCF0489.JPG,DSCF0489.JPG,6R/107MEDIA,2,Western_Leopard_Toad,0.8843,408.2,337.9,563.7,491.9
/srv/shared_leopard_toad/2025/Documents/06.10-13.10.2025/6R/107MEDIA/DSCF0553.JPG,DSCF0553.JPG,6R/107MEDIA,2,Western_Leopard_Toad,0.3835,412.8,338.7,563.1,486.7
/srv/shared_leopard_toad/2025/Documents/06.10-13.10.2025/6R/107MEDIA/DSCF0350.JPG,DSCF0350.JPG,6R/107MEDIA,2,Western_Leopard_Toad,0.5967,412.3,336.1,564.9,487.8
/srv/shared_leopard_toad/2025/Documents/06.10-13.10.2025/6R/107MEDIA/DSCF0390.JPG,DSCF0390.JPG,6R/107MEDIA,2,Western_Leopard_Toad,0.8184,411.3,340.3,564.5,492.5
/srv/shared_leopard_toad/2025/Documents/06.10-13.10.2025/6R/107MEDIA/DSCF0185.JPG,DSCF0185.JPG,6R/107MEDIA,2,Western_Leopard_Toad,0.8765,417.0,338.4,564.1,490.0
/srv/shared_leopard_toad/2025/Documents/06.10-13.10.2025/6R/107MEDIA/DSCF0539.JPG,DSCF0539.JPG,6R/107MEDIA,2,Western_Leopard_Toad,0.9155,417.3,335.5,567.0,486.3
/srv/shared_leopard_toad/2025/Documents/06.10-13.10.2025/6R/107MEDIA/DSCF0051.JPG,DSCF0051.JPG,6R/107MEDIA,2,Western_Leopard_Toad,0.7578,409.0,332.1,570.2,498.4
/srv/shared_leopard_toad/2025/Documents/06.10-13.10.2025/6R/107MEDIA/DSCF0286.JPG,DSCF0286.JPG,6R/107MEDIA,2,Western_Leopard_Toad,0.8760,413.4,335.0,563.7,494.8
/srv/shared_leopard_toad/2025/Documents/06.10-13.10.2025/6R/107MEDIA/DSCF0292.JPG,DSCF0292.JPG,6R/107MEDIA,2,Western_Leopard_Toad,0.5869,413.0,339.0,566.1,493.8
/srv/shared_leopard_toad/2025/Documents/06.10-13.10.2025/6R/107MEDIA/DSCF0429.JPG,DSCF0429.JPG,6R/107MEDIA,2,Western_Leopard_Toad,0.8911,414.1,336.5,565.0,494.1
/srv/shared_leopard_toad/2025/Documents/06.10-13.10.2025/6R/107MEDIA/DSCF0431.JPG,DSCF0431.JPG,6R/107MEDIA,2,Western_Leopard_Toad,0.6274,412.2,339.1,563.6,488.5
/srv/shared_leopard_toad/2025/Documents/06.10-13.10.2025/6R/107MEDIA/DSCF0834.JPG,DSCF0834.JPG,6R/107MEDIA,2,Western_Leopard_Toad,0.8882,414.9,334.4,567.5,484.4
/srv/shared_leopard_toad/2025/Documents/06.10-13.10.2025/6R/107MEDIA/DSCF0822.JPG,DSCF0822.JPG,6R/107MEDIA,2,Western_Leopard_Toad,0.8374,414.1,335.5,567.0,486.3
/srv/shared_leopard_toad/2025/Documents/06.10-13.10.2025/6R/107MEDIA/DSCF0792.JPG,DSCF0792.JPG,6R/107MEDIA,2,Western_Leopard_Toad,0.9302,415.4,334.2,567.0,485.3
/srv/shared_leopard_toad/2025/Documents/06.10-13.10.2025/6R/107MEDIA/DSCF0807.JPG,DSCF0807.JPG,6R/107MEDIA,2,Western_Leopard_Toad,0.9087,415.7,334.0,566.8,484.8
/srv/shared_leopard_toad/2025/Documents/06.10-13.10.2025/6R/107MEDIA/DSCF0341.JPG,DSCF0341.JPG,6R/107MEDIA,2,Western_Leopard_Toad,0.2764,412.0,338.9,565.2,491.6
/srv/shared_leopard_toad/2025/Documents/06.10-13.10.2025/6R/107MEDIA/DSCF0304.JPG,DSCF0304.JPG,6R/107MEDIA,2,Western_Leopard_Toad,0.9067,412.2,335.9,566.9,493.9
/srv/shared_leopard_toad/2025/Documents/06.10-13.10.2025/6R/107MEDIA/DSCF0507.JPG,DSCF0507.JPG,6R/107MEDIA,2,Western_Leopard_Toad,0.7891,414.1,336.7,567.0,493.8
/srv/shared_leopard_toad/2025/Documents/06.10-13.10.2025/6R/107MEDIA/DSCF0507.JPG,DSCF0507.JPG,6R/107MEDIA,2,Western_Leopard_Toad,0.3347,4093.9,2091.0,4264.1,2270.7
/srv/shared_leopard_toad/2025/Documents/06.10-13.10.2025/6R/107MEDIA/DSCF0681.JPG,DSCF0681.JPG,6R/107MEDIA,2,Western_Leopard_Toad,0.7134,416.8,337.1,565.6,484.6
/srv/shared_leopard_toad/2025/Documents/06.10-13.10.2025/6R/107MEDIA/DSCF0592.JPG,DSCF0592.JPG,6R/107MEDIA,2,Western_Leopard_Toad,0.9307,416.1,336.0,565.0,485.7
/srv/shared_leopard_toad/2025/Documents/06.10-13.10.2025/6R/107MEDIA/DSCF0574.JPG,DSCF0574.JPG,6R/107MEDIA,2,Western_Leopard_Toad,0.6743,414.5,336.8,564.6,487.1
/srv/shared_leopard_toad/2025/Documents/06.10-13.10.2025/6R/107MEDIA/DSCF0795.JPG,DSCF0795.JPG,6R/107MEDIA,2,Western_Leopard_Toad,0.8921,413.4,335.4,565.7,483.4
/srv/shared_leopard_toad/2025/Documents/06.10-13.10.2025/6R/107MEDIA/DSCF0266.JPG,DSCF0266.JPG,6R/107MEDIA,2,Western_Leopard_Toad,0.8838,409.1,337.3,562.8,493.2
/srv/shared_leopard_toad/2025/Documents/06.10-13.10.2025/6R/107MEDIA/DSCF0207.JPG,DSCF0207.JPG,6R/107MEDIA,2,Western_Leopard_Toad,0.4150,415.8,337.7,566.6,484.0
/srv/shared_leopard_toad/2025/Documents/06.10-13.10.2025/6R/107MEDIA/DSCF0393.JPG,DSCF0393.JPG,6R/107MEDIA,2,Western_Leopard_Toad,0.6113,416.2,334.2,566.2,489.8
/srv/shared_leopard_toad/2025/Documents/06.10-13.10.2025/6R/107MEDIA/DSCF0780.JPG,DSCF0780.JPG,6R/107MEDIA,2,Western_Leopard_Toad,0.8569,413.7,335.0,565.4,486.7
/srv/shared_leopard_toad/2025/Documents/06.10-13.10.2025/6R/107MEDIA/DSCF0986.JPG,DSCF0986.JPG,6R/107MEDIA,2,Western_Leopard_Toad,0.9229,415.8,335.7,566.6,486.0
/srv/shared_leopard_toad/2025/Documents/06.10-13.10.2025/6R/107MEDIA/DSCF0981.JPG,DSCF0981.JPG,6R/107MEDIA,2,Western_Leopard_Toad,0.8184,411.5,336.3,564.4,485.4
/srv/shared_leopard_toad/2025/Documents/06.10-13.10.2025/6R/107MEDIA/DSCF0403.JPG,DSCF0403.JPG,6R/107MEDIA,2,Western_Leopard_Toad,0.8696,410.8,338.1,563.1,490.3
/srv/shared_leopard_toad/2025/Documents/06.10-13.10.2025/6R/107MEDIA/DSCF0369.JPG,DSCF0369.JPG,6R/107MEDIA,2,Western_Leopard_Toad,0.9302,412.4,337.9,564.7,494.1
/srv/shared_leopard_toad/2025/Documents/06.10-13.10.2025/6R/107MEDIA/DSCF0895.JPG,DSCF0895.JPG,6R/107MEDIA,2,Western_Leopard_Toad,0.7480,415.9,336.3,566.5,485.4
/srv/shared_leopard_toad/2025/Documents/06.10-13.10.2025/6R/107MEDIA/DSCF0490.JPG,DSCF0490.JPG,6R/107MEDIA,2,Western_Leopard_Toad,0.8423,412.6,338.1,564.6,489.5
/srv/shared_leopard_toad/2025/Documents/06.10-13.10.2025/6R/107MEDIA/DSCF0422.JPG,DSCF0422.JPG,6R/107MEDIA,2,Western_Leopard_Toad,0.9102,407.4,338.2,564.5,491.6
/srv/shared_leopard_toad/2025/Documents/06.10-13.10.2025/6R/107MEDIA/DSCF0549.JPG,DSCF0549.JPG,6R/107MEDIA,2,Western_Leopard_Toad,0.9229,415.2,335.9,565.9,485.8
/srv/shared_leopard_toad/2025/Documents/06.10-13.10.2025/6R/107MEDIA/DSCF0817.JPG,DSCF0817.JPG,6R/107MEDIA,2,Western_Leopard_Toad,0.6787,413.7,338.6,565.4,487.5
/srv/shared_leopard_toad/2025/Documents/06.10-13.10.2025/6R/107MEDIA/DSCF0649.JPG,DSCF0649.JPG,6R/107MEDIA,2,Western_Leopard_Toad,0.9077,417.3,336.7,567.0,485.0
/srv/shared_leopard_toad/2025/Documents/06.10-13.10.2025/6R/107MEDIA/DSCF0912.JPG,DSCF0912.JPG,6R/107MEDIA,2,Western_Leopard_Toad,0.8652,415.4,335.6,568.9,483.1
/srv/shared_leopard_toad/2025/Documents/06.10-13.10.2025/6R/107MEDIA/DSCF0899.JPG,DSCF0899.JPG,6R/107MEDIA,2,Western_Leopard_Toad,0.7124,415.7,336.4,566.8,480.9
/srv/shared_leopard_toad/2025/Documents/06.10-13.10.2025/6R/107MEDIA/DSCF0353.JPG,DSCF0353.JPG,6R/107MEDIA,2,Western_Leopard_Toad,0.4497,415.9,337.5,566.5,486.4
/srv/shared_leopard_toad/2025/Documents/06.10-13.10.2025/6R/107MEDIA/DSCF0394.JPG,DSCF0394.JPG,6R/107MEDIA,2,Western_Leopard_Toad,0.5806,413.3,337.1,563.9,491.3
/srv/shared_leopard_toad/2025/Documents/06.10-13.10.2025/6R/107MEDIA/DSCF0759.JPG,DSCF0759.JPG,6R/107MEDIA,2,Western_Leopard_Toad,0.9253,413.8,336.1,565.3,484.1
/srv/shared_leopard_toad/2025/Documents/06.10-13.10.2025/6R/107MEDIA/DSCF0476.JPG,DSCF0476.JPG,6R/107MEDIA,2,Western_Leopard_Toad,0.9077,415.5,338.1,565.6,485.8
/srv/shared_leopard_toad/2025/Documents/06.10-13.10.2025/6R/107MEDIA/DSCF0713.JPG,DSCF0713.JPG,6R/107MEDIA,2,Western_Leopard_Toad,0.9238,418.4,334.6,565.9,485.7
/srv/shared_leopard_toad/2025/Documents/06.10-13.10.2025/6R/107MEDIA/DSCF0699.JPG,DSCF0699.JPG,6R/107MEDIA,2,Western_Leopard_Toad,0.9072,416.5,334.5,565.9,485.0
/srv/shared_leopard_toad/2025/Documents/06.10-13.10.2025/6R/107MEDIA/DSCF0146.JPG,DSCF0146.JPG,6R/107MEDIA,2,Western_Leopard_Toad,0.6694,409.2,338.8,562.7,494.7
/srv/shared_leopard_toad/2025/Documents/06.10-13.10.2025/6R/107MEDIA/DSCF0566.JPG,DSCF0566.JPG,6R/107MEDIA,2,Western_Leopard_Toad,0.8623,415.2,335.5,565.9,484.7
/srv/shared_leopard_toad/2025/Documents/06.10-13.10.2025/6R/107MEDIA/DSCF0559.JPG,DSCF0559.JPG,6R/107MEDIA,2,Western_Leopard_Toad,0.6382,416.5,336.5,567.9,486.7
/srv/shared_leopard_toad/2025/Documents/06.10-13.10.2025/6R/107MEDIA/DSCF0445.JPG,DSCF0445.JPG,6R/107MEDIA,2,Western_Leopard_Toad,0.9150,412.6,336.2,564.6,496.5
/srv/shared_leopard_toad/2025/Documents/06.10-13.10.2025/6R/107MEDIA/DSCF0656.JPG,DSCF0656.JPG,6R/107MEDIA,2,Western_Leopard_Toad,0.8037,415.4,334.3,568.9,487.4
/srv/shared_leopard_toad/2025/Documents/06.10-13.10.2025/6R/107MEDIA/DSCF0994.JPG,DSCF0994.JPG,6R/107MEDIA,2,Western_Leopard_Toad,0.8994,412.2,333.4,568.9,486.1
/srv/shared_leopard_toad/2025/Documents/06.10-13.10.2025/6R/107MEDIA/DSCF0366.JPG,DSCF0366.JPG,6R/107MEDIA,2,Western_Leopard_Toad,0.6045,411.9,341.3,562.0,491.5
/srv/shared_leopard_toad/2025/Documents/06.10-13.10.2025/6R/107MEDIA/DSCF0439.JPG,DSCF0439.JPG,6R/107MEDIA,2,Western_Leopard_Toad,0.7236,416.8,337.9,565.6,488.2
/srv/shared_leopard_toad/2025/Documents/06.10-13.10.2025/6R/107MEDIA/DSCF0755.JPG,DSCF0755.JPG,6R/107MEDIA,2,Western_Leopard_Toad,0.4866,412.0,336.7,565.2,485.0
/srv/shared_leopard_toad/2025/Documents/06.10-13.10.2025/6R/107MEDIA/DSCF0067.JPG,DSCF0067.JPG,6R/107MEDIA,2,Western_Leopard_Toad,0.5356,411.1,337.3,562.8,491.0
/srv/shared_leopard_toad/2025/Documents/06.10-13.10.2025/6R/107MEDIA/DSCF0251.JPG,DSCF0251.JPG,6R/107MEDIA,2,Western_Leopard_Toad,0.5762,416.3,339.4,564.8,494.1
/srv/shared_leopard_toad/2025/Documents/06.10-13.10.2025/6R/107MEDIA/DSCF0250.JPG,DSCF0250.JPG,6R/107MEDIA,2,Western_Leopard_Toad,0.7031,412.6,339.5,564.6,490.3
/srv/shared_leopard_toad/2025/Documents/06.10-13.10.2025/6R/107MEDIA/DSCF0342.JPG,DSCF0342.JPG,6R/107MEDIA,2,Western_Leopard_Toad,0.8862,412.6,337.4,564.6,492.4
/srv/shared_leopard_toad/2025/Documents/06.10-13.10.2025/6R/107MEDIA/DSCF0979.JPG,DSCF0979.JPG,6R/107MEDIA,2,Western_Leopard_Toad,0.3384,416.8,336.6,567.6,485.1
/srv/shared_leopard_toad/2025/Documents/06.10-13.10.2025/6R/107MEDIA/DSCF0305.JPG,DSCF0305.JPG,6R/107MEDIA,2,Western_Leopard_Toad,0.8447,414.3,335.6,562.9,487.5
/srv/shared_leopard_toad/2025/Documents/06.10-13.10.2025/6R/107MEDIA/DSCF0880.JPG,DSCF0880.JPG,6R/107MEDIA,2,Western_Leopard_Toad,0.8584,414.8,334.0,567.7,484.8
/srv/shared_leopard_toad/2025/Documents/06.10-13.10.2025/6R/107MEDIA/DSCF0938.JPG,DSCF0938.JPG,6R/107MEDIA,2,Western_Leopard_Toad,0.2773,415.0,338.2,566.1,483.5
/srv/shared_leopard_toad/2025/Documents/06.10-13.10.2025/6R/107MEDIA/DSCF0487.JPG,DSCF0487.JPG,6R/107MEDIA,2,Western_Leopard_Toad,0.7739,412.5,339.2,566.6,495.1
/srv/shared_leopard_toad/2025/Documents/06.10-13.10.2025/6R/107MEDIA/DSCF0709.JPG,DSCF0709.JPG,6R/107MEDIA,2,Western_Leopard_Toad,0.8423,418.3,337.0,566.1,486.9
/srv/shared_leopard_toad/2025/Documents/06.10-13.10.2025/6R/107MEDIA/DSCF0168.JPG,DSCF0168.JPG,6R/107MEDIA,2,Western_Leopard_Toad,0.2566,413.0,339.2,566.1,489.2
/srv/shared_leopard_toad/2025/Documents/06.10-13.10.2025/6R/107MEDIA/DSCF0670.JPG,DSCF0670.JPG,6R/107MEDIA,2,Western_Leopard_Toad,0.7563,421.5,337.3,566.2,482.9
/srv/shared_leopard_toad/2025/Documents/06.10-13.10.2025/6R/107MEDIA/DSCF0870.JPG,DSCF0870.JPG,6R/107MEDIA,2,Western_Leopard_Toad,0.9409,414.7,331.9,566.4,482.4
/srv/shared_leopard_toad/2025/Documents/06.10-13.10.2025/6R/107MEDIA/DSCF0676.JPG,DSCF0676.JPG,6R/107MEDIA,2,Western_Leopard_Toad,0.9146,415.0,334.3,567.4,487.4
/srv/shared_leopard_toad/2025/Documents/06.10-13.10.2025/6R/107MEDIA/DSCF0531.JPG,DSCF0531.JPG,6R/107MEDIA,2,Western_Leopard_Toad,0.9067,414.3,337.5,564.9,486.4
/srv/shared_leopard_toad/2025/Documents/06.10-13.10.2025/6R/107MEDIA/DSCF0700.JPG,DSCF0700.JPG,6R/107MEDIA,2,Western_Leopard_Toad,0.8984,414.5,335.0,564.6,484.5
/srv/shared_leopard_toad/2025/Documents/06.10-13.10.2025/6R/107MEDIA/DSCF0230.JPG,DSCF0230.JPG,6R/107MEDIA,2,Western_Leopard_Toad,0.8716,414.8,336.2,566.3,493.6
/srv/shared_leopard_toad/2025/Documents/06.10-13.10.2025/6R/107MEDIA/DSCF0139.JPG,DSCF0139.JPG,6R/107MEDIA,2,Western_Leopard_Toad,0.8086,412.0,337.7,565.2,496.5
/srv/shared_leopard_toad/2025/Documents/06.10-13.10.2025/6R/107MEDIA/DSCF0256.JPG,DSCF0256.JPG,6R/107MEDIA,2,Western_Leopard_Toad,0.8545,411.4,336.1,560.5,493.7
/srv/shared_leopard_toad/2025/Documents/06.10-13.10.2025/6R/107MEDIA/DSCF0923.JPG,DSCF0923.JPG,6R/107MEDIA,2,Western_Leopard_Toad,0.9160,414.1,334.1,567.0,482.4
/srv/shared_leopard_toad/2025/Documents/06.10-13.10.2025/6R/107MEDIA/DSCF0936.JPG,DSCF0936.JPG,6R/107MEDIA,2,Western_Leopard_Toad,0.5981,413.1,337.0,566.0,481.8
/srv/shared_leopard_toad/2025/Documents/06.10-13.10.2025/6R/107MEDIA/DSCF0524.JPG,DSCF0524.JPG,6R/107MEDIA,2,Western_Leopard_Toad,0.8779,412.4,334.3,563.5,487.4
/srv/shared_leopard_toad/2025/Documents/06.10-13.10.2025/6R/107MEDIA/DSCF0866.JPG,DSCF0866.JPG,6R/107MEDIA,2,Western_Leopard_Toad,0.8784,415.6,334.2,568.8,487.5
/srv/shared_leopard_toad/2025/Documents/06.10-13.10.2025/6R/107MEDIA/DSCF0730.JPG,DSCF0730.JPG,6R/107MEDIA,2,Western_Leopard_Toad,0.8789,416.9,335.9,565.5,485.8
/srv/shared_leopard_toad/2025/Documents/06.10-13.10.2025/6R/107MEDIA/DSCF0581.JPG,DSCF0581.JPG,6R/107MEDIA,2,Western_Leopard_Toad,0.7363,418.2,336.3,564.3,485.4
/srv/shared_leopard_toad/2025/Documents/06.10-13.10.2025/6R/107MEDIA/DSCF0486.JPG,DSCF0486.JPG,6R/107MEDIA,2,Western_Leopard_Toad,0.9194,414.0,337.9,565.1,489.8
/srv/shared_leopard_toad/2025/Documents/06.10-13.10.2025/6R/107MEDIA/DSCF0526.JPG,DSCF0526.JPG,6R/107MEDIA,2,Western_Leopard_Toad,0.8237,413.3,336.6,565.9,487.4
/srv/shared_leopard_toad/2025/Documents/06.10-13.10.2025/6R/107MEDIA/DSCF0380.JPG,DSCF0380.JPG,6R/107MEDIA,2,Western_Leopard_Toad,0.7734,416.8,339.0,565.6,490.9
/srv/shared_leopard_toad/2025/Documents/06.10-13.10.2025/6R/107MEDIA/DSCF0568.JPG,DSCF0568.JPG,6R/107MEDIA,2,Western_Leopard_Toad,0.7441,416.2,335.0,566.2,485.2
/srv/shared_leopard_toad/2025/Documents/06.10-13.10.2025/6R/107MEDIA/DSCF0982.JPG,DSCF0982.JPG,6R/107MEDIA,2,Western_Leopard_Toad,0.8569,419.3,335.0,568.4,485.2
/srv/shared_leopard_toad/2025/Documents/06.10-13.10.2025/6R/107MEDIA/DSCF0982.JPG,DSCF0982.JPG,6R/107MEDIA,2,Western_Leopard_Toad,0.2983,106.1,1383.5,261.4,1548.9
/srv/shared_leopard_toad/2025/Documents/06.10-13.10.2025/6R/107MEDIA/DSCF0854.JPG,DSCF0854.JPG,6R/107MEDIA,0,Other_Amphibian,0.8423,3373.3,106.8,3567.2,312.2
/srv/shared_leopard_toad/2025/Documents/06.10-13.10.2025/6R/107MEDIA/DSCF0854.JPG,DSCF0854.JPG,6R/107MEDIA,2,Western_Leopard_Toad,0.7202,416.1,333.7,566.3,489.5
/srv/shared_leopard_toad/2025/Documents/06.10-13.10.2025/6R/107MEDIA/DSCF0854.JPG,DSCF0854.JPG,6R/107MEDIA,2,Western_Leopard_Toad,0.5752,3373.3,106.8,3567.2,312.2
/srv/shared_leopard_toad/2025/Documents/06.10-13.10.2025/6R/107MEDIA/DSCF0409.JPG,DSCF0409.JPG,6R/107MEDIA,2,Western_Leopard_Toad,0.5601,408.6,340.3,563.3,491.7
/srv/shared_leopard_toad/2025/Documents/06.10-13.10.2025/6R/107MEDIA/DSCF0851.JPG,DSCF0851.JPG,6R/107MEDIA,2,Western_Leopard_Toad,0.8853,414.3,334.3,568.1,485.1
/srv/shared_leopard_toad/2025/Documents/06.10-13.10.2025/6R/107MEDIA/DSCF0343.JPG,DSCF0343.JPG,6R/107MEDIA,2,Western_Leopard_Toad,0.7090,412.4,338.8,564.7,489.6
/srv/shared_leopard_toad/2025/Documents/06.10-13.10.2025/6R/107MEDIA/DSCF0906.JPG,DSCF0906.JPG,6R/107MEDIA,2,Western_Leopard_Toad,0.9341,411.6,334.9,565.6,486.8
/srv/shared_leopard_toad/2025/Documents/06.10-13.10.2025/6R/107MEDIA/DSCF0906.JPG,DSCF0906.JPG,6R/107MEDIA,2,Western_Leopard_Toad,0.6113,3649.4,2553.3,3842.3,2724.0
/srv/shared_leopard_toad/2025/Documents/06.10-13.10.2025/6R/107MEDIA/DSCF0906.JPG,DSCF0906.JPG,6R/107MEDIA,0,Other_Amphibian,0.5625,3649.4,2553.3,3842.3,2724.0
/srv/shared_leopard_toad/2025/Documents/06.10-13.10.2025/6R/107MEDIA/DSCF0402.JPG,DSCF0402.JPG,6R/107MEDIA,2,Western_Leopard_Toad,0.9131,408.9,337.0,563.0,493.5
/srv/shared_leopard_toad/2025/Documents/06.10-13.10.2025/6R/107MEDIA/DSCF0572.JPG,DSCF0572.JPG,6R/107MEDIA,2,Western_Leopard_Toad,0.8501,412.9,336.3,564.3,486.9
/srv/shared_leopard_toad/2025/Documents/06.10-13.10.2025/6R/107MEDIA/DSCF0301.JPG,DSCF0301.JPG,6R/107MEDIA,2,Western_Leopard_Toad,0.8018,411.1,339.1,562.8,490.7
/srv/shared_leopard_toad/2025/Documents/06.10-13.10.2025/6R/107MEDIA/DSCF0544.JPG,DSCF0544.JPG,6R/107MEDIA,2,Western_Leopard_Toad,0.7173,411.7,337.1,565.4,484.6
/srv/shared_leopard_toad/2025/Documents/06.10-13.10.2025/6R/107MEDIA/DSCF0769.JPG,DSCF0769.JPG,6R/107MEDIA,2,Western_Leopard_Toad,0.9214,414.8,333.7,567.7,488.0
/srv/shared_leopard_toad/2025/Documents/06.10-13.10.2025/6R/107MEDIA/DSCF0924.JPG,DSCF0924.JPG,6R/107MEDIA,2,Western_Leopard_Toad,0.8325,414.5,337.3,564.6,491.0
/srv/shared_leopard_toad/2025/Documents/06.10-13.10.2025/6R/107MEDIA/DSCF0184.JPG,DSCF0184.JPG,6R/107MEDIA,2,Western_Leopard_Toad,0.7261,413.2,336.5,564.0,496.3
/srv/shared_leopard_toad/2025/Documents/06.10-13.10.2025/6R/107MEDIA/DSCF0373.JPG,DSCF0373.JPG,6R/107MEDIA,2,Western_Leopard_Toad,0.6997,409.7,339.6,566.1,493.2
/srv/shared_leopard_toad/2025/Documents/06.10-13.10.2025/6R/107MEDIA/DSCF0871.JPG,DSCF0871.JPG,6R/107MEDIA,2,Western_Leopard_Toad,0.6362,414.7,337.0,564.4,486.9
/srv/shared_leopard_toad/2025/Documents/06.10-13.10.2025/6R/107MEDIA/DSCF0118.JPG,DSCF0118.JPG,6R/107MEDIA,2,Western_Leopard_Toad,0.3245,417.5,337.8,564.9,490.5
/srv/shared_leopard_toad/2025/Documents/06.10-13.10.2025/6R/107MEDIA/DSCF0944.JPG,DSCF0944.JPG,6R/107MEDIA,2,Western_Leopard_Toad,0.8140,415.7,336.8,566.8,484.9
/srv/shared_leopard_toad/2025/Documents/06.10-13.10.2025/6R/107MEDIA/DSCF0580.JPG,DSCF0580.JPG,6R/107MEDIA,2,Western_Leopard_Toad,0.8809,415.9,334.9,566.5,484.6
/srv/shared_leopard_toad/2025/Documents/06.10-13.10.2025/6R/107MEDIA/DSCF0060.JPG,DSCF0060.JPG,6R/107MEDIA,2,Western_Leopard_Toad,0.9209,410.5,338.0,566.6,492.5
/srv/shared_leopard_toad/2025/Documents/06.10-13.10.2025/6R/107MEDIA/DSCF0949.JPG,DSCF0949.JPG,6R/107MEDIA,2,Western_Leopard_Toad,0.6860,412.4,336.9,566.7,483.3
/srv/shared_leopard_toad/2025/Documents/06.10-13.10.2025/6R/107MEDIA/DSCF0736.JPG,DSCF0736.JPG,6R/107MEDIA,2,Western_Leopard_Toad,0.5830,416.3,337.6,566.1,487.8
/srv/shared_leopard_toad/2025/Documents/06.10-13.10.2025/6R/107MEDIA/DSCF0943.JPG,DSCF0943.JPG,6R/107MEDIA,2,Western_Leopard_Toad,0.8354,411.8,337.1,565.3,489.8
/srv/shared_leopard_toad/2025/Documents/06.10-13.10.2025/6R/107MEDIA/DSCF0873.JPG,DSCF0873.JPG,6R/107MEDIA,2,Western_Leopard_Toad,0.8716,416.9,335.3,565.5,486.4
/srv/shared_leopard_toad/2025/Documents/06.10-13.10.2025/6R/107MEDIA/DSCF0917.JPG,DSCF0917.JPG,6R/107MEDIA,2,Western_Leopard_Toad,0.9062,412.7,335.9,564.4,485.8
/srv/shared_leopard_toad/2025/Documents/06.10-13.10.2025/6R/107MEDIA/DSCF0505.JPG,DSCF0505.JPG,6R/107MEDIA,2,Western_Leopard_Toad,0.8232,411.5,339.9,562.4,493.6
/srv/shared_leopard_toad/2025/Documents/06.10-13.10.2025/6R/107MEDIA/DSCF0672.JPG,DSCF0672.JPG,6R/107MEDIA,2,Western_Leopard_Toad,0.5562,417.2,337.8,565.2,483.9
/srv/shared_leopard_toad/2025/Documents/06.10-13.10.2025/6R/107MEDIA/DSCF0662.JPG,DSCF0662.JPG,6R/107MEDIA,2,Western_Leopard_Toad,0.4656,415.5,336.6,565.6,485.1
/srv/shared_leopard_toad/2025/Documents/06.10-13.10.2025/6R/107MEDIA/DSCF0143.JPG,DSCF0143.JPG,6R/107MEDIA,2,Western_Leopard_Toad,0.8730,413.0,336.1,566.1,491.5
/srv/shared_leopard_toad/2025/Documents/06.10-13.10.2025/6R/107MEDIA/DSCF0998.JPG,DSCF0998.JPG,6R/107MEDIA,2,Western_Leopard_Toad,0.9331,412.7,334.9,566.4,483.2
/srv/shared_leopard_toad/2025/Documents/06.10-13.10.2025/6R/107MEDIA/DSCF0308.JPG,DSCF0308.JPG,6R/107MEDIA,2,Western_Leopard_Toad,0.7544,412.4,339.6,564.7,487.3
/srv/shared_leopard_toad/2025/Documents/06.10-13.10.2025/6R/107MEDIA/DSCF0433.JPG,DSCF0433.JPG,6R/107MEDIA,2,Western_Leopard_Toad,0.4998,412.0,338.8,565.2,491.0
/srv/shared_leopard_toad/2025/Documents/06.10-13.10.2025/6R/107MEDIA/DSCF0433.JPG,DSCF0433.JPG,6R/107MEDIA,2,Western_Leopard_Toad,0.3118,411.8,339.4,565.3,490.4
/srv/shared_leopard_toad/2025/Documents/06.10-13.10.2025/6R/107MEDIA/DSCF0312.JPG,DSCF0312.JPG,6R/107MEDIA,2,Western_Leopard_Toad,0.7842,413.1,336.8,566.0,490.8
/srv/shared_leopard_toad/2025/Documents/06.10-13.10.2025/6R/107MEDIA/DSCF0151.JPG,DSCF0151.JPG,6R/107MEDIA,2,Western_Leopard_Toad,0.9385,414.8,334.0,567.7,491.4
/srv/shared_leopard_toad/2025/Documents/06.10-13.10.2025/6R/107MEDIA/DSCF0426.JPG,DSCF0426.JPG,6R/107MEDIA,2,Western_Leopard_Toad,0.3977,410.2,339.9,565.7,493.6
/srv/shared_leopard_toad/2025/Documents/06.10-13.10.2025/6R/107MEDIA/DSCF0426.JPG,DSCF0426.JPG,6R/107MEDIA,0,Other_Amphibian,0.3518,1600.3,269.7,1880.5,495.8
/srv/shared_leopard_toad/2025/Documents/06.10-13.10.2025/6R/107MEDIA/DSCF0534.JPG,DSCF0534.JPG,6R/107MEDIA,2,Western_Leopard_Toad,0.6660,419.7,335.9,566.6,485.8
/srv/shared_leopard_toad/2025/Documents/06.10-13.10.2025/6R/107MEDIA/DSCF0970.JPG,DSCF0970.JPG,6R/107MEDIA,2,Western_Leopard_Toad,0.7798,411.6,333.8,565.6,484.9
/srv/shared_leopard_toad/2025/Documents/06.10-13.10.2025/6R/107MEDIA/DSCF0509.JPG,DSCF0509.JPG,6R/107MEDIA,2,Western_Leopard_Toad,0.9404,410.5,336.0,563.4,490.2
/srv/shared_leopard_toad/2025/Documents/06.10-13.10.2025/6R/107MEDIA/DSCF0781.JPG,DSCF0781.JPG,6R/107MEDIA,2,Western_Leopard_Toad,0.8994,417.7,335.0,564.7,485.2
/srv/shared_leopard_toad/2025/Documents/06.10-13.10.2025/6R/107MEDIA/DSCF0634.JPG,DSCF0634.JPG,6R/107MEDIA,2,Western_Leopard_Toad,0.3452,412.5,337.4,566.6,488.7
/srv/shared_leopard_toad/2025/Documents/06.10-13.10.2025/6R/107MEDIA/DSCF0896.JPG,DSCF0896.JPG,6R/107MEDIA,2,Western_Leopard_Toad,0.8135,411.1,336.9,564.8,483.3
/srv/shared_leopard_toad/2025/Documents/06.10-13.10.2025/6R/107MEDIA/DSCF0925.JPG,DSCF0925.JPG,6R/107MEDIA,2,Western_Leopard_Toad,0.9341,414.1,333.9,567.0,484.1
/srv/shared_leopard_toad/2025/Documents/06.10-13.10.2025/6R/107MEDIA/DSCF0419.JPG,DSCF0419.JPG,6R/107MEDIA,2,Western_Leopard_Toad,0.9004,413.4,335.1,563.7,495.4
/srv/shared_leopard_toad/2025/Documents/06.10-13.10.2025/6R/107MEDIA/DSCF0528.JPG,DSCF0528.JPG,6R/107MEDIA,2,Western_Leopard_Toad,0.9121,412.4,337.0,564.7,486.9
/srv/shared_leopard_toad/2025/Documents/06.10-13.10.2025/6R/107MEDIA/DSCF0564.JPG,DSCF0564.JPG,6R/107MEDIA,2,Western_Leopard_Toad,0.8965,418.9,335.1,565.5,485.1
/srv/shared_leopard_toad/2025/Documents/06.10-13.10.2025/6R/107MEDIA/DSCF0303.JPG,DSCF0303.JPG,6R/107MEDIA,2,Western_Leopard_Toad,0.8550,411.7,337.4,565.4,495.4
/srv/shared_leopard_toad/2025/Documents/06.10-13.10.2025/6R/107MEDIA/DSCF0155.JPG,DSCF0155.JPG,6R/107MEDIA,2,Western_Leopard_Toad,0.6914,416.2,338.6,566.2,495.7
/srv/shared_leopard_toad/2025/Documents/06.10-13.10.2025/6R/107MEDIA/DSCF0644.JPG,DSCF0644.JPG,6R/107MEDIA,2,Western_Leopard_Toad,0.7720,411.7,337.3,567.5,484.5
/srv/shared_leopard_toad/2025/Documents/06.10-13.10.2025/6R/107MEDIA/DSCF0220.JPG,DSCF0220.JPG,6R/107MEDIA,2,Western_Leopard_Toad,0.8154,411.8,339.5,564.1,490.3
/srv/shared_leopard_toad/2025/Documents/06.10-13.10.2025/6R/107MEDIA/DSCF0515.JPG,DSCF0515.JPG,6R/107MEDIA,2,Western_Leopard_Toad,0.7578,411.0,339.1,566.2,493.6
/srv/shared_leopard_toad/2025/Documents/06.10-13.10.2025/6R/107MEDIA/DSCF0837.JPG,DSCF0837.JPG,6R/107MEDIA,2,Western_Leopard_Toad,0.8667,416.0,333.8,565.1,484.9
/srv/shared_leopard_toad/2025/Documents/06.10-13.10.2025/6R/107MEDIA/DSCF0125.JPG,DSCF0125.JPG,6R/107MEDIA,2,Western_Leopard_Toad,0.4634,415.4,339.2,563.7,490.6
/srv/shared_leopard_toad/2025/Documents/06.10-13.10.2025/6R/107MEDIA/DSCF0853.JPG,DSCF0853.JPG,6R/107MEDIA,2,Western_Leopard_Toad,0.8726,417.7,336.4,564.7,483.9
/srv/shared_leopard_toad/2025/Documents/06.10-13.10.2025/6R/107MEDIA/DSCF0853.JPG,DSCF0853.JPG,6R/107MEDIA,2,Western_Leopard_Toad,0.8477,3378.6,104.9,3567.1,306.7
/srv/shared_leopard_toad/2025/Documents/06.10-13.10.2025/6R/107MEDIA/DSCF0853.JPG,DSCF0853.JPG,6R/107MEDIA,2,Western_Leopard_Toad,0.8374,3378.8,106.0,3567.0,307.0
/srv/shared_leopard_toad/2025/Documents/06.10-13.10.2025/6R/107MEDIA/DSCF0853.JPG,DSCF0853.JPG,6R/107MEDIA,0,Other_Amphibian,0.6582,3378.8,106.0,3567.0,307.0
/srv/shared_leopard_toad/2025/Documents/06.10-13.10.2025/6R/107MEDIA/DSCF0853.JPG,DSCF0853.JPG,6R/107MEDIA,0,Other_Amphibian,0.6382,3378.6,104.9,3567.1,306.7
/srv/shared_leopard_toad/2025/Documents/06.10-13.10.2025/6R/107MEDIA/DSCF0661.JPG,DSCF0661.JPG,6R/107MEDIA,2,Western_Leopard_Toad,0.8057,414.3,335.2,566.8,486.5
/srv/shared_leopard_toad/2025/Documents/06.10-13.10.2025/6R/107MEDIA/DSCF0858.JPG,DSCF0858.JPG,6R/107MEDIA,2,Western_Leopard_Toad,0.8999,415.5,335.0,566.9,486.7
/srv/shared_leopard_toad/2025/Documents/06.10-13.10.2025/6R/107MEDIA/DSCF0722.JPG,DSCF0722.JPG,6R/107MEDIA,2,Western_Leopard_Toad,0.9229,418.3,335.3,568.0,486.4
/srv/shared_leopard_toad/2025/Documents/06.10-13.10.2025/6R/107MEDIA/DSCF0722.JPG,DSCF0722.JPG,6R/107MEDIA,0,Other_Amphibian,0.5083,463.1,2538.9,584.3,2682.3
/srv/shared_leopard_toad/2025/Documents/06.10-13.10.2025/6R/107MEDIA/DSCF0988.JPG,DSCF0988.JPG,6R/107MEDIA,2,Western_Leopard_Toad,0.8823,417.2,333.9,565.2,487.8
/srv/shared_leopard_toad/2025/Documents/06.10-13.10.2025/6R/107MEDIA/DSCF0959.JPG,DSCF0959.JPG,6R/107MEDIA,2,Western_Leopard_Toad,0.9131,416.0,338.2,565.1,483.5
/srv/shared_leopard_toad/2025/Documents/06.10-13.10.2025/6R/107MEDIA/DSCF0959.JPG,DSCF0959.JPG,6R/107MEDIA,0,Other_Amphibian,0.4944,1512.3,1031.6,1679.7,1224.6
/srv/shared_leopard_toad/2025/Documents/06.10-13.10.2025/6R/107MEDIA/DSCF0508.JPG,DSCF0508.JPG,6R/107MEDIA,2,Western_Leopard_Toad,0.9336,412.3,337.9,564.9,492.7
/srv/shared_leopard_toad/2025/Documents/06.10-13.10.2025/6R/107MEDIA/DSCF0608.JPG,DSCF0608.JPG,6R/107MEDIA,2,Western_Leopard_Toad,0.8140,412.7,338.4,564.4,490.0
/srv/shared_leopard_toad/2025/Documents/06.10-13.10.2025/6R/107MEDIA/DSCF0451.JPG,DSCF0451.JPG,6R/107MEDIA,2,Western_Leopard_Toad,0.8901,414.4,337.4,564.7,488.7
/srv/shared_leopard_toad/2025/Documents/06.10-13.10.2025/6R/107MEDIA/DSCF0532.JPG,DSCF0532.JPG,6R/107MEDIA,2,Western_Leopard_Toad,0.9019,413.3,337.4,565.9,484.3
/srv/shared_leopard_toad/2025/Documents/06.10-13.10.2025/6R/107MEDIA/DSCF0290.JPG,DSCF0290.JPG,6R/107MEDIA,2,Western_Leopard_Toad,0.2651,414.8,339.0,566.3,490.9
/srv/shared_leopard_toad/2025/Documents/06.10-13.10.2025/6R/107MEDIA/DSCF0556.JPG,DSCF0556.JPG,6R/107MEDIA,2,Western_Leopard_Toad,0.8252,412.9,335.5,564.3,486.3
/srv/shared_leopard_toad/2025/Documents/06.10-13.10.2025/6R/107MEDIA/DSCF0862.JPG,DSCF0862.JPG,6R/107MEDIA,2,Western_Leopard_Toad,0.9229,413.2,334.7,564.0,484.1
/srv/shared_leopard_toad/2025/Documents/06.10-13.10.2025/6R/107MEDIA/DSCF0057.JPG,DSCF0057.JPG,6R/107MEDIA,2,Western_Leopard_Toad,0.9355,412.1,334.9,567.0,494.9
/srv/shared_leopard_toad/2025/Documents/06.10-13.10.2025/6R/107MEDIA/DSCF0758.JPG,DSCF0758.JPG,6R/107MEDIA,2,Western_Leopard_Toad,0.9165,415.2,336.6,565.9,485.1
/srv/shared_leopard_toad/2025/Documents/06.10-13.10.2025/6R/107MEDIA/DSCF0652.JPG,DSCF0652.JPG,6R/107MEDIA,2,Western_Leopard_Toad,0.5322,414.3,336.6,564.9,487.4
/srv/shared_leopard_toad/2025/Documents/06.10-13.10.2025/6R/107MEDIA/DSCF0165.JPG,DSCF0165.JPG,6R/107MEDIA,2,Western_Leopard_Toad,0.3838,412.5,338.7,566.6,494.0
/srv/shared_leopard_toad/2025/Documents/06.10-13.10.2025/6R/107MEDIA/DSCF0615.JPG,DSCF0615.JPG,6R/107MEDIA,2,Western_Leopard_Toad,0.8247,410.4,337.1,563.5,484.6
/srv/shared_leopard_toad/2025/Documents/06.10-13.10.2025/6R/107MEDIA/DSCF0258.JPG,DSCF0258.JPG,6R/107MEDIA,2,Western_Leopard_Toad,0.9043,412.7,336.4,564.4,493.4
/srv/shared_leopard_toad/2025/Documents/06.10-13.10.2025/6R/107MEDIA/DSCF0346.JPG,DSCF0346.JPG,6R/107MEDIA,2,Western_Leopard_Toad,0.6138,417.7,338.1,563.4,489.5
/srv/shared_leopard_toad/2025/Documents/06.10-13.10.2025/6R/107MEDIA/DSCF0723.JPG,DSCF0723.JPG,6R/107MEDIA,2,Western_Leopard_Toad,0.8804,417.0,335.5,565.4,486.3
/srv/shared_leopard_toad/2025/Documents/06.10-13.10.2025/6R/107MEDIA/DSCF0878.JPG,DSCF0878.JPG,6R/107MEDIA,2,Western_Leopard_Toad,0.9053,412.8,336.8,568.3,489.3
/srv/shared_leopard_toad/2025/Documents/06.10-13.10.2025/6R/107MEDIA/DSCF0432.JPG,DSCF0432.JPG,6R/107MEDIA,2,Western_Leopard_Toad,0.9146,411.4,336.2,565.7,498.0
/srv/shared_leopard_toad/2025/Documents/06.10-13.10.2025/6R/107MEDIA/DSCF0174.JPG,DSCF0174.JPG,6R/107MEDIA,2,Western_Leopard_Toad,0.4661,412.9,337.9,564.3,489.0
/srv/shared_leopard_toad/2025/Documents/06.10-13.10.2025/6R/107MEDIA/DSCF0864.JPG,DSCF0864.JPG,6R/107MEDIA,2,Western_Leopard_Toad,0.8584,419.5,334.6,568.1,483.4
/srv/shared_leopard_toad/2025/Documents/06.10-13.10.2025/6R/107MEDIA/DSCF0697.JPG,DSCF0697.JPG,6R/107MEDIA,2,Western_Leopard_Toad,0.9365,418.2,333.1,568.2,484.2
/srv/shared_leopard_toad/2025/Documents/06.10-13.10.2025/6R/107MEDIA/DSCF0761.JPG,DSCF0761.JPG,6R/107MEDIA,2,Western_Leopard_Toad,0.7544,419.2,337.1,567.2,484.6
/srv/shared_leopard_toad/2025/Documents/06.10-13.10.2025/6R/107MEDIA/DSCF0248.JPG,DSCF0248.JPG,6R/107MEDIA,2,Western_Leopard_Toad,0.9165,410.3,337.0,565.5,497.3
/srv/shared_leopard_toad/2025/Documents/06.10-13.10.2025/6R/107MEDIA/DSCF0833.JPG,DSCF0833.JPG,6R/107MEDIA,2,Western_Leopard_Toad,0.8579,414.7,335.8,564.4,484.4
/srv/shared_leopard_toad/2025/Documents/06.10-13.10.2025/6R/107MEDIA/DSCF0945.JPG,DSCF0945.JPG,6R/107MEDIA,2,Western_Leopard_Toad,0.9062,413.7,334.7,565.4,485.5
/srv/shared_leopard_toad/2025/Documents/06.10-13.10.2025/6R/107MEDIA/DSCF0063.JPG,DSCF0063.JPG,6R/107MEDIA,2,Western_Leopard_Toad,0.7446,413.3,336.8,565.9,490.8
/srv/shared_leopard_toad/2025/Documents/06.10-13.10.2025/6R/107MEDIA/DSCF0412.JPG,DSCF0412.JPG,6R/107MEDIA,2,Western_Leopard_Toad,0.9067,413.3,337.1,563.9,492.7
/srv/shared_leopard_toad/2025/Documents/06.10-13.10.2025/6R/107MEDIA/DSCF0152.JPG,DSCF0152.JPG,6R/107MEDIA,2,Western_Leopard_Toad,0.6123,413.0,339.0,566.1,487.9
/srv/shared_leopard_toad/2025/Documents/06.10-13.10.2025/6R/107MEDIA/DSCF0405.JPG,DSCF0405.JPG,6R/107MEDIA,2,Western_Leopard_Toad,0.6055,412.7,339.2,564.4,491.4
/srv/shared_leopard_toad/2025/Documents/06.10-13.10.2025/6R/107MEDIA/DSCF0989.JPG,DSCF0989.JPG,6R/107MEDIA,2,Western_Leopard_Toad,0.9365,416.8,336.0,564.3,487.9
/srv/shared_leopard_toad/2025/Documents/06.10-13.10.2025/6R/107MEDIA/DSCF0989.JPG,DSCF0989.JPG,6R/107MEDIA,2,Western_Leopard_Toad,0.2556,101.0,1389.9,262.9,1551.4
/srv/shared_leopard_toad/2025/Documents/06.10-13.10.2025/6R/107MEDIA/DSCF0052.JPG,DSCF0052.JPG,6R/107MEDIA,2,Western_Leopard_Toad,0.8818,410.1,336.4,567.1,500.0
/srv/shared_leopard_toad/2025/Documents/06.10-13.10.2025/6R/107MEDIA/DSCF0653.JPG,DSCF0653.JPG,6R/107MEDIA,2,Western_Leopard_Toad,0.8179,416.9,334.2,565.5,485.3
/srv/shared_leopard_toad/2025/Documents/06.10-13.10.2025/6R/107MEDIA/DSCF0754.JPG,DSCF0754.JPG,6R/107MEDIA,2,Western_Leopard_Toad,0.9082,413.6,336.2,568.8,487.0
/srv/shared_leopard_toad/2025/Documents/06.10-13.10.2025/6R/107MEDIA/DSCF0838.JPG,DSCF0838.JPG,6R/107MEDIA,2,Western_Leopard_Toad,0.7075,417.1,336.7,564.0,483.6
/srv/shared_leopard_toad/2025/Documents/06.10-13.10.2025/6R/107MEDIA/DSCF0189.JPG,DSCF0189.JPG,6R/107MEDIA,2,Western_Leopard_Toad,0.3967,413.8,337.0,565.3,492.8
/srv/shared_leopard_toad/2025/Documents/06.10-13.10.2025/6R/107MEDIA/DSCF0040.JPG,DSCF0040.JPG,6R/107MEDIA,2,Western_Leopard_Toad,0.2781,407.5,330.9,574.9,506.3
/srv/shared_leopard_toad/2025/Documents/06.10-13.10.2025/6R/107MEDIA/DSCF0729.JPG,DSCF0729.JPG,6R/107MEDIA,2,Western_Leopard_Toad,0.8877,414.0,338.1,565.1,485.1
/srv/shared_leopard_toad/2025/Documents/06.10-13.10.2025/6R/107MEDIA/DSCF0315.JPG,DSCF0315.JPG,6R/107MEDIA,2,Western_Leopard_Toad,0.6616,414.3,338.0,564.9,496.3
/srv/shared_leopard_toad/2025/Documents/06.10-13.10.2025/6R/107MEDIA/DSCF0288.JPG,DSCF0288.JPG,6R/107MEDIA,2,Western_Leopard_Toad,0.8604,414.3,336.9,564.9,493.7
/srv/shared_leopard_toad/2025/Documents/06.10-13.10.2025/6R/107MEDIA/DSCF0423.JPG,DSCF0423.JPG,6R/107MEDIA,2,Western_Leopard_Toad,0.9331,412.7,338.2,564.4,492.4
/srv/shared_leopard_toad/2025/Documents/06.10-13.10.2025/6R/107MEDIA/DSCF0045.JPG,DSCF0045.JPG,6R/107MEDIA,2,Western_Leopard_Toad,0.6460,407.0,335.4,570.1,503.3
/srv/shared_leopard_toad/2025/Documents/06.10-13.10.2025/6R/107MEDIA/DSCF0264.JPG,DSCF0264.JPG,6R/107MEDIA,2,Western_Leopard_Toad,0.5195,411.6,336.9,564.2,491.4
/srv/shared_leopard_toad/2025/Documents/06.10-13.10.2025/6R/107MEDIA/DSCF0848.JPG,DSCF0848.JPG,6R/107MEDIA,2,Western_Leopard_Toad,0.8550,410.8,335.4,566.3,484.8
/srv/shared_leopard_toad/2025/Documents/06.10-13.10.2025/6R/107MEDIA/DSCF0145.JPG,DSCF0145.JPG,6R/107MEDIA,2,Western_Leopard_Toad,0.8667,414.0,338.3,565.1,494.5
/srv/shared_leopard_toad/2025/Documents/06.10-13.10.2025/6R/107MEDIA/DSCF0284.JPG,DSCF0284.JPG,6R/107MEDIA,2,Western_Leopard_Toad,0.5518,416.1,339.4,565.0,490.4
/srv/shared_leopard_toad/2025/Documents/06.10-13.10.2025/6R/107MEDIA/DSCF0504.JPG,DSCF0504.JPG,6R/107MEDIA,2,Western_Leopard_Toad,0.6724,417.0,338.2,565.4,488.7
/srv/shared_leopard_toad/2025/Documents/06.10-13.10.2025/6R/107MEDIA/DSCF0637.JPG,DSCF0637.JPG,6R/107MEDIA,2,Western_Leopard_Toad,0.9102,417.9,335.1,568.5,485.1
/srv/shared_leopard_toad/2025/Documents/06.10-13.10.2025/6R/107MEDIA/DSCF0271.JPG,DSCF0271.JPG,6R/107MEDIA,2,Western_Leopard_Toad,0.9141,412.3,336.2,564.9,498.0
/srv/shared_leopard_toad/2025/Documents/06.10-13.10.2025/6R/107MEDIA/DSCF0861.JPG,DSCF0861.JPG,6R/107MEDIA,2,Western_Leopard_Toad,0.8716,417.2,335.9,567.2,483.6
/srv/shared_leopard_toad/2025/Documents/06.10-13.10.2025/6R/107MEDIA/DSCF0861.JPG,DSCF0861.JPG,6R/107MEDIA,2,Western_Leopard_Toad,0.4639,3851.2,2224.5,4013.3,2423.7
/srv/shared_leopard_toad/2025/Documents/06.10-13.10.2025/6R/107MEDIA/DSCF0861.JPG,DSCF0861.JPG,6R/107MEDIA,0,Other_Amphibian,0.3987,3851.2,2224.5,4013.3,2423.7
/srv/shared_leopard_toad/2025/Documents/06.10-13.10.2025/6R/107MEDIA/DSCF0648.JPG,DSCF0648.JPG,6R/107MEDIA,2,Western_Leopard_Toad,0.5044,417.9,336.7,566.5,487.2
/srv/shared_leopard_toad/2025/Documents/06.10-13.10.2025/6R/107MEDIA/DSCF0659.JPG,DSCF0659.JPG,6R/107MEDIA,2,Western_Leopard_Toad,0.8301,416.0,336.8,563.1,484.9
/srv/shared_leopard_toad/2025/Documents/06.10-13.10.2025/6R/107MEDIA/DSCF0295.JPG,DSCF0295.JPG,6R/107MEDIA,2,Western_Leopard_Toad,0.3406,412.7,338.2,564.4,491.6
/srv/shared_leopard_toad/2025/Documents/06.10-13.10.2025/6R/107MEDIA/DSCF0053.JPG,DSCF0053.JPG,6R/107MEDIA,2,Western_Leopard_Toad,0.8809,407.0,336.1,564.9,500.3
/srv/shared_leopard_toad/2025/Documents/06.10-13.10.2025/6R/107MEDIA/DSCF0740.JPG,DSCF0740.JPG,6R/107MEDIA,2,Western_Leopard_Toad,0.9160,413.7,334.2,563.4,487.5
/srv/shared_leopard_toad/2025/Documents/06.10-13.10.2025/6R/107MEDIA/DSCF0384.JPG,DSCF0384.JPG,6R/107MEDIA,2,Western_Leopard_Toad,0.3408,411.5,339.2,564.4,491.4
/srv/shared_leopard_toad/2025/Documents/06.10-13.10.2025/6R/107MEDIA/DSCF0955.JPG,DSCF0955.JPG,6R/107MEDIA,2,Western_Leopard_Toad,0.8618,415.4,334.6,565.7,485.7
/srv/shared_leopard_toad/2025/Documents/06.10-13.10.2025/6R/107MEDIA/DSCF0231.JPG,DSCF0231.JPG,6R/107MEDIA,2,Western_Leopard_Toad,0.9355,409.3,336.7,564.5,496.8
/srv/shared_leopard_toad/2025/Documents/06.10-13.10.2025/6R/107MEDIA/DSCF0930.JPG,DSCF0930.JPG,6R/107MEDIA,2,Western_Leopard_Toad,0.9268,418.3,335.3,566.1,486.4
/srv/shared_leopard_toad/2025/Documents/06.10-13.10.2025/6R/107MEDIA/DSCF0731.JPG,DSCF0731.JPG,6R/107MEDIA,2,Western_Leopard_Toad,0.8384,415.3,337.3,563.8,484.5
/srv/shared_leopard_toad/2025/Documents/06.10-13.10.2025/6R/107MEDIA/DSCF0479.JPG,DSCF0479.JPG,6R/107MEDIA,2,Western_Leopard_Toad,0.8218,411.2,336.5,564.7,491.8
/srv/shared_leopard_toad/2025/Documents/06.10-13.10.2025/6R/107MEDIA/DSCF0247.JPG,DSCF0247.JPG,6R/107MEDIA,2,Western_Leopard_Toad,0.9409,413.4,337.9,563.7,494.9
/srv/shared_leopard_toad/2025/Documents/06.10-13.10.2025/6R/107MEDIA/DSCF0898.JPG,DSCF0898.JPG,6R/107MEDIA,2,Western_Leopard_Toad,0.7729,415.7,337.3,566.8,484.5
/srv/shared_leopard_toad/2025/Documents/06.10-13.10.2025/6R/107MEDIA/DSCF0307.JPG,DSCF0307.JPG,6R/107MEDIA,2,Western_Leopard_Toad,0.8062,415.2,336.1,567.2,493.7
/srv/shared_leopard_toad/2025/Documents/06.10-13.10.2025/6R/107MEDIA/DSCF0268.JPG,DSCF0268.JPG,6R/107MEDIA,2,Western_Leopard_Toad,0.5571,414.7,337.7,564.4,498.0
/srv/shared_leopard_toad/2025/Documents/06.10-13.10.2025/6R/107MEDIA/DSCF0582.JPG,DSCF0582.JPG,6R/107MEDIA,2,Western_Leopard_Toad,0.9033,416.2,334.1,566.2,482.4
/srv/shared_leopard_toad/2025/Documents/06.10-13.10.2025/6R/107MEDIA/DSCF0716.JPG,DSCF0716.JPG,6R/107MEDIA,2,Western_Leopard_Toad,0.8711,417.1,335.7,564.0,486.0
/srv/shared_leopard_toad/2025/Documents/06.10-13.10.2025/6R/107MEDIA/DSCF0963.JPG,DSCF0963.JPG,6R/107MEDIA,2,Western_Leopard_Toad,0.9277,417.5,332.6,566.9,487.6
/srv/shared_leopard_toad/2025/Documents/06.10-13.10.2025/6R/107MEDIA/DSCF0963.JPG,DSCF0963.JPG,6R/107MEDIA,0,Other_Amphibian,0.8320,1505.0,1027.6,1687.0,1218.3
/srv/shared_leopard_toad/2025/Documents/06.10-13.10.2025/6R/107MEDIA/DSCF0663.JPG,DSCF0663.JPG,6R/107MEDIA,2,Western_Leopard_Toad,0.8921,416.1,336.3,565.0,485.4
/srv/shared_leopard_toad/2025/Documents/06.10-13.10.2025/6R/107MEDIA/DSCF0931.JPG,DSCF0931.JPG,6R/107MEDIA,2,Western_Leopard_Toad,0.4993,418.6,337.2,565.8,486.0
/srv/shared_leopard_toad/2025/Documents/06.10-13.10.2025/6R/107MEDIA/DSCF0246.JPG,DSCF0246.JPG,6R/107MEDIA,2,Western_Leopard_Toad,0.9297,414.0,336.4,567.1,491.2
/srv/shared_leopard_toad/2025/Documents/06.10-13.10.2025/6R/107MEDIA/DSCF0978.JPG,DSCF0978.JPG,6R/107MEDIA,2,Western_Leopard_Toad,0.8203,414.7,336.7,566.4,486.4
/srv/shared_leopard_toad/2025/Documents/06.10-13.10.2025/6R/107MEDIA/DSCF0378.JPG,DSCF0378.JPG,6R/107MEDIA,2,Western_Leopard_Toad,0.8931,416.4,337.8,564.7,492.0
/srv/shared_leopard_toad/2025/Documents/06.10-13.10.2025/6R/107MEDIA/DSCF0704.JPG,DSCF0704.JPG,6R/107MEDIA,2,Western_Leopard_Toad,0.5889,415.0,337.4,566.1,484.3
/srv/shared_leopard_toad/2025/Documents/06.10-13.10.2025/6R/107MEDIA/DSCF0842.JPG,DSCF0842.JPG,6R/107MEDIA,2,Western_Leopard_Toad,0.7124,417.0,336.1,567.3,482.7
/srv/shared_leopard_toad/2025/Documents/06.10-13.10.2025/6R/107MEDIA/DSCF0178.JPG,DSCF0178.JPG,6R/107MEDIA,2,Western_Leopard_Toad,0.3625,408.8,339.7,563.1,490.8
/srv/shared_leopard_toad/2025/Documents/06.10-13.10.2025/6R/107MEDIA/DSCF0738.JPG,DSCF0738.JPG,6R/107MEDIA,2,Western_Leopard_Toad,0.9409,415.8,334.2,565.3,487.5
/srv/shared_leopard_toad/2025/Documents/06.10-13.10.2025/6R/107MEDIA/DSCF0739.JPG,DSCF0739.JPG,6R/107MEDIA,2,Western_Leopard_Toad,0.7407,415.4,337.7,567.0,485.5
/srv/shared_leopard_toad/2025/Documents/06.10-13.10.2025/6R/107MEDIA/DSCF0739.JPG,DSCF0739.JPG,6R/107MEDIA,2,Western_Leopard_Toad,0.5298,4060.4,1762.0,4203.1,1920.5
/srv/shared_leopard_toad/2025/Documents/06.10-13.10.2025/6R/107MEDIA/DSCF0739.JPG,DSCF0739.JPG,6R/107MEDIA,0,Other_Amphibian,0.2859,4060.4,1762.0,4203.1,1920.5
/srv/shared_leopard_toad/2025/Documents/06.10-13.10.2025/6R/107MEDIA/DSCF0875.JPG,DSCF0875.JPG,6R/107MEDIA,2,Western_Leopard_Toad,0.7920,415.7,335.7,566.8,486.0
/srv/shared_leopard_toad/2025/Documents/06.10-13.10.2025/6R/107MEDIA/DSCF0576.JPG,DSCF0576.JPG,6R/107MEDIA,2,Western_Leopard_Toad,0.9209,410.3,336.0,565.5,485.7
/srv/shared_leopard_toad/2025/Documents/06.10-13.10.2025/6R/107MEDIA/DSCF0856.JPG,DSCF0856.JPG,6R/107MEDIA,2,Western_Leopard_Toad,0.8613,413.4,335.1,565.7,485.1
/srv/shared_leopard_toad/2025/Documents/06.10-13.10.2025/6R/107MEDIA/DSCF0607.JPG,DSCF0607.JPG,6R/107MEDIA,2,Western_Leopard_Toad,0.8823,413.7,334.0,565.4,484.0
/srv/shared_leopard_toad/2025/Documents/06.10-13.10.2025/6R/107MEDIA/DSCF0252.JPG,DSCF0252.JPG,6R/107MEDIA,2,Western_Leopard_Toad,0.8223,411.3,339.4,565.9,493.4
/srv/shared_leopard_toad/2025/Documents/06.10-13.10.2025/6R/107MEDIA/DSCF0472.JPG,DSCF0472.JPG,6R/107MEDIA,2,Western_Leopard_Toad,0.4146,416.3,340.0,564.8,488.3
/srv/shared_leopard_toad/2025/Documents/06.10-13.10.2025/6R/107MEDIA/DSCF0396.JPG,DSCF0396.JPG,6R/107MEDIA,2,Western_Leopard_Toad,0.7437,413.2,338.5,564.0,495.8
/srv/shared_leopard_toad/2025/Documents/06.10-13.10.2025/6R/107MEDIA/DSCF0788.JPG,DSCF0788.JPG,6R/107MEDIA,2,Western_Leopard_Toad,0.9316,415.2,333.9,565.9,485.6
/srv/shared_leopard_toad/2025/Documents/06.10-13.10.2025/6R/107MEDIA/DSCF0721.JPG,DSCF0721.JPG,6R/107MEDIA,2,Western_Leopard_Toad,0.7988,419.8,336.9,564.5,483.3
/srv/shared_leopard_toad/2025/Documents/06.10-13.10.2025/6R/107MEDIA/DSCF0927.JPG,DSCF0927.JPG,6R/107MEDIA,2,Western_Leopard_Toad,0.6313,413.6,339.9,565.6,485.5
/srv/shared_leopard_toad/2025/Documents/06.10-13.10.2025/6R/107MEDIA/DSCF0536.JPG,DSCF0536.JPG,6R/107MEDIA,2,Western_Leopard_Toad,0.7173,417.5,335.5,564.9,488.5
/srv/shared_leopard_toad/2025/Documents/06.10-13.10.2025/6R/107MEDIA/DSCF0448.JPG,DSCF0448.JPG,6R/107MEDIA,2,Western_Leopard_Toad,0.7036,412.4,339.1,564.7,488.5
/srv/shared_leopard_toad/2025/Documents/06.10-13.10.2025/6R/107MEDIA/DSCF0683.JPG,DSCF0683.JPG,6R/107MEDIA,2,Western_Leopard_Toad,0.9277,418.4,334.9,564.0,486.8
/srv/shared_leopard_toad/2025/Documents/06.10-13.10.2025/6R/107MEDIA/DSCF0449.JPG,DSCF0449.JPG,6R/107MEDIA,2,Western_Leopard_Toad,0.5757,411.9,337.2,563.9,491.1
/srv/shared_leopard_toad/2025/Documents/06.10-13.10.2025/6R/107MEDIA/DSCF0494.JPG,DSCF0494.JPG,6R/107MEDIA,2,Western_Leopard_Toad,0.8770,412.2,338.0,563.6,494.8
/srv/shared_leopard_toad/2025/Documents/06.10-13.10.2025/6R/107MEDIA/DSCF0908.JPG,DSCF0908.JPG,6R/107MEDIA,2,Western_Leopard_Toad,0.6978,414.9,337.9,567.5,489.0
/srv/shared_leopard_toad/2025/Documents/06.10-13.10.2025/6R/107MEDIA/DSCF0386.JPG,DSCF0386.JPG,6R/107MEDIA,2,Western_Leopard_Toad,0.8481,412.1,336.7,563.8,497.6
/srv/shared_leopard_toad/2025/Documents/06.10-13.10.2025/6R/107MEDIA/DSCF0072.JPG,DSCF0072.JPG,6R/107MEDIA,2,Western_Leopard_Toad,0.8286,410.6,337.9,565.2,494.9
/srv/shared_leopard_toad/2025/Documents/06.10-13.10.2025/6R/107MEDIA/DSCF0399.JPG,DSCF0399.JPG,6R/107MEDIA,2,Western_Leopard_Toad,0.6196,415.9,339.2,566.5,490.6
/srv/shared_leopard_toad/2025/Documents/06.10-13.10.2025/6R/107MEDIA/DSCF0158.JPG,DSCF0158.JPG,6R/107MEDIA,2,Western_Leopard_Toad,0.6963,411.3,337.9,564.5,489.8
/srv/shared_leopard_toad/2025/Documents/06.10-13.10.2025/6R/107MEDIA/DSCF0474.JPG,DSCF0474.JPG,6R/107MEDIA,2,Western_Leopard_Toad,0.3772,412.1,338.4,563.8,489.2
/srv/shared_leopard_toad/2025/Documents/06.10-13.10.2025/6R/107MEDIA/DSCF0567.JPG,DSCF0567.JPG,6R/107MEDIA,2,Western_Leopard_Toad,0.7568,415.2,334.2,567.2,485.3
/srv/shared_leopard_toad/2025/Documents/06.10-13.10.2025/6R/107MEDIA/DSCF0872.JPG,DSCF0872.JPG,6R/107MEDIA,2,Western_Leopard_Toad,0.8672,416.2,336.7,566.2,485.0
/srv/shared_leopard_toad/2025/Documents/06.10-13.10.2025/6R/107MEDIA/DSCF0499.JPG,DSCF0499.JPG,6R/107MEDIA,2,Western_Leopard_Toad,0.9263,416.9,337.5,565.5,484.2
/srv/shared_leopard_toad/2025/Documents/06.10-13.10.2025/6R/107MEDIA/DSCF0892.JPG,DSCF0892.JPG,6R/107MEDIA,2,Western_Leopard_Toad,0.8579,414.1,338.1,565.0,485.8
/srv/shared_leopard_toad/2025/Documents/06.10-13.10.2025/6R/107MEDIA/DSCF0768.JPG,DSCF0768.JPG,6R/107MEDIA,2,Western_Leopard_Toad,0.9346,412.7,335.1,564.4,483.7
/srv/shared_leopard_toad/2025/Documents/06.10-13.10.2025/6R/107MEDIA/DSCF0335.JPG,DSCF0335.JPG,6R/107MEDIA,2,Western_Leopard_Toad,0.8564,3431.7,1069.1,3603.3,1252.1
/srv/shared_leopard_toad/2025/Documents/06.10-13.10.2025/6R/107MEDIA/DSCF0335.JPG,DSCF0335.JPG,6R/107MEDIA,2,Western_Leopard_Toad,0.7412,413.4,336.4,565.7,489.8
/srv/shared_leopard_toad/2025/Documents/06.10-13.10.2025/6R/107MEDIA/DSCF0335.JPG,DSCF0335.JPG,6R/107MEDIA,0,Other_Amphibian,0.4436,3431.7,1069.1,3603.3,1252.1
/srv/shared_leopard_toad/2025/Documents/06.10-13.10.2025/6R/107MEDIA/DSCF0877.JPG,DSCF0877.JPG,6R/107MEDIA,2,Western_Leopard_Toad,0.9048,415.9,335.5,568.5,484.7
/srv/shared_leopard_toad/2025/Documents/06.10-13.10.2025/6R/107MEDIA/DSCF0523.JPG,DSCF0523.JPG,6R/107MEDIA,2,Western_Leopard_Toad,0.7866,414.5,336.3,564.6,487.6
/srv/shared_leopard_toad/2025/Documents/06.10-13.10.2025/6R/107MEDIA/DSCF0523.JPG,DSCF0523.JPG,6R/107MEDIA,0,Other_Amphibian,0.4678,1585.5,265.0,1879.5,497.7
/srv/shared_leopard_toad/2025/Documents/06.10-13.10.2025/6R/107MEDIA/DSCF0890.JPG,DSCF0890.JPG,6R/107MEDIA,2,Western_Leopard_Toad,0.3889,413.7,339.1,565.4,489.3
/srv/shared_leopard_toad/2025/Documents/06.10-13.10.2025/6R/107MEDIA/DSCF0262.JPG,DSCF0262.JPG,6R/107MEDIA,2,Western_Leopard_Toad,0.5811,415.7,338.2,565.4,485.7
/srv/shared_leopard_toad/2025/Documents/06.10-13.10.2025/6R/107MEDIA/DSCF0655.JPG,DSCF0655.JPG,6R/107MEDIA,2,Western_Leopard_Toad,0.8979,413.7,336.0,563.4,483.5
/srv/shared_leopard_toad/2025/Documents/06.10-13.10.2025/6R/107MEDIA/DSCF0965.JPG,DSCF0965.JPG,6R/107MEDIA,0,Other_Amphibian,0.4631,942.9,2554.2,1150.5,2711.2
/srv/shared_leopard_toad/2025/Documents/06.10-13.10.2025/6R/107MEDIA/DSCF0965.JPG,DSCF0965.JPG,6R/107MEDIA,2,Western_Leopard_Toad,0.4607,942.9,2554.2,1150.5,2711.2
/srv/shared_leopard_toad/2025/Documents/06.10-13.10.2025/6R/107MEDIA/DSCF0750.JPG,DSCF0750.JPG,6R/107MEDIA,2,Western_Leopard_Toad,0.8940,412.2,337.1,563.6,484.6
/srv/shared_leopard_toad/2025/Documents/06.10-13.10.2025/6R/107MEDIA/DSCF0223.JPG,DSCF0223.JPG,6R/107MEDIA,2,Western_Leopard_Toad,0.4749,413.2,338.7,564.0,488.9
/srv/shared_leopard_toad/2025/Documents/06.10-13.10.2025/6R/107MEDIA/DSCF0669.JPG,DSCF0669.JPG,6R/107MEDIA,2,Western_Leopard_Toad,0.8750,416.1,336.2,565.0,484.0
/srv/shared_leopard_toad/2025/Documents/06.10-13.10.2025/6R/107MEDIA/DSCF0745.JPG,DSCF0745.JPG,6R/107MEDIA,2,Western_Leopard_Toad,0.8203,417.2,336.2,567.2,484.0
/srv/shared_leopard_toad/2025/Documents/06.10-13.10.2025/6R/107MEDIA/DSCF0127.JPG,DSCF0127.JPG,6R/107MEDIA,2,Western_Leopard_Toad,0.9136,415.5,337.3,565.6,491.0
/srv/shared_leopard_toad/2025/Documents/06.10-13.10.2025/6R/107MEDIA/DSCF0601.JPG,DSCF0601.JPG,6R/107MEDIA,2,Western_Leopard_Toad,0.8735,414.8,336.7,566.3,485.0
/srv/shared_leopard_toad/2025/Documents/06.10-13.10.2025/6R/107MEDIA/DSCF0753.JPG,DSCF0753.JPG,6R/107MEDIA,2,Western_Leopard_Toad,0.7881,415.7,338.1,566.8,487.3
/srv/shared_leopard_toad/2025/Documents/06.10-13.10.2025/6R/107MEDIA/DSCF0095.JPG,DSCF0095.JPG,6R/107MEDIA,2,Western_Leopard_Toad,0.3125,416.9,338.2,565.5,488.7
/srv/shared_leopard_toad/2025/Documents/06.10-13.10.2025/6R/107MEDIA/DSCF0363.JPG,DSCF0363.JPG,6R/107MEDIA,2,Western_Leopard_Toad,0.8945,413.6,337.2,565.6,491.1
/srv/shared_leopard_toad/2025/Documents/06.10-13.10.2025/6R/107MEDIA/DSCF0823.JPG,DSCF0823.JPG,6R/107MEDIA,2,Western_Leopard_Toad,0.7275,414.0,335.9,567.1,481.4
/srv/shared_leopard_toad/2025/Documents/06.10-13.10.2025/6R/107MEDIA/DSCF0376.JPG,DSCF0376.JPG,6R/107MEDIA,2,Western_Leopard_Toad,0.8682,414.3,337.6,564.9,492.9
/srv/shared_leopard_toad/2025/Documents/06.10-13.10.2025/6R/107MEDIA/DSCF0186.JPG,DSCF0186.JPG,6R/107MEDIA,2,Western_Leopard_Toad,0.3101,413.4,338.6,563.7,493.4
/srv/shared_leopard_toad/2025/Documents/06.10-13.10.2025/6R/107MEDIA/DSCF0196.JPG,DSCF0196.JPG,6R/107MEDIA,2,Western_Leopard_Toad,0.8623,412.9,337.5,562.9,490.9
/srv/shared_leopard_toad/2025/Documents/06.10-13.10.2025/6R/107MEDIA/DSCF0577.JPG,DSCF0577.JPG,6R/107MEDIA,2,Western_Leopard_Toad,0.8037,415.0,337.8,566.1,488.3
/srv/shared_leopard_toad/2025/Documents/06.10-13.10.2025/6R/107MEDIA/DSCF0478.JPG,DSCF0478.JPG,6R/107MEDIA,2,Western_Leopard_Toad,0.7710,411.9,338.2,563.9,491.6
/srv/shared_leopard_toad/2025/Documents/06.10-13.10.2025/6R/107MEDIA/DSCF0123.JPG,DSCF0123.JPG,6R/107MEDIA,2,Western_Leopard_Toad,0.8506,411.9,339.7,563.9,493.9
/srv/shared_leopard_toad/2025/Documents/06.10-13.10.2025/6R/107MEDIA/DSCF0666.JPG,DSCF0666.JPG,6R/107MEDIA,2,Western_Leopard_Toad,0.4404,417.7,337.8,566.6,486.1
/srv/shared_leopard_toad/2025/Documents/06.10-13.10.2025/6R/107MEDIA/DSCF0280.JPG,DSCF0280.JPG,6R/107MEDIA,2,Western_Leopard_Toad,0.9360,419.7,337.9,568.0,491.9
/srv/shared_leopard_toad/2025/Documents/06.10-13.10.2025/6R/107MEDIA/DSCF0629.JPG,DSCF0629.JPG,6R/107MEDIA,2,Western_Leopard_Toad,0.9297,415.0,336.2,566.1,487.0
/srv/shared_leopard_toad/2025/Documents/06.10-13.10.2025/6R/107MEDIA/DSCF0675.JPG,DSCF0675.JPG,6R/107MEDIA,2,Western_Leopard_Toad,0.8711,417.3,334.1,567.0,484.6
/srv/shared_leopard_toad/2025/Documents/06.10-13.10.2025/6R/107MEDIA/DSCF0049.JPG,DSCF0049.JPG,6R/107MEDIA,2,Western_Leopard_Toad,0.7778,405.6,334.1,568.3,500.1
/srv/shared_leopard_toad/2025/Documents/06.10-13.10.2025/6R/107MEDIA/DSCF0208.JPG,DSCF0208.JPG,6R/107MEDIA,2,Western_Leopard_Toad,0.7671,414.3,336.6,566.8,491.0
/srv/shared_leopard_toad/2025/Documents/06.10-13.10.2025/6R/107MEDIA/DSCF0635.JPG,DSCF0635.JPG,6R/107MEDIA,2,Western_Leopard_Toad,0.7432,411.8,339.2,565.3,488.4
/srv/shared_leopard_toad/2025/Documents/06.10-13.10.2025/6R/107MEDIA/DSCF0065.JPG,DSCF0065.JPG,6R/107MEDIA,2,Western_Leopard_Toad,0.6729,411.3,337.9,564.5,494.9
/srv/shared_leopard_toad/2025/Documents/06.10-13.10.2025/6R/107MEDIA/DSCF0414.JPG,DSCF0414.JPG,6R/107MEDIA,2,Western_Leopard_Toad,0.9131,412.1,338.3,561.8,494.5
/srv/shared_leopard_toad/2025/Documents/06.10-13.10.2025/6R/107MEDIA/DSCF0820.JPG,DSCF0820.JPG,6R/107MEDIA,2,Western_Leopard_Toad,0.8843,414.8,336.4,566.3,485.3
/srv/shared_leopard_toad/2025/Documents/06.10-13.10.2025/6R/107MEDIA/DSCF0782.JPG,DSCF0782.JPG,6R/107MEDIA,2,Western_Leopard_Toad,0.9282,417.3,339.4,565.1,486.0
/srv/shared_leopard_toad/2025/Documents/06.10-13.10.2025/6R/107MEDIA/DSCF0074.JPG,DSCF0074.JPG,6R/107MEDIA,2,Western_Leopard_Toad,0.4434,411.9,337.3,563.9,488.1
/srv/shared_leopard_toad/2025/Documents/06.10-13.10.2025/6R/107MEDIA/DSCF0110.JPG,DSCF0110.JPG,6R/107MEDIA,2,Western_Leopard_Toad,0.7124,410.5,337.9,565.4,491.9
/srv/shared_leopard_toad/2025/Documents/06.10-13.10.2025/6R/107MEDIA/DSCF0421.JPG,DSCF0421.JPG,6R/107MEDIA,2,Western_Leopard_Toad,0.4014,412.3,339.0,564.9,490.9
/srv/shared_leopard_toad/2025/Documents/06.10-13.10.2025/6R/107MEDIA/DSCF0907.JPG,DSCF0907.JPG,6R/107MEDIA,2,Western_Leopard_Toad,0.8169,3648.9,2551.9,3842.8,2725.4
/srv/shared_leopard_toad/2025/Documents/06.10-13.10.2025/6R/107MEDIA/DSCF0907.JPG,DSCF0907.JPG,6R/107MEDIA,2,Western_Leopard_Toad,0.5889,416.8,336.4,565.6,483.9
/srv/shared_leopard_toad/2025/Documents/06.10-13.10.2025/6R/107MEDIA/DSCF0907.JPG,DSCF0907.JPG,6R/107MEDIA,0,Other_Amphibian,0.5723,3648.9,2551.9,3842.8,2725.4
/srv/shared_leopard_toad/2025/Documents/06.10-13.10.2025/6R/107MEDIA/DSCF0533.JPG,DSCF0533.JPG,6R/107MEDIA,2,Western_Leopard_Toad,0.7485,410.2,337.4,563.7,484.3
/srv/shared_leopard_toad/2025/Documents/06.10-13.10.2025/6R/107MEDIA/DSCF0511.JPG,DSCF0511.JPG,6R/107MEDIA,2,Western_Leopard_Toad,0.5195,415.7,336.8,566.8,489.3
/srv/shared_leopard_toad/2025/Documents/06.10-13.10.2025/6R/107MEDIA/DSCF0503.JPG,DSCF0503.JPG,6R/107MEDIA,2,Western_Leopard_Toad,0.3381,409.7,339.7,566.1,487.2
/srv/shared_leopard_toad/2025/Documents/06.10-13.10.2025/6R/107MEDIA/DSCF0885.JPG,DSCF0885.JPG,6R/107MEDIA,2,Western_Leopard_Toad,0.4790,416.8,338.0,567.6,488.8
/srv/shared_leopard_toad/2025/Documents/06.10-13.10.2025/6R/107MEDIA/DSCF0622.JPG,DSCF0622.JPG,6R/107MEDIA,2,Western_Leopard_Toad,0.7065,408.9,337.2,563.0,488.2
/srv/shared_leopard_toad/2025/Documents/06.10-13.10.2025/6R/107MEDIA/DSCF0211.JPG,DSCF0211.JPG,6R/107MEDIA,2,Western_Leopard_Toad,0.8555,415.8,337.0,565.3,492.8
/srv/shared_leopard_toad/2025/Documents/06.10-13.10.2025/6R/107MEDIA/DSCF0621.JPG,DSCF0621.JPG,6R/107MEDIA,2,Western_Leopard_Toad,0.8125,413.3,336.7,563.9,486.4
/srv/shared_leopard_toad/2025/Documents/06.10-13.10.2025/6R/107MEDIA/DSCF0483.JPG,DSCF0483.JPG,6R/107MEDIA,2,Western_Leopard_Toad,0.8853,413.8,337.7,563.3,495.1
/srv/shared_leopard_toad/2025/Documents/06.10-13.10.2025/6R/107MEDIA/DSCF0121.JPG,DSCF0121.JPG,6R/107MEDIA,2,Western_Leopard_Toad,0.3328,417.0,338.6,565.4,483.1
/srv/shared_leopard_toad/2025/Documents/06.10-13.10.2025/6R/107MEDIA/DSCF0937.JPG,DSCF0937.JPG,6R/107MEDIA,2,Western_Leopard_Toad,0.8926,416.6,336.6,564.5,485.1
/srv/shared_leopard_toad/2025/Documents/06.10-13.10.2025/6R/107MEDIA/DSCF0686.JPG,DSCF0686.JPG,6R/107MEDIA,2,Western_Leopard_Toad,0.9229,417.3,335.3,567.0,486.4
/srv/shared_leopard_toad/2025/Documents/06.10-13.10.2025/6R/107MEDIA/DSCF0790.JPG,DSCF0790.JPG,6R/107MEDIA,2,Western_Leopard_Toad,0.8608,413.4,334.8,565.7,484.7
/srv/shared_leopard_toad/2025/Documents/06.10-13.10.2025/6R/107MEDIA/DSCF0333.JPG,DSCF0333.JPG,6R/107MEDIA,2,Western_Leopard_Toad,0.8521,412.4,339.2,561.5,489.2
/srv/shared_leopard_toad/2025/Documents/06.10-13.10.2025/6R/107MEDIA/DSCF0482.JPG,DSCF0482.JPG,6R/107MEDIA,2,Western_Leopard_Toad,0.9277,410.6,337.9,563.2,491.9
/srv/shared_leopard_toad/2025/Documents/06.10-13.10.2025/6R/107MEDIA/DSCF0805.JPG,DSCF0805.JPG,6R/107MEDIA,2,Western_Leopard_Toad,0.8706,413.1,336.6,566.0,485.1
/srv/shared_leopard_toad/2025/Documents/06.10-13.10.2025/6R/107MEDIA/DSCF0113.JPG,DSCF0113.JPG,6R/107MEDIA,2,Western_Leopard_Toad,0.8296,414.0,337.7,565.1,492.2
/srv/shared_leopard_toad/2025/Documents/06.10-13.10.2025/6R/107MEDIA/DSCF0387.JPG,DSCF0387.JPG,6R/107MEDIA,2,Western_Leopard_Toad,0.8091,412.9,338.4,564.3,487.0
/srv/shared_leopard_toad/2025/Documents/06.10-13.10.2025/6R/107MEDIA/DSCF0962.JPG,DSCF0962.JPG,6R/107MEDIA,2,Western_Leopard_Toad,0.7417,416.4,334.0,569.9,482.6
/srv/shared_leopard_toad/2025/Documents/06.10-13.10.2025/6R/107MEDIA/DSCF0962.JPG,DSCF0962.JPG,6R/107MEDIA,0,Other_Amphibian,0.7139,1530.7,1028.3,1692.8,1216.1
/srv/shared_leopard_toad/2025/Documents/06.10-13.10.2025/6R/107MEDIA/DSCF0867.JPG,DSCF0867.JPG,6R/107MEDIA,2,Western_Leopard_Toad,0.9277,415.7,334.6,568.6,487.1
/srv/shared_leopard_toad/2025/Documents/06.10-13.10.2025/6R/107MEDIA/DSCF0874.JPG,DSCF0874.JPG,6R/107MEDIA,2,Western_Leopard_Toad,0.8647,416.1,336.1,565.0,483.3
/srv/shared_leopard_toad/2025/Documents/06.10-13.10.2025/6R/107MEDIA/DSCF0548.JPG,DSCF0548.JPG,6R/107MEDIA,2,Western_Leopard_Toad,0.9302,416.4,330.9,564.7,484.9
/srv/shared_leopard_toad/2025/Documents/06.10-13.10.2025/6R/107MEDIA/DSCF0786.JPG,DSCF0786.JPG,6R/107MEDIA,2,Western_Leopard_Toad,0.9155,409.8,335.1,564.1,482.9
/srv/shared_leopard_toad/2025/Documents/06.10-13.10.2025/6R/107MEDIA/DSCF0660.JPG,DSCF0660.JPG,6R/107MEDIA,2,Western_Leopard_Toad,0.8892,411.1,336.3,566.0,485.4
/srv/shared_leopard_toad/2025/Documents/06.10-13.10.2025/6R/107MEDIA/DSCF0554.JPG,DSCF0554.JPG,6R/107MEDIA,2,Western_Leopard_Toad,0.9004,412.1,336.4,565.0,485.3
/srv/shared_leopard_toad/2025/Documents/06.10-13.10.2025/6R/107MEDIA/DSCF0991.JPG,DSCF0991.JPG,6R/107MEDIA,2,Western_Leopard_Toad,0.9028,416.6,335.5,565.8,486.3
/srv/shared_leopard_toad/2025/Documents/06.10-13.10.2025/6R/107MEDIA/DSCF0691.JPG,DSCF0691.JPG,6R/107MEDIA,2,Western_Leopard_Toad,0.9297,417.6,336.3,566.8,485.4
/srv/shared_leopard_toad/2025/Documents/06.10-13.10.2025/6R/107MEDIA/DSCF0742.JPG,DSCF0742.JPG,6R/107MEDIA,2,Western_Leopard_Toad,0.9419,412.6,335.3,564.6,486.4
/srv/shared_leopard_toad/2025/Documents/06.10-13.10.2025/6R/107MEDIA/DSCF0632.JPG,DSCF0632.JPG,6R/107MEDIA,2,Western_Leopard_Toad,0.9077,416.6,335.0,565.8,486.7
/srv/shared_leopard_toad/2025/Documents/06.10-13.10.2025/6R/107MEDIA/DSCF0985.JPG,DSCF0985.JPG,6R/107MEDIA,2,Western_Leopard_Toad,0.9492,414.5,334.6,566.5,488.6
/srv/shared_leopard_toad/2025/Documents/06.10-13.10.2025/6R/107MEDIA/DSCF0841.JPG,DSCF0841.JPG,6R/107MEDIA,2,Western_Leopard_Toad,0.9233,413.1,335.0,566.0,488.9
/srv/shared_leopard_toad/2025/Documents/06.10-13.10.2025/6R/107MEDIA/DSCF0391.JPG,DSCF0391.JPG,6R/107MEDIA,2,Western_Leopard_Toad,0.8301,412.6,338.2,564.6,491.6
/srv/shared_leopard_toad/2025/Documents/06.10-13.10.2025/6R/107MEDIA/DSCF0516.JPG,DSCF0516.JPG,6R/107MEDIA,2,Western_Leopard_Toad,0.9097,415.7,333.1,566.8,486.4
/srv/shared_leopard_toad/2025/Documents/06.10-13.10.2025/6R/107MEDIA/DSCF0191.JPG,DSCF0191.JPG,6R/107MEDIA,2,Western_Leopard_Toad,0.7393,413.7,337.4,567.4,488.7
/srv/shared_leopard_toad/2025/Documents/06.10-13.10.2025/6R/107MEDIA/DSCF0500.JPG,DSCF0500.JPG,6R/107MEDIA,2,Western_Leopard_Toad,0.9150,408.6,337.0,565.3,492.8
/srv/shared_leopard_toad/2025/Documents/06.10-13.10.2025/6R/107MEDIA/DSCF0058.JPG,DSCF0058.JPG,6R/107MEDIA,2,Western_Leopard_Toad,0.9272,410.3,333.0,565.5,499.0
/srv/shared_leopard_toad/2025/Documents/06.10-13.10.2025/6R/107MEDIA/DSCF0169.JPG,DSCF0169.JPG,6R/107MEDIA,2,Western_Leopard_Toad,0.7290,415.0,337.5,567.4,496.0
/srv/shared_leopard_toad/2025/Documents/06.10-13.10.2025/6R/107MEDIA/DSCF0706.JPG,DSCF0706.JPG,6R/107MEDIA,2,Western_Leopard_Toad,0.9165,419.3,334.1,565.1,485.4
/srv/shared_leopard_toad/2025/Documents/06.10-13.10.2025/6R/107MEDIA/DSCF0798.JPG,DSCF0798.JPG,6R/107MEDIA,2,Western_Leopard_Toad,0.9009,412.9,335.6,564.3,486.1
/srv/shared_leopard_toad/2025/Documents/06.10-13.10.2025/6R/107MEDIA/DSCF0757.JPG,DSCF0757.JPG,6R/107MEDIA,2,Western_Leopard_Toad,0.8066,415.5,338.2,565.6,483.5
/srv/shared_leopard_toad/2025/Documents/06.10-13.10.2025/6R/107MEDIA/DSCF0904.JPG,DSCF0904.JPG,6R/107MEDIA,2,Western_Leopard_Toad,0.8306,417.2,333.4,567.2,485.3
/srv/shared_leopard_toad/2025/Documents/06.10-13.10.2025/6R/107MEDIA/DSCF0904.JPG,DSCF0904.JPG,6R/107MEDIA,2,Western_Leopard_Toad,0.8022,3648.7,2552.0,3843.1,2725.2
/srv/shared_leopard_toad/2025/Documents/06.10-13.10.2025/6R/107MEDIA/DSCF0904.JPG,DSCF0904.JPG,6R/107MEDIA,0,Other_Amphibian,0.4526,3648.7,2552.0,3843.1,2725.2
/srv/shared_leopard_toad/2025/Documents/06.10-13.10.2025/6R/107MEDIA/DSCF0735.JPG,DSCF0735.JPG,6R/107MEDIA,2,Western_Leopard_Toad,0.9062,415.4,337.3,563.7,484.5
/srv/shared_leopard_toad/2025/Documents/06.10-13.10.2025/6R/107MEDIA/DSCF0613.JPG,DSCF0613.JPG,6R/107MEDIA,2,Western_Leopard_Toad,0.8149,416.6,335.6,567.7,488.3
/srv/shared_leopard_toad/2025/Documents/06.10-13.10.2025/6R/107MEDIA/DSCF0551.JPG,DSCF0551.JPG,6R/107MEDIA,2,Western_Leopard_Toad,0.6387,418.3,337.3,566.1,484.5
/srv/shared_leopard_toad/2025/Documents/06.10-13.10.2025/6R/107MEDIA/DSCF0748.JPG,DSCF0748.JPG,6R/107MEDIA,2,Western_Leopard_Toad,0.8359,418.3,335.9,564.1,485.8
/srv/shared_leopard_toad/2025/Documents/06.10-13.10.2025/6R/107MEDIA/DSCF0192.JPG,DSCF0192.JPG,6R/107MEDIA,2,Western_Leopard_Toad,0.8818,414.3,336.0,566.8,487.9
/srv/shared_leopard_toad/2025/Documents/06.10-13.10.2025/6R/107MEDIA/DSCF0114.JPG,DSCF0114.JPG,6R/107MEDIA,2,Western_Leopard_Toad,0.8452,408.2,336.8,563.7,495.9
/srv/shared_leopard_toad/2025/Documents/06.10-13.10.2025/6R/107MEDIA/DSCF0182.JPG,DSCF0182.JPG,6R/107MEDIA,2,Western_Leopard_Toad,0.4973,412.5,334.1,566.6,492.1
/srv/shared_leopard_toad/2025/Documents/06.10-13.10.2025/6R/107MEDIA/DSCF0299.JPG,DSCF0299.JPG,6R/107MEDIA,2,Western_Leopard_Toad,0.8862,413.4,338.8,563.7,491.8
/srv/shared_leopard_toad/2025/Documents/06.10-13.10.2025/6R/107MEDIA/DSCF0816.JPG,DSCF0816.JPG,6R/107MEDIA,2,Western_Leopard_Toad,0.8350,413.8,334.9,565.3,484.6
/srv/shared_leopard_toad/2025/Documents/06.10-13.10.2025/6R/107MEDIA/DSCF0345.JPG,DSCF0345.JPG,6R/107MEDIA,2,Western_Leopard_Toad,0.5649,409.3,337.9,564.5,490.4
/srv/shared_leopard_toad/2025/Documents/06.10-13.10.2025/6R/107MEDIA/DSCF0293.JPG,DSCF0293.JPG,6R/107MEDIA,2,Western_Leopard_Toad,0.3250,413.1,339.0,566.0,487.9
/srv/shared_leopard_toad/2025/Documents/06.10-13.10.2025/6R/107MEDIA/DSCF0195.JPG,DSCF0195.JPG,6R/107MEDIA,2,Western_Leopard_Toad,0.5146,411.7,338.1,565.4,482.1
/srv/shared_leopard_toad/2025/Documents/06.10-13.10.2025/6R/107MEDIA/DSCF0794.JPG,DSCF0794.JPG,6R/107MEDIA,2,Western_Leopard_Toad,0.8975,416.3,335.5,564.8,486.3
/srv/shared_leopard_toad/2025/Documents/06.10-13.10.2025/6R/107MEDIA/DSCF0527.JPG,DSCF0527.JPG,6R/107MEDIA,2,Western_Leopard_Toad,0.8262,414.1,335.1,567.0,488.8
/srv/shared_leopard_toad/2025/Documents/06.10-13.10.2025/6R/107MEDIA/DSCF0338.JPG,DSCF0338.JPG,6R/107MEDIA,2,Western_Leopard_Toad,0.8066,410.8,339.2,565.1,495.1
/srv/shared_leopard_toad/2025/Documents/06.10-13.10.2025/6R/107MEDIA/DSCF0940.JPG,DSCF0940.JPG,6R/107MEDIA,2,Western_Leopard_Toad,0.8882,415.1,335.5,566.0,486.3
/srv/shared_leopard_toad/2025/Documents/06.10-13.10.2025/6R/107MEDIA/DSCF0360.JPG,DSCF0360.JPG,6R/107MEDIA,2,Western_Leopard_Toad,0.8472,411.5,338.6,562.4,494.9
/srv/shared_leopard_toad/2025/Documents/06.10-13.10.2025/6R/107MEDIA/DSCF0206.JPG,DSCF0206.JPG,6R/107MEDIA,2,Western_Leopard_Toad,0.4961,415.7,337.3,565.4,486.7
/srv/shared_leopard_toad/2025/Documents/06.10-13.10.2025/6R/107MEDIA/DSCF0902.JPG,DSCF0902.JPG,6R/107MEDIA,2,Western_Leopard_Toad,0.8696,411.8,337.9,567.3,486.0
/srv/shared_leopard_toad/2025/Documents/06.10-13.10.2025/6R/107MEDIA/DSCF0778.JPG,DSCF0778.JPG,6R/107MEDIA,2,Western_Leopard_Toad,0.6294,416.3,335.0,564.8,485.2
/srv/shared_leopard_toad/2025/Documents/06.10-13.10.2025/6R/107MEDIA/DSCF0883.JPG,DSCF0883.JPG,6R/107MEDIA,2,Western_Leopard_Toad,0.8555,413.1,336.6,566.0,486.6
/srv/shared_leopard_toad/2025/Documents/06.10-13.10.2025/6R/107MEDIA/DSCF0059.JPG,DSCF0059.JPG,6R/107MEDIA,2,Western_Leopard_Toad,0.9365,412.0,337.8,565.2,495.8
/srv/shared_leopard_toad/2025/Documents/06.10-13.10.2025/6R/107MEDIA/DSCF0180.JPG,DSCF0180.JPG,6R/107MEDIA,2,Western_Leopard_Toad,0.6797,414.3,336.7,564.9,487.2
/srv/shared_leopard_toad/2025/Documents/06.10-13.10.2025/6R/107MEDIA/DSCF0791.JPG,DSCF0791.JPG,6R/107MEDIA,2,Western_Leopard_Toad,0.8799,416.1,333.9,566.3,483.3
/srv/shared_leopard_toad/2025/Documents/06.10-13.10.2025/6R/107MEDIA/DSCF0558.JPG,DSCF0558.JPG,6R/107MEDIA,2,Western_Leopard_Toad,0.8560,415.5,335.9,565.6,485.8
/srv/shared_leopard_toad/2025/Documents/06.10-13.10.2025/6R/107MEDIA/DSCF0826.JPG,DSCF0826.JPG,6R/107MEDIA,2,Western_Leopard_Toad,0.9233,417.0,335.2,565.4,486.5
/srv/shared_leopard_toad/2025/Documents/06.10-13.10.2025/6R/107MEDIA/DSCF0775.JPG,DSCF0775.JPG,6R/107MEDIA,2,Western_Leopard_Toad,0.8921,416.9,336.8,565.5,482.7
/srv/shared_leopard_toad/2025/Documents/06.10-13.10.2025/6R/107MEDIA/DSCF0811.JPG,DSCF0811.JPG,6R/107MEDIA,2,Western_Leopard_Toad,0.8604,416.0,337.6,565.1,485.6
/srv/shared_leopard_toad/2025/Documents/06.10-13.10.2025/6R/107MEDIA/DSCF0689.JPG,DSCF0689.JPG,6R/107MEDIA,2,Western_Leopard_Toad,0.4277,416.0,338.1,565.1,485.1
/srv/shared_leopard_toad/2025/Documents/06.10-13.10.2025/6R/107MEDIA/DSCF0278.JPG,DSCF0278.JPG,6R/107MEDIA,2,Western_Leopard_Toad,0.6157,412.7,339.2,564.4,484.7
/srv/shared_leopard_toad/2025/Documents/06.10-13.10.2025/6R/107MEDIA/DSCF0625.JPG,DSCF0625.JPG,6R/107MEDIA,2,Western_Leopard_Toad,0.8213,416.6,338.2,564.5,488.7
/srv/shared_leopard_toad/2025/Documents/06.10-13.10.2025/6R/107MEDIA/DSCF0645.JPG,DSCF0645.JPG,6R/107MEDIA,2,Western_Leopard_Toad,0.6304,416.9,336.3,567.5,485.4
/srv/shared_leopard_toad/2025/Documents/06.10-13.10.2025/6R/107MEDIA/DSCF0645.JPG,DSCF0645.JPG,6R/107MEDIA,0,Other_Amphibian,0.2050,1590.3,263.3,1880.0,498.6
/srv/shared_leopard_toad/2025/Documents/06.10-13.10.2025/6R/107MEDIA/DSCF0216.JPG,DSCF0216.JPG,6R/107MEDIA,2,Western_Leopard_Toad,0.7769,415.2,337.3,565.9,495.5
/srv/shared_leopard_toad/2025/Documents/06.10-13.10.2025/6R/107MEDIA/DSCF0050.JPG,DSCF0050.JPG,6R/107MEDIA,2,Western_Leopard_Toad,0.7764,405.9,334.6,568.0,501.8
/srv/shared_leopard_toad/2025/Documents/06.10-13.10.2025/6R/107MEDIA/DSCF0099.JPG,DSCF0099.JPG,6R/107MEDIA,2,Western_Leopard_Toad,0.8486,414.0,337.3,563.1,496.2
/srv/shared_leopard_toad/2025/Documents/06.10-13.10.2025/6R/107MEDIA/DSCF0463.JPG,DSCF0463.JPG,6R/107MEDIA,2,Western_Leopard_Toad,0.5459,412.1,337.6,563.8,495.9
/srv/shared_leopard_toad/2025/Documents/06.10-13.10.2025/6R/107MEDIA/DSCF0327.JPG,DSCF0327.JPG,6R/107MEDIA,2,Western_Leopard_Toad,0.6846,413.6,338.5,563.6,488.4
/srv/shared_leopard_toad/2025/Documents/06.10-13.10.2025/6R/107MEDIA/DSCF0727.JPG,DSCF0727.JPG,6R/107MEDIA,2,Western_Leopard_Toad,0.8481,414.3,331.7,568.1,484.1
/srv/shared_leopard_toad/2025/Documents/06.10-13.10.2025/6R/107MEDIA/DSCF0909.JPG,DSCF0909.JPG,6R/107MEDIA,2,Western_Leopard_Toad,0.9336,415.5,336.0,565.6,485.7
/srv/shared_leopard_toad/2025/Documents/06.10-13.10.2025/6R/107MEDIA/DSCF0840.JPG,DSCF0840.JPG,6R/107MEDIA,2,Western_Leopard_Toad,0.9023,413.7,335.5,563.4,490.6
/srv/shared_leopard_toad/2025/Documents/06.10-13.10.2025/6R/107MEDIA/DSCF0964.JPG,DSCF0964.JPG,6R/107MEDIA,2,Western_Leopard_Toad,0.9077,416.3,335.2,566.1,484.3
/srv/shared_leopard_toad/2025/Documents/06.10-13.10.2025/6R/107MEDIA/DSCF0964.JPG,DSCF0964.JPG,6R/107MEDIA,0,Other_Amphibian,0.9043,1508.9,1024.3,1688.4,1214.2
/srv/shared_leopard_toad/2025/Documents/06.10-13.10.2025/6R/107MEDIA/DSCF0605.JPG,DSCF0605.JPG,6R/107MEDIA,2,Western_Leopard_Toad,0.8691,414.7,334.3,566.4,487.4
/srv/shared_leopard_toad/2025/Documents/06.10-13.10.2025/6R/107MEDIA/DSCF0967.JPG,DSCF0967.JPG,6R/107MEDIA,2,Western_Leopard_Toad,0.6484,414.7,338.0,566.4,489.6
/srv/shared_leopard_toad/2025/Documents/06.10-13.10.2025/6R/107MEDIA/DSCF0087.JPG,DSCF0087.JPG,6R/107MEDIA,2,Western_Leopard_Toad,0.3103,415.5,338.4,565.6,490.0
/srv/shared_leopard_toad/2025/Documents/06.10-13.10.2025/6R/107MEDIA/DSCF0314.JPG,DSCF0314.JPG,6R/107MEDIA,2,Western_Leopard_Toad,0.2681,413.7,339.3,565.4,489.0
/srv/shared_leopard_toad/2025/Documents/06.10-13.10.2025/6R/107MEDIA/DSCF0760.JPG,DSCF0760.JPG,6R/107MEDIA,2,Western_Leopard_Toad,0.9092,419.6,333.5,564.8,482.3
/srv/shared_leopard_toad/2025/Documents/06.10-13.10.2025/6R/107MEDIA/DSCF0222.JPG,DSCF0222.JPG,6R/107MEDIA,2,Western_Leopard_Toad,0.6255,418.4,337.5,565.9,486.4
/srv/shared_leopard_toad/2025/Documents/06.10-13.10.2025/6R/107MEDIA/DSCF0593.JPG,DSCF0593.JPG,6R/107MEDIA,2,Western_Leopard_Toad,0.8433,417.0,333.5,565.4,488.2
/srv/shared_leopard_toad/2025/Documents/06.10-13.10.2025/6R/107MEDIA/DSCF0588.JPG,DSCF0588.JPG,6R/107MEDIA,2,Western_Leopard_Toad,0.8779,411.4,336.3,565.7,485.4
/srv/shared_leopard_toad/2025/Documents/06.10-13.10.2025/6R/107MEDIA/DSCF0903.JPG,DSCF0903.JPG,6R/107MEDIA,2,Western_Leopard_Toad,0.6499,415.0,336.5,567.4,483.7
/srv/shared_leopard_toad/2025/Documents/06.10-13.10.2025/6R/107MEDIA/DSCF0889.JPG,DSCF0889.JPG,6R/107MEDIA,2,Western_Leopard_Toad,0.9287,411.1,335.2,564.8,483.5
/srv/shared_leopard_toad/2025/Documents/06.10-13.10.2025/6R/107MEDIA/DSCF0068.JPG,DSCF0068.JPG,6R/107MEDIA,2,Western_Leopard_Toad,0.4724,411.3,338.9,564.5,493.9
/srv/shared_leopard_toad/2025/Documents/06.10-13.10.2025/6R/107MEDIA/DSCF0724.JPG,DSCF0724.JPG,6R/107MEDIA,2,Western_Leopard_Toad,0.8911,417.2,336.0,565.2,485.7
/srv/shared_leopard_toad/2025/Documents/06.10-13.10.2025/6R/107MEDIA/DSCF0619.JPG,DSCF0619.JPG,6R/107MEDIA,2,Western_Leopard_Toad,0.5283,413.7,338.2,565.4,485.7
/srv/shared_leopard_toad/2025/Documents/06.10-13.10.2025/6R/107MEDIA/DSCF0997.JPG,DSCF0997.JPG,6R/107MEDIA,2,Western_Leopard_Toad,0.7114,416.6,336.2,567.7,487.0
/srv/shared_leopard_toad/2025/Documents/06.10-13.10.2025/6R/107MEDIA/DSCF0381.JPG,DSCF0381.JPG,6R/107MEDIA,2,Western_Leopard_Toad,0.9229,411.8,336.7,564.1,497.6
/srv/shared_leopard_toad/2025/Documents/06.10-13.10.2025/6R/107MEDIA/DSCF0365.JPG,DSCF0365.JPG,6R/107MEDIA,2,Western_Leopard_Toad,0.4570,417.7,337.6,566.6,489.2
/srv/shared_leopard_toad/2025/Documents/06.10-13.10.2025/6R/107MEDIA/DSCF0693.JPG,DSCF0693.JPG,6R/107MEDIA,2,Western_Leopard_Toad,0.9453,4210.2,2480.7,4462.8,2832.0
/srv/shared_leopard_toad/2025/Documents/06.10-13.10.2025/6R/107MEDIA/DSCF0693.JPG,DSCF0693.JPG,6R/107MEDIA,2,Western_Leopard_Toad,0.8716,417.7,335.2,566.6,486.5
/srv/shared_leopard_toad/2025/Documents/06.10-13.10.2025/6R/107MEDIA/DSCF0741.JPG,DSCF0741.JPG,6R/107MEDIA,2,Western_Leopard_Toad,0.8760,411.2,335.7,564.7,486.0
/srv/shared_leopard_toad/2025/Documents/06.10-13.10.2025/6R/107MEDIA/DSCF0538.JPG,DSCF0538.JPG,6R/107MEDIA,2,Western_Leopard_Toad,0.5352,416.0,335.4,565.1,487.8
/srv/shared_leopard_toad/2025/Documents/06.10-13.10.2025/6R/107MEDIA/DSCF0913.JPG,DSCF0913.JPG,6R/107MEDIA,2,Western_Leopard_Toad,0.9434,3570.4,1180.4,3753.3,1377.0
/srv/shared_leopard_toad/2025/Documents/06.10-13.10.2025/6R/107MEDIA/DSCF0913.JPG,DSCF0913.JPG,6R/107MEDIA,2,Western_Leopard_Toad,0.8911,413.3,334.8,565.9,486.9
/srv/shared_leopard_toad/2025/Documents/06.10-13.10.2025/6R/107MEDIA/DSCF0454.JPG,DSCF0454.JPG,6R/107MEDIA,2,Western_Leopard_Toad,0.7002,415.8,338.3,565.3,488.6
/srv/shared_leopard_toad/2025/Documents/06.10-13.10.2025/6R/107MEDIA/DSCF0188.JPG,DSCF0188.JPG,6R/107MEDIA,2,Western_Leopard_Toad,0.8213,413.0,337.7,564.1,485.5
/srv/shared_leopard_toad/2025/Documents/06.10-13.10.2025/6R/107MEDIA/DSCF0947.JPG,DSCF0947.JPG,6R/107MEDIA,2,Western_Leopard_Toad,0.7349,415.0,338.2,566.1,485.7
/srv/shared_leopard_toad/2025/Documents/06.10-13.10.2025/6R/107MEDIA/DSCF0772.JPG,DSCF0772.JPG,6R/107MEDIA,2,Western_Leopard_Toad,0.8989,413.8,337.1,565.3,484.6
/srv/shared_leopard_toad/2025/Documents/06.10-13.10.2025/6R/107MEDIA/DSCF0844.JPG,DSCF0844.JPG,6R/107MEDIA,2,Western_Leopard_Toad,0.9111,417.3,336.1,563.8,483.3
/srv/shared_leopard_toad/2025/Documents/06.10-13.10.2025/6R/107MEDIA/DSCF0824.JPG,DSCF0824.JPG,6R/107MEDIA,0,Other_Amphibian,0.8345,3375.4,804.6,3596.6,1001.2
/srv/shared_leopard_toad/2025/Documents/06.10-13.10.2025/6R/107MEDIA/DSCF0824.JPG,DSCF0824.JPG,6R/107MEDIA,2,Western_Leopard_Toad,0.8198,413.0,337.1,566.1,484.6
/srv/shared_leopard_toad/2025/Documents/06.10-13.10.2025/6R/107MEDIA/DSCF0824.JPG,DSCF0824.JPG,6R/107MEDIA,2,Western_Leopard_Toad,0.6938,3375.4,804.6,3596.6,1001.2
/srv/shared_leopard_toad/2025/Documents/06.10-13.10.2025/6R/107MEDIA/DSCF0133.JPG,DSCF0133.JPG,6R/107MEDIA,0,Other_Amphibian,0.3940,554.1,2641.4,703.3,2783.5
/srv/shared_leopard_toad/2025/Documents/06.10-13.10.2025/6R/107MEDIA/DSCF0133.JPG,DSCF0133.JPG,6R/107MEDIA,2,Western_Leopard_Toad,0.2703,415.3,340.6,563.8,489.2
/srv/shared_leopard_toad/2025/Documents/06.10-13.10.2025/6R/107MEDIA/DSCF0886.JPG,DSCF0886.JPG,6R/107MEDIA,2,Western_Leopard_Toad,0.8130,416.3,337.0,566.1,484.7
/srv/shared_leopard_toad/2025/Documents/06.10-13.10.2025/6R/107MEDIA/DSCF0181.JPG,DSCF0181.JPG,6R/107MEDIA,2,Western_Leopard_Toad,0.8013,411.8,335.7,565.3,486.0
/srv/shared_leopard_toad/2025/Documents/06.10-13.10.2025/6R/107MEDIA/DSCF0773.JPG,DSCF0773.JPG,6R/107MEDIA,2,Western_Leopard_Toad,0.8818,4291.5,2571.0,4428.7,2729.8
/srv/shared_leopard_toad/2025/Documents/06.10-13.10.2025/6R/107MEDIA/DSCF0773.JPG,DSCF0773.JPG,6R/107MEDIA,2,Western_Leopard_Toad,0.8330,416.8,336.4,564.3,485.3
/srv/shared_leopard_toad/2025/Documents/06.10-13.10.2025/6R/107MEDIA/DSCF0773.JPG,DSCF0773.JPG,6R/107MEDIA,0,Other_Amphibian,0.2113,4291.5,2571.0,4428.7,2729.8
/srv/shared_leopard_toad/2025/Documents/06.10-13.10.2025/6R/107MEDIA/DSCF0849.JPG,DSCF0849.JPG,6R/107MEDIA,2,Western_Leopard_Toad,0.9238,414.4,334.3,564.7,483.7
/srv/shared_leopard_toad/2025/Documents/06.10-13.10.2025/6R/107MEDIA/DSCF0849.JPG,DSCF0849.JPG,6R/107MEDIA,0,Other_Amphibian,0.9067,1715.1,2004.7,1865.4,2185.8
/srv/shared_leopard_toad/2025/Documents/06.10-13.10.2025/6R/107MEDIA/DSCF0916.JPG,DSCF0916.JPG,6R/107MEDIA,2,Western_Leopard_Toad,0.9390,3569.3,1185.0,3754.4,1384.2
/srv/shared_leopard_toad/2025/Documents/06.10-13.10.2025/6R/107MEDIA/DSCF0916.JPG,DSCF0916.JPG,6R/107MEDIA,2,Western_Leopard_Toad,0.8608,411.6,335.8,565.6,487.4
/srv/shared_leopard_toad/2025/Documents/06.10-13.10.2025/6R/107MEDIA/DSCF0685.JPG,DSCF0685.JPG,6R/107MEDIA,2,Western_Leopard_Toad,0.4902,415.0,334.8,567.4,486.9
/srv/shared_leopard_toad/2025/Documents/06.10-13.10.2025/6R/107MEDIA/DSCF0209.JPG,DSCF0209.JPG,6R/107MEDIA,2,Western_Leopard_Toad,0.7783,414.5,338.1,564.6,496.1
/srv/shared_leopard_toad/2025/Documents/06.10-13.10.2025/6R/107MEDIA/DSCF0725.JPG,DSCF0725.JPG,6R/107MEDIA,2,Western_Leopard_Toad,0.4417,412.9,337.0,564.3,484.7
/srv/shared_leopard_toad/2025/Documents/06.10-13.10.2025/6R/107MEDIA/DSCF0550.JPG,DSCF0550.JPG,6R/107MEDIA,2,Western_Leopard_Toad,0.8472,416.3,336.2,566.1,484.0
/srv/shared_leopard_toad/2025/Documents/06.10-13.10.2025/6R/107MEDIA/DSCF0612.JPG,DSCF0612.JPG,6R/107MEDIA,2,Western_Leopard_Toad,0.9170,410.8,335.8,566.3,484.4
/srv/shared_leopard_toad/2025/Documents/06.10-13.10.2025/6R/107MEDIA/DSCF0633.JPG,DSCF0633.JPG,6R/107MEDIA,2,Western_Leopard_Toad,0.6880,412.3,337.3,564.9,486.7
/srv/shared_leopard_toad/2025/Documents/06.10-13.10.2025/6R/107MEDIA/DSCF0626.JPG,DSCF0626.JPG,6R/107MEDIA,2,Western_Leopard_Toad,0.4241,415.5,338.7,565.6,483.0
/srv/shared_leopard_toad/2025/Documents/06.10-13.10.2025/6R/107MEDIA/DSCF0839.JPG,DSCF0839.JPG,6R/107MEDIA,2,Western_Leopard_Toad,0.9336,417.2,335.7,567.2,486.0
/srv/shared_leopard_toad/2025/Documents/06.10-13.10.2025/6R/107MEDIA/DSCF0076.JPG,DSCF0076.JPG,6R/107MEDIA,2,Western_Leopard_Toad,0.6646,414.4,338.7,566.7,494.0
/srv/shared_leopard_toad/2025/Documents/06.10-13.10.2025/6R/107MEDIA/DSCF0690.JPG,DSCF0690.JPG,6R/107MEDIA,2,Western_Leopard_Toad,0.9404,417.9,335.6,563.1,486.1
/srv/shared_leopard_toad/2025/Documents/06.10-13.10.2025/6R/107MEDIA/DSCF0918.JPG,DSCF0918.JPG,6R/107MEDIA,2,Western_Leopard_Toad,0.8457,414.7,338.6,564.4,488.3
/srv/shared_leopard_toad/2025/Documents/06.10-13.10.2025/6R/107MEDIA/DSCF0240.JPG,DSCF0240.JPG,6R/107MEDIA,2,Western_Leopard_Toad,0.3169,414.0,336.9,565.1,483.3
/srv/shared_leopard_toad/2025/Documents/06.10-13.10.2025/6R/107MEDIA/DSCF0714.JPG,DSCF0714.JPG,6R/107MEDIA,2,Western_Leopard_Toad,0.9116,411.3,336.0,564.5,487.9
/srv/shared_leopard_toad/2025/Documents/06.10-13.10.2025/6R/107MEDIA/DSCF0302.JPG,DSCF0302.JPG,6R/107MEDIA,2,Western_Leopard_Toad,0.8291,412.5,337.2,566.6,496.3
/srv/shared_leopard_toad/2025/Documents/06.10-13.10.2025/6R/107MEDIA/DSCF0801.JPG,DSCF0801.JPG,6R/107MEDIA,2,Western_Leopard_Toad,0.8433,411.3,335.1,565.9,488.1
/srv/shared_leopard_toad/2025/Documents/06.10-13.10.2025/6R/107MEDIA/DSCF0232.JPG,DSCF0232.JPG,6R/107MEDIA,2,Western_Leopard_Toad,0.7886,414.1,336.7,565.0,490.9
/srv/shared_leopard_toad/2025/Documents/06.10-13.10.2025/6R/107MEDIA/DSCF0545.JPG,DSCF0545.JPG,6R/107MEDIA,2,Western_Leopard_Toad,0.9043,413.3,334.6,565.9,487.1
/srv/shared_leopard_toad/2025/Documents/06.10-13.10.2025/6R/107MEDIA/DSCF0377.JPG,DSCF0377.JPG,6R/107MEDIA,2,Western_Leopard_Toad,0.9233,410.4,337.7,563.5,496.5
/srv/shared_leopard_toad/2025/Documents/06.10-13.10.2025/6R/107MEDIA/DSCF0705.JPG,DSCF0705.JPG,6R/107MEDIA,2,Western_Leopard_Toad,0.8711,414.1,335.5,563.0,484.0
/srv/shared_leopard_toad/2025/Documents/06.10-13.10.2025/6R/107MEDIA/DSCF0813.JPG,DSCF0813.JPG,6R/107MEDIA,2,Western_Leopard_Toad,0.8833,415.1,335.6,566.0,486.1
/srv/shared_leopard_toad/2025/Documents/06.10-13.10.2025/6R/107MEDIA/DSCF0830.JPG,DSCF0830.JPG,6R/107MEDIA,2,Western_Leopard_Toad,0.9102,414.5,336.1,564.6,485.6
/srv/shared_leopard_toad/2025/Documents/06.10-13.10.2025/6R/107MEDIA/DSCF0267.JPG,DSCF0267.JPG,6R/107MEDIA,2,Western_Leopard_Toad,0.7974,411.6,338.9,565.6,495.4
/srv/shared_leopard_toad/2025/Documents/06.10-13.10.2025/6R/107MEDIA/DSCF0319.JPG,DSCF0319.JPG,6R/107MEDIA,2,Western_Leopard_Toad,0.6064,416.1,339.1,563.0,487.7
/srv/shared_leopard_toad/2025/Documents/06.10-13.10.2025/6R/107MEDIA/DSCF0510.JPG,DSCF0510.JPG,6R/107MEDIA,2,Western_Leopard_Toad,0.6440,413.4,338.5,565.7,491.3
/srv/shared_leopard_toad/2025/Documents/06.10-13.10.2025/6R/107MEDIA/DSCF0643.JPG,DSCF0643.JPG,6R/107MEDIA,2,Western_Leopard_Toad,0.7148,414.8,336.4,566.3,487.5
/srv/shared_leopard_toad/2025/Documents/06.10-13.10.2025/6R/107MEDIA/DSCF0323.JPG,DSCF0323.JPG,6R/107MEDIA,2,Western_Leopard_Toad,0.8828,411.6,338.1,565.6,491.7
/srv/shared_leopard_toad/2025/Documents/06.10-13.10.2025/6R/107MEDIA/DSCF0013.JPG,DSCF0013.JPG,6R/107MEDIA,0,Other_Amphibian,0.2263,92.6,1061.3,182.2,1137.3
/srv/shared_leopard_toad/2025/Documents/06.10-13.10.2025/6R/107MEDIA/DSCF0876.JPG,DSCF0876.JPG,6R/107MEDIA,2,Western_Leopard_Toad,0.8916,413.1,336.4,566.0,483.1
/srv/shared_leopard_toad/2025/Documents/06.10-13.10.2025/6R/107MEDIA/DSCF0108.JPG,DSCF0108.JPG,6R/107MEDIA,2,Western_Leopard_Toad,0.5146,409.3,339.1,564.5,487.7
/srv/shared_leopard_toad/2025/Documents/06.10-13.10.2025/6R/107MEDIA/DSCF0277.JPG,DSCF0277.JPG,6R/107MEDIA,2,Western_Leopard_Toad,0.4421,407.8,336.6,564.1,495.4
/srv/shared_leopard_toad/2025/Documents/06.10-13.10.2025/6R/107MEDIA/DSCF0901.JPG,DSCF0901.JPG,6R/107MEDIA,2,Western_Leopard_Toad,0.9067,414.5,334.0,567.9,487.7
/srv/shared_leopard_toad/2025/Documents/06.10-13.10.2025/6R/107MEDIA/DSCF0153.JPG,DSCF0153.JPG,6R/107MEDIA,2,Western_Leopard_Toad,0.7202,417.3,338.2,565.1,485.7
/srv/shared_leopard_toad/2025/Documents/06.10-13.10.2025/6R/107MEDIA/DSCF0747.JPG,DSCF0747.JPG,6R/107MEDIA,2,Western_Leopard_Toad,0.6201,415.7,337.0,565.4,486.2
/srv/shared_leopard_toad/2025/Documents/06.10-13.10.2025/6R/107MEDIA/DSCF0996.JPG,DSCF0996.JPG,6R/107MEDIA,2,Western_Leopard_Toad,0.8545,418.3,332.5,568.0,483.3
/srv/shared_leopard_toad/2025/Documents/06.10-13.10.2025/6R/107MEDIA/DSCF0610.JPG,DSCF0610.JPG,6R/107MEDIA,2,Western_Leopard_Toad,0.9346,414.1,334.8,565.0,483.9
/srv/shared_leopard_toad/2025/Documents/06.10-13.10.2025/6R/107MEDIA/DSCF0692.JPG,DSCF0692.JPG,6R/107MEDIA,2,Western_Leopard_Toad,0.8486,415.8,334.2,566.6,486.1
/srv/shared_leopard_toad/2025/Documents/06.10-13.10.2025/6R/107MEDIA/DSCF0542.JPG,DSCF0542.JPG,6R/107MEDIA,2,Western_Leopard_Toad,0.8843,413.3,337.4,565.9,488.0
/srv/shared_leopard_toad/2025/Documents/06.10-13.10.2025/6R/107MEDIA/DSCF0708.JPG,DSCF0708.JPG,6R/107MEDIA,2,Western_Leopard_Toad,0.9360,416.7,335.3,564.4,486.4
/srv/shared_leopard_toad/2025/Documents/06.10-13.10.2025/6R/107MEDIA/DSCF0119.JPG,DSCF0119.JPG,6R/107MEDIA,2,Western_Leopard_Toad,0.7119,414.4,336.4,564.7,487.5
/srv/shared_leopard_toad/2025/Documents/06.10-13.10.2025/6R/107MEDIA/DSCF0408.JPG,DSCF0408.JPG,6R/107MEDIA,2,Western_Leopard_Toad,0.9194,411.2,337.3,562.7,491.0
/srv/shared_leopard_toad/2025/Documents/06.10-13.10.2025/6R/107MEDIA/DSCF0846.JPG,DSCF0846.JPG,6R/107MEDIA,2,Western_Leopard_Toad,0.9194,413.6,333.6,565.6,485.2
/srv/shared_leopard_toad/2025/Documents/06.10-13.10.2025/6R/107MEDIA/DSCF0469.JPG,DSCF0469.JPG,6R/107MEDIA,2,Western_Leopard_Toad,0.5635,410.5,338.0,565.4,488.8
/srv/shared_leopard_toad/2025/Documents/06.10-13.10.2025/6R/107MEDIA/DSCF0961.JPG,DSCF0961.JPG,6R/107MEDIA,0,Other_Amphibian,0.8306,1525.6,1030.7,1695.3,1213.7
/srv/shared_leopard_toad/2025/Documents/06.10-13.10.2025/6R/107MEDIA/DSCF0804.JPG,DSCF0804.JPG,6R/107MEDIA,2,Western_Leopard_Toad,0.8940,417.3,334.2,567.0,483.1
/srv/shared_leopard_toad/2025/Documents/06.10-13.10.2025/6R/107MEDIA/DSCF0825.JPG,DSCF0825.JPG,6R/107MEDIA,2,Western_Leopard_Toad,0.8999,417.3,335.5,565.1,486.3
/srv/shared_leopard_toad/2025/Documents/06.10-13.10.2025/6R/107MEDIA/DSCF0915.JPG,DSCF0915.JPG,6R/107MEDIA,2,Western_Leopard_Toad,0.8989,3567.9,1184.1,3750.6,1385.1
/srv/shared_leopard_toad/2025/Documents/06.10-13.10.2025/6R/107MEDIA/DSCF0915.JPG,DSCF0915.JPG,6R/107MEDIA,2,Western_Leopard_Toad,0.2620,411.9,336.4,569.2,483.1
/srv/shared_leopard_toad/2025/Documents/06.10-13.10.2025/6R/107MEDIA/DSCF0627.JPG,DSCF0627.JPG,6R/107MEDIA,2,Western_Leopard_Toad,0.5483,412.9,337.6,564.3,487.8
/srv/shared_leopard_toad/2025/Documents/06.10-13.10.2025/6R/107MEDIA/DSCF0425.JPG,DSCF0425.JPG,6R/107MEDIA,2,Western_Leopard_Toad,0.6030,411.2,337.9,564.7,489.0
/srv/shared_leopard_toad/2025/Documents/06.10-13.10.2025/6R/107MEDIA/DSCF0420.JPG,DSCF0420.JPG,6R/107MEDIA,2,Western_Leopard_Toad,0.8730,410.3,338.1,565.5,494.6
/srv/shared_leopard_toad/2025/Documents/06.10-13.10.2025/6R/107MEDIA/DSCF0398.JPG,DSCF0398.JPG,6R/107MEDIA,2,Western_Leopard_Toad,0.4697,414.3,338.2,568.1,490.1
/srv/shared_leopard_toad/2025/Documents/06.10-13.10.2025/6R/107MEDIA/DSCF0205.JPG,DSCF0205.JPG,6R/107MEDIA,2,Western_Leopard_Toad,0.4360,418.3,338.6,566.1,494.9
/srv/shared_leopard_toad/2025/Documents/06.10-13.10.2025/6R/107MEDIA/DSCF0540.JPG,DSCF0540.JPG,6R/107MEDIA,2,Western_Leopard_Toad,0.9116,412.3,333.6,564.9,490.4
/srv/shared_leopard_toad/2025/Documents/06.10-13.10.2025/6R/107MEDIA/DSCF0618.JPG,DSCF0618.JPG,6R/107MEDIA,2,Western_Leopard_Toad,0.8105,413.2,336.4,564.0,485.3
/srv/shared_leopard_toad/2025/Documents/06.10-13.10.2025/6R/107MEDIA/DSCF0584.JPG,DSCF0584.JPG,6R/107MEDIA,2,Western_Leopard_Toad,0.7876,414.1,336.7,565.0,483.6
/srv/shared_leopard_toad/2025/Documents/06.10-13.10.2025/6R/107MEDIA/DSCF0111.JPG,DSCF0111.JPG,6R/107MEDIA,2,Western_Leopard_Toad,0.5220,413.4,336.4,567.7,489.8
/srv/shared_leopard_toad/2025/Documents/06.10-13.10.2025/6R/107MEDIA/DSCF0263.JPG,DSCF0263.JPG,6R/107MEDIA,2,Western_Leopard_Toad,0.2803,414.0,336.8,565.1,490.8
/srv/shared_leopard_toad/2025/Documents/06.10-13.10.2025/6R/107MEDIA/DSCF0349.JPG,DSCF0349.JPG,6R/107MEDIA,2,Western_Leopard_Toad,0.6875,413.0,339.7,566.1,490.2
/srv/shared_leopard_toad/2025/Documents/06.10-13.10.2025/6R/107MEDIA/DSCF0828.JPG,DSCF0828.JPG,6R/107MEDIA,2,Western_Leopard_Toad,0.7266,416.8,337.9,565.6,489.8
/srv/shared_leopard_toad/2025/Documents/06.10-13.10.2025/6R/107MEDIA/DSCF0555.JPG,DSCF0555.JPG,6R/107MEDIA,2,Western_Leopard_Toad,0.3938,412.0,337.3,567.2,486.7
/srv/shared_leopard_toad/2025/Documents/06.10-13.10.2025/6R/107MEDIA/DSCF0695.JPG,DSCF0695.JPG,6R/107MEDIA,2,Western_Leopard_Toad,0.9399,418.4,336.3,565.9,485.4
/srv/shared_leopard_toad/2025/Documents/06.10-13.10.2025/6R/107MEDIA/DSCF0764.JPG,DSCF0764.JPG,6R/107MEDIA,2,Western_Leopard_Toad,0.8989,415.4,335.6,565.7,486.1
/srv/shared_leopard_toad/2025/Documents/06.10-13.10.2025/6R/107MEDIA/DSCF0229.JPG,DSCF0229.JPG,6R/107MEDIA,2,Western_Leopard_Toad,0.8442,409.6,338.8,564.3,494.7
/srv/shared_leopard_toad/2025/Documents/06.10-13.10.2025/6R/107MEDIA/DSCF0953.JPG,DSCF0953.JPG,6R/107MEDIA,2,Western_Leopard_Toad,0.8037,417.5,336.1,566.9,485.6
/srv/shared_leopard_toad/2025/Documents/06.10-13.10.2025/6R/107MEDIA/DSCF0657.JPG,DSCF0657.JPG,6R/107MEDIA,2,Western_Leopard_Toad,0.8989,416.1,335.8,566.3,484.4
/srv/shared_leopard_toad/2025/Documents/06.10-13.10.2025/6R/107MEDIA/DSCF0163.JPG,DSCF0163.JPG,6R/107MEDIA,2,Western_Leopard_Toad,0.3066,410.5,338.9,566.6,487.2
/srv/shared_leopard_toad/2025/Documents/06.10-13.10.2025/6R/107MEDIA/DSCF0587.JPG,DSCF0587.JPG,6R/107MEDIA,2,Western_Leopard_Toad,0.6133,415.9,337.0,566.5,486.9
/srv/shared_leopard_toad/2025/Documents/06.10-13.10.2025/6R/107MEDIA/DSCF0711.JPG,DSCF0711.JPG,6R/107MEDIA,2,Western_Leopard_Toad,0.9219,418.7,335.0,565.6,485.2
/srv/shared_leopard_toad/2025/Documents/06.10-13.10.2025/6R/107MEDIA/DSCF0563.JPG,DSCF0563.JPG,6R/107MEDIA,2,Western_Leopard_Toad,0.7070,414.7,336.0,564.4,485.7
/srv/shared_leopard_toad/2025/Documents/06.10-13.10.2025/6R/107MEDIA/DSCF0283.JPG,DSCF0283.JPG,6R/107MEDIA,2,Western_Leopard_Toad,0.6323,417.3,336.7,567.0,491.7
/srv/shared_leopard_toad/2025/Documents/06.10-13.10.2025/6R/107MEDIA/DSCF0869.JPG,DSCF0869.JPG,6R/107MEDIA,2,Western_Leopard_Toad,0.4365,416.2,336.9,566.2,486.3
/srv/shared_leopard_toad/2025/Documents/06.10-13.10.2025/6R/107MEDIA/DSCF0470.JPG,DSCF0470.JPG,6R/107MEDIA,2,Western_Leopard_Toad,0.9028,414.5,335.1,564.6,488.8
/srv/shared_leopard_toad/2025/Documents/06.10-13.10.2025/6R/107MEDIA/DSCF0710.JPG,DSCF0710.JPG,6R/107MEDIA,2,Western_Leopard_Toad,0.9004,417.0,335.0,565.4,486.7
/srv/shared_leopard_toad/2025/Documents/06.10-13.10.2025/6R/107MEDIA/DSCF0406.JPG,DSCF0406.JPG,6R/107MEDIA,2,Western_Leopard_Toad,0.8423,414.0,339.4,565.1,493.4
/srv/shared_leopard_toad/2025/Documents/06.10-13.10.2025/6R/107MEDIA/DSCF0863.JPG,DSCF0863.JPG,6R/107MEDIA,2,Western_Leopard_Toad,0.9102,415.9,335.5,568.5,488.5
/srv/shared_leopard_toad/2025/Documents/06.10-13.10.2025/6R/107MEDIA/DSCF0128.JPG,DSCF0128.JPG,6R/107MEDIA,2,Western_Leopard_Toad,0.8218,407.8,339.1,564.1,489.3
/srv/shared_leopard_toad/2025/Documents/06.10-13.10.2025/6R/107MEDIA/DSCF0265.JPG,DSCF0265.JPG,6R/107MEDIA,2,Western_Leopard_Toad,0.6479,413.4,334.2,565.7,495.7
/srv/shared_leopard_toad/2025/Documents/06.10-13.10.2025/6R/107MEDIA/DSCF0850.JPG,DSCF0850.JPG,6R/107MEDIA,2,Western_Leopard_Toad,0.9194,415.2,336.4,565.9,489.8
/srv/shared_leopard_toad/2025/Documents/06.10-13.10.2025/6R/107MEDIA/DSCF0850.JPG,DSCF0850.JPG,6R/107MEDIA,0,Other_Amphibian,0.8301,1647.4,2099.4,1780.9,2262.4
/srv/shared_leopard_toad/2025/Documents/06.10-13.10.2025/6R/107MEDIA/DSCF0850.JPG,DSCF0850.JPG,6R/107MEDIA,2,Western_Leopard_Toad,0.3755,1647.4,2099.4,1780.9,2262.4
/srv/shared_leopard_toad/2025/Documents/06.10-13.10.2025/6R/107MEDIA/DSCF0389.JPG,DSCF0389.JPG,6R/107MEDIA,2,Western_Leopard_Toad,0.7988,410.1,335.1,563.8,488.8
/srv/shared_leopard_toad/2025/Documents/06.10-13.10.2025/6R/107MEDIA/DSCF0198.JPG,DSCF0198.JPG,6R/107MEDIA,2,Western_Leopard_Toad,0.5483,412.8,336.6,566.3,490.3
/srv/shared_leopard_toad/2025/Documents/06.10-13.10.2025/6R/107MEDIA/DSCF0379.JPG,DSCF0379.JPG,6R/107MEDIA,2,Western_Leopard_Toad,0.8955,411.6,338.6,564.2,492.0
/srv/shared_leopard_toad/2025/Documents/06.10-13.10.2025/6R/107MEDIA/DSCF0570.JPG,DSCF0570.JPG,6R/107MEDIA,2,Western_Leopard_Toad,0.8838,415.4,336.0,567.0,485.7
/srv/shared_leopard_toad/2025/Documents/06.10-13.10.2025/6R/107MEDIA/DSCF0785.JPG,DSCF0785.JPG,6R/107MEDIA,2,Western_Leopard_Toad,0.9263,411.6,335.0,565.6,483.0
/srv/shared_leopard_toad/2025/Documents/06.10-13.10.2025/6R/107MEDIA/DSCF0785.JPG,DSCF0785.JPG,6R/107MEDIA,0,Other_Amphibian,0.5596,619.5,2590.8,744.2,2721.9
/srv/shared_leopard_toad/2025/Documents/06.10-13.10.2025/6R/107MEDIA/DSCF0073.JPG,DSCF0073.JPG,6R/107MEDIA,2,Western_Leopard_Toad,0.2632,411.8,337.8,562.1,488.3
/srv/shared_leopard_toad/2025/Documents/06.10-13.10.2025/6R/107MEDIA/DSCF0999.JPG,DSCF0999.JPG,6R/107MEDIA,2,Western_Leopard_Toad,0.9321,413.7,334.9,563.4,486.8
/srv/shared_leopard_toad/2025/Documents/06.10-13.10.2025/6R/107MEDIA/DSCF0183.JPG,DSCF0183.JPG,6R/107MEDIA,2,Western_Leopard_Toad,0.4788,413.0,336.7,566.1,490.1
/srv/shared_leopard_toad/2025/Documents/06.10-13.10.2025/6R/107MEDIA/DSCF0687.JPG,DSCF0687.JPG,6R/107MEDIA,2,Western_Leopard_Toad,0.9272,418.0,336.0,566.3,485.7
/srv/shared_leopard_toad/2025/Documents/06.10-13.10.2025/6R/107MEDIA/DSCF0894.JPG,DSCF0894.JPG,6R/107MEDIA,2,Western_Leopard_Toad,0.9028,414.3,334.6,568.1,487.1
/srv/shared_leopard_toad/2025/Documents/06.10-13.10.2025/6R/107MEDIA/DSCF0370.JPG,DSCF0370.JPG,6R/107MEDIA,2,Western_Leopard_Toad,0.7588,412.4,336.8,566.7,491.6
/srv/shared_leopard_toad/2025/Documents/06.10-13.10.2025/6R/107MEDIA/DSCF0289.JPG,DSCF0289.JPG,6R/107MEDIA,2,Western_Leopard_Toad,0.8916,413.0,337.4,566.1,484.3
/srv/shared_leopard_toad/2025/Documents/06.10-13.10.2025/6R/107MEDIA/DSCF0718.JPG,DSCF0718.JPG,6R/107MEDIA,2,Western_Leopard_Toad,0.4329,417.0,337.3,564.1,488.1
/srv/shared_leopard_toad/2025/Documents/06.10-13.10.2025/6R/107MEDIA/DSCF0726.JPG,DSCF0726.JPG,6R/107MEDIA,2,Western_Leopard_Toad,0.8638,412.7,336.6,564.4,485.1
/srv/shared_leopard_toad/2025/Documents/06.10-13.10.2025/6R/107MEDIA/DSCF0783.JPG,DSCF0783.JPG,6R/107MEDIA,2,Western_Leopard_Toad,0.8735,413.3,336.6,563.9,488.8
/srv/shared_leopard_toad/2025/Documents/06.10-13.10.2025/6R/107MEDIA/DSCF0440.JPG,DSCF0440.JPG,6R/107MEDIA,2,Western_Leopard_Toad,0.6084,411.4,339.8,565.7,490.0
/srv/shared_leopard_toad/2025/Documents/06.10-13.10.2025/6R/107MEDIA/DSCF0857.JPG,DSCF0857.JPG,6R/107MEDIA,2,Western_Leopard_Toad,0.7930,415.8,337.7,566.6,484.0
/srv/shared_leopard_toad/2025/Documents/06.10-13.10.2025/6R/107MEDIA/DSCF0703.JPG,DSCF0703.JPG,6R/107MEDIA,2,Western_Leopard_Toad,0.9360,420.0,336.7,564.4,485.0
/srv/shared_leopard_toad/2025/Documents/06.10-13.10.2025/6R/107MEDIA/DSCF0779.JPG,DSCF0779.JPG,6R/107MEDIA,2,Western_Leopard_Toad,0.7715,414.0,336.0,565.1,487.9
/srv/shared_leopard_toad/2025/Documents/06.10-13.10.2025/6R/107MEDIA/DSCF0881.JPG,DSCF0881.JPG,6R/107MEDIA,2,Western_Leopard_Toad,0.8945,415.2,337.5,567.2,481.2
/srv/shared_leopard_toad/2025/Documents/06.10-13.10.2025/6R/107MEDIA/DSCF0075.JPG,DSCF0075.JPG,6R/107MEDIA,2,Western_Leopard_Toad,0.5352,411.7,336.8,565.4,497.4
/srv/shared_leopard_toad/2025/Documents/06.10-13.10.2025/6R/107MEDIA/DSCF0571.JPG,DSCF0571.JPG,6R/107MEDIA,2,Western_Leopard_Toad,0.7974,418.2,336.3,566.2,485.4
/srv/shared_leopard_toad/2025/Documents/06.10-13.10.2025/6R/107MEDIA/DSCF0958.JPG,DSCF0958.JPG,6R/107MEDIA,2,Western_Leopard_Toad,0.2637,418.8,334.0,568.8,487.7
/srv/shared_leopard_toad/2025/Documents/06.10-13.10.2025/6R/107MEDIA/DSCF0375.JPG,DSCF0375.JPG,6R/107MEDIA,2,Western_Leopard_Toad,0.2944,413.6,338.8,565.6,494.7
/srv/shared_leopard_toad/2025/Documents/06.10-13.10.2025/6R/107MEDIA/DSCF0929.JPG,DSCF0929.JPG,6R/107MEDIA,2,Western_Leopard_Toad,0.9326,412.1,335.7,565.0,486.0
/srv/shared_leopard_toad/2025/Documents/06.10-13.10.2025/6R/107MEDIA/DSCF0337.JPG,DSCF0337.JPG,6R/107MEDIA,2,Western_Leopard_Toad,0.9038,3435.1,1078.5,3615.7,1247.0
/srv/shared_leopard_toad/2025/Documents/06.10-13.10.2025/6R/107MEDIA/DSCF0337.JPG,DSCF0337.JPG,6R/107MEDIA,2,Western_Leopard_Toad,0.8301,412.7,338.3,564.4,495.9
/srv/shared_leopard_toad/2025/Documents/06.10-13.10.2025/6R/107MEDIA/DSCF0337.JPG,DSCF0337.JPG,6R/107MEDIA,0,Other_Amphibian,0.3113,3435.1,1078.5,3615.7,1247.0
/srv/shared_leopard_toad/2025/Documents/06.10-13.10.2025/6R/107MEDIA/DSCF0639.JPG,DSCF0639.JPG,6R/107MEDIA,2,Western_Leopard_Toad,0.7744,418.0,335.0,568.3,486.7
/srv/shared_leopard_toad/2025/Documents/06.10-13.10.2025/6R/107MEDIA/DSCF0104.JPG,DSCF0104.JPG,6R/107MEDIA,2,Western_Leopard_Toad,0.7827,412.6,336.2,564.6,489.2
/srv/shared_leopard_toad/2025/Documents/06.10-13.10.2025/6R/107MEDIA/DSCF0316.JPG,DSCF0316.JPG,6R/107MEDIA,2,Western_Leopard_Toad,0.8354,413.3,338.4,563.9,493.7
/srv/shared_leopard_toad/2025/Documents/06.10-13.10.2025/6R/107MEDIA/DSCF0043.JPG,DSCF0043.JPG,6R/107MEDIA,2,Western_Leopard_Toad,0.4622,404.9,334.9,574.2,504.6
/srv/shared_leopard_toad/2025/Documents/06.10-13.10.2025/6R/107MEDIA/DSCF0275.JPG,DSCF0275.JPG,6R/107MEDIA,2,Western_Leopard_Toad,0.9048,413.2,336.0,564.0,496.8
/srv/shared_leopard_toad/2025/Documents/06.10-13.10.2025/6R/107MEDIA/DSCF0245.JPG,DSCF0245.JPG,6R/107MEDIA,2,Western_Leopard_Toad,0.7358,415.1,335.5,566.0,491.4
/srv/shared_leopard_toad/2025/Documents/06.10-13.10.2025/6R/107MEDIA/DSCF0603.JPG,DSCF0603.JPG,6R/107MEDIA,2,Western_Leopard_Toad,0.6240,412.9,336.9,564.3,486.3
/srv/shared_leopard_toad/2025/Documents/06.10-13.10.2025/6R/107MEDIA/DSCF0492.JPG,DSCF0492.JPG,6R/107MEDIA,2,Western_Leopard_Toad,0.7241,412.7,335.0,566.4,488.9
/srv/shared_leopard_toad/2025/Documents/06.10-13.10.2025/6R/107MEDIA/DSCF0530.JPG,DSCF0530.JPG,6R/107MEDIA,2,Western_Leopard_Toad,0.8550,412.4,335.5,564.7,484.7
/srv/shared_leopard_toad/2025/Documents/06.10-13.10.2025/6R/107MEDIA/DSCF0654.JPG,DSCF0654.JPG,6R/107MEDIA,2,Western_Leopard_Toad,0.9263,415.7,333.7,565.4,483.6
/srv/shared_leopard_toad/2025/Documents/06.10-13.10.2025/6R/107MEDIA/DSCF0887.JPG,DSCF0887.JPG,6R/107MEDIA,2,Western_Leopard_Toad,0.9380,414.5,336.8,567.9,484.9
/srv/shared_leopard_toad/2025/Documents/06.10-13.10.2025/6R/107MEDIA/DSCF0521.JPG,DSCF0521.JPG,6R/107MEDIA,2,Western_Leopard_Toad,0.7163,414.0,334.8,565.1,482.5
/srv/shared_leopard_toad/2025/Documents/06.10-13.10.2025/6R/107MEDIA/DSCF0132.JPG,DSCF0132.JPG,6R/107MEDIA,0,Other_Amphibian,0.7598,547.9,2629.5,705.5,2786.6
/srv/shared_leopard_toad/2025/Documents/06.10-13.10.2025/6R/107MEDIA/DSCF0132.JPG,DSCF0132.JPG,6R/107MEDIA,2,Western_Leopard_Toad,0.4558,410.8,336.6,566.3,494.0
/srv/shared_leopard_toad/2025/Documents/06.10-13.10.2025/6R/107MEDIA/DSCF0457.JPG,DSCF0457.JPG,6R/107MEDIA,2,Western_Leopard_Toad,0.3008,410.5,337.8,565.4,492.0
/srv/shared_leopard_toad/2025/Documents/06.10-13.10.2025/6R/107MEDIA/DSCF0126.JPG,DSCF0126.JPG,6R/107MEDIA,2,Western_Leopard_Toad,0.7876,407.6,340.4,564.3,493.1
/srv/shared_leopard_toad/2025/Documents/06.10-13.10.2025/6R/107MEDIA/DSCF0971.JPG,DSCF0971.JPG,6R/107MEDIA,2,Western_Leopard_Toad,0.8232,419.1,334.8,565.2,486.9
/srv/shared_leopard_toad/2025/Documents/06.10-13.10.2025/6R/107MEDIA/DSCF0954.JPG,DSCF0954.JPG,6R/107MEDIA,2,Western_Leopard_Toad,0.5977,415.7,337.7,566.8,487.7
/srv/shared_leopard_toad/2025/Documents/06.10-13.10.2025/6R/107MEDIA/DSCF0093.JPG,DSCF0093.JPG,6R/107MEDIA,2,Western_Leopard_Toad,0.5415,412.4,337.8,566.7,494.3
/srv/shared_leopard_toad/2025/Documents/06.10-13.10.2025/6R/107MEDIA/DSCF0355.JPG,DSCF0355.JPG,6R/107MEDIA,2,Western_Leopard_Toad,0.9082,412.4,337.6,564.7,494.4
/srv/shared_leopard_toad/2025/Documents/06.10-13.10.2025/6R/107MEDIA/DSCF0083.JPG,DSCF0083.JPG,6R/107MEDIA,2,Western_Leopard_Toad,0.7573,413.2,336.8,562.7,493.0
/srv/shared_leopard_toad/2025/Documents/06.10-13.10.2025/6R/107MEDIA/DSCF0535.JPG,DSCF0535.JPG,6R/107MEDIA,2,Western_Leopard_Toad,0.8086,411.7,337.7,565.4,487.7
/srv/shared_leopard_toad/2025/Documents/06.10-13.10.2025/6R/107MEDIA/DSCF0285.JPG,DSCF0285.JPG,6R/107MEDIA,2,Western_Leopard_Toad,0.7666,412.8,337.9,566.3,495.6
/srv/shared_leopard_toad/2025/Documents/06.10-13.10.2025/6R/107MEDIA/DSCF0787.JPG,DSCF0787.JPG,6R/107MEDIA,2,Western_Leopard_Toad,0.9429,413.3,334.6,565.9,489.3
/srv/shared_leopard_toad/2025/Documents/06.10-13.10.2025/6R/107MEDIA/DSCF0199.JPG,DSCF0199.JPG,6R/107MEDIA,2,Western_Leopard_Toad,0.6367,416.0,337.7,565.1,492.2
/srv/shared_leopard_toad/2025/Documents/06.10-13.10.2025/6R/107MEDIA/DSCF0517.JPG,DSCF0517.JPG,6R/107MEDIA,2,Western_Leopard_Toad,0.8652,412.8,338.2,566.3,487.9
/srv/shared_leopard_toad/2025/Documents/06.10-13.10.2025/6R/107MEDIA/DSCF0281.JPG,DSCF0281.JPG,6R/107MEDIA,2,Western_Leopard_Toad,0.7026,413.0,336.6,566.1,490.3
/srv/shared_leopard_toad/2025/Documents/06.10-13.10.2025/6R/107MEDIA/DSCF0614.JPG,DSCF0614.JPG,6R/107MEDIA,2,Western_Leopard_Toad,0.7256,407.8,336.5,564.1,486.7
/srv/shared_leopard_toad/2025/Documents/06.10-13.10.2025/6R/107MEDIA/DSCF0674.JPG,DSCF0674.JPG,6R/107MEDIA,2,Western_Leopard_Toad,0.8750,419.3,336.2,565.1,489.2
/srv/shared_leopard_toad/2025/Documents/06.10-13.10.2025/6R/107MEDIA/DSCF0597.JPG,DSCF0597.JPG,6R/107MEDIA,2,Western_Leopard_Toad,0.9048,416.4,334.6,564.7,484.9
/srv/shared_leopard_toad/2025/Documents/06.10-13.10.2025/6R/107MEDIA/DSCF0715.JPG,DSCF0715.JPG,6R/107MEDIA,2,Western_Leopard_Toad,0.9004,420.7,335.1,567.0,481.5
/srv/shared_leopard_toad/2025/Documents/06.10-13.10.2025/6R/107MEDIA/DSCF0673.JPG,DSCF0673.JPG,6R/107MEDIA,2,Western_Leopard_Toad,0.9170,417.3,336.0,565.1,485.7
/srv/shared_leopard_toad/2025/Documents/06.10-13.10.2025/6R/107MEDIA/DSCF0255.JPG,DSCF0255.JPG,6R/107MEDIA,2,Western_Leopard_Toad,0.2676,416.0,338.6,568.4,488.3
/srv/shared_leopard_toad/2025/Documents/06.10-13.10.2025/6R/107MEDIA/DSCF0477.JPG,DSCF0477.JPG,6R/107MEDIA,2,Western_Leopard_Toad,0.5220,410.6,338.2,565.2,490.1
/srv/shared_leopard_toad/2025/Documents/06.10-13.10.2025/6R/107MEDIA/DSCF0166.JPG,DSCF0166.JPG,6R/107MEDIA,2,Western_Leopard_Toad,0.9180,415.5,336.9,566.9,489.9
/srv/shared_leopard_toad/2025/Documents/06.10-13.10.2025/6R/107MEDIA/DSCF0441.JPG,DSCF0441.JPG,6R/107MEDIA,2,Western_Leopard_Toad,0.2798,415.5,339.9,565.6,492.9
/srv/shared_leopard_toad/2025/Documents/06.10-13.10.2025/6R/107MEDIA/DSCF0810.JPG,DSCF0810.JPG,6R/107MEDIA,2,Western_Leopard_Toad,0.8594,417.7,334.8,566.6,486.9
/srv/shared_leopard_toad/2025/Documents/06.10-13.10.2025/6R/107MEDIA/DSCF0976.JPG,DSCF0976.JPG,6R/107MEDIA,2,Western_Leopard_Toad,0.8657,414.5,337.3,564.6,486.7
/srv/shared_leopard_toad/2025/Documents/06.10-13.10.2025/6R/107MEDIA/DSCF0814.JPG,DSCF0814.JPG,6R/107MEDIA,2,Western_Leopard_Toad,0.8115,416.0,337.4,563.1,486.5
/srv/shared_leopard_toad/2025/Documents/06.10-13.10.2025/6R/107MEDIA/DSCF0698.JPG,DSCF0698.JPG,6R/107MEDIA,2,Western_Leopard_Toad,0.8618,413.8,334.3,568.6,485.9
/srv/shared_leopard_toad/2025/Documents/06.10-13.10.2025/6R/107MEDIA/DSCF0475.JPG,DSCF0475.JPG,6R/107MEDIA,2,Western_Leopard_Toad,0.7720,412.0,337.6,565.2,494.4
/srv/shared_leopard_toad/2025/Documents/06.10-13.10.2025/6R/107MEDIA/DSCF0219.JPG,DSCF0219.JPG,6R/107MEDIA,2,Western_Leopard_Toad,0.8203,416.1,337.1,566.3,492.7
/srv/shared_leopard_toad/2025/Documents/06.10-13.10.2025/6R/107MEDIA/DSCF0737.JPG,DSCF0737.JPG,6R/107MEDIA,2,Western_Leopard_Toad,0.9277,418.4,336.8,567.9,482.7
/srv/shared_leopard_toad/2025/Documents/06.10-13.10.2025/6R/107MEDIA/DSCF0330.JPG,DSCF0330.JPG,6R/107MEDIA,2,Western_Leopard_Toad,0.8979,410.5,338.0,563.4,496.3
/srv/shared_leopard_toad/2025/Documents/06.10-13.10.2025/6R/107MEDIA/DSCF0428.JPG,DSCF0428.JPG,6R/107MEDIA,2,Western_Leopard_Toad,0.9121,411.1,338.1,566.0,491.7
/srv/shared_leopard_toad/2025/Documents/06.10-13.10.2025/6R/107MEDIA/DSCF0749.JPG,DSCF0749.JPG,6R/107MEDIA,2,Western_Leopard_Toad,0.8779,415.8,334.6,565.3,487.1
/srv/shared_leopard_toad/2025/Documents/06.10-13.10.2025/6R/107MEDIA/DSCF0684.JPG,DSCF0684.JPG,6R/107MEDIA,2,Western_Leopard_Toad,0.9009,416.5,336.3,565.9,485.4
/srv/shared_leopard_toad/2025/Documents/06.10-13.10.2025/6R/107MEDIA/DSCF0546.JPG,DSCF0546.JPG,6R/107MEDIA,2,Western_Leopard_Toad,0.6914,414.5,337.5,564.6,490.9
/srv/shared_leopard_toad/2025/Documents/06.10-13.10.2025/6R/107MEDIA/DSCF0177.JPG,DSCF0177.JPG,6R/107MEDIA,2,Western_Leopard_Toad,0.8511,415.8,338.8,566.6,491.0
/srv/shared_leopard_toad/2025/Documents/06.10-13.10.2025/6R/107MEDIA/DSCF0296.JPG,DSCF0296.JPG,6R/107MEDIA,2,Western_Leopard_Toad,0.7427,413.4,337.3,563.7,495.5
/srv/shared_leopard_toad/2025/Documents/06.10-13.10.2025/6R/107MEDIA/DSCF0427.JPG,DSCF0427.JPG,6R/107MEDIA,2,Western_Leopard_Toad,0.8022,413.3,337.5,563.9,494.6
/srv/shared_leopard_toad/2025/Documents/06.10-13.10.2025/6R/107MEDIA/DSCF0743.JPG,DSCF0743.JPG,6R/107MEDIA,2,Western_Leopard_Toad,0.9067,415.7,337.4,563.4,485.7
/srv/shared_leopard_toad/2025/Documents/06.10-13.10.2025/6R/107MEDIA/DSCF0046.JPG,DSCF0046.JPG,6R/107MEDIA,2,Western_Leopard_Toad,0.9092,406.5,329.8,567.4,498.6
/srv/shared_leopard_toad/2025/Documents/06.10-13.10.2025/6R/107MEDIA/DSCF0071.JPG,DSCF0071.JPG,6R/107MEDIA,2,Western_Leopard_Toad,0.5815,414.8,339.4,564.3,488.2
/srv/shared_leopard_toad/2025/Documents/06.10-13.10.2025/6R/107MEDIA/DSCF0437.JPG,DSCF0437.JPG,6R/107MEDIA,2,Western_Leopard_Toad,0.8652,412.6,335.3,564.6,486.4
/srv/shared_leopard_toad/2025/Documents/06.10-13.10.2025/6R/107MEDIA/DSCF0080.JPG,DSCF0080.JPG,6R/107MEDIA,2,Western_Leopard_Toad,0.3860,413.0,338.5,564.1,488.4
/srv/shared_leopard_toad/2025/Documents/06.10-13.10.2025/6R/107MEDIA/DSCF0694.JPG,DSCF0694.JPG,6R/107MEDIA,2,Western_Leopard_Toad,0.8945,416.9,335.0,565.5,486.7
/srv/shared_leopard_toad/2025/Documents/06.10-13.10.2025/6R/107MEDIA/DSCF0598.JPG,DSCF0598.JPG,6R/107MEDIA,2,Western_Leopard_Toad,0.8682,414.4,334.3,566.7,487.4
/srv/shared_leopard_toad/2025/Documents/06.10-13.10.2025/6R/107MEDIA/DSCF0905.JPG,DSCF0905.JPG,6R/107MEDIA,2,Western_Leopard_Toad,0.8115,3647.6,2553.0,3844.1,2724.3
/srv/shared_leopard_toad/2025/Documents/06.10-13.10.2025/6R/107MEDIA/DSCF0905.JPG,DSCF0905.JPG,6R/107MEDIA,0,Other_Amphibian,0.5767,3647.6,2553.0,3844.1,2724.3
/srv/shared_leopard_toad/2025/Documents/06.10-13.10.2025/6R/107MEDIA/DSCF0905.JPG,DSCF0905.JPG,6R/107MEDIA,2,Western_Leopard_Toad,0.3015,415.5,336.0,565.6,487.9
/srv/shared_leopard_toad/2025/Documents/06.10-13.10.2025/6R/107MEDIA/DSCF0306.JPG,DSCF0306.JPG,6R/107MEDIA,2,Western_Leopard_Toad,0.9248,414.0,337.5,565.1,494.6
/srv/shared_leopard_toad/2025/Documents/06.10-13.10.2025/6R/107MEDIA/DSCF0131.JPG,DSCF0131.JPG,6R/107MEDIA,2,Western_Leopard_Toad,0.8403,412.1,337.5,565.0,490.9
/srv/shared_leopard_toad/2025/Documents/06.10-13.10.2025/6R/107MEDIA/DSCF0473.JPG,DSCF0473.JPG,6R/107MEDIA,2,Western_Leopard_Toad,0.8711,413.4,337.3,563.7,488.1
/srv/shared_leopard_toad/2025/Documents/06.10-13.10.2025/6R/107MEDIA/DSCF0176.JPG,DSCF0176.JPG,6R/107MEDIA,2,Western_Leopard_Toad,0.6084,409.9,337.9,566.0,489.8
/srv/shared_leopard_toad/2025/Documents/06.10-13.10.2025/6R/107MEDIA/DSCF0932.JPG,DSCF0932.JPG,6R/107MEDIA,2,Western_Leopard_Toad,0.9346,413.1,336.1,566.0,485.6
/srv/shared_leopard_toad/2025/Documents/06.10-13.10.2025/6R/107MEDIA/DSCF0498.JPG,DSCF0498.JPG,6R/107MEDIA,2,Western_Leopard_Toad,0.8208,412.5,339.1,566.6,487.1
/srv/shared_leopard_toad/2025/Documents/06.10-13.10.2025/6R/107MEDIA/DSCF0212.JPG,DSCF0212.JPG,6R/107MEDIA,2,Western_Leopard_Toad,0.8862,413.1,336.5,566.0,493.3
/srv/shared_leopard_toad/2025/Documents/06.10-13.10.2025/6R/107MEDIA/DSCF0928.JPG,DSCF0928.JPG,6R/107MEDIA,2,Western_Leopard_Toad,0.8564,415.8,335.9,565.3,482.8
/srv/shared_leopard_toad/2025/Documents/06.10-13.10.2025/6R/107MEDIA/DSCF0960.JPG,DSCF0960.JPG,6R/107MEDIA,0,Other_Amphibian,0.7168,1526.1,1028.8,1686.9,1215.6
/srv/shared_leopard_toad/2025/Documents/06.10-13.10.2025/6R/107MEDIA/DSCF0960.JPG,DSCF0960.JPG,6R/107MEDIA,2,Western_Leopard_Toad,0.6089,412.5,337.7,566.6,486.3
/srv/shared_leopard_toad/2025/Documents/06.10-13.10.2025/6R/107MEDIA/DSCF0960.JPG,DSCF0960.JPG,6R/107MEDIA,0,Other_Amphibian,0.2654,2646.4,319.4,2740.1,419.6
/srv/shared_leopard_toad/2025/Documents/06.10-13.10.2025/6R/107MEDIA/DSCF0102.JPG,DSCF0102.JPG,6R/107MEDIA,2,Western_Leopard_Toad,0.8237,414.1,338.1,563.0,491.7
/srv/shared_leopard_toad/2025/Documents/06.10-13.10.2025/6R/107MEDIA/DSCF0770.JPG,DSCF0770.JPG,6R/107MEDIA,2,Western_Leopard_Toad,0.8853,415.2,334.5,565.9,485.0
/srv/shared_leopard_toad/2025/Documents/06.10-13.10.2025/6R/107MEDIA/DSCF0413.JPG,DSCF0413.JPG,6R/107MEDIA,2,Western_Leopard_Toad,0.4944,413.8,339.1,568.6,493.0
/srv/shared_leopard_toad/2025/Documents/06.10-13.10.2025/6R/107MEDIA/DSCF0438.JPG,DSCF0438.JPG,6R/107MEDIA,2,Western_Leopard_Toad,0.8345,413.8,337.9,565.3,495.6
/srv/shared_leopard_toad/2025/Documents/06.10-13.10.2025/6R/107MEDIA/DSCF0453.JPG,DSCF0453.JPG,6R/107MEDIA,2,Western_Leopard_Toad,0.6479,414.0,339.1,565.1,493.0
/srv/shared_leopard_toad/2025/Documents/06.10-13.10.2025/6R/107MEDIA/DSCF0227.JPG,DSCF0227.JPG,6R/107MEDIA,2,Western_Leopard_Toad,0.6406,415.2,338.4,565.9,487.8
/srv/shared_leopard_toad/2025/Documents/06.10-13.10.2025/6R/107MEDIA/DSCF0054.JPG,DSCF0054.JPG,6R/107MEDIA,2,Western_Leopard_Toad,0.9448,410.5,335.9,565.4,498.3
/srv/shared_leopard_toad/2025/Documents/06.10-13.10.2025/6R/107MEDIA/DSCF0397.JPG,DSCF0397.JPG,6R/107MEDIA,2,Western_Leopard_Toad,0.9209,415.9,337.8,566.5,489.1
/srv/shared_leopard_toad/2025/Documents/06.10-13.10.2025/6R/107MEDIA/DSCF0334.JPG,DSCF0334.JPG,6R/107MEDIA,2,Western_Leopard_Toad,0.9370,412.9,335.9,564.3,496.2
/srv/shared_leopard_toad/2025/Documents/06.10-13.10.2025/6R/107MEDIA/DSCF0334.JPG,DSCF0334.JPG,6R/107MEDIA,2,Western_Leopard_Toad,0.9082,3427.8,1066.8,3602.0,1258.8
/srv/shared_leopard_toad/2025/Documents/06.10-13.10.2025/6R/107MEDIA/DSCF0481.JPG,DSCF0481.JPG,6R/107MEDIA,2,Western_Leopard_Toad,0.2786,411.7,335.8,565.4,497.0
/srv/shared_leopard_toad/2025/Documents/06.10-13.10.2025/6R/107MEDIA/DSCF0815.JPG,DSCF0815.JPG,6R/107MEDIA,2,Western_Leopard_Toad,0.9355,414.7,333.5,566.4,488.2
/srv/shared_leopard_toad/2025/Documents/06.10-13.10.2025/6R/107MEDIA/DSCF0300.JPG,DSCF0300.JPG,6R/107MEDIA,2,Western_Leopard_Toad,0.9170,415.8,338.1,566.6,491.7
/srv/shared_leopard_toad/2025/Documents/06.10-13.10.2025/6R/107MEDIA/DSCF0696.JPG,DSCF0696.JPG,6R/107MEDIA,2,Western_Leopard_Toad,0.4626,415.4,338.5,565.7,483.3
/srv/shared_leopard_toad/2025/Documents/06.10-13.10.2025/6R/107MEDIA/DSCF0136.JPG,DSCF0136.JPG,6R/107MEDIA,2,Western_Leopard_Toad,0.4888,414.5,338.7,564.6,488.1
/srv/shared_leopard_toad/2025/Documents/06.10-13.10.2025/6R/107MEDIA/DSCF0946.JPG,DSCF0946.JPG,6R/107MEDIA,2,Western_Leopard_Toad,0.8252,415.5,336.7,565.6,482.8
/srv/shared_leopard_toad/2025/Documents/06.10-13.10.2025/6R/107MEDIA/DSCF0974.JPG,DSCF0974.JPG,6R/107MEDIA,2,Western_Leopard_Toad,0.8813,417.6,335.2,566.8,483.5
/srv/shared_leopard_toad/2025/Documents/06.10-13.10.2025/6R/107MEDIA/DSCF0204.JPG,DSCF0204.JPG,6R/107MEDIA,2,Western_Leopard_Toad,0.8154,412.7,338.2,564.4,485.7
/srv/shared_leopard_toad/2025/Documents/06.10-13.10.2025/6R/107MEDIA/DSCF0122.JPG,DSCF0122.JPG,6R/107MEDIA,2,Western_Leopard_Toad,0.3577,413.0,337.0,564.1,492.8
/srv/shared_leopard_toad/2025/Documents/06.10-13.10.2025/6R/107MEDIA/DSCF0733.JPG,DSCF0733.JPG,6R/107MEDIA,2,Western_Leopard_Toad,0.7632,415.4,337.4,565.7,486.5
/srv/shared_leopard_toad/2025/Documents/06.10-13.10.2025/6R/107MEDIA/DSCF0831.JPG,DSCF0831.JPG,6R/107MEDIA,2,Western_Leopard_Toad,0.9131,413.4,334.7,565.7,485.5
/srv/shared_leopard_toad/2025/Documents/06.10-13.10.2025/6R/107MEDIA/DSCF0294.JPG,DSCF0294.JPG,6R/107MEDIA,2,Western_Leopard_Toad,0.9160,415.1,336.1,566.0,485.6
/srv/shared_leopard_toad/2025/Documents/06.10-13.10.2025/6R/107MEDIA/DSCF0276.JPG,DSCF0276.JPG,6R/107MEDIA,2,Western_Leopard_Toad,0.6162,414.5,338.1,564.6,488.1
/srv/shared_leopard_toad/2025/Documents/06.10-13.10.2025/6R/107MEDIA/DSCF0415.JPG,DSCF0415.JPG,6R/107MEDIA,2,Western_Leopard_Toad,0.9019,411.8,340.8,564.1,489.1
/srv/shared_leopard_toad/2025/Documents/06.10-13.10.2025/6R/107MEDIA/DSCF0771.JPG,DSCF0771.JPG,6R/107MEDIA,2,Western_Leopard_Toad,0.9287,415.0,334.3,564.1,483.7
/srv/shared_leopard_toad/2025/Documents/06.10-13.10.2025/6R/107MEDIA/DSCF0977.JPG,DSCF0977.JPG,6R/107MEDIA,2,Western_Leopard_Toad,0.3831,67.0,1386.1,266.5,1555.2
/srv/shared_leopard_toad/2025/Documents/06.10-13.10.2025/6R/107MEDIA/DSCF0977.JPG,DSCF0977.JPG,6R/107MEDIA,2,Western_Leopard_Toad,0.3259,408.9,337.6,565.0,485.6
/srv/shared_leopard_toad/2025/Documents/06.10-13.10.2025/6R/107MEDIA/DSCF0806.JPG,DSCF0806.JPG,6R/107MEDIA,2,Western_Leopard_Toad,0.8433,417.5,337.5,566.9,482.7
/srv/shared_leopard_toad/2025/Documents/06.10-13.10.2025/6R/107MEDIA/DSCF0142.JPG,DSCF0142.JPG,6R/107MEDIA,2,Western_Leopard_Toad,0.9170,413.3,336.8,565.9,497.4
/srv/shared_leopard_toad/2025/Documents/06.10-13.10.2025/6R/107MEDIA/DSCF0552.JPG,DSCF0552.JPG,6R/107MEDIA,2,Western_Leopard_Toad,0.8867,411.8,335.5,567.3,486.3
/srv/shared_leopard_toad/2025/Documents/06.10-13.10.2025/6R/107MEDIA/DSCF0179.JPG,DSCF0179.JPG,6R/107MEDIA,2,Western_Leopard_Toad,0.8330,416.6,337.1,565.8,484.6
/srv/shared_leopard_toad/2025/Documents/06.10-13.10.2025/6R/107MEDIA/DSCF0575.JPG,DSCF0575.JPG,6R/107MEDIA,2,Western_Leopard_Toad,0.9419,415.4,334.0,565.7,487.7
/srv/shared_leopard_toad/2025/Documents/06.10-13.10.2025/6R/107MEDIA/DSCF0066.JPG,DSCF0066.JPG,6R/107MEDIA,2,Western_Leopard_Toad,0.4783,413.1,337.0,566.0,495.8
/srv/shared_leopard_toad/2025/Documents/06.10-13.10.2025/6R/107MEDIA/DSCF0160.JPG,DSCF0160.JPG,6R/107MEDIA,2,Western_Leopard_Toad,0.9175,412.6,336.7,564.6,490.9
/srv/shared_leopard_toad/2025/Documents/06.10-13.10.2025/6R/107MEDIA/DSCF0818.JPG,DSCF0818.JPG,6R/107MEDIA,2,Western_Leopard_Toad,0.9253,415.2,332.1,567.2,486.6
/srv/shared_leopard_toad/2025/Documents/06.10-13.10.2025/6R/107MEDIA/DSCF0583.JPG,DSCF0583.JPG,6R/107MEDIA,2,Western_Leopard_Toad,0.2776,409.6,337.7,566.3,488.5
/srv/shared_leopard_toad/2025/Documents/06.10-13.10.2025/6R/107MEDIA/DSCF0452.JPG,DSCF0452.JPG,6R/107MEDIA,2,Western_Leopard_Toad,0.3545,417.5,338.1,566.9,485.8
/srv/shared_leopard_toad/2025/Documents/06.10-13.10.2025/6R/107MEDIA/DSCF0952.JPG,DSCF0952.JPG,6R/107MEDIA,2,Western_Leopard_Toad,0.6641,413.6,334.8,568.8,486.9
/srv/shared_leopard_toad/2025/Documents/06.10-13.10.2025/6R/107MEDIA/DSCF0172.JPG,DSCF0172.JPG,6R/107MEDIA,2,Western_Leopard_Toad,0.8691,413.0,337.8,564.1,492.0
/srv/shared_leopard_toad/2025/Documents/06.10-13.10.2025/6R/107MEDIA/DSCF0257.JPG,DSCF0257.JPG,6R/107MEDIA,2,Western_Leopard_Toad,0.4221,414.4,339.6,564.7,487.3
/srv/shared_leopard_toad/2025/Documents/06.10-13.10.2025/6R/107MEDIA/DSCF0382.JPG,DSCF0382.JPG,6R/107MEDIA,2,Western_Leopard_Toad,0.8701,412.3,338.3,564.9,494.5
/srv/shared_leopard_toad/2025/Documents/06.10-13.10.2025/6R/107MEDIA/DSCF0467.JPG,DSCF0467.JPG,6R/107MEDIA,2,Western_Leopard_Toad,0.4707,411.6,337.4,564.2,488.7
/srv/shared_leopard_toad/2025/Documents/06.10-13.10.2025/6R/107MEDIA/DSCF0162.JPG,DSCF0162.JPG,6R/107MEDIA,2,Western_Leopard_Toad,0.8975,414.0,336.8,563.1,493.0
/srv/shared_leopard_toad/2025/Documents/06.10-13.10.2025/6R/107MEDIA/DSCF0274.JPG,DSCF0274.JPG,6R/107MEDIA,2,Western_Leopard_Toad,0.9087,415.1,336.5,566.0,493.3
/srv/shared_leopard_toad/2025/Documents/06.10-13.10.2025/6R/107MEDIA/DSCF0259.JPG,DSCF0259.JPG,6R/107MEDIA,2,Western_Leopard_Toad,0.7676,413.2,337.2,564.0,488.2
/srv/shared_leopard_toad/2025/Documents/06.10-13.10.2025/6R/107MEDIA/DSCF0797.JPG,DSCF0797.JPG,6R/107MEDIA,2,Western_Leopard_Toad,0.8218,413.3,339.4,565.9,488.2
/srv/shared_leopard_toad/2025/Documents/06.10-13.10.2025/6R/107MEDIA/DSCF0665.JPG,DSCF0665.JPG,6R/107MEDIA,2,Western_Leopard_Toad,0.8462,417.5,335.3,566.9,486.4
/srv/shared_leopard_toad/2025/Documents/06.10-13.10.2025/6R/107MEDIA/DSCF0630.JPG,DSCF0630.JPG,6R/107MEDIA,2,Western_Leopard_Toad,0.6338,417.5,338.2,564.9,485.7
/srv/shared_leopard_toad/2025/Documents/06.10-13.10.2025/6R/107MEDIA/DSCF0776.JPG,DSCF0776.JPG,6R/107MEDIA,2,Western_Leopard_Toad,0.9155,414.0,336.4,565.1,485.3
/srv/shared_leopard_toad/2025/Documents/06.10-13.10.2025/6R/107MEDIA/DSCF0957.JPG,DSCF0957.JPG,6R/107MEDIA,2,Western_Leopard_Toad,0.8955,410.5,336.2,565.4,484.0
/srv/shared_leopard_toad/2025/Documents/06.10-13.10.2025/6R/107MEDIA/DSCF0557.JPG,DSCF0557.JPG,6R/107MEDIA,2,Western_Leopard_Toad,0.3726,416.1,339.1,565.0,489.3
/srv/shared_leopard_toad/2025/Documents/06.10-13.10.2025/6R/107MEDIA/DSCF0766.JPG,DSCF0766.JPG,6R/107MEDIA,2,Western_Leopard_Toad,0.9199,414.8,337.7,567.7,482.5
/srv/shared_leopard_toad/2025/Documents/06.10-13.10.2025/6R/107MEDIA/DSCF0496.JPG,DSCF0496.JPG,6R/107MEDIA,2,Western_Leopard_Toad,0.6714,413.4,337.9,565.7,489.8
/srv/shared_leopard_toad/2025/Documents/06.10-13.10.2025/6R/107MEDIA/DSCF0995.JPG,DSCF0995.JPG,6R/107MEDIA,2,Western_Leopard_Toad,0.8325,415.4,335.2,565.7,483.5
/srv/shared_leopard_toad/2025/Documents/06.10-13.10.2025/6R/107MEDIA/DSCF0269.JPG,DSCF0269.JPG,6R/107MEDIA,2,Western_Leopard_Toad,0.8481,415.2,336.4,565.9,497.9
/srv/shared_leopard_toad/2025/Documents/06.10-13.10.2025/6R/107MEDIA/DSCF0434.JPG,DSCF0434.JPG,6R/107MEDIA,2,Western_Leopard_Toad,0.7480,419.9,336.5,566.5,490.4
/srv/shared_leopard_toad/2025/Documents/06.10-13.10.2025/6R/107MEDIA/DSCF0159.JPG,DSCF0159.JPG,6R/107MEDIA,2,Western_Leopard_Toad,0.7500,411.8,338.0,565.3,494.8
/srv/shared_leopard_toad/2025/Documents/06.10-13.10.2025/6R/107MEDIA/DSCF0313.JPG,DSCF0313.JPG,6R/107MEDIA,2,Western_Leopard_Toad,0.9136,413.5,337.1,567.6,497.1
/srv/shared_leopard_toad/2025/Documents/06.10-13.10.2025/6R/107MEDIA/DSCF0297.JPG,DSCF0297.JPG,6R/107MEDIA,2,Western_Leopard_Toad,0.9072,410.9,339.4,564.9,490.4
/srv/shared_leopard_toad/2025/Documents/06.10-13.10.2025/6R/107MEDIA/DSCF0719.JPG,DSCF0719.JPG,6R/107MEDIA,2,Western_Leopard_Toad,0.8896,414.5,333.2,564.6,484.0
/srv/shared_leopard_toad/2025/Documents/06.10-13.10.2025/6R/107MEDIA/DSCF0424.JPG,DSCF0424.JPG,6R/107MEDIA,2,Western_Leopard_Toad,0.7793,414.7,338.0,566.4,487.4
/srv/shared_leopard_toad/2025/Documents/06.10-13.10.2025/6R/107MEDIA/DSCF0170.JPG,DSCF0170.JPG,6R/107MEDIA,2,Western_Leopard_Toad,0.7275,413.1,336.8,566.0,491.6
/srv/shared_leopard_toad/2025/Documents/06.10-13.10.2025/6R/107MEDIA/DSCF0897.JPG,DSCF0897.JPG,6R/107MEDIA,2,Western_Leopard_Toad,0.8687,414.3,335.3,566.8,484.2
/srv/shared_leopard_toad/2025/Documents/06.10-13.10.2025/6R/107MEDIA/DSCF0352.JPG,DSCF0352.JPG,6R/107MEDIA,2,Western_Leopard_Toad,0.8926,415.1,337.5,564.0,490.9
/srv/shared_leopard_toad/2025/Documents/06.10-13.10.2025/6R/107MEDIA/DSCF0628.JPG,DSCF0628.JPG,6R/107MEDIA,2,Western_Leopard_Toad,0.8672,412.1,335.0,563.8,485.2
/srv/shared_leopard_toad/2025/Documents/06.10-13.10.2025/6R/107MEDIA/DSCF0793.JPG,DSCF0793.JPG,6R/107MEDIA,2,Western_Leopard_Toad,0.9067,415.0,333.9,567.4,484.1
/srv/shared_leopard_toad/2025/Documents/06.10-13.10.2025/6R/107MEDIA/DSCF0879.JPG,DSCF0879.JPG,6R/107MEDIA,2,Western_Leopard_Toad,0.8965,412.7,336.8,564.4,484.9
/srv/shared_leopard_toad/2025/Documents/06.10-13.10.2025/6R/107MEDIA/DSCF0646.JPG,DSCF0646.JPG,6R/107MEDIA,2,Western_Leopard_Toad,0.8457,416.5,334.9,565.9,486.8
/srv/shared_leopard_toad/2025/Documents/06.10-13.10.2025/6R/107MEDIA/DSCF0859.JPG,DSCF0859.JPG,6R/107MEDIA,2,Western_Leopard_Toad,0.5137,417.2,337.1,567.2,486.8
/srv/shared_leopard_toad/2025/Documents/06.10-13.10.2025/6R/107MEDIA/DSCF0547.JPG,DSCF0547.JPG,6R/107MEDIA,2,Western_Leopard_Toad,0.5620,411.8,338.0,562.1,488.8
/srv/shared_leopard_toad/2025/Documents/06.10-13.10.2025/6R/107MEDIA/DSCF0321.JPG,DSCF0321.JPG,6R/107MEDIA,2,Western_Leopard_Toad,0.8989,414.1,336.3,567.0,489.1
/srv/shared_leopard_toad/2025/Documents/06.10-13.10.2025/6R/107MEDIA/DSCF0919.JPG,DSCF0919.JPG,6R/107MEDIA,2,Western_Leopard_Toad,0.8589,414.4,333.5,566.7,486.0
/srv/shared_leopard_toad/2025/Documents/06.10-13.10.2025/6R/107MEDIA/DSCF0845.JPG,DSCF0845.JPG,6R/107MEDIA,2,Western_Leopard_Toad,0.9302,418.0,334.8,566.3,482.5
/srv/shared_leopard_toad/2025/Documents/06.10-13.10.2025/6R/107MEDIA/DSCF0751.JPG,DSCF0751.JPG,6R/107MEDIA,2,Western_Leopard_Toad,0.8813,416.5,335.3,567.9,485.0
/srv/shared_leopard_toad/2025/Documents/06.10-13.10.2025/6R/107MEDIA/DSCF0578.JPG,DSCF0578.JPG,6R/107MEDIA,2,Western_Leopard_Toad,0.3589,414.7,337.7,562.4,486.3
/srv/shared_leopard_toad/2025/Documents/06.10-13.10.2025/6R/107MEDIA/DSCF0847.JPG,DSCF0847.JPG,6R/107MEDIA,2,Western_Leopard_Toad,0.9316,415.5,336.6,566.9,485.1
/srv/shared_leopard_toad/2025/Documents/06.10-13.10.2025/6R/107MEDIA/DSCF0803.JPG,DSCF0803.JPG,6R/107MEDIA,2,Western_Leopard_Toad,0.9146,415.1,334.1,566.0,485.4
/srv/shared_leopard_toad/2025/Documents/06.10-13.10.2025/6R/107MEDIA/DSCF0228.JPG,DSCF0228.JPG,6R/107MEDIA,2,Western_Leopard_Toad,0.8228,408.4,337.5,563.6,490.9
/srv/shared_leopard_toad/2025/Documents/06.10-13.10.2025/6R/107MEDIA/DSCF0253.JPG,DSCF0253.JPG,6R/107MEDIA,2,Western_Leopard_Toad,0.9209,412.6,337.3,564.6,489.5
/srv/shared_leopard_toad/2025/Documents/06.10-13.10.2025/6R/107MEDIA/DSCF0218.JPG,DSCF0218.JPG,6R/107MEDIA,2,Western_Leopard_Toad,0.7368,414.3,338.2,564.9,488.7
/srv/shared_leopard_toad/2025/Documents/06.10-13.10.2025/6R/107MEDIA/DSCF0435.JPG,DSCF0435.JPG,6R/107MEDIA,2,Western_Leopard_Toad,0.9385,410.2,337.9,565.7,492.7
/srv/shared_leopard_toad/2025/Documents/06.10-13.10.2025/6R/107MEDIA/DSCF0819.JPG,DSCF0819.JPG,6R/107MEDIA,2,Western_Leopard_Toad,0.8882,415.0,338.7,564.1,488.9
/srv/shared_leopard_toad/2025/Documents/06.10-13.10.2025/6R/107MEDIA/DSCF0680.JPG,DSCF0680.JPG,6R/107MEDIA,2,Western_Leopard_Toad,0.6323,416.5,337.7,565.9,484.0
/srv/shared_leopard_toad/2025/Documents/06.10-13.10.2025/6R/107MEDIA/DSCF0260.JPG,DSCF0260.JPG,6R/107MEDIA,2,Western_Leopard_Toad,0.6724,412.5,336.7,566.6,497.6
/srv/shared_leopard_toad/2025/Documents/06.10-13.10.2025/6R/107MEDIA/DSCF0115.JPG,DSCF0115.JPG,6R/107MEDIA,2,Western_Leopard_Toad,0.6836,412.3,339.0,564.9,490.9
/srv/shared_leopard_toad/2025/Documents/06.10-13.10.2025/6R/107MEDIA/DSCF0462.JPG,DSCF0462.JPG,6R/107MEDIA,2,Western_Leopard_Toad,0.3911,411.8,337.8,565.3,488.3
/srv/shared_leopard_toad/2025/Documents/06.10-13.10.2025/6R/107MEDIA/DSCF0056.JPG,DSCF0056.JPG,6R/107MEDIA,2,Western_Leopard_Toad,0.9116,410.9,335.7,564.9,494.8
/srv/shared_leopard_toad/2025/Documents/06.10-13.10.2025/6R/107MEDIA/DSCF0522.JPG,DSCF0522.JPG,6R/107MEDIA,2,Western_Leopard_Toad,0.8110,414.3,336.7,564.9,487.2
/srv/shared_leopard_toad/2025/Documents/06.10-13.10.2025/6R/107MEDIA/DSCF0641.JPG,DSCF0641.JPG,6R/107MEDIA,2,Western_Leopard_Toad,0.5312,411.9,336.3,563.9,489.1
/srv/shared_leopard_toad/2025/Documents/06.10-13.10.2025/6R/107MEDIA/DSCF0624.JPG,DSCF0624.JPG,6R/107MEDIA,2,Western_Leopard_Toad,0.8125,411.3,337.0,564.5,486.9
/srv/shared_leopard_toad/2025/Documents/06.10-13.10.2025/6R/107MEDIA/DSCF0561.JPG,DSCF0561.JPG,6R/107MEDIA,2,Western_Leopard_Toad,0.8804,415.8,336.1,565.3,485.6
/srv/shared_leopard_toad/2025/Documents/06.10-13.10.2025/6R/107MEDIA/DSCF0436.JPG,DSCF0436.JPG,6R/107MEDIA,2,Western_Leopard_Toad,0.7534,413.6,339.2,565.6,484.7
/srv/shared_leopard_toad/2025/Documents/06.10-13.10.2025/6R/107MEDIA/DSCF0616.JPG,DSCF0616.JPG,6R/107MEDIA,2,Western_Leopard_Toad,0.5747,413.0,338.5,566.1,487.6
/srv/shared_leopard_toad/2025/Documents/06.10-13.10.2025/6R/107MEDIA/DSCF0829.JPG,DSCF0829.JPG,6R/107MEDIA,2,Western_Leopard_Toad,0.8296,413.8,337.7,565.3,486.3
/srv/shared_leopard_toad/2025/Documents/06.10-13.10.2025/6R/107MEDIA/DSCF0137.JPG,DSCF0137.JPG,6R/107MEDIA,2,Western_Leopard_Toad,0.4897,412.9,337.6,568.1,490.0
/srv/shared_leopard_toad/2025/Documents/06.10-13.10.2025/6R/107MEDIA/DSCF0069.JPG,DSCF0069.JPG,6R/107MEDIA,2,Western_Leopard_Toad,0.5127,413.8,336.9,565.3,489.9
/srv/shared_leopard_toad/2025/Documents/06.10-13.10.2025/6R/107MEDIA/DSCF0821.JPG,DSCF0821.JPG,6R/107MEDIA,2,Western_Leopard_Toad,0.8633,417.0,334.9,565.4,489.1
/srv/shared_leopard_toad/2025/Documents/06.10-13.10.2025/6R/107MEDIA/DSCF0484.JPG,DSCF0484.JPG,6R/107MEDIA,2,Western_Leopard_Toad,0.3423,415.5,339.2,565.6,492.8
/srv/shared_leopard_toad/2025/Documents/06.10-13.10.2025/6R/107MEDIA/DSCF0471.JPG,DSCF0471.JPG,6R/107MEDIA,2,Western_Leopard_Toad,0.6572,413.1,337.9,566.0,487.5
/srv/shared_leopard_toad/2025/Documents/06.10-13.10.2025/6R/107MEDIA/DSCF0609.JPG,DSCF0609.JPG,6R/107MEDIA,2,Western_Leopard_Toad,0.7993,414.4,336.4,564.7,487.5
/srv/shared_leopard_toad/2025/Documents/06.10-13.10.2025/6R/107MEDIA/DSCF0239.JPG,DSCF0239.JPG,6R/107MEDIA,2,Western_Leopard_Toad,0.8560,416.1,338.1,565.0,489.5
/srv/shared_leopard_toad/2025/Documents/06.10-13.10.2025/6R/107MEDIA/DSCF0329.JPG,DSCF0329.JPG,6R/107MEDIA,2,Western_Leopard_Toad,0.7261,414.3,341.0,562.9,491.8
/srv/shared_leopard_toad/2025/Documents/06.10-13.10.2025/6R/107MEDIA/DSCF0129.JPG,DSCF0129.JPG,6R/107MEDIA,2,Western_Leopard_Toad,0.8809,415.5,338.0,565.6,494.8
/srv/shared_leopard_toad/2025/Documents/06.10-13.10.2025/6R/107MEDIA/DSCF0147.JPG,DSCF0147.JPG,6R/107MEDIA,2,Western_Leopard_Toad,0.5356,415.2,337.9,565.9,492.7
/srv/shared_leopard_toad/2025/Documents/06.10-13.10.2025/6R/107MEDIA/DSCF0882.JPG,DSCF0882.JPG,6R/107MEDIA,2,Western_Leopard_Toad,0.6265,415.4,337.4,567.0,488.0
/srv/shared_leopard_toad/2025/Documents/06.10-13.10.2025/6R/107MEDIA/DSCF0261.JPG,DSCF0261.JPG,6R/107MEDIA,2,Western_Leopard_Toad,0.9395,411.8,338.6,564.1,492.0
/srv/shared_leopard_toad/2025/Documents/06.10-13.10.2025/6R/107MEDIA/DSCF0062.JPG,DSCF0062.JPG,6R/107MEDIA,2,Western_Leopard_Toad,0.9146,409.8,337.3,564.1,496.2
/srv/shared_leopard_toad/2025/Documents/06.10-13.10.2025/6R/107MEDIA/DSCF0326.JPG,DSCF0326.JPG,6R/107MEDIA,2,Western_Leopard_Toad,0.4341,413.2,339.1,564.0,484.9
/srv/shared_leopard_toad/2025/Documents/06.10-13.10.2025/6R/107MEDIA/DSCF0809.JPG,DSCF0809.JPG,6R/107MEDIA,2,Western_Leopard_Toad,0.9307,413.6,335.6,565.6,483.9
/srv/shared_leopard_toad/2025/Documents/06.10-13.10.2025/6R/107MEDIA/DSCF0975.JPG,DSCF0975.JPG,6R/107MEDIA,2,Western_Leopard_Toad,0.5244,416.9,337.4,565.5,484.3
/srv/shared_leopard_toad/2025/Documents/06.10-13.10.2025/6R/107MEDIA/DSCF0796.JPG,DSCF0796.JPG,6R/107MEDIA,2,Western_Leopard_Toad,0.8540,415.8,337.4,566.6,484.3
/srv/shared_leopard_toad/2025/Documents/06.10-13.10.2025/6R/107MEDIA/DSCF0495.JPG,DSCF0495.JPG,6R/107MEDIA,2,Western_Leopard_Toad,0.9082,412.8,337.1,566.3,490.5
/srv/shared_leopard_toad/2025/Documents/06.10-13.10.2025/6R/107MEDIA/DSCF0590.JPG,DSCF0590.JPG,6R/107MEDIA,2,Western_Leopard_Toad,0.9238,874.5,1839.9,1033.9,2040.5
/srv/shared_leopard_toad/2025/Documents/06.10-13.10.2025/6R/107MEDIA/DSCF0590.JPG,DSCF0590.JPG,6R/107MEDIA,2,Western_Leopard_Toad,0.9209,413.2,336.3,564.0,485.4
/srv/shared_leopard_toad/2025/Documents/06.10-13.10.2025/6R/107MEDIA/DSCF0934.JPG,DSCF0934.JPG,6R/107MEDIA,2,Western_Leopard_Toad,0.7783,414.1,332.7,565.0,487.5
/srv/shared_leopard_toad/2025/Documents/06.10-13.10.2025/6R/107MEDIA/DSCF0175.JPG,DSCF0175.JPG,6R/107MEDIA,2,Western_Leopard_Toad,0.7690,413.3,336.5,563.9,488.9
/srv/shared_leopard_toad/2025/Documents/06.10-13.10.2025/6R/107MEDIA/DSCF0951.JPG,DSCF0951.JPG,6R/107MEDIA,2,Western_Leopard_Toad,0.9062,414.3,336.0,564.9,485.7
/srv/shared_leopard_toad/2025/Documents/06.10-13.10.2025/6R/107MEDIA/DSCF0647.JPG,DSCF0647.JPG,6R/107MEDIA,2,Western_Leopard_Toad,0.7744,414.4,337.6,564.7,487.8
/srv/shared_leopard_toad/2025/Documents/06.10-13.10.2025/6R/107MEDIA/DSCF0914.JPG,DSCF0914.JPG,6R/107MEDIA,2,Western_Leopard_Toad,0.9238,3570.6,1183.4,3753.2,1385.8
/srv/shared_leopard_toad/2025/Documents/06.10-13.10.2025/6R/107MEDIA/DSCF0914.JPG,DSCF0914.JPG,6R/107MEDIA,2,Western_Leopard_Toad,0.7368,412.9,337.4,564.3,485.7
/srv/shared_leopard_toad/2025/Documents/06.10-13.10.2025/6R/107MEDIA/DSCF0332.JPG,DSCF0332.JPG,6R/107MEDIA,2,Western_Leopard_Toad,0.6743,416.6,338.8,564.5,491.0
/srv/shared_leopard_toad/2025/Documents/06.10-13.10.2025/6R/107MEDIA/DSCF0203.JPG,DSCF0203.JPG,6R/107MEDIA,2,Western_Leopard_Toad,0.4436,415.4,336.2,567.0,493.6
/srv/shared_leopard_toad/2025/Documents/06.10-13.10.2025/6R/107MEDIA/DSCF0103.JPG,DSCF0103.JPG,6R/107MEDIA,2,Western_Leopard_Toad,0.8335,414.1,336.5,565.0,495.6
/srv/shared_leopard_toad/2025/Documents/06.10-13.10.2025/6R/107MEDIA/DSCF0388.JPG,DSCF0388.JPG,6R/107MEDIA,2,Western_Leopard_Toad,0.9062,414.1,337.6,565.0,490.0
/srv/shared_leopard_toad/2025/Documents/06.10-13.10.2025/6R/107MEDIA/DSCF0920.JPG,DSCF0920.JPG,6R/107MEDIA,2,Western_Leopard_Toad,0.8828,416.1,334.3,566.3,485.1
/srv/shared_leopard_toad/2025/Documents/06.10-13.10.2025/6R/107MEDIA/DSCF0968.JPG,DSCF0968.JPG,6R/107MEDIA,2,Western_Leopard_Toad,0.4622,413.7,336.3,567.4,485.4
/srv/shared_leopard_toad/2025/Documents/06.10-13.10.2025/6R/107MEDIA/DSCF0070.JPG,DSCF0070.JPG,6R/107MEDIA,2,Western_Leopard_Toad,0.9038,411.6,337.5,564.2,494.6
/srv/shared_leopard_toad/2025/Documents/06.10-13.10.2025/6R/107MEDIA/DSCF0092.JPG,DSCF0092.JPG,6R/107MEDIA,2,Western_Leopard_Toad,0.3594,413.7,337.5,565.4,494.6
/srv/shared_leopard_toad/2025/Documents/06.10-13.10.2025/6R/107MEDIA/DSCF0100.JPG,DSCF0100.JPG,6R/107MEDIA,2,Western_Leopard_Toad,0.5957,414.1,336.7,565.0,491.7
/srv/shared_leopard_toad/2025/Documents/06.10-13.10.2025/6R/107MEDIA/DSCF0401.JPG,DSCF0401.JPG,6R/107MEDIA,2,Western_Leopard_Toad,0.8853,417.6,336.8,564.8,491.6
/srv/shared_leopard_toad/2025/Documents/06.10-13.10.2025/6R/107MEDIA/DSCF0948.JPG,DSCF0948.JPG,6R/107MEDIA,2,Western_Leopard_Toad,0.8926,415.7,335.9,565.4,485.8
/srv/shared_leopard_toad/2025/Documents/06.10-13.10.2025/6R/107MEDIA/DSCF0973.JPG,DSCF0973.JPG,6R/107MEDIA,2,Western_Leopard_Toad,0.9023,416.0,337.0,565.1,486.9
/srv/shared_leopard_toad/2025/Documents/06.10-13.10.2025/6R/107MEDIA/DSCF0599.JPG,DSCF0599.JPG,6R/107MEDIA,2,Western_Leopard_Toad,0.6821,414.7,338.6,566.4,483.1
/srv/shared_leopard_toad/2025/Documents/06.10-13.10.2025/6R/107MEDIA/DSCF0600.JPG,DSCF0600.JPG,6R/107MEDIA,2,Western_Leopard_Toad,0.8999,417.2,335.6,565.2,483.9
/srv/shared_leopard_toad/2025/Documents/06.10-13.10.2025/6R/107MEDIA/DSCF0984.JPG,DSCF0984.JPG,6R/107MEDIA,2,Western_Leopard_Toad,0.9014,417.6,334.0,566.8,486.2
/srv/shared_leopard_toad/2025/Documents/06.10-13.10.2025/6R/107MEDIA/DSCF0921.JPG,DSCF0921.JPG,6R/107MEDIA,2,Western_Leopard_Toad,0.9194,413.1,334.9,566.0,483.2
/srv/shared_leopard_toad/2025/Documents/06.10-13.10.2025/6R/107MEDIA/DSCF0529.JPG,DSCF0529.JPG,6R/107MEDIA,2,Western_Leopard_Toad,0.8716,415.0,334.6,566.1,487.1
/srv/shared_leopard_toad/2025/Documents/06.10-13.10.2025/6R/107MEDIA/DSCF0835.JPG,DSCF0835.JPG,6R/107MEDIA,2,Western_Leopard_Toad,0.9360,416.9,332.7,565.5,483.8
/srv/shared_leopard_toad/2025/Documents/06.10-13.10.2025/6R/107MEDIA/DSCF0348.JPG,DSCF0348.JPG,6R/107MEDIA,2,Western_Leopard_Toad,0.7930,411.3,338.5,565.9,495.8
/srv/shared_leopard_toad/2025/Documents/06.10-13.10.2025/6R/107MEDIA/DSCF0244.JPG,DSCF0244.JPG,6R/107MEDIA,2,Western_Leopard_Toad,0.5396,414.7,338.1,566.4,489.5
/srv/shared_leopard_toad/2025/Documents/06.10-13.10.2025/6R/107MEDIA/DSCF0242.JPG,DSCF0242.JPG,6R/107MEDIA,2,Western_Leopard_Toad,0.9165,415.4,335.6,567.0,495.0
/srv/shared_leopard_toad/2025/Documents/06.10-13.10.2025/6R/107MEDIA/DSCF0156.JPG,DSCF0156.JPG,6R/107MEDIA,0,Other_Amphibian,0.9307,3660.2,608.6,3842.1,803.7
/srv/shared_leopard_toad/2025/Documents/06.10-13.10.2025/6R/107MEDIA/DSCF0156.JPG,DSCF0156.JPG,6R/107MEDIA,0,Other_Amphibian,0.8413,3663.3,608.4,3844.2,803.2
/srv/shared_leopard_toad/2025/Documents/06.10-13.10.2025/6R/107MEDIA/DSCF0094.JPG,DSCF0094.JPG,6R/107MEDIA,2,Western_Leopard_Toad,0.4038,414.4,338.3,566.7,487.1
/srv/shared_leopard_toad/2025/Documents/06.10-13.10.2025/6R/107MEDIA/DSCF0190.JPG,DSCF0190.JPG,6R/107MEDIA,2,Western_Leopard_Toad,0.5518,412.0,338.5,565.2,489.8
/srv/shared_leopard_toad/2025/Documents/06.10-13.10.2025/6R/107MEDIA/DSCF0383.JPG,DSCF0383.JPG,6R/107MEDIA,2,Western_Leopard_Toad,0.4851,414.1,337.8,567.0,486.1
/srv/shared_leopard_toad/2025/Documents/06.10-13.10.2025/6R/107MEDIA/DSCF0047.JPG,DSCF0047.JPG,6R/107MEDIA,2,Western_Leopard_Toad,0.5825,408.6,335.9,570.5,499.8
/srv/shared_leopard_toad/2025/Documents/06.10-13.10.2025/6R/107MEDIA/DSCF0213.JPG,DSCF0213.JPG,6R/107MEDIA,2,Western_Leopard_Toad,0.2859,405.8,337.9,562.8,501.5
/srv/shared_leopard_toad/2025/Documents/06.10-13.10.2025/6R/107MEDIA/DSCF0213.JPG,DSCF0213.JPG,6R/107MEDIA,2,Western_Leopard_Toad,0.2527,405.8,338.5,562.8,502.4
/srv/shared_leopard_toad/2025/Documents/06.10-13.10.2025/6R/107MEDIA/DSCF0935.JPG,DSCF0935.JPG,6R/107MEDIA,2,Western_Leopard_Toad,0.6592,415.5,337.3,566.9,485.9
/srv/shared_leopard_toad/2025/Documents/06.10-13.10.2025/6R/107MEDIA/DSCF0631.JPG,DSCF0631.JPG,6R/107MEDIA,2,Western_Leopard_Toad,0.4434,410.4,337.8,566.8,489.1
/srv/shared_leopard_toad/2025/Documents/06.10-13.10.2025/6R/107MEDIA/DSCF0055.JPG,DSCF0055.JPG,6R/107MEDIA,2,Western_Leopard_Toad,0.8711,410.1,336.6,563.8,496.9
/srv/shared_leopard_toad/2025/Documents/06.10-13.10.2025/6R/107MEDIA/DSCF0400.JPG,DSCF0400.JPG,6R/107MEDIA,2,Western_Leopard_Toad,0.4915,413.3,338.5,563.9,495.8
/srv/shared_leopard_toad/2025/Documents/06.10-13.10.2025/6R/107MEDIA/DSCF0926.JPG,DSCF0926.JPG,6R/107MEDIA,2,Western_Leopard_Toad,0.9292,413.3,332.7,565.9,483.8
/srv/shared_leopard_toad/2025/Documents/06.10-13.10.2025/6R/107MEDIA/DSCF0658.JPG,DSCF0658.JPG,6R/107MEDIA,2,Western_Leopard_Toad,0.7212,414.1,336.7,565.0,482.8
/srv/shared_leopard_toad/2025/Documents/06.10-13.10.2025/6R/107MEDIA/DSCF0606.JPG,DSCF0606.JPG,6R/107MEDIA,2,Western_Leopard_Toad,0.6953,414.8,336.1,566.3,487.8
/srv/shared_leopard_toad/2025/Documents/06.10-13.10.2025/6R/107MEDIA/DSCF0064.JPG,DSCF0064.JPG,6R/107MEDIA,2,Western_Leopard_Toad,0.9331,411.7,337.5,565.4,494.6
/srv/shared_leopard_toad/2025/Documents/06.10-13.10.2025/6R/107MEDIA/DSCF0351.JPG,DSCF0351.JPG,6R/107MEDIA,2,Western_Leopard_Toad,0.2561,412.8,336.8,566.3,489.3
/srv/shared_leopard_toad/2025/Documents/06.10-13.10.2025/6R/107MEDIA/DSCF0225.JPG,DSCF0225.JPG,6R/107MEDIA,2,Western_Leopard_Toad,0.7900,413.6,339.5,563.6,490.3
/srv/shared_leopard_toad/2025/Documents/06.10-13.10.2025/6R/107MEDIA/DSCF0354.JPG,DSCF0354.JPG,6R/107MEDIA,2,Western_Leopard_Toad,0.7773,408.1,340.7,563.8,492.8
/srv/shared_leopard_toad/2025/Documents/06.10-13.10.2025/6R/107MEDIA/DSCF0272.JPG,DSCF0272.JPG,6R/107MEDIA,2,Western_Leopard_Toad,0.5913,415.1,336.7,566.0,493.8
/srv/shared_leopard_toad/2025/Documents/06.10-13.10.2025/6R/107MEDIA/DSCF0459.JPG,DSCF0459.JPG,6R/107MEDIA,2,Western_Leopard_Toad,0.6177,412.8,337.0,566.3,493.5
/srv/shared_leopard_toad/2025/Documents/06.10-13.10.2025/6R/107MEDIA/DSCF0620.JPG,DSCF0620.JPG,6R/107MEDIA,2,Western_Leopard_Toad,0.9141,411.5,335.7,567.6,486.0
/srv/shared_leopard_toad/2025/Documents/06.10-13.10.2025/6R/107MEDIA/DSCF0746.JPG,DSCF0746.JPG,6R/107MEDIA,2,Western_Leopard_Toad,0.9399,414.1,337.6,565.0,481.9
/srv/shared_leopard_toad/2025/Documents/06.10-13.10.2025/6R/107MEDIA/DSCF0763.JPG,DSCF0763.JPG,6R/107MEDIA,2,Western_Leopard_Toad,0.8359,416.7,336.7,564.4,485.0
/srv/shared_leopard_toad/2025/Documents/06.10-13.10.2025/6R/107MEDIA/DSCF0224.JPG,DSCF0224.JPG,6R/107MEDIA,2,Western_Leopard_Toad,0.4731,414.3,335.7,566.8,488.2
/srv/shared_leopard_toad/2025/Documents/06.10-13.10.2025/6R/107MEDIA/DSCF0591.JPG,DSCF0591.JPG,6R/107MEDIA,2,Western_Leopard_Toad,0.8135,416.5,336.7,565.9,483.6
/srv/shared_leopard_toad/2025/Documents/06.10-13.10.2025/6R/107MEDIA/DSCF0081.JPG,DSCF0081.JPG,6R/107MEDIA,2,Western_Leopard_Toad,0.6655,413.6,338.3,563.6,487.1
/srv/shared_leopard_toad/2025/Documents/06.10-13.10.2025/6R/107MEDIA/DSCF0241.JPG,DSCF0241.JPG,6R/107MEDIA,2,Western_Leopard_Toad,0.7520,412.4,337.4,564.7,490.2
/srv/shared_leopard_toad/2025/Documents/06.10-13.10.2025/6R/107MEDIA/DSCF0101.JPG,DSCF0101.JPG,6R/107MEDIA,2,Western_Leopard_Toad,0.6050,409.0,337.8,564.8,486.1
/srv/shared_leopard_toad/2025/Documents/06.10-13.10.2025/6R/107MEDIA/DSCF0728.JPG,DSCF0728.JPG,6R/107MEDIA,2,Western_Leopard_Toad,0.9219,419.6,334.2,564.8,483.1
/srv/shared_leopard_toad/2025/Documents/06.10-13.10.2025/6R/107MEDIA/DSCF0664.JPG,DSCF0664.JPG,6R/107MEDIA,2,Western_Leopard_Toad,0.5928,415.1,335.5,566.0,486.3
/srv/shared_leopard_toad/2025/Documents/06.10-13.10.2025/6R/107MEDIA/DSCF0468.JPG,DSCF0468.JPG,6R/107MEDIA,2,Western_Leopard_Toad,0.7769,414.0,336.4,565.1,493.4
/srv/shared_leopard_toad/2025/Documents/06.10-13.10.2025/6R/107MEDIA/DSCF0865.JPG,DSCF0865.JPG,6R/107MEDIA,2,Western_Leopard_Toad,0.9165,412.5,334.4,566.6,485.8
/srv/shared_leopard_toad/2025/Documents/06.10-13.10.2025/6R/107MEDIA/DSCF0085.JPG,DSCF0085.JPG,6R/107MEDIA,2,Western_Leopard_Toad,0.4045,413.7,336.7,565.4,485.0
/srv/shared_leopard_toad/2025/Documents/06.10-13.10.2025/6R/107MEDIA/DSCF0808.JPG,DSCF0808.JPG,6R/107MEDIA,2,Western_Leopard_Toad,0.8525,414.7,335.1,564.4,485.1
/srv/shared_leopard_toad/2025/Documents/06.10-13.10.2025/6R/107MEDIA/DSCF0987.JPG,DSCF0987.JPG,6R/107MEDIA,2,Western_Leopard_Toad,0.7871,415.7,336.1,566.8,487.8
/srv/shared_leopard_toad/2025/Documents/06.10-13.10.2025/6R/107MEDIA/DSCF0800.JPG,DSCF0800.JPG,6R/107MEDIA,2,Western_Leopard_Toad,0.9194,419.3,335.7,565.1,486.0
/srv/shared_leopard_toad/2025/Documents/06.10-13.10.2025/6R/107MEDIA/DSCF0367.JPG,DSCF0367.JPG,6R/107MEDIA,2,Western_Leopard_Toad,0.7900,409.4,337.8,566.4,490.5
/srv/shared_leopard_toad/2025/Documents/06.10-13.10.2025/6R/107MEDIA/DSCF0832.JPG,DSCF0832.JPG,6R/107MEDIA,2,Western_Leopard_Toad,0.8613,414.4,334.1,566.7,485.4
/srv/shared_leopard_toad/2025/Documents/06.10-13.10.2025/6R/107MEDIA/DSCF0082.JPG,DSCF0082.JPG,6R/107MEDIA,2,Western_Leopard_Toad,0.8252,409.9,337.2,564.0,496.3
/srv/shared_leopard_toad/2025/Documents/06.10-13.10.2025/6R/107MEDIA/DSCF0990.JPG,DSCF0990.JPG,6R/107MEDIA,2,Western_Leopard_Toad,0.9370,414.0,336.0,565.1,485.7
/srv/shared_leopard_toad/2025/Documents/06.10-13.10.2025/6R/107MEDIA/DSCF0789.JPG,DSCF0789.JPG,6R/107MEDIA,2,Western_Leopard_Toad,0.9111,415.2,335.3,567.2,484.2
/srv/shared_leopard_toad/2025/Documents/06.10-13.10.2025/6R/107MEDIA/DSCF0941.JPG,DSCF0941.JPG,6R/107MEDIA,2,Western_Leopard_Toad,0.4709,413.7,337.4,565.4,484.3
/srv/shared_leopard_toad/2025/Documents/06.10-13.10.2025/6R/107MEDIA/DSCF0688.JPG,DSCF0688.JPG,6R/107MEDIA,2,Western_Leopard_Toad,0.9316,418.3,334.8,566.1,486.9
/srv/shared_leopard_toad/2025/Documents/06.10-13.10.2025/6R/107MEDIA/DSCF0347.JPG,DSCF0347.JPG,6R/107MEDIA,2,Western_Leopard_Toad,0.8667,416.0,337.6,565.1,495.2
/srv/shared_leopard_toad/2025/Documents/06.10-13.10.2025/6R/107MEDIA/DSCF0357.JPG,DSCF0357.JPG,6R/107MEDIA,2,Western_Leopard_Toad,0.8867,408.4,337.5,563.6,492.3
/srv/shared_leopard_toad/2025/Documents/06.10-13.10.2025/6R/107MEDIA/DSCF0843.JPG,DSCF0843.JPG,6R/107MEDIA,2,Western_Leopard_Toad,0.9307,416.0,334.6,565.1,487.1
/srv/shared_leopard_toad/2025/Documents/06.10-13.10.2025/6R/107MEDIA/DSCF0309.JPG,DSCF0309.JPG,6R/107MEDIA,2,Western_Leopard_Toad,0.6714,415.8,338.6,565.3,489.7
/srv/shared_leopard_toad/2025/Documents/06.10-13.10.2025/6R/107MEDIA/DSCF0910.JPG,DSCF0910.JPG,6R/107MEDIA,2,Western_Leopard_Toad,0.9028,417.5,332.6,566.9,487.6
/srv/shared_leopard_toad/2025/Documents/06.10-13.10.2025/6R/107MEDIA/DSCF0497.JPG,DSCF0497.JPG,6R/107MEDIA,2,Western_Leopard_Toad,0.4622,413.6,339.7,565.6,488.0
/srv/shared_leopard_toad/2025/Documents/06.10-13.10.2025/6R/107MEDIA/DSCF0340.JPG,DSCF0340.JPG,6R/107MEDIA,2,Western_Leopard_Toad,0.7031,410.6,338.7,565.2,488.9
/srv/shared_leopard_toad/2025/Documents/06.10-13.10.2025/6R/107MEDIA/DSCF0611.JPG,DSCF0611.JPG,6R/107MEDIA,2,Western_Leopard_Toad,0.7661,417.5,336.4,564.9,487.5
/srv/shared_leopard_toad/2025/Documents/06.10-13.10.2025/6R/107MEDIA/DSCF0460.JPG,DSCF0460.JPG,6R/107MEDIA,2,Western_Leopard_Toad,0.6758,415.4,338.2,565.7,491.6
/srv/shared_leopard_toad/2025/Documents/06.10-13.10.2025/6R/107MEDIA/DSCF0855.JPG,DSCF0855.JPG,6R/107MEDIA,2,Western_Leopard_Toad,0.9409,414.5,334.2,566.5,487.5
/srv/shared_leopard_toad/2025/Documents/06.10-13.10.2025/6R/107MEDIA/DSCF0852.JPG,DSCF0852.JPG,6R/107MEDIA,2,Western_Leopard_Toad,0.9019,415.9,334.6,566.5,484.9
/srv/shared_leopard_toad/2025/Documents/06.10-13.10.2025/6R/107MEDIA/DSCF0318.JPG,DSCF0318.JPG,6R/107MEDIA,2,Western_Leopard_Toad,0.7686,412.7,338.5,564.4,495.0
/srv/shared_leopard_toad/2025/Documents/06.10-13.10.2025/6R/107MEDIA/DSCF0939.JPG,DSCF0939.JPG,6R/107MEDIA,2,Western_Leopard_Toad,0.9380,417.2,334.7,567.2,485.5
/srv/shared_leopard_toad/2025/Documents/06.10-13.10.2025/6R/107MEDIA/DSCF0392.JPG,DSCF0392.JPG,6R/107MEDIA,2,Western_Leopard_Toad,0.9043,415.0,338.4,564.1,487.0
/srv/shared_leopard_toad/2025/Documents/06.10-13.10.2025/6R/107MEDIA/DSCF0493.JPG,DSCF0493.JPG,6R/107MEDIA,2,Western_Leopard_Toad,0.9131,412.8,336.7,563.1,490.1
/srv/shared_leopard_toad/2025/Documents/06.10-13.10.2025/6R/107MEDIA/DSCF0617.JPG,DSCF0617.JPG,6R/107MEDIA,2,Western_Leopard_Toad,0.8037,414.3,336.6,564.9,485.1
/srv/shared_leopard_toad/2025/Documents/06.10-13.10.2025/6R/107MEDIA/DSCF0235.JPG,DSCF0235.JPG,6R/107MEDIA,2,Western_Leopard_Toad,0.7217,415.4,336.6,565.7,487.4
/srv/shared_leopard_toad/2025/Documents/06.10-13.10.2025/6R/107MEDIA/DSCF0671.JPG,DSCF0671.JPG,6R/107MEDIA,2,Western_Leopard_Toad,0.8770,416.5,337.0,567.9,484.7
/srv/shared_leopard_toad/2025/Documents/06.10-13.10.2025/6R/107MEDIA/DSCF0328.JPG,DSCF0328.JPG,6R/107MEDIA,2,Western_Leopard_Toad,0.5400,411.5,338.9,567.6,489.4
/srv/shared_leopard_toad/2025/Documents/06.10-13.10.2025/6R/107MEDIA/DSCF0202.JPG,DSCF0202.JPG,6R/107MEDIA,2,Western_Leopard_Toad,0.7544,415.8,337.4,565.3,486.5
/srv/shared_leopard_toad/2025/Documents/06.10-13.10.2025/6R/107MEDIA/DSCF0595.JPG,DSCF0595.JPG,6R/107MEDIA,2,Western_Leopard_Toad,0.4517,416.1,336.9,566.3,488.5
/srv/shared_leopard_toad/2025/Documents/06.10-13.10.2025/6R/107MEDIA/DSCF0226.JPG,DSCF0226.JPG,6R/107MEDIA,2,Western_Leopard_Toad,0.7134,414.4,339.9,564.7,488.5
/srv/shared_leopard_toad/2025/Documents/06.10-13.10.2025/6R/107MEDIA/DSCF0310.JPG,DSCF0310.JPG,6R/107MEDIA,2,Western_Leopard_Toad,0.9258,410.5,338.8,563.4,493.3
/srv/shared_leopard_toad/2025/Documents/06.10-13.10.2025/6R/107MEDIA/DSCF0374.JPG,DSCF0374.JPG,6R/107MEDIA,2,Western_Leopard_Toad,0.7358,409.6,337.6,564.3,496.7
/srv/shared_leopard_toad/2025/Documents/06.10-13.10.2025/6R/107MEDIA/DSCF0371.JPG,DSCF0371.JPG,6R/107MEDIA,2,Western_Leopard_Toad,0.9082,413.8,336.6,565.3,494.0
/srv/shared_leopard_toad/2025/Documents/06.10-13.10.2025/6R/107MEDIA/DSCF0701.JPG,DSCF0701.JPG,6R/107MEDIA,2,Western_Leopard_Toad,0.2998,418.3,334.3,569.4,485.9
/srv/shared_leopard_toad/2025/Documents/06.10-13.10.2025/6R/107MEDIA/DSCF0317.JPG,DSCF0317.JPG,6R/107MEDIA,2,Western_Leopard_Toad,0.8369,417.7,337.0,566.6,489.2
/srv/shared_leopard_toad/2025/Documents/06.10-13.10.2025/6R/107MEDIA/DSCF0210.JPG,DSCF0210.JPG,6R/107MEDIA,2,Western_Leopard_Toad,0.8691,414.3,338.1,564.9,490.3
/srv/shared_leopard_toad/2025/Documents/06.10-13.10.2025/6R/107MEDIA/DSCF0234.JPG,DSCF0234.JPG,6R/107MEDIA,2,Western_Leopard_Toad,0.9067,412.8,336.9,566.3,493.7
/srv/shared_leopard_toad/2025/Documents/06.10-13.10.2025/6R/107MEDIA/DSCF0860.JPG,DSCF0860.JPG,6R/107MEDIA,2,Western_Leopard_Toad,0.8364,419.0,335.4,567.3,484.8
/srv/shared_leopard_toad/2025/Documents/06.10-13.10.2025/6R/107MEDIA/DSCF0465.JPG,DSCF0465.JPG,6R/107MEDIA,2,Western_Leopard_Toad,0.8608,412.5,337.0,563.3,492.8
/srv/shared_leopard_toad/2025/Documents/06.10-13.10.2025/6R/107MEDIA/DSCF0604.JPG,DSCF0604.JPG,6R/107MEDIA,2,Western_Leopard_Toad,0.8618,418.7,337.3,565.6,484.5
/srv/shared_leopard_toad/2025/Documents/06.10-13.10.2025/6R/107MEDIA/DSCF0270.JPG,DSCF0270.JPG,6R/107MEDIA,2,Western_Leopard_Toad,0.7622,413.4,336.1,565.7,487.8
/srv/shared_leopard_toad/2025/Documents/06.10-13.10.2025/6R/107MEDIA/DSCF0450.JPG,DSCF0450.JPG,6R/107MEDIA,2,Western_Leopard_Toad,0.9141,413.6,337.2,563.6,491.1
/srv/shared_leopard_toad/2025/Documents/06.10-13.10.2025/6R/107MEDIA/DSCF0677.JPG,DSCF0677.JPG,6R/107MEDIA,2,Western_Leopard_Toad,0.8594,416.3,337.0,562.9,481.0
/srv/shared_leopard_toad/2025/Documents/06.10-13.10.2025/6R/107MEDIA/DSCF0884.JPG,DSCF0884.JPG,6R/107MEDIA,2,Western_Leopard_Toad,0.8413,415.7,335.7,563.4,486.0
/srv/shared_leopard_toad/2025/Documents/06.10-13.10.2025/6R/107MEDIA/DSCF0356.JPG,DSCF0356.JPG,6R/107MEDIA,2,Western_Leopard_Toad,0.7695,415.8,338.5,566.6,487.6
/srv/shared_leopard_toad/2025/Documents/06.10-13.10.2025/6R/107MEDIA/DSCF0444.JPG,DSCF0444.JPG,6R/107MEDIA,2,Western_Leopard_Toad,0.7632,414.4,335.5,564.7,488.5
/srv/shared_leopard_toad/2025/Documents/06.10-13.10.2025/6R/107MEDIA/DSCF0638.JPG,DSCF0638.JPG,6R/107MEDIA,2,Western_Leopard_Toad,0.5591,416.9,334.8,565.5,486.9
/srv/shared_leopard_toad/2025/Documents/06.10-13.10.2025/6R/107MEDIA/DSCF0485.JPG,DSCF0485.JPG,6R/107MEDIA,2,Western_Leopard_Toad,0.7168,417.3,337.8,565.1,490.5
/srv/shared_leopard_toad/2025/Documents/06.10-13.10.2025/6R/107MEDIA/DSCF0236.JPG,DSCF0236.JPG,6R/107MEDIA,2,Western_Leopard_Toad,0.4172,414.0,339.5,563.1,490.3
/srv/shared_leopard_toad/2025/Documents/06.10-13.10.2025/6R/107MEDIA/DSCF0322.JPG,DSCF0322.JPG,6R/107MEDIA,2,Western_Leopard_Toad,0.7515,414.0,339.5,563.1,486.7
/srv/shared_leopard_toad/2025/Documents/06.10-13.10.2025/6R/107MEDIA/DSCF0084.JPG,DSCF0084.JPG,6R/107MEDIA,2,Western_Leopard_Toad,0.9204,413.4,337.9,565.7,491.9
/srv/shared_leopard_toad/2025/Documents/06.10-13.10.2025/6R/107MEDIA/DSCF0124.JPG,DSCF0124.JPG,6R/107MEDIA,2,Western_Leopard_Toad,0.8667,416.9,335.3,565.5,495.3
/srv/shared_leopard_toad/2025/Documents/06.10-13.10.2025/6R/107MEDIA/DSCF0836.JPG,DSCF0836.JPG,6R/107MEDIA,2,Western_Leopard_Toad,0.7539,417.2,336.1,567.2,484.1
/srv/shared_leopard_toad/2025/Documents/06.10-13.10.2025/6R/107MEDIA/DSCF0520.JPG,DSCF0520.JPG,6R/107MEDIA,2,Western_Leopard_Toad,0.7056,416.4,337.4,564.7,485.7
/srv/shared_leopard_toad/2025/Documents/06.10-13.10.2025/6R/107MEDIA/DSCF0200.JPG,DSCF0200.JPG,6R/107MEDIA,2,Western_Leopard_Toad,0.5967,413.1,338.1,566.0,494.6
/srv/shared_leopard_toad/2025/Documents/06.10-13.10.2025/6R/107MEDIA/DSCF0744.JPG,DSCF0744.JPG,6R/107MEDIA,2,Western_Leopard_Toad,0.9229,416.5,334.3,567.9,485.9
/srv/shared_leopard_toad/2025/Documents/06.10-13.10.2025/6R/107MEDIA/DSCF0359.JPG,DSCF0359.JPG,6R/107MEDIA,2,Western_Leopard_Toad,0.5171,415.7,339.5,565.4,492.5
/srv/shared_leopard_toad/2025/Documents/06.10-13.10.2025/6R/107MEDIA/DSCF0950.JPG,DSCF0950.JPG,6R/107MEDIA,2,Western_Leopard_Toad,0.6772,414.3,336.1,566.8,487.8
/srv/shared_leopard_toad/2025/Documents/06.10-13.10.2025/6R/107MEDIA/DSCF0447.JPG,DSCF0447.JPG,6R/107MEDIA,2,Western_Leopard_Toad,0.7441,414.1,337.7,565.0,489.9
/srv/shared_leopard_toad/2025/Documents/06.10-13.10.2025/6R/107MEDIA/DSCF0702.JPG,DSCF0702.JPG,6R/107MEDIA,2,Western_Leopard_Toad,0.8135,418.4,337.0,565.9,484.7
/srv/shared_leopard_toad/2025/Documents/06.10-13.10.2025/6R/107MEDIA/DSCF0140.JPG,DSCF0140.JPG,6R/107MEDIA,2,Western_Leopard_Toad,0.6294,414.5,338.7,564.6,488.9
/srv/shared_leopard_toad/2025/Documents/06.10-13.10.2025/6R/107MEDIA/DSCF0243.JPG,DSCF0243.JPG,6R/107MEDIA,2,Western_Leopard_Toad,0.8882,414.4,337.7,566.7,486.3
/srv/shared_leopard_toad/2025/Documents/06.10-13.10.2025/6R/107MEDIA/DSCF0717.JPG,DSCF0717.JPG,6R/107MEDIA,2,Western_Leopard_Toad,0.8945,417.7,335.0,564.7,486.7
/srv/shared_leopard_toad/2025/Documents/06.10-13.10.2025/6R/107MEDIA/DSCF0579.JPG,DSCF0579.JPG,6R/107MEDIA,2,Western_Leopard_Toad,0.8599,415.8,336.0,565.3,485.7
/srv/shared_leopard_toad/2025/Documents/06.10-13.10.2025/6R/107MEDIA/DSCF0361.JPG,DSCF0361.JPG,6R/107MEDIA,2,Western_Leopard_Toad,0.6401,414.0,338.5,565.1,491.3
/srv/shared_leopard_toad/2025/Documents/06.10-13.10.2025/6R/107MEDIA/DSCF0642.JPG,DSCF0642.JPG,6R/107MEDIA,2,Western_Leopard_Toad,0.9253,414.5,335.5,566.5,486.3
/srv/shared_leopard_toad/2025/Documents/06.10-13.10.2025/6R/107MEDIA/DSCF0762.JPG,DSCF0762.JPG,6R/107MEDIA,2,Western_Leopard_Toad,0.9087,414.4,337.9,564.7,483.8
/srv/shared_leopard_toad/2025/Documents/06.10-13.10.2025/6R/107MEDIA/DSCF0992.JPG,DSCF0992.JPG,6R/107MEDIA,2,Western_Leopard_Toad,0.9087,414.0,335.0,565.1,484.5
/srv/shared_leopard_toad/2025/Documents/06.10-13.10.2025/6R/107MEDIA/DSCF0513.JPG,DSCF0513.JPG,6R/107MEDIA,2,Western_Leopard_Toad,0.5459,4354.4,2757.4,4497.1,2859.4
/srv/shared_leopard_toad/2025/Documents/06.10-13.10.2025/6R/107MEDIA/DSCF0707.JPG,DSCF0707.JPG,6R/107MEDIA,2,Western_Leopard_Toad,0.9341,416.0,334.8,565.1,484.7
/srv/shared_leopard_toad/2025/Documents/06.10-13.10.2025/6R/105MEDIA/DSCF0135.JPG,DSCF0135.JPG,6R/105MEDIA,0,Other_Amphibian,0.2800,1662.3,2017.3,1731.8,2111.1
/srv/shared_leopard_toad/2025/Documents/06.10-13.10.2025/6R/105MEDIA/DSCF0135.JPG,DSCF0135.JPG,6R/105MEDIA,0,Other_Amphibian,0.2683,2486.9,378.0,2568.9,477.7
/srv/shared_leopard_toad/2025/Documents/06.10-13.10.2025/6R/105MEDIA/DSCF0404.JPG,DSCF0404.JPG,6R/105MEDIA,2,Western_Leopard_Toad,0.5620,87.8,1808.7,230.3,1953.6
/srv/shared_leopard_toad/2025/Documents/06.10-13.10.2025/6R/105MEDIA/DSCF0404.JPG,DSCF0404.JPG,6R/105MEDIA,0,Other_Amphibian,0.4487,87.8,1808.7,230.3,1953.6
/srv/shared_leopard_toad/2025/Documents/06.10-13.10.2025/6R/105MEDIA/DSCF0404.JPG,DSCF0404.JPG,6R/105MEDIA,0,Other_Amphibian,0.2949,673.5,630.7,767.6,715.2
/srv/shared_leopard_toad/2025/Documents/06.10-13.10.2025/6R/105MEDIA/DSCF0404.JPG,DSCF0404.JPG,6R/105MEDIA,0,Other_Amphibian,0.2515,2484.8,379.2,2576.2,472.8
/srv/shared_leopard_toad/2025/Documents/06.10-13.10.2025/6R/105MEDIA/DSCF0404.JPG,DSCF0404.JPG,6R/105MEDIA,1,Small_Mammal,0.2366,87.8,1808.7,230.3,1953.6
/srv/shared_leopard_toad/2025/Documents/06.10-13.10.2025/6R/105MEDIA/DSCF0358.JPG,DSCF0358.JPG,6R/105MEDIA,0,Other_Amphibian,0.2145,2486.9,381.5,2571.4,468.3
/srv/shared_leopard_toad/2025/Documents/06.10-13.10.2025/6R/105MEDIA/DSCF0541.JPG,DSCF0541.JPG,6R/105MEDIA,0,Other_Amphibian,0.2881,593.4,2438.3,670.5,2546.6
/srv/shared_leopard_toad/2025/Documents/06.10-13.10.2025/6R/105MEDIA/DSCF0466.JPG,DSCF0466.JPG,6R/105MEDIA,2,Western_Leopard_Toad,0.2661,107.4,1813.0,229.3,1961.1
/srv/shared_leopard_toad/2025/Documents/06.10-13.10.2025/6R/105MEDIA/DSCF0466.JPG,DSCF0466.JPG,6R/105MEDIA,2,Western_Leopard_Toad,0.2534,2669.3,2677.4,2859.0,2853.8
/srv/shared_leopard_toad/2025/Documents/06.10-13.10.2025/6R/105MEDIA/DSCF0443.JPG,DSCF0443.JPG,6R/105MEDIA,2,Western_Leopard_Toad,0.2935,2582.0,2675.8,2862.2,2855.4
/srv/shared_leopard_toad/2025/Documents/06.10-13.10.2025/6R/105MEDIA/DSCF0279.JPG,DSCF0279.JPG,6R/105MEDIA,2,Western_Leopard_Toad,0.4783,113.6,1816.5,231.6,1960.5
/srv/shared_leopard_toad/2025/Documents/06.10-13.10.2025/6R/105MEDIA/DSCF0279.JPG,DSCF0279.JPG,6R/105MEDIA,1,Small_Mammal,0.2119,113.6,1816.5,231.6,1960.5
/srv/shared_leopard_toad/2025/Documents/06.10-13.10.2025/6R/105MEDIA/DSCF0464.JPG,DSCF0464.JPG,6R/105MEDIA,2,Western_Leopard_Toad,0.4324,2482.8,-0.8,2748.9,103.5
/srv/shared_leopard_toad/2025/Documents/06.10-13.10.2025/6R/105MEDIA/DSCF0464.JPG,DSCF0464.JPG,6R/105MEDIA,0,Other_Amphibian,0.3301,2482.8,-0.8,2748.9,103.5
/srv/shared_leopard_toad/2025/Documents/06.10-13.10.2025/6R/105MEDIA/DSCF0455.JPG,DSCF0455.JPG,6R/105MEDIA,2,Western_Leopard_Toad,0.3586,2475.0,-0.4,2743.5,102.7
/srv/shared_leopard_toad/2025/Documents/06.10-13.10.2025/6R/105MEDIA/DSCF0455.JPG,DSCF0455.JPG,6R/105MEDIA,2,Western_Leopard_Toad,0.2837,102.7,1808.5,232.2,1956.8
/srv/shared_leopard_toad/2025/Documents/06.10-13.10.2025/6R/105MEDIA/DSCF0407.JPG,DSCF0407.JPG,6R/105MEDIA,0,Other_Amphibian,0.5405,2486.4,380.2,2574.6,473.3
/srv/shared_leopard_toad/2025/Documents/06.10-13.10.2025/6R/105MEDIA/DSCF0407.JPG,DSCF0407.JPG,6R/105MEDIA,0,Other_Amphibian,0.2874,93.0,1811.3,231.2,1953.9
/srv/shared_leopard_toad/2025/Documents/06.10-13.10.2025/6R/105MEDIA/DSCF0407.JPG,DSCF0407.JPG,6R/105MEDIA,2,Western_Leopard_Toad,0.2673,93.0,1811.3,231.2,1953.9
/srv/shared_leopard_toad/2025/Documents/06.10-13.10.2025/6R/105MEDIA/DSCF0678.JPG,DSCF0678.JPG,6R/105MEDIA,2,Western_Leopard_Toad,0.3049,413.4,336.7,563.7,482.0
/srv/shared_leopard_toad/2025/Documents/06.10-13.10.2025/6R/105MEDIA/DSCF0678.JPG,DSCF0678.JPG,6R/105MEDIA,0,Other_Amphibian,0.2294,2716.5,-6.0,2937.7,53.1
/srv/shared_leopard_toad/2025/Documents/06.10-13.10.2025/6R/105MEDIA/DSCF0514.JPG,DSCF0514.JPG,6R/105MEDIA,2,Western_Leopard_Toad,0.3862,219.8,568.4,403.9,753.8
/srv/shared_leopard_toad/2025/Documents/06.10-13.10.2025/6R/105MEDIA/DSCF0767.JPG,DSCF0767.JPG,6R/105MEDIA,0,Other_Amphibian,0.2314,2701.4,-5.4,2937.1,46.8
/srv/shared_leopard_toad/2025/Documents/06.10-13.10.2025/6R/105MEDIA/DSCF0298.JPG,DSCF0298.JPG,6R/105MEDIA,2,Western_Leopard_Toad,0.4326,110.7,1815.8,230.5,1958.2
/srv/shared_leopard_toad/2025/Documents/06.10-13.10.2025/6R/105MEDIA/DSCF0298.JPG,DSCF0298.JPG,6R/105MEDIA,0,Other_Amphibian,0.2866,2485.3,378.7,2570.4,474.0
/srv/shared_leopard_toad/2025/Documents/06.10-13.10.2025/6R/105MEDIA/DSCF0417.JPG,DSCF0417.JPG,6R/105MEDIA,2,Western_Leopard_Toad,0.4722,2577.3,2675.3,2861.7,2855.9
/srv/shared_leopard_toad/2025/Documents/06.10-13.10.2025/6R/105MEDIA/DSCF0543.JPG,DSCF0543.JPG,6R/105MEDIA,0,Other_Amphibian,0.4209,594.0,2438.6,672.6,2546.3
/srv/shared_leopard_toad/2025/Documents/06.10-13.10.2025/6R/105MEDIA/DSCF0325.JPG,DSCF0325.JPG,6R/105MEDIA,0,Other_Amphibian,0.4045,2487.1,378.9,2573.9,473.1
/srv/shared_leopard_toad/2025/Documents/06.10-13.10.2025/6R/105MEDIA/DSCF0650.JPG,DSCF0650.JPG,6R/105MEDIA,0,Other_Amphibian,0.2142,1687.0,1895.8,1785.9,2005.3
/srv/shared_leopard_toad/2025/Documents/06.10-13.10.2025/6R/105MEDIA/DSCF0107.JPG,DSCF0107.JPG,6R/105MEDIA,0,Other_Amphibian,0.2974,1662.1,2013.6,1732.1,2106.0
/srv/shared_leopard_toad/2025/Documents/06.10-13.10.2025/6R/105MEDIA/DSCF0562.JPG,DSCF0562.JPG,6R/105MEDIA,0,Other_Amphibian,0.2979,594.0,2437.9,666.0,2541.0
/srv/shared_leopard_toad/2025/Documents/06.10-13.10.2025/6R/105MEDIA/DSCF0446.JPG,DSCF0446.JPG,6R/105MEDIA,0,Other_Amphibian,0.2037,1655.2,2007.2,1731.1,2106.5
/srv/shared_leopard_toad/2025/Documents/06.10-13.10.2025/6R/105MEDIA/DSCF0512.JPG,DSCF0512.JPG,6R/105MEDIA,2,Western_Leopard_Toad,0.7236,224.6,574.3,402.8,753.1
/srv/shared_leopard_toad/2025/Documents/06.10-13.10.2025/6R/105MEDIA/DSCF0512.JPG,DSCF0512.JPG,6R/105MEDIA,2,Western_Leopard_Toad,0.6504,221.4,573.0,403.7,750.7
/srv/shared_leopard_toad/2025/Documents/06.10-13.10.2025/6R/105MEDIA/DSCF0282.JPG,DSCF0282.JPG,6R/105MEDIA,2,Western_Leopard_Toad,0.8296,103.0,1810.6,231.8,1954.6
/srv/shared_leopard_toad/2025/Documents/06.10-13.10.2025/6R/105MEDIA/DSCF0282.JPG,DSCF0282.JPG,6R/105MEDIA,1,Small_Mammal,0.2032,103.0,1810.6,231.8,1954.6
/srv/shared_leopard_toad/2025/Documents/06.10-13.10.2025/6R/105MEDIA/DSCF0765.JPG,DSCF0765.JPG,6R/105MEDIA,2,Western_Leopard_Toad,0.6543,415.2,332.9,569.2,501.4
/srv/shared_leopard_toad/2025/Documents/06.10-13.10.2025/6R/105MEDIA/DSCF0442.JPG,DSCF0442.JPG,6R/105MEDIA,0,Other_Amphibian,0.3105,1657.1,2007.9,1734.4,2105.8
/srv/shared_leopard_toad/2025/Documents/06.10-13.10.2025/6R/105MEDIA/DSCF0442.JPG,DSCF0442.JPG,6R/105MEDIA,2,Western_Leopard_Toad,0.3015,2580.5,2675.9,2863.8,2855.3
/srv/shared_leopard_toad/2025/Documents/06.10-13.10.2025/6R/105MEDIA/DSCF0667.JPG,DSCF0667.JPG,6R/105MEDIA,2,Western_Leopard_Toad,0.6680,409.5,336.7,564.4,491.7
/srv/shared_leopard_toad/2025/Documents/06.10-13.10.2025/6R/105MEDIA/DSCF0667.JPG,DSCF0667.JPG,6R/105MEDIA,0,Other_Amphibian,0.2749,2716.5,-5.3,2937.7,51.3
/srv/shared_leopard_toad/2025/Documents/06.10-13.10.2025/6R/105MEDIA/DSCF0812.JPG,DSCF0812.JPG,6R/105MEDIA,0,Other_Amphibian,0.2224,2705.5,-3.3,2922.5,43.2
/srv/shared_leopard_toad/2025/Documents/06.10-13.10.2025/6R/105MEDIA/DSCF0362.JPG,DSCF0362.JPG,6R/105MEDIA,0,Other_Amphibian,0.7285,3476.7,1076.2,3684.3,1247.9
/srv/shared_leopard_toad/2025/Documents/06.10-13.10.2025/6R/105MEDIA/DSCF0668.JPG,DSCF0668.JPG,6R/105MEDIA,2,Western_Leopard_Toad,0.7329,408.2,335.6,563.7,488.3
/srv/shared_leopard_toad/2025/Documents/06.10-13.10.2025/6R/105MEDIA/DSCF0187.JPG,DSCF0187.JPG,6R/105MEDIA,2,Western_Leopard_Toad,0.8809,4208.6,2524.8,4364.7,2719.9
/srv/shared_leopard_toad/2025/Documents/06.10-13.10.2025/6R/105MEDIA/DSCF0187.JPG,DSCF0187.JPG,6R/105MEDIA,0,Other_Amphibian,0.4055,3514.3,1129.6,3730.7,1312.6
/srv/shared_leopard_toad/2025/Documents/06.10-13.10.2025/6R/105MEDIA/DSCF0187.JPG,DSCF0187.JPG,6R/105MEDIA,2,Western_Leopard_Toad,0.3159,3514.3,1129.6,3730.7,1312.6
/srv/shared_leopard_toad/2025/Documents/06.10-13.10.2025/6R/105MEDIA/DSCF0679.JPG,DSCF0679.JPG,6R/105MEDIA,0,Other_Amphibian,0.2002,2709.2,-4.5,2950.3,47.2
/srv/shared_leopard_toad/2025/Documents/06.10-13.10.2025/6R/105MEDIA/DSCF0734.JPG,DSCF0734.JPG,6R/105MEDIA,0,Other_Amphibian,0.2520,2709.9,-5.6,2949.6,49.9
/srv/shared_leopard_toad/2025/Documents/06.10-13.10.2025/6R/105MEDIA/DSCF0777.JPG,DSCF0777.JPG,6R/105MEDIA,2,Western_Leopard_Toad,0.3157,420.4,332.7,569.3,479.4
/srv/shared_leopard_toad/2025/Documents/06.10-13.10.2025/6R/105MEDIA/DSCF0777.JPG,DSCF0777.JPG,6R/105MEDIA,0,Other_Amphibian,0.2157,2696.9,-5.4,2925.8,47.5
/srv/shared_leopard_toad/2025/Documents/06.10-13.10.2025/6R/105MEDIA/DSCF0273.JPG,DSCF0273.JPG,6R/105MEDIA,2,Western_Leopard_Toad,0.5679,111.8,1812.7,230.7,1958.5
/srv/shared_leopard_toad/2025/Documents/06.10-13.10.2025/6R/105MEDIA/DSCF0089.JPG,DSCF0089.JPG,6R/105MEDIA,0,Other_Amphibian,0.3962,1662.8,2012.6,1733.9,2107.0
/srv/shared_leopard_toad/2025/Documents/06.10-13.10.2025/6R/105MEDIA/DSCF0560.JPG,DSCF0560.JPG,6R/105MEDIA,0,Other_Amphibian,0.3579,592.6,2435.5,667.4,2543.5
/srv/shared_leopard_toad/2025/Documents/06.10-13.10.2025/6R/105MEDIA/DSCF0802.JPG,DSCF0802.JPG,6R/105MEDIA,0,Other_Amphibian,0.2998,2708.7,-5.0,2924.6,44.8
/srv/shared_leopard_toad/2025/Documents/06.10-13.10.2025/6R/105MEDIA/DSCF0339.JPG,DSCF0339.JPG,6R/105MEDIA,0,Other_Amphibian,0.2434,2486.4,380.4,2571.9,467.2
/srv/shared_leopard_toad/2025/Documents/06.10-13.10.2025/6R/105MEDIA/DSCF0164.JPG,DSCF0164.JPG,6R/105MEDIA,0,Other_Amphibian,0.3179,1662.7,2014.2,1734.1,2105.4
/srv/shared_leopard_toad/2025/Documents/06.10-13.10.2025/6R/105MEDIA/DSCF0461.JPG,DSCF0461.JPG,6R/105MEDIA,2,Western_Leopard_Toad,0.4541,2497.6,-2.1,2741.9,104.4
/srv/shared_leopard_toad/2025/Documents/06.10-13.10.2025/6R/105MEDIA/DSCF0461.JPG,DSCF0461.JPG,6R/105MEDIA,0,Other_Amphibian,0.3167,2497.6,-2.1,2741.9,104.4
/srv/shared_leopard_toad/2025/Documents/06.10-13.10.2025/6R/105MEDIA/DSCF0458.JPG,DSCF0458.JPG,6R/105MEDIA,2,Western_Leopard_Toad,0.5835,104.2,1811.1,228.2,1957.1
/srv/shared_leopard_toad/2025/Documents/06.10-13.10.2025/6R/105MEDIA/DSCF0458.JPG,DSCF0458.JPG,6R/105MEDIA,2,Western_Leopard_Toad,0.2610,2478.7,-1.5,2739.8,104.6
/srv/shared_leopard_toad/2025/Documents/06.10-13.10.2025/6R/105MEDIA/DSCF0712.JPG,DSCF0712.JPG,6R/105MEDIA,0,Other_Amphibian,0.2153,2702.8,-4.4,2956.7,44.9
/srv/shared_leopard_toad/2025/Documents/06.10-13.10.2025/6R/105MEDIA/DSCF0489.JPG,DSCF0489.JPG,6R/105MEDIA,2,Western_Leopard_Toad,0.6274,99.7,1806.9,233.2,1958.3
/srv/shared_leopard_toad/2025/Documents/06.10-13.10.2025/6R/105MEDIA/DSCF0489.JPG,DSCF0489.JPG,6R/105MEDIA,0,Other_Amphibian,0.4634,99.7,1806.9,233.2,1958.3
/srv/shared_leopard_toad/2025/Documents/06.10-13.10.2025/6R/105MEDIA/DSCF0489.JPG,DSCF0489.JPG,6R/105MEDIA,0,Other_Amphibian,0.2079,1664.4,2008.4,1737.6,2108.3
/srv/shared_leopard_toad/2025/Documents/06.10-13.10.2025/6R/105MEDIA/DSCF0553.JPG,DSCF0553.JPG,6R/105MEDIA,0,Other_Amphibian,0.3979,592.7,2434.1,669.2,2539.0
/srv/shared_leopard_toad/2025/Documents/06.10-13.10.2025/6R/105MEDIA/DSCF0077.JPG,DSCF0077.JPG,6R/105MEDIA,0,Other_Amphibian,0.3210,1662.5,2015.5,1731.7,2107.1
/srv/shared_leopard_toad/2025/Documents/06.10-13.10.2025/6R/105MEDIA/DSCF0350.JPG,DSCF0350.JPG,6R/105MEDIA,2,Western_Leopard_Toad,0.3386,250.3,566.5,407.6,732.8
/srv/shared_leopard_toad/2025/Documents/06.10-13.10.2025/6R/105MEDIA/DSCF0390.JPG,DSCF0390.JPG,6R/105MEDIA,0,Other_Amphibian,0.3086,2491.2,378.6,2580.3,471.2
/srv/shared_leopard_toad/2025/Documents/06.10-13.10.2025/6R/105MEDIA/DSCF0390.JPG,DSCF0390.JPG,6R/105MEDIA,0,Other_Amphibian,0.2111,670.1,629.8,763.1,716.9
/srv/shared_leopard_toad/2025/Documents/06.10-13.10.2025/6R/105MEDIA/DSCF0539.JPG,DSCF0539.JPG,6R/105MEDIA,0,Other_Amphibian,0.3792,593.6,2436.2,674.9,2539.8
/srv/shared_leopard_toad/2025/Documents/06.10-13.10.2025/6R/105MEDIA/DSCF0292.JPG,DSCF0292.JPG,6R/105MEDIA,2,Western_Leopard_Toad,0.5967,107.4,1811.7,228.1,1956.5
/srv/shared_leopard_toad/2025/Documents/06.10-13.10.2025/6R/105MEDIA/DSCF0429.JPG,DSCF0429.JPG,6R/105MEDIA,2,Western_Leopard_Toad,0.2695,2481.2,-1.3,2747.8,101.6
/srv/shared_leopard_toad/2025/Documents/06.10-13.10.2025/6R/105MEDIA/DSCF0431.JPG,DSCF0431.JPG,6R/105MEDIA,0,Other_Amphibian,0.2637,1656.8,2010.5,1734.7,2106.1
/srv/shared_leopard_toad/2025/Documents/06.10-13.10.2025/6R/105MEDIA/DSCF0834.JPG,DSCF0834.JPG,6R/105MEDIA,0,Other_Amphibian,0.2458,2693.1,-3.8,2940.2,43.7
/srv/shared_leopard_toad/2025/Documents/06.10-13.10.2025/6R/105MEDIA/DSCF0792.JPG,DSCF0792.JPG,6R/105MEDIA,0,Other_Amphibian,0.2605,2703.6,-4.7,2940.2,45.1
/srv/shared_leopard_toad/2025/Documents/06.10-13.10.2025/6R/105MEDIA/DSCF0807.JPG,DSCF0807.JPG,6R/105MEDIA,2,Western_Leopard_Toad,0.3191,420.1,337.4,566.2,484.3
/srv/shared_leopard_toad/2025/Documents/06.10-13.10.2025/6R/105MEDIA/DSCF0507.JPG,DSCF0507.JPG,6R/105MEDIA,2,Western_Leopard_Toad,0.5825,232.1,570.8,405.7,751.5
/srv/shared_leopard_toad/2025/Documents/06.10-13.10.2025/6R/105MEDIA/DSCF0507.JPG,DSCF0507.JPG,6R/105MEDIA,2,Western_Leopard_Toad,0.4744,233.8,568.9,406.4,748.9
/srv/shared_leopard_toad/2025/Documents/06.10-13.10.2025/6R/105MEDIA/DSCF0266.JPG,DSCF0266.JPG,6R/105MEDIA,2,Western_Leopard_Toad,0.2561,113.0,1814.0,231.5,1954.2
/srv/shared_leopard_toad/2025/Documents/06.10-13.10.2025/6R/105MEDIA/DSCF0266.JPG,DSCF0266.JPG,6R/105MEDIA,0,Other_Amphibian,0.2252,2486.4,378.7,2574.6,473.2
/srv/shared_leopard_toad/2025/Documents/06.10-13.10.2025/6R/105MEDIA/DSCF0207.JPG,DSCF0207.JPG,6R/105MEDIA,0,Other_Amphibian,0.2177,1668.0,2010.9,1734.0,2105.8
/srv/shared_leopard_toad/2025/Documents/06.10-13.10.2025/6R/105MEDIA/DSCF0393.JPG,DSCF0393.JPG,6R/105MEDIA,2,Western_Leopard_Toad,0.5156,95.2,1810.6,230.3,1951.6
/srv/shared_leopard_toad/2025/Documents/06.10-13.10.2025/6R/105MEDIA/DSCF0393.JPG,DSCF0393.JPG,6R/105MEDIA,0,Other_Amphibian,0.3171,95.2,1810.6,230.3,1951.6
/srv/shared_leopard_toad/2025/Documents/06.10-13.10.2025/6R/105MEDIA/DSCF0393.JPG,DSCF0393.JPG,6R/105MEDIA,0,Other_Amphibian,0.3071,2489.4,380.3,2582.1,469.5
/srv/shared_leopard_toad/2025/Documents/06.10-13.10.2025/6R/105MEDIA/DSCF0393.JPG,DSCF0393.JPG,6R/105MEDIA,1,Small_Mammal,0.2937,95.2,1810.6,230.3,1951.6
/srv/shared_leopard_toad/2025/Documents/06.10-13.10.2025/6R/105MEDIA/DSCF0780.JPG,DSCF0780.JPG,6R/105MEDIA,2,Western_Leopard_Toad,0.8213,413.1,333.9,568.0,491.5
/srv/shared_leopard_toad/2025/Documents/06.10-13.10.2025/6R/105MEDIA/DSCF0403.JPG,DSCF0403.JPG,6R/105MEDIA,0,Other_Amphibian,0.3193,1653.3,2013.2,1727.7,2106.5
/srv/shared_leopard_toad/2025/Documents/06.10-13.10.2025/6R/105MEDIA/DSCF0403.JPG,DSCF0403.JPG,6R/105MEDIA,0,Other_Amphibian,0.3186,2486.9,379.5,2579.3,474.0
/srv/shared_leopard_toad/2025/Documents/06.10-13.10.2025/6R/105MEDIA/DSCF0369.JPG,DSCF0369.JPG,6R/105MEDIA,2,Western_Leopard_Toad,0.5029,243.8,567.2,405.9,724.0
/srv/shared_leopard_toad/2025/Documents/06.10-13.10.2025/6R/105MEDIA/DSCF0369.JPG,DSCF0369.JPG,6R/105MEDIA,0,Other_Amphibian,0.2391,671.2,630.1,760.8,712.8
/srv/shared_leopard_toad/2025/Documents/06.10-13.10.2025/6R/105MEDIA/DSCF0422.JPG,DSCF0422.JPG,6R/105MEDIA,2,Western_Leopard_Toad,0.2695,2592.6,2678.0,2862.2,2856.1
/srv/shared_leopard_toad/2025/Documents/06.10-13.10.2025/6R/105MEDIA/DSCF0549.JPG,DSCF0549.JPG,6R/105MEDIA,0,Other_Amphibian,0.2644,594.4,2436.8,672.1,2545.1
/srv/shared_leopard_toad/2025/Documents/06.10-13.10.2025/6R/105MEDIA/DSCF0817.JPG,DSCF0817.JPG,6R/105MEDIA,0,Other_Amphibian,0.2222,2698.5,-4.1,2929.5,44.9
/srv/shared_leopard_toad/2025/Documents/06.10-13.10.2025/6R/105MEDIA/DSCF0649.JPG,DSCF0649.JPG,6R/105MEDIA,0,Other_Amphibian,0.2303,1691.4,1894.9,1794.6,2003.2
/srv/shared_leopard_toad/2025/Documents/06.10-13.10.2025/6R/105MEDIA/DSCF0649.JPG,DSCF0649.JPG,6R/105MEDIA,0,Other_Amphibian,0.2012,1692.9,1895.0,1793.1,2003.1
/srv/shared_leopard_toad/2025/Documents/06.10-13.10.2025/6R/105MEDIA/DSCF0353.JPG,DSCF0353.JPG,6R/105MEDIA,0,Other_Amphibian,0.3838,2487.5,381.6,2568.2,474.0
/srv/shared_leopard_toad/2025/Documents/06.10-13.10.2025/6R/105MEDIA/DSCF0353.JPG,DSCF0353.JPG,6R/105MEDIA,0,Other_Amphibian,0.2661,1661.4,2014.8,1732.7,2107.7
/srv/shared_leopard_toad/2025/Documents/06.10-13.10.2025/6R/105MEDIA/DSCF0476.JPG,DSCF0476.JPG,6R/105MEDIA,2,Western_Leopard_Toad,0.5508,2486.2,-1.1,2745.4,99.2
/srv/shared_leopard_toad/2025/Documents/06.10-13.10.2025/6R/105MEDIA/DSCF0476.JPG,DSCF0476.JPG,6R/105MEDIA,2,Western_Leopard_Toad,0.4141,108.8,1812.9,229.8,1958.2
/srv/shared_leopard_toad/2025/Documents/06.10-13.10.2025/6R/105MEDIA/DSCF0476.JPG,DSCF0476.JPG,6R/105MEDIA,0,Other_Amphibian,0.2512,108.8,1812.9,229.8,1958.2
/srv/shared_leopard_toad/2025/Documents/06.10-13.10.2025/6R/105MEDIA/DSCF0476.JPG,DSCF0476.JPG,6R/105MEDIA,0,Other_Amphibian,0.2233,2486.2,-1.1,2745.4,99.2
/srv/shared_leopard_toad/2025/Documents/06.10-13.10.2025/6R/105MEDIA/DSCF0713.JPG,DSCF0713.JPG,6R/105MEDIA,0,Other_Amphibian,0.2583,2703.8,-5.2,2940.0,49.3
/srv/shared_leopard_toad/2025/Documents/06.10-13.10.2025/6R/105MEDIA/DSCF0699.JPG,DSCF0699.JPG,6R/105MEDIA,0,Other_Amphibian,0.2319,2707.9,-4.7,2946.3,46.1
/srv/shared_leopard_toad/2025/Documents/06.10-13.10.2025/6R/105MEDIA/DSCF0146.JPG,DSCF0146.JPG,6R/105MEDIA,0,Other_Amphibian,0.2239,1662.2,2015.0,1731.9,2104.6
/srv/shared_leopard_toad/2025/Documents/06.10-13.10.2025/6R/105MEDIA/DSCF0566.JPG,DSCF0566.JPG,6R/105MEDIA,0,Other_Amphibian,0.2048,594.6,2436.5,669.3,2542.5
/srv/shared_leopard_toad/2025/Documents/06.10-13.10.2025/6R/105MEDIA/DSCF0559.JPG,DSCF0559.JPG,6R/105MEDIA,0,Other_Amphibian,0.2739,593.5,2439.6,668.5,2545.3
/srv/shared_leopard_toad/2025/Documents/06.10-13.10.2025/6R/105MEDIA/DSCF0445.JPG,DSCF0445.JPG,6R/105MEDIA,2,Western_Leopard_Toad,0.3711,108.0,1812.5,228.0,1958.6
/srv/shared_leopard_toad/2025/Documents/06.10-13.10.2025/6R/105MEDIA/DSCF0445.JPG,DSCF0445.JPG,6R/105MEDIA,0,Other_Amphibian,0.2140,108.0,1812.5,228.0,1958.6
/srv/shared_leopard_toad/2025/Documents/06.10-13.10.2025/6R/105MEDIA/DSCF0445.JPG,DSCF0445.JPG,6R/105MEDIA,0,Other_Amphibian,0.2028,670.4,627.4,764.2,718.5
/srv/shared_leopard_toad/2025/Documents/06.10-13.10.2025/6R/105MEDIA/DSCF0368.JPG,DSCF0368.JPG,6R/105MEDIA,0,Other_Amphibian,0.2473,672.0,632.8,766.5,717.5
/srv/shared_leopard_toad/2025/Documents/06.10-13.10.2025/6R/105MEDIA/DSCF0366.JPG,DSCF0366.JPG,6R/105MEDIA,2,Western_Leopard_Toad,0.7681,252.1,565.8,405.8,727.6
/srv/shared_leopard_toad/2025/Documents/06.10-13.10.2025/6R/105MEDIA/DSCF0366.JPG,DSCF0366.JPG,6R/105MEDIA,2,Western_Leopard_Toad,0.3728,252.3,566.2,410.5,728.0
/srv/shared_leopard_toad/2025/Documents/06.10-13.10.2025/6R/105MEDIA/DSCF0366.JPG,DSCF0366.JPG,6R/105MEDIA,0,Other_Amphibian,0.2434,2490.8,379.5,2580.7,472.5
/srv/shared_leopard_toad/2025/Documents/06.10-13.10.2025/6R/105MEDIA/DSCF0439.JPG,DSCF0439.JPG,6R/105MEDIA,2,Western_Leopard_Toad,0.3179,2581.4,2675.8,2862.8,2855.4
/srv/shared_leopard_toad/2025/Documents/06.10-13.10.2025/6R/105MEDIA/DSCF0755.JPG,DSCF0755.JPG,6R/105MEDIA,0,Other_Amphibian,0.2695,2708.5,-5.5,2935.2,47.4
/srv/shared_leopard_toad/2025/Documents/06.10-13.10.2025/6R/105MEDIA/DSCF0372.JPG,DSCF0372.JPG,6R/105MEDIA,0,Other_Amphibian,0.2930,669.5,627.5,761.1,713.2
/srv/shared_leopard_toad/2025/Documents/06.10-13.10.2025/6R/105MEDIA/DSCF0372.JPG,DSCF0372.JPG,6R/105MEDIA,2,Western_Leopard_Toad,0.2664,101.1,1812.8,229.4,1958.3
/srv/shared_leopard_toad/2025/Documents/06.10-13.10.2025/6R/105MEDIA/DSCF0372.JPG,DSCF0372.JPG,6R/105MEDIA,0,Other_Amphibian,0.2382,2486.7,377.7,2574.3,474.3
/srv/shared_leopard_toad/2025/Documents/06.10-13.10.2025/6R/105MEDIA/DSCF0342.JPG,DSCF0342.JPG,6R/105MEDIA,0,Other_Amphibian,0.2234,2486.8,379.5,2571.6,472.5
/srv/shared_leopard_toad/2025/Documents/06.10-13.10.2025/6R/105MEDIA/DSCF0305.JPG,DSCF0305.JPG,6R/105MEDIA,0,Other_Amphibian,0.2551,2488.0,378.1,2578.2,473.9
/srv/shared_leopard_toad/2025/Documents/06.10-13.10.2025/6R/105MEDIA/DSCF0709.JPG,DSCF0709.JPG,6R/105MEDIA,0,Other_Amphibian,0.2292,2715.1,-5.7,2939.2,53.3
/srv/shared_leopard_toad/2025/Documents/06.10-13.10.2025/6R/105MEDIA/DSCF0670.JPG,DSCF0670.JPG,6R/105MEDIA,0,Other_Amphibian,0.2976,2717.5,-5.0,2947.2,51.0
/srv/shared_leopard_toad/2025/Documents/06.10-13.10.2025/6R/105MEDIA/DSCF0676.JPG,DSCF0676.JPG,6R/105MEDIA,2,Western_Leopard_Toad,0.8184,412.8,335.8,563.1,491.1
/srv/shared_leopard_toad/2025/Documents/06.10-13.10.2025/6R/105MEDIA/DSCF0676.JPG,DSCF0676.JPG,6R/105MEDIA,0,Other_Amphibian,0.2086,2702.6,-4.7,2946.4,47.4
/srv/shared_leopard_toad/2025/Documents/06.10-13.10.2025/6R/105MEDIA/DSCF0700.JPG,DSCF0700.JPG,6R/105MEDIA,2,Western_Leopard_Toad,0.5298,412.0,335.0,565.2,484.5
/srv/shared_leopard_toad/2025/Documents/06.10-13.10.2025/6R/105MEDIA/DSCF0230.JPG,DSCF0230.JPG,6R/105MEDIA,0,Other_Amphibian,0.2166,2487.5,378.8,2578.8,473.2
/srv/shared_leopard_toad/2025/Documents/06.10-13.10.2025/6R/105MEDIA/DSCF0007.JPG,DSCF0007.JPG,6R/105MEDIA,2,Western_Leopard_Toad,0.2610,250.2,569.3,411.3,736.0
/srv/shared_leopard_toad/2025/Documents/06.10-13.10.2025/6R/105MEDIA/DSCF0139.JPG,DSCF0139.JPG,6R/105MEDIA,0,Other_Amphibian,0.2903,1273.0,1347.6,1428.2,1481.5
/srv/shared_leopard_toad/2025/Documents/06.10-13.10.2025/6R/105MEDIA/DSCF0324.JPG,DSCF0324.JPG,6R/105MEDIA,0,Other_Amphibian,0.2294,2489.2,379.6,2577.1,472.4
/srv/shared_leopard_toad/2025/Documents/06.10-13.10.2025/6R/105MEDIA/DSCF0730.JPG,DSCF0730.JPG,6R/105MEDIA,0,Other_Amphibian,0.2031,2705.4,-4.5,2927.9,46.7
/srv/shared_leopard_toad/2025/Documents/06.10-13.10.2025/6R/105MEDIA/DSCF0380.JPG,DSCF0380.JPG,6R/105MEDIA,0,Other_Amphibian,0.4104,2485.9,379.5,2572.5,472.5
/srv/shared_leopard_toad/2025/Documents/06.10-13.10.2025/6R/105MEDIA/DSCF0380.JPG,DSCF0380.JPG,6R/105MEDIA,0,Other_Amphibian,0.3044,675.1,627.1,766.0,715.9
/srv/shared_leopard_toad/2025/Documents/06.10-13.10.2025/6R/105MEDIA/DSCF0568.JPG,DSCF0568.JPG,6R/105MEDIA,0,Other_Amphibian,0.2355,594.0,2435.5,669.9,2543.5
/srv/shared_leopard_toad/2025/Documents/06.10-13.10.2025/6R/105MEDIA/DSCF0854.JPG,DSCF0854.JPG,6R/105MEDIA,2,Western_Leopard_Toad,0.5620,418.7,336.7,565.6,482.8
/srv/shared_leopard_toad/2025/Documents/06.10-13.10.2025/6R/105MEDIA/DSCF0402.JPG,DSCF0402.JPG,6R/105MEDIA,2,Western_Leopard_Toad,0.2820,246.8,566.3,407.4,727.2
/srv/shared_leopard_toad/2025/Documents/06.10-13.10.2025/6R/105MEDIA/DSCF0402.JPG,DSCF0402.JPG,6R/105MEDIA,0,Other_Amphibian,0.2756,672.8,625.7,768.3,718.0
/srv/shared_leopard_toad/2025/Documents/06.10-13.10.2025/6R/105MEDIA/DSCF0301.JPG,DSCF0301.JPG,6R/105MEDIA,0,Other_Amphibian,0.3486,2485.7,378.1,2575.3,473.9
/srv/shared_leopard_toad/2025/Documents/06.10-13.10.2025/6R/105MEDIA/DSCF0301.JPG,DSCF0301.JPG,6R/105MEDIA,2,Western_Leopard_Toad,0.3271,112.1,1813.1,232.4,1958.1
/srv/shared_leopard_toad/2025/Documents/06.10-13.10.2025/6R/105MEDIA/DSCF0301.JPG,DSCF0301.JPG,6R/105MEDIA,0,Other_Amphibian,0.3164,1658.3,2017.1,1728.0,2105.5
/srv/shared_leopard_toad/2025/Documents/06.10-13.10.2025/6R/105MEDIA/DSCF0544.JPG,DSCF0544.JPG,6R/105MEDIA,0,Other_Amphibian,0.2898,593.1,2431.7,675.4,2541.4
/srv/shared_leopard_toad/2025/Documents/06.10-13.10.2025/6R/105MEDIA/DSCF0237.JPG,DSCF0237.JPG,6R/105MEDIA,0,Other_Amphibian,0.2096,1668.1,2009.2,1733.9,2104.5
/srv/shared_leopard_toad/2025/Documents/06.10-13.10.2025/6R/105MEDIA/DSCF0373.JPG,DSCF0373.JPG,6R/105MEDIA,0,Other_Amphibian,0.2368,2486.2,379.1,2574.8,474.3
/srv/shared_leopard_toad/2025/Documents/06.10-13.10.2025/6R/105MEDIA/DSCF0373.JPG,DSCF0373.JPG,6R/105MEDIA,0,Other_Amphibian,0.2085,2763.2,2347.8,2875.3,2474.6
/srv/shared_leopard_toad/2025/Documents/06.10-13.10.2025/6R/105MEDIA/DSCF0505.JPG,DSCF0505.JPG,6R/105MEDIA,2,Western_Leopard_Toad,0.5239,235.8,571.3,406.7,748.0
/srv/shared_leopard_toad/2025/Documents/06.10-13.10.2025/6R/105MEDIA/DSCF0672.JPG,DSCF0672.JPG,6R/105MEDIA,2,Western_Leopard_Toad,0.2681,410.6,336.7,561.3,487.2
/srv/shared_leopard_toad/2025/Documents/06.10-13.10.2025/6R/105MEDIA/DSCF0672.JPG,DSCF0672.JPG,6R/105MEDIA,0,Other_Amphibian,0.2438,2718.6,-4.2,2946.2,48.5
/srv/shared_leopard_toad/2025/Documents/06.10-13.10.2025/6R/105MEDIA/DSCF0662.JPG,DSCF0662.JPG,6R/105MEDIA,2,Western_Leopard_Toad,0.8887,408.5,336.4,563.4,493.4
/srv/shared_leopard_toad/2025/Documents/06.10-13.10.2025/6R/105MEDIA/DSCF0143.JPG,DSCF0143.JPG,6R/105MEDIA,0,Other_Amphibian,0.4143,1658.8,2010.5,1732.7,2106.1
/srv/shared_leopard_toad/2025/Documents/06.10-13.10.2025/6R/105MEDIA/DSCF0308.JPG,DSCF0308.JPG,6R/105MEDIA,0,Other_Amphibian,0.2898,2485.6,379.3,2572.8,472.6
/srv/shared_leopard_toad/2025/Documents/06.10-13.10.2025/6R/105MEDIA/DSCF0308.JPG,DSCF0308.JPG,6R/105MEDIA,0,Other_Amphibian,0.2515,1665.9,2015.1,1733.5,2107.5
/srv/shared_leopard_toad/2025/Documents/06.10-13.10.2025/6R/105MEDIA/DSCF0433.JPG,DSCF0433.JPG,6R/105MEDIA,2,Western_Leopard_Toad,0.3127,2472.9,-1.4,2745.6,102.2
/srv/shared_leopard_toad/2025/Documents/06.10-13.10.2025/6R/105MEDIA/DSCF0433.JPG,DSCF0433.JPG,6R/105MEDIA,0,Other_Amphibian,0.2163,2472.9,-1.4,2745.6,102.2
/srv/shared_leopard_toad/2025/Documents/06.10-13.10.2025/6R/105MEDIA/DSCF0312.JPG,DSCF0312.JPG,6R/105MEDIA,0,Other_Amphibian,0.2747,2487.4,381.5,2581.5,474.2
/srv/shared_leopard_toad/2025/Documents/06.10-13.10.2025/6R/105MEDIA/DSCF0385.JPG,DSCF0385.JPG,6R/105MEDIA,2,Western_Leopard_Toad,0.3491,100.6,1812.5,226.7,1955.7
/srv/shared_leopard_toad/2025/Documents/06.10-13.10.2025/6R/105MEDIA/DSCF0385.JPG,DSCF0385.JPG,6R/105MEDIA,1,Small_Mammal,0.2808,100.6,1812.5,226.7,1955.7
/srv/shared_leopard_toad/2025/Documents/06.10-13.10.2025/6R/105MEDIA/DSCF0385.JPG,DSCF0385.JPG,6R/105MEDIA,0,Other_Amphibian,0.2654,100.6,1812.5,226.7,1955.7
/srv/shared_leopard_toad/2025/Documents/06.10-13.10.2025/6R/105MEDIA/DSCF0385.JPG,DSCF0385.JPG,6R/105MEDIA,0,Other_Amphibian,0.2537,2485.5,377.2,2575.5,468.9
/srv/shared_leopard_toad/2025/Documents/06.10-13.10.2025/6R/105MEDIA/DSCF0426.JPG,DSCF0426.JPG,6R/105MEDIA,2,Western_Leopard_Toad,0.3918,2474.0,-1.7,2744.5,100.5
/srv/shared_leopard_toad/2025/Documents/06.10-13.10.2025/6R/105MEDIA/DSCF0041.JPG,DSCF0041.JPG,6R/105MEDIA,2,Western_Leopard_Toad,0.5571,261.7,564.3,409.7,725.5
/srv/shared_leopard_toad/2025/Documents/06.10-13.10.2025/6R/105MEDIA/DSCF0041.JPG,DSCF0041.JPG,6R/105MEDIA,2,Western_Leopard_Toad,0.2612,263.6,565.0,411.6,722.6
/srv/shared_leopard_toad/2025/Documents/06.10-13.10.2025/6R/105MEDIA/DSCF0254.JPG,DSCF0254.JPG,6R/105MEDIA,0,Other_Amphibian,0.8823,1407.0,2137.6,1590.8,2297.9
/srv/shared_leopard_toad/2025/Documents/06.10-13.10.2025/6R/105MEDIA/DSCF0509.JPG,DSCF0509.JPG,6R/105MEDIA,2,Western_Leopard_Toad,0.3496,230.5,572.6,400.1,749.7
/srv/shared_leopard_toad/2025/Documents/06.10-13.10.2025/6R/105MEDIA/DSCF0781.JPG,DSCF0781.JPG,6R/105MEDIA,2,Western_Leopard_Toad,0.9189,413.8,332.6,567.3,497.2
/srv/shared_leopard_toad/2025/Documents/06.10-13.10.2025/6R/105MEDIA/DSCF0564.JPG,DSCF0564.JPG,6R/105MEDIA,0,Other_Amphibian,0.4001,592.7,2440.8,671.3,2547.1
/srv/shared_leopard_toad/2025/Documents/06.10-13.10.2025/6R/105MEDIA/DSCF0303.JPG,DSCF0303.JPG,6R/105MEDIA,0,Other_Amphibian,0.2554,2485.7,378.2,2575.3,473.8
/srv/shared_leopard_toad/2025/Documents/06.10-13.10.2025/6R/105MEDIA/DSCF0303.JPG,DSCF0303.JPG,6R/105MEDIA,0,Other_Amphibian,0.2257,1663.5,2014.2,1730.6,2102.5
/srv/shared_leopard_toad/2025/Documents/06.10-13.10.2025/6R/105MEDIA/DSCF0515.JPG,DSCF0515.JPG,6R/105MEDIA,2,Western_Leopard_Toad,0.3533,223.6,570.7,402.4,753.0
/srv/shared_leopard_toad/2025/Documents/06.10-13.10.2025/6R/105MEDIA/DSCF0125.JPG,DSCF0125.JPG,6R/105MEDIA,0,Other_Amphibian,0.2413,1664.4,2013.1,1735.0,2106.5
/srv/shared_leopard_toad/2025/Documents/06.10-13.10.2025/6R/105MEDIA/DSCF0661.JPG,DSCF0661.JPG,6R/105MEDIA,2,Western_Leopard_Toad,0.6812,409.8,334.6,564.1,495.2
/srv/shared_leopard_toad/2025/Documents/06.10-13.10.2025/6R/105MEDIA/DSCF0988.JPG,DSCF0988.JPG,6R/105MEDIA,2,Western_Leopard_Toad,0.9028,4439.8,1239.9,4585.0,1397.2
/srv/shared_leopard_toad/2025/Documents/06.10-13.10.2025/6R/105MEDIA/DSCF0508.JPG,DSCF0508.JPG,6R/105MEDIA,2,Western_Leopard_Toad,0.2944,228.7,570.0,404.6,752.3
/srv/shared_leopard_toad/2025/Documents/06.10-13.10.2025/6R/105MEDIA/DSCF0290.JPG,DSCF0290.JPG,6R/105MEDIA,0,Other_Amphibian,0.4124,2485.3,378.6,2570.4,474.9
/srv/shared_leopard_toad/2025/Documents/06.10-13.10.2025/6R/105MEDIA/DSCF0556.JPG,DSCF0556.JPG,6R/105MEDIA,0,Other_Amphibian,0.3625,594.2,2438.2,669.8,2546.7
/srv/shared_leopard_toad/2025/Documents/06.10-13.10.2025/6R/105MEDIA/DSCF0758.JPG,DSCF0758.JPG,6R/105MEDIA,2,Western_Leopard_Toad,0.4292,414.5,335.6,566.5,503.8
/srv/shared_leopard_toad/2025/Documents/06.10-13.10.2025/6R/105MEDIA/DSCF0652.JPG,DSCF0652.JPG,6R/105MEDIA,0,Other_Amphibian,0.2224,1689.8,1894.9,1785.7,2003.2
/srv/shared_leopard_toad/2025/Documents/06.10-13.10.2025/6R/105MEDIA/DSCF0165.JPG,DSCF0165.JPG,6R/105MEDIA,0,Other_Amphibian,0.3137,1662.1,2010.9,1734.6,2105.8
/srv/shared_leopard_toad/2025/Documents/06.10-13.10.2025/6R/105MEDIA/DSCF0615.JPG,DSCF0615.JPG,6R/105MEDIA,0,Other_Amphibian,0.2544,1025.8,337.6,1112.3,417.0
/srv/shared_leopard_toad/2025/Documents/06.10-13.10.2025/6R/105MEDIA/DSCF0258.JPG,DSCF0258.JPG,6R/105MEDIA,2,Western_Leopard_Toad,0.2649,105.5,1812.7,233.1,1958.5
/srv/shared_leopard_toad/2025/Documents/06.10-13.10.2025/6R/105MEDIA/DSCF0346.JPG,DSCF0346.JPG,6R/105MEDIA,2,Western_Leopard_Toad,0.9268,4287.4,1700.2,4490.6,1890.8
/srv/shared_leopard_toad/2025/Documents/06.10-13.10.2025/6R/105MEDIA/DSCF0346.JPG,DSCF0346.JPG,6R/105MEDIA,0,Other_Amphibian,0.2157,2486.9,379.4,2568.9,472.5
/srv/shared_leopard_toad/2025/Documents/06.10-13.10.2025/6R/105MEDIA/DSCF0723.JPG,DSCF0723.JPG,6R/105MEDIA,0,Other_Amphibian,0.2815,2705.7,-5.2,2932.8,52.1
/srv/shared_leopard_toad/2025/Documents/06.10-13.10.2025/6R/105MEDIA/DSCF0697.JPG,DSCF0697.JPG,6R/105MEDIA,2,Western_Leopard_Toad,0.7544,408.9,335.9,563.0,482.8
/srv/shared_leopard_toad/2025/Documents/06.10-13.10.2025/6R/105MEDIA/DSCF0761.JPG,DSCF0761.JPG,6R/105MEDIA,2,Western_Leopard_Toad,0.5664,418.0,333.2,569.7,499.5
/srv/shared_leopard_toad/2025/Documents/06.10-13.10.2025/6R/105MEDIA/DSCF0117.JPG,DSCF0117.JPG,6R/105MEDIA,0,Other_Amphibian,0.3660,1661.2,2013.5,1730.3,2106.1
/srv/shared_leopard_toad/2025/Documents/06.10-13.10.2025/6R/105MEDIA/DSCF0833.JPG,DSCF0833.JPG,6R/105MEDIA,0,Other_Amphibian,0.2428,2701.4,-4.3,2937.1,45.3
/srv/shared_leopard_toad/2025/Documents/06.10-13.10.2025/6R/105MEDIA/DSCF0412.JPG,DSCF0412.JPG,6R/105MEDIA,0,Other_Amphibian,0.3191,2484.7,378.6,2576.3,474.9
/srv/shared_leopard_toad/2025/Documents/06.10-13.10.2025/6R/105MEDIA/DSCF0405.JPG,DSCF0405.JPG,6R/105MEDIA,0,Other_Amphibian,0.2607,2486.2,380.2,2574.8,471.0
/srv/shared_leopard_toad/2025/Documents/06.10-13.10.2025/6R/105MEDIA/DSCF0754.JPG,DSCF0754.JPG,6R/105MEDIA,2,Western_Leopard_Toad,0.3538,408.0,335.8,562.6,494.0
/srv/shared_leopard_toad/2025/Documents/06.10-13.10.2025/6R/105MEDIA/DSCF0754.JPG,DSCF0754.JPG,6R/105MEDIA,0,Other_Amphibian,0.2415,2709.2,-5.1,2950.3,47.5
/srv/shared_leopard_toad/2025/Documents/06.10-13.10.2025/6R/105MEDIA/DSCF0189.JPG,DSCF0189.JPG,6R/105MEDIA,2,Western_Leopard_Toad,0.3674,4219.0,2614.1,4396.2,2775.3
/srv/shared_leopard_toad/2025/Documents/06.10-13.10.2025/6R/105MEDIA/DSCF0729.JPG,DSCF0729.JPG,6R/105MEDIA,0,Other_Amphibian,0.2771,2714.1,-5.9,2934.9,50.0
/srv/shared_leopard_toad/2025/Documents/06.10-13.10.2025/6R/105MEDIA/DSCF0315.JPG,DSCF0315.JPG,6R/105MEDIA,0,Other_Amphibian,0.2876,2487.9,378.9,2573.1,474.5
/srv/shared_leopard_toad/2025/Documents/06.10-13.10.2025/6R/105MEDIA/DSCF0288.JPG,DSCF0288.JPG,6R/105MEDIA,2,Western_Leopard_Toad,0.3967,107.9,1811.3,228.1,1956.9
/srv/shared_leopard_toad/2025/Documents/06.10-13.10.2025/6R/105MEDIA/DSCF0423.JPG,DSCF0423.JPG,6R/105MEDIA,2,Western_Leopard_Toad,0.3174,2583.6,2677.6,2865.9,2856.6
/srv/shared_leopard_toad/2025/Documents/06.10-13.10.2025/6R/105MEDIA/DSCF0264.JPG,DSCF0264.JPG,6R/105MEDIA,0,Other_Amphibian,0.2310,1664.7,2011.5,1732.0,2102.2
/srv/shared_leopard_toad/2025/Documents/06.10-13.10.2025/6R/105MEDIA/DSCF0145.JPG,DSCF0145.JPG,6R/105MEDIA,0,Other_Amphibian,0.3582,1661.2,2012.7,1732.9,2106.9
/srv/shared_leopard_toad/2025/Documents/06.10-13.10.2025/6R/105MEDIA/DSCF0284.JPG,DSCF0284.JPG,6R/105MEDIA,2,Western_Leopard_Toad,0.7461,106.0,1809.9,230.0,1952.4
/srv/shared_leopard_toad/2025/Documents/06.10-13.10.2025/6R/105MEDIA/DSCF0284.JPG,DSCF0284.JPG,6R/105MEDIA,1,Small_Mammal,0.3037,106.0,1809.9,230.0,1952.4
/srv/shared_leopard_toad/2025/Documents/06.10-13.10.2025/6R/105MEDIA/DSCF0504.JPG,DSCF0504.JPG,6R/105MEDIA,2,Western_Leopard_Toad,0.7622,229.4,567.6,406.2,748.7
/srv/shared_leopard_toad/2025/Documents/06.10-13.10.2025/6R/105MEDIA/DSCF0271.JPG,DSCF0271.JPG,6R/105MEDIA,2,Western_Leopard_Toad,0.4397,111.8,1813.4,228.8,1957.7
/srv/shared_leopard_toad/2025/Documents/06.10-13.10.2025/6R/105MEDIA/DSCF0659.JPG,DSCF0659.JPG,6R/105MEDIA,2,Western_Leopard_Toad,0.6396,404.0,335.6,561.3,488.3
/srv/shared_leopard_toad/2025/Documents/06.10-13.10.2025/6R/105MEDIA/DSCF0659.JPG,DSCF0659.JPG,6R/105MEDIA,0,Other_Amphibian,0.2229,2706.8,-5.5,2937.0,49.5
/srv/shared_leopard_toad/2025/Documents/06.10-13.10.2025/6R/105MEDIA/DSCF0096.JPG,DSCF0096.JPG,6R/105MEDIA,0,Other_Amphibian,0.2009,1667.6,2011.6,1734.4,2105.1
/srv/shared_leopard_toad/2025/Documents/06.10-13.10.2025/6R/105MEDIA/DSCF0384.JPG,DSCF0384.JPG,6R/105MEDIA,0,Other_Amphibian,0.2935,2486.2,378.7,2574.8,473.2
/srv/shared_leopard_toad/2025/Documents/06.10-13.10.2025/6R/105MEDIA/DSCF0384.JPG,DSCF0384.JPG,6R/105MEDIA,0,Other_Amphibian,0.2299,2765.1,2344.1,2878.6,2469.5
/srv/shared_leopard_toad/2025/Documents/06.10-13.10.2025/6R/105MEDIA/DSCF0149.JPG,DSCF0149.JPG,6R/105MEDIA,0,Other_Amphibian,0.2339,1662.5,2009.9,1731.7,2103.8
/srv/shared_leopard_toad/2025/Documents/06.10-13.10.2025/6R/105MEDIA/DSCF0502.JPG,DSCF0502.JPG,6R/105MEDIA,2,Western_Leopard_Toad,0.6182,237.4,567.7,407.4,746.4
/srv/shared_leopard_toad/2025/Documents/06.10-13.10.2025/6R/105MEDIA/DSCF0502.JPG,DSCF0502.JPG,6R/105MEDIA,2,Western_Leopard_Toad,0.4624,236.6,569.8,407.2,748.8
/srv/shared_leopard_toad/2025/Documents/06.10-13.10.2025/6R/105MEDIA/DSCF0231.JPG,DSCF0231.JPG,6R/105MEDIA,0,Other_Amphibian,0.2343,2488.5,380.1,2569.9,472.7
/srv/shared_leopard_toad/2025/Documents/06.10-13.10.2025/6R/105MEDIA/DSCF0320.JPG,DSCF0320.JPG,6R/105MEDIA,0,Other_Amphibian,0.4238,2487.8,378.8,2578.4,469.5
/srv/shared_leopard_toad/2025/Documents/06.10-13.10.2025/6R/105MEDIA/DSCF0320.JPG,DSCF0320.JPG,6R/105MEDIA,0,Other_Amphibian,0.2556,1668.4,2012.5,1736.3,2110.1
/srv/shared_leopard_toad/2025/Documents/06.10-13.10.2025/6R/105MEDIA/DSCF0731.JPG,DSCF0731.JPG,6R/105MEDIA,0,Other_Amphibian,0.2651,2710.1,-5.6,2944.1,49.0
/srv/shared_leopard_toad/2025/Documents/06.10-13.10.2025/6R/105MEDIA/DSCF0307.JPG,DSCF0307.JPG,6R/105MEDIA,2,Western_Leopard_Toad,0.5327,112.3,1814.5,231.6,1953.7
/srv/shared_leopard_toad/2025/Documents/06.10-13.10.2025/6R/105MEDIA/DSCF0307.JPG,DSCF0307.JPG,6R/105MEDIA,0,Other_Amphibian,0.2915,2485.2,377.8,2575.8,474.2
/srv/shared_leopard_toad/2025/Documents/06.10-13.10.2025/6R/105MEDIA/DSCF0268.JPG,DSCF0268.JPG,6R/105MEDIA,2,Western_Leopard_Toad,0.3879,113.3,1813.4,228.0,1957.7
/srv/shared_leopard_toad/2025/Documents/06.10-13.10.2025/6R/105MEDIA/DSCF0268.JPG,DSCF0268.JPG,6R/105MEDIA,0,Other_Amphibian,0.3137,2486.4,379.5,2569.3,474.0
/srv/shared_leopard_toad/2025/Documents/06.10-13.10.2025/6R/105MEDIA/DSCF0663.JPG,DSCF0663.JPG,6R/105MEDIA,2,Western_Leopard_Toad,0.8066,408.3,333.7,565.6,490.2
/srv/shared_leopard_toad/2025/Documents/06.10-13.10.2025/6R/105MEDIA/DSCF0106.JPG,DSCF0106.JPG,6R/105MEDIA,0,Other_Amphibian,0.4976,1660.9,2014.2,1730.6,2105.4
/srv/shared_leopard_toad/2025/Documents/06.10-13.10.2025/6R/105MEDIA/DSCF0246.JPG,DSCF0246.JPG,6R/105MEDIA,0,Other_Amphibian,0.2654,2486.2,379.7,2574.8,473.0
/srv/shared_leopard_toad/2025/Documents/06.10-13.10.2025/6R/105MEDIA/DSCF0378.JPG,DSCF0378.JPG,6R/105MEDIA,0,Other_Amphibian,0.2434,673.1,628.9,758.9,714.1
/srv/shared_leopard_toad/2025/Documents/06.10-13.10.2025/6R/105MEDIA/DSCF0704.JPG,DSCF0704.JPG,6R/105MEDIA,0,Other_Amphibian,0.2104,2701.4,-4.2,2937.1,47.3
/srv/shared_leopard_toad/2025/Documents/06.10-13.10.2025/6R/105MEDIA/DSCF0842.JPG,DSCF0842.JPG,6R/105MEDIA,0,Other_Amphibian,0.2764,2694.5,-4.0,2938.8,43.0
/srv/shared_leopard_toad/2025/Documents/06.10-13.10.2025/6R/105MEDIA/DSCF0739.JPG,DSCF0739.JPG,6R/105MEDIA,0,Other_Amphibian,0.2356,2713.7,-5.8,2966.8,49.5
/srv/shared_leopard_toad/2025/Documents/06.10-13.10.2025/6R/105MEDIA/DSCF0097.JPG,DSCF0097.JPG,6R/105MEDIA,2,Western_Leopard_Toad,0.2854,251.3,569.4,409.2,724.1
/srv/shared_leopard_toad/2025/Documents/06.10-13.10.2025/6R/105MEDIA/DSCF0472.JPG,DSCF0472.JPG,6R/105MEDIA,2,Western_Leopard_Toad,0.6187,2477.6,-0.5,2746.2,100.1
/srv/shared_leopard_toad/2025/Documents/06.10-13.10.2025/6R/105MEDIA/DSCF0472.JPG,DSCF0472.JPG,6R/105MEDIA,0,Other_Amphibian,0.3237,2477.6,-0.5,2746.2,100.1
/srv/shared_leopard_toad/2025/Documents/06.10-13.10.2025/6R/105MEDIA/DSCF0396.JPG,DSCF0396.JPG,6R/105MEDIA,0,Other_Amphibian,0.2394,93.9,1811.7,228.5,1953.5
/srv/shared_leopard_toad/2025/Documents/06.10-13.10.2025/6R/105MEDIA/DSCF0396.JPG,DSCF0396.JPG,6R/105MEDIA,0,Other_Amphibian,0.2340,2489.0,380.8,2579.9,471.9
/srv/shared_leopard_toad/2025/Documents/06.10-13.10.2025/6R/105MEDIA/DSCF0448.JPG,DSCF0448.JPG,6R/105MEDIA,0,Other_Amphibian,0.2993,671.0,629.8,760.9,713.1
/srv/shared_leopard_toad/2025/Documents/06.10-13.10.2025/6R/105MEDIA/DSCF0683.JPG,DSCF0683.JPG,6R/105MEDIA,0,Other_Amphibian,0.2527,2717.7,-3.9,2941.8,44.4
/srv/shared_leopard_toad/2025/Documents/06.10-13.10.2025/6R/105MEDIA/DSCF0386.JPG,DSCF0386.JPG,6R/105MEDIA,0,Other_Amphibian,0.4160,2487.4,380.3,2581.5,473.2
/srv/shared_leopard_toad/2025/Documents/06.10-13.10.2025/6R/105MEDIA/DSCF0386.JPG,DSCF0386.JPG,6R/105MEDIA,0,Other_Amphibian,0.2372,668.8,631.0,765.7,715.6
/srv/shared_leopard_toad/2025/Documents/06.10-13.10.2025/6R/105MEDIA/DSCF0134.JPG,DSCF0134.JPG,6R/105MEDIA,0,Other_Amphibian,0.3071,1661.1,2014.6,1733.0,2110.9
/srv/shared_leopard_toad/2025/Documents/06.10-13.10.2025/6R/105MEDIA/DSCF0399.JPG,DSCF0399.JPG,6R/105MEDIA,2,Western_Leopard_Toad,0.7393,250.6,563.6,408.6,723.9
/srv/shared_leopard_toad/2025/Documents/06.10-13.10.2025/6R/105MEDIA/DSCF0399.JPG,DSCF0399.JPG,6R/105MEDIA,2,Western_Leopard_Toad,0.4958,98.4,1809.0,228.9,1953.3
/srv/shared_leopard_toad/2025/Documents/06.10-13.10.2025/6R/105MEDIA/DSCF0399.JPG,DSCF0399.JPG,6R/105MEDIA,0,Other_Amphibian,0.3208,2487.2,379.5,2573.8,472.5
/srv/shared_leopard_toad/2025/Documents/06.10-13.10.2025/6R/105MEDIA/DSCF0399.JPG,DSCF0399.JPG,6R/105MEDIA,0,Other_Amphibian,0.3010,98.4,1809.0,228.9,1953.3
/srv/shared_leopard_toad/2025/Documents/06.10-13.10.2025/6R/105MEDIA/DSCF0474.JPG,DSCF0474.JPG,6R/105MEDIA,2,Western_Leopard_Toad,0.2920,2473.3,-1.3,2750.4,100.9
/srv/shared_leopard_toad/2025/Documents/06.10-13.10.2025/6R/105MEDIA/DSCF0567.JPG,DSCF0567.JPG,6R/105MEDIA,0,Other_Amphibian,0.3997,594.0,2437.5,669.9,2547.4
/srv/shared_leopard_toad/2025/Documents/06.10-13.10.2025/6R/105MEDIA/DSCF0499.JPG,DSCF0499.JPG,6R/105MEDIA,2,Western_Leopard_Toad,0.4663,246.0,571.5,406.0,749.3
/srv/shared_leopard_toad/2025/Documents/06.10-13.10.2025/6R/105MEDIA/DSCF0900.JPG,DSCF0900.JPG,6R/105MEDIA,0,Other_Amphibian,0.2351,2695.5,-4.8,2927.3,45.2
/srv/shared_leopard_toad/2025/Documents/06.10-13.10.2025/6R/105MEDIA/DSCF0335.JPG,DSCF0335.JPG,6R/105MEDIA,0,Other_Amphibian,0.4775,2486.9,378.0,2579.3,474.0
/srv/shared_leopard_toad/2025/Documents/06.10-13.10.2025/6R/105MEDIA/DSCF0750.JPG,DSCF0750.JPG,6R/105MEDIA,2,Western_Leopard_Toad,0.4629,411.3,332.4,569.8,501.8
/srv/shared_leopard_toad/2025/Documents/06.10-13.10.2025/6R/105MEDIA/DSCF0669.JPG,DSCF0669.JPG,6R/105MEDIA,2,Western_Leopard_Toad,0.8633,410.2,335.2,563.7,490.2
/srv/shared_leopard_toad/2025/Documents/06.10-13.10.2025/6R/105MEDIA/DSCF0745.JPG,DSCF0745.JPG,6R/105MEDIA,2,Western_Leopard_Toad,0.4053,407.4,335.5,564.5,498.8
/srv/shared_leopard_toad/2025/Documents/06.10-13.10.2025/6R/105MEDIA/DSCF0127.JPG,DSCF0127.JPG,6R/105MEDIA,0,Other_Amphibian,0.2462,1663.3,2008.0,1738.7,2105.7
/srv/shared_leopard_toad/2025/Documents/06.10-13.10.2025/6R/105MEDIA/DSCF0127.JPG,DSCF0127.JPG,6R/105MEDIA,0,Other_Amphibian,0.2240,1660.8,2008.3,1738.5,2105.4
/srv/shared_leopard_toad/2025/Documents/06.10-13.10.2025/6R/105MEDIA/DSCF0095.JPG,DSCF0095.JPG,6R/105MEDIA,0,Other_Amphibian,0.3628,1664.8,2010.6,1734.6,2106.0
/srv/shared_leopard_toad/2025/Documents/06.10-13.10.2025/6R/105MEDIA/DSCF0363.JPG,DSCF0363.JPG,6R/105MEDIA,0,Other_Amphibian,0.8140,3476.9,1073.5,3684.1,1247.6
/srv/shared_leopard_toad/2025/Documents/06.10-13.10.2025/6R/105MEDIA/DSCF0363.JPG,DSCF0363.JPG,6R/105MEDIA,0,Other_Amphibian,0.4219,1653.0,2014.3,1728.0,2108.3
/srv/shared_leopard_toad/2025/Documents/06.10-13.10.2025/6R/105MEDIA/DSCF0154.JPG,DSCF0154.JPG,6R/105MEDIA,0,Other_Amphibian,0.3518,1661.2,2009.8,1732.9,2103.9
/srv/shared_leopard_toad/2025/Documents/06.10-13.10.2025/6R/105MEDIA/DSCF0123.JPG,DSCF0123.JPG,6R/105MEDIA,0,Other_Amphibian,0.4033,1661.4,2013.3,1732.7,2106.3
/srv/shared_leopard_toad/2025/Documents/06.10-13.10.2025/6R/105MEDIA/DSCF0666.JPG,DSCF0666.JPG,6R/105MEDIA,2,Western_Leopard_Toad,0.5215,411.4,335.6,562.5,487.5
/srv/shared_leopard_toad/2025/Documents/06.10-13.10.2025/6R/105MEDIA/DSCF0280.JPG,DSCF0280.JPG,6R/105MEDIA,2,Western_Leopard_Toad,0.4910,120.1,1815.7,231.0,1955.4
/srv/shared_leopard_toad/2025/Documents/06.10-13.10.2025/6R/105MEDIA/DSCF0675.JPG,DSCF0675.JPG,6R/105MEDIA,0,Other_Amphibian,0.2339,2712.3,-5.3,2931.5,50.4
/srv/shared_leopard_toad/2025/Documents/06.10-13.10.2025/6R/105MEDIA/DSCF0414.JPG,DSCF0414.JPG,6R/105MEDIA,2,Western_Leopard_Toad,0.4180,96.0,1811.5,228.8,1947.9
/srv/shared_leopard_toad/2025/Documents/06.10-13.10.2025/6R/105MEDIA/DSCF0414.JPG,DSCF0414.JPG,6R/105MEDIA,0,Other_Amphibian,0.3401,96.0,1811.5,228.8,1947.9
/srv/shared_leopard_toad/2025/Documents/06.10-13.10.2025/6R/105MEDIA/DSCF0414.JPG,DSCF0414.JPG,6R/105MEDIA,0,Other_Amphibian,0.2969,1654.9,2011.1,1728.7,2105.6
/srv/shared_leopard_toad/2025/Documents/06.10-13.10.2025/6R/105MEDIA/DSCF0414.JPG,DSCF0414.JPG,6R/105MEDIA,1,Small_Mammal,0.2401,96.0,1811.5,228.8,1947.9
/srv/shared_leopard_toad/2025/Documents/06.10-13.10.2025/6R/105MEDIA/DSCF0782.JPG,DSCF0782.JPG,6R/105MEDIA,2,Western_Leopard_Toad,0.2510,414.1,336.9,567.0,491.4
/srv/shared_leopard_toad/2025/Documents/06.10-13.10.2025/6R/105MEDIA/DSCF0074.JPG,DSCF0074.JPG,6R/105MEDIA,0,Other_Amphibian,0.2507,1662.8,2011.7,1733.9,2107.9
/srv/shared_leopard_toad/2025/Documents/06.10-13.10.2025/6R/105MEDIA/DSCF0110.JPG,DSCF0110.JPG,6R/105MEDIA,0,Other_Amphibian,0.5396,1660.2,2014.5,1731.3,2105.1
/srv/shared_leopard_toad/2025/Documents/06.10-13.10.2025/6R/105MEDIA/DSCF0418.JPG,DSCF0418.JPG,6R/105MEDIA,0,Other_Amphibian,0.2042,670.4,631.4,762.8,715.2
/srv/shared_leopard_toad/2025/Documents/06.10-13.10.2025/6R/105MEDIA/DSCF0211.JPG,DSCF0211.JPG,6R/105MEDIA,0,Other_Amphibian,0.2056,2486.8,378.5,2571.6,469.8
/srv/shared_leopard_toad/2025/Documents/06.10-13.10.2025/6R/105MEDIA/DSCF0483.JPG,DSCF0483.JPG,6R/105MEDIA,2,Western_Leopard_Toad,0.4338,244.8,567.6,407.2,751.7
/srv/shared_leopard_toad/2025/Documents/06.10-13.10.2025/6R/105MEDIA/DSCF0121.JPG,DSCF0121.JPG,6R/105MEDIA,0,Other_Amphibian,0.5073,1661.7,2013.1,1732.5,2106.5
/srv/shared_leopard_toad/2025/Documents/06.10-13.10.2025/6R/105MEDIA/DSCF0333.JPG,DSCF0333.JPG,6R/105MEDIA,0,Other_Amphibian,0.2135,2489.0,381.5,2579.9,470.5
/srv/shared_leopard_toad/2025/Documents/06.10-13.10.2025/6R/105MEDIA/DSCF0482.JPG,DSCF0482.JPG,6R/105MEDIA,2,Western_Leopard_Toad,0.6484,247.6,567.3,411.6,748.3
/srv/shared_leopard_toad/2025/Documents/06.10-13.10.2025/6R/105MEDIA/DSCF0113.JPG,DSCF0113.JPG,6R/105MEDIA,0,Other_Amphibian,0.4353,1660.4,2014.4,1731.1,2105.2
/srv/shared_leopard_toad/2025/Documents/06.10-13.10.2025/6R/105MEDIA/DSCF0387.JPG,DSCF0387.JPG,6R/105MEDIA,0,Other_Amphibian,0.2493,93.8,1812.7,228.6,1949.6
/srv/shared_leopard_toad/2025/Documents/06.10-13.10.2025/6R/105MEDIA/DSCF0387.JPG,DSCF0387.JPG,6R/105MEDIA,1,Small_Mammal,0.2456,93.8,1812.7,228.6,1949.6
/srv/shared_leopard_toad/2025/Documents/06.10-13.10.2025/6R/105MEDIA/DSCF0548.JPG,DSCF0548.JPG,6R/105MEDIA,0,Other_Amphibian,0.5815,593.1,2434.2,670.8,2544.8
/srv/shared_leopard_toad/2025/Documents/06.10-13.10.2025/6R/105MEDIA/DSCF0786.JPG,DSCF0786.JPG,6R/105MEDIA,0,Other_Amphibian,0.2402,2704.0,-4.2,2939.8,43.0
/srv/shared_leopard_toad/2025/Documents/06.10-13.10.2025/6R/105MEDIA/DSCF0660.JPG,DSCF0660.JPG,6R/105MEDIA,2,Western_Leopard_Toad,0.7798,408.8,334.9,563.1,494.9
/srv/shared_leopard_toad/2025/Documents/06.10-13.10.2025/6R/105MEDIA/DSCF0554.JPG,DSCF0554.JPG,6R/105MEDIA,0,Other_Amphibian,0.4182,594.7,2434.0,675.8,2545.0
/srv/shared_leopard_toad/2025/Documents/06.10-13.10.2025/6R/105MEDIA/DSCF0130.JPG,DSCF0130.JPG,6R/105MEDIA,0,Other_Amphibian,0.2238,1659.0,2009.7,1735.2,2104.0
/srv/shared_leopard_toad/2025/Documents/06.10-13.10.2025/6R/105MEDIA/DSCF0691.JPG,DSCF0691.JPG,6R/105MEDIA,0,Other_Amphibian,0.2455,2698.8,-5.5,2944.9,49.1
/srv/shared_leopard_toad/2025/Documents/06.10-13.10.2025/6R/105MEDIA/DSCF0742.JPG,DSCF0742.JPG,6R/105MEDIA,0,Other_Amphibian,0.2086,2699.2,-4.4,2955.1,46.2
/srv/shared_leopard_toad/2025/Documents/06.10-13.10.2025/6R/105MEDIA/DSCF0391.JPG,DSCF0391.JPG,6R/105MEDIA,0,Other_Amphibian,0.2478,2487.1,379.6,2573.9,473.8
/srv/shared_leopard_toad/2025/Documents/06.10-13.10.2025/6R/105MEDIA/DSCF0516.JPG,DSCF0516.JPG,6R/105MEDIA,2,Western_Leopard_Toad,0.3655,216.2,574.9,402.0,757.0
/srv/shared_leopard_toad/2025/Documents/06.10-13.10.2025/6R/105MEDIA/DSCF0516.JPG,DSCF0516.JPG,6R/105MEDIA,2,Western_Leopard_Toad,0.3167,217.3,573.3,405.5,755.6
/srv/shared_leopard_toad/2025/Documents/06.10-13.10.2025/6R/105MEDIA/DSCF0706.JPG,DSCF0706.JPG,6R/105MEDIA,2,Western_Leopard_Toad,0.8569,415.0,333.2,566.1,482.6
/srv/shared_leopard_toad/2025/Documents/06.10-13.10.2025/6R/105MEDIA/DSCF0144.JPG,DSCF0144.JPG,6R/105MEDIA,0,Other_Amphibian,0.2869,1660.6,2013.9,1730.9,2105.7
/srv/shared_leopard_toad/2025/Documents/06.10-13.10.2025/6R/105MEDIA/DSCF0086.JPG,DSCF0086.JPG,6R/105MEDIA,0,Other_Amphibian,0.2343,1660.6,2014.4,1730.9,2108.2
/srv/shared_leopard_toad/2025/Documents/06.10-13.10.2025/6R/105MEDIA/DSCF0735.JPG,DSCF0735.JPG,6R/105MEDIA,0,Other_Amphibian,0.2020,2713.1,-5.8,2930.6,49.0
/srv/shared_leopard_toad/2025/Documents/06.10-13.10.2025/6R/105MEDIA/DSCF0551.JPG,DSCF0551.JPG,6R/105MEDIA,0,Other_Amphibian,0.2573,592.6,2439.3,667.4,2545.6
/srv/shared_leopard_toad/2025/Documents/06.10-13.10.2025/6R/105MEDIA/DSCF0748.JPG,DSCF0748.JPG,6R/105MEDIA,2,Western_Leopard_Toad,0.3574,414.9,337.3,567.5,505.1
/srv/shared_leopard_toad/2025/Documents/06.10-13.10.2025/6R/105MEDIA/DSCF0114.JPG,DSCF0114.JPG,6R/105MEDIA,0,Other_Amphibian,0.4587,1661.4,2013.2,1732.7,2106.5
/srv/shared_leopard_toad/2025/Documents/06.10-13.10.2025/6R/105MEDIA/DSCF0182.JPG,DSCF0182.JPG,6R/105MEDIA,2,Western_Leopard_Toad,0.9468,3597.3,2181.9,3794.7,2354.1
/srv/shared_leopard_toad/2025/Documents/06.10-13.10.2025/6R/105MEDIA/DSCF0182.JPG,DSCF0182.JPG,6R/105MEDIA,0,Other_Amphibian,0.2086,3597.3,2181.9,3794.7,2354.1
/srv/shared_leopard_toad/2025/Documents/06.10-13.10.2025/6R/105MEDIA/DSCF0299.JPG,DSCF0299.JPG,6R/105MEDIA,2,Western_Leopard_Toad,0.5527,113.2,1812.8,229.4,1955.4
/srv/shared_leopard_toad/2025/Documents/06.10-13.10.2025/6R/105MEDIA/DSCF0816.JPG,DSCF0816.JPG,6R/105MEDIA,0,Other_Amphibian,0.2218,2697.6,-4.4,2925.2,47.8
/srv/shared_leopard_toad/2025/Documents/06.10-13.10.2025/6R/105MEDIA/DSCF0345.JPG,DSCF0345.JPG,6R/105MEDIA,0,Other_Amphibian,0.2842,2486.6,379.6,2571.8,471.6
/srv/shared_leopard_toad/2025/Documents/06.10-13.10.2025/6R/105MEDIA/DSCF0020.JPG,DSCF0020.JPG,6R/105MEDIA,0,Other_Amphibian,0.4924,1664.0,2013.7,1735.4,2111.9
/srv/shared_leopard_toad/2025/Documents/06.10-13.10.2025/6R/105MEDIA/DSCF0020.JPG,DSCF0020.JPG,6R/105MEDIA,0,Other_Amphibian,0.2469,664.8,634.5,759.3,714.4
/srv/shared_leopard_toad/2025/Documents/06.10-13.10.2025/6R/105MEDIA/DSCF0195.JPG,DSCF0195.JPG,6R/105MEDIA,0,Other_Amphibian,0.6680,2655.0,754.0,2831.2,998.7
/srv/shared_leopard_toad/2025/Documents/06.10-13.10.2025/6R/105MEDIA/DSCF0195.JPG,DSCF0195.JPG,6R/105MEDIA,2,Western_Leopard_Toad,0.2896,2655.0,754.0,2831.2,998.7
/srv/shared_leopard_toad/2025/Documents/06.10-13.10.2025/6R/105MEDIA/DSCF0338.JPG,DSCF0338.JPG,6R/105MEDIA,0,Other_Amphibian,0.4404,834.9,2745.9,963.2,2859.2
/srv/shared_leopard_toad/2025/Documents/06.10-13.10.2025/6R/105MEDIA/DSCF0338.JPG,DSCF0338.JPG,6R/105MEDIA,2,Western_Leopard_Toad,0.3672,834.9,2745.9,963.2,2859.2
/srv/shared_leopard_toad/2025/Documents/06.10-13.10.2025/6R/105MEDIA/DSCF0338.JPG,DSCF0338.JPG,6R/105MEDIA,0,Other_Amphibian,0.2363,2486.4,381.3,2574.6,473.7
/srv/shared_leopard_toad/2025/Documents/06.10-13.10.2025/6R/105MEDIA/DSCF0360.JPG,DSCF0360.JPG,6R/105MEDIA,0,Other_Amphibian,0.3809,2483.8,378.3,2569.3,473.7
/srv/shared_leopard_toad/2025/Documents/06.10-13.10.2025/6R/105MEDIA/DSCF0778.JPG,DSCF0778.JPG,6R/105MEDIA,0,Other_Amphibian,0.2090,2696.0,-4.7,2937.2,44.2
/srv/shared_leopard_toad/2025/Documents/06.10-13.10.2025/6R/105MEDIA/DSCF0180.JPG,DSCF0180.JPG,6R/105MEDIA,0,Other_Amphibian,0.8652,3198.6,2354.8,3374.4,2535.5
/srv/shared_leopard_toad/2025/Documents/06.10-13.10.2025/6R/105MEDIA/DSCF0180.JPG,DSCF0180.JPG,6R/105MEDIA,2,Western_Leopard_Toad,0.5986,3198.6,2354.8,3374.4,2535.5
/srv/shared_leopard_toad/2025/Documents/06.10-13.10.2025/6R/105MEDIA/DSCF0791.JPG,DSCF0791.JPG,6R/105MEDIA,0,Other_Amphibian,0.2456,2697.4,-4.1,2941.1,46.5
/srv/shared_leopard_toad/2025/Documents/06.10-13.10.2025/6R/105MEDIA/DSCF0826.JPG,DSCF0826.JPG,6R/105MEDIA,0,Other_Amphibian,0.2490,2698.7,-4.0,2934.5,43.1
/srv/shared_leopard_toad/2025/Documents/06.10-13.10.2025/6R/105MEDIA/DSCF0775.JPG,DSCF0775.JPG,6R/105MEDIA,0,Other_Amphibian,0.2098,2709.9,-4.6,2928.6,47.3
/srv/shared_leopard_toad/2025/Documents/06.10-13.10.2025/6R/105MEDIA/DSCF0689.JPG,DSCF0689.JPG,6R/105MEDIA,0,Other_Amphibian,0.2091,2707.3,-5.3,2947.0,49.6
/srv/shared_leopard_toad/2025/Documents/06.10-13.10.2025/6R/105MEDIA/DSCF0278.JPG,DSCF0278.JPG,6R/105MEDIA,2,Western_Leopard_Toad,0.7227,104.6,1810.6,233.4,1954.6
/srv/shared_leopard_toad/2025/Documents/06.10-13.10.2025/6R/105MEDIA/DSCF0278.JPG,DSCF0278.JPG,6R/105MEDIA,1,Small_Mammal,0.2367,104.6,1810.6,233.4,1954.6
/srv/shared_leopard_toad/2025/Documents/06.10-13.10.2025/6R/105MEDIA/DSCF0463.JPG,DSCF0463.JPG,6R/105MEDIA,2,Western_Leopard_Toad,0.3774,2482.8,-0.8,2748.9,102.7
/srv/shared_leopard_toad/2025/Documents/06.10-13.10.2025/6R/105MEDIA/DSCF0463.JPG,DSCF0463.JPG,6R/105MEDIA,0,Other_Amphibian,0.2274,2482.8,-0.8,2748.9,102.7
/srv/shared_leopard_toad/2025/Documents/06.10-13.10.2025/6R/105MEDIA/DSCF0727.JPG,DSCF0727.JPG,6R/105MEDIA,0,Other_Amphibian,0.3323,2703.6,-4.9,2934.9,49.6
/srv/shared_leopard_toad/2025/Documents/06.10-13.10.2025/6R/105MEDIA/DSCF0314.JPG,DSCF0314.JPG,6R/105MEDIA,0,Other_Amphibian,0.3562,2486.4,377.6,2569.3,470.0
/srv/shared_leopard_toad/2025/Documents/06.10-13.10.2025/6R/105MEDIA/DSCF0314.JPG,DSCF0314.JPG,6R/105MEDIA,0,Other_Amphibian,0.2742,1661.8,2015.1,1729.7,2104.5
/srv/shared_leopard_toad/2025/Documents/06.10-13.10.2025/6R/105MEDIA/DSCF0724.JPG,DSCF0724.JPG,6R/105MEDIA,0,Other_Amphibian,0.2269,2709.2,-5.8,2924.0,52.8
/srv/shared_leopard_toad/2025/Documents/06.10-13.10.2025/6R/105MEDIA/DSCF0025.JPG,DSCF0025.JPG,6R/105MEDIA,0,Other_Amphibian,0.2634,1662.2,2014.7,1731.9,2110.8
/srv/shared_leopard_toad/2025/Documents/06.10-13.10.2025/6R/105MEDIA/DSCF0381.JPG,DSCF0381.JPG,6R/105MEDIA,0,Other_Amphibian,0.4404,668.3,628.2,765.0,711.8
/srv/shared_leopard_toad/2025/Documents/06.10-13.10.2025/6R/105MEDIA/DSCF0365.JPG,DSCF0365.JPG,6R/105MEDIA,0,Other_Amphibian,0.9009,3473.3,1073.5,3682.5,1247.6
/srv/shared_leopard_toad/2025/Documents/06.10-13.10.2025/6R/105MEDIA/DSCF0365.JPG,DSCF0365.JPG,6R/105MEDIA,0,Other_Amphibian,0.2573,1655.0,2013.4,1728.6,2106.2
/srv/shared_leopard_toad/2025/Documents/06.10-13.10.2025/6R/105MEDIA/DSCF0741.JPG,DSCF0741.JPG,6R/105MEDIA,0,Other_Amphibian,0.2328,2700.9,-5.4,2927.1,46.3
/srv/shared_leopard_toad/2025/Documents/06.10-13.10.2025/6R/105MEDIA/DSCF0824.JPG,DSCF0824.JPG,6R/105MEDIA,0,Other_Amphibian,0.2927,2701.0,-4.6,2927.0,46.4
/srv/shared_leopard_toad/2025/Documents/06.10-13.10.2025/6R/105MEDIA/DSCF0133.JPG,DSCF0133.JPG,6R/105MEDIA,0,Other_Amphibian,0.2075,1664.1,2015.1,1735.2,2104.5
/srv/shared_leopard_toad/2025/Documents/06.10-13.10.2025/6R/105MEDIA/DSCF0886.JPG,DSCF0886.JPG,6R/105MEDIA,0,Other_Amphibian,0.2222,2684.7,-3.9,2922.3,46.3
/srv/shared_leopard_toad/2025/Documents/06.10-13.10.2025/6R/105MEDIA/DSCF0181.JPG,DSCF0181.JPG,6R/105MEDIA,2,Western_Leopard_Toad,0.9111,3597.0,2183.5,3795.0,2355.4
/srv/shared_leopard_toad/2025/Documents/06.10-13.10.2025/6R/105MEDIA/DSCF0181.JPG,DSCF0181.JPG,6R/105MEDIA,0,Other_Amphibian,0.4331,3597.0,2183.5,3795.0,2355.4
/srv/shared_leopard_toad/2025/Documents/06.10-13.10.2025/6R/105MEDIA/DSCF0685.JPG,DSCF0685.JPG,6R/105MEDIA,0,Other_Amphibian,0.2384,2701.0,-4.2,2953.2,46.4
/srv/shared_leopard_toad/2025/Documents/06.10-13.10.2025/6R/105MEDIA/DSCF0550.JPG,DSCF0550.JPG,6R/105MEDIA,0,Other_Amphibian,0.6611,593.3,2433.7,675.3,2545.3
/srv/shared_leopard_toad/2025/Documents/06.10-13.10.2025/6R/105MEDIA/DSCF0690.JPG,DSCF0690.JPG,6R/105MEDIA,2,Western_Leopard_Toad,0.3210,416.3,334.0,564.8,486.2
/srv/shared_leopard_toad/2025/Documents/06.10-13.10.2025/6R/105MEDIA/DSCF0690.JPG,DSCF0690.JPG,6R/105MEDIA,0,Other_Amphibian,0.2388,2702.4,-3.8,2936.1,45.8
/srv/shared_leopard_toad/2025/Documents/06.10-13.10.2025/6R/105MEDIA/DSCF0240.JPG,DSCF0240.JPG,6R/105MEDIA,0,Other_Amphibian,0.2224,2488.5,377.5,2577.7,469.3
/srv/shared_leopard_toad/2025/Documents/06.10-13.10.2025/6R/105MEDIA/DSCF0714.JPG,DSCF0714.JPG,6R/105MEDIA,0,Other_Amphibian,0.2277,2706.4,-4.9,2947.9,49.1
/srv/shared_leopard_toad/2025/Documents/06.10-13.10.2025/6R/105MEDIA/DSCF0302.JPG,DSCF0302.JPG,6R/105MEDIA,2,Western_Leopard_Toad,0.4270,110.7,1814.9,230.5,1956.2
/srv/shared_leopard_toad/2025/Documents/06.10-13.10.2025/6R/105MEDIA/DSCF0302.JPG,DSCF0302.JPG,6R/105MEDIA,0,Other_Amphibian,0.2225,110.7,1814.9,230.5,1956.2
/srv/shared_leopard_toad/2025/Documents/06.10-13.10.2025/6R/105MEDIA/DSCF0302.JPG,DSCF0302.JPG,6R/105MEDIA,0,Other_Amphibian,0.2026,2486.6,378.8,2571.8,473.2
/srv/shared_leopard_toad/2025/Documents/06.10-13.10.2025/6R/105MEDIA/DSCF0801.JPG,DSCF0801.JPG,6R/105MEDIA,2,Western_Leopard_Toad,0.3750,414.5,334.6,567.9,490.8
/srv/shared_leopard_toad/2025/Documents/06.10-13.10.2025/6R/105MEDIA/DSCF0377.JPG,DSCF0377.JPG,6R/105MEDIA,2,Western_Leopard_Toad,0.3196,103.0,1813.7,232.5,1963.4
/srv/shared_leopard_toad/2025/Documents/06.10-13.10.2025/6R/105MEDIA/DSCF0377.JPG,DSCF0377.JPG,6R/105MEDIA,2,Western_Leopard_Toad,0.3081,247.7,564.1,406.5,722.7
/srv/shared_leopard_toad/2025/Documents/06.10-13.10.2025/6R/105MEDIA/DSCF0377.JPG,DSCF0377.JPG,6R/105MEDIA,0,Other_Amphibian,0.2081,672.1,631.8,765.1,716.3
/srv/shared_leopard_toad/2025/Documents/06.10-13.10.2025/6R/105MEDIA/DSCF0705.JPG,DSCF0705.JPG,6R/105MEDIA,2,Western_Leopard_Toad,0.4985,412.1,336.8,565.0,484.9
/srv/shared_leopard_toad/2025/Documents/06.10-13.10.2025/6R/105MEDIA/DSCF0705.JPG,DSCF0705.JPG,6R/105MEDIA,0,Other_Amphibian,0.2747,2705.6,-5.8,2938.2,54.0
/srv/shared_leopard_toad/2025/Documents/06.10-13.10.2025/6R/105MEDIA/DSCF0267.JPG,DSCF0267.JPG,6R/105MEDIA,2,Western_Leopard_Toad,0.3904,110.2,1812.5,231.7,1955.7
/srv/shared_leopard_toad/2025/Documents/06.10-13.10.2025/6R/105MEDIA/DSCF0319.JPG,DSCF0319.JPG,6R/105MEDIA,0,Other_Amphibian,0.4573,1666.0,2016.6,1733.4,2108.9
/srv/shared_leopard_toad/2025/Documents/06.10-13.10.2025/6R/105MEDIA/DSCF0319.JPG,DSCF0319.JPG,6R/105MEDIA,0,Other_Amphibian,0.2426,2485.9,381.2,2572.5,470.8
/srv/shared_leopard_toad/2025/Documents/06.10-13.10.2025/6R/105MEDIA/DSCF0150.JPG,DSCF0150.JPG,6R/105MEDIA,0,Other_Amphibian,0.2037,1660.4,2011.1,1731.1,2102.6
/srv/shared_leopard_toad/2025/Documents/06.10-13.10.2025/6R/105MEDIA/DSCF0510.JPG,DSCF0510.JPG,6R/105MEDIA,2,Western_Leopard_Toad,0.3833,223.8,574.8,402.3,752.6
/srv/shared_leopard_toad/2025/Documents/06.10-13.10.2025/6R/105MEDIA/DSCF0510.JPG,DSCF0510.JPG,6R/105MEDIA,2,Western_Leopard_Toad,0.2690,224.1,573.8,402.0,752.9
/srv/shared_leopard_toad/2025/Documents/06.10-13.10.2025/6R/105MEDIA/DSCF0323.JPG,DSCF0323.JPG,6R/105MEDIA,0,Other_Amphibian,0.2566,2488.7,377.8,2577.5,472.0
/srv/shared_leopard_toad/2025/Documents/06.10-13.10.2025/6R/105MEDIA/DSCF0013.JPG,DSCF0013.JPG,6R/105MEDIA,2,Western_Leopard_Toad,0.7690,250.6,569.1,408.6,739.2
/srv/shared_leopard_toad/2025/Documents/06.10-13.10.2025/6R/105MEDIA/DSCF0108.JPG,DSCF0108.JPG,6R/105MEDIA,0,Other_Amphibian,0.4275,1661.8,2014.6,1732.3,2105.0
/srv/shared_leopard_toad/2025/Documents/06.10-13.10.2025/6R/105MEDIA/DSCF0277.JPG,DSCF0277.JPG,6R/105MEDIA,2,Western_Leopard_Toad,0.4429,114.2,1814.9,229.7,1953.3
/srv/shared_leopard_toad/2025/Documents/06.10-13.10.2025/6R/105MEDIA/DSCF0153.JPG,DSCF0153.JPG,6R/105MEDIA,0,Other_Amphibian,0.2047,1664.3,2014.7,1732.4,2104.9
/srv/shared_leopard_toad/2025/Documents/06.10-13.10.2025/6R/105MEDIA/DSCF0079.JPG,DSCF0079.JPG,6R/105MEDIA,0,Other_Amphibian,0.4380,1662.5,2014.2,1731.7,2105.4
/srv/shared_leopard_toad/2025/Documents/06.10-13.10.2025/6R/105MEDIA/DSCF0542.JPG,DSCF0542.JPG,6R/105MEDIA,0,Other_Amphibian,0.5415,592.6,2436.5,673.9,2542.5
/srv/shared_leopard_toad/2025/Documents/06.10-13.10.2025/6R/105MEDIA/DSCF0708.JPG,DSCF0708.JPG,6R/105MEDIA,0,Other_Amphibian,0.2681,2701.7,-4.6,2947.3,47.7
/srv/shared_leopard_toad/2025/Documents/06.10-13.10.2025/6R/105MEDIA/DSCF0119.JPG,DSCF0119.JPG,6R/105MEDIA,0,Other_Amphibian,0.2874,1661.5,2013.2,1732.6,2106.5
/srv/shared_leopard_toad/2025/Documents/06.10-13.10.2025/6R/105MEDIA/DSCF0408.JPG,DSCF0408.JPG,6R/105MEDIA,0,Other_Amphibian,0.4775,2485.6,380.7,2572.8,472.8
/srv/shared_leopard_toad/2025/Documents/06.10-13.10.2025/6R/105MEDIA/DSCF0408.JPG,DSCF0408.JPG,6R/105MEDIA,2,Western_Leopard_Toad,0.3616,94.7,1813.7,231.4,1957.4
/srv/shared_leopard_toad/2025/Documents/06.10-13.10.2025/6R/105MEDIA/DSCF0408.JPG,DSCF0408.JPG,6R/105MEDIA,0,Other_Amphibian,0.2585,669.2,628.7,764.0,712.0
/srv/shared_leopard_toad/2025/Documents/06.10-13.10.2025/6R/105MEDIA/DSCF0098.JPG,DSCF0098.JPG,6R/105MEDIA,0,Other_Amphibian,0.3425,1665.9,2010.7,1733.5,2105.9
/srv/shared_leopard_toad/2025/Documents/06.10-13.10.2025/6R/105MEDIA/DSCF0214.JPG,DSCF0214.JPG,6R/105MEDIA,0,Other_Amphibian,0.3013,1666.7,2007.8,1735.3,2105.9
/srv/shared_leopard_toad/2025/Documents/06.10-13.10.2025/6R/105MEDIA/DSCF0214.JPG,DSCF0214.JPG,6R/105MEDIA,0,Other_Amphibian,0.2776,2488.9,378.7,2577.4,473.2
/srv/shared_leopard_toad/2025/Documents/06.10-13.10.2025/6R/105MEDIA/DSCF0804.JPG,DSCF0804.JPG,6R/105MEDIA,0,Other_Amphibian,0.2238,2704.4,-3.7,2934.1,43.7
/srv/shared_leopard_toad/2025/Documents/06.10-13.10.2025/6R/105MEDIA/DSCF0825.JPG,DSCF0825.JPG,6R/105MEDIA,2,Western_Leopard_Toad,0.3743,418.3,336.2,566.1,481.0
/srv/shared_leopard_toad/2025/Documents/06.10-13.10.2025/6R/105MEDIA/DSCF0425.JPG,DSCF0425.JPG,6R/105MEDIA,2,Western_Leopard_Toad,0.6519,2582.3,2675.6,2862.0,2855.6
/srv/shared_leopard_toad/2025/Documents/06.10-13.10.2025/6R/105MEDIA/DSCF0398.JPG,DSCF0398.JPG,6R/105MEDIA,0,Other_Amphibian,0.4207,2487.1,378.1,2579.1,471.7
/srv/shared_leopard_toad/2025/Documents/06.10-13.10.2025/6R/105MEDIA/DSCF0540.JPG,DSCF0540.JPG,6R/105MEDIA,0,Other_Amphibian,0.3640,592.9,2435.0,673.6,2549.8
/srv/shared_leopard_toad/2025/Documents/06.10-13.10.2025/6R/105MEDIA/DSCF0111.JPG,DSCF0111.JPG,6R/105MEDIA,0,Other_Amphibian,0.4094,1661.7,2009.7,1735.0,2104.0
/srv/shared_leopard_toad/2025/Documents/06.10-13.10.2025/6R/105MEDIA/DSCF0263.JPG,DSCF0263.JPG,6R/105MEDIA,2,Western_Leopard_Toad,0.6719,101.8,1809.3,232.4,1955.9
/srv/shared_leopard_toad/2025/Documents/06.10-13.10.2025/6R/105MEDIA/DSCF0349.JPG,DSCF0349.JPG,6R/105MEDIA,0,Other_Amphibian,0.3538,2485.0,379.8,2570.8,472.2
/srv/shared_leopard_toad/2025/Documents/06.10-13.10.2025/6R/105MEDIA/DSCF0555.JPG,DSCF0555.JPG,6R/105MEDIA,0,Other_Amphibian,0.3647,593.0,2436.3,668.9,2542.6
/srv/shared_leopard_toad/2025/Documents/06.10-13.10.2025/6R/105MEDIA/DSCF0695.JPG,DSCF0695.JPG,6R/105MEDIA,0,Other_Amphibian,0.2424,2712.6,-4.1,2936.4,44.7
/srv/shared_leopard_toad/2025/Documents/06.10-13.10.2025/6R/105MEDIA/DSCF0764.JPG,DSCF0764.JPG,6R/105MEDIA,0,Other_Amphibian,0.2362,2691.2,-4.6,2936.8,45.6
/srv/shared_leopard_toad/2025/Documents/06.10-13.10.2025/6R/105MEDIA/DSCF0657.JPG,DSCF0657.JPG,6R/105MEDIA,0,Other_Amphibian,0.4097,1688.4,1891.6,1784.4,2003.6
/srv/shared_leopard_toad/2025/Documents/06.10-13.10.2025/6R/105MEDIA/DSCF0711.JPG,DSCF0711.JPG,6R/105MEDIA,0,Other_Amphibian,0.2350,2709.2,-5.6,2945.0,48.4
/srv/shared_leopard_toad/2025/Documents/06.10-13.10.2025/6R/105MEDIA/DSCF0563.JPG,DSCF0563.JPG,6R/105MEDIA,0,Other_Amphibian,0.4270,594.5,2436.9,674.0,2545.0
/srv/shared_leopard_toad/2025/Documents/06.10-13.10.2025/6R/105MEDIA/DSCF0283.JPG,DSCF0283.JPG,6R/105MEDIA,0,Other_Amphibian,0.2233,1661.2,2017.1,1730.3,2105.5
/srv/shared_leopard_toad/2025/Documents/06.10-13.10.2025/6R/105MEDIA/DSCF0869.JPG,DSCF0869.JPG,6R/105MEDIA,0,Other_Amphibian,0.2172,2699.8,-4.3,2933.4,44.4
/srv/shared_leopard_toad/2025/Documents/06.10-13.10.2025/6R/105MEDIA/DSCF0406.JPG,DSCF0406.JPG,6R/105MEDIA,2,Western_Leopard_Toad,0.5840,94.3,1810.4,233.6,1951.9
/srv/shared_leopard_toad/2025/Documents/06.10-13.10.2025/6R/105MEDIA/DSCF0406.JPG,DSCF0406.JPG,6R/105MEDIA,0,Other_Amphibian,0.4146,2483.9,378.4,2571.8,473.6
/srv/shared_leopard_toad/2025/Documents/06.10-13.10.2025/6R/105MEDIA/DSCF0406.JPG,DSCF0406.JPG,6R/105MEDIA,0,Other_Amphibian,0.3987,94.3,1810.4,233.6,1951.9
/srv/shared_leopard_toad/2025/Documents/06.10-13.10.2025/6R/105MEDIA/DSCF0406.JPG,DSCF0406.JPG,6R/105MEDIA,1,Small_Mammal,0.2966,94.3,1810.4,233.6,1951.9
/srv/shared_leopard_toad/2025/Documents/06.10-13.10.2025/6R/105MEDIA/DSCF0406.JPG,DSCF0406.JPG,6R/105MEDIA,0,Other_Amphibian,0.2413,670.0,631.0,760.6,715.7
/srv/shared_leopard_toad/2025/Documents/06.10-13.10.2025/6R/105MEDIA/DSCF0128.JPG,DSCF0128.JPG,6R/105MEDIA,0,Other_Amphibian,0.5049,1659.0,2012.7,1732.5,2106.9
/srv/shared_leopard_toad/2025/Documents/06.10-13.10.2025/6R/105MEDIA/DSCF0265.JPG,DSCF0265.JPG,6R/105MEDIA,0,Other_Amphibian,0.2161,2485.3,379.4,2573.1,474.1
/srv/shared_leopard_toad/2025/Documents/06.10-13.10.2025/6R/105MEDIA/DSCF0389.JPG,DSCF0389.JPG,6R/105MEDIA,0,Other_Amphibian,0.3999,673.7,631.4,767.4,714.5
/srv/shared_leopard_toad/2025/Documents/06.10-13.10.2025/6R/105MEDIA/DSCF0389.JPG,DSCF0389.JPG,6R/105MEDIA,0,Other_Amphibian,0.2891,2487.2,380.3,2571.1,474.6
/srv/shared_leopard_toad/2025/Documents/06.10-13.10.2025/6R/105MEDIA/DSCF0389.JPG,DSCF0389.JPG,6R/105MEDIA,0,Other_Amphibian,0.2081,1655.9,2014.5,1727.8,2105.1
/srv/shared_leopard_toad/2025/Documents/06.10-13.10.2025/6R/105MEDIA/DSCF0379.JPG,DSCF0379.JPG,6R/105MEDIA,0,Other_Amphibian,0.2539,2487.9,379.2,2573.1,472.8
/srv/shared_leopard_toad/2025/Documents/06.10-13.10.2025/6R/105MEDIA/DSCF0395.JPG,DSCF0395.JPG,6R/105MEDIA,0,Other_Amphibian,0.4375,96.6,1813.1,225.8,1952.1
/srv/shared_leopard_toad/2025/Documents/06.10-13.10.2025/6R/105MEDIA/DSCF0395.JPG,DSCF0395.JPG,6R/105MEDIA,0,Other_Amphibian,0.2607,2486.2,378.8,2580.0,471.0
/srv/shared_leopard_toad/2025/Documents/06.10-13.10.2025/6R/105MEDIA/DSCF0395.JPG,DSCF0395.JPG,6R/105MEDIA,0,Other_Amphibian,0.2140,2765.0,2347.2,2878.8,2472.3
/srv/shared_leopard_toad/2025/Documents/06.10-13.10.2025/6R/105MEDIA/DSCF0785.JPG,DSCF0785.JPG,6R/105MEDIA,2,Western_Leopard_Toad,0.8154,415.9,333.7,568.5,499.1
/srv/shared_leopard_toad/2025/Documents/06.10-13.10.2025/6R/105MEDIA/DSCF0183.JPG,DSCF0183.JPG,6R/105MEDIA,2,Western_Leopard_Toad,0.9351,3891.8,415.2,4040.9,596.3
/srv/shared_leopard_toad/2025/Documents/06.10-13.10.2025/6R/105MEDIA/DSCF0183.JPG,DSCF0183.JPG,6R/105MEDIA,2,Western_Leopard_Toad,0.8550,3887.9,415.1,4039.6,596.4
/srv/shared_leopard_toad/2025/Documents/06.10-13.10.2025/6R/105MEDIA/DSCF0183.JPG,DSCF0183.JPG,6R/105MEDIA,0,Other_Amphibian,0.2976,3891.8,415.2,4040.9,596.3
/srv/shared_leopard_toad/2025/Documents/06.10-13.10.2025/6R/105MEDIA/DSCF0183.JPG,DSCF0183.JPG,6R/105MEDIA,0,Other_Amphibian,0.2076,3887.9,415.1,4039.6,596.4
/srv/shared_leopard_toad/2025/Documents/06.10-13.10.2025/6R/105MEDIA/DSCF0687.JPG,DSCF0687.JPG,6R/105MEDIA,2,Western_Leopard_Toad,0.3008,411.5,336.1,564.4,491.5
/srv/shared_leopard_toad/2025/Documents/06.10-13.10.2025/6R/105MEDIA/DSCF0687.JPG,DSCF0687.JPG,6R/105MEDIA,0,Other_Amphibian,0.2327,2700.5,-4.5,2938.0,46.6
/srv/shared_leopard_toad/2025/Documents/06.10-13.10.2025/6R/105MEDIA/DSCF0370.JPG,DSCF0370.JPG,6R/105MEDIA,0,Other_Amphibian,0.3804,670.3,630.1,763.0,713.6
/srv/shared_leopard_toad/2025/Documents/06.10-13.10.2025/6R/105MEDIA/DSCF0370.JPG,DSCF0370.JPG,6R/105MEDIA,0,Other_Amphibian,0.2216,2486.9,379.2,2579.3,469.1
/srv/shared_leopard_toad/2025/Documents/06.10-13.10.2025/6R/105MEDIA/DSCF0289.JPG,DSCF0289.JPG,6R/105MEDIA,2,Western_Leopard_Toad,0.5942,109.6,1813.3,229.6,1957.8
/srv/shared_leopard_toad/2025/Documents/06.10-13.10.2025/6R/105MEDIA/DSCF0726.JPG,DSCF0726.JPG,6R/105MEDIA,0,Other_Amphibian,0.2081,2707.2,-3.5,2952.3,45.9
/srv/shared_leopard_toad/2025/Documents/06.10-13.10.2025/6R/105MEDIA/DSCF0440.JPG,DSCF0440.JPG,6R/105MEDIA,2,Western_Leopard_Toad,0.4172,2587.4,2677.4,2862.1,2856.8
/srv/shared_leopard_toad/2025/Documents/06.10-13.10.2025/6R/105MEDIA/DSCF0440.JPG,DSCF0440.JPG,6R/105MEDIA,0,Other_Amphibian,0.2302,670.8,632.0,763.8,714.6
/srv/shared_leopard_toad/2025/Documents/06.10-13.10.2025/6R/105MEDIA/DSCF0779.JPG,DSCF0779.JPG,6R/105MEDIA,2,Western_Leopard_Toad,0.8799,415.2,333.7,569.2,490.2
/srv/shared_leopard_toad/2025/Documents/06.10-13.10.2025/6R/105MEDIA/DSCF0375.JPG,DSCF0375.JPG,6R/105MEDIA,0,Other_Amphibian,0.3567,2489.0,380.4,2579.9,471.6
/srv/shared_leopard_toad/2025/Documents/06.10-13.10.2025/6R/105MEDIA/DSCF0375.JPG,DSCF0375.JPG,6R/105MEDIA,0,Other_Amphibian,0.2147,2766.7,2347.4,2877.0,2472.1
/srv/shared_leopard_toad/2025/Documents/06.10-13.10.2025/6R/105MEDIA/DSCF0375.JPG,DSCF0375.JPG,6R/105MEDIA,0,Other_Amphibian,0.2094,633.7,2646.6,773.3,2825.6
/srv/shared_leopard_toad/2025/Documents/06.10-13.10.2025/6R/105MEDIA/DSCF0337.JPG,DSCF0337.JPG,6R/105MEDIA,0,Other_Amphibian,0.4365,2486.3,379.8,2572.1,472.2
/srv/shared_leopard_toad/2025/Documents/06.10-13.10.2025/6R/105MEDIA/DSCF0104.JPG,DSCF0104.JPG,6R/105MEDIA,0,Other_Amphibian,0.5137,1660.1,2014.8,1731.4,2104.8
/srv/shared_leopard_toad/2025/Documents/06.10-13.10.2025/6R/105MEDIA/DSCF0316.JPG,DSCF0316.JPG,6R/105MEDIA,0,Other_Amphibian,0.2998,1664.4,2017.8,1729.7,2104.8
/srv/shared_leopard_toad/2025/Documents/06.10-13.10.2025/6R/105MEDIA/DSCF0275.JPG,DSCF0275.JPG,6R/105MEDIA,2,Western_Leopard_Toad,0.3938,109.3,1812.4,230.0,1958.8
/srv/shared_leopard_toad/2025/Documents/06.10-13.10.2025/6R/105MEDIA/DSCF0492.JPG,DSCF0492.JPG,6R/105MEDIA,2,Western_Leopard_Toad,0.2778,2658.7,2677.4,2859.0,2853.8
/srv/shared_leopard_toad/2025/Documents/06.10-13.10.2025/6R/105MEDIA/DSCF0132.JPG,DSCF0132.JPG,6R/105MEDIA,0,Other_Amphibian,0.2247,1660.8,2011.4,1733.3,2105.2
/srv/shared_leopard_toad/2025/Documents/06.10-13.10.2025/6R/105MEDIA/DSCF0799.JPG,DSCF0799.JPG,6R/105MEDIA,2,Western_Leopard_Toad,0.2581,411.4,336.2,567.7,496.5
/srv/shared_leopard_toad/2025/Documents/06.10-13.10.2025/6R/105MEDIA/DSCF0799.JPG,DSCF0799.JPG,6R/105MEDIA,0,Other_Amphibian,0.2268,2693.3,-4.2,2939.9,42.3
/srv/shared_leopard_toad/2025/Documents/06.10-13.10.2025/6R/105MEDIA/DSCF0355.JPG,DSCF0355.JPG,6R/105MEDIA,0,Other_Amphibian,0.3071,2486.1,378.2,2574.9,473.8
/srv/shared_leopard_toad/2025/Documents/06.10-13.10.2025/6R/105MEDIA/DSCF0083.JPG,DSCF0083.JPG,6R/105MEDIA,0,Other_Amphibian,0.2988,1663.0,2014.5,1731.1,2108.1
/srv/shared_leopard_toad/2025/Documents/06.10-13.10.2025/6R/105MEDIA/DSCF0682.JPG,DSCF0682.JPG,6R/105MEDIA,0,Other_Amphibian,0.2233,2704.2,-4.8,2955.3,47.5
/srv/shared_leopard_toad/2025/Documents/06.10-13.10.2025/6R/105MEDIA/DSCF0285.JPG,DSCF0285.JPG,6R/105MEDIA,0,Other_Amphibian,0.2651,1662.0,2014.8,1729.5,2101.9
/srv/shared_leopard_toad/2025/Documents/06.10-13.10.2025/6R/105MEDIA/DSCF0787.JPG,DSCF0787.JPG,6R/105MEDIA,0,Other_Amphibian,0.2207,2700.2,-5.1,2917.3,48.5
/srv/shared_leopard_toad/2025/Documents/06.10-13.10.2025/6R/105MEDIA/DSCF0281.JPG,DSCF0281.JPG,6R/105MEDIA,2,Western_Leopard_Toad,0.4590,110.0,1811.6,228.0,1956.6
/srv/shared_leopard_toad/2025/Documents/06.10-13.10.2025/6R/105MEDIA/DSCF0674.JPG,DSCF0674.JPG,6R/105MEDIA,2,Western_Leopard_Toad,0.8311,410.9,334.0,561.0,487.7
/srv/shared_leopard_toad/2025/Documents/06.10-13.10.2025/6R/105MEDIA/DSCF0674.JPG,DSCF0674.JPG,6R/105MEDIA,0,Other_Amphibian,0.3342,2717.9,-5.8,2936.3,53.5
/srv/shared_leopard_toad/2025/Documents/06.10-13.10.2025/6R/105MEDIA/DSCF0120.JPG,DSCF0120.JPG,6R/105MEDIA,0,Other_Amphibian,0.3057,1659.9,2013.3,1731.6,2106.3
/srv/shared_leopard_toad/2025/Documents/06.10-13.10.2025/6R/105MEDIA/DSCF0364.JPG,DSCF0364.JPG,6R/105MEDIA,0,Other_Amphibian,0.7930,3473.5,1074.1,3682.2,1247.0
/srv/shared_leopard_toad/2025/Documents/06.10-13.10.2025/6R/105MEDIA/DSCF0364.JPG,DSCF0364.JPG,6R/105MEDIA,0,Other_Amphibian,0.2246,1661.8,2014.4,1732.3,2108.2
/srv/shared_leopard_toad/2025/Documents/06.10-13.10.2025/6R/105MEDIA/DSCF0673.JPG,DSCF0673.JPG,6R/105MEDIA,2,Western_Leopard_Toad,0.4238,411.9,335.7,562.0,486.0
/srv/shared_leopard_toad/2025/Documents/06.10-13.10.2025/6R/105MEDIA/DSCF0673.JPG,DSCF0673.JPG,6R/105MEDIA,0,Other_Amphibian,0.2456,2707.7,-5.2,2941.3,49.7
/srv/shared_leopard_toad/2025/Documents/06.10-13.10.2025/6R/105MEDIA/DSCF0477.JPG,DSCF0477.JPG,6R/105MEDIA,2,Western_Leopard_Toad,0.3201,113.3,1812.0,226.7,1959.2
/srv/shared_leopard_toad/2025/Documents/06.10-13.10.2025/6R/105MEDIA/DSCF0166.JPG,DSCF0166.JPG,6R/105MEDIA,0,Other_Amphibian,0.2910,1659.0,2011.4,1732.5,2105.2
/srv/shared_leopard_toad/2025/Documents/06.10-13.10.2025/6R/105MEDIA/DSCF0441.JPG,DSCF0441.JPG,6R/105MEDIA,2,Western_Leopard_Toad,0.3535,255.6,567.8,407.2,734.5
/srv/shared_leopard_toad/2025/Documents/06.10-13.10.2025/6R/105MEDIA/DSCF0441.JPG,DSCF0441.JPG,6R/105MEDIA,0,Other_Amphibian,0.2832,1653.7,2012.0,1729.9,2107.6
/srv/shared_leopard_toad/2025/Documents/06.10-13.10.2025/6R/105MEDIA/DSCF0810.JPG,DSCF0810.JPG,6R/105MEDIA,0,Other_Amphibian,0.2240,2705.5,-4.6,2933.0,46.0
/srv/shared_leopard_toad/2025/Documents/06.10-13.10.2025/6R/105MEDIA/DSCF0698.JPG,DSCF0698.JPG,6R/105MEDIA,0,Other_Amphibian,0.2079,2699.8,-4.5,2933.4,47.6
/srv/shared_leopard_toad/2025/Documents/06.10-13.10.2025/6R/105MEDIA/DSCF0219.JPG,DSCF0219.JPG,6R/105MEDIA,0,Other_Amphibian,0.5273,2486.1,381.0,2574.9,472.5
/srv/shared_leopard_toad/2025/Documents/06.10-13.10.2025/6R/105MEDIA/DSCF0737.JPG,DSCF0737.JPG,6R/105MEDIA,2,Western_Leopard_Toad,0.6616,411.8,335.7,562.1,488.2
/srv/shared_leopard_toad/2025/Documents/06.10-13.10.2025/6R/105MEDIA/DSCF0330.JPG,DSCF0330.JPG,6R/105MEDIA,2,Western_Leopard_Toad,0.8608,2010.6,2654.6,2226.2,2853.0
/srv/shared_leopard_toad/2025/Documents/06.10-13.10.2025/6R/105MEDIA/DSCF0330.JPG,DSCF0330.JPG,6R/105MEDIA,0,Other_Amphibian,0.2500,2489.9,379.2,2579.0,472.7
/srv/shared_leopard_toad/2025/Documents/06.10-13.10.2025/6R/105MEDIA/DSCF0428.JPG,DSCF0428.JPG,6R/105MEDIA,2,Western_Leopard_Toad,0.3538,2487.8,-1.4,2743.8,100.2
/srv/shared_leopard_toad/2025/Documents/06.10-13.10.2025/6R/105MEDIA/DSCF0428.JPG,DSCF0428.JPG,6R/105MEDIA,2,Western_Leopard_Toad,0.3176,2640.8,2676.1,2861.2,2855.1
/srv/shared_leopard_toad/2025/Documents/06.10-13.10.2025/6R/105MEDIA/DSCF0428.JPG,DSCF0428.JPG,6R/105MEDIA,0,Other_Amphibian,0.3003,2487.8,-1.4,2743.8,100.2
/srv/shared_leopard_toad/2025/Documents/06.10-13.10.2025/6R/105MEDIA/DSCF0684.JPG,DSCF0684.JPG,6R/105MEDIA,0,Other_Amphibian,0.2225,2710.7,-5.0,2938.3,50.3
/srv/shared_leopard_toad/2025/Documents/06.10-13.10.2025/6R/105MEDIA/DSCF0546.JPG,DSCF0546.JPG,6R/105MEDIA,0,Other_Amphibian,0.2318,593.7,2435.4,670.2,2540.7
/srv/shared_leopard_toad/2025/Documents/06.10-13.10.2025/6R/105MEDIA/DSCF0296.JPG,DSCF0296.JPG,6R/105MEDIA,0,Other_Amphibian,0.2301,1662.5,2014.0,1731.7,2102.6
/srv/shared_leopard_toad/2025/Documents/06.10-13.10.2025/6R/105MEDIA/DSCF0437.JPG,DSCF0437.JPG,6R/105MEDIA,2,Western_Leopard_Toad,0.3323,2482.4,-2.2,2746.6,99.1
/srv/shared_leopard_toad/2025/Documents/06.10-13.10.2025/6R/105MEDIA/DSCF0437.JPG,DSCF0437.JPG,6R/105MEDIA,0,Other_Amphibian,0.2133,1654.0,2012.5,1729.6,2107.1
/srv/shared_leopard_toad/2025/Documents/06.10-13.10.2025/6R/105MEDIA/DSCF0032.JPG,DSCF0032.JPG,6R/105MEDIA,2,Western_Leopard_Toad,0.5439,3625.4,1967.4,3813.9,2137.5
/srv/shared_leopard_toad/2025/Documents/06.10-13.10.2025/6R/105MEDIA/DSCF0032.JPG,DSCF0032.JPG,6R/105MEDIA,0,Other_Amphibian,0.5293,3625.4,1967.4,3813.9,2137.5
/srv/shared_leopard_toad/2025/Documents/06.10-13.10.2025/6R/105MEDIA/DSCF0306.JPG,DSCF0306.JPG,6R/105MEDIA,0,Other_Amphibian,0.2808,2486.8,379.8,2571.6,472.2
/srv/shared_leopard_toad/2025/Documents/06.10-13.10.2025/6R/105MEDIA/DSCF0131.JPG,DSCF0131.JPG,6R/105MEDIA,0,Other_Amphibian,0.2546,1661.9,2011.5,1734.9,2108.1
/srv/shared_leopard_toad/2025/Documents/06.10-13.10.2025/6R/105MEDIA/DSCF0498.JPG,DSCF0498.JPG,6R/105MEDIA,2,Western_Leopard_Toad,0.2578,233.6,571.4,404.2,747.9
/srv/shared_leopard_toad/2025/Documents/06.10-13.10.2025/6R/105MEDIA/DSCF0102.JPG,DSCF0102.JPG,6R/105MEDIA,0,Other_Amphibian,0.3406,1662.8,2013.9,1733.9,2105.7
/srv/shared_leopard_toad/2025/Documents/06.10-13.10.2025/6R/105MEDIA/DSCF0413.JPG,DSCF0413.JPG,6R/105MEDIA,2,Western_Leopard_Toad,0.5410,86.8,1806.6,227.2,1952.7
/srv/shared_leopard_toad/2025/Documents/06.10-13.10.2025/6R/105MEDIA/DSCF0413.JPG,DSCF0413.JPG,6R/105MEDIA,0,Other_Amphibian,0.4221,2485.3,380.4,2573.1,473.0
/srv/shared_leopard_toad/2025/Documents/06.10-13.10.2025/6R/105MEDIA/DSCF0413.JPG,DSCF0413.JPG,6R/105MEDIA,1,Small_Mammal,0.2502,86.8,1806.6,227.2,1952.7
/srv/shared_leopard_toad/2025/Documents/06.10-13.10.2025/6R/105MEDIA/DSCF0453.JPG,DSCF0453.JPG,6R/105MEDIA,0,Other_Amphibian,0.2123,1658.5,2006.0,1735.6,2107.7
/srv/shared_leopard_toad/2025/Documents/06.10-13.10.2025/6R/105MEDIA/DSCF0291.JPG,DSCF0291.JPG,6R/105MEDIA,2,Western_Leopard_Toad,0.3931,111.7,1813.4,230.2,1954.7
/srv/shared_leopard_toad/2025/Documents/06.10-13.10.2025/6R/105MEDIA/DSCF0021.JPG,DSCF0021.JPG,6R/105MEDIA,0,Other_Amphibian,0.4224,1665.6,2013.5,1736.4,2112.0
/srv/shared_leopard_toad/2025/Documents/06.10-13.10.2025/6R/105MEDIA/DSCF0397.JPG,DSCF0397.JPG,6R/105MEDIA,2,Western_Leopard_Toad,0.5156,97.7,1808.7,231.0,1953.6
/srv/shared_leopard_toad/2025/Documents/06.10-13.10.2025/6R/105MEDIA/DSCF0397.JPG,DSCF0397.JPG,6R/105MEDIA,0,Other_Amphibian,0.2949,1655.9,2011.3,1730.3,2105.3
/srv/shared_leopard_toad/2025/Documents/06.10-13.10.2025/6R/105MEDIA/DSCF0397.JPG,DSCF0397.JPG,6R/105MEDIA,0,Other_Amphibian,0.2654,97.7,1808.7,231.0,1953.6
/srv/shared_leopard_toad/2025/Documents/06.10-13.10.2025/6R/105MEDIA/DSCF0397.JPG,DSCF0397.JPG,6R/105MEDIA,1,Small_Mammal,0.2212,97.7,1808.7,231.0,1953.6
/srv/shared_leopard_toad/2025/Documents/06.10-13.10.2025/6R/105MEDIA/DSCF0334.JPG,DSCF0334.JPG,6R/105MEDIA,0,Other_Amphibian,0.3650,2485.9,379.9,2575.1,473.5
/srv/shared_leopard_toad/2025/Documents/06.10-13.10.2025/6R/105MEDIA/DSCF0815.JPG,DSCF0815.JPG,6R/105MEDIA,0,Other_Amphibian,0.2391,2696.3,-3.8,2937.0,43.7
/srv/shared_leopard_toad/2025/Documents/06.10-13.10.2025/6R/105MEDIA/DSCF0300.JPG,DSCF0300.JPG,6R/105MEDIA,2,Western_Leopard_Toad,0.5586,108.0,1816.4,232.0,1957.7
/srv/shared_leopard_toad/2025/Documents/06.10-13.10.2025/6R/105MEDIA/DSCF0300.JPG,DSCF0300.JPG,6R/105MEDIA,0,Other_Amphibian,0.2720,2485.0,378.6,2570.8,473.3
/srv/shared_leopard_toad/2025/Documents/06.10-13.10.2025/6R/105MEDIA/DSCF0300.JPG,DSCF0300.JPG,6R/105MEDIA,1,Small_Mammal,0.2135,108.0,1816.4,232.0,1957.7
/srv/shared_leopard_toad/2025/Documents/06.10-13.10.2025/6R/105MEDIA/DSCF0136.JPG,DSCF0136.JPG,6R/105MEDIA,0,Other_Amphibian,0.2534,1663.0,2011.5,1733.8,2108.1
/srv/shared_leopard_toad/2025/Documents/06.10-13.10.2025/6R/105MEDIA/DSCF0569.JPG,DSCF0569.JPG,6R/105MEDIA,0,Other_Amphibian,0.3032,595.0,2440.2,668.9,2544.7
/srv/shared_leopard_toad/2025/Documents/06.10-13.10.2025/6R/105MEDIA/DSCF0122.JPG,DSCF0122.JPG,6R/105MEDIA,0,Other_Amphibian,0.3569,1662.1,2014.0,1732.1,2105.6
/srv/shared_leopard_toad/2025/Documents/06.10-13.10.2025/6R/105MEDIA/DSCF0733.JPG,DSCF0733.JPG,6R/105MEDIA,0,Other_Amphibian,0.2673,2707.2,-5.6,2931.3,50.0
/srv/shared_leopard_toad/2025/Documents/06.10-13.10.2025/6R/105MEDIA/DSCF0294.JPG,DSCF0294.JPG,6R/105MEDIA,2,Western_Leopard_Toad,0.6406,108.8,1812.2,231.8,1958.9
/srv/shared_leopard_toad/2025/Documents/06.10-13.10.2025/6R/105MEDIA/DSCF0294.JPG,DSCF0294.JPG,6R/105MEDIA,0,Other_Amphibian,0.3545,2488.4,380.7,2572.6,472.8
/srv/shared_leopard_toad/2025/Documents/06.10-13.10.2025/6R/105MEDIA/DSCF0276.JPG,DSCF0276.JPG,6R/105MEDIA,2,Western_Leopard_Toad,0.3269,111.4,1812.9,231.2,1958.2
/srv/shared_leopard_toad/2025/Documents/06.10-13.10.2025/6R/105MEDIA/DSCF0415.JPG,DSCF0415.JPG,6R/105MEDIA,2,Western_Leopard_Toad,0.3809,2485.5,-0.6,2746.2,101.4
/srv/shared_leopard_toad/2025/Documents/06.10-13.10.2025/6R/105MEDIA/DSCF0415.JPG,DSCF0415.JPG,6R/105MEDIA,0,Other_Amphibian,0.2590,672.2,629.7,762.4,716.2
/srv/shared_leopard_toad/2025/Documents/06.10-13.10.2025/6R/105MEDIA/DSCF0415.JPG,DSCF0415.JPG,6R/105MEDIA,0,Other_Amphibian,0.2065,1666.3,2006.9,1741.0,2106.8
/srv/shared_leopard_toad/2025/Documents/06.10-13.10.2025/6R/105MEDIA/DSCF0771.JPG,DSCF0771.JPG,6R/105MEDIA,2,Western_Leopard_Toad,0.6265,414.0,333.2,570.4,501.1
/srv/shared_leopard_toad/2025/Documents/06.10-13.10.2025/6R/105MEDIA/DSCF0142.JPG,DSCF0142.JPG,6R/105MEDIA,0,Other_Amphibian,0.2023,1664.4,2014.4,1732.3,2108.2
/srv/shared_leopard_toad/2025/Documents/06.10-13.10.2025/6R/105MEDIA/DSCF0552.JPG,DSCF0552.JPG,6R/105MEDIA,0,Other_Amphibian,0.3489,594.6,2437.3,669.3,2544.6
/srv/shared_leopard_toad/2025/Documents/06.10-13.10.2025/6R/105MEDIA/DSCF0019.JPG,DSCF0019.JPG,6R/105MEDIA,0,Other_Amphibian,0.3582,1664.0,2015.4,1732.7,2110.1
/srv/shared_leopard_toad/2025/Documents/06.10-13.10.2025/6R/105MEDIA/DSCF0160.JPG,DSCF0160.JPG,6R/105MEDIA,0,Other_Amphibian,0.4429,1661.1,2011.7,1733.0,2107.9
/srv/shared_leopard_toad/2025/Documents/06.10-13.10.2025/6R/105MEDIA/DSCF0005.JPG,DSCF0005.JPG,6R/105MEDIA,2,Western_Leopard_Toad,0.3735,253.7,563.8,412.7,727.4
/srv/shared_leopard_toad/2025/Documents/06.10-13.10.2025/6R/105MEDIA/DSCF0452.JPG,DSCF0452.JPG,6R/105MEDIA,2,Western_Leopard_Toad,0.2854,2482.5,-1.6,2749.1,102.3
/srv/shared_leopard_toad/2025/Documents/06.10-13.10.2025/6R/105MEDIA/DSCF0382.JPG,DSCF0382.JPG,6R/105MEDIA,0,Other_Amphibian,0.3779,2486.3,380.2,2572.1,473.3
/srv/shared_leopard_toad/2025/Documents/06.10-13.10.2025/6R/105MEDIA/DSCF0274.JPG,DSCF0274.JPG,6R/105MEDIA,0,Other_Amphibian,0.2264,2488.7,379.5,2577.5,471.7
/srv/shared_leopard_toad/2025/Documents/06.10-13.10.2025/6R/105MEDIA/DSCF0797.JPG,DSCF0797.JPG,6R/105MEDIA,0,Other_Amphibian,0.2539,2700.7,-5.5,2932.5,49.5
/srv/shared_leopard_toad/2025/Documents/06.10-13.10.2025/6R/105MEDIA/DSCF0665.JPG,DSCF0665.JPG,6R/105MEDIA,0,Other_Amphibian,0.2976,2714.7,-4.8,2929.0,48.9
/srv/shared_leopard_toad/2025/Documents/06.10-13.10.2025/6R/105MEDIA/DSCF0776.JPG,DSCF0776.JPG,6R/105MEDIA,2,Western_Leopard_Toad,0.7446,417.5,333.7,566.9,481.4
/srv/shared_leopard_toad/2025/Documents/06.10-13.10.2025/6R/105MEDIA/DSCF0776.JPG,DSCF0776.JPG,6R/105MEDIA,0,Other_Amphibian,0.2190,2702.0,-5.7,2931.2,47.9
/srv/shared_leopard_toad/2025/Documents/06.10-13.10.2025/6R/105MEDIA/DSCF0557.JPG,DSCF0557.JPG,6R/105MEDIA,0,Other_Amphibian,0.3430,594.7,2437.4,669.2,2541.5
/srv/shared_leopard_toad/2025/Documents/06.10-13.10.2025/6R/105MEDIA/DSCF0766.JPG,DSCF0766.JPG,6R/105MEDIA,2,Western_Leopard_Toad,0.7935,417.0,333.8,569.3,500.5
/srv/shared_leopard_toad/2025/Documents/06.10-13.10.2025/6R/105MEDIA/DSCF0035.JPG,DSCF0035.JPG,6R/105MEDIA,2,Western_Leopard_Toad,0.9307,3854.9,468.3,4020.1,649.4
/srv/shared_leopard_toad/2025/Documents/06.10-13.10.2025/6R/105MEDIA/DSCF0269.JPG,DSCF0269.JPG,6R/105MEDIA,0,Other_Amphibian,0.2988,2484.8,379.9,2576.2,472.8
/srv/shared_leopard_toad/2025/Documents/06.10-13.10.2025/6R/105MEDIA/DSCF0269.JPG,DSCF0269.JPG,6R/105MEDIA,2,Western_Leopard_Toad,0.2585,114.4,1813.9,227.5,1960.2
/srv/shared_leopard_toad/2025/Documents/06.10-13.10.2025/6R/105MEDIA/DSCF0434.JPG,DSCF0434.JPG,6R/105MEDIA,2,Western_Leopard_Toad,0.4231,2470.6,-0.8,2745.3,98.1
/srv/shared_leopard_toad/2025/Documents/06.10-13.10.2025/6R/105MEDIA/DSCF0434.JPG,DSCF0434.JPG,6R/105MEDIA,0,Other_Amphibian,0.2529,669.7,628.1,767.5,718.6
/srv/shared_leopard_toad/2025/Documents/06.10-13.10.2025/6R/105MEDIA/DSCF0434.JPG,DSCF0434.JPG,6R/105MEDIA,0,Other_Amphibian,0.2190,1661.2,2008.6,1732.9,2105.1
/srv/shared_leopard_toad/2025/Documents/06.10-13.10.2025/6R/105MEDIA/DSCF0313.JPG,DSCF0313.JPG,6R/105MEDIA,0,Other_Amphibian,0.2438,1662.5,2011.6,1731.7,2105.1
/srv/shared_leopard_toad/2025/Documents/06.10-13.10.2025/6R/105MEDIA/DSCF0297.JPG,DSCF0297.JPG,6R/105MEDIA,2,Western_Leopard_Toad,0.4905,107.9,1813.4,230.7,1957.7
/srv/shared_leopard_toad/2025/Documents/06.10-13.10.2025/6R/105MEDIA/DSCF0297.JPG,DSCF0297.JPG,6R/105MEDIA,0,Other_Amphibian,0.2202,2487.6,379.9,2573.4,467.7
/srv/shared_leopard_toad/2025/Documents/06.10-13.10.2025/6R/105MEDIA/DSCF0719.JPG,DSCF0719.JPG,6R/105MEDIA,2,Western_Leopard_Toad,0.4846,411.6,336.2,564.2,489.2
/srv/shared_leopard_toad/2025/Documents/06.10-13.10.2025/6R/105MEDIA/DSCF0719.JPG,DSCF0719.JPG,6R/105MEDIA,0,Other_Amphibian,0.2100,2701.2,-5.0,2947.8,46.7
/srv/shared_leopard_toad/2025/Documents/06.10-13.10.2025/6R/105MEDIA/DSCF0424.JPG,DSCF0424.JPG,6R/105MEDIA,0,Other_Amphibian,0.2135,668.7,630.8,760.6,715.8
/srv/shared_leopard_toad/2025/Documents/06.10-13.10.2025/6R/105MEDIA/DSCF0352.JPG,DSCF0352.JPG,6R/105MEDIA,0,Other_Amphibian,0.2111,2488.9,378.8,2577.4,471.0
/srv/shared_leopard_toad/2025/Documents/06.10-13.10.2025/6R/105MEDIA/DSCF0793.JPG,DSCF0793.JPG,6R/105MEDIA,2,Western_Leopard_Toad,0.7837,415.0,333.4,569.3,494.9
/srv/shared_leopard_toad/2025/Documents/06.10-13.10.2025/6R/105MEDIA/DSCF0793.JPG,DSCF0793.JPG,6R/105MEDIA,0,Other_Amphibian,0.2310,2701.1,-4.9,2937.4,45.7
/srv/shared_leopard_toad/2025/Documents/06.10-13.10.2025/6R/105MEDIA/DSCF0859.JPG,DSCF0859.JPG,6R/105MEDIA,0,Other_Amphibian,0.2120,2709.8,-4.5,2933.9,47.9
/srv/shared_leopard_toad/2025/Documents/06.10-13.10.2025/6R/105MEDIA/DSCF0547.JPG,DSCF0547.JPG,6R/105MEDIA,0,Other_Amphibian,0.2168,591.5,2435.3,670.4,2543.7
/srv/shared_leopard_toad/2025/Documents/06.10-13.10.2025/6R/105MEDIA/DSCF0321.JPG,DSCF0321.JPG,6R/105MEDIA,0,Other_Amphibian,0.2627,2487.2,380.7,2573.8,471.2
/srv/shared_leopard_toad/2025/Documents/06.10-13.10.2025/6R/105MEDIA/DSCF0751.JPG,DSCF0751.JPG,6R/105MEDIA,0,Other_Amphibian,0.2081,2707.9,-4.8,2946.3,47.2
/srv/shared_leopard_toad/2025/Documents/06.10-13.10.2025/6R/105MEDIA/DSCF0803.JPG,DSCF0803.JPG,6R/105MEDIA,0,Other_Amphibian,0.2502,2706.6,-5.1,2937.1,46.9
/srv/shared_leopard_toad/2025/Documents/06.10-13.10.2025/6R/105MEDIA/DSCF0218.JPG,DSCF0218.JPG,6R/105MEDIA,0,Other_Amphibian,0.3354,2485.7,379.8,2575.3,472.2
/srv/shared_leopard_toad/2025/Documents/06.10-13.10.2025/6R/105MEDIA/DSCF0435.JPG,DSCF0435.JPG,6R/105MEDIA,2,Western_Leopard_Toad,0.5381,2486.5,-1.7,2742.5,101.2
/srv/shared_leopard_toad/2025/Documents/06.10-13.10.2025/6R/105MEDIA/DSCF0819.JPG,DSCF0819.JPG,6R/105MEDIA,0,Other_Amphibian,0.2325,2693.7,-4.0,2934.3,43.4
/srv/shared_leopard_toad/2025/Documents/06.10-13.10.2025/6R/105MEDIA/DSCF0680.JPG,DSCF0680.JPG,6R/105MEDIA,0,Other_Amphibian,0.3020,2718.4,-4.0,2935.9,49.7
/srv/shared_leopard_toad/2025/Documents/06.10-13.10.2025/6R/105MEDIA/DSCF0260.JPG,DSCF0260.JPG,6R/105MEDIA,0,Other_Amphibian,0.3176,2486.1,378.8,2569.6,473.2
/srv/shared_leopard_toad/2025/Documents/06.10-13.10.2025/6R/105MEDIA/DSCF0115.JPG,DSCF0115.JPG,6R/105MEDIA,0,Other_Amphibian,0.3293,1662.0,2009.7,1734.8,2107.0
/srv/shared_leopard_toad/2025/Documents/06.10-13.10.2025/6R/105MEDIA/DSCF0115.JPG,DSCF0115.JPG,6R/105MEDIA,0,Other_Amphibian,0.2424,1661.6,2008.2,1735.2,2105.5
/srv/shared_leopard_toad/2025/Documents/06.10-13.10.2025/6R/105MEDIA/DSCF0462.JPG,DSCF0462.JPG,6R/105MEDIA,2,Western_Leopard_Toad,0.3530,103.8,1812.2,230.4,1958.9
/srv/shared_leopard_toad/2025/Documents/06.10-13.10.2025/6R/105MEDIA/DSCF0462.JPG,DSCF0462.JPG,6R/105MEDIA,0,Other_Amphibian,0.3074,103.8,1812.2,230.4,1958.9
/srv/shared_leopard_toad/2025/Documents/06.10-13.10.2025/6R/105MEDIA/DSCF0561.JPG,DSCF0561.JPG,6R/105MEDIA,0,Other_Amphibian,0.4563,592.6,2437.7,669.4,2544.2
/srv/shared_leopard_toad/2025/Documents/06.10-13.10.2025/6R/105MEDIA/DSCF0616.JPG,DSCF0616.JPG,6R/105MEDIA,0,Other_Amphibian,0.5332,1025.6,339.1,1111.1,421.4
/srv/shared_leopard_toad/2025/Documents/06.10-13.10.2025/6R/105MEDIA/DSCF0616.JPG,DSCF0616.JPG,6R/105MEDIA,0,Other_Amphibian,0.3699,1024.9,339.8,1113.1,422.9
/srv/shared_leopard_toad/2025/Documents/06.10-13.10.2025/6R/105MEDIA/DSCF0484.JPG,DSCF0484.JPG,6R/105MEDIA,2,Western_Leopard_Toad,0.5464,104.5,1808.1,231.5,1954.2
/srv/shared_leopard_toad/2025/Documents/06.10-13.10.2025/6R/105MEDIA/DSCF0484.JPG,DSCF0484.JPG,6R/105MEDIA,0,Other_Amphibian,0.2954,104.5,1808.1,231.5,1954.2
/srv/shared_leopard_toad/2025/Documents/06.10-13.10.2025/6R/105MEDIA/DSCF0471.JPG,DSCF0471.JPG,6R/105MEDIA,2,Western_Leopard_Toad,0.5933,239.5,567.0,410.2,750.8
/srv/shared_leopard_toad/2025/Documents/06.10-13.10.2025/6R/105MEDIA/DSCF0239.JPG,DSCF0239.JPG,6R/105MEDIA,0,Other_Amphibian,0.2100,2486.6,378.8,2569.2,471.0
/srv/shared_leopard_toad/2025/Documents/06.10-13.10.2025/6R/105MEDIA/DSCF0129.JPG,DSCF0129.JPG,6R/105MEDIA,0,Other_Amphibian,0.2700,1660.5,2013.5,1733.6,2106.1
/srv/shared_leopard_toad/2025/Documents/06.10-13.10.2025/6R/105MEDIA/DSCF0147.JPG,DSCF0147.JPG,6R/105MEDIA,0,Other_Amphibian,0.2339,1661.2,2013.8,1730.3,2105.8
/srv/shared_leopard_toad/2025/Documents/06.10-13.10.2025/6R/105MEDIA/DSCF0261.JPG,DSCF0261.JPG,6R/105MEDIA,2,Western_Leopard_Toad,0.6890,105.5,1812.1,230.5,1956.1
/srv/shared_leopard_toad/2025/Documents/06.10-13.10.2025/6R/105MEDIA/DSCF0261.JPG,DSCF0261.JPG,6R/105MEDIA,1,Small_Mammal,0.2261,105.5,1812.1,230.5,1956.1
/srv/shared_leopard_toad/2025/Documents/06.10-13.10.2025/6R/105MEDIA/DSCF0062.JPG,DSCF0062.JPG,6R/105MEDIA,0,Other_Amphibian,0.2556,1664.6,2011.6,1734.8,2108.0
/srv/shared_leopard_toad/2025/Documents/06.10-13.10.2025/6R/105MEDIA/DSCF0326.JPG,DSCF0326.JPG,6R/105MEDIA,0,Other_Amphibian,0.3203,2485.0,378.4,2570.8,471.3
/srv/shared_leopard_toad/2025/Documents/06.10-13.10.2025/6R/105MEDIA/DSCF0796.JPG,DSCF0796.JPG,6R/105MEDIA,2,Western_Leopard_Toad,0.4810,414.5,334.7,567.9,495.9
/srv/shared_leopard_toad/2025/Documents/06.10-13.10.2025/6R/105MEDIA/DSCF0495.JPG,DSCF0495.JPG,6R/105MEDIA,2,Western_Leopard_Toad,0.4414,246.7,568.5,400.7,747.9
/srv/shared_leopard_toad/2025/Documents/06.10-13.10.2025/6R/105MEDIA/DSCF0103.JPG,DSCF0103.JPG,6R/105MEDIA,0,Other_Amphibian,0.4888,1661.2,2010.7,1732.9,2105.9
/srv/shared_leopard_toad/2025/Documents/06.10-13.10.2025/6R/105MEDIA/DSCF0388.JPG,DSCF0388.JPG,6R/105MEDIA,0,Other_Amphibian,0.5073,2484.6,381.1,2571.1,472.3
/srv/shared_leopard_toad/2025/Documents/06.10-13.10.2025/6R/105MEDIA/DSCF0388.JPG,DSCF0388.JPG,6R/105MEDIA,0,Other_Amphibian,0.2394,673.1,631.9,768.0,718.4
/srv/shared_leopard_toad/2025/Documents/06.10-13.10.2025/6R/105MEDIA/DSCF0100.JPG,DSCF0100.JPG,6R/105MEDIA,0,Other_Amphibian,0.3430,1665.6,2011.8,1733.8,2107.8
/srv/shared_leopard_toad/2025/Documents/06.10-13.10.2025/6R/105MEDIA/DSCF0491.JPG,DSCF0491.JPG,6R/105MEDIA,2,Western_Leopard_Toad,0.6953,240.4,567.8,409.3,747.8
/srv/shared_leopard_toad/2025/Documents/06.10-13.10.2025/6R/105MEDIA/DSCF0491.JPG,DSCF0491.JPG,6R/105MEDIA,2,Western_Leopard_Toad,0.5078,237.7,569.0,409.7,750.3
/srv/shared_leopard_toad/2025/Documents/06.10-13.10.2025/6R/105MEDIA/DSCF0491.JPG,DSCF0491.JPG,6R/105MEDIA,2,Western_Leopard_Toad,0.3237,106.6,1812.2,228.9,1955.9
/srv/shared_leopard_toad/2025/Documents/06.10-13.10.2025/6R/105MEDIA/DSCF0042.JPG,DSCF0042.JPG,6R/105MEDIA,0,Other_Amphibian,0.2255,2484.8,376.9,2563.1,478.7
/srv/shared_leopard_toad/2025/Documents/06.10-13.10.2025/6R/105MEDIA/DSCF0348.JPG,DSCF0348.JPG,6R/105MEDIA,0,Other_Amphibian,0.3953,2486.1,378.6,2574.9,473.3
/srv/shared_leopard_toad/2025/Documents/06.10-13.10.2025/6R/105MEDIA/DSCF0383.JPG,DSCF0383.JPG,6R/105MEDIA,0,Other_Amphibian,0.3879,2487.1,379.3,2579.1,472.6
/srv/shared_leopard_toad/2025/Documents/06.10-13.10.2025/6R/105MEDIA/DSCF0383.JPG,DSCF0383.JPG,6R/105MEDIA,2,Western_Leopard_Toad,0.2815,253.8,565.5,406.7,719.1
/srv/shared_leopard_toad/2025/Documents/06.10-13.10.2025/6R/105MEDIA/DSCF0383.JPG,DSCF0383.JPG,6R/105MEDIA,0,Other_Amphibian,0.2084,672.5,631.7,766.0,716.4
/srv/shared_leopard_toad/2025/Documents/06.10-13.10.2025/6R/105MEDIA/DSCF0055.JPG,DSCF0055.JPG,6R/105MEDIA,0,Other_Amphibian,0.2415,4491.6,41.6,4638.2,218.7
/srv/shared_leopard_toad/2025/Documents/06.10-13.10.2025/6R/105MEDIA/DSCF0400.JPG,DSCF0400.JPG,6R/105MEDIA,0,Other_Amphibian,0.3623,2488.0,384.0,2578.2,473.1
/srv/shared_leopard_toad/2025/Documents/06.10-13.10.2025/6R/105MEDIA/DSCF0400.JPG,DSCF0400.JPG,6R/105MEDIA,2,Western_Leopard_Toad,0.3452,95.7,1813.3,231.6,1954.9
/srv/shared_leopard_toad/2025/Documents/06.10-13.10.2025/6R/105MEDIA/DSCF0400.JPG,DSCF0400.JPG,6R/105MEDIA,0,Other_Amphibian,0.2418,1654.7,2009.3,1728.9,2104.4
/srv/shared_leopard_toad/2025/Documents/06.10-13.10.2025/6R/105MEDIA/DSCF0400.JPG,DSCF0400.JPG,6R/105MEDIA,0,Other_Amphibian,0.2382,95.7,1813.3,231.6,1954.9
/srv/shared_leopard_toad/2025/Documents/06.10-13.10.2025/6R/105MEDIA/DSCF0400.JPG,DSCF0400.JPG,6R/105MEDIA,0,Other_Amphibian,0.2058,671.2,630.8,764.7,715.8
/srv/shared_leopard_toad/2025/Documents/06.10-13.10.2025/6R/105MEDIA/DSCF0351.JPG,DSCF0351.JPG,6R/105MEDIA,2,Western_Leopard_Toad,0.2805,4260.7,2567.9,4464.8,2730.0
/srv/shared_leopard_toad/2025/Documents/06.10-13.10.2025/6R/105MEDIA/DSCF0351.JPG,DSCF0351.JPG,6R/105MEDIA,0,Other_Amphibian,0.2505,2487.4,381.9,2573.6,470.1
/srv/shared_leopard_toad/2025/Documents/06.10-13.10.2025/6R/105MEDIA/DSCF0225.JPG,DSCF0225.JPG,6R/105MEDIA,0,Other_Amphibian,0.2617,2488.5,380.6,2569.9,472.8
/srv/shared_leopard_toad/2025/Documents/06.10-13.10.2025/6R/105MEDIA/DSCF0354.JPG,DSCF0354.JPG,6R/105MEDIA,0,Other_Amphibian,0.2179,2486.6,380.7,2569.2,472.0
/srv/shared_leopard_toad/2025/Documents/06.10-13.10.2025/6R/105MEDIA/DSCF0272.JPG,DSCF0272.JPG,6R/105MEDIA,2,Western_Leopard_Toad,0.8120,100.0,1807.4,229.3,1954.9
/srv/shared_leopard_toad/2025/Documents/06.10-13.10.2025/6R/105MEDIA/DSCF0272.JPG,DSCF0272.JPG,6R/105MEDIA,1,Small_Mammal,0.3040,100.0,1807.4,229.3,1954.9
/srv/shared_leopard_toad/2025/Documents/06.10-13.10.2025/6R/105MEDIA/DSCF0459.JPG,DSCF0459.JPG,6R/105MEDIA,0,Other_Amphibian,0.2844,2491.1,-1.9,2740.5,101.1
/srv/shared_leopard_toad/2025/Documents/06.10-13.10.2025/6R/105MEDIA/DSCF0746.JPG,DSCF0746.JPG,6R/105MEDIA,2,Western_Leopard_Toad,0.3118,412.8,335.5,568.3,509.0
/srv/shared_leopard_toad/2025/Documents/06.10-13.10.2025/6R/105MEDIA/DSCF0763.JPG,DSCF0763.JPG,6R/105MEDIA,2,Western_Leopard_Toad,0.3818,416.2,333.8,568.2,500.5
/srv/shared_leopard_toad/2025/Documents/06.10-13.10.2025/6R/105MEDIA/DSCF0081.JPG,DSCF0081.JPG,6R/105MEDIA,0,Other_Amphibian,0.4534,1664.6,2011.4,1734.8,2108.3
/srv/shared_leopard_toad/2025/Documents/06.10-13.10.2025/6R/105MEDIA/DSCF0016.JPG,DSCF0016.JPG,6R/105MEDIA,0,Other_Amphibian,0.2382,1666.3,2011.9,1733.1,2107.7
/srv/shared_leopard_toad/2025/Documents/06.10-13.10.2025/6R/105MEDIA/DSCF0728.JPG,DSCF0728.JPG,6R/105MEDIA,0,Other_Amphibian,0.2355,2705.7,-5.9,2938.0,50.5
/srv/shared_leopard_toad/2025/Documents/06.10-13.10.2025/6R/105MEDIA/DSCF0664.JPG,DSCF0664.JPG,6R/105MEDIA,2,Western_Leopard_Toad,0.8765,406.2,333.9,560.5,493.0
/srv/shared_leopard_toad/2025/Documents/06.10-13.10.2025/6R/105MEDIA/DSCF0468.JPG,DSCF0468.JPG,6R/105MEDIA,2,Western_Leopard_Toad,0.3652,2494.3,-1.5,2747.8,102.6
/srv/shared_leopard_toad/2025/Documents/06.10-13.10.2025/6R/105MEDIA/DSCF0468.JPG,DSCF0468.JPG,6R/105MEDIA,2,Western_Leopard_Toad,0.3130,2658.4,2676.9,2859.4,2854.3
/srv/shared_leopard_toad/2025/Documents/06.10-13.10.2025/6R/105MEDIA/DSCF0468.JPG,DSCF0468.JPG,6R/105MEDIA,0,Other_Amphibian,0.2581,2494.3,-1.5,2747.8,102.6
/srv/shared_leopard_toad/2025/Documents/06.10-13.10.2025/6R/105MEDIA/DSCF0105.JPG,DSCF0105.JPG,6R/105MEDIA,0,Other_Amphibian,0.2915,1660.6,2013.9,1730.9,2105.7
/srv/shared_leopard_toad/2025/Documents/06.10-13.10.2025/6R/105MEDIA/DSCF0116.JPG,DSCF0116.JPG,6R/105MEDIA,0,Other_Amphibian,0.3479,1660.2,2011.2,1731.3,2105.4
/srv/shared_leopard_toad/2025/Documents/06.10-13.10.2025/6R/105MEDIA/DSCF0808.JPG,DSCF0808.JPG,6R/105MEDIA,0,Other_Amphibian,0.2581,2705.6,-3.6,2927.7,42.2
/srv/shared_leopard_toad/2025/Documents/06.10-13.10.2025/6R/105MEDIA/DSCF0800.JPG,DSCF0800.JPG,6R/105MEDIA,0,Other_Amphibian,0.2352,2704.4,-3.9,2960.3,48.0
/srv/shared_leopard_toad/2025/Documents/06.10-13.10.2025/6R/105MEDIA/DSCF0367.JPG,DSCF0367.JPG,6R/105MEDIA,0,Other_Amphibian,0.4233,2488.0,380.4,2578.2,473.0
/srv/shared_leopard_toad/2025/Documents/06.10-13.10.2025/6R/105MEDIA/DSCF0367.JPG,DSCF0367.JPG,6R/105MEDIA,0,Other_Amphibian,0.2737,669.5,631.9,763.7,714.7
/srv/shared_leopard_toad/2025/Documents/06.10-13.10.2025/6R/105MEDIA/DSCF0331.JPG,DSCF0331.JPG,6R/105MEDIA,0,Other_Amphibian,0.2505,2486.8,381.3,2571.6,470.7
/srv/shared_leopard_toad/2025/Documents/06.10-13.10.2025/6R/105MEDIA/DSCF0331.JPG,DSCF0331.JPG,6R/105MEDIA,0,Other_Amphibian,0.2413,171.0,2424.7,345.5,2592.6
/srv/shared_leopard_toad/2025/Documents/06.10-13.10.2025/6R/105MEDIA/DSCF0082.JPG,DSCF0082.JPG,6R/105MEDIA,2,Western_Leopard_Toad,0.3032,95.6,1811.3,237.3,1968.7
/srv/shared_leopard_toad/2025/Documents/06.10-13.10.2025/6R/105MEDIA/DSCF0990.JPG,DSCF0990.JPG,6R/105MEDIA,0,Other_Amphibian,0.6963,3912.4,1220.2,4088.6,1396.3
/srv/shared_leopard_toad/2025/Documents/06.10-13.10.2025/6R/105MEDIA/DSCF0990.JPG,DSCF0990.JPG,6R/105MEDIA,2,Western_Leopard_Toad,0.5244,3912.4,1220.2,4088.6,1396.3
/srv/shared_leopard_toad/2025/Documents/06.10-13.10.2025/6R/105MEDIA/DSCF0789.JPG,DSCF0789.JPG,6R/105MEDIA,0,Other_Amphibian,0.2118,2693.8,-4.8,2939.4,45.6
/srv/shared_leopard_toad/2025/Documents/06.10-13.10.2025/6R/105MEDIA/DSCF0688.JPG,DSCF0688.JPG,6R/105MEDIA,2,Western_Leopard_Toad,0.5703,410.5,335.0,563.4,484.5
/srv/shared_leopard_toad/2025/Documents/06.10-13.10.2025/6R/105MEDIA/DSCF0688.JPG,DSCF0688.JPG,6R/105MEDIA,0,Other_Amphibian,0.2076,2705.7,-6.1,2938.0,49.7
/srv/shared_leopard_toad/2025/Documents/06.10-13.10.2025/6R/105MEDIA/DSCF0347.JPG,DSCF0347.JPG,6R/105MEDIA,0,Other_Amphibian,0.3789,2485.0,380.0,2570.8,472.0
/srv/shared_leopard_toad/2025/Documents/06.10-13.10.2025/6R/105MEDIA/DSCF0109.JPG,DSCF0109.JPG,6R/105MEDIA,0,Other_Amphibian,0.3748,1659.7,2013.2,1731.8,2106.4
/srv/shared_leopard_toad/2025/Documents/06.10-13.10.2025/6R/105MEDIA/DSCF0357.JPG,DSCF0357.JPG,6R/105MEDIA,0,Other_Amphibian,0.3687,2485.8,380.5,2572.6,475.2
/srv/shared_leopard_toad/2025/Documents/06.10-13.10.2025/6R/105MEDIA/DSCF0357.JPG,DSCF0357.JPG,6R/105MEDIA,0,Other_Amphibian,0.2727,961.0,2697.0,1107.5,2857.8
/srv/shared_leopard_toad/2025/Documents/06.10-13.10.2025/6R/105MEDIA/DSCF0309.JPG,DSCF0309.JPG,6R/105MEDIA,0,Other_Amphibian,0.2434,2487.8,379.7,2578.4,473.7
/srv/shared_leopard_toad/2025/Documents/06.10-13.10.2025/6R/105MEDIA/DSCF0497.JPG,DSCF0497.JPG,6R/105MEDIA,2,Western_Leopard_Toad,0.5000,243.3,567.9,406.4,737.4
/srv/shared_leopard_toad/2025/Documents/06.10-13.10.2025/6R/105MEDIA/DSCF0497.JPG,DSCF0497.JPG,6R/105MEDIA,0,Other_Amphibian,0.3367,2507.1,-1.2,2742.9,101.1
/srv/shared_leopard_toad/2025/Documents/06.10-13.10.2025/6R/105MEDIA/DSCF0497.JPG,DSCF0497.JPG,6R/105MEDIA,2,Western_Leopard_Toad,0.3074,2507.1,-1.2,2742.9,101.1
/srv/shared_leopard_toad/2025/Documents/06.10-13.10.2025/6R/105MEDIA/DSCF0497.JPG,DSCF0497.JPG,6R/105MEDIA,2,Western_Leopard_Toad,0.2634,236.1,568.2,405.4,742.3
/srv/shared_leopard_toad/2025/Documents/06.10-13.10.2025/6R/105MEDIA/DSCF0340.JPG,DSCF0340.JPG,6R/105MEDIA,0,Other_Amphibian,0.3159,2485.1,379.2,2573.3,472.7
/srv/shared_leopard_toad/2025/Documents/06.10-13.10.2025/6R/105MEDIA/DSCF0392.JPG,DSCF0392.JPG,6R/105MEDIA,0,Other_Amphibian,0.4094,2485.5,381.8,2575.5,473.9
/srv/shared_leopard_toad/2025/Documents/06.10-13.10.2025/6R/105MEDIA/DSCF0392.JPG,DSCF0392.JPG,6R/105MEDIA,0,Other_Amphibian,0.3162,1654.0,2011.1,1729.6,2105.6
/srv/shared_leopard_toad/2025/Documents/06.10-13.10.2025/6R/105MEDIA/DSCF0671.JPG,DSCF0671.JPG,6R/105MEDIA,2,Western_Leopard_Toad,0.5913,402.8,337.9,562.5,487.5
/srv/shared_leopard_toad/2025/Documents/06.10-13.10.2025/6R/105MEDIA/DSCF0671.JPG,DSCF0671.JPG,6R/105MEDIA,0,Other_Amphibian,0.2803,2714.9,-5.5,2934.1,50.7
/srv/shared_leopard_toad/2025/Documents/06.10-13.10.2025/6R/105MEDIA/DSCF0328.JPG,DSCF0328.JPG,6R/105MEDIA,2,Western_Leopard_Toad,0.6411,2014.4,2655.1,2227.6,2852.4
/srv/shared_leopard_toad/2025/Documents/06.10-13.10.2025/6R/105MEDIA/DSCF0328.JPG,DSCF0328.JPG,6R/105MEDIA,0,Other_Amphibian,0.3279,2486.7,379.1,2574.3,472.9
/srv/shared_leopard_toad/2025/Documents/06.10-13.10.2025/6R/105MEDIA/DSCF0310.JPG,DSCF0310.JPG,6R/105MEDIA,0,Other_Amphibian,0.2637,2487.0,379.9,2568.7,472.1
/srv/shared_leopard_toad/2025/Documents/06.10-13.10.2025/6R/105MEDIA/DSCF0310.JPG,DSCF0310.JPG,6R/105MEDIA,0,Other_Amphibian,0.2323,1666.4,2013.1,1733.0,2103.6
/srv/shared_leopard_toad/2025/Documents/06.10-13.10.2025/6R/105MEDIA/DSCF0374.JPG,DSCF0374.JPG,6R/105MEDIA,2,Western_Leopard_Toad,0.9282,2945.1,2729.7,3129.2,2857.7
/srv/shared_leopard_toad/2025/Documents/06.10-13.10.2025/6R/105MEDIA/DSCF0371.JPG,DSCF0371.JPG,6R/105MEDIA,0,Other_Amphibian,0.8652,3325.9,2378.9,3514.9,2552.8
/srv/shared_leopard_toad/2025/Documents/06.10-13.10.2025/6R/105MEDIA/DSCF0371.JPG,DSCF0371.JPG,6R/105MEDIA,2,Western_Leopard_Toad,0.3699,3325.9,2378.9,3514.9,2552.8
/srv/shared_leopard_toad/2025/Documents/06.10-13.10.2025/6R/105MEDIA/DSCF0701.JPG,DSCF0701.JPG,6R/105MEDIA,0,Other_Amphibian,0.2306,2707.2,-6.3,2952.3,52.3
/srv/shared_leopard_toad/2025/Documents/06.10-13.10.2025/6R/105MEDIA/DSCF0317.JPG,DSCF0317.JPG,6R/105MEDIA,0,Other_Amphibian,0.2986,1662.9,2019.0,1728.6,2106.5
/srv/shared_leopard_toad/2025/Documents/06.10-13.10.2025/6R/105MEDIA/DSCF0317.JPG,DSCF0317.JPG,6R/105MEDIA,0,Other_Amphibian,0.2283,2488.1,380.0,2567.6,472.0
/srv/shared_leopard_toad/2025/Documents/06.10-13.10.2025/6R/105MEDIA/DSCF0234.JPG,DSCF0234.JPG,6R/105MEDIA,0,Other_Amphibian,0.2881,2486.0,379.5,2564.5,470.2
/srv/shared_leopard_toad/2025/Documents/06.10-13.10.2025/6R/105MEDIA/DSCF0465.JPG,DSCF0465.JPG,6R/105MEDIA,2,Western_Leopard_Toad,0.2969,106.5,1812.6,229.5,1961.5
/srv/shared_leopard_toad/2025/Documents/06.10-13.10.2025/6R/105MEDIA/DSCF0270.JPG,DSCF0270.JPG,6R/105MEDIA,2,Western_Leopard_Toad,0.6519,106.8,1813.6,229.9,1960.5
/srv/shared_leopard_toad/2025/Documents/06.10-13.10.2025/6R/105MEDIA/DSCF0270.JPG,DSCF0270.JPG,6R/105MEDIA,0,Other_Amphibian,0.2487,2487.5,379.2,2578.8,472.7
/srv/shared_leopard_toad/2025/Documents/06.10-13.10.2025/6R/105MEDIA/DSCF0677.JPG,DSCF0677.JPG,6R/105MEDIA,0,Other_Amphibian,0.2512,2714.4,-5.7,2955.6,51.2
/srv/shared_leopard_toad/2025/Documents/06.10-13.10.2025/6R/105MEDIA/DSCF0884.JPG,DSCF0884.JPG,6R/105MEDIA,0,Other_Amphibian,0.2144,2709.1,-4.5,2929.4,47.1
/srv/shared_leopard_toad/2025/Documents/06.10-13.10.2025/6R/105MEDIA/DSCF0356.JPG,DSCF0356.JPG,6R/105MEDIA,2,Western_Leopard_Toad,0.5972,248.3,568.5,405.9,725.0
/srv/shared_leopard_toad/2025/Documents/06.10-13.10.2025/6R/105MEDIA/DSCF0444.JPG,DSCF0444.JPG,6R/105MEDIA,0,Other_Amphibian,0.2185,1658.0,2009.4,1733.5,2107.2
/srv/shared_leopard_toad/2025/Documents/06.10-13.10.2025/6R/105MEDIA/DSCF0485.JPG,DSCF0485.JPG,6R/105MEDIA,2,Western_Leopard_Toad,0.6729,107.7,1811.2,232.9,1957.0
/srv/shared_leopard_toad/2025/Documents/06.10-13.10.2025/6R/105MEDIA/DSCF0485.JPG,DSCF0485.JPG,6R/105MEDIA,0,Other_Amphibian,0.3281,107.7,1811.2,232.9,1957.0
/srv/shared_leopard_toad/2025/Documents/06.10-13.10.2025/6R/105MEDIA/DSCF0485.JPG,DSCF0485.JPG,6R/105MEDIA,2,Western_Leopard_Toad,0.2964,2500.3,-1.5,2739.2,100.7
/srv/shared_leopard_toad/2025/Documents/06.10-13.10.2025/6R/105MEDIA/DSCF0322.JPG,DSCF0322.JPG,6R/105MEDIA,2,Western_Leopard_Toad,0.5767,250.3,566.6,407.6,718.0
/srv/shared_leopard_toad/2025/Documents/06.10-13.10.2025/6R/105MEDIA/DSCF0084.JPG,DSCF0084.JPG,6R/105MEDIA,0,Other_Amphibian,0.2455,1663.0,2013.0,1733.8,2106.6
/srv/shared_leopard_toad/2025/Documents/06.10-13.10.2025/6R/105MEDIA/DSCF0124.JPG,DSCF0124.JPG,6R/105MEDIA,0,Other_Amphibian,0.3569,1661.0,2016.2,1730.5,2103.5
/srv/shared_leopard_toad/2025/Documents/06.10-13.10.2025/6R/105MEDIA/DSCF0702.JPG,DSCF0702.JPG,6R/105MEDIA,2,Western_Leopard_Toad,0.6235,412.5,334.8,563.3,486.9
/srv/shared_leopard_toad/2025/Documents/06.10-13.10.2025/6R/105MEDIA/DSCF0243.JPG,DSCF0243.JPG,6R/105MEDIA,0,Other_Amphibian,0.2460,2486.8,379.0,2571.6,474.4
/srv/shared_leopard_toad/2025/Documents/06.10-13.10.2025/6R/105MEDIA/DSCF0717.JPG,DSCF0717.JPG,6R/105MEDIA,0,Other_Amphibian,0.3464,2715.2,-5.5,2944.3,50.8
/srv/shared_leopard_toad/2025/Documents/06.10-13.10.2025/6R/105MEDIA/DSCF0410.JPG,DSCF0410.JPG,6R/105MEDIA,2,Western_Leopard_Toad,0.4187,249.7,566.5,408.2,721.0
/srv/shared_leopard_toad/2025/Documents/06.10-13.10.2025/6R/105MEDIA/DSCF0410.JPG,DSCF0410.JPG,6R/105MEDIA,0,Other_Amphibian,0.3684,2487.6,377.6,2573.4,470.7
/srv/shared_leopard_toad/2025/Documents/06.10-13.10.2025/6R/105MEDIA/DSCF0506.JPG,DSCF0506.JPG,6R/105MEDIA,2,Western_Leopard_Toad,0.8442,239.9,568.2,406.1,745.9
/srv/shared_leopard_toad/2025/Documents/06.10-13.10.2025/6R/105MEDIA/DSCF0361.JPG,DSCF0361.JPG,6R/105MEDIA,2,Western_Leopard_Toad,0.2981,103.6,1813.8,230.5,1963.2
/srv/shared_leopard_toad/2025/Documents/06.10-13.10.2025/6R/105MEDIA/DSCF0762.JPG,DSCF0762.JPG,6R/105MEDIA,2,Western_Leopard_Toad,0.4109,417.9,333.1,568.5,496.7
/srv/shared_leopard_toad/2025/Documents/06.10-13.10.2025/6R/105MEDIA/DSCF0707.JPG,DSCF0707.JPG,6R/105MEDIA,0,Other_Amphibian,0.3223,2711.5,-5.6,2932.3,48.8
/srv/shared_leopard_toad/2025/Documents/06.10-13.10.2025/6R/104MEDIA/DSCF0488.JPG,DSCF0488.JPG,6R/104MEDIA,2,Western_Leopard_Toad,0.3262,108.7,1810.4,244.3,1957.8
/srv/shared_leopard_toad/2025/Documents/06.10-13.10.2025/6R/104MEDIA/DSCF0541.JPG,DSCF0541.JPG,6R/104MEDIA,2,Western_Leopard_Toad,0.3997,2526.2,-2.0,2744.8,97.8
/srv/shared_leopard_toad/2025/Documents/06.10-13.10.2025/6R/104MEDIA/DSCF0215.JPG,DSCF0215.JPG,6R/104MEDIA,0,Other_Amphibian,0.4211,587.8,2429.5,672.2,2552.4
/srv/shared_leopard_toad/2025/Documents/06.10-13.10.2025/6R/104MEDIA/DSCF0173.JPG,DSCF0173.JPG,6R/104MEDIA,0,Other_Amphibian,0.3943,1414.3,1107.2,1489.0,1196.2
/srv/shared_leopard_toad/2025/Documents/06.10-13.10.2025/6R/104MEDIA/DSCF0279.JPG,DSCF0279.JPG,6R/104MEDIA,0,Other_Amphibian,0.7378,2554.5,-0.6,2706.0,116.6
/srv/shared_leopard_toad/2025/Documents/06.10-13.10.2025/6R/104MEDIA/DSCF0455.JPG,DSCF0455.JPG,6R/104MEDIA,0,Other_Amphibian,0.2346,2517.9,1948.2,2637.6,2076.9
/srv/shared_leopard_toad/2025/Documents/06.10-13.10.2025/6R/104MEDIA/DSCF0651.JPG,DSCF0651.JPG,6R/104MEDIA,2,Western_Leopard_Toad,0.9487,1623.9,2144.8,1799.1,2335.1
/srv/shared_leopard_toad/2025/Documents/06.10-13.10.2025/6R/104MEDIA/DSCF0651.JPG,DSCF0651.JPG,6R/104MEDIA,0,Other_Amphibian,0.2367,1623.9,2144.8,1799.1,2335.1
/srv/shared_leopard_toad/2025/Documents/06.10-13.10.2025/6R/104MEDIA/DSCF0767.JPG,DSCF0767.JPG,6R/104MEDIA,0,Other_Amphibian,0.2205,669.0,629.0,761.7,716.9
/srv/shared_leopard_toad/2025/Documents/06.10-13.10.2025/6R/104MEDIA/DSCF0298.JPG,DSCF0298.JPG,6R/104MEDIA,0,Other_Amphibian,0.2310,2551.3,-0.4,2719.7,114.2
/srv/shared_leopard_toad/2025/Documents/06.10-13.10.2025/6R/104MEDIA/DSCF0141.JPG,DSCF0141.JPG,6R/104MEDIA,0,Other_Amphibian,0.3123,1411.5,1107.9,1489.2,1197.0
/srv/shared_leopard_toad/2025/Documents/06.10-13.10.2025/6R/104MEDIA/DSCF0325.JPG,DSCF0325.JPG,6R/104MEDIA,0,Other_Amphibian,0.5283,2543.3,-1.2,2717.2,110.6
/srv/shared_leopard_toad/2025/Documents/06.10-13.10.2025/6R/104MEDIA/DSCF0650.JPG,DSCF0650.JPG,6R/104MEDIA,0,Other_Amphibian,0.7944,1597.8,2151.5,1801.6,2322.5
/srv/shared_leopard_toad/2025/Documents/06.10-13.10.2025/6R/104MEDIA/DSCF0650.JPG,DSCF0650.JPG,6R/104MEDIA,2,Western_Leopard_Toad,0.7563,1597.8,2151.5,1801.6,2322.5
/srv/shared_leopard_toad/2025/Documents/06.10-13.10.2025/6R/104MEDIA/DSCF0107.JPG,DSCF0107.JPG,6R/104MEDIA,2,Western_Leopard_Toad,0.2654,308.3,392.5,498.3,563.5
/srv/shared_leopard_toad/2025/Documents/06.10-13.10.2025/6R/104MEDIA/DSCF0562.JPG,DSCF0562.JPG,6R/104MEDIA,2,Western_Leopard_Toad,0.3296,2527.5,-1.2,2751.3,101.1
/srv/shared_leopard_toad/2025/Documents/06.10-13.10.2025/6R/104MEDIA/DSCF0446.JPG,DSCF0446.JPG,6R/104MEDIA,2,Western_Leopard_Toad,0.9609,3070.8,2634.2,3386.7,2861.6
/srv/shared_leopard_toad/2025/Documents/06.10-13.10.2025/6R/104MEDIA/DSCF0282.JPG,DSCF0282.JPG,6R/104MEDIA,0,Other_Amphibian,0.2627,2554.0,-0.7,2706.5,112.0
/srv/shared_leopard_toad/2025/Documents/06.10-13.10.2025/6R/104MEDIA/DSCF0594.JPG,DSCF0594.JPG,6R/104MEDIA,2,Western_Leopard_Toad,0.6074,2016.3,993.3,2186.3,1162.5
/srv/shared_leopard_toad/2025/Documents/06.10-13.10.2025/6R/104MEDIA/DSCF0594.JPG,DSCF0594.JPG,6R/104MEDIA,0,Other_Amphibian,0.6040,2016.3,993.3,2186.3,1162.5
/srv/shared_leopard_toad/2025/Documents/06.10-13.10.2025/6R/104MEDIA/DSCF0594.JPG,DSCF0594.JPG,6R/104MEDIA,1,Small_Mammal,0.2996,2016.3,993.3,2186.3,1162.5
/srv/shared_leopard_toad/2025/Documents/06.10-13.10.2025/6R/104MEDIA/DSCF0221.JPG,DSCF0221.JPG,6R/104MEDIA,0,Other_Amphibian,0.2418,1351.1,1239.6,1431.4,1353.3
/srv/shared_leopard_toad/2025/Documents/06.10-13.10.2025/6R/104MEDIA/DSCF0812.JPG,DSCF0812.JPG,6R/104MEDIA,2,Western_Leopard_Toad,0.2866,2530.4,-4.5,2724.8,93.9
/srv/shared_leopard_toad/2025/Documents/06.10-13.10.2025/6R/104MEDIA/DSCF0311.JPG,DSCF0311.JPG,6R/104MEDIA,0,Other_Amphibian,0.4014,2550.7,-0.6,2715.0,111.7
/srv/shared_leopard_toad/2025/Documents/06.10-13.10.2025/6R/104MEDIA/DSCF0565.JPG,DSCF0565.JPG,6R/104MEDIA,2,Western_Leopard_Toad,0.2891,2524.8,2.7,2722.5,100.4
/srv/shared_leopard_toad/2025/Documents/06.10-13.10.2025/6R/104MEDIA/DSCF0565.JPG,DSCF0565.JPG,6R/104MEDIA,0,Other_Amphibian,0.2144,2524.8,2.7,2722.5,100.4
/srv/shared_leopard_toad/2025/Documents/06.10-13.10.2025/6R/104MEDIA/DSCF0187.JPG,DSCF0187.JPG,6R/104MEDIA,0,Other_Amphibian,0.4858,585.6,2429.3,671.8,2552.6
/srv/shared_leopard_toad/2025/Documents/06.10-13.10.2025/6R/104MEDIA/DSCF0187.JPG,DSCF0187.JPG,6R/104MEDIA,0,Other_Amphibian,0.2274,1348.6,1240.8,1428.7,1352.0
/srv/shared_leopard_toad/2025/Documents/06.10-13.10.2025/6R/104MEDIA/DSCF0980.JPG,DSCF0980.JPG,6R/104MEDIA,0,Other_Amphibian,0.4580,1665.2,2013.8,1734.2,2111.8
/srv/shared_leopard_toad/2025/Documents/06.10-13.10.2025/6R/104MEDIA/DSCF0752.JPG,DSCF0752.JPG,6R/104MEDIA,0,Other_Amphibian,0.5430,418.5,178.7,544.9,302.0
/srv/shared_leopard_toad/2025/Documents/06.10-13.10.2025/6R/104MEDIA/DSCF0193.JPG,DSCF0193.JPG,6R/104MEDIA,0,Other_Amphibian,0.4102,594.1,2426.9,683.0,2552.1
/srv/shared_leopard_toad/2025/Documents/06.10-13.10.2025/6R/104MEDIA/DSCF0193.JPG,DSCF0193.JPG,6R/104MEDIA,0,Other_Amphibian,0.2350,1348.0,1239.8,1426.6,1350.1
/srv/shared_leopard_toad/2025/Documents/06.10-13.10.2025/6R/104MEDIA/DSCF0640.JPG,DSCF0640.JPG,6R/104MEDIA,2,Western_Leopard_Toad,0.2900,2532.6,-2.4,2733.2,97.2
/srv/shared_leopard_toad/2025/Documents/06.10-13.10.2025/6R/104MEDIA/DSCF0623.JPG,DSCF0623.JPG,6R/104MEDIA,0,Other_Amphibian,0.3914,718.0,1037.2,857.0,1221.9
/srv/shared_leopard_toad/2025/Documents/06.10-13.10.2025/6R/104MEDIA/DSCF0623.JPG,DSCF0623.JPG,6R/104MEDIA,2,Western_Leopard_Toad,0.3896,2538.7,-1.5,2732.3,95.5
/srv/shared_leopard_toad/2025/Documents/06.10-13.10.2025/6R/104MEDIA/DSCF0777.JPG,DSCF0777.JPG,6R/104MEDIA,0,Other_Amphibian,0.7593,3528.3,940.6,3690.4,1114.8
/srv/shared_leopard_toad/2025/Documents/06.10-13.10.2025/6R/104MEDIA/DSCF0777.JPG,DSCF0777.JPG,6R/104MEDIA,2,Western_Leopard_Toad,0.3740,3528.3,940.6,3690.4,1114.8
/srv/shared_leopard_toad/2025/Documents/06.10-13.10.2025/6R/104MEDIA/DSCF0167.JPG,DSCF0167.JPG,6R/104MEDIA,0,Other_Amphibian,0.3555,1415.0,1107.2,1488.3,1197.7
/srv/shared_leopard_toad/2025/Documents/06.10-13.10.2025/6R/104MEDIA/DSCF0089.JPG,DSCF0089.JPG,6R/104MEDIA,2,Western_Leopard_Toad,0.5562,334.8,387.7,492.7,527.7
/srv/shared_leopard_toad/2025/Documents/06.10-13.10.2025/6R/104MEDIA/DSCF0164.JPG,DSCF0164.JPG,6R/104MEDIA,0,Other_Amphibian,0.4827,1415.0,1108.2,1490.9,1196.7
/srv/shared_leopard_toad/2025/Documents/06.10-13.10.2025/6R/104MEDIA/DSCF0983.JPG,DSCF0983.JPG,6R/104MEDIA,0,Other_Amphibian,0.2280,4083.2,573.9,4222.3,725.5
/srv/shared_leopard_toad/2025/Documents/06.10-13.10.2025/6R/104MEDIA/DSCF0458.JPG,DSCF0458.JPG,6R/104MEDIA,2,Western_Leopard_Toad,0.4182,4287.1,2629.6,4448.9,2813.0
/srv/shared_leopard_toad/2025/Documents/06.10-13.10.2025/6R/104MEDIA/DSCF0458.JPG,DSCF0458.JPG,6R/104MEDIA,0,Other_Amphibian,0.2932,4287.1,2629.6,4448.9,2813.0
/srv/shared_leopard_toad/2025/Documents/06.10-13.10.2025/6R/104MEDIA/DSCF0194.JPG,DSCF0194.JPG,6R/104MEDIA,0,Other_Amphibian,0.6729,588.7,2423.1,677.9,2549.9
/srv/shared_leopard_toad/2025/Documents/06.10-13.10.2025/6R/104MEDIA/DSCF0712.JPG,DSCF0712.JPG,6R/104MEDIA,2,Western_Leopard_Toad,0.6313,3883.5,368.7,4033.5,524.6
/srv/shared_leopard_toad/2025/Documents/06.10-13.10.2025/6R/104MEDIA/DSCF0712.JPG,DSCF0712.JPG,6R/104MEDIA,0,Other_Amphibian,0.4258,3883.5,368.7,4033.5,524.6
/srv/shared_leopard_toad/2025/Documents/06.10-13.10.2025/6R/104MEDIA/DSCF0233.JPG,DSCF0233.JPG,6R/104MEDIA,0,Other_Amphibian,0.3403,576.6,2428.2,672.2,2556.7
/srv/shared_leopard_toad/2025/Documents/06.10-13.10.2025/6R/104MEDIA/DSCF0185.JPG,DSCF0185.JPG,6R/104MEDIA,0,Other_Amphibian,0.6094,589.5,2423.4,677.0,2552.6
/srv/shared_leopard_toad/2025/Documents/06.10-13.10.2025/6R/104MEDIA/DSCF0286.JPG,DSCF0286.JPG,6R/104MEDIA,0,Other_Amphibian,0.5181,2553.6,-1.3,2701.6,113.7
/srv/shared_leopard_toad/2025/Documents/06.10-13.10.2025/6R/104MEDIA/DSCF0292.JPG,DSCF0292.JPG,6R/104MEDIA,0,Other_Amphibian,0.5020,2550.0,1.0,2700.0,110.9
/srv/shared_leopard_toad/2025/Documents/06.10-13.10.2025/6R/104MEDIA/DSCF0822.JPG,DSCF0822.JPG,6R/104MEDIA,0,Other_Amphibian,0.4065,2537.9,-3.1,2727.9,91.8
/srv/shared_leopard_toad/2025/Documents/06.10-13.10.2025/6R/104MEDIA/DSCF0822.JPG,DSCF0822.JPG,6R/104MEDIA,2,Western_Leopard_Toad,0.4036,2537.9,-3.1,2727.9,91.8
/srv/shared_leopard_toad/2025/Documents/06.10-13.10.2025/6R/104MEDIA/DSCF0807.JPG,DSCF0807.JPG,6R/104MEDIA,0,Other_Amphibian,0.4031,4588.2,1698.6,4751.5,1836.3
/srv/shared_leopard_toad/2025/Documents/06.10-13.10.2025/6R/104MEDIA/DSCF0304.JPG,DSCF0304.JPG,6R/104MEDIA,0,Other_Amphibian,0.8037,2544.9,-2.4,2705.1,110.4
/srv/shared_leopard_toad/2025/Documents/06.10-13.10.2025/6R/104MEDIA/DSCF0592.JPG,DSCF0592.JPG,6R/104MEDIA,0,Other_Amphibian,0.6289,2017.6,991.7,2187.6,1161.1
/srv/shared_leopard_toad/2025/Documents/06.10-13.10.2025/6R/104MEDIA/DSCF0592.JPG,DSCF0592.JPG,6R/104MEDIA,2,Western_Leopard_Toad,0.5107,2017.6,991.7,2187.6,1161.1
/srv/shared_leopard_toad/2025/Documents/06.10-13.10.2025/6R/104MEDIA/DSCF0592.JPG,DSCF0592.JPG,6R/104MEDIA,1,Small_Mammal,0.2896,2017.6,991.7,2187.6,1161.1
/srv/shared_leopard_toad/2025/Documents/06.10-13.10.2025/6R/104MEDIA/DSCF0266.JPG,DSCF0266.JPG,6R/104MEDIA,0,Other_Amphibian,0.2212,2510.9,1949.9,2628.9,2087.0
/srv/shared_leopard_toad/2025/Documents/06.10-13.10.2025/6R/104MEDIA/DSCF0266.JPG,DSCF0266.JPG,6R/104MEDIA,0,Other_Amphibian,0.2004,3497.9,702.8,3594.9,803.3
/srv/shared_leopard_toad/2025/Documents/06.10-13.10.2025/6R/104MEDIA/DSCF0207.JPG,DSCF0207.JPG,6R/104MEDIA,0,Other_Amphibian,0.4277,589.4,2436.0,677.2,2554.8
/srv/shared_leopard_toad/2025/Documents/06.10-13.10.2025/6R/104MEDIA/DSCF0780.JPG,DSCF0780.JPG,6R/104MEDIA,0,Other_Amphibian,0.2330,667.7,629.4,757.6,717.2
/srv/shared_leopard_toad/2025/Documents/06.10-13.10.2025/6R/104MEDIA/DSCF0986.JPG,DSCF0986.JPG,6R/104MEDIA,2,Western_Leopard_Toad,0.5796,246.6,567.2,409.0,744.0
/srv/shared_leopard_toad/2025/Documents/06.10-13.10.2025/6R/104MEDIA/DSCF0981.JPG,DSCF0981.JPG,6R/104MEDIA,0,Other_Amphibian,0.2212,1666.9,2011.2,1735.1,2111.4
/srv/shared_leopard_toad/2025/Documents/06.10-13.10.2025/6R/104MEDIA/DSCF0490.JPG,DSCF0490.JPG,6R/104MEDIA,2,Western_Leopard_Toad,0.2864,106.1,1809.9,237.7,1958.2
/srv/shared_leopard_toad/2025/Documents/06.10-13.10.2025/6R/104MEDIA/DSCF0649.JPG,DSCF0649.JPG,6R/104MEDIA,0,Other_Amphibian,0.8672,1600.3,2151.2,1804.4,2322.8
/srv/shared_leopard_toad/2025/Documents/06.10-13.10.2025/6R/104MEDIA/DSCF0649.JPG,DSCF0649.JPG,6R/104MEDIA,2,Western_Leopard_Toad,0.5952,1600.3,2151.2,1804.4,2322.8
/srv/shared_leopard_toad/2025/Documents/06.10-13.10.2025/6R/104MEDIA/DSCF0713.JPG,DSCF0713.JPG,6R/104MEDIA,2,Western_Leopard_Toad,0.7930,3882.4,368.5,4029.3,524.8
/srv/shared_leopard_toad/2025/Documents/06.10-13.10.2025/6R/104MEDIA/DSCF0713.JPG,DSCF0713.JPG,6R/104MEDIA,0,Other_Amphibian,0.4951,3882.4,368.5,4029.3,524.8
/srv/shared_leopard_toad/2025/Documents/06.10-13.10.2025/6R/104MEDIA/DSCF0146.JPG,DSCF0146.JPG,6R/104MEDIA,0,Other_Amphibian,0.3252,1413.7,1106.8,1489.6,1195.1
/srv/shared_leopard_toad/2025/Documents/06.10-13.10.2025/6R/104MEDIA/DSCF0146.JPG,DSCF0146.JPG,6R/104MEDIA,0,Other_Amphibian,0.2766,1414.0,1106.8,1489.3,1196.6
/srv/shared_leopard_toad/2025/Documents/06.10-13.10.2025/6R/104MEDIA/DSCF0566.JPG,DSCF0566.JPG,6R/104MEDIA,2,Western_Leopard_Toad,0.3357,2518.8,-2.1,2741.7,98.7
/srv/shared_leopard_toad/2025/Documents/06.10-13.10.2025/6R/104MEDIA/DSCF0445.JPG,DSCF0445.JPG,6R/104MEDIA,2,Western_Leopard_Toad,0.9609,3070.8,2632.3,3386.7,2860.5
/srv/shared_leopard_toad/2025/Documents/06.10-13.10.2025/6R/104MEDIA/DSCF0305.JPG,DSCF0305.JPG,6R/104MEDIA,0,Other_Amphibian,0.6719,2544.6,-1.3,2705.4,111.3
/srv/shared_leopard_toad/2025/Documents/06.10-13.10.2025/6R/104MEDIA/DSCF0033.JPG,DSCF0033.JPG,6R/104MEDIA,2,Western_Leopard_Toad,0.6543,337.8,382.9,495.7,530.4
/srv/shared_leopard_toad/2025/Documents/06.10-13.10.2025/6R/104MEDIA/DSCF0168.JPG,DSCF0168.JPG,6R/104MEDIA,0,Other_Amphibian,0.4646,1417.2,1108.4,1494.0,1196.5
/srv/shared_leopard_toad/2025/Documents/06.10-13.10.2025/6R/104MEDIA/DSCF0531.JPG,DSCF0531.JPG,6R/104MEDIA,2,Western_Leopard_Toad,0.3513,2526.7,-2.2,2744.3,100.7
/srv/shared_leopard_toad/2025/Documents/06.10-13.10.2025/6R/104MEDIA/DSCF0531.JPG,DSCF0531.JPG,6R/104MEDIA,2,Western_Leopard_Toad,0.2986,106.4,1811.6,244.7,1956.6
/srv/shared_leopard_toad/2025/Documents/06.10-13.10.2025/6R/104MEDIA/DSCF0531.JPG,DSCF0531.JPG,6R/104MEDIA,0,Other_Amphibian,0.2607,2526.7,-2.2,2744.3,100.7
/srv/shared_leopard_toad/2025/Documents/06.10-13.10.2025/6R/104MEDIA/DSCF0139.JPG,DSCF0139.JPG,6R/104MEDIA,0,Other_Amphibian,0.4653,1412.8,1105.1,1487.8,1195.4
/srv/shared_leopard_toad/2025/Documents/06.10-13.10.2025/6R/104MEDIA/DSCF0139.JPG,DSCF0139.JPG,6R/104MEDIA,0,Other_Amphibian,0.2386,1411.3,1105.2,1486.7,1195.3
/srv/shared_leopard_toad/2025/Documents/06.10-13.10.2025/6R/104MEDIA/DSCF0524.JPG,DSCF0524.JPG,6R/104MEDIA,2,Western_Leopard_Toad,0.4495,252.7,568.5,404.2,736.1
/srv/shared_leopard_toad/2025/Documents/06.10-13.10.2025/6R/104MEDIA/DSCF0044.JPG,DSCF0044.JPG,6R/104MEDIA,2,Western_Leopard_Toad,0.4775,333.6,389.0,498.5,541.2
/srv/shared_leopard_toad/2025/Documents/06.10-13.10.2025/6R/104MEDIA/DSCF0854.JPG,DSCF0854.JPG,6R/104MEDIA,2,Western_Leopard_Toad,0.9180,3528.3,848.3,3721.9,1041.7
/srv/shared_leopard_toad/2025/Documents/06.10-13.10.2025/6R/104MEDIA/DSCF0851.JPG,DSCF0851.JPG,6R/104MEDIA,0,Other_Amphibian,0.3513,665.2,633.0,753.7,715.8
/srv/shared_leopard_toad/2025/Documents/06.10-13.10.2025/6R/104MEDIA/DSCF0301.JPG,DSCF0301.JPG,6R/104MEDIA,0,Other_Amphibian,0.4497,2545.8,-1.6,2714.7,115.4
/srv/shared_leopard_toad/2025/Documents/06.10-13.10.2025/6R/104MEDIA/DSCF0237.JPG,DSCF0237.JPG,6R/104MEDIA,0,Other_Amphibian,0.2222,14.8,0.6,172.1,139.1
/srv/shared_leopard_toad/2025/Documents/06.10-13.10.2025/6R/104MEDIA/DSCF0237.JPG,DSCF0237.JPG,6R/104MEDIA,0,Other_Amphibian,0.2059,583.0,2432.5,670.5,2555.3
/srv/shared_leopard_toad/2025/Documents/06.10-13.10.2025/6R/104MEDIA/DSCF0373.JPG,DSCF0373.JPG,6R/104MEDIA,2,Western_Leopard_Toad,0.3579,106.9,1812.4,240.9,1958.8
/srv/shared_leopard_toad/2025/Documents/06.10-13.10.2025/6R/104MEDIA/DSCF0118.JPG,DSCF0118.JPG,6R/104MEDIA,0,Other_Amphibian,0.2542,1878.5,3.0,1980.3,79.2
/srv/shared_leopard_toad/2025/Documents/06.10-13.10.2025/6R/104MEDIA/DSCF0949.JPG,DSCF0949.JPG,6R/104MEDIA,2,Western_Leopard_Toad,0.7407,4165.6,229.4,4307.9,400.4
/srv/shared_leopard_toad/2025/Documents/06.10-13.10.2025/6R/104MEDIA/DSCF0949.JPG,DSCF0949.JPG,6R/104MEDIA,0,Other_Amphibian,0.4675,4165.6,229.4,4307.9,400.4
/srv/shared_leopard_toad/2025/Documents/06.10-13.10.2025/6R/104MEDIA/DSCF0873.JPG,DSCF0873.JPG,6R/104MEDIA,0,Other_Amphibian,0.2489,668.3,629.2,766.3,717.4
/srv/shared_leopard_toad/2025/Documents/06.10-13.10.2025/6R/104MEDIA/DSCF0662.JPG,DSCF0662.JPG,6R/104MEDIA,0,Other_Amphibian,0.3298,2550.0,2.4,2726.2,99.1
/srv/shared_leopard_toad/2025/Documents/06.10-13.10.2025/6R/104MEDIA/DSCF0143.JPG,DSCF0143.JPG,6R/104MEDIA,0,Other_Amphibian,0.4280,1412.4,1108.0,1493.5,1196.9
/srv/shared_leopard_toad/2025/Documents/06.10-13.10.2025/6R/104MEDIA/DSCF0308.JPG,DSCF0308.JPG,6R/104MEDIA,0,Other_Amphibian,0.4512,2547.7,-0.9,2723.3,113.9
/srv/shared_leopard_toad/2025/Documents/06.10-13.10.2025/6R/104MEDIA/DSCF0312.JPG,DSCF0312.JPG,6R/104MEDIA,0,Other_Amphibian,0.5889,2547.8,-1.4,2715.3,111.1
/srv/shared_leopard_toad/2025/Documents/06.10-13.10.2025/6R/104MEDIA/DSCF0312.JPG,DSCF0312.JPG,6R/104MEDIA,0,Other_Amphibian,0.2524,1651.4,2021.6,1729.6,2109.8
/srv/shared_leopard_toad/2025/Documents/06.10-13.10.2025/6R/104MEDIA/DSCF0151.JPG,DSCF0151.JPG,6R/104MEDIA,0,Other_Amphibian,0.5889,1413.9,1108.6,1494.6,1196.4
/srv/shared_leopard_toad/2025/Documents/06.10-13.10.2025/6R/104MEDIA/DSCF0151.JPG,DSCF0151.JPG,6R/104MEDIA,0,Other_Amphibian,0.2017,1415.4,1108.2,1495.8,1195.3
/srv/shared_leopard_toad/2025/Documents/06.10-13.10.2025/6R/104MEDIA/DSCF0041.JPG,DSCF0041.JPG,6R/104MEDIA,2,Western_Leopard_Toad,0.3240,338.2,389.4,495.2,525.3
/srv/shared_leopard_toad/2025/Documents/06.10-13.10.2025/6R/104MEDIA/DSCF0157.JPG,DSCF0157.JPG,6R/104MEDIA,0,Other_Amphibian,0.6401,1413.1,1105.9,1490.2,1196.1
/srv/shared_leopard_toad/2025/Documents/06.10-13.10.2025/6R/104MEDIA/DSCF0157.JPG,DSCF0157.JPG,6R/104MEDIA,0,Other_Amphibian,0.3533,1411.8,1106.2,1488.8,1195.8
/srv/shared_leopard_toad/2025/Documents/06.10-13.10.2025/6R/104MEDIA/DSCF0732.JPG,DSCF0732.JPG,6R/104MEDIA,0,Other_Amphibian,0.2703,664.7,623.9,760.7,716.8
/srv/shared_leopard_toad/2025/Documents/06.10-13.10.2025/6R/104MEDIA/DSCF0634.JPG,DSCF0634.JPG,6R/104MEDIA,2,Western_Leopard_Toad,0.7300,696.6,1811.7,843.0,1997.8
/srv/shared_leopard_toad/2025/Documents/06.10-13.10.2025/6R/104MEDIA/DSCF0419.JPG,DSCF0419.JPG,6R/104MEDIA,2,Western_Leopard_Toad,0.2681,102.7,1809.9,241.2,1958.2
/srv/shared_leopard_toad/2025/Documents/06.10-13.10.2025/6R/104MEDIA/DSCF0303.JPG,DSCF0303.JPG,6R/104MEDIA,0,Other_Amphibian,0.6250,2548.1,-1.3,2707.2,110.9
/srv/shared_leopard_toad/2025/Documents/06.10-13.10.2025/6R/104MEDIA/DSCF0155.JPG,DSCF0155.JPG,6R/104MEDIA,0,Other_Amphibian,0.3730,1414.4,1108.0,1488.8,1196.9
/srv/shared_leopard_toad/2025/Documents/06.10-13.10.2025/6R/104MEDIA/DSCF0155.JPG,DSCF0155.JPG,6R/104MEDIA,0,Other_Amphibian,0.3601,1414.5,1106.6,1488.7,1196.8
/srv/shared_leopard_toad/2025/Documents/06.10-13.10.2025/6R/104MEDIA/DSCF0644.JPG,DSCF0644.JPG,6R/104MEDIA,0,Other_Amphibian,0.2224,2537.9,3.2,2727.9,100.3
/srv/shared_leopard_toad/2025/Documents/06.10-13.10.2025/6R/104MEDIA/DSCF0220.JPG,DSCF0220.JPG,6R/104MEDIA,0,Other_Amphibian,0.6387,1347.5,1240.6,1429.8,1352.2
/srv/shared_leopard_toad/2025/Documents/06.10-13.10.2025/6R/104MEDIA/DSCF0515.JPG,DSCF0515.JPG,6R/104MEDIA,2,Western_Leopard_Toad,0.2690,3271.0,1724.2,3454.3,1925.9
/srv/shared_leopard_toad/2025/Documents/06.10-13.10.2025/6R/104MEDIA/DSCF0853.JPG,DSCF0853.JPG,6R/104MEDIA,2,Western_Leopard_Toad,0.3052,4217.3,1371.9,4371.7,1545.8
/srv/shared_leopard_toad/2025/Documents/06.10-13.10.2025/6R/104MEDIA/DSCF0661.JPG,DSCF0661.JPG,6R/104MEDIA,0,Other_Amphibian,0.3003,109.5,1816.5,239.0,1957.6
/srv/shared_leopard_toad/2025/Documents/06.10-13.10.2025/6R/104MEDIA/DSCF0858.JPG,DSCF0858.JPG,6R/104MEDIA,2,Western_Leopard_Toad,0.7632,3525.2,853.3,3714.5,1036.7
/srv/shared_leopard_toad/2025/Documents/06.10-13.10.2025/6R/104MEDIA/DSCF0858.JPG,DSCF0858.JPG,6R/104MEDIA,2,Western_Leopard_Toad,0.6582,3525.4,852.0,3714.4,1038.0
/srv/shared_leopard_toad/2025/Documents/06.10-13.10.2025/6R/104MEDIA/DSCF0988.JPG,DSCF0988.JPG,6R/104MEDIA,0,Other_Amphibian,0.2338,1666.9,2013.5,1732.5,2109.1
/srv/shared_leopard_toad/2025/Documents/06.10-13.10.2025/6R/104MEDIA/DSCF0608.JPG,DSCF0608.JPG,6R/104MEDIA,0,Other_Amphibian,0.5474,716.3,1029.2,854.8,1221.1
/srv/shared_leopard_toad/2025/Documents/06.10-13.10.2025/6R/104MEDIA/DSCF0290.JPG,DSCF0290.JPG,6R/104MEDIA,0,Other_Amphibian,0.5347,2551.0,-1.6,2714.7,113.7
/srv/shared_leopard_toad/2025/Documents/06.10-13.10.2025/6R/104MEDIA/DSCF0057.JPG,DSCF0057.JPG,6R/104MEDIA,2,Western_Leopard_Toad,0.3108,337.8,390.2,495.7,540.7
/srv/shared_leopard_toad/2025/Documents/06.10-13.10.2025/6R/104MEDIA/DSCF0758.JPG,DSCF0758.JPG,6R/104MEDIA,0,Other_Amphibian,0.3308,669.0,628.7,761.7,717.9
/srv/shared_leopard_toad/2025/Documents/06.10-13.10.2025/6R/104MEDIA/DSCF0652.JPG,DSCF0652.JPG,6R/104MEDIA,2,Western_Leopard_Toad,0.5693,495.6,2407.4,665.3,2592.2
/srv/shared_leopard_toad/2025/Documents/06.10-13.10.2025/6R/104MEDIA/DSCF0165.JPG,DSCF0165.JPG,6R/104MEDIA,0,Other_Amphibian,0.3242,591.8,2271.3,685.2,2388.7
/srv/shared_leopard_toad/2025/Documents/06.10-13.10.2025/6R/104MEDIA/DSCF0165.JPG,DSCF0165.JPG,6R/104MEDIA,0,Other_Amphibian,0.2788,1415.1,1108.0,1488.1,1196.9
/srv/shared_leopard_toad/2025/Documents/06.10-13.10.2025/6R/104MEDIA/DSCF0615.JPG,DSCF0615.JPG,6R/104MEDIA,0,Other_Amphibian,0.5078,719.9,1031.8,855.1,1221.4
/srv/shared_leopard_toad/2025/Documents/06.10-13.10.2025/6R/104MEDIA/DSCF0258.JPG,DSCF0258.JPG,6R/104MEDIA,0,Other_Amphibian,0.2617,2511.4,1950.4,2633.6,2101.2
/srv/shared_leopard_toad/2025/Documents/06.10-13.10.2025/6R/104MEDIA/DSCF0174.JPG,DSCF0174.JPG,6R/104MEDIA,0,Other_Amphibian,0.5464,1411.3,1108.0,1486.7,1196.9
/srv/shared_leopard_toad/2025/Documents/06.10-13.10.2025/6R/104MEDIA/DSCF0761.JPG,DSCF0761.JPG,6R/104MEDIA,0,Other_Amphibian,0.3203,667.3,626.1,763.3,714.6
/srv/shared_leopard_toad/2025/Documents/06.10-13.10.2025/6R/104MEDIA/DSCF0761.JPG,DSCF0761.JPG,6R/104MEDIA,2,Western_Leopard_Toad,0.3193,2535.5,1.3,2727.6,97.1
/srv/shared_leopard_toad/2025/Documents/06.10-13.10.2025/6R/104MEDIA/DSCF0117.JPG,DSCF0117.JPG,6R/104MEDIA,0,Other_Amphibian,0.2277,1873.4,2.8,1980.1,78.4
/srv/shared_leopard_toad/2025/Documents/06.10-13.10.2025/6R/104MEDIA/DSCF0833.JPG,DSCF0833.JPG,6R/104MEDIA,2,Western_Leopard_Toad,0.8730,3432.8,2262.8,3617.9,2420.8
/srv/shared_leopard_toad/2025/Documents/06.10-13.10.2025/6R/104MEDIA/DSCF0833.JPG,DSCF0833.JPG,6R/104MEDIA,0,Other_Amphibian,0.5854,3432.8,2262.8,3617.9,2420.8
/srv/shared_leopard_toad/2025/Documents/06.10-13.10.2025/6R/104MEDIA/DSCF0412.JPG,DSCF0412.JPG,6R/104MEDIA,2,Western_Leopard_Toad,0.4087,104.7,1811.6,243.1,1959.6
/srv/shared_leopard_toad/2025/Documents/06.10-13.10.2025/6R/104MEDIA/DSCF0152.JPG,DSCF0152.JPG,6R/104MEDIA,0,Other_Amphibian,0.2355,1414.4,1109.8,1491.5,1195.1
/srv/shared_leopard_toad/2025/Documents/06.10-13.10.2025/6R/104MEDIA/DSCF0036.JPG,DSCF0036.JPG,6R/104MEDIA,2,Western_Leopard_Toad,0.2874,339.6,388.2,495.1,530.3
/srv/shared_leopard_toad/2025/Documents/06.10-13.10.2025/6R/104MEDIA/DSCF0838.JPG,DSCF0838.JPG,6R/104MEDIA,2,Western_Leopard_Toad,0.3813,3922.7,1689.6,4083.6,1866.0
/srv/shared_leopard_toad/2025/Documents/06.10-13.10.2025/6R/104MEDIA/DSCF0189.JPG,DSCF0189.JPG,6R/104MEDIA,0,Other_Amphibian,0.6929,587.8,2425.5,678.8,2553.5
/srv/shared_leopard_toad/2025/Documents/06.10-13.10.2025/6R/104MEDIA/DSCF0189.JPG,DSCF0189.JPG,6R/104MEDIA,0,Other_Amphibian,0.2502,1348.0,1242.0,1429.3,1350.9
/srv/shared_leopard_toad/2025/Documents/06.10-13.10.2025/6R/104MEDIA/DSCF0171.JPG,DSCF0171.JPG,6R/104MEDIA,0,Other_Amphibian,0.2280,1413.6,1107.5,1484.4,1197.4
/srv/shared_leopard_toad/2025/Documents/06.10-13.10.2025/6R/104MEDIA/DSCF0315.JPG,DSCF0315.JPG,6R/104MEDIA,0,Other_Amphibian,0.3696,2547.7,-0.4,2718.0,113.0
/srv/shared_leopard_toad/2025/Documents/06.10-13.10.2025/6R/104MEDIA/DSCF0288.JPG,DSCF0288.JPG,6R/104MEDIA,0,Other_Amphibian,0.5864,2549.9,-1.6,2705.4,113.0
/srv/shared_leopard_toad/2025/Documents/06.10-13.10.2025/6R/104MEDIA/DSCF0848.JPG,DSCF0848.JPG,6R/104MEDIA,0,Other_Amphibian,0.3223,666.5,625.7,758.9,712.8
/srv/shared_leopard_toad/2025/Documents/06.10-13.10.2025/6R/104MEDIA/DSCF0145.JPG,DSCF0145.JPG,6R/104MEDIA,0,Other_Amphibian,0.7202,1410.6,1105.6,1492.6,1196.3
/srv/shared_leopard_toad/2025/Documents/06.10-13.10.2025/6R/104MEDIA/DSCF0284.JPG,DSCF0284.JPG,6R/104MEDIA,0,Other_Amphibian,0.4617,2547.7,-0.8,2699.7,112.9
/srv/shared_leopard_toad/2025/Documents/06.10-13.10.2025/6R/104MEDIA/DSCF0284.JPG,DSCF0284.JPG,6R/104MEDIA,0,Other_Amphibian,0.2063,2545.9,0.6,2696.2,112.6
/srv/shared_leopard_toad/2025/Documents/06.10-13.10.2025/6R/104MEDIA/DSCF0271.JPG,DSCF0271.JPG,6R/104MEDIA,0,Other_Amphibian,0.4460,2556.8,2.5,2687.9,112.7
/srv/shared_leopard_toad/2025/Documents/06.10-13.10.2025/6R/104MEDIA/DSCF0861.JPG,DSCF0861.JPG,6R/104MEDIA,2,Western_Leopard_Toad,0.8101,3525.2,853.4,3714.5,1038.1
/srv/shared_leopard_toad/2025/Documents/06.10-13.10.2025/6R/104MEDIA/DSCF0648.JPG,DSCF0648.JPG,6R/104MEDIA,2,Western_Leopard_Toad,0.8545,1602.6,2151.6,1804.7,2322.4
/srv/shared_leopard_toad/2025/Documents/06.10-13.10.2025/6R/104MEDIA/DSCF0648.JPG,DSCF0648.JPG,6R/104MEDIA,0,Other_Amphibian,0.6528,1602.6,2151.6,1804.7,2322.4
/srv/shared_leopard_toad/2025/Documents/06.10-13.10.2025/6R/104MEDIA/DSCF0295.JPG,DSCF0295.JPG,6R/104MEDIA,0,Other_Amphibian,0.5156,2548.5,-1.4,2714.7,115.3
/srv/shared_leopard_toad/2025/Documents/06.10-13.10.2025/6R/104MEDIA/DSCF0149.JPG,DSCF0149.JPG,6R/104MEDIA,0,Other_Amphibian,0.5068,1413.8,1107.7,1492.1,1197.2
/srv/shared_leopard_toad/2025/Documents/06.10-13.10.2025/6R/104MEDIA/DSCF0231.JPG,DSCF0231.JPG,6R/104MEDIA,0,Other_Amphibian,0.5591,1348.5,1240.6,1434.0,1349.3
/srv/shared_leopard_toad/2025/Documents/06.10-13.10.2025/6R/104MEDIA/DSCF0231.JPG,DSCF0231.JPG,6R/104MEDIA,0,Other_Amphibian,0.2173,584.3,2430.0,662.6,2551.9
/srv/shared_leopard_toad/2025/Documents/06.10-13.10.2025/6R/104MEDIA/DSCF0930.JPG,DSCF0930.JPG,6R/104MEDIA,2,Western_Leopard_Toad,0.4402,252.2,567.8,408.3,748.5
/srv/shared_leopard_toad/2025/Documents/06.10-13.10.2025/6R/104MEDIA/DSCF0320.JPG,DSCF0320.JPG,6R/104MEDIA,0,Other_Amphibian,0.4976,2544.0,-1.3,2727.0,112.4
/srv/shared_leopard_toad/2025/Documents/06.10-13.10.2025/6R/104MEDIA/DSCF0320.JPG,DSCF0320.JPG,6R/104MEDIA,0,Other_Amphibian,0.4094,2538.9,-2.4,2724.3,111.8
/srv/shared_leopard_toad/2025/Documents/06.10-13.10.2025/6R/104MEDIA/DSCF0307.JPG,DSCF0307.JPG,6R/104MEDIA,0,Other_Amphibian,0.6270,2549.2,-1.9,2721.8,116.2
/srv/shared_leopard_toad/2025/Documents/06.10-13.10.2025/6R/104MEDIA/DSCF0106.JPG,DSCF0106.JPG,6R/104MEDIA,2,Western_Leopard_Toad,0.7212,326.8,383.1,499.4,558.9
/srv/shared_leopard_toad/2025/Documents/06.10-13.10.2025/6R/104MEDIA/DSCF0148.JPG,DSCF0148.JPG,6R/104MEDIA,0,Other_Amphibian,0.5854,1412.3,1108.2,1490.9,1195.2
/srv/shared_leopard_toad/2025/Documents/06.10-13.10.2025/6R/104MEDIA/DSCF0178.JPG,DSCF0178.JPG,6R/104MEDIA,0,Other_Amphibian,0.3579,581.5,2431.7,667.3,2553.2
/srv/shared_leopard_toad/2025/Documents/06.10-13.10.2025/6R/104MEDIA/DSCF0576.JPG,DSCF0576.JPG,6R/104MEDIA,2,Western_Leopard_Toad,0.2639,2536.8,1.4,2739.4,100.5
/srv/shared_leopard_toad/2025/Documents/06.10-13.10.2025/6R/104MEDIA/DSCF0856.JPG,DSCF0856.JPG,6R/104MEDIA,2,Western_Leopard_Toad,0.5532,246.8,568.2,407.4,742.3
/srv/shared_leopard_toad/2025/Documents/06.10-13.10.2025/6R/104MEDIA/DSCF0856.JPG,DSCF0856.JPG,6R/104MEDIA,2,Western_Leopard_Toad,0.5347,3527.8,853.4,3711.9,1035.1
/srv/shared_leopard_toad/2025/Documents/06.10-13.10.2025/6R/104MEDIA/DSCF0856.JPG,DSCF0856.JPG,6R/104MEDIA,2,Western_Leopard_Toad,0.3308,243.8,568.9,408.1,743.7
/srv/shared_leopard_toad/2025/Documents/06.10-13.10.2025/6R/104MEDIA/DSCF0607.JPG,DSCF0607.JPG,6R/104MEDIA,0,Other_Amphibian,0.4495,718.0,1032.9,857.0,1220.3
/srv/shared_leopard_toad/2025/Documents/06.10-13.10.2025/6R/104MEDIA/DSCF0607.JPG,DSCF0607.JPG,6R/104MEDIA,2,Western_Leopard_Toad,0.3486,2539.8,-4.4,2731.2,96.6
/srv/shared_leopard_toad/2025/Documents/06.10-13.10.2025/6R/104MEDIA/DSCF0448.JPG,DSCF0448.JPG,6R/104MEDIA,2,Western_Leopard_Toad,0.9604,3073.7,2637.3,3389.0,2861.4
/srv/shared_leopard_toad/2025/Documents/06.10-13.10.2025/6R/104MEDIA/DSCF0683.JPG,DSCF0683.JPG,6R/104MEDIA,2,Western_Leopard_Toad,0.6533,96.3,2125.9,226.1,2256.6
/srv/shared_leopard_toad/2025/Documents/06.10-13.10.2025/6R/104MEDIA/DSCF0449.JPG,DSCF0449.JPG,6R/104MEDIA,2,Western_Leopard_Toad,0.9614,3074.0,2637.0,3388.8,2861.8
/srv/shared_leopard_toad/2025/Documents/06.10-13.10.2025/6R/104MEDIA/DSCF0494.JPG,DSCF0494.JPG,6R/104MEDIA,2,Western_Leopard_Toad,0.6104,1301.2,1192.9,1504.9,1355.6
/srv/shared_leopard_toad/2025/Documents/06.10-13.10.2025/6R/104MEDIA/DSCF0494.JPG,DSCF0494.JPG,6R/104MEDIA,0,Other_Amphibian,0.5386,1301.2,1192.9,1504.9,1355.6
/srv/shared_leopard_toad/2025/Documents/06.10-13.10.2025/6R/104MEDIA/DSCF0158.JPG,DSCF0158.JPG,6R/104MEDIA,0,Other_Amphibian,0.4304,1415.5,1104.9,1487.7,1192.7
/srv/shared_leopard_toad/2025/Documents/06.10-13.10.2025/6R/104MEDIA/DSCF0158.JPG,DSCF0158.JPG,6R/104MEDIA,0,Other_Amphibian,0.3850,1415.4,1104.3,1487.9,1193.2
/srv/shared_leopard_toad/2025/Documents/06.10-13.10.2025/6R/104MEDIA/DSCF0474.JPG,DSCF0474.JPG,6R/104MEDIA,0,Other_Amphibian,0.2037,2510.4,1948.4,2632.0,2073.8
/srv/shared_leopard_toad/2025/Documents/06.10-13.10.2025/6R/104MEDIA/DSCF0499.JPG,DSCF0499.JPG,6R/104MEDIA,2,Western_Leopard_Toad,0.2625,106.4,1811.6,239.4,1956.6
/srv/shared_leopard_toad/2025/Documents/06.10-13.10.2025/6R/104MEDIA/DSCF0335.JPG,DSCF0335.JPG,6R/104MEDIA,0,Other_Amphibian,0.5093,1654.9,2021.4,1731.4,2113.0
/srv/shared_leopard_toad/2025/Documents/06.10-13.10.2025/6R/104MEDIA/DSCF0523.JPG,DSCF0523.JPG,6R/104MEDIA,2,Western_Leopard_Toad,0.2551,247.7,566.0,404.3,740.8
/srv/shared_leopard_toad/2025/Documents/06.10-13.10.2025/6R/104MEDIA/DSCF0655.JPG,DSCF0655.JPG,6R/104MEDIA,2,Western_Leopard_Toad,0.4446,2536.8,-1.6,2736.8,98.1
/srv/shared_leopard_toad/2025/Documents/06.10-13.10.2025/6R/104MEDIA/DSCF0655.JPG,DSCF0655.JPG,6R/104MEDIA,0,Other_Amphibian,0.2172,2536.8,-1.6,2736.8,98.1
/srv/shared_leopard_toad/2025/Documents/06.10-13.10.2025/6R/104MEDIA/DSCF0750.JPG,DSCF0750.JPG,6R/104MEDIA,0,Other_Amphibian,0.2534,667.3,628.2,755.5,712.6
/srv/shared_leopard_toad/2025/Documents/06.10-13.10.2025/6R/104MEDIA/DSCF0745.JPG,DSCF0745.JPG,6R/104MEDIA,0,Other_Amphibian,0.2473,1639.2,2675.5,1804.8,2846.8
/srv/shared_leopard_toad/2025/Documents/06.10-13.10.2025/6R/104MEDIA/DSCF0601.JPG,DSCF0601.JPG,6R/104MEDIA,2,Western_Leopard_Toad,0.6196,2015.4,1030.2,2179.4,1190.5
/srv/shared_leopard_toad/2025/Documents/06.10-13.10.2025/6R/104MEDIA/DSCF0601.JPG,DSCF0601.JPG,6R/104MEDIA,0,Other_Amphibian,0.4150,2015.4,1030.2,2179.4,1190.5
/srv/shared_leopard_toad/2025/Documents/06.10-13.10.2025/6R/104MEDIA/DSCF0601.JPG,DSCF0601.JPG,6R/104MEDIA,1,Small_Mammal,0.2766,2015.4,1030.2,2179.4,1190.5
/srv/shared_leopard_toad/2025/Documents/06.10-13.10.2025/6R/104MEDIA/DSCF0154.JPG,DSCF0154.JPG,6R/104MEDIA,0,Other_Amphibian,0.2020,1415.1,1106.8,1490.7,1196.6
/srv/shared_leopard_toad/2025/Documents/06.10-13.10.2025/6R/104MEDIA/DSCF0186.JPG,DSCF0186.JPG,6R/104MEDIA,0,Other_Amphibian,0.3770,583.4,2432.4,672.0,2549.6
/srv/shared_leopard_toad/2025/Documents/06.10-13.10.2025/6R/104MEDIA/DSCF0186.JPG,DSCF0186.JPG,6R/104MEDIA,0,Other_Amphibian,0.2411,1344.8,1242.6,1421.9,1354.7
/srv/shared_leopard_toad/2025/Documents/06.10-13.10.2025/6R/104MEDIA/DSCF0196.JPG,DSCF0196.JPG,6R/104MEDIA,0,Other_Amphibian,0.6528,588.2,2429.4,678.4,2555.5
/srv/shared_leopard_toad/2025/Documents/06.10-13.10.2025/6R/104MEDIA/DSCF0196.JPG,DSCF0196.JPG,6R/104MEDIA,0,Other_Amphibian,0.2142,1347.6,1243.3,1427.1,1351.0
/srv/shared_leopard_toad/2025/Documents/06.10-13.10.2025/6R/104MEDIA/DSCF0280.JPG,DSCF0280.JPG,6R/104MEDIA,0,Other_Amphibian,0.5835,2548.6,2.2,2690.9,112.8
/srv/shared_leopard_toad/2025/Documents/06.10-13.10.2025/6R/104MEDIA/DSCF0280.JPG,DSCF0280.JPG,6R/104MEDIA,0,Other_Amphibian,0.5015,2550.0,0.3,2694.7,112.8
/srv/shared_leopard_toad/2025/Documents/06.10-13.10.2025/6R/104MEDIA/DSCF0629.JPG,DSCF0629.JPG,6R/104MEDIA,0,Other_Amphibian,0.3408,716.5,1030.0,851.9,1220.3
/srv/shared_leopard_toad/2025/Documents/06.10-13.10.2025/6R/104MEDIA/DSCF0208.JPG,DSCF0208.JPG,6R/104MEDIA,0,Other_Amphibian,0.3689,585.3,2427.7,676.6,2551.2
/srv/shared_leopard_toad/2025/Documents/06.10-13.10.2025/6R/104MEDIA/DSCF0635.JPG,DSCF0635.JPG,6R/104MEDIA,2,Western_Leopard_Toad,0.6211,696.9,1812.4,841.3,1997.1
/srv/shared_leopard_toad/2025/Documents/06.10-13.10.2025/6R/104MEDIA/DSCF0110.JPG,DSCF0110.JPG,6R/104MEDIA,2,Western_Leopard_Toad,0.3911,314.6,395.3,497.8,571.1
/srv/shared_leopard_toad/2025/Documents/06.10-13.10.2025/6R/104MEDIA/DSCF0622.JPG,DSCF0622.JPG,6R/104MEDIA,0,Other_Amphibian,0.2666,716.3,1038.1,853.5,1221.1
/srv/shared_leopard_toad/2025/Documents/06.10-13.10.2025/6R/104MEDIA/DSCF0483.JPG,DSCF0483.JPG,6R/104MEDIA,2,Western_Leopard_Toad,0.5146,108.3,1812.0,242.1,1956.2
/srv/shared_leopard_toad/2025/Documents/06.10-13.10.2025/6R/104MEDIA/DSCF0790.JPG,DSCF0790.JPG,6R/104MEDIA,2,Western_Leopard_Toad,0.4541,2544.2,2.0,2726.8,96.9
/srv/shared_leopard_toad/2025/Documents/06.10-13.10.2025/6R/104MEDIA/DSCF0790.JPG,DSCF0790.JPG,6R/104MEDIA,0,Other_Amphibian,0.2119,2544.2,2.0,2726.8,96.9
/srv/shared_leopard_toad/2025/Documents/06.10-13.10.2025/6R/104MEDIA/DSCF0333.JPG,DSCF0333.JPG,6R/104MEDIA,0,Other_Amphibian,0.2444,1659.7,2022.5,1731.8,2108.9
/srv/shared_leopard_toad/2025/Documents/06.10-13.10.2025/6R/104MEDIA/DSCF0805.JPG,DSCF0805.JPG,6R/104MEDIA,0,Other_Amphibian,0.2230,669.9,629.0,764.7,719.1
/srv/shared_leopard_toad/2025/Documents/06.10-13.10.2025/6R/104MEDIA/DSCF0113.JPG,DSCF0113.JPG,6R/104MEDIA,0,Other_Amphibian,0.2869,1880.6,3.1,1978.2,79.7
/srv/shared_leopard_toad/2025/Documents/06.10-13.10.2025/6R/104MEDIA/DSCF0867.JPG,DSCF0867.JPG,6R/104MEDIA,0,Other_Amphibian,0.2920,2536.7,-3.7,2734.3,97.7
/srv/shared_leopard_toad/2025/Documents/06.10-13.10.2025/6R/104MEDIA/DSCF0867.JPG,DSCF0867.JPG,6R/104MEDIA,2,Western_Leopard_Toad,0.2737,2536.7,-3.7,2734.3,97.7
/srv/shared_leopard_toad/2025/Documents/06.10-13.10.2025/6R/104MEDIA/DSCF0874.JPG,DSCF0874.JPG,6R/104MEDIA,2,Western_Leopard_Toad,0.3315,2534.0,-3.5,2737.0,92.3
/srv/shared_leopard_toad/2025/Documents/06.10-13.10.2025/6R/104MEDIA/DSCF0548.JPG,DSCF0548.JPG,6R/104MEDIA,2,Western_Leopard_Toad,0.2725,104.3,1814.9,240.9,1962.1
/srv/shared_leopard_toad/2025/Documents/06.10-13.10.2025/6R/104MEDIA/DSCF0660.JPG,DSCF0660.JPG,6R/104MEDIA,2,Western_Leopard_Toad,0.2590,110.0,1811.0,241.8,1960.1
/srv/shared_leopard_toad/2025/Documents/06.10-13.10.2025/6R/104MEDIA/DSCF0742.JPG,DSCF0742.JPG,6R/104MEDIA,2,Western_Leopard_Toad,0.5283,1645.1,2637.5,1827.7,2819.9
/srv/shared_leopard_toad/2025/Documents/06.10-13.10.2025/6R/104MEDIA/DSCF0742.JPG,DSCF0742.JPG,6R/104MEDIA,0,Other_Amphibian,0.2961,1645.1,2637.5,1827.7,2819.9
/srv/shared_leopard_toad/2025/Documents/06.10-13.10.2025/6R/104MEDIA/DSCF0391.JPG,DSCF0391.JPG,6R/104MEDIA,2,Western_Leopard_Toad,0.2854,99.2,1807.6,242.7,1960.6
/srv/shared_leopard_toad/2025/Documents/06.10-13.10.2025/6R/104MEDIA/DSCF0191.JPG,DSCF0191.JPG,6R/104MEDIA,0,Other_Amphibian,0.7241,586.8,2427.1,679.8,2549.0
/srv/shared_leopard_toad/2025/Documents/06.10-13.10.2025/6R/104MEDIA/DSCF0191.JPG,DSCF0191.JPG,6R/104MEDIA,0,Other_Amphibian,0.2515,1347.6,1241.5,1427.1,1351.4
/srv/shared_leopard_toad/2025/Documents/06.10-13.10.2025/6R/104MEDIA/DSCF0169.JPG,DSCF0169.JPG,6R/104MEDIA,0,Other_Amphibian,0.4695,1413.5,1105.2,1489.7,1195.3
/srv/shared_leopard_toad/2025/Documents/06.10-13.10.2025/6R/104MEDIA/DSCF0169.JPG,DSCF0169.JPG,6R/104MEDIA,0,Other_Amphibian,0.3523,1413.5,1106.4,1489.7,1195.6
/srv/shared_leopard_toad/2025/Documents/06.10-13.10.2025/6R/104MEDIA/DSCF0706.JPG,DSCF0706.JPG,6R/104MEDIA,2,Western_Leopard_Toad,0.3130,2532.6,-2.4,2727.9,94.3
/srv/shared_leopard_toad/2025/Documents/06.10-13.10.2025/6R/104MEDIA/DSCF0706.JPG,DSCF0706.JPG,6R/104MEDIA,0,Other_Amphibian,0.2091,2532.6,-2.4,2727.9,94.3
/srv/shared_leopard_toad/2025/Documents/06.10-13.10.2025/6R/104MEDIA/DSCF0798.JPG,DSCF0798.JPG,6R/104MEDIA,2,Western_Leopard_Toad,0.6372,3715.0,906.7,3944.7,1086.7
/srv/shared_leopard_toad/2025/Documents/06.10-13.10.2025/6R/104MEDIA/DSCF0798.JPG,DSCF0798.JPG,6R/104MEDIA,0,Other_Amphibian,0.5439,3715.0,906.7,3944.7,1086.7
/srv/shared_leopard_toad/2025/Documents/06.10-13.10.2025/6R/104MEDIA/DSCF0144.JPG,DSCF0144.JPG,6R/104MEDIA,0,Other_Amphibian,0.2394,1411.0,1107.3,1484.3,1197.6
/srv/shared_leopard_toad/2025/Documents/06.10-13.10.2025/6R/104MEDIA/DSCF0144.JPG,DSCF0144.JPG,6R/104MEDIA,0,Other_Amphibian,0.2238,1411.0,1106.2,1484.3,1197.2
/srv/shared_leopard_toad/2025/Documents/06.10-13.10.2025/6R/104MEDIA/DSCF0086.JPG,DSCF0086.JPG,6R/104MEDIA,2,Western_Leopard_Toad,0.3926,334.1,387.1,494.7,531.3
/srv/shared_leopard_toad/2025/Documents/06.10-13.10.2025/6R/104MEDIA/DSCF0613.JPG,DSCF0613.JPG,6R/104MEDIA,0,Other_Amphibian,0.5161,717.1,1031.1,852.7,1219.2
/srv/shared_leopard_toad/2025/Documents/06.10-13.10.2025/6R/104MEDIA/DSCF0613.JPG,DSCF0613.JPG,6R/104MEDIA,2,Western_Leopard_Toad,0.3572,550.9,244.0,694.0,365.0
/srv/shared_leopard_toad/2025/Documents/06.10-13.10.2025/6R/104MEDIA/DSCF0613.JPG,DSCF0613.JPG,6R/104MEDIA,0,Other_Amphibian,0.2489,550.9,244.0,694.0,365.0
/srv/shared_leopard_toad/2025/Documents/06.10-13.10.2025/6R/104MEDIA/DSCF0551.JPG,DSCF0551.JPG,6R/104MEDIA,0,Other_Amphibian,0.8413,2418.9,820.6,2594.8,971.9
/srv/shared_leopard_toad/2025/Documents/06.10-13.10.2025/6R/104MEDIA/DSCF0748.JPG,DSCF0748.JPG,6R/104MEDIA,0,Other_Amphibian,0.2073,670.4,630.7,762.8,715.9
/srv/shared_leopard_toad/2025/Documents/06.10-13.10.2025/6R/104MEDIA/DSCF0192.JPG,DSCF0192.JPG,6R/104MEDIA,0,Other_Amphibian,0.3057,586.9,2430.8,677.1,2551.1
/srv/shared_leopard_toad/2025/Documents/06.10-13.10.2025/6R/104MEDIA/DSCF0192.JPG,DSCF0192.JPG,6R/104MEDIA,0,Other_Amphibian,0.2384,1347.9,1241.2,1426.7,1351.6
/srv/shared_leopard_toad/2025/Documents/06.10-13.10.2025/6R/104MEDIA/DSCF0114.JPG,DSCF0114.JPG,6R/104MEDIA,0,Other_Amphibian,0.2627,1880.9,3.2,1977.9,79.0
/srv/shared_leopard_toad/2025/Documents/06.10-13.10.2025/6R/104MEDIA/DSCF0182.JPG,DSCF0182.JPG,6R/104MEDIA,0,Other_Amphibian,0.5337,581.0,2429.0,674.4,2550.0
/srv/shared_leopard_toad/2025/Documents/06.10-13.10.2025/6R/104MEDIA/DSCF0182.JPG,DSCF0182.JPG,6R/104MEDIA,0,Other_Amphibian,0.2944,1343.8,1238.2,1423.0,1356.1
/srv/shared_leopard_toad/2025/Documents/06.10-13.10.2025/6R/104MEDIA/DSCF0299.JPG,DSCF0299.JPG,6R/104MEDIA,0,Other_Amphibian,0.2091,2542.6,-1.1,2707.4,117.4
/srv/shared_leopard_toad/2025/Documents/06.10-13.10.2025/6R/104MEDIA/DSCF0293.JPG,DSCF0293.JPG,6R/104MEDIA,0,Other_Amphibian,0.2729,2552.9,-0.4,2712.9,113.1
/srv/shared_leopard_toad/2025/Documents/06.10-13.10.2025/6R/104MEDIA/DSCF0020.JPG,DSCF0020.JPG,6R/104MEDIA,2,Western_Leopard_Toad,0.7041,338.2,386.6,495.2,530.3
/srv/shared_leopard_toad/2025/Documents/06.10-13.10.2025/6R/104MEDIA/DSCF0195.JPG,DSCF0195.JPG,6R/104MEDIA,0,Other_Amphibian,0.3562,588.4,2429.8,684.7,2549.2
/srv/shared_leopard_toad/2025/Documents/06.10-13.10.2025/6R/104MEDIA/DSCF0195.JPG,DSCF0195.JPG,6R/104MEDIA,0,Other_Amphibian,0.2507,1350.6,1242.6,1431.9,1350.3
/srv/shared_leopard_toad/2025/Documents/06.10-13.10.2025/6R/104MEDIA/DSCF0794.JPG,DSCF0794.JPG,6R/104MEDIA,2,Western_Leopard_Toad,0.4600,229.4,568.2,407.2,743.0
/srv/shared_leopard_toad/2025/Documents/06.10-13.10.2025/6R/104MEDIA/DSCF0206.JPG,DSCF0206.JPG,6R/104MEDIA,0,Other_Amphibian,0.5967,587.4,2432.3,681.1,2552.6
/srv/shared_leopard_toad/2025/Documents/06.10-13.10.2025/6R/104MEDIA/DSCF0206.JPG,DSCF0206.JPG,6R/104MEDIA,0,Other_Amphibian,0.2590,1347.8,1241.1,1429.5,1351.8
/srv/shared_leopard_toad/2025/Documents/06.10-13.10.2025/6R/104MEDIA/DSCF0778.JPG,DSCF0778.JPG,6R/104MEDIA,0,Other_Amphibian,0.7925,3531.0,938.0,3693.0,1111.5
/srv/shared_leopard_toad/2025/Documents/06.10-13.10.2025/6R/104MEDIA/DSCF0778.JPG,DSCF0778.JPG,6R/104MEDIA,2,Western_Leopard_Toad,0.4436,3531.0,938.0,3693.0,1111.5
/srv/shared_leopard_toad/2025/Documents/06.10-13.10.2025/6R/104MEDIA/DSCF0778.JPG,DSCF0778.JPG,6R/104MEDIA,0,Other_Amphibian,0.4392,669.2,630.7,758.8,715.2
/srv/shared_leopard_toad/2025/Documents/06.10-13.10.2025/6R/104MEDIA/DSCF0883.JPG,DSCF0883.JPG,6R/104MEDIA,0,Other_Amphibian,0.2822,666.2,628.0,759.2,712.7
/srv/shared_leopard_toad/2025/Documents/06.10-13.10.2025/6R/104MEDIA/DSCF0180.JPG,DSCF0180.JPG,6R/104MEDIA,0,Other_Amphibian,0.3926,582.1,2434.9,673.4,2547.0
/srv/shared_leopard_toad/2025/Documents/06.10-13.10.2025/6R/104MEDIA/DSCF0180.JPG,DSCF0180.JPG,6R/104MEDIA,0,Other_Amphibian,0.2559,1346.4,1241.3,1422.9,1355.9
/srv/shared_leopard_toad/2025/Documents/06.10-13.10.2025/6R/104MEDIA/DSCF0278.JPG,DSCF0278.JPG,6R/104MEDIA,0,Other_Amphibian,0.5513,2553.1,-0.9,2707.4,113.9
/srv/shared_leopard_toad/2025/Documents/06.10-13.10.2025/6R/104MEDIA/DSCF0645.JPG,DSCF0645.JPG,6R/104MEDIA,2,Western_Leopard_Toad,0.2671,2542.2,1.6,2734.0,98.0
/srv/shared_leopard_toad/2025/Documents/06.10-13.10.2025/6R/104MEDIA/DSCF0216.JPG,DSCF0216.JPG,6R/104MEDIA,0,Other_Amphibian,0.4155,1347.1,1241.6,1427.5,1351.3
/srv/shared_leopard_toad/2025/Documents/06.10-13.10.2025/6R/104MEDIA/DSCF0216.JPG,DSCF0216.JPG,6R/104MEDIA,0,Other_Amphibian,0.3005,592.5,2433.7,671.4,2551.1
/srv/shared_leopard_toad/2025/Documents/06.10-13.10.2025/6R/104MEDIA/DSCF0463.JPG,DSCF0463.JPG,6R/104MEDIA,0,Other_Amphibian,0.2261,1675.2,2016.2,1737.3,2109.3
/srv/shared_leopard_toad/2025/Documents/06.10-13.10.2025/6R/104MEDIA/DSCF0327.JPG,DSCF0327.JPG,6R/104MEDIA,0,Other_Amphibian,0.3167,2539.4,0.7,2708.0,110.6
/srv/shared_leopard_toad/2025/Documents/06.10-13.10.2025/6R/104MEDIA/DSCF0327.JPG,DSCF0327.JPG,6R/104MEDIA,0,Other_Amphibian,0.2820,2533.5,-3.9,2708.7,109.0
/srv/shared_leopard_toad/2025/Documents/06.10-13.10.2025/6R/104MEDIA/DSCF0327.JPG,DSCF0327.JPG,6R/104MEDIA,0,Other_Amphibian,0.2100,1654.3,2023.1,1729.3,2108.3
/srv/shared_leopard_toad/2025/Documents/06.10-13.10.2025/6R/104MEDIA/DSCF0840.JPG,DSCF0840.JPG,6R/104MEDIA,2,Western_Leopard_Toad,0.5293,248.6,566.7,407.0,732.7
/srv/shared_leopard_toad/2025/Documents/06.10-13.10.2025/6R/104MEDIA/DSCF0605.JPG,DSCF0605.JPG,6R/104MEDIA,0,Other_Amphibian,0.3289,717.4,1028.2,848.4,1220.6
/srv/shared_leopard_toad/2025/Documents/06.10-13.10.2025/6R/104MEDIA/DSCF0314.JPG,DSCF0314.JPG,6R/104MEDIA,2,Western_Leopard_Toad,0.5615,2112.3,1629.1,2271.4,1799.5
/srv/shared_leopard_toad/2025/Documents/06.10-13.10.2025/6R/104MEDIA/DSCF0314.JPG,DSCF0314.JPG,6R/104MEDIA,1,Small_Mammal,0.4741,2112.3,1629.1,2271.4,1799.5
/srv/shared_leopard_toad/2025/Documents/06.10-13.10.2025/6R/104MEDIA/DSCF0314.JPG,DSCF0314.JPG,6R/104MEDIA,0,Other_Amphibian,0.4165,2548.2,-1.3,2722.8,115.2
/srv/shared_leopard_toad/2025/Documents/06.10-13.10.2025/6R/104MEDIA/DSCF0314.JPG,DSCF0314.JPG,6R/104MEDIA,0,Other_Amphibian,0.3562,2112.3,1629.1,2271.4,1799.5
/srv/shared_leopard_toad/2025/Documents/06.10-13.10.2025/6R/104MEDIA/DSCF0760.JPG,DSCF0760.JPG,6R/104MEDIA,0,Other_Amphibian,0.3140,668.7,629.2,760.6,717.4
/srv/shared_leopard_toad/2025/Documents/06.10-13.10.2025/6R/104MEDIA/DSCF0222.JPG,DSCF0222.JPG,6R/104MEDIA,0,Other_Amphibian,0.4138,1349.5,1239.8,1433.0,1353.1
/srv/shared_leopard_toad/2025/Documents/06.10-13.10.2025/6R/104MEDIA/DSCF0593.JPG,DSCF0593.JPG,6R/104MEDIA,0,Other_Amphibian,0.4741,2012.9,992.7,2184.5,1163.1
/srv/shared_leopard_toad/2025/Documents/06.10-13.10.2025/6R/104MEDIA/DSCF0593.JPG,DSCF0593.JPG,6R/104MEDIA,2,Western_Leopard_Toad,0.3806,2012.9,992.7,2184.5,1163.1
/srv/shared_leopard_toad/2025/Documents/06.10-13.10.2025/6R/104MEDIA/DSCF0593.JPG,DSCF0593.JPG,6R/104MEDIA,1,Small_Mammal,0.2737,2012.9,992.7,2184.5,1163.1
/srv/shared_leopard_toad/2025/Documents/06.10-13.10.2025/6R/104MEDIA/DSCF0889.JPG,DSCF0889.JPG,6R/104MEDIA,2,Western_Leopard_Toad,0.3994,3749.6,474.1,3931.2,654.8
/srv/shared_leopard_toad/2025/Documents/06.10-13.10.2025/6R/104MEDIA/DSCF0068.JPG,DSCF0068.JPG,6R/104MEDIA,2,Western_Leopard_Toad,0.3735,336.0,388.2,494.2,527.3
/srv/shared_leopard_toad/2025/Documents/06.10-13.10.2025/6R/104MEDIA/DSCF0619.JPG,DSCF0619.JPG,6R/104MEDIA,0,Other_Amphibian,0.2074,720.1,1034.4,849.6,1218.8
/srv/shared_leopard_toad/2025/Documents/06.10-13.10.2025/6R/104MEDIA/DSCF0997.JPG,DSCF0997.JPG,6R/104MEDIA,2,Western_Leopard_Toad,0.3496,242.4,568.0,408.3,742.5
/srv/shared_leopard_toad/2025/Documents/06.10-13.10.2025/6R/104MEDIA/DSCF0997.JPG,DSCF0997.JPG,6R/104MEDIA,2,Western_Leopard_Toad,0.3130,240.5,568.3,406.9,742.2
/srv/shared_leopard_toad/2025/Documents/06.10-13.10.2025/6R/104MEDIA/DSCF0538.JPG,DSCF0538.JPG,6R/104MEDIA,2,Western_Leopard_Toad,0.2524,108.4,1810.1,244.0,1958.1
/srv/shared_leopard_toad/2025/Documents/06.10-13.10.2025/6R/104MEDIA/DSCF0188.JPG,DSCF0188.JPG,6R/104MEDIA,0,Other_Amphibian,0.3845,585.6,2428.9,669.8,2553.1
/srv/shared_leopard_toad/2025/Documents/06.10-13.10.2025/6R/104MEDIA/DSCF0947.JPG,DSCF0947.JPG,6R/104MEDIA,2,Western_Leopard_Toad,0.7725,4165.4,229.8,4313.4,404.3
/srv/shared_leopard_toad/2025/Documents/06.10-13.10.2025/6R/104MEDIA/DSCF0947.JPG,DSCF0947.JPG,6R/104MEDIA,0,Other_Amphibian,0.2876,4165.4,229.8,4313.4,404.3
/srv/shared_leopard_toad/2025/Documents/06.10-13.10.2025/6R/104MEDIA/DSCF0844.JPG,DSCF0844.JPG,6R/104MEDIA,0,Other_Amphibian,0.2054,666.5,633.1,753.7,715.7
/srv/shared_leopard_toad/2025/Documents/06.10-13.10.2025/6R/104MEDIA/DSCF0181.JPG,DSCF0181.JPG,6R/104MEDIA,0,Other_Amphibian,0.2418,577.5,2438.6,667.4,2555.1
/srv/shared_leopard_toad/2025/Documents/06.10-13.10.2025/6R/104MEDIA/DSCF0685.JPG,DSCF0685.JPG,6R/104MEDIA,2,Western_Leopard_Toad,0.3147,109.3,2144.3,235.2,2311.9
/srv/shared_leopard_toad/2025/Documents/06.10-13.10.2025/6R/104MEDIA/DSCF0685.JPG,DSCF0685.JPG,6R/104MEDIA,2,Western_Leopard_Toad,0.2661,2544.9,1.2,2736.6,99.9
/srv/shared_leopard_toad/2025/Documents/06.10-13.10.2025/6R/104MEDIA/DSCF0209.JPG,DSCF0209.JPG,6R/104MEDIA,0,Other_Amphibian,0.3818,591.0,2432.8,673.0,2552.1
/srv/shared_leopard_toad/2025/Documents/06.10-13.10.2025/6R/104MEDIA/DSCF0209.JPG,DSCF0209.JPG,6R/104MEDIA,0,Other_Amphibian,0.2754,1346.2,1239.1,1428.5,1353.7
/srv/shared_leopard_toad/2025/Documents/06.10-13.10.2025/6R/104MEDIA/DSCF0725.JPG,DSCF0725.JPG,6R/104MEDIA,0,Other_Amphibian,0.2360,736.1,904.3,891.4,1092.1
/srv/shared_leopard_toad/2025/Documents/06.10-13.10.2025/6R/104MEDIA/DSCF0612.JPG,DSCF0612.JPG,6R/104MEDIA,0,Other_Amphibian,0.4263,716.7,1032.9,853.1,1223.2
/srv/shared_leopard_toad/2025/Documents/06.10-13.10.2025/6R/104MEDIA/DSCF0633.JPG,DSCF0633.JPG,6R/104MEDIA,0,Other_Amphibian,0.4136,665.4,1032.1,826.9,1179.8
/srv/shared_leopard_toad/2025/Documents/06.10-13.10.2025/6R/104MEDIA/DSCF0633.JPG,DSCF0633.JPG,6R/104MEDIA,2,Western_Leopard_Toad,0.3218,665.4,1032.1,826.9,1179.8
/srv/shared_leopard_toad/2025/Documents/06.10-13.10.2025/6R/104MEDIA/DSCF0626.JPG,DSCF0626.JPG,6R/104MEDIA,0,Other_Amphibian,0.3745,718.2,1031.4,851.5,1217.4
/srv/shared_leopard_toad/2025/Documents/06.10-13.10.2025/6R/104MEDIA/DSCF0240.JPG,DSCF0240.JPG,6R/104MEDIA,0,Other_Amphibian,0.2108,1349.2,1239.0,1428.1,1347.9
/srv/shared_leopard_toad/2025/Documents/06.10-13.10.2025/6R/104MEDIA/DSCF0714.JPG,DSCF0714.JPG,6R/104MEDIA,2,Western_Leopard_Toad,0.8691,3884.3,370.0,4032.7,532.9
/srv/shared_leopard_toad/2025/Documents/06.10-13.10.2025/6R/104MEDIA/DSCF0714.JPG,DSCF0714.JPG,6R/104MEDIA,0,Other_Amphibian,0.4780,3884.3,370.0,4032.7,532.9
/srv/shared_leopard_toad/2025/Documents/06.10-13.10.2025/6R/104MEDIA/DSCF0302.JPG,DSCF0302.JPG,6R/104MEDIA,0,Other_Amphibian,0.2343,2541.3,0.3,2703.4,110.2
/srv/shared_leopard_toad/2025/Documents/06.10-13.10.2025/6R/104MEDIA/DSCF0302.JPG,DSCF0302.JPG,6R/104MEDIA,0,Other_Amphibian,0.2161,2546.2,-0.6,2709.0,109.8
/srv/shared_leopard_toad/2025/Documents/06.10-13.10.2025/6R/104MEDIA/DSCF0232.JPG,DSCF0232.JPG,6R/104MEDIA,0,Other_Amphibian,0.2244,588.4,2432.2,667.0,2552.7
/srv/shared_leopard_toad/2025/Documents/06.10-13.10.2025/6R/104MEDIA/DSCF0267.JPG,DSCF0267.JPG,6R/104MEDIA,0,Other_Amphibian,0.2854,2559.9,3.6,2674.3,112.1
/srv/shared_leopard_toad/2025/Documents/06.10-13.10.2025/6R/104MEDIA/DSCF0319.JPG,DSCF0319.JPG,6R/104MEDIA,0,Other_Amphibian,0.2903,499.0,2698.0,626.4,2821.3
/srv/shared_leopard_toad/2025/Documents/06.10-13.10.2025/6R/104MEDIA/DSCF0319.JPG,DSCF0319.JPG,6R/104MEDIA,0,Other_Amphibian,0.2382,2537.4,-1.0,2723.1,114.2
/srv/shared_leopard_toad/2025/Documents/06.10-13.10.2025/6R/104MEDIA/DSCF0319.JPG,DSCF0319.JPG,6R/104MEDIA,0,Other_Amphibian,0.2340,1657.9,2024.3,1728.4,2107.1
/srv/shared_leopard_toad/2025/Documents/06.10-13.10.2025/6R/104MEDIA/DSCF0150.JPG,DSCF0150.JPG,6R/104MEDIA,0,Other_Amphibian,0.6260,1413.2,1107.5,1490.0,1197.4
/srv/shared_leopard_toad/2025/Documents/06.10-13.10.2025/6R/104MEDIA/DSCF0323.JPG,DSCF0323.JPG,6R/104MEDIA,0,Other_Amphibian,0.2815,2542.2,-0.8,2728.8,113.4
/srv/shared_leopard_toad/2025/Documents/06.10-13.10.2025/6R/104MEDIA/DSCF0323.JPG,DSCF0323.JPG,6R/104MEDIA,0,Other_Amphibian,0.2070,1656.6,2025.1,1729.6,2109.3
/srv/shared_leopard_toad/2025/Documents/06.10-13.10.2025/6R/104MEDIA/DSCF0013.JPG,DSCF0013.JPG,6R/104MEDIA,2,Western_Leopard_Toad,0.7480,338.0,386.9,494.1,530.8
/srv/shared_leopard_toad/2025/Documents/06.10-13.10.2025/6R/104MEDIA/DSCF0901.JPG,DSCF0901.JPG,6R/104MEDIA,2,Western_Leopard_Toad,0.6792,248.6,568.6,405.6,733.7
/srv/shared_leopard_toad/2025/Documents/06.10-13.10.2025/6R/104MEDIA/DSCF0153.JPG,DSCF0153.JPG,6R/104MEDIA,0,Other_Amphibian,0.3262,1413.8,1107.8,1489.4,1197.1
/srv/shared_leopard_toad/2025/Documents/06.10-13.10.2025/6R/104MEDIA/DSCF0153.JPG,DSCF0153.JPG,6R/104MEDIA,0,Other_Amphibian,0.2708,593.8,2272.2,681.3,2387.8
/srv/shared_leopard_toad/2025/Documents/06.10-13.10.2025/6R/104MEDIA/DSCF0610.JPG,DSCF0610.JPG,6R/104MEDIA,0,Other_Amphibian,0.6689,717.7,1030.2,852.1,1220.1
/srv/shared_leopard_toad/2025/Documents/06.10-13.10.2025/6R/104MEDIA/DSCF0610.JPG,DSCF0610.JPG,6R/104MEDIA,2,Western_Leopard_Toad,0.3435,717.7,1030.2,852.1,1220.1
/srv/shared_leopard_toad/2025/Documents/06.10-13.10.2025/6R/104MEDIA/DSCF0214.JPG,DSCF0214.JPG,6R/104MEDIA,0,Other_Amphibian,0.3408,591.8,2437.2,668.2,2550.7
/srv/shared_leopard_toad/2025/Documents/06.10-13.10.2025/6R/104MEDIA/DSCF0627.JPG,DSCF0627.JPG,6R/104MEDIA,0,Other_Amphibian,0.3335,718.0,1031.9,851.8,1224.3
/srv/shared_leopard_toad/2025/Documents/06.10-13.10.2025/6R/104MEDIA/DSCF0205.JPG,DSCF0205.JPG,6R/104MEDIA,0,Other_Amphibian,0.5420,591.7,2430.6,678.8,2551.4
/srv/shared_leopard_toad/2025/Documents/06.10-13.10.2025/6R/104MEDIA/DSCF0618.JPG,DSCF0618.JPG,6R/104MEDIA,0,Other_Amphibian,0.4053,718.3,1030.2,856.7,1220.1
/srv/shared_leopard_toad/2025/Documents/06.10-13.10.2025/6R/104MEDIA/DSCF0112.JPG,DSCF0112.JPG,6R/104MEDIA,0,Other_Amphibian,0.2134,1877.2,2.8,1984.2,81.0
/srv/shared_leopard_toad/2025/Documents/06.10-13.10.2025/6R/104MEDIA/DSCF0111.JPG,DSCF0111.JPG,6R/104MEDIA,0,Other_Amphibian,0.2703,1879.5,2.7,1981.9,79.5
/srv/shared_leopard_toad/2025/Documents/06.10-13.10.2025/6R/104MEDIA/DSCF0263.JPG,DSCF0263.JPG,6R/104MEDIA,0,Other_Amphibian,0.2856,2511.7,1953.3,2633.3,2101.3
/srv/shared_leopard_toad/2025/Documents/06.10-13.10.2025/6R/104MEDIA/DSCF0263.JPG,DSCF0263.JPG,6R/104MEDIA,0,Other_Amphibian,0.2006,2561.2,2.8,2678.3,114.8
/srv/shared_leopard_toad/2025/Documents/06.10-13.10.2025/6R/104MEDIA/DSCF0764.JPG,DSCF0764.JPG,6R/104MEDIA,0,Other_Amphibian,0.2162,670.1,626.4,763.1,713.5
/srv/shared_leopard_toad/2025/Documents/06.10-13.10.2025/6R/104MEDIA/DSCF0229.JPG,DSCF0229.JPG,6R/104MEDIA,0,Other_Amphibian,0.6245,584.6,2430.8,668.8,2548.2
/srv/shared_leopard_toad/2025/Documents/06.10-13.10.2025/6R/104MEDIA/DSCF0163.JPG,DSCF0163.JPG,6R/104MEDIA,0,Other_Amphibian,0.6602,1413.8,1105.3,1492.1,1196.7
/srv/shared_leopard_toad/2025/Documents/06.10-13.10.2025/6R/104MEDIA/DSCF0711.JPG,DSCF0711.JPG,6R/104MEDIA,2,Western_Leopard_Toad,0.3999,2544.4,2.2,2726.6,99.3
/srv/shared_leopard_toad/2025/Documents/06.10-13.10.2025/6R/104MEDIA/DSCF0711.JPG,DSCF0711.JPG,6R/104MEDIA,0,Other_Amphibian,0.2460,2544.4,2.2,2726.6,99.3
/srv/shared_leopard_toad/2025/Documents/06.10-13.10.2025/6R/104MEDIA/DSCF0283.JPG,DSCF0283.JPG,6R/104MEDIA,0,Other_Amphibian,0.4412,2550.4,-0.6,2699.6,115.9
/srv/shared_leopard_toad/2025/Documents/06.10-13.10.2025/6R/104MEDIA/DSCF0283.JPG,DSCF0283.JPG,6R/104MEDIA,0,Other_Amphibian,0.2366,1651.2,2024.9,1729.8,2112.4
/srv/shared_leopard_toad/2025/Documents/06.10-13.10.2025/6R/104MEDIA/DSCF0265.JPG,DSCF0265.JPG,6R/104MEDIA,0,Other_Amphibian,0.2129,2559.5,3.4,2680.0,111.4
/srv/shared_leopard_toad/2025/Documents/06.10-13.10.2025/6R/104MEDIA/DSCF0022.JPG,DSCF0022.JPG,6R/104MEDIA,2,Western_Leopard_Toad,0.7573,334.3,387.8,494.6,533.6
/srv/shared_leopard_toad/2025/Documents/06.10-13.10.2025/6R/104MEDIA/DSCF0198.JPG,DSCF0198.JPG,6R/104MEDIA,0,Other_Amphibian,0.6250,586.6,2429.1,680.0,2549.9
/srv/shared_leopard_toad/2025/Documents/06.10-13.10.2025/6R/104MEDIA/DSCF0073.JPG,DSCF0073.JPG,6R/104MEDIA,2,Western_Leopard_Toad,0.6265,333.6,387.9,493.9,540.9
/srv/shared_leopard_toad/2025/Documents/06.10-13.10.2025/6R/104MEDIA/DSCF0894.JPG,DSCF0894.JPG,6R/104MEDIA,2,Western_Leopard_Toad,0.3289,2537.8,-2.8,2733.2,95.7
/srv/shared_leopard_toad/2025/Documents/06.10-13.10.2025/6R/104MEDIA/DSCF0894.JPG,DSCF0894.JPG,6R/104MEDIA,0,Other_Amphibian,0.2834,2537.8,-2.8,2733.2,95.7
/srv/shared_leopard_toad/2025/Documents/06.10-13.10.2025/6R/104MEDIA/DSCF0726.JPG,DSCF0726.JPG,6R/104MEDIA,0,Other_Amphibian,0.4397,740.5,898.3,885.7,1090.6
/srv/shared_leopard_toad/2025/Documents/06.10-13.10.2025/6R/104MEDIA/DSCF0726.JPG,DSCF0726.JPG,6R/104MEDIA,2,Western_Leopard_Toad,0.3599,740.5,898.3,885.7,1090.6
/srv/shared_leopard_toad/2025/Documents/06.10-13.10.2025/6R/104MEDIA/DSCF0857.JPG,DSCF0857.JPG,6R/104MEDIA,2,Western_Leopard_Toad,0.7798,3525.8,853.6,3708.7,1034.9
/srv/shared_leopard_toad/2025/Documents/06.10-13.10.2025/6R/104MEDIA/DSCF0703.JPG,DSCF0703.JPG,6R/104MEDIA,2,Western_Leopard_Toad,0.4600,2537.3,-2.2,2728.4,96.9
/srv/shared_leopard_toad/2025/Documents/06.10-13.10.2025/6R/104MEDIA/DSCF0703.JPG,DSCF0703.JPG,6R/104MEDIA,0,Other_Amphibian,0.3184,2537.3,-2.2,2728.4,96.9
/srv/shared_leopard_toad/2025/Documents/06.10-13.10.2025/6R/104MEDIA/DSCF0779.JPG,DSCF0779.JPG,6R/104MEDIA,0,Other_Amphibian,0.6772,647.4,1074.1,771.4,1230.9
/srv/shared_leopard_toad/2025/Documents/06.10-13.10.2025/6R/104MEDIA/DSCF0779.JPG,DSCF0779.JPG,6R/104MEDIA,0,Other_Amphibian,0.6646,3528.2,937.5,3690.6,1110.5
/srv/shared_leopard_toad/2025/Documents/06.10-13.10.2025/6R/104MEDIA/DSCF0779.JPG,DSCF0779.JPG,6R/104MEDIA,0,Other_Amphibian,0.5137,3526.4,936.7,3692.3,1111.3
/srv/shared_leopard_toad/2025/Documents/06.10-13.10.2025/6R/104MEDIA/DSCF0779.JPG,DSCF0779.JPG,6R/104MEDIA,2,Western_Leopard_Toad,0.4465,3528.2,937.5,3690.6,1110.5
/srv/shared_leopard_toad/2025/Documents/06.10-13.10.2025/6R/104MEDIA/DSCF0779.JPG,DSCF0779.JPG,6R/104MEDIA,2,Western_Leopard_Toad,0.4111,3526.4,936.7,3692.3,1111.3
/srv/shared_leopard_toad/2025/Documents/06.10-13.10.2025/6R/104MEDIA/DSCF0929.JPG,DSCF0929.JPG,6R/104MEDIA,2,Western_Leopard_Toad,0.9131,3844.8,2571.5,4030.2,2776.6
/srv/shared_leopard_toad/2025/Documents/06.10-13.10.2025/6R/104MEDIA/DSCF0316.JPG,DSCF0316.JPG,6R/104MEDIA,0,Other_Amphibian,0.3376,2547.7,-0.3,2723.3,110.1
/srv/shared_leopard_toad/2025/Documents/06.10-13.10.2025/6R/104MEDIA/DSCF0275.JPG,DSCF0275.JPG,6R/104MEDIA,0,Other_Amphibian,0.2185,2552.4,-0.2,2718.6,115.7
/srv/shared_leopard_toad/2025/Documents/06.10-13.10.2025/6R/104MEDIA/DSCF0603.JPG,DSCF0603.JPG,6R/104MEDIA,0,Other_Amphibian,0.3716,715.4,1028.6,851.8,1221.7
/srv/shared_leopard_toad/2025/Documents/06.10-13.10.2025/6R/104MEDIA/DSCF0530.JPG,DSCF0530.JPG,6R/104MEDIA,2,Western_Leopard_Toad,0.3462,2523.4,-1.7,2747.6,98.6
/srv/shared_leopard_toad/2025/Documents/06.10-13.10.2025/6R/104MEDIA/DSCF0530.JPG,DSCF0530.JPG,6R/104MEDIA,0,Other_Amphibian,0.2240,106.8,1815.8,243.0,1958.3
/srv/shared_leopard_toad/2025/Documents/06.10-13.10.2025/6R/104MEDIA/DSCF0887.JPG,DSCF0887.JPG,6R/104MEDIA,0,Other_Amphibian,0.2544,664.8,627.8,759.3,712.9
/srv/shared_leopard_toad/2025/Documents/06.10-13.10.2025/6R/104MEDIA/DSCF0954.JPG,DSCF0954.JPG,6R/104MEDIA,0,Other_Amphibian,0.2378,1673.8,2002.0,1754.5,2102.8
/srv/shared_leopard_toad/2025/Documents/06.10-13.10.2025/6R/104MEDIA/DSCF0799.JPG,DSCF0799.JPG,6R/104MEDIA,2,Western_Leopard_Toad,0.3098,3713.7,906.7,3940.8,1088.1
/srv/shared_leopard_toad/2025/Documents/06.10-13.10.2025/6R/104MEDIA/DSCF0799.JPG,DSCF0799.JPG,6R/104MEDIA,0,Other_Amphibian,0.2456,3713.7,906.7,3940.8,1088.1
/srv/shared_leopard_toad/2025/Documents/06.10-13.10.2025/6R/104MEDIA/DSCF0083.JPG,DSCF0083.JPG,6R/104MEDIA,2,Western_Leopard_Toad,0.7627,334.5,386.8,495.7,539.8
/srv/shared_leopard_toad/2025/Documents/06.10-13.10.2025/6R/104MEDIA/DSCF0285.JPG,DSCF0285.JPG,6R/104MEDIA,0,Other_Amphibian,0.6226,2550.6,-1.6,2704.7,116.1
/srv/shared_leopard_toad/2025/Documents/06.10-13.10.2025/6R/104MEDIA/DSCF0285.JPG,DSCF0285.JPG,6R/104MEDIA,0,Other_Amphibian,0.3757,1655.3,2025.3,1730.9,2112.0
/srv/shared_leopard_toad/2025/Documents/06.10-13.10.2025/6R/104MEDIA/DSCF0787.JPG,DSCF0787.JPG,6R/104MEDIA,0,Other_Amphibian,0.3867,666.9,624.8,758.5,715.9
/srv/shared_leopard_toad/2025/Documents/06.10-13.10.2025/6R/104MEDIA/DSCF0756.JPG,DSCF0756.JPG,6R/104MEDIA,0,Other_Amphibian,0.3000,667.9,625.2,762.7,715.5
/srv/shared_leopard_toad/2025/Documents/06.10-13.10.2025/6R/104MEDIA/DSCF0199.JPG,DSCF0199.JPG,6R/104MEDIA,0,Other_Amphibian,0.3289,587.9,2438.2,672.1,2552.6
/srv/shared_leopard_toad/2025/Documents/06.10-13.10.2025/6R/104MEDIA/DSCF0281.JPG,DSCF0281.JPG,6R/104MEDIA,0,Other_Amphibian,0.4753,2549.4,-1.1,2698.0,114.6
/srv/shared_leopard_toad/2025/Documents/06.10-13.10.2025/6R/104MEDIA/DSCF0614.JPG,DSCF0614.JPG,6R/104MEDIA,2,Western_Leopard_Toad,0.4993,2008.0,1035.6,2168.3,1202.8
/srv/shared_leopard_toad/2025/Documents/06.10-13.10.2025/6R/104MEDIA/DSCF0614.JPG,DSCF0614.JPG,6R/104MEDIA,0,Other_Amphibian,0.2986,718.6,1030.7,852.4,1219.5
/srv/shared_leopard_toad/2025/Documents/06.10-13.10.2025/6R/104MEDIA/DSCF0614.JPG,DSCF0614.JPG,6R/104MEDIA,0,Other_Amphibian,0.2490,2008.0,1035.6,2168.3,1202.8
/srv/shared_leopard_toad/2025/Documents/06.10-13.10.2025/6R/104MEDIA/DSCF0597.JPG,DSCF0597.JPG,6R/104MEDIA,2,Western_Leopard_Toad,0.4976,2013.1,1033.0,2176.4,1195.1
/srv/shared_leopard_toad/2025/Documents/06.10-13.10.2025/6R/104MEDIA/DSCF0597.JPG,DSCF0597.JPG,6R/104MEDIA,0,Other_Amphibian,0.2986,2013.1,1033.0,2176.4,1195.1
/srv/shared_leopard_toad/2025/Documents/06.10-13.10.2025/6R/104MEDIA/DSCF0597.JPG,DSCF0597.JPG,6R/104MEDIA,1,Small_Mammal,0.2191,2013.1,1033.0,2176.4,1195.1
/srv/shared_leopard_toad/2025/Documents/06.10-13.10.2025/6R/104MEDIA/DSCF0255.JPG,DSCF0255.JPG,6R/104MEDIA,0,Other_Amphibian,0.3860,2512.6,1947.3,2632.4,2101.5
/srv/shared_leopard_toad/2025/Documents/06.10-13.10.2025/6R/104MEDIA/DSCF0166.JPG,DSCF0166.JPG,6R/104MEDIA,0,Other_Amphibian,0.4451,1412.1,1108.1,1483.2,1198.3
/srv/shared_leopard_toad/2025/Documents/06.10-13.10.2025/6R/104MEDIA/DSCF0810.JPG,DSCF0810.JPG,6R/104MEDIA,0,Other_Amphibian,0.2167,670.1,626.0,751.4,714.7
/srv/shared_leopard_toad/2025/Documents/06.10-13.10.2025/6R/104MEDIA/DSCF0698.JPG,DSCF0698.JPG,6R/104MEDIA,2,Western_Leopard_Toad,0.2542,2535.2,-4.6,2735.8,91.6
/srv/shared_leopard_toad/2025/Documents/06.10-13.10.2025/6R/104MEDIA/DSCF0219.JPG,DSCF0219.JPG,6R/104MEDIA,0,Other_Amphibian,0.2959,1347.3,1239.9,1427.4,1354.5
/srv/shared_leopard_toad/2025/Documents/06.10-13.10.2025/6R/104MEDIA/DSCF0480.JPG,DSCF0480.JPG,6R/104MEDIA,2,Western_Leopard_Toad,0.6738,106.8,1813.6,238.4,1960.5
/srv/shared_leopard_toad/2025/Documents/06.10-13.10.2025/6R/104MEDIA/DSCF0330.JPG,DSCF0330.JPG,6R/104MEDIA,0,Other_Amphibian,0.3499,2531.0,-3.6,2708.5,106.7
/srv/shared_leopard_toad/2025/Documents/06.10-13.10.2025/6R/104MEDIA/DSCF0684.JPG,DSCF0684.JPG,6R/104MEDIA,2,Western_Leopard_Toad,0.4817,3257.8,1722.9,3457.0,1927.2
/srv/shared_leopard_toad/2025/Documents/06.10-13.10.2025/6R/104MEDIA/DSCF0177.JPG,DSCF0177.JPG,6R/104MEDIA,0,Other_Amphibian,0.5981,1414.3,1108.1,1489.0,1196.8
/srv/shared_leopard_toad/2025/Documents/06.10-13.10.2025/6R/104MEDIA/DSCF0177.JPG,DSCF0177.JPG,6R/104MEDIA,0,Other_Amphibian,0.2091,1468.7,61.7,1552.6,148.5
/srv/shared_leopard_toad/2025/Documents/06.10-13.10.2025/6R/104MEDIA/DSCF0296.JPG,DSCF0296.JPG,6R/104MEDIA,0,Other_Amphibian,0.5933,2549.6,-1.8,2713.6,114.3
/srv/shared_leopard_toad/2025/Documents/06.10-13.10.2025/6R/104MEDIA/DSCF0743.JPG,DSCF0743.JPG,6R/104MEDIA,2,Western_Leopard_Toad,0.3049,1643.9,2673.5,1810.6,2845.8
/srv/shared_leopard_toad/2025/Documents/06.10-13.10.2025/6R/104MEDIA/DSCF0743.JPG,DSCF0743.JPG,6R/104MEDIA,0,Other_Amphibian,0.2091,1643.9,2673.5,1810.6,2845.8
/srv/shared_leopard_toad/2025/Documents/06.10-13.10.2025/6R/104MEDIA/DSCF0598.JPG,DSCF0598.JPG,6R/104MEDIA,2,Western_Leopard_Toad,0.2937,2018.3,1030.6,2179.1,1193.1
/srv/shared_leopard_toad/2025/Documents/06.10-13.10.2025/6R/104MEDIA/DSCF0306.JPG,DSCF0306.JPG,6R/104MEDIA,0,Other_Amphibian,0.4001,2551.2,-1.3,2709.3,111.6
/srv/shared_leopard_toad/2025/Documents/06.10-13.10.2025/6R/104MEDIA/DSCF0176.JPG,DSCF0176.JPG,6R/104MEDIA,0,Other_Amphibian,0.3347,1414.4,1102.4,1488.8,1195.1
/srv/shared_leopard_toad/2025/Documents/06.10-13.10.2025/6R/104MEDIA/DSCF0176.JPG,DSCF0176.JPG,6R/104MEDIA,0,Other_Amphibian,0.3345,1414.5,1105.6,1488.7,1197.8
/srv/shared_leopard_toad/2025/Documents/06.10-13.10.2025/6R/104MEDIA/DSCF0212.JPG,DSCF0212.JPG,6R/104MEDIA,0,Other_Amphibian,0.3247,1348.3,1238.8,1429.0,1354.1
/srv/shared_leopard_toad/2025/Documents/06.10-13.10.2025/6R/104MEDIA/DSCF0928.JPG,DSCF0928.JPG,6R/104MEDIA,0,Other_Amphibian,0.2058,665.1,631.6,760.3,716.5
/srv/shared_leopard_toad/2025/Documents/06.10-13.10.2025/6R/104MEDIA/DSCF0960.JPG,DSCF0960.JPG,6R/104MEDIA,0,Other_Amphibian,0.2085,1675.0,2003.1,1750.6,2101.7
/srv/shared_leopard_toad/2025/Documents/06.10-13.10.2025/6R/104MEDIA/DSCF0291.JPG,DSCF0291.JPG,6R/104MEDIA,0,Other_Amphibian,0.4124,2556.4,-0.5,2704.1,113.0
/srv/shared_leopard_toad/2025/Documents/06.10-13.10.2025/6R/104MEDIA/DSCF0227.JPG,DSCF0227.JPG,6R/104MEDIA,0,Other_Amphibian,0.4470,581.2,2440.0,659.1,2553.7
/srv/shared_leopard_toad/2025/Documents/06.10-13.10.2025/6R/104MEDIA/DSCF0054.JPG,DSCF0054.JPG,6R/104MEDIA,2,Western_Leopard_Toad,0.8247,334.2,387.1,496.0,541.6
/srv/shared_leopard_toad/2025/Documents/06.10-13.10.2025/6R/104MEDIA/DSCF0334.JPG,DSCF0334.JPG,6R/104MEDIA,0,Other_Amphibian,0.2832,1658.1,2025.0,1733.4,2109.4
/srv/shared_leopard_toad/2025/Documents/06.10-13.10.2025/6R/104MEDIA/DSCF0334.JPG,DSCF0334.JPG,6R/104MEDIA,0,Other_Amphibian,0.2469,2540.5,-0.8,2706.9,113.4
/srv/shared_leopard_toad/2025/Documents/06.10-13.10.2025/6R/104MEDIA/DSCF0696.JPG,DSCF0696.JPG,6R/104MEDIA,2,Western_Leopard_Toad,0.3335,2536.2,-2.4,2724.3,95.7
/srv/shared_leopard_toad/2025/Documents/06.10-13.10.2025/6R/104MEDIA/DSCF0696.JPG,DSCF0696.JPG,6R/104MEDIA,0,Other_Amphibian,0.2061,2536.2,-2.4,2724.3,95.7
/srv/shared_leopard_toad/2025/Documents/06.10-13.10.2025/6R/104MEDIA/DSCF0136.JPG,DSCF0136.JPG,6R/104MEDIA,0,Other_Amphibian,0.5298,1412.2,1107.8,1491.1,1195.6
/srv/shared_leopard_toad/2025/Documents/06.10-13.10.2025/6R/104MEDIA/DSCF0946.JPG,DSCF0946.JPG,6R/104MEDIA,2,Western_Leopard_Toad,0.3523,2529.9,-3.5,2746.3,97.5
/srv/shared_leopard_toad/2025/Documents/06.10-13.10.2025/6R/104MEDIA/DSCF0569.JPG,DSCF0569.JPG,6R/104MEDIA,2,Western_Leopard_Toad,0.2563,2514.2,-1.8,2725.3,98.3
/srv/shared_leopard_toad/2025/Documents/06.10-13.10.2025/6R/104MEDIA/DSCF0204.JPG,DSCF0204.JPG,6R/104MEDIA,0,Other_Amphibian,0.3000,589.7,2436.1,674.2,2551.7
/srv/shared_leopard_toad/2025/Documents/06.10-13.10.2025/6R/104MEDIA/DSCF0122.JPG,DSCF0122.JPG,6R/104MEDIA,0,Other_Amphibian,0.2152,1872.7,3.3,1980.8,77.9
/srv/shared_leopard_toad/2025/Documents/06.10-13.10.2025/6R/104MEDIA/DSCF0294.JPG,DSCF0294.JPG,6R/104MEDIA,0,Other_Amphibian,0.4277,2549.9,-0.8,2705.4,112.5
/srv/shared_leopard_toad/2025/Documents/06.10-13.10.2025/6R/104MEDIA/DSCF0294.JPG,DSCF0294.JPG,6R/104MEDIA,0,Other_Amphibian,0.2751,2542.9,0.4,2696.6,112.4
/srv/shared_leopard_toad/2025/Documents/06.10-13.10.2025/6R/104MEDIA/DSCF0771.JPG,DSCF0771.JPG,6R/104MEDIA,0,Other_Amphibian,0.2037,667.9,628.5,757.5,715.2
/srv/shared_leopard_toad/2025/Documents/06.10-13.10.2025/6R/104MEDIA/DSCF0977.JPG,DSCF0977.JPG,6R/104MEDIA,0,Other_Amphibian,0.2544,1666.7,2012.1,1735.3,2113.4
/srv/shared_leopard_toad/2025/Documents/06.10-13.10.2025/6R/104MEDIA/DSCF0806.JPG,DSCF0806.JPG,6R/104MEDIA,0,Other_Amphibian,0.5112,670.7,630.4,765.2,715.4
/srv/shared_leopard_toad/2025/Documents/06.10-13.10.2025/6R/104MEDIA/DSCF0806.JPG,DSCF0806.JPG,6R/104MEDIA,2,Western_Leopard_Toad,0.3032,843.5,2351.1,1030.7,2533.4
/srv/shared_leopard_toad/2025/Documents/06.10-13.10.2025/6R/104MEDIA/DSCF0142.JPG,DSCF0142.JPG,6R/104MEDIA,0,Other_Amphibian,0.5078,1413.4,1106.1,1489.9,1195.9
/srv/shared_leopard_toad/2025/Documents/06.10-13.10.2025/6R/104MEDIA/DSCF0142.JPG,DSCF0142.JPG,6R/104MEDIA,0,Other_Amphibian,0.3301,1413.4,1105.4,1489.9,1195.1
/srv/shared_leopard_toad/2025/Documents/06.10-13.10.2025/6R/104MEDIA/DSCF0552.JPG,DSCF0552.JPG,6R/104MEDIA,2,Western_Leopard_Toad,0.3198,2530.2,-3.3,2740.8,98.1
/srv/shared_leopard_toad/2025/Documents/06.10-13.10.2025/6R/104MEDIA/DSCF0552.JPG,DSCF0552.JPG,6R/104MEDIA,0,Other_Amphibian,0.2764,2419.1,818.6,2594.6,973.9
/srv/shared_leopard_toad/2025/Documents/06.10-13.10.2025/6R/104MEDIA/DSCF0179.JPG,DSCF0179.JPG,6R/104MEDIA,0,Other_Amphibian,0.5986,584.3,2431.5,673.1,2553.4
/srv/shared_leopard_toad/2025/Documents/06.10-13.10.2025/6R/104MEDIA/DSCF0179.JPG,DSCF0179.JPG,6R/104MEDIA,2,Western_Leopard_Toad,0.2603,584.3,2431.5,673.1,2553.4
/srv/shared_leopard_toad/2025/Documents/06.10-13.10.2025/6R/104MEDIA/DSCF0066.JPG,DSCF0066.JPG,6R/104MEDIA,2,Western_Leopard_Toad,0.4785,340.2,386.4,497.8,536.4
/srv/shared_leopard_toad/2025/Documents/06.10-13.10.2025/6R/104MEDIA/DSCF0160.JPG,DSCF0160.JPG,6R/104MEDIA,0,Other_Amphibian,0.3079,1414.5,1108.3,1486.1,1196.6
/srv/shared_leopard_toad/2025/Documents/06.10-13.10.2025/6R/104MEDIA/DSCF0818.JPG,DSCF0818.JPG,6R/104MEDIA,2,Western_Leopard_Toad,0.5156,249.7,568.0,404.6,738.7
/srv/shared_leopard_toad/2025/Documents/06.10-13.10.2025/6R/104MEDIA/DSCF0172.JPG,DSCF0172.JPG,6R/104MEDIA,0,Other_Amphibian,0.4441,1414.4,1107.9,1488.8,1197.0
/srv/shared_leopard_toad/2025/Documents/06.10-13.10.2025/6R/104MEDIA/DSCF0257.JPG,DSCF0257.JPG,6R/104MEDIA,0,Other_Amphibian,0.2732,2505.7,1947.7,2628.8,2092.2
/srv/shared_leopard_toad/2025/Documents/06.10-13.10.2025/6R/104MEDIA/DSCF0162.JPG,DSCF0162.JPG,6R/104MEDIA,0,Other_Amphibian,0.2496,1415.5,1103.9,1487.7,1196.5
/srv/shared_leopard_toad/2025/Documents/06.10-13.10.2025/6R/104MEDIA/DSCF0274.JPG,DSCF0274.JPG,6R/104MEDIA,0,Other_Amphibian,0.2399,2555.0,1.5,2700.2,115.5
/srv/shared_leopard_toad/2025/Documents/06.10-13.10.2025/6R/104MEDIA/DSCF0797.JPG,DSCF0797.JPG,6R/104MEDIA,0,Other_Amphibian,0.2700,667.9,631.4,752.2,716.7
/srv/shared_leopard_toad/2025/Documents/06.10-13.10.2025/6R/104MEDIA/DSCF0630.JPG,DSCF0630.JPG,6R/104MEDIA,0,Other_Amphibian,0.5000,717.2,1028.6,852.6,1220.2
/srv/shared_leopard_toad/2025/Documents/06.10-13.10.2025/6R/104MEDIA/DSCF0776.JPG,DSCF0776.JPG,6R/104MEDIA,0,Other_Amphibian,0.8760,3528.8,937.4,3695.2,1110.6
/srv/shared_leopard_toad/2025/Documents/06.10-13.10.2025/6R/104MEDIA/DSCF0776.JPG,DSCF0776.JPG,6R/104MEDIA,0,Other_Amphibian,0.2086,666.9,631.1,758.5,717.7
/srv/shared_leopard_toad/2025/Documents/06.10-13.10.2025/6R/104MEDIA/DSCF0766.JPG,DSCF0766.JPG,6R/104MEDIA,0,Other_Amphibian,0.2125,667.8,627.5,761.5,715.4
/srv/shared_leopard_toad/2025/Documents/06.10-13.10.2025/6R/104MEDIA/DSCF0269.JPG,DSCF0269.JPG,6R/104MEDIA,0,Other_Amphibian,0.3523,2558.8,2.5,2683.3,111.8
/srv/shared_leopard_toad/2025/Documents/06.10-13.10.2025/6R/104MEDIA/DSCF0004.JPG,DSCF0004.JPG,6R/104MEDIA,2,Western_Leopard_Toad,0.5283,336.5,387.5,498.3,530.9
/srv/shared_leopard_toad/2025/Documents/06.10-13.10.2025/6R/104MEDIA/DSCF0159.JPG,DSCF0159.JPG,6R/104MEDIA,0,Other_Amphibian,0.5381,1413.6,1107.8,1492.2,1197.1
/srv/shared_leopard_toad/2025/Documents/06.10-13.10.2025/6R/104MEDIA/DSCF0313.JPG,DSCF0313.JPG,6R/104MEDIA,0,Other_Amphibian,0.4209,2547.6,-0.4,2718.2,109.2
/srv/shared_leopard_toad/2025/Documents/06.10-13.10.2025/6R/104MEDIA/DSCF0297.JPG,DSCF0297.JPG,6R/104MEDIA,0,Other_Amphibian,0.5884,2548.2,-1.5,2717.5,115.9
/srv/shared_leopard_toad/2025/Documents/06.10-13.10.2025/6R/104MEDIA/DSCF0170.JPG,DSCF0170.JPG,6R/104MEDIA,0,Other_Amphibian,0.3040,1470.3,63.5,1551.0,148.2
/srv/shared_leopard_toad/2025/Documents/06.10-13.10.2025/6R/104MEDIA/DSCF0170.JPG,DSCF0170.JPG,6R/104MEDIA,0,Other_Amphibian,0.2722,1416.1,1107.2,1489.7,1196.2
/srv/shared_leopard_toad/2025/Documents/06.10-13.10.2025/6R/104MEDIA/DSCF0628.JPG,DSCF0628.JPG,6R/104MEDIA,0,Other_Amphibian,0.5044,719.3,1031.2,857.0,1217.6
/srv/shared_leopard_toad/2025/Documents/06.10-13.10.2025/6R/104MEDIA/DSCF0628.JPG,DSCF0628.JPG,6R/104MEDIA,2,Western_Leopard_Toad,0.3567,719.3,1031.2,857.0,1217.6
/srv/shared_leopard_toad/2025/Documents/06.10-13.10.2025/6R/104MEDIA/DSCF0793.JPG,DSCF0793.JPG,6R/104MEDIA,0,Other_Amphibian,0.4058,669.5,625.9,762.5,714.8
/srv/shared_leopard_toad/2025/Documents/06.10-13.10.2025/6R/104MEDIA/DSCF0646.JPG,DSCF0646.JPG,6R/104MEDIA,0,Other_Amphibian,0.8921,1598.6,2130.7,1800.8,2313.7
/srv/shared_leopard_toad/2025/Documents/06.10-13.10.2025/6R/104MEDIA/DSCF0646.JPG,DSCF0646.JPG,6R/104MEDIA,2,Western_Leopard_Toad,0.3865,1598.6,2130.7,1800.8,2313.7
/srv/shared_leopard_toad/2025/Documents/06.10-13.10.2025/6R/104MEDIA/DSCF0646.JPG,DSCF0646.JPG,6R/104MEDIA,0,Other_Amphibian,0.2216,2535.5,-2.0,2727.6,97.5
/srv/shared_leopard_toad/2025/Documents/06.10-13.10.2025/6R/104MEDIA/DSCF0859.JPG,DSCF0859.JPG,6R/104MEDIA,2,Western_Leopard_Toad,0.9243,3523.8,853.8,3710.7,1036.2
/srv/shared_leopard_toad/2025/Documents/06.10-13.10.2025/6R/104MEDIA/DSCF0161.JPG,DSCF0161.JPG,6R/104MEDIA,0,Other_Amphibian,0.5942,1410.4,1107.5,1490.2,1197.4
/srv/shared_leopard_toad/2025/Documents/06.10-13.10.2025/6R/104MEDIA/DSCF0321.JPG,DSCF0321.JPG,6R/104MEDIA,0,Other_Amphibian,0.2388,2537.1,-4.1,2726.1,113.6
/srv/shared_leopard_toad/2025/Documents/06.10-13.10.2025/6R/104MEDIA/DSCF0751.JPG,DSCF0751.JPG,6R/104MEDIA,0,Other_Amphibian,0.2566,419.1,180.4,537.8,302.8
/srv/shared_leopard_toad/2025/Documents/06.10-13.10.2025/6R/104MEDIA/DSCF0803.JPG,DSCF0803.JPG,6R/104MEDIA,0,Other_Amphibian,0.3792,669.9,631.3,763.3,717.5
/srv/shared_leopard_toad/2025/Documents/06.10-13.10.2025/6R/104MEDIA/DSCF0585.JPG,DSCF0585.JPG,6R/104MEDIA,2,Western_Leopard_Toad,0.2722,107.6,1813.3,244.8,1957.8
/srv/shared_leopard_toad/2025/Documents/06.10-13.10.2025/6R/104MEDIA/DSCF0228.JPG,DSCF0228.JPG,6R/104MEDIA,0,Other_Amphibian,0.2185,1120.1,2604.3,1228.0,2797.0
/srv/shared_leopard_toad/2025/Documents/06.10-13.10.2025/6R/104MEDIA/DSCF0218.JPG,DSCF0218.JPG,6R/104MEDIA,0,Other_Amphibian,0.5386,586.1,2431.4,673.9,2553.5
/srv/shared_leopard_toad/2025/Documents/06.10-13.10.2025/6R/104MEDIA/DSCF0680.JPG,DSCF0680.JPG,6R/104MEDIA,2,Western_Leopard_Toad,0.2761,108.8,1808.6,238.3,1956.6
/srv/shared_leopard_toad/2025/Documents/06.10-13.10.2025/6R/104MEDIA/DSCF0260.JPG,DSCF0260.JPG,6R/104MEDIA,0,Other_Amphibian,0.3538,2511.7,1948.6,2633.3,2094.2
/srv/shared_leopard_toad/2025/Documents/06.10-13.10.2025/6R/104MEDIA/DSCF0037.JPG,DSCF0037.JPG,6R/104MEDIA,2,Western_Leopard_Toad,0.4990,335.5,388.2,494.6,528.7
/srv/shared_leopard_toad/2025/Documents/06.10-13.10.2025/6R/104MEDIA/DSCF0641.JPG,DSCF0641.JPG,6R/104MEDIA,2,Western_Leopard_Toad,0.2529,2533.3,1.9,2727.2,101.6
/srv/shared_leopard_toad/2025/Documents/06.10-13.10.2025/6R/104MEDIA/DSCF0624.JPG,DSCF0624.JPG,6R/104MEDIA,0,Other_Amphibian,0.6758,718.3,1037.2,856.7,1218.9
/srv/shared_leopard_toad/2025/Documents/06.10-13.10.2025/6R/104MEDIA/DSCF0616.JPG,DSCF0616.JPG,6R/104MEDIA,0,Other_Amphibian,0.4897,718.5,1030.2,857.8,1220.1
/srv/shared_leopard_toad/2025/Documents/06.10-13.10.2025/6R/104MEDIA/DSCF0616.JPG,DSCF0616.JPG,6R/104MEDIA,2,Western_Leopard_Toad,0.3120,718.5,1030.2,857.8,1220.1
/srv/shared_leopard_toad/2025/Documents/06.10-13.10.2025/6R/104MEDIA/DSCF0137.JPG,DSCF0137.JPG,6R/104MEDIA,0,Other_Amphibian,0.5010,1411.3,1107.5,1492.0,1197.4
/srv/shared_leopard_toad/2025/Documents/06.10-13.10.2025/6R/104MEDIA/DSCF0137.JPG,DSCF0137.JPG,6R/104MEDIA,0,Other_Amphibian,0.4287,1412.6,1106.5,1493.3,1197.0
/srv/shared_leopard_toad/2025/Documents/06.10-13.10.2025/6R/104MEDIA/DSCF0609.JPG,DSCF0609.JPG,6R/104MEDIA,0,Other_Amphibian,0.7690,715.5,1029.6,854.2,1217.7
/srv/shared_leopard_toad/2025/Documents/06.10-13.10.2025/6R/104MEDIA/DSCF0609.JPG,DSCF0609.JPG,6R/104MEDIA,2,Western_Leopard_Toad,0.4573,715.5,1029.6,854.2,1217.7
/srv/shared_leopard_toad/2025/Documents/06.10-13.10.2025/6R/104MEDIA/DSCF0147.JPG,DSCF0147.JPG,6R/104MEDIA,0,Other_Amphibian,0.5078,1416.3,1107.9,1494.9,1194.1
/srv/shared_leopard_toad/2025/Documents/06.10-13.10.2025/6R/104MEDIA/DSCF0147.JPG,DSCF0147.JPG,6R/104MEDIA,0,Other_Amphibian,0.3005,1415.8,1104.5,1495.3,1193.0
/srv/shared_leopard_toad/2025/Documents/06.10-13.10.2025/6R/104MEDIA/DSCF0261.JPG,DSCF0261.JPG,6R/104MEDIA,0,Other_Amphibian,0.2343,2513.9,1952.5,2636.3,2102.2
/srv/shared_leopard_toad/2025/Documents/06.10-13.10.2025/6R/104MEDIA/DSCF0326.JPG,DSCF0326.JPG,6R/104MEDIA,0,Other_Amphibian,0.3088,1656.6,2025.1,1729.6,2109.3
/srv/shared_leopard_toad/2025/Documents/06.10-13.10.2025/6R/104MEDIA/DSCF0326.JPG,DSCF0326.JPG,6R/104MEDIA,0,Other_Amphibian,0.2383,2543.0,0.4,2717.5,112.6
/srv/shared_leopard_toad/2025/Documents/06.10-13.10.2025/6R/104MEDIA/DSCF0809.JPG,DSCF0809.JPG,6R/104MEDIA,2,Western_Leopard_Toad,0.8364,1333.8,1316.5,1532.7,1494.9
/srv/shared_leopard_toad/2025/Documents/06.10-13.10.2025/6R/104MEDIA/DSCF0796.JPG,DSCF0796.JPG,6R/104MEDIA,2,Western_Leopard_Toad,0.3228,2530.5,-3.7,2732.6,94.9
/srv/shared_leopard_toad/2025/Documents/06.10-13.10.2025/6R/104MEDIA/DSCF0796.JPG,DSCF0796.JPG,6R/104MEDIA,0,Other_Amphibian,0.2805,669.5,626.4,761.1,716.5
/srv/shared_leopard_toad/2025/Documents/06.10-13.10.2025/6R/104MEDIA/DSCF0590.JPG,DSCF0590.JPG,6R/104MEDIA,2,Western_Leopard_Toad,0.2778,2529.8,-2.8,2741.2,95.0
/srv/shared_leopard_toad/2025/Documents/06.10-13.10.2025/6R/104MEDIA/DSCF0175.JPG,DSCF0175.JPG,6R/104MEDIA,0,Other_Amphibian,0.6602,1415.8,1108.3,1495.3,1196.6
/srv/shared_leopard_toad/2025/Documents/06.10-13.10.2025/6R/104MEDIA/DSCF0647.JPG,DSCF0647.JPG,6R/104MEDIA,0,Other_Amphibian,0.8604,1602.2,2153.7,1805.1,2329.1
/srv/shared_leopard_toad/2025/Documents/06.10-13.10.2025/6R/104MEDIA/DSCF0647.JPG,DSCF0647.JPG,6R/104MEDIA,2,Western_Leopard_Toad,0.6025,1602.2,2153.7,1805.1,2329.1
/srv/shared_leopard_toad/2025/Documents/06.10-13.10.2025/6R/104MEDIA/DSCF0332.JPG,DSCF0332.JPG,6R/104MEDIA,0,Other_Amphibian,0.3159,2543.7,0.7,2711.5,111.7
/srv/shared_leopard_toad/2025/Documents/06.10-13.10.2025/6R/104MEDIA/DSCF0203.JPG,DSCF0203.JPG,6R/104MEDIA,0,Other_Amphibian,0.3438,592.0,2433.1,676.5,2554.8
/srv/shared_leopard_toad/2025/Documents/06.10-13.10.2025/6R/104MEDIA/DSCF0948.JPG,DSCF0948.JPG,6R/104MEDIA,2,Western_Leopard_Toad,0.9307,4163.6,230.9,4309.9,401.0
/srv/shared_leopard_toad/2025/Documents/06.10-13.10.2025/6R/104MEDIA/DSCF0948.JPG,DSCF0948.JPG,6R/104MEDIA,0,Other_Amphibian,0.3123,4163.6,230.9,4309.9,401.0
/srv/shared_leopard_toad/2025/Documents/06.10-13.10.2025/6R/104MEDIA/DSCF0599.JPG,DSCF0599.JPG,6R/104MEDIA,2,Western_Leopard_Toad,0.6055,2012.0,1032.3,2177.5,1194.4
/srv/shared_leopard_toad/2025/Documents/06.10-13.10.2025/6R/104MEDIA/DSCF0600.JPG,DSCF0600.JPG,6R/104MEDIA,2,Western_Leopard_Toad,0.4504,2013.5,1031.4,2176.0,1192.3
/srv/shared_leopard_toad/2025/Documents/06.10-13.10.2025/6R/104MEDIA/DSCF0600.JPG,DSCF0600.JPG,6R/104MEDIA,0,Other_Amphibian,0.3411,2013.5,1031.4,2176.0,1192.3
/srv/shared_leopard_toad/2025/Documents/06.10-13.10.2025/6R/104MEDIA/DSCF0984.JPG,DSCF0984.JPG,6R/104MEDIA,0,Other_Amphibian,0.4856,1660.7,2013.5,1736.0,2114.9
/srv/shared_leopard_toad/2025/Documents/06.10-13.10.2025/6R/104MEDIA/DSCF0217.JPG,DSCF0217.JPG,6R/104MEDIA,0,Other_Amphibian,0.7104,1346.4,1239.9,1430.9,1352.9
/srv/shared_leopard_toad/2025/Documents/06.10-13.10.2025/6R/104MEDIA/DSCF0217.JPG,DSCF0217.JPG,6R/104MEDIA,0,Other_Amphibian,0.3066,591.5,2434.5,670.4,2553.3
/srv/shared_leopard_toad/2025/Documents/06.10-13.10.2025/6R/104MEDIA/DSCF0156.JPG,DSCF0156.JPG,6R/104MEDIA,0,Other_Amphibian,0.4282,1413.9,1106.2,1486.7,1195.7
/srv/shared_leopard_toad/2025/Documents/06.10-13.10.2025/6R/104MEDIA/DSCF0156.JPG,DSCF0156.JPG,6R/104MEDIA,0,Other_Amphibian,0.4048,1413.9,1106.9,1486.7,1195.0
/srv/shared_leopard_toad/2025/Documents/06.10-13.10.2025/6R/104MEDIA/DSCF0190.JPG,DSCF0190.JPG,6R/104MEDIA,0,Other_Amphibian,0.5127,1348.1,1242.1,1429.1,1350.8
/srv/shared_leopard_toad/2025/Documents/06.10-13.10.2025/6R/104MEDIA/DSCF0190.JPG,DSCF0190.JPG,6R/104MEDIA,0,Other_Amphibian,0.2134,589.6,2425.8,674.4,2550.2
/srv/shared_leopard_toad/2025/Documents/06.10-13.10.2025/6R/104MEDIA/DSCF0213.JPG,DSCF0213.JPG,6R/104MEDIA,0,Other_Amphibian,0.2346,1346.2,1239.0,1428.5,1350.9
/srv/shared_leopard_toad/2025/Documents/06.10-13.10.2025/6R/104MEDIA/DSCF0631.JPG,DSCF0631.JPG,6R/104MEDIA,0,Other_Amphibian,0.7798,645.6,1019.6,829.7,1174.6
/srv/shared_leopard_toad/2025/Documents/06.10-13.10.2025/6R/104MEDIA/DSCF0631.JPG,DSCF0631.JPG,6R/104MEDIA,2,Western_Leopard_Toad,0.5845,645.6,1019.6,829.7,1174.6
/srv/shared_leopard_toad/2025/Documents/06.10-13.10.2025/6R/104MEDIA/DSCF0400.JPG,DSCF0400.JPG,6R/104MEDIA,0,Other_Amphibian,0.2458,2088.5,2066.5,2203.4,2271.6
/srv/shared_leopard_toad/2025/Documents/06.10-13.10.2025/6R/104MEDIA/DSCF0606.JPG,DSCF0606.JPG,6R/104MEDIA,0,Other_Amphibian,0.6392,719.2,1034.4,855.8,1221.8
/srv/shared_leopard_toad/2025/Documents/06.10-13.10.2025/6R/104MEDIA/DSCF0197.JPG,DSCF0197.JPG,6R/104MEDIA,0,Other_Amphibian,0.7778,586.9,2426.9,683.6,2552.1
/srv/shared_leopard_toad/2025/Documents/06.10-13.10.2025/6R/104MEDIA/DSCF0197.JPG,DSCF0197.JPG,6R/104MEDIA,2,Western_Leopard_Toad,0.2510,586.9,2426.9,683.6,2552.1
/srv/shared_leopard_toad/2025/Documents/06.10-13.10.2025/6R/104MEDIA/DSCF0225.JPG,DSCF0225.JPG,6R/104MEDIA,0,Other_Amphibian,0.3884,1347.2,1237.8,1430.1,1352.1
/srv/shared_leopard_toad/2025/Documents/06.10-13.10.2025/6R/104MEDIA/DSCF0459.JPG,DSCF0459.JPG,6R/104MEDIA,0,Other_Amphibian,0.6650,4288.3,2629.4,4442.4,2813.2
/srv/shared_leopard_toad/2025/Documents/06.10-13.10.2025/6R/104MEDIA/DSCF0459.JPG,DSCF0459.JPG,6R/104MEDIA,2,Western_Leopard_Toad,0.4297,4288.3,2629.4,4442.4,2813.2
/srv/shared_leopard_toad/2025/Documents/06.10-13.10.2025/6R/104MEDIA/DSCF0620.JPG,DSCF0620.JPG,6R/104MEDIA,0,Other_Amphibian,0.4402,715.6,1031.6,854.1,1218.7
/srv/shared_leopard_toad/2025/Documents/06.10-13.10.2025/6R/104MEDIA/DSCF0620.JPG,DSCF0620.JPG,6R/104MEDIA,2,Western_Leopard_Toad,0.2622,715.6,1031.6,854.1,1218.7
/srv/shared_leopard_toad/2025/Documents/06.10-13.10.2025/6R/104MEDIA/DSCF0746.JPG,DSCF0746.JPG,6R/104MEDIA,0,Other_Amphibian,0.4751,489.2,2732.7,642.1,2860.5
/srv/shared_leopard_toad/2025/Documents/06.10-13.10.2025/6R/104MEDIA/DSCF0224.JPG,DSCF0224.JPG,6R/104MEDIA,0,Other_Amphibian,0.3992,1346.5,1241.7,1428.1,1351.1
/srv/shared_leopard_toad/2025/Documents/06.10-13.10.2025/6R/104MEDIA/DSCF0224.JPG,DSCF0224.JPG,6R/104MEDIA,0,Other_Amphibian,0.3140,583.5,2433.7,661.4,2551.1
/srv/shared_leopard_toad/2025/Documents/06.10-13.10.2025/6R/104MEDIA/DSCF0591.JPG,DSCF0591.JPG,6R/104MEDIA,0,Other_Amphibian,0.6753,2018.3,990.9,2187.0,1161.9
/srv/shared_leopard_toad/2025/Documents/06.10-13.10.2025/6R/104MEDIA/DSCF0591.JPG,DSCF0591.JPG,6R/104MEDIA,2,Western_Leopard_Toad,0.3411,2018.3,990.9,2187.0,1161.9
/srv/shared_leopard_toad/2025/Documents/06.10-13.10.2025/6R/104MEDIA/DSCF0591.JPG,DSCF0591.JPG,6R/104MEDIA,1,Small_Mammal,0.2429,2018.3,990.9,2187.0,1161.9
/srv/shared_leopard_toad/2025/Documents/06.10-13.10.2025/6R/104MEDIA/DSCF0016.JPG,DSCF0016.JPG,6R/104MEDIA,2,Western_Leopard_Toad,0.4290,335.9,390.3,492.9,528.1
/srv/shared_leopard_toad/2025/Documents/06.10-13.10.2025/6R/104MEDIA/DSCF0241.JPG,DSCF0241.JPG,6R/104MEDIA,0,Other_Amphibian,0.3796,590.0,2430.6,676.6,2554.3
/srv/shared_leopard_toad/2025/Documents/06.10-13.10.2025/6R/104MEDIA/DSCF0101.JPG,DSCF0101.JPG,6R/104MEDIA,2,Western_Leopard_Toad,0.8384,324.0,391.5,498.9,541.7
/srv/shared_leopard_toad/2025/Documents/06.10-13.10.2025/6R/104MEDIA/DSCF0105.JPG,DSCF0105.JPG,6R/104MEDIA,2,Western_Leopard_Toad,0.5469,319.9,387.5,498.4,557.5
/srv/shared_leopard_toad/2025/Documents/06.10-13.10.2025/6R/104MEDIA/DSCF0116.JPG,DSCF0116.JPG,6R/104MEDIA,0,Other_Amphibian,0.2205,1874.1,2.2,1987.2,77.5
/srv/shared_leopard_toad/2025/Documents/06.10-13.10.2025/6R/104MEDIA/DSCF0808.JPG,DSCF0808.JPG,6R/104MEDIA,0,Other_Amphibian,0.3376,668.2,629.2,762.4,716.7
/srv/shared_leopard_toad/2025/Documents/06.10-13.10.2025/6R/104MEDIA/DSCF0800.JPG,DSCF0800.JPG,6R/104MEDIA,0,Other_Amphibian,0.3745,670.7,628.5,765.2,718.1
/srv/shared_leopard_toad/2025/Documents/06.10-13.10.2025/6R/104MEDIA/DSCF0789.JPG,DSCF0789.JPG,6R/104MEDIA,0,Other_Amphibian,0.2490,670.0,628.3,761.9,715.4
/srv/shared_leopard_toad/2025/Documents/06.10-13.10.2025/6R/104MEDIA/DSCF0602.JPG,DSCF0602.JPG,6R/104MEDIA,0,Other_Amphibian,0.7124,714.9,1032.5,860.1,1226.7
/srv/shared_leopard_toad/2025/Documents/06.10-13.10.2025/6R/104MEDIA/DSCF0309.JPG,DSCF0309.JPG,6R/104MEDIA,0,Other_Amphibian,0.7705,2553.2,-1.8,2712.6,111.2
/srv/shared_leopard_toad/2025/Documents/06.10-13.10.2025/6R/104MEDIA/DSCF0309.JPG,DSCF0309.JPG,6R/104MEDIA,0,Other_Amphibian,0.2167,1660.1,2026.3,1731.4,2111.0
/srv/shared_leopard_toad/2025/Documents/06.10-13.10.2025/6R/104MEDIA/DSCF0611.JPG,DSCF0611.JPG,6R/104MEDIA,0,Other_Amphibian,0.7490,715.0,1030.0,853.5,1220.3
/srv/shared_leopard_toad/2025/Documents/06.10-13.10.2025/6R/104MEDIA/DSCF0460.JPG,DSCF0460.JPG,6R/104MEDIA,0,Other_Amphibian,0.2070,2513.3,1948.6,2631.7,2079.5
/srv/shared_leopard_toad/2025/Documents/06.10-13.10.2025/6R/104MEDIA/DSCF0855.JPG,DSCF0855.JPG,6R/104MEDIA,2,Western_Leopard_Toad,0.7803,3528.2,852.9,3711.5,1034.2
/srv/shared_leopard_toad/2025/Documents/06.10-13.10.2025/6R/104MEDIA/DSCF0855.JPG,DSCF0855.JPG,6R/104MEDIA,2,Western_Leopard_Toad,0.5962,3527.3,853.8,3712.4,1036.2
/srv/shared_leopard_toad/2025/Documents/06.10-13.10.2025/6R/104MEDIA/DSCF0318.JPG,DSCF0318.JPG,6R/104MEDIA,0,Other_Amphibian,0.2537,1653.7,2024.3,1729.9,2107.1
/srv/shared_leopard_toad/2025/Documents/06.10-13.10.2025/6R/104MEDIA/DSCF0493.JPG,DSCF0493.JPG,6R/104MEDIA,2,Western_Leopard_Toad,0.4531,1295.0,1191.8,1508.5,1353.8
/srv/shared_leopard_toad/2025/Documents/06.10-13.10.2025/6R/104MEDIA/DSCF0617.JPG,DSCF0617.JPG,6R/104MEDIA,0,Other_Amphibian,0.6357,717.7,1033.7,853.3,1219.5
/srv/shared_leopard_toad/2025/Documents/06.10-13.10.2025/6R/104MEDIA/DSCF0617.JPG,DSCF0617.JPG,6R/104MEDIA,2,Western_Leopard_Toad,0.3389,717.7,1033.7,853.3,1219.5
/srv/shared_leopard_toad/2025/Documents/06.10-13.10.2025/6R/104MEDIA/DSCF0235.JPG,DSCF0235.JPG,6R/104MEDIA,0,Other_Amphibian,0.2815,584.1,2428.9,673.3,2553.1
/srv/shared_leopard_toad/2025/Documents/06.10-13.10.2025/6R/104MEDIA/DSCF0328.JPG,DSCF0328.JPG,6R/104MEDIA,0,Other_Amphibian,0.2185,1654.1,2029.1,1726.9,2108.2
/srv/shared_leopard_toad/2025/Documents/06.10-13.10.2025/6R/104MEDIA/DSCF0202.JPG,DSCF0202.JPG,6R/104MEDIA,0,Other_Amphibian,0.6606,589.5,2431.8,679.1,2553.1
/srv/shared_leopard_toad/2025/Documents/06.10-13.10.2025/6R/104MEDIA/DSCF0202.JPG,DSCF0202.JPG,6R/104MEDIA,0,Other_Amphibian,0.2037,1344.6,1240.9,1424.7,1353.4
/srv/shared_leopard_toad/2025/Documents/06.10-13.10.2025/6R/104MEDIA/DSCF0595.JPG,DSCF0595.JPG,6R/104MEDIA,0,Other_Amphibian,0.7090,3651.9,626.2,3803.1,807.5
/srv/shared_leopard_toad/2025/Documents/06.10-13.10.2025/6R/104MEDIA/DSCF0595.JPG,DSCF0595.JPG,6R/104MEDIA,2,Western_Leopard_Toad,0.6826,2015.6,994.7,2181.8,1171.4
/srv/shared_leopard_toad/2025/Documents/06.10-13.10.2025/6R/104MEDIA/DSCF0595.JPG,DSCF0595.JPG,6R/104MEDIA,0,Other_Amphibian,0.6680,2015.6,994.7,2181.8,1171.4
/srv/shared_leopard_toad/2025/Documents/06.10-13.10.2025/6R/104MEDIA/DSCF0595.JPG,DSCF0595.JPG,6R/104MEDIA,2,Western_Leopard_Toad,0.3452,3651.9,626.2,3803.1,807.5
/srv/shared_leopard_toad/2025/Documents/06.10-13.10.2025/6R/104MEDIA/DSCF0595.JPG,DSCF0595.JPG,6R/104MEDIA,1,Small_Mammal,0.3252,2015.6,994.7,2181.8,1171.4
/srv/shared_leopard_toad/2025/Documents/06.10-13.10.2025/6R/104MEDIA/DSCF0310.JPG,DSCF0310.JPG,6R/104MEDIA,0,Other_Amphibian,0.6089,2546.5,-1.7,2714.0,111.3
/srv/shared_leopard_toad/2025/Documents/06.10-13.10.2025/6R/104MEDIA/DSCF0317.JPG,DSCF0317.JPG,6R/104MEDIA,0,Other_Amphibian,0.4714,2545.3,-1.2,2720.5,113.8
/srv/shared_leopard_toad/2025/Documents/06.10-13.10.2025/6R/104MEDIA/DSCF0317.JPG,DSCF0317.JPG,6R/104MEDIA,0,Other_Amphibian,0.3528,1655.0,2023.6,1731.2,2107.8
/srv/shared_leopard_toad/2025/Documents/06.10-13.10.2025/6R/104MEDIA/DSCF0210.JPG,DSCF0210.JPG,6R/104MEDIA,0,Other_Amphibian,0.3643,1348.1,1236.7,1429.1,1351.7
/srv/shared_leopard_toad/2025/Documents/06.10-13.10.2025/6R/104MEDIA/DSCF0234.JPG,DSCF0234.JPG,6R/104MEDIA,0,Other_Amphibian,0.2089,579.9,2427.3,670.9,2554.6
/srv/shared_leopard_toad/2025/Documents/06.10-13.10.2025/6R/104MEDIA/DSCF0860.JPG,DSCF0860.JPG,6R/104MEDIA,2,Western_Leopard_Toad,0.5879,3528.0,853.6,3711.8,1034.9
/srv/shared_leopard_toad/2025/Documents/06.10-13.10.2025/6R/104MEDIA/DSCF0465.JPG,DSCF0465.JPG,6R/104MEDIA,2,Western_Leopard_Toad,0.9629,4362.6,2064.8,4730.4,2361.9
/srv/shared_leopard_toad/2025/Documents/06.10-13.10.2025/6R/104MEDIA/DSCF0604.JPG,DSCF0604.JPG,6R/104MEDIA,0,Other_Amphibian,0.7476,718.9,1028.6,856.1,1220.2
/srv/shared_leopard_toad/2025/Documents/06.10-13.10.2025/6R/104MEDIA/DSCF0604.JPG,DSCF0604.JPG,6R/104MEDIA,2,Western_Leopard_Toad,0.2732,718.9,1028.6,856.1,1220.2
/srv/shared_leopard_toad/2025/Documents/06.10-13.10.2025/6R/104MEDIA/DSCF0270.JPG,DSCF0270.JPG,6R/104MEDIA,0,Other_Amphibian,0.3171,2559.4,2.9,2682.7,111.9
/srv/shared_leopard_toad/2025/Documents/06.10-13.10.2025/6R/104MEDIA/DSCF0270.JPG,DSCF0270.JPG,6R/104MEDIA,0,Other_Amphibian,0.2573,3491.2,699.0,3596.3,799.7
/srv/shared_leopard_toad/2025/Documents/06.10-13.10.2025/6R/104MEDIA/DSCF0090.JPG,DSCF0090.JPG,6R/104MEDIA,2,Western_Leopard_Toad,0.4695,332.3,387.8,493.9,537.2
/srv/shared_leopard_toad/2025/Documents/06.10-13.10.2025/6R/104MEDIA/DSCF0450.JPG,DSCF0450.JPG,6R/104MEDIA,2,Western_Leopard_Toad,0.9609,3080.8,2637.5,3387.2,2861.2
/srv/shared_leopard_toad/2025/Documents/06.10-13.10.2025/6R/104MEDIA/DSCF0677.JPG,DSCF0677.JPG,6R/104MEDIA,2,Western_Leopard_Toad,0.2612,2536.1,1.1,2734.9,100.4
/srv/shared_leopard_toad/2025/Documents/06.10-13.10.2025/6R/104MEDIA/DSCF0444.JPG,DSCF0444.JPG,6R/104MEDIA,2,Western_Leopard_Toad,0.9634,3097.3,2437.4,3407.5,2854.6
/srv/shared_leopard_toad/2025/Documents/06.10-13.10.2025/6R/104MEDIA/DSCF0638.JPG,DSCF0638.JPG,6R/104MEDIA,2,Western_Leopard_Toad,0.3821,2538.4,-2.4,2737.9,95.7
/srv/shared_leopard_toad/2025/Documents/06.10-13.10.2025/6R/104MEDIA/DSCF0638.JPG,DSCF0638.JPG,6R/104MEDIA,2,Western_Leopard_Toad,0.3101,554.3,241.5,696.5,361.3
/srv/shared_leopard_toad/2025/Documents/06.10-13.10.2025/6R/104MEDIA/DSCF0638.JPG,DSCF0638.JPG,6R/104MEDIA,0,Other_Amphibian,0.2708,554.3,241.5,696.5,361.3
/srv/shared_leopard_toad/2025/Documents/06.10-13.10.2025/6R/104MEDIA/DSCF0322.JPG,DSCF0322.JPG,6R/104MEDIA,0,Other_Amphibian,0.4836,2541.7,-0.5,2718.8,111.8
/srv/shared_leopard_toad/2025/Documents/06.10-13.10.2025/6R/104MEDIA/DSCF0322.JPG,DSCF0322.JPG,6R/104MEDIA,0,Other_Amphibian,0.2983,2528.2,0.5,2706.0,112.1
/srv/shared_leopard_toad/2025/Documents/06.10-13.10.2025/6R/104MEDIA/DSCF0138.JPG,DSCF0138.JPG,6R/104MEDIA,0,Other_Amphibian,0.2142,1414.0,1105.6,1489.3,1194.9
/srv/shared_leopard_toad/2025/Documents/06.10-13.10.2025/6R/104MEDIA/DSCF0014.JPG,DSCF0014.JPG,6R/104MEDIA,2,Western_Leopard_Toad,0.5664,336.6,388.2,496.9,536.2
/srv/shared_leopard_toad/2025/Documents/06.10-13.10.2025/6R/104MEDIA/DSCF0836.JPG,DSCF0836.JPG,6R/104MEDIA,2,Western_Leopard_Toad,0.3032,2541.9,2.1,2729.1,97.9
/srv/shared_leopard_toad/2025/Documents/06.10-13.10.2025/6R/104MEDIA/DSCF0200.JPG,DSCF0200.JPG,6R/104MEDIA,0,Other_Amphibian,0.4683,587.9,2430.1,676.1,2554.8
/srv/shared_leopard_toad/2025/Documents/06.10-13.10.2025/6R/104MEDIA/DSCF0744.JPG,DSCF0744.JPG,6R/104MEDIA,0,Other_Amphibian,0.2148,669.2,630.1,758.8,716.5
/srv/shared_leopard_toad/2025/Documents/06.10-13.10.2025/6R/104MEDIA/DSCF0009.JPG,DSCF0009.JPG,6R/104MEDIA,2,Western_Leopard_Toad,0.4407,337.8,385.3,495.7,536.1
/srv/shared_leopard_toad/2025/Documents/06.10-13.10.2025/6R/104MEDIA/DSCF0950.JPG,DSCF0950.JPG,6R/104MEDIA,2,Western_Leopard_Toad,0.8120,4164.8,229.5,4308.7,398.0
/srv/shared_leopard_toad/2025/Documents/06.10-13.10.2025/6R/104MEDIA/DSCF0950.JPG,DSCF0950.JPG,6R/104MEDIA,0,Other_Amphibian,0.5659,4164.8,229.5,4308.7,398.0
/srv/shared_leopard_toad/2025/Documents/06.10-13.10.2025/6R/104MEDIA/DSCF0447.JPG,DSCF0447.JPG,6R/104MEDIA,2,Western_Leopard_Toad,0.9604,3071.3,2635.8,3386.2,2859.9
/srv/shared_leopard_toad/2025/Documents/06.10-13.10.2025/6R/104MEDIA/DSCF0140.JPG,DSCF0140.JPG,6R/104MEDIA,0,Other_Amphibian,0.3633,1411.2,1103.9,1484.2,1196.6
/srv/shared_leopard_toad/2025/Documents/06.10-13.10.2025/6R/104MEDIA/DSCF0140.JPG,DSCF0140.JPG,6R/104MEDIA,0,Other_Amphibian,0.2460,1410.0,1105.9,1482.8,1197.6
/srv/shared_leopard_toad/2025/Documents/06.10-13.10.2025/6R/104MEDIA/DSCF0717.JPG,DSCF0717.JPG,6R/104MEDIA,2,Western_Leopard_Toad,0.2671,2544.1,1.3,2719.0,98.2
/srv/shared_leopard_toad/2025/Documents/06.10-13.10.2025/6R/104MEDIA/DSCF0201.JPG,DSCF0201.JPG,6R/104MEDIA,0,Other_Amphibian,0.5195,590.9,2432.6,682.2,2552.2
/srv/shared_leopard_toad/2025/Documents/06.10-13.10.2025/6R/104MEDIA/DSCF0762.JPG,DSCF0762.JPG,6R/104MEDIA,0,Other_Amphibian,0.3115,668.1,626.2,762.6,714.5
/srv/shared_leopard_toad/2025/Documents/06.10-13.10.2025/6R/102MEDIA/DSCF0135.JPG,DSCF0135.JPG,6R/102MEDIA,0,Other_Amphibian,0.7183,3366.3,65.6,3500.7,220.1
/srv/shared_leopard_toad/2025/Documents/06.10-13.10.2025/6R/102MEDIA/DSCF0135.JPG,DSCF0135.JPG,6R/102MEDIA,2,Western_Leopard_Toad,0.6743,3366.3,65.6,3500.7,220.1
/srv/shared_leopard_toad/2025/Documents/06.10-13.10.2025/6R/102MEDIA/DSCF0135.JPG,DSCF0135.JPG,6R/102MEDIA,0,Other_Amphibian,0.2910,2556.7,2312.2,2685.5,2448.3
/srv/shared_leopard_toad/2025/Documents/06.10-13.10.2025/6R/102MEDIA/DSCF0993.JPG,DSCF0993.JPG,6R/102MEDIA,0,Other_Amphibian,0.2986,2594.9,280.3,2686.6,398.2
/srv/shared_leopard_toad/2025/Documents/06.10-13.10.2025/6R/102MEDIA/DSCF0358.JPG,DSCF0358.JPG,6R/102MEDIA,0,Other_Amphibian,0.2292,3747.2,-1.0,3975.6,96.1
/srv/shared_leopard_toad/2025/Documents/06.10-13.10.2025/6R/102MEDIA/DSCF0012.JPG,DSCF0012.JPG,6R/102MEDIA,0,Other_Amphibian,0.5488,2557.5,2309.9,2687.3,2447.6
/srv/shared_leopard_toad/2025/Documents/06.10-13.10.2025/6R/102MEDIA/DSCF0541.JPG,DSCF0541.JPG,6R/102MEDIA,2,Western_Leopard_Toad,0.2810,3745.9,-0.4,3976.9,102.7
/srv/shared_leopard_toad/2025/Documents/06.10-13.10.2025/6R/102MEDIA/DSCF0541.JPG,DSCF0541.JPG,6R/102MEDIA,0,Other_Amphibian,0.2311,3745.9,-0.4,3976.9,102.7
/srv/shared_leopard_toad/2025/Documents/06.10-13.10.2025/6R/102MEDIA/DSCF0443.JPG,DSCF0443.JPG,6R/102MEDIA,2,Western_Leopard_Toad,0.3020,3740.9,-0.8,3976.6,100.4
/srv/shared_leopard_toad/2025/Documents/06.10-13.10.2025/6R/102MEDIA/DSCF0443.JPG,DSCF0443.JPG,6R/102MEDIA,0,Other_Amphibian,0.2247,3740.9,-0.8,3976.6,100.4
/srv/shared_leopard_toad/2025/Documents/06.10-13.10.2025/6R/102MEDIA/DSCF0215.JPG,DSCF0215.JPG,6R/102MEDIA,0,Other_Amphibian,0.5107,2556.9,2309.9,2685.2,2447.6
/srv/shared_leopard_toad/2025/Documents/06.10-13.10.2025/6R/102MEDIA/DSCF0173.JPG,DSCF0173.JPG,6R/102MEDIA,0,Other_Amphibian,0.3630,2558.0,2312.0,2686.8,2448.4
/srv/shared_leopard_toad/2025/Documents/06.10-13.10.2025/6R/102MEDIA/DSCF0279.JPG,DSCF0279.JPG,6R/102MEDIA,0,Other_Amphibian,0.4744,2557.4,2314.4,2682.1,2449.0
/srv/shared_leopard_toad/2025/Documents/06.10-13.10.2025/6R/102MEDIA/DSCF0455.JPG,DSCF0455.JPG,6R/102MEDIA,2,Western_Leopard_Toad,0.2800,3743.5,-1.3,3979.3,95.3
/srv/shared_leopard_toad/2025/Documents/06.10-13.10.2025/6R/102MEDIA/DSCF0455.JPG,DSCF0455.JPG,6R/102MEDIA,0,Other_Amphibian,0.2150,652.4,2726.0,770.4,2861.3
/srv/shared_leopard_toad/2025/Documents/06.10-13.10.2025/6R/102MEDIA/DSCF0001.JPG,DSCF0001.JPG,6R/102MEDIA,0,Other_Amphibian,0.6167,2558.9,2312.2,2685.8,2448.3
/srv/shared_leopard_toad/2025/Documents/06.10-13.10.2025/6R/102MEDIA/DSCF0407.JPG,DSCF0407.JPG,6R/102MEDIA,0,Other_Amphibian,0.3652,698.2,2658.6,833.5,2822.4
/srv/shared_leopard_toad/2025/Documents/06.10-13.10.2025/6R/102MEDIA/DSCF0774.JPG,DSCF0774.JPG,6R/102MEDIA,0,Other_Amphibian,0.2607,3498.6,672.1,3620.4,790.4
/srv/shared_leopard_toad/2025/Documents/06.10-13.10.2025/6R/102MEDIA/DSCF0298.JPG,DSCF0298.JPG,6R/102MEDIA,0,Other_Amphibian,0.5303,2557.4,2313.5,2682.1,2446.9
/srv/shared_leopard_toad/2025/Documents/06.10-13.10.2025/6R/102MEDIA/DSCF0784.JPG,DSCF0784.JPG,6R/102MEDIA,0,Other_Amphibian,0.2500,3498.0,669.8,3621.0,792.8
/srv/shared_leopard_toad/2025/Documents/06.10-13.10.2025/6R/102MEDIA/DSCF0417.JPG,DSCF0417.JPG,6R/102MEDIA,2,Western_Leopard_Toad,0.2864,3741.7,-0.6,3981.1,95.0
/srv/shared_leopard_toad/2025/Documents/06.10-13.10.2025/6R/102MEDIA/DSCF0417.JPG,DSCF0417.JPG,6R/102MEDIA,0,Other_Amphibian,0.2578,3741.7,-0.6,3981.1,95.0
/srv/shared_leopard_toad/2025/Documents/06.10-13.10.2025/6R/102MEDIA/DSCF0141.JPG,DSCF0141.JPG,6R/102MEDIA,0,Other_Amphibian,0.2637,2557.4,2312.2,2684.8,2448.3
/srv/shared_leopard_toad/2025/Documents/06.10-13.10.2025/6R/102MEDIA/DSCF0543.JPG,DSCF0543.JPG,6R/102MEDIA,2,Western_Leopard_Toad,0.8823,880.4,626.4,1045.0,788.2
/srv/shared_leopard_toad/2025/Documents/06.10-13.10.2025/6R/102MEDIA/DSCF0107.JPG,DSCF0107.JPG,6R/102MEDIA,0,Other_Amphibian,0.5991,2556.4,2313.2,2685.7,2447.3
/srv/shared_leopard_toad/2025/Documents/06.10-13.10.2025/6R/102MEDIA/DSCF0282.JPG,DSCF0282.JPG,6R/102MEDIA,0,Other_Amphibian,0.6499,2557.9,2312.2,2684.3,2448.3
/srv/shared_leopard_toad/2025/Documents/06.10-13.10.2025/6R/102MEDIA/DSCF0765.JPG,DSCF0765.JPG,6R/102MEDIA,0,Other_Amphibian,0.3445,3497.5,672.1,3621.5,792.6
/srv/shared_leopard_toad/2025/Documents/06.10-13.10.2025/6R/102MEDIA/DSCF0221.JPG,DSCF0221.JPG,6R/102MEDIA,2,Western_Leopard_Toad,0.9487,2856.8,2552.4,3049.4,2716.0
/srv/shared_leopard_toad/2025/Documents/06.10-13.10.2025/6R/102MEDIA/DSCF0221.JPG,DSCF0221.JPG,6R/102MEDIA,0,Other_Amphibian,0.4700,2557.0,2311.0,2682.5,2449.4
/srv/shared_leopard_toad/2025/Documents/06.10-13.10.2025/6R/102MEDIA/DSCF0221.JPG,DSCF0221.JPG,6R/102MEDIA,0,Other_Amphibian,0.2559,2856.8,2552.4,3049.4,2716.0
/srv/shared_leopard_toad/2025/Documents/06.10-13.10.2025/6R/102MEDIA/DSCF0311.JPG,DSCF0311.JPG,6R/102MEDIA,0,Other_Amphibian,0.9302,3377.6,2245.7,3583.9,2417.3
/srv/shared_leopard_toad/2025/Documents/06.10-13.10.2025/6R/102MEDIA/DSCF0187.JPG,DSCF0187.JPG,6R/102MEDIA,0,Other_Amphibian,0.3806,2557.4,2310.4,2684.8,2447.1
/srv/shared_leopard_toad/2025/Documents/06.10-13.10.2025/6R/102MEDIA/DSCF0061.JPG,DSCF0061.JPG,6R/102MEDIA,0,Other_Amphibian,0.3684,2557.9,2314.9,2684.3,2448.5
/srv/shared_leopard_toad/2025/Documents/06.10-13.10.2025/6R/102MEDIA/DSCF0061.JPG,DSCF0061.JPG,6R/102MEDIA,0,Other_Amphibian,0.2340,2556.9,2313.0,2682.6,2447.4
/srv/shared_leopard_toad/2025/Documents/06.10-13.10.2025/6R/102MEDIA/DSCF0980.JPG,DSCF0980.JPG,6R/102MEDIA,0,Other_Amphibian,0.3345,2597.0,283.5,2684.5,395.0
/srv/shared_leopard_toad/2025/Documents/06.10-13.10.2025/6R/102MEDIA/DSCF0679.JPG,DSCF0679.JPG,6R/102MEDIA,0,Other_Amphibian,0.2001,3711.6,-0.0,3979.7,99.6
/srv/shared_leopard_toad/2025/Documents/06.10-13.10.2025/6R/102MEDIA/DSCF0193.JPG,DSCF0193.JPG,6R/102MEDIA,0,Other_Amphibian,0.3188,2558.0,2312.3,2684.1,2448.1
/srv/shared_leopard_toad/2025/Documents/06.10-13.10.2025/6R/102MEDIA/DSCF0623.JPG,DSCF0623.JPG,6R/102MEDIA,2,Western_Leopard_Toad,0.2922,3745.9,-0.7,3976.9,97.3
/srv/shared_leopard_toad/2025/Documents/06.10-13.10.2025/6R/102MEDIA/DSCF0623.JPG,DSCF0623.JPG,6R/102MEDIA,0,Other_Amphibian,0.2639,3745.9,-0.7,3976.9,97.3
/srv/shared_leopard_toad/2025/Documents/06.10-13.10.2025/6R/102MEDIA/DSCF0734.JPG,DSCF0734.JPG,6R/102MEDIA,0,Other_Amphibian,0.2335,1897.5,3.9,1995.3,77.3
/srv/shared_leopard_toad/2025/Documents/06.10-13.10.2025/6R/102MEDIA/DSCF0777.JPG,DSCF0777.JPG,6R/102MEDIA,0,Other_Amphibian,0.2362,3498.7,670.4,3620.3,794.3
/srv/shared_leopard_toad/2025/Documents/06.10-13.10.2025/6R/102MEDIA/DSCF0273.JPG,DSCF0273.JPG,6R/102MEDIA,0,Other_Amphibian,0.4504,2557.0,2313.5,2682.5,2446.9
/srv/shared_leopard_toad/2025/Documents/06.10-13.10.2025/6R/102MEDIA/DSCF0038.JPG,DSCF0038.JPG,6R/102MEDIA,0,Other_Amphibian,0.6729,2556.7,2311.9,2685.5,2448.6
/srv/shared_leopard_toad/2025/Documents/06.10-13.10.2025/6R/102MEDIA/DSCF0089.JPG,DSCF0089.JPG,6R/102MEDIA,0,Other_Amphibian,0.4585,2556.5,2312.4,2685.6,2448.0
/srv/shared_leopard_toad/2025/Documents/06.10-13.10.2025/6R/102MEDIA/DSCF0827.JPG,DSCF0827.JPG,6R/102MEDIA,0,Other_Amphibian,0.2098,157.4,1232.8,241.6,1306.9
/srv/shared_leopard_toad/2025/Documents/06.10-13.10.2025/6R/102MEDIA/DSCF0560.JPG,DSCF0560.JPG,6R/102MEDIA,0,Other_Amphibian,0.2048,3709.3,0.8,3982.0,100.7
/srv/shared_leopard_toad/2025/Documents/06.10-13.10.2025/6R/102MEDIA/DSCF0164.JPG,DSCF0164.JPG,6R/102MEDIA,0,Other_Amphibian,0.2671,2557.0,2311.5,2685.1,2448.9
/srv/shared_leopard_toad/2025/Documents/06.10-13.10.2025/6R/102MEDIA/DSCF0461.JPG,DSCF0461.JPG,6R/102MEDIA,0,Other_Amphibian,0.2900,682.7,2754.1,818.8,2862.8
/srv/shared_leopard_toad/2025/Documents/06.10-13.10.2025/6R/102MEDIA/DSCF0458.JPG,DSCF0458.JPG,6R/102MEDIA,2,Western_Leopard_Toad,0.8721,3558.4,1479.8,3744.4,1709.6
/srv/shared_leopard_toad/2025/Documents/06.10-13.10.2025/6R/102MEDIA/DSCF0458.JPG,DSCF0458.JPG,6R/102MEDIA,0,Other_Amphibian,0.5732,3558.4,1479.8,3744.4,1709.6
/srv/shared_leopard_toad/2025/Documents/06.10-13.10.2025/6R/102MEDIA/DSCF0194.JPG,DSCF0194.JPG,6R/102MEDIA,0,Other_Amphibian,0.5859,2556.3,2309.9,2685.8,2447.6
/srv/shared_leopard_toad/2025/Documents/06.10-13.10.2025/6R/102MEDIA/DSCF0501.JPG,DSCF0501.JPG,6R/102MEDIA,0,Other_Amphibian,0.2179,3738.7,-0.2,3978.8,98.0
/srv/shared_leopard_toad/2025/Documents/06.10-13.10.2025/6R/102MEDIA/DSCF0233.JPG,DSCF0233.JPG,6R/102MEDIA,0,Other_Amphibian,0.7622,2557.7,2309.9,2684.4,2447.6
/srv/shared_leopard_toad/2025/Documents/06.10-13.10.2025/6R/102MEDIA/DSCF0553.JPG,DSCF0553.JPG,6R/102MEDIA,2,Western_Leopard_Toad,0.2732,3730.5,-1.0,3981.7,95.4
/srv/shared_leopard_toad/2025/Documents/06.10-13.10.2025/6R/102MEDIA/DSCF0553.JPG,DSCF0553.JPG,6R/102MEDIA,0,Other_Amphibian,0.2012,3730.5,-1.0,3981.7,95.4
/srv/shared_leopard_toad/2025/Documents/06.10-13.10.2025/6R/102MEDIA/DSCF0077.JPG,DSCF0077.JPG,6R/102MEDIA,0,Other_Amphibian,0.4260,2557.0,2312.7,2685.1,2447.8
/srv/shared_leopard_toad/2025/Documents/06.10-13.10.2025/6R/102MEDIA/DSCF0185.JPG,DSCF0185.JPG,6R/102MEDIA,0,Other_Amphibian,0.3315,2557.4,2312.2,2684.8,2448.3
/srv/shared_leopard_toad/2025/Documents/06.10-13.10.2025/6R/102MEDIA/DSCF0539.JPG,DSCF0539.JPG,6R/102MEDIA,2,Western_Leopard_Toad,0.4590,3721.5,1.2,3980.2,101.2
/srv/shared_leopard_toad/2025/Documents/06.10-13.10.2025/6R/102MEDIA/DSCF0539.JPG,DSCF0539.JPG,6R/102MEDIA,0,Other_Amphibian,0.2883,3721.5,1.2,3980.2,101.2
/srv/shared_leopard_toad/2025/Documents/06.10-13.10.2025/6R/102MEDIA/DSCF0051.JPG,DSCF0051.JPG,6R/102MEDIA,0,Other_Amphibian,0.5840,2559.7,2310.7,2687.7,2446.8
/srv/shared_leopard_toad/2025/Documents/06.10-13.10.2025/6R/102MEDIA/DSCF0286.JPG,DSCF0286.JPG,6R/102MEDIA,0,Other_Amphibian,0.6357,2557.0,2314.7,2682.5,2448.6
/srv/shared_leopard_toad/2025/Documents/06.10-13.10.2025/6R/102MEDIA/DSCF0292.JPG,DSCF0292.JPG,6R/102MEDIA,0,Other_Amphibian,0.4092,2557.7,2312.7,2681.8,2447.8
/srv/shared_leopard_toad/2025/Documents/06.10-13.10.2025/6R/102MEDIA/DSCF0834.JPG,DSCF0834.JPG,6R/102MEDIA,0,Other_Amphibian,0.2607,159.3,1234.1,243.6,1305.6
/srv/shared_leopard_toad/2025/Documents/06.10-13.10.2025/6R/102MEDIA/DSCF0792.JPG,DSCF0792.JPG,6R/102MEDIA,0,Other_Amphibian,0.5781,2555.3,2371.8,2676.3,2477.3
/srv/shared_leopard_toad/2025/Documents/06.10-13.10.2025/6R/102MEDIA/DSCF0304.JPG,DSCF0304.JPG,6R/102MEDIA,0,Other_Amphibian,0.5361,2558.6,2313.5,2683.5,2446.9
/srv/shared_leopard_toad/2025/Documents/06.10-13.10.2025/6R/102MEDIA/DSCF0266.JPG,DSCF0266.JPG,6R/102MEDIA,0,Other_Amphibian,0.4260,2556.1,2312.0,2683.4,2448.4
/srv/shared_leopard_toad/2025/Documents/06.10-13.10.2025/6R/102MEDIA/DSCF0003.JPG,DSCF0003.JPG,6R/102MEDIA,0,Other_Amphibian,0.6025,2557.4,2312.7,2687.4,2447.8
/srv/shared_leopard_toad/2025/Documents/06.10-13.10.2025/6R/102MEDIA/DSCF0207.JPG,DSCF0207.JPG,6R/102MEDIA,0,Other_Amphibian,0.3186,2557.6,2312.0,2684.5,2448.4
/srv/shared_leopard_toad/2025/Documents/06.10-13.10.2025/6R/102MEDIA/DSCF0780.JPG,DSCF0780.JPG,6R/102MEDIA,0,Other_Amphibian,0.2108,3499.0,672.6,3620.0,793.6
/srv/shared_leopard_toad/2025/Documents/06.10-13.10.2025/6R/102MEDIA/DSCF0986.JPG,DSCF0986.JPG,6R/102MEDIA,0,Other_Amphibian,0.2013,2597.0,281.5,2689.7,405.5
/srv/shared_leopard_toad/2025/Documents/06.10-13.10.2025/6R/102MEDIA/DSCF0981.JPG,DSCF0981.JPG,6R/102MEDIA,0,Other_Amphibian,0.5151,2597.8,281.7,2683.7,391.2
/srv/shared_leopard_toad/2025/Documents/06.10-13.10.2025/6R/102MEDIA/DSCF0817.JPG,DSCF0817.JPG,6R/102MEDIA,0,Other_Amphibian,0.2101,157.6,1231.4,237.1,1296.5
/srv/shared_leopard_toad/2025/Documents/06.10-13.10.2025/6R/102MEDIA/DSCF0353.JPG,DSCF0353.JPG,6R/102MEDIA,0,Other_Amphibian,0.2034,3431.4,920.2,3608.9,1090.9
/srv/shared_leopard_toad/2025/Documents/06.10-13.10.2025/6R/102MEDIA/DSCF0713.JPG,DSCF0713.JPG,6R/102MEDIA,0,Other_Amphibian,0.2805,1891.6,3.2,2001.3,81.8
/srv/shared_leopard_toad/2025/Documents/06.10-13.10.2025/6R/102MEDIA/DSCF0713.JPG,DSCF0713.JPG,6R/102MEDIA,0,Other_Amphibian,0.2095,1890.4,3.7,2002.5,81.6
/srv/shared_leopard_toad/2025/Documents/06.10-13.10.2025/6R/102MEDIA/DSCF0067.JPG,DSCF0067.JPG,6R/102MEDIA,0,Other_Amphibian,0.5308,2555.9,2312.8,2686.2,2447.6
/srv/shared_leopard_toad/2025/Documents/06.10-13.10.2025/6R/102MEDIA/DSCF0251.JPG,DSCF0251.JPG,6R/102MEDIA,0,Other_Amphibian,0.7725,2557.3,2310.2,2684.8,2450.2
/srv/shared_leopard_toad/2025/Documents/06.10-13.10.2025/6R/102MEDIA/DSCF0250.JPG,DSCF0250.JPG,6R/102MEDIA,0,Other_Amphibian,0.9170,3894.4,747.5,4080.4,906.3
/srv/shared_leopard_toad/2025/Documents/06.10-13.10.2025/6R/102MEDIA/DSCF0250.JPG,DSCF0250.JPG,6R/102MEDIA,0,Other_Amphibian,0.6880,2557.7,2310.3,2684.4,2447.2
/srv/shared_leopard_toad/2025/Documents/06.10-13.10.2025/6R/102MEDIA/DSCF0250.JPG,DSCF0250.JPG,6R/102MEDIA,2,Western_Leopard_Toad,0.3401,3894.4,747.5,4080.4,906.3
/srv/shared_leopard_toad/2025/Documents/06.10-13.10.2025/6R/102MEDIA/DSCF0305.JPG,DSCF0305.JPG,6R/102MEDIA,0,Other_Amphibian,0.4912,2557.4,2314.3,2682.1,2449.1
/srv/shared_leopard_toad/2025/Documents/06.10-13.10.2025/6R/102MEDIA/DSCF0938.JPG,DSCF0938.JPG,6R/102MEDIA,0,Other_Amphibian,0.2263,2597.8,284.3,2683.7,388.6
/srv/shared_leopard_toad/2025/Documents/06.10-13.10.2025/6R/102MEDIA/DSCF0033.JPG,DSCF0033.JPG,6R/102MEDIA,0,Other_Amphibian,0.3030,2560.0,2310.7,2684.7,2446.8
/srv/shared_leopard_toad/2025/Documents/06.10-13.10.2025/6R/102MEDIA/DSCF0033.JPG,DSCF0033.JPG,6R/102MEDIA,0,Other_Amphibian,0.2100,2559.9,2312.0,2684.8,2448.4
/srv/shared_leopard_toad/2025/Documents/06.10-13.10.2025/6R/102MEDIA/DSCF0168.JPG,DSCF0168.JPG,6R/102MEDIA,0,Other_Amphibian,0.3354,2558.5,2311.5,2686.3,2448.9
/srv/shared_leopard_toad/2025/Documents/06.10-13.10.2025/6R/102MEDIA/DSCF0676.JPG,DSCF0676.JPG,6R/102MEDIA,0,Other_Amphibian,0.3213,3740.5,0.2,3977.0,98.6
/srv/shared_leopard_toad/2025/Documents/06.10-13.10.2025/6R/102MEDIA/DSCF0676.JPG,DSCF0676.JPG,6R/102MEDIA,2,Western_Leopard_Toad,0.2896,3740.5,0.2,3977.0,98.6
/srv/shared_leopard_toad/2025/Documents/06.10-13.10.2025/6R/102MEDIA/DSCF0700.JPG,DSCF0700.JPG,6R/102MEDIA,0,Other_Amphibian,0.2202,1887.5,3.2,2002.8,84.2
/srv/shared_leopard_toad/2025/Documents/06.10-13.10.2025/6R/102MEDIA/DSCF0700.JPG,DSCF0700.JPG,6R/102MEDIA,0,Other_Amphibian,0.2053,1883.1,-9.6,2009.8,71.8
/srv/shared_leopard_toad/2025/Documents/06.10-13.10.2025/6R/102MEDIA/DSCF0230.JPG,DSCF0230.JPG,6R/102MEDIA,0,Other_Amphibian,0.7368,2557.6,2309.8,2684.5,2447.7
/srv/shared_leopard_toad/2025/Documents/06.10-13.10.2025/6R/102MEDIA/DSCF0007.JPG,DSCF0007.JPG,6R/102MEDIA,0,Other_Amphibian,0.5962,2556.2,2309.8,2685.9,2447.7
/srv/shared_leopard_toad/2025/Documents/06.10-13.10.2025/6R/102MEDIA/DSCF0139.JPG,DSCF0139.JPG,6R/102MEDIA,0,Other_Amphibian,0.3755,2558.1,2311.7,2686.6,2448.8
/srv/shared_leopard_toad/2025/Documents/06.10-13.10.2025/6R/102MEDIA/DSCF0256.JPG,DSCF0256.JPG,6R/102MEDIA,0,Other_Amphibian,0.6357,2559.3,2311.3,2685.5,2449.2
/srv/shared_leopard_toad/2025/Documents/06.10-13.10.2025/6R/102MEDIA/DSCF0524.JPG,DSCF0524.JPG,6R/102MEDIA,2,Western_Leopard_Toad,0.3098,3743.2,-0.2,3979.5,101.0
/srv/shared_leopard_toad/2025/Documents/06.10-13.10.2025/6R/102MEDIA/DSCF0524.JPG,DSCF0524.JPG,6R/102MEDIA,0,Other_Amphibian,0.2280,3743.2,-0.2,3979.5,101.0
/srv/shared_leopard_toad/2025/Documents/06.10-13.10.2025/6R/102MEDIA/DSCF0044.JPG,DSCF0044.JPG,6R/102MEDIA,0,Other_Amphibian,0.4702,2558.7,2312.5,2686.1,2447.9
/srv/shared_leopard_toad/2025/Documents/06.10-13.10.2025/6R/102MEDIA/DSCF0044.JPG,DSCF0044.JPG,6R/102MEDIA,0,Other_Amphibian,0.2507,2558.0,2312.5,2684.1,2447.9
/srv/shared_leopard_toad/2025/Documents/06.10-13.10.2025/6R/102MEDIA/DSCF0730.JPG,DSCF0730.JPG,6R/102MEDIA,0,Other_Amphibian,0.3689,1896.8,4.5,1996.1,80.5
/srv/shared_leopard_toad/2025/Documents/06.10-13.10.2025/6R/102MEDIA/DSCF0581.JPG,DSCF0581.JPG,6R/102MEDIA,2,Western_Leopard_Toad,0.3164,3734.0,-0.0,3978.3,98.9
/srv/shared_leopard_toad/2025/Documents/06.10-13.10.2025/6R/102MEDIA/DSCF0581.JPG,DSCF0581.JPG,6R/102MEDIA,0,Other_Amphibian,0.2224,3734.0,-0.0,3978.3,98.9
/srv/shared_leopard_toad/2025/Documents/06.10-13.10.2025/6R/102MEDIA/DSCF0026.JPG,DSCF0026.JPG,6R/102MEDIA,0,Other_Amphibian,0.5767,2558.0,2312.4,2684.1,2448.0
/srv/shared_leopard_toad/2025/Documents/06.10-13.10.2025/6R/102MEDIA/DSCF0026.JPG,DSCF0026.JPG,6R/102MEDIA,0,Other_Amphibian,0.3062,2558.2,2312.2,2683.9,2448.3
/srv/shared_leopard_toad/2025/Documents/06.10-13.10.2025/6R/102MEDIA/DSCF0409.JPG,DSCF0409.JPG,6R/102MEDIA,0,Other_Amphibian,0.3101,3758.3,-0.6,3975.0,95.4
/srv/shared_leopard_toad/2025/Documents/06.10-13.10.2025/6R/102MEDIA/DSCF0409.JPG,DSCF0409.JPG,6R/102MEDIA,0,Other_Amphibian,0.2903,3413.3,1034.4,3605.9,1235.1
/srv/shared_leopard_toad/2025/Documents/06.10-13.10.2025/6R/102MEDIA/DSCF0409.JPG,DSCF0409.JPG,6R/102MEDIA,2,Western_Leopard_Toad,0.2727,3413.3,1034.4,3605.9,1235.1
/srv/shared_leopard_toad/2025/Documents/06.10-13.10.2025/6R/102MEDIA/DSCF0851.JPG,DSCF0851.JPG,6R/102MEDIA,0,Other_Amphibian,0.2517,152.2,1227.5,244.5,1315.1
/srv/shared_leopard_toad/2025/Documents/06.10-13.10.2025/6R/102MEDIA/DSCF0851.JPG,DSCF0851.JPG,6R/102MEDIA,0,Other_Amphibian,0.2366,151.5,1229.1,235.0,1310.5
/srv/shared_leopard_toad/2025/Documents/06.10-13.10.2025/6R/102MEDIA/DSCF0301.JPG,DSCF0301.JPG,6R/102MEDIA,0,Other_Amphibian,0.5254,2557.7,2315.4,2681.8,2448.0
/srv/shared_leopard_toad/2025/Documents/06.10-13.10.2025/6R/102MEDIA/DSCF0769.JPG,DSCF0769.JPG,6R/102MEDIA,0,Other_Amphibian,0.2139,3495.4,673.0,3618.4,796.9
/srv/shared_leopard_toad/2025/Documents/06.10-13.10.2025/6R/102MEDIA/DSCF0184.JPG,DSCF0184.JPG,6R/102MEDIA,0,Other_Amphibian,0.2957,2558.2,2311.5,2686.5,2448.9
/srv/shared_leopard_toad/2025/Documents/06.10-13.10.2025/6R/102MEDIA/DSCF0237.JPG,DSCF0237.JPG,6R/102MEDIA,0,Other_Amphibian,0.7500,2559.0,2310.1,2685.7,2450.4
/srv/shared_leopard_toad/2025/Documents/06.10-13.10.2025/6R/102MEDIA/DSCF0373.JPG,DSCF0373.JPG,6R/102MEDIA,2,Western_Leopard_Toad,0.2590,3745.1,-1.3,3977.7,95.6
/srv/shared_leopard_toad/2025/Documents/06.10-13.10.2025/6R/102MEDIA/DSCF0118.JPG,DSCF0118.JPG,6R/102MEDIA,0,Other_Amphibian,0.5088,2559.3,2313.3,2685.5,2447.2
/srv/shared_leopard_toad/2025/Documents/06.10-13.10.2025/6R/102MEDIA/DSCF0060.JPG,DSCF0060.JPG,6R/102MEDIA,0,Other_Amphibian,0.4109,2557.0,2312.9,2685.1,2447.5
/srv/shared_leopard_toad/2025/Documents/06.10-13.10.2025/6R/102MEDIA/DSCF0060.JPG,DSCF0060.JPG,6R/102MEDIA,0,Other_Amphibian,0.2441,2557.5,2314.5,2684.6,2448.9
/srv/shared_leopard_toad/2025/Documents/06.10-13.10.2025/6R/102MEDIA/DSCF0949.JPG,DSCF0949.JPG,6R/102MEDIA,0,Other_Amphibian,0.2766,2599.7,282.4,2692.3,402.0
/srv/shared_leopard_toad/2025/Documents/06.10-13.10.2025/6R/102MEDIA/DSCF0736.JPG,DSCF0736.JPG,6R/102MEDIA,0,Other_Amphibian,0.2832,1899.2,4.7,1993.7,77.2
/srv/shared_leopard_toad/2025/Documents/06.10-13.10.2025/6R/102MEDIA/DSCF0943.JPG,DSCF0943.JPG,6R/102MEDIA,0,Other_Amphibian,0.2625,2597.6,282.0,2689.2,399.0
/srv/shared_leopard_toad/2025/Documents/06.10-13.10.2025/6R/102MEDIA/DSCF0143.JPG,DSCF0143.JPG,6R/102MEDIA,0,Other_Amphibian,0.2037,2558.6,2312.5,2686.2,2447.9
/srv/shared_leopard_toad/2025/Documents/06.10-13.10.2025/6R/102MEDIA/DSCF0308.JPG,DSCF0308.JPG,6R/102MEDIA,0,Other_Amphibian,0.2230,3712.1,0.2,3979.2,101.7
/srv/shared_leopard_toad/2025/Documents/06.10-13.10.2025/6R/102MEDIA/DSCF0312.JPG,DSCF0312.JPG,6R/102MEDIA,0,Other_Amphibian,0.9160,3376.6,2245.7,3584.9,2417.3
/srv/shared_leopard_toad/2025/Documents/06.10-13.10.2025/6R/102MEDIA/DSCF0151.JPG,DSCF0151.JPG,6R/102MEDIA,0,Other_Amphibian,0.2013,2558.8,2311.7,2685.9,2448.8
/srv/shared_leopard_toad/2025/Documents/06.10-13.10.2025/6R/102MEDIA/DSCF0426.JPG,DSCF0426.JPG,6R/102MEDIA,2,Western_Leopard_Toad,0.7695,2214.2,2653.1,2416.3,2836.8
/srv/shared_leopard_toad/2025/Documents/06.10-13.10.2025/6R/102MEDIA/DSCF0426.JPG,DSCF0426.JPG,6R/102MEDIA,0,Other_Amphibian,0.3992,2214.2,2653.1,2416.3,2836.8
/srv/shared_leopard_toad/2025/Documents/06.10-13.10.2025/6R/102MEDIA/DSCF0041.JPG,DSCF0041.JPG,6R/102MEDIA,0,Other_Amphibian,0.7192,2557.0,2309.9,2687.8,2447.6
/srv/shared_leopard_toad/2025/Documents/06.10-13.10.2025/6R/102MEDIA/DSCF0254.JPG,DSCF0254.JPG,6R/102MEDIA,0,Other_Amphibian,0.8301,2557.5,2308.9,2687.3,2448.6
/srv/shared_leopard_toad/2025/Documents/06.10-13.10.2025/6R/102MEDIA/DSCF0970.JPG,DSCF0970.JPG,6R/102MEDIA,0,Other_Amphibian,0.3733,2599.7,282.2,2692.3,398.9
/srv/shared_leopard_toad/2025/Documents/06.10-13.10.2025/6R/102MEDIA/DSCF0509.JPG,DSCF0509.JPG,6R/102MEDIA,0,Other_Amphibian,0.2883,3473.4,2342.1,3629.8,2483.3
/srv/shared_leopard_toad/2025/Documents/06.10-13.10.2025/6R/102MEDIA/DSCF0157.JPG,DSCF0157.JPG,6R/102MEDIA,0,Other_Amphibian,0.4136,2557.2,2311.9,2685.0,2448.6
/srv/shared_leopard_toad/2025/Documents/06.10-13.10.2025/6R/102MEDIA/DSCF0732.JPG,DSCF0732.JPG,6R/102MEDIA,0,Other_Amphibian,0.2313,1902.4,5.3,1998.4,79.1
/srv/shared_leopard_toad/2025/Documents/06.10-13.10.2025/6R/102MEDIA/DSCF0781.JPG,DSCF0781.JPG,6R/102MEDIA,0,Other_Amphibian,0.5464,3494.3,670.6,3619.5,795.6
/srv/shared_leopard_toad/2025/Documents/06.10-13.10.2025/6R/102MEDIA/DSCF0781.JPG,DSCF0781.JPG,6R/102MEDIA,0,Other_Amphibian,0.3884,3494.9,671.0,3618.9,796.0
/srv/shared_leopard_toad/2025/Documents/06.10-13.10.2025/6R/102MEDIA/DSCF0008.JPG,DSCF0008.JPG,6R/102MEDIA,0,Other_Amphibian,0.4016,2557.5,2312.3,2684.6,2448.1
/srv/shared_leopard_toad/2025/Documents/06.10-13.10.2025/6R/102MEDIA/DSCF0564.JPG,DSCF0564.JPG,6R/102MEDIA,2,Western_Leopard_Toad,0.3652,3731.7,-0.2,3980.6,99.8
/srv/shared_leopard_toad/2025/Documents/06.10-13.10.2025/6R/102MEDIA/DSCF0564.JPG,DSCF0564.JPG,6R/102MEDIA,0,Other_Amphibian,0.2820,3731.7,-0.2,3980.6,99.8
/srv/shared_leopard_toad/2025/Documents/06.10-13.10.2025/6R/102MEDIA/DSCF0303.JPG,DSCF0303.JPG,6R/102MEDIA,0,Other_Amphibian,0.6431,2554.9,2312.9,2679.3,2447.5
/srv/shared_leopard_toad/2025/Documents/06.10-13.10.2025/6R/102MEDIA/DSCF0155.JPG,DSCF0155.JPG,6R/102MEDIA,0,Other_Amphibian,0.2976,2556.9,2310.7,2685.2,2446.8
/srv/shared_leopard_toad/2025/Documents/06.10-13.10.2025/6R/102MEDIA/DSCF0220.JPG,DSCF0220.JPG,6R/102MEDIA,0,Other_Amphibian,0.8438,4265.5,498.8,4428.5,667.6
/srv/shared_leopard_toad/2025/Documents/06.10-13.10.2025/6R/102MEDIA/DSCF0220.JPG,DSCF0220.JPG,6R/102MEDIA,0,Other_Amphibian,0.4453,2556.7,2310.3,2685.5,2447.2
/srv/shared_leopard_toad/2025/Documents/06.10-13.10.2025/6R/102MEDIA/DSCF0125.JPG,DSCF0125.JPG,6R/102MEDIA,0,Other_Amphibian,0.3706,2558.9,2312.3,2685.8,2448.1
/srv/shared_leopard_toad/2025/Documents/06.10-13.10.2025/6R/102MEDIA/DSCF0988.JPG,DSCF0988.JPG,6R/102MEDIA,0,Other_Amphibian,0.4795,2596.0,283.8,2685.5,398.4
/srv/shared_leopard_toad/2025/Documents/06.10-13.10.2025/6R/102MEDIA/DSCF0006.JPG,DSCF0006.JPG,6R/102MEDIA,0,Other_Amphibian,0.4773,2558.5,2310.9,2686.3,2449.6
/srv/shared_leopard_toad/2025/Documents/06.10-13.10.2025/6R/102MEDIA/DSCF0006.JPG,DSCF0006.JPG,6R/102MEDIA,0,Other_Amphibian,0.4458,2558.1,2309.2,2686.6,2448.3
/srv/shared_leopard_toad/2025/Documents/06.10-13.10.2025/6R/102MEDIA/DSCF0959.JPG,DSCF0959.JPG,6R/102MEDIA,0,Other_Amphibian,0.4783,4455.9,1544.9,4616.1,1706.4
/srv/shared_leopard_toad/2025/Documents/06.10-13.10.2025/6R/102MEDIA/DSCF0959.JPG,DSCF0959.JPG,6R/102MEDIA,2,Western_Leopard_Toad,0.4351,4455.9,1544.9,4616.1,1706.4
/srv/shared_leopard_toad/2025/Documents/06.10-13.10.2025/6R/102MEDIA/DSCF0290.JPG,DSCF0290.JPG,6R/102MEDIA,0,Other_Amphibian,0.2444,2558.6,2315.2,2680.9,2448.2
/srv/shared_leopard_toad/2025/Documents/06.10-13.10.2025/6R/102MEDIA/DSCF0862.JPG,DSCF0862.JPG,6R/102MEDIA,0,Other_Amphibian,0.5039,1691.3,1885.0,1781.6,1986.6
/srv/shared_leopard_toad/2025/Documents/06.10-13.10.2025/6R/102MEDIA/DSCF0057.JPG,DSCF0057.JPG,6R/102MEDIA,0,Other_Amphibian,0.3337,2558.0,2313.0,2684.1,2447.4
/srv/shared_leopard_toad/2025/Documents/06.10-13.10.2025/6R/102MEDIA/DSCF0057.JPG,DSCF0057.JPG,6R/102MEDIA,0,Other_Amphibian,0.3008,2557.7,2314.7,2684.4,2448.7
/srv/shared_leopard_toad/2025/Documents/06.10-13.10.2025/6R/102MEDIA/DSCF0165.JPG,DSCF0165.JPG,6R/102MEDIA,2,Western_Leopard_Toad,0.7168,4285.6,935.1,4455.6,1095.1
/srv/shared_leopard_toad/2025/Documents/06.10-13.10.2025/6R/102MEDIA/DSCF0165.JPG,DSCF0165.JPG,6R/102MEDIA,0,Other_Amphibian,0.4348,2557.4,2312.7,2684.8,2447.8
/srv/shared_leopard_toad/2025/Documents/06.10-13.10.2025/6R/102MEDIA/DSCF0165.JPG,DSCF0165.JPG,6R/102MEDIA,0,Other_Amphibian,0.2133,4285.6,935.1,4455.6,1095.1
/srv/shared_leopard_toad/2025/Documents/06.10-13.10.2025/6R/102MEDIA/DSCF0258.JPG,DSCF0258.JPG,6R/102MEDIA,0,Other_Amphibian,0.7959,2559.0,2311.0,2685.7,2449.4
/srv/shared_leopard_toad/2025/Documents/06.10-13.10.2025/6R/102MEDIA/DSCF0723.JPG,DSCF0723.JPG,6R/102MEDIA,0,Other_Amphibian,0.2451,1896.0,4.1,1996.9,81.7
/srv/shared_leopard_toad/2025/Documents/06.10-13.10.2025/6R/102MEDIA/DSCF0432.JPG,DSCF0432.JPG,6R/102MEDIA,2,Western_Leopard_Toad,0.4336,3750.1,-0.6,3977.9,97.2
/srv/shared_leopard_toad/2025/Documents/06.10-13.10.2025/6R/102MEDIA/DSCF0432.JPG,DSCF0432.JPG,6R/102MEDIA,0,Other_Amphibian,0.3867,3750.1,-0.6,3977.9,97.2
/srv/shared_leopard_toad/2025/Documents/06.10-13.10.2025/6R/102MEDIA/DSCF0174.JPG,DSCF0174.JPG,6R/102MEDIA,0,Other_Amphibian,0.4690,2556.3,2309.7,2685.8,2447.8
/srv/shared_leopard_toad/2025/Documents/06.10-13.10.2025/6R/102MEDIA/DSCF0174.JPG,DSCF0174.JPG,6R/102MEDIA,2,Western_Leopard_Toad,0.3989,1481.6,1315.2,1644.7,1507.9
/srv/shared_leopard_toad/2025/Documents/06.10-13.10.2025/6R/102MEDIA/DSCF0174.JPG,DSCF0174.JPG,6R/102MEDIA,0,Other_Amphibian,0.2175,1867.4,-9.6,2007.1,71.1
/srv/shared_leopard_toad/2025/Documents/06.10-13.10.2025/6R/102MEDIA/DSCF0248.JPG,DSCF0248.JPG,6R/102MEDIA,0,Other_Amphibian,0.9360,3889.9,745.1,4079.6,908.7
/srv/shared_leopard_toad/2025/Documents/06.10-13.10.2025/6R/102MEDIA/DSCF0248.JPG,DSCF0248.JPG,6R/102MEDIA,0,Other_Amphibian,0.7114,2556.8,2310.9,2685.3,2449.6
/srv/shared_leopard_toad/2025/Documents/06.10-13.10.2025/6R/102MEDIA/DSCF0117.JPG,DSCF0117.JPG,6R/102MEDIA,0,Other_Amphibian,0.4829,2557.5,2312.8,2684.6,2447.6
/srv/shared_leopard_toad/2025/Documents/06.10-13.10.2025/6R/102MEDIA/DSCF0833.JPG,DSCF0833.JPG,6R/102MEDIA,0,Other_Amphibian,0.2444,159.7,1232.5,246.2,1313.1
/srv/shared_leopard_toad/2025/Documents/06.10-13.10.2025/6R/102MEDIA/DSCF0833.JPG,DSCF0833.JPG,6R/102MEDIA,0,Other_Amphibian,0.2350,160.7,1236.0,243.6,1309.6
/srv/shared_leopard_toad/2025/Documents/06.10-13.10.2025/6R/102MEDIA/DSCF0945.JPG,DSCF0945.JPG,6R/102MEDIA,0,Other_Amphibian,0.2274,2599.1,284.3,2687.6,401.5
/srv/shared_leopard_toad/2025/Documents/06.10-13.10.2025/6R/102MEDIA/DSCF0063.JPG,DSCF0063.JPG,6R/102MEDIA,0,Other_Amphibian,0.5469,2557.6,2312.3,2684.5,2448.1
/srv/shared_leopard_toad/2025/Documents/06.10-13.10.2025/6R/102MEDIA/DSCF0063.JPG,DSCF0063.JPG,6R/102MEDIA,0,Other_Amphibian,0.3005,2557.5,2311.9,2684.6,2448.6
/srv/shared_leopard_toad/2025/Documents/06.10-13.10.2025/6R/102MEDIA/DSCF0152.JPG,DSCF0152.JPG,6R/102MEDIA,0,Other_Amphibian,0.3384,2559.2,2311.9,2685.6,2448.6
/srv/shared_leopard_toad/2025/Documents/06.10-13.10.2025/6R/102MEDIA/DSCF0036.JPG,DSCF0036.JPG,6R/102MEDIA,0,Other_Amphibian,0.6968,2556.1,2312.0,2686.1,2448.4
/srv/shared_leopard_toad/2025/Documents/06.10-13.10.2025/6R/102MEDIA/DSCF0052.JPG,DSCF0052.JPG,6R/102MEDIA,0,Other_Amphibian,0.3723,2558.3,2313.3,2683.8,2447.2
/srv/shared_leopard_toad/2025/Documents/06.10-13.10.2025/6R/102MEDIA/DSCF0838.JPG,DSCF0838.JPG,6R/102MEDIA,0,Other_Amphibian,0.3728,3485.3,685.7,3617.9,799.0
/srv/shared_leopard_toad/2025/Documents/06.10-13.10.2025/6R/102MEDIA/DSCF0838.JPG,DSCF0838.JPG,6R/102MEDIA,0,Other_Amphibian,0.2004,155.3,1232.4,233.5,1301.4
/srv/shared_leopard_toad/2025/Documents/06.10-13.10.2025/6R/102MEDIA/DSCF0189.JPG,DSCF0189.JPG,6R/102MEDIA,0,Other_Amphibian,0.3049,2556.5,2309.5,2685.6,2448.0
/srv/shared_leopard_toad/2025/Documents/06.10-13.10.2025/6R/102MEDIA/DSCF0171.JPG,DSCF0171.JPG,6R/102MEDIA,0,Other_Amphibian,0.3035,2558.9,2311.5,2685.8,2448.9
/srv/shared_leopard_toad/2025/Documents/06.10-13.10.2025/6R/102MEDIA/DSCF0040.JPG,DSCF0040.JPG,6R/102MEDIA,0,Other_Amphibian,0.7788,2556.8,2310.2,2687.9,2447.3
/srv/shared_leopard_toad/2025/Documents/06.10-13.10.2025/6R/102MEDIA/DSCF0729.JPG,DSCF0729.JPG,6R/102MEDIA,0,Other_Amphibian,0.4458,1896.0,3.8,1994.2,79.3
/srv/shared_leopard_toad/2025/Documents/06.10-13.10.2025/6R/102MEDIA/DSCF0315.JPG,DSCF0315.JPG,6R/102MEDIA,0,Other_Amphibian,0.9263,3374.4,2245.4,3581.9,2414.6
/srv/shared_leopard_toad/2025/Documents/06.10-13.10.2025/6R/102MEDIA/DSCF0315.JPG,DSCF0315.JPG,6R/102MEDIA,0,Other_Amphibian,0.2261,3757.8,-0.9,3980.7,98.6
/srv/shared_leopard_toad/2025/Documents/06.10-13.10.2025/6R/102MEDIA/DSCF0288.JPG,DSCF0288.JPG,6R/102MEDIA,0,Other_Amphibian,0.5220,2557.5,2314.3,2682.0,2449.1
/srv/shared_leopard_toad/2025/Documents/06.10-13.10.2025/6R/102MEDIA/DSCF0423.JPG,DSCF0423.JPG,6R/102MEDIA,2,Western_Leopard_Toad,0.3625,3759.5,-0.5,3979.0,94.2
/srv/shared_leopard_toad/2025/Documents/06.10-13.10.2025/6R/102MEDIA/DSCF0423.JPG,DSCF0423.JPG,6R/102MEDIA,0,Other_Amphibian,0.2261,3759.5,-0.5,3979.0,94.2
/srv/shared_leopard_toad/2025/Documents/06.10-13.10.2025/6R/102MEDIA/DSCF0045.JPG,DSCF0045.JPG,6R/102MEDIA,0,Other_Amphibian,0.5972,2556.5,2309.7,2685.6,2447.8
/srv/shared_leopard_toad/2025/Documents/06.10-13.10.2025/6R/102MEDIA/DSCF0264.JPG,DSCF0264.JPG,6R/102MEDIA,0,Other_Amphibian,0.3870,2559.0,2309.8,2683.1,2447.7
/srv/shared_leopard_toad/2025/Documents/06.10-13.10.2025/6R/102MEDIA/DSCF0848.JPG,DSCF0848.JPG,6R/102MEDIA,0,Other_Amphibian,0.2048,157.0,1228.4,245.9,1311.3
/srv/shared_leopard_toad/2025/Documents/06.10-13.10.2025/6R/102MEDIA/DSCF0145.JPG,DSCF0145.JPG,6R/102MEDIA,0,Other_Amphibian,0.4771,2557.1,2312.0,2687.6,2448.4
/srv/shared_leopard_toad/2025/Documents/06.10-13.10.2025/6R/102MEDIA/DSCF0284.JPG,DSCF0284.JPG,6R/102MEDIA,0,Other_Amphibian,0.6055,2557.4,2313.2,2682.1,2447.3
/srv/shared_leopard_toad/2025/Documents/06.10-13.10.2025/6R/102MEDIA/DSCF0271.JPG,DSCF0271.JPG,6R/102MEDIA,0,Other_Amphibian,0.3386,2559.4,2312.8,2682.7,2447.6
/srv/shared_leopard_toad/2025/Documents/06.10-13.10.2025/6R/102MEDIA/DSCF0861.JPG,DSCF0861.JPG,6R/102MEDIA,0,Other_Amphibian,0.4124,1691.9,1887.1,1778.4,1987.4
/srv/shared_leopard_toad/2025/Documents/06.10-13.10.2025/6R/102MEDIA/DSCF0096.JPG,DSCF0096.JPG,6R/102MEDIA,0,Other_Amphibian,0.5107,2558.8,2313.9,2685.9,2446.5
/srv/shared_leopard_toad/2025/Documents/06.10-13.10.2025/6R/102MEDIA/DSCF0295.JPG,DSCF0295.JPG,6R/102MEDIA,0,Other_Amphibian,0.5596,2556.9,2313.5,2682.6,2446.9
/srv/shared_leopard_toad/2025/Documents/06.10-13.10.2025/6R/102MEDIA/DSCF0053.JPG,DSCF0053.JPG,6R/102MEDIA,0,Other_Amphibian,0.4438,2558.5,2312.9,2683.7,2447.5
/srv/shared_leopard_toad/2025/Documents/06.10-13.10.2025/6R/102MEDIA/DSCF0384.JPG,DSCF0384.JPG,6R/102MEDIA,2,Western_Leopard_Toad,0.2583,3747.7,-1.1,3980.3,96.2
/srv/shared_leopard_toad/2025/Documents/06.10-13.10.2025/6R/102MEDIA/DSCF0149.JPG,DSCF0149.JPG,6R/102MEDIA,0,Other_Amphibian,0.4043,2558.0,2312.5,2686.8,2447.9
/srv/shared_leopard_toad/2025/Documents/06.10-13.10.2025/6R/102MEDIA/DSCF0231.JPG,DSCF0231.JPG,6R/102MEDIA,0,Other_Amphibian,0.7153,2557.2,2311.3,2685.0,2449.2
/srv/shared_leopard_toad/2025/Documents/06.10-13.10.2025/6R/102MEDIA/DSCF0930.JPG,DSCF0930.JPG,6R/102MEDIA,0,Other_Amphibian,0.3203,2596.2,282.9,2685.3,397.1
/srv/shared_leopard_toad/2025/Documents/06.10-13.10.2025/6R/102MEDIA/DSCF0731.JPG,DSCF0731.JPG,6R/102MEDIA,0,Other_Amphibian,0.3042,1897.5,3.7,1995.3,78.4
/srv/shared_leopard_toad/2025/Documents/06.10-13.10.2025/6R/102MEDIA/DSCF0247.JPG,DSCF0247.JPG,6R/102MEDIA,0,Other_Amphibian,0.9092,3877.1,780.8,4076.6,943.8
/srv/shared_leopard_toad/2025/Documents/06.10-13.10.2025/6R/102MEDIA/DSCF0247.JPG,DSCF0247.JPG,6R/102MEDIA,0,Other_Amphibian,0.6050,2557.3,2308.9,2684.8,2448.6
/srv/shared_leopard_toad/2025/Documents/06.10-13.10.2025/6R/102MEDIA/DSCF0307.JPG,DSCF0307.JPG,6R/102MEDIA,0,Other_Amphibian,0.5601,2557.2,2314.7,2682.3,2448.7
/srv/shared_leopard_toad/2025/Documents/06.10-13.10.2025/6R/102MEDIA/DSCF0268.JPG,DSCF0268.JPG,6R/102MEDIA,2,Western_Leopard_Toad,0.9204,3035.6,2044.8,3185.6,2240.2
/srv/shared_leopard_toad/2025/Documents/06.10-13.10.2025/6R/102MEDIA/DSCF0106.JPG,DSCF0106.JPG,6R/102MEDIA,0,Other_Amphibian,0.5391,2556.2,2313.5,2685.9,2446.9
/srv/shared_leopard_toad/2025/Documents/06.10-13.10.2025/6R/102MEDIA/DSCF0246.JPG,DSCF0246.JPG,6R/102MEDIA,0,Other_Amphibian,0.7329,2558.0,2311.7,2684.1,2448.8
/srv/shared_leopard_toad/2025/Documents/06.10-13.10.2025/6R/102MEDIA/DSCF0978.JPG,DSCF0978.JPG,6R/102MEDIA,0,Other_Amphibian,0.2529,2599.1,280.9,2687.6,389.4
/srv/shared_leopard_toad/2025/Documents/06.10-13.10.2025/6R/102MEDIA/DSCF0378.JPG,DSCF0378.JPG,6R/102MEDIA,2,Western_Leopard_Toad,0.3337,3748.9,-0.9,3979.1,102.4
/srv/shared_leopard_toad/2025/Documents/06.10-13.10.2025/6R/102MEDIA/DSCF0378.JPG,DSCF0378.JPG,6R/102MEDIA,0,Other_Amphibian,0.3279,3748.9,-0.9,3979.1,102.4
/srv/shared_leopard_toad/2025/Documents/06.10-13.10.2025/6R/102MEDIA/DSCF0148.JPG,DSCF0148.JPG,6R/102MEDIA,0,Other_Amphibian,0.3191,2557.0,2311.8,2685.1,2448.6
/srv/shared_leopard_toad/2025/Documents/06.10-13.10.2025/6R/102MEDIA/DSCF0842.JPG,DSCF0842.JPG,6R/102MEDIA,0,Other_Amphibian,0.3025,159.6,1231.3,240.4,1302.4
/srv/shared_leopard_toad/2025/Documents/06.10-13.10.2025/6R/102MEDIA/DSCF0842.JPG,DSCF0842.JPG,6R/102MEDIA,0,Other_Amphibian,0.2372,157.4,1228.1,242.6,1308.6
/srv/shared_leopard_toad/2025/Documents/06.10-13.10.2025/6R/102MEDIA/DSCF0842.JPG,DSCF0842.JPG,6R/102MEDIA,0,Other_Amphibian,0.2106,3482.0,685.2,3616.0,799.5
/srv/shared_leopard_toad/2025/Documents/06.10-13.10.2025/6R/102MEDIA/DSCF0178.JPG,DSCF0178.JPG,6R/102MEDIA,0,Other_Amphibian,0.3408,2557.6,2311.0,2687.1,2449.4
/srv/shared_leopard_toad/2025/Documents/06.10-13.10.2025/6R/102MEDIA/DSCF0739.JPG,DSCF0739.JPG,6R/102MEDIA,0,Other_Amphibian,0.2211,1903.3,5.3,1997.5,78.4
/srv/shared_leopard_toad/2025/Documents/06.10-13.10.2025/6R/102MEDIA/DSCF0576.JPG,DSCF0576.JPG,6R/102MEDIA,0,Other_Amphibian,0.5229,4182.8,2462.7,4359.0,2616.7
/srv/shared_leopard_toad/2025/Documents/06.10-13.10.2025/6R/102MEDIA/DSCF0856.JPG,DSCF0856.JPG,6R/102MEDIA,0,Other_Amphibian,0.2358,152.5,1226.8,245.2,1318.8
/srv/shared_leopard_toad/2025/Documents/06.10-13.10.2025/6R/102MEDIA/DSCF0097.JPG,DSCF0097.JPG,6R/102MEDIA,0,Other_Amphibian,0.4861,2557.4,2314.7,2684.8,2448.7
/srv/shared_leopard_toad/2025/Documents/06.10-13.10.2025/6R/102MEDIA/DSCF0252.JPG,DSCF0252.JPG,6R/102MEDIA,0,Other_Amphibian,0.8179,2557.2,2308.6,2685.0,2448.9
/srv/shared_leopard_toad/2025/Documents/06.10-13.10.2025/6R/102MEDIA/DSCF0472.JPG,DSCF0472.JPG,6R/102MEDIA,2,Western_Leopard_Toad,0.2510,3743.5,-0.9,3979.3,99.7
/srv/shared_leopard_toad/2025/Documents/06.10-13.10.2025/6R/102MEDIA/DSCF0396.JPG,DSCF0396.JPG,6R/102MEDIA,0,Other_Amphibian,0.2217,3742.6,-0.2,3980.2,95.6
/srv/shared_leopard_toad/2025/Documents/06.10-13.10.2025/6R/102MEDIA/DSCF0287.JPG,DSCF0287.JPG,6R/102MEDIA,0,Other_Amphibian,0.6079,2557.0,2314.9,2682.5,2448.5
/srv/shared_leopard_toad/2025/Documents/06.10-13.10.2025/6R/102MEDIA/DSCF0072.JPG,DSCF0072.JPG,6R/102MEDIA,0,Other_Amphibian,0.4910,2556.7,2312.9,2685.5,2447.5
/srv/shared_leopard_toad/2025/Documents/06.10-13.10.2025/6R/102MEDIA/DSCF0134.JPG,DSCF0134.JPG,6R/102MEDIA,2,Western_Leopard_Toad,0.7725,3363.9,64.8,3503.1,212.6
/srv/shared_leopard_toad/2025/Documents/06.10-13.10.2025/6R/102MEDIA/DSCF0134.JPG,DSCF0134.JPG,6R/102MEDIA,0,Other_Amphibian,0.5000,3363.9,64.8,3503.1,212.6
/srv/shared_leopard_toad/2025/Documents/06.10-13.10.2025/6R/102MEDIA/DSCF0134.JPG,DSCF0134.JPG,6R/102MEDIA,0,Other_Amphibian,0.2949,2556.8,2311.5,2685.3,2448.9
/srv/shared_leopard_toad/2025/Documents/06.10-13.10.2025/6R/102MEDIA/DSCF0023.JPG,DSCF0023.JPG,6R/102MEDIA,0,Other_Amphibian,0.6592,2556.2,2310.3,2685.9,2447.2
/srv/shared_leopard_toad/2025/Documents/06.10-13.10.2025/6R/102MEDIA/DSCF0158.JPG,DSCF0158.JPG,6R/102MEDIA,0,Other_Amphibian,0.2537,2557.0,2312.4,2685.1,2448.0
/srv/shared_leopard_toad/2025/Documents/06.10-13.10.2025/6R/102MEDIA/DSCF0474.JPG,DSCF0474.JPG,6R/102MEDIA,2,Western_Leopard_Toad,0.2529,3737.6,-1.0,3974.7,97.2
/srv/shared_leopard_toad/2025/Documents/06.10-13.10.2025/6R/102MEDIA/DSCF0262.JPG,DSCF0262.JPG,6R/102MEDIA,0,Other_Amphibian,0.3481,2558.7,2311.3,2683.4,2449.2
/srv/shared_leopard_toad/2025/Documents/06.10-13.10.2025/6R/102MEDIA/DSCF0223.JPG,DSCF0223.JPG,6R/102MEDIA,0,Other_Amphibian,0.3901,2557.9,2310.9,2681.6,2446.6
/srv/shared_leopard_toad/2025/Documents/06.10-13.10.2025/6R/102MEDIA/DSCF0127.JPG,DSCF0127.JPG,6R/102MEDIA,0,Other_Amphibian,0.5728,3374.1,54.4,3503.4,193.1
/srv/shared_leopard_toad/2025/Documents/06.10-13.10.2025/6R/102MEDIA/DSCF0127.JPG,DSCF0127.JPG,6R/102MEDIA,0,Other_Amphibian,0.2422,2557.5,2314.3,2684.6,2449.1
/srv/shared_leopard_toad/2025/Documents/06.10-13.10.2025/6R/102MEDIA/DSCF0753.JPG,DSCF0753.JPG,6R/102MEDIA,0,Other_Amphibian,0.2810,3497.7,670.3,3621.3,793.7
/srv/shared_leopard_toad/2025/Documents/06.10-13.10.2025/6R/102MEDIA/DSCF0095.JPG,DSCF0095.JPG,6R/102MEDIA,0,Other_Amphibian,0.5991,2557.0,2312.9,2685.1,2447.5
/srv/shared_leopard_toad/2025/Documents/06.10-13.10.2025/6R/102MEDIA/DSCF0823.JPG,DSCF0823.JPG,6R/102MEDIA,0,Other_Amphibian,0.2477,2560.4,2378.2,2673.8,2473.8
/srv/shared_leopard_toad/2025/Documents/06.10-13.10.2025/6R/102MEDIA/DSCF0154.JPG,DSCF0154.JPG,6R/102MEDIA,0,Other_Amphibian,0.2634,2559.9,2312.3,2684.8,2448.1
/srv/shared_leopard_toad/2025/Documents/06.10-13.10.2025/6R/102MEDIA/DSCF0186.JPG,DSCF0186.JPG,6R/102MEDIA,0,Other_Amphibian,0.5669,2556.4,2311.7,2685.7,2448.8
/srv/shared_leopard_toad/2025/Documents/06.10-13.10.2025/6R/102MEDIA/DSCF0196.JPG,DSCF0196.JPG,6R/102MEDIA,0,Other_Amphibian,0.4275,2557.4,2312.7,2684.8,2447.8
/srv/shared_leopard_toad/2025/Documents/06.10-13.10.2025/6R/102MEDIA/DSCF0123.JPG,DSCF0123.JPG,6R/102MEDIA,0,Other_Amphibian,0.3979,2557.3,2311.9,2684.8,2448.6
/srv/shared_leopard_toad/2025/Documents/06.10-13.10.2025/6R/102MEDIA/DSCF0280.JPG,DSCF0280.JPG,6R/102MEDIA,0,Other_Amphibian,0.4036,2557.3,2314.5,2682.2,2448.9
/srv/shared_leopard_toad/2025/Documents/06.10-13.10.2025/6R/102MEDIA/DSCF0049.JPG,DSCF0049.JPG,6R/102MEDIA,0,Other_Amphibian,0.5508,2556.8,2312.5,2685.3,2447.9
/srv/shared_leopard_toad/2025/Documents/06.10-13.10.2025/6R/102MEDIA/DSCF0208.JPG,DSCF0208.JPG,6R/102MEDIA,2,Western_Leopard_Toad,0.8311,3454.4,2605.0,3648.8,2778.5
/srv/shared_leopard_toad/2025/Documents/06.10-13.10.2025/6R/102MEDIA/DSCF0208.JPG,DSCF0208.JPG,6R/102MEDIA,0,Other_Amphibian,0.4092,2557.5,2309.5,2684.6,2448.0
/srv/shared_leopard_toad/2025/Documents/06.10-13.10.2025/6R/102MEDIA/DSCF0208.JPG,DSCF0208.JPG,6R/102MEDIA,0,Other_Amphibian,0.3267,3454.4,2605.0,3648.8,2778.5
/srv/shared_leopard_toad/2025/Documents/06.10-13.10.2025/6R/102MEDIA/DSCF0065.JPG,DSCF0065.JPG,6R/102MEDIA,0,Other_Amphibian,0.3945,2558.5,2312.7,2686.3,2447.8
/srv/shared_leopard_toad/2025/Documents/06.10-13.10.2025/6R/102MEDIA/DSCF0414.JPG,DSCF0414.JPG,6R/102MEDIA,2,Western_Leopard_Toad,0.2830,541.7,2464.8,707.2,2641.2
/srv/shared_leopard_toad/2025/Documents/06.10-13.10.2025/6R/102MEDIA/DSCF0820.JPG,DSCF0820.JPG,6R/102MEDIA,0,Other_Amphibian,0.2081,160.0,1232.2,241.3,1298.7
/srv/shared_leopard_toad/2025/Documents/06.10-13.10.2025/6R/102MEDIA/DSCF0074.JPG,DSCF0074.JPG,6R/102MEDIA,0,Other_Amphibian,0.4824,2558.3,2312.4,2686.4,2448.0
/srv/shared_leopard_toad/2025/Documents/06.10-13.10.2025/6R/102MEDIA/DSCF0110.JPG,DSCF0110.JPG,6R/102MEDIA,0,Other_Amphibian,0.4219,2559.0,2312.9,2685.7,2447.5
/srv/shared_leopard_toad/2025/Documents/06.10-13.10.2025/6R/102MEDIA/DSCF0421.JPG,DSCF0421.JPG,6R/102MEDIA,2,Western_Leopard_Toad,0.8022,586.6,2360.0,716.1,2521.5
/srv/shared_leopard_toad/2025/Documents/06.10-13.10.2025/6R/102MEDIA/DSCF0511.JPG,DSCF0511.JPG,6R/102MEDIA,0,Other_Amphibian,0.8896,3914.7,2470.6,4075.8,2659.0
/srv/shared_leopard_toad/2025/Documents/06.10-13.10.2025/6R/102MEDIA/DSCF0418.JPG,DSCF0418.JPG,6R/102MEDIA,2,Western_Leopard_Toad,0.4004,3750.9,-1.4,3977.1,96.4
/srv/shared_leopard_toad/2025/Documents/06.10-13.10.2025/6R/102MEDIA/DSCF0418.JPG,DSCF0418.JPG,6R/102MEDIA,0,Other_Amphibian,0.3208,3750.9,-1.4,3977.1,96.4
/srv/shared_leopard_toad/2025/Documents/06.10-13.10.2025/6R/102MEDIA/DSCF0418.JPG,DSCF0418.JPG,6R/102MEDIA,0,Other_Amphibian,0.2001,515.7,2354.8,659.6,2520.8
/srv/shared_leopard_toad/2025/Documents/06.10-13.10.2025/6R/102MEDIA/DSCF0211.JPG,DSCF0211.JPG,6R/102MEDIA,0,Other_Amphibian,0.7114,3726.4,2310.5,3922.9,2476.5
/srv/shared_leopard_toad/2025/Documents/06.10-13.10.2025/6R/102MEDIA/DSCF0211.JPG,DSCF0211.JPG,6R/102MEDIA,2,Western_Leopard_Toad,0.5752,1431.5,1286.3,1634.5,1455.7
/srv/shared_leopard_toad/2025/Documents/06.10-13.10.2025/6R/102MEDIA/DSCF0211.JPG,DSCF0211.JPG,6R/102MEDIA,2,Western_Leopard_Toad,0.5225,3726.4,2310.5,3922.9,2476.5
/srv/shared_leopard_toad/2025/Documents/06.10-13.10.2025/6R/102MEDIA/DSCF0211.JPG,DSCF0211.JPG,6R/102MEDIA,0,Other_Amphibian,0.2915,2556.7,2312.4,2682.8,2448.0
/srv/shared_leopard_toad/2025/Documents/06.10-13.10.2025/6R/102MEDIA/DSCF0621.JPG,DSCF0621.JPG,6R/102MEDIA,2,Western_Leopard_Toad,0.2900,3726.9,0.1,3980.1,100.7
/srv/shared_leopard_toad/2025/Documents/06.10-13.10.2025/6R/102MEDIA/DSCF0621.JPG,DSCF0621.JPG,6R/102MEDIA,0,Other_Amphibian,0.2048,3726.9,0.1,3980.1,100.7
/srv/shared_leopard_toad/2025/Documents/06.10-13.10.2025/6R/102MEDIA/DSCF0030.JPG,DSCF0030.JPG,6R/102MEDIA,0,Other_Amphibian,0.6113,2558.5,2310.2,2686.3,2447.3
/srv/shared_leopard_toad/2025/Documents/06.10-13.10.2025/6R/102MEDIA/DSCF0483.JPG,DSCF0483.JPG,6R/102MEDIA,2,Western_Leopard_Toad,0.3696,3757.3,-0.0,3976.0,98.9
/srv/shared_leopard_toad/2025/Documents/06.10-13.10.2025/6R/102MEDIA/DSCF0483.JPG,DSCF0483.JPG,6R/102MEDIA,0,Other_Amphibian,0.2891,3757.3,-0.0,3976.0,98.9
/srv/shared_leopard_toad/2025/Documents/06.10-13.10.2025/6R/102MEDIA/DSCF0121.JPG,DSCF0121.JPG,6R/102MEDIA,0,Other_Amphibian,0.2766,2558.5,2311.9,2686.3,2448.6
/srv/shared_leopard_toad/2025/Documents/06.10-13.10.2025/6R/102MEDIA/DSCF0937.JPG,DSCF0937.JPG,6R/102MEDIA,0,Other_Amphibian,0.2590,2596.8,283.3,2684.7,393.0
/srv/shared_leopard_toad/2025/Documents/06.10-13.10.2025/6R/102MEDIA/DSCF0686.JPG,DSCF0686.JPG,6R/102MEDIA,0,Other_Amphibian,0.3044,3308.1,2687.0,3490.7,2841.2
/srv/shared_leopard_toad/2025/Documents/06.10-13.10.2025/6R/102MEDIA/DSCF0686.JPG,DSCF0686.JPG,6R/102MEDIA,0,Other_Amphibian,0.2888,3308.1,2687.0,3490.7,2841.2
/srv/shared_leopard_toad/2025/Documents/06.10-13.10.2025/6R/102MEDIA/DSCF0790.JPG,DSCF0790.JPG,6R/102MEDIA,0,Other_Amphibian,0.4214,2562.0,2371.5,2677.5,2474.6
/srv/shared_leopard_toad/2025/Documents/06.10-13.10.2025/6R/102MEDIA/DSCF0790.JPG,DSCF0790.JPG,6R/102MEDIA,0,Other_Amphibian,0.2170,530.0,2232.3,595.5,2315.5
/srv/shared_leopard_toad/2025/Documents/06.10-13.10.2025/6R/102MEDIA/DSCF0482.JPG,DSCF0482.JPG,6R/102MEDIA,0,Other_Amphibian,0.2832,3740.9,-1.0,3976.6,102.1
/srv/shared_leopard_toad/2025/Documents/06.10-13.10.2025/6R/102MEDIA/DSCF0113.JPG,DSCF0113.JPG,6R/102MEDIA,0,Other_Amphibian,0.5869,2558.7,2313.0,2686.1,2447.4
/srv/shared_leopard_toad/2025/Documents/06.10-13.10.2025/6R/102MEDIA/DSCF0548.JPG,DSCF0548.JPG,6R/102MEDIA,0,Other_Amphibian,0.8711,3523.8,2071.9,3689.7,2257.3
/srv/shared_leopard_toad/2025/Documents/06.10-13.10.2025/6R/102MEDIA/DSCF0548.JPG,DSCF0548.JPG,6R/102MEDIA,2,Western_Leopard_Toad,0.3584,3523.8,2071.9,3689.7,2257.3
/srv/shared_leopard_toad/2025/Documents/06.10-13.10.2025/6R/102MEDIA/DSCF0786.JPG,DSCF0786.JPG,6R/102MEDIA,0,Other_Amphibian,0.2742,530.1,2232.8,599.3,2320.9
/srv/shared_leopard_toad/2025/Documents/06.10-13.10.2025/6R/102MEDIA/DSCF0091.JPG,DSCF0091.JPG,6R/102MEDIA,0,Other_Amphibian,0.5737,2556.9,2315.4,2685.2,2448.0
/srv/shared_leopard_toad/2025/Documents/06.10-13.10.2025/6R/102MEDIA/DSCF0660.JPG,DSCF0660.JPG,6R/102MEDIA,0,Other_Amphibian,0.2998,1209.6,197.1,1299.9,289.0
/srv/shared_leopard_toad/2025/Documents/06.10-13.10.2025/6R/102MEDIA/DSCF0130.JPG,DSCF0130.JPG,6R/102MEDIA,0,Other_Amphibian,0.5576,3371.7,57.8,3511.0,192.5
/srv/shared_leopard_toad/2025/Documents/06.10-13.10.2025/6R/102MEDIA/DSCF0130.JPG,DSCF0130.JPG,6R/102MEDIA,2,Western_Leopard_Toad,0.4714,3371.7,57.8,3511.0,192.5
/srv/shared_leopard_toad/2025/Documents/06.10-13.10.2025/6R/102MEDIA/DSCF0130.JPG,DSCF0130.JPG,6R/102MEDIA,0,Other_Amphibian,0.2316,2559.0,2312.3,2683.1,2448.1
/srv/shared_leopard_toad/2025/Documents/06.10-13.10.2025/6R/102MEDIA/DSCF0691.JPG,DSCF0691.JPG,6R/102MEDIA,0,Other_Amphibian,0.9126,3636.0,2546.2,3813.8,2710.4
/srv/shared_leopard_toad/2025/Documents/06.10-13.10.2025/6R/102MEDIA/DSCF0742.JPG,DSCF0742.JPG,6R/102MEDIA,0,Other_Amphibian,0.3086,1899.9,4.7,1992.9,76.9
/srv/shared_leopard_toad/2025/Documents/06.10-13.10.2025/6R/102MEDIA/DSCF0966.JPG,DSCF0966.JPG,6R/102MEDIA,0,Other_Amphibian,0.4019,2596.5,284.8,2685.0,393.7
/srv/shared_leopard_toad/2025/Documents/06.10-13.10.2025/6R/102MEDIA/DSCF0031.JPG,DSCF0031.JPG,6R/102MEDIA,0,Other_Amphibian,0.5918,2556.4,2309.8,2685.7,2447.7
/srv/shared_leopard_toad/2025/Documents/06.10-13.10.2025/6R/102MEDIA/DSCF0841.JPG,DSCF0841.JPG,6R/102MEDIA,0,Other_Amphibian,0.5444,3479.8,684.5,3618.2,796.5
/srv/shared_leopard_toad/2025/Documents/06.10-13.10.2025/6R/102MEDIA/DSCF0191.JPG,DSCF0191.JPG,6R/102MEDIA,0,Other_Amphibian,0.4290,2558.1,2312.3,2686.6,2448.1
/srv/shared_leopard_toad/2025/Documents/06.10-13.10.2025/6R/102MEDIA/DSCF0500.JPG,DSCF0500.JPG,6R/102MEDIA,2,Western_Leopard_Toad,0.4058,3748.5,-0.1,3979.5,97.5
/srv/shared_leopard_toad/2025/Documents/06.10-13.10.2025/6R/102MEDIA/DSCF0500.JPG,DSCF0500.JPG,6R/102MEDIA,0,Other_Amphibian,0.2991,3748.5,-0.1,3979.5,97.5
/srv/shared_leopard_toad/2025/Documents/06.10-13.10.2025/6R/102MEDIA/DSCF0058.JPG,DSCF0058.JPG,6R/102MEDIA,0,Other_Amphibian,0.5063,2558.6,2312.8,2686.2,2447.6
/srv/shared_leopard_toad/2025/Documents/06.10-13.10.2025/6R/102MEDIA/DSCF0169.JPG,DSCF0169.JPG,6R/102MEDIA,0,Other_Amphibian,0.5581,2556.3,2309.8,2685.8,2447.7
/srv/shared_leopard_toad/2025/Documents/06.10-13.10.2025/6R/102MEDIA/DSCF0798.JPG,DSCF0798.JPG,6R/102MEDIA,0,Other_Amphibian,0.2297,2564.6,2378.0,2677.5,2474.0
/srv/shared_leopard_toad/2025/Documents/06.10-13.10.2025/6R/102MEDIA/DSCF0144.JPG,DSCF0144.JPG,6R/102MEDIA,0,Other_Amphibian,0.2969,2557.2,2311.1,2685.0,2449.3
/srv/shared_leopard_toad/2025/Documents/06.10-13.10.2025/6R/102MEDIA/DSCF0238.JPG,DSCF0238.JPG,6R/102MEDIA,0,Other_Amphibian,0.6587,2558.0,2311.1,2684.1,2449.3
/srv/shared_leopard_toad/2025/Documents/06.10-13.10.2025/6R/102MEDIA/DSCF0086.JPG,DSCF0086.JPG,6R/102MEDIA,0,Other_Amphibian,0.5845,2557.6,2313.7,2687.1,2446.8
/srv/shared_leopard_toad/2025/Documents/06.10-13.10.2025/6R/102MEDIA/DSCF0735.JPG,DSCF0735.JPG,6R/102MEDIA,0,Other_Amphibian,0.2010,1896.8,4.8,1996.1,78.4
/srv/shared_leopard_toad/2025/Documents/06.10-13.10.2025/6R/102MEDIA/DSCF0192.JPG,DSCF0192.JPG,6R/102MEDIA,0,Other_Amphibian,0.4258,2556.9,2309.4,2685.2,2448.1
/srv/shared_leopard_toad/2025/Documents/06.10-13.10.2025/6R/102MEDIA/DSCF0114.JPG,DSCF0114.JPG,6R/102MEDIA,0,Other_Amphibian,0.5352,2557.4,2312.7,2684.8,2447.8
/srv/shared_leopard_toad/2025/Documents/06.10-13.10.2025/6R/102MEDIA/DSCF0114.JPG,DSCF0114.JPG,6R/102MEDIA,0,Other_Amphibian,0.2688,2557.7,2314.0,2684.4,2449.4
/srv/shared_leopard_toad/2025/Documents/06.10-13.10.2025/6R/102MEDIA/DSCF0182.JPG,DSCF0182.JPG,6R/102MEDIA,0,Other_Amphibian,0.3752,2557.6,2309.9,2684.5,2447.6
/srv/shared_leopard_toad/2025/Documents/06.10-13.10.2025/6R/102MEDIA/DSCF0299.JPG,DSCF0299.JPG,6R/102MEDIA,0,Other_Amphibian,0.6729,2557.3,2314.7,2682.2,2448.7
/srv/shared_leopard_toad/2025/Documents/06.10-13.10.2025/6R/102MEDIA/DSCF0293.JPG,DSCF0293.JPG,6R/102MEDIA,0,Other_Amphibian,0.4407,2557.7,2312.3,2681.8,2448.1
/srv/shared_leopard_toad/2025/Documents/06.10-13.10.2025/6R/102MEDIA/DSCF0020.JPG,DSCF0020.JPG,6R/102MEDIA,0,Other_Amphibian,0.5166,2556.9,2309.8,2685.2,2447.7
/srv/shared_leopard_toad/2025/Documents/06.10-13.10.2025/6R/102MEDIA/DSCF0020.JPG,DSCF0020.JPG,6R/102MEDIA,0,Other_Amphibian,0.2471,2557.5,2311.1,2684.6,2449.3
/srv/shared_leopard_toad/2025/Documents/06.10-13.10.2025/6R/102MEDIA/DSCF0195.JPG,DSCF0195.JPG,6R/102MEDIA,0,Other_Amphibian,0.2485,2558.1,2311.1,2684.0,2446.4
/srv/shared_leopard_toad/2025/Documents/06.10-13.10.2025/6R/102MEDIA/DSCF0018.JPG,DSCF0018.JPG,6R/102MEDIA,0,Other_Amphibian,0.6924,2556.2,2309.9,2685.9,2447.6
/srv/shared_leopard_toad/2025/Documents/06.10-13.10.2025/6R/102MEDIA/DSCF0206.JPG,DSCF0206.JPG,6R/102MEDIA,0,Other_Amphibian,0.4385,1061.9,2746.0,1218.0,2864.9
/srv/shared_leopard_toad/2025/Documents/06.10-13.10.2025/6R/102MEDIA/DSCF0206.JPG,DSCF0206.JPG,6R/102MEDIA,0,Other_Amphibian,0.3518,2558.0,2309.8,2686.8,2447.7
/srv/shared_leopard_toad/2025/Documents/06.10-13.10.2025/6R/102MEDIA/DSCF0778.JPG,DSCF0778.JPG,6R/102MEDIA,0,Other_Amphibian,0.2332,3493.9,670.5,3619.8,792.0
/srv/shared_leopard_toad/2025/Documents/06.10-13.10.2025/6R/102MEDIA/DSCF0059.JPG,DSCF0059.JPG,6R/102MEDIA,0,Other_Amphibian,0.5571,2558.5,2311.8,2686.3,2448.6
/srv/shared_leopard_toad/2025/Documents/06.10-13.10.2025/6R/102MEDIA/DSCF0180.JPG,DSCF0180.JPG,6R/102MEDIA,0,Other_Amphibian,0.3025,2558.1,2311.7,2684.0,2448.8
/srv/shared_leopard_toad/2025/Documents/06.10-13.10.2025/6R/102MEDIA/DSCF0088.JPG,DSCF0088.JPG,6R/102MEDIA,0,Other_Amphibian,0.3120,2558.2,2312.9,2683.9,2447.5
/srv/shared_leopard_toad/2025/Documents/06.10-13.10.2025/6R/102MEDIA/DSCF0811.JPG,DSCF0811.JPG,6R/102MEDIA,0,Other_Amphibian,0.2352,2561.2,2377.0,2673.0,2472.0
/srv/shared_leopard_toad/2025/Documents/06.10-13.10.2025/6R/102MEDIA/DSCF0278.JPG,DSCF0278.JPG,6R/102MEDIA,0,Other_Amphibian,0.3774,2557.2,2312.4,2682.3,2448.0
/srv/shared_leopard_toad/2025/Documents/06.10-13.10.2025/6R/102MEDIA/DSCF0216.JPG,DSCF0216.JPG,6R/102MEDIA,0,Other_Amphibian,0.6045,2558.9,2311.5,2685.8,2448.9
/srv/shared_leopard_toad/2025/Documents/06.10-13.10.2025/6R/102MEDIA/DSCF0216.JPG,DSCF0216.JPG,6R/102MEDIA,0,Other_Amphibian,0.2402,4711.0,2662.0,4891.3,2819.0
/srv/shared_leopard_toad/2025/Documents/06.10-13.10.2025/6R/102MEDIA/DSCF0050.JPG,DSCF0050.JPG,6R/102MEDIA,0,Other_Amphibian,0.5420,2557.7,2312.9,2687.0,2447.5
/srv/shared_leopard_toad/2025/Documents/06.10-13.10.2025/6R/102MEDIA/DSCF0099.JPG,DSCF0099.JPG,6R/102MEDIA,0,Other_Amphibian,0.3625,2557.2,2314.7,2685.0,2448.6
/srv/shared_leopard_toad/2025/Documents/06.10-13.10.2025/6R/102MEDIA/DSCF0327.JPG,DSCF0327.JPG,6R/102MEDIA,2,Western_Leopard_Toad,0.2749,3736.0,-0.4,3976.2,96.9
/srv/shared_leopard_toad/2025/Documents/06.10-13.10.2025/6R/102MEDIA/DSCF0727.JPG,DSCF0727.JPG,6R/102MEDIA,0,Other_Amphibian,0.2903,1898.4,3.9,1994.4,78.9
/srv/shared_leopard_toad/2025/Documents/06.10-13.10.2025/6R/102MEDIA/DSCF0840.JPG,DSCF0840.JPG,6R/102MEDIA,0,Other_Amphibian,0.7021,3480.0,684.1,3612.8,796.1
/srv/shared_leopard_toad/2025/Documents/06.10-13.10.2025/6R/102MEDIA/DSCF0840.JPG,DSCF0840.JPG,6R/102MEDIA,0,Other_Amphibian,0.2363,162.1,1233.3,244.4,1306.3
/srv/shared_leopard_toad/2025/Documents/06.10-13.10.2025/6R/102MEDIA/DSCF0605.JPG,DSCF0605.JPG,6R/102MEDIA,0,Other_Amphibian,0.6865,4910.9,1601.4,5064.1,1753.3
/srv/shared_leopard_toad/2025/Documents/06.10-13.10.2025/6R/102MEDIA/DSCF0087.JPG,DSCF0087.JPG,6R/102MEDIA,0,Other_Amphibian,0.5674,2558.1,2313.0,2686.6,2447.4
/srv/shared_leopard_toad/2025/Documents/06.10-13.10.2025/6R/102MEDIA/DSCF0314.JPG,DSCF0314.JPG,6R/102MEDIA,0,Other_Amphibian,0.9253,3378.1,2246.5,3583.4,2416.5
/srv/shared_leopard_toad/2025/Documents/06.10-13.10.2025/6R/102MEDIA/DSCF0760.JPG,DSCF0760.JPG,6R/102MEDIA,0,Other_Amphibian,0.2180,3495.4,669.9,3618.4,792.7
/srv/shared_leopard_toad/2025/Documents/06.10-13.10.2025/6R/102MEDIA/DSCF0588.JPG,DSCF0588.JPG,6R/102MEDIA,0,Other_Amphibian,0.2076,3729.8,0.3,3982.5,98.9
/srv/shared_leopard_toad/2025/Documents/06.10-13.10.2025/6R/102MEDIA/DSCF0068.JPG,DSCF0068.JPG,6R/102MEDIA,0,Other_Amphibian,0.4885,2557.4,2311.6,2684.8,2445.9
/srv/shared_leopard_toad/2025/Documents/06.10-13.10.2025/6R/102MEDIA/DSCF0025.JPG,DSCF0025.JPG,6R/102MEDIA,0,Other_Amphibian,0.4646,2557.0,2311.8,2685.1,2448.6
/srv/shared_leopard_toad/2025/Documents/06.10-13.10.2025/6R/102MEDIA/DSCF0025.JPG,DSCF0025.JPG,6R/102MEDIA,0,Other_Amphibian,0.4055,2557.6,2311.9,2684.5,2448.6
/srv/shared_leopard_toad/2025/Documents/06.10-13.10.2025/6R/102MEDIA/DSCF0693.JPG,DSCF0693.JPG,6R/102MEDIA,2,Western_Leopard_Toad,0.9292,2070.2,2548.3,2250.5,2743.7
/srv/shared_leopard_toad/2025/Documents/06.10-13.10.2025/6R/102MEDIA/DSCF0538.JPG,DSCF0538.JPG,6R/102MEDIA,0,Other_Amphibian,0.2225,3707.6,0.6,3973.2,101.2
/srv/shared_leopard_toad/2025/Documents/06.10-13.10.2025/6R/102MEDIA/DSCF0188.JPG,DSCF0188.JPG,6R/102MEDIA,0,Other_Amphibian,0.2925,2557.4,2312.0,2684.8,2448.4
/srv/shared_leopard_toad/2025/Documents/06.10-13.10.2025/6R/102MEDIA/DSCF0772.JPG,DSCF0772.JPG,6R/102MEDIA,0,Other_Amphibian,0.3176,3496.9,671.0,3616.9,791.5
/srv/shared_leopard_toad/2025/Documents/06.10-13.10.2025/6R/102MEDIA/DSCF0772.JPG,DSCF0772.JPG,6R/102MEDIA,0,Other_Amphibian,0.2771,3497.3,671.5,3616.4,791.1
/srv/shared_leopard_toad/2025/Documents/06.10-13.10.2025/6R/102MEDIA/DSCF0824.JPG,DSCF0824.JPG,6R/102MEDIA,0,Other_Amphibian,0.2130,160.6,1235.1,242.3,1310.5
/srv/shared_leopard_toad/2025/Documents/06.10-13.10.2025/6R/102MEDIA/DSCF0133.JPG,DSCF0133.JPG,6R/102MEDIA,0,Other_Amphibian,0.5366,3370.8,53.0,3506.7,195.4
/srv/shared_leopard_toad/2025/Documents/06.10-13.10.2025/6R/102MEDIA/DSCF0181.JPG,DSCF0181.JPG,6R/102MEDIA,0,Other_Amphibian,0.3101,2558.9,2311.4,2685.8,2449.1
/srv/shared_leopard_toad/2025/Documents/06.10-13.10.2025/6R/102MEDIA/DSCF0685.JPG,DSCF0685.JPG,6R/102MEDIA,0,Other_Amphibian,0.2664,3311.0,2687.0,3493.0,2838.3
/srv/shared_leopard_toad/2025/Documents/06.10-13.10.2025/6R/102MEDIA/DSCF0209.JPG,DSCF0209.JPG,6R/102MEDIA,2,Western_Leopard_Toad,0.6987,1435.6,1286.3,1630.4,1454.2
/srv/shared_leopard_toad/2025/Documents/06.10-13.10.2025/6R/102MEDIA/DSCF0209.JPG,DSCF0209.JPG,6R/102MEDIA,2,Western_Leopard_Toad,0.4426,3458.8,2605.7,3649.7,2772.0
/srv/shared_leopard_toad/2025/Documents/06.10-13.10.2025/6R/102MEDIA/DSCF0209.JPG,DSCF0209.JPG,6R/102MEDIA,0,Other_Amphibian,0.4207,3458.8,2605.7,3649.7,2772.0
/srv/shared_leopard_toad/2025/Documents/06.10-13.10.2025/6R/102MEDIA/DSCF0209.JPG,DSCF0209.JPG,6R/102MEDIA,0,Other_Amphibian,0.2896,2558.1,2311.3,2684.0,2449.2
/srv/shared_leopard_toad/2025/Documents/06.10-13.10.2025/6R/102MEDIA/DSCF0725.JPG,DSCF0725.JPG,6R/102MEDIA,0,Other_Amphibian,0.2986,1895.1,4.0,1997.7,80.1
/srv/shared_leopard_toad/2025/Documents/06.10-13.10.2025/6R/102MEDIA/DSCF0015.JPG,DSCF0015.JPG,6R/102MEDIA,0,Other_Amphibian,0.5923,2557.5,2310.8,2687.3,2446.7
/srv/shared_leopard_toad/2025/Documents/06.10-13.10.2025/6R/102MEDIA/DSCF0839.JPG,DSCF0839.JPG,6R/102MEDIA,0,Other_Amphibian,0.3252,3481.4,686.4,3616.6,796.1
/srv/shared_leopard_toad/2025/Documents/06.10-13.10.2025/6R/102MEDIA/DSCF0076.JPG,DSCF0076.JPG,6R/102MEDIA,0,Other_Amphibian,0.4248,2557.5,2313.3,2684.6,2447.2
/srv/shared_leopard_toad/2025/Documents/06.10-13.10.2025/6R/102MEDIA/DSCF0240.JPG,DSCF0240.JPG,6R/102MEDIA,0,Other_Amphibian,0.7710,2557.5,2311.3,2684.6,2449.2
/srv/shared_leopard_toad/2025/Documents/06.10-13.10.2025/6R/102MEDIA/DSCF0302.JPG,DSCF0302.JPG,6R/102MEDIA,0,Other_Amphibian,0.4375,2558.1,2314.7,2681.4,2448.7
/srv/shared_leopard_toad/2025/Documents/06.10-13.10.2025/6R/102MEDIA/DSCF0801.JPG,DSCF0801.JPG,6R/102MEDIA,0,Other_Amphibian,0.2734,2562.0,2378.8,2672.2,2476.1
/srv/shared_leopard_toad/2025/Documents/06.10-13.10.2025/6R/102MEDIA/DSCF0232.JPG,DSCF0232.JPG,6R/102MEDIA,0,Other_Amphibian,0.7397,2557.6,2309.0,2684.5,2448.5
/srv/shared_leopard_toad/2025/Documents/06.10-13.10.2025/6R/102MEDIA/DSCF0830.JPG,DSCF0830.JPG,6R/102MEDIA,0,Other_Amphibian,0.2441,157.4,1232.3,238.7,1307.4
/srv/shared_leopard_toad/2025/Documents/06.10-13.10.2025/6R/102MEDIA/DSCF0830.JPG,DSCF0830.JPG,6R/102MEDIA,0,Other_Amphibian,0.2205,2562.2,2376.4,2677.3,2466.7
/srv/shared_leopard_toad/2025/Documents/06.10-13.10.2025/6R/102MEDIA/DSCF0048.JPG,DSCF0048.JPG,6R/102MEDIA,0,Other_Amphibian,0.5884,2557.4,2312.3,2684.8,2448.1
/srv/shared_leopard_toad/2025/Documents/06.10-13.10.2025/6R/102MEDIA/DSCF0267.JPG,DSCF0267.JPG,6R/102MEDIA,2,Western_Leopard_Toad,0.7002,4062.6,2752.5,4221.9,2858.4
/srv/shared_leopard_toad/2025/Documents/06.10-13.10.2025/6R/102MEDIA/DSCF0267.JPG,DSCF0267.JPG,6R/102MEDIA,0,Other_Amphibian,0.2539,2557.4,2310.7,2682.1,2446.8
/srv/shared_leopard_toad/2025/Documents/06.10-13.10.2025/6R/102MEDIA/DSCF0319.JPG,DSCF0319.JPG,6R/102MEDIA,2,Western_Leopard_Toad,0.3032,3749.2,-0.3,3978.8,98.8
/srv/shared_leopard_toad/2025/Documents/06.10-13.10.2025/6R/102MEDIA/DSCF0319.JPG,DSCF0319.JPG,6R/102MEDIA,0,Other_Amphibian,0.2390,3749.2,-0.3,3978.8,98.8
/srv/shared_leopard_toad/2025/Documents/06.10-13.10.2025/6R/102MEDIA/DSCF0150.JPG,DSCF0150.JPG,6R/102MEDIA,0,Other_Amphibian,0.2108,2559.3,2311.8,2685.5,2448.6
/srv/shared_leopard_toad/2025/Documents/06.10-13.10.2025/6R/102MEDIA/DSCF0323.JPG,DSCF0323.JPG,6R/102MEDIA,0,Other_Amphibian,0.2280,3731.6,-0.7,3975.4,101.1
/srv/shared_leopard_toad/2025/Documents/06.10-13.10.2025/6R/102MEDIA/DSCF0013.JPG,DSCF0013.JPG,6R/102MEDIA,0,Other_Amphibian,0.6299,2557.0,2311.3,2685.1,2446.2
/srv/shared_leopard_toad/2025/Documents/06.10-13.10.2025/6R/102MEDIA/DSCF0876.JPG,DSCF0876.JPG,6R/102MEDIA,0,Other_Amphibian,0.3159,1874.7,-6.8,2005.0,69.5
/srv/shared_leopard_toad/2025/Documents/06.10-13.10.2025/6R/102MEDIA/DSCF0108.JPG,DSCF0108.JPG,6R/102MEDIA,0,Other_Amphibian,0.6035,2557.5,2312.7,2687.3,2447.8
/srv/shared_leopard_toad/2025/Documents/06.10-13.10.2025/6R/102MEDIA/DSCF0277.JPG,DSCF0277.JPG,6R/102MEDIA,0,Other_Amphibian,0.4658,2558.2,2314.4,2681.3,2449.0
/srv/shared_leopard_toad/2025/Documents/06.10-13.10.2025/6R/102MEDIA/DSCF0901.JPG,DSCF0901.JPG,6R/102MEDIA,0,Other_Amphibian,0.2268,2596.3,281.4,2690.5,396.0
/srv/shared_leopard_toad/2025/Documents/06.10-13.10.2025/6R/102MEDIA/DSCF0153.JPG,DSCF0153.JPG,6R/102MEDIA,0,Other_Amphibian,0.3958,2558.2,2311.1,2686.5,2449.3
/srv/shared_leopard_toad/2025/Documents/06.10-13.10.2025/6R/102MEDIA/DSCF0079.JPG,DSCF0079.JPG,6R/102MEDIA,0,Other_Amphibian,0.5825,2557.3,2313.2,2684.8,2447.3
/srv/shared_leopard_toad/2025/Documents/06.10-13.10.2025/6R/102MEDIA/DSCF0996.JPG,DSCF0996.JPG,6R/102MEDIA,0,Other_Amphibian,0.2263,2598.4,283.3,2688.3,396.6
/srv/shared_leopard_toad/2025/Documents/06.10-13.10.2025/6R/102MEDIA/DSCF0692.JPG,DSCF0692.JPG,6R/102MEDIA,2,Western_Leopard_Toad,0.8320,2073.5,2551.6,2255.1,2740.4
/srv/shared_leopard_toad/2025/Documents/06.10-13.10.2025/6R/102MEDIA/DSCF0119.JPG,DSCF0119.JPG,6R/102MEDIA,0,Other_Amphibian,0.3906,2557.4,2312.4,2684.8,2448.0
/srv/shared_leopard_toad/2025/Documents/06.10-13.10.2025/6R/102MEDIA/DSCF0408.JPG,DSCF0408.JPG,6R/102MEDIA,0,Other_Amphibian,0.4365,691.0,2671.0,823.6,2827.8
/srv/shared_leopard_toad/2025/Documents/06.10-13.10.2025/6R/102MEDIA/DSCF0846.JPG,DSCF0846.JPG,6R/102MEDIA,0,Other_Amphibian,0.2302,158.6,1235.2,243.4,1304.5
/srv/shared_leopard_toad/2025/Documents/06.10-13.10.2025/6R/102MEDIA/DSCF0469.JPG,DSCF0469.JPG,6R/102MEDIA,0,Other_Amphibian,0.2988,3747.8,-0.6,3974.9,95.7
/srv/shared_leopard_toad/2025/Documents/06.10-13.10.2025/6R/102MEDIA/DSCF0469.JPG,DSCF0469.JPG,6R/102MEDIA,2,Western_Leopard_Toad,0.2610,3747.8,-0.6,3974.9,95.7
/srv/shared_leopard_toad/2025/Documents/06.10-13.10.2025/6R/102MEDIA/DSCF0098.JPG,DSCF0098.JPG,6R/102MEDIA,0,Other_Amphibian,0.6270,2555.9,2312.4,2686.2,2448.0
/srv/shared_leopard_toad/2025/Documents/06.10-13.10.2025/6R/102MEDIA/DSCF0961.JPG,DSCF0961.JPG,6R/102MEDIA,0,Other_Amphibian,0.2869,2599.7,282.9,2692.3,397.1
/srv/shared_leopard_toad/2025/Documents/06.10-13.10.2025/6R/102MEDIA/DSCF0214.JPG,DSCF0214.JPG,6R/102MEDIA,2,Western_Leopard_Toad,0.8359,1459.3,1279.1,1622.4,1431.9
/srv/shared_leopard_toad/2025/Documents/06.10-13.10.2025/6R/102MEDIA/DSCF0214.JPG,DSCF0214.JPG,6R/102MEDIA,0,Other_Amphibian,0.3530,2556.7,2312.2,2685.5,2448.3
/srv/shared_leopard_toad/2025/Documents/06.10-13.10.2025/6R/102MEDIA/DSCF0825.JPG,DSCF0825.JPG,6R/102MEDIA,0,Other_Amphibian,0.2671,2558.7,2377.4,2675.6,2474.6
/srv/shared_leopard_toad/2025/Documents/06.10-13.10.2025/6R/102MEDIA/DSCF0825.JPG,DSCF0825.JPG,6R/102MEDIA,0,Other_Amphibian,0.2483,2559.4,2376.7,2674.9,2475.3
/srv/shared_leopard_toad/2025/Documents/06.10-13.10.2025/6R/102MEDIA/DSCF0425.JPG,DSCF0425.JPG,6R/102MEDIA,2,Western_Leopard_Toad,0.7646,2213.6,2646.8,2416.9,2848.9
/srv/shared_leopard_toad/2025/Documents/06.10-13.10.2025/6R/102MEDIA/DSCF0425.JPG,DSCF0425.JPG,6R/102MEDIA,0,Other_Amphibian,0.2532,2213.6,2646.8,2416.9,2848.9
/srv/shared_leopard_toad/2025/Documents/06.10-13.10.2025/6R/102MEDIA/DSCF0205.JPG,DSCF0205.JPG,6R/102MEDIA,0,Other_Amphibian,0.3770,1062.4,2744.2,1216.1,2863.8
/srv/shared_leopard_toad/2025/Documents/06.10-13.10.2025/6R/102MEDIA/DSCF0112.JPG,DSCF0112.JPG,6R/102MEDIA,0,Other_Amphibian,0.4558,2556.8,2312.9,2685.3,2447.5
/srv/shared_leopard_toad/2025/Documents/06.10-13.10.2025/6R/102MEDIA/DSCF0111.JPG,DSCF0111.JPG,6R/102MEDIA,0,Other_Amphibian,0.5469,2556.7,2312.7,2685.5,2447.8
/srv/shared_leopard_toad/2025/Documents/06.10-13.10.2025/6R/102MEDIA/DSCF0263.JPG,DSCF0263.JPG,6R/102MEDIA,0,Other_Amphibian,0.5894,2559.0,2310.0,2683.1,2447.4
/srv/shared_leopard_toad/2025/Documents/06.10-13.10.2025/6R/102MEDIA/DSCF0828.JPG,DSCF0828.JPG,6R/102MEDIA,0,Other_Amphibian,0.3459,2560.4,2377.5,2673.8,2474.4
/srv/shared_leopard_toad/2025/Documents/06.10-13.10.2025/6R/102MEDIA/DSCF0555.JPG,DSCF0555.JPG,6R/102MEDIA,0,Other_Amphibian,0.2932,3739.6,-1.3,3977.9,100.1
/srv/shared_leopard_toad/2025/Documents/06.10-13.10.2025/6R/102MEDIA/DSCF0764.JPG,DSCF0764.JPG,6R/102MEDIA,0,Other_Amphibian,0.3340,3499.2,671.5,3619.8,792.5
/srv/shared_leopard_toad/2025/Documents/06.10-13.10.2025/6R/102MEDIA/DSCF0229.JPG,DSCF0229.JPG,6R/102MEDIA,0,Other_Amphibian,0.7378,2557.2,2311.4,2685.0,2449.1
/srv/shared_leopard_toad/2025/Documents/06.10-13.10.2025/6R/102MEDIA/DSCF0163.JPG,DSCF0163.JPG,6R/102MEDIA,0,Other_Amphibian,0.3452,2558.9,2311.9,2685.8,2448.6
/srv/shared_leopard_toad/2025/Documents/06.10-13.10.2025/6R/102MEDIA/DSCF0283.JPG,DSCF0283.JPG,6R/102MEDIA,0,Other_Amphibian,0.6265,2557.2,2313.2,2682.3,2447.3
/srv/shared_leopard_toad/2025/Documents/06.10-13.10.2025/6R/102MEDIA/DSCF0470.JPG,DSCF0470.JPG,6R/102MEDIA,2,Western_Leopard_Toad,0.2722,3737.3,0.1,3980.2,96.1
/srv/shared_leopard_toad/2025/Documents/06.10-13.10.2025/6R/102MEDIA/DSCF0470.JPG,DSCF0470.JPG,6R/102MEDIA,0,Other_Amphibian,0.2456,3737.3,0.1,3980.2,96.1
/srv/shared_leopard_toad/2025/Documents/06.10-13.10.2025/6R/102MEDIA/DSCF0128.JPG,DSCF0128.JPG,6R/102MEDIA,0,Other_Amphibian,0.6953,3373.2,49.9,3504.3,194.9
/srv/shared_leopard_toad/2025/Documents/06.10-13.10.2025/6R/102MEDIA/DSCF0128.JPG,DSCF0128.JPG,6R/102MEDIA,2,Western_Leopard_Toad,0.2913,3373.2,49.9,3504.3,194.9
/srv/shared_leopard_toad/2025/Documents/06.10-13.10.2025/6R/102MEDIA/DSCF0128.JPG,DSCF0128.JPG,6R/102MEDIA,0,Other_Amphibian,0.2018,2558.5,2312.5,2683.7,2447.9
/srv/shared_leopard_toad/2025/Documents/06.10-13.10.2025/6R/102MEDIA/DSCF0265.JPG,DSCF0265.JPG,6R/102MEDIA,0,Other_Amphibian,0.3599,2559.0,2311.4,2683.2,2449.1
/srv/shared_leopard_toad/2025/Documents/06.10-13.10.2025/6R/102MEDIA/DSCF0022.JPG,DSCF0022.JPG,6R/102MEDIA,0,Other_Amphibian,0.4299,2556.7,2310.9,2685.5,2446.6
/srv/shared_leopard_toad/2025/Documents/06.10-13.10.2025/6R/102MEDIA/DSCF0198.JPG,DSCF0198.JPG,6R/102MEDIA,0,Other_Amphibian,0.5200,2557.4,2312.8,2684.8,2447.6
/srv/shared_leopard_toad/2025/Documents/06.10-13.10.2025/6R/102MEDIA/DSCF0011.JPG,DSCF0011.JPG,6R/102MEDIA,0,Other_Amphibian,0.7651,2557.5,2311.9,2687.3,2448.6
/srv/shared_leopard_toad/2025/Documents/06.10-13.10.2025/6R/102MEDIA/DSCF0073.JPG,DSCF0073.JPG,6R/102MEDIA,0,Other_Amphibian,0.4358,2557.3,2314.1,2684.8,2446.4
/srv/shared_leopard_toad/2025/Documents/06.10-13.10.2025/6R/102MEDIA/DSCF0183.JPG,DSCF0183.JPG,6R/102MEDIA,0,Other_Amphibian,0.2903,2559.0,2311.7,2685.7,2448.8
/srv/shared_leopard_toad/2025/Documents/06.10-13.10.2025/6R/102MEDIA/DSCF0687.JPG,DSCF0687.JPG,6R/102MEDIA,0,Other_Amphibian,0.2411,3308.6,2686.0,3495.4,2842.2
/srv/shared_leopard_toad/2025/Documents/06.10-13.10.2025/6R/102MEDIA/DSCF0289.JPG,DSCF0289.JPG,6R/102MEDIA,0,Other_Amphibian,0.4326,2558.1,2313.2,2681.4,2447.3
/srv/shared_leopard_toad/2025/Documents/06.10-13.10.2025/6R/102MEDIA/DSCF0017.JPG,DSCF0017.JPG,6R/102MEDIA,0,Other_Amphibian,0.3772,2558.3,2312.4,2683.8,2448.0
/srv/shared_leopard_toad/2025/Documents/06.10-13.10.2025/6R/102MEDIA/DSCF0726.JPG,DSCF0726.JPG,6R/102MEDIA,0,Other_Amphibian,0.2375,1898.5,4.0,2002.3,79.4
/srv/shared_leopard_toad/2025/Documents/06.10-13.10.2025/6R/102MEDIA/DSCF0857.JPG,DSCF0857.JPG,6R/102MEDIA,0,Other_Amphibian,0.2207,155.5,1227.6,245.8,1312.0
/srv/shared_leopard_toad/2025/Documents/06.10-13.10.2025/6R/102MEDIA/DSCF0075.JPG,DSCF0075.JPG,6R/102MEDIA,0,Other_Amphibian,0.6045,2557.0,2312.9,2685.1,2447.5
/srv/shared_leopard_toad/2025/Documents/06.10-13.10.2025/6R/102MEDIA/DSCF0104.JPG,DSCF0104.JPG,6R/102MEDIA,0,Other_Amphibian,0.7412,2556.7,2312.9,2685.5,2447.5
/srv/shared_leopard_toad/2025/Documents/06.10-13.10.2025/6R/102MEDIA/DSCF0316.JPG,DSCF0316.JPG,6R/102MEDIA,0,Other_Amphibian,0.2068,3727.2,-0.9,3979.8,98.2
/srv/shared_leopard_toad/2025/Documents/06.10-13.10.2025/6R/102MEDIA/DSCF0043.JPG,DSCF0043.JPG,6R/102MEDIA,0,Other_Amphibian,0.4102,2556.8,2310.8,2685.3,2446.7
/srv/shared_leopard_toad/2025/Documents/06.10-13.10.2025/6R/102MEDIA/DSCF0043.JPG,DSCF0043.JPG,6R/102MEDIA,0,Other_Amphibian,0.3687,2556.9,2311.9,2685.2,2448.6
/srv/shared_leopard_toad/2025/Documents/06.10-13.10.2025/6R/102MEDIA/DSCF0275.JPG,DSCF0275.JPG,6R/102MEDIA,0,Other_Amphibian,0.6719,2557.0,2312.9,2682.5,2447.5
/srv/shared_leopard_toad/2025/Documents/06.10-13.10.2025/6R/102MEDIA/DSCF0245.JPG,DSCF0245.JPG,6R/102MEDIA,0,Other_Amphibian,0.7129,2558.2,2311.4,2683.9,2449.1
/srv/shared_leopard_toad/2025/Documents/06.10-13.10.2025/6R/102MEDIA/DSCF0887.JPG,DSCF0887.JPG,6R/102MEDIA,0,Other_Amphibian,0.2009,1871.0,-7.9,2008.7,67.1
/srv/shared_leopard_toad/2025/Documents/06.10-13.10.2025/6R/102MEDIA/DSCF0132.JPG,DSCF0132.JPG,6R/102MEDIA,0,Other_Amphibian,0.5459,3369.4,55.0,3508.1,195.0
/srv/shared_leopard_toad/2025/Documents/06.10-13.10.2025/6R/102MEDIA/DSCF0132.JPG,DSCF0132.JPG,6R/102MEDIA,2,Western_Leopard_Toad,0.2727,3369.4,55.0,3508.1,195.0
/srv/shared_leopard_toad/2025/Documents/06.10-13.10.2025/6R/102MEDIA/DSCF0457.JPG,DSCF0457.JPG,6R/102MEDIA,0,Other_Amphibian,0.5000,672.5,2753.1,817.2,2863.8
/srv/shared_leopard_toad/2025/Documents/06.10-13.10.2025/6R/102MEDIA/DSCF0126.JPG,DSCF0126.JPG,6R/102MEDIA,0,Other_Amphibian,0.4475,2557.2,2311.4,2685.0,2449.1
/srv/shared_leopard_toad/2025/Documents/06.10-13.10.2025/6R/102MEDIA/DSCF0456.JPG,DSCF0456.JPG,6R/102MEDIA,2,Western_Leopard_Toad,0.9312,4266.9,1413.1,4458.6,1631.6
/srv/shared_leopard_toad/2025/Documents/06.10-13.10.2025/6R/102MEDIA/DSCF0456.JPG,DSCF0456.JPG,6R/102MEDIA,0,Other_Amphibian,0.2048,4266.9,1413.1,4458.6,1631.6
/srv/shared_leopard_toad/2025/Documents/06.10-13.10.2025/6R/102MEDIA/DSCF0249.JPG,DSCF0249.JPG,6R/102MEDIA,0,Other_Amphibian,0.9121,3894.5,748.9,4080.2,909.2
/srv/shared_leopard_toad/2025/Documents/06.10-13.10.2025/6R/102MEDIA/DSCF0249.JPG,DSCF0249.JPG,6R/102MEDIA,0,Other_Amphibian,0.7656,2556.9,2308.5,2685.2,2449.0
/srv/shared_leopard_toad/2025/Documents/06.10-13.10.2025/6R/102MEDIA/DSCF0093.JPG,DSCF0093.JPG,6R/102MEDIA,0,Other_Amphibian,0.4924,2557.9,2313.2,2686.9,2447.3
/srv/shared_leopard_toad/2025/Documents/06.10-13.10.2025/6R/102MEDIA/DSCF0083.JPG,DSCF0083.JPG,6R/102MEDIA,0,Other_Amphibian,0.7827,2557.7,2310.4,2687.0,2447.1
/srv/shared_leopard_toad/2025/Documents/06.10-13.10.2025/6R/102MEDIA/DSCF0682.JPG,DSCF0682.JPG,6R/102MEDIA,0,Other_Amphibian,0.5942,3309.1,2688.2,3494.9,2851.8
/srv/shared_leopard_toad/2025/Documents/06.10-13.10.2025/6R/102MEDIA/DSCF0682.JPG,DSCF0682.JPG,6R/102MEDIA,2,Western_Leopard_Toad,0.2529,3729.3,-0.7,3977.7,100.3
/srv/shared_leopard_toad/2025/Documents/06.10-13.10.2025/6R/102MEDIA/DSCF0682.JPG,DSCF0682.JPG,6R/102MEDIA,0,Other_Amphibian,0.2006,3307.9,2688.2,3496.1,2851.8
/srv/shared_leopard_toad/2025/Documents/06.10-13.10.2025/6R/102MEDIA/DSCF0285.JPG,DSCF0285.JPG,6R/102MEDIA,0,Other_Amphibian,0.4944,2557.9,2314.7,2681.6,2448.7
/srv/shared_leopard_toad/2025/Documents/06.10-13.10.2025/6R/102MEDIA/DSCF0787.JPG,DSCF0787.JPG,6R/102MEDIA,0,Other_Amphibian,0.5737,2556.8,2373.7,2677.5,2478.3
/srv/shared_leopard_toad/2025/Documents/06.10-13.10.2025/6R/102MEDIA/DSCF0756.JPG,DSCF0756.JPG,6R/102MEDIA,0,Other_Amphibian,0.2056,143.1,1224.9,227.6,1291.2
/srv/shared_leopard_toad/2025/Documents/06.10-13.10.2025/6R/102MEDIA/DSCF0199.JPG,DSCF0199.JPG,6R/102MEDIA,0,Other_Amphibian,0.6890,3759.7,2566.5,3957.8,2746.2
/srv/shared_leopard_toad/2025/Documents/06.10-13.10.2025/6R/102MEDIA/DSCF0199.JPG,DSCF0199.JPG,6R/102MEDIA,0,Other_Amphibian,0.4531,2557.4,2311.7,2684.8,2448.8
/srv/shared_leopard_toad/2025/Documents/06.10-13.10.2025/6R/102MEDIA/DSCF0517.JPG,DSCF0517.JPG,6R/102MEDIA,0,Other_Amphibian,0.2255,3733.6,-0.5,3978.7,99.3
/srv/shared_leopard_toad/2025/Documents/06.10-13.10.2025/6R/102MEDIA/DSCF0281.JPG,DSCF0281.JPG,6R/102MEDIA,0,Other_Amphibian,0.5098,2557.0,2313.2,2682.5,2447.3
/srv/shared_leopard_toad/2025/Documents/06.10-13.10.2025/6R/102MEDIA/DSCF0597.JPG,DSCF0597.JPG,6R/102MEDIA,2,Western_Leopard_Toad,0.3538,3727.4,0.1,3979.6,99.4
/srv/shared_leopard_toad/2025/Documents/06.10-13.10.2025/6R/102MEDIA/DSCF0597.JPG,DSCF0597.JPG,6R/102MEDIA,0,Other_Amphibian,0.2659,3727.4,0.1,3979.6,99.4
/srv/shared_leopard_toad/2025/Documents/06.10-13.10.2025/6R/102MEDIA/DSCF0120.JPG,DSCF0120.JPG,6R/102MEDIA,0,Other_Amphibian,0.5747,2557.0,2313.3,2685.1,2447.2
/srv/shared_leopard_toad/2025/Documents/06.10-13.10.2025/6R/102MEDIA/DSCF0255.JPG,DSCF0255.JPG,6R/102MEDIA,0,Other_Amphibian,0.7695,2557.0,2310.7,2685.1,2449.7
/srv/shared_leopard_toad/2025/Documents/06.10-13.10.2025/6R/102MEDIA/DSCF0477.JPG,DSCF0477.JPG,6R/102MEDIA,0,Other_Amphibian,0.2413,3742.3,0.0,3980.4,95.4
/srv/shared_leopard_toad/2025/Documents/06.10-13.10.2025/6R/102MEDIA/DSCF0166.JPG,DSCF0166.JPG,6R/102MEDIA,0,Other_Amphibian,0.4116,2558.5,2309.8,2686.3,2447.7
/srv/shared_leopard_toad/2025/Documents/06.10-13.10.2025/6R/102MEDIA/DSCF0810.JPG,DSCF0810.JPG,6R/102MEDIA,0,Other_Amphibian,0.2751,159.0,1230.8,238.7,1297.1
/srv/shared_leopard_toad/2025/Documents/06.10-13.10.2025/6R/102MEDIA/DSCF0810.JPG,DSCF0810.JPG,6R/102MEDIA,0,Other_Amphibian,0.2549,159.0,1226.3,242.9,1301.6
/srv/shared_leopard_toad/2025/Documents/06.10-13.10.2025/6R/102MEDIA/DSCF0810.JPG,DSCF0810.JPG,6R/102MEDIA,0,Other_Amphibian,0.2194,2566.1,2379.1,2676.0,2469.9
/srv/shared_leopard_toad/2025/Documents/06.10-13.10.2025/6R/102MEDIA/DSCF0475.JPG,DSCF0475.JPG,6R/102MEDIA,0,Other_Amphibian,0.2034,3733.3,-0.4,3978.9,98.1
/srv/shared_leopard_toad/2025/Documents/06.10-13.10.2025/6R/102MEDIA/DSCF0219.JPG,DSCF0219.JPG,6R/102MEDIA,0,Other_Amphibian,0.4402,2557.7,2309.9,2684.4,2447.6
/srv/shared_leopard_toad/2025/Documents/06.10-13.10.2025/6R/102MEDIA/DSCF0219.JPG,DSCF0219.JPG,6R/102MEDIA,2,Western_Leopard_Toad,0.3301,410.7,828.0,570.4,976.3
/srv/shared_leopard_toad/2025/Documents/06.10-13.10.2025/6R/102MEDIA/DSCF0737.JPG,DSCF0737.JPG,6R/102MEDIA,0,Other_Amphibian,0.2216,1901.6,4.8,1993.9,77.0
/srv/shared_leopard_toad/2025/Documents/06.10-13.10.2025/6R/102MEDIA/DSCF0428.JPG,DSCF0428.JPG,6R/102MEDIA,2,Western_Leopard_Toad,0.8159,2212.3,2649.8,2415.6,2846.0
/srv/shared_leopard_toad/2025/Documents/06.10-13.10.2025/6R/102MEDIA/DSCF0428.JPG,DSCF0428.JPG,6R/102MEDIA,0,Other_Amphibian,0.3186,2212.3,2649.8,2415.6,2846.0
/srv/shared_leopard_toad/2025/Documents/06.10-13.10.2025/6R/102MEDIA/DSCF0684.JPG,DSCF0684.JPG,6R/102MEDIA,0,Other_Amphibian,0.3879,3306.1,2690.0,3492.6,2847.1
/srv/shared_leopard_toad/2025/Documents/06.10-13.10.2025/6R/102MEDIA/DSCF0546.JPG,DSCF0546.JPG,6R/102MEDIA,2,Western_Leopard_Toad,0.3115,3742.3,-1.0,3980.4,96.8
/srv/shared_leopard_toad/2025/Documents/06.10-13.10.2025/6R/102MEDIA/DSCF0177.JPG,DSCF0177.JPG,6R/102MEDIA,0,Other_Amphibian,0.3796,2557.7,2311.5,2684.4,2448.9
/srv/shared_leopard_toad/2025/Documents/06.10-13.10.2025/6R/102MEDIA/DSCF0296.JPG,DSCF0296.JPG,6R/102MEDIA,0,Other_Amphibian,0.4580,2558.3,2313.4,2681.2,2447.0
/srv/shared_leopard_toad/2025/Documents/06.10-13.10.2025/6R/102MEDIA/DSCF0427.JPG,DSCF0427.JPG,6R/102MEDIA,2,Western_Leopard_Toad,0.8184,2212.1,2650.9,2413.1,2850.8
/srv/shared_leopard_toad/2025/Documents/06.10-13.10.2025/6R/102MEDIA/DSCF0427.JPG,DSCF0427.JPG,6R/102MEDIA,0,Other_Amphibian,0.2708,2212.1,2650.9,2413.1,2850.8
/srv/shared_leopard_toad/2025/Documents/06.10-13.10.2025/6R/102MEDIA/DSCF0046.JPG,DSCF0046.JPG,6R/102MEDIA,0,Other_Amphibian,0.7432,2557.6,2312.0,2687.1,2448.4
/srv/shared_leopard_toad/2025/Documents/06.10-13.10.2025/6R/102MEDIA/DSCF0071.JPG,DSCF0071.JPG,6R/102MEDIA,0,Other_Amphibian,0.4639,2557.6,2313.8,2684.5,2446.7
/srv/shared_leopard_toad/2025/Documents/06.10-13.10.2025/6R/102MEDIA/DSCF0028.JPG,DSCF0028.JPG,6R/102MEDIA,0,Other_Amphibian,0.4829,2558.9,2310.4,2685.8,2447.1
/srv/shared_leopard_toad/2025/Documents/06.10-13.10.2025/6R/102MEDIA/DSCF0028.JPG,DSCF0028.JPG,6R/102MEDIA,0,Other_Amphibian,0.4705,2557.9,2311.4,2684.3,2449.1
/srv/shared_leopard_toad/2025/Documents/06.10-13.10.2025/6R/102MEDIA/DSCF0437.JPG,DSCF0437.JPG,6R/102MEDIA,2,Western_Leopard_Toad,0.3879,3758.4,-0.2,3974.8,98.0
/srv/shared_leopard_toad/2025/Documents/06.10-13.10.2025/6R/102MEDIA/DSCF0437.JPG,DSCF0437.JPG,6R/102MEDIA,0,Other_Amphibian,0.3738,3758.4,-0.2,3974.8,98.0
/srv/shared_leopard_toad/2025/Documents/06.10-13.10.2025/6R/102MEDIA/DSCF0080.JPG,DSCF0080.JPG,6R/102MEDIA,0,Other_Amphibian,0.4131,2557.5,2313.9,2684.6,2446.5
/srv/shared_leopard_toad/2025/Documents/06.10-13.10.2025/6R/102MEDIA/DSCF0694.JPG,DSCF0694.JPG,6R/102MEDIA,2,Western_Leopard_Toad,0.9297,2074.6,2547.3,2251.4,2741.7
/srv/shared_leopard_toad/2025/Documents/06.10-13.10.2025/6R/102MEDIA/DSCF0694.JPG,DSCF0694.JPG,6R/102MEDIA,2,Western_Leopard_Toad,0.2515,3713.0,-0.2,3983.5,102.1
/srv/shared_leopard_toad/2025/Documents/06.10-13.10.2025/6R/102MEDIA/DSCF0969.JPG,DSCF0969.JPG,6R/102MEDIA,0,Other_Amphibian,0.2595,2597.4,282.5,2689.4,401.9
/srv/shared_leopard_toad/2025/Documents/06.10-13.10.2025/6R/102MEDIA/DSCF0032.JPG,DSCF0032.JPG,6R/102MEDIA,0,Other_Amphibian,0.5161,2560.4,2311.7,2687.0,2448.8
/srv/shared_leopard_toad/2025/Documents/06.10-13.10.2025/6R/102MEDIA/DSCF0905.JPG,DSCF0905.JPG,6R/102MEDIA,0,Other_Amphibian,0.2303,1873.9,-8.5,2008.5,69.5
/srv/shared_leopard_toad/2025/Documents/06.10-13.10.2025/6R/102MEDIA/DSCF0306.JPG,DSCF0306.JPG,6R/102MEDIA,0,Other_Amphibian,0.4124,2558.2,2314.7,2681.3,2448.6
/srv/shared_leopard_toad/2025/Documents/06.10-13.10.2025/6R/102MEDIA/DSCF0131.JPG,DSCF0131.JPG,6R/102MEDIA,0,Other_Amphibian,0.8120,3369.2,54.3,3508.3,193.2
/srv/shared_leopard_toad/2025/Documents/06.10-13.10.2025/6R/102MEDIA/DSCF0131.JPG,DSCF0131.JPG,6R/102MEDIA,2,Western_Leopard_Toad,0.3259,3369.2,54.3,3508.3,193.2
/srv/shared_leopard_toad/2025/Documents/06.10-13.10.2025/6R/102MEDIA/DSCF0176.JPG,DSCF0176.JPG,6R/102MEDIA,0,Other_Amphibian,0.4011,2557.5,2309.4,2684.6,2448.1
/srv/shared_leopard_toad/2025/Documents/06.10-13.10.2025/6R/102MEDIA/DSCF0212.JPG,DSCF0212.JPG,6R/102MEDIA,0,Other_Amphibian,0.8911,3910.8,2658.3,4085.0,2819.8
/srv/shared_leopard_toad/2025/Documents/06.10-13.10.2025/6R/102MEDIA/DSCF0212.JPG,DSCF0212.JPG,6R/102MEDIA,2,Western_Leopard_Toad,0.5615,1435.5,1286.3,1635.8,1454.2
/srv/shared_leopard_toad/2025/Documents/06.10-13.10.2025/6R/102MEDIA/DSCF0212.JPG,DSCF0212.JPG,6R/102MEDIA,0,Other_Amphibian,0.3362,2557.4,2311.5,2684.8,2448.9
/srv/shared_leopard_toad/2025/Documents/06.10-13.10.2025/6R/102MEDIA/DSCF0102.JPG,DSCF0102.JPG,6R/102MEDIA,0,Other_Amphibian,0.3079,2558.0,2314.7,2684.1,2448.6
/srv/shared_leopard_toad/2025/Documents/06.10-13.10.2025/6R/102MEDIA/DSCF0438.JPG,DSCF0438.JPG,6R/102MEDIA,0,Other_Amphibian,0.2213,3738.4,-0.6,3979.1,97.2
/srv/shared_leopard_toad/2025/Documents/06.10-13.10.2025/6R/102MEDIA/DSCF0453.JPG,DSCF0453.JPG,6R/102MEDIA,2,Western_Leopard_Toad,0.4009,3735.1,-0.4,3977.1,100.0
/srv/shared_leopard_toad/2025/Documents/06.10-13.10.2025/6R/102MEDIA/DSCF0453.JPG,DSCF0453.JPG,6R/102MEDIA,0,Other_Amphibian,0.2776,3735.1,-0.4,3977.1,100.0
/srv/shared_leopard_toad/2025/Documents/06.10-13.10.2025/6R/102MEDIA/DSCF0291.JPG,DSCF0291.JPG,6R/102MEDIA,0,Other_Amphibian,0.3867,2557.5,2314.4,2682.0,2449.0
/srv/shared_leopard_toad/2025/Documents/06.10-13.10.2025/6R/102MEDIA/DSCF0021.JPG,DSCF0021.JPG,6R/102MEDIA,0,Other_Amphibian,0.6860,2557.5,2310.2,2687.3,2447.3
/srv/shared_leopard_toad/2025/Documents/06.10-13.10.2025/6R/102MEDIA/DSCF0227.JPG,DSCF0227.JPG,6R/102MEDIA,0,Other_Amphibian,0.7153,2558.9,2309.4,2685.8,2448.1
/srv/shared_leopard_toad/2025/Documents/06.10-13.10.2025/6R/102MEDIA/DSCF0054.JPG,DSCF0054.JPG,6R/102MEDIA,0,Other_Amphibian,0.5225,2557.9,2312.7,2684.3,2447.8
/srv/shared_leopard_toad/2025/Documents/06.10-13.10.2025/6R/102MEDIA/DSCF0054.JPG,DSCF0054.JPG,6R/102MEDIA,0,Other_Amphibian,0.3252,2556.7,2312.4,2682.8,2448.0
/srv/shared_leopard_toad/2025/Documents/06.10-13.10.2025/6R/102MEDIA/DSCF0334.JPG,DSCF0334.JPG,6R/102MEDIA,0,Other_Amphibian,0.2094,3719.5,0.6,3982.2,100.1
/srv/shared_leopard_toad/2025/Documents/06.10-13.10.2025/6R/102MEDIA/DSCF0481.JPG,DSCF0481.JPG,6R/102MEDIA,2,Western_Leopard_Toad,0.3376,3734.2,0.1,3978.0,101.4
/srv/shared_leopard_toad/2025/Documents/06.10-13.10.2025/6R/102MEDIA/DSCF0481.JPG,DSCF0481.JPG,6R/102MEDIA,0,Other_Amphibian,0.2800,3734.2,0.1,3978.0,101.4
/srv/shared_leopard_toad/2025/Documents/06.10-13.10.2025/6R/102MEDIA/DSCF0815.JPG,DSCF0815.JPG,6R/102MEDIA,0,Other_Amphibian,0.2065,163.1,1230.2,246.7,1309.5
/srv/shared_leopard_toad/2025/Documents/06.10-13.10.2025/6R/102MEDIA/DSCF0300.JPG,DSCF0300.JPG,6R/102MEDIA,0,Other_Amphibian,0.3113,2558.2,2312.9,2681.3,2447.5
/srv/shared_leopard_toad/2025/Documents/06.10-13.10.2025/6R/102MEDIA/DSCF0136.JPG,DSCF0136.JPG,6R/102MEDIA,0,Other_Amphibian,0.7314,3367.4,69.2,3504.8,221.3
/srv/shared_leopard_toad/2025/Documents/06.10-13.10.2025/6R/102MEDIA/DSCF0136.JPG,DSCF0136.JPG,6R/102MEDIA,2,Western_Leopard_Toad,0.6748,3367.4,69.2,3504.8,221.3
/srv/shared_leopard_toad/2025/Documents/06.10-13.10.2025/6R/102MEDIA/DSCF0136.JPG,DSCF0136.JPG,6R/102MEDIA,0,Other_Amphibian,0.3259,2556.1,2311.4,2686.1,2449.1
/srv/shared_leopard_toad/2025/Documents/06.10-13.10.2025/6R/102MEDIA/DSCF0204.JPG,DSCF0204.JPG,6R/102MEDIA,0,Other_Amphibian,0.4893,2558.1,2311.5,2684.0,2448.9
/srv/shared_leopard_toad/2025/Documents/06.10-13.10.2025/6R/102MEDIA/DSCF0204.JPG,DSCF0204.JPG,6R/102MEDIA,0,Other_Amphibian,0.3452,1062.2,2743.5,1221.6,2864.5
/srv/shared_leopard_toad/2025/Documents/06.10-13.10.2025/6R/102MEDIA/DSCF0122.JPG,DSCF0122.JPG,6R/102MEDIA,0,Other_Amphibian,0.3032,2558.0,2312.2,2684.1,2448.3
/srv/shared_leopard_toad/2025/Documents/06.10-13.10.2025/6R/102MEDIA/DSCF0733.JPG,DSCF0733.JPG,6R/102MEDIA,2,Western_Leopard_Toad,0.2510,303.8,381.0,497.4,546.3
/srv/shared_leopard_toad/2025/Documents/06.10-13.10.2025/6R/102MEDIA/DSCF0733.JPG,DSCF0733.JPG,6R/102MEDIA,2,Western_Leopard_Toad,0.2502,294.0,380.6,492.8,533.4
/srv/shared_leopard_toad/2025/Documents/06.10-13.10.2025/6R/102MEDIA/DSCF0831.JPG,DSCF0831.JPG,6R/102MEDIA,0,Other_Amphibian,0.2289,155.4,1231.6,238.3,1305.2
/srv/shared_leopard_toad/2025/Documents/06.10-13.10.2025/6R/102MEDIA/DSCF0294.JPG,DSCF0294.JPG,6R/102MEDIA,0,Other_Amphibian,0.4456,2555.4,2313.2,2678.9,2447.3
/srv/shared_leopard_toad/2025/Documents/06.10-13.10.2025/6R/102MEDIA/DSCF0276.JPG,DSCF0276.JPG,6R/102MEDIA,0,Other_Amphibian,0.4661,2557.5,2312.3,2682.0,2448.1
/srv/shared_leopard_toad/2025/Documents/06.10-13.10.2025/6R/102MEDIA/DSCF0276.JPG,DSCF0276.JPG,6R/102MEDIA,0,Other_Amphibian,0.2216,1869.2,-8.3,2000.0,72.0
/srv/shared_leopard_toad/2025/Documents/06.10-13.10.2025/6R/102MEDIA/DSCF0142.JPG,DSCF0142.JPG,6R/102MEDIA,0,Other_Amphibian,0.4226,2557.7,2312.5,2684.4,2447.9
/srv/shared_leopard_toad/2025/Documents/06.10-13.10.2025/6R/102MEDIA/DSCF0552.JPG,DSCF0552.JPG,6R/102MEDIA,0,Other_Amphibian,0.2029,3705.9,0.8,3980.1,98.8
/srv/shared_leopard_toad/2025/Documents/06.10-13.10.2025/6R/102MEDIA/DSCF0179.JPG,DSCF0179.JPG,6R/102MEDIA,0,Other_Amphibian,0.5146,2556.3,2309.5,2685.8,2448.0
/srv/shared_leopard_toad/2025/Documents/06.10-13.10.2025/6R/102MEDIA/DSCF0066.JPG,DSCF0066.JPG,6R/102MEDIA,0,Other_Amphibian,0.6904,2557.4,2312.9,2684.8,2447.5
/srv/shared_leopard_toad/2025/Documents/06.10-13.10.2025/6R/102MEDIA/DSCF0019.JPG,DSCF0019.JPG,6R/102MEDIA,0,Other_Amphibian,0.5474,2558.2,2311.9,2686.5,2448.6
/srv/shared_leopard_toad/2025/Documents/06.10-13.10.2025/6R/102MEDIA/DSCF0160.JPG,DSCF0160.JPG,6R/102MEDIA,0,Other_Amphibian,0.3635,2557.3,2311.9,2684.8,2448.6
/srv/shared_leopard_toad/2025/Documents/06.10-13.10.2025/6R/102MEDIA/DSCF0034.JPG,DSCF0034.JPG,6R/102MEDIA,0,Other_Amphibian,0.5620,2557.2,2312.7,2685.0,2447.8
/srv/shared_leopard_toad/2025/Documents/06.10-13.10.2025/6R/102MEDIA/DSCF0818.JPG,DSCF0818.JPG,6R/102MEDIA,0,Other_Amphibian,0.2028,159.9,1232.1,239.1,1298.7
/srv/shared_leopard_toad/2025/Documents/06.10-13.10.2025/6R/102MEDIA/DSCF0005.JPG,DSCF0005.JPG,6R/102MEDIA,0,Other_Amphibian,0.4780,2556.3,2310.0,2685.8,2447.4
/srv/shared_leopard_toad/2025/Documents/06.10-13.10.2025/6R/102MEDIA/DSCF0952.JPG,DSCF0952.JPG,6R/102MEDIA,0,Other_Amphibian,0.3770,2596.2,282.3,2685.3,388.1
/srv/shared_leopard_toad/2025/Documents/06.10-13.10.2025/6R/102MEDIA/DSCF0172.JPG,DSCF0172.JPG,6R/102MEDIA,0,Other_Amphibian,0.3696,2558.3,2309.7,2686.4,2447.8
/srv/shared_leopard_toad/2025/Documents/06.10-13.10.2025/6R/102MEDIA/DSCF0257.JPG,DSCF0257.JPG,6R/102MEDIA,0,Other_Amphibian,0.7891,2556.9,2309.3,2685.2,2448.2
/srv/shared_leopard_toad/2025/Documents/06.10-13.10.2025/6R/102MEDIA/DSCF0467.JPG,DSCF0467.JPG,6R/102MEDIA,0,Other_Amphibian,0.2039,3730.0,-0.6,3977.0,99.4
/srv/shared_leopard_toad/2025/Documents/06.10-13.10.2025/6R/102MEDIA/DSCF0162.JPG,DSCF0162.JPG,6R/102MEDIA,0,Other_Amphibian,0.4119,2558.5,2311.9,2686.3,2448.6
/srv/shared_leopard_toad/2025/Documents/06.10-13.10.2025/6R/102MEDIA/DSCF0274.JPG,DSCF0274.JPG,6R/102MEDIA,0,Other_Amphibian,0.5610,2557.2,2312.8,2682.3,2447.6
/srv/shared_leopard_toad/2025/Documents/06.10-13.10.2025/6R/102MEDIA/DSCF0259.JPG,DSCF0259.JPG,6R/102MEDIA,0,Other_Amphibian,0.6577,2558.1,2309.7,2684.0,2447.8
/srv/shared_leopard_toad/2025/Documents/06.10-13.10.2025/6R/102MEDIA/DSCF0797.JPG,DSCF0797.JPG,6R/102MEDIA,0,Other_Amphibian,0.2512,2561.4,2380.8,2672.8,2474.1
/srv/shared_leopard_toad/2025/Documents/06.10-13.10.2025/6R/102MEDIA/DSCF0797.JPG,DSCF0797.JPG,6R/102MEDIA,0,Other_Amphibian,0.2388,2560.6,2378.5,2673.7,2473.5
/srv/shared_leopard_toad/2025/Documents/06.10-13.10.2025/6R/102MEDIA/DSCF0957.JPG,DSCF0957.JPG,6R/102MEDIA,0,Other_Amphibian,0.2771,2598.0,281.7,2694.0,402.7
/srv/shared_leopard_toad/2025/Documents/06.10-13.10.2025/6R/102MEDIA/DSCF0557.JPG,DSCF0557.JPG,6R/102MEDIA,2,Western_Leopard_Toad,0.6870,3062.4,2109.6,3232.4,2266.9
/srv/shared_leopard_toad/2025/Documents/06.10-13.10.2025/6R/102MEDIA/DSCF0557.JPG,DSCF0557.JPG,6R/102MEDIA,0,Other_Amphibian,0.2993,3062.4,2109.6,3232.4,2266.9
/srv/shared_leopard_toad/2025/Documents/06.10-13.10.2025/6R/102MEDIA/DSCF0035.JPG,DSCF0035.JPG,6R/102MEDIA,0,Other_Amphibian,0.5312,2558.7,2311.2,2686.1,2446.3
/srv/shared_leopard_toad/2025/Documents/06.10-13.10.2025/6R/102MEDIA/DSCF0035.JPG,DSCF0035.JPG,6R/102MEDIA,0,Other_Amphibian,0.2334,2556.2,2313.9,2683.3,2449.5
/srv/shared_leopard_toad/2025/Documents/06.10-13.10.2025/6R/102MEDIA/DSCF0269.JPG,DSCF0269.JPG,6R/102MEDIA,0,Other_Amphibian,0.4180,2558.7,2312.0,2683.4,2448.4
/srv/shared_leopard_toad/2025/Documents/06.10-13.10.2025/6R/102MEDIA/DSCF0269.JPG,DSCF0269.JPG,6R/102MEDIA,2,Western_Leopard_Toad,0.3992,3014.8,2071.8,3216.9,2230.9
/srv/shared_leopard_toad/2025/Documents/06.10-13.10.2025/6R/102MEDIA/DSCF0004.JPG,DSCF0004.JPG,6R/102MEDIA,0,Other_Amphibian,0.7261,2556.8,2310.2,2685.3,2447.3
/srv/shared_leopard_toad/2025/Documents/06.10-13.10.2025/6R/102MEDIA/DSCF0434.JPG,DSCF0434.JPG,6R/102MEDIA,2,Western_Leopard_Toad,0.5425,839.2,2528.0,960.2,2675.4
/srv/shared_leopard_toad/2025/Documents/06.10-13.10.2025/6R/102MEDIA/DSCF0434.JPG,DSCF0434.JPG,6R/102MEDIA,0,Other_Amphibian,0.3430,839.2,2528.0,960.2,2675.4
/srv/shared_leopard_toad/2025/Documents/06.10-13.10.2025/6R/102MEDIA/DSCF0159.JPG,DSCF0159.JPG,6R/102MEDIA,0,Other_Amphibian,0.2998,2559.3,2311.7,2685.5,2448.8
/srv/shared_leopard_toad/2025/Documents/06.10-13.10.2025/6R/102MEDIA/DSCF0297.JPG,DSCF0297.JPG,6R/102MEDIA,0,Other_Amphibian,0.2920,2555.6,2313.7,2678.6,2446.8
/srv/shared_leopard_toad/2025/Documents/06.10-13.10.2025/6R/102MEDIA/DSCF0170.JPG,DSCF0170.JPG,6R/102MEDIA,0,Other_Amphibian,0.3008,2559.5,2310.2,2685.2,2447.3
/srv/shared_leopard_toad/2025/Documents/06.10-13.10.2025/6R/102MEDIA/DSCF0352.JPG,DSCF0352.JPG,6R/102MEDIA,0,Other_Amphibian,0.3491,3433.7,921.1,3606.6,1087.1
/srv/shared_leopard_toad/2025/Documents/06.10-13.10.2025/6R/102MEDIA/DSCF0352.JPG,DSCF0352.JPG,6R/102MEDIA,0,Other_Amphibian,0.2002,3729.1,-0.6,3977.9,99.4
/srv/shared_leopard_toad/2025/Documents/06.10-13.10.2025/6R/102MEDIA/DSCF0793.JPG,DSCF0793.JPG,6R/102MEDIA,0,Other_Amphibian,0.2627,2565.4,2378.5,2676.8,2473.5
/srv/shared_leopard_toad/2025/Documents/06.10-13.10.2025/6R/102MEDIA/DSCF0793.JPG,DSCF0793.JPG,6R/102MEDIA,0,Other_Amphibian,0.2157,2563.5,2379.8,2676.0,2475.1
/srv/shared_leopard_toad/2025/Documents/06.10-13.10.2025/6R/102MEDIA/DSCF0859.JPG,DSCF0859.JPG,6R/102MEDIA,0,Other_Amphibian,0.2029,152.0,1226.0,231.5,1304.8
/srv/shared_leopard_toad/2025/Documents/06.10-13.10.2025/6R/102MEDIA/DSCF0161.JPG,DSCF0161.JPG,6R/102MEDIA,0,Other_Amphibian,0.3435,2558.0,2310.5,2684.1,2446.9
/srv/shared_leopard_toad/2025/Documents/06.10-13.10.2025/6R/102MEDIA/DSCF0002.JPG,DSCF0002.JPG,6R/102MEDIA,0,Other_Amphibian,0.5444,2557.9,2311.7,2686.9,2448.8
/srv/shared_leopard_toad/2025/Documents/06.10-13.10.2025/6R/102MEDIA/DSCF0002.JPG,DSCF0002.JPG,6R/102MEDIA,0,Other_Amphibian,0.4019,2558.6,2311.4,2686.2,2449.1
/srv/shared_leopard_toad/2025/Documents/06.10-13.10.2025/6R/102MEDIA/DSCF0578.JPG,DSCF0578.JPG,6R/102MEDIA,2,Western_Leopard_Toad,0.3679,3732.6,-0.7,3979.7,98.8
/srv/shared_leopard_toad/2025/Documents/06.10-13.10.2025/6R/102MEDIA/DSCF0578.JPG,DSCF0578.JPG,6R/102MEDIA,0,Other_Amphibian,0.2191,3732.6,-0.7,3979.7,98.8
/srv/shared_leopard_toad/2025/Documents/06.10-13.10.2025/6R/102MEDIA/DSCF0847.JPG,DSCF0847.JPG,6R/102MEDIA,0,Other_Amphibian,0.2273,153.4,1230.2,236.0,1312.5
/srv/shared_leopard_toad/2025/Documents/06.10-13.10.2025/6R/102MEDIA/DSCF0228.JPG,DSCF0228.JPG,6R/102MEDIA,0,Other_Amphibian,0.6685,2558.2,2312.2,2683.9,2448.3
/srv/shared_leopard_toad/2025/Documents/06.10-13.10.2025/6R/102MEDIA/DSCF0253.JPG,DSCF0253.JPG,6R/102MEDIA,0,Other_Amphibian,0.7236,2558.1,2311.4,2684.0,2449.1
/srv/shared_leopard_toad/2025/Documents/06.10-13.10.2025/6R/102MEDIA/DSCF0218.JPG,DSCF0218.JPG,6R/102MEDIA,0,Other_Amphibian,0.4387,2556.4,2309.7,2685.7,2447.8
/srv/shared_leopard_toad/2025/Documents/06.10-13.10.2025/6R/102MEDIA/DSCF0435.JPG,DSCF0435.JPG,6R/102MEDIA,0,Other_Amphibian,0.2135,3714.5,-0.5,3976.7,95.9
/srv/shared_leopard_toad/2025/Documents/06.10-13.10.2025/6R/102MEDIA/DSCF0260.JPG,DSCF0260.JPG,6R/102MEDIA,0,Other_Amphibian,0.5010,2558.2,2310.9,2683.9,2449.6
/srv/shared_leopard_toad/2025/Documents/06.10-13.10.2025/6R/102MEDIA/DSCF0115.JPG,DSCF0115.JPG,6R/102MEDIA,0,Other_Amphibian,0.4468,2557.5,2313.0,2684.6,2447.4
/srv/shared_leopard_toad/2025/Documents/06.10-13.10.2025/6R/102MEDIA/DSCF0037.JPG,DSCF0037.JPG,6R/102MEDIA,0,Other_Amphibian,0.5425,2556.8,2310.5,2685.3,2446.9
/srv/shared_leopard_toad/2025/Documents/06.10-13.10.2025/6R/102MEDIA/DSCF0037.JPG,DSCF0037.JPG,6R/102MEDIA,0,Other_Amphibian,0.2883,2557.5,2311.7,2684.6,2448.8
/srv/shared_leopard_toad/2025/Documents/06.10-13.10.2025/6R/102MEDIA/DSCF0056.JPG,DSCF0056.JPG,6R/102MEDIA,0,Other_Amphibian,0.4377,2557.3,2312.4,2684.8,2448.0
/srv/shared_leopard_toad/2025/Documents/06.10-13.10.2025/6R/102MEDIA/DSCF0056.JPG,DSCF0056.JPG,6R/102MEDIA,0,Other_Amphibian,0.2937,2557.9,2312.2,2684.3,2448.3
/srv/shared_leopard_toad/2025/Documents/06.10-13.10.2025/6R/102MEDIA/DSCF0561.JPG,DSCF0561.JPG,6R/102MEDIA,2,Western_Leopard_Toad,0.3557,3677.6,0.8,3982.1,99.9
/srv/shared_leopard_toad/2025/Documents/06.10-13.10.2025/6R/102MEDIA/DSCF0829.JPG,DSCF0829.JPG,6R/102MEDIA,0,Other_Amphibian,0.2991,2563.2,2376.9,2676.3,2475.1
/srv/shared_leopard_toad/2025/Documents/06.10-13.10.2025/6R/102MEDIA/DSCF0137.JPG,DSCF0137.JPG,6R/102MEDIA,0,Other_Amphibian,0.4436,2556.9,2312.2,2685.2,2448.3
/srv/shared_leopard_toad/2025/Documents/06.10-13.10.2025/6R/102MEDIA/DSCF0069.JPG,DSCF0069.JPG,6R/102MEDIA,0,Other_Amphibian,0.6860,2558.7,2312.8,2686.1,2447.6
/srv/shared_leopard_toad/2025/Documents/06.10-13.10.2025/6R/102MEDIA/DSCF0821.JPG,DSCF0821.JPG,6R/102MEDIA,0,Other_Amphibian,0.3186,2563.2,2378.1,2676.3,2470.9
/srv/shared_leopard_toad/2025/Documents/06.10-13.10.2025/6R/102MEDIA/DSCF0484.JPG,DSCF0484.JPG,6R/102MEDIA,2,Western_Leopard_Toad,0.4502,3757.0,-0.6,3976.2,99.8
/srv/shared_leopard_toad/2025/Documents/06.10-13.10.2025/6R/102MEDIA/DSCF0484.JPG,DSCF0484.JPG,6R/102MEDIA,0,Other_Amphibian,0.3037,3757.0,-0.6,3976.2,99.8
/srv/shared_leopard_toad/2025/Documents/06.10-13.10.2025/6R/102MEDIA/DSCF0239.JPG,DSCF0239.JPG,6R/102MEDIA,0,Other_Amphibian,0.8540,2556.9,2311.3,2682.6,2449.2
/srv/shared_leopard_toad/2025/Documents/06.10-13.10.2025/6R/102MEDIA/DSCF0129.JPG,DSCF0129.JPG,6R/102MEDIA,0,Other_Amphibian,0.5654,3373.3,49.8,3504.2,192.2
/srv/shared_leopard_toad/2025/Documents/06.10-13.10.2025/6R/102MEDIA/DSCF0129.JPG,DSCF0129.JPG,6R/102MEDIA,0,Other_Amphibian,0.3186,2557.9,2311.9,2684.3,2448.6
/srv/shared_leopard_toad/2025/Documents/06.10-13.10.2025/6R/102MEDIA/DSCF0129.JPG,DSCF0129.JPG,6R/102MEDIA,2,Western_Leopard_Toad,0.2678,3373.3,49.8,3504.2,192.2
/srv/shared_leopard_toad/2025/Documents/06.10-13.10.2025/6R/102MEDIA/DSCF0147.JPG,DSCF0147.JPG,6R/102MEDIA,0,Other_Amphibian,0.5210,2557.7,2311.5,2687.0,2448.9
/srv/shared_leopard_toad/2025/Documents/06.10-13.10.2025/6R/102MEDIA/DSCF0261.JPG,DSCF0261.JPG,6R/102MEDIA,0,Other_Amphibian,0.2346,2560.2,2310.4,2681.9,2447.1
/srv/shared_leopard_toad/2025/Documents/06.10-13.10.2025/6R/102MEDIA/DSCF0062.JPG,DSCF0062.JPG,6R/102MEDIA,0,Other_Amphibian,0.6206,2557.9,2313.4,2686.9,2447.0
/srv/shared_leopard_toad/2025/Documents/06.10-13.10.2025/6R/102MEDIA/DSCF0975.JPG,DSCF0975.JPG,6R/102MEDIA,0,Other_Amphibian,0.2255,2594.9,281.8,2686.6,399.2
/srv/shared_leopard_toad/2025/Documents/06.10-13.10.2025/6R/102MEDIA/DSCF0590.JPG,DSCF0590.JPG,6R/102MEDIA,2,Western_Leopard_Toad,0.2568,3722.4,-0.0,3979.3,98.9
/srv/shared_leopard_toad/2025/Documents/06.10-13.10.2025/6R/102MEDIA/DSCF0590.JPG,DSCF0590.JPG,6R/102MEDIA,0,Other_Amphibian,0.2086,3722.4,-0.0,3979.3,98.9
/srv/shared_leopard_toad/2025/Documents/06.10-13.10.2025/6R/102MEDIA/DSCF0175.JPG,DSCF0175.JPG,6R/102MEDIA,2,Western_Leopard_Toad,0.3059,1480.0,1315.3,1641.2,1504.9
/srv/shared_leopard_toad/2025/Documents/06.10-13.10.2025/6R/102MEDIA/DSCF0175.JPG,DSCF0175.JPG,6R/102MEDIA,0,Other_Amphibian,0.2546,2558.1,2312.2,2684.0,2448.3
/srv/shared_leopard_toad/2025/Documents/06.10-13.10.2025/6R/102MEDIA/DSCF0203.JPG,DSCF0203.JPG,6R/102MEDIA,0,Other_Amphibian,0.4163,1057.3,2746.8,1221.2,2864.2
/srv/shared_leopard_toad/2025/Documents/06.10-13.10.2025/6R/102MEDIA/DSCF0203.JPG,DSCF0203.JPG,6R/102MEDIA,0,Other_Amphibian,0.3938,2558.0,2311.5,2684.1,2448.9
/srv/shared_leopard_toad/2025/Documents/06.10-13.10.2025/6R/102MEDIA/DSCF0203.JPG,DSCF0203.JPG,6R/102MEDIA,2,Western_Leopard_Toad,0.2551,1057.3,2746.8,1221.2,2864.2
/srv/shared_leopard_toad/2025/Documents/06.10-13.10.2025/6R/102MEDIA/DSCF0103.JPG,DSCF0103.JPG,6R/102MEDIA,0,Other_Amphibian,0.4675,2557.7,2313.2,2684.4,2447.3
/srv/shared_leopard_toad/2025/Documents/06.10-13.10.2025/6R/102MEDIA/DSCF0920.JPG,DSCF0920.JPG,6R/102MEDIA,0,Other_Amphibian,0.2064,2596.9,284.0,2689.9,396.0
/srv/shared_leopard_toad/2025/Documents/06.10-13.10.2025/6R/102MEDIA/DSCF0039.JPG,DSCF0039.JPG,6R/102MEDIA,0,Other_Amphibian,0.5288,2558.8,2311.8,2685.9,2448.6
/srv/shared_leopard_toad/2025/Documents/06.10-13.10.2025/6R/102MEDIA/DSCF0968.JPG,DSCF0968.JPG,6R/102MEDIA,0,Other_Amphibian,0.2957,2599.9,281.8,2686.8,393.4
/srv/shared_leopard_toad/2025/Documents/06.10-13.10.2025/6R/102MEDIA/DSCF0070.JPG,DSCF0070.JPG,6R/102MEDIA,0,Other_Amphibian,0.4041,2557.2,2314.5,2685.0,2448.9
/srv/shared_leopard_toad/2025/Documents/06.10-13.10.2025/6R/102MEDIA/DSCF0092.JPG,DSCF0092.JPG,6R/102MEDIA,0,Other_Amphibian,0.4968,2556.9,2312.8,2685.2,2447.6
/srv/shared_leopard_toad/2025/Documents/06.10-13.10.2025/6R/102MEDIA/DSCF0100.JPG,DSCF0100.JPG,6R/102MEDIA,0,Other_Amphibian,0.3877,2558.8,2315.5,2685.9,2447.9
/srv/shared_leopard_toad/2025/Documents/06.10-13.10.2025/6R/102MEDIA/DSCF0401.JPG,DSCF0401.JPG,6R/102MEDIA,0,Other_Amphibian,0.2153,3739.3,-1.3,3978.2,99.4
/srv/shared_leopard_toad/2025/Documents/06.10-13.10.2025/6R/102MEDIA/DSCF0973.JPG,DSCF0973.JPG,6R/102MEDIA,0,Other_Amphibian,0.2061,2599.9,281.7,2686.8,392.4
/srv/shared_leopard_toad/2025/Documents/06.10-13.10.2025/6R/102MEDIA/DSCF0042.JPG,DSCF0042.JPG,6R/102MEDIA,0,Other_Amphibian,0.5020,2557.4,2311.8,2684.8,2448.6
/srv/shared_leopard_toad/2025/Documents/06.10-13.10.2025/6R/102MEDIA/DSCF0042.JPG,DSCF0042.JPG,6R/102MEDIA,0,Other_Amphibian,0.2883,2558.0,2311.5,2684.1,2448.9
/srv/shared_leopard_toad/2025/Documents/06.10-13.10.2025/6R/102MEDIA/DSCF0010.JPG,DSCF0010.JPG,6R/102MEDIA,0,Other_Amphibian,0.7104,2557.2,2310.5,2685.0,2446.9
/srv/shared_leopard_toad/2025/Documents/06.10-13.10.2025/6R/102MEDIA/DSCF0078.JPG,DSCF0078.JPG,6R/102MEDIA,0,Other_Amphibian,0.5269,2557.2,2313.7,2685.0,2446.8
/srv/shared_leopard_toad/2025/Documents/06.10-13.10.2025/6R/102MEDIA/DSCF0244.JPG,DSCF0244.JPG,6R/102MEDIA,0,Other_Amphibian,0.7710,2558.3,2311.0,2686.4,2449.4
/srv/shared_leopard_toad/2025/Documents/06.10-13.10.2025/6R/102MEDIA/DSCF0217.JPG,DSCF0217.JPG,6R/102MEDIA,0,Other_Amphibian,0.5444,2556.8,2311.1,2685.3,2449.3
/srv/shared_leopard_toad/2025/Documents/06.10-13.10.2025/6R/102MEDIA/DSCF0242.JPG,DSCF0242.JPG,6R/102MEDIA,0,Other_Amphibian,0.7109,2558.3,2311.4,2683.8,2449.1
/srv/shared_leopard_toad/2025/Documents/06.10-13.10.2025/6R/102MEDIA/DSCF0156.JPG,DSCF0156.JPG,6R/102MEDIA,0,Other_Amphibian,0.2708,2558.5,2311.7,2686.3,2448.8
/srv/shared_leopard_toad/2025/Documents/06.10-13.10.2025/6R/102MEDIA/DSCF0094.JPG,DSCF0094.JPG,6R/102MEDIA,0,Other_Amphibian,0.6113,2558.6,2315.2,2686.2,2448.2
/srv/shared_leopard_toad/2025/Documents/06.10-13.10.2025/6R/102MEDIA/DSCF0190.JPG,DSCF0190.JPG,6R/102MEDIA,0,Other_Amphibian,0.4851,2556.2,2311.8,2685.9,2448.6
/srv/shared_leopard_toad/2025/Documents/06.10-13.10.2025/6R/102MEDIA/DSCF0047.JPG,DSCF0047.JPG,6R/102MEDIA,0,Other_Amphibian,0.3721,2557.5,2312.8,2684.6,2447.6
/srv/shared_leopard_toad/2025/Documents/06.10-13.10.2025/6R/102MEDIA/DSCF0213.JPG,DSCF0213.JPG,6R/102MEDIA,2,Western_Leopard_Toad,0.8726,1460.8,1278.7,1623.6,1432.3
/srv/shared_leopard_toad/2025/Documents/06.10-13.10.2025/6R/102MEDIA/DSCF0631.JPG,DSCF0631.JPG,6R/102MEDIA,0,Other_Amphibian,0.2023,1888.2,2.4,2004.6,82.0
/srv/shared_leopard_toad/2025/Documents/06.10-13.10.2025/6R/102MEDIA/DSCF0055.JPG,DSCF0055.JPG,6R/102MEDIA,0,Other_Amphibian,0.6831,2558.3,2313.2,2686.4,2447.3
/srv/shared_leopard_toad/2025/Documents/06.10-13.10.2025/6R/102MEDIA/DSCF0400.JPG,DSCF0400.JPG,6R/102MEDIA,2,Western_Leopard_Toad,0.2881,3750.6,-0.2,3977.4,95.2
/srv/shared_leopard_toad/2025/Documents/06.10-13.10.2025/6R/102MEDIA/DSCF0400.JPG,DSCF0400.JPG,6R/102MEDIA,0,Other_Amphibian,0.2234,3750.6,-0.2,3977.4,95.2
/srv/shared_leopard_toad/2025/Documents/06.10-13.10.2025/6R/102MEDIA/DSCF0606.JPG,DSCF0606.JPG,6R/102MEDIA,0,Other_Amphibian,0.7861,4909.3,1598.0,5060.4,1747.9
/srv/shared_leopard_toad/2025/Documents/06.10-13.10.2025/6R/102MEDIA/DSCF0197.JPG,DSCF0197.JPG,6R/102MEDIA,0,Other_Amphibian,0.2671,2558.6,2311.1,2686.2,2449.3
/srv/shared_leopard_toad/2025/Documents/06.10-13.10.2025/6R/102MEDIA/DSCF0064.JPG,DSCF0064.JPG,6R/102MEDIA,0,Other_Amphibian,0.5405,2558.7,2312.9,2686.1,2447.5
/srv/shared_leopard_toad/2025/Documents/06.10-13.10.2025/6R/102MEDIA/DSCF0225.JPG,DSCF0225.JPG,6R/102MEDIA,0,Other_Amphibian,0.5918,2560.0,2311.0,2684.7,2449.4
/srv/shared_leopard_toad/2025/Documents/06.10-13.10.2025/6R/102MEDIA/DSCF0272.JPG,DSCF0272.JPG,6R/102MEDIA,0,Other_Amphibian,0.4038,2557.5,2314.7,2682.0,2448.6
/srv/shared_leopard_toad/2025/Documents/06.10-13.10.2025/6R/102MEDIA/DSCF0746.JPG,DSCF0746.JPG,6R/102MEDIA,0,Other_Amphibian,0.2456,1899.7,4.3,1993.2,76.3
/srv/shared_leopard_toad/2025/Documents/06.10-13.10.2025/6R/102MEDIA/DSCF0224.JPG,DSCF0224.JPG,6R/102MEDIA,0,Other_Amphibian,0.6621,2559.3,2308.7,2685.5,2448.7
/srv/shared_leopard_toad/2025/Documents/06.10-13.10.2025/6R/102MEDIA/DSCF0591.JPG,DSCF0591.JPG,6R/102MEDIA,0,Other_Amphibian,0.2510,3735.4,-0.4,3976.9,103.1
/srv/shared_leopard_toad/2025/Documents/06.10-13.10.2025/6R/102MEDIA/DSCF0081.JPG,DSCF0081.JPG,6R/102MEDIA,0,Other_Amphibian,0.6035,2557.2,2313.0,2687.5,2447.4
/srv/shared_leopard_toad/2025/Documents/06.10-13.10.2025/6R/102MEDIA/DSCF0016.JPG,DSCF0016.JPG,6R/102MEDIA,0,Other_Amphibian,0.6855,2556.3,2310.4,2685.8,2447.1
/srv/shared_leopard_toad/2025/Documents/06.10-13.10.2025/6R/102MEDIA/DSCF0241.JPG,DSCF0241.JPG,6R/102MEDIA,0,Other_Amphibian,0.8208,2558.9,2309.7,2685.8,2447.8
/srv/shared_leopard_toad/2025/Documents/06.10-13.10.2025/6R/102MEDIA/DSCF0101.JPG,DSCF0101.JPG,6R/102MEDIA,0,Other_Amphibian,0.5366,2557.9,2312.9,2686.9,2447.5
/srv/shared_leopard_toad/2025/Documents/06.10-13.10.2025/6R/102MEDIA/DSCF0029.JPG,DSCF0029.JPG,6R/102MEDIA,0,Other_Amphibian,0.6816,2558.2,2311.9,2686.5,2448.6
/srv/shared_leopard_toad/2025/Documents/06.10-13.10.2025/6R/102MEDIA/DSCF0728.JPG,DSCF0728.JPG,6R/102MEDIA,0,Other_Amphibian,0.3142,1895.7,4.0,1994.5,80.4
/srv/shared_leopard_toad/2025/Documents/06.10-13.10.2025/6R/102MEDIA/DSCF0105.JPG,DSCF0105.JPG,6R/102MEDIA,0,Other_Amphibian,0.5112,2557.5,2313.7,2684.6,2446.8
/srv/shared_leopard_toad/2025/Documents/06.10-13.10.2025/6R/102MEDIA/DSCF0116.JPG,DSCF0116.JPG,6R/102MEDIA,0,Other_Amphibian,0.5879,2556.4,2313.5,2685.7,2446.9
/srv/shared_leopard_toad/2025/Documents/06.10-13.10.2025/6R/102MEDIA/DSCF0085.JPG,DSCF0085.JPG,6R/102MEDIA,0,Other_Amphibian,0.5601,2557.9,2312.7,2686.9,2447.8
/srv/shared_leopard_toad/2025/Documents/06.10-13.10.2025/6R/102MEDIA/DSCF0027.JPG,DSCF0027.JPG,6R/102MEDIA,0,Other_Amphibian,0.3242,2558.3,2312.4,2683.8,2448.0
/srv/shared_leopard_toad/2025/Documents/06.10-13.10.2025/6R/102MEDIA/DSCF0027.JPG,DSCF0027.JPG,6R/102MEDIA,0,Other_Amphibian,0.2646,2557.0,2313.9,2682.5,2449.5
/srv/shared_leopard_toad/2025/Documents/06.10-13.10.2025/6R/102MEDIA/DSCF0800.JPG,DSCF0800.JPG,6R/102MEDIA,0,Other_Amphibian,0.2405,2562.4,2380.2,2677.1,2477.7
/srv/shared_leopard_toad/2025/Documents/06.10-13.10.2025/6R/102MEDIA/DSCF0082.JPG,DSCF0082.JPG,6R/102MEDIA,0,Other_Amphibian,0.6113,2557.6,2313.0,2684.5,2447.4
/srv/shared_leopard_toad/2025/Documents/06.10-13.10.2025/6R/102MEDIA/DSCF0990.JPG,DSCF0990.JPG,6R/102MEDIA,0,Other_Amphibian,0.4558,2597.7,283.5,2683.8,385.8
/srv/shared_leopard_toad/2025/Documents/06.10-13.10.2025/6R/102MEDIA/DSCF0789.JPG,DSCF0789.JPG,6R/102MEDIA,0,Other_Amphibian,0.2603,3510.2,685.9,3624.6,803.2
/srv/shared_leopard_toad/2025/Documents/06.10-13.10.2025/6R/102MEDIA/DSCF0602.JPG,DSCF0602.JPG,6R/102MEDIA,2,Western_Leopard_Toad,0.2737,3693.9,0.2,3981.6,97.1
/srv/shared_leopard_toad/2025/Documents/06.10-13.10.2025/6R/102MEDIA/DSCF0109.JPG,DSCF0109.JPG,6R/102MEDIA,0,Other_Amphibian,0.6230,2557.4,2311.4,2684.8,2446.1
/srv/shared_leopard_toad/2025/Documents/06.10-13.10.2025/6R/102MEDIA/DSCF0357.JPG,DSCF0357.JPG,6R/102MEDIA,2,Western_Leopard_Toad,0.2983,3757.0,0.0,3976.2,98.1
/srv/shared_leopard_toad/2025/Documents/06.10-13.10.2025/6R/102MEDIA/DSCF0357.JPG,DSCF0357.JPG,6R/102MEDIA,0,Other_Amphibian,0.2406,3757.0,0.0,3976.2,98.1
/srv/shared_leopard_toad/2025/Documents/06.10-13.10.2025/6R/102MEDIA/DSCF0910.JPG,DSCF0910.JPG,6R/102MEDIA,0,Other_Amphibian,0.2123,1877.7,-8.7,2012.6,67.6
/srv/shared_leopard_toad/2025/Documents/06.10-13.10.2025/6R/102MEDIA/DSCF0855.JPG,DSCF0855.JPG,6R/102MEDIA,0,Other_Amphibian,0.4800,156.6,1226.4,248.6,1313.3
/srv/shared_leopard_toad/2025/Documents/06.10-13.10.2025/6R/102MEDIA/DSCF0855.JPG,DSCF0855.JPG,6R/102MEDIA,0,Other_Amphibian,0.2084,158.0,1230.1,244.9,1312.5
/srv/shared_leopard_toad/2025/Documents/06.10-13.10.2025/6R/102MEDIA/DSCF0024.JPG,DSCF0024.JPG,6R/102MEDIA,0,Other_Amphibian,0.5464,2557.3,2312.4,2684.8,2448.0
/srv/shared_leopard_toad/2025/Documents/06.10-13.10.2025/6R/102MEDIA/DSCF0852.JPG,DSCF0852.JPG,6R/102MEDIA,0,Other_Amphibian,0.3315,153.1,1227.2,234.8,1309.5
/srv/shared_leopard_toad/2025/Documents/06.10-13.10.2025/6R/102MEDIA/DSCF0939.JPG,DSCF0939.JPG,6R/102MEDIA,0,Other_Amphibian,0.2366,2598.3,282.4,2688.5,396.1
/srv/shared_leopard_toad/2025/Documents/06.10-13.10.2025/6R/102MEDIA/DSCF0392.JPG,DSCF0392.JPG,6R/102MEDIA,0,Other_Amphibian,0.2013,756.5,461.6,850.0,543.2
/srv/shared_leopard_toad/2025/Documents/06.10-13.10.2025/6R/102MEDIA/DSCF0493.JPG,DSCF0493.JPG,6R/102MEDIA,2,Western_Leopard_Toad,0.3074,3743.1,-0.1,3979.7,97.0
/srv/shared_leopard_toad/2025/Documents/06.10-13.10.2025/6R/102MEDIA/DSCF0235.JPG,DSCF0235.JPG,6R/102MEDIA,0,Other_Amphibian,0.7378,2557.0,2309.8,2685.1,2447.7
/srv/shared_leopard_toad/2025/Documents/06.10-13.10.2025/6R/102MEDIA/DSCF0202.JPG,DSCF0202.JPG,6R/102MEDIA,2,Western_Leopard_Toad,0.6895,1102.1,2763.1,1243.3,2862.6
/srv/shared_leopard_toad/2025/Documents/06.10-13.10.2025/6R/102MEDIA/DSCF0202.JPG,DSCF0202.JPG,6R/102MEDIA,0,Other_Amphibian,0.6245,1102.1,2763.1,1243.3,2862.6
/srv/shared_leopard_toad/2025/Documents/06.10-13.10.2025/6R/102MEDIA/DSCF0202.JPG,DSCF0202.JPG,6R/102MEDIA,0,Other_Amphibian,0.2261,2557.3,2311.4,2684.8,2449.1
/srv/shared_leopard_toad/2025/Documents/06.10-13.10.2025/6R/102MEDIA/DSCF0226.JPG,DSCF0226.JPG,6R/102MEDIA,0,Other_Amphibian,0.8296,2558.3,2309.8,2686.4,2447.7
/srv/shared_leopard_toad/2025/Documents/06.10-13.10.2025/6R/102MEDIA/DSCF0317.JPG,DSCF0317.JPG,6R/102MEDIA,0,Other_Amphibian,0.2094,3727.2,-1.3,3979.8,99.4
/srv/shared_leopard_toad/2025/Documents/06.10-13.10.2025/6R/102MEDIA/DSCF0210.JPG,DSCF0210.JPG,6R/102MEDIA,0,Other_Amphibian,0.5815,2558.7,2310.3,2686.1,2447.2
/srv/shared_leopard_toad/2025/Documents/06.10-13.10.2025/6R/102MEDIA/DSCF0210.JPG,DSCF0210.JPG,6R/102MEDIA,0,Other_Amphibian,0.2888,3460.8,2606.9,3647.7,2770.8
/srv/shared_leopard_toad/2025/Documents/06.10-13.10.2025/6R/102MEDIA/DSCF0234.JPG,DSCF0234.JPG,6R/102MEDIA,0,Other_Amphibian,0.8237,2558.3,2309.4,2686.4,2448.1
/srv/shared_leopard_toad/2025/Documents/06.10-13.10.2025/6R/102MEDIA/DSCF0860.JPG,DSCF0860.JPG,6R/102MEDIA,0,Other_Amphibian,0.4026,1693.2,1885.8,1779.7,1985.8
/srv/shared_leopard_toad/2025/Documents/06.10-13.10.2025/6R/102MEDIA/DSCF0270.JPG,DSCF0270.JPG,6R/102MEDIA,0,Other_Amphibian,0.3474,2557.5,2312.0,2682.0,2448.4
/srv/shared_leopard_toad/2025/Documents/06.10-13.10.2025/6R/102MEDIA/DSCF0090.JPG,DSCF0090.JPG,6R/102MEDIA,0,Other_Amphibian,0.5391,2556.8,2313.5,2685.3,2446.9
/srv/shared_leopard_toad/2025/Documents/06.10-13.10.2025/6R/102MEDIA/DSCF0236.JPG,DSCF0236.JPG,6R/102MEDIA,0,Other_Amphibian,0.7646,2557.3,2311.4,2684.8,2449.1
/srv/shared_leopard_toad/2025/Documents/06.10-13.10.2025/6R/102MEDIA/DSCF0084.JPG,DSCF0084.JPG,6R/102MEDIA,0,Other_Amphibian,0.5430,2556.7,2313.7,2685.5,2446.8
/srv/shared_leopard_toad/2025/Documents/06.10-13.10.2025/6R/102MEDIA/DSCF0124.JPG,DSCF0124.JPG,6R/102MEDIA,0,Other_Amphibian,0.3621,2558.2,2310.9,2686.5,2446.6
/srv/shared_leopard_toad/2025/Documents/06.10-13.10.2025/6R/102MEDIA/DSCF0138.JPG,DSCF0138.JPG,6R/102MEDIA,0,Other_Amphibian,0.3494,2557.3,2311.9,2684.8,2448.6
/srv/shared_leopard_toad/2025/Documents/06.10-13.10.2025/6R/102MEDIA/DSCF0014.JPG,DSCF0014.JPG,6R/102MEDIA,0,Other_Amphibian,0.4038,2559.9,2312.9,2687.5,2447.5
/srv/shared_leopard_toad/2025/Documents/06.10-13.10.2025/6R/102MEDIA/DSCF0836.JPG,DSCF0836.JPG,6R/102MEDIA,0,Other_Amphibian,0.2240,160.7,1228.4,245.2,1311.3
/srv/shared_leopard_toad/2025/Documents/06.10-13.10.2025/6R/102MEDIA/DSCF0520.JPG,DSCF0520.JPG,6R/102MEDIA,0,Other_Amphibian,0.2566,1207.0,195.5,1298.6,292.2
/srv/shared_leopard_toad/2025/Documents/06.10-13.10.2025/6R/102MEDIA/DSCF0200.JPG,DSCF0200.JPG,6R/102MEDIA,0,Other_Amphibian,0.8960,3762.7,2567.5,3960.1,2745.2
/srv/shared_leopard_toad/2025/Documents/06.10-13.10.2025/6R/102MEDIA/DSCF0200.JPG,DSCF0200.JPG,6R/102MEDIA,0,Other_Amphibian,0.2490,2556.8,2312.3,2685.3,2448.1
/srv/shared_leopard_toad/2025/Documents/06.10-13.10.2025/6R/102MEDIA/DSCF0744.JPG,DSCF0744.JPG,6R/102MEDIA,0,Other_Amphibian,0.2113,1899.9,4.6,1992.9,76.3
/srv/shared_leopard_toad/2025/Documents/06.10-13.10.2025/6R/102MEDIA/DSCF0009.JPG,DSCF0009.JPG,6R/102MEDIA,0,Other_Amphibian,0.5015,2557.2,2312.8,2685.0,2447.6
/srv/shared_leopard_toad/2025/Documents/06.10-13.10.2025/6R/102MEDIA/DSCF0950.JPG,DSCF0950.JPG,6R/102MEDIA,0,Other_Amphibian,0.2437,2597.3,283.6,2684.2,392.7
/srv/shared_leopard_toad/2025/Documents/06.10-13.10.2025/6R/102MEDIA/DSCF0140.JPG,DSCF0140.JPG,6R/102MEDIA,0,Other_Amphibian,0.4897,2557.5,2312.5,2684.6,2447.9
/srv/shared_leopard_toad/2025/Documents/06.10-13.10.2025/6R/102MEDIA/DSCF0243.JPG,DSCF0243.JPG,6R/102MEDIA,0,Other_Amphibian,0.6782,2557.5,2311.0,2684.6,2449.4
/srv/shared_leopard_toad/2025/Documents/06.10-13.10.2025/6R/102MEDIA/DSCF0243.JPG,DSCF0243.JPG,6R/102MEDIA,0,Other_Amphibian,0.2130,1868.2,-8.9,2001.0,71.1
/srv/shared_leopard_toad/2025/Documents/06.10-13.10.2025/6R/102MEDIA/DSCF0579.JPG,DSCF0579.JPG,6R/102MEDIA,0,Other_Amphibian,0.3535,3414.8,2660.8,3630.7,2817.3
/srv/shared_leopard_toad/2025/Documents/06.10-13.10.2025/6R/102MEDIA/DSCF0506.JPG,DSCF0506.JPG,6R/102MEDIA,0,Other_Amphibian,0.8457,3787.2,2396.9,3935.5,2534.8
/srv/shared_leopard_toad/2025/Documents/06.10-13.10.2025/6R/102MEDIA/DSCF0201.JPG,DSCF0201.JPG,6R/102MEDIA,0,Other_Amphibian,0.8833,3760.6,2569.3,3956.9,2743.4
/srv/shared_leopard_toad/2025/Documents/06.10-13.10.2025/6R/102MEDIA/DSCF0201.JPG,DSCF0201.JPG,6R/102MEDIA,0,Other_Amphibian,0.4692,2556.4,2311.5,2685.7,2448.9
/srv/shared_leopard_toad/2025/Documents/06.10-13.10.2025/6R/102MEDIA/DSCF0642.JPG,DSCF0642.JPG,6R/102MEDIA,0,Other_Amphibian,0.2382,3723.2,-0.1,3978.6,98.2
/srv/shared_leopard_toad/2025/Documents/06.10-13.10.2025/6R/102MEDIA/DSCF0762.JPG,DSCF0762.JPG,6R/102MEDIA,0,Other_Amphibian,0.2452,3499.4,671.2,3619.6,793.6
/srv/shared_leopard_toad/2025/Documents/06.10-13.10.2025/6R/108MEDIA/DSCF0135.JPG,DSCF0135.JPG,6R/108MEDIA,2,Western_Leopard_Toad,0.7959,417.7,334.0,568.6,487.7
/srv/shared_leopard_toad/2025/Documents/06.10-13.10.2025/6R/108MEDIA/DSCF0404.JPG,DSCF0404.JPG,6R/108MEDIA,0,Other_Amphibian,0.2874,576.4,2279.9,665.9,2394.9
/srv/shared_leopard_toad/2025/Documents/06.10-13.10.2025/6R/108MEDIA/DSCF0993.JPG,DSCF0993.JPG,6R/108MEDIA,2,Western_Leopard_Toad,0.9375,412.9,339.7,569.5,506.4
/srv/shared_leopard_toad/2025/Documents/06.10-13.10.2025/6R/108MEDIA/DSCF0537.JPG,DSCF0537.JPG,6R/108MEDIA,2,Western_Leopard_Toad,0.8809,412.1,337.4,559.8,502.0
/srv/shared_leopard_toad/2025/Documents/06.10-13.10.2025/6R/108MEDIA/DSCF0358.JPG,DSCF0358.JPG,6R/108MEDIA,0,Other_Amphibian,0.5762,576.9,2280.4,665.4,2394.4
/srv/shared_leopard_toad/2025/Documents/06.10-13.10.2025/6R/108MEDIA/DSCF0358.JPG,DSCF0358.JPG,6R/108MEDIA,2,Western_Leopard_Toad,0.5366,576.9,2280.4,665.4,2394.4
/srv/shared_leopard_toad/2025/Documents/06.10-13.10.2025/6R/108MEDIA/DSCF0012.JPG,DSCF0012.JPG,6R/108MEDIA,2,Western_Leopard_Toad,0.5596,415.9,337.7,566.5,487.7
/srv/shared_leopard_toad/2025/Documents/06.10-13.10.2025/6R/108MEDIA/DSCF0488.JPG,DSCF0488.JPG,6R/108MEDIA,2,Western_Leopard_Toad,0.8999,415.8,335.9,563.3,503.5
/srv/shared_leopard_toad/2025/Documents/06.10-13.10.2025/6R/108MEDIA/DSCF0541.JPG,DSCF0541.JPG,6R/108MEDIA,2,Western_Leopard_Toad,0.7852,411.0,341.3,559.6,500.4
/srv/shared_leopard_toad/2025/Documents/06.10-13.10.2025/6R/108MEDIA/DSCF0519.JPG,DSCF0519.JPG,6R/108MEDIA,2,Western_Leopard_Toad,0.5806,411.2,338.1,560.7,500.6
/srv/shared_leopard_toad/2025/Documents/06.10-13.10.2025/6R/108MEDIA/DSCF0589.JPG,DSCF0589.JPG,6R/108MEDIA,2,Western_Leopard_Toad,0.7070,411.2,340.9,560.7,500.7
/srv/shared_leopard_toad/2025/Documents/06.10-13.10.2025/6R/108MEDIA/DSCF0466.JPG,DSCF0466.JPG,6R/108MEDIA,2,Western_Leopard_Toad,0.9087,416.0,336.8,561.2,497.4
/srv/shared_leopard_toad/2025/Documents/06.10-13.10.2025/6R/108MEDIA/DSCF0911.JPG,DSCF0911.JPG,6R/108MEDIA,2,Western_Leopard_Toad,0.2854,411.1,341.1,562.8,500.5
/srv/shared_leopard_toad/2025/Documents/06.10-13.10.2025/6R/108MEDIA/DSCF0215.JPG,DSCF0215.JPG,6R/108MEDIA,2,Western_Leopard_Toad,0.9062,412.1,335.3,565.0,490.1
/srv/shared_leopard_toad/2025/Documents/06.10-13.10.2025/6R/108MEDIA/DSCF0173.JPG,DSCF0173.JPG,6R/108MEDIA,2,Western_Leopard_Toad,0.7573,413.3,335.6,565.9,486.1
/srv/shared_leopard_toad/2025/Documents/06.10-13.10.2025/6R/108MEDIA/DSCF0279.JPG,DSCF0279.JPG,6R/108MEDIA,2,Western_Leopard_Toad,0.9351,412.6,331.1,569.8,488.4
/srv/shared_leopard_toad/2025/Documents/06.10-13.10.2025/6R/108MEDIA/DSCF0279.JPG,DSCF0279.JPG,6R/108MEDIA,0,Other_Amphibian,0.6587,554.3,2289.4,656.5,2415.0
/srv/shared_leopard_toad/2025/Documents/06.10-13.10.2025/6R/108MEDIA/DSCF0464.JPG,DSCF0464.JPG,6R/108MEDIA,2,Western_Leopard_Toad,0.9385,409.6,337.8,561.0,503.8
/srv/shared_leopard_toad/2025/Documents/06.10-13.10.2025/6R/108MEDIA/DSCF0455.JPG,DSCF0455.JPG,6R/108MEDIA,2,Western_Leopard_Toad,0.7788,410.9,340.9,561.0,505.1
/srv/shared_leopard_toad/2025/Documents/06.10-13.10.2025/6R/108MEDIA/DSCF0001.JPG,DSCF0001.JPG,6R/108MEDIA,2,Western_Leopard_Toad,0.9058,416.9,336.8,567.5,484.9
/srv/shared_leopard_toad/2025/Documents/06.10-13.10.2025/6R/108MEDIA/DSCF0407.JPG,DSCF0407.JPG,6R/108MEDIA,0,Other_Amphibian,0.5234,575.6,2280.9,664.7,2396.8
/srv/shared_leopard_toad/2025/Documents/06.10-13.10.2025/6R/108MEDIA/DSCF0416.JPG,DSCF0416.JPG,6R/108MEDIA,0,Other_Amphibian,0.5444,574.9,2279.4,665.4,2395.4
/srv/shared_leopard_toad/2025/Documents/06.10-13.10.2025/6R/108MEDIA/DSCF0922.JPG,DSCF0922.JPG,6R/108MEDIA,2,Western_Leopard_Toad,0.8296,414.4,339.7,562.7,499.7
/srv/shared_leopard_toad/2025/Documents/06.10-13.10.2025/6R/108MEDIA/DSCF0678.JPG,DSCF0678.JPG,6R/108MEDIA,2,Western_Leopard_Toad,0.9370,416.6,337.4,564.5,507.2
/srv/shared_leopard_toad/2025/Documents/06.10-13.10.2025/6R/108MEDIA/DSCF0651.JPG,DSCF0651.JPG,6R/108MEDIA,2,Western_Leopard_Toad,0.6611,411.5,339.0,560.4,501.9
/srv/shared_leopard_toad/2025/Documents/06.10-13.10.2025/6R/108MEDIA/DSCF0514.JPG,DSCF0514.JPG,6R/108MEDIA,2,Western_Leopard_Toad,0.7373,410.9,339.9,561.0,504.7
/srv/shared_leopard_toad/2025/Documents/06.10-13.10.2025/6R/108MEDIA/DSCF0767.JPG,DSCF0767.JPG,6R/108MEDIA,2,Western_Leopard_Toad,0.8169,413.7,340.0,563.4,499.4
/srv/shared_leopard_toad/2025/Documents/06.10-13.10.2025/6R/108MEDIA/DSCF0774.JPG,DSCF0774.JPG,6R/108MEDIA,2,Western_Leopard_Toad,0.7676,414.0,339.6,567.1,498.4
/srv/shared_leopard_toad/2025/Documents/06.10-13.10.2025/6R/108MEDIA/DSCF0774.JPG,DSCF0774.JPG,6R/108MEDIA,2,Western_Leopard_Toad,0.4722,412.5,339.5,568.6,499.2
/srv/shared_leopard_toad/2025/Documents/06.10-13.10.2025/6R/108MEDIA/DSCF0774.JPG,DSCF0774.JPG,6R/108MEDIA,0,Other_Amphibian,0.2059,3116.1,359.4,3393.9,654.3
/srv/shared_leopard_toad/2025/Documents/06.10-13.10.2025/6R/108MEDIA/DSCF0298.JPG,DSCF0298.JPG,6R/108MEDIA,0,Other_Amphibian,0.8408,559.5,2291.6,663.7,2427.5
/srv/shared_leopard_toad/2025/Documents/06.10-13.10.2025/6R/108MEDIA/DSCF0784.JPG,DSCF0784.JPG,6R/108MEDIA,2,Western_Leopard_Toad,0.8975,419.4,339.6,566.9,496.9
/srv/shared_leopard_toad/2025/Documents/06.10-13.10.2025/6R/108MEDIA/DSCF0933.JPG,DSCF0933.JPG,6R/108MEDIA,2,Western_Leopard_Toad,0.8271,414.0,337.3,565.1,502.1
/srv/shared_leopard_toad/2025/Documents/06.10-13.10.2025/6R/108MEDIA/DSCF0417.JPG,DSCF0417.JPG,6R/108MEDIA,0,Other_Amphibian,0.5698,573.5,2279.3,664.8,2395.5
/srv/shared_leopard_toad/2025/Documents/06.10-13.10.2025/6R/108MEDIA/DSCF0141.JPG,DSCF0141.JPG,6R/108MEDIA,2,Western_Leopard_Toad,0.9038,413.6,334.8,565.6,486.9
/srv/shared_leopard_toad/2025/Documents/06.10-13.10.2025/6R/108MEDIA/DSCF0543.JPG,DSCF0543.JPG,6R/108MEDIA,2,Western_Leopard_Toad,0.4243,413.5,340.8,560.4,503.8
/srv/shared_leopard_toad/2025/Documents/06.10-13.10.2025/6R/108MEDIA/DSCF0325.JPG,DSCF0325.JPG,6R/108MEDIA,0,Other_Amphibian,0.8774,556.6,2295.8,660.1,2423.3
/srv/shared_leopard_toad/2025/Documents/06.10-13.10.2025/6R/108MEDIA/DSCF0650.JPG,DSCF0650.JPG,6R/108MEDIA,2,Western_Leopard_Toad,0.6426,407.0,339.0,561.6,505.6
/srv/shared_leopard_toad/2025/Documents/06.10-13.10.2025/6R/108MEDIA/DSCF0107.JPG,DSCF0107.JPG,6R/108MEDIA,0,Other_Amphibian,0.7935,3569.8,302.0,3753.9,475.5
/srv/shared_leopard_toad/2025/Documents/06.10-13.10.2025/6R/108MEDIA/DSCF0107.JPG,DSCF0107.JPG,6R/108MEDIA,2,Western_Leopard_Toad,0.4170,3569.8,302.0,3753.9,475.5
/srv/shared_leopard_toad/2025/Documents/06.10-13.10.2025/6R/108MEDIA/DSCF0107.JPG,DSCF0107.JPG,6R/108MEDIA,2,Western_Leopard_Toad,0.2708,414.0,337.1,567.1,484.6
/srv/shared_leopard_toad/2025/Documents/06.10-13.10.2025/6R/108MEDIA/DSCF0562.JPG,DSCF0562.JPG,6R/108MEDIA,2,Western_Leopard_Toad,0.4595,411.7,338.3,560.2,498.9
/srv/shared_leopard_toad/2025/Documents/06.10-13.10.2025/6R/108MEDIA/DSCF0512.JPG,DSCF0512.JPG,6R/108MEDIA,2,Western_Leopard_Toad,0.9209,419.0,336.2,563.4,498.0
/srv/shared_leopard_toad/2025/Documents/06.10-13.10.2025/6R/108MEDIA/DSCF0282.JPG,DSCF0282.JPG,6R/108MEDIA,2,Western_Leopard_Toad,0.9248,414.1,330.6,572.2,491.1
/srv/shared_leopard_toad/2025/Documents/06.10-13.10.2025/6R/108MEDIA/DSCF0282.JPG,DSCF0282.JPG,6R/108MEDIA,0,Other_Amphibian,0.6392,554.8,2288.6,659.9,2418.7
/srv/shared_leopard_toad/2025/Documents/06.10-13.10.2025/6R/108MEDIA/DSCF0765.JPG,DSCF0765.JPG,6R/108MEDIA,2,Western_Leopard_Toad,0.8208,415.3,338.8,561.9,497.6
/srv/shared_leopard_toad/2025/Documents/06.10-13.10.2025/6R/108MEDIA/DSCF0594.JPG,DSCF0594.JPG,6R/108MEDIA,2,Western_Leopard_Toad,0.7827,411.7,340.5,560.2,504.1
/srv/shared_leopard_toad/2025/Documents/06.10-13.10.2025/6R/108MEDIA/DSCF0956.JPG,DSCF0956.JPG,6R/108MEDIA,2,Western_Leopard_Toad,0.7749,413.4,340.4,563.7,500.5
/srv/shared_leopard_toad/2025/Documents/06.10-13.10.2025/6R/108MEDIA/DSCF0221.JPG,DSCF0221.JPG,6R/108MEDIA,2,Western_Leopard_Toad,0.9385,414.8,334.2,567.7,487.5
/srv/shared_leopard_toad/2025/Documents/06.10-13.10.2025/6R/108MEDIA/DSCF0667.JPG,DSCF0667.JPG,6R/108MEDIA,2,Western_Leopard_Toad,0.8623,410.9,338.5,562.9,506.1
/srv/shared_leopard_toad/2025/Documents/06.10-13.10.2025/6R/108MEDIA/DSCF0812.JPG,DSCF0812.JPG,6R/108MEDIA,2,Western_Leopard_Toad,0.2861,410.4,340.3,563.5,502.8
/srv/shared_leopard_toad/2025/Documents/06.10-13.10.2025/6R/108MEDIA/DSCF0311.JPG,DSCF0311.JPG,6R/108MEDIA,0,Other_Amphibian,0.8218,560.3,2297.3,662.9,2424.8
/srv/shared_leopard_toad/2025/Documents/06.10-13.10.2025/6R/108MEDIA/DSCF0311.JPG,DSCF0311.JPG,6R/108MEDIA,2,Western_Leopard_Toad,0.3599,560.3,2297.3,662.9,2424.8
/srv/shared_leopard_toad/2025/Documents/06.10-13.10.2025/6R/108MEDIA/DSCF0362.JPG,DSCF0362.JPG,6R/108MEDIA,0,Other_Amphibian,0.6963,575.7,2280.6,666.6,2397.2
/srv/shared_leopard_toad/2025/Documents/06.10-13.10.2025/6R/108MEDIA/DSCF0362.JPG,DSCF0362.JPG,6R/108MEDIA,2,Western_Leopard_Toad,0.4263,575.7,2280.6,666.6,2397.2
/srv/shared_leopard_toad/2025/Documents/06.10-13.10.2025/6R/108MEDIA/DSCF0565.JPG,DSCF0565.JPG,6R/108MEDIA,2,Western_Leopard_Toad,0.8931,413.9,338.6,561.9,500.1
/srv/shared_leopard_toad/2025/Documents/06.10-13.10.2025/6R/108MEDIA/DSCF0565.JPG,DSCF0565.JPG,6R/108MEDIA,0,Other_Amphibian,0.2028,413.9,338.6,561.9,500.1
/srv/shared_leopard_toad/2025/Documents/06.10-13.10.2025/6R/108MEDIA/DSCF0868.JPG,DSCF0868.JPG,6R/108MEDIA,2,Western_Leopard_Toad,0.8452,412.6,340.0,564.6,500.9
/srv/shared_leopard_toad/2025/Documents/06.10-13.10.2025/6R/108MEDIA/DSCF0668.JPG,DSCF0668.JPG,6R/108MEDIA,2,Western_Leopard_Toad,0.9424,413.7,338.5,563.4,506.1
/srv/shared_leopard_toad/2025/Documents/06.10-13.10.2025/6R/108MEDIA/DSCF0187.JPG,DSCF0187.JPG,6R/108MEDIA,2,Western_Leopard_Toad,0.9409,416.3,334.3,566.1,487.4
/srv/shared_leopard_toad/2025/Documents/06.10-13.10.2025/6R/108MEDIA/DSCF0061.JPG,DSCF0061.JPG,6R/108MEDIA,2,Western_Leopard_Toad,0.8521,416.3,337.3,566.1,484.5
/srv/shared_leopard_toad/2025/Documents/06.10-13.10.2025/6R/108MEDIA/DSCF0980.JPG,DSCF0980.JPG,6R/108MEDIA,2,Western_Leopard_Toad,0.6689,412.0,340.0,565.2,499.4
/srv/shared_leopard_toad/2025/Documents/06.10-13.10.2025/6R/108MEDIA/DSCF0679.JPG,DSCF0679.JPG,6R/108MEDIA,2,Western_Leopard_Toad,0.8857,414.6,337.9,561.2,504.5
/srv/shared_leopard_toad/2025/Documents/06.10-13.10.2025/6R/108MEDIA/DSCF0752.JPG,DSCF0752.JPG,6R/108MEDIA,2,Western_Leopard_Toad,0.8872,409.0,338.6,564.8,502.3
/srv/shared_leopard_toad/2025/Documents/06.10-13.10.2025/6R/108MEDIA/DSCF0193.JPG,DSCF0193.JPG,6R/108MEDIA,2,Western_Leopard_Toad,0.9316,413.9,334.4,568.5,489.5
/srv/shared_leopard_toad/2025/Documents/06.10-13.10.2025/6R/108MEDIA/DSCF0623.JPG,DSCF0623.JPG,6R/108MEDIA,2,Western_Leopard_Toad,0.8647,415.3,336.4,561.9,497.9
/srv/shared_leopard_toad/2025/Documents/06.10-13.10.2025/6R/108MEDIA/DSCF0734.JPG,DSCF0734.JPG,6R/108MEDIA,2,Western_Leopard_Toad,0.6455,408.8,340.4,563.1,499.0
/srv/shared_leopard_toad/2025/Documents/06.10-13.10.2025/6R/108MEDIA/DSCF0518.JPG,DSCF0518.JPG,6R/108MEDIA,2,Western_Leopard_Toad,0.7500,411.8,338.9,560.1,504.2
/srv/shared_leopard_toad/2025/Documents/06.10-13.10.2025/6R/108MEDIA/DSCF0518.JPG,DSCF0518.JPG,6R/108MEDIA,0,Other_Amphibian,0.2001,411.8,338.9,560.1,504.2
/srv/shared_leopard_toad/2025/Documents/06.10-13.10.2025/6R/108MEDIA/DSCF0777.JPG,DSCF0777.JPG,6R/108MEDIA,2,Western_Leopard_Toad,0.6982,414.7,340.9,562.4,498.5
/srv/shared_leopard_toad/2025/Documents/06.10-13.10.2025/6R/108MEDIA/DSCF0167.JPG,DSCF0167.JPG,6R/108MEDIA,2,Western_Leopard_Toad,0.8184,414.1,335.2,567.0,484.3
/srv/shared_leopard_toad/2025/Documents/06.10-13.10.2025/6R/108MEDIA/DSCF0273.JPG,DSCF0273.JPG,6R/108MEDIA,2,Western_Leopard_Toad,0.9385,416.4,332.5,569.9,490.7
/srv/shared_leopard_toad/2025/Documents/06.10-13.10.2025/6R/108MEDIA/DSCF0038.JPG,DSCF0038.JPG,6R/108MEDIA,2,Western_Leopard_Toad,0.8813,414.7,334.6,566.4,487.1
/srv/shared_leopard_toad/2025/Documents/06.10-13.10.2025/6R/108MEDIA/DSCF0038.JPG,DSCF0038.JPG,6R/108MEDIA,0,Other_Amphibian,0.3540,3572.1,300.1,3751.6,471.4
/srv/shared_leopard_toad/2025/Documents/06.10-13.10.2025/6R/108MEDIA/DSCF0891.JPG,DSCF0891.JPG,6R/108MEDIA,2,Western_Leopard_Toad,0.8584,412.6,339.2,564.6,506.8
/srv/shared_leopard_toad/2025/Documents/06.10-13.10.2025/6R/108MEDIA/DSCF0636.JPG,DSCF0636.JPG,6R/108MEDIA,2,Western_Leopard_Toad,0.9219,413.2,336.2,560.7,498.0
/srv/shared_leopard_toad/2025/Documents/06.10-13.10.2025/6R/108MEDIA/DSCF0089.JPG,DSCF0089.JPG,6R/108MEDIA,2,Western_Leopard_Toad,0.9326,413.7,337.1,565.4,483.2
/srv/shared_leopard_toad/2025/Documents/06.10-13.10.2025/6R/108MEDIA/DSCF0827.JPG,DSCF0827.JPG,6R/108MEDIA,2,Western_Leopard_Toad,0.9355,413.0,337.5,566.1,496.0
/srv/shared_leopard_toad/2025/Documents/06.10-13.10.2025/6R/108MEDIA/DSCF0560.JPG,DSCF0560.JPG,6R/108MEDIA,2,Western_Leopard_Toad,0.9204,416.8,335.1,562.3,502.1
/srv/shared_leopard_toad/2025/Documents/06.10-13.10.2025/6R/108MEDIA/DSCF0802.JPG,DSCF0802.JPG,6R/108MEDIA,2,Western_Leopard_Toad,0.7412,415.5,337.9,566.9,500.0
/srv/shared_leopard_toad/2025/Documents/06.10-13.10.2025/6R/108MEDIA/DSCF0339.JPG,DSCF0339.JPG,6R/108MEDIA,0,Other_Amphibian,0.6650,554.5,2298.0,656.3,2421.1
/srv/shared_leopard_toad/2025/Documents/06.10-13.10.2025/6R/108MEDIA/DSCF0339.JPG,DSCF0339.JPG,6R/108MEDIA,2,Western_Leopard_Toad,0.5752,554.5,2298.0,656.3,2421.1
/srv/shared_leopard_toad/2025/Documents/06.10-13.10.2025/6R/108MEDIA/DSCF0164.JPG,DSCF0164.JPG,6R/108MEDIA,2,Western_Leopard_Toad,0.8647,415.9,335.4,568.5,490.7
/srv/shared_leopard_toad/2025/Documents/06.10-13.10.2025/6R/108MEDIA/DSCF0983.JPG,DSCF0983.JPG,6R/108MEDIA,2,Western_Leopard_Toad,0.8218,412.4,338.0,564.7,499.2
/srv/shared_leopard_toad/2025/Documents/06.10-13.10.2025/6R/108MEDIA/DSCF0336.JPG,DSCF0336.JPG,6R/108MEDIA,0,Other_Amphibian,0.7471,553.2,2295.5,655.6,2420.6
/srv/shared_leopard_toad/2025/Documents/06.10-13.10.2025/6R/108MEDIA/DSCF0336.JPG,DSCF0336.JPG,6R/108MEDIA,2,Western_Leopard_Toad,0.4915,553.2,2295.5,655.6,2420.6
/srv/shared_leopard_toad/2025/Documents/06.10-13.10.2025/6R/108MEDIA/DSCF0461.JPG,DSCF0461.JPG,6R/108MEDIA,2,Western_Leopard_Toad,0.7764,411.7,338.8,558.9,503.6
/srv/shared_leopard_toad/2025/Documents/06.10-13.10.2025/6R/108MEDIA/DSCF0458.JPG,DSCF0458.JPG,6R/108MEDIA,2,Western_Leopard_Toad,0.8940,408.7,339.1,561.9,507.0
/srv/shared_leopard_toad/2025/Documents/06.10-13.10.2025/6R/108MEDIA/DSCF0344.JPG,DSCF0344.JPG,6R/108MEDIA,0,Other_Amphibian,0.6665,554.1,2295.7,654.7,2420.4
/srv/shared_leopard_toad/2025/Documents/06.10-13.10.2025/6R/108MEDIA/DSCF0344.JPG,DSCF0344.JPG,6R/108MEDIA,2,Western_Leopard_Toad,0.5737,554.1,2295.7,654.7,2420.4
/srv/shared_leopard_toad/2025/Documents/06.10-13.10.2025/6R/108MEDIA/DSCF0194.JPG,DSCF0194.JPG,6R/108MEDIA,2,Western_Leopard_Toad,0.8892,416.2,335.7,566.2,482.3
/srv/shared_leopard_toad/2025/Documents/06.10-13.10.2025/6R/108MEDIA/DSCF0712.JPG,DSCF0712.JPG,6R/108MEDIA,2,Western_Leopard_Toad,0.7803,412.9,339.8,564.3,501.1
/srv/shared_leopard_toad/2025/Documents/06.10-13.10.2025/6R/108MEDIA/DSCF0501.JPG,DSCF0501.JPG,6R/108MEDIA,2,Western_Leopard_Toad,0.6992,412.1,338.4,559.8,504.7
/srv/shared_leopard_toad/2025/Documents/06.10-13.10.2025/6R/108MEDIA/DSCF0233.JPG,DSCF0233.JPG,6R/108MEDIA,2,Western_Leopard_Toad,0.8164,415.4,336.4,565.7,491.2
/srv/shared_leopard_toad/2025/Documents/06.10-13.10.2025/6R/108MEDIA/DSCF0489.JPG,DSCF0489.JPG,6R/108MEDIA,2,Western_Leopard_Toad,0.5337,413.6,338.2,562.2,499.0
/srv/shared_leopard_toad/2025/Documents/06.10-13.10.2025/6R/108MEDIA/DSCF0553.JPG,DSCF0553.JPG,6R/108MEDIA,2,Western_Leopard_Toad,0.9346,414.9,338.2,561.0,502.7
/srv/shared_leopard_toad/2025/Documents/06.10-13.10.2025/6R/108MEDIA/DSCF0077.JPG,DSCF0077.JPG,6R/108MEDIA,2,Western_Leopard_Toad,0.9136,411.7,334.7,567.5,483.3
/srv/shared_leopard_toad/2025/Documents/06.10-13.10.2025/6R/108MEDIA/DSCF0077.JPG,DSCF0077.JPG,6R/108MEDIA,0,Other_Amphibian,0.8423,3858.8,2522.3,4026.8,2678.2
/srv/shared_leopard_toad/2025/Documents/06.10-13.10.2025/6R/108MEDIA/DSCF0077.JPG,DSCF0077.JPG,6R/108MEDIA,0,Other_Amphibian,0.3481,3570.0,300.4,3753.8,473.3
/srv/shared_leopard_toad/2025/Documents/06.10-13.10.2025/6R/108MEDIA/DSCF0350.JPG,DSCF0350.JPG,6R/108MEDIA,0,Other_Amphibian,0.7568,553.4,2296.1,657.4,2420.0
/srv/shared_leopard_toad/2025/Documents/06.10-13.10.2025/6R/108MEDIA/DSCF0350.JPG,DSCF0350.JPG,6R/108MEDIA,2,Western_Leopard_Toad,0.4602,553.4,2296.1,657.4,2420.0
/srv/shared_leopard_toad/2025/Documents/06.10-13.10.2025/6R/108MEDIA/DSCF0390.JPG,DSCF0390.JPG,6R/108MEDIA,0,Other_Amphibian,0.3652,577.2,2279.6,665.1,2395.2
/srv/shared_leopard_toad/2025/Documents/06.10-13.10.2025/6R/108MEDIA/DSCF0185.JPG,DSCF0185.JPG,6R/108MEDIA,2,Western_Leopard_Toad,0.9111,418.7,336.1,565.6,490.8
/srv/shared_leopard_toad/2025/Documents/06.10-13.10.2025/6R/108MEDIA/DSCF0539.JPG,DSCF0539.JPG,6R/108MEDIA,2,Western_Leopard_Toad,0.9204,413.8,336.7,563.3,499.7
/srv/shared_leopard_toad/2025/Documents/06.10-13.10.2025/6R/108MEDIA/DSCF0051.JPG,DSCF0051.JPG,6R/108MEDIA,2,Western_Leopard_Toad,0.8701,414.0,337.1,565.1,484.6
/srv/shared_leopard_toad/2025/Documents/06.10-13.10.2025/6R/108MEDIA/DSCF0286.JPG,DSCF0286.JPG,6R/108MEDIA,2,Western_Leopard_Toad,0.8979,410.5,329.5,573.8,492.2
/srv/shared_leopard_toad/2025/Documents/06.10-13.10.2025/6R/108MEDIA/DSCF0286.JPG,DSCF0286.JPG,6R/108MEDIA,0,Other_Amphibian,0.2563,556.0,2281.8,663.3,2425.5
/srv/shared_leopard_toad/2025/Documents/06.10-13.10.2025/6R/108MEDIA/DSCF0292.JPG,DSCF0292.JPG,6R/108MEDIA,0,Other_Amphibian,0.4324,555.2,2285.7,664.1,2430.5
/srv/shared_leopard_toad/2025/Documents/06.10-13.10.2025/6R/108MEDIA/DSCF0834.JPG,DSCF0834.JPG,6R/108MEDIA,2,Western_Leopard_Toad,0.9292,408.9,337.6,565.0,501.8
/srv/shared_leopard_toad/2025/Documents/06.10-13.10.2025/6R/108MEDIA/DSCF0822.JPG,DSCF0822.JPG,6R/108MEDIA,2,Western_Leopard_Toad,0.5371,415.7,340.3,565.4,496.9
/srv/shared_leopard_toad/2025/Documents/06.10-13.10.2025/6R/108MEDIA/DSCF0792.JPG,DSCF0792.JPG,6R/108MEDIA,2,Western_Leopard_Toad,0.8906,419.0,338.0,565.4,496.3
/srv/shared_leopard_toad/2025/Documents/06.10-13.10.2025/6R/108MEDIA/DSCF0807.JPG,DSCF0807.JPG,6R/108MEDIA,2,Western_Leopard_Toad,0.6987,413.1,338.2,566.0,501.2
/srv/shared_leopard_toad/2025/Documents/06.10-13.10.2025/6R/108MEDIA/DSCF0341.JPG,DSCF0341.JPG,6R/108MEDIA,0,Other_Amphibian,0.8032,553.5,2295.7,655.3,2420.4
/srv/shared_leopard_toad/2025/Documents/06.10-13.10.2025/6R/108MEDIA/DSCF0341.JPG,DSCF0341.JPG,6R/108MEDIA,2,Western_Leopard_Toad,0.3953,553.5,2295.7,655.3,2420.4
/srv/shared_leopard_toad/2025/Documents/06.10-13.10.2025/6R/108MEDIA/DSCF0304.JPG,DSCF0304.JPG,6R/108MEDIA,0,Other_Amphibian,0.8472,557.9,2294.0,663.3,2428.1
/srv/shared_leopard_toad/2025/Documents/06.10-13.10.2025/6R/108MEDIA/DSCF0304.JPG,DSCF0304.JPG,6R/108MEDIA,2,Western_Leopard_Toad,0.3167,557.9,2294.0,663.3,2428.1
/srv/shared_leopard_toad/2025/Documents/06.10-13.10.2025/6R/108MEDIA/DSCF0507.JPG,DSCF0507.JPG,6R/108MEDIA,2,Western_Leopard_Toad,0.9038,417.5,338.5,563.6,500.2
/srv/shared_leopard_toad/2025/Documents/06.10-13.10.2025/6R/108MEDIA/DSCF0681.JPG,DSCF0681.JPG,6R/108MEDIA,2,Western_Leopard_Toad,0.8335,408.8,339.1,563.1,506.3
/srv/shared_leopard_toad/2025/Documents/06.10-13.10.2025/6R/108MEDIA/DSCF0592.JPG,DSCF0592.JPG,6R/108MEDIA,2,Western_Leopard_Toad,0.6406,410.5,337.6,561.4,498.2
/srv/shared_leopard_toad/2025/Documents/06.10-13.10.2025/6R/108MEDIA/DSCF0574.JPG,DSCF0574.JPG,6R/108MEDIA,2,Western_Leopard_Toad,0.2622,412.9,338.7,560.9,506.6
/srv/shared_leopard_toad/2025/Documents/06.10-13.10.2025/6R/108MEDIA/DSCF0795.JPG,DSCF0795.JPG,6R/108MEDIA,2,Western_Leopard_Toad,0.9043,412.3,339.4,564.9,498.5
/srv/shared_leopard_toad/2025/Documents/06.10-13.10.2025/6R/108MEDIA/DSCF0266.JPG,DSCF0266.JPG,6R/108MEDIA,2,Western_Leopard_Toad,0.9175,416.3,334.6,566.1,492.2
/srv/shared_leopard_toad/2025/Documents/06.10-13.10.2025/6R/108MEDIA/DSCF0003.JPG,DSCF0003.JPG,6R/108MEDIA,2,Western_Leopard_Toad,0.9136,415.2,336.1,567.2,483.3
/srv/shared_leopard_toad/2025/Documents/06.10-13.10.2025/6R/108MEDIA/DSCF0207.JPG,DSCF0207.JPG,6R/108MEDIA,2,Western_Leopard_Toad,0.7944,415.1,337.1,566.0,489.0
/srv/shared_leopard_toad/2025/Documents/06.10-13.10.2025/6R/108MEDIA/DSCF0393.JPG,DSCF0393.JPG,6R/108MEDIA,0,Other_Amphibian,0.6201,578.4,2278.0,666.5,2396.8
/srv/shared_leopard_toad/2025/Documents/06.10-13.10.2025/6R/108MEDIA/DSCF0393.JPG,DSCF0393.JPG,6R/108MEDIA,2,Western_Leopard_Toad,0.3225,578.4,2278.0,666.5,2396.8
/srv/shared_leopard_toad/2025/Documents/06.10-13.10.2025/6R/108MEDIA/DSCF0780.JPG,DSCF0780.JPG,6R/108MEDIA,2,Western_Leopard_Toad,0.6885,410.9,341.0,568.2,494.7
/srv/shared_leopard_toad/2025/Documents/06.10-13.10.2025/6R/108MEDIA/DSCF0986.JPG,DSCF0986.JPG,6R/108MEDIA,2,Western_Leopard_Toad,0.6504,415.0,339.7,564.1,499.0
/srv/shared_leopard_toad/2025/Documents/06.10-13.10.2025/6R/108MEDIA/DSCF0981.JPG,DSCF0981.JPG,6R/108MEDIA,2,Western_Leopard_Toad,0.7217,404.9,338.1,560.4,500.6
/srv/shared_leopard_toad/2025/Documents/06.10-13.10.2025/6R/108MEDIA/DSCF0403.JPG,DSCF0403.JPG,6R/108MEDIA,0,Other_Amphibian,0.7026,577.3,2278.0,667.6,2393.9
/srv/shared_leopard_toad/2025/Documents/06.10-13.10.2025/6R/108MEDIA/DSCF0369.JPG,DSCF0369.JPG,6R/108MEDIA,0,Other_Amphibian,0.6538,575.2,2277.9,667.1,2396.9
/srv/shared_leopard_toad/2025/Documents/06.10-13.10.2025/6R/108MEDIA/DSCF0369.JPG,DSCF0369.JPG,6R/108MEDIA,2,Western_Leopard_Toad,0.3630,575.2,2277.9,667.1,2396.9
/srv/shared_leopard_toad/2025/Documents/06.10-13.10.2025/6R/108MEDIA/DSCF0895.JPG,DSCF0895.JPG,6R/108MEDIA,2,Western_Leopard_Toad,0.9287,413.2,339.7,564.0,502.7
/srv/shared_leopard_toad/2025/Documents/06.10-13.10.2025/6R/108MEDIA/DSCF0490.JPG,DSCF0490.JPG,6R/108MEDIA,2,Western_Leopard_Toad,0.8726,410.0,337.4,558.6,503.5
/srv/shared_leopard_toad/2025/Documents/06.10-13.10.2025/6R/108MEDIA/DSCF0422.JPG,DSCF0422.JPG,6R/108MEDIA,0,Other_Amphibian,0.3059,573.6,2279.3,662.8,2392.6
/srv/shared_leopard_toad/2025/Documents/06.10-13.10.2025/6R/108MEDIA/DSCF0549.JPG,DSCF0549.JPG,6R/108MEDIA,2,Western_Leopard_Toad,0.9321,416.5,336.7,560.6,499.1
/srv/shared_leopard_toad/2025/Documents/06.10-13.10.2025/6R/108MEDIA/DSCF0817.JPG,DSCF0817.JPG,6R/108MEDIA,2,Western_Leopard_Toad,0.9106,410.6,339.0,565.2,500.5
/srv/shared_leopard_toad/2025/Documents/06.10-13.10.2025/6R/108MEDIA/DSCF0649.JPG,DSCF0649.JPG,6R/108MEDIA,2,Western_Leopard_Toad,0.6265,410.0,338.6,562.0,503.7
/srv/shared_leopard_toad/2025/Documents/06.10-13.10.2025/6R/108MEDIA/DSCF0912.JPG,DSCF0912.JPG,6R/108MEDIA,2,Western_Leopard_Toad,0.8857,414.5,338.6,564.6,498.6
/srv/shared_leopard_toad/2025/Documents/06.10-13.10.2025/6R/108MEDIA/DSCF0899.JPG,DSCF0899.JPG,6R/108MEDIA,2,Western_Leopard_Toad,0.7988,409.6,340.2,566.3,497.8
/srv/shared_leopard_toad/2025/Documents/06.10-13.10.2025/6R/108MEDIA/DSCF0353.JPG,DSCF0353.JPG,6R/108MEDIA,2,Western_Leopard_Toad,0.6685,554.1,2297.7,656.7,2421.4
/srv/shared_leopard_toad/2025/Documents/06.10-13.10.2025/6R/108MEDIA/DSCF0353.JPG,DSCF0353.JPG,6R/108MEDIA,0,Other_Amphibian,0.5571,554.1,2297.7,656.7,2421.4
/srv/shared_leopard_toad/2025/Documents/06.10-13.10.2025/6R/108MEDIA/DSCF0394.JPG,DSCF0394.JPG,6R/108MEDIA,0,Other_Amphibian,0.5415,576.0,2280.0,666.3,2397.8
/srv/shared_leopard_toad/2025/Documents/06.10-13.10.2025/6R/108MEDIA/DSCF0394.JPG,DSCF0394.JPG,6R/108MEDIA,2,Western_Leopard_Toad,0.2756,576.0,2280.0,666.3,2397.8
/srv/shared_leopard_toad/2025/Documents/06.10-13.10.2025/6R/108MEDIA/DSCF0759.JPG,DSCF0759.JPG,6R/108MEDIA,2,Western_Leopard_Toad,0.8062,418.5,339.1,562.6,500.3
/srv/shared_leopard_toad/2025/Documents/06.10-13.10.2025/6R/108MEDIA/DSCF0476.JPG,DSCF0476.JPG,6R/108MEDIA,2,Western_Leopard_Toad,0.7100,413.0,337.6,564.1,499.6
/srv/shared_leopard_toad/2025/Documents/06.10-13.10.2025/6R/108MEDIA/DSCF0713.JPG,DSCF0713.JPG,6R/108MEDIA,2,Western_Leopard_Toad,0.9199,410.4,339.4,563.5,501.5
/srv/shared_leopard_toad/2025/Documents/06.10-13.10.2025/6R/108MEDIA/DSCF0699.JPG,DSCF0699.JPG,6R/108MEDIA,2,Western_Leopard_Toad,0.9424,415.2,340.9,565.9,505.1
/srv/shared_leopard_toad/2025/Documents/06.10-13.10.2025/6R/108MEDIA/DSCF0566.JPG,DSCF0566.JPG,6R/108MEDIA,2,Western_Leopard_Toad,0.8535,411.9,337.9,562.0,504.5
/srv/shared_leopard_toad/2025/Documents/06.10-13.10.2025/6R/108MEDIA/DSCF0559.JPG,DSCF0559.JPG,6R/108MEDIA,2,Western_Leopard_Toad,0.7852,409.7,339.4,560.8,500.0
/srv/shared_leopard_toad/2025/Documents/06.10-13.10.2025/6R/108MEDIA/DSCF0368.JPG,DSCF0368.JPG,6R/108MEDIA,0,Other_Amphibian,0.6362,576.4,2280.6,665.9,2397.2
/srv/shared_leopard_toad/2025/Documents/06.10-13.10.2025/6R/108MEDIA/DSCF0368.JPG,DSCF0368.JPG,6R/108MEDIA,2,Western_Leopard_Toad,0.3462,576.4,2280.6,665.9,2397.2
/srv/shared_leopard_toad/2025/Documents/06.10-13.10.2025/6R/108MEDIA/DSCF0656.JPG,DSCF0656.JPG,6R/108MEDIA,2,Western_Leopard_Toad,0.9253,409.6,339.7,564.3,499.7
/srv/shared_leopard_toad/2025/Documents/06.10-13.10.2025/6R/108MEDIA/DSCF0994.JPG,DSCF0994.JPG,6R/108MEDIA,2,Western_Leopard_Toad,0.4661,412.9,340.5,562.9,496.7
/srv/shared_leopard_toad/2025/Documents/06.10-13.10.2025/6R/108MEDIA/DSCF0994.JPG,DSCF0994.JPG,6R/108MEDIA,0,Other_Amphibian,0.3401,3123.5,357.1,3381.2,666.9
/srv/shared_leopard_toad/2025/Documents/06.10-13.10.2025/6R/108MEDIA/DSCF0366.JPG,DSCF0366.JPG,6R/108MEDIA,0,Other_Amphibian,0.5283,576.2,2280.2,666.1,2397.6
/srv/shared_leopard_toad/2025/Documents/06.10-13.10.2025/6R/108MEDIA/DSCF0755.JPG,DSCF0755.JPG,6R/108MEDIA,2,Western_Leopard_Toad,0.8452,410.8,341.0,565.1,495.5
/srv/shared_leopard_toad/2025/Documents/06.10-13.10.2025/6R/108MEDIA/DSCF0067.JPG,DSCF0067.JPG,6R/108MEDIA,2,Western_Leopard_Toad,0.5127,418.6,337.4,567.7,486.5
/srv/shared_leopard_toad/2025/Documents/06.10-13.10.2025/6R/108MEDIA/DSCF0251.JPG,DSCF0251.JPG,6R/108MEDIA,2,Western_Leopard_Toad,0.7959,410.6,333.9,568.5,487.8
/srv/shared_leopard_toad/2025/Documents/06.10-13.10.2025/6R/108MEDIA/DSCF0251.JPG,DSCF0251.JPG,6R/108MEDIA,0,Other_Amphibian,0.3293,558.3,2284.5,658.4,2408.0
/srv/shared_leopard_toad/2025/Documents/06.10-13.10.2025/6R/108MEDIA/DSCF0372.JPG,DSCF0372.JPG,6R/108MEDIA,0,Other_Amphibian,0.7344,575.7,2280.8,666.6,2396.9
/srv/shared_leopard_toad/2025/Documents/06.10-13.10.2025/6R/108MEDIA/DSCF0372.JPG,DSCF0372.JPG,6R/108MEDIA,2,Western_Leopard_Toad,0.3691,575.7,2280.8,666.6,2396.9
/srv/shared_leopard_toad/2025/Documents/06.10-13.10.2025/6R/108MEDIA/DSCF0250.JPG,DSCF0250.JPG,6R/108MEDIA,2,Western_Leopard_Toad,0.9028,412.2,334.9,566.9,489.1
/srv/shared_leopard_toad/2025/Documents/06.10-13.10.2025/6R/108MEDIA/DSCF0342.JPG,DSCF0342.JPG,6R/108MEDIA,0,Other_Amphibian,0.7549,551.5,2294.4,657.3,2418.8
/srv/shared_leopard_toad/2025/Documents/06.10-13.10.2025/6R/108MEDIA/DSCF0342.JPG,DSCF0342.JPG,6R/108MEDIA,2,Western_Leopard_Toad,0.5317,551.5,2294.4,657.3,2418.8
/srv/shared_leopard_toad/2025/Documents/06.10-13.10.2025/6R/108MEDIA/DSCF0979.JPG,DSCF0979.JPG,6R/108MEDIA,2,Western_Leopard_Toad,0.8550,413.2,338.4,564.0,502.5
/srv/shared_leopard_toad/2025/Documents/06.10-13.10.2025/6R/108MEDIA/DSCF0305.JPG,DSCF0305.JPG,6R/108MEDIA,0,Other_Amphibian,0.8521,558.6,2295.5,662.6,2423.6
/srv/shared_leopard_toad/2025/Documents/06.10-13.10.2025/6R/108MEDIA/DSCF0305.JPG,DSCF0305.JPG,6R/108MEDIA,2,Western_Leopard_Toad,0.2866,558.6,2295.5,662.6,2423.6
/srv/shared_leopard_toad/2025/Documents/06.10-13.10.2025/6R/108MEDIA/DSCF0880.JPG,DSCF0880.JPG,6R/108MEDIA,2,Western_Leopard_Toad,0.8569,413.7,338.4,565.4,501.1
/srv/shared_leopard_toad/2025/Documents/06.10-13.10.2025/6R/108MEDIA/DSCF0938.JPG,DSCF0938.JPG,6R/108MEDIA,2,Western_Leopard_Toad,0.3713,411.2,339.6,562.7,496.9
/srv/shared_leopard_toad/2025/Documents/06.10-13.10.2025/6R/108MEDIA/DSCF0033.JPG,DSCF0033.JPG,6R/108MEDIA,2,Western_Leopard_Toad,0.9321,415.0,333.6,567.4,488.1
/srv/shared_leopard_toad/2025/Documents/06.10-13.10.2025/6R/108MEDIA/DSCF0487.JPG,DSCF0487.JPG,6R/108MEDIA,2,Western_Leopard_Toad,0.3845,407.2,340.3,559.5,497.6
/srv/shared_leopard_toad/2025/Documents/06.10-13.10.2025/6R/108MEDIA/DSCF0487.JPG,DSCF0487.JPG,6R/108MEDIA,2,Western_Leopard_Toad,0.2747,93.5,1379.1,265.5,1541.5
/srv/shared_leopard_toad/2025/Documents/06.10-13.10.2025/6R/108MEDIA/DSCF0709.JPG,DSCF0709.JPG,6R/108MEDIA,2,Western_Leopard_Toad,0.4526,407.0,340.5,561.6,501.1
/srv/shared_leopard_toad/2025/Documents/06.10-13.10.2025/6R/108MEDIA/DSCF0168.JPG,DSCF0168.JPG,6R/108MEDIA,2,Western_Leopard_Toad,0.7007,415.8,338.1,566.6,488.1
/srv/shared_leopard_toad/2025/Documents/06.10-13.10.2025/6R/108MEDIA/DSCF0670.JPG,DSCF0670.JPG,6R/108MEDIA,2,Western_Leopard_Toad,0.7705,412.5,340.3,561.4,497.6
/srv/shared_leopard_toad/2025/Documents/06.10-13.10.2025/6R/108MEDIA/DSCF0870.JPG,DSCF0870.JPG,6R/108MEDIA,2,Western_Leopard_Toad,0.9038,416.1,338.9,563.0,496.9
/srv/shared_leopard_toad/2025/Documents/06.10-13.10.2025/6R/108MEDIA/DSCF0676.JPG,DSCF0676.JPG,6R/108MEDIA,2,Western_Leopard_Toad,0.7290,411.8,340.9,560.1,503.6
/srv/shared_leopard_toad/2025/Documents/06.10-13.10.2025/6R/108MEDIA/DSCF0531.JPG,DSCF0531.JPG,6R/108MEDIA,2,Western_Leopard_Toad,0.6685,406.9,339.1,559.8,498.8
/srv/shared_leopard_toad/2025/Documents/06.10-13.10.2025/6R/108MEDIA/DSCF0411.JPG,DSCF0411.JPG,6R/108MEDIA,0,Other_Amphibian,0.5815,576.4,2280.9,665.9,2396.8
/srv/shared_leopard_toad/2025/Documents/06.10-13.10.2025/6R/108MEDIA/DSCF0700.JPG,DSCF0700.JPG,6R/108MEDIA,2,Western_Leopard_Toad,0.9058,414.5,339.6,564.6,505.0
/srv/shared_leopard_toad/2025/Documents/06.10-13.10.2025/6R/108MEDIA/DSCF0230.JPG,DSCF0230.JPG,6R/108MEDIA,2,Western_Leopard_Toad,0.7407,413.5,334.8,567.6,486.9
/srv/shared_leopard_toad/2025/Documents/06.10-13.10.2025/6R/108MEDIA/DSCF0007.JPG,DSCF0007.JPG,6R/108MEDIA,2,Western_Leopard_Toad,0.8247,415.7,336.8,565.4,487.1
/srv/shared_leopard_toad/2025/Documents/06.10-13.10.2025/6R/108MEDIA/DSCF0139.JPG,DSCF0139.JPG,6R/108MEDIA,2,Western_Leopard_Toad,0.5332,414.2,337.1,568.2,484.6
/srv/shared_leopard_toad/2025/Documents/06.10-13.10.2025/6R/108MEDIA/DSCF0256.JPG,DSCF0256.JPG,6R/108MEDIA,2,Western_Leopard_Toad,0.6421,410.8,336.7,565.1,490.9
/srv/shared_leopard_toad/2025/Documents/06.10-13.10.2025/6R/108MEDIA/DSCF0923.JPG,DSCF0923.JPG,6R/108MEDIA,2,Western_Leopard_Toad,0.4773,416.1,338.8,563.0,502.1
/srv/shared_leopard_toad/2025/Documents/06.10-13.10.2025/6R/108MEDIA/DSCF0936.JPG,DSCF0936.JPG,6R/108MEDIA,2,Western_Leopard_Toad,0.4377,411.6,339.9,562.2,506.2
/srv/shared_leopard_toad/2025/Documents/06.10-13.10.2025/6R/108MEDIA/DSCF0324.JPG,DSCF0324.JPG,6R/108MEDIA,0,Other_Amphibian,0.8662,555.0,2295.8,657.8,2423.3
/srv/shared_leopard_toad/2025/Documents/06.10-13.10.2025/6R/108MEDIA/DSCF0324.JPG,DSCF0324.JPG,6R/108MEDIA,2,Western_Leopard_Toad,0.2605,555.0,2295.8,657.8,2423.3
/srv/shared_leopard_toad/2025/Documents/06.10-13.10.2025/6R/108MEDIA/DSCF0524.JPG,DSCF0524.JPG,6R/108MEDIA,2,Western_Leopard_Toad,0.9175,408.3,338.7,558.3,499.3
/srv/shared_leopard_toad/2025/Documents/06.10-13.10.2025/6R/108MEDIA/DSCF0866.JPG,DSCF0866.JPG,6R/108MEDIA,2,Western_Leopard_Toad,0.9277,414.0,339.6,563.1,505.0
/srv/shared_leopard_toad/2025/Documents/06.10-13.10.2025/6R/108MEDIA/DSCF0044.JPG,DSCF0044.JPG,6R/108MEDIA,2,Western_Leopard_Toad,0.8721,414.9,338.5,567.5,485.4
/srv/shared_leopard_toad/2025/Documents/06.10-13.10.2025/6R/108MEDIA/DSCF0044.JPG,DSCF0044.JPG,6R/108MEDIA,0,Other_Amphibian,0.2637,3571.4,300.4,3752.4,471.1
/srv/shared_leopard_toad/2025/Documents/06.10-13.10.2025/6R/108MEDIA/DSCF0730.JPG,DSCF0730.JPG,6R/108MEDIA,2,Western_Leopard_Toad,0.8965,410.0,339.8,560.6,501.1
/srv/shared_leopard_toad/2025/Documents/06.10-13.10.2025/6R/108MEDIA/DSCF0581.JPG,DSCF0581.JPG,6R/108MEDIA,2,Western_Leopard_Toad,0.8418,404.8,339.6,560.6,497.6
/srv/shared_leopard_toad/2025/Documents/06.10-13.10.2025/6R/108MEDIA/DSCF0486.JPG,DSCF0486.JPG,6R/108MEDIA,2,Western_Leopard_Toad,0.5430,413.1,337.4,562.8,496.8
/srv/shared_leopard_toad/2025/Documents/06.10-13.10.2025/6R/108MEDIA/DSCF0026.JPG,DSCF0026.JPG,6R/108MEDIA,2,Western_Leopard_Toad,0.9155,416.1,335.1,566.3,481.5
/srv/shared_leopard_toad/2025/Documents/06.10-13.10.2025/6R/108MEDIA/DSCF0026.JPG,DSCF0026.JPG,6R/108MEDIA,0,Other_Amphibian,0.2520,892.7,2718.5,1030.1,2857.0
/srv/shared_leopard_toad/2025/Documents/06.10-13.10.2025/6R/108MEDIA/DSCF0026.JPG,DSCF0026.JPG,6R/108MEDIA,0,Other_Amphibian,0.2449,3571.6,297.3,3752.2,470.5
/srv/shared_leopard_toad/2025/Documents/06.10-13.10.2025/6R/108MEDIA/DSCF0526.JPG,DSCF0526.JPG,6R/108MEDIA,2,Western_Leopard_Toad,0.5684,407.5,338.9,559.2,502.8
/srv/shared_leopard_toad/2025/Documents/06.10-13.10.2025/6R/108MEDIA/DSCF0380.JPG,DSCF0380.JPG,6R/108MEDIA,0,Other_Amphibian,0.6123,574.0,2279.8,666.3,2397.9
/srv/shared_leopard_toad/2025/Documents/06.10-13.10.2025/6R/108MEDIA/DSCF0380.JPG,DSCF0380.JPG,6R/108MEDIA,2,Western_Leopard_Toad,0.2893,574.0,2279.8,666.3,2397.9
/srv/shared_leopard_toad/2025/Documents/06.10-13.10.2025/6R/108MEDIA/DSCF0568.JPG,DSCF0568.JPG,6R/108MEDIA,2,Western_Leopard_Toad,0.8965,408.0,339.5,562.6,503.6
/srv/shared_leopard_toad/2025/Documents/06.10-13.10.2025/6R/108MEDIA/DSCF0982.JPG,DSCF0982.JPG,6R/108MEDIA,2,Western_Leopard_Toad,0.6152,414.7,338.7,564.4,500.0
/srv/shared_leopard_toad/2025/Documents/06.10-13.10.2025/6R/108MEDIA/DSCF0854.JPG,DSCF0854.JPG,6R/108MEDIA,2,Western_Leopard_Toad,0.7124,414.5,340.8,564.6,506.8
/srv/shared_leopard_toad/2025/Documents/06.10-13.10.2025/6R/108MEDIA/DSCF0409.JPG,DSCF0409.JPG,6R/108MEDIA,0,Other_Amphibian,0.5952,577.2,2277.4,665.1,2394.4
/srv/shared_leopard_toad/2025/Documents/06.10-13.10.2025/6R/108MEDIA/DSCF0851.JPG,DSCF0851.JPG,6R/108MEDIA,2,Western_Leopard_Toad,0.6333,415.8,339.1,565.3,503.3
/srv/shared_leopard_toad/2025/Documents/06.10-13.10.2025/6R/108MEDIA/DSCF0343.JPG,DSCF0343.JPG,6R/108MEDIA,0,Other_Amphibian,0.7729,554.4,2296.8,654.4,2422.3
/srv/shared_leopard_toad/2025/Documents/06.10-13.10.2025/6R/108MEDIA/DSCF0343.JPG,DSCF0343.JPG,6R/108MEDIA,2,Western_Leopard_Toad,0.4536,554.4,2296.8,654.4,2422.3
/srv/shared_leopard_toad/2025/Documents/06.10-13.10.2025/6R/108MEDIA/DSCF0906.JPG,DSCF0906.JPG,6R/108MEDIA,2,Western_Leopard_Toad,0.7505,414.4,339.0,564.7,500.5
/srv/shared_leopard_toad/2025/Documents/06.10-13.10.2025/6R/108MEDIA/DSCF0402.JPG,DSCF0402.JPG,6R/108MEDIA,0,Other_Amphibian,0.5015,575.7,2279.1,664.6,2398.7
/srv/shared_leopard_toad/2025/Documents/06.10-13.10.2025/6R/108MEDIA/DSCF0572.JPG,DSCF0572.JPG,6R/108MEDIA,2,Western_Leopard_Toad,0.6050,412.2,339.6,559.7,499.9
/srv/shared_leopard_toad/2025/Documents/06.10-13.10.2025/6R/108MEDIA/DSCF0301.JPG,DSCF0301.JPG,6R/108MEDIA,0,Other_Amphibian,0.8701,557.9,2294.8,663.4,2424.3
/srv/shared_leopard_toad/2025/Documents/06.10-13.10.2025/6R/108MEDIA/DSCF0544.JPG,DSCF0544.JPG,6R/108MEDIA,2,Western_Leopard_Toad,0.6655,415.5,339.0,561.6,497.5
/srv/shared_leopard_toad/2025/Documents/06.10-13.10.2025/6R/108MEDIA/DSCF0769.JPG,DSCF0769.JPG,6R/108MEDIA,2,Western_Leopard_Toad,0.6040,409.0,339.4,566.9,500.0
/srv/shared_leopard_toad/2025/Documents/06.10-13.10.2025/6R/108MEDIA/DSCF0596.JPG,DSCF0596.JPG,6R/108MEDIA,2,Western_Leopard_Toad,0.5850,413.1,340.0,558.8,505.4
/srv/shared_leopard_toad/2025/Documents/06.10-13.10.2025/6R/108MEDIA/DSCF0924.JPG,DSCF0924.JPG,6R/108MEDIA,2,Western_Leopard_Toad,0.9204,411.8,340.4,562.1,499.0
/srv/shared_leopard_toad/2025/Documents/06.10-13.10.2025/6R/108MEDIA/DSCF0184.JPG,DSCF0184.JPG,6R/108MEDIA,2,Western_Leopard_Toad,0.9229,414.0,335.4,565.1,487.8
/srv/shared_leopard_toad/2025/Documents/06.10-13.10.2025/6R/108MEDIA/DSCF0237.JPG,DSCF0237.JPG,6R/108MEDIA,2,Western_Leopard_Toad,0.4954,413.9,336.1,568.5,487.8
/srv/shared_leopard_toad/2025/Documents/06.10-13.10.2025/6R/108MEDIA/DSCF0373.JPG,DSCF0373.JPG,6R/108MEDIA,0,Other_Amphibian,0.6602,573.1,2278.6,667.2,2399.1
/srv/shared_leopard_toad/2025/Documents/06.10-13.10.2025/6R/108MEDIA/DSCF0373.JPG,DSCF0373.JPG,6R/108MEDIA,2,Western_Leopard_Toad,0.2874,573.1,2278.6,667.2,2399.1
/srv/shared_leopard_toad/2025/Documents/06.10-13.10.2025/6R/108MEDIA/DSCF0871.JPG,DSCF0871.JPG,6R/108MEDIA,2,Western_Leopard_Toad,0.8901,410.6,339.4,565.2,500.0
/srv/shared_leopard_toad/2025/Documents/06.10-13.10.2025/6R/108MEDIA/DSCF0118.JPG,DSCF0118.JPG,6R/108MEDIA,2,Western_Leopard_Toad,0.5352,417.3,335.7,567.0,486.0
/srv/shared_leopard_toad/2025/Documents/06.10-13.10.2025/6R/108MEDIA/DSCF0118.JPG,DSCF0118.JPG,6R/108MEDIA,0,Other_Amphibian,0.5293,3573.9,296.4,3755.1,472.9
/srv/shared_leopard_toad/2025/Documents/06.10-13.10.2025/6R/108MEDIA/DSCF0944.JPG,DSCF0944.JPG,6R/108MEDIA,2,Western_Leopard_Toad,0.9331,411.7,339.1,567.5,504.0
/srv/shared_leopard_toad/2025/Documents/06.10-13.10.2025/6R/108MEDIA/DSCF0580.JPG,DSCF0580.JPG,6R/108MEDIA,2,Western_Leopard_Toad,0.8418,415.5,338.1,561.6,503.5
/srv/shared_leopard_toad/2025/Documents/06.10-13.10.2025/6R/108MEDIA/DSCF0060.JPG,DSCF0060.JPG,6R/108MEDIA,2,Western_Leopard_Toad,0.9409,418.0,334.9,566.3,486.8
/srv/shared_leopard_toad/2025/Documents/06.10-13.10.2025/6R/108MEDIA/DSCF0060.JPG,DSCF0060.JPG,6R/108MEDIA,0,Other_Amphibian,0.2233,3569.7,301.1,3754.1,473.4
/srv/shared_leopard_toad/2025/Documents/06.10-13.10.2025/6R/108MEDIA/DSCF0949.JPG,DSCF0949.JPG,6R/108MEDIA,2,Western_Leopard_Toad,0.7969,415.5,340.5,565.6,501.1
/srv/shared_leopard_toad/2025/Documents/06.10-13.10.2025/6R/108MEDIA/DSCF0736.JPG,DSCF0736.JPG,6R/108MEDIA,2,Western_Leopard_Toad,0.9341,409.2,341.5,564.7,503.0
/srv/shared_leopard_toad/2025/Documents/06.10-13.10.2025/6R/108MEDIA/DSCF0943.JPG,DSCF0943.JPG,6R/108MEDIA,2,Western_Leopard_Toad,0.8228,411.8,340.0,560.1,498.0
/srv/shared_leopard_toad/2025/Documents/06.10-13.10.2025/6R/108MEDIA/DSCF0873.JPG,DSCF0873.JPG,6R/108MEDIA,2,Western_Leopard_Toad,0.9160,413.6,339.3,563.6,500.1
/srv/shared_leopard_toad/2025/Documents/06.10-13.10.2025/6R/108MEDIA/DSCF0917.JPG,DSCF0917.JPG,6R/108MEDIA,2,Western_Leopard_Toad,0.6885,404.7,341.1,567.2,507.2
/srv/shared_leopard_toad/2025/Documents/06.10-13.10.2025/6R/108MEDIA/DSCF0505.JPG,DSCF0505.JPG,6R/108MEDIA,2,Western_Leopard_Toad,0.5415,415.0,338.8,560.8,500.6
/srv/shared_leopard_toad/2025/Documents/06.10-13.10.2025/6R/108MEDIA/DSCF0672.JPG,DSCF0672.JPG,6R/108MEDIA,2,Western_Leopard_Toad,0.9092,412.6,340.0,563.2,505.4
/srv/shared_leopard_toad/2025/Documents/06.10-13.10.2025/6R/108MEDIA/DSCF0662.JPG,DSCF0662.JPG,6R/108MEDIA,2,Western_Leopard_Toad,0.9082,412.1,337.3,561.8,505.8
/srv/shared_leopard_toad/2025/Documents/06.10-13.10.2025/6R/108MEDIA/DSCF0143.JPG,DSCF0143.JPG,6R/108MEDIA,2,Western_Leopard_Toad,0.8989,415.5,334.4,566.9,482.1
/srv/shared_leopard_toad/2025/Documents/06.10-13.10.2025/6R/108MEDIA/DSCF0998.JPG,DSCF0998.JPG,6R/108MEDIA,2,Western_Leopard_Toad,0.8086,412.6,339.6,563.2,499.9
/srv/shared_leopard_toad/2025/Documents/06.10-13.10.2025/6R/108MEDIA/DSCF0308.JPG,DSCF0308.JPG,6R/108MEDIA,0,Other_Amphibian,0.8545,556.7,2297.0,659.9,2425.0
/srv/shared_leopard_toad/2025/Documents/06.10-13.10.2025/6R/108MEDIA/DSCF0308.JPG,DSCF0308.JPG,6R/108MEDIA,2,Western_Leopard_Toad,0.2622,556.7,2297.0,659.9,2425.0
/srv/shared_leopard_toad/2025/Documents/06.10-13.10.2025/6R/108MEDIA/DSCF0312.JPG,DSCF0312.JPG,6R/108MEDIA,0,Other_Amphibian,0.8672,556.3,2296.8,660.4,2425.3
/srv/shared_leopard_toad/2025/Documents/06.10-13.10.2025/6R/108MEDIA/DSCF0312.JPG,DSCF0312.JPG,6R/108MEDIA,2,Western_Leopard_Toad,0.2563,556.3,2296.8,660.4,2425.3
/srv/shared_leopard_toad/2025/Documents/06.10-13.10.2025/6R/108MEDIA/DSCF0385.JPG,DSCF0385.JPG,6R/108MEDIA,0,Other_Amphibian,0.3853,576.7,2279.4,663.6,2395.4
/srv/shared_leopard_toad/2025/Documents/06.10-13.10.2025/6R/108MEDIA/DSCF0151.JPG,DSCF0151.JPG,6R/108MEDIA,2,Western_Leopard_Toad,0.3450,415.5,338.0,566.9,485.2
/srv/shared_leopard_toad/2025/Documents/06.10-13.10.2025/6R/108MEDIA/DSCF0426.JPG,DSCF0426.JPG,6R/108MEDIA,0,Other_Amphibian,0.2629,574.3,2281.8,666.0,2398.9
/srv/shared_leopard_toad/2025/Documents/06.10-13.10.2025/6R/108MEDIA/DSCF0534.JPG,DSCF0534.JPG,6R/108MEDIA,2,Western_Leopard_Toad,0.9390,410.6,338.3,563.2,498.9
/srv/shared_leopard_toad/2025/Documents/06.10-13.10.2025/6R/108MEDIA/DSCF0041.JPG,DSCF0041.JPG,6R/108MEDIA,2,Western_Leopard_Toad,0.5596,415.5,337.9,566.9,486.0
/srv/shared_leopard_toad/2025/Documents/06.10-13.10.2025/6R/108MEDIA/DSCF0041.JPG,DSCF0041.JPG,6R/108MEDIA,2,Western_Leopard_Toad,0.4316,104.3,1386.8,264.6,1548.6
/srv/shared_leopard_toad/2025/Documents/06.10-13.10.2025/6R/108MEDIA/DSCF0041.JPG,DSCF0041.JPG,6R/108MEDIA,0,Other_Amphibian,0.2410,3570.2,302.9,3753.5,473.0
/srv/shared_leopard_toad/2025/Documents/06.10-13.10.2025/6R/108MEDIA/DSCF0254.JPG,DSCF0254.JPG,6R/108MEDIA,2,Western_Leopard_Toad,0.6572,411.8,339.1,565.3,493.0
/srv/shared_leopard_toad/2025/Documents/06.10-13.10.2025/6R/108MEDIA/DSCF0970.JPG,DSCF0970.JPG,6R/108MEDIA,2,Western_Leopard_Toad,0.5630,414.5,338.9,566.5,502.8
/srv/shared_leopard_toad/2025/Documents/06.10-13.10.2025/6R/108MEDIA/DSCF0509.JPG,DSCF0509.JPG,6R/108MEDIA,2,Western_Leopard_Toad,0.8896,412.7,338.3,559.2,500.4
/srv/shared_leopard_toad/2025/Documents/06.10-13.10.2025/6R/108MEDIA/DSCF0157.JPG,DSCF0157.JPG,6R/108MEDIA,2,Western_Leopard_Toad,0.4075,409.9,336.8,566.0,483.4
/srv/shared_leopard_toad/2025/Documents/06.10-13.10.2025/6R/108MEDIA/DSCF0732.JPG,DSCF0732.JPG,6R/108MEDIA,2,Western_Leopard_Toad,0.7910,414.7,340.0,564.4,498.0
/srv/shared_leopard_toad/2025/Documents/06.10-13.10.2025/6R/108MEDIA/DSCF0781.JPG,DSCF0781.JPG,6R/108MEDIA,2,Western_Leopard_Toad,0.8027,415.4,340.5,563.7,504.1
/srv/shared_leopard_toad/2025/Documents/06.10-13.10.2025/6R/108MEDIA/DSCF0634.JPG,DSCF0634.JPG,6R/108MEDIA,2,Western_Leopard_Toad,0.8843,411.2,338.5,560.7,503.1
/srv/shared_leopard_toad/2025/Documents/06.10-13.10.2025/6R/108MEDIA/DSCF0896.JPG,DSCF0896.JPG,6R/108MEDIA,2,Western_Leopard_Toad,0.7192,413.4,339.0,562.5,500.5
/srv/shared_leopard_toad/2025/Documents/06.10-13.10.2025/6R/108MEDIA/DSCF0925.JPG,DSCF0925.JPG,6R/108MEDIA,2,Western_Leopard_Toad,0.8994,413.0,338.4,566.1,504.7
/srv/shared_leopard_toad/2025/Documents/06.10-13.10.2025/6R/108MEDIA/DSCF0419.JPG,DSCF0419.JPG,6R/108MEDIA,0,Other_Amphibian,0.3306,574.5,2283.0,665.8,2397.7
/srv/shared_leopard_toad/2025/Documents/06.10-13.10.2025/6R/108MEDIA/DSCF0528.JPG,DSCF0528.JPG,6R/108MEDIA,2,Western_Leopard_Toad,0.5776,415.2,335.6,560.7,498.6
/srv/shared_leopard_toad/2025/Documents/06.10-13.10.2025/6R/108MEDIA/DSCF0008.JPG,DSCF0008.JPG,6R/108MEDIA,2,Western_Leopard_Toad,0.8477,416.2,336.4,566.2,485.3
/srv/shared_leopard_toad/2025/Documents/06.10-13.10.2025/6R/108MEDIA/DSCF0303.JPG,DSCF0303.JPG,6R/108MEDIA,0,Other_Amphibian,0.8657,557.6,2294.9,661.7,2424.1
/srv/shared_leopard_toad/2025/Documents/06.10-13.10.2025/6R/108MEDIA/DSCF0155.JPG,DSCF0155.JPG,6R/108MEDIA,2,Western_Leopard_Toad,0.8574,413.8,338.5,565.3,491.3
/srv/shared_leopard_toad/2025/Documents/06.10-13.10.2025/6R/108MEDIA/DSCF0644.JPG,DSCF0644.JPG,6R/108MEDIA,2,Western_Leopard_Toad,0.7031,415.4,338.3,560.4,500.4
/srv/shared_leopard_toad/2025/Documents/06.10-13.10.2025/6R/108MEDIA/DSCF0644.JPG,DSCF0644.JPG,6R/108MEDIA,0,Other_Amphibian,0.2910,415.4,338.3,560.4,500.4
/srv/shared_leopard_toad/2025/Documents/06.10-13.10.2025/6R/108MEDIA/DSCF0220.JPG,DSCF0220.JPG,6R/108MEDIA,2,Western_Leopard_Toad,0.9189,416.1,334.7,565.0,492.9
/srv/shared_leopard_toad/2025/Documents/06.10-13.10.2025/6R/108MEDIA/DSCF0515.JPG,DSCF0515.JPG,6R/108MEDIA,2,Western_Leopard_Toad,0.7915,414.2,340.3,559.7,499.1
/srv/shared_leopard_toad/2025/Documents/06.10-13.10.2025/6R/108MEDIA/DSCF0837.JPG,DSCF0837.JPG,6R/108MEDIA,2,Western_Leopard_Toad,0.4854,416.7,338.6,564.4,506.7
/srv/shared_leopard_toad/2025/Documents/06.10-13.10.2025/6R/108MEDIA/DSCF0125.JPG,DSCF0125.JPG,6R/108MEDIA,2,Western_Leopard_Toad,0.8179,414.3,337.9,566.8,486.0
/srv/shared_leopard_toad/2025/Documents/06.10-13.10.2025/6R/108MEDIA/DSCF0661.JPG,DSCF0661.JPG,6R/108MEDIA,2,Western_Leopard_Toad,0.9175,412.5,338.4,561.4,501.1
/srv/shared_leopard_toad/2025/Documents/06.10-13.10.2025/6R/108MEDIA/DSCF0722.JPG,DSCF0722.JPG,6R/108MEDIA,2,Western_Leopard_Toad,0.6611,411.6,340.5,562.2,501.1
/srv/shared_leopard_toad/2025/Documents/06.10-13.10.2025/6R/108MEDIA/DSCF0988.JPG,DSCF0988.JPG,6R/108MEDIA,2,Western_Leopard_Toad,0.3022,408.0,339.5,562.6,505.8
/srv/shared_leopard_toad/2025/Documents/06.10-13.10.2025/6R/108MEDIA/DSCF0006.JPG,DSCF0006.JPG,6R/108MEDIA,2,Western_Leopard_Toad,0.8833,414.3,337.3,564.9,488.1
/srv/shared_leopard_toad/2025/Documents/06.10-13.10.2025/6R/108MEDIA/DSCF0006.JPG,DSCF0006.JPG,6R/108MEDIA,2,Western_Leopard_Toad,0.7739,3624.3,895.0,3788.7,1071.8
/srv/shared_leopard_toad/2025/Documents/06.10-13.10.2025/6R/108MEDIA/DSCF0959.JPG,DSCF0959.JPG,6R/108MEDIA,2,Western_Leopard_Toad,0.7476,410.6,339.2,561.3,494.3
/srv/shared_leopard_toad/2025/Documents/06.10-13.10.2025/6R/108MEDIA/DSCF0508.JPG,DSCF0508.JPG,6R/108MEDIA,2,Western_Leopard_Toad,0.8491,410.5,338.6,565.4,503.7
/srv/shared_leopard_toad/2025/Documents/06.10-13.10.2025/6R/108MEDIA/DSCF0608.JPG,DSCF0608.JPG,6R/108MEDIA,2,Western_Leopard_Toad,0.3723,398.4,340.7,561.7,503.9
/srv/shared_leopard_toad/2025/Documents/06.10-13.10.2025/6R/108MEDIA/DSCF0451.JPG,DSCF0451.JPG,6R/108MEDIA,2,Western_Leopard_Toad,0.8931,412.1,341.5,563.8,509.7
/srv/shared_leopard_toad/2025/Documents/06.10-13.10.2025/6R/108MEDIA/DSCF0532.JPG,DSCF0532.JPG,6R/108MEDIA,2,Western_Leopard_Toad,0.9429,414.1,338.7,563.0,500.7
/srv/shared_leopard_toad/2025/Documents/06.10-13.10.2025/6R/108MEDIA/DSCF0290.JPG,DSCF0290.JPG,6R/108MEDIA,0,Other_Amphibian,0.4443,553.4,2284.1,665.9,2429.1
/srv/shared_leopard_toad/2025/Documents/06.10-13.10.2025/6R/108MEDIA/DSCF0556.JPG,DSCF0556.JPG,6R/108MEDIA,2,Western_Leopard_Toad,0.9033,414.8,337.1,562.3,500.1
/srv/shared_leopard_toad/2025/Documents/06.10-13.10.2025/6R/108MEDIA/DSCF0862.JPG,DSCF0862.JPG,6R/108MEDIA,2,Western_Leopard_Toad,0.8940,409.9,338.6,564.0,500.1
/srv/shared_leopard_toad/2025/Documents/06.10-13.10.2025/6R/108MEDIA/DSCF0057.JPG,DSCF0057.JPG,6R/108MEDIA,2,Western_Leopard_Toad,0.8359,411.4,336.0,565.7,489.4
/srv/shared_leopard_toad/2025/Documents/06.10-13.10.2025/6R/108MEDIA/DSCF0057.JPG,DSCF0057.JPG,6R/108MEDIA,0,Other_Amphibian,0.2230,3569.3,302.2,3754.4,472.3
/srv/shared_leopard_toad/2025/Documents/06.10-13.10.2025/6R/108MEDIA/DSCF0758.JPG,DSCF0758.JPG,6R/108MEDIA,2,Western_Leopard_Toad,0.9321,415.6,339.5,563.6,496.3
/srv/shared_leopard_toad/2025/Documents/06.10-13.10.2025/6R/108MEDIA/DSCF0652.JPG,DSCF0652.JPG,6R/108MEDIA,2,Western_Leopard_Toad,0.8970,412.4,337.4,563.5,507.2
/srv/shared_leopard_toad/2025/Documents/06.10-13.10.2025/6R/108MEDIA/DSCF0165.JPG,DSCF0165.JPG,6R/108MEDIA,2,Western_Leopard_Toad,0.9077,416.3,337.4,566.1,484.3
/srv/shared_leopard_toad/2025/Documents/06.10-13.10.2025/6R/108MEDIA/DSCF0615.JPG,DSCF0615.JPG,6R/108MEDIA,2,Western_Leopard_Toad,0.5811,415.0,337.2,560.8,504.4
/srv/shared_leopard_toad/2025/Documents/06.10-13.10.2025/6R/108MEDIA/DSCF0258.JPG,DSCF0258.JPG,6R/108MEDIA,2,Western_Leopard_Toad,0.7983,413.2,335.0,564.0,490.4
/srv/shared_leopard_toad/2025/Documents/06.10-13.10.2025/6R/108MEDIA/DSCF0346.JPG,DSCF0346.JPG,6R/108MEDIA,0,Other_Amphibian,0.7227,553.9,2297.6,654.9,2424.4
/srv/shared_leopard_toad/2025/Documents/06.10-13.10.2025/6R/108MEDIA/DSCF0346.JPG,DSCF0346.JPG,6R/108MEDIA,2,Western_Leopard_Toad,0.5142,553.9,2297.6,654.9,2424.4
/srv/shared_leopard_toad/2025/Documents/06.10-13.10.2025/6R/108MEDIA/DSCF0723.JPG,DSCF0723.JPG,6R/108MEDIA,2,Western_Leopard_Toad,0.9028,416.8,339.2,565.6,495.1
/srv/shared_leopard_toad/2025/Documents/06.10-13.10.2025/6R/108MEDIA/DSCF0878.JPG,DSCF0878.JPG,6R/108MEDIA,2,Western_Leopard_Toad,0.7036,411.9,339.4,563.9,500.0
/srv/shared_leopard_toad/2025/Documents/06.10-13.10.2025/6R/108MEDIA/DSCF0174.JPG,DSCF0174.JPG,6R/108MEDIA,2,Western_Leopard_Toad,0.8311,415.4,334.8,567.0,486.9
/srv/shared_leopard_toad/2025/Documents/06.10-13.10.2025/6R/108MEDIA/DSCF0864.JPG,DSCF0864.JPG,6R/108MEDIA,2,Western_Leopard_Toad,0.5859,406.7,340.2,563.9,501.4
/srv/shared_leopard_toad/2025/Documents/06.10-13.10.2025/6R/108MEDIA/DSCF0697.JPG,DSCF0697.JPG,6R/108MEDIA,2,Western_Leopard_Toad,0.8477,412.7,339.6,564.4,502.0
/srv/shared_leopard_toad/2025/Documents/06.10-13.10.2025/6R/108MEDIA/DSCF0697.JPG,DSCF0697.JPG,6R/108MEDIA,2,Western_Leopard_Toad,0.7461,410.8,340.0,565.1,502.4
/srv/shared_leopard_toad/2025/Documents/06.10-13.10.2025/6R/108MEDIA/DSCF0761.JPG,DSCF0761.JPG,6R/108MEDIA,2,Western_Leopard_Toad,0.4385,413.9,341.3,561.9,496.6
/srv/shared_leopard_toad/2025/Documents/06.10-13.10.2025/6R/108MEDIA/DSCF0248.JPG,DSCF0248.JPG,6R/108MEDIA,2,Western_Leopard_Toad,0.9009,408.1,338.3,563.8,488.6
/srv/shared_leopard_toad/2025/Documents/06.10-13.10.2025/6R/108MEDIA/DSCF0117.JPG,DSCF0117.JPG,6R/108MEDIA,2,Western_Leopard_Toad,0.8174,415.8,338.0,566.6,485.2
/srv/shared_leopard_toad/2025/Documents/06.10-13.10.2025/6R/108MEDIA/DSCF0833.JPG,DSCF0833.JPG,6R/108MEDIA,2,Western_Leopard_Toad,0.8906,417.6,338.7,566.8,497.8
/srv/shared_leopard_toad/2025/Documents/06.10-13.10.2025/6R/108MEDIA/DSCF0833.JPG,DSCF0833.JPG,6R/108MEDIA,2,Western_Leopard_Toad,0.6729,416.3,339.0,568.0,497.5
/srv/shared_leopard_toad/2025/Documents/06.10-13.10.2025/6R/108MEDIA/DSCF0945.JPG,DSCF0945.JPG,6R/108MEDIA,2,Western_Leopard_Toad,0.5400,415.5,338.5,565.6,495.8
/srv/shared_leopard_toad/2025/Documents/06.10-13.10.2025/6R/108MEDIA/DSCF0063.JPG,DSCF0063.JPG,6R/108MEDIA,2,Western_Leopard_Toad,0.9062,418.3,334.1,568.0,484.6
/srv/shared_leopard_toad/2025/Documents/06.10-13.10.2025/6R/108MEDIA/DSCF0412.JPG,DSCF0412.JPG,6R/108MEDIA,0,Other_Amphibian,0.5024,575.4,2279.6,664.9,2395.2
/srv/shared_leopard_toad/2025/Documents/06.10-13.10.2025/6R/108MEDIA/DSCF0152.JPG,DSCF0152.JPG,6R/108MEDIA,2,Western_Leopard_Toad,0.9077,412.6,334.3,564.6,487.4
/srv/shared_leopard_toad/2025/Documents/06.10-13.10.2025/6R/108MEDIA/DSCF0405.JPG,DSCF0405.JPG,6R/108MEDIA,0,Other_Amphibian,0.6328,577.5,2279.5,664.7,2392.4
/srv/shared_leopard_toad/2025/Documents/06.10-13.10.2025/6R/108MEDIA/DSCF0989.JPG,DSCF0989.JPG,6R/108MEDIA,2,Western_Leopard_Toad,0.9214,411.6,337.9,565.6,499.4
/srv/shared_leopard_toad/2025/Documents/06.10-13.10.2025/6R/108MEDIA/DSCF0036.JPG,DSCF0036.JPG,6R/108MEDIA,2,Western_Leopard_Toad,0.9053,412.1,334.8,565.0,484.7
/srv/shared_leopard_toad/2025/Documents/06.10-13.10.2025/6R/108MEDIA/DSCF0052.JPG,DSCF0052.JPG,6R/108MEDIA,2,Western_Leopard_Toad,0.3118,417.5,337.0,568.9,484.7
/srv/shared_leopard_toad/2025/Documents/06.10-13.10.2025/6R/108MEDIA/DSCF0653.JPG,DSCF0653.JPG,6R/108MEDIA,2,Western_Leopard_Toad,0.9062,413.8,340.5,563.3,507.8
/srv/shared_leopard_toad/2025/Documents/06.10-13.10.2025/6R/108MEDIA/DSCF0754.JPG,DSCF0754.JPG,6R/108MEDIA,2,Western_Leopard_Toad,0.8486,416.4,340.6,564.7,500.3
/srv/shared_leopard_toad/2025/Documents/06.10-13.10.2025/6R/108MEDIA/DSCF0754.JPG,DSCF0754.JPG,6R/108MEDIA,0,Other_Amphibian,0.2277,3119.1,358.4,3385.7,654.5
/srv/shared_leopard_toad/2025/Documents/06.10-13.10.2025/6R/108MEDIA/DSCF0838.JPG,DSCF0838.JPG,6R/108MEDIA,2,Western_Leopard_Toad,0.6616,409.9,340.2,564.0,505.9
/srv/shared_leopard_toad/2025/Documents/06.10-13.10.2025/6R/108MEDIA/DSCF0838.JPG,DSCF0838.JPG,6R/108MEDIA,0,Other_Amphibian,0.2649,3122.4,360.6,3398.1,658.3
/srv/shared_leopard_toad/2025/Documents/06.10-13.10.2025/6R/108MEDIA/DSCF0189.JPG,DSCF0189.JPG,6R/108MEDIA,2,Western_Leopard_Toad,0.7861,413.0,335.0,566.1,484.5
/srv/shared_leopard_toad/2025/Documents/06.10-13.10.2025/6R/108MEDIA/DSCF0171.JPG,DSCF0171.JPG,6R/108MEDIA,2,Western_Leopard_Toad,0.8677,412.0,337.6,565.2,485.6
/srv/shared_leopard_toad/2025/Documents/06.10-13.10.2025/6R/108MEDIA/DSCF0040.JPG,DSCF0040.JPG,6R/108MEDIA,2,Western_Leopard_Toad,0.8633,409.3,336.6,564.5,485.1
/srv/shared_leopard_toad/2025/Documents/06.10-13.10.2025/6R/108MEDIA/DSCF0040.JPG,DSCF0040.JPG,6R/108MEDIA,0,Other_Amphibian,0.4373,3569.0,298.5,3754.7,473.0
/srv/shared_leopard_toad/2025/Documents/06.10-13.10.2025/6R/108MEDIA/DSCF0729.JPG,DSCF0729.JPG,6R/108MEDIA,2,Western_Leopard_Toad,0.8359,415.4,339.2,561.8,496.5
/srv/shared_leopard_toad/2025/Documents/06.10-13.10.2025/6R/108MEDIA/DSCF0729.JPG,DSCF0729.JPG,6R/108MEDIA,2,Western_Leopard_Toad,0.3281,415.4,339.2,565.7,496.5
/srv/shared_leopard_toad/2025/Documents/06.10-13.10.2025/6R/108MEDIA/DSCF0315.JPG,DSCF0315.JPG,6R/108MEDIA,0,Other_Amphibian,0.8784,556.3,2296.3,660.4,2425.8
/srv/shared_leopard_toad/2025/Documents/06.10-13.10.2025/6R/108MEDIA/DSCF0288.JPG,DSCF0288.JPG,6R/108MEDIA,2,Western_Leopard_Toad,0.8750,413.6,333.7,576.0,494.0
/srv/shared_leopard_toad/2025/Documents/06.10-13.10.2025/6R/108MEDIA/DSCF0288.JPG,DSCF0288.JPG,6R/108MEDIA,0,Other_Amphibian,0.5059,554.4,2283.8,666.9,2426.4
/srv/shared_leopard_toad/2025/Documents/06.10-13.10.2025/6R/108MEDIA/DSCF0045.JPG,DSCF0045.JPG,6R/108MEDIA,2,Western_Leopard_Toad,0.8569,414.5,334.6,566.5,485.7
/srv/shared_leopard_toad/2025/Documents/06.10-13.10.2025/6R/108MEDIA/DSCF0045.JPG,DSCF0045.JPG,6R/108MEDIA,0,Other_Amphibian,0.2971,3572.1,299.4,3756.9,471.3
/srv/shared_leopard_toad/2025/Documents/06.10-13.10.2025/6R/108MEDIA/DSCF0264.JPG,DSCF0264.JPG,6R/108MEDIA,2,Western_Leopard_Toad,0.9453,412.8,335.1,566.3,488.8
/srv/shared_leopard_toad/2025/Documents/06.10-13.10.2025/6R/108MEDIA/DSCF0848.JPG,DSCF0848.JPG,6R/108MEDIA,2,Western_Leopard_Toad,0.7739,408.6,340.9,565.3,503.6
/srv/shared_leopard_toad/2025/Documents/06.10-13.10.2025/6R/108MEDIA/DSCF0145.JPG,DSCF0145.JPG,6R/108MEDIA,2,Western_Leopard_Toad,0.8569,413.1,337.5,566.0,484.2
/srv/shared_leopard_toad/2025/Documents/06.10-13.10.2025/6R/108MEDIA/DSCF0284.JPG,DSCF0284.JPG,6R/108MEDIA,2,Western_Leopard_Toad,0.8325,413.4,335.1,574.3,496.9
/srv/shared_leopard_toad/2025/Documents/06.10-13.10.2025/6R/108MEDIA/DSCF0284.JPG,DSCF0284.JPG,6R/108MEDIA,0,Other_Amphibian,0.6523,554.6,2285.9,662.1,2424.3
/srv/shared_leopard_toad/2025/Documents/06.10-13.10.2025/6R/108MEDIA/DSCF0504.JPG,DSCF0504.JPG,6R/108MEDIA,2,Western_Leopard_Toad,0.7935,410.6,337.0,561.3,499.4
/srv/shared_leopard_toad/2025/Documents/06.10-13.10.2025/6R/108MEDIA/DSCF0637.JPG,DSCF0637.JPG,6R/108MEDIA,2,Western_Leopard_Toad,0.7642,415.0,338.5,560.8,506.1
/srv/shared_leopard_toad/2025/Documents/06.10-13.10.2025/6R/108MEDIA/DSCF0271.JPG,DSCF0271.JPG,6R/108MEDIA,2,Western_Leopard_Toad,0.9492,414.8,336.1,566.3,490.8
/srv/shared_leopard_toad/2025/Documents/06.10-13.10.2025/6R/108MEDIA/DSCF0861.JPG,DSCF0861.JPG,6R/108MEDIA,2,Western_Leopard_Toad,0.4016,411.9,339.4,562.0,498.5
/srv/shared_leopard_toad/2025/Documents/06.10-13.10.2025/6R/108MEDIA/DSCF0648.JPG,DSCF0648.JPG,6R/108MEDIA,2,Western_Leopard_Toad,0.6250,407.3,339.0,559.3,504.1
/srv/shared_leopard_toad/2025/Documents/06.10-13.10.2025/6R/108MEDIA/DSCF0659.JPG,DSCF0659.JPG,6R/108MEDIA,2,Western_Leopard_Toad,0.9224,416.1,338.6,563.0,500.1
/srv/shared_leopard_toad/2025/Documents/06.10-13.10.2025/6R/108MEDIA/DSCF0096.JPG,DSCF0096.JPG,6R/108MEDIA,2,Western_Leopard_Toad,0.7900,414.8,335.8,569.6,487.4
/srv/shared_leopard_toad/2025/Documents/06.10-13.10.2025/6R/108MEDIA/DSCF0096.JPG,DSCF0096.JPG,6R/108MEDIA,0,Other_Amphibian,0.6680,3574.3,303.0,3754.7,473.7
/srv/shared_leopard_toad/2025/Documents/06.10-13.10.2025/6R/108MEDIA/DSCF0295.JPG,DSCF0295.JPG,6R/108MEDIA,0,Other_Amphibian,0.5928,556.7,2286.8,666.5,2432.3
/srv/shared_leopard_toad/2025/Documents/06.10-13.10.2025/6R/108MEDIA/DSCF0053.JPG,DSCF0053.JPG,6R/108MEDIA,2,Western_Leopard_Toad,0.8638,412.7,337.8,564.4,483.9
/srv/shared_leopard_toad/2025/Documents/06.10-13.10.2025/6R/108MEDIA/DSCF0053.JPG,DSCF0053.JPG,6R/108MEDIA,0,Other_Amphibian,0.2483,3569.8,302.6,3753.9,471.8
/srv/shared_leopard_toad/2025/Documents/06.10-13.10.2025/6R/108MEDIA/DSCF0740.JPG,DSCF0740.JPG,6R/108MEDIA,2,Western_Leopard_Toad,0.9062,411.3,338.7,565.9,502.9
/srv/shared_leopard_toad/2025/Documents/06.10-13.10.2025/6R/108MEDIA/DSCF0384.JPG,DSCF0384.JPG,6R/108MEDIA,0,Other_Amphibian,0.6494,575.3,2278.8,667.0,2396.0
/srv/shared_leopard_toad/2025/Documents/06.10-13.10.2025/6R/108MEDIA/DSCF0384.JPG,DSCF0384.JPG,6R/108MEDIA,2,Western_Leopard_Toad,0.3032,575.3,2278.8,667.0,2396.0
/srv/shared_leopard_toad/2025/Documents/06.10-13.10.2025/6R/108MEDIA/DSCF0955.JPG,DSCF0955.JPG,6R/108MEDIA,2,Western_Leopard_Toad,0.8350,414.4,337.2,566.7,499.3
/srv/shared_leopard_toad/2025/Documents/06.10-13.10.2025/6R/108MEDIA/DSCF0149.JPG,DSCF0149.JPG,6R/108MEDIA,2,Western_Leopard_Toad,0.9282,413.0,333.9,566.1,487.8
/srv/shared_leopard_toad/2025/Documents/06.10-13.10.2025/6R/108MEDIA/DSCF0502.JPG,DSCF0502.JPG,6R/108MEDIA,2,Western_Leopard_Toad,0.7910,405.3,340.2,561.4,504.4
/srv/shared_leopard_toad/2025/Documents/06.10-13.10.2025/6R/108MEDIA/DSCF0231.JPG,DSCF0231.JPG,6R/108MEDIA,2,Western_Leopard_Toad,0.8779,407.8,337.8,564.1,488.3
/srv/shared_leopard_toad/2025/Documents/06.10-13.10.2025/6R/108MEDIA/DSCF0930.JPG,DSCF0930.JPG,6R/108MEDIA,2,Western_Leopard_Toad,0.6465,410.8,338.9,565.1,493.9
/srv/shared_leopard_toad/2025/Documents/06.10-13.10.2025/6R/108MEDIA/DSCF0320.JPG,DSCF0320.JPG,6R/108MEDIA,0,Other_Amphibian,0.8638,557.9,2296.3,661.5,2422.8
/srv/shared_leopard_toad/2025/Documents/06.10-13.10.2025/6R/108MEDIA/DSCF0320.JPG,DSCF0320.JPG,6R/108MEDIA,2,Western_Leopard_Toad,0.2727,557.9,2296.3,661.5,2422.8
/srv/shared_leopard_toad/2025/Documents/06.10-13.10.2025/6R/108MEDIA/DSCF0731.JPG,DSCF0731.JPG,6R/108MEDIA,2,Western_Leopard_Toad,0.4170,407.6,341.3,561.1,498.1
/srv/shared_leopard_toad/2025/Documents/06.10-13.10.2025/6R/108MEDIA/DSCF0479.JPG,DSCF0479.JPG,6R/108MEDIA,2,Western_Leopard_Toad,0.6685,410.6,339.1,561.3,500.3
/srv/shared_leopard_toad/2025/Documents/06.10-13.10.2025/6R/108MEDIA/DSCF0247.JPG,DSCF0247.JPG,6R/108MEDIA,2,Western_Leopard_Toad,0.9248,417.2,334.0,567.2,487.7
/srv/shared_leopard_toad/2025/Documents/06.10-13.10.2025/6R/108MEDIA/DSCF0898.JPG,DSCF0898.JPG,6R/108MEDIA,2,Western_Leopard_Toad,0.7568,411.5,340.3,560.4,493.3
/srv/shared_leopard_toad/2025/Documents/06.10-13.10.2025/6R/108MEDIA/DSCF0307.JPG,DSCF0307.JPG,6R/108MEDIA,0,Other_Amphibian,0.8457,557.4,2296.1,662.0,2426.0
/srv/shared_leopard_toad/2025/Documents/06.10-13.10.2025/6R/108MEDIA/DSCF0307.JPG,DSCF0307.JPG,6R/108MEDIA,2,Western_Leopard_Toad,0.3076,557.4,2296.1,662.0,2426.0
/srv/shared_leopard_toad/2025/Documents/06.10-13.10.2025/6R/108MEDIA/DSCF0268.JPG,DSCF0268.JPG,6R/108MEDIA,2,Western_Leopard_Toad,0.9136,412.8,334.5,568.3,487.2
/srv/shared_leopard_toad/2025/Documents/06.10-13.10.2025/6R/108MEDIA/DSCF0582.JPG,DSCF0582.JPG,6R/108MEDIA,2,Western_Leopard_Toad,0.9097,414.7,338.1,562.4,505.0
/srv/shared_leopard_toad/2025/Documents/06.10-13.10.2025/6R/108MEDIA/DSCF0716.JPG,DSCF0716.JPG,6R/108MEDIA,2,Western_Leopard_Toad,0.8687,403.3,341.0,565.4,501.3
/srv/shared_leopard_toad/2025/Documents/06.10-13.10.2025/6R/108MEDIA/DSCF0963.JPG,DSCF0963.JPG,6R/108MEDIA,2,Western_Leopard_Toad,0.8398,415.0,338.2,562.2,497.6
/srv/shared_leopard_toad/2025/Documents/06.10-13.10.2025/6R/108MEDIA/DSCF0663.JPG,DSCF0663.JPG,6R/108MEDIA,2,Western_Leopard_Toad,0.9204,414.8,338.2,564.3,506.4
/srv/shared_leopard_toad/2025/Documents/06.10-13.10.2025/6R/108MEDIA/DSCF0931.JPG,DSCF0931.JPG,6R/108MEDIA,2,Western_Leopard_Toad,0.4751,416.7,340.4,562.4,499.0
/srv/shared_leopard_toad/2025/Documents/06.10-13.10.2025/6R/108MEDIA/DSCF0106.JPG,DSCF0106.JPG,6R/108MEDIA,2,Western_Leopard_Toad,0.8579,414.1,335.5,567.0,486.3
/srv/shared_leopard_toad/2025/Documents/06.10-13.10.2025/6R/108MEDIA/DSCF0106.JPG,DSCF0106.JPG,6R/108MEDIA,0,Other_Amphibian,0.2656,3570.0,293.3,3753.8,473.7
/srv/shared_leopard_toad/2025/Documents/06.10-13.10.2025/6R/108MEDIA/DSCF0246.JPG,DSCF0246.JPG,6R/108MEDIA,2,Western_Leopard_Toad,0.9253,412.5,335.6,566.6,486.1
/srv/shared_leopard_toad/2025/Documents/06.10-13.10.2025/6R/108MEDIA/DSCF0978.JPG,DSCF0978.JPG,6R/108MEDIA,2,Western_Leopard_Toad,0.8887,414.8,339.7,562.3,494.5
/srv/shared_leopard_toad/2025/Documents/06.10-13.10.2025/6R/108MEDIA/DSCF0378.JPG,DSCF0378.JPG,6R/108MEDIA,0,Other_Amphibian,0.5454,572.8,2280.3,665.5,2397.5
/srv/shared_leopard_toad/2025/Documents/06.10-13.10.2025/6R/108MEDIA/DSCF0378.JPG,DSCF0378.JPG,6R/108MEDIA,2,Western_Leopard_Toad,0.2915,572.8,2280.3,665.5,2397.5
/srv/shared_leopard_toad/2025/Documents/06.10-13.10.2025/6R/108MEDIA/DSCF0704.JPG,DSCF0704.JPG,6R/108MEDIA,2,Western_Leopard_Toad,0.7090,408.9,340.0,563.0,505.4
/srv/shared_leopard_toad/2025/Documents/06.10-13.10.2025/6R/108MEDIA/DSCF0148.JPG,DSCF0148.JPG,6R/108MEDIA,2,Western_Leopard_Toad,0.9165,415.5,334.3,566.9,485.1
/srv/shared_leopard_toad/2025/Documents/06.10-13.10.2025/6R/108MEDIA/DSCF0842.JPG,DSCF0842.JPG,6R/108MEDIA,2,Western_Leopard_Toad,0.3687,410.1,339.7,567.1,498.2
/srv/shared_leopard_toad/2025/Documents/06.10-13.10.2025/6R/108MEDIA/DSCF0178.JPG,DSCF0178.JPG,6R/108MEDIA,2,Western_Leopard_Toad,0.8911,414.0,333.4,565.1,486.8
/srv/shared_leopard_toad/2025/Documents/06.10-13.10.2025/6R/108MEDIA/DSCF0738.JPG,DSCF0738.JPG,6R/108MEDIA,2,Western_Leopard_Toad,0.5254,414.7,339.3,562.4,494.9
/srv/shared_leopard_toad/2025/Documents/06.10-13.10.2025/6R/108MEDIA/DSCF0739.JPG,DSCF0739.JPG,6R/108MEDIA,2,Western_Leopard_Toad,0.8931,415.1,338.4,562.0,501.1
/srv/shared_leopard_toad/2025/Documents/06.10-13.10.2025/6R/108MEDIA/DSCF0875.JPG,DSCF0875.JPG,6R/108MEDIA,2,Western_Leopard_Toad,0.2690,416.3,340.8,562.9,497.9
/srv/shared_leopard_toad/2025/Documents/06.10-13.10.2025/6R/108MEDIA/DSCF0576.JPG,DSCF0576.JPG,6R/108MEDIA,2,Western_Leopard_Toad,0.8740,412.7,337.0,561.2,500.2
/srv/shared_leopard_toad/2025/Documents/06.10-13.10.2025/6R/108MEDIA/DSCF0856.JPG,DSCF0856.JPG,6R/108MEDIA,2,Western_Leopard_Toad,0.9419,412.6,339.7,564.6,503.4
/srv/shared_leopard_toad/2025/Documents/06.10-13.10.2025/6R/108MEDIA/DSCF0607.JPG,DSCF0607.JPG,6R/108MEDIA,2,Western_Leopard_Toad,0.8120,415.4,337.6,561.8,498.8
/srv/shared_leopard_toad/2025/Documents/06.10-13.10.2025/6R/108MEDIA/DSCF0097.JPG,DSCF0097.JPG,6R/108MEDIA,2,Western_Leopard_Toad,0.8525,412.1,339.2,567.0,486.9
/srv/shared_leopard_toad/2025/Documents/06.10-13.10.2025/6R/108MEDIA/DSCF0097.JPG,DSCF0097.JPG,6R/108MEDIA,0,Other_Amphibian,0.2668,3567.0,300.9,3751.5,473.5
/srv/shared_leopard_toad/2025/Documents/06.10-13.10.2025/6R/108MEDIA/DSCF0252.JPG,DSCF0252.JPG,6R/108MEDIA,2,Western_Leopard_Toad,0.8970,415.5,332.0,566.9,486.0
/srv/shared_leopard_toad/2025/Documents/06.10-13.10.2025/6R/108MEDIA/DSCF0472.JPG,DSCF0472.JPG,6R/108MEDIA,2,Western_Leopard_Toad,0.6235,412.8,338.6,561.1,502.3
/srv/shared_leopard_toad/2025/Documents/06.10-13.10.2025/6R/108MEDIA/DSCF0396.JPG,DSCF0396.JPG,6R/108MEDIA,0,Other_Amphibian,0.5771,575.3,2277.3,667.0,2394.5
/srv/shared_leopard_toad/2025/Documents/06.10-13.10.2025/6R/108MEDIA/DSCF0396.JPG,DSCF0396.JPG,6R/108MEDIA,2,Western_Leopard_Toad,0.2776,575.3,2277.3,667.0,2394.5
/srv/shared_leopard_toad/2025/Documents/06.10-13.10.2025/6R/108MEDIA/DSCF0788.JPG,DSCF0788.JPG,6R/108MEDIA,2,Western_Leopard_Toad,0.8408,418.7,340.2,565.6,500.7
/srv/shared_leopard_toad/2025/Documents/06.10-13.10.2025/6R/108MEDIA/DSCF0721.JPG,DSCF0721.JPG,6R/108MEDIA,2,Western_Leopard_Toad,0.8179,411.5,337.3,564.4,502.1
/srv/shared_leopard_toad/2025/Documents/06.10-13.10.2025/6R/108MEDIA/DSCF0927.JPG,DSCF0927.JPG,6R/108MEDIA,2,Western_Leopard_Toad,0.9248,412.9,338.9,564.3,498.3
/srv/shared_leopard_toad/2025/Documents/06.10-13.10.2025/6R/108MEDIA/DSCF0536.JPG,DSCF0536.JPG,6R/108MEDIA,2,Western_Leopard_Toad,0.4009,411.9,336.3,562.0,500.2
/srv/shared_leopard_toad/2025/Documents/06.10-13.10.2025/6R/108MEDIA/DSCF0683.JPG,DSCF0683.JPG,6R/108MEDIA,2,Western_Leopard_Toad,0.8857,407.2,339.4,561.5,506.6
/srv/shared_leopard_toad/2025/Documents/06.10-13.10.2025/6R/108MEDIA/DSCF0449.JPG,DSCF0449.JPG,6R/108MEDIA,2,Western_Leopard_Toad,0.8486,413.8,341.4,562.1,506.2
/srv/shared_leopard_toad/2025/Documents/06.10-13.10.2025/6R/108MEDIA/DSCF0888.JPG,DSCF0888.JPG,6R/108MEDIA,2,Western_Leopard_Toad,0.6670,406.5,341.4,565.4,501.7
/srv/shared_leopard_toad/2025/Documents/06.10-13.10.2025/6R/108MEDIA/DSCF0287.JPG,DSCF0287.JPG,6R/108MEDIA,2,Western_Leopard_Toad,0.7397,409.6,331.7,574.8,498.9
/srv/shared_leopard_toad/2025/Documents/06.10-13.10.2025/6R/108MEDIA/DSCF0287.JPG,DSCF0287.JPG,6R/108MEDIA,0,Other_Amphibian,0.4275,556.6,2284.1,664.7,2426.2
/srv/shared_leopard_toad/2025/Documents/06.10-13.10.2025/6R/108MEDIA/DSCF0494.JPG,DSCF0494.JPG,6R/108MEDIA,2,Western_Leopard_Toad,0.6323,412.1,337.6,561.8,501.8
/srv/shared_leopard_toad/2025/Documents/06.10-13.10.2025/6R/108MEDIA/DSCF0908.JPG,DSCF0908.JPG,6R/108MEDIA,2,Western_Leopard_Toad,0.6128,417.1,340.2,562.0,498.5
/srv/shared_leopard_toad/2025/Documents/06.10-13.10.2025/6R/108MEDIA/DSCF0386.JPG,DSCF0386.JPG,6R/108MEDIA,0,Other_Amphibian,0.6499,574.7,2282.0,665.6,2398.7
/srv/shared_leopard_toad/2025/Documents/06.10-13.10.2025/6R/108MEDIA/DSCF0134.JPG,DSCF0134.JPG,6R/108MEDIA,2,Western_Leopard_Toad,0.9165,413.7,335.6,565.4,483.9
/srv/shared_leopard_toad/2025/Documents/06.10-13.10.2025/6R/108MEDIA/DSCF0023.JPG,DSCF0023.JPG,6R/108MEDIA,0,Other_Amphibian,0.7339,850.3,2739.8,996.4,2859.4
/srv/shared_leopard_toad/2025/Documents/06.10-13.10.2025/6R/108MEDIA/DSCF0023.JPG,DSCF0023.JPG,6R/108MEDIA,2,Western_Leopard_Toad,0.6948,415.8,338.2,566.6,488.7
/srv/shared_leopard_toad/2025/Documents/06.10-13.10.2025/6R/108MEDIA/DSCF0023.JPG,DSCF0023.JPG,6R/108MEDIA,0,Other_Amphibian,0.2776,3568.6,299.1,3755.1,473.2
/srv/shared_leopard_toad/2025/Documents/06.10-13.10.2025/6R/108MEDIA/DSCF0023.JPG,DSCF0023.JPG,6R/108MEDIA,2,Western_Leopard_Toad,0.2595,850.3,2739.8,996.4,2859.4
/srv/shared_leopard_toad/2025/Documents/06.10-13.10.2025/6R/108MEDIA/DSCF0399.JPG,DSCF0399.JPG,6R/108MEDIA,0,Other_Amphibian,0.6694,574.2,2278.3,666.1,2396.5
/srv/shared_leopard_toad/2025/Documents/06.10-13.10.2025/6R/108MEDIA/DSCF0399.JPG,DSCF0399.JPG,6R/108MEDIA,2,Western_Leopard_Toad,0.2549,574.2,2278.3,666.1,2396.5
/srv/shared_leopard_toad/2025/Documents/06.10-13.10.2025/6R/108MEDIA/DSCF0158.JPG,DSCF0158.JPG,6R/108MEDIA,2,Western_Leopard_Toad,0.9385,413.4,334.6,565.7,484.9
/srv/shared_leopard_toad/2025/Documents/06.10-13.10.2025/6R/108MEDIA/DSCF0474.JPG,DSCF0474.JPG,6R/108MEDIA,2,Western_Leopard_Toad,0.8652,410.9,337.6,561.0,498.8
/srv/shared_leopard_toad/2025/Documents/06.10-13.10.2025/6R/108MEDIA/DSCF0567.JPG,DSCF0567.JPG,6R/108MEDIA,2,Western_Leopard_Toad,0.5659,412.4,337.6,561.5,498.2
/srv/shared_leopard_toad/2025/Documents/06.10-13.10.2025/6R/108MEDIA/DSCF0872.JPG,DSCF0872.JPG,6R/108MEDIA,2,Western_Leopard_Toad,0.9146,413.1,340.9,562.8,498.5
/srv/shared_leopard_toad/2025/Documents/06.10-13.10.2025/6R/108MEDIA/DSCF0499.JPG,DSCF0499.JPG,6R/108MEDIA,2,Western_Leopard_Toad,0.8223,408.0,339.0,558.6,499.0
/srv/shared_leopard_toad/2025/Documents/06.10-13.10.2025/6R/108MEDIA/DSCF0892.JPG,DSCF0892.JPG,6R/108MEDIA,2,Western_Leopard_Toad,0.5435,412.3,340.3,564.9,504.2
/srv/shared_leopard_toad/2025/Documents/06.10-13.10.2025/6R/108MEDIA/DSCF0900.JPG,DSCF0900.JPG,6R/108MEDIA,2,Western_Leopard_Toad,0.9292,412.5,338.9,568.6,504.2
/srv/shared_leopard_toad/2025/Documents/06.10-13.10.2025/6R/108MEDIA/DSCF0768.JPG,DSCF0768.JPG,6R/108MEDIA,2,Western_Leopard_Toad,0.9175,414.7,339.3,562.4,500.1
/srv/shared_leopard_toad/2025/Documents/06.10-13.10.2025/6R/108MEDIA/DSCF0335.JPG,DSCF0335.JPG,6R/108MEDIA,0,Other_Amphibian,0.7427,552.5,2294.7,656.3,2418.5
/srv/shared_leopard_toad/2025/Documents/06.10-13.10.2025/6R/108MEDIA/DSCF0335.JPG,DSCF0335.JPG,6R/108MEDIA,2,Western_Leopard_Toad,0.5127,552.5,2294.7,656.3,2418.5
/srv/shared_leopard_toad/2025/Documents/06.10-13.10.2025/6R/108MEDIA/DSCF0877.JPG,DSCF0877.JPG,6R/108MEDIA,2,Western_Leopard_Toad,0.8374,410.8,338.7,566.3,505.9
/srv/shared_leopard_toad/2025/Documents/06.10-13.10.2025/6R/108MEDIA/DSCF0523.JPG,DSCF0523.JPG,6R/108MEDIA,2,Western_Leopard_Toad,0.8511,409.7,338.5,560.8,502.4
/srv/shared_leopard_toad/2025/Documents/06.10-13.10.2025/6R/108MEDIA/DSCF0890.JPG,DSCF0890.JPG,6R/108MEDIA,2,Western_Leopard_Toad,0.8384,413.3,339.9,563.9,506.2
/srv/shared_leopard_toad/2025/Documents/06.10-13.10.2025/6R/108MEDIA/DSCF0262.JPG,DSCF0262.JPG,6R/108MEDIA,2,Western_Leopard_Toad,0.9053,412.2,336.6,566.9,491.0
/srv/shared_leopard_toad/2025/Documents/06.10-13.10.2025/6R/108MEDIA/DSCF0655.JPG,DSCF0655.JPG,6R/108MEDIA,2,Western_Leopard_Toad,0.9316,413.2,338.2,564.0,502.7
/srv/shared_leopard_toad/2025/Documents/06.10-13.10.2025/6R/108MEDIA/DSCF0750.JPG,DSCF0750.JPG,6R/108MEDIA,2,Western_Leopard_Toad,0.8735,413.4,341.8,562.5,499.1
/srv/shared_leopard_toad/2025/Documents/06.10-13.10.2025/6R/108MEDIA/DSCF0223.JPG,DSCF0223.JPG,6R/108MEDIA,2,Western_Leopard_Toad,0.9438,412.6,334.4,564.6,489.5
/srv/shared_leopard_toad/2025/Documents/06.10-13.10.2025/6R/108MEDIA/DSCF0669.JPG,DSCF0669.JPG,6R/108MEDIA,2,Western_Leopard_Toad,0.8496,410.8,338.4,561.1,506.2
/srv/shared_leopard_toad/2025/Documents/06.10-13.10.2025/6R/108MEDIA/DSCF0745.JPG,DSCF0745.JPG,6R/108MEDIA,2,Western_Leopard_Toad,0.9141,415.3,340.2,563.8,501.4
/srv/shared_leopard_toad/2025/Documents/06.10-13.10.2025/6R/108MEDIA/DSCF0601.JPG,DSCF0601.JPG,6R/108MEDIA,2,Western_Leopard_Toad,0.9106,411.4,336.5,562.5,497.7
/srv/shared_leopard_toad/2025/Documents/06.10-13.10.2025/6R/108MEDIA/DSCF0753.JPG,DSCF0753.JPG,6R/108MEDIA,2,Western_Leopard_Toad,0.8091,408.4,339.6,562.2,502.0
/srv/shared_leopard_toad/2025/Documents/06.10-13.10.2025/6R/108MEDIA/DSCF0095.JPG,DSCF0095.JPG,6R/108MEDIA,2,Western_Leopard_Toad,0.9033,417.3,335.2,567.0,484.3
/srv/shared_leopard_toad/2025/Documents/06.10-13.10.2025/6R/108MEDIA/DSCF0095.JPG,DSCF0095.JPG,6R/108MEDIA,0,Other_Amphibian,0.2573,3568.9,299.3,3754.9,475.1
/srv/shared_leopard_toad/2025/Documents/06.10-13.10.2025/6R/108MEDIA/DSCF0363.JPG,DSCF0363.JPG,6R/108MEDIA,0,Other_Amphibian,0.7080,575.5,2279.5,666.8,2398.3
/srv/shared_leopard_toad/2025/Documents/06.10-13.10.2025/6R/108MEDIA/DSCF0363.JPG,DSCF0363.JPG,6R/108MEDIA,2,Western_Leopard_Toad,0.2915,575.5,2279.5,666.8,2398.3
/srv/shared_leopard_toad/2025/Documents/06.10-13.10.2025/6R/108MEDIA/DSCF0823.JPG,DSCF0823.JPG,6R/108MEDIA,2,Western_Leopard_Toad,0.9233,413.6,339.0,565.6,497.5
/srv/shared_leopard_toad/2025/Documents/06.10-13.10.2025/6R/108MEDIA/DSCF0823.JPG,DSCF0823.JPG,6R/108MEDIA,2,Western_Leopard_Toad,0.7603,412.7,340.2,566.4,498.5
/srv/shared_leopard_toad/2025/Documents/06.10-13.10.2025/6R/108MEDIA/DSCF0154.JPG,DSCF0154.JPG,6R/108MEDIA,2,Western_Leopard_Toad,0.8818,413.5,333.6,567.6,485.2
/srv/shared_leopard_toad/2025/Documents/06.10-13.10.2025/6R/108MEDIA/DSCF0376.JPG,DSCF0376.JPG,6R/108MEDIA,0,Other_Amphibian,0.7090,574.7,2280.0,665.6,2397.8
/srv/shared_leopard_toad/2025/Documents/06.10-13.10.2025/6R/108MEDIA/DSCF0376.JPG,DSCF0376.JPG,6R/108MEDIA,2,Western_Leopard_Toad,0.3669,574.7,2280.0,665.6,2397.8
/srv/shared_leopard_toad/2025/Documents/06.10-13.10.2025/6R/108MEDIA/DSCF0186.JPG,DSCF0186.JPG,6R/108MEDIA,2,Western_Leopard_Toad,0.8843,408.7,334.2,567.2,487.5
/srv/shared_leopard_toad/2025/Documents/06.10-13.10.2025/6R/108MEDIA/DSCF0196.JPG,DSCF0196.JPG,6R/108MEDIA,2,Western_Leopard_Toad,0.9302,412.2,333.5,566.9,483.8
/srv/shared_leopard_toad/2025/Documents/06.10-13.10.2025/6R/108MEDIA/DSCF0577.JPG,DSCF0577.JPG,6R/108MEDIA,2,Western_Leopard_Toad,0.3311,407.9,338.7,558.8,502.9
/srv/shared_leopard_toad/2025/Documents/06.10-13.10.2025/6R/108MEDIA/DSCF0478.JPG,DSCF0478.JPG,6R/108MEDIA,2,Western_Leopard_Toad,0.8315,407.2,341.4,561.5,501.7
/srv/shared_leopard_toad/2025/Documents/06.10-13.10.2025/6R/108MEDIA/DSCF0123.JPG,DSCF0123.JPG,6R/108MEDIA,2,Western_Leopard_Toad,0.8906,413.4,336.7,565.7,485.0
/srv/shared_leopard_toad/2025/Documents/06.10-13.10.2025/6R/108MEDIA/DSCF0666.JPG,DSCF0666.JPG,6R/108MEDIA,2,Western_Leopard_Toad,0.9404,415.7,338.5,563.4,507.6
/srv/shared_leopard_toad/2025/Documents/06.10-13.10.2025/6R/108MEDIA/DSCF0280.JPG,DSCF0280.JPG,6R/108MEDIA,2,Western_Leopard_Toad,0.9287,411.6,330.6,569.5,491.1
/srv/shared_leopard_toad/2025/Documents/06.10-13.10.2025/6R/108MEDIA/DSCF0629.JPG,DSCF0629.JPG,6R/108MEDIA,2,Western_Leopard_Toad,0.8022,416.6,339.7,560.5,502.7
/srv/shared_leopard_toad/2025/Documents/06.10-13.10.2025/6R/108MEDIA/DSCF0675.JPG,DSCF0675.JPG,6R/108MEDIA,2,Western_Leopard_Toad,0.8042,413.6,341.2,562.2,504.2
/srv/shared_leopard_toad/2025/Documents/06.10-13.10.2025/6R/108MEDIA/DSCF0049.JPG,DSCF0049.JPG,6R/108MEDIA,2,Western_Leopard_Toad,0.8442,414.8,336.7,567.7,485.0
/srv/shared_leopard_toad/2025/Documents/06.10-13.10.2025/6R/108MEDIA/DSCF0208.JPG,DSCF0208.JPG,6R/108MEDIA,2,Western_Leopard_Toad,0.8398,418.3,334.5,569.4,487.2
/srv/shared_leopard_toad/2025/Documents/06.10-13.10.2025/6R/108MEDIA/DSCF0635.JPG,DSCF0635.JPG,6R/108MEDIA,2,Western_Leopard_Toad,0.8647,417.0,337.6,560.1,499.6
/srv/shared_leopard_toad/2025/Documents/06.10-13.10.2025/6R/108MEDIA/DSCF0065.JPG,DSCF0065.JPG,6R/108MEDIA,0,Other_Amphibian,0.3872,3569.3,299.6,3754.4,474.8
/srv/shared_leopard_toad/2025/Documents/06.10-13.10.2025/6R/108MEDIA/DSCF0414.JPG,DSCF0414.JPG,6R/108MEDIA,0,Other_Amphibian,0.3579,576.1,2278.4,664.2,2390.5
/srv/shared_leopard_toad/2025/Documents/06.10-13.10.2025/6R/108MEDIA/DSCF0820.JPG,DSCF0820.JPG,6R/108MEDIA,2,Western_Leopard_Toad,0.3652,411.7,339.8,565.4,507.0
/srv/shared_leopard_toad/2025/Documents/06.10-13.10.2025/6R/108MEDIA/DSCF0782.JPG,DSCF0782.JPG,6R/108MEDIA,2,Western_Leopard_Toad,0.8965,414.0,338.4,567.1,493.7
/srv/shared_leopard_toad/2025/Documents/06.10-13.10.2025/6R/108MEDIA/DSCF0074.JPG,DSCF0074.JPG,6R/108MEDIA,0,Other_Amphibian,0.5986,3570.6,298.5,3753.2,473.0
/srv/shared_leopard_toad/2025/Documents/06.10-13.10.2025/6R/108MEDIA/DSCF0110.JPG,DSCF0110.JPG,6R/108MEDIA,2,Western_Leopard_Toad,0.4404,412.9,337.3,568.1,485.9
/srv/shared_leopard_toad/2025/Documents/06.10-13.10.2025/6R/108MEDIA/DSCF0110.JPG,DSCF0110.JPG,6R/108MEDIA,0,Other_Amphibian,0.4358,3571.2,300.6,3752.5,473.1
/srv/shared_leopard_toad/2025/Documents/06.10-13.10.2025/6R/108MEDIA/DSCF0421.JPG,DSCF0421.JPG,6R/108MEDIA,0,Other_Amphibian,0.4075,574.9,2280.9,665.4,2396.8
/srv/shared_leopard_toad/2025/Documents/06.10-13.10.2025/6R/108MEDIA/DSCF0907.JPG,DSCF0907.JPG,6R/108MEDIA,2,Western_Leopard_Toad,0.5186,413.4,340.2,562.5,500.7
/srv/shared_leopard_toad/2025/Documents/06.10-13.10.2025/6R/108MEDIA/DSCF0533.JPG,DSCF0533.JPG,6R/108MEDIA,2,Western_Leopard_Toad,0.8237,415.0,338.4,560.8,495.2
/srv/shared_leopard_toad/2025/Documents/06.10-13.10.2025/6R/108MEDIA/DSCF0511.JPG,DSCF0511.JPG,6R/108MEDIA,2,Western_Leopard_Toad,0.7793,412.9,339.9,560.9,501.7
/srv/shared_leopard_toad/2025/Documents/06.10-13.10.2025/6R/108MEDIA/DSCF0503.JPG,DSCF0503.JPG,6R/108MEDIA,2,Western_Leopard_Toad,0.2932,408.8,339.0,561.8,500.5
/srv/shared_leopard_toad/2025/Documents/06.10-13.10.2025/6R/108MEDIA/DSCF0885.JPG,DSCF0885.JPG,6R/108MEDIA,2,Western_Leopard_Toad,0.6924,411.7,339.1,565.4,497.4
/srv/shared_leopard_toad/2025/Documents/06.10-13.10.2025/6R/108MEDIA/DSCF0622.JPG,DSCF0622.JPG,6R/108MEDIA,2,Western_Leopard_Toad,0.9087,414.2,339.7,561.7,501.2
/srv/shared_leopard_toad/2025/Documents/06.10-13.10.2025/6R/108MEDIA/DSCF0418.JPG,DSCF0418.JPG,6R/108MEDIA,0,Other_Amphibian,0.2944,573.9,2278.4,664.5,2399.4
/srv/shared_leopard_toad/2025/Documents/06.10-13.10.2025/6R/108MEDIA/DSCF0211.JPG,DSCF0211.JPG,6R/108MEDIA,2,Western_Leopard_Toad,0.9224,414.4,335.7,566.7,486.0
/srv/shared_leopard_toad/2025/Documents/06.10-13.10.2025/6R/108MEDIA/DSCF0621.JPG,DSCF0621.JPG,6R/108MEDIA,2,Western_Leopard_Toad,0.7500,413.6,339.7,563.6,501.2
/srv/shared_leopard_toad/2025/Documents/06.10-13.10.2025/6R/108MEDIA/DSCF0030.JPG,DSCF0030.JPG,6R/108MEDIA,2,Western_Leopard_Toad,0.8896,415.2,334.3,567.2,485.9
/srv/shared_leopard_toad/2025/Documents/06.10-13.10.2025/6R/108MEDIA/DSCF0030.JPG,DSCF0030.JPG,6R/108MEDIA,0,Other_Amphibian,0.4768,3572.0,296.7,3757.0,471.2
/srv/shared_leopard_toad/2025/Documents/06.10-13.10.2025/6R/108MEDIA/DSCF0483.JPG,DSCF0483.JPG,6R/108MEDIA,2,Western_Leopard_Toad,0.7827,415.5,337.7,561.6,504.7
/srv/shared_leopard_toad/2025/Documents/06.10-13.10.2025/6R/108MEDIA/DSCF0121.JPG,DSCF0121.JPG,6R/108MEDIA,2,Western_Leopard_Toad,0.7368,414.1,336.4,565.0,483.1
/srv/shared_leopard_toad/2025/Documents/06.10-13.10.2025/6R/108MEDIA/DSCF0937.JPG,DSCF0937.JPG,6R/108MEDIA,2,Western_Leopard_Toad,0.8560,414.8,339.4,564.3,508.2
/srv/shared_leopard_toad/2025/Documents/06.10-13.10.2025/6R/108MEDIA/DSCF0686.JPG,DSCF0686.JPG,6R/108MEDIA,2,Western_Leopard_Toad,0.9365,412.4,337.2,563.5,502.3
/srv/shared_leopard_toad/2025/Documents/06.10-13.10.2025/6R/108MEDIA/DSCF0790.JPG,DSCF0790.JPG,6R/108MEDIA,2,Western_Leopard_Toad,0.6772,413.0,339.7,564.1,506.4
/srv/shared_leopard_toad/2025/Documents/06.10-13.10.2025/6R/108MEDIA/DSCF0333.JPG,DSCF0333.JPG,6R/108MEDIA,0,Other_Amphibian,0.7153,553.7,2296.7,655.1,2422.3
/srv/shared_leopard_toad/2025/Documents/06.10-13.10.2025/6R/108MEDIA/DSCF0333.JPG,DSCF0333.JPG,6R/108MEDIA,2,Western_Leopard_Toad,0.5420,553.7,2296.7,655.1,2422.3
/srv/shared_leopard_toad/2025/Documents/06.10-13.10.2025/6R/108MEDIA/DSCF0482.JPG,DSCF0482.JPG,6R/108MEDIA,2,Western_Leopard_Toad,0.4937,413.4,339.4,563.7,498.5
/srv/shared_leopard_toad/2025/Documents/06.10-13.10.2025/6R/108MEDIA/DSCF0805.JPG,DSCF0805.JPG,6R/108MEDIA,2,Western_Leopard_Toad,0.6235,413.6,339.4,562.2,500.0
/srv/shared_leopard_toad/2025/Documents/06.10-13.10.2025/6R/108MEDIA/DSCF0113.JPG,DSCF0113.JPG,6R/108MEDIA,2,Western_Leopard_Toad,0.7788,415.4,335.4,567.0,484.8
/srv/shared_leopard_toad/2025/Documents/06.10-13.10.2025/6R/108MEDIA/DSCF0113.JPG,DSCF0113.JPG,6R/108MEDIA,0,Other_Amphibian,0.6997,3571.6,299.6,3752.2,472.6
/srv/shared_leopard_toad/2025/Documents/06.10-13.10.2025/6R/108MEDIA/DSCF0387.JPG,DSCF0387.JPG,6R/108MEDIA,0,Other_Amphibian,0.4851,576.7,2280.8,665.6,2396.9
/srv/shared_leopard_toad/2025/Documents/06.10-13.10.2025/6R/108MEDIA/DSCF0387.JPG,DSCF0387.JPG,6R/108MEDIA,2,Western_Leopard_Toad,0.3174,576.7,2280.8,665.6,2396.9
/srv/shared_leopard_toad/2025/Documents/06.10-13.10.2025/6R/108MEDIA/DSCF0962.JPG,DSCF0962.JPG,6R/108MEDIA,2,Western_Leopard_Toad,0.6060,416.1,342.5,565.0,496.2
/srv/shared_leopard_toad/2025/Documents/06.10-13.10.2025/6R/108MEDIA/DSCF0867.JPG,DSCF0867.JPG,6R/108MEDIA,2,Western_Leopard_Toad,0.9243,414.0,339.3,563.1,502.3
/srv/shared_leopard_toad/2025/Documents/06.10-13.10.2025/6R/108MEDIA/DSCF0874.JPG,DSCF0874.JPG,6R/108MEDIA,2,Western_Leopard_Toad,0.7222,416.1,339.2,565.0,499.5
/srv/shared_leopard_toad/2025/Documents/06.10-13.10.2025/6R/108MEDIA/DSCF0548.JPG,DSCF0548.JPG,6R/108MEDIA,2,Western_Leopard_Toad,0.7773,413.5,337.4,560.4,502.0
/srv/shared_leopard_toad/2025/Documents/06.10-13.10.2025/6R/108MEDIA/DSCF0786.JPG,DSCF0786.JPG,6R/108MEDIA,2,Western_Leopard_Toad,0.8594,415.5,339.4,566.9,505.2
/srv/shared_leopard_toad/2025/Documents/06.10-13.10.2025/6R/108MEDIA/DSCF0091.JPG,DSCF0091.JPG,6R/108MEDIA,2,Western_Leopard_Toad,0.8330,414.1,334.9,567.0,486.8
/srv/shared_leopard_toad/2025/Documents/06.10-13.10.2025/6R/108MEDIA/DSCF0091.JPG,DSCF0091.JPG,6R/108MEDIA,0,Other_Amphibian,0.2932,3567.4,301.1,3751.1,473.4
/srv/shared_leopard_toad/2025/Documents/06.10-13.10.2025/6R/108MEDIA/DSCF0660.JPG,DSCF0660.JPG,6R/108MEDIA,2,Western_Leopard_Toad,0.9346,412.9,336.4,562.9,497.9
/srv/shared_leopard_toad/2025/Documents/06.10-13.10.2025/6R/108MEDIA/DSCF0554.JPG,DSCF0554.JPG,6R/108MEDIA,2,Western_Leopard_Toad,0.8721,412.8,338.5,563.1,502.4
/srv/shared_leopard_toad/2025/Documents/06.10-13.10.2025/6R/108MEDIA/DSCF0942.JPG,DSCF0942.JPG,6R/108MEDIA,2,Western_Leopard_Toad,0.7041,416.2,339.3,566.2,500.1
/srv/shared_leopard_toad/2025/Documents/06.10-13.10.2025/6R/108MEDIA/DSCF0991.JPG,DSCF0991.JPG,6R/108MEDIA,2,Western_Leopard_Toad,0.5493,416.3,339.1,562.9,497.4
/srv/shared_leopard_toad/2025/Documents/06.10-13.10.2025/6R/108MEDIA/DSCF0130.JPG,DSCF0130.JPG,6R/108MEDIA,2,Western_Leopard_Toad,0.9097,416.0,334.3,565.1,483.7
/srv/shared_leopard_toad/2025/Documents/06.10-13.10.2025/6R/108MEDIA/DSCF0691.JPG,DSCF0691.JPG,6R/108MEDIA,2,Western_Leopard_Toad,0.9487,416.3,338.7,566.1,502.9
/srv/shared_leopard_toad/2025/Documents/06.10-13.10.2025/6R/108MEDIA/DSCF0742.JPG,DSCF0742.JPG,6R/108MEDIA,2,Western_Leopard_Toad,0.5381,414.1,339.2,563.0,495.1
/srv/shared_leopard_toad/2025/Documents/06.10-13.10.2025/6R/108MEDIA/DSCF0966.JPG,DSCF0966.JPG,6R/108MEDIA,2,Western_Leopard_Toad,0.8799,412.6,339.0,563.2,502.6
/srv/shared_leopard_toad/2025/Documents/06.10-13.10.2025/6R/108MEDIA/DSCF0632.JPG,DSCF0632.JPG,6R/108MEDIA,2,Western_Leopard_Toad,0.8530,411.0,337.5,559.6,499.0
/srv/shared_leopard_toad/2025/Documents/06.10-13.10.2025/6R/108MEDIA/DSCF0632.JPG,DSCF0632.JPG,6R/108MEDIA,0,Other_Amphibian,0.2150,411.0,337.5,559.6,499.0
/srv/shared_leopard_toad/2025/Documents/06.10-13.10.2025/6R/108MEDIA/DSCF0031.JPG,DSCF0031.JPG,6R/108MEDIA,2,Western_Leopard_Toad,0.8682,413.6,335.6,565.6,488.3
/srv/shared_leopard_toad/2025/Documents/06.10-13.10.2025/6R/108MEDIA/DSCF0031.JPG,DSCF0031.JPG,6R/108MEDIA,0,Other_Amphibian,0.4036,3569.7,300.9,3754.1,472.8
/srv/shared_leopard_toad/2025/Documents/06.10-13.10.2025/6R/108MEDIA/DSCF0985.JPG,DSCF0985.JPG,6R/108MEDIA,2,Western_Leopard_Toad,0.5557,415.4,339.6,563.7,502.8
/srv/shared_leopard_toad/2025/Documents/06.10-13.10.2025/6R/108MEDIA/DSCF0391.JPG,DSCF0391.JPG,6R/108MEDIA,0,Other_Amphibian,0.4482,575.6,2279.7,664.7,2395.1
/srv/shared_leopard_toad/2025/Documents/06.10-13.10.2025/6R/108MEDIA/DSCF0391.JPG,DSCF0391.JPG,6R/108MEDIA,2,Western_Leopard_Toad,0.3181,575.6,2279.7,664.7,2395.1
/srv/shared_leopard_toad/2025/Documents/06.10-13.10.2025/6R/108MEDIA/DSCF0516.JPG,DSCF0516.JPG,6R/108MEDIA,2,Western_Leopard_Toad,0.7031,412.1,337.0,559.8,499.4
/srv/shared_leopard_toad/2025/Documents/06.10-13.10.2025/6R/108MEDIA/DSCF0191.JPG,DSCF0191.JPG,6R/108MEDIA,2,Western_Leopard_Toad,0.9048,414.8,333.5,567.7,483.8
/srv/shared_leopard_toad/2025/Documents/06.10-13.10.2025/6R/108MEDIA/DSCF0058.JPG,DSCF0058.JPG,6R/108MEDIA,2,Western_Leopard_Toad,0.3833,412.2,336.4,566.9,485.3
/srv/shared_leopard_toad/2025/Documents/06.10-13.10.2025/6R/108MEDIA/DSCF0169.JPG,DSCF0169.JPG,6R/108MEDIA,2,Western_Leopard_Toad,0.7124,413.8,334.9,565.3,486.8
/srv/shared_leopard_toad/2025/Documents/06.10-13.10.2025/6R/108MEDIA/DSCF0706.JPG,DSCF0706.JPG,6R/108MEDIA,2,Western_Leopard_Toad,0.9414,411.1,341.7,566.0,501.4
/srv/shared_leopard_toad/2025/Documents/06.10-13.10.2025/6R/108MEDIA/DSCF0525.JPG,DSCF0525.JPG,6R/108MEDIA,2,Western_Leopard_Toad,0.9351,413.1,338.4,560.8,498.1
/srv/shared_leopard_toad/2025/Documents/06.10-13.10.2025/6R/108MEDIA/DSCF0798.JPG,DSCF0798.JPG,6R/108MEDIA,2,Western_Leopard_Toad,0.6240,412.6,340.6,564.6,500.3
/srv/shared_leopard_toad/2025/Documents/06.10-13.10.2025/6R/108MEDIA/DSCF0798.JPG,DSCF0798.JPG,6R/108MEDIA,2,Western_Leopard_Toad,0.4187,411.3,340.7,565.9,501.0
/srv/shared_leopard_toad/2025/Documents/06.10-13.10.2025/6R/108MEDIA/DSCF0757.JPG,DSCF0757.JPG,6R/108MEDIA,2,Western_Leopard_Toad,0.9399,416.8,341.3,567.6,496.6
/srv/shared_leopard_toad/2025/Documents/06.10-13.10.2025/6R/108MEDIA/DSCF0144.JPG,DSCF0144.JPG,6R/108MEDIA,2,Western_Leopard_Toad,0.9224,413.8,334.9,565.3,486.8
/srv/shared_leopard_toad/2025/Documents/06.10-13.10.2025/6R/108MEDIA/DSCF0238.JPG,DSCF0238.JPG,6R/108MEDIA,2,Western_Leopard_Toad,0.9331,414.5,333.4,566.5,486.8
/srv/shared_leopard_toad/2025/Documents/06.10-13.10.2025/6R/108MEDIA/DSCF0086.JPG,DSCF0086.JPG,6R/108MEDIA,0,Other_Amphibian,0.6729,3568.4,299.8,3755.3,473.9
/srv/shared_leopard_toad/2025/Documents/06.10-13.10.2025/6R/108MEDIA/DSCF0086.JPG,DSCF0086.JPG,6R/108MEDIA,2,Western_Leopard_Toad,0.5591,419.1,336.8,568.6,484.9
/srv/shared_leopard_toad/2025/Documents/06.10-13.10.2025/6R/108MEDIA/DSCF0735.JPG,DSCF0735.JPG,6R/108MEDIA,2,Western_Leopard_Toad,0.8774,413.7,339.0,565.4,499.0
/srv/shared_leopard_toad/2025/Documents/06.10-13.10.2025/6R/108MEDIA/DSCF0613.JPG,DSCF0613.JPG,6R/108MEDIA,2,Western_Leopard_Toad,0.9346,409.4,338.2,562.5,501.2
/srv/shared_leopard_toad/2025/Documents/06.10-13.10.2025/6R/108MEDIA/DSCF0748.JPG,DSCF0748.JPG,6R/108MEDIA,2,Western_Leopard_Toad,0.6431,417.2,338.5,565.2,495.8
/srv/shared_leopard_toad/2025/Documents/06.10-13.10.2025/6R/108MEDIA/DSCF0192.JPG,DSCF0192.JPG,6R/108MEDIA,2,Western_Leopard_Toad,0.8447,417.3,335.9,567.0,488.1
/srv/shared_leopard_toad/2025/Documents/06.10-13.10.2025/6R/108MEDIA/DSCF0114.JPG,DSCF0114.JPG,6R/108MEDIA,2,Western_Leopard_Toad,0.8940,415.1,338.4,566.0,484.8
/srv/shared_leopard_toad/2025/Documents/06.10-13.10.2025/6R/108MEDIA/DSCF0114.JPG,DSCF0114.JPG,6R/108MEDIA,0,Other_Amphibian,0.3994,3570.6,296.8,3753.2,473.9
/srv/shared_leopard_toad/2025/Documents/06.10-13.10.2025/6R/108MEDIA/DSCF0182.JPG,DSCF0182.JPG,6R/108MEDIA,2,Western_Leopard_Toad,0.8599,414.4,334.3,564.7,489.6
/srv/shared_leopard_toad/2025/Documents/06.10-13.10.2025/6R/108MEDIA/DSCF0299.JPG,DSCF0299.JPG,6R/108MEDIA,0,Other_Amphibian,0.8071,558.8,2294.9,662.4,2427.2
/srv/shared_leopard_toad/2025/Documents/06.10-13.10.2025/6R/108MEDIA/DSCF0299.JPG,DSCF0299.JPG,6R/108MEDIA,2,Western_Leopard_Toad,0.3252,558.8,2294.9,662.4,2427.2
/srv/shared_leopard_toad/2025/Documents/06.10-13.10.2025/6R/108MEDIA/DSCF0816.JPG,DSCF0816.JPG,6R/108MEDIA,2,Western_Leopard_Toad,0.5361,409.4,339.6,562.5,499.9
/srv/shared_leopard_toad/2025/Documents/06.10-13.10.2025/6R/108MEDIA/DSCF0345.JPG,DSCF0345.JPG,6R/108MEDIA,0,Other_Amphibian,0.7788,553.0,2296.3,655.8,2422.8
/srv/shared_leopard_toad/2025/Documents/06.10-13.10.2025/6R/108MEDIA/DSCF0345.JPG,DSCF0345.JPG,6R/108MEDIA,2,Western_Leopard_Toad,0.4521,553.0,2296.3,655.8,2422.8
/srv/shared_leopard_toad/2025/Documents/06.10-13.10.2025/6R/108MEDIA/DSCF0293.JPG,DSCF0293.JPG,6R/108MEDIA,0,Other_Amphibian,0.7231,556.0,2287.3,667.2,2431.8
/srv/shared_leopard_toad/2025/Documents/06.10-13.10.2025/6R/108MEDIA/DSCF0020.JPG,DSCF0020.JPG,6R/108MEDIA,2,Western_Leopard_Toad,0.9204,418.0,335.7,566.3,486.0
/srv/shared_leopard_toad/2025/Documents/06.10-13.10.2025/6R/108MEDIA/DSCF0195.JPG,DSCF0195.JPG,6R/108MEDIA,2,Western_Leopard_Toad,0.6729,412.4,335.9,566.7,488.1
/srv/shared_leopard_toad/2025/Documents/06.10-13.10.2025/6R/108MEDIA/DSCF0018.JPG,DSCF0018.JPG,6R/108MEDIA,2,Western_Leopard_Toad,0.9014,411.4,336.5,567.7,483.7
/srv/shared_leopard_toad/2025/Documents/06.10-13.10.2025/6R/108MEDIA/DSCF0794.JPG,DSCF0794.JPG,6R/108MEDIA,2,Western_Leopard_Toad,0.8057,414.1,339.4,563.0,497.0
/srv/shared_leopard_toad/2025/Documents/06.10-13.10.2025/6R/108MEDIA/DSCF0527.JPG,DSCF0527.JPG,6R/108MEDIA,2,Western_Leopard_Toad,0.8818,413.8,338.2,563.3,501.2
/srv/shared_leopard_toad/2025/Documents/06.10-13.10.2025/6R/108MEDIA/DSCF0338.JPG,DSCF0338.JPG,6R/108MEDIA,0,Other_Amphibian,0.7061,555.3,2296.4,655.5,2419.7
/srv/shared_leopard_toad/2025/Documents/06.10-13.10.2025/6R/108MEDIA/DSCF0338.JPG,DSCF0338.JPG,6R/108MEDIA,2,Western_Leopard_Toad,0.5010,555.3,2296.4,655.5,2419.7
/srv/shared_leopard_toad/2025/Documents/06.10-13.10.2025/6R/108MEDIA/DSCF0940.JPG,DSCF0940.JPG,6R/108MEDIA,2,Western_Leopard_Toad,0.8638,414.5,341.1,564.6,503.5
/srv/shared_leopard_toad/2025/Documents/06.10-13.10.2025/6R/108MEDIA/DSCF0360.JPG,DSCF0360.JPG,6R/108MEDIA,0,Other_Amphibian,0.5762,576.7,2277.6,665.6,2394.2
/srv/shared_leopard_toad/2025/Documents/06.10-13.10.2025/6R/108MEDIA/DSCF0360.JPG,DSCF0360.JPG,6R/108MEDIA,2,Western_Leopard_Toad,0.4053,576.7,2277.6,665.6,2394.2
/srv/shared_leopard_toad/2025/Documents/06.10-13.10.2025/6R/108MEDIA/DSCF0206.JPG,DSCF0206.JPG,6R/108MEDIA,2,Western_Leopard_Toad,0.7202,413.4,337.2,565.7,488.2
/srv/shared_leopard_toad/2025/Documents/06.10-13.10.2025/6R/108MEDIA/DSCF0902.JPG,DSCF0902.JPG,6R/108MEDIA,2,Western_Leopard_Toad,0.8848,413.4,341.3,565.7,501.8
/srv/shared_leopard_toad/2025/Documents/06.10-13.10.2025/6R/108MEDIA/DSCF0778.JPG,DSCF0778.JPG,6R/108MEDIA,2,Western_Leopard_Toad,0.8779,416.2,339.7,566.2,494.5
/srv/shared_leopard_toad/2025/Documents/06.10-13.10.2025/6R/108MEDIA/DSCF0883.JPG,DSCF0883.JPG,6R/108MEDIA,2,Western_Leopard_Toad,0.8120,412.6,340.6,563.2,497.4
/srv/shared_leopard_toad/2025/Documents/06.10-13.10.2025/6R/108MEDIA/DSCF0883.JPG,DSCF0883.JPG,6R/108MEDIA,2,Western_Leopard_Toad,0.6548,413.6,338.9,562.2,495.4
/srv/shared_leopard_toad/2025/Documents/06.10-13.10.2025/6R/108MEDIA/DSCF0059.JPG,DSCF0059.JPG,6R/108MEDIA,2,Western_Leopard_Toad,0.8521,417.6,335.9,568.7,485.8
/srv/shared_leopard_toad/2025/Documents/06.10-13.10.2025/6R/108MEDIA/DSCF0180.JPG,DSCF0180.JPG,6R/108MEDIA,2,Western_Leopard_Toad,0.9282,414.7,332.4,566.4,486.3
/srv/shared_leopard_toad/2025/Documents/06.10-13.10.2025/6R/108MEDIA/DSCF0791.JPG,DSCF0791.JPG,6R/108MEDIA,2,Western_Leopard_Toad,0.8535,412.8,338.1,563.1,501.3
/srv/shared_leopard_toad/2025/Documents/06.10-13.10.2025/6R/108MEDIA/DSCF0558.JPG,DSCF0558.JPG,6R/108MEDIA,2,Western_Leopard_Toad,0.9004,413.9,337.9,561.9,497.9
/srv/shared_leopard_toad/2025/Documents/06.10-13.10.2025/6R/108MEDIA/DSCF0826.JPG,DSCF0826.JPG,6R/108MEDIA,2,Western_Leopard_Toad,0.8398,416.1,337.9,565.0,503.7
/srv/shared_leopard_toad/2025/Documents/06.10-13.10.2025/6R/108MEDIA/DSCF0088.JPG,DSCF0088.JPG,6R/108MEDIA,2,Western_Leopard_Toad,0.8105,414.9,336.5,567.5,488.9
/srv/shared_leopard_toad/2025/Documents/06.10-13.10.2025/6R/108MEDIA/DSCF0088.JPG,DSCF0088.JPG,6R/108MEDIA,0,Other_Amphibian,0.6187,3572.3,299.9,3751.5,471.6
/srv/shared_leopard_toad/2025/Documents/06.10-13.10.2025/6R/108MEDIA/DSCF0775.JPG,DSCF0775.JPG,6R/108MEDIA,2,Western_Leopard_Toad,0.9302,415.7,337.7,565.4,498.0
/srv/shared_leopard_toad/2025/Documents/06.10-13.10.2025/6R/108MEDIA/DSCF0811.JPG,DSCF0811.JPG,6R/108MEDIA,2,Western_Leopard_Toad,0.7998,412.1,340.8,565.0,500.1
/srv/shared_leopard_toad/2025/Documents/06.10-13.10.2025/6R/108MEDIA/DSCF0689.JPG,DSCF0689.JPG,6R/108MEDIA,2,Western_Leopard_Toad,0.7231,400.5,341.4,564.8,506.2
/srv/shared_leopard_toad/2025/Documents/06.10-13.10.2025/6R/108MEDIA/DSCF0278.JPG,DSCF0278.JPG,6R/108MEDIA,2,Western_Leopard_Toad,0.9434,414.1,333.4,568.4,490.5
/srv/shared_leopard_toad/2025/Documents/06.10-13.10.2025/6R/108MEDIA/DSCF0625.JPG,DSCF0625.JPG,6R/108MEDIA,2,Western_Leopard_Toad,0.8057,413.4,338.2,560.5,501.2
/srv/shared_leopard_toad/2025/Documents/06.10-13.10.2025/6R/108MEDIA/DSCF0645.JPG,DSCF0645.JPG,6R/108MEDIA,2,Western_Leopard_Toad,0.4622,410.9,340.2,559.7,504.4
/srv/shared_leopard_toad/2025/Documents/06.10-13.10.2025/6R/108MEDIA/DSCF0216.JPG,DSCF0216.JPG,6R/108MEDIA,2,Western_Leopard_Toad,0.8481,412.6,336.2,564.6,490.7
/srv/shared_leopard_toad/2025/Documents/06.10-13.10.2025/6R/108MEDIA/DSCF0050.JPG,DSCF0050.JPG,6R/108MEDIA,2,Western_Leopard_Toad,0.8799,413.6,335.6,565.6,488.3
/srv/shared_leopard_toad/2025/Documents/06.10-13.10.2025/6R/108MEDIA/DSCF0050.JPG,DSCF0050.JPG,6R/108MEDIA,0,Other_Amphibian,0.4272,3570.6,298.3,3753.2,471.8
/srv/shared_leopard_toad/2025/Documents/06.10-13.10.2025/6R/108MEDIA/DSCF0099.JPG,DSCF0099.JPG,6R/108MEDIA,2,Western_Leopard_Toad,0.5820,420.5,338.2,567.1,483.5
/srv/shared_leopard_toad/2025/Documents/06.10-13.10.2025/6R/108MEDIA/DSCF0099.JPG,DSCF0099.JPG,6R/108MEDIA,0,Other_Amphibian,0.4866,3569.3,301.9,3754.4,474.8
/srv/shared_leopard_toad/2025/Documents/06.10-13.10.2025/6R/108MEDIA/DSCF0463.JPG,DSCF0463.JPG,6R/108MEDIA,2,Western_Leopard_Toad,0.9268,410.8,337.9,563.1,503.0
/srv/shared_leopard_toad/2025/Documents/06.10-13.10.2025/6R/108MEDIA/DSCF0327.JPG,DSCF0327.JPG,6R/108MEDIA,0,Other_Amphibian,0.7529,554.5,2296.1,656.3,2420.0
/srv/shared_leopard_toad/2025/Documents/06.10-13.10.2025/6R/108MEDIA/DSCF0327.JPG,DSCF0327.JPG,6R/108MEDIA,2,Western_Leopard_Toad,0.4946,554.5,2296.1,656.3,2420.0
/srv/shared_leopard_toad/2025/Documents/06.10-13.10.2025/6R/108MEDIA/DSCF0727.JPG,DSCF0727.JPG,6R/108MEDIA,2,Western_Leopard_Toad,0.7124,416.1,340.2,561.1,498.5
/srv/shared_leopard_toad/2025/Documents/06.10-13.10.2025/6R/108MEDIA/DSCF0909.JPG,DSCF0909.JPG,6R/108MEDIA,2,Western_Leopard_Toad,0.2649,414.3,341.8,564.9,491.0
/srv/shared_leopard_toad/2025/Documents/06.10-13.10.2025/6R/108MEDIA/DSCF0840.JPG,DSCF0840.JPG,6R/108MEDIA,2,Western_Leopard_Toad,0.5811,412.8,341.0,563.1,504.3
/srv/shared_leopard_toad/2025/Documents/06.10-13.10.2025/6R/108MEDIA/DSCF0964.JPG,DSCF0964.JPG,6R/108MEDIA,2,Western_Leopard_Toad,0.7603,416.8,340.3,564.3,499.1
/srv/shared_leopard_toad/2025/Documents/06.10-13.10.2025/6R/108MEDIA/DSCF0964.JPG,DSCF0964.JPG,6R/108MEDIA,0,Other_Amphibian,0.2654,3120.6,358.3,3384.2,660.6
/srv/shared_leopard_toad/2025/Documents/06.10-13.10.2025/6R/108MEDIA/DSCF0605.JPG,DSCF0605.JPG,6R/108MEDIA,2,Western_Leopard_Toad,0.8755,406.2,341.4,560.5,504.7
/srv/shared_leopard_toad/2025/Documents/06.10-13.10.2025/6R/108MEDIA/DSCF0967.JPG,DSCF0967.JPG,6R/108MEDIA,2,Western_Leopard_Toad,0.6670,412.1,340.9,561.8,505.1
/srv/shared_leopard_toad/2025/Documents/06.10-13.10.2025/6R/108MEDIA/DSCF0087.JPG,DSCF0087.JPG,6R/108MEDIA,2,Western_Leopard_Toad,0.7500,416.9,335.0,569.5,485.2
/srv/shared_leopard_toad/2025/Documents/06.10-13.10.2025/6R/108MEDIA/DSCF0087.JPG,DSCF0087.JPG,6R/108MEDIA,0,Other_Amphibian,0.3198,3567.6,303.9,3750.9,474.9
/srv/shared_leopard_toad/2025/Documents/06.10-13.10.2025/6R/108MEDIA/DSCF0314.JPG,DSCF0314.JPG,6R/108MEDIA,0,Other_Amphibian,0.8853,557.8,2296.8,661.5,2425.3
/srv/shared_leopard_toad/2025/Documents/06.10-13.10.2025/6R/108MEDIA/DSCF0760.JPG,DSCF0760.JPG,6R/108MEDIA,2,Western_Leopard_Toad,0.7485,412.2,338.8,561.7,503.6
/srv/shared_leopard_toad/2025/Documents/06.10-13.10.2025/6R/108MEDIA/DSCF0222.JPG,DSCF0222.JPG,6R/108MEDIA,2,Western_Leopard_Toad,0.8447,415.8,336.5,566.6,488.9
/srv/shared_leopard_toad/2025/Documents/06.10-13.10.2025/6R/108MEDIA/DSCF0593.JPG,DSCF0593.JPG,6R/108MEDIA,2,Western_Leopard_Toad,0.7534,415.0,338.3,560.8,497.4
/srv/shared_leopard_toad/2025/Documents/06.10-13.10.2025/6R/108MEDIA/DSCF0588.JPG,DSCF0588.JPG,6R/108MEDIA,2,Western_Leopard_Toad,0.9292,416.0,337.0,561.2,498.8
/srv/shared_leopard_toad/2025/Documents/06.10-13.10.2025/6R/108MEDIA/DSCF0903.JPG,DSCF0903.JPG,6R/108MEDIA,2,Western_Leopard_Toad,0.2581,412.4,341.3,568.7,496.6
/srv/shared_leopard_toad/2025/Documents/06.10-13.10.2025/6R/108MEDIA/DSCF0889.JPG,DSCF0889.JPG,6R/108MEDIA,2,Western_Leopard_Toad,0.4448,399.5,340.9,565.9,503.6
/srv/shared_leopard_toad/2025/Documents/06.10-13.10.2025/6R/108MEDIA/DSCF0068.JPG,DSCF0068.JPG,6R/108MEDIA,2,Western_Leopard_Toad,0.8857,414.1,336.0,568.4,484.3
/srv/shared_leopard_toad/2025/Documents/06.10-13.10.2025/6R/108MEDIA/DSCF0724.JPG,DSCF0724.JPG,6R/108MEDIA,2,Western_Leopard_Toad,0.9263,412.6,340.2,564.6,502.2
/srv/shared_leopard_toad/2025/Documents/06.10-13.10.2025/6R/108MEDIA/DSCF0619.JPG,DSCF0619.JPG,6R/108MEDIA,2,Western_Leopard_Toad,0.4167,417.0,339.6,562.2,505.0
/srv/shared_leopard_toad/2025/Documents/06.10-13.10.2025/6R/108MEDIA/DSCF0025.JPG,DSCF0025.JPG,6R/108MEDIA,2,Western_Leopard_Toad,0.7153,415.8,336.9,566.6,486.3
/srv/shared_leopard_toad/2025/Documents/06.10-13.10.2025/6R/108MEDIA/DSCF0025.JPG,DSCF0025.JPG,6R/108MEDIA,0,Other_Amphibian,0.4285,893.5,2720.0,1032.0,2858.4
/srv/shared_leopard_toad/2025/Documents/06.10-13.10.2025/6R/108MEDIA/DSCF0025.JPG,DSCF0025.JPG,6R/108MEDIA,2,Western_Leopard_Toad,0.3030,893.5,2720.0,1032.0,2858.4
/srv/shared_leopard_toad/2025/Documents/06.10-13.10.2025/6R/108MEDIA/DSCF0025.JPG,DSCF0025.JPG,6R/108MEDIA,0,Other_Amphibian,0.2786,3569.0,297.2,3754.7,473.6
/srv/shared_leopard_toad/2025/Documents/06.10-13.10.2025/6R/108MEDIA/DSCF0997.JPG,DSCF0997.JPG,6R/108MEDIA,2,Western_Leopard_Toad,0.8906,417.1,338.9,564.0,495.4
/srv/shared_leopard_toad/2025/Documents/06.10-13.10.2025/6R/108MEDIA/DSCF0381.JPG,DSCF0381.JPG,6R/108MEDIA,0,Other_Amphibian,0.6792,576.6,2278.9,665.7,2395.9
/srv/shared_leopard_toad/2025/Documents/06.10-13.10.2025/6R/108MEDIA/DSCF0381.JPG,DSCF0381.JPG,6R/108MEDIA,2,Western_Leopard_Toad,0.2900,576.6,2278.9,665.7,2395.9
/srv/shared_leopard_toad/2025/Documents/06.10-13.10.2025/6R/108MEDIA/DSCF0365.JPG,DSCF0365.JPG,6R/108MEDIA,0,Other_Amphibian,0.6924,575.0,2280.0,665.3,2397.7
/srv/shared_leopard_toad/2025/Documents/06.10-13.10.2025/6R/108MEDIA/DSCF0365.JPG,DSCF0365.JPG,6R/108MEDIA,2,Western_Leopard_Toad,0.3215,575.0,2280.0,665.3,2397.7
/srv/shared_leopard_toad/2025/Documents/06.10-13.10.2025/6R/108MEDIA/DSCF0693.JPG,DSCF0693.JPG,6R/108MEDIA,2,Western_Leopard_Toad,0.9473,415.5,339.2,565.6,497.2
/srv/shared_leopard_toad/2025/Documents/06.10-13.10.2025/6R/108MEDIA/DSCF0741.JPG,DSCF0741.JPG,6R/108MEDIA,2,Western_Leopard_Toad,0.8706,411.4,338.9,565.7,495.4
/srv/shared_leopard_toad/2025/Documents/06.10-13.10.2025/6R/108MEDIA/DSCF0538.JPG,DSCF0538.JPG,6R/108MEDIA,2,Western_Leopard_Toad,0.8667,411.9,338.2,562.0,493.8
/srv/shared_leopard_toad/2025/Documents/06.10-13.10.2025/6R/108MEDIA/DSCF0913.JPG,DSCF0913.JPG,6R/108MEDIA,2,Western_Leopard_Toad,0.8584,409.4,341.0,566.4,504.3
/srv/shared_leopard_toad/2025/Documents/06.10-13.10.2025/6R/108MEDIA/DSCF0454.JPG,DSCF0454.JPG,6R/108MEDIA,2,Western_Leopard_Toad,0.8706,407.9,340.3,560.8,506.6
/srv/shared_leopard_toad/2025/Documents/06.10-13.10.2025/6R/108MEDIA/DSCF0188.JPG,DSCF0188.JPG,6R/108MEDIA,2,Western_Leopard_Toad,0.9355,416.3,333.5,566.1,486.0
/srv/shared_leopard_toad/2025/Documents/06.10-13.10.2025/6R/108MEDIA/DSCF0947.JPG,DSCF0947.JPG,6R/108MEDIA,2,Western_Leopard_Toad,0.6392,414.3,340.3,566.8,504.2
/srv/shared_leopard_toad/2025/Documents/06.10-13.10.2025/6R/108MEDIA/DSCF0772.JPG,DSCF0772.JPG,6R/108MEDIA,2,Western_Leopard_Toad,0.6772,409.1,340.8,561.5,500.1
/srv/shared_leopard_toad/2025/Documents/06.10-13.10.2025/6R/108MEDIA/DSCF0844.JPG,DSCF0844.JPG,6R/108MEDIA,2,Western_Leopard_Toad,0.9038,411.2,339.6,564.7,505.0
/srv/shared_leopard_toad/2025/Documents/06.10-13.10.2025/6R/108MEDIA/DSCF0824.JPG,DSCF0824.JPG,6R/108MEDIA,2,Western_Leopard_Toad,0.4619,417.1,340.2,562.0,499.3
/srv/shared_leopard_toad/2025/Documents/06.10-13.10.2025/6R/108MEDIA/DSCF0133.JPG,DSCF0133.JPG,6R/108MEDIA,2,Western_Leopard_Toad,0.6182,414.3,339.2,564.9,488.4
/srv/shared_leopard_toad/2025/Documents/06.10-13.10.2025/6R/108MEDIA/DSCF0886.JPG,DSCF0886.JPG,6R/108MEDIA,2,Western_Leopard_Toad,0.7422,414.3,340.2,559.5,499.3
/srv/shared_leopard_toad/2025/Documents/06.10-13.10.2025/6R/108MEDIA/DSCF0181.JPG,DSCF0181.JPG,6R/108MEDIA,2,Western_Leopard_Toad,0.8657,412.7,335.3,564.4,488.6
/srv/shared_leopard_toad/2025/Documents/06.10-13.10.2025/6R/108MEDIA/DSCF0773.JPG,DSCF0773.JPG,6R/108MEDIA,2,Western_Leopard_Toad,0.9009,415.0,338.7,567.4,497.8
/srv/shared_leopard_toad/2025/Documents/06.10-13.10.2025/6R/108MEDIA/DSCF0849.JPG,DSCF0849.JPG,6R/108MEDIA,2,Western_Leopard_Toad,0.7070,404.8,339.8,561.8,501.1
/srv/shared_leopard_toad/2025/Documents/06.10-13.10.2025/6R/108MEDIA/DSCF0916.JPG,DSCF0916.JPG,6R/108MEDIA,2,Western_Leopard_Toad,0.9136,415.6,337.4,563.6,496.8
/srv/shared_leopard_toad/2025/Documents/06.10-13.10.2025/6R/108MEDIA/DSCF0685.JPG,DSCF0685.JPG,6R/108MEDIA,2,Western_Leopard_Toad,0.8442,415.7,339.2,563.4,501.7
/srv/shared_leopard_toad/2025/Documents/06.10-13.10.2025/6R/108MEDIA/DSCF0209.JPG,DSCF0209.JPG,6R/108MEDIA,2,Western_Leopard_Toad,0.8223,416.8,335.3,567.6,486.4
/srv/shared_leopard_toad/2025/Documents/06.10-13.10.2025/6R/108MEDIA/DSCF0725.JPG,DSCF0725.JPG,6R/108MEDIA,2,Western_Leopard_Toad,0.9146,412.4,339.3,563.5,505.3
/srv/shared_leopard_toad/2025/Documents/06.10-13.10.2025/6R/108MEDIA/DSCF0550.JPG,DSCF0550.JPG,6R/108MEDIA,2,Western_Leopard_Toad,0.8403,413.4,337.8,560.5,501.7
/srv/shared_leopard_toad/2025/Documents/06.10-13.10.2025/6R/108MEDIA/DSCF0015.JPG,DSCF0015.JPG,6R/108MEDIA,2,Western_Leopard_Toad,0.9243,412.9,336.7,564.3,482.8
/srv/shared_leopard_toad/2025/Documents/06.10-13.10.2025/6R/108MEDIA/DSCF0612.JPG,DSCF0612.JPG,6R/108MEDIA,2,Western_Leopard_Toad,0.8794,412.0,337.7,559.9,498.0
/srv/shared_leopard_toad/2025/Documents/06.10-13.10.2025/6R/108MEDIA/DSCF0633.JPG,DSCF0633.JPG,6R/108MEDIA,2,Western_Leopard_Toad,0.6450,399.7,340.3,560.4,505.1
/srv/shared_leopard_toad/2025/Documents/06.10-13.10.2025/6R/108MEDIA/DSCF0626.JPG,DSCF0626.JPG,6R/108MEDIA,2,Western_Leopard_Toad,0.4199,408.8,338.4,557.9,503.2
/srv/shared_leopard_toad/2025/Documents/06.10-13.10.2025/6R/108MEDIA/DSCF0839.JPG,DSCF0839.JPG,6R/108MEDIA,2,Western_Leopard_Toad,0.7974,413.6,339.7,563.6,501.2
/srv/shared_leopard_toad/2025/Documents/06.10-13.10.2025/6R/108MEDIA/DSCF0076.JPG,DSCF0076.JPG,6R/108MEDIA,2,Western_Leopard_Toad,0.8350,415.0,338.3,566.1,489.3
/srv/shared_leopard_toad/2025/Documents/06.10-13.10.2025/6R/108MEDIA/DSCF0076.JPG,DSCF0076.JPG,6R/108MEDIA,0,Other_Amphibian,0.6084,3569.2,298.5,3754.6,471.5
/srv/shared_leopard_toad/2025/Documents/06.10-13.10.2025/6R/108MEDIA/DSCF0690.JPG,DSCF0690.JPG,6R/108MEDIA,2,Western_Leopard_Toad,0.8887,415.6,338.4,563.6,502.5
/srv/shared_leopard_toad/2025/Documents/06.10-13.10.2025/6R/108MEDIA/DSCF0918.JPG,DSCF0918.JPG,6R/108MEDIA,2,Western_Leopard_Toad,0.8608,410.0,341.0,567.2,498.4
/srv/shared_leopard_toad/2025/Documents/06.10-13.10.2025/6R/108MEDIA/DSCF0240.JPG,DSCF0240.JPG,6R/108MEDIA,2,Western_Leopard_Toad,0.9253,412.1,335.9,565.0,491.0
/srv/shared_leopard_toad/2025/Documents/06.10-13.10.2025/6R/108MEDIA/DSCF0714.JPG,DSCF0714.JPG,6R/108MEDIA,2,Western_Leopard_Toad,0.9116,413.9,338.9,561.9,496.9
/srv/shared_leopard_toad/2025/Documents/06.10-13.10.2025/6R/108MEDIA/DSCF0302.JPG,DSCF0302.JPG,6R/108MEDIA,0,Other_Amphibian,0.8140,559.7,2293.7,661.5,2428.3
/srv/shared_leopard_toad/2025/Documents/06.10-13.10.2025/6R/108MEDIA/DSCF0302.JPG,DSCF0302.JPG,6R/108MEDIA,2,Western_Leopard_Toad,0.3384,559.7,2293.7,661.5,2428.3
/srv/shared_leopard_toad/2025/Documents/06.10-13.10.2025/6R/108MEDIA/DSCF0801.JPG,DSCF0801.JPG,6R/108MEDIA,2,Western_Leopard_Toad,0.8594,411.9,339.4,563.9,505.2
/srv/shared_leopard_toad/2025/Documents/06.10-13.10.2025/6R/108MEDIA/DSCF0232.JPG,DSCF0232.JPG,6R/108MEDIA,2,Western_Leopard_Toad,0.9409,414.0,334.4,565.1,485.8
/srv/shared_leopard_toad/2025/Documents/06.10-13.10.2025/6R/108MEDIA/DSCF0545.JPG,DSCF0545.JPG,6R/108MEDIA,2,Western_Leopard_Toad,0.6519,413.6,338.1,560.2,501.3
/srv/shared_leopard_toad/2025/Documents/06.10-13.10.2025/6R/108MEDIA/DSCF0377.JPG,DSCF0377.JPG,6R/108MEDIA,0,Other_Amphibian,0.7109,575.3,2278.5,667.0,2399.3
/srv/shared_leopard_toad/2025/Documents/06.10-13.10.2025/6R/108MEDIA/DSCF0377.JPG,DSCF0377.JPG,6R/108MEDIA,2,Western_Leopard_Toad,0.2971,575.3,2278.5,667.0,2399.3
/srv/shared_leopard_toad/2025/Documents/06.10-13.10.2025/6R/108MEDIA/DSCF0705.JPG,DSCF0705.JPG,6R/108MEDIA,2,Western_Leopard_Toad,0.9385,414.6,341.2,567.8,501.2
/srv/shared_leopard_toad/2025/Documents/06.10-13.10.2025/6R/108MEDIA/DSCF0813.JPG,DSCF0813.JPG,6R/108MEDIA,2,Western_Leopard_Toad,0.7363,416.5,339.4,562.6,503.0
/srv/shared_leopard_toad/2025/Documents/06.10-13.10.2025/6R/108MEDIA/DSCF0830.JPG,DSCF0830.JPG,6R/108MEDIA,2,Western_Leopard_Toad,0.8828,417.5,339.3,564.9,498.7
/srv/shared_leopard_toad/2025/Documents/06.10-13.10.2025/6R/108MEDIA/DSCF0048.JPG,DSCF0048.JPG,6R/108MEDIA,2,Western_Leopard_Toad,0.9385,413.1,337.0,566.0,486.9
/srv/shared_leopard_toad/2025/Documents/06.10-13.10.2025/6R/108MEDIA/DSCF0267.JPG,DSCF0267.JPG,6R/108MEDIA,2,Western_Leopard_Toad,0.9351,411.4,333.9,565.7,487.8
/srv/shared_leopard_toad/2025/Documents/06.10-13.10.2025/6R/108MEDIA/DSCF0267.JPG,DSCF0267.JPG,6R/108MEDIA,0,Other_Amphibian,0.2343,556.3,2286.5,656.5,2406.1
/srv/shared_leopard_toad/2025/Documents/06.10-13.10.2025/6R/108MEDIA/DSCF0319.JPG,DSCF0319.JPG,6R/108MEDIA,0,Other_Amphibian,0.8525,556.7,2296.9,659.9,2425.1
/srv/shared_leopard_toad/2025/Documents/06.10-13.10.2025/6R/108MEDIA/DSCF0319.JPG,DSCF0319.JPG,6R/108MEDIA,2,Western_Leopard_Toad,0.3132,556.7,2296.9,659.9,2425.1
/srv/shared_leopard_toad/2025/Documents/06.10-13.10.2025/6R/108MEDIA/DSCF0150.JPG,DSCF0150.JPG,6R/108MEDIA,2,Western_Leopard_Toad,0.8081,414.5,337.0,566.5,488.4
/srv/shared_leopard_toad/2025/Documents/06.10-13.10.2025/6R/108MEDIA/DSCF0510.JPG,DSCF0510.JPG,6R/108MEDIA,2,Western_Leopard_Toad,0.7012,409.9,339.2,560.7,503.1
/srv/shared_leopard_toad/2025/Documents/06.10-13.10.2025/6R/108MEDIA/DSCF0643.JPG,DSCF0643.JPG,6R/108MEDIA,2,Western_Leopard_Toad,0.9185,412.4,338.6,563.5,502.3
/srv/shared_leopard_toad/2025/Documents/06.10-13.10.2025/6R/108MEDIA/DSCF0323.JPG,DSCF0323.JPG,6R/108MEDIA,0,Other_Amphibian,0.8735,555.8,2295.8,659.0,2423.3
/srv/shared_leopard_toad/2025/Documents/06.10-13.10.2025/6R/108MEDIA/DSCF0013.JPG,DSCF0013.JPG,6R/108MEDIA,2,Western_Leopard_Toad,0.9180,416.9,335.9,565.5,485.8
/srv/shared_leopard_toad/2025/Documents/06.10-13.10.2025/6R/108MEDIA/DSCF0876.JPG,DSCF0876.JPG,6R/108MEDIA,2,Western_Leopard_Toad,0.8047,410.7,339.4,566.5,500.0
/srv/shared_leopard_toad/2025/Documents/06.10-13.10.2025/6R/108MEDIA/DSCF0108.JPG,DSCF0108.JPG,6R/108MEDIA,2,Western_Leopard_Toad,0.9136,416.9,335.6,567.5,488.3
/srv/shared_leopard_toad/2025/Documents/06.10-13.10.2025/6R/108MEDIA/DSCF0277.JPG,DSCF0277.JPG,6R/108MEDIA,2,Western_Leopard_Toad,0.9463,414.1,333.3,568.4,489.8
/srv/shared_leopard_toad/2025/Documents/06.10-13.10.2025/6R/108MEDIA/DSCF0901.JPG,DSCF0901.JPG,6R/108MEDIA,2,Western_Leopard_Toad,0.6147,409.9,340.9,564.0,503.6
/srv/shared_leopard_toad/2025/Documents/06.10-13.10.2025/6R/108MEDIA/DSCF0153.JPG,DSCF0153.JPG,6R/108MEDIA,2,Western_Leopard_Toad,0.7925,414.5,339.4,564.6,490.4
/srv/shared_leopard_toad/2025/Documents/06.10-13.10.2025/6R/108MEDIA/DSCF0747.JPG,DSCF0747.JPG,6R/108MEDIA,2,Western_Leopard_Toad,0.8687,410.4,337.7,561.5,496.5
/srv/shared_leopard_toad/2025/Documents/06.10-13.10.2025/6R/108MEDIA/DSCF0079.JPG,DSCF0079.JPG,6R/108MEDIA,0,Other_Amphibian,0.7422,3573.9,296.3,3755.1,471.5
/srv/shared_leopard_toad/2025/Documents/06.10-13.10.2025/6R/108MEDIA/DSCF0079.JPG,DSCF0079.JPG,6R/108MEDIA,2,Western_Leopard_Toad,0.7241,415.1,336.5,566.0,482.3
/srv/shared_leopard_toad/2025/Documents/06.10-13.10.2025/6R/108MEDIA/DSCF0996.JPG,DSCF0996.JPG,6R/108MEDIA,2,Western_Leopard_Toad,0.8584,414.2,339.0,568.2,500.5
/srv/shared_leopard_toad/2025/Documents/06.10-13.10.2025/6R/108MEDIA/DSCF0692.JPG,DSCF0692.JPG,6R/108MEDIA,2,Western_Leopard_Toad,0.9126,416.6,338.2,564.5,497.6
/srv/shared_leopard_toad/2025/Documents/06.10-13.10.2025/6R/108MEDIA/DSCF0542.JPG,DSCF0542.JPG,6R/108MEDIA,2,Western_Leopard_Toad,0.9126,416.4,339.0,562.7,502.6
/srv/shared_leopard_toad/2025/Documents/06.10-13.10.2025/6R/108MEDIA/DSCF0708.JPG,DSCF0708.JPG,6R/108MEDIA,2,Western_Leopard_Toad,0.5728,404.6,340.4,564.0,501.2
/srv/shared_leopard_toad/2025/Documents/06.10-13.10.2025/6R/108MEDIA/DSCF0119.JPG,DSCF0119.JPG,6R/108MEDIA,2,Western_Leopard_Toad,0.6992,413.1,336.8,566.0,483.4
/srv/shared_leopard_toad/2025/Documents/06.10-13.10.2025/6R/108MEDIA/DSCF0408.JPG,DSCF0408.JPG,6R/108MEDIA,0,Other_Amphibian,0.5688,575.9,2279.2,666.4,2392.7
/srv/shared_leopard_toad/2025/Documents/06.10-13.10.2025/6R/108MEDIA/DSCF0408.JPG,DSCF0408.JPG,6R/108MEDIA,2,Western_Leopard_Toad,0.2942,575.9,2279.2,666.4,2392.7
/srv/shared_leopard_toad/2025/Documents/06.10-13.10.2025/6R/108MEDIA/DSCF0469.JPG,DSCF0469.JPG,6R/108MEDIA,2,Western_Leopard_Toad,0.8511,412.2,338.7,561.7,504.4
/srv/shared_leopard_toad/2025/Documents/06.10-13.10.2025/6R/108MEDIA/DSCF0098.JPG,DSCF0098.JPG,6R/108MEDIA,2,Western_Leopard_Toad,0.8008,415.1,337.0,566.0,484.7
/srv/shared_leopard_toad/2025/Documents/06.10-13.10.2025/6R/108MEDIA/DSCF0098.JPG,DSCF0098.JPG,6R/108MEDIA,0,Other_Amphibian,0.4910,3568.9,298.1,3754.9,472.6
/srv/shared_leopard_toad/2025/Documents/06.10-13.10.2025/6R/108MEDIA/DSCF0961.JPG,DSCF0961.JPG,6R/108MEDIA,2,Western_Leopard_Toad,0.7998,412.9,339.5,568.1,502.2
/srv/shared_leopard_toad/2025/Documents/06.10-13.10.2025/6R/108MEDIA/DSCF0961.JPG,DSCF0961.JPG,6R/108MEDIA,2,Western_Leopard_Toad,0.2659,413.1,338.5,568.0,500.2
/srv/shared_leopard_toad/2025/Documents/06.10-13.10.2025/6R/108MEDIA/DSCF0214.JPG,DSCF0214.JPG,6R/108MEDIA,2,Western_Leopard_Toad,0.9395,412.2,332.7,566.9,489.0
/srv/shared_leopard_toad/2025/Documents/06.10-13.10.2025/6R/108MEDIA/DSCF0804.JPG,DSCF0804.JPG,6R/108MEDIA,2,Western_Leopard_Toad,0.8218,412.2,338.5,566.9,495.8
/srv/shared_leopard_toad/2025/Documents/06.10-13.10.2025/6R/108MEDIA/DSCF0825.JPG,DSCF0825.JPG,6R/108MEDIA,2,Western_Leopard_Toad,0.3027,411.8,341.3,564.1,501.8
/srv/shared_leopard_toad/2025/Documents/06.10-13.10.2025/6R/108MEDIA/DSCF0915.JPG,DSCF0915.JPG,6R/108MEDIA,2,Western_Leopard_Toad,0.8101,410.4,340.3,563.5,502.1
/srv/shared_leopard_toad/2025/Documents/06.10-13.10.2025/6R/108MEDIA/DSCF0627.JPG,DSCF0627.JPG,6R/108MEDIA,2,Western_Leopard_Toad,0.9014,412.2,337.3,559.7,501.4
/srv/shared_leopard_toad/2025/Documents/06.10-13.10.2025/6R/108MEDIA/DSCF0425.JPG,DSCF0425.JPG,6R/108MEDIA,0,Other_Amphibian,0.3835,573.5,2281.1,664.8,2396.7
/srv/shared_leopard_toad/2025/Documents/06.10-13.10.2025/6R/108MEDIA/DSCF0420.JPG,DSCF0420.JPG,6R/108MEDIA,0,Other_Amphibian,0.2900,574.9,2281.7,663.4,2399.0
/srv/shared_leopard_toad/2025/Documents/06.10-13.10.2025/6R/108MEDIA/DSCF0398.JPG,DSCF0398.JPG,6R/108MEDIA,0,Other_Amphibian,0.6118,576.6,2277.6,665.7,2394.3
/srv/shared_leopard_toad/2025/Documents/06.10-13.10.2025/6R/108MEDIA/DSCF0398.JPG,DSCF0398.JPG,6R/108MEDIA,2,Western_Leopard_Toad,0.2603,576.6,2277.6,665.7,2394.3
/srv/shared_leopard_toad/2025/Documents/06.10-13.10.2025/6R/108MEDIA/DSCF0205.JPG,DSCF0205.JPG,6R/108MEDIA,2,Western_Leopard_Toad,0.9116,413.7,337.0,565.4,484.7
/srv/shared_leopard_toad/2025/Documents/06.10-13.10.2025/6R/108MEDIA/DSCF0540.JPG,DSCF0540.JPG,6R/108MEDIA,2,Western_Leopard_Toad,0.9199,413.5,339.1,560.4,503.3
/srv/shared_leopard_toad/2025/Documents/06.10-13.10.2025/6R/108MEDIA/DSCF0618.JPG,DSCF0618.JPG,6R/108MEDIA,2,Western_Leopard_Toad,0.9199,414.3,336.7,562.9,506.4
/srv/shared_leopard_toad/2025/Documents/06.10-13.10.2025/6R/108MEDIA/DSCF0112.JPG,DSCF0112.JPG,6R/108MEDIA,2,Western_Leopard_Toad,0.9395,415.8,334.7,566.6,484.1
/srv/shared_leopard_toad/2025/Documents/06.10-13.10.2025/6R/108MEDIA/DSCF0112.JPG,DSCF0112.JPG,6R/108MEDIA,0,Other_Amphibian,0.2854,3569.7,299.1,3754.1,474.6
/srv/shared_leopard_toad/2025/Documents/06.10-13.10.2025/6R/108MEDIA/DSCF0584.JPG,DSCF0584.JPG,6R/108MEDIA,2,Western_Leopard_Toad,0.9160,415.7,338.1,563.4,500.6
/srv/shared_leopard_toad/2025/Documents/06.10-13.10.2025/6R/108MEDIA/DSCF0111.JPG,DSCF0111.JPG,6R/108MEDIA,2,Western_Leopard_Toad,0.8867,413.4,334.3,563.7,484.5
/srv/shared_leopard_toad/2025/Documents/06.10-13.10.2025/6R/108MEDIA/DSCF0111.JPG,DSCF0111.JPG,6R/108MEDIA,0,Other_Amphibian,0.4612,3572.3,299.9,3751.5,471.6
/srv/shared_leopard_toad/2025/Documents/06.10-13.10.2025/6R/108MEDIA/DSCF0263.JPG,DSCF0263.JPG,6R/108MEDIA,2,Western_Leopard_Toad,0.8003,414.4,335.7,566.7,489.7
/srv/shared_leopard_toad/2025/Documents/06.10-13.10.2025/6R/108MEDIA/DSCF0586.JPG,DSCF0586.JPG,6R/108MEDIA,2,Western_Leopard_Toad,0.8252,416.4,336.5,562.7,500.7
/srv/shared_leopard_toad/2025/Documents/06.10-13.10.2025/6R/108MEDIA/DSCF0349.JPG,DSCF0349.JPG,6R/108MEDIA,0,Other_Amphibian,0.7334,551.6,2295.7,654.6,2420.4
/srv/shared_leopard_toad/2025/Documents/06.10-13.10.2025/6R/108MEDIA/DSCF0349.JPG,DSCF0349.JPG,6R/108MEDIA,2,Western_Leopard_Toad,0.5088,551.6,2295.7,654.6,2420.4
/srv/shared_leopard_toad/2025/Documents/06.10-13.10.2025/6R/108MEDIA/DSCF0828.JPG,DSCF0828.JPG,6R/108MEDIA,2,Western_Leopard_Toad,0.8989,413.8,338.0,563.3,500.7
/srv/shared_leopard_toad/2025/Documents/06.10-13.10.2025/6R/108MEDIA/DSCF0555.JPG,DSCF0555.JPG,6R/108MEDIA,2,Western_Leopard_Toad,0.8975,410.6,338.3,560.0,500.4
/srv/shared_leopard_toad/2025/Documents/06.10-13.10.2025/6R/108MEDIA/DSCF0695.JPG,DSCF0695.JPG,6R/108MEDIA,2,Western_Leopard_Toad,0.9419,417.9,339.8,564.5,501.1
/srv/shared_leopard_toad/2025/Documents/06.10-13.10.2025/6R/108MEDIA/DSCF0764.JPG,DSCF0764.JPG,6R/108MEDIA,2,Western_Leopard_Toad,0.6377,408.4,340.7,563.6,498.7
/srv/shared_leopard_toad/2025/Documents/06.10-13.10.2025/6R/108MEDIA/DSCF0229.JPG,DSCF0229.JPG,6R/108MEDIA,2,Western_Leopard_Toad,0.5942,412.7,337.2,566.4,488.2
/srv/shared_leopard_toad/2025/Documents/06.10-13.10.2025/6R/108MEDIA/DSCF0229.JPG,DSCF0229.JPG,6R/108MEDIA,0,Other_Amphibian,0.3315,558.9,2282.7,664.3,2409.8
/srv/shared_leopard_toad/2025/Documents/06.10-13.10.2025/6R/108MEDIA/DSCF0953.JPG,DSCF0953.JPG,6R/108MEDIA,2,Western_Leopard_Toad,0.7246,412.9,340.8,562.9,501.6
/srv/shared_leopard_toad/2025/Documents/06.10-13.10.2025/6R/108MEDIA/DSCF0657.JPG,DSCF0657.JPG,6R/108MEDIA,2,Western_Leopard_Toad,0.9385,418.6,339.1,563.8,498.8
/srv/shared_leopard_toad/2025/Documents/06.10-13.10.2025/6R/108MEDIA/DSCF0163.JPG,DSCF0163.JPG,6R/108MEDIA,2,Western_Leopard_Toad,0.9092,417.5,332.5,566.9,484.7
/srv/shared_leopard_toad/2025/Documents/06.10-13.10.2025/6R/108MEDIA/DSCF0587.JPG,DSCF0587.JPG,6R/108MEDIA,2,Western_Leopard_Toad,0.7720,414.9,338.2,559.0,497.6
/srv/shared_leopard_toad/2025/Documents/06.10-13.10.2025/6R/108MEDIA/DSCF0711.JPG,DSCF0711.JPG,6R/108MEDIA,2,Western_Leopard_Toad,0.5649,402.7,341.0,563.9,493.2
/srv/shared_leopard_toad/2025/Documents/06.10-13.10.2025/6R/108MEDIA/DSCF0563.JPG,DSCF0563.JPG,6R/108MEDIA,2,Western_Leopard_Toad,0.9409,412.5,336.6,563.3,505.1
/srv/shared_leopard_toad/2025/Documents/06.10-13.10.2025/6R/108MEDIA/DSCF0283.JPG,DSCF0283.JPG,6R/108MEDIA,2,Western_Leopard_Toad,0.6406,410.4,333.2,574.0,499.5
/srv/shared_leopard_toad/2025/Documents/06.10-13.10.2025/6R/108MEDIA/DSCF0283.JPG,DSCF0283.JPG,6R/108MEDIA,0,Other_Amphibian,0.4617,554.4,2285.9,664.9,2424.3
/srv/shared_leopard_toad/2025/Documents/06.10-13.10.2025/6R/108MEDIA/DSCF0869.JPG,DSCF0869.JPG,6R/108MEDIA,2,Western_Leopard_Toad,0.6113,410.0,341.2,562.0,498.2
/srv/shared_leopard_toad/2025/Documents/06.10-13.10.2025/6R/108MEDIA/DSCF0470.JPG,DSCF0470.JPG,6R/108MEDIA,2,Western_Leopard_Toad,0.7378,413.6,338.0,560.2,494.8
/srv/shared_leopard_toad/2025/Documents/06.10-13.10.2025/6R/108MEDIA/DSCF0470.JPG,DSCF0470.JPG,6R/108MEDIA,0,Other_Amphibian,0.2397,413.6,338.0,560.2,494.8
/srv/shared_leopard_toad/2025/Documents/06.10-13.10.2025/6R/108MEDIA/DSCF0710.JPG,DSCF0710.JPG,6R/108MEDIA,2,Western_Leopard_Toad,0.9292,414.7,340.7,564.4,495.8
/srv/shared_leopard_toad/2025/Documents/06.10-13.10.2025/6R/108MEDIA/DSCF0406.JPG,DSCF0406.JPG,6R/108MEDIA,0,Other_Amphibian,0.6182,577.7,2278.5,667.2,2396.3
/srv/shared_leopard_toad/2025/Documents/06.10-13.10.2025/6R/108MEDIA/DSCF0406.JPG,DSCF0406.JPG,6R/108MEDIA,2,Western_Leopard_Toad,0.2520,577.7,2278.5,667.2,2396.3
/srv/shared_leopard_toad/2025/Documents/06.10-13.10.2025/6R/108MEDIA/DSCF0863.JPG,DSCF0863.JPG,6R/108MEDIA,2,Western_Leopard_Toad,0.9116,417.1,337.2,564.0,499.3
/srv/shared_leopard_toad/2025/Documents/06.10-13.10.2025/6R/108MEDIA/DSCF0128.JPG,DSCF0128.JPG,6R/108MEDIA,2,Western_Leopard_Toad,0.7993,418.4,335.0,569.3,486.7
/srv/shared_leopard_toad/2025/Documents/06.10-13.10.2025/6R/108MEDIA/DSCF0265.JPG,DSCF0265.JPG,6R/108MEDIA,2,Western_Leopard_Toad,0.9399,411.6,334.2,565.6,489.8
/srv/shared_leopard_toad/2025/Documents/06.10-13.10.2025/6R/108MEDIA/DSCF0850.JPG,DSCF0850.JPG,6R/108MEDIA,2,Western_Leopard_Toad,0.7065,413.6,338.4,563.6,501.1
/srv/shared_leopard_toad/2025/Documents/06.10-13.10.2025/6R/108MEDIA/DSCF0022.JPG,DSCF0022.JPG,6R/108MEDIA,2,Western_Leopard_Toad,0.9380,418.3,335.0,568.0,485.2
/srv/shared_leopard_toad/2025/Documents/06.10-13.10.2025/6R/108MEDIA/DSCF0022.JPG,DSCF0022.JPG,6R/108MEDIA,0,Other_Amphibian,0.3687,844.0,2753.4,969.9,2860.5
/srv/shared_leopard_toad/2025/Documents/06.10-13.10.2025/6R/108MEDIA/DSCF0022.JPG,DSCF0022.JPG,6R/108MEDIA,2,Western_Leopard_Toad,0.3682,844.0,2753.4,969.9,2860.5
/srv/shared_leopard_toad/2025/Documents/06.10-13.10.2025/6R/108MEDIA/DSCF0389.JPG,DSCF0389.JPG,6R/108MEDIA,0,Other_Amphibian,0.6362,576.6,2281.5,665.7,2396.3
/srv/shared_leopard_toad/2025/Documents/06.10-13.10.2025/6R/108MEDIA/DSCF0389.JPG,DSCF0389.JPG,6R/108MEDIA,2,Western_Leopard_Toad,0.3093,576.6,2281.5,665.7,2396.3
/srv/shared_leopard_toad/2025/Documents/06.10-13.10.2025/6R/108MEDIA/DSCF0198.JPG,DSCF0198.JPG,6R/108MEDIA,2,Western_Leopard_Toad,0.9092,412.7,335.6,566.4,486.1
/srv/shared_leopard_toad/2025/Documents/06.10-13.10.2025/6R/108MEDIA/DSCF0379.JPG,DSCF0379.JPG,6R/108MEDIA,0,Other_Amphibian,0.4294,575.7,2276.4,664.6,2395.4
/srv/shared_leopard_toad/2025/Documents/06.10-13.10.2025/6R/108MEDIA/DSCF0379.JPG,DSCF0379.JPG,6R/108MEDIA,2,Western_Leopard_Toad,0.2593,575.7,2276.4,664.6,2395.4
/srv/shared_leopard_toad/2025/Documents/06.10-13.10.2025/6R/108MEDIA/DSCF0395.JPG,DSCF0395.JPG,6R/108MEDIA,0,Other_Amphibian,0.3762,576.4,2280.0,663.9,2397.7
/srv/shared_leopard_toad/2025/Documents/06.10-13.10.2025/6R/108MEDIA/DSCF0011.JPG,DSCF0011.JPG,6R/108MEDIA,2,Western_Leopard_Toad,0.8892,416.1,337.8,566.3,486.1
/srv/shared_leopard_toad/2025/Documents/06.10-13.10.2025/6R/108MEDIA/DSCF0570.JPG,DSCF0570.JPG,6R/108MEDIA,2,Western_Leopard_Toad,0.3740,417.0,337.6,562.2,501.8
/srv/shared_leopard_toad/2025/Documents/06.10-13.10.2025/6R/108MEDIA/DSCF0785.JPG,DSCF0785.JPG,6R/108MEDIA,2,Western_Leopard_Toad,0.8076,412.2,338.1,563.6,501.3
/srv/shared_leopard_toad/2025/Documents/06.10-13.10.2025/6R/108MEDIA/DSCF0073.JPG,DSCF0073.JPG,6R/108MEDIA,2,Western_Leopard_Toad,0.8325,413.5,336.4,567.6,485.3
/srv/shared_leopard_toad/2025/Documents/06.10-13.10.2025/6R/108MEDIA/DSCF0073.JPG,DSCF0073.JPG,6R/108MEDIA,0,Other_Amphibian,0.2532,3570.7,296.0,3753.0,471.8
/srv/shared_leopard_toad/2025/Documents/06.10-13.10.2025/6R/108MEDIA/DSCF0183.JPG,DSCF0183.JPG,6R/108MEDIA,2,Western_Leopard_Toad,0.9453,415.7,334.3,566.8,487.4
/srv/shared_leopard_toad/2025/Documents/06.10-13.10.2025/6R/108MEDIA/DSCF0687.JPG,DSCF0687.JPG,6R/108MEDIA,2,Western_Leopard_Toad,0.9321,410.2,338.7,563.7,502.9
/srv/shared_leopard_toad/2025/Documents/06.10-13.10.2025/6R/108MEDIA/DSCF0894.JPG,DSCF0894.JPG,6R/108MEDIA,2,Western_Leopard_Toad,0.8677,409.6,338.2,566.3,501.2
/srv/shared_leopard_toad/2025/Documents/06.10-13.10.2025/6R/108MEDIA/DSCF0370.JPG,DSCF0370.JPG,6R/108MEDIA,0,Other_Amphibian,0.6650,575.5,2276.5,666.8,2395.3
/srv/shared_leopard_toad/2025/Documents/06.10-13.10.2025/6R/108MEDIA/DSCF0370.JPG,DSCF0370.JPG,6R/108MEDIA,2,Western_Leopard_Toad,0.2891,575.5,2276.5,666.8,2395.3
/srv/shared_leopard_toad/2025/Documents/06.10-13.10.2025/6R/108MEDIA/DSCF0289.JPG,DSCF0289.JPG,6R/108MEDIA,0,Other_Amphibian,0.5991,553.9,2287.6,662.8,2428.6
/srv/shared_leopard_toad/2025/Documents/06.10-13.10.2025/6R/108MEDIA/DSCF0289.JPG,DSCF0289.JPG,6R/108MEDIA,2,Western_Leopard_Toad,0.3997,408.8,329.7,578.8,494.2
/srv/shared_leopard_toad/2025/Documents/06.10-13.10.2025/6R/108MEDIA/DSCF0718.JPG,DSCF0718.JPG,6R/108MEDIA,2,Western_Leopard_Toad,0.8989,413.6,340.3,563.6,504.2
/srv/shared_leopard_toad/2025/Documents/06.10-13.10.2025/6R/108MEDIA/DSCF0017.JPG,DSCF0017.JPG,6R/108MEDIA,2,Western_Leopard_Toad,0.8501,416.9,336.4,565.5,485.3
/srv/shared_leopard_toad/2025/Documents/06.10-13.10.2025/6R/108MEDIA/DSCF0726.JPG,DSCF0726.JPG,6R/108MEDIA,2,Western_Leopard_Toad,0.8340,410.9,340.1,562.9,501.6
/srv/shared_leopard_toad/2025/Documents/06.10-13.10.2025/6R/108MEDIA/DSCF0783.JPG,DSCF0783.JPG,6R/108MEDIA,2,Western_Leopard_Toad,0.6689,413.4,341.4,563.7,500.2
/srv/shared_leopard_toad/2025/Documents/06.10-13.10.2025/6R/108MEDIA/DSCF0783.JPG,DSCF0783.JPG,6R/108MEDIA,2,Western_Leopard_Toad,0.2629,412.5,340.4,566.6,499.0
/srv/shared_leopard_toad/2025/Documents/06.10-13.10.2025/6R/108MEDIA/DSCF0857.JPG,DSCF0857.JPG,6R/108MEDIA,2,Western_Leopard_Toad,0.8931,413.0,338.5,566.1,495.8
/srv/shared_leopard_toad/2025/Documents/06.10-13.10.2025/6R/108MEDIA/DSCF0703.JPG,DSCF0703.JPG,6R/108MEDIA,2,Western_Leopard_Toad,0.9048,411.8,340.8,567.3,503.8
/srv/shared_leopard_toad/2025/Documents/06.10-13.10.2025/6R/108MEDIA/DSCF0703.JPG,DSCF0703.JPG,6R/108MEDIA,2,Western_Leopard_Toad,0.4822,411.8,339.3,567.3,502.3
/srv/shared_leopard_toad/2025/Documents/06.10-13.10.2025/6R/108MEDIA/DSCF0779.JPG,DSCF0779.JPG,6R/108MEDIA,2,Western_Leopard_Toad,0.6177,418.4,340.4,562.7,499.0
/srv/shared_leopard_toad/2025/Documents/06.10-13.10.2025/6R/108MEDIA/DSCF0075.JPG,DSCF0075.JPG,6R/108MEDIA,2,Western_Leopard_Toad,0.7705,416.9,335.5,567.5,482.5
/srv/shared_leopard_toad/2025/Documents/06.10-13.10.2025/6R/108MEDIA/DSCF0075.JPG,DSCF0075.JPG,6R/108MEDIA,0,Other_Amphibian,0.3035,3569.3,301.6,3754.4,472.9
/srv/shared_leopard_toad/2025/Documents/06.10-13.10.2025/6R/108MEDIA/DSCF0571.JPG,DSCF0571.JPG,6R/108MEDIA,2,Western_Leopard_Toad,0.8550,417.8,336.6,561.3,499.9
/srv/shared_leopard_toad/2025/Documents/06.10-13.10.2025/6R/108MEDIA/DSCF0958.JPG,DSCF0958.JPG,6R/108MEDIA,2,Western_Leopard_Toad,0.7734,411.6,337.7,564.2,496.5
/srv/shared_leopard_toad/2025/Documents/06.10-13.10.2025/6R/108MEDIA/DSCF0375.JPG,DSCF0375.JPG,6R/108MEDIA,0,Other_Amphibian,0.5947,576.4,2282.3,665.9,2398.4
/srv/shared_leopard_toad/2025/Documents/06.10-13.10.2025/6R/108MEDIA/DSCF0375.JPG,DSCF0375.JPG,6R/108MEDIA,2,Western_Leopard_Toad,0.3896,576.4,2282.3,665.9,2398.4
/srv/shared_leopard_toad/2025/Documents/06.10-13.10.2025/6R/108MEDIA/DSCF0929.JPG,DSCF0929.JPG,6R/108MEDIA,2,Western_Leopard_Toad,0.9111,414.9,338.1,561.0,499.9
/srv/shared_leopard_toad/2025/Documents/06.10-13.10.2025/6R/108MEDIA/DSCF0337.JPG,DSCF0337.JPG,6R/108MEDIA,0,Other_Amphibian,0.7583,551.7,2295.4,654.5,2420.8
/srv/shared_leopard_toad/2025/Documents/06.10-13.10.2025/6R/108MEDIA/DSCF0337.JPG,DSCF0337.JPG,6R/108MEDIA,2,Western_Leopard_Toad,0.4587,551.7,2295.4,654.5,2420.8
/srv/shared_leopard_toad/2025/Documents/06.10-13.10.2025/6R/108MEDIA/DSCF0639.JPG,DSCF0639.JPG,6R/108MEDIA,2,Western_Leopard_Toad,0.6992,413.6,338.5,560.2,503.1
/srv/shared_leopard_toad/2025/Documents/06.10-13.10.2025/6R/108MEDIA/DSCF0639.JPG,DSCF0639.JPG,6R/108MEDIA,0,Other_Amphibian,0.2103,413.6,338.5,560.2,503.1
/srv/shared_leopard_toad/2025/Documents/06.10-13.10.2025/6R/108MEDIA/DSCF0104.JPG,DSCF0104.JPG,6R/108MEDIA,2,Western_Leopard_Toad,0.8096,415.8,338.0,566.6,485.2
/srv/shared_leopard_toad/2025/Documents/06.10-13.10.2025/6R/108MEDIA/DSCF0972.JPG,DSCF0972.JPG,6R/108MEDIA,2,Western_Leopard_Toad,0.5098,412.2,340.7,563.6,504.6
/srv/shared_leopard_toad/2025/Documents/06.10-13.10.2025/6R/108MEDIA/DSCF0316.JPG,DSCF0316.JPG,6R/108MEDIA,0,Other_Amphibian,0.8667,557.9,2297.1,661.5,2422.0
/srv/shared_leopard_toad/2025/Documents/06.10-13.10.2025/6R/108MEDIA/DSCF0043.JPG,DSCF0043.JPG,6R/108MEDIA,2,Western_Leopard_Toad,0.6714,415.0,336.7,567.4,486.4
/srv/shared_leopard_toad/2025/Documents/06.10-13.10.2025/6R/108MEDIA/DSCF0043.JPG,DSCF0043.JPG,6R/108MEDIA,0,Other_Amphibian,0.2573,3570.9,297.3,3752.8,473.4
/srv/shared_leopard_toad/2025/Documents/06.10-13.10.2025/6R/108MEDIA/DSCF0275.JPG,DSCF0275.JPG,6R/108MEDIA,2,Western_Leopard_Toad,0.9414,415.2,331.9,569.2,489.8
/srv/shared_leopard_toad/2025/Documents/06.10-13.10.2025/6R/108MEDIA/DSCF0245.JPG,DSCF0245.JPG,6R/108MEDIA,2,Western_Leopard_Toad,0.8491,413.4,336.7,565.7,487.2
/srv/shared_leopard_toad/2025/Documents/06.10-13.10.2025/6R/108MEDIA/DSCF0603.JPG,DSCF0603.JPG,6R/108MEDIA,2,Western_Leopard_Toad,0.9238,415.8,336.8,561.3,502.6
/srv/shared_leopard_toad/2025/Documents/06.10-13.10.2025/6R/108MEDIA/DSCF0492.JPG,DSCF0492.JPG,6R/108MEDIA,2,Western_Leopard_Toad,0.7988,413.1,338.4,560.8,506.2
/srv/shared_leopard_toad/2025/Documents/06.10-13.10.2025/6R/108MEDIA/DSCF0530.JPG,DSCF0530.JPG,6R/108MEDIA,2,Western_Leopard_Toad,0.8481,411.6,336.9,562.2,499.6
/srv/shared_leopard_toad/2025/Documents/06.10-13.10.2025/6R/108MEDIA/DSCF0654.JPG,DSCF0654.JPG,6R/108MEDIA,2,Western_Leopard_Toad,0.9351,416.5,337.9,562.6,500.8
/srv/shared_leopard_toad/2025/Documents/06.10-13.10.2025/6R/108MEDIA/DSCF0887.JPG,DSCF0887.JPG,6R/108MEDIA,2,Western_Leopard_Toad,0.4465,411.6,339.3,562.2,506.0
/srv/shared_leopard_toad/2025/Documents/06.10-13.10.2025/6R/108MEDIA/DSCF0132.JPG,DSCF0132.JPG,6R/108MEDIA,2,Western_Leopard_Toad,0.5693,415.4,337.2,567.0,486.0
/srv/shared_leopard_toad/2025/Documents/06.10-13.10.2025/6R/108MEDIA/DSCF0457.JPG,DSCF0457.JPG,6R/108MEDIA,2,Western_Leopard_Toad,0.8936,411.5,340.3,564.4,505.7
/srv/shared_leopard_toad/2025/Documents/06.10-13.10.2025/6R/108MEDIA/DSCF0126.JPG,DSCF0126.JPG,6R/108MEDIA,2,Western_Leopard_Toad,0.8315,414.4,337.9,566.7,483.8
/srv/shared_leopard_toad/2025/Documents/06.10-13.10.2025/6R/108MEDIA/DSCF0971.JPG,DSCF0971.JPG,6R/108MEDIA,2,Western_Leopard_Toad,0.6230,411.8,338.6,564.1,503.7
/srv/shared_leopard_toad/2025/Documents/06.10-13.10.2025/6R/108MEDIA/DSCF0456.JPG,DSCF0456.JPG,6R/108MEDIA,2,Western_Leopard_Toad,0.8525,411.8,338.2,562.1,504.2
/srv/shared_leopard_toad/2025/Documents/06.10-13.10.2025/6R/108MEDIA/DSCF0954.JPG,DSCF0954.JPG,6R/108MEDIA,2,Western_Leopard_Toad,0.6064,412.1,339.6,563.8,502.8
/srv/shared_leopard_toad/2025/Documents/06.10-13.10.2025/6R/108MEDIA/DSCF0954.JPG,DSCF0954.JPG,6R/108MEDIA,0,Other_Amphibian,0.2469,3121.9,357.6,3388.1,656.8
/srv/shared_leopard_toad/2025/Documents/06.10-13.10.2025/6R/108MEDIA/DSCF0799.JPG,DSCF0799.JPG,6R/108MEDIA,2,Western_Leopard_Toad,0.9414,414.1,339.0,567.0,500.5
/srv/shared_leopard_toad/2025/Documents/06.10-13.10.2025/6R/108MEDIA/DSCF0249.JPG,DSCF0249.JPG,6R/108MEDIA,2,Western_Leopard_Toad,0.9111,411.8,333.7,567.3,488.0
/srv/shared_leopard_toad/2025/Documents/06.10-13.10.2025/6R/108MEDIA/DSCF0093.JPG,DSCF0093.JPG,6R/108MEDIA,2,Western_Leopard_Toad,0.8887,414.0,336.3,565.1,485.4
/srv/shared_leopard_toad/2025/Documents/06.10-13.10.2025/6R/108MEDIA/DSCF0093.JPG,DSCF0093.JPG,6R/108MEDIA,0,Other_Amphibian,0.6982,3569.7,298.5,3754.1,473.7
/srv/shared_leopard_toad/2025/Documents/06.10-13.10.2025/6R/108MEDIA/DSCF0093.JPG,DSCF0093.JPG,6R/108MEDIA,2,Western_Leopard_Toad,0.2678,3569.7,298.5,3754.1,473.7
/srv/shared_leopard_toad/2025/Documents/06.10-13.10.2025/6R/108MEDIA/DSCF0355.JPG,DSCF0355.JPG,6R/108MEDIA,0,Other_Amphibian,0.7686,574.9,2281.1,665.4,2396.7
/srv/shared_leopard_toad/2025/Documents/06.10-13.10.2025/6R/108MEDIA/DSCF0355.JPG,DSCF0355.JPG,6R/108MEDIA,2,Western_Leopard_Toad,0.3093,574.9,2281.1,665.4,2396.7
/srv/shared_leopard_toad/2025/Documents/06.10-13.10.2025/6R/108MEDIA/DSCF0083.JPG,DSCF0083.JPG,6R/108MEDIA,2,Western_Leopard_Toad,0.8550,413.1,334.6,566.0,487.1
/srv/shared_leopard_toad/2025/Documents/06.10-13.10.2025/6R/108MEDIA/DSCF0083.JPG,DSCF0083.JPG,6R/108MEDIA,0,Other_Amphibian,0.5698,3570.0,298.2,3753.8,475.5
/srv/shared_leopard_toad/2025/Documents/06.10-13.10.2025/6R/108MEDIA/DSCF0682.JPG,DSCF0682.JPG,6R/108MEDIA,2,Western_Leopard_Toad,0.9399,413.2,338.4,564.0,503.2
/srv/shared_leopard_toad/2025/Documents/06.10-13.10.2025/6R/108MEDIA/DSCF0535.JPG,DSCF0535.JPG,6R/108MEDIA,2,Western_Leopard_Toad,0.8447,410.9,339.0,562.9,497.5
/srv/shared_leopard_toad/2025/Documents/06.10-13.10.2025/6R/108MEDIA/DSCF0285.JPG,DSCF0285.JPG,6R/108MEDIA,2,Western_Leopard_Toad,0.9409,413.3,331.7,576.4,490.0
/srv/shared_leopard_toad/2025/Documents/06.10-13.10.2025/6R/108MEDIA/DSCF0285.JPG,DSCF0285.JPG,6R/108MEDIA,0,Other_Amphibian,0.4722,556.8,2286.9,664.5,2426.3
/srv/shared_leopard_toad/2025/Documents/06.10-13.10.2025/6R/108MEDIA/DSCF0787.JPG,DSCF0787.JPG,6R/108MEDIA,2,Western_Leopard_Toad,0.6504,411.2,339.7,564.7,503.4
/srv/shared_leopard_toad/2025/Documents/06.10-13.10.2025/6R/108MEDIA/DSCF0787.JPG,DSCF0787.JPG,6R/108MEDIA,2,Western_Leopard_Toad,0.4187,410.1,339.4,567.1,503.0
/srv/shared_leopard_toad/2025/Documents/06.10-13.10.2025/6R/108MEDIA/DSCF0199.JPG,DSCF0199.JPG,6R/108MEDIA,2,Western_Leopard_Toad,0.8511,413.8,337.4,565.3,484.3
/srv/shared_leopard_toad/2025/Documents/06.10-13.10.2025/6R/108MEDIA/DSCF0517.JPG,DSCF0517.JPG,6R/108MEDIA,2,Western_Leopard_Toad,0.8682,410.1,338.4,561.8,502.5
/srv/shared_leopard_toad/2025/Documents/06.10-13.10.2025/6R/108MEDIA/DSCF0281.JPG,DSCF0281.JPG,6R/108MEDIA,2,Western_Leopard_Toad,0.8979,415.9,335.9,570.5,494.7
/srv/shared_leopard_toad/2025/Documents/06.10-13.10.2025/6R/108MEDIA/DSCF0614.JPG,DSCF0614.JPG,6R/108MEDIA,2,Western_Leopard_Toad,0.8936,409.5,339.0,562.4,501.9
/srv/shared_leopard_toad/2025/Documents/06.10-13.10.2025/6R/108MEDIA/DSCF0674.JPG,DSCF0674.JPG,6R/108MEDIA,2,Western_Leopard_Toad,0.8975,411.4,338.4,560.5,503.2
/srv/shared_leopard_toad/2025/Documents/06.10-13.10.2025/6R/108MEDIA/DSCF0674.JPG,DSCF0674.JPG,6R/108MEDIA,0,Other_Amphibian,0.2328,411.4,338.4,560.5,503.2
/srv/shared_leopard_toad/2025/Documents/06.10-13.10.2025/6R/108MEDIA/DSCF0597.JPG,DSCF0597.JPG,6R/108MEDIA,2,Western_Leopard_Toad,0.7744,412.5,339.5,559.4,496.3
/srv/shared_leopard_toad/2025/Documents/06.10-13.10.2025/6R/108MEDIA/DSCF0120.JPG,DSCF0120.JPG,6R/108MEDIA,2,Western_Leopard_Toad,0.6445,415.5,337.3,566.9,484.5
/srv/shared_leopard_toad/2025/Documents/06.10-13.10.2025/6R/108MEDIA/DSCF0715.JPG,DSCF0715.JPG,6R/108MEDIA,2,Western_Leopard_Toad,0.9282,411.9,340.2,562.0,501.4
/srv/shared_leopard_toad/2025/Documents/06.10-13.10.2025/6R/108MEDIA/DSCF0364.JPG,DSCF0364.JPG,6R/108MEDIA,0,Other_Amphibian,0.5269,575.0,2278.2,667.3,2396.6
/srv/shared_leopard_toad/2025/Documents/06.10-13.10.2025/6R/108MEDIA/DSCF0673.JPG,DSCF0673.JPG,6R/108MEDIA,2,Western_Leopard_Toad,0.9272,411.8,340.0,562.1,504.6
/srv/shared_leopard_toad/2025/Documents/06.10-13.10.2025/6R/108MEDIA/DSCF0255.JPG,DSCF0255.JPG,6R/108MEDIA,2,Western_Leopard_Toad,0.8965,410.7,335.3,566.5,486.4
/srv/shared_leopard_toad/2025/Documents/06.10-13.10.2025/6R/108MEDIA/DSCF0477.JPG,DSCF0477.JPG,6R/108MEDIA,2,Western_Leopard_Toad,0.7710,414.6,336.9,561.2,501.8
/srv/shared_leopard_toad/2025/Documents/06.10-13.10.2025/6R/108MEDIA/DSCF0166.JPG,DSCF0166.JPG,6R/108MEDIA,2,Western_Leopard_Toad,0.9287,412.4,334.8,564.7,486.9
/srv/shared_leopard_toad/2025/Documents/06.10-13.10.2025/6R/108MEDIA/DSCF0810.JPG,DSCF0810.JPG,6R/108MEDIA,2,Western_Leopard_Toad,0.9126,417.6,338.6,564.8,494.9
/srv/shared_leopard_toad/2025/Documents/06.10-13.10.2025/6R/108MEDIA/DSCF0976.JPG,DSCF0976.JPG,6R/108MEDIA,2,Western_Leopard_Toad,0.6196,413.8,340.2,563.3,498.5
/srv/shared_leopard_toad/2025/Documents/06.10-13.10.2025/6R/108MEDIA/DSCF0814.JPG,DSCF0814.JPG,6R/108MEDIA,2,Western_Leopard_Toad,0.9307,415.0,338.0,566.1,502.9
/srv/shared_leopard_toad/2025/Documents/06.10-13.10.2025/6R/108MEDIA/DSCF0698.JPG,DSCF0698.JPG,6R/108MEDIA,2,Western_Leopard_Toad,0.9429,418.3,339.0,566.1,500.5
/srv/shared_leopard_toad/2025/Documents/06.10-13.10.2025/6R/108MEDIA/DSCF0475.JPG,DSCF0475.JPG,6R/108MEDIA,2,Western_Leopard_Toad,0.3523,412.8,338.8,561.1,494.7
/srv/shared_leopard_toad/2025/Documents/06.10-13.10.2025/6R/108MEDIA/DSCF0219.JPG,DSCF0219.JPG,6R/108MEDIA,2,Western_Leopard_Toad,0.9424,413.4,335.8,567.7,491.1
/srv/shared_leopard_toad/2025/Documents/06.10-13.10.2025/6R/108MEDIA/DSCF0480.JPG,DSCF0480.JPG,6R/108MEDIA,2,Western_Leopard_Toad,0.9053,414.3,337.7,559.5,496.5
/srv/shared_leopard_toad/2025/Documents/06.10-13.10.2025/6R/108MEDIA/DSCF0737.JPG,DSCF0737.JPG,6R/108MEDIA,2,Western_Leopard_Toad,0.8418,411.9,339.5,563.9,494.8
/srv/shared_leopard_toad/2025/Documents/06.10-13.10.2025/6R/108MEDIA/DSCF0330.JPG,DSCF0330.JPG,6R/108MEDIA,0,Other_Amphibian,0.6064,554.0,2297.4,654.9,2418.7
/srv/shared_leopard_toad/2025/Documents/06.10-13.10.2025/6R/108MEDIA/DSCF0330.JPG,DSCF0330.JPG,6R/108MEDIA,2,Western_Leopard_Toad,0.5913,554.0,2297.4,654.9,2418.7
/srv/shared_leopard_toad/2025/Documents/06.10-13.10.2025/6R/108MEDIA/DSCF0749.JPG,DSCF0749.JPG,6R/108MEDIA,2,Western_Leopard_Toad,0.9390,414.5,339.0,564.6,502.6
/srv/shared_leopard_toad/2025/Documents/06.10-13.10.2025/6R/108MEDIA/DSCF0684.JPG,DSCF0684.JPG,6R/108MEDIA,2,Western_Leopard_Toad,0.9102,412.2,338.2,561.7,501.2
/srv/shared_leopard_toad/2025/Documents/06.10-13.10.2025/6R/108MEDIA/DSCF0546.JPG,DSCF0546.JPG,6R/108MEDIA,2,Western_Leopard_Toad,0.8076,414.1,338.2,563.0,502.7
/srv/shared_leopard_toad/2025/Documents/06.10-13.10.2025/6R/108MEDIA/DSCF0177.JPG,DSCF0177.JPG,6R/108MEDIA,2,Western_Leopard_Toad,0.9219,414.9,332.0,567.5,488.2
/srv/shared_leopard_toad/2025/Documents/06.10-13.10.2025/6R/108MEDIA/DSCF0296.JPG,DSCF0296.JPG,6R/108MEDIA,0,Other_Amphibian,0.8403,559.4,2293.0,663.8,2429.1
/srv/shared_leopard_toad/2025/Documents/06.10-13.10.2025/6R/108MEDIA/DSCF0296.JPG,DSCF0296.JPG,6R/108MEDIA,2,Western_Leopard_Toad,0.2991,559.4,2293.0,663.8,2429.1
/srv/shared_leopard_toad/2025/Documents/06.10-13.10.2025/6R/108MEDIA/DSCF0743.JPG,DSCF0743.JPG,6R/108MEDIA,2,Western_Leopard_Toad,0.8857,409.1,340.0,562.8,500.9
/srv/shared_leopard_toad/2025/Documents/06.10-13.10.2025/6R/108MEDIA/DSCF0046.JPG,DSCF0046.JPG,6R/108MEDIA,2,Western_Leopard_Toad,0.9160,416.6,334.9,565.8,484.6
/srv/shared_leopard_toad/2025/Documents/06.10-13.10.2025/6R/108MEDIA/DSCF0046.JPG,DSCF0046.JPG,6R/108MEDIA,0,Other_Amphibian,0.4766,3569.8,302.3,3753.9,471.4
/srv/shared_leopard_toad/2025/Documents/06.10-13.10.2025/6R/108MEDIA/DSCF0071.JPG,DSCF0071.JPG,6R/108MEDIA,2,Western_Leopard_Toad,0.8989,413.6,334.4,565.6,482.1
/srv/shared_leopard_toad/2025/Documents/06.10-13.10.2025/6R/108MEDIA/DSCF0071.JPG,DSCF0071.JPG,6R/108MEDIA,0,Other_Amphibian,0.2429,3567.6,301.3,3750.9,473.2
/srv/shared_leopard_toad/2025/Documents/06.10-13.10.2025/6R/108MEDIA/DSCF0028.JPG,DSCF0028.JPG,6R/108MEDIA,2,Western_Leopard_Toad,0.9385,412.9,336.4,564.3,487.5
/srv/shared_leopard_toad/2025/Documents/06.10-13.10.2025/6R/108MEDIA/DSCF0028.JPG,DSCF0028.JPG,6R/108MEDIA,0,Other_Amphibian,0.4021,893.0,2719.7,1024.6,2858.7
/srv/shared_leopard_toad/2025/Documents/06.10-13.10.2025/6R/108MEDIA/DSCF0028.JPG,DSCF0028.JPG,6R/108MEDIA,2,Western_Leopard_Toad,0.2717,893.0,2719.7,1024.6,2858.7
/srv/shared_leopard_toad/2025/Documents/06.10-13.10.2025/6R/108MEDIA/DSCF0080.JPG,DSCF0080.JPG,6R/108MEDIA,2,Western_Leopard_Toad,0.9233,414.5,335.3,567.9,488.6
/srv/shared_leopard_toad/2025/Documents/06.10-13.10.2025/6R/108MEDIA/DSCF0080.JPG,DSCF0080.JPG,6R/108MEDIA,0,Other_Amphibian,0.2029,3569.5,298.3,3754.2,472.5
/srv/shared_leopard_toad/2025/Documents/06.10-13.10.2025/6R/108MEDIA/DSCF0694.JPG,DSCF0694.JPG,6R/108MEDIA,2,Western_Leopard_Toad,0.9053,415.3,339.1,563.8,501.8
/srv/shared_leopard_toad/2025/Documents/06.10-13.10.2025/6R/108MEDIA/DSCF0969.JPG,DSCF0969.JPG,6R/108MEDIA,2,Western_Leopard_Toad,0.7178,413.8,338.7,563.3,499.3
/srv/shared_leopard_toad/2025/Documents/06.10-13.10.2025/6R/108MEDIA/DSCF0969.JPG,DSCF0969.JPG,6R/108MEDIA,0,Other_Amphibian,0.2318,3121.7,358.5,3388.3,660.3
/srv/shared_leopard_toad/2025/Documents/06.10-13.10.2025/6R/108MEDIA/DSCF0032.JPG,DSCF0032.JPG,6R/108MEDIA,2,Western_Leopard_Toad,0.9443,411.1,333.6,566.0,484.4
/srv/shared_leopard_toad/2025/Documents/06.10-13.10.2025/6R/108MEDIA/DSCF0598.JPG,DSCF0598.JPG,6R/108MEDIA,2,Western_Leopard_Toad,0.9062,409.6,338.2,564.3,504.2
/srv/shared_leopard_toad/2025/Documents/06.10-13.10.2025/6R/108MEDIA/DSCF0306.JPG,DSCF0306.JPG,6R/108MEDIA,0,Other_Amphibian,0.8638,558.9,2295.7,662.4,2426.4
/srv/shared_leopard_toad/2025/Documents/06.10-13.10.2025/6R/108MEDIA/DSCF0306.JPG,DSCF0306.JPG,6R/108MEDIA,2,Western_Leopard_Toad,0.2573,558.9,2295.7,662.4,2426.4
/srv/shared_leopard_toad/2025/Documents/06.10-13.10.2025/6R/108MEDIA/DSCF0473.JPG,DSCF0473.JPG,6R/108MEDIA,2,Western_Leopard_Toad,0.8359,413.1,338.1,558.8,498.4
/srv/shared_leopard_toad/2025/Documents/06.10-13.10.2025/6R/108MEDIA/DSCF0176.JPG,DSCF0176.JPG,6R/108MEDIA,2,Western_Leopard_Toad,0.9111,418.2,333.1,568.2,487.1
/srv/shared_leopard_toad/2025/Documents/06.10-13.10.2025/6R/108MEDIA/DSCF0932.JPG,DSCF0932.JPG,6R/108MEDIA,2,Western_Leopard_Toad,0.8818,416.1,339.3,563.0,498.7
/srv/shared_leopard_toad/2025/Documents/06.10-13.10.2025/6R/108MEDIA/DSCF0498.JPG,DSCF0498.JPG,6R/108MEDIA,2,Western_Leopard_Toad,0.5293,411.8,339.6,558.8,499.9
/srv/shared_leopard_toad/2025/Documents/06.10-13.10.2025/6R/108MEDIA/DSCF0212.JPG,DSCF0212.JPG,6R/108MEDIA,2,Western_Leopard_Toad,0.8940,411.4,334.6,567.7,487.1
/srv/shared_leopard_toad/2025/Documents/06.10-13.10.2025/6R/108MEDIA/DSCF0928.JPG,DSCF0928.JPG,6R/108MEDIA,2,Western_Leopard_Toad,0.6470,412.7,340.0,564.4,504.6
/srv/shared_leopard_toad/2025/Documents/06.10-13.10.2025/6R/108MEDIA/DSCF0960.JPG,DSCF0960.JPG,6R/108MEDIA,2,Western_Leopard_Toad,0.8384,412.4,340.2,564.7,499.3
/srv/shared_leopard_toad/2025/Documents/06.10-13.10.2025/6R/108MEDIA/DSCF0102.JPG,DSCF0102.JPG,6R/108MEDIA,2,Western_Leopard_Toad,0.9033,415.1,334.9,564.0,489.1
/srv/shared_leopard_toad/2025/Documents/06.10-13.10.2025/6R/108MEDIA/DSCF0102.JPG,DSCF0102.JPG,6R/108MEDIA,0,Other_Amphibian,0.5889,3570.6,299.1,3753.2,472.4
/srv/shared_leopard_toad/2025/Documents/06.10-13.10.2025/6R/108MEDIA/DSCF0770.JPG,DSCF0770.JPG,6R/108MEDIA,2,Western_Leopard_Toad,0.9038,412.1,339.2,565.0,501.7
/srv/shared_leopard_toad/2025/Documents/06.10-13.10.2025/6R/108MEDIA/DSCF0413.JPG,DSCF0413.JPG,6R/108MEDIA,0,Other_Amphibian,0.5156,574.6,2276.8,663.8,2395.1
/srv/shared_leopard_toad/2025/Documents/06.10-13.10.2025/6R/108MEDIA/DSCF0291.JPG,DSCF0291.JPG,6R/108MEDIA,0,Other_Amphibian,0.2937,555.2,2285.0,664.1,2431.1
/srv/shared_leopard_toad/2025/Documents/06.10-13.10.2025/6R/108MEDIA/DSCF0021.JPG,DSCF0021.JPG,6R/108MEDIA,2,Western_Leopard_Toad,0.8784,416.5,335.3,567.9,486.4
/srv/shared_leopard_toad/2025/Documents/06.10-13.10.2025/6R/108MEDIA/DSCF0021.JPG,DSCF0021.JPG,6R/108MEDIA,0,Other_Amphibian,0.2073,3570.2,298.9,3753.5,473.4
/srv/shared_leopard_toad/2025/Documents/06.10-13.10.2025/6R/108MEDIA/DSCF0227.JPG,DSCF0227.JPG,6R/108MEDIA,2,Western_Leopard_Toad,0.9307,411.8,334.5,565.3,488.7
/srv/shared_leopard_toad/2025/Documents/06.10-13.10.2025/6R/108MEDIA/DSCF0054.JPG,DSCF0054.JPG,6R/108MEDIA,2,Western_Leopard_Toad,0.5469,415.5,336.6,565.6,485.1
/srv/shared_leopard_toad/2025/Documents/06.10-13.10.2025/6R/108MEDIA/DSCF0054.JPG,DSCF0054.JPG,6R/108MEDIA,0,Other_Amphibian,0.2384,3569.5,299.8,3754.2,474.6
/srv/shared_leopard_toad/2025/Documents/06.10-13.10.2025/6R/108MEDIA/DSCF0397.JPG,DSCF0397.JPG,6R/108MEDIA,0,Other_Amphibian,0.6650,576.2,2280.5,666.1,2397.2
/srv/shared_leopard_toad/2025/Documents/06.10-13.10.2025/6R/108MEDIA/DSCF0334.JPG,DSCF0334.JPG,6R/108MEDIA,0,Other_Amphibian,0.7212,552.1,2296.7,654.1,2422.3
/srv/shared_leopard_toad/2025/Documents/06.10-13.10.2025/6R/108MEDIA/DSCF0334.JPG,DSCF0334.JPG,6R/108MEDIA,2,Western_Leopard_Toad,0.4924,552.1,2296.7,654.1,2422.3
/srv/shared_leopard_toad/2025/Documents/06.10-13.10.2025/6R/108MEDIA/DSCF0481.JPG,DSCF0481.JPG,6R/108MEDIA,2,Western_Leopard_Toad,0.8672,411.3,336.7,559.3,497.6
/srv/shared_leopard_toad/2025/Documents/06.10-13.10.2025/6R/108MEDIA/DSCF0815.JPG,DSCF0815.JPG,6R/108MEDIA,2,Western_Leopard_Toad,0.7144,412.2,339.0,561.7,502.6
/srv/shared_leopard_toad/2025/Documents/06.10-13.10.2025/6R/108MEDIA/DSCF0300.JPG,DSCF0300.JPG,6R/108MEDIA,0,Other_Amphibian,0.8735,557.6,2293.6,663.6,2425.5
/srv/shared_leopard_toad/2025/Documents/06.10-13.10.2025/6R/108MEDIA/DSCF0696.JPG,DSCF0696.JPG,6R/108MEDIA,2,Western_Leopard_Toad,0.9116,415.0,339.3,564.1,505.3
/srv/shared_leopard_toad/2025/Documents/06.10-13.10.2025/6R/108MEDIA/DSCF0136.JPG,DSCF0136.JPG,6R/108MEDIA,2,Western_Leopard_Toad,0.9253,414.5,336.7,564.6,489.4
/srv/shared_leopard_toad/2025/Documents/06.10-13.10.2025/6R/108MEDIA/DSCF0946.JPG,DSCF0946.JPG,6R/108MEDIA,2,Western_Leopard_Toad,0.9097,417.5,336.4,566.9,501.5
/srv/shared_leopard_toad/2025/Documents/06.10-13.10.2025/6R/108MEDIA/DSCF0569.JPG,DSCF0569.JPG,6R/108MEDIA,2,Western_Leopard_Toad,0.6699,409.2,339.1,562.7,505.4
/srv/shared_leopard_toad/2025/Documents/06.10-13.10.2025/6R/108MEDIA/DSCF0204.JPG,DSCF0204.JPG,6R/108MEDIA,2,Western_Leopard_Toad,0.9214,414.1,334.8,567.0,486.9
/srv/shared_leopard_toad/2025/Documents/06.10-13.10.2025/6R/108MEDIA/DSCF0122.JPG,DSCF0122.JPG,6R/108MEDIA,2,Western_Leopard_Toad,0.8247,414.7,334.6,566.4,485.7
/srv/shared_leopard_toad/2025/Documents/06.10-13.10.2025/6R/108MEDIA/DSCF0733.JPG,DSCF0733.JPG,6R/108MEDIA,2,Western_Leopard_Toad,0.9019,412.4,339.4,564.7,500.0
/srv/shared_leopard_toad/2025/Documents/06.10-13.10.2025/6R/108MEDIA/DSCF0831.JPG,DSCF0831.JPG,6R/108MEDIA,2,Western_Leopard_Toad,0.9233,413.8,340.0,565.3,502.4
/srv/shared_leopard_toad/2025/Documents/06.10-13.10.2025/6R/108MEDIA/DSCF0294.JPG,DSCF0294.JPG,6R/108MEDIA,0,Other_Amphibian,0.6167,554.9,2287.8,666.3,2431.3
/srv/shared_leopard_toad/2025/Documents/06.10-13.10.2025/6R/108MEDIA/DSCF0276.JPG,DSCF0276.JPG,6R/108MEDIA,2,Western_Leopard_Toad,0.9277,414.8,333.2,569.6,488.5
/srv/shared_leopard_toad/2025/Documents/06.10-13.10.2025/6R/108MEDIA/DSCF0415.JPG,DSCF0415.JPG,6R/108MEDIA,0,Other_Amphibian,0.5771,573.9,2276.9,664.5,2395.0
/srv/shared_leopard_toad/2025/Documents/06.10-13.10.2025/6R/108MEDIA/DSCF0771.JPG,DSCF0771.JPG,6R/108MEDIA,2,Western_Leopard_Toad,0.2603,415.4,339.8,563.7,498.1
/srv/shared_leopard_toad/2025/Documents/06.10-13.10.2025/6R/108MEDIA/DSCF0977.JPG,DSCF0977.JPG,6R/108MEDIA,2,Western_Leopard_Toad,0.3008,416.5,339.1,565.9,498.2
/srv/shared_leopard_toad/2025/Documents/06.10-13.10.2025/6R/108MEDIA/DSCF0806.JPG,DSCF0806.JPG,6R/108MEDIA,2,Western_Leopard_Toad,0.6436,412.7,339.7,564.4,504.8
/srv/shared_leopard_toad/2025/Documents/06.10-13.10.2025/6R/108MEDIA/DSCF0142.JPG,DSCF0142.JPG,6R/108MEDIA,2,Western_Leopard_Toad,0.8281,417.2,335.3,565.2,488.6
/srv/shared_leopard_toad/2025/Documents/06.10-13.10.2025/6R/108MEDIA/DSCF0552.JPG,DSCF0552.JPG,6R/108MEDIA,2,Western_Leopard_Toad,0.9360,416.8,338.0,564.3,500.7
/srv/shared_leopard_toad/2025/Documents/06.10-13.10.2025/6R/108MEDIA/DSCF0179.JPG,DSCF0179.JPG,6R/108MEDIA,2,Western_Leopard_Toad,0.8682,416.5,336.3,567.9,489.1
/srv/shared_leopard_toad/2025/Documents/06.10-13.10.2025/6R/108MEDIA/DSCF0575.JPG,DSCF0575.JPG,6R/108MEDIA,2,Western_Leopard_Toad,0.9004,412.1,339.2,559.8,503.1
/srv/shared_leopard_toad/2025/Documents/06.10-13.10.2025/6R/108MEDIA/DSCF0066.JPG,DSCF0066.JPG,6R/108MEDIA,2,Western_Leopard_Toad,0.9219,414.5,335.1,564.6,491.0
/srv/shared_leopard_toad/2025/Documents/06.10-13.10.2025/6R/108MEDIA/DSCF0019.JPG,DSCF0019.JPG,6R/108MEDIA,2,Western_Leopard_Toad,0.8872,411.8,335.7,565.3,486.0
/srv/shared_leopard_toad/2025/Documents/06.10-13.10.2025/6R/108MEDIA/DSCF0019.JPG,DSCF0019.JPG,6R/108MEDIA,0,Other_Amphibian,0.2294,3570.0,298.5,3753.8,472.3
/srv/shared_leopard_toad/2025/Documents/06.10-13.10.2025/6R/108MEDIA/DSCF0034.JPG,DSCF0034.JPG,6R/108MEDIA,2,Western_Leopard_Toad,0.8760,415.4,337.3,565.7,484.5
/srv/shared_leopard_toad/2025/Documents/06.10-13.10.2025/6R/108MEDIA/DSCF0583.JPG,DSCF0583.JPG,6R/108MEDIA,2,Western_Leopard_Toad,0.8984,413.5,336.8,560.4,500.4
/srv/shared_leopard_toad/2025/Documents/06.10-13.10.2025/6R/108MEDIA/DSCF0583.JPG,DSCF0583.JPG,6R/108MEDIA,0,Other_Amphibian,0.2352,413.5,336.8,560.4,500.4
/srv/shared_leopard_toad/2025/Documents/06.10-13.10.2025/6R/108MEDIA/DSCF0005.JPG,DSCF0005.JPG,6R/108MEDIA,2,Western_Leopard_Toad,0.9121,411.5,335.3,567.6,486.4
/srv/shared_leopard_toad/2025/Documents/06.10-13.10.2025/6R/108MEDIA/DSCF0452.JPG,DSCF0452.JPG,6R/108MEDIA,2,Western_Leopard_Toad,0.9292,413.4,337.7,565.7,504.0
/srv/shared_leopard_toad/2025/Documents/06.10-13.10.2025/6R/108MEDIA/DSCF0952.JPG,DSCF0952.JPG,6R/108MEDIA,2,Western_Leopard_Toad,0.9331,414.8,336.7,562.3,499.7
/srv/shared_leopard_toad/2025/Documents/06.10-13.10.2025/6R/108MEDIA/DSCF0172.JPG,DSCF0172.JPG,6R/108MEDIA,2,Western_Leopard_Toad,0.8647,414.5,334.9,566.5,486.8
/srv/shared_leopard_toad/2025/Documents/06.10-13.10.2025/6R/108MEDIA/DSCF0257.JPG,DSCF0257.JPG,6R/108MEDIA,2,Western_Leopard_Toad,0.9258,412.0,335.8,567.2,484.4
/srv/shared_leopard_toad/2025/Documents/06.10-13.10.2025/6R/108MEDIA/DSCF0382.JPG,DSCF0382.JPG,6R/108MEDIA,0,Other_Amphibian,0.5269,573.5,2280.2,664.8,2397.6
/srv/shared_leopard_toad/2025/Documents/06.10-13.10.2025/6R/108MEDIA/DSCF0382.JPG,DSCF0382.JPG,6R/108MEDIA,2,Western_Leopard_Toad,0.3147,573.5,2280.2,664.8,2397.6
/srv/shared_leopard_toad/2025/Documents/06.10-13.10.2025/6R/108MEDIA/DSCF0467.JPG,DSCF0467.JPG,6R/108MEDIA,2,Western_Leopard_Toad,0.8984,412.9,337.6,559.0,504.8
/srv/shared_leopard_toad/2025/Documents/06.10-13.10.2025/6R/108MEDIA/DSCF0162.JPG,DSCF0162.JPG,6R/108MEDIA,2,Western_Leopard_Toad,0.5923,416.2,335.8,566.2,487.4
/srv/shared_leopard_toad/2025/Documents/06.10-13.10.2025/6R/108MEDIA/DSCF0274.JPG,DSCF0274.JPG,6R/108MEDIA,2,Western_Leopard_Toad,0.9209,413.2,334.1,567.9,489.1
/srv/shared_leopard_toad/2025/Documents/06.10-13.10.2025/6R/108MEDIA/DSCF0259.JPG,DSCF0259.JPG,6R/108MEDIA,2,Western_Leopard_Toad,0.8848,410.1,336.9,567.1,489.9
/srv/shared_leopard_toad/2025/Documents/06.10-13.10.2025/6R/108MEDIA/DSCF0259.JPG,DSCF0259.JPG,6R/108MEDIA,0,Other_Amphibian,0.2764,556.0,2288.9,658.7,2409.5
/srv/shared_leopard_toad/2025/Documents/06.10-13.10.2025/6R/108MEDIA/DSCF0797.JPG,DSCF0797.JPG,6R/108MEDIA,2,Western_Leopard_Toad,0.8926,413.2,340.7,564.0,502.4
/srv/shared_leopard_toad/2025/Documents/06.10-13.10.2025/6R/108MEDIA/DSCF0665.JPG,DSCF0665.JPG,6R/108MEDIA,2,Western_Leopard_Toad,0.9399,406.8,338.6,563.8,506.7
/srv/shared_leopard_toad/2025/Documents/06.10-13.10.2025/6R/108MEDIA/DSCF0630.JPG,DSCF0630.JPG,6R/108MEDIA,2,Western_Leopard_Toad,0.9111,417.2,337.6,561.9,503.3
/srv/shared_leopard_toad/2025/Documents/06.10-13.10.2025/6R/108MEDIA/DSCF0776.JPG,DSCF0776.JPG,6R/108MEDIA,2,Western_Leopard_Toad,0.9268,412.3,339.6,564.9,503.5
/srv/shared_leopard_toad/2025/Documents/06.10-13.10.2025/6R/108MEDIA/DSCF0957.JPG,DSCF0957.JPG,6R/108MEDIA,2,Western_Leopard_Toad,0.6050,410.6,341.1,561.3,503.5
/srv/shared_leopard_toad/2025/Documents/06.10-13.10.2025/6R/108MEDIA/DSCF0557.JPG,DSCF0557.JPG,6R/108MEDIA,2,Western_Leopard_Toad,0.9160,413.6,336.9,562.2,501.8
/srv/shared_leopard_toad/2025/Documents/06.10-13.10.2025/6R/108MEDIA/DSCF0766.JPG,DSCF0766.JPG,6R/108MEDIA,2,Western_Leopard_Toad,0.6792,411.5,340.0,562.4,496.5
/srv/shared_leopard_toad/2025/Documents/06.10-13.10.2025/6R/108MEDIA/DSCF0496.JPG,DSCF0496.JPG,6R/108MEDIA,2,Western_Leopard_Toad,0.3066,410.8,339.7,561.1,504.8
/srv/shared_leopard_toad/2025/Documents/06.10-13.10.2025/6R/108MEDIA/DSCF0035.JPG,DSCF0035.JPG,6R/108MEDIA,2,Western_Leopard_Toad,0.9038,414.1,336.9,568.4,488.5
/srv/shared_leopard_toad/2025/Documents/06.10-13.10.2025/6R/108MEDIA/DSCF0035.JPG,DSCF0035.JPG,6R/108MEDIA,0,Other_Amphibian,0.4563,3570.2,302.6,3753.5,473.3
/srv/shared_leopard_toad/2025/Documents/06.10-13.10.2025/6R/108MEDIA/DSCF0995.JPG,DSCF0995.JPG,6R/108MEDIA,2,Western_Leopard_Toad,0.3943,411.7,339.1,565.4,507.0
/srv/shared_leopard_toad/2025/Documents/06.10-13.10.2025/6R/108MEDIA/DSCF0269.JPG,DSCF0269.JPG,6R/108MEDIA,2,Western_Leopard_Toad,0.9365,415.0,333.0,567.4,491.0
/srv/shared_leopard_toad/2025/Documents/06.10-13.10.2025/6R/108MEDIA/DSCF0434.JPG,DSCF0434.JPG,6R/108MEDIA,0,Other_Amphibian,0.2683,5208.0,-3.1,5376.0,111.1
/srv/shared_leopard_toad/2025/Documents/06.10-13.10.2025/6R/108MEDIA/DSCF0159.JPG,DSCF0159.JPG,6R/108MEDIA,2,Western_Leopard_Toad,0.6611,413.1,337.3,566.0,484.5
/srv/shared_leopard_toad/2025/Documents/06.10-13.10.2025/6R/108MEDIA/DSCF0313.JPG,DSCF0313.JPG,6R/108MEDIA,0,Other_Amphibian,0.8750,555.1,2294.9,657.6,2421.2
/srv/shared_leopard_toad/2025/Documents/06.10-13.10.2025/6R/108MEDIA/DSCF0297.JPG,DSCF0297.JPG,6R/108MEDIA,0,Other_Amphibian,0.8618,558.6,2293.8,662.6,2425.3
/srv/shared_leopard_toad/2025/Documents/06.10-13.10.2025/6R/108MEDIA/DSCF0719.JPG,DSCF0719.JPG,6R/108MEDIA,2,Western_Leopard_Toad,0.7026,410.6,341.3,563.2,499.6
/srv/shared_leopard_toad/2025/Documents/06.10-13.10.2025/6R/108MEDIA/DSCF0424.JPG,DSCF0424.JPG,6R/108MEDIA,0,Other_Amphibian,0.5537,573.2,2280.0,665.2,2397.8
/srv/shared_leopard_toad/2025/Documents/06.10-13.10.2025/6R/108MEDIA/DSCF0170.JPG,DSCF0170.JPG,6R/108MEDIA,2,Western_Leopard_Toad,0.9365,414.5,333.9,566.5,481.9
/srv/shared_leopard_toad/2025/Documents/06.10-13.10.2025/6R/108MEDIA/DSCF0352.JPG,DSCF0352.JPG,6R/108MEDIA,0,Other_Amphibian,0.7866,553.1,2297.2,655.7,2418.9
/srv/shared_leopard_toad/2025/Documents/06.10-13.10.2025/6R/108MEDIA/DSCF0352.JPG,DSCF0352.JPG,6R/108MEDIA,2,Western_Leopard_Toad,0.4211,553.1,2297.2,655.7,2418.9
/srv/shared_leopard_toad/2025/Documents/06.10-13.10.2025/6R/108MEDIA/DSCF0628.JPG,DSCF0628.JPG,6R/108MEDIA,2,Western_Leopard_Toad,0.8169,414.1,336.8,559.8,498.9
/srv/shared_leopard_toad/2025/Documents/06.10-13.10.2025/6R/108MEDIA/DSCF0793.JPG,DSCF0793.JPG,6R/108MEDIA,2,Western_Leopard_Toad,0.9160,410.5,340.3,568.6,504.2
/srv/shared_leopard_toad/2025/Documents/06.10-13.10.2025/6R/108MEDIA/DSCF0793.JPG,DSCF0793.JPG,6R/108MEDIA,2,Western_Leopard_Toad,0.8159,409.8,339.1,567.4,503.3
/srv/shared_leopard_toad/2025/Documents/06.10-13.10.2025/6R/108MEDIA/DSCF0879.JPG,DSCF0879.JPG,6R/108MEDIA,2,Western_Leopard_Toad,0.8257,415.4,339.7,568.9,505.7
/srv/shared_leopard_toad/2025/Documents/06.10-13.10.2025/6R/108MEDIA/DSCF0879.JPG,DSCF0879.JPG,6R/108MEDIA,2,Western_Leopard_Toad,0.7559,414.9,338.3,567.5,504.1
/srv/shared_leopard_toad/2025/Documents/06.10-13.10.2025/6R/108MEDIA/DSCF0859.JPG,DSCF0859.JPG,6R/108MEDIA,2,Western_Leopard_Toad,0.8960,419.6,338.9,564.8,496.9
/srv/shared_leopard_toad/2025/Documents/06.10-13.10.2025/6R/108MEDIA/DSCF0547.JPG,DSCF0547.JPG,6R/108MEDIA,2,Western_Leopard_Toad,0.9380,415.4,337.0,563.7,502.4
/srv/shared_leopard_toad/2025/Documents/06.10-13.10.2025/6R/108MEDIA/DSCF0161.JPG,DSCF0161.JPG,6R/108MEDIA,2,Western_Leopard_Toad,0.8833,412.1,332.9,567.0,488.8
/srv/shared_leopard_toad/2025/Documents/06.10-13.10.2025/6R/108MEDIA/DSCF0321.JPG,DSCF0321.JPG,6R/108MEDIA,0,Other_Amphibian,0.8247,557.0,2297.5,659.7,2424.6
/srv/shared_leopard_toad/2025/Documents/06.10-13.10.2025/6R/108MEDIA/DSCF0321.JPG,DSCF0321.JPG,6R/108MEDIA,2,Western_Leopard_Toad,0.3843,557.0,2297.5,659.7,2424.6
/srv/shared_leopard_toad/2025/Documents/06.10-13.10.2025/6R/108MEDIA/DSCF0919.JPG,DSCF0919.JPG,6R/108MEDIA,2,Western_Leopard_Toad,0.8091,414.1,339.8,561.8,501.1
/srv/shared_leopard_toad/2025/Documents/06.10-13.10.2025/6R/108MEDIA/DSCF0002.JPG,DSCF0002.JPG,6R/108MEDIA,2,Western_Leopard_Toad,0.8130,415.8,335.6,565.3,486.1
/srv/shared_leopard_toad/2025/Documents/06.10-13.10.2025/6R/108MEDIA/DSCF0845.JPG,DSCF0845.JPG,6R/108MEDIA,2,Western_Leopard_Toad,0.9434,415.7,338.4,565.4,499.6
/srv/shared_leopard_toad/2025/Documents/06.10-13.10.2025/6R/108MEDIA/DSCF0751.JPG,DSCF0751.JPG,6R/108MEDIA,2,Western_Leopard_Toad,0.6392,409.8,341.3,564.1,495.2
/srv/shared_leopard_toad/2025/Documents/06.10-13.10.2025/6R/108MEDIA/DSCF0578.JPG,DSCF0578.JPG,6R/108MEDIA,2,Western_Leopard_Toad,0.3167,416.1,337.9,561.1,496.4
/srv/shared_leopard_toad/2025/Documents/06.10-13.10.2025/6R/108MEDIA/DSCF0847.JPG,DSCF0847.JPG,6R/108MEDIA,2,Western_Leopard_Toad,0.6099,408.5,340.6,563.4,498.8
/srv/shared_leopard_toad/2025/Documents/06.10-13.10.2025/6R/108MEDIA/DSCF0803.JPG,DSCF0803.JPG,6R/108MEDIA,2,Western_Leopard_Toad,0.3579,411.7,341.1,565.4,503.5
/srv/shared_leopard_toad/2025/Documents/06.10-13.10.2025/6R/108MEDIA/DSCF0585.JPG,DSCF0585.JPG,6R/108MEDIA,2,Western_Leopard_Toad,0.8242,411.8,338.2,562.1,502.7
/srv/shared_leopard_toad/2025/Documents/06.10-13.10.2025/6R/108MEDIA/DSCF0585.JPG,DSCF0585.JPG,6R/108MEDIA,0,Other_Amphibian,0.2012,411.8,338.2,562.1,502.7
/srv/shared_leopard_toad/2025/Documents/06.10-13.10.2025/6R/108MEDIA/DSCF0228.JPG,DSCF0228.JPG,6R/108MEDIA,2,Western_Leopard_Toad,0.9121,414.1,337.4,567.0,490.2
/srv/shared_leopard_toad/2025/Documents/06.10-13.10.2025/6R/108MEDIA/DSCF0253.JPG,DSCF0253.JPG,6R/108MEDIA,2,Western_Leopard_Toad,0.8755,413.8,335.6,565.3,494.2
/srv/shared_leopard_toad/2025/Documents/06.10-13.10.2025/6R/108MEDIA/DSCF0218.JPG,DSCF0218.JPG,6R/108MEDIA,2,Western_Leopard_Toad,0.9204,413.2,337.2,567.9,488.2
/srv/shared_leopard_toad/2025/Documents/06.10-13.10.2025/6R/108MEDIA/DSCF0218.JPG,DSCF0218.JPG,6R/108MEDIA,0,Other_Amphibian,0.2197,554.0,2289.7,654.9,2414.6
/srv/shared_leopard_toad/2025/Documents/06.10-13.10.2025/6R/108MEDIA/DSCF0435.JPG,DSCF0435.JPG,6R/108MEDIA,0,Other_Amphibian,0.2184,574.6,2283.9,663.8,2396.8
/srv/shared_leopard_toad/2025/Documents/06.10-13.10.2025/6R/108MEDIA/DSCF0819.JPG,DSCF0819.JPG,6R/108MEDIA,2,Western_Leopard_Toad,0.9224,402.8,338.2,565.9,504.2
/srv/shared_leopard_toad/2025/Documents/06.10-13.10.2025/6R/108MEDIA/DSCF0680.JPG,DSCF0680.JPG,6R/108MEDIA,2,Western_Leopard_Toad,0.7412,405.9,339.6,560.8,507.2
/srv/shared_leopard_toad/2025/Documents/06.10-13.10.2025/6R/108MEDIA/DSCF0680.JPG,DSCF0680.JPG,6R/108MEDIA,2,Western_Leopard_Toad,0.7246,404.6,341.1,564.0,508.7
/srv/shared_leopard_toad/2025/Documents/06.10-13.10.2025/6R/108MEDIA/DSCF0260.JPG,DSCF0260.JPG,6R/108MEDIA,2,Western_Leopard_Toad,0.9390,414.3,333.7,568.1,488.0
/srv/shared_leopard_toad/2025/Documents/06.10-13.10.2025/6R/108MEDIA/DSCF0115.JPG,DSCF0115.JPG,6R/108MEDIA,0,Other_Amphibian,0.3921,3574.0,297.1,3755.0,472.2
/srv/shared_leopard_toad/2025/Documents/06.10-13.10.2025/6R/108MEDIA/DSCF0115.JPG,DSCF0115.JPG,6R/108MEDIA,2,Western_Leopard_Toad,0.3125,415.0,337.8,567.4,483.9
/srv/shared_leopard_toad/2025/Documents/06.10-13.10.2025/6R/108MEDIA/DSCF0462.JPG,DSCF0462.JPG,6R/108MEDIA,2,Western_Leopard_Toad,0.9419,416.0,337.8,563.1,501.7
/srv/shared_leopard_toad/2025/Documents/06.10-13.10.2025/6R/108MEDIA/DSCF0037.JPG,DSCF0037.JPG,6R/108MEDIA,2,Western_Leopard_Toad,0.8452,415.0,335.9,566.1,483.6
/srv/shared_leopard_toad/2025/Documents/06.10-13.10.2025/6R/108MEDIA/DSCF0037.JPG,DSCF0037.JPG,6R/108MEDIA,0,Other_Amphibian,0.3857,3570.0,300.5,3753.8,471.8
/srv/shared_leopard_toad/2025/Documents/06.10-13.10.2025/6R/108MEDIA/DSCF0056.JPG,DSCF0056.JPG,6R/108MEDIA,2,Western_Leopard_Toad,0.7480,414.7,338.1,566.4,485.8
/srv/shared_leopard_toad/2025/Documents/06.10-13.10.2025/6R/108MEDIA/DSCF0522.JPG,DSCF0522.JPG,6R/108MEDIA,2,Western_Leopard_Toad,0.7354,415.6,338.1,560.3,496.1
/srv/shared_leopard_toad/2025/Documents/06.10-13.10.2025/6R/108MEDIA/DSCF0641.JPG,DSCF0641.JPG,6R/108MEDIA,2,Western_Leopard_Toad,0.6152,415.9,337.9,560.0,505.2
/srv/shared_leopard_toad/2025/Documents/06.10-13.10.2025/6R/108MEDIA/DSCF0624.JPG,DSCF0624.JPG,6R/108MEDIA,2,Western_Leopard_Toad,0.9424,418.0,338.1,566.3,503.5
/srv/shared_leopard_toad/2025/Documents/06.10-13.10.2025/6R/108MEDIA/DSCF0561.JPG,DSCF0561.JPG,6R/108MEDIA,2,Western_Leopard_Toad,0.6782,411.5,338.8,560.4,500.6
/srv/shared_leopard_toad/2025/Documents/06.10-13.10.2025/6R/108MEDIA/DSCF0616.JPG,DSCF0616.JPG,6R/108MEDIA,2,Western_Leopard_Toad,0.9229,413.8,338.7,562.1,497.8
/srv/shared_leopard_toad/2025/Documents/06.10-13.10.2025/6R/108MEDIA/DSCF0829.JPG,DSCF0829.JPG,6R/108MEDIA,2,Western_Leopard_Toad,0.8989,414.4,339.2,562.7,502.4
/srv/shared_leopard_toad/2025/Documents/06.10-13.10.2025/6R/108MEDIA/DSCF0137.JPG,DSCF0137.JPG,6R/108MEDIA,2,Western_Leopard_Toad,0.7085,411.6,336.4,564.2,487.5
/srv/shared_leopard_toad/2025/Documents/06.10-13.10.2025/6R/108MEDIA/DSCF0069.JPG,DSCF0069.JPG,6R/108MEDIA,2,Western_Leopard_Toad,0.7495,415.8,335.7,566.6,484.5
/srv/shared_leopard_toad/2025/Documents/06.10-13.10.2025/6R/108MEDIA/DSCF0069.JPG,DSCF0069.JPG,6R/108MEDIA,0,Other_Amphibian,0.5562,3573.0,301.8,3756.0,471.9
/srv/shared_leopard_toad/2025/Documents/06.10-13.10.2025/6R/108MEDIA/DSCF0484.JPG,DSCF0484.JPG,6R/108MEDIA,2,Western_Leopard_Toad,0.9331,411.4,337.6,560.5,496.7
/srv/shared_leopard_toad/2025/Documents/06.10-13.10.2025/6R/108MEDIA/DSCF0471.JPG,DSCF0471.JPG,6R/108MEDIA,2,Western_Leopard_Toad,0.5981,413.1,339.1,560.8,500.3
/srv/shared_leopard_toad/2025/Documents/06.10-13.10.2025/6R/108MEDIA/DSCF0609.JPG,DSCF0609.JPG,6R/108MEDIA,2,Western_Leopard_Toad,0.9224,414.6,338.2,562.6,504.2
/srv/shared_leopard_toad/2025/Documents/06.10-13.10.2025/6R/108MEDIA/DSCF0239.JPG,DSCF0239.JPG,6R/108MEDIA,2,Western_Leopard_Toad,0.9263,410.2,334.5,566.9,488.7
/srv/shared_leopard_toad/2025/Documents/06.10-13.10.2025/6R/108MEDIA/DSCF0329.JPG,DSCF0329.JPG,6R/108MEDIA,0,Other_Amphibian,0.6816,553.5,2296.7,655.3,2422.3
/srv/shared_leopard_toad/2025/Documents/06.10-13.10.2025/6R/108MEDIA/DSCF0329.JPG,DSCF0329.JPG,6R/108MEDIA,2,Western_Leopard_Toad,0.5474,553.5,2296.7,655.3,2422.3
/srv/shared_leopard_toad/2025/Documents/06.10-13.10.2025/6R/108MEDIA/DSCF0129.JPG,DSCF0129.JPG,6R/108MEDIA,2,Western_Leopard_Toad,0.8984,414.7,335.2,566.4,484.3
/srv/shared_leopard_toad/2025/Documents/06.10-13.10.2025/6R/108MEDIA/DSCF0147.JPG,DSCF0147.JPG,6R/108MEDIA,2,Western_Leopard_Toad,0.8394,414.7,337.2,564.4,491.1
/srv/shared_leopard_toad/2025/Documents/06.10-13.10.2025/6R/108MEDIA/DSCF0882.JPG,DSCF0882.JPG,6R/108MEDIA,2,Western_Leopard_Toad,0.7310,411.3,339.1,564.5,500.3
/srv/shared_leopard_toad/2025/Documents/06.10-13.10.2025/6R/108MEDIA/DSCF0261.JPG,DSCF0261.JPG,6R/108MEDIA,2,Western_Leopard_Toad,0.9272,413.8,332.7,567.3,489.0
/srv/shared_leopard_toad/2025/Documents/06.10-13.10.2025/6R/108MEDIA/DSCF0062.JPG,DSCF0062.JPG,6R/108MEDIA,2,Western_Leopard_Toad,0.8853,414.5,335.0,566.5,485.2
/srv/shared_leopard_toad/2025/Documents/06.10-13.10.2025/6R/108MEDIA/DSCF0326.JPG,DSCF0326.JPG,6R/108MEDIA,0,Other_Amphibian,0.7949,554.8,2299.3,656.0,2422.8
/srv/shared_leopard_toad/2025/Documents/06.10-13.10.2025/6R/108MEDIA/DSCF0326.JPG,DSCF0326.JPG,6R/108MEDIA,2,Western_Leopard_Toad,0.4399,554.8,2299.3,656.0,2422.8
/srv/shared_leopard_toad/2025/Documents/06.10-13.10.2025/6R/108MEDIA/DSCF0809.JPG,DSCF0809.JPG,6R/108MEDIA,2,Western_Leopard_Toad,0.5791,415.7,342.1,563.4,503.9
/srv/shared_leopard_toad/2025/Documents/06.10-13.10.2025/6R/108MEDIA/DSCF0975.JPG,DSCF0975.JPG,6R/108MEDIA,2,Western_Leopard_Toad,0.8179,413.4,339.6,562.5,501.3
/srv/shared_leopard_toad/2025/Documents/06.10-13.10.2025/6R/108MEDIA/DSCF0796.JPG,DSCF0796.JPG,6R/108MEDIA,2,Western_Leopard_Toad,0.8745,414.0,339.6,565.1,499.9
/srv/shared_leopard_toad/2025/Documents/06.10-13.10.2025/6R/108MEDIA/DSCF0495.JPG,DSCF0495.JPG,6R/108MEDIA,2,Western_Leopard_Toad,0.8257,410.8,339.1,561.1,505.4
/srv/shared_leopard_toad/2025/Documents/06.10-13.10.2025/6R/108MEDIA/DSCF0590.JPG,DSCF0590.JPG,6R/108MEDIA,2,Western_Leopard_Toad,0.9194,406.6,337.0,560.1,500.9
/srv/shared_leopard_toad/2025/Documents/06.10-13.10.2025/6R/108MEDIA/DSCF0934.JPG,DSCF0934.JPG,6R/108MEDIA,2,Western_Leopard_Toad,0.2771,392.6,342.0,564.2,501.1
/srv/shared_leopard_toad/2025/Documents/06.10-13.10.2025/6R/108MEDIA/DSCF0175.JPG,DSCF0175.JPG,6R/108MEDIA,2,Western_Leopard_Toad,0.7383,412.9,337.1,564.3,486.8
/srv/shared_leopard_toad/2025/Documents/06.10-13.10.2025/6R/108MEDIA/DSCF0951.JPG,DSCF0951.JPG,6R/108MEDIA,2,Western_Leopard_Toad,0.8721,414.6,340.3,562.6,506.6
/srv/shared_leopard_toad/2025/Documents/06.10-13.10.2025/6R/108MEDIA/DSCF0647.JPG,DSCF0647.JPG,6R/108MEDIA,2,Western_Leopard_Toad,0.8750,411.1,340.3,560.8,504.2
/srv/shared_leopard_toad/2025/Documents/06.10-13.10.2025/6R/108MEDIA/DSCF0573.JPG,DSCF0573.JPG,6R/108MEDIA,2,Western_Leopard_Toad,0.8931,410.6,338.4,561.3,504.7
/srv/shared_leopard_toad/2025/Documents/06.10-13.10.2025/6R/108MEDIA/DSCF0914.JPG,DSCF0914.JPG,6R/108MEDIA,2,Western_Leopard_Toad,0.7891,413.0,340.4,564.1,501.9
/srv/shared_leopard_toad/2025/Documents/06.10-13.10.2025/6R/108MEDIA/DSCF0914.JPG,DSCF0914.JPG,6R/108MEDIA,0,Other_Amphibian,0.2108,3120.5,357.8,3389.5,667.7
/srv/shared_leopard_toad/2025/Documents/06.10-13.10.2025/6R/108MEDIA/DSCF0332.JPG,DSCF0332.JPG,6R/108MEDIA,0,Other_Amphibian,0.6948,555.4,2298.0,655.3,2421.1
/srv/shared_leopard_toad/2025/Documents/06.10-13.10.2025/6R/108MEDIA/DSCF0332.JPG,DSCF0332.JPG,6R/108MEDIA,2,Western_Leopard_Toad,0.5317,555.4,2298.0,655.3,2421.1
/srv/shared_leopard_toad/2025/Documents/06.10-13.10.2025/6R/108MEDIA/DSCF0203.JPG,DSCF0203.JPG,6R/108MEDIA,2,Western_Leopard_Toad,0.9004,412.2,334.5,566.9,487.2
/srv/shared_leopard_toad/2025/Documents/06.10-13.10.2025/6R/108MEDIA/DSCF0103.JPG,DSCF0103.JPG,6R/108MEDIA,2,Western_Leopard_Toad,0.8311,417.0,334.6,567.3,487.1
/srv/shared_leopard_toad/2025/Documents/06.10-13.10.2025/6R/108MEDIA/DSCF0103.JPG,DSCF0103.JPG,6R/108MEDIA,0,Other_Amphibian,0.6533,3570.4,301.0,3753.3,472.7
/srv/shared_leopard_toad/2025/Documents/06.10-13.10.2025/6R/108MEDIA/DSCF0388.JPG,DSCF0388.JPG,6R/108MEDIA,0,Other_Amphibian,0.6670,575.2,2278.6,667.1,2399.1
/srv/shared_leopard_toad/2025/Documents/06.10-13.10.2025/6R/108MEDIA/DSCF0388.JPG,DSCF0388.JPG,6R/108MEDIA,2,Western_Leopard_Toad,0.2749,575.2,2278.6,667.1,2399.1
/srv/shared_leopard_toad/2025/Documents/06.10-13.10.2025/6R/108MEDIA/DSCF0920.JPG,DSCF0920.JPG,6R/108MEDIA,2,Western_Leopard_Toad,0.3108,410.8,340.3,565.1,502.1
/srv/shared_leopard_toad/2025/Documents/06.10-13.10.2025/6R/108MEDIA/DSCF0039.JPG,DSCF0039.JPG,6R/108MEDIA,2,Western_Leopard_Toad,0.8994,413.8,335.7,565.3,486.0
/srv/shared_leopard_toad/2025/Documents/06.10-13.10.2025/6R/108MEDIA/DSCF0968.JPG,DSCF0968.JPG,6R/108MEDIA,2,Western_Leopard_Toad,0.4392,412.2,341.5,563.6,499.4
/srv/shared_leopard_toad/2025/Documents/06.10-13.10.2025/6R/108MEDIA/DSCF0070.JPG,DSCF0070.JPG,6R/108MEDIA,2,Western_Leopard_Toad,0.9346,414.3,334.3,566.8,487.4
/srv/shared_leopard_toad/2025/Documents/06.10-13.10.2025/6R/108MEDIA/DSCF0092.JPG,DSCF0092.JPG,6R/108MEDIA,2,Western_Leopard_Toad,0.8862,415.0,334.5,566.1,484.2
/srv/shared_leopard_toad/2025/Documents/06.10-13.10.2025/6R/108MEDIA/DSCF0092.JPG,DSCF0092.JPG,6R/108MEDIA,0,Other_Amphibian,0.6738,3572.6,295.5,3756.4,472.3
/srv/shared_leopard_toad/2025/Documents/06.10-13.10.2025/6R/108MEDIA/DSCF0100.JPG,DSCF0100.JPG,6R/108MEDIA,2,Western_Leopard_Toad,0.9092,413.7,337.0,565.4,484.7
/srv/shared_leopard_toad/2025/Documents/06.10-13.10.2025/6R/108MEDIA/DSCF0100.JPG,DSCF0100.JPG,6R/108MEDIA,0,Other_Amphibian,0.4270,3571.6,301.0,3752.2,472.7
/srv/shared_leopard_toad/2025/Documents/06.10-13.10.2025/6R/108MEDIA/DSCF0401.JPG,DSCF0401.JPG,6R/108MEDIA,0,Other_Amphibian,0.5542,574.0,2277.2,666.3,2394.6
/srv/shared_leopard_toad/2025/Documents/06.10-13.10.2025/6R/108MEDIA/DSCF0401.JPG,DSCF0401.JPG,6R/108MEDIA,2,Western_Leopard_Toad,0.2607,574.0,2277.2,666.3,2394.6
/srv/shared_leopard_toad/2025/Documents/06.10-13.10.2025/6R/108MEDIA/DSCF0948.JPG,DSCF0948.JPG,6R/108MEDIA,2,Western_Leopard_Toad,0.6680,413.4,340.0,562.5,506.0
/srv/shared_leopard_toad/2025/Documents/06.10-13.10.2025/6R/108MEDIA/DSCF0973.JPG,DSCF0973.JPG,6R/108MEDIA,2,Western_Leopard_Toad,0.5767,415.7,339.0,563.4,500.5
/srv/shared_leopard_toad/2025/Documents/06.10-13.10.2025/6R/108MEDIA/DSCF0599.JPG,DSCF0599.JPG,6R/108MEDIA,2,Western_Leopard_Toad,0.8467,413.4,338.8,562.5,505.8
/srv/shared_leopard_toad/2025/Documents/06.10-13.10.2025/6R/108MEDIA/DSCF0491.JPG,DSCF0491.JPG,6R/108MEDIA,2,Western_Leopard_Toad,0.8726,415.7,338.8,560.1,503.6
/srv/shared_leopard_toad/2025/Documents/06.10-13.10.2025/6R/108MEDIA/DSCF0600.JPG,DSCF0600.JPG,6R/108MEDIA,2,Western_Leopard_Toad,0.8984,414.6,337.0,561.2,495.8
/srv/shared_leopard_toad/2025/Documents/06.10-13.10.2025/6R/108MEDIA/DSCF0600.JPG,DSCF0600.JPG,6R/108MEDIA,0,Other_Amphibian,0.2937,414.6,337.0,561.2,495.8
/srv/shared_leopard_toad/2025/Documents/06.10-13.10.2025/6R/108MEDIA/DSCF0984.JPG,DSCF0984.JPG,6R/108MEDIA,2,Western_Leopard_Toad,0.8818,410.6,340.8,565.2,503.8
/srv/shared_leopard_toad/2025/Documents/06.10-13.10.2025/6R/108MEDIA/DSCF0042.JPG,DSCF0042.JPG,6R/108MEDIA,2,Western_Leopard_Toad,0.9062,417.5,334.9,566.9,486.8
/srv/shared_leopard_toad/2025/Documents/06.10-13.10.2025/6R/108MEDIA/DSCF0921.JPG,DSCF0921.JPG,6R/108MEDIA,2,Western_Leopard_Toad,0.6377,411.0,340.8,566.2,503.8
/srv/shared_leopard_toad/2025/Documents/06.10-13.10.2025/6R/108MEDIA/DSCF0529.JPG,DSCF0529.JPG,6R/108MEDIA,2,Western_Leopard_Toad,0.8433,411.0,338.8,559.6,500.6
/srv/shared_leopard_toad/2025/Documents/06.10-13.10.2025/6R/108MEDIA/DSCF0010.JPG,DSCF0010.JPG,6R/108MEDIA,2,Western_Leopard_Toad,0.7310,418.0,336.8,566.3,483.4
/srv/shared_leopard_toad/2025/Documents/06.10-13.10.2025/6R/108MEDIA/DSCF0835.JPG,DSCF0835.JPG,6R/108MEDIA,2,Western_Leopard_Toad,0.9189,416.4,338.5,564.7,500.9
/srv/shared_leopard_toad/2025/Documents/06.10-13.10.2025/6R/108MEDIA/DSCF0348.JPG,DSCF0348.JPG,6R/108MEDIA,0,Other_Amphibian,0.6982,553.5,2295.5,655.3,2420.6
/srv/shared_leopard_toad/2025/Documents/06.10-13.10.2025/6R/108MEDIA/DSCF0348.JPG,DSCF0348.JPG,6R/108MEDIA,2,Western_Leopard_Toad,0.5405,553.5,2295.5,655.3,2420.6
/srv/shared_leopard_toad/2025/Documents/06.10-13.10.2025/6R/108MEDIA/DSCF0078.JPG,DSCF0078.JPG,6R/108MEDIA,0,Other_Amphibian,0.4492,3571.7,300.7,3752.0,473.0
/srv/shared_leopard_toad/2025/Documents/06.10-13.10.2025/6R/108MEDIA/DSCF0078.JPG,DSCF0078.JPG,6R/108MEDIA,2,Western_Leopard_Toad,0.3657,412.2,336.6,566.9,487.4
/srv/shared_leopard_toad/2025/Documents/06.10-13.10.2025/6R/108MEDIA/DSCF0244.JPG,DSCF0244.JPG,6R/108MEDIA,2,Western_Leopard_Toad,0.9355,414.5,335.6,566.5,486.1
/srv/shared_leopard_toad/2025/Documents/06.10-13.10.2025/6R/108MEDIA/DSCF0217.JPG,DSCF0217.JPG,6R/108MEDIA,2,Western_Leopard_Toad,0.9326,413.5,335.0,567.6,486.7
/srv/shared_leopard_toad/2025/Documents/06.10-13.10.2025/6R/108MEDIA/DSCF0242.JPG,DSCF0242.JPG,6R/108MEDIA,2,Western_Leopard_Toad,0.6255,412.5,336.8,566.6,491.6
/srv/shared_leopard_toad/2025/Documents/06.10-13.10.2025/6R/108MEDIA/DSCF0156.JPG,DSCF0156.JPG,6R/108MEDIA,2,Western_Leopard_Toad,0.8853,414.4,338.2,562.7,488.7
/srv/shared_leopard_toad/2025/Documents/06.10-13.10.2025/6R/108MEDIA/DSCF0094.JPG,DSCF0094.JPG,6R/108MEDIA,2,Western_Leopard_Toad,0.7676,412.1,337.3,567.0,486.7
/srv/shared_leopard_toad/2025/Documents/06.10-13.10.2025/6R/108MEDIA/DSCF0094.JPG,DSCF0094.JPG,6R/108MEDIA,0,Other_Amphibian,0.4158,3573.0,299.8,3756.0,474.6
/srv/shared_leopard_toad/2025/Documents/06.10-13.10.2025/6R/108MEDIA/DSCF0190.JPG,DSCF0190.JPG,6R/108MEDIA,2,Western_Leopard_Toad,0.7690,415.8,336.7,565.3,485.0
/srv/shared_leopard_toad/2025/Documents/06.10-13.10.2025/6R/108MEDIA/DSCF0383.JPG,DSCF0383.JPG,6R/108MEDIA,0,Other_Amphibian,0.4492,574.7,2280.5,665.6,2397.2
/srv/shared_leopard_toad/2025/Documents/06.10-13.10.2025/6R/108MEDIA/DSCF0383.JPG,DSCF0383.JPG,6R/108MEDIA,2,Western_Leopard_Toad,0.2646,574.7,2280.5,665.6,2397.2
/srv/shared_leopard_toad/2025/Documents/06.10-13.10.2025/6R/108MEDIA/DSCF0047.JPG,DSCF0047.JPG,6R/108MEDIA,2,Western_Leopard_Toad,0.9277,415.1,337.3,566.0,484.5
/srv/shared_leopard_toad/2025/Documents/06.10-13.10.2025/6R/108MEDIA/DSCF0213.JPG,DSCF0213.JPG,6R/108MEDIA,2,Western_Leopard_Toad,0.8125,418.8,336.4,568.8,485.3
/srv/shared_leopard_toad/2025/Documents/06.10-13.10.2025/6R/108MEDIA/DSCF0935.JPG,DSCF0935.JPG,6R/108MEDIA,2,Western_Leopard_Toad,0.8369,417.3,340.2,565.1,500.7
/srv/shared_leopard_toad/2025/Documents/06.10-13.10.2025/6R/108MEDIA/DSCF0631.JPG,DSCF0631.JPG,6R/108MEDIA,2,Western_Leopard_Toad,0.8530,409.0,338.8,561.6,502.1
/srv/shared_leopard_toad/2025/Documents/06.10-13.10.2025/6R/108MEDIA/DSCF0055.JPG,DSCF0055.JPG,6R/108MEDIA,2,Western_Leopard_Toad,0.9209,415.4,334.9,567.0,486.8
/srv/shared_leopard_toad/2025/Documents/06.10-13.10.2025/6R/108MEDIA/DSCF0055.JPG,DSCF0055.JPG,6R/108MEDIA,0,Other_Amphibian,0.2639,3569.0,302.1,3754.7,471.6
/srv/shared_leopard_toad/2025/Documents/06.10-13.10.2025/6R/108MEDIA/DSCF0400.JPG,DSCF0400.JPG,6R/108MEDIA,0,Other_Amphibian,0.5537,576.2,2277.1,666.1,2394.8
/srv/shared_leopard_toad/2025/Documents/06.10-13.10.2025/6R/108MEDIA/DSCF0400.JPG,DSCF0400.JPG,6R/108MEDIA,2,Western_Leopard_Toad,0.2820,576.2,2277.1,666.1,2394.8
/srv/shared_leopard_toad/2025/Documents/06.10-13.10.2025/6R/108MEDIA/DSCF0926.JPG,DSCF0926.JPG,6R/108MEDIA,2,Western_Leopard_Toad,0.9248,414.1,339.8,567.0,502.5
/srv/shared_leopard_toad/2025/Documents/06.10-13.10.2025/6R/108MEDIA/DSCF0606.JPG,DSCF0606.JPG,6R/108MEDIA,2,Western_Leopard_Toad,0.4939,415.9,338.9,560.0,503.5
/srv/shared_leopard_toad/2025/Documents/06.10-13.10.2025/6R/108MEDIA/DSCF0197.JPG,DSCF0197.JPG,6R/108MEDIA,2,Western_Leopard_Toad,0.9092,414.3,335.8,568.1,484.4
/srv/shared_leopard_toad/2025/Documents/06.10-13.10.2025/6R/108MEDIA/DSCF0064.JPG,DSCF0064.JPG,6R/108MEDIA,2,Western_Leopard_Toad,0.8770,413.1,335.8,566.0,483.0
/srv/shared_leopard_toad/2025/Documents/06.10-13.10.2025/6R/108MEDIA/DSCF0064.JPG,DSCF0064.JPG,6R/108MEDIA,0,Other_Amphibian,0.5767,3570.6,290.1,3758.4,472.5
/srv/shared_leopard_toad/2025/Documents/06.10-13.10.2025/6R/108MEDIA/DSCF0351.JPG,DSCF0351.JPG,6R/108MEDIA,0,Other_Amphibian,0.6221,552.2,2296.5,654.0,2422.6
/srv/shared_leopard_toad/2025/Documents/06.10-13.10.2025/6R/108MEDIA/DSCF0351.JPG,DSCF0351.JPG,6R/108MEDIA,2,Western_Leopard_Toad,0.5884,552.2,2296.5,654.0,2422.6
/srv/shared_leopard_toad/2025/Documents/06.10-13.10.2025/6R/108MEDIA/DSCF0225.JPG,DSCF0225.JPG,6R/108MEDIA,2,Western_Leopard_Toad,0.9053,412.4,332.7,564.7,492.7
/srv/shared_leopard_toad/2025/Documents/06.10-13.10.2025/6R/108MEDIA/DSCF0354.JPG,DSCF0354.JPG,6R/108MEDIA,0,Other_Amphibian,0.7256,553.7,2296.3,657.1,2419.8
/srv/shared_leopard_toad/2025/Documents/06.10-13.10.2025/6R/108MEDIA/DSCF0354.JPG,DSCF0354.JPG,6R/108MEDIA,2,Western_Leopard_Toad,0.5083,553.7,2296.3,657.1,2419.8
/srv/shared_leopard_toad/2025/Documents/06.10-13.10.2025/6R/108MEDIA/DSCF0272.JPG,DSCF0272.JPG,6R/108MEDIA,2,Western_Leopard_Toad,0.9390,414.1,332.3,567.0,487.9
/srv/shared_leopard_toad/2025/Documents/06.10-13.10.2025/6R/108MEDIA/DSCF0459.JPG,DSCF0459.JPG,6R/108MEDIA,2,Western_Leopard_Toad,0.8521,413.1,339.0,560.8,504.1
/srv/shared_leopard_toad/2025/Documents/06.10-13.10.2025/6R/108MEDIA/DSCF0459.JPG,DSCF0459.JPG,6R/108MEDIA,0,Other_Amphibian,0.2441,413.1,339.0,560.8,504.1
/srv/shared_leopard_toad/2025/Documents/06.10-13.10.2025/6R/108MEDIA/DSCF0620.JPG,DSCF0620.JPG,6R/108MEDIA,2,Western_Leopard_Toad,0.8989,410.9,337.8,559.7,503.1
/srv/shared_leopard_toad/2025/Documents/06.10-13.10.2025/6R/108MEDIA/DSCF0746.JPG,DSCF0746.JPG,6R/108MEDIA,2,Western_Leopard_Toad,0.8530,413.0,339.7,564.1,504.8
/srv/shared_leopard_toad/2025/Documents/06.10-13.10.2025/6R/108MEDIA/DSCF0763.JPG,DSCF0763.JPG,6R/108MEDIA,2,Western_Leopard_Toad,0.9419,412.4,340.3,568.7,500.6
/srv/shared_leopard_toad/2025/Documents/06.10-13.10.2025/6R/108MEDIA/DSCF0224.JPG,DSCF0224.JPG,6R/108MEDIA,2,Western_Leopard_Toad,0.9229,412.0,338.1,565.2,494.0
/srv/shared_leopard_toad/2025/Documents/06.10-13.10.2025/6R/108MEDIA/DSCF0591.JPG,DSCF0591.JPG,6R/108MEDIA,2,Western_Leopard_Toad,0.9072,409.5,338.2,561.1,506.4
/srv/shared_leopard_toad/2025/Documents/06.10-13.10.2025/6R/108MEDIA/DSCF0081.JPG,DSCF0081.JPG,6R/108MEDIA,2,Western_Leopard_Toad,0.9316,414.7,335.3,566.4,486.4
/srv/shared_leopard_toad/2025/Documents/06.10-13.10.2025/6R/108MEDIA/DSCF0016.JPG,DSCF0016.JPG,6R/108MEDIA,2,Western_Leopard_Toad,0.9077,414.7,336.0,566.4,489.4
/srv/shared_leopard_toad/2025/Documents/06.10-13.10.2025/6R/108MEDIA/DSCF0241.JPG,DSCF0241.JPG,6R/108MEDIA,2,Western_Leopard_Toad,0.9390,414.0,333.9,565.1,487.8
/srv/shared_leopard_toad/2025/Documents/06.10-13.10.2025/6R/108MEDIA/DSCF0101.JPG,DSCF0101.JPG,6R/108MEDIA,2,Western_Leopard_Toad,0.6348,413.6,338.5,565.6,481.7
/srv/shared_leopard_toad/2025/Documents/06.10-13.10.2025/6R/108MEDIA/DSCF0101.JPG,DSCF0101.JPG,6R/108MEDIA,0,Other_Amphibian,0.6152,3570.9,299.5,3752.8,474.3
/srv/shared_leopard_toad/2025/Documents/06.10-13.10.2025/6R/108MEDIA/DSCF0101.JPG,DSCF0101.JPG,6R/108MEDIA,2,Western_Leopard_Toad,0.2964,3570.9,299.5,3752.8,474.3
/srv/shared_leopard_toad/2025/Documents/06.10-13.10.2025/6R/108MEDIA/DSCF0029.JPG,DSCF0029.JPG,6R/108MEDIA,2,Western_Leopard_Toad,0.6079,417.2,337.9,567.2,488.2
/srv/shared_leopard_toad/2025/Documents/06.10-13.10.2025/6R/108MEDIA/DSCF0029.JPG,DSCF0029.JPG,6R/108MEDIA,0,Other_Amphibian,0.2612,3569.7,299.5,3754.1,474.3
/srv/shared_leopard_toad/2025/Documents/06.10-13.10.2025/6R/108MEDIA/DSCF0728.JPG,DSCF0728.JPG,6R/108MEDIA,2,Western_Leopard_Toad,0.8535,406.1,342.4,562.5,500.7
/srv/shared_leopard_toad/2025/Documents/06.10-13.10.2025/6R/108MEDIA/DSCF0664.JPG,DSCF0664.JPG,6R/108MEDIA,2,Western_Leopard_Toad,0.8589,414.2,339.7,561.7,503.4
/srv/shared_leopard_toad/2025/Documents/06.10-13.10.2025/6R/108MEDIA/DSCF0468.JPG,DSCF0468.JPG,6R/108MEDIA,2,Western_Leopard_Toad,0.4895,411.8,342.0,560.1,504.1
/srv/shared_leopard_toad/2025/Documents/06.10-13.10.2025/6R/108MEDIA/DSCF0105.JPG,DSCF0105.JPG,6R/108MEDIA,2,Western_Leopard_Toad,0.8984,413.7,336.4,567.4,485.3
/srv/shared_leopard_toad/2025/Documents/06.10-13.10.2025/6R/108MEDIA/DSCF0105.JPG,DSCF0105.JPG,6R/108MEDIA,0,Other_Amphibian,0.2834,3568.9,298.1,3749.6,471.9
/srv/shared_leopard_toad/2025/Documents/06.10-13.10.2025/6R/108MEDIA/DSCF0116.JPG,DSCF0116.JPG,6R/108MEDIA,2,Western_Leopard_Toad,0.8691,414.7,335.5,566.4,486.3
/srv/shared_leopard_toad/2025/Documents/06.10-13.10.2025/6R/108MEDIA/DSCF0116.JPG,DSCF0116.JPG,6R/108MEDIA,0,Other_Amphibian,0.5615,3572.3,297.7,3751.5,473.8
/srv/shared_leopard_toad/2025/Documents/06.10-13.10.2025/6R/108MEDIA/DSCF0865.JPG,DSCF0865.JPG,6R/108MEDIA,2,Western_Leopard_Toad,0.6152,413.4,339.1,565.7,501.8
/srv/shared_leopard_toad/2025/Documents/06.10-13.10.2025/6R/108MEDIA/DSCF0085.JPG,DSCF0085.JPG,6R/108MEDIA,2,Western_Leopard_Toad,0.8594,415.2,335.6,565.9,486.1
/srv/shared_leopard_toad/2025/Documents/06.10-13.10.2025/6R/108MEDIA/DSCF0085.JPG,DSCF0085.JPG,6R/108MEDIA,0,Other_Amphibian,0.3381,3570.7,296.3,3753.0,474.4
/srv/shared_leopard_toad/2025/Documents/06.10-13.10.2025/6R/108MEDIA/DSCF0808.JPG,DSCF0808.JPG,6R/108MEDIA,2,Western_Leopard_Toad,0.9082,414.7,338.1,562.4,494.0
/srv/shared_leopard_toad/2025/Documents/06.10-13.10.2025/6R/108MEDIA/DSCF0987.JPG,DSCF0987.JPG,6R/108MEDIA,2,Western_Leopard_Toad,0.8389,416.3,338.8,562.9,497.6
/srv/shared_leopard_toad/2025/Documents/06.10-13.10.2025/6R/108MEDIA/DSCF0027.JPG,DSCF0027.JPG,6R/108MEDIA,2,Western_Leopard_Toad,0.8818,414.3,334.9,564.9,485.4
/srv/shared_leopard_toad/2025/Documents/06.10-13.10.2025/6R/108MEDIA/DSCF0027.JPG,DSCF0027.JPG,6R/108MEDIA,2,Western_Leopard_Toad,0.7603,893.5,2720.0,1030.6,2858.4
/srv/shared_leopard_toad/2025/Documents/06.10-13.10.2025/6R/108MEDIA/DSCF0027.JPG,DSCF0027.JPG,6R/108MEDIA,0,Other_Amphibian,0.4924,893.5,2720.0,1030.6,2858.4
/srv/shared_leopard_toad/2025/Documents/06.10-13.10.2025/6R/108MEDIA/DSCF0027.JPG,DSCF0027.JPG,6R/108MEDIA,0,Other_Amphibian,0.4753,3568.9,296.6,3754.9,474.9
/srv/shared_leopard_toad/2025/Documents/06.10-13.10.2025/6R/108MEDIA/DSCF0800.JPG,DSCF0800.JPG,6R/108MEDIA,2,Western_Leopard_Toad,0.8945,408.1,341.0,563.8,498.4
/srv/shared_leopard_toad/2025/Documents/06.10-13.10.2025/6R/108MEDIA/DSCF0367.JPG,DSCF0367.JPG,6R/108MEDIA,0,Other_Amphibian,0.6538,575.5,2281.4,666.8,2399.3
/srv/shared_leopard_toad/2025/Documents/06.10-13.10.2025/6R/108MEDIA/DSCF0367.JPG,DSCF0367.JPG,6R/108MEDIA,2,Western_Leopard_Toad,0.3323,575.5,2281.4,666.8,2399.3
/srv/shared_leopard_toad/2025/Documents/06.10-13.10.2025/6R/108MEDIA/DSCF0832.JPG,DSCF0832.JPG,6R/108MEDIA,2,Western_Leopard_Toad,0.9111,415.1,340.0,566.0,500.9
/srv/shared_leopard_toad/2025/Documents/06.10-13.10.2025/6R/108MEDIA/DSCF0331.JPG,DSCF0331.JPG,6R/108MEDIA,0,Other_Amphibian,0.7407,553.4,2296.3,655.4,2422.8
/srv/shared_leopard_toad/2025/Documents/06.10-13.10.2025/6R/108MEDIA/DSCF0331.JPG,DSCF0331.JPG,6R/108MEDIA,2,Western_Leopard_Toad,0.5039,553.4,2296.3,655.4,2422.8
/srv/shared_leopard_toad/2025/Documents/06.10-13.10.2025/6R/108MEDIA/DSCF0082.JPG,DSCF0082.JPG,6R/108MEDIA,2,Western_Leopard_Toad,0.9131,414.4,335.0,566.7,485.2
/srv/shared_leopard_toad/2025/Documents/06.10-13.10.2025/6R/108MEDIA/DSCF0082.JPG,DSCF0082.JPG,6R/108MEDIA,0,Other_Amphibian,0.2313,3569.8,299.0,3753.9,475.5
/srv/shared_leopard_toad/2025/Documents/06.10-13.10.2025/6R/108MEDIA/DSCF0990.JPG,DSCF0990.JPG,6R/108MEDIA,2,Western_Leopard_Toad,0.3401,404.6,340.7,564.0,502.4
/srv/shared_leopard_toad/2025/Documents/06.10-13.10.2025/6R/108MEDIA/DSCF0789.JPG,DSCF0789.JPG,6R/108MEDIA,2,Western_Leopard_Toad,0.9292,413.8,341.0,565.3,504.3
/srv/shared_leopard_toad/2025/Documents/06.10-13.10.2025/6R/108MEDIA/DSCF0789.JPG,DSCF0789.JPG,6R/108MEDIA,2,Western_Leopard_Toad,0.8975,414.0,340.0,565.1,502.4
/srv/shared_leopard_toad/2025/Documents/06.10-13.10.2025/6R/108MEDIA/DSCF0941.JPG,DSCF0941.JPG,6R/108MEDIA,2,Western_Leopard_Toad,0.8423,412.5,340.7,561.4,498.7
/srv/shared_leopard_toad/2025/Documents/06.10-13.10.2025/6R/108MEDIA/DSCF0602.JPG,DSCF0602.JPG,6R/108MEDIA,2,Western_Leopard_Toad,0.7681,408.0,340.3,562.6,500.6
/srv/shared_leopard_toad/2025/Documents/06.10-13.10.2025/6R/108MEDIA/DSCF0688.JPG,DSCF0688.JPG,6R/108MEDIA,2,Western_Leopard_Toad,0.9053,412.7,338.8,561.2,500.6
/srv/shared_leopard_toad/2025/Documents/06.10-13.10.2025/6R/108MEDIA/DSCF0347.JPG,DSCF0347.JPG,6R/108MEDIA,0,Other_Amphibian,0.6221,555.1,2296.7,655.6,2422.3
/srv/shared_leopard_toad/2025/Documents/06.10-13.10.2025/6R/108MEDIA/DSCF0347.JPG,DSCF0347.JPG,6R/108MEDIA,2,Western_Leopard_Toad,0.5298,555.1,2296.7,655.6,2422.3
/srv/shared_leopard_toad/2025/Documents/06.10-13.10.2025/6R/108MEDIA/DSCF0109.JPG,DSCF0109.JPG,6R/108MEDIA,2,Western_Leopard_Toad,0.8657,415.8,337.7,566.6,486.3
/srv/shared_leopard_toad/2025/Documents/06.10-13.10.2025/6R/108MEDIA/DSCF0109.JPG,DSCF0109.JPG,6R/108MEDIA,0,Other_Amphibian,0.3372,3570.0,297.8,3748.5,473.0
/srv/shared_leopard_toad/2025/Documents/06.10-13.10.2025/6R/108MEDIA/DSCF0357.JPG,DSCF0357.JPG,6R/108MEDIA,0,Other_Amphibian,0.6743,575.9,2277.3,666.4,2394.5
/srv/shared_leopard_toad/2025/Documents/06.10-13.10.2025/6R/108MEDIA/DSCF0357.JPG,DSCF0357.JPG,6R/108MEDIA,2,Western_Leopard_Toad,0.3625,575.9,2277.3,666.4,2394.5
/srv/shared_leopard_toad/2025/Documents/06.10-13.10.2025/6R/108MEDIA/DSCF0843.JPG,DSCF0843.JPG,6R/108MEDIA,2,Western_Leopard_Toad,0.7080,413.6,340.5,563.6,506.3
/srv/shared_leopard_toad/2025/Documents/06.10-13.10.2025/6R/108MEDIA/DSCF0309.JPG,DSCF0309.JPG,6R/108MEDIA,0,Other_Amphibian,0.8770,559.4,2296.7,661.9,2425.4
/srv/shared_leopard_toad/2025/Documents/06.10-13.10.2025/6R/108MEDIA/DSCF0910.JPG,DSCF0910.JPG,6R/108MEDIA,2,Western_Leopard_Toad,0.7573,410.6,339.8,563.2,499.6
/srv/shared_leopard_toad/2025/Documents/06.10-13.10.2025/6R/108MEDIA/DSCF0497.JPG,DSCF0497.JPG,6R/108MEDIA,2,Western_Leopard_Toad,0.4712,406.3,339.0,562.4,500.5
/srv/shared_leopard_toad/2025/Documents/06.10-13.10.2025/6R/108MEDIA/DSCF0340.JPG,DSCF0340.JPG,6R/108MEDIA,0,Other_Amphibian,0.7627,552.3,2298.1,653.9,2424.0
/srv/shared_leopard_toad/2025/Documents/06.10-13.10.2025/6R/108MEDIA/DSCF0340.JPG,DSCF0340.JPG,6R/108MEDIA,2,Western_Leopard_Toad,0.4658,552.3,2298.1,653.9,2424.0
/srv/shared_leopard_toad/2025/Documents/06.10-13.10.2025/6R/108MEDIA/DSCF0611.JPG,DSCF0611.JPG,6R/108MEDIA,2,Western_Leopard_Toad,0.4497,414.6,338.9,561.2,503.5
/srv/shared_leopard_toad/2025/Documents/06.10-13.10.2025/6R/108MEDIA/DSCF0460.JPG,DSCF0460.JPG,6R/108MEDIA,2,Western_Leopard_Toad,0.9189,413.6,339.3,562.2,500.1
/srv/shared_leopard_toad/2025/Documents/06.10-13.10.2025/6R/108MEDIA/DSCF0855.JPG,DSCF0855.JPG,6R/108MEDIA,2,Western_Leopard_Toad,0.9155,412.1,337.7,567.0,501.0
/srv/shared_leopard_toad/2025/Documents/06.10-13.10.2025/6R/108MEDIA/DSCF0024.JPG,DSCF0024.JPG,6R/108MEDIA,2,Western_Leopard_Toad,0.6602,413.1,338.3,566.0,489.3
/srv/shared_leopard_toad/2025/Documents/06.10-13.10.2025/6R/108MEDIA/DSCF0024.JPG,DSCF0024.JPG,6R/108MEDIA,0,Other_Amphibian,0.4863,894.3,2720.0,1031.2,2858.4
/srv/shared_leopard_toad/2025/Documents/06.10-13.10.2025/6R/108MEDIA/DSCF0024.JPG,DSCF0024.JPG,6R/108MEDIA,2,Western_Leopard_Toad,0.4648,894.3,2720.0,1031.2,2858.4
/srv/shared_leopard_toad/2025/Documents/06.10-13.10.2025/6R/108MEDIA/DSCF0024.JPG,DSCF0024.JPG,6R/108MEDIA,0,Other_Amphibian,0.2673,3570.7,299.4,3753.0,471.3
/srv/shared_leopard_toad/2025/Documents/06.10-13.10.2025/6R/108MEDIA/DSCF0852.JPG,DSCF0852.JPG,6R/108MEDIA,2,Western_Leopard_Toad,0.8926,413.5,339.1,567.6,507.7
/srv/shared_leopard_toad/2025/Documents/06.10-13.10.2025/6R/108MEDIA/DSCF0318.JPG,DSCF0318.JPG,6R/108MEDIA,0,Other_Amphibian,0.8691,557.6,2297.2,661.7,2424.9
/srv/shared_leopard_toad/2025/Documents/06.10-13.10.2025/6R/108MEDIA/DSCF0318.JPG,DSCF0318.JPG,6R/108MEDIA,2,Western_Leopard_Toad,0.2607,557.6,2297.2,661.7,2424.9
/srv/shared_leopard_toad/2025/Documents/06.10-13.10.2025/6R/108MEDIA/DSCF0939.JPG,DSCF0939.JPG,6R/108MEDIA,2,Western_Leopard_Toad,0.6455,414.0,338.7,567.1,500.7
/srv/shared_leopard_toad/2025/Documents/06.10-13.10.2025/6R/108MEDIA/DSCF0392.JPG,DSCF0392.JPG,6R/108MEDIA,0,Other_Amphibian,0.5562,574.5,2277.6,665.8,2394.3
/srv/shared_leopard_toad/2025/Documents/06.10-13.10.2025/6R/108MEDIA/DSCF0392.JPG,DSCF0392.JPG,6R/108MEDIA,2,Western_Leopard_Toad,0.2983,574.5,2277.6,665.8,2394.3
/srv/shared_leopard_toad/2025/Documents/06.10-13.10.2025/6R/108MEDIA/DSCF0493.JPG,DSCF0493.JPG,6R/108MEDIA,2,Western_Leopard_Toad,0.6333,410.4,339.3,561.5,498.7
/srv/shared_leopard_toad/2025/Documents/06.10-13.10.2025/6R/108MEDIA/DSCF0617.JPG,DSCF0617.JPG,6R/108MEDIA,2,Western_Leopard_Toad,0.8857,407.3,335.8,559.3,502.1
/srv/shared_leopard_toad/2025/Documents/06.10-13.10.2025/6R/108MEDIA/DSCF0235.JPG,DSCF0235.JPG,6R/108MEDIA,2,Western_Leopard_Toad,0.9160,413.0,336.6,566.1,487.4
/srv/shared_leopard_toad/2025/Documents/06.10-13.10.2025/6R/108MEDIA/DSCF0671.JPG,DSCF0671.JPG,6R/108MEDIA,2,Western_Leopard_Toad,0.9009,411.3,337.8,559.3,505.4
/srv/shared_leopard_toad/2025/Documents/06.10-13.10.2025/6R/108MEDIA/DSCF0328.JPG,DSCF0328.JPG,6R/108MEDIA,0,Other_Amphibian,0.6948,553.3,2295.9,655.5,2423.2
/srv/shared_leopard_toad/2025/Documents/06.10-13.10.2025/6R/108MEDIA/DSCF0328.JPG,DSCF0328.JPG,6R/108MEDIA,2,Western_Leopard_Toad,0.5713,553.3,2295.9,655.5,2423.2
/srv/shared_leopard_toad/2025/Documents/06.10-13.10.2025/6R/108MEDIA/DSCF0202.JPG,DSCF0202.JPG,6R/108MEDIA,2,Western_Leopard_Toad,0.3386,413.1,338.6,566.0,483.1
/srv/shared_leopard_toad/2025/Documents/06.10-13.10.2025/6R/108MEDIA/DSCF0595.JPG,DSCF0595.JPG,6R/108MEDIA,2,Western_Leopard_Toad,0.8228,404.2,339.4,559.1,503.0
/srv/shared_leopard_toad/2025/Documents/06.10-13.10.2025/6R/108MEDIA/DSCF0226.JPG,DSCF0226.JPG,6R/108MEDIA,2,Western_Leopard_Toad,0.8984,412.0,337.2,567.2,491.1
/srv/shared_leopard_toad/2025/Documents/06.10-13.10.2025/6R/108MEDIA/DSCF0310.JPG,DSCF0310.JPG,6R/108MEDIA,0,Other_Amphibian,0.8574,557.2,2296.7,662.1,2425.4
/srv/shared_leopard_toad/2025/Documents/06.10-13.10.2025/6R/108MEDIA/DSCF0310.JPG,DSCF0310.JPG,6R/108MEDIA,2,Western_Leopard_Toad,0.2856,557.2,2296.7,662.1,2425.4
/srv/shared_leopard_toad/2025/Documents/06.10-13.10.2025/6R/108MEDIA/DSCF0374.JPG,DSCF0374.JPG,6R/108MEDIA,0,Other_Amphibian,0.5747,578.0,2278.5,668.9,2399.3
/srv/shared_leopard_toad/2025/Documents/06.10-13.10.2025/6R/108MEDIA/DSCF0374.JPG,DSCF0374.JPG,6R/108MEDIA,2,Western_Leopard_Toad,0.3621,578.0,2278.5,668.9,2399.3
/srv/shared_leopard_toad/2025/Documents/06.10-13.10.2025/6R/108MEDIA/DSCF0371.JPG,DSCF0371.JPG,6R/108MEDIA,0,Other_Amphibian,0.7168,575.9,2281.5,666.4,2399.2
/srv/shared_leopard_toad/2025/Documents/06.10-13.10.2025/6R/108MEDIA/DSCF0371.JPG,DSCF0371.JPG,6R/108MEDIA,2,Western_Leopard_Toad,0.3352,575.9,2281.5,666.4,2399.2
/srv/shared_leopard_toad/2025/Documents/06.10-13.10.2025/6R/108MEDIA/DSCF0701.JPG,DSCF0701.JPG,6R/108MEDIA,2,Western_Leopard_Toad,0.8062,409.0,339.6,564.8,498.4
/srv/shared_leopard_toad/2025/Documents/06.10-13.10.2025/6R/108MEDIA/DSCF0317.JPG,DSCF0317.JPG,6R/108MEDIA,0,Other_Amphibian,0.8740,556.1,2296.1,658.6,2422.9
/srv/shared_leopard_toad/2025/Documents/06.10-13.10.2025/6R/108MEDIA/DSCF0210.JPG,DSCF0210.JPG,6R/108MEDIA,2,Western_Leopard_Toad,0.9199,416.5,335.0,565.9,486.7
/srv/shared_leopard_toad/2025/Documents/06.10-13.10.2025/6R/108MEDIA/DSCF0234.JPG,DSCF0234.JPG,6R/108MEDIA,2,Western_Leopard_Toad,0.8545,415.2,336.6,565.9,489.6
/srv/shared_leopard_toad/2025/Documents/06.10-13.10.2025/6R/108MEDIA/DSCF0893.JPG,DSCF0893.JPG,6R/108MEDIA,2,Western_Leopard_Toad,0.8447,413.7,338.7,565.4,505.9
/srv/shared_leopard_toad/2025/Documents/06.10-13.10.2025/6R/108MEDIA/DSCF0860.JPG,DSCF0860.JPG,6R/108MEDIA,2,Western_Leopard_Toad,0.2686,415.8,340.4,563.3,497.5
/srv/shared_leopard_toad/2025/Documents/06.10-13.10.2025/6R/108MEDIA/DSCF0465.JPG,DSCF0465.JPG,6R/108MEDIA,2,Western_Leopard_Toad,0.6196,413.6,338.2,560.2,501.2
/srv/shared_leopard_toad/2025/Documents/06.10-13.10.2025/6R/108MEDIA/DSCF0604.JPG,DSCF0604.JPG,6R/108MEDIA,2,Western_Leopard_Toad,0.6392,409.0,337.5,561.6,500.5
/srv/shared_leopard_toad/2025/Documents/06.10-13.10.2025/6R/108MEDIA/DSCF0270.JPG,DSCF0270.JPG,6R/108MEDIA,2,Western_Leopard_Toad,0.9248,416.5,333.2,567.9,488.5
/srv/shared_leopard_toad/2025/Documents/06.10-13.10.2025/6R/108MEDIA/DSCF0090.JPG,DSCF0090.JPG,6R/108MEDIA,2,Western_Leopard_Toad,0.8726,413.0,337.5,564.1,484.2
/srv/shared_leopard_toad/2025/Documents/06.10-13.10.2025/6R/108MEDIA/DSCF0090.JPG,DSCF0090.JPG,6R/108MEDIA,0,Other_Amphibian,0.6235,3571.6,301.4,3752.2,474.6
/srv/shared_leopard_toad/2025/Documents/06.10-13.10.2025/6R/108MEDIA/DSCF0090.JPG,DSCF0090.JPG,6R/108MEDIA,2,Western_Leopard_Toad,0.3354,3571.6,301.4,3752.2,474.6
/srv/shared_leopard_toad/2025/Documents/06.10-13.10.2025/6R/108MEDIA/DSCF0677.JPG,DSCF0677.JPG,6R/108MEDIA,2,Western_Leopard_Toad,0.9331,410.0,339.1,562.0,505.4
/srv/shared_leopard_toad/2025/Documents/06.10-13.10.2025/6R/108MEDIA/DSCF0884.JPG,DSCF0884.JPG,6R/108MEDIA,2,Western_Leopard_Toad,0.2957,409.8,341.7,562.1,504.4
/srv/shared_leopard_toad/2025/Documents/06.10-13.10.2025/6R/108MEDIA/DSCF0356.JPG,DSCF0356.JPG,6R/108MEDIA,0,Other_Amphibian,0.6855,574.5,2275.8,665.8,2396.1
/srv/shared_leopard_toad/2025/Documents/06.10-13.10.2025/6R/108MEDIA/DSCF0356.JPG,DSCF0356.JPG,6R/108MEDIA,2,Western_Leopard_Toad,0.4089,574.5,2275.8,665.8,2396.1
/srv/shared_leopard_toad/2025/Documents/06.10-13.10.2025/6R/108MEDIA/DSCF0638.JPG,DSCF0638.JPG,6R/108MEDIA,2,Western_Leopard_Toad,0.9390,414.7,338.0,562.4,496.3
/srv/shared_leopard_toad/2025/Documents/06.10-13.10.2025/6R/108MEDIA/DSCF0485.JPG,DSCF0485.JPG,6R/108MEDIA,2,Western_Leopard_Toad,0.2700,412.5,338.9,561.4,504.2
/srv/shared_leopard_toad/2025/Documents/06.10-13.10.2025/6R/108MEDIA/DSCF0236.JPG,DSCF0236.JPG,6R/108MEDIA,2,Western_Leopard_Toad,0.7690,411.8,336.5,567.3,488.9
/srv/shared_leopard_toad/2025/Documents/06.10-13.10.2025/6R/108MEDIA/DSCF0322.JPG,DSCF0322.JPG,6R/108MEDIA,0,Other_Amphibian,0.8423,555.8,2297.1,659.0,2422.0
/srv/shared_leopard_toad/2025/Documents/06.10-13.10.2025/6R/108MEDIA/DSCF0322.JPG,DSCF0322.JPG,6R/108MEDIA,2,Western_Leopard_Toad,0.3137,555.8,2297.1,659.0,2422.0
/srv/shared_leopard_toad/2025/Documents/06.10-13.10.2025/6R/108MEDIA/DSCF0084.JPG,DSCF0084.JPG,6R/108MEDIA,2,Western_Leopard_Toad,0.8730,415.9,336.8,566.5,484.9
/srv/shared_leopard_toad/2025/Documents/06.10-13.10.2025/6R/108MEDIA/DSCF0084.JPG,DSCF0084.JPG,6R/108MEDIA,0,Other_Amphibian,0.5254,3567.0,303.0,3751.5,475.9
/srv/shared_leopard_toad/2025/Documents/06.10-13.10.2025/6R/108MEDIA/DSCF0124.JPG,DSCF0124.JPG,6R/108MEDIA,2,Western_Leopard_Toad,0.7485,411.0,336.0,566.2,485.7
/srv/shared_leopard_toad/2025/Documents/06.10-13.10.2025/6R/108MEDIA/DSCF0138.JPG,DSCF0138.JPG,6R/108MEDIA,2,Western_Leopard_Toad,0.8916,415.0,335.7,566.1,486.0
/srv/shared_leopard_toad/2025/Documents/06.10-13.10.2025/6R/108MEDIA/DSCF0014.JPG,DSCF0014.JPG,6R/108MEDIA,2,Western_Leopard_Toad,0.6714,417.3,335.5,567.0,484.7
/srv/shared_leopard_toad/2025/Documents/06.10-13.10.2025/6R/108MEDIA/DSCF0836.JPG,DSCF0836.JPG,6R/108MEDIA,2,Western_Leopard_Toad,0.7676,413.2,341.3,562.7,499.6
/srv/shared_leopard_toad/2025/Documents/06.10-13.10.2025/6R/108MEDIA/DSCF0520.JPG,DSCF0520.JPG,6R/108MEDIA,2,Western_Leopard_Toad,0.8506,415.5,337.9,561.6,496.4
/srv/shared_leopard_toad/2025/Documents/06.10-13.10.2025/6R/108MEDIA/DSCF0520.JPG,DSCF0520.JPG,6R/108MEDIA,0,Other_Amphibian,0.2356,415.5,337.9,561.6,496.4
/srv/shared_leopard_toad/2025/Documents/06.10-13.10.2025/6R/108MEDIA/DSCF0200.JPG,DSCF0200.JPG,6R/108MEDIA,2,Western_Leopard_Toad,0.8652,418.2,334.7,568.2,485.5
/srv/shared_leopard_toad/2025/Documents/06.10-13.10.2025/6R/108MEDIA/DSCF0744.JPG,DSCF0744.JPG,6R/108MEDIA,2,Western_Leopard_Toad,0.8550,412.1,338.6,561.8,497.1
/srv/shared_leopard_toad/2025/Documents/06.10-13.10.2025/6R/108MEDIA/DSCF0359.JPG,DSCF0359.JPG,6R/108MEDIA,0,Other_Amphibian,0.6943,576.2,2281.2,666.1,2396.5
/srv/shared_leopard_toad/2025/Documents/06.10-13.10.2025/6R/108MEDIA/DSCF0359.JPG,DSCF0359.JPG,6R/108MEDIA,2,Western_Leopard_Toad,0.4326,576.2,2281.2,666.1,2396.5
/srv/shared_leopard_toad/2025/Documents/06.10-13.10.2025/6R/108MEDIA/DSCF0009.JPG,DSCF0009.JPG,6R/108MEDIA,2,Western_Leopard_Toad,0.8916,412.2,337.9,566.9,488.2
/srv/shared_leopard_toad/2025/Documents/06.10-13.10.2025/6R/108MEDIA/DSCF0950.JPG,DSCF0950.JPG,6R/108MEDIA,2,Western_Leopard_Toad,0.8003,413.2,340.3,564.0,497.6
/srv/shared_leopard_toad/2025/Documents/06.10-13.10.2025/6R/108MEDIA/DSCF0702.JPG,DSCF0702.JPG,6R/108MEDIA,2,Western_Leopard_Toad,0.6636,413.9,340.9,568.5,503.6
/srv/shared_leopard_toad/2025/Documents/06.10-13.10.2025/6R/108MEDIA/DSCF0140.JPG,DSCF0140.JPG,6R/108MEDIA,2,Western_Leopard_Toad,0.7065,417.5,336.3,566.9,487.6
/srv/shared_leopard_toad/2025/Documents/06.10-13.10.2025/6R/108MEDIA/DSCF0243.JPG,DSCF0243.JPG,6R/108MEDIA,2,Western_Leopard_Toad,0.8232,414.3,336.2,564.9,489.9
/srv/shared_leopard_toad/2025/Documents/06.10-13.10.2025/6R/108MEDIA/DSCF0717.JPG,DSCF0717.JPG,6R/108MEDIA,2,Western_Leopard_Toad,0.8730,410.4,339.5,563.5,494.8
/srv/shared_leopard_toad/2025/Documents/06.10-13.10.2025/6R/108MEDIA/DSCF0410.JPG,DSCF0410.JPG,6R/108MEDIA,0,Other_Amphibian,0.4167,575.4,2281.2,662.9,2396.5
/srv/shared_leopard_toad/2025/Documents/06.10-13.10.2025/6R/108MEDIA/DSCF0579.JPG,DSCF0579.JPG,6R/108MEDIA,2,Western_Leopard_Toad,0.2854,410.4,337.5,560.2,501.2
/srv/shared_leopard_toad/2025/Documents/06.10-13.10.2025/6R/108MEDIA/DSCF0506.JPG,DSCF0506.JPG,6R/108MEDIA,2,Western_Leopard_Toad,0.7427,414.3,340.3,561.5,495.4
/srv/shared_leopard_toad/2025/Documents/06.10-13.10.2025/6R/108MEDIA/DSCF0361.JPG,DSCF0361.JPG,6R/108MEDIA,0,Other_Amphibian,0.6665,574.8,2278.8,667.5,2396.0
/srv/shared_leopard_toad/2025/Documents/06.10-13.10.2025/6R/108MEDIA/DSCF0361.JPG,DSCF0361.JPG,6R/108MEDIA,2,Western_Leopard_Toad,0.3113,574.8,2278.8,667.5,2396.0
/srv/shared_leopard_toad/2025/Documents/06.10-13.10.2025/6R/108MEDIA/DSCF0201.JPG,DSCF0201.JPG,6R/108MEDIA,2,Western_Leopard_Toad,0.9175,417.3,333.9,567.0,487.8
/srv/shared_leopard_toad/2025/Documents/06.10-13.10.2025/6R/108MEDIA/DSCF0642.JPG,DSCF0642.JPG,6R/108MEDIA,2,Western_Leopard_Toad,0.8667,406.7,340.0,561.9,507.6
/srv/shared_leopard_toad/2025/Documents/06.10-13.10.2025/6R/108MEDIA/DSCF0762.JPG,DSCF0762.JPG,6R/108MEDIA,2,Western_Leopard_Toad,0.4429,417.3,339.9,563.8,492.9
/srv/shared_leopard_toad/2025/Documents/06.10-13.10.2025/6R/108MEDIA/DSCF0992.JPG,DSCF0992.JPG,6R/108MEDIA,2,Western_Leopard_Toad,0.3567,410.5,339.6,563.4,497.6
/srv/shared_leopard_toad/2025/Documents/06.10-13.10.2025/6R/108MEDIA/DSCF0513.JPG,DSCF0513.JPG,6R/108MEDIA,2,Western_Leopard_Toad,0.7661,410.4,339.5,563.5,499.2
/srv/shared_leopard_toad/2025/Documents/06.10-13.10.2025/6R/108MEDIA/DSCF0513.JPG,DSCF0513.JPG,6R/108MEDIA,2,Western_Leopard_Toad,0.3938,409.2,339.2,564.7,498.0
/srv/shared_leopard_toad/2025/Documents/06.10-13.10.2025/6R/108MEDIA/DSCF0707.JPG,DSCF0707.JPG,6R/108MEDIA,2,Western_Leopard_Toad,0.8975,411.2,338.9,562.7,499.8
/srv/shared_leopard_toad/2025/Documents/06.10-13.10.2025/6R/101MEDIA/DSCF0012.JPG,DSCF0012.JPG,6R/101MEDIA,0,Other_Amphibian,0.4849,2548.7,2307.8,2693.4,2455.6
/srv/shared_leopard_toad/2025/Documents/06.10-13.10.2025/6R/101MEDIA/DSCF0012.JPG,DSCF0012.JPG,6R/101MEDIA,2,Western_Leopard_Toad,0.3110,2548.7,2307.8,2693.4,2455.6
/srv/shared_leopard_toad/2025/Documents/06.10-13.10.2025/6R/101MEDIA/DSCF0001.JPG,DSCF0001.JPG,6R/101MEDIA,0,Other_Amphibian,0.3936,2550.4,2307.7,2694.3,2455.7
/srv/shared_leopard_toad/2025/Documents/06.10-13.10.2025/6R/101MEDIA/DSCF0001.JPG,DSCF0001.JPG,6R/101MEDIA,2,Western_Leopard_Toad,0.3359,2550.4,2307.7,2694.3,2455.7
/srv/shared_leopard_toad/2025/Documents/06.10-13.10.2025/6R/101MEDIA/DSCF0038.JPG,DSCF0038.JPG,6R/101MEDIA,0,Other_Amphibian,0.6587,2550.0,2306.2,2694.7,2454.2
/srv/shared_leopard_toad/2025/Documents/06.10-13.10.2025/6R/101MEDIA/DSCF0038.JPG,DSCF0038.JPG,6R/101MEDIA,2,Western_Leopard_Toad,0.4634,2550.0,2306.2,2694.7,2454.2
/srv/shared_leopard_toad/2025/Documents/06.10-13.10.2025/6R/101MEDIA/DSCF0003.JPG,DSCF0003.JPG,6R/101MEDIA,0,Other_Amphibian,0.4949,2548.9,2308.2,2693.2,2455.2
/srv/shared_leopard_toad/2025/Documents/06.10-13.10.2025/6R/101MEDIA/DSCF0003.JPG,DSCF0003.JPG,6R/101MEDIA,2,Western_Leopard_Toad,0.3442,2548.9,2308.2,2693.2,2455.2
/srv/shared_leopard_toad/2025/Documents/06.10-13.10.2025/6R/101MEDIA/DSCF0033.JPG,DSCF0033.JPG,6R/101MEDIA,0,Other_Amphibian,0.3999,2549.4,2308.1,2692.7,2455.3
/srv/shared_leopard_toad/2025/Documents/06.10-13.10.2025/6R/101MEDIA/DSCF0033.JPG,DSCF0033.JPG,6R/101MEDIA,2,Western_Leopard_Toad,0.2690,2549.4,2308.1,2692.7,2455.3
/srv/shared_leopard_toad/2025/Documents/06.10-13.10.2025/6R/101MEDIA/DSCF0007.JPG,DSCF0007.JPG,6R/101MEDIA,0,Other_Amphibian,0.5376,2550.0,2307.7,2694.7,2455.7
/srv/shared_leopard_toad/2025/Documents/06.10-13.10.2025/6R/101MEDIA/DSCF0007.JPG,DSCF0007.JPG,6R/101MEDIA,0,Other_Amphibian,0.4663,1061.8,686.2,1204.9,873.0
/srv/shared_leopard_toad/2025/Documents/06.10-13.10.2025/6R/101MEDIA/DSCF0007.JPG,DSCF0007.JPG,6R/101MEDIA,2,Western_Leopard_Toad,0.3018,2550.0,2307.7,2694.7,2455.7
/srv/shared_leopard_toad/2025/Documents/06.10-13.10.2025/6R/101MEDIA/DSCF0026.JPG,DSCF0026.JPG,6R/101MEDIA,0,Other_Amphibian,0.5020,2549.1,2307.4,2693.0,2456.0
/srv/shared_leopard_toad/2025/Documents/06.10-13.10.2025/6R/101MEDIA/DSCF0026.JPG,DSCF0026.JPG,6R/101MEDIA,2,Western_Leopard_Toad,0.3416,2549.1,2307.4,2693.0,2456.0
/srv/shared_leopard_toad/2025/Documents/06.10-13.10.2025/6R/101MEDIA/DSCF0008.JPG,DSCF0008.JPG,6R/101MEDIA,0,Other_Amphibian,0.7402,2548.5,2308.0,2693.7,2455.4
/srv/shared_leopard_toad/2025/Documents/06.10-13.10.2025/6R/101MEDIA/DSCF0008.JPG,DSCF0008.JPG,6R/101MEDIA,2,Western_Leopard_Toad,0.4158,2548.5,2308.0,2693.7,2455.4
/srv/shared_leopard_toad/2025/Documents/06.10-13.10.2025/6R/101MEDIA/DSCF0006.JPG,DSCF0006.JPG,6R/101MEDIA,0,Other_Amphibian,0.5122,1064.2,683.2,1210.3,871.6
/srv/shared_leopard_toad/2025/Documents/06.10-13.10.2025/6R/101MEDIA/DSCF0006.JPG,DSCF0006.JPG,6R/101MEDIA,0,Other_Amphibian,0.4390,1067.5,681.3,1211.0,870.5
/srv/shared_leopard_toad/2025/Documents/06.10-13.10.2025/6R/101MEDIA/DSCF0006.JPG,DSCF0006.JPG,6R/101MEDIA,0,Other_Amphibian,0.3606,2548.9,2307.5,2693.2,2455.8
/srv/shared_leopard_toad/2025/Documents/06.10-13.10.2025/6R/101MEDIA/DSCF0006.JPG,DSCF0006.JPG,6R/101MEDIA,2,Western_Leopard_Toad,0.2668,2548.9,2307.5,2693.2,2455.8
/srv/shared_leopard_toad/2025/Documents/06.10-13.10.2025/6R/101MEDIA/DSCF0036.JPG,DSCF0036.JPG,6R/101MEDIA,0,Other_Amphibian,0.6021,2550.3,2308.5,2694.4,2454.9
/srv/shared_leopard_toad/2025/Documents/06.10-13.10.2025/6R/101MEDIA/DSCF0036.JPG,DSCF0036.JPG,6R/101MEDIA,2,Western_Leopard_Toad,0.4365,2550.3,2308.5,2694.4,2454.9
/srv/shared_leopard_toad/2025/Documents/06.10-13.10.2025/6R/101MEDIA/DSCF0023.JPG,DSCF0023.JPG,6R/101MEDIA,0,Other_Amphibian,0.4836,2549.1,2308.2,2693.0,2455.2
/srv/shared_leopard_toad/2025/Documents/06.10-13.10.2025/6R/101MEDIA/DSCF0023.JPG,DSCF0023.JPG,6R/101MEDIA,2,Western_Leopard_Toad,0.3884,2549.1,2308.2,2693.0,2455.2
/srv/shared_leopard_toad/2025/Documents/06.10-13.10.2025/6R/101MEDIA/DSCF0030.JPG,DSCF0030.JPG,6R/101MEDIA,0,Other_Amphibian,0.4890,2551.0,2308.0,2693.7,2455.4
/srv/shared_leopard_toad/2025/Documents/06.10-13.10.2025/6R/101MEDIA/DSCF0030.JPG,DSCF0030.JPG,6R/101MEDIA,2,Western_Leopard_Toad,0.4263,2551.0,2308.0,2693.7,2455.4
/srv/shared_leopard_toad/2025/Documents/06.10-13.10.2025/6R/101MEDIA/DSCF0031.JPG,DSCF0031.JPG,6R/101MEDIA,0,Other_Amphibian,0.5254,2550.8,2308.2,2693.9,2455.2
/srv/shared_leopard_toad/2025/Documents/06.10-13.10.2025/6R/101MEDIA/DSCF0031.JPG,DSCF0031.JPG,6R/101MEDIA,2,Western_Leopard_Toad,0.3289,2550.8,2308.2,2693.9,2455.2
/srv/shared_leopard_toad/2025/Documents/06.10-13.10.2025/6R/101MEDIA/DSCF0020.JPG,DSCF0020.JPG,6R/101MEDIA,0,Other_Amphibian,0.4192,2550.1,2307.8,2692.1,2455.6
/srv/shared_leopard_toad/2025/Documents/06.10-13.10.2025/6R/101MEDIA/DSCF0020.JPG,DSCF0020.JPG,6R/101MEDIA,2,Western_Leopard_Toad,0.2769,2550.1,2307.8,2692.1,2455.6
/srv/shared_leopard_toad/2025/Documents/06.10-13.10.2025/6R/101MEDIA/DSCF0018.JPG,DSCF0018.JPG,6R/101MEDIA,0,Other_Amphibian,0.6064,2549.1,2307.0,2693.0,2456.4
/srv/shared_leopard_toad/2025/Documents/06.10-13.10.2025/6R/101MEDIA/DSCF0018.JPG,DSCF0018.JPG,6R/101MEDIA,2,Western_Leopard_Toad,0.4033,2549.1,2307.0,2693.0,2456.4
/srv/shared_leopard_toad/2025/Documents/06.10-13.10.2025/6R/101MEDIA/DSCF0025.JPG,DSCF0025.JPG,6R/101MEDIA,0,Other_Amphibian,0.6348,2551.0,2308.2,2693.7,2455.2
/srv/shared_leopard_toad/2025/Documents/06.10-13.10.2025/6R/101MEDIA/DSCF0025.JPG,DSCF0025.JPG,6R/101MEDIA,2,Western_Leopard_Toad,0.3279,2551.0,2308.2,2693.7,2455.2
/srv/shared_leopard_toad/2025/Documents/06.10-13.10.2025/6R/101MEDIA/DSCF0015.JPG,DSCF0015.JPG,6R/101MEDIA,0,Other_Amphibian,0.6128,2549.0,2308.0,2693.1,2455.4
/srv/shared_leopard_toad/2025/Documents/06.10-13.10.2025/6R/101MEDIA/DSCF0015.JPG,DSCF0015.JPG,6R/101MEDIA,2,Western_Leopard_Toad,0.4263,2549.0,2308.0,2693.1,2455.4
/srv/shared_leopard_toad/2025/Documents/06.10-13.10.2025/6R/101MEDIA/DSCF0013.JPG,DSCF0013.JPG,6R/101MEDIA,0,Other_Amphibian,0.6689,2550.3,2307.5,2694.4,2455.8
/srv/shared_leopard_toad/2025/Documents/06.10-13.10.2025/6R/101MEDIA/DSCF0013.JPG,DSCF0013.JPG,6R/101MEDIA,2,Western_Leopard_Toad,0.5293,2550.3,2307.5,2694.4,2455.8
/srv/shared_leopard_toad/2025/Documents/06.10-13.10.2025/6R/101MEDIA/DSCF0022.JPG,DSCF0022.JPG,6R/101MEDIA,0,Other_Amphibian,0.5317,2549.0,2308.2,2693.1,2455.2
/srv/shared_leopard_toad/2025/Documents/06.10-13.10.2025/6R/101MEDIA/DSCF0022.JPG,DSCF0022.JPG,6R/101MEDIA,2,Western_Leopard_Toad,0.4438,2549.0,2308.2,2693.1,2455.2
/srv/shared_leopard_toad/2025/Documents/06.10-13.10.2025/6R/101MEDIA/DSCF0011.JPG,DSCF0011.JPG,6R/101MEDIA,0,Other_Amphibian,0.5225,2549.8,2308.1,2695.0,2455.3
/srv/shared_leopard_toad/2025/Documents/06.10-13.10.2025/6R/101MEDIA/DSCF0011.JPG,DSCF0011.JPG,6R/101MEDIA,2,Western_Leopard_Toad,0.4404,2549.8,2308.1,2695.0,2455.3
/srv/shared_leopard_toad/2025/Documents/06.10-13.10.2025/6R/101MEDIA/DSCF0017.JPG,DSCF0017.JPG,6R/101MEDIA,0,Other_Amphibian,0.4478,2550.4,2308.5,2694.3,2454.9
/srv/shared_leopard_toad/2025/Documents/06.10-13.10.2025/6R/101MEDIA/DSCF0017.JPG,DSCF0017.JPG,6R/101MEDIA,2,Western_Leopard_Toad,0.4001,2550.4,2308.5,2694.3,2454.9
/srv/shared_leopard_toad/2025/Documents/06.10-13.10.2025/6R/101MEDIA/DSCF0028.JPG,DSCF0028.JPG,6R/101MEDIA,0,Other_Amphibian,0.3494,2550.7,2310.5,2694.0,2455.8
/srv/shared_leopard_toad/2025/Documents/06.10-13.10.2025/6R/101MEDIA/DSCF0028.JPG,DSCF0028.JPG,6R/101MEDIA,2,Western_Leopard_Toad,0.3235,2550.7,2310.5,2694.0,2455.8
/srv/shared_leopard_toad/2025/Documents/06.10-13.10.2025/6R/101MEDIA/DSCF0032.JPG,DSCF0032.JPG,6R/101MEDIA,0,Other_Amphibian,0.5186,2549.6,2308.4,2695.1,2455.0
/srv/shared_leopard_toad/2025/Documents/06.10-13.10.2025/6R/101MEDIA/DSCF0032.JPG,DSCF0032.JPG,6R/101MEDIA,2,Western_Leopard_Toad,0.4087,2549.6,2308.4,2695.1,2455.0
/srv/shared_leopard_toad/2025/Documents/06.10-13.10.2025/6R/101MEDIA/DSCF0021.JPG,DSCF0021.JPG,6R/101MEDIA,0,Other_Amphibian,0.5781,2549.3,2308.0,2692.8,2455.4
/srv/shared_leopard_toad/2025/Documents/06.10-13.10.2025/6R/101MEDIA/DSCF0021.JPG,DSCF0021.JPG,6R/101MEDIA,2,Western_Leopard_Toad,0.4187,2549.3,2308.0,2692.8,2455.4
/srv/shared_leopard_toad/2025/Documents/06.10-13.10.2025/6R/101MEDIA/DSCF0019.JPG,DSCF0019.JPG,6R/101MEDIA,0,Other_Amphibian,0.5269,2551.1,2308.4,2693.6,2455.0
/srv/shared_leopard_toad/2025/Documents/06.10-13.10.2025/6R/101MEDIA/DSCF0019.JPG,DSCF0019.JPG,6R/101MEDIA,2,Western_Leopard_Toad,0.3513,2551.1,2308.4,2693.6,2455.0
/srv/shared_leopard_toad/2025/Documents/06.10-13.10.2025/6R/101MEDIA/DSCF0034.JPG,DSCF0034.JPG,6R/101MEDIA,0,Other_Amphibian,0.5239,2550.7,2307.7,2694.0,2455.7
/srv/shared_leopard_toad/2025/Documents/06.10-13.10.2025/6R/101MEDIA/DSCF0034.JPG,DSCF0034.JPG,6R/101MEDIA,2,Western_Leopard_Toad,0.4187,2550.7,2307.7,2694.0,2455.7
/srv/shared_leopard_toad/2025/Documents/06.10-13.10.2025/6R/101MEDIA/DSCF0005.JPG,DSCF0005.JPG,6R/101MEDIA,0,Other_Amphibian,0.5356,2551.7,2308.2,2695.6,2455.2
/srv/shared_leopard_toad/2025/Documents/06.10-13.10.2025/6R/101MEDIA/DSCF0005.JPG,DSCF0005.JPG,6R/101MEDIA,2,Western_Leopard_Toad,0.4216,2551.7,2308.2,2695.6,2455.2
/srv/shared_leopard_toad/2025/Documents/06.10-13.10.2025/6R/101MEDIA/DSCF0035.JPG,DSCF0035.JPG,6R/101MEDIA,0,Other_Amphibian,0.5610,2547.7,2307.8,2691.8,2455.6
/srv/shared_leopard_toad/2025/Documents/06.10-13.10.2025/6R/101MEDIA/DSCF0035.JPG,DSCF0035.JPG,6R/101MEDIA,2,Western_Leopard_Toad,0.4045,2547.7,2307.8,2691.8,2455.6
/srv/shared_leopard_toad/2025/Documents/06.10-13.10.2025/6R/101MEDIA/DSCF0004.JPG,DSCF0004.JPG,6R/101MEDIA,0,Other_Amphibian,0.4983,2550.6,2308.0,2694.2,2455.4
/srv/shared_leopard_toad/2025/Documents/06.10-13.10.2025/6R/101MEDIA/DSCF0004.JPG,DSCF0004.JPG,6R/101MEDIA,2,Western_Leopard_Toad,0.3228,2550.6,2308.0,2694.2,2455.4
/srv/shared_leopard_toad/2025/Documents/06.10-13.10.2025/6R/101MEDIA/DSCF0002.JPG,DSCF0002.JPG,6R/101MEDIA,0,Other_Amphibian,0.5103,2548.6,2308.0,2693.5,2455.4
/srv/shared_leopard_toad/2025/Documents/06.10-13.10.2025/6R/101MEDIA/DSCF0002.JPG,DSCF0002.JPG,6R/101MEDIA,2,Western_Leopard_Toad,0.3938,2548.6,2308.0,2693.5,2455.4
/srv/shared_leopard_toad/2025/Documents/06.10-13.10.2025/6R/101MEDIA/DSCF0037.JPG,DSCF0037.JPG,6R/101MEDIA,0,Other_Amphibian,0.3091,2549.5,2308.2,2692.6,2458.2
/srv/shared_leopard_toad/2025/Documents/06.10-13.10.2025/6R/101MEDIA/DSCF0039.JPG,DSCF0039.JPG,6R/101MEDIA,0,Other_Amphibian,0.5083,2550.7,2308.1,2694.0,2455.3
/srv/shared_leopard_toad/2025/Documents/06.10-13.10.2025/6R/101MEDIA/DSCF0039.JPG,DSCF0039.JPG,6R/101MEDIA,2,Western_Leopard_Toad,0.3093,2550.7,2308.1,2694.0,2455.3
/srv/shared_leopard_toad/2025/Documents/06.10-13.10.2025/6R/101MEDIA/DSCF0010.JPG,DSCF0010.JPG,6R/101MEDIA,0,Other_Amphibian,0.6758,2548.6,2307.3,2693.5,2456.1
/srv/shared_leopard_toad/2025/Documents/06.10-13.10.2025/6R/101MEDIA/DSCF0010.JPG,DSCF0010.JPG,6R/101MEDIA,2,Western_Leopard_Toad,0.4817,2548.6,2307.3,2693.5,2456.1
/srv/shared_leopard_toad/2025/Documents/06.10-13.10.2025/6R/101MEDIA/DSCF0016.JPG,DSCF0016.JPG,6R/101MEDIA,0,Other_Amphibian,0.4827,2548.5,2307.4,2693.7,2456.0
/srv/shared_leopard_toad/2025/Documents/06.10-13.10.2025/6R/101MEDIA/DSCF0016.JPG,DSCF0016.JPG,6R/101MEDIA,2,Western_Leopard_Toad,0.2900,2548.5,2307.4,2693.7,2456.0
/srv/shared_leopard_toad/2025/Documents/06.10-13.10.2025/6R/101MEDIA/DSCF0029.JPG,DSCF0029.JPG,6R/101MEDIA,0,Other_Amphibian,0.4761,2548.7,2309.7,2693.4,2456.6
/srv/shared_leopard_toad/2025/Documents/06.10-13.10.2025/6R/101MEDIA/DSCF0029.JPG,DSCF0029.JPG,6R/101MEDIA,2,Western_Leopard_Toad,0.3640,2548.7,2309.7,2693.4,2456.6
/srv/shared_leopard_toad/2025/Documents/06.10-13.10.2025/6R/101MEDIA/DSCF0027.JPG,DSCF0027.JPG,6R/101MEDIA,0,Other_Amphibian,0.6201,2549.1,2308.0,2693.0,2455.4
/srv/shared_leopard_toad/2025/Documents/06.10-13.10.2025/6R/101MEDIA/DSCF0027.JPG,DSCF0027.JPG,6R/101MEDIA,2,Western_Leopard_Toad,0.3857,2549.1,2308.0,2693.0,2455.4
/srv/shared_leopard_toad/2025/Documents/06.10-13.10.2025/6R/101MEDIA/DSCF0024.JPG,DSCF0024.JPG,6R/101MEDIA,0,Other_Amphibian,0.4692,2550.3,2309.9,2694.4,2456.5
/srv/shared_leopard_toad/2025/Documents/06.10-13.10.2025/6R/101MEDIA/DSCF0024.JPG,DSCF0024.JPG,6R/101MEDIA,2,Western_Leopard_Toad,0.3708,2550.3,2309.9,2694.4,2456.5
/srv/shared_leopard_toad/2025/Documents/06.10-13.10.2025/6R/101MEDIA/DSCF0014.JPG,DSCF0014.JPG,6R/101MEDIA,0,Other_Amphibian,0.6343,2548.2,2307.4,2693.9,2456.0
/srv/shared_leopard_toad/2025/Documents/06.10-13.10.2025/6R/101MEDIA/DSCF0014.JPG,DSCF0014.JPG,6R/101MEDIA,2,Western_Leopard_Toad,0.4724,2548.2,2307.4,2693.9,2456.0
/srv/shared_leopard_toad/2025/Documents/06.10-13.10.2025/6R/101MEDIA/DSCF0009.JPG,DSCF0009.JPG,6R/101MEDIA,0,Other_Amphibian,0.4617,2549.0,2308.2,2693.1,2455.2
/srv/shared_leopard_toad/2025/Documents/06.10-13.10.2025/6R/101MEDIA/DSCF0009.JPG,DSCF0009.JPG,6R/101MEDIA,2,Western_Leopard_Toad,0.2673,2549.0,2308.2,2693.1,2455.2
/srv/shared_leopard_toad/2025/Documents/06.10-13.10.2025/6R/106MEDIA/DSCF0911.JPG,DSCF0911.JPG,6R/106MEDIA,0,Other_Amphibian,0.3132,3441.8,804.6,3551.2,914.1
/srv/shared_leopard_toad/2025/Documents/06.10-13.10.2025/6R/106MEDIA/DSCF0911.JPG,DSCF0911.JPG,6R/106MEDIA,0,Other_Amphibian,0.2542,3438.9,804.0,3548.8,914.7
/srv/shared_leopard_toad/2025/Documents/06.10-13.10.2025/6R/106MEDIA/DSCF0651.JPG,DSCF0651.JPG,6R/106MEDIA,0,Other_Amphibian,0.2229,2723.2,-5.3,2925.8,61.3
/srv/shared_leopard_toad/2025/Documents/06.10-13.10.2025/6R/106MEDIA/DSCF0298.JPG,DSCF0298.JPG,6R/106MEDIA,0,Other_Amphibian,0.2053,2704.2,-5.7,2934.3,58.8
/srv/shared_leopard_toad/2025/Documents/06.10-13.10.2025/6R/106MEDIA/DSCF0141.JPG,DSCF0141.JPG,6R/106MEDIA,2,Western_Leopard_Toad,0.2949,418.2,334.2,571.4,491.2
/srv/shared_leopard_toad/2025/Documents/06.10-13.10.2025/6R/106MEDIA/DSCF0650.JPG,DSCF0650.JPG,6R/106MEDIA,0,Other_Amphibian,0.2123,2738.4,5.3,2921.1,76.3
/srv/shared_leopard_toad/2025/Documents/06.10-13.10.2025/6R/106MEDIA/DSCF0107.JPG,DSCF0107.JPG,6R/106MEDIA,0,Other_Amphibian,0.2316,2665.9,-4.5,2930.6,64.1
/srv/shared_leopard_toad/2025/Documents/06.10-13.10.2025/6R/106MEDIA/DSCF0594.JPG,DSCF0594.JPG,6R/106MEDIA,0,Other_Amphibian,0.2656,2727.1,-4.9,2927.1,65.7
/srv/shared_leopard_toad/2025/Documents/06.10-13.10.2025/6R/106MEDIA/DSCF0956.JPG,DSCF0956.JPG,6R/106MEDIA,0,Other_Amphibian,0.3105,387.8,1696.7,486.9,1832.3
/srv/shared_leopard_toad/2025/Documents/06.10-13.10.2025/6R/106MEDIA/DSCF0061.JPG,DSCF0061.JPG,6R/106MEDIA,2,Western_Leopard_Toad,0.6978,1406.3,1242.7,1578.3,1421.1
/srv/shared_leopard_toad/2025/Documents/06.10-13.10.2025/6R/106MEDIA/DSCF0061.JPG,DSCF0061.JPG,6R/106MEDIA,0,Other_Amphibian,0.3789,1406.3,1242.7,1578.3,1421.1
/srv/shared_leopard_toad/2025/Documents/06.10-13.10.2025/6R/106MEDIA/DSCF0167.JPG,DSCF0167.JPG,6R/106MEDIA,0,Other_Amphibian,0.3503,2721.6,-5.4,2922.2,62.5
/srv/shared_leopard_toad/2025/Documents/06.10-13.10.2025/6R/106MEDIA/DSCF0038.JPG,DSCF0038.JPG,6R/106MEDIA,2,Western_Leopard_Toad,0.8853,2948.4,2267.2,3167.9,2440.1
/srv/shared_leopard_toad/2025/Documents/06.10-13.10.2025/6R/106MEDIA/DSCF0038.JPG,DSCF0038.JPG,6R/106MEDIA,0,Other_Amphibian,0.2573,2948.4,2267.2,3167.9,2440.1
/srv/shared_leopard_toad/2025/Documents/06.10-13.10.2025/6R/106MEDIA/DSCF0089.JPG,DSCF0089.JPG,6R/106MEDIA,0,Other_Amphibian,0.2983,2697.7,-4.7,2919.8,64.8
/srv/shared_leopard_toad/2025/Documents/06.10-13.10.2025/6R/106MEDIA/DSCF0089.JPG,DSCF0089.JPG,6R/106MEDIA,0,Other_Amphibian,0.2695,2713.0,4.5,2920.2,72.4
/srv/shared_leopard_toad/2025/Documents/06.10-13.10.2025/6R/106MEDIA/DSCF0233.JPG,DSCF0233.JPG,6R/106MEDIA,0,Other_Amphibian,0.7217,2006.4,257.8,2170.0,408.1
/srv/shared_leopard_toad/2025/Documents/06.10-13.10.2025/6R/106MEDIA/DSCF0077.JPG,DSCF0077.JPG,6R/106MEDIA,2,Western_Leopard_Toad,0.2944,419.7,340.1,570.0,489.8
/srv/shared_leopard_toad/2025/Documents/06.10-13.10.2025/6R/106MEDIA/DSCF0051.JPG,DSCF0051.JPG,6R/106MEDIA,0,Other_Amphibian,0.8008,615.6,2725.5,769.1,2861.9
/srv/shared_leopard_toad/2025/Documents/06.10-13.10.2025/6R/106MEDIA/DSCF0341.JPG,DSCF0341.JPG,6R/106MEDIA,0,Other_Amphibian,0.2094,2696.2,-5.0,2942.3,63.1
/srv/shared_leopard_toad/2025/Documents/06.10-13.10.2025/6R/106MEDIA/DSCF0507.JPG,DSCF0507.JPG,6R/106MEDIA,2,Western_Leopard_Toad,0.9209,3660.7,2682.4,3873.0,2854.7
/srv/shared_leopard_toad/2025/Documents/06.10-13.10.2025/6R/106MEDIA/DSCF0507.JPG,DSCF0507.JPG,6R/106MEDIA,0,Other_Amphibian,0.2732,3660.7,2682.4,3873.0,2854.7
/srv/shared_leopard_toad/2025/Documents/06.10-13.10.2025/6R/106MEDIA/DSCF0795.JPG,DSCF0795.JPG,6R/106MEDIA,0,Other_Amphibian,0.2181,2711.5,-5.7,2932.3,61.9
/srv/shared_leopard_toad/2025/Documents/06.10-13.10.2025/6R/106MEDIA/DSCF0795.JPG,DSCF0795.JPG,6R/106MEDIA,0,Other_Amphibian,0.2023,2723.5,7.7,2930.7,73.5
/srv/shared_leopard_toad/2025/Documents/06.10-13.10.2025/6R/106MEDIA/DSCF0207.JPG,DSCF0207.JPG,6R/106MEDIA,2,Western_Leopard_Toad,0.2563,413.8,336.2,570.5,493.6
/srv/shared_leopard_toad/2025/Documents/06.10-13.10.2025/6R/106MEDIA/DSCF0366.JPG,DSCF0366.JPG,6R/106MEDIA,0,Other_Amphibian,0.8330,3104.1,2179.2,3279.9,2327.2
/srv/shared_leopard_toad/2025/Documents/06.10-13.10.2025/6R/106MEDIA/DSCF0067.JPG,DSCF0067.JPG,6R/106MEDIA,0,Other_Amphibian,0.5957,3904.6,1284.1,4070.1,1472.6
/srv/shared_leopard_toad/2025/Documents/06.10-13.10.2025/6R/106MEDIA/DSCF0067.JPG,DSCF0067.JPG,6R/106MEDIA,2,Western_Leopard_Toad,0.3032,3904.6,1284.1,4070.1,1472.6
/srv/shared_leopard_toad/2025/Documents/06.10-13.10.2025/6R/106MEDIA/DSCF0067.JPG,DSCF0067.JPG,6R/106MEDIA,0,Other_Amphibian,0.2130,2680.7,-4.8,2926.3,62.7
/srv/shared_leopard_toad/2025/Documents/06.10-13.10.2025/6R/106MEDIA/DSCF0305.JPG,DSCF0305.JPG,6R/106MEDIA,0,Other_Amphibian,0.2070,2739.5,6.6,2941.0,74.1
/srv/shared_leopard_toad/2025/Documents/06.10-13.10.2025/6R/106MEDIA/DSCF0923.JPG,DSCF0923.JPG,6R/106MEDIA,0,Other_Amphibian,0.7529,383.6,1696.4,491.2,1832.6
/srv/shared_leopard_toad/2025/Documents/06.10-13.10.2025/6R/106MEDIA/DSCF0936.JPG,DSCF0936.JPG,6R/106MEDIA,0,Other_Amphibian,0.4321,383.5,1692.1,485.3,1833.9
/srv/shared_leopard_toad/2025/Documents/06.10-13.10.2025/6R/106MEDIA/DSCF0324.JPG,DSCF0324.JPG,6R/106MEDIA,2,Western_Leopard_Toad,0.9653,1298.6,1285.6,1510.1,1531.7
/srv/shared_leopard_toad/2025/Documents/06.10-13.10.2025/6R/106MEDIA/DSCF0060.JPG,DSCF0060.JPG,6R/106MEDIA,2,Western_Leopard_Toad,0.3586,1407.0,1243.5,1580.2,1423.2
/srv/shared_leopard_toad/2025/Documents/06.10-13.10.2025/6R/106MEDIA/DSCF0060.JPG,DSCF0060.JPG,6R/106MEDIA,0,Other_Amphibian,0.2537,1407.0,1243.5,1580.2,1423.2
/srv/shared_leopard_toad/2025/Documents/06.10-13.10.2025/6R/106MEDIA/DSCF0949.JPG,DSCF0949.JPG,6R/106MEDIA,0,Other_Amphibian,0.2500,388.4,1698.1,488.3,1833.8
/srv/shared_leopard_toad/2025/Documents/06.10-13.10.2025/6R/106MEDIA/DSCF0308.JPG,DSCF0308.JPG,6R/106MEDIA,0,Other_Amphibian,0.2805,1559.4,1144.7,1729.7,1359.5
/srv/shared_leopard_toad/2025/Documents/06.10-13.10.2025/6R/106MEDIA/DSCF0308.JPG,DSCF0308.JPG,6R/106MEDIA,2,Western_Leopard_Toad,0.2710,1559.4,1144.7,1729.7,1359.5
/srv/shared_leopard_toad/2025/Documents/06.10-13.10.2025/6R/106MEDIA/DSCF0308.JPG,DSCF0308.JPG,6R/106MEDIA,0,Other_Amphibian,0.2113,2714.7,-5.3,2929.0,60.9
/srv/shared_leopard_toad/2025/Documents/06.10-13.10.2025/6R/106MEDIA/DSCF0385.JPG,DSCF0385.JPG,6R/106MEDIA,0,Other_Amphibian,0.2101,2745.4,5.7,2924.6,73.3
/srv/shared_leopard_toad/2025/Documents/06.10-13.10.2025/6R/106MEDIA/DSCF0041.JPG,DSCF0041.JPG,6R/106MEDIA,2,Western_Leopard_Toad,0.9458,2974.0,2238.6,3163.3,2433.3
/srv/shared_leopard_toad/2025/Documents/06.10-13.10.2025/6R/106MEDIA/DSCF0041.JPG,DSCF0041.JPG,6R/106MEDIA,0,Other_Amphibian,0.2166,2704.0,-5.7,2924.0,65.7
/srv/shared_leopard_toad/2025/Documents/06.10-13.10.2025/6R/106MEDIA/DSCF0925.JPG,DSCF0925.JPG,6R/106MEDIA,0,Other_Amphibian,0.2556,386.9,1699.5,487.8,1829.5
/srv/shared_leopard_toad/2025/Documents/06.10-13.10.2025/6R/106MEDIA/DSCF0959.JPG,DSCF0959.JPG,6R/106MEDIA,0,Other_Amphibian,0.2411,386.4,1691.3,483.7,1831.8
/srv/shared_leopard_toad/2025/Documents/06.10-13.10.2025/6R/106MEDIA/DSCF0451.JPG,DSCF0451.JPG,6R/106MEDIA,2,Western_Leopard_Toad,0.2556,4268.9,2755.5,4404.1,2858.4
/srv/shared_leopard_toad/2025/Documents/06.10-13.10.2025/6R/106MEDIA/DSCF0451.JPG,DSCF0451.JPG,6R/106MEDIA,2,Western_Leopard_Toad,0.2502,4268.3,2753.2,4404.7,2857.7
/srv/shared_leopard_toad/2025/Documents/06.10-13.10.2025/6R/106MEDIA/DSCF0057.JPG,DSCF0057.JPG,6R/106MEDIA,0,Other_Amphibian,0.2384,2721.0,5.8,2922.8,77.3
/srv/shared_leopard_toad/2025/Documents/06.10-13.10.2025/6R/106MEDIA/DSCF0165.JPG,DSCF0165.JPG,6R/106MEDIA,2,Western_Leopard_Toad,0.3418,3635.7,2761.8,3772.1,2858.0
/srv/shared_leopard_toad/2025/Documents/06.10-13.10.2025/6R/106MEDIA/DSCF0945.JPG,DSCF0945.JPG,6R/106MEDIA,0,Other_Amphibian,0.3684,387.6,1694.9,485.9,1834.1
/srv/shared_leopard_toad/2025/Documents/06.10-13.10.2025/6R/106MEDIA/DSCF0063.JPG,DSCF0063.JPG,6R/106MEDIA,2,Western_Leopard_Toad,0.6387,1409.0,1243.4,1578.3,1421.8
/srv/shared_leopard_toad/2025/Documents/06.10-13.10.2025/6R/106MEDIA/DSCF0036.JPG,DSCF0036.JPG,6R/106MEDIA,2,Western_Leopard_Toad,0.5771,2947.5,2266.2,3168.7,2441.0
/srv/shared_leopard_toad/2025/Documents/06.10-13.10.2025/6R/106MEDIA/DSCF0036.JPG,DSCF0036.JPG,6R/106MEDIA,0,Other_Amphibian,0.2961,2947.5,2266.2,3168.7,2441.0
/srv/shared_leopard_toad/2025/Documents/06.10-13.10.2025/6R/106MEDIA/DSCF0040.JPG,DSCF0040.JPG,6R/106MEDIA,2,Western_Leopard_Toad,0.5986,2948.0,2267.2,3168.3,2440.1
/srv/shared_leopard_toad/2025/Documents/06.10-13.10.2025/6R/106MEDIA/DSCF0040.JPG,DSCF0040.JPG,6R/106MEDIA,0,Other_Amphibian,0.5361,2948.0,2267.2,3168.3,2440.1
/srv/shared_leopard_toad/2025/Documents/06.10-13.10.2025/6R/106MEDIA/DSCF0315.JPG,DSCF0315.JPG,6R/106MEDIA,0,Other_Amphibian,0.2075,2741.1,5.1,2923.7,71.5
/srv/shared_leopard_toad/2025/Documents/06.10-13.10.2025/6R/106MEDIA/DSCF0637.JPG,DSCF0637.JPG,6R/106MEDIA,0,Other_Amphibian,0.2397,2717.8,-5.5,2947.0,62.9
/srv/shared_leopard_toad/2025/Documents/06.10-13.10.2025/6R/106MEDIA/DSCF0053.JPG,DSCF0053.JPG,6R/106MEDIA,0,Other_Amphibian,0.2413,2683.4,-4.1,2934.1,65.6
/srv/shared_leopard_toad/2025/Documents/06.10-13.10.2025/6R/106MEDIA/DSCF0955.JPG,DSCF0955.JPG,6R/106MEDIA,0,Other_Amphibian,0.2732,384.6,1698.0,486.9,1830.9
/srv/shared_leopard_toad/2025/Documents/06.10-13.10.2025/6R/106MEDIA/DSCF0930.JPG,DSCF0930.JPG,6R/106MEDIA,0,Other_Amphibian,0.5981,385.6,1695.1,485.9,1833.8
/srv/shared_leopard_toad/2025/Documents/06.10-13.10.2025/6R/106MEDIA/DSCF0320.JPG,DSCF0320.JPG,6R/106MEDIA,2,Western_Leopard_Toad,0.9639,1295.0,1287.1,1513.7,1530.2
/srv/shared_leopard_toad/2025/Documents/06.10-13.10.2025/6R/106MEDIA/DSCF0307.JPG,DSCF0307.JPG,6R/106MEDIA,0,Other_Amphibian,0.4863,1552.2,1153.1,1742.2,1368.9
/srv/shared_leopard_toad/2025/Documents/06.10-13.10.2025/6R/106MEDIA/DSCF0307.JPG,DSCF0307.JPG,6R/106MEDIA,2,Western_Leopard_Toad,0.2898,1552.2,1153.1,1742.2,1368.9
/srv/shared_leopard_toad/2025/Documents/06.10-13.10.2025/6R/106MEDIA/DSCF0106.JPG,DSCF0106.JPG,6R/106MEDIA,0,Other_Amphibian,0.3154,2693.2,-4.6,2929.5,62.9
/srv/shared_leopard_toad/2025/Documents/06.10-13.10.2025/6R/106MEDIA/DSCF0448.JPG,DSCF0448.JPG,6R/106MEDIA,0,Other_Amphibian,0.3579,1278.0,610.7,1444.2,753.6
/srv/shared_leopard_toad/2025/Documents/06.10-13.10.2025/6R/106MEDIA/DSCF0908.JPG,DSCF0908.JPG,6R/106MEDIA,0,Other_Amphibian,0.2224,3441.5,800.7,3551.5,907.7
/srv/shared_leopard_toad/2025/Documents/06.10-13.10.2025/6R/106MEDIA/DSCF0065.JPG,DSCF0065.JPG,6R/106MEDIA,0,Other_Amphibian,0.6904,3902.6,1295.1,4066.9,1480.9
/srv/shared_leopard_toad/2025/Documents/06.10-13.10.2025/6R/106MEDIA/DSCF0503.JPG,DSCF0503.JPG,6R/106MEDIA,0,Other_Amphibian,0.2323,2715.6,-5.7,2928.2,60.5
/srv/shared_leopard_toad/2025/Documents/06.10-13.10.2025/6R/106MEDIA/DSCF0211.JPG,DSCF0211.JPG,6R/106MEDIA,2,Western_Leopard_Toad,0.8828,4025.4,2485.5,4190.9,2673.6
/srv/shared_leopard_toad/2025/Documents/06.10-13.10.2025/6R/106MEDIA/DSCF0937.JPG,DSCF0937.JPG,6R/106MEDIA,0,Other_Amphibian,0.2059,387.6,1694.6,483.9,1834.4
/srv/shared_leopard_toad/2025/Documents/06.10-13.10.2025/6R/106MEDIA/DSCF0874.JPG,DSCF0874.JPG,6R/106MEDIA,0,Other_Amphibian,0.2405,2716.1,-5.1,2938.2,63.4
/srv/shared_leopard_toad/2025/Documents/06.10-13.10.2025/6R/106MEDIA/DSCF0548.JPG,DSCF0548.JPG,6R/106MEDIA,0,Other_Amphibian,0.2084,2716.7,-5.4,2932.3,60.2
/srv/shared_leopard_toad/2025/Documents/06.10-13.10.2025/6R/106MEDIA/DSCF0091.JPG,DSCF0091.JPG,6R/106MEDIA,0,Other_Amphibian,0.2084,2736.7,6.2,2922.8,74.1
/srv/shared_leopard_toad/2025/Documents/06.10-13.10.2025/6R/106MEDIA/DSCF0706.JPG,DSCF0706.JPG,6R/106MEDIA,0,Other_Amphibian,0.4082,2947.4,2244.4,3116.4,2406.8
/srv/shared_leopard_toad/2025/Documents/06.10-13.10.2025/6R/106MEDIA/DSCF0086.JPG,DSCF0086.JPG,6R/106MEDIA,0,Other_Amphibian,0.2051,2696.4,-5.9,2931.6,60.7
/srv/shared_leopard_toad/2025/Documents/06.10-13.10.2025/6R/106MEDIA/DSCF0527.JPG,DSCF0527.JPG,6R/106MEDIA,0,Other_Amphibian,0.8608,3926.9,369.0,4068.9,528.1
/srv/shared_leopard_toad/2025/Documents/06.10-13.10.2025/6R/106MEDIA/DSCF0527.JPG,DSCF0527.JPG,6R/106MEDIA,2,Western_Leopard_Toad,0.3083,3926.9,369.0,4068.9,528.1
/srv/shared_leopard_toad/2025/Documents/06.10-13.10.2025/6R/106MEDIA/DSCF0059.JPG,DSCF0059.JPG,6R/106MEDIA,0,Other_Amphibian,0.2693,2714.2,5.6,2919.1,72.6
/srv/shared_leopard_toad/2025/Documents/06.10-13.10.2025/6R/106MEDIA/DSCF0059.JPG,DSCF0059.JPG,6R/106MEDIA,0,Other_Amphibian,0.2028,1340.4,1271.4,1534.0,1476.5
/srv/shared_leopard_toad/2025/Documents/06.10-13.10.2025/6R/106MEDIA/DSCF0088.JPG,DSCF0088.JPG,6R/106MEDIA,0,Other_Amphibian,0.2031,2713.5,5.0,2930.2,74.4
/srv/shared_leopard_toad/2025/Documents/06.10-13.10.2025/6R/106MEDIA/DSCF0625.JPG,DSCF0625.JPG,6R/106MEDIA,0,Other_Amphibian,0.2334,2721.0,-5.6,2933.3,62.5
/srv/shared_leopard_toad/2025/Documents/06.10-13.10.2025/6R/106MEDIA/DSCF0727.JPG,DSCF0727.JPG,6R/106MEDIA,0,Other_Amphibian,0.3506,1460.0,1097.9,1550.9,1210.0
/srv/shared_leopard_toad/2025/Documents/06.10-13.10.2025/6R/106MEDIA/DSCF0087.JPG,DSCF0087.JPG,6R/106MEDIA,0,Other_Amphibian,0.3098,2717.1,4.0,2926.6,74.4
/srv/shared_leopard_toad/2025/Documents/06.10-13.10.2025/6R/106MEDIA/DSCF0087.JPG,DSCF0087.JPG,6R/106MEDIA,0,Other_Amphibian,0.2229,2698.9,-5.8,2929.1,65.9
/srv/shared_leopard_toad/2025/Documents/06.10-13.10.2025/6R/106MEDIA/DSCF0381.JPG,DSCF0381.JPG,6R/106MEDIA,2,Western_Leopard_Toad,0.5933,488.4,1198.8,713.8,1435.4
/srv/shared_leopard_toad/2025/Documents/06.10-13.10.2025/6R/106MEDIA/DSCF0947.JPG,DSCF0947.JPG,6R/106MEDIA,0,Other_Amphibian,0.4109,386.4,1692.1,485.1,1833.9
/srv/shared_leopard_toad/2025/Documents/06.10-13.10.2025/6R/106MEDIA/DSCF0232.JPG,DSCF0232.JPG,6R/106MEDIA,0,Other_Amphibian,0.2068,2013.2,257.4,2176.3,408.5
/srv/shared_leopard_toad/2025/Documents/06.10-13.10.2025/6R/106MEDIA/DSCF0048.JPG,DSCF0048.JPG,6R/106MEDIA,0,Other_Amphibian,0.2202,2677.3,-4.5,2935.0,64.4
/srv/shared_leopard_toad/2025/Documents/06.10-13.10.2025/6R/106MEDIA/DSCF0319.JPG,DSCF0319.JPG,6R/106MEDIA,2,Western_Leopard_Toad,0.9663,1293.6,1288.4,1509.9,1531.8
/srv/shared_leopard_toad/2025/Documents/06.10-13.10.2025/6R/106MEDIA/DSCF0643.JPG,DSCF0643.JPG,6R/106MEDIA,0,Other_Amphibian,0.2352,2729.8,-4.9,2935.0,63.8
/srv/shared_leopard_toad/2025/Documents/06.10-13.10.2025/6R/106MEDIA/DSCF0323.JPG,DSCF0323.JPG,6R/106MEDIA,2,Western_Leopard_Toad,0.9673,1291.6,1286.5,1514.5,1530.8
/srv/shared_leopard_toad/2025/Documents/06.10-13.10.2025/6R/106MEDIA/DSCF0901.JPG,DSCF0901.JPG,6R/106MEDIA,0,Other_Amphibian,0.2744,3444.6,803.7,3553.7,909.1
/srv/shared_leopard_toad/2025/Documents/06.10-13.10.2025/6R/106MEDIA/DSCF0901.JPG,DSCF0901.JPG,6R/106MEDIA,0,Other_Amphibian,0.2104,3441.9,804.2,3551.1,908.6
/srv/shared_leopard_toad/2025/Documents/06.10-13.10.2025/6R/106MEDIA/DSCF0098.JPG,DSCF0098.JPG,6R/106MEDIA,0,Other_Amphibian,0.2216,2688.7,-4.4,2918.3,62.5
/srv/shared_leopard_toad/2025/Documents/06.10-13.10.2025/6R/106MEDIA/DSCF0112.JPG,DSCF0112.JPG,6R/106MEDIA,0,Other_Amphibian,0.2598,2686.0,-4.7,2926.2,66.2
/srv/shared_leopard_toad/2025/Documents/06.10-13.10.2025/6R/106MEDIA/DSCF0710.JPG,DSCF0710.JPG,6R/106MEDIA,0,Other_Amphibian,0.5605,1808.2,2020.0,1971.8,2179.4
/srv/shared_leopard_toad/2025/Documents/06.10-13.10.2025/6R/106MEDIA/DSCF0406.JPG,DSCF0406.JPG,6R/106MEDIA,0,Other_Amphibian,0.2039,2695.4,-4.5,2922.1,61.2
/srv/shared_leopard_toad/2025/Documents/06.10-13.10.2025/6R/106MEDIA/DSCF0128.JPG,DSCF0128.JPG,6R/106MEDIA,0,Other_Amphibian,0.2930,5011.7,1224.8,5120.8,1362.2
/srv/shared_leopard_toad/2025/Documents/06.10-13.10.2025/6R/106MEDIA/DSCF0198.JPG,DSCF0198.JPG,6R/106MEDIA,0,Other_Amphibian,0.2043,2713.7,-5.6,2930.1,61.2
/srv/shared_leopard_toad/2025/Documents/06.10-13.10.2025/6R/106MEDIA/DSCF0075.JPG,DSCF0075.JPG,6R/106MEDIA,0,Other_Amphibian,0.3052,2690.6,-4.7,2926.9,63.4
/srv/shared_leopard_toad/2025/Documents/06.10-13.10.2025/6R/106MEDIA/DSCF0958.JPG,DSCF0958.JPG,6R/106MEDIA,0,Other_Amphibian,0.2700,391.7,1694.4,487.7,1831.6
/srv/shared_leopard_toad/2025/Documents/06.10-13.10.2025/6R/106MEDIA/DSCF0337.JPG,DSCF0337.JPG,6R/106MEDIA,0,Other_Amphibian,0.2009,2702.7,-5.0,2935.8,58.5
/srv/shared_leopard_toad/2025/Documents/06.10-13.10.2025/6R/106MEDIA/DSCF0083.JPG,DSCF0083.JPG,6R/106MEDIA,0,Other_Amphibian,0.2437,2712.7,5.7,2931.1,72.7
/srv/shared_leopard_toad/2025/Documents/06.10-13.10.2025/6R/106MEDIA/DSCF0120.JPG,DSCF0120.JPG,6R/106MEDIA,0,Other_Amphibian,0.2805,2687.3,-4.7,2919.7,65.7
/srv/shared_leopard_toad/2025/Documents/06.10-13.10.2025/6R/106MEDIA/DSCF0715.JPG,DSCF0715.JPG,6R/106MEDIA,0,Other_Amphibian,0.8901,3570.5,2333.0,3737.5,2489.5
/srv/shared_leopard_toad/2025/Documents/06.10-13.10.2025/6R/106MEDIA/DSCF0219.JPG,DSCF0219.JPG,6R/106MEDIA,2,Western_Leopard_Toad,0.8550,4006.2,2346.0,4178.5,2547.3
/srv/shared_leopard_toad/2025/Documents/06.10-13.10.2025/6R/106MEDIA/DSCF0219.JPG,DSCF0219.JPG,6R/106MEDIA,0,Other_Amphibian,0.2595,4006.2,2346.0,4178.5,2547.3
/srv/shared_leopard_toad/2025/Documents/06.10-13.10.2025/6R/106MEDIA/DSCF0905.JPG,DSCF0905.JPG,6R/106MEDIA,0,Other_Amphibian,0.6328,3439.0,802.4,3548.8,910.4
/srv/shared_leopard_toad/2025/Documents/06.10-13.10.2025/6R/106MEDIA/DSCF0905.JPG,DSCF0905.JPG,6R/106MEDIA,0,Other_Amphibian,0.4663,3438.4,801.9,3549.4,910.9
/srv/shared_leopard_toad/2025/Documents/06.10-13.10.2025/6R/106MEDIA/DSCF0498.JPG,DSCF0498.JPG,6R/106MEDIA,0,Other_Amphibian,0.7549,4038.8,2587.3,4193.2,2722.4
/srv/shared_leopard_toad/2025/Documents/06.10-13.10.2025/6R/106MEDIA/DSCF0498.JPG,DSCF0498.JPG,6R/106MEDIA,2,Western_Leopard_Toad,0.2976,4249.0,1384.1,4403.0,1564.6
/srv/shared_leopard_toad/2025/Documents/06.10-13.10.2025/6R/106MEDIA/DSCF0960.JPG,DSCF0960.JPG,6R/106MEDIA,0,Other_Amphibian,0.2827,388.9,1694.7,482.6,1831.4
/srv/shared_leopard_toad/2025/Documents/06.10-13.10.2025/6R/106MEDIA/DSCF0066.JPG,DSCF0066.JPG,6R/106MEDIA,0,Other_Amphibian,0.7163,3904.4,1281.2,4065.1,1471.1
/srv/shared_leopard_toad/2025/Documents/06.10-13.10.2025/6R/106MEDIA/DSCF0066.JPG,DSCF0066.JPG,6R/106MEDIA,2,Western_Leopard_Toad,0.2761,3904.4,1281.2,4065.1,1471.1
/srv/shared_leopard_toad/2025/Documents/06.10-13.10.2025/6R/106MEDIA/DSCF0452.JPG,DSCF0452.JPG,6R/106MEDIA,2,Western_Leopard_Toad,0.8149,2909.7,2743.5,3075.3,2858.5
/srv/shared_leopard_toad/2025/Documents/06.10-13.10.2025/6R/106MEDIA/DSCF0452.JPG,DSCF0452.JPG,6R/106MEDIA,0,Other_Amphibian,0.6045,2909.7,2743.5,3075.3,2858.5
/srv/shared_leopard_toad/2025/Documents/06.10-13.10.2025/6R/106MEDIA/DSCF0382.JPG,DSCF0382.JPG,6R/106MEDIA,2,Western_Leopard_Toad,0.9609,719.4,1408.5,931.7,1656.8
/srv/shared_leopard_toad/2025/Documents/06.10-13.10.2025/6R/106MEDIA/DSCF0557.JPG,DSCF0557.JPG,6R/106MEDIA,0,Other_Amphibian,0.3350,2721.1,-4.4,2922.6,64.5
/srv/shared_leopard_toad/2025/Documents/06.10-13.10.2025/6R/106MEDIA/DSCF0321.JPG,DSCF0321.JPG,6R/106MEDIA,2,Western_Leopard_Toad,0.9683,1296.2,1289.7,1512.6,1533.5
/srv/shared_leopard_toad/2025/Documents/06.10-13.10.2025/6R/106MEDIA/DSCF0218.JPG,DSCF0218.JPG,6R/106MEDIA,2,Western_Leopard_Toad,0.4121,4030.7,2394.8,4227.6,2566.5
/srv/shared_leopard_toad/2025/Documents/06.10-13.10.2025/6R/106MEDIA/DSCF0037.JPG,DSCF0037.JPG,6R/106MEDIA,2,Western_Leopard_Toad,0.7349,2948.9,2267.5,3167.3,2439.8
/srv/shared_leopard_toad/2025/Documents/06.10-13.10.2025/6R/106MEDIA/DSCF0037.JPG,DSCF0037.JPG,6R/106MEDIA,0,Other_Amphibian,0.6582,2948.9,2267.5,3167.3,2439.8
/srv/shared_leopard_toad/2025/Documents/06.10-13.10.2025/6R/106MEDIA/DSCF0069.JPG,DSCF0069.JPG,6R/106MEDIA,0,Other_Amphibian,0.2032,2678.9,-4.6,2933.4,63.8
/srv/shared_leopard_toad/2025/Documents/06.10-13.10.2025/6R/106MEDIA/DSCF0062.JPG,DSCF0062.JPG,6R/106MEDIA,2,Western_Leopard_Toad,0.7407,1404.7,1243.2,1577.3,1422.0
/srv/shared_leopard_toad/2025/Documents/06.10-13.10.2025/6R/106MEDIA/DSCF0062.JPG,DSCF0062.JPG,6R/106MEDIA,0,Other_Amphibian,0.4102,1404.7,1243.2,1577.3,1422.0
/srv/shared_leopard_toad/2025/Documents/06.10-13.10.2025/6R/106MEDIA/DSCF0951.JPG,DSCF0951.JPG,6R/106MEDIA,0,Other_Amphibian,0.2017,388.1,1694.6,488.6,1831.4
/srv/shared_leopard_toad/2025/Documents/06.10-13.10.2025/6R/106MEDIA/DSCF0103.JPG,DSCF0103.JPG,6R/106MEDIA,0,Other_Amphibian,0.2695,2735.7,5.1,2929.0,72.2
/srv/shared_leopard_toad/2025/Documents/06.10-13.10.2025/6R/106MEDIA/DSCF0920.JPG,DSCF0920.JPG,6R/106MEDIA,0,Other_Amphibian,0.2031,386.9,1685.5,486.6,1828.7
/srv/shared_leopard_toad/2025/Documents/06.10-13.10.2025/6R/106MEDIA/DSCF0039.JPG,DSCF0039.JPG,6R/106MEDIA,2,Western_Leopard_Toad,0.6777,2947.3,2265.9,3168.9,2438.5
/srv/shared_leopard_toad/2025/Documents/06.10-13.10.2025/6R/106MEDIA/DSCF0039.JPG,DSCF0039.JPG,6R/106MEDIA,0,Other_Amphibian,0.2864,2947.3,2265.9,3168.9,2438.5
/srv/shared_leopard_toad/2025/Documents/06.10-13.10.2025/6R/106MEDIA/DSCF0599.JPG,DSCF0599.JPG,6R/106MEDIA,0,Other_Amphibian,0.2311,2715.7,-4.5,2933.3,64.8
/srv/shared_leopard_toad/2025/Documents/06.10-13.10.2025/6R/106MEDIA/DSCF0600.JPG,DSCF0600.JPG,6R/106MEDIA,0,Other_Amphibian,0.2063,2713.3,-5.2,2935.7,62.1
/srv/shared_leopard_toad/2025/Documents/06.10-13.10.2025/6R/106MEDIA/DSCF0217.JPG,DSCF0217.JPG,6R/106MEDIA,0,Other_Amphibian,0.3936,4006.5,2469.2,4204.5,2648.6
/srv/shared_leopard_toad/2025/Documents/06.10-13.10.2025/6R/106MEDIA/DSCF0935.JPG,DSCF0935.JPG,6R/106MEDIA,0,Other_Amphibian,0.4834,387.2,1697.6,484.3,1828.4
/srv/shared_leopard_toad/2025/Documents/06.10-13.10.2025/6R/106MEDIA/DSCF0064.JPG,DSCF0064.JPG,6R/106MEDIA,2,Western_Leopard_Toad,0.4766,1409.1,1241.0,1575.5,1416.8
/srv/shared_leopard_toad/2025/Documents/06.10-13.10.2025/6R/106MEDIA/DSCF0081.JPG,DSCF0081.JPG,6R/106MEDIA,0,Other_Amphibian,0.2339,2688.2,-4.9,2929.3,64.7
/srv/shared_leopard_toad/2025/Documents/06.10-13.10.2025/6R/106MEDIA/DSCF0241.JPG,DSCF0241.JPG,6R/106MEDIA,0,Other_Amphibian,0.2207,2726.1,6.2,2933.4,72.8
/srv/shared_leopard_toad/2025/Documents/06.10-13.10.2025/6R/106MEDIA/DSCF0664.JPG,DSCF0664.JPG,6R/106MEDIA,0,Other_Amphibian,0.2074,2714.5,-5.1,2934.5,60.5
/srv/shared_leopard_toad/2025/Documents/06.10-13.10.2025/6R/106MEDIA/DSCF0357.JPG,DSCF0357.JPG,6R/106MEDIA,0,Other_Amphibian,0.2004,2733.4,6.4,2926.1,74.5
/srv/shared_leopard_toad/2025/Documents/06.10-13.10.2025/6R/106MEDIA/DSCF0309.JPG,DSCF0309.JPG,6R/106MEDIA,0,Other_Amphibian,0.6001,1567.5,1144.2,1729.5,1358.6
/srv/shared_leopard_toad/2025/Documents/06.10-13.10.2025/6R/106MEDIA/DSCF0309.JPG,DSCF0309.JPG,6R/106MEDIA,2,Western_Leopard_Toad,0.3494,1567.5,1144.2,1729.5,1358.6
/srv/shared_leopard_toad/2025/Documents/06.10-13.10.2025/6R/106MEDIA/DSCF0910.JPG,DSCF0910.JPG,6R/106MEDIA,0,Other_Amphibian,0.2040,3441.1,802.7,3551.9,910.2
/srv/shared_leopard_toad/2025/Documents/06.10-13.10.2025/6R/106MEDIA/DSCF0497.JPG,DSCF0497.JPG,6R/106MEDIA,0,Other_Amphibian,0.7612,4040.0,2587.3,4192.0,2722.4
/srv/shared_leopard_toad/2025/Documents/06.10-13.10.2025/6R/106MEDIA/DSCF0318.JPG,DSCF0318.JPG,6R/106MEDIA,2,Western_Leopard_Toad,0.9683,1293.0,1289.2,1510.5,1534.0
/srv/shared_leopard_toad/2025/Documents/06.10-13.10.2025/6R/106MEDIA/DSCF0235.JPG,DSCF0235.JPG,6R/106MEDIA,0,Other_Amphibian,0.7847,2005.6,258.3,2170.8,408.8
/srv/shared_leopard_toad/2025/Documents/06.10-13.10.2025/6R/106MEDIA/DSCF0310.JPG,DSCF0310.JPG,6R/106MEDIA,0,Other_Amphibian,0.2042,1567.6,1149.2,1729.4,1358.0
/srv/shared_leopard_toad/2025/Documents/06.10-13.10.2025/6R/106MEDIA/DSCF0317.JPG,DSCF0317.JPG,6R/106MEDIA,2,Western_Leopard_Toad,0.9648,1292.6,1285.1,1508.2,1535.2
/srv/shared_leopard_toad/2025/Documents/06.10-13.10.2025/6R/106MEDIA/DSCF0234.JPG,DSCF0234.JPG,6R/106MEDIA,0,Other_Amphibian,0.8579,2007.1,259.1,2169.2,407.9
/srv/shared_leopard_toad/2025/Documents/06.10-13.10.2025/6R/106MEDIA/DSCF0270.JPG,DSCF0270.JPG,6R/106MEDIA,0,Other_Amphibian,0.3352,2712.9,-4.8,2936.1,63.0
/srv/shared_leopard_toad/2025/Documents/06.10-13.10.2025/6R/106MEDIA/DSCF0270.JPG,DSCF0270.JPG,6R/106MEDIA,0,Other_Amphibian,0.2825,2736.6,6.6,2933.4,74.6
/srv/shared_leopard_toad/2025/Documents/06.10-13.10.2025/6R/106MEDIA/DSCF0450.JPG,DSCF0450.JPG,6R/106MEDIA,2,Western_Leopard_Toad,0.4790,4269.6,2755.4,4403.4,2858.5
/srv/shared_leopard_toad/2025/Documents/06.10-13.10.2025/6R/106MEDIA/DSCF0677.JPG,DSCF0677.JPG,6R/106MEDIA,0,Other_Amphibian,0.2240,2721.7,-5.3,2922.0,62.0
/srv/shared_leopard_toad/2025/Documents/06.10-13.10.2025/6R/106MEDIA/DSCF0322.JPG,DSCF0322.JPG,6R/106MEDIA,2,Western_Leopard_Toad,0.9648,1294.2,1288.3,1514.5,1530.5
/srv/shared_leopard_toad/2025/Documents/06.10-13.10.2025/6R/106MEDIA/DSCF0447.JPG,DSCF0447.JPG,6R/106MEDIA,0,Other_Amphibian,0.3865,1276.7,609.8,1445.4,756.7
/srv/shared_leopard_toad/2025/Documents/06.10-13.10.2025/6R/106MEDIA/DSCF0361.JPG,DSCF0361.JPG,6R/106MEDIA,0,Other_Amphibian,0.2477,428.1,2547.9,540.5,2679.1
/srv/shared_leopard_toad/2025/Documents/06.10-13.10.2025/6R/106MEDIA/DSCF0361.JPG,DSCF0361.JPG,6R/106MEDIA,0,Other_Amphibian,0.2007,428.3,2547.9,540.3,2679.1
/srv/shared_leopard_toad/2025/Documents/06.10-13.10.2025/6R/109MEDIA/DSCF0135.JPG,DSCF0135.JPG,6R/109MEDIA,2,Western_Leopard_Toad,0.7822,403.3,340.1,558.8,496.4
/srv/shared_leopard_toad/2025/Documents/06.10-13.10.2025/6R/109MEDIA/DSCF0404.JPG,DSCF0404.JPG,6R/109MEDIA,2,Western_Leopard_Toad,0.8652,410.7,340.9,566.5,501.5
/srv/shared_leopard_toad/2025/Documents/06.10-13.10.2025/6R/109MEDIA/DSCF0537.JPG,DSCF0537.JPG,6R/109MEDIA,2,Western_Leopard_Toad,0.3799,412.9,341.9,564.3,503.4
/srv/shared_leopard_toad/2025/Documents/06.10-13.10.2025/6R/109MEDIA/DSCF0358.JPG,DSCF0358.JPG,6R/109MEDIA,2,Western_Leopard_Toad,0.5361,404.0,342.6,564.6,503.5
/srv/shared_leopard_toad/2025/Documents/06.10-13.10.2025/6R/109MEDIA/DSCF0012.JPG,DSCF0012.JPG,6R/109MEDIA,2,Western_Leopard_Toad,0.7754,409.3,339.7,564.5,504.8
/srv/shared_leopard_toad/2025/Documents/06.10-13.10.2025/6R/109MEDIA/DSCF0012.JPG,DSCF0012.JPG,6R/109MEDIA,0,Other_Amphibian,0.2156,3122.7,357.6,3387.3,660.5
/srv/shared_leopard_toad/2025/Documents/06.10-13.10.2025/6R/109MEDIA/DSCF0488.JPG,DSCF0488.JPG,6R/109MEDIA,2,Western_Leopard_Toad,0.8989,408.7,343.1,568.4,506.7
/srv/shared_leopard_toad/2025/Documents/06.10-13.10.2025/6R/109MEDIA/DSCF0488.JPG,DSCF0488.JPG,6R/109MEDIA,2,Western_Leopard_Toad,0.2864,596.9,1833.7,841.6,2064.4
/srv/shared_leopard_toad/2025/Documents/06.10-13.10.2025/6R/109MEDIA/DSCF0541.JPG,DSCF0541.JPG,6R/109MEDIA,2,Western_Leopard_Toad,0.4968,406.9,343.0,565.0,504.5
/srv/shared_leopard_toad/2025/Documents/06.10-13.10.2025/6R/109MEDIA/DSCF0541.JPG,DSCF0541.JPG,6R/109MEDIA,0,Other_Amphibian,0.2290,3120.7,355.2,3389.3,665.1
/srv/shared_leopard_toad/2025/Documents/06.10-13.10.2025/6R/109MEDIA/DSCF0519.JPG,DSCF0519.JPG,6R/109MEDIA,2,Western_Leopard_Toad,0.8779,407.3,341.8,568.5,505.7
/srv/shared_leopard_toad/2025/Documents/06.10-13.10.2025/6R/109MEDIA/DSCF0589.JPG,DSCF0589.JPG,6R/109MEDIA,2,Western_Leopard_Toad,0.9136,412.5,340.5,566.6,509.3
/srv/shared_leopard_toad/2025/Documents/06.10-13.10.2025/6R/109MEDIA/DSCF0466.JPG,DSCF0466.JPG,6R/109MEDIA,2,Western_Leopard_Toad,0.6592,416.4,342.4,564.7,505.1
/srv/shared_leopard_toad/2025/Documents/06.10-13.10.2025/6R/109MEDIA/DSCF0443.JPG,DSCF0443.JPG,6R/109MEDIA,2,Western_Leopard_Toad,0.8564,409.1,339.9,566.7,504.7
/srv/shared_leopard_toad/2025/Documents/06.10-13.10.2025/6R/109MEDIA/DSCF0215.JPG,DSCF0215.JPG,6R/109MEDIA,2,Western_Leopard_Toad,0.7070,410.2,339.1,561.7,501.8
/srv/shared_leopard_toad/2025/Documents/06.10-13.10.2025/6R/109MEDIA/DSCF0173.JPG,DSCF0173.JPG,6R/109MEDIA,2,Western_Leopard_Toad,0.8599,413.5,340.0,562.4,504.6
/srv/shared_leopard_toad/2025/Documents/06.10-13.10.2025/6R/109MEDIA/DSCF0279.JPG,DSCF0279.JPG,6R/109MEDIA,2,Western_Leopard_Toad,0.3228,403.3,342.6,568.6,505.0
/srv/shared_leopard_toad/2025/Documents/06.10-13.10.2025/6R/109MEDIA/DSCF0464.JPG,DSCF0464.JPG,6R/109MEDIA,2,Western_Leopard_Toad,0.7993,415.4,340.6,565.7,506.9
/srv/shared_leopard_toad/2025/Documents/06.10-13.10.2025/6R/109MEDIA/DSCF0455.JPG,DSCF0455.JPG,6R/109MEDIA,2,Western_Leopard_Toad,0.7578,412.0,342.6,569.1,507.2
/srv/shared_leopard_toad/2025/Documents/06.10-13.10.2025/6R/109MEDIA/DSCF0001.JPG,DSCF0001.JPG,6R/109MEDIA,2,Western_Leopard_Toad,0.7930,411.3,339.2,564.5,499.5
/srv/shared_leopard_toad/2025/Documents/06.10-13.10.2025/6R/109MEDIA/DSCF0407.JPG,DSCF0407.JPG,6R/109MEDIA,2,Western_Leopard_Toad,0.7910,413.2,340.3,569.3,502.1
/srv/shared_leopard_toad/2025/Documents/06.10-13.10.2025/6R/109MEDIA/DSCF0416.JPG,DSCF0416.JPG,6R/109MEDIA,2,Western_Leopard_Toad,0.4478,408.0,340.6,565.9,505.4
/srv/shared_leopard_toad/2025/Documents/06.10-13.10.2025/6R/109MEDIA/DSCF0651.JPG,DSCF0651.JPG,6R/109MEDIA,2,Western_Leopard_Toad,0.6426,407.6,341.3,564.3,510.7
/srv/shared_leopard_toad/2025/Documents/06.10-13.10.2025/6R/109MEDIA/DSCF0514.JPG,DSCF0514.JPG,6R/109MEDIA,2,Western_Leopard_Toad,0.4292,407.9,341.2,564.0,504.8
/srv/shared_leopard_toad/2025/Documents/06.10-13.10.2025/6R/109MEDIA/DSCF0514.JPG,DSCF0514.JPG,6R/109MEDIA,0,Other_Amphibian,0.2185,3123.1,357.2,3392.2,662.3
/srv/shared_leopard_toad/2025/Documents/06.10-13.10.2025/6R/109MEDIA/DSCF0298.JPG,DSCF0298.JPG,6R/109MEDIA,2,Western_Leopard_Toad,0.7998,409.9,340.8,566.0,505.3
/srv/shared_leopard_toad/2025/Documents/06.10-13.10.2025/6R/109MEDIA/DSCF0417.JPG,DSCF0417.JPG,6R/109MEDIA,2,Western_Leopard_Toad,0.5640,411.1,340.9,564.8,501.5
/srv/shared_leopard_toad/2025/Documents/06.10-13.10.2025/6R/109MEDIA/DSCF0141.JPG,DSCF0141.JPG,6R/109MEDIA,2,Western_Leopard_Toad,0.9038,410.4,339.9,566.8,503.2
/srv/shared_leopard_toad/2025/Documents/06.10-13.10.2025/6R/109MEDIA/DSCF0543.JPG,DSCF0543.JPG,6R/109MEDIA,2,Western_Leopard_Toad,0.2615,408.3,341.5,565.6,508.2
/srv/shared_leopard_toad/2025/Documents/06.10-13.10.2025/6R/109MEDIA/DSCF0325.JPG,DSCF0325.JPG,6R/109MEDIA,2,Western_Leopard_Toad,0.6650,410.4,341.8,566.8,504.2
/srv/shared_leopard_toad/2025/Documents/06.10-13.10.2025/6R/109MEDIA/DSCF0650.JPG,DSCF0650.JPG,6R/109MEDIA,2,Western_Leopard_Toad,0.9160,410.2,344.2,563.7,507.8
/srv/shared_leopard_toad/2025/Documents/06.10-13.10.2025/6R/109MEDIA/DSCF0107.JPG,DSCF0107.JPG,6R/109MEDIA,2,Western_Leopard_Toad,0.7520,408.1,340.6,560.5,495.9
/srv/shared_leopard_toad/2025/Documents/06.10-13.10.2025/6R/109MEDIA/DSCF0562.JPG,DSCF0562.JPG,6R/109MEDIA,2,Western_Leopard_Toad,0.7222,407.4,341.9,564.5,502.7
/srv/shared_leopard_toad/2025/Documents/06.10-13.10.2025/6R/109MEDIA/DSCF0446.JPG,DSCF0446.JPG,6R/109MEDIA,2,Western_Leopard_Toad,0.4780,401.5,343.3,567.1,507.9
/srv/shared_leopard_toad/2025/Documents/06.10-13.10.2025/6R/109MEDIA/DSCF0512.JPG,DSCF0512.JPG,6R/109MEDIA,2,Western_Leopard_Toad,0.8989,407.5,343.3,568.4,506.5
/srv/shared_leopard_toad/2025/Documents/06.10-13.10.2025/6R/109MEDIA/DSCF0512.JPG,DSCF0512.JPG,6R/109MEDIA,2,Western_Leopard_Toad,0.2844,406.9,342.6,570.2,505.0
/srv/shared_leopard_toad/2025/Documents/06.10-13.10.2025/6R/109MEDIA/DSCF0282.JPG,DSCF0282.JPG,6R/109MEDIA,2,Western_Leopard_Toad,0.4839,406.7,340.1,569.1,505.2
/srv/shared_leopard_toad/2025/Documents/06.10-13.10.2025/6R/109MEDIA/DSCF0430.JPG,DSCF0430.JPG,6R/109MEDIA,0,Other_Amphibian,0.2115,3123.7,358.3,3381.1,653.8
/srv/shared_leopard_toad/2025/Documents/06.10-13.10.2025/6R/109MEDIA/DSCF0221.JPG,DSCF0221.JPG,6R/109MEDIA,2,Western_Leopard_Toad,0.6479,403.3,342.1,562.1,501.0
/srv/shared_leopard_toad/2025/Documents/06.10-13.10.2025/6R/109MEDIA/DSCF0442.JPG,DSCF0442.JPG,6R/109MEDIA,2,Western_Leopard_Toad,0.3262,404.8,342.4,563.8,502.2
/srv/shared_leopard_toad/2025/Documents/06.10-13.10.2025/6R/109MEDIA/DSCF0667.JPG,DSCF0667.JPG,6R/109MEDIA,2,Western_Leopard_Toad,0.6533,411.5,341.2,567.6,506.3
/srv/shared_leopard_toad/2025/Documents/06.10-13.10.2025/6R/109MEDIA/DSCF0311.JPG,DSCF0311.JPG,6R/109MEDIA,2,Western_Leopard_Toad,0.8232,408.2,342.5,570.9,504.3
/srv/shared_leopard_toad/2025/Documents/06.10-13.10.2025/6R/109MEDIA/DSCF0565.JPG,DSCF0565.JPG,6R/109MEDIA,2,Western_Leopard_Toad,0.8276,410.8,341.6,566.3,506.7
/srv/shared_leopard_toad/2025/Documents/06.10-13.10.2025/6R/109MEDIA/DSCF0668.JPG,DSCF0668.JPG,6R/109MEDIA,2,Western_Leopard_Toad,0.8608,411.0,341.6,566.2,510.4
/srv/shared_leopard_toad/2025/Documents/06.10-13.10.2025/6R/109MEDIA/DSCF0187.JPG,DSCF0187.JPG,6R/109MEDIA,2,Western_Leopard_Toad,0.8296,412.3,340.3,564.9,504.2
/srv/shared_leopard_toad/2025/Documents/06.10-13.10.2025/6R/109MEDIA/DSCF0061.JPG,DSCF0061.JPG,6R/109MEDIA,2,Western_Leopard_Toad,0.7437,396.7,341.7,565.4,500.0
/srv/shared_leopard_toad/2025/Documents/06.10-13.10.2025/6R/109MEDIA/DSCF0193.JPG,DSCF0193.JPG,6R/109MEDIA,2,Western_Leopard_Toad,0.5850,405.4,341.5,566.5,497.1
/srv/shared_leopard_toad/2025/Documents/06.10-13.10.2025/6R/109MEDIA/DSCF0640.JPG,DSCF0640.JPG,6R/109MEDIA,2,Western_Leopard_Toad,0.6611,408.0,344.1,562.6,505.6
/srv/shared_leopard_toad/2025/Documents/06.10-13.10.2025/6R/109MEDIA/DSCF0623.JPG,DSCF0623.JPG,6R/109MEDIA,2,Western_Leopard_Toad,0.8994,401.7,342.2,566.9,507.6
/srv/shared_leopard_toad/2025/Documents/06.10-13.10.2025/6R/109MEDIA/DSCF0734.JPG,DSCF0734.JPG,6R/109MEDIA,2,Western_Leopard_Toad,0.5591,667.1,2465.1,768.8,2599.5
/srv/shared_leopard_toad/2025/Documents/06.10-13.10.2025/6R/109MEDIA/DSCF0734.JPG,DSCF0734.JPG,6R/109MEDIA,0,Other_Amphibian,0.2314,667.1,2465.1,768.8,2599.5
/srv/shared_leopard_toad/2025/Documents/06.10-13.10.2025/6R/109MEDIA/DSCF0518.JPG,DSCF0518.JPG,6R/109MEDIA,2,Western_Leopard_Toad,0.5356,392.9,344.5,567.2,509.0
/srv/shared_leopard_toad/2025/Documents/06.10-13.10.2025/6R/109MEDIA/DSCF0167.JPG,DSCF0167.JPG,6R/109MEDIA,2,Western_Leopard_Toad,0.4314,409.1,340.8,562.8,500.8
/srv/shared_leopard_toad/2025/Documents/06.10-13.10.2025/6R/109MEDIA/DSCF0273.JPG,DSCF0273.JPG,6R/109MEDIA,2,Western_Leopard_Toad,0.4949,406.8,340.3,567.1,502.8
/srv/shared_leopard_toad/2025/Documents/06.10-13.10.2025/6R/109MEDIA/DSCF0038.JPG,DSCF0038.JPG,6R/109MEDIA,2,Western_Leopard_Toad,0.5913,407.2,342.1,561.5,497.4
/srv/shared_leopard_toad/2025/Documents/06.10-13.10.2025/6R/109MEDIA/DSCF0636.JPG,DSCF0636.JPG,6R/109MEDIA,2,Western_Leopard_Toad,0.7065,409.9,340.9,566.0,505.1
/srv/shared_leopard_toad/2025/Documents/06.10-13.10.2025/6R/109MEDIA/DSCF0089.JPG,DSCF0089.JPG,6R/109MEDIA,2,Western_Leopard_Toad,0.8340,413.0,339.8,564.1,501.8
/srv/shared_leopard_toad/2025/Documents/06.10-13.10.2025/6R/109MEDIA/DSCF0560.JPG,DSCF0560.JPG,6R/109MEDIA,2,Western_Leopard_Toad,0.8574,407.0,342.1,570.1,504.8
/srv/shared_leopard_toad/2025/Documents/06.10-13.10.2025/6R/109MEDIA/DSCF0720.JPG,DSCF0720.JPG,6R/109MEDIA,2,Western_Leopard_Toad,0.7803,667.2,2466.2,770.0,2601.3
/srv/shared_leopard_toad/2025/Documents/06.10-13.10.2025/6R/109MEDIA/DSCF0720.JPG,DSCF0720.JPG,6R/109MEDIA,0,Other_Amphibian,0.4312,667.2,2466.2,770.0,2601.3
/srv/shared_leopard_toad/2025/Documents/06.10-13.10.2025/6R/109MEDIA/DSCF0339.JPG,DSCF0339.JPG,6R/109MEDIA,2,Western_Leopard_Toad,0.6206,401.7,340.3,566.9,507.9
/srv/shared_leopard_toad/2025/Documents/06.10-13.10.2025/6R/109MEDIA/DSCF0164.JPG,DSCF0164.JPG,6R/109MEDIA,2,Western_Leopard_Toad,0.6289,407.7,343.3,562.9,501.3
/srv/shared_leopard_toad/2025/Documents/06.10-13.10.2025/6R/109MEDIA/DSCF0461.JPG,DSCF0461.JPG,6R/109MEDIA,2,Western_Leopard_Toad,0.7871,410.9,343.0,570.2,504.5
/srv/shared_leopard_toad/2025/Documents/06.10-13.10.2025/6R/109MEDIA/DSCF0458.JPG,DSCF0458.JPG,6R/109MEDIA,2,Western_Leopard_Toad,0.8843,415.3,339.6,569.1,507.2
/srv/shared_leopard_toad/2025/Documents/06.10-13.10.2025/6R/109MEDIA/DSCF0344.JPG,DSCF0344.JPG,6R/109MEDIA,2,Western_Leopard_Toad,0.8223,411.1,340.9,564.8,503.6
/srv/shared_leopard_toad/2025/Documents/06.10-13.10.2025/6R/109MEDIA/DSCF0194.JPG,DSCF0194.JPG,6R/109MEDIA,2,Western_Leopard_Toad,0.2939,412.9,340.3,562.9,505.1
/srv/shared_leopard_toad/2025/Documents/06.10-13.10.2025/6R/109MEDIA/DSCF0712.JPG,DSCF0712.JPG,6R/109MEDIA,2,Western_Leopard_Toad,0.4880,667.0,2467.1,770.2,2603.5
/srv/shared_leopard_toad/2025/Documents/06.10-13.10.2025/6R/109MEDIA/DSCF0712.JPG,DSCF0712.JPG,6R/109MEDIA,0,Other_Amphibian,0.4055,667.0,2467.1,770.2,2603.5
/srv/shared_leopard_toad/2025/Documents/06.10-13.10.2025/6R/109MEDIA/DSCF0501.JPG,DSCF0501.JPG,6R/109MEDIA,2,Western_Leopard_Toad,0.8379,409.8,340.7,567.4,507.6
/srv/shared_leopard_toad/2025/Documents/06.10-13.10.2025/6R/109MEDIA/DSCF0233.JPG,DSCF0233.JPG,6R/109MEDIA,2,Western_Leopard_Toad,0.3059,402.7,342.2,566.0,495.0
/srv/shared_leopard_toad/2025/Documents/06.10-13.10.2025/6R/109MEDIA/DSCF0489.JPG,DSCF0489.JPG,6R/109MEDIA,2,Western_Leopard_Toad,0.8735,405.6,341.7,571.5,509.6
/srv/shared_leopard_toad/2025/Documents/06.10-13.10.2025/6R/109MEDIA/DSCF0553.JPG,DSCF0553.JPG,6R/109MEDIA,2,Western_Leopard_Toad,0.7007,410.2,343.1,565.7,508.2
/srv/shared_leopard_toad/2025/Documents/06.10-13.10.2025/6R/109MEDIA/DSCF0077.JPG,DSCF0077.JPG,6R/109MEDIA,2,Western_Leopard_Toad,0.3982,410.9,343.5,559.7,504.1
/srv/shared_leopard_toad/2025/Documents/06.10-13.10.2025/6R/109MEDIA/DSCF0077.JPG,DSCF0077.JPG,6R/109MEDIA,0,Other_Amphibian,0.3445,3123.7,357.5,3396.8,659.8
/srv/shared_leopard_toad/2025/Documents/06.10-13.10.2025/6R/109MEDIA/DSCF0350.JPG,DSCF0350.JPG,6R/109MEDIA,2,Western_Leopard_Toad,0.6934,404.1,341.3,562.6,504.0
/srv/shared_leopard_toad/2025/Documents/06.10-13.10.2025/6R/109MEDIA/DSCF0390.JPG,DSCF0390.JPG,6R/109MEDIA,2,Western_Leopard_Toad,0.8628,408.8,342.4,567.0,504.4
/srv/shared_leopard_toad/2025/Documents/06.10-13.10.2025/6R/109MEDIA/DSCF0185.JPG,DSCF0185.JPG,6R/109MEDIA,2,Western_Leopard_Toad,0.5688,405.1,342.0,563.6,502.6
/srv/shared_leopard_toad/2025/Documents/06.10-13.10.2025/6R/109MEDIA/DSCF0539.JPG,DSCF0539.JPG,6R/109MEDIA,2,Western_Leopard_Toad,0.7759,410.8,343.1,565.1,506.7
/srv/shared_leopard_toad/2025/Documents/06.10-13.10.2025/6R/109MEDIA/DSCF0051.JPG,DSCF0051.JPG,6R/109MEDIA,2,Western_Leopard_Toad,0.8271,405.4,342.0,561.2,499.6
/srv/shared_leopard_toad/2025/Documents/06.10-13.10.2025/6R/109MEDIA/DSCF0292.JPG,DSCF0292.JPG,6R/109MEDIA,2,Western_Leopard_Toad,0.7212,411.5,341.6,564.4,497.8
/srv/shared_leopard_toad/2025/Documents/06.10-13.10.2025/6R/109MEDIA/DSCF0429.JPG,DSCF0429.JPG,6R/109MEDIA,0,Other_Amphibian,0.2469,3124.9,357.4,3379.9,655.5
/srv/shared_leopard_toad/2025/Documents/06.10-13.10.2025/6R/109MEDIA/DSCF0431.JPG,DSCF0431.JPG,6R/109MEDIA,2,Western_Leopard_Toad,0.4680,412.8,340.9,566.3,502.2
/srv/shared_leopard_toad/2025/Documents/06.10-13.10.2025/6R/109MEDIA/DSCF0304.JPG,DSCF0304.JPG,6R/109MEDIA,2,Western_Leopard_Toad,0.9453,163.3,1958.5,317.1,2152.3
/srv/shared_leopard_toad/2025/Documents/06.10-13.10.2025/6R/109MEDIA/DSCF0304.JPG,DSCF0304.JPG,6R/109MEDIA,2,Western_Leopard_Toad,0.6489,404.7,342.7,565.9,499.7
/srv/shared_leopard_toad/2025/Documents/06.10-13.10.2025/6R/109MEDIA/DSCF0507.JPG,DSCF0507.JPG,6R/109MEDIA,2,Western_Leopard_Toad,0.9326,410.8,341.7,568.4,506.6
/srv/shared_leopard_toad/2025/Documents/06.10-13.10.2025/6R/109MEDIA/DSCF0592.JPG,DSCF0592.JPG,6R/109MEDIA,2,Western_Leopard_Toad,0.8315,414.9,344.3,569.5,505.5
/srv/shared_leopard_toad/2025/Documents/06.10-13.10.2025/6R/109MEDIA/DSCF0574.JPG,DSCF0574.JPG,6R/109MEDIA,2,Western_Leopard_Toad,0.3418,408.3,343.1,565.6,506.7
/srv/shared_leopard_toad/2025/Documents/06.10-13.10.2025/6R/109MEDIA/DSCF0003.JPG,DSCF0003.JPG,6R/109MEDIA,2,Western_Leopard_Toad,0.9019,417.3,340.4,563.8,499.0
/srv/shared_leopard_toad/2025/Documents/06.10-13.10.2025/6R/109MEDIA/DSCF0393.JPG,DSCF0393.JPG,6R/109MEDIA,2,Western_Leopard_Toad,0.4651,407.0,343.0,568.8,503.0
/srv/shared_leopard_toad/2025/Documents/06.10-13.10.2025/6R/109MEDIA/DSCF0403.JPG,DSCF0403.JPG,6R/109MEDIA,2,Western_Leopard_Toad,0.5142,405.6,341.3,566.3,505.5
/srv/shared_leopard_toad/2025/Documents/06.10-13.10.2025/6R/109MEDIA/DSCF0403.JPG,DSCF0403.JPG,6R/109MEDIA,2,Western_Leopard_Toad,0.2551,128.4,1383.2,266.4,1549.2
/srv/shared_leopard_toad/2025/Documents/06.10-13.10.2025/6R/109MEDIA/DSCF0490.JPG,DSCF0490.JPG,6R/109MEDIA,2,Western_Leopard_Toad,0.7700,408.7,343.1,568.4,508.9
/srv/shared_leopard_toad/2025/Documents/06.10-13.10.2025/6R/109MEDIA/DSCF0422.JPG,DSCF0422.JPG,6R/109MEDIA,2,Western_Leopard_Toad,0.4900,404.4,343.1,562.3,502.2
/srv/shared_leopard_toad/2025/Documents/06.10-13.10.2025/6R/109MEDIA/DSCF0549.JPG,DSCF0549.JPG,6R/109MEDIA,2,Western_Leopard_Toad,0.9438,409.9,341.5,569.3,503.9
/srv/shared_leopard_toad/2025/Documents/06.10-13.10.2025/6R/109MEDIA/DSCF0649.JPG,DSCF0649.JPG,6R/109MEDIA,2,Western_Leopard_Toad,0.8901,417.2,341.6,565.2,505.2
/srv/shared_leopard_toad/2025/Documents/06.10-13.10.2025/6R/109MEDIA/DSCF0353.JPG,DSCF0353.JPG,6R/109MEDIA,2,Western_Leopard_Toad,0.4539,409.6,342.0,566.3,504.1
/srv/shared_leopard_toad/2025/Documents/06.10-13.10.2025/6R/109MEDIA/DSCF0353.JPG,DSCF0353.JPG,6R/109MEDIA,0,Other_Amphibian,0.2114,3125.2,359.3,3395.3,659.6
/srv/shared_leopard_toad/2025/Documents/06.10-13.10.2025/6R/109MEDIA/DSCF0394.JPG,DSCF0394.JPG,6R/109MEDIA,2,Western_Leopard_Toad,0.6274,412.2,339.6,566.9,499.9
/srv/shared_leopard_toad/2025/Documents/06.10-13.10.2025/6R/109MEDIA/DSCF0476.JPG,DSCF0476.JPG,6R/109MEDIA,2,Western_Leopard_Toad,0.6548,412.5,339.2,568.6,508.4
/srv/shared_leopard_toad/2025/Documents/06.10-13.10.2025/6R/109MEDIA/DSCF0713.JPG,DSCF0713.JPG,6R/109MEDIA,2,Western_Leopard_Toad,0.6528,667.4,2466.6,771.1,2604.0
/srv/shared_leopard_toad/2025/Documents/06.10-13.10.2025/6R/109MEDIA/DSCF0713.JPG,DSCF0713.JPG,6R/109MEDIA,0,Other_Amphibian,0.3223,667.4,2466.6,771.1,2604.0
/srv/shared_leopard_toad/2025/Documents/06.10-13.10.2025/6R/109MEDIA/DSCF0699.JPG,DSCF0699.JPG,6R/109MEDIA,0,Other_Amphibian,0.4932,666.5,2467.2,770.7,2603.3
/srv/shared_leopard_toad/2025/Documents/06.10-13.10.2025/6R/109MEDIA/DSCF0699.JPG,DSCF0699.JPG,6R/109MEDIA,2,Western_Leopard_Toad,0.4707,666.5,2467.2,770.7,2603.3
/srv/shared_leopard_toad/2025/Documents/06.10-13.10.2025/6R/109MEDIA/DSCF0146.JPG,DSCF0146.JPG,6R/109MEDIA,2,Western_Leopard_Toad,0.8491,406.4,340.7,565.5,498.7
/srv/shared_leopard_toad/2025/Documents/06.10-13.10.2025/6R/109MEDIA/DSCF0566.JPG,DSCF0566.JPG,6R/109MEDIA,2,Western_Leopard_Toad,0.9014,407.9,342.5,564.0,507.3
/srv/shared_leopard_toad/2025/Documents/06.10-13.10.2025/6R/109MEDIA/DSCF0566.JPG,DSCF0566.JPG,6R/109MEDIA,0,Other_Amphibian,0.2273,3119.6,356.5,3379.9,657.9
/srv/shared_leopard_toad/2025/Documents/06.10-13.10.2025/6R/109MEDIA/DSCF0559.JPG,DSCF0559.JPG,6R/109MEDIA,2,Western_Leopard_Toad,0.3455,400.6,341.9,561.5,506.4
/srv/shared_leopard_toad/2025/Documents/06.10-13.10.2025/6R/109MEDIA/DSCF0445.JPG,DSCF0445.JPG,6R/109MEDIA,2,Western_Leopard_Toad,0.7720,404.9,342.8,563.7,504.0
/srv/shared_leopard_toad/2025/Documents/06.10-13.10.2025/6R/109MEDIA/DSCF0368.JPG,DSCF0368.JPG,6R/109MEDIA,2,Western_Leopard_Toad,0.6577,414.7,341.2,564.4,499.7
/srv/shared_leopard_toad/2025/Documents/06.10-13.10.2025/6R/109MEDIA/DSCF0656.JPG,DSCF0656.JPG,6R/109MEDIA,2,Western_Leopard_Toad,0.8613,414.0,340.7,565.1,507.6
/srv/shared_leopard_toad/2025/Documents/06.10-13.10.2025/6R/109MEDIA/DSCF0366.JPG,DSCF0366.JPG,6R/109MEDIA,2,Western_Leopard_Toad,0.6460,405.9,342.1,564.7,504.8
/srv/shared_leopard_toad/2025/Documents/06.10-13.10.2025/6R/109MEDIA/DSCF0439.JPG,DSCF0439.JPG,6R/109MEDIA,2,Western_Leopard_Toad,0.7964,407.7,341.9,566.2,499.0
/srv/shared_leopard_toad/2025/Documents/06.10-13.10.2025/6R/109MEDIA/DSCF0067.JPG,DSCF0067.JPG,6R/109MEDIA,2,Western_Leopard_Toad,0.7090,403.6,340.8,563.0,501.6
/srv/shared_leopard_toad/2025/Documents/06.10-13.10.2025/6R/109MEDIA/DSCF0251.JPG,DSCF0251.JPG,6R/109MEDIA,2,Western_Leopard_Toad,0.8203,411.6,340.4,564.2,501.2
/srv/shared_leopard_toad/2025/Documents/06.10-13.10.2025/6R/109MEDIA/DSCF0250.JPG,DSCF0250.JPG,6R/109MEDIA,2,Western_Leopard_Toad,0.5801,403.5,342.1,568.4,504.8
/srv/shared_leopard_toad/2025/Documents/06.10-13.10.2025/6R/109MEDIA/DSCF0342.JPG,DSCF0342.JPG,6R/109MEDIA,2,Western_Leopard_Toad,0.7871,400.3,340.8,563.1,502.3
/srv/shared_leopard_toad/2025/Documents/06.10-13.10.2025/6R/109MEDIA/DSCF0342.JPG,DSCF0342.JPG,6R/109MEDIA,2,Western_Leopard_Toad,0.6787,401.0,341.7,565.6,502.9
/srv/shared_leopard_toad/2025/Documents/06.10-13.10.2025/6R/109MEDIA/DSCF0305.JPG,DSCF0305.JPG,6R/109MEDIA,2,Western_Leopard_Toad,0.6353,397.1,343.9,563.0,505.9
/srv/shared_leopard_toad/2025/Documents/06.10-13.10.2025/6R/109MEDIA/DSCF0033.JPG,DSCF0033.JPG,6R/109MEDIA,2,Western_Leopard_Toad,0.9111,411.9,338.8,563.9,500.6
/srv/shared_leopard_toad/2025/Documents/06.10-13.10.2025/6R/109MEDIA/DSCF0487.JPG,DSCF0487.JPG,6R/109MEDIA,2,Western_Leopard_Toad,0.6289,402.0,340.5,566.6,507.8
/srv/shared_leopard_toad/2025/Documents/06.10-13.10.2025/6R/109MEDIA/DSCF0487.JPG,DSCF0487.JPG,6R/109MEDIA,2,Western_Leopard_Toad,0.4763,403.3,340.8,568.6,507.5
/srv/shared_leopard_toad/2025/Documents/06.10-13.10.2025/6R/109MEDIA/DSCF0709.JPG,DSCF0709.JPG,6R/109MEDIA,2,Western_Leopard_Toad,0.6377,667.7,2466.2,770.8,2601.3
/srv/shared_leopard_toad/2025/Documents/06.10-13.10.2025/6R/109MEDIA/DSCF0709.JPG,DSCF0709.JPG,6R/109MEDIA,0,Other_Amphibian,0.4429,667.7,2466.2,770.8,2601.3
/srv/shared_leopard_toad/2025/Documents/06.10-13.10.2025/6R/109MEDIA/DSCF0168.JPG,DSCF0168.JPG,6R/109MEDIA,2,Western_Leopard_Toad,0.8833,407.3,340.3,564.6,502.1
/srv/shared_leopard_toad/2025/Documents/06.10-13.10.2025/6R/109MEDIA/DSCF0670.JPG,DSCF0670.JPG,6R/109MEDIA,2,Western_Leopard_Toad,0.8345,409.5,341.9,567.7,510.1
/srv/shared_leopard_toad/2025/Documents/06.10-13.10.2025/6R/109MEDIA/DSCF0670.JPG,DSCF0670.JPG,6R/109MEDIA,0,Other_Amphibian,0.2056,5082.6,2.2,5370.2,207.6
/srv/shared_leopard_toad/2025/Documents/06.10-13.10.2025/6R/109MEDIA/DSCF0411.JPG,DSCF0411.JPG,6R/109MEDIA,2,Western_Leopard_Toad,0.7827,413.4,341.2,563.7,501.2
/srv/shared_leopard_toad/2025/Documents/06.10-13.10.2025/6R/109MEDIA/DSCF0007.JPG,DSCF0007.JPG,6R/109MEDIA,2,Western_Leopard_Toad,0.8193,413.7,339.7,565.4,498.2
/srv/shared_leopard_toad/2025/Documents/06.10-13.10.2025/6R/109MEDIA/DSCF0324.JPG,DSCF0324.JPG,6R/109MEDIA,2,Western_Leopard_Toad,0.8755,409.7,341.2,566.1,506.3
/srv/shared_leopard_toad/2025/Documents/06.10-13.10.2025/6R/109MEDIA/DSCF0524.JPG,DSCF0524.JPG,6R/109MEDIA,2,Western_Leopard_Toad,0.8838,408.2,342.3,567.6,506.0
/srv/shared_leopard_toad/2025/Documents/06.10-13.10.2025/6R/109MEDIA/DSCF0044.JPG,DSCF0044.JPG,6R/109MEDIA,2,Western_Leopard_Toad,0.5649,412.1,340.2,561.8,501.4
/srv/shared_leopard_toad/2025/Documents/06.10-13.10.2025/6R/109MEDIA/DSCF0730.JPG,DSCF0730.JPG,6R/109MEDIA,2,Western_Leopard_Toad,0.5532,667.5,2464.8,771.0,2599.9
/srv/shared_leopard_toad/2025/Documents/06.10-13.10.2025/6R/109MEDIA/DSCF0730.JPG,DSCF0730.JPG,6R/109MEDIA,0,Other_Amphibian,0.3723,667.5,2464.8,771.0,2599.9
/srv/shared_leopard_toad/2025/Documents/06.10-13.10.2025/6R/109MEDIA/DSCF0581.JPG,DSCF0581.JPG,6R/109MEDIA,2,Western_Leopard_Toad,0.4062,409.3,343.0,564.5,503.0
/srv/shared_leopard_toad/2025/Documents/06.10-13.10.2025/6R/109MEDIA/DSCF0486.JPG,DSCF0486.JPG,6R/109MEDIA,2,Western_Leopard_Toad,0.8799,407.2,340.9,568.7,505.1
/srv/shared_leopard_toad/2025/Documents/06.10-13.10.2025/6R/109MEDIA/DSCF0026.JPG,DSCF0026.JPG,6R/109MEDIA,2,Western_Leopard_Toad,0.7983,415.0,339.8,564.1,499.6
/srv/shared_leopard_toad/2025/Documents/06.10-13.10.2025/6R/109MEDIA/DSCF0380.JPG,DSCF0380.JPG,6R/109MEDIA,0,Other_Amphibian,0.2483,3122.5,355.4,3382.2,668.6
/srv/shared_leopard_toad/2025/Documents/06.10-13.10.2025/6R/109MEDIA/DSCF0568.JPG,DSCF0568.JPG,6R/109MEDIA,2,Western_Leopard_Toad,0.7974,406.2,342.8,567.7,505.5
/srv/shared_leopard_toad/2025/Documents/06.10-13.10.2025/6R/109MEDIA/DSCF0409.JPG,DSCF0409.JPG,6R/109MEDIA,2,Western_Leopard_Toad,0.7109,399.8,343.2,566.9,502.9
/srv/shared_leopard_toad/2025/Documents/06.10-13.10.2025/6R/109MEDIA/DSCF0343.JPG,DSCF0343.JPG,6R/109MEDIA,2,Western_Leopard_Toad,0.3511,410.8,341.5,566.3,496.5
/srv/shared_leopard_toad/2025/Documents/06.10-13.10.2025/6R/109MEDIA/DSCF0402.JPG,DSCF0402.JPG,6R/109MEDIA,2,Western_Leopard_Toad,0.8857,413.8,341.4,565.3,503.2
/srv/shared_leopard_toad/2025/Documents/06.10-13.10.2025/6R/109MEDIA/DSCF0572.JPG,DSCF0572.JPG,6R/109MEDIA,2,Western_Leopard_Toad,0.5981,407.5,341.1,566.3,505.0
/srv/shared_leopard_toad/2025/Documents/06.10-13.10.2025/6R/109MEDIA/DSCF0572.JPG,DSCF0572.JPG,6R/109MEDIA,2,Western_Leopard_Toad,0.4133,407.0,340.7,566.9,503.9
/srv/shared_leopard_toad/2025/Documents/06.10-13.10.2025/6R/109MEDIA/DSCF0301.JPG,DSCF0301.JPG,6R/109MEDIA,2,Western_Leopard_Toad,0.9512,162.3,1955.8,313.8,2152.0
/srv/shared_leopard_toad/2025/Documents/06.10-13.10.2025/6R/109MEDIA/DSCF0301.JPG,DSCF0301.JPG,6R/109MEDIA,2,Western_Leopard_Toad,0.3977,412.1,341.2,567.0,504.2
/srv/shared_leopard_toad/2025/Documents/06.10-13.10.2025/6R/109MEDIA/DSCF0544.JPG,DSCF0544.JPG,6R/109MEDIA,2,Western_Leopard_Toad,0.7944,410.8,343.3,565.1,506.5
/srv/shared_leopard_toad/2025/Documents/06.10-13.10.2025/6R/109MEDIA/DSCF0596.JPG,DSCF0596.JPG,6R/109MEDIA,2,Western_Leopard_Toad,0.8320,407.2,345.3,564.7,505.9
/srv/shared_leopard_toad/2025/Documents/06.10-13.10.2025/6R/109MEDIA/DSCF0184.JPG,DSCF0184.JPG,6R/109MEDIA,2,Western_Leopard_Toad,0.2920,413.6,340.7,563.6,503.9
/srv/shared_leopard_toad/2025/Documents/06.10-13.10.2025/6R/109MEDIA/DSCF0237.JPG,DSCF0237.JPG,6R/109MEDIA,2,Western_Leopard_Toad,0.2722,409.6,342.1,567.5,502.4
/srv/shared_leopard_toad/2025/Documents/06.10-13.10.2025/6R/109MEDIA/DSCF0373.JPG,DSCF0373.JPG,6R/109MEDIA,2,Western_Leopard_Toad,0.5410,410.9,341.9,562.9,500.5
/srv/shared_leopard_toad/2025/Documents/06.10-13.10.2025/6R/109MEDIA/DSCF0373.JPG,DSCF0373.JPG,6R/109MEDIA,0,Other_Amphibian,0.2350,3125.3,358.2,3389.9,659.9
/srv/shared_leopard_toad/2025/Documents/06.10-13.10.2025/6R/109MEDIA/DSCF0580.JPG,DSCF0580.JPG,6R/109MEDIA,2,Western_Leopard_Toad,0.8389,411.3,342.1,565.9,504.8
/srv/shared_leopard_toad/2025/Documents/06.10-13.10.2025/6R/109MEDIA/DSCF0060.JPG,DSCF0060.JPG,6R/109MEDIA,2,Western_Leopard_Toad,0.7842,408.5,338.7,560.2,500.7
/srv/shared_leopard_toad/2025/Documents/06.10-13.10.2025/6R/109MEDIA/DSCF0736.JPG,DSCF0736.JPG,6R/109MEDIA,2,Western_Leopard_Toad,0.4358,668.4,2466.5,770.1,2601.1
/srv/shared_leopard_toad/2025/Documents/06.10-13.10.2025/6R/109MEDIA/DSCF0736.JPG,DSCF0736.JPG,6R/109MEDIA,0,Other_Amphibian,0.2559,668.4,2466.5,770.1,2601.1
/srv/shared_leopard_toad/2025/Documents/06.10-13.10.2025/6R/109MEDIA/DSCF0505.JPG,DSCF0505.JPG,6R/109MEDIA,2,Western_Leopard_Toad,0.8159,413.5,341.1,567.6,503.5
/srv/shared_leopard_toad/2025/Documents/06.10-13.10.2025/6R/109MEDIA/DSCF0672.JPG,DSCF0672.JPG,6R/109MEDIA,2,Western_Leopard_Toad,0.4590,408.1,341.3,565.7,510.7
/srv/shared_leopard_toad/2025/Documents/06.10-13.10.2025/6R/109MEDIA/DSCF0662.JPG,DSCF0662.JPG,6R/109MEDIA,2,Western_Leopard_Toad,0.9282,409.6,340.0,566.3,505.4
/srv/shared_leopard_toad/2025/Documents/06.10-13.10.2025/6R/109MEDIA/DSCF0143.JPG,DSCF0143.JPG,6R/109MEDIA,2,Western_Leopard_Toad,0.8960,408.4,339.5,565.4,507.3
/srv/shared_leopard_toad/2025/Documents/06.10-13.10.2025/6R/109MEDIA/DSCF0308.JPG,DSCF0308.JPG,6R/109MEDIA,2,Western_Leopard_Toad,0.5024,409.7,340.2,562.2,504.4
/srv/shared_leopard_toad/2025/Documents/06.10-13.10.2025/6R/109MEDIA/DSCF0312.JPG,DSCF0312.JPG,6R/109MEDIA,2,Western_Leopard_Toad,0.8584,395.2,342.1,564.9,506.2
/srv/shared_leopard_toad/2025/Documents/06.10-13.10.2025/6R/109MEDIA/DSCF0385.JPG,DSCF0385.JPG,6R/109MEDIA,2,Western_Leopard_Toad,0.6304,408.4,340.9,565.4,498.5
/srv/shared_leopard_toad/2025/Documents/06.10-13.10.2025/6R/109MEDIA/DSCF0151.JPG,DSCF0151.JPG,6R/109MEDIA,2,Western_Leopard_Toad,0.6040,414.8,341.1,562.3,503.5
/srv/shared_leopard_toad/2025/Documents/06.10-13.10.2025/6R/109MEDIA/DSCF0426.JPG,DSCF0426.JPG,6R/109MEDIA,2,Western_Leopard_Toad,0.2715,404.2,342.4,566.3,502.2
/srv/shared_leopard_toad/2025/Documents/06.10-13.10.2025/6R/109MEDIA/DSCF0426.JPG,DSCF0426.JPG,6R/109MEDIA,0,Other_Amphibian,0.2410,3122.5,358.2,3382.2,659.9
/srv/shared_leopard_toad/2025/Documents/06.10-13.10.2025/6R/109MEDIA/DSCF0534.JPG,DSCF0534.JPG,6R/109MEDIA,2,Western_Leopard_Toad,0.4839,416.0,341.5,563.1,503.0
/srv/shared_leopard_toad/2025/Documents/06.10-13.10.2025/6R/109MEDIA/DSCF0041.JPG,DSCF0041.JPG,6R/109MEDIA,2,Western_Leopard_Toad,0.8643,412.9,341.9,564.3,504.9
/srv/shared_leopard_toad/2025/Documents/06.10-13.10.2025/6R/109MEDIA/DSCF0254.JPG,DSCF0254.JPG,6R/109MEDIA,2,Western_Leopard_Toad,0.7905,411.1,340.5,568.1,496.7
/srv/shared_leopard_toad/2025/Documents/06.10-13.10.2025/6R/109MEDIA/DSCF0509.JPG,DSCF0509.JPG,6R/109MEDIA,2,Western_Leopard_Toad,0.8584,411.2,342.7,564.7,505.6
/srv/shared_leopard_toad/2025/Documents/06.10-13.10.2025/6R/109MEDIA/DSCF0157.JPG,DSCF0157.JPG,6R/109MEDIA,2,Western_Leopard_Toad,0.8193,413.6,341.0,565.6,505.8
/srv/shared_leopard_toad/2025/Documents/06.10-13.10.2025/6R/109MEDIA/DSCF0732.JPG,DSCF0732.JPG,6R/109MEDIA,2,Western_Leopard_Toad,0.7266,667.7,2465.5,770.8,2599.1
/srv/shared_leopard_toad/2025/Documents/06.10-13.10.2025/6R/109MEDIA/DSCF0732.JPG,DSCF0732.JPG,6R/109MEDIA,0,Other_Amphibian,0.4365,667.7,2465.5,770.8,2599.1
/srv/shared_leopard_toad/2025/Documents/06.10-13.10.2025/6R/109MEDIA/DSCF0634.JPG,DSCF0634.JPG,6R/109MEDIA,2,Western_Leopard_Toad,0.5933,411.4,341.9,562.5,507.9
/srv/shared_leopard_toad/2025/Documents/06.10-13.10.2025/6R/109MEDIA/DSCF0528.JPG,DSCF0528.JPG,6R/109MEDIA,2,Western_Leopard_Toad,0.8696,414.8,342.4,562.3,505.1
/srv/shared_leopard_toad/2025/Documents/06.10-13.10.2025/6R/109MEDIA/DSCF0008.JPG,DSCF0008.JPG,6R/109MEDIA,2,Western_Leopard_Toad,0.7500,413.6,338.8,563.6,500.6
/srv/shared_leopard_toad/2025/Documents/06.10-13.10.2025/6R/109MEDIA/DSCF0564.JPG,DSCF0564.JPG,6R/109MEDIA,2,Western_Leopard_Toad,0.8086,409.6,343.4,566.3,506.4
/srv/shared_leopard_toad/2025/Documents/06.10-13.10.2025/6R/109MEDIA/DSCF0564.JPG,DSCF0564.JPG,6R/109MEDIA,0,Other_Amphibian,0.2224,3119.8,356.5,3384.9,674.1
/srv/shared_leopard_toad/2025/Documents/06.10-13.10.2025/6R/109MEDIA/DSCF0303.JPG,DSCF0303.JPG,6R/109MEDIA,2,Western_Leopard_Toad,0.9072,163.2,1954.7,320.8,2153.1
/srv/shared_leopard_toad/2025/Documents/06.10-13.10.2025/6R/109MEDIA/DSCF0303.JPG,DSCF0303.JPG,6R/109MEDIA,2,Western_Leopard_Toad,0.8687,410.9,341.5,564.9,505.4
/srv/shared_leopard_toad/2025/Documents/06.10-13.10.2025/6R/109MEDIA/DSCF0155.JPG,DSCF0155.JPG,6R/109MEDIA,2,Western_Leopard_Toad,0.8984,409.3,340.9,566.5,506.6
/srv/shared_leopard_toad/2025/Documents/06.10-13.10.2025/6R/109MEDIA/DSCF0644.JPG,DSCF0644.JPG,6R/109MEDIA,2,Western_Leopard_Toad,0.8994,411.7,341.4,565.4,508.4
/srv/shared_leopard_toad/2025/Documents/06.10-13.10.2025/6R/109MEDIA/DSCF0220.JPG,DSCF0220.JPG,6R/109MEDIA,2,Western_Leopard_Toad,0.6812,408.1,341.2,562.4,504.2
/srv/shared_leopard_toad/2025/Documents/06.10-13.10.2025/6R/109MEDIA/DSCF0515.JPG,DSCF0515.JPG,6R/109MEDIA,2,Western_Leopard_Toad,0.9004,404.3,342.6,564.3,507.2
/srv/shared_leopard_toad/2025/Documents/06.10-13.10.2025/6R/109MEDIA/DSCF0125.JPG,DSCF0125.JPG,6R/109MEDIA,2,Western_Leopard_Toad,0.5693,412.1,342.3,561.8,497.1
/srv/shared_leopard_toad/2025/Documents/06.10-13.10.2025/6R/109MEDIA/DSCF0661.JPG,DSCF0661.JPG,6R/109MEDIA,2,Western_Leopard_Toad,0.8809,412.4,343.3,564.7,508.7
/srv/shared_leopard_toad/2025/Documents/06.10-13.10.2025/6R/109MEDIA/DSCF0722.JPG,DSCF0722.JPG,6R/109MEDIA,2,Western_Leopard_Toad,0.4041,669.5,2466.5,771.6,2601.1
/srv/shared_leopard_toad/2025/Documents/06.10-13.10.2025/6R/109MEDIA/DSCF0722.JPG,DSCF0722.JPG,6R/109MEDIA,0,Other_Amphibian,0.2891,669.5,2466.5,771.6,2601.1
/srv/shared_leopard_toad/2025/Documents/06.10-13.10.2025/6R/109MEDIA/DSCF0006.JPG,DSCF0006.JPG,6R/109MEDIA,2,Western_Leopard_Toad,0.8364,414.6,338.4,561.2,495.2
/srv/shared_leopard_toad/2025/Documents/06.10-13.10.2025/6R/109MEDIA/DSCF0006.JPG,DSCF0006.JPG,6R/109MEDIA,0,Other_Amphibian,0.2079,414.6,338.4,561.2,495.2
/srv/shared_leopard_toad/2025/Documents/06.10-13.10.2025/6R/109MEDIA/DSCF0508.JPG,DSCF0508.JPG,6R/109MEDIA,2,Western_Leopard_Toad,0.4734,405.4,343.5,565.2,507.7
/srv/shared_leopard_toad/2025/Documents/06.10-13.10.2025/6R/109MEDIA/DSCF0608.JPG,DSCF0608.JPG,6R/109MEDIA,2,Western_Leopard_Toad,0.2520,412.5,342.5,563.3,505.8
/srv/shared_leopard_toad/2025/Documents/06.10-13.10.2025/6R/109MEDIA/DSCF0532.JPG,DSCF0532.JPG,6R/109MEDIA,2,Western_Leopard_Toad,0.6362,394.6,342.5,568.8,507.3
/srv/shared_leopard_toad/2025/Documents/06.10-13.10.2025/6R/109MEDIA/DSCF0532.JPG,DSCF0532.JPG,6R/109MEDIA,2,Western_Leopard_Toad,0.6260,393.6,342.6,566.5,507.2
/srv/shared_leopard_toad/2025/Documents/06.10-13.10.2025/6R/109MEDIA/DSCF0290.JPG,DSCF0290.JPG,6R/109MEDIA,2,Western_Leopard_Toad,0.7871,409.6,340.2,567.5,499.3
/srv/shared_leopard_toad/2025/Documents/06.10-13.10.2025/6R/109MEDIA/DSCF0556.JPG,DSCF0556.JPG,6R/109MEDIA,2,Western_Leopard_Toad,0.9229,411.4,342.6,565.7,507.2
/srv/shared_leopard_toad/2025/Documents/06.10-13.10.2025/6R/109MEDIA/DSCF0057.JPG,DSCF0057.JPG,6R/109MEDIA,2,Western_Leopard_Toad,0.2783,402.1,341.9,563.3,503.4
/srv/shared_leopard_toad/2025/Documents/06.10-13.10.2025/6R/109MEDIA/DSCF0652.JPG,DSCF0652.JPG,6R/109MEDIA,2,Western_Leopard_Toad,0.8145,410.9,342.9,564.9,506.8
/srv/shared_leopard_toad/2025/Documents/06.10-13.10.2025/6R/109MEDIA/DSCF0165.JPG,DSCF0165.JPG,6R/109MEDIA,2,Western_Leopard_Toad,0.4390,409.9,340.7,564.0,504.6
/srv/shared_leopard_toad/2025/Documents/06.10-13.10.2025/6R/109MEDIA/DSCF0258.JPG,DSCF0258.JPG,6R/109MEDIA,2,Western_Leopard_Toad,0.8569,409.9,341.8,566.0,504.2
/srv/shared_leopard_toad/2025/Documents/06.10-13.10.2025/6R/109MEDIA/DSCF0346.JPG,DSCF0346.JPG,6R/109MEDIA,2,Western_Leopard_Toad,0.8745,402.7,342.5,569.2,507.3
/srv/shared_leopard_toad/2025/Documents/06.10-13.10.2025/6R/109MEDIA/DSCF0723.JPG,DSCF0723.JPG,6R/109MEDIA,2,Western_Leopard_Toad,0.6362,667.7,2467.1,770.8,2600.5
/srv/shared_leopard_toad/2025/Documents/06.10-13.10.2025/6R/109MEDIA/DSCF0723.JPG,DSCF0723.JPG,6R/109MEDIA,0,Other_Amphibian,0.3467,667.7,2467.1,770.8,2600.5
/srv/shared_leopard_toad/2025/Documents/06.10-13.10.2025/6R/109MEDIA/DSCF0432.JPG,DSCF0432.JPG,6R/109MEDIA,2,Western_Leopard_Toad,0.3398,407.2,339.6,566.6,499.9
/srv/shared_leopard_toad/2025/Documents/06.10-13.10.2025/6R/109MEDIA/DSCF0174.JPG,DSCF0174.JPG,6R/109MEDIA,2,Western_Leopard_Toad,0.4971,411.5,341.5,562.4,503.0
/srv/shared_leopard_toad/2025/Documents/06.10-13.10.2025/6R/109MEDIA/DSCF0117.JPG,DSCF0117.JPG,6R/109MEDIA,2,Western_Leopard_Toad,0.5938,402.1,340.2,563.3,497.8
/srv/shared_leopard_toad/2025/Documents/06.10-13.10.2025/6R/109MEDIA/DSCF0063.JPG,DSCF0063.JPG,6R/109MEDIA,2,Western_Leopard_Toad,0.3171,409.5,340.2,562.4,502.9
/srv/shared_leopard_toad/2025/Documents/06.10-13.10.2025/6R/109MEDIA/DSCF0412.JPG,DSCF0412.JPG,6R/109MEDIA,2,Western_Leopard_Toad,0.3430,411.8,341.7,564.1,502.9
/srv/shared_leopard_toad/2025/Documents/06.10-13.10.2025/6R/109MEDIA/DSCF0412.JPG,DSCF0412.JPG,6R/109MEDIA,0,Other_Amphibian,0.2935,3121.9,358.3,3388.1,656.1
/srv/shared_leopard_toad/2025/Documents/06.10-13.10.2025/6R/109MEDIA/DSCF0152.JPG,DSCF0152.JPG,6R/109MEDIA,2,Western_Leopard_Toad,0.3198,410.4,342.6,563.5,500.6
/srv/shared_leopard_toad/2025/Documents/06.10-13.10.2025/6R/109MEDIA/DSCF0405.JPG,DSCF0405.JPG,6R/109MEDIA,2,Western_Leopard_Toad,0.5991,405.5,341.5,563.1,505.4
/srv/shared_leopard_toad/2025/Documents/06.10-13.10.2025/6R/109MEDIA/DSCF0036.JPG,DSCF0036.JPG,6R/109MEDIA,2,Western_Leopard_Toad,0.7769,408.5,341.3,560.2,498.1
/srv/shared_leopard_toad/2025/Documents/06.10-13.10.2025/6R/109MEDIA/DSCF0052.JPG,DSCF0052.JPG,6R/109MEDIA,2,Western_Leopard_Toad,0.8911,408.8,339.3,561.8,500.1
/srv/shared_leopard_toad/2025/Documents/06.10-13.10.2025/6R/109MEDIA/DSCF0653.JPG,DSCF0653.JPG,6R/109MEDIA,2,Western_Leopard_Toad,0.9194,411.8,341.4,564.1,510.6
/srv/shared_leopard_toad/2025/Documents/06.10-13.10.2025/6R/109MEDIA/DSCF0189.JPG,DSCF0189.JPG,6R/109MEDIA,2,Western_Leopard_Toad,0.4856,405.4,342.3,566.5,499.4
/srv/shared_leopard_toad/2025/Documents/06.10-13.10.2025/6R/109MEDIA/DSCF0171.JPG,DSCF0171.JPG,6R/109MEDIA,2,Western_Leopard_Toad,0.6958,407.9,340.8,562.7,500.1
/srv/shared_leopard_toad/2025/Documents/06.10-13.10.2025/6R/109MEDIA/DSCF0040.JPG,DSCF0040.JPG,6R/109MEDIA,2,Western_Leopard_Toad,0.6045,407.2,341.2,561.5,498.2
/srv/shared_leopard_toad/2025/Documents/06.10-13.10.2025/6R/109MEDIA/DSCF0315.JPG,DSCF0315.JPG,6R/109MEDIA,2,Western_Leopard_Toad,0.3049,408.7,341.5,568.4,504.5
/srv/shared_leopard_toad/2025/Documents/06.10-13.10.2025/6R/109MEDIA/DSCF0288.JPG,DSCF0288.JPG,6R/109MEDIA,2,Western_Leopard_Toad,0.7773,407.4,340.8,566.5,495.0
/srv/shared_leopard_toad/2025/Documents/06.10-13.10.2025/6R/109MEDIA/DSCF0423.JPG,DSCF0423.JPG,6R/109MEDIA,2,Western_Leopard_Toad,0.6533,404.2,340.9,571.6,502.2
/srv/shared_leopard_toad/2025/Documents/06.10-13.10.2025/6R/109MEDIA/DSCF0423.JPG,DSCF0423.JPG,6R/109MEDIA,2,Western_Leopard_Toad,0.6411,403.9,341.7,573.2,502.9
/srv/shared_leopard_toad/2025/Documents/06.10-13.10.2025/6R/109MEDIA/DSCF0045.JPG,DSCF0045.JPG,6R/109MEDIA,2,Western_Leopard_Toad,0.8481,415.4,340.1,561.8,497.1
/srv/shared_leopard_toad/2025/Documents/06.10-13.10.2025/6R/109MEDIA/DSCF0264.JPG,DSCF0264.JPG,6R/109MEDIA,2,Western_Leopard_Toad,0.3977,405.2,342.3,566.7,503.8
/srv/shared_leopard_toad/2025/Documents/06.10-13.10.2025/6R/109MEDIA/DSCF0145.JPG,DSCF0145.JPG,6R/109MEDIA,2,Western_Leopard_Toad,0.9038,409.5,338.6,564.4,497.1
/srv/shared_leopard_toad/2025/Documents/06.10-13.10.2025/6R/109MEDIA/DSCF0504.JPG,DSCF0504.JPG,6R/109MEDIA,2,Western_Leopard_Toad,0.5010,408.8,341.4,565.1,508.4
/srv/shared_leopard_toad/2025/Documents/06.10-13.10.2025/6R/109MEDIA/DSCF0504.JPG,DSCF0504.JPG,6R/109MEDIA,0,Other_Amphibian,0.2382,3123.1,356.4,3392.2,666.9
/srv/shared_leopard_toad/2025/Documents/06.10-13.10.2025/6R/109MEDIA/DSCF0637.JPG,DSCF0637.JPG,6R/109MEDIA,2,Western_Leopard_Toad,0.7485,410.4,341.5,561.5,503.9
/srv/shared_leopard_toad/2025/Documents/06.10-13.10.2025/6R/109MEDIA/DSCF0637.JPG,DSCF0637.JPG,6R/109MEDIA,0,Other_Amphibian,0.3413,3121.0,357.1,3383.7,659.5
/srv/shared_leopard_toad/2025/Documents/06.10-13.10.2025/6R/109MEDIA/DSCF0271.JPG,DSCF0271.JPG,6R/109MEDIA,2,Western_Leopard_Toad,0.8403,405.3,341.7,570.5,504.4
/srv/shared_leopard_toad/2025/Documents/06.10-13.10.2025/6R/109MEDIA/DSCF0648.JPG,DSCF0648.JPG,6R/109MEDIA,2,Western_Leopard_Toad,0.6294,413.6,341.3,562.2,505.5
/srv/shared_leopard_toad/2025/Documents/06.10-13.10.2025/6R/109MEDIA/DSCF0659.JPG,DSCF0659.JPG,6R/109MEDIA,2,Western_Leopard_Toad,0.8960,414.1,343.0,567.0,509.0
/srv/shared_leopard_toad/2025/Documents/06.10-13.10.2025/6R/109MEDIA/DSCF0096.JPG,DSCF0096.JPG,6R/109MEDIA,2,Western_Leopard_Toad,0.5381,407.5,342.4,563.1,491.8
/srv/shared_leopard_toad/2025/Documents/06.10-13.10.2025/6R/109MEDIA/DSCF0295.JPG,DSCF0295.JPG,6R/109MEDIA,2,Western_Leopard_Toad,0.8066,405.2,341.2,565.4,498.2
/srv/shared_leopard_toad/2025/Documents/06.10-13.10.2025/6R/109MEDIA/DSCF0053.JPG,DSCF0053.JPG,6R/109MEDIA,2,Western_Leopard_Toad,0.4543,411.2,342.9,562.7,501.7
/srv/shared_leopard_toad/2025/Documents/06.10-13.10.2025/6R/109MEDIA/DSCF0740.JPG,DSCF0740.JPG,6R/109MEDIA,2,Western_Leopard_Toad,0.6108,667.9,2466.0,770.6,2601.6
/srv/shared_leopard_toad/2025/Documents/06.10-13.10.2025/6R/109MEDIA/DSCF0740.JPG,DSCF0740.JPG,6R/109MEDIA,0,Other_Amphibian,0.3892,667.9,2466.0,770.6,2601.6
/srv/shared_leopard_toad/2025/Documents/06.10-13.10.2025/6R/109MEDIA/DSCF0384.JPG,DSCF0384.JPG,6R/109MEDIA,2,Western_Leopard_Toad,0.8706,406.5,344.0,564.1,505.8
/srv/shared_leopard_toad/2025/Documents/06.10-13.10.2025/6R/109MEDIA/DSCF0384.JPG,DSCF0384.JPG,6R/109MEDIA,0,Other_Amphibian,0.2510,3121.0,357.4,3389.0,655.5
/srv/shared_leopard_toad/2025/Documents/06.10-13.10.2025/6R/109MEDIA/DSCF0149.JPG,DSCF0149.JPG,6R/109MEDIA,2,Western_Leopard_Toad,0.7422,410.1,340.9,563.8,498.5
/srv/shared_leopard_toad/2025/Documents/06.10-13.10.2025/6R/109MEDIA/DSCF0502.JPG,DSCF0502.JPG,6R/109MEDIA,2,Western_Leopard_Toad,0.9297,415.0,339.3,567.4,503.8
/srv/shared_leopard_toad/2025/Documents/06.10-13.10.2025/6R/109MEDIA/DSCF0231.JPG,DSCF0231.JPG,6R/109MEDIA,2,Western_Leopard_Toad,0.6602,412.4,340.7,559.5,498.7
/srv/shared_leopard_toad/2025/Documents/06.10-13.10.2025/6R/109MEDIA/DSCF0320.JPG,DSCF0320.JPG,6R/109MEDIA,2,Western_Leopard_Toad,0.8623,407.8,343.0,568.1,502.4
/srv/shared_leopard_toad/2025/Documents/06.10-13.10.2025/6R/109MEDIA/DSCF0731.JPG,DSCF0731.JPG,6R/109MEDIA,2,Western_Leopard_Toad,0.7119,667.5,2465.5,769.7,2599.1
/srv/shared_leopard_toad/2025/Documents/06.10-13.10.2025/6R/109MEDIA/DSCF0731.JPG,DSCF0731.JPG,6R/109MEDIA,0,Other_Amphibian,0.3208,667.5,2465.5,769.7,2599.1
/srv/shared_leopard_toad/2025/Documents/06.10-13.10.2025/6R/109MEDIA/DSCF0479.JPG,DSCF0479.JPG,6R/109MEDIA,2,Western_Leopard_Toad,0.5220,407.8,341.7,564.1,505.9
/srv/shared_leopard_toad/2025/Documents/06.10-13.10.2025/6R/109MEDIA/DSCF0247.JPG,DSCF0247.JPG,6R/109MEDIA,2,Western_Leopard_Toad,0.2612,400.7,342.5,565.9,502.8
/srv/shared_leopard_toad/2025/Documents/06.10-13.10.2025/6R/109MEDIA/DSCF0307.JPG,DSCF0307.JPG,6R/109MEDIA,2,Western_Leopard_Toad,0.8457,407.8,340.3,564.1,502.8
/srv/shared_leopard_toad/2025/Documents/06.10-13.10.2025/6R/109MEDIA/DSCF0268.JPG,DSCF0268.JPG,6R/109MEDIA,2,Western_Leopard_Toad,0.8682,411.5,341.6,567.6,503.7
/srv/shared_leopard_toad/2025/Documents/06.10-13.10.2025/6R/109MEDIA/DSCF0582.JPG,DSCF0582.JPG,6R/109MEDIA,2,Western_Leopard_Toad,0.9268,412.7,343.3,566.4,507.9
/srv/shared_leopard_toad/2025/Documents/06.10-13.10.2025/6R/109MEDIA/DSCF0716.JPG,DSCF0716.JPG,6R/109MEDIA,2,Western_Leopard_Toad,0.6030,669.1,2464.8,769.4,2602.7
/srv/shared_leopard_toad/2025/Documents/06.10-13.10.2025/6R/109MEDIA/DSCF0716.JPG,DSCF0716.JPG,6R/109MEDIA,0,Other_Amphibian,0.2896,669.1,2464.8,769.4,2602.7
/srv/shared_leopard_toad/2025/Documents/06.10-13.10.2025/6R/109MEDIA/DSCF0663.JPG,DSCF0663.JPG,6R/109MEDIA,2,Western_Leopard_Toad,0.9277,411.0,340.8,566.2,510.5
/srv/shared_leopard_toad/2025/Documents/06.10-13.10.2025/6R/109MEDIA/DSCF0106.JPG,DSCF0106.JPG,6R/109MEDIA,2,Western_Leopard_Toad,0.5957,412.1,341.0,563.8,501.3
/srv/shared_leopard_toad/2025/Documents/06.10-13.10.2025/6R/109MEDIA/DSCF0246.JPG,DSCF0246.JPG,6R/109MEDIA,2,Western_Leopard_Toad,0.8237,411.3,340.9,564.5,500.7
/srv/shared_leopard_toad/2025/Documents/06.10-13.10.2025/6R/109MEDIA/DSCF0378.JPG,DSCF0378.JPG,6R/109MEDIA,2,Western_Leopard_Toad,0.5400,408.8,342.0,565.1,505.6
/srv/shared_leopard_toad/2025/Documents/06.10-13.10.2025/6R/109MEDIA/DSCF0704.JPG,DSCF0704.JPG,6R/109MEDIA,2,Western_Leopard_Toad,0.3025,668.0,2465.1,769.2,2599.5
/srv/shared_leopard_toad/2025/Documents/06.10-13.10.2025/6R/109MEDIA/DSCF0704.JPG,DSCF0704.JPG,6R/109MEDIA,0,Other_Amphibian,0.2059,668.0,2465.1,769.2,2599.5
/srv/shared_leopard_toad/2025/Documents/06.10-13.10.2025/6R/109MEDIA/DSCF0148.JPG,DSCF0148.JPG,6R/109MEDIA,2,Western_Leopard_Toad,0.3506,416.2,340.9,566.2,495.6
/srv/shared_leopard_toad/2025/Documents/06.10-13.10.2025/6R/109MEDIA/DSCF0178.JPG,DSCF0178.JPG,6R/109MEDIA,2,Western_Leopard_Toad,0.7251,407.8,338.8,564.1,499.1
/srv/shared_leopard_toad/2025/Documents/06.10-13.10.2025/6R/109MEDIA/DSCF0738.JPG,DSCF0738.JPG,6R/109MEDIA,2,Western_Leopard_Toad,0.4348,668.0,2467.0,769.2,2600.6
/srv/shared_leopard_toad/2025/Documents/06.10-13.10.2025/6R/109MEDIA/DSCF0738.JPG,DSCF0738.JPG,6R/109MEDIA,0,Other_Amphibian,0.2822,668.0,2467.0,769.2,2600.6
/srv/shared_leopard_toad/2025/Documents/06.10-13.10.2025/6R/109MEDIA/DSCF0739.JPG,DSCF0739.JPG,6R/109MEDIA,2,Western_Leopard_Toad,0.6362,666.4,2466.2,770.8,2601.3
/srv/shared_leopard_toad/2025/Documents/06.10-13.10.2025/6R/109MEDIA/DSCF0739.JPG,DSCF0739.JPG,6R/109MEDIA,0,Other_Amphibian,0.3965,666.4,2466.2,770.8,2601.3
/srv/shared_leopard_toad/2025/Documents/06.10-13.10.2025/6R/109MEDIA/DSCF0607.JPG,DSCF0607.JPG,6R/109MEDIA,2,Western_Leopard_Toad,0.8984,412.1,341.8,567.0,500.6
/srv/shared_leopard_toad/2025/Documents/06.10-13.10.2025/6R/109MEDIA/DSCF0097.JPG,DSCF0097.JPG,6R/109MEDIA,2,Western_Leopard_Toad,0.8125,409.0,341.0,561.6,504.3
/srv/shared_leopard_toad/2025/Documents/06.10-13.10.2025/6R/109MEDIA/DSCF0472.JPG,DSCF0472.JPG,6R/109MEDIA,2,Western_Leopard_Toad,0.8940,412.0,340.3,570.4,506.6
/srv/shared_leopard_toad/2025/Documents/06.10-13.10.2025/6R/109MEDIA/DSCF0396.JPG,DSCF0396.JPG,6R/109MEDIA,2,Western_Leopard_Toad,0.7847,409.3,341.3,564.5,504.0
/srv/shared_leopard_toad/2025/Documents/06.10-13.10.2025/6R/109MEDIA/DSCF0721.JPG,DSCF0721.JPG,6R/109MEDIA,2,Western_Leopard_Toad,0.6113,667.0,2466.2,770.2,2601.3
/srv/shared_leopard_toad/2025/Documents/06.10-13.10.2025/6R/109MEDIA/DSCF0721.JPG,DSCF0721.JPG,6R/109MEDIA,0,Other_Amphibian,0.3770,667.0,2466.2,770.2,2601.3
/srv/shared_leopard_toad/2025/Documents/06.10-13.10.2025/6R/109MEDIA/DSCF0536.JPG,DSCF0536.JPG,6R/109MEDIA,2,Western_Leopard_Toad,0.6846,411.3,342.3,565.9,507.4
/srv/shared_leopard_toad/2025/Documents/06.10-13.10.2025/6R/109MEDIA/DSCF0448.JPG,DSCF0448.JPG,6R/109MEDIA,2,Western_Leopard_Toad,0.6318,410.2,341.7,565.7,502.9
/srv/shared_leopard_toad/2025/Documents/06.10-13.10.2025/6R/109MEDIA/DSCF0449.JPG,DSCF0449.JPG,6R/109MEDIA,2,Western_Leopard_Toad,0.4634,403.2,342.6,563.5,505.0
/srv/shared_leopard_toad/2025/Documents/06.10-13.10.2025/6R/109MEDIA/DSCF0287.JPG,DSCF0287.JPG,6R/109MEDIA,2,Western_Leopard_Toad,0.7148,411.7,340.0,570.7,500.9
/srv/shared_leopard_toad/2025/Documents/06.10-13.10.2025/6R/109MEDIA/DSCF0494.JPG,DSCF0494.JPG,6R/109MEDIA,2,Western_Leopard_Toad,0.8896,410.0,342.4,565.8,505.1
/srv/shared_leopard_toad/2025/Documents/06.10-13.10.2025/6R/109MEDIA/DSCF0386.JPG,DSCF0386.JPG,6R/109MEDIA,2,Western_Leopard_Toad,0.8154,402.7,340.7,567.9,501.0
/srv/shared_leopard_toad/2025/Documents/06.10-13.10.2025/6R/109MEDIA/DSCF0072.JPG,DSCF0072.JPG,6R/109MEDIA,2,Western_Leopard_Toad,0.4836,409.4,343.0,562.5,502.4
/srv/shared_leopard_toad/2025/Documents/06.10-13.10.2025/6R/109MEDIA/DSCF0134.JPG,DSCF0134.JPG,6R/109MEDIA,2,Western_Leopard_Toad,0.6270,402.9,340.5,560.5,502.6
/srv/shared_leopard_toad/2025/Documents/06.10-13.10.2025/6R/109MEDIA/DSCF0023.JPG,DSCF0023.JPG,6R/109MEDIA,2,Western_Leopard_Toad,0.4932,417.6,338.6,564.8,497.1
/srv/shared_leopard_toad/2025/Documents/06.10-13.10.2025/6R/109MEDIA/DSCF0399.JPG,DSCF0399.JPG,6R/109MEDIA,2,Western_Leopard_Toad,0.2654,401.0,342.6,569.6,503.5
/srv/shared_leopard_toad/2025/Documents/06.10-13.10.2025/6R/109MEDIA/DSCF0158.JPG,DSCF0158.JPG,6R/109MEDIA,2,Western_Leopard_Toad,0.9136,409.5,339.6,564.4,499.9
/srv/shared_leopard_toad/2025/Documents/06.10-13.10.2025/6R/109MEDIA/DSCF0474.JPG,DSCF0474.JPG,6R/109MEDIA,2,Western_Leopard_Toad,0.3843,408.0,341.3,571.1,505.5
/srv/shared_leopard_toad/2025/Documents/06.10-13.10.2025/6R/109MEDIA/DSCF0567.JPG,DSCF0567.JPG,6R/109MEDIA,2,Western_Leopard_Toad,0.9229,410.8,342.5,565.1,507.3
/srv/shared_leopard_toad/2025/Documents/06.10-13.10.2025/6R/109MEDIA/DSCF0499.JPG,DSCF0499.JPG,6R/109MEDIA,2,Western_Leopard_Toad,0.5103,414.0,341.4,570.4,503.2
/srv/shared_leopard_toad/2025/Documents/06.10-13.10.2025/6R/109MEDIA/DSCF0335.JPG,DSCF0335.JPG,6R/109MEDIA,2,Western_Leopard_Toad,0.7852,403.9,341.5,564.7,503.0
/srv/shared_leopard_toad/2025/Documents/06.10-13.10.2025/6R/109MEDIA/DSCF0523.JPG,DSCF0523.JPG,6R/109MEDIA,2,Western_Leopard_Toad,0.7690,403.7,342.4,564.9,505.1
/srv/shared_leopard_toad/2025/Documents/06.10-13.10.2025/6R/109MEDIA/DSCF0655.JPG,DSCF0655.JPG,6R/109MEDIA,2,Western_Leopard_Toad,0.8770,401.7,343.5,565.0,503.3
/srv/shared_leopard_toad/2025/Documents/06.10-13.10.2025/6R/109MEDIA/DSCF0223.JPG,DSCF0223.JPG,6R/109MEDIA,2,Western_Leopard_Toad,0.8413,412.2,342.7,563.6,504.2
/srv/shared_leopard_toad/2025/Documents/06.10-13.10.2025/6R/109MEDIA/DSCF0669.JPG,DSCF0669.JPG,6R/109MEDIA,2,Western_Leopard_Toad,0.4783,408.8,341.5,567.0,509.7
/srv/shared_leopard_toad/2025/Documents/06.10-13.10.2025/6R/109MEDIA/DSCF0669.JPG,DSCF0669.JPG,6R/109MEDIA,2,Western_Leopard_Toad,0.3984,408.7,340.9,568.4,508.8
/srv/shared_leopard_toad/2025/Documents/06.10-13.10.2025/6R/109MEDIA/DSCF0745.JPG,DSCF0745.JPG,6R/109MEDIA,2,Western_Leopard_Toad,0.5498,667.6,2467.1,769.6,2600.5
/srv/shared_leopard_toad/2025/Documents/06.10-13.10.2025/6R/109MEDIA/DSCF0745.JPG,DSCF0745.JPG,6R/109MEDIA,0,Other_Amphibian,0.2693,667.6,2467.1,769.6,2600.5
/srv/shared_leopard_toad/2025/Documents/06.10-13.10.2025/6R/109MEDIA/DSCF0127.JPG,DSCF0127.JPG,6R/109MEDIA,2,Western_Leopard_Toad,0.7036,409.2,339.7,564.7,504.8
/srv/shared_leopard_toad/2025/Documents/06.10-13.10.2025/6R/109MEDIA/DSCF0601.JPG,DSCF0601.JPG,6R/109MEDIA,2,Western_Leopard_Toad,0.6445,408.3,343.1,565.6,505.2
/srv/shared_leopard_toad/2025/Documents/06.10-13.10.2025/6R/109MEDIA/DSCF0095.JPG,DSCF0095.JPG,6R/109MEDIA,2,Western_Leopard_Toad,0.4954,407.7,340.6,562.9,501.8
/srv/shared_leopard_toad/2025/Documents/06.10-13.10.2025/6R/109MEDIA/DSCF0154.JPG,DSCF0154.JPG,6R/109MEDIA,2,Western_Leopard_Toad,0.7852,412.9,340.2,564.3,500.7
/srv/shared_leopard_toad/2025/Documents/06.10-13.10.2025/6R/109MEDIA/DSCF0376.JPG,DSCF0376.JPG,6R/109MEDIA,2,Western_Leopard_Toad,0.5698,404.8,344.1,569.1,505.6
/srv/shared_leopard_toad/2025/Documents/06.10-13.10.2025/6R/109MEDIA/DSCF0196.JPG,DSCF0196.JPG,6R/109MEDIA,2,Western_Leopard_Toad,0.3579,400.3,341.6,563.1,505.2
/srv/shared_leopard_toad/2025/Documents/06.10-13.10.2025/6R/109MEDIA/DSCF0577.JPG,DSCF0577.JPG,6R/109MEDIA,2,Western_Leopard_Toad,0.3411,398.4,342.7,563.6,503.3
/srv/shared_leopard_toad/2025/Documents/06.10-13.10.2025/6R/109MEDIA/DSCF0577.JPG,DSCF0577.JPG,6R/109MEDIA,0,Other_Amphibian,0.2351,3127.0,355.2,3383.0,659.2
/srv/shared_leopard_toad/2025/Documents/06.10-13.10.2025/6R/109MEDIA/DSCF0478.JPG,DSCF0478.JPG,6R/109MEDIA,2,Western_Leopard_Toad,0.9116,416.6,339.3,567.7,506.0
/srv/shared_leopard_toad/2025/Documents/06.10-13.10.2025/6R/109MEDIA/DSCF0123.JPG,DSCF0123.JPG,6R/109MEDIA,2,Western_Leopard_Toad,0.5249,410.8,341.5,563.1,499.4
/srv/shared_leopard_toad/2025/Documents/06.10-13.10.2025/6R/109MEDIA/DSCF0666.JPG,DSCF0666.JPG,6R/109MEDIA,2,Western_Leopard_Toad,0.5142,408.8,342.1,563.1,506.2
/srv/shared_leopard_toad/2025/Documents/06.10-13.10.2025/6R/109MEDIA/DSCF0280.JPG,DSCF0280.JPG,6R/109MEDIA,2,Western_Leopard_Toad,0.6157,410.7,340.8,566.5,503.8
/srv/shared_leopard_toad/2025/Documents/06.10-13.10.2025/6R/109MEDIA/DSCF0280.JPG,DSCF0280.JPG,6R/109MEDIA,0,Other_Amphibian,0.2534,3121.0,355.7,3389.0,668.3
/srv/shared_leopard_toad/2025/Documents/06.10-13.10.2025/6R/109MEDIA/DSCF0629.JPG,DSCF0629.JPG,6R/109MEDIA,2,Western_Leopard_Toad,0.6826,407.6,342.7,564.3,504.8
/srv/shared_leopard_toad/2025/Documents/06.10-13.10.2025/6R/109MEDIA/DSCF0049.JPG,DSCF0049.JPG,6R/109MEDIA,2,Western_Leopard_Toad,0.8008,411.5,340.1,562.4,503.0
/srv/shared_leopard_toad/2025/Documents/06.10-13.10.2025/6R/109MEDIA/DSCF0208.JPG,DSCF0208.JPG,6R/109MEDIA,2,Western_Leopard_Toad,0.7891,405.6,341.1,565.0,505.7
/srv/shared_leopard_toad/2025/Documents/06.10-13.10.2025/6R/109MEDIA/DSCF0635.JPG,DSCF0635.JPG,6R/109MEDIA,2,Western_Leopard_Toad,0.9229,405.1,342.1,568.8,503.3
/srv/shared_leopard_toad/2025/Documents/06.10-13.10.2025/6R/109MEDIA/DSCF0065.JPG,DSCF0065.JPG,6R/109MEDIA,2,Western_Leopard_Toad,0.3447,403.4,341.2,565.2,504.8
/srv/shared_leopard_toad/2025/Documents/06.10-13.10.2025/6R/109MEDIA/DSCF0414.JPG,DSCF0414.JPG,6R/109MEDIA,2,Western_Leopard_Toad,0.7437,410.0,344.5,565.8,507.5
/srv/shared_leopard_toad/2025/Documents/06.10-13.10.2025/6R/109MEDIA/DSCF0074.JPG,DSCF0074.JPG,6R/109MEDIA,2,Western_Leopard_Toad,0.6738,411.1,340.3,559.5,502.1
/srv/shared_leopard_toad/2025/Documents/06.10-13.10.2025/6R/109MEDIA/DSCF0110.JPG,DSCF0110.JPG,6R/109MEDIA,2,Western_Leopard_Toad,0.3232,412.2,342.8,561.7,504.0
/srv/shared_leopard_toad/2025/Documents/06.10-13.10.2025/6R/109MEDIA/DSCF0421.JPG,DSCF0421.JPG,6R/109MEDIA,2,Western_Leopard_Toad,0.3757,409.3,341.6,566.5,505.2
/srv/shared_leopard_toad/2025/Documents/06.10-13.10.2025/6R/109MEDIA/DSCF0533.JPG,DSCF0533.JPG,6R/109MEDIA,2,Western_Leopard_Toad,0.8740,406.8,341.2,563.8,506.3
/srv/shared_leopard_toad/2025/Documents/06.10-13.10.2025/6R/109MEDIA/DSCF0511.JPG,DSCF0511.JPG,6R/109MEDIA,2,Western_Leopard_Toad,0.5288,402.2,343.0,563.1,509.0
/srv/shared_leopard_toad/2025/Documents/06.10-13.10.2025/6R/109MEDIA/DSCF0503.JPG,DSCF0503.JPG,6R/109MEDIA,2,Western_Leopard_Toad,0.9458,415.0,339.6,571.3,505.0
/srv/shared_leopard_toad/2025/Documents/06.10-13.10.2025/6R/109MEDIA/DSCF0418.JPG,DSCF0418.JPG,6R/109MEDIA,2,Western_Leopard_Toad,0.7192,411.1,340.1,564.8,501.6
/srv/shared_leopard_toad/2025/Documents/06.10-13.10.2025/6R/109MEDIA/DSCF0211.JPG,DSCF0211.JPG,6R/109MEDIA,2,Western_Leopard_Toad,0.6587,412.1,340.2,563.8,504.4
/srv/shared_leopard_toad/2025/Documents/06.10-13.10.2025/6R/109MEDIA/DSCF0621.JPG,DSCF0621.JPG,6R/109MEDIA,2,Western_Leopard_Toad,0.6987,407.0,342.3,561.6,507.4
/srv/shared_leopard_toad/2025/Documents/06.10-13.10.2025/6R/109MEDIA/DSCF0621.JPG,DSCF0621.JPG,6R/109MEDIA,0,Other_Amphibian,0.2125,3122.9,358.0,3387.1,653.5
/srv/shared_leopard_toad/2025/Documents/06.10-13.10.2025/6R/109MEDIA/DSCF0030.JPG,DSCF0030.JPG,6R/109MEDIA,2,Western_Leopard_Toad,0.7788,415.5,340.5,561.6,502.6
/srv/shared_leopard_toad/2025/Documents/06.10-13.10.2025/6R/109MEDIA/DSCF0483.JPG,DSCF0483.JPG,6R/109MEDIA,2,Western_Leopard_Toad,0.5220,399.6,344.0,565.8,507.9
/srv/shared_leopard_toad/2025/Documents/06.10-13.10.2025/6R/109MEDIA/DSCF0121.JPG,DSCF0121.JPG,6R/109MEDIA,2,Western_Leopard_Toad,0.9019,411.6,339.9,564.2,504.7
/srv/shared_leopard_toad/2025/Documents/06.10-13.10.2025/6R/109MEDIA/DSCF0333.JPG,DSCF0333.JPG,6R/109MEDIA,2,Western_Leopard_Toad,0.6006,399.0,343.8,569.6,499.4
/srv/shared_leopard_toad/2025/Documents/06.10-13.10.2025/6R/109MEDIA/DSCF0482.JPG,DSCF0482.JPG,6R/109MEDIA,2,Western_Leopard_Toad,0.8687,413.1,342.1,568.0,505.4
/srv/shared_leopard_toad/2025/Documents/06.10-13.10.2025/6R/109MEDIA/DSCF0482.JPG,DSCF0482.JPG,6R/109MEDIA,2,Western_Leopard_Toad,0.4282,414.3,342.1,570.1,504.8
/srv/shared_leopard_toad/2025/Documents/06.10-13.10.2025/6R/109MEDIA/DSCF0113.JPG,DSCF0113.JPG,6R/109MEDIA,2,Western_Leopard_Toad,0.3096,406.7,340.9,565.2,497.7
/srv/shared_leopard_toad/2025/Documents/06.10-13.10.2025/6R/109MEDIA/DSCF0113.JPG,DSCF0113.JPG,6R/109MEDIA,2,Western_Leopard_Toad,0.2720,404.9,340.0,567.0,496.5
/srv/shared_leopard_toad/2025/Documents/06.10-13.10.2025/6R/109MEDIA/DSCF0387.JPG,DSCF0387.JPG,6R/109MEDIA,2,Western_Leopard_Toad,0.4463,409.5,340.9,564.4,500.7
/srv/shared_leopard_toad/2025/Documents/06.10-13.10.2025/6R/109MEDIA/DSCF0548.JPG,DSCF0548.JPG,6R/109MEDIA,0,Other_Amphibian,0.2810,3122.2,359.1,3387.8,667.9
/srv/shared_leopard_toad/2025/Documents/06.10-13.10.2025/6R/109MEDIA/DSCF0091.JPG,DSCF0091.JPG,6R/109MEDIA,2,Western_Leopard_Toad,0.8496,407.2,340.3,561.5,502.8
/srv/shared_leopard_toad/2025/Documents/06.10-13.10.2025/6R/109MEDIA/DSCF0660.JPG,DSCF0660.JPG,6R/109MEDIA,2,Western_Leopard_Toad,0.7446,413.0,340.3,564.1,506.6
/srv/shared_leopard_toad/2025/Documents/06.10-13.10.2025/6R/109MEDIA/DSCF0554.JPG,DSCF0554.JPG,6R/109MEDIA,2,Western_Leopard_Toad,0.6758,409.4,341.9,566.4,507.9
/srv/shared_leopard_toad/2025/Documents/06.10-13.10.2025/6R/109MEDIA/DSCF0130.JPG,DSCF0130.JPG,6R/109MEDIA,2,Western_Leopard_Toad,0.8276,407.3,341.4,561.3,497.3
/srv/shared_leopard_toad/2025/Documents/06.10-13.10.2025/6R/109MEDIA/DSCF0130.JPG,DSCF0130.JPG,6R/109MEDIA,2,Western_Leopard_Toad,0.3333,406.9,341.2,565.0,496.8
/srv/shared_leopard_toad/2025/Documents/06.10-13.10.2025/6R/109MEDIA/DSCF0742.JPG,DSCF0742.JPG,6R/109MEDIA,2,Western_Leopard_Toad,0.4072,669.7,2464.2,771.5,2600.4
/srv/shared_leopard_toad/2025/Documents/06.10-13.10.2025/6R/109MEDIA/DSCF0742.JPG,DSCF0742.JPG,6R/109MEDIA,0,Other_Amphibian,0.2148,669.7,2464.2,771.5,2600.4
/srv/shared_leopard_toad/2025/Documents/06.10-13.10.2025/6R/109MEDIA/DSCF0632.JPG,DSCF0632.JPG,6R/109MEDIA,2,Western_Leopard_Toad,0.7871,403.7,341.6,564.9,510.4
/srv/shared_leopard_toad/2025/Documents/06.10-13.10.2025/6R/109MEDIA/DSCF0031.JPG,DSCF0031.JPG,6R/109MEDIA,2,Western_Leopard_Toad,0.8628,412.3,339.3,564.9,494.9
/srv/shared_leopard_toad/2025/Documents/06.10-13.10.2025/6R/109MEDIA/DSCF0391.JPG,DSCF0391.JPG,6R/109MEDIA,2,Western_Leopard_Toad,0.8247,397.0,341.2,569.6,504.2
/srv/shared_leopard_toad/2025/Documents/06.10-13.10.2025/6R/109MEDIA/DSCF0516.JPG,DSCF0516.JPG,6R/109MEDIA,2,Western_Leopard_Toad,0.8237,409.7,342.3,566.1,506.0
/srv/shared_leopard_toad/2025/Documents/06.10-13.10.2025/6R/109MEDIA/DSCF0516.JPG,DSCF0516.JPG,6R/109MEDIA,2,Western_Leopard_Toad,0.7095,409.3,342.5,566.5,505.8
/srv/shared_leopard_toad/2025/Documents/06.10-13.10.2025/6R/109MEDIA/DSCF0191.JPG,DSCF0191.JPG,6R/109MEDIA,2,Western_Leopard_Toad,0.4087,404.4,339.9,566.2,503.2
/srv/shared_leopard_toad/2025/Documents/06.10-13.10.2025/6R/109MEDIA/DSCF0500.JPG,DSCF0500.JPG,6R/109MEDIA,2,Western_Leopard_Toad,0.8975,410.0,341.8,569.1,505.7
/srv/shared_leopard_toad/2025/Documents/06.10-13.10.2025/6R/109MEDIA/DSCF0058.JPG,DSCF0058.JPG,6R/109MEDIA,0,Other_Amphibian,0.2798,3122.2,357.3,3387.8,673.3
/srv/shared_leopard_toad/2025/Documents/06.10-13.10.2025/6R/109MEDIA/DSCF0058.JPG,DSCF0058.JPG,6R/109MEDIA,2,Western_Leopard_Toad,0.2527,412.7,340.2,564.4,502.2
/srv/shared_leopard_toad/2025/Documents/06.10-13.10.2025/6R/109MEDIA/DSCF0169.JPG,DSCF0169.JPG,6R/109MEDIA,2,Western_Leopard_Toad,0.6709,408.8,341.0,561.8,498.4
/srv/shared_leopard_toad/2025/Documents/06.10-13.10.2025/6R/109MEDIA/DSCF0706.JPG,DSCF0706.JPG,6R/109MEDIA,2,Western_Leopard_Toad,0.4434,668.1,2466.7,770.4,2600.8
/srv/shared_leopard_toad/2025/Documents/06.10-13.10.2025/6R/109MEDIA/DSCF0706.JPG,DSCF0706.JPG,6R/109MEDIA,0,Other_Amphibian,0.3555,668.1,2466.7,770.4,2600.8
/srv/shared_leopard_toad/2025/Documents/06.10-13.10.2025/6R/109MEDIA/DSCF0525.JPG,DSCF0525.JPG,6R/109MEDIA,2,Western_Leopard_Toad,0.2659,406.1,342.1,564.5,504.8
/srv/shared_leopard_toad/2025/Documents/06.10-13.10.2025/6R/109MEDIA/DSCF0238.JPG,DSCF0238.JPG,6R/109MEDIA,2,Western_Leopard_Toad,0.9229,412.7,340.3,569.7,504.2
/srv/shared_leopard_toad/2025/Documents/06.10-13.10.2025/6R/109MEDIA/DSCF0086.JPG,DSCF0086.JPG,6R/109MEDIA,2,Western_Leopard_Toad,0.7832,399.8,340.8,562.2,502.3
/srv/shared_leopard_toad/2025/Documents/06.10-13.10.2025/6R/109MEDIA/DSCF0735.JPG,DSCF0735.JPG,6R/109MEDIA,2,Western_Leopard_Toad,0.5449,668.1,2466.2,770.4,2601.3
/srv/shared_leopard_toad/2025/Documents/06.10-13.10.2025/6R/109MEDIA/DSCF0735.JPG,DSCF0735.JPG,6R/109MEDIA,0,Other_Amphibian,0.3452,668.1,2466.2,770.4,2601.3
/srv/shared_leopard_toad/2025/Documents/06.10-13.10.2025/6R/109MEDIA/DSCF0613.JPG,DSCF0613.JPG,6R/109MEDIA,2,Western_Leopard_Toad,0.3853,396.5,344.1,566.8,505.6
/srv/shared_leopard_toad/2025/Documents/06.10-13.10.2025/6R/109MEDIA/DSCF0192.JPG,DSCF0192.JPG,6R/109MEDIA,2,Western_Leopard_Toad,0.7646,406.1,340.7,564.5,498.7
/srv/shared_leopard_toad/2025/Documents/06.10-13.10.2025/6R/109MEDIA/DSCF0114.JPG,DSCF0114.JPG,6R/109MEDIA,2,Western_Leopard_Toad,0.7822,413.8,341.3,562.1,500.4
/srv/shared_leopard_toad/2025/Documents/06.10-13.10.2025/6R/109MEDIA/DSCF0114.JPG,DSCF0114.JPG,6R/109MEDIA,0,Other_Amphibian,0.2356,3125.2,357.1,3395.3,663.9
/srv/shared_leopard_toad/2025/Documents/06.10-13.10.2025/6R/109MEDIA/DSCF0182.JPG,DSCF0182.JPG,6R/109MEDIA,2,Western_Leopard_Toad,0.7275,411.2,341.5,562.7,503.0
/srv/shared_leopard_toad/2025/Documents/06.10-13.10.2025/6R/109MEDIA/DSCF0299.JPG,DSCF0299.JPG,6R/109MEDIA,2,Western_Leopard_Toad,0.8086,408.7,341.0,568.4,501.3
/srv/shared_leopard_toad/2025/Documents/06.10-13.10.2025/6R/109MEDIA/DSCF0345.JPG,DSCF0345.JPG,6R/109MEDIA,2,Western_Leopard_Toad,0.5527,410.0,339.1,565.8,500.3
/srv/shared_leopard_toad/2025/Documents/06.10-13.10.2025/6R/109MEDIA/DSCF0293.JPG,DSCF0293.JPG,6R/109MEDIA,2,Western_Leopard_Toad,0.5386,413.3,338.3,565.9,495.9
/srv/shared_leopard_toad/2025/Documents/06.10-13.10.2025/6R/109MEDIA/DSCF0020.JPG,DSCF0020.JPG,6R/109MEDIA,2,Western_Leopard_Toad,0.8828,404.5,342.1,564.2,501.0
/srv/shared_leopard_toad/2025/Documents/06.10-13.10.2025/6R/109MEDIA/DSCF0195.JPG,DSCF0195.JPG,6R/109MEDIA,2,Western_Leopard_Toad,0.4575,395.2,342.4,564.9,502.2
/srv/shared_leopard_toad/2025/Documents/06.10-13.10.2025/6R/109MEDIA/DSCF0018.JPG,DSCF0018.JPG,6R/109MEDIA,2,Western_Leopard_Toad,0.7197,407.4,340.2,563.2,497.8
/srv/shared_leopard_toad/2025/Documents/06.10-13.10.2025/6R/109MEDIA/DSCF0527.JPG,DSCF0527.JPG,6R/109MEDIA,2,Western_Leopard_Toad,0.4175,399.5,344.7,565.9,506.5
/srv/shared_leopard_toad/2025/Documents/06.10-13.10.2025/6R/109MEDIA/DSCF0338.JPG,DSCF0338.JPG,6R/109MEDIA,2,Western_Leopard_Toad,0.8740,406.2,341.1,567.7,503.5
/srv/shared_leopard_toad/2025/Documents/06.10-13.10.2025/6R/109MEDIA/DSCF0360.JPG,DSCF0360.JPG,6R/109MEDIA,2,Western_Leopard_Toad,0.3455,392.9,342.2,565.2,506.1
/srv/shared_leopard_toad/2025/Documents/06.10-13.10.2025/6R/109MEDIA/DSCF0360.JPG,DSCF0360.JPG,6R/109MEDIA,0,Other_Amphibian,0.2405,3122.6,358.2,3392.6,654.8
/srv/shared_leopard_toad/2025/Documents/06.10-13.10.2025/6R/109MEDIA/DSCF0206.JPG,DSCF0206.JPG,6R/109MEDIA,2,Western_Leopard_Toad,0.5835,397.0,342.1,569.6,495.1
/srv/shared_leopard_toad/2025/Documents/06.10-13.10.2025/6R/109MEDIA/DSCF0059.JPG,DSCF0059.JPG,6R/109MEDIA,2,Western_Leopard_Toad,0.6714,414.7,340.9,562.4,505.1
/srv/shared_leopard_toad/2025/Documents/06.10-13.10.2025/6R/109MEDIA/DSCF0180.JPG,DSCF0180.JPG,6R/109MEDIA,2,Western_Leopard_Toad,0.5239,403.1,340.5,565.5,501.1
/srv/shared_leopard_toad/2025/Documents/06.10-13.10.2025/6R/109MEDIA/DSCF0558.JPG,DSCF0558.JPG,6R/109MEDIA,2,Western_Leopard_Toad,0.9463,413.0,341.9,569.4,506.4
/srv/shared_leopard_toad/2025/Documents/06.10-13.10.2025/6R/109MEDIA/DSCF0088.JPG,DSCF0088.JPG,6R/109MEDIA,2,Western_Leopard_Toad,0.9097,408.7,340.2,568.4,504.4
/srv/shared_leopard_toad/2025/Documents/06.10-13.10.2025/6R/109MEDIA/DSCF0278.JPG,DSCF0278.JPG,6R/109MEDIA,2,Western_Leopard_Toad,0.8760,409.6,339.8,566.3,499.6
/srv/shared_leopard_toad/2025/Documents/06.10-13.10.2025/6R/109MEDIA/DSCF0625.JPG,DSCF0625.JPG,6R/109MEDIA,2,Western_Leopard_Toad,0.8354,411.8,341.7,564.1,505.9
/srv/shared_leopard_toad/2025/Documents/06.10-13.10.2025/6R/109MEDIA/DSCF0645.JPG,DSCF0645.JPG,6R/109MEDIA,2,Western_Leopard_Toad,0.8477,406.4,341.5,562.2,505.4
/srv/shared_leopard_toad/2025/Documents/06.10-13.10.2025/6R/109MEDIA/DSCF0645.JPG,DSCF0645.JPG,6R/109MEDIA,0,Other_Amphibian,0.3010,3124.2,357.3,3385.8,666.7
/srv/shared_leopard_toad/2025/Documents/06.10-13.10.2025/6R/109MEDIA/DSCF0216.JPG,DSCF0216.JPG,6R/109MEDIA,2,Western_Leopard_Toad,0.8018,412.2,339.9,561.7,503.2
/srv/shared_leopard_toad/2025/Documents/06.10-13.10.2025/6R/109MEDIA/DSCF0050.JPG,DSCF0050.JPG,6R/109MEDIA,2,Western_Leopard_Toad,0.6523,407.2,340.7,564.7,504.6
/srv/shared_leopard_toad/2025/Documents/06.10-13.10.2025/6R/109MEDIA/DSCF0099.JPG,DSCF0099.JPG,6R/109MEDIA,2,Western_Leopard_Toad,0.4631,409.3,340.1,559.3,501.6
/srv/shared_leopard_toad/2025/Documents/06.10-13.10.2025/6R/109MEDIA/DSCF0327.JPG,DSCF0327.JPG,6R/109MEDIA,2,Western_Leopard_Toad,0.7446,405.8,341.8,566.1,505.0
/srv/shared_leopard_toad/2025/Documents/06.10-13.10.2025/6R/109MEDIA/DSCF0727.JPG,DSCF0727.JPG,6R/109MEDIA,2,Western_Leopard_Toad,0.6611,668.7,2466.2,769.8,2601.3
/srv/shared_leopard_toad/2025/Documents/06.10-13.10.2025/6R/109MEDIA/DSCF0727.JPG,DSCF0727.JPG,6R/109MEDIA,0,Other_Amphibian,0.3411,668.7,2466.2,769.8,2601.3
/srv/shared_leopard_toad/2025/Documents/06.10-13.10.2025/6R/109MEDIA/DSCF0605.JPG,DSCF0605.JPG,6R/109MEDIA,2,Western_Leopard_Toad,0.8779,411.1,344.1,566.0,507.1
/srv/shared_leopard_toad/2025/Documents/06.10-13.10.2025/6R/109MEDIA/DSCF0605.JPG,DSCF0605.JPG,6R/109MEDIA,2,Western_Leopard_Toad,0.6924,410.2,344.3,565.7,507.0
/srv/shared_leopard_toad/2025/Documents/06.10-13.10.2025/6R/109MEDIA/DSCF0087.JPG,DSCF0087.JPG,6R/109MEDIA,2,Western_Leopard_Toad,0.2527,405.5,342.1,563.1,502.4
/srv/shared_leopard_toad/2025/Documents/06.10-13.10.2025/6R/109MEDIA/DSCF0314.JPG,DSCF0314.JPG,6R/109MEDIA,2,Western_Leopard_Toad,0.8701,407.4,341.6,561.2,505.2
/srv/shared_leopard_toad/2025/Documents/06.10-13.10.2025/6R/109MEDIA/DSCF0593.JPG,DSCF0593.JPG,6R/109MEDIA,2,Western_Leopard_Toad,0.8140,410.1,342.5,567.1,507.3
/srv/shared_leopard_toad/2025/Documents/06.10-13.10.2025/6R/109MEDIA/DSCF0593.JPG,DSCF0593.JPG,6R/109MEDIA,2,Western_Leopard_Toad,0.5649,409.4,341.8,566.4,505.7
/srv/shared_leopard_toad/2025/Documents/06.10-13.10.2025/6R/109MEDIA/DSCF0588.JPG,DSCF0588.JPG,6R/109MEDIA,2,Western_Leopard_Toad,0.6836,412.1,341.6,565.0,505.2
/srv/shared_leopard_toad/2025/Documents/06.10-13.10.2025/6R/109MEDIA/DSCF0068.JPG,DSCF0068.JPG,6R/109MEDIA,2,Western_Leopard_Toad,0.7959,411.4,339.6,562.5,502.0
/srv/shared_leopard_toad/2025/Documents/06.10-13.10.2025/6R/109MEDIA/DSCF0724.JPG,DSCF0724.JPG,6R/109MEDIA,2,Western_Leopard_Toad,0.6777,667.7,2467.7,770.8,2602.8
/srv/shared_leopard_toad/2025/Documents/06.10-13.10.2025/6R/109MEDIA/DSCF0724.JPG,DSCF0724.JPG,6R/109MEDIA,0,Other_Amphibian,0.4802,667.7,2467.7,770.8,2602.8
/srv/shared_leopard_toad/2025/Documents/06.10-13.10.2025/6R/109MEDIA/DSCF0619.JPG,DSCF0619.JPG,6R/109MEDIA,2,Western_Leopard_Toad,0.2981,404.9,343.2,565.7,504.4
/srv/shared_leopard_toad/2025/Documents/06.10-13.10.2025/6R/109MEDIA/DSCF0025.JPG,DSCF0025.JPG,6R/109MEDIA,2,Western_Leopard_Toad,0.5112,404.2,342.1,562.4,505.4
/srv/shared_leopard_toad/2025/Documents/06.10-13.10.2025/6R/109MEDIA/DSCF0381.JPG,DSCF0381.JPG,6R/109MEDIA,2,Western_Leopard_Toad,0.6929,411.2,343.3,564.7,503.6
/srv/shared_leopard_toad/2025/Documents/06.10-13.10.2025/6R/109MEDIA/DSCF0365.JPG,DSCF0365.JPG,6R/109MEDIA,2,Western_Leopard_Toad,0.4758,410.2,343.1,569.0,503.7
/srv/shared_leopard_toad/2025/Documents/06.10-13.10.2025/6R/109MEDIA/DSCF0538.JPG,DSCF0538.JPG,6R/109MEDIA,2,Western_Leopard_Toad,0.7163,406.7,343.5,565.2,503.3
/srv/shared_leopard_toad/2025/Documents/06.10-13.10.2025/6R/109MEDIA/DSCF0454.JPG,DSCF0454.JPG,6R/109MEDIA,2,Western_Leopard_Toad,0.5386,411.8,342.0,570.6,507.8
/srv/shared_leopard_toad/2025/Documents/06.10-13.10.2025/6R/109MEDIA/DSCF0188.JPG,DSCF0188.JPG,6R/109MEDIA,2,Western_Leopard_Toad,0.6851,407.9,341.9,562.7,499.0
/srv/shared_leopard_toad/2025/Documents/06.10-13.10.2025/6R/109MEDIA/DSCF0133.JPG,DSCF0133.JPG,6R/109MEDIA,2,Western_Leopard_Toad,0.8813,413.3,340.2,563.9,500.7
/srv/shared_leopard_toad/2025/Documents/06.10-13.10.2025/6R/109MEDIA/DSCF0181.JPG,DSCF0181.JPG,6R/109MEDIA,2,Western_Leopard_Toad,0.7158,412.4,341.9,563.5,502.7
/srv/shared_leopard_toad/2025/Documents/06.10-13.10.2025/6R/109MEDIA/DSCF0209.JPG,DSCF0209.JPG,6R/109MEDIA,2,Western_Leopard_Toad,0.6362,408.2,343.6,563.7,508.4
/srv/shared_leopard_toad/2025/Documents/06.10-13.10.2025/6R/109MEDIA/DSCF0725.JPG,DSCF0725.JPG,6R/109MEDIA,2,Western_Leopard_Toad,0.6284,668.3,2465.3,770.2,2599.3
/srv/shared_leopard_toad/2025/Documents/06.10-13.10.2025/6R/109MEDIA/DSCF0725.JPG,DSCF0725.JPG,6R/109MEDIA,0,Other_Amphibian,0.3264,668.3,2465.3,770.2,2599.3
/srv/shared_leopard_toad/2025/Documents/06.10-13.10.2025/6R/109MEDIA/DSCF0550.JPG,DSCF0550.JPG,6R/109MEDIA,2,Western_Leopard_Toad,0.2546,408.2,343.1,567.6,508.9
/srv/shared_leopard_toad/2025/Documents/06.10-13.10.2025/6R/109MEDIA/DSCF0015.JPG,DSCF0015.JPG,6R/109MEDIA,2,Western_Leopard_Toad,0.4983,412.6,340.3,564.6,504.2
/srv/shared_leopard_toad/2025/Documents/06.10-13.10.2025/6R/109MEDIA/DSCF0612.JPG,DSCF0612.JPG,6R/109MEDIA,2,Western_Leopard_Toad,0.3887,408.1,342.3,565.7,506.0
/srv/shared_leopard_toad/2025/Documents/06.10-13.10.2025/6R/109MEDIA/DSCF0633.JPG,DSCF0633.JPG,6R/109MEDIA,2,Western_Leopard_Toad,0.8662,410.2,341.5,563.7,506.0
/srv/shared_leopard_toad/2025/Documents/06.10-13.10.2025/6R/109MEDIA/DSCF0626.JPG,DSCF0626.JPG,6R/109MEDIA,2,Western_Leopard_Toad,0.7700,406.3,342.7,565.6,505.6
/srv/shared_leopard_toad/2025/Documents/06.10-13.10.2025/6R/109MEDIA/DSCF0076.JPG,DSCF0076.JPG,6R/109MEDIA,2,Western_Leopard_Toad,0.3889,405.1,341.6,563.6,497.8
/srv/shared_leopard_toad/2025/Documents/06.10-13.10.2025/6R/109MEDIA/DSCF0240.JPG,DSCF0240.JPG,6R/109MEDIA,2,Western_Leopard_Toad,0.6714,409.9,341.2,569.3,501.2
/srv/shared_leopard_toad/2025/Documents/06.10-13.10.2025/6R/109MEDIA/DSCF0240.JPG,DSCF0240.JPG,6R/109MEDIA,2,Western_Leopard_Toad,0.5879,410.2,340.8,569.0,500.8
/srv/shared_leopard_toad/2025/Documents/06.10-13.10.2025/6R/109MEDIA/DSCF0714.JPG,DSCF0714.JPG,6R/109MEDIA,2,Western_Leopard_Toad,0.5376,668.6,2466.1,769.9,2598.5
/srv/shared_leopard_toad/2025/Documents/06.10-13.10.2025/6R/109MEDIA/DSCF0714.JPG,DSCF0714.JPG,6R/109MEDIA,0,Other_Amphibian,0.2664,668.6,2466.1,769.9,2598.5
/srv/shared_leopard_toad/2025/Documents/06.10-13.10.2025/6R/109MEDIA/DSCF0302.JPG,DSCF0302.JPG,6R/109MEDIA,2,Western_Leopard_Toad,0.9424,163.7,1959.8,320.3,2151.0
/srv/shared_leopard_toad/2025/Documents/06.10-13.10.2025/6R/109MEDIA/DSCF0302.JPG,DSCF0302.JPG,6R/109MEDIA,2,Western_Leopard_Toad,0.8965,162.5,1958.3,319.8,2149.5
/srv/shared_leopard_toad/2025/Documents/06.10-13.10.2025/6R/109MEDIA/DSCF0302.JPG,DSCF0302.JPG,6R/109MEDIA,2,Western_Leopard_Toad,0.4236,412.8,339.8,563.1,502.5
/srv/shared_leopard_toad/2025/Documents/06.10-13.10.2025/6R/109MEDIA/DSCF0232.JPG,DSCF0232.JPG,6R/109MEDIA,2,Western_Leopard_Toad,0.6299,410.9,340.7,562.9,498.7
/srv/shared_leopard_toad/2025/Documents/06.10-13.10.2025/6R/109MEDIA/DSCF0545.JPG,DSCF0545.JPG,6R/109MEDIA,2,Western_Leopard_Toad,0.8481,407.5,343.3,566.3,507.9
/srv/shared_leopard_toad/2025/Documents/06.10-13.10.2025/6R/109MEDIA/DSCF0377.JPG,DSCF0377.JPG,6R/109MEDIA,2,Western_Leopard_Toad,0.9077,413.7,340.6,567.4,501.8
/srv/shared_leopard_toad/2025/Documents/06.10-13.10.2025/6R/109MEDIA/DSCF0705.JPG,DSCF0705.JPG,6R/109MEDIA,2,Western_Leopard_Toad,0.3208,668.3,2465.4,767.6,2602.2
/srv/shared_leopard_toad/2025/Documents/06.10-13.10.2025/6R/109MEDIA/DSCF0048.JPG,DSCF0048.JPG,6R/109MEDIA,2,Western_Leopard_Toad,0.5913,411.4,339.7,560.5,499.7
/srv/shared_leopard_toad/2025/Documents/06.10-13.10.2025/6R/109MEDIA/DSCF0267.JPG,DSCF0267.JPG,6R/109MEDIA,2,Western_Leopard_Toad,0.8120,412.9,337.9,568.1,501.5
/srv/shared_leopard_toad/2025/Documents/06.10-13.10.2025/6R/109MEDIA/DSCF0319.JPG,DSCF0319.JPG,6R/109MEDIA,2,Western_Leopard_Toad,0.5127,410.0,339.3,565.8,502.3
/srv/shared_leopard_toad/2025/Documents/06.10-13.10.2025/6R/109MEDIA/DSCF0150.JPG,DSCF0150.JPG,6R/109MEDIA,2,Western_Leopard_Toad,0.5659,408.8,341.0,561.8,498.4
/srv/shared_leopard_toad/2025/Documents/06.10-13.10.2025/6R/109MEDIA/DSCF0510.JPG,DSCF0510.JPG,6R/109MEDIA,2,Western_Leopard_Toad,0.8726,407.4,341.6,566.5,503.7
/srv/shared_leopard_toad/2025/Documents/06.10-13.10.2025/6R/109MEDIA/DSCF0643.JPG,DSCF0643.JPG,6R/109MEDIA,2,Western_Leopard_Toad,0.7168,412.5,341.4,563.3,506.2
/srv/shared_leopard_toad/2025/Documents/06.10-13.10.2025/6R/109MEDIA/DSCF0323.JPG,DSCF0323.JPG,6R/109MEDIA,2,Western_Leopard_Toad,0.4385,411.2,341.5,564.7,504.5
/srv/shared_leopard_toad/2025/Documents/06.10-13.10.2025/6R/109MEDIA/DSCF0013.JPG,DSCF0013.JPG,6R/109MEDIA,2,Western_Leopard_Toad,0.3306,409.3,339.8,561.3,501.8
/srv/shared_leopard_toad/2025/Documents/06.10-13.10.2025/6R/109MEDIA/DSCF0108.JPG,DSCF0108.JPG,6R/109MEDIA,2,Western_Leopard_Toad,0.7129,410.6,340.0,563.2,502.4
/srv/shared_leopard_toad/2025/Documents/06.10-13.10.2025/6R/109MEDIA/DSCF0277.JPG,DSCF0277.JPG,6R/109MEDIA,2,Western_Leopard_Toad,0.4998,413.5,341.1,567.6,500.5
/srv/shared_leopard_toad/2025/Documents/06.10-13.10.2025/6R/109MEDIA/DSCF0153.JPG,DSCF0153.JPG,6R/109MEDIA,2,Western_Leopard_Toad,0.8779,408.6,340.9,565.3,500.7
/srv/shared_leopard_toad/2025/Documents/06.10-13.10.2025/6R/109MEDIA/DSCF0079.JPG,DSCF0079.JPG,6R/109MEDIA,2,Western_Leopard_Toad,0.8672,410.8,341.9,561.1,502.7
/srv/shared_leopard_toad/2025/Documents/06.10-13.10.2025/6R/109MEDIA/DSCF0610.JPG,DSCF0610.JPG,6R/109MEDIA,2,Western_Leopard_Toad,0.8662,408.4,343.1,565.4,505.2
/srv/shared_leopard_toad/2025/Documents/06.10-13.10.2025/6R/109MEDIA/DSCF0542.JPG,DSCF0542.JPG,6R/109MEDIA,2,Western_Leopard_Toad,0.6709,410.0,341.5,565.8,504.5
/srv/shared_leopard_toad/2025/Documents/06.10-13.10.2025/6R/109MEDIA/DSCF0708.JPG,DSCF0708.JPG,6R/109MEDIA,2,Western_Leopard_Toad,0.5986,667.3,2467.0,769.9,2600.6
/srv/shared_leopard_toad/2025/Documents/06.10-13.10.2025/6R/109MEDIA/DSCF0708.JPG,DSCF0708.JPG,6R/109MEDIA,0,Other_Amphibian,0.3418,667.3,2467.0,769.9,2600.6
/srv/shared_leopard_toad/2025/Documents/06.10-13.10.2025/6R/109MEDIA/DSCF0119.JPG,DSCF0119.JPG,6R/109MEDIA,2,Western_Leopard_Toad,0.8359,406.5,339.3,564.1,500.1
/srv/shared_leopard_toad/2025/Documents/06.10-13.10.2025/6R/109MEDIA/DSCF0408.JPG,DSCF0408.JPG,6R/109MEDIA,2,Western_Leopard_Toad,0.9033,409.0,341.4,564.8,503.2
/srv/shared_leopard_toad/2025/Documents/06.10-13.10.2025/6R/109MEDIA/DSCF0469.JPG,DSCF0469.JPG,6R/109MEDIA,2,Western_Leopard_Toad,0.7563,406.9,342.9,565.0,506.8
/srv/shared_leopard_toad/2025/Documents/06.10-13.10.2025/6R/109MEDIA/DSCF0098.JPG,DSCF0098.JPG,6R/109MEDIA,2,Western_Leopard_Toad,0.4355,411.2,340.4,562.7,500.5
/srv/shared_leopard_toad/2025/Documents/06.10-13.10.2025/6R/109MEDIA/DSCF0214.JPG,DSCF0214.JPG,6R/109MEDIA,2,Western_Leopard_Toad,0.8726,411.4,340.5,565.7,504.1
/srv/shared_leopard_toad/2025/Documents/06.10-13.10.2025/6R/109MEDIA/DSCF0627.JPG,DSCF0627.JPG,6R/109MEDIA,2,Western_Leopard_Toad,0.5869,404.3,342.8,567.6,504.0
/srv/shared_leopard_toad/2025/Documents/06.10-13.10.2025/6R/109MEDIA/DSCF0425.JPG,DSCF0425.JPG,6R/109MEDIA,2,Western_Leopard_Toad,0.8125,414.1,342.4,568.4,504.4
/srv/shared_leopard_toad/2025/Documents/06.10-13.10.2025/6R/109MEDIA/DSCF0420.JPG,DSCF0420.JPG,6R/109MEDIA,2,Western_Leopard_Toad,0.8696,411.0,340.8,566.2,503.8
/srv/shared_leopard_toad/2025/Documents/06.10-13.10.2025/6R/109MEDIA/DSCF0398.JPG,DSCF0398.JPG,6R/109MEDIA,2,Western_Leopard_Toad,0.5347,409.9,341.5,566.0,503.0
/srv/shared_leopard_toad/2025/Documents/06.10-13.10.2025/6R/109MEDIA/DSCF0205.JPG,DSCF0205.JPG,6R/109MEDIA,2,Western_Leopard_Toad,0.2654,400.1,340.8,563.2,500.8
/srv/shared_leopard_toad/2025/Documents/06.10-13.10.2025/6R/109MEDIA/DSCF0540.JPG,DSCF0540.JPG,6R/109MEDIA,2,Western_Leopard_Toad,0.6240,410.2,341.6,563.7,505.2
/srv/shared_leopard_toad/2025/Documents/06.10-13.10.2025/6R/109MEDIA/DSCF0618.JPG,DSCF0618.JPG,6R/109MEDIA,2,Western_Leopard_Toad,0.3921,405.1,342.1,563.6,509.9
/srv/shared_leopard_toad/2025/Documents/06.10-13.10.2025/6R/109MEDIA/DSCF0112.JPG,DSCF0112.JPG,6R/109MEDIA,2,Western_Leopard_Toad,0.4336,414.3,340.9,561.5,500.0
/srv/shared_leopard_toad/2025/Documents/06.10-13.10.2025/6R/109MEDIA/DSCF0111.JPG,DSCF0111.JPG,6R/109MEDIA,2,Western_Leopard_Toad,0.7939,408.3,339.8,565.6,497.4
/srv/shared_leopard_toad/2025/Documents/06.10-13.10.2025/6R/109MEDIA/DSCF0263.JPG,DSCF0263.JPG,6R/109MEDIA,2,Western_Leopard_Toad,0.3906,413.4,340.5,569.0,501.1
/srv/shared_leopard_toad/2025/Documents/06.10-13.10.2025/6R/109MEDIA/DSCF0586.JPG,DSCF0586.JPG,6R/109MEDIA,2,Western_Leopard_Toad,0.6841,411.2,342.4,562.7,504.4
/srv/shared_leopard_toad/2025/Documents/06.10-13.10.2025/6R/109MEDIA/DSCF0349.JPG,DSCF0349.JPG,6R/109MEDIA,2,Western_Leopard_Toad,0.8965,410.1,340.2,567.1,502.9
/srv/shared_leopard_toad/2025/Documents/06.10-13.10.2025/6R/109MEDIA/DSCF0555.JPG,DSCF0555.JPG,6R/109MEDIA,2,Western_Leopard_Toad,0.8359,413.2,338.7,564.0,508.1
/srv/shared_leopard_toad/2025/Documents/06.10-13.10.2025/6R/109MEDIA/DSCF0695.JPG,DSCF0695.JPG,6R/109MEDIA,0,Other_Amphibian,0.3579,667.1,2468.6,770.1,2601.9
/srv/shared_leopard_toad/2025/Documents/06.10-13.10.2025/6R/109MEDIA/DSCF0695.JPG,DSCF0695.JPG,6R/109MEDIA,2,Western_Leopard_Toad,0.3125,667.1,2468.6,770.1,2601.9
/srv/shared_leopard_toad/2025/Documents/06.10-13.10.2025/6R/109MEDIA/DSCF0229.JPG,DSCF0229.JPG,6R/109MEDIA,2,Western_Leopard_Toad,0.7290,409.4,341.2,566.4,504.2
/srv/shared_leopard_toad/2025/Documents/06.10-13.10.2025/6R/109MEDIA/DSCF0657.JPG,DSCF0657.JPG,6R/109MEDIA,2,Western_Leopard_Toad,0.8784,409.4,341.4,566.4,504.7
/srv/shared_leopard_toad/2025/Documents/06.10-13.10.2025/6R/109MEDIA/DSCF0657.JPG,DSCF0657.JPG,6R/109MEDIA,0,Other_Amphibian,0.2068,3126.3,356.0,3378.5,658.4
/srv/shared_leopard_toad/2025/Documents/06.10-13.10.2025/6R/109MEDIA/DSCF0163.JPG,DSCF0163.JPG,6R/109MEDIA,2,Western_Leopard_Toad,0.9194,419.0,339.0,565.4,502.6
/srv/shared_leopard_toad/2025/Documents/06.10-13.10.2025/6R/109MEDIA/DSCF0587.JPG,DSCF0587.JPG,6R/109MEDIA,2,Western_Leopard_Toad,0.9248,409.8,344.1,564.1,505.6
/srv/shared_leopard_toad/2025/Documents/06.10-13.10.2025/6R/109MEDIA/DSCF0711.JPG,DSCF0711.JPG,6R/109MEDIA,2,Western_Leopard_Toad,0.4680,668.3,2466.2,770.2,2601.3
/srv/shared_leopard_toad/2025/Documents/06.10-13.10.2025/6R/109MEDIA/DSCF0711.JPG,DSCF0711.JPG,6R/109MEDIA,0,Other_Amphibian,0.2903,668.3,2466.2,770.2,2601.3
/srv/shared_leopard_toad/2025/Documents/06.10-13.10.2025/6R/109MEDIA/DSCF0563.JPG,DSCF0563.JPG,6R/109MEDIA,2,Western_Leopard_Toad,0.8730,414.1,342.3,568.4,505.3
/srv/shared_leopard_toad/2025/Documents/06.10-13.10.2025/6R/109MEDIA/DSCF0283.JPG,DSCF0283.JPG,6R/109MEDIA,2,Western_Leopard_Toad,0.2732,417.6,342.7,568.7,501.8
/srv/shared_leopard_toad/2025/Documents/06.10-13.10.2025/6R/109MEDIA/DSCF0470.JPG,DSCF0470.JPG,6R/109MEDIA,2,Western_Leopard_Toad,0.9199,405.9,341.6,569.9,505.2
/srv/shared_leopard_toad/2025/Documents/06.10-13.10.2025/6R/109MEDIA/DSCF0710.JPG,DSCF0710.JPG,6R/109MEDIA,2,Western_Leopard_Toad,0.5972,667.7,2466.7,773.5,2600.8
/srv/shared_leopard_toad/2025/Documents/06.10-13.10.2025/6R/109MEDIA/DSCF0710.JPG,DSCF0710.JPG,6R/109MEDIA,0,Other_Amphibian,0.5000,667.7,2466.7,773.5,2600.8
/srv/shared_leopard_toad/2025/Documents/06.10-13.10.2025/6R/109MEDIA/DSCF0406.JPG,DSCF0406.JPG,6R/109MEDIA,2,Western_Leopard_Toad,0.6836,400.1,342.2,565.3,500.2
/srv/shared_leopard_toad/2025/Documents/06.10-13.10.2025/6R/109MEDIA/DSCF0128.JPG,DSCF0128.JPG,6R/109MEDIA,2,Western_Leopard_Toad,0.8882,411.2,339.6,564.7,507.2
/srv/shared_leopard_toad/2025/Documents/06.10-13.10.2025/6R/109MEDIA/DSCF0265.JPG,DSCF0265.JPG,6R/109MEDIA,2,Western_Leopard_Toad,0.5659,411.7,339.3,565.4,500.1
/srv/shared_leopard_toad/2025/Documents/06.10-13.10.2025/6R/109MEDIA/DSCF0022.JPG,DSCF0022.JPG,6R/109MEDIA,2,Western_Leopard_Toad,0.9165,413.3,338.9,565.9,495.4
/srv/shared_leopard_toad/2025/Documents/06.10-13.10.2025/6R/109MEDIA/DSCF0389.JPG,DSCF0389.JPG,6R/109MEDIA,2,Western_Leopard_Toad,0.8286,408.9,342.4,568.3,502.2
/srv/shared_leopard_toad/2025/Documents/06.10-13.10.2025/6R/109MEDIA/DSCF0198.JPG,DSCF0198.JPG,6R/109MEDIA,2,Western_Leopard_Toad,0.9014,407.9,340.7,562.7,504.6
/srv/shared_leopard_toad/2025/Documents/06.10-13.10.2025/6R/109MEDIA/DSCF0379.JPG,DSCF0379.JPG,6R/109MEDIA,2,Western_Leopard_Toad,0.8223,409.9,341.9,566.0,503.4
/srv/shared_leopard_toad/2025/Documents/06.10-13.10.2025/6R/109MEDIA/DSCF0395.JPG,DSCF0395.JPG,6R/109MEDIA,2,Western_Leopard_Toad,0.7246,406.3,342.3,565.6,502.3
/srv/shared_leopard_toad/2025/Documents/06.10-13.10.2025/6R/109MEDIA/DSCF0011.JPG,DSCF0011.JPG,6R/109MEDIA,2,Western_Leopard_Toad,0.7217,412.7,338.2,564.4,501.2
/srv/shared_leopard_toad/2025/Documents/06.10-13.10.2025/6R/109MEDIA/DSCF0570.JPG,DSCF0570.JPG,6R/109MEDIA,2,Western_Leopard_Toad,0.8652,415.0,342.6,564.1,507.2
/srv/shared_leopard_toad/2025/Documents/06.10-13.10.2025/6R/109MEDIA/DSCF0073.JPG,DSCF0073.JPG,6R/109MEDIA,2,Western_Leopard_Toad,0.7827,411.7,340.9,560.2,495.6
/srv/shared_leopard_toad/2025/Documents/06.10-13.10.2025/6R/109MEDIA/DSCF0073.JPG,DSCF0073.JPG,6R/109MEDIA,0,Other_Amphibian,0.2395,3123.4,359.5,3386.6,665.2
/srv/shared_leopard_toad/2025/Documents/06.10-13.10.2025/6R/109MEDIA/DSCF0183.JPG,DSCF0183.JPG,6R/109MEDIA,2,Western_Leopard_Toad,0.6694,404.5,340.9,564.2,506.0
/srv/shared_leopard_toad/2025/Documents/06.10-13.10.2025/6R/109MEDIA/DSCF0370.JPG,DSCF0370.JPG,6R/109MEDIA,2,Western_Leopard_Toad,0.7559,409.9,342.9,566.0,506.8
/srv/shared_leopard_toad/2025/Documents/06.10-13.10.2025/6R/109MEDIA/DSCF0289.JPG,DSCF0289.JPG,6R/109MEDIA,2,Western_Leopard_Toad,0.8813,410.5,339.6,566.6,503.5
/srv/shared_leopard_toad/2025/Documents/06.10-13.10.2025/6R/109MEDIA/DSCF0718.JPG,DSCF0718.JPG,6R/109MEDIA,2,Western_Leopard_Toad,0.6885,666.9,2467.0,770.3,2600.6
/srv/shared_leopard_toad/2025/Documents/06.10-13.10.2025/6R/109MEDIA/DSCF0718.JPG,DSCF0718.JPG,6R/109MEDIA,0,Other_Amphibian,0.4758,666.9,2467.0,770.3,2600.6
/srv/shared_leopard_toad/2025/Documents/06.10-13.10.2025/6R/109MEDIA/DSCF0017.JPG,DSCF0017.JPG,6R/109MEDIA,2,Western_Leopard_Toad,0.9009,412.0,338.0,565.2,502.9
/srv/shared_leopard_toad/2025/Documents/06.10-13.10.2025/6R/109MEDIA/DSCF0726.JPG,DSCF0726.JPG,6R/109MEDIA,2,Western_Leopard_Toad,0.5264,667.2,2467.1,770.0,2600.5
/srv/shared_leopard_toad/2025/Documents/06.10-13.10.2025/6R/109MEDIA/DSCF0726.JPG,DSCF0726.JPG,6R/109MEDIA,0,Other_Amphibian,0.3406,667.2,2467.1,770.0,2600.5
/srv/shared_leopard_toad/2025/Documents/06.10-13.10.2025/6R/109MEDIA/DSCF0440.JPG,DSCF0440.JPG,6R/109MEDIA,2,Western_Leopard_Toad,0.6812,408.4,341.4,563.6,503.2
/srv/shared_leopard_toad/2025/Documents/06.10-13.10.2025/6R/109MEDIA/DSCF0703.JPG,DSCF0703.JPG,6R/109MEDIA,0,Other_Amphibian,0.6001,665.4,2466.3,770.4,2604.2
/srv/shared_leopard_toad/2025/Documents/06.10-13.10.2025/6R/109MEDIA/DSCF0703.JPG,DSCF0703.JPG,6R/109MEDIA,2,Western_Leopard_Toad,0.5571,665.4,2466.3,770.4,2604.2
/srv/shared_leopard_toad/2025/Documents/06.10-13.10.2025/6R/109MEDIA/DSCF0075.JPG,DSCF0075.JPG,6R/109MEDIA,2,Western_Leopard_Toad,0.8813,405.5,341.6,563.1,500.7
/srv/shared_leopard_toad/2025/Documents/06.10-13.10.2025/6R/109MEDIA/DSCF0571.JPG,DSCF0571.JPG,6R/109MEDIA,2,Western_Leopard_Toad,0.2568,404.8,343.4,563.8,506.4
/srv/shared_leopard_toad/2025/Documents/06.10-13.10.2025/6R/109MEDIA/DSCF0375.JPG,DSCF0375.JPG,6R/109MEDIA,2,Western_Leopard_Toad,0.7109,408.6,341.3,565.3,500.4
/srv/shared_leopard_toad/2025/Documents/06.10-13.10.2025/6R/109MEDIA/DSCF0337.JPG,DSCF0337.JPG,6R/109MEDIA,2,Western_Leopard_Toad,0.6260,401.6,342.1,570.3,506.2
/srv/shared_leopard_toad/2025/Documents/06.10-13.10.2025/6R/109MEDIA/DSCF0639.JPG,DSCF0639.JPG,6R/109MEDIA,2,Western_Leopard_Toad,0.8955,409.8,341.8,562.1,505.0
/srv/shared_leopard_toad/2025/Documents/06.10-13.10.2025/6R/109MEDIA/DSCF0639.JPG,DSCF0639.JPG,6R/109MEDIA,0,Other_Amphibian,0.2646,3125.6,355.5,3379.1,664.8
/srv/shared_leopard_toad/2025/Documents/06.10-13.10.2025/6R/109MEDIA/DSCF0104.JPG,DSCF0104.JPG,6R/109MEDIA,2,Western_Leopard_Toad,0.8135,403.4,340.9,565.2,504.5
/srv/shared_leopard_toad/2025/Documents/06.10-13.10.2025/6R/109MEDIA/DSCF0104.JPG,DSCF0104.JPG,6R/109MEDIA,0,Other_Amphibian,0.2139,3120.5,355.3,3389.5,668.0
/srv/shared_leopard_toad/2025/Documents/06.10-13.10.2025/6R/109MEDIA/DSCF0043.JPG,DSCF0043.JPG,6R/109MEDIA,2,Western_Leopard_Toad,0.4478,409.5,341.2,562.4,498.2
/srv/shared_leopard_toad/2025/Documents/06.10-13.10.2025/6R/109MEDIA/DSCF0043.JPG,DSCF0043.JPG,6R/109MEDIA,0,Other_Amphibian,0.2429,1092.5,2731.3,1217.5,2859.0
/srv/shared_leopard_toad/2025/Documents/06.10-13.10.2025/6R/109MEDIA/DSCF0275.JPG,DSCF0275.JPG,6R/109MEDIA,2,Western_Leopard_Toad,0.3147,401.5,341.2,570.4,497.5
/srv/shared_leopard_toad/2025/Documents/06.10-13.10.2025/6R/109MEDIA/DSCF0245.JPG,DSCF0245.JPG,6R/109MEDIA,2,Western_Leopard_Toad,0.3186,402.9,341.3,567.7,504.0
/srv/shared_leopard_toad/2025/Documents/06.10-13.10.2025/6R/109MEDIA/DSCF0603.JPG,DSCF0603.JPG,6R/109MEDIA,2,Western_Leopard_Toad,0.8403,409.6,342.9,566.3,508.3
/srv/shared_leopard_toad/2025/Documents/06.10-13.10.2025/6R/109MEDIA/DSCF0492.JPG,DSCF0492.JPG,6R/109MEDIA,2,Western_Leopard_Toad,0.8208,412.4,339.7,564.7,506.4
/srv/shared_leopard_toad/2025/Documents/06.10-13.10.2025/6R/109MEDIA/DSCF0492.JPG,DSCF0492.JPG,6R/109MEDIA,2,Western_Leopard_Toad,0.7485,412.5,339.2,566.6,506.1
/srv/shared_leopard_toad/2025/Documents/06.10-13.10.2025/6R/109MEDIA/DSCF0530.JPG,DSCF0530.JPG,6R/109MEDIA,2,Western_Leopard_Toad,0.8442,404.7,341.8,567.2,504.2
/srv/shared_leopard_toad/2025/Documents/06.10-13.10.2025/6R/109MEDIA/DSCF0654.JPG,DSCF0654.JPG,6R/109MEDIA,2,Western_Leopard_Toad,0.9033,414.3,339.4,562.9,505.2
/srv/shared_leopard_toad/2025/Documents/06.10-13.10.2025/6R/109MEDIA/DSCF0521.JPG,DSCF0521.JPG,6R/109MEDIA,2,Western_Leopard_Toad,0.8179,413.1,341.3,566.0,505.5
/srv/shared_leopard_toad/2025/Documents/06.10-13.10.2025/6R/109MEDIA/DSCF0132.JPG,DSCF0132.JPG,6R/109MEDIA,2,Western_Leopard_Toad,0.9019,408.9,342.4,563.0,503.6
/srv/shared_leopard_toad/2025/Documents/06.10-13.10.2025/6R/109MEDIA/DSCF0457.JPG,DSCF0457.JPG,6R/109MEDIA,2,Western_Leopard_Toad,0.9160,410.9,341.7,568.2,505.9
/srv/shared_leopard_toad/2025/Documents/06.10-13.10.2025/6R/109MEDIA/DSCF0126.JPG,DSCF0126.JPG,6R/109MEDIA,2,Western_Leopard_Toad,0.6860,408.2,341.5,563.7,495.7
/srv/shared_leopard_toad/2025/Documents/06.10-13.10.2025/6R/109MEDIA/DSCF0456.JPG,DSCF0456.JPG,6R/109MEDIA,2,Western_Leopard_Toad,0.6104,409.2,341.5,564.7,503.0
/srv/shared_leopard_toad/2025/Documents/06.10-13.10.2025/6R/109MEDIA/DSCF0456.JPG,DSCF0456.JPG,6R/109MEDIA,0,Other_Amphibian,0.2029,3125.0,359.4,3395.5,651.3
/srv/shared_leopard_toad/2025/Documents/06.10-13.10.2025/6R/109MEDIA/DSCF0249.JPG,DSCF0249.JPG,6R/109MEDIA,2,Western_Leopard_Toad,0.8433,408.1,341.2,569.0,504.2
/srv/shared_leopard_toad/2025/Documents/06.10-13.10.2025/6R/109MEDIA/DSCF0093.JPG,DSCF0093.JPG,6R/109MEDIA,2,Western_Leopard_Toad,0.5786,405.0,340.8,561.7,502.3
/srv/shared_leopard_toad/2025/Documents/06.10-13.10.2025/6R/109MEDIA/DSCF0355.JPG,DSCF0355.JPG,6R/109MEDIA,2,Western_Leopard_Toad,0.5098,414.4,342.1,564.7,502.4
/srv/shared_leopard_toad/2025/Documents/06.10-13.10.2025/6R/109MEDIA/DSCF0083.JPG,DSCF0083.JPG,6R/109MEDIA,2,Western_Leopard_Toad,0.8750,407.4,339.8,564.5,499.6
/srv/shared_leopard_toad/2025/Documents/06.10-13.10.2025/6R/109MEDIA/DSCF0535.JPG,DSCF0535.JPG,6R/109MEDIA,2,Western_Leopard_Toad,0.6426,408.3,341.5,568.9,508.2
/srv/shared_leopard_toad/2025/Documents/06.10-13.10.2025/6R/109MEDIA/DSCF0285.JPG,DSCF0285.JPG,6R/109MEDIA,2,Western_Leopard_Toad,0.8481,409.6,339.8,566.3,501.1
/srv/shared_leopard_toad/2025/Documents/06.10-13.10.2025/6R/109MEDIA/DSCF0285.JPG,DSCF0285.JPG,6R/109MEDIA,2,Western_Leopard_Toad,0.2949,410.7,339.6,570.4,499.9
/srv/shared_leopard_toad/2025/Documents/06.10-13.10.2025/6R/109MEDIA/DSCF0199.JPG,DSCF0199.JPG,6R/109MEDIA,2,Western_Leopard_Toad,0.2607,411.2,340.8,562.7,501.6
/srv/shared_leopard_toad/2025/Documents/06.10-13.10.2025/6R/109MEDIA/DSCF0517.JPG,DSCF0517.JPG,6R/109MEDIA,2,Western_Leopard_Toad,0.4460,401.3,341.7,564.0,505.9
/srv/shared_leopard_toad/2025/Documents/06.10-13.10.2025/6R/109MEDIA/DSCF0281.JPG,DSCF0281.JPG,6R/109MEDIA,2,Western_Leopard_Toad,0.6743,407.2,342.5,566.6,507.3
/srv/shared_leopard_toad/2025/Documents/06.10-13.10.2025/6R/109MEDIA/DSCF0614.JPG,DSCF0614.JPG,6R/109MEDIA,2,Western_Leopard_Toad,0.8691,404.9,342.8,563.7,505.5
/srv/shared_leopard_toad/2025/Documents/06.10-13.10.2025/6R/109MEDIA/DSCF0597.JPG,DSCF0597.JPG,6R/109MEDIA,2,Western_Leopard_Toad,0.6948,405.9,341.3,564.7,505.5
/srv/shared_leopard_toad/2025/Documents/06.10-13.10.2025/6R/109MEDIA/DSCF0120.JPG,DSCF0120.JPG,6R/109MEDIA,2,Western_Leopard_Toad,0.8965,410.4,341.9,563.5,504.9
/srv/shared_leopard_toad/2025/Documents/06.10-13.10.2025/6R/109MEDIA/DSCF0715.JPG,DSCF0715.JPG,6R/109MEDIA,2,Western_Leopard_Toad,0.7363,668.8,2467.6,772.4,2602.9
/srv/shared_leopard_toad/2025/Documents/06.10-13.10.2025/6R/109MEDIA/DSCF0715.JPG,DSCF0715.JPG,6R/109MEDIA,0,Other_Amphibian,0.4058,668.8,2467.6,772.4,2602.9
/srv/shared_leopard_toad/2025/Documents/06.10-13.10.2025/6R/109MEDIA/DSCF0364.JPG,DSCF0364.JPG,6R/109MEDIA,2,Western_Leopard_Toad,0.3767,407.0,341.7,570.1,504.4
/srv/shared_leopard_toad/2025/Documents/06.10-13.10.2025/6R/109MEDIA/DSCF0255.JPG,DSCF0255.JPG,6R/109MEDIA,2,Western_Leopard_Toad,0.8828,408.4,341.2,567.5,504.2
/srv/shared_leopard_toad/2025/Documents/06.10-13.10.2025/6R/109MEDIA/DSCF0477.JPG,DSCF0477.JPG,6R/109MEDIA,2,Western_Leopard_Toad,0.9160,411.3,340.5,569.8,504.1
/srv/shared_leopard_toad/2025/Documents/06.10-13.10.2025/6R/109MEDIA/DSCF0166.JPG,DSCF0166.JPG,6R/109MEDIA,2,Western_Leopard_Toad,0.6426,408.6,339.8,565.3,498.1
/srv/shared_leopard_toad/2025/Documents/06.10-13.10.2025/6R/109MEDIA/DSCF0441.JPG,DSCF0441.JPG,6R/109MEDIA,0,Other_Amphibian,0.2135,3126.0,357.1,3394.5,659.5
/srv/shared_leopard_toad/2025/Documents/06.10-13.10.2025/6R/109MEDIA/DSCF0698.JPG,DSCF0698.JPG,6R/109MEDIA,2,Western_Leopard_Toad,0.3948,667.4,2467.0,769.8,2600.6
/srv/shared_leopard_toad/2025/Documents/06.10-13.10.2025/6R/109MEDIA/DSCF0698.JPG,DSCF0698.JPG,6R/109MEDIA,0,Other_Amphibian,0.2983,667.4,2467.0,769.8,2600.6
/srv/shared_leopard_toad/2025/Documents/06.10-13.10.2025/6R/109MEDIA/DSCF0475.JPG,DSCF0475.JPG,6R/109MEDIA,2,Western_Leopard_Toad,0.6533,406.6,341.4,567.2,508.4
/srv/shared_leopard_toad/2025/Documents/06.10-13.10.2025/6R/109MEDIA/DSCF0480.JPG,DSCF0480.JPG,6R/109MEDIA,2,Western_Leopard_Toad,0.6479,410.5,341.1,568.6,508.7
/srv/shared_leopard_toad/2025/Documents/06.10-13.10.2025/6R/109MEDIA/DSCF0737.JPG,DSCF0737.JPG,6R/109MEDIA,2,Western_Leopard_Toad,0.5874,669.1,2465.1,770.7,2599.5
/srv/shared_leopard_toad/2025/Documents/06.10-13.10.2025/6R/109MEDIA/DSCF0737.JPG,DSCF0737.JPG,6R/109MEDIA,0,Other_Amphibian,0.3235,669.1,2465.1,770.7,2599.5
/srv/shared_leopard_toad/2025/Documents/06.10-13.10.2025/6R/109MEDIA/DSCF0330.JPG,DSCF0330.JPG,6R/109MEDIA,2,Western_Leopard_Toad,0.7051,408.9,342.1,565.0,505.4
/srv/shared_leopard_toad/2025/Documents/06.10-13.10.2025/6R/109MEDIA/DSCF0330.JPG,DSCF0330.JPG,6R/109MEDIA,0,Other_Amphibian,0.2114,3125.6,356.6,3373.9,668.1
/srv/shared_leopard_toad/2025/Documents/06.10-13.10.2025/6R/109MEDIA/DSCF0428.JPG,DSCF0428.JPG,6R/109MEDIA,2,Western_Leopard_Toad,0.8438,405.2,341.8,566.7,505.7
/srv/shared_leopard_toad/2025/Documents/06.10-13.10.2025/6R/109MEDIA/DSCF0546.JPG,DSCF0546.JPG,6R/109MEDIA,2,Western_Leopard_Toad,0.8916,403.5,342.2,568.4,507.6
/srv/shared_leopard_toad/2025/Documents/06.10-13.10.2025/6R/109MEDIA/DSCF0177.JPG,DSCF0177.JPG,6R/109MEDIA,2,Western_Leopard_Toad,0.6626,406.6,342.6,560.1,502.0
/srv/shared_leopard_toad/2025/Documents/06.10-13.10.2025/6R/109MEDIA/DSCF0296.JPG,DSCF0296.JPG,6R/109MEDIA,2,Western_Leopard_Toad,0.3484,391.8,344.0,568.3,505.8
/srv/shared_leopard_toad/2025/Documents/06.10-13.10.2025/6R/109MEDIA/DSCF0427.JPG,DSCF0427.JPG,6R/109MEDIA,2,Western_Leopard_Toad,0.7915,409.0,342.8,564.8,507.0
/srv/shared_leopard_toad/2025/Documents/06.10-13.10.2025/6R/109MEDIA/DSCF0743.JPG,DSCF0743.JPG,6R/109MEDIA,2,Western_Leopard_Toad,0.6304,667.9,2465.6,771.9,2599.0
/srv/shared_leopard_toad/2025/Documents/06.10-13.10.2025/6R/109MEDIA/DSCF0743.JPG,DSCF0743.JPG,6R/109MEDIA,0,Other_Amphibian,0.3430,667.9,2465.6,771.9,2599.0
/srv/shared_leopard_toad/2025/Documents/06.10-13.10.2025/6R/109MEDIA/DSCF0046.JPG,DSCF0046.JPG,6R/109MEDIA,2,Western_Leopard_Toad,0.6592,409.2,340.9,564.7,501.5
/srv/shared_leopard_toad/2025/Documents/06.10-13.10.2025/6R/109MEDIA/DSCF0071.JPG,DSCF0071.JPG,6R/109MEDIA,2,Western_Leopard_Toad,0.6016,413.8,339.6,562.1,496.9
/srv/shared_leopard_toad/2025/Documents/06.10-13.10.2025/6R/109MEDIA/DSCF0028.JPG,DSCF0028.JPG,6R/109MEDIA,2,Western_Leopard_Toad,0.4832,411.1,340.9,564.8,493.4
/srv/shared_leopard_toad/2025/Documents/06.10-13.10.2025/6R/109MEDIA/DSCF0080.JPG,DSCF0080.JPG,6R/109MEDIA,2,Western_Leopard_Toad,0.8384,415.0,341.5,564.1,499.4
/srv/shared_leopard_toad/2025/Documents/06.10-13.10.2025/6R/109MEDIA/DSCF0694.JPG,DSCF0694.JPG,6R/109MEDIA,0,Other_Amphibian,0.3687,666.4,2465.9,770.8,2604.6
/srv/shared_leopard_toad/2025/Documents/06.10-13.10.2025/6R/109MEDIA/DSCF0694.JPG,DSCF0694.JPG,6R/109MEDIA,2,Western_Leopard_Toad,0.3667,666.4,2465.9,770.8,2604.6
/srv/shared_leopard_toad/2025/Documents/06.10-13.10.2025/6R/109MEDIA/DSCF0032.JPG,DSCF0032.JPG,6R/109MEDIA,2,Western_Leopard_Toad,0.6582,407.0,340.2,561.6,501.4
/srv/shared_leopard_toad/2025/Documents/06.10-13.10.2025/6R/109MEDIA/DSCF0598.JPG,DSCF0598.JPG,6R/109MEDIA,2,Western_Leopard_Toad,0.7778,413.4,343.5,567.7,507.7
/srv/shared_leopard_toad/2025/Documents/06.10-13.10.2025/6R/109MEDIA/DSCF0306.JPG,DSCF0306.JPG,6R/109MEDIA,2,Western_Leopard_Toad,0.4656,399.5,341.6,567.2,503.7
/srv/shared_leopard_toad/2025/Documents/06.10-13.10.2025/6R/109MEDIA/DSCF0131.JPG,DSCF0131.JPG,6R/109MEDIA,2,Western_Leopard_Toad,0.9189,410.9,340.6,562.9,498.8
/srv/shared_leopard_toad/2025/Documents/06.10-13.10.2025/6R/109MEDIA/DSCF0473.JPG,DSCF0473.JPG,6R/109MEDIA,2,Western_Leopard_Toad,0.8486,409.8,343.7,567.4,506.1
/srv/shared_leopard_toad/2025/Documents/06.10-13.10.2025/6R/109MEDIA/DSCF0176.JPG,DSCF0176.JPG,6R/109MEDIA,2,Western_Leopard_Toad,0.6040,407.6,339.8,564.3,502.5
/srv/shared_leopard_toad/2025/Documents/06.10-13.10.2025/6R/109MEDIA/DSCF0498.JPG,DSCF0498.JPG,6R/109MEDIA,2,Western_Leopard_Toad,0.9121,405.9,342.2,568.0,509.8
/srv/shared_leopard_toad/2025/Documents/06.10-13.10.2025/6R/109MEDIA/DSCF0212.JPG,DSCF0212.JPG,6R/109MEDIA,2,Western_Leopard_Toad,0.9038,407.9,340.5,567.9,509.3
/srv/shared_leopard_toad/2025/Documents/06.10-13.10.2025/6R/109MEDIA/DSCF0102.JPG,DSCF0102.JPG,6R/109MEDIA,2,Western_Leopard_Toad,0.7954,404.3,340.2,564.3,501.4
/srv/shared_leopard_toad/2025/Documents/06.10-13.10.2025/6R/109MEDIA/DSCF0102.JPG,DSCF0102.JPG,6R/109MEDIA,2,Western_Leopard_Toad,0.5029,403.8,339.8,562.9,501.1
/srv/shared_leopard_toad/2025/Documents/06.10-13.10.2025/6R/109MEDIA/DSCF0413.JPG,DSCF0413.JPG,6R/109MEDIA,2,Western_Leopard_Toad,0.8521,410.4,340.6,570.7,506.9
/srv/shared_leopard_toad/2025/Documents/06.10-13.10.2025/6R/109MEDIA/DSCF0438.JPG,DSCF0438.JPG,6R/109MEDIA,2,Western_Leopard_Toad,0.5444,400.7,342.1,565.9,504.8
/srv/shared_leopard_toad/2025/Documents/06.10-13.10.2025/6R/109MEDIA/DSCF0453.JPG,DSCF0453.JPG,6R/109MEDIA,2,Western_Leopard_Toad,0.9346,412.0,340.1,567.2,501.6
/srv/shared_leopard_toad/2025/Documents/06.10-13.10.2025/6R/109MEDIA/DSCF0291.JPG,DSCF0291.JPG,6R/109MEDIA,2,Western_Leopard_Toad,0.9067,408.6,341.2,570.5,499.7
/srv/shared_leopard_toad/2025/Documents/06.10-13.10.2025/6R/109MEDIA/DSCF0021.JPG,DSCF0021.JPG,6R/109MEDIA,2,Western_Leopard_Toad,0.7061,413.8,339.2,560.1,497.2
/srv/shared_leopard_toad/2025/Documents/06.10-13.10.2025/6R/109MEDIA/DSCF0227.JPG,DSCF0227.JPG,6R/109MEDIA,2,Western_Leopard_Toad,0.5864,410.5,340.2,563.4,505.9
/srv/shared_leopard_toad/2025/Documents/06.10-13.10.2025/6R/109MEDIA/DSCF0054.JPG,DSCF0054.JPG,6R/109MEDIA,2,Western_Leopard_Toad,0.7051,419.0,339.1,563.4,501.8
/srv/shared_leopard_toad/2025/Documents/06.10-13.10.2025/6R/109MEDIA/DSCF0397.JPG,DSCF0397.JPG,6R/109MEDIA,2,Western_Leopard_Toad,0.6108,405.3,340.8,568.6,501.6
/srv/shared_leopard_toad/2025/Documents/06.10-13.10.2025/6R/109MEDIA/DSCF0334.JPG,DSCF0334.JPG,6R/109MEDIA,2,Western_Leopard_Toad,0.8203,410.3,341.2,568.8,501.2
/srv/shared_leopard_toad/2025/Documents/06.10-13.10.2025/6R/109MEDIA/DSCF0481.JPG,DSCF0481.JPG,6R/109MEDIA,2,Western_Leopard_Toad,0.6636,410.0,342.4,569.1,504.4
/srv/shared_leopard_toad/2025/Documents/06.10-13.10.2025/6R/109MEDIA/DSCF0300.JPG,DSCF0300.JPG,6R/109MEDIA,2,Western_Leopard_Toad,0.9502,159.6,1965.6,314.5,2151.0
/srv/shared_leopard_toad/2025/Documents/06.10-13.10.2025/6R/109MEDIA/DSCF0696.JPG,DSCF0696.JPG,6R/109MEDIA,0,Other_Amphibian,0.2455,667.9,2468.1,770.6,2602.4
/srv/shared_leopard_toad/2025/Documents/06.10-13.10.2025/6R/109MEDIA/DSCF0136.JPG,DSCF0136.JPG,6R/109MEDIA,2,Western_Leopard_Toad,0.7749,410.6,339.9,561.3,501.7
/srv/shared_leopard_toad/2025/Documents/06.10-13.10.2025/6R/109MEDIA/DSCF0569.JPG,DSCF0569.JPG,6R/109MEDIA,2,Western_Leopard_Toad,0.7075,398.7,341.6,563.3,503.7
/srv/shared_leopard_toad/2025/Documents/06.10-13.10.2025/6R/109MEDIA/DSCF0204.JPG,DSCF0204.JPG,6R/109MEDIA,2,Western_Leopard_Toad,0.4473,410.5,342.4,561.4,502.2
/srv/shared_leopard_toad/2025/Documents/06.10-13.10.2025/6R/109MEDIA/DSCF0122.JPG,DSCF0122.JPG,6R/109MEDIA,2,Western_Leopard_Toad,0.6372,404.5,340.9,564.2,493.4
/srv/shared_leopard_toad/2025/Documents/06.10-13.10.2025/6R/109MEDIA/DSCF0733.JPG,DSCF0733.JPG,6R/109MEDIA,2,Western_Leopard_Toad,0.7583,665.9,2464.8,771.3,2599.9
/srv/shared_leopard_toad/2025/Documents/06.10-13.10.2025/6R/109MEDIA/DSCF0733.JPG,DSCF0733.JPG,6R/109MEDIA,0,Other_Amphibian,0.3965,665.9,2464.8,771.3,2599.9
/srv/shared_leopard_toad/2025/Documents/06.10-13.10.2025/6R/109MEDIA/DSCF0294.JPG,DSCF0294.JPG,6R/109MEDIA,2,Western_Leopard_Toad,0.5557,397.4,343.9,569.3,497.0
/srv/shared_leopard_toad/2025/Documents/06.10-13.10.2025/6R/109MEDIA/DSCF0276.JPG,DSCF0276.JPG,6R/109MEDIA,2,Western_Leopard_Toad,0.3381,400.9,342.1,567.7,503.3
/srv/shared_leopard_toad/2025/Documents/06.10-13.10.2025/6R/109MEDIA/DSCF0415.JPG,DSCF0415.JPG,6R/109MEDIA,2,Western_Leopard_Toad,0.3137,406.0,342.4,562.7,503.0
/srv/shared_leopard_toad/2025/Documents/06.10-13.10.2025/6R/109MEDIA/DSCF0415.JPG,DSCF0415.JPG,6R/109MEDIA,0,Other_Amphibian,0.2908,3123.7,357.9,3386.3,660.2
/srv/shared_leopard_toad/2025/Documents/06.10-13.10.2025/6R/109MEDIA/DSCF0142.JPG,DSCF0142.JPG,6R/109MEDIA,2,Western_Leopard_Toad,0.9106,412.5,340.1,566.6,503.0
/srv/shared_leopard_toad/2025/Documents/06.10-13.10.2025/6R/109MEDIA/DSCF0552.JPG,DSCF0552.JPG,6R/109MEDIA,2,Western_Leopard_Toad,0.4890,409.1,343.1,562.8,505.2
/srv/shared_leopard_toad/2025/Documents/06.10-13.10.2025/6R/109MEDIA/DSCF0179.JPG,DSCF0179.JPG,6R/109MEDIA,2,Western_Leopard_Toad,0.7666,407.1,340.2,563.5,501.4
/srv/shared_leopard_toad/2025/Documents/06.10-13.10.2025/6R/109MEDIA/DSCF0575.JPG,DSCF0575.JPG,6R/109MEDIA,2,Western_Leopard_Toad,0.9243,416.3,341.8,568.0,505.7
/srv/shared_leopard_toad/2025/Documents/06.10-13.10.2025/6R/109MEDIA/DSCF0066.JPG,DSCF0066.JPG,6R/109MEDIA,2,Western_Leopard_Toad,0.5225,411.1,341.5,562.8,498.0
/srv/shared_leopard_toad/2025/Documents/06.10-13.10.2025/6R/109MEDIA/DSCF0019.JPG,DSCF0019.JPG,6R/109MEDIA,2,Western_Leopard_Toad,0.6841,417.0,338.4,562.2,498.1
/srv/shared_leopard_toad/2025/Documents/06.10-13.10.2025/6R/109MEDIA/DSCF0160.JPG,DSCF0160.JPG,6R/109MEDIA,2,Western_Leopard_Toad,0.7993,412.1,340.3,563.8,494.0
/srv/shared_leopard_toad/2025/Documents/06.10-13.10.2025/6R/109MEDIA/DSCF0034.JPG,DSCF0034.JPG,6R/109MEDIA,2,Western_Leopard_Toad,0.7754,411.6,339.4,565.6,505.2
/srv/shared_leopard_toad/2025/Documents/06.10-13.10.2025/6R/109MEDIA/DSCF0583.JPG,DSCF0583.JPG,6R/109MEDIA,2,Western_Leopard_Toad,0.7349,412.9,341.1,562.9,505.0
/srv/shared_leopard_toad/2025/Documents/06.10-13.10.2025/6R/109MEDIA/DSCF0005.JPG,DSCF0005.JPG,6R/109MEDIA,2,Western_Leopard_Toad,0.7075,416.8,340.2,565.6,504.4
/srv/shared_leopard_toad/2025/Documents/06.10-13.10.2025/6R/109MEDIA/DSCF0452.JPG,DSCF0452.JPG,6R/109MEDIA,2,Western_Leopard_Toad,0.4827,409.9,341.9,566.0,506.4
/srv/shared_leopard_toad/2025/Documents/06.10-13.10.2025/6R/109MEDIA/DSCF0452.JPG,DSCF0452.JPG,6R/109MEDIA,0,Other_Amphibian,0.2280,3124.4,355.9,3385.6,662.1
/srv/shared_leopard_toad/2025/Documents/06.10-13.10.2025/6R/109MEDIA/DSCF0172.JPG,DSCF0172.JPG,6R/109MEDIA,2,Western_Leopard_Toad,0.6460,408.6,341.5,563.3,500.9
/srv/shared_leopard_toad/2025/Documents/06.10-13.10.2025/6R/109MEDIA/DSCF0257.JPG,DSCF0257.JPG,6R/109MEDIA,2,Western_Leopard_Toad,0.8560,400.4,340.6,565.0,505.4
/srv/shared_leopard_toad/2025/Documents/06.10-13.10.2025/6R/109MEDIA/DSCF0382.JPG,DSCF0382.JPG,6R/109MEDIA,2,Western_Leopard_Toad,0.4263,410.8,341.0,568.4,505.8
/srv/shared_leopard_toad/2025/Documents/06.10-13.10.2025/6R/109MEDIA/DSCF0467.JPG,DSCF0467.JPG,6R/109MEDIA,2,Western_Leopard_Toad,0.6436,405.8,342.7,566.1,505.6
/srv/shared_leopard_toad/2025/Documents/06.10-13.10.2025/6R/109MEDIA/DSCF0162.JPG,DSCF0162.JPG,6R/109MEDIA,2,Western_Leopard_Toad,0.6943,408.0,341.9,562.6,499.0
/srv/shared_leopard_toad/2025/Documents/06.10-13.10.2025/6R/109MEDIA/DSCF0274.JPG,DSCF0274.JPG,6R/109MEDIA,2,Western_Leopard_Toad,0.6328,404.8,342.1,563.8,505.4
/srv/shared_leopard_toad/2025/Documents/06.10-13.10.2025/6R/109MEDIA/DSCF0259.JPG,DSCF0259.JPG,6R/109MEDIA,2,Western_Leopard_Toad,0.8828,404.8,340.4,571.0,501.2
/srv/shared_leopard_toad/2025/Documents/06.10-13.10.2025/6R/109MEDIA/DSCF0665.JPG,DSCF0665.JPG,6R/109MEDIA,2,Western_Leopard_Toad,0.8394,410.2,342.6,565.7,508.6
/srv/shared_leopard_toad/2025/Documents/06.10-13.10.2025/6R/109MEDIA/DSCF0630.JPG,DSCF0630.JPG,6R/109MEDIA,2,Western_Leopard_Toad,0.8955,411.0,341.7,566.2,505.9
/srv/shared_leopard_toad/2025/Documents/06.10-13.10.2025/6R/109MEDIA/DSCF0557.JPG,DSCF0557.JPG,6R/109MEDIA,2,Western_Leopard_Toad,0.3875,409.6,342.0,561.0,504.1
/srv/shared_leopard_toad/2025/Documents/06.10-13.10.2025/6R/109MEDIA/DSCF0496.JPG,DSCF0496.JPG,6R/109MEDIA,2,Western_Leopard_Toad,0.9126,411.0,342.7,570.1,508.5
/srv/shared_leopard_toad/2025/Documents/06.10-13.10.2025/6R/109MEDIA/DSCF0035.JPG,DSCF0035.JPG,6R/109MEDIA,2,Western_Leopard_Toad,0.5176,402.3,341.8,561.1,504.2
/srv/shared_leopard_toad/2025/Documents/06.10-13.10.2025/6R/109MEDIA/DSCF0269.JPG,DSCF0269.JPG,6R/109MEDIA,2,Western_Leopard_Toad,0.7212,405.0,341.1,570.9,505.7
/srv/shared_leopard_toad/2025/Documents/06.10-13.10.2025/6R/109MEDIA/DSCF0004.JPG,DSCF0004.JPG,6R/109MEDIA,2,Western_Leopard_Toad,0.6816,407.6,340.9,564.3,498.5
/srv/shared_leopard_toad/2025/Documents/06.10-13.10.2025/6R/109MEDIA/DSCF0434.JPG,DSCF0434.JPG,6R/109MEDIA,2,Western_Leopard_Toad,0.4709,405.7,343.2,562.9,504.4
/srv/shared_leopard_toad/2025/Documents/06.10-13.10.2025/6R/109MEDIA/DSCF0434.JPG,DSCF0434.JPG,6R/109MEDIA,0,Other_Amphibian,0.2751,3128.4,357.8,3381.6,654.4
/srv/shared_leopard_toad/2025/Documents/06.10-13.10.2025/6R/109MEDIA/DSCF0159.JPG,DSCF0159.JPG,6R/109MEDIA,2,Western_Leopard_Toad,0.7939,411.2,341.5,560.7,499.4
/srv/shared_leopard_toad/2025/Documents/06.10-13.10.2025/6R/109MEDIA/DSCF0313.JPG,DSCF0313.JPG,6R/109MEDIA,2,Western_Leopard_Toad,0.6992,411.8,339.9,565.3,503.2
/srv/shared_leopard_toad/2025/Documents/06.10-13.10.2025/6R/109MEDIA/DSCF0297.JPG,DSCF0297.JPG,6R/109MEDIA,2,Western_Leopard_Toad,0.4316,408.3,340.2,565.6,499.3
/srv/shared_leopard_toad/2025/Documents/06.10-13.10.2025/6R/109MEDIA/DSCF0297.JPG,DSCF0297.JPG,6R/109MEDIA,2,Western_Leopard_Toad,0.2983,407.4,340.1,566.5,498.6
/srv/shared_leopard_toad/2025/Documents/06.10-13.10.2025/6R/109MEDIA/DSCF0719.JPG,DSCF0719.JPG,6R/109MEDIA,2,Western_Leopard_Toad,0.7056,668.0,2467.3,770.5,2600.2
/srv/shared_leopard_toad/2025/Documents/06.10-13.10.2025/6R/109MEDIA/DSCF0719.JPG,DSCF0719.JPG,6R/109MEDIA,0,Other_Amphibian,0.3394,668.0,2467.3,770.5,2600.2
/srv/shared_leopard_toad/2025/Documents/06.10-13.10.2025/6R/109MEDIA/DSCF0424.JPG,DSCF0424.JPG,6R/109MEDIA,2,Western_Leopard_Toad,0.9092,410.5,339.6,568.6,501.3
/srv/shared_leopard_toad/2025/Documents/06.10-13.10.2025/6R/109MEDIA/DSCF0170.JPG,DSCF0170.JPG,6R/109MEDIA,2,Western_Leopard_Toad,0.8257,408.9,342.1,563.0,503.3
/srv/shared_leopard_toad/2025/Documents/06.10-13.10.2025/6R/109MEDIA/DSCF0628.JPG,DSCF0628.JPG,6R/109MEDIA,2,Western_Leopard_Toad,0.6650,411.9,343.0,562.0,504.5
/srv/shared_leopard_toad/2025/Documents/06.10-13.10.2025/6R/109MEDIA/DSCF0646.JPG,DSCF0646.JPG,6R/109MEDIA,2,Western_Leopard_Toad,0.4512,402.2,343.3,566.5,506.5
/srv/shared_leopard_toad/2025/Documents/06.10-13.10.2025/6R/109MEDIA/DSCF0646.JPG,DSCF0646.JPG,6R/109MEDIA,0,Other_Amphibian,0.2045,3126.9,358.0,3398.9,657.2
/srv/shared_leopard_toad/2025/Documents/06.10-13.10.2025/6R/109MEDIA/DSCF0547.JPG,DSCF0547.JPG,6R/109MEDIA,2,Western_Leopard_Toad,0.3530,409.4,342.9,566.4,505.4
/srv/shared_leopard_toad/2025/Documents/06.10-13.10.2025/6R/109MEDIA/DSCF0161.JPG,DSCF0161.JPG,6R/109MEDIA,2,Western_Leopard_Toad,0.3376,409.0,342.1,561.6,500.3
/srv/shared_leopard_toad/2025/Documents/06.10-13.10.2025/6R/109MEDIA/DSCF0321.JPG,DSCF0321.JPG,6R/109MEDIA,2,Western_Leopard_Toad,0.6274,412.0,340.4,559.9,501.9
/srv/shared_leopard_toad/2025/Documents/06.10-13.10.2025/6R/109MEDIA/DSCF0002.JPG,DSCF0002.JPG,6R/109MEDIA,2,Western_Leopard_Toad,0.7158,413.4,341.5,563.7,503.0
/srv/shared_leopard_toad/2025/Documents/06.10-13.10.2025/6R/109MEDIA/DSCF0578.JPG,DSCF0578.JPG,6R/109MEDIA,2,Western_Leopard_Toad,0.8408,394.1,344.4,566.0,507.6
/srv/shared_leopard_toad/2025/Documents/06.10-13.10.2025/6R/109MEDIA/DSCF0585.JPG,DSCF0585.JPG,6R/109MEDIA,2,Western_Leopard_Toad,0.9062,407.7,342.2,566.2,506.1
/srv/shared_leopard_toad/2025/Documents/06.10-13.10.2025/6R/109MEDIA/DSCF0228.JPG,DSCF0228.JPG,6R/109MEDIA,2,Western_Leopard_Toad,0.5239,413.2,342.7,562.7,500.4
/srv/shared_leopard_toad/2025/Documents/06.10-13.10.2025/6R/109MEDIA/DSCF0253.JPG,DSCF0253.JPG,6R/109MEDIA,2,Western_Leopard_Toad,0.4919,405.8,340.8,566.1,503.8
/srv/shared_leopard_toad/2025/Documents/06.10-13.10.2025/6R/109MEDIA/DSCF0218.JPG,DSCF0218.JPG,6R/109MEDIA,2,Western_Leopard_Toad,0.5630,409.4,342.4,562.5,504.4
/srv/shared_leopard_toad/2025/Documents/06.10-13.10.2025/6R/109MEDIA/DSCF0435.JPG,DSCF0435.JPG,6R/109MEDIA,2,Western_Leopard_Toad,0.8501,412.8,340.6,566.3,500.3
/srv/shared_leopard_toad/2025/Documents/06.10-13.10.2025/6R/109MEDIA/DSCF0260.JPG,DSCF0260.JPG,6R/109MEDIA,2,Western_Leopard_Toad,0.6948,404.1,341.1,567.8,505.0
/srv/shared_leopard_toad/2025/Documents/06.10-13.10.2025/6R/109MEDIA/DSCF0115.JPG,DSCF0115.JPG,6R/109MEDIA,2,Western_Leopard_Toad,0.5991,409.8,340.4,562.1,501.2
/srv/shared_leopard_toad/2025/Documents/06.10-13.10.2025/6R/109MEDIA/DSCF0462.JPG,DSCF0462.JPG,6R/109MEDIA,2,Western_Leopard_Toad,0.7710,406.2,340.9,567.7,503.6
/srv/shared_leopard_toad/2025/Documents/06.10-13.10.2025/6R/109MEDIA/DSCF0462.JPG,DSCF0462.JPG,6R/109MEDIA,2,Western_Leopard_Toad,0.5342,406.6,340.5,567.2,502.6
/srv/shared_leopard_toad/2025/Documents/06.10-13.10.2025/6R/109MEDIA/DSCF0037.JPG,DSCF0037.JPG,6R/109MEDIA,2,Western_Leopard_Toad,0.8042,409.0,341.5,561.6,500.9
/srv/shared_leopard_toad/2025/Documents/06.10-13.10.2025/6R/109MEDIA/DSCF0056.JPG,DSCF0056.JPG,6R/109MEDIA,2,Western_Leopard_Toad,0.5181,412.9,341.5,562.9,504.5
/srv/shared_leopard_toad/2025/Documents/06.10-13.10.2025/6R/109MEDIA/DSCF0056.JPG,DSCF0056.JPG,6R/109MEDIA,0,Other_Amphibian,0.2213,3123.0,356.7,3402.7,671.0
/srv/shared_leopard_toad/2025/Documents/06.10-13.10.2025/6R/109MEDIA/DSCF0522.JPG,DSCF0522.JPG,6R/109MEDIA,2,Western_Leopard_Toad,0.8657,408.2,342.2,567.6,507.6
/srv/shared_leopard_toad/2025/Documents/06.10-13.10.2025/6R/109MEDIA/DSCF0641.JPG,DSCF0641.JPG,6R/109MEDIA,2,Western_Leopard_Toad,0.8809,411.3,343.5,564.5,507.7
/srv/shared_leopard_toad/2025/Documents/06.10-13.10.2025/6R/109MEDIA/DSCF0624.JPG,DSCF0624.JPG,6R/109MEDIA,2,Western_Leopard_Toad,0.2534,396.8,342.8,563.3,507.0
/srv/shared_leopard_toad/2025/Documents/06.10-13.10.2025/6R/109MEDIA/DSCF0624.JPG,DSCF0624.JPG,6R/109MEDIA,0,Other_Amphibian,0.2496,3123.0,358.0,3381.7,657.2
/srv/shared_leopard_toad/2025/Documents/06.10-13.10.2025/6R/109MEDIA/DSCF0561.JPG,DSCF0561.JPG,6R/109MEDIA,2,Western_Leopard_Toad,0.8730,413.0,343.3,566.1,506.5
/srv/shared_leopard_toad/2025/Documents/06.10-13.10.2025/6R/109MEDIA/DSCF0436.JPG,DSCF0436.JPG,6R/109MEDIA,2,Western_Leopard_Toad,0.4124,405.2,341.5,566.7,504.5
/srv/shared_leopard_toad/2025/Documents/06.10-13.10.2025/6R/109MEDIA/DSCF0616.JPG,DSCF0616.JPG,6R/109MEDIA,2,Western_Leopard_Toad,0.5713,414.3,341.6,562.9,503.7
/srv/shared_leopard_toad/2025/Documents/06.10-13.10.2025/6R/109MEDIA/DSCF0137.JPG,DSCF0137.JPG,6R/109MEDIA,2,Western_Leopard_Toad,0.8701,411.2,339.2,562.7,503.1
/srv/shared_leopard_toad/2025/Documents/06.10-13.10.2025/6R/109MEDIA/DSCF0069.JPG,DSCF0069.JPG,6R/109MEDIA,2,Western_Leopard_Toad,0.8403,414.6,338.7,562.6,495.5
/srv/shared_leopard_toad/2025/Documents/06.10-13.10.2025/6R/109MEDIA/DSCF0484.JPG,DSCF0484.JPG,6R/109MEDIA,2,Western_Leopard_Toad,0.6729,405.4,341.3,565.2,501.1
/srv/shared_leopard_toad/2025/Documents/06.10-13.10.2025/6R/109MEDIA/DSCF0484.JPG,DSCF0484.JPG,6R/109MEDIA,2,Western_Leopard_Toad,0.5005,406.5,341.4,565.4,500.2
/srv/shared_leopard_toad/2025/Documents/06.10-13.10.2025/6R/109MEDIA/DSCF0471.JPG,DSCF0471.JPG,6R/109MEDIA,2,Western_Leopard_Toad,0.9189,410.0,341.1,567.2,506.5
/srv/shared_leopard_toad/2025/Documents/06.10-13.10.2025/6R/109MEDIA/DSCF0609.JPG,DSCF0609.JPG,6R/109MEDIA,2,Western_Leopard_Toad,0.6235,408.4,342.6,565.4,508.6
/srv/shared_leopard_toad/2025/Documents/06.10-13.10.2025/6R/109MEDIA/DSCF0239.JPG,DSCF0239.JPG,6R/109MEDIA,2,Western_Leopard_Toad,0.9165,411.5,339.6,567.6,502.0
/srv/shared_leopard_toad/2025/Documents/06.10-13.10.2025/6R/109MEDIA/DSCF0329.JPG,DSCF0329.JPG,6R/109MEDIA,2,Western_Leopard_Toad,0.3027,409.0,341.4,566.9,500.2
/srv/shared_leopard_toad/2025/Documents/06.10-13.10.2025/6R/109MEDIA/DSCF0129.JPG,DSCF0129.JPG,6R/109MEDIA,2,Western_Leopard_Toad,0.4084,409.8,340.9,562.1,500.0
/srv/shared_leopard_toad/2025/Documents/06.10-13.10.2025/6R/109MEDIA/DSCF0147.JPG,DSCF0147.JPG,6R/109MEDIA,2,Western_Leopard_Toad,0.3894,408.2,342.1,563.7,499.5
/srv/shared_leopard_toad/2025/Documents/06.10-13.10.2025/6R/109MEDIA/DSCF0261.JPG,DSCF0261.JPG,6R/109MEDIA,2,Western_Leopard_Toad,0.8081,413.4,340.9,567.7,500.7
/srv/shared_leopard_toad/2025/Documents/06.10-13.10.2025/6R/109MEDIA/DSCF0062.JPG,DSCF0062.JPG,6R/109MEDIA,2,Western_Leopard_Toad,0.6431,409.7,339.9,560.8,497.3
/srv/shared_leopard_toad/2025/Documents/06.10-13.10.2025/6R/109MEDIA/DSCF0495.JPG,DSCF0495.JPG,6R/109MEDIA,2,Western_Leopard_Toad,0.7090,409.4,342.0,566.4,507.8
/srv/shared_leopard_toad/2025/Documents/06.10-13.10.2025/6R/109MEDIA/DSCF0590.JPG,DSCF0590.JPG,6R/109MEDIA,2,Western_Leopard_Toad,0.8550,411.1,341.5,566.0,506.0
/srv/shared_leopard_toad/2025/Documents/06.10-13.10.2025/6R/109MEDIA/DSCF0175.JPG,DSCF0175.JPG,6R/109MEDIA,2,Western_Leopard_Toad,0.6489,405.5,341.0,563.1,501.3
/srv/shared_leopard_toad/2025/Documents/06.10-13.10.2025/6R/109MEDIA/DSCF0647.JPG,DSCF0647.JPG,6R/109MEDIA,2,Western_Leopard_Toad,0.8154,408.1,341.6,563.8,506.7
/srv/shared_leopard_toad/2025/Documents/06.10-13.10.2025/6R/109MEDIA/DSCF0647.JPG,DSCF0647.JPG,6R/109MEDIA,0,Other_Amphibian,0.2295,3125.2,357.8,3395.3,661.8
/srv/shared_leopard_toad/2025/Documents/06.10-13.10.2025/6R/109MEDIA/DSCF0573.JPG,DSCF0573.JPG,6R/109MEDIA,2,Western_Leopard_Toad,0.7280,407.2,339.9,564.7,506.9
/srv/shared_leopard_toad/2025/Documents/06.10-13.10.2025/6R/109MEDIA/DSCF0332.JPG,DSCF0332.JPG,6R/109MEDIA,2,Western_Leopard_Toad,0.3589,401.8,343.1,564.9,502.2
/srv/shared_leopard_toad/2025/Documents/06.10-13.10.2025/6R/109MEDIA/DSCF0332.JPG,DSCF0332.JPG,6R/109MEDIA,2,Western_Leopard_Toad,0.3521,402.0,342.6,566.6,502.0
/srv/shared_leopard_toad/2025/Documents/06.10-13.10.2025/6R/109MEDIA/DSCF0203.JPG,DSCF0203.JPG,6R/109MEDIA,2,Western_Leopard_Toad,0.8569,409.7,340.5,562.2,504.1
/srv/shared_leopard_toad/2025/Documents/06.10-13.10.2025/6R/109MEDIA/DSCF0103.JPG,DSCF0103.JPG,6R/109MEDIA,2,Western_Leopard_Toad,0.3013,395.9,342.1,564.2,503.3
/srv/shared_leopard_toad/2025/Documents/06.10-13.10.2025/6R/109MEDIA/DSCF0103.JPG,DSCF0103.JPG,6R/109MEDIA,2,Western_Leopard_Toad,0.2673,398.3,342.5,563.8,504.3
/srv/shared_leopard_toad/2025/Documents/06.10-13.10.2025/6R/109MEDIA/DSCF0039.JPG,DSCF0039.JPG,6R/109MEDIA,2,Western_Leopard_Toad,0.2991,404.0,341.6,561.3,500.7
/srv/shared_leopard_toad/2025/Documents/06.10-13.10.2025/6R/109MEDIA/DSCF0070.JPG,DSCF0070.JPG,6R/109MEDIA,2,Western_Leopard_Toad,0.8843,410.5,339.2,566.6,501.7
/srv/shared_leopard_toad/2025/Documents/06.10-13.10.2025/6R/109MEDIA/DSCF0092.JPG,DSCF0092.JPG,6R/109MEDIA,2,Western_Leopard_Toad,0.4961,411.4,340.8,562.5,496.4
/srv/shared_leopard_toad/2025/Documents/06.10-13.10.2025/6R/109MEDIA/DSCF0100.JPG,DSCF0100.JPG,6R/109MEDIA,2,Western_Leopard_Toad,0.7427,413.4,341.3,563.7,505.5
/srv/shared_leopard_toad/2025/Documents/06.10-13.10.2025/6R/109MEDIA/DSCF0100.JPG,DSCF0100.JPG,6R/109MEDIA,0,Other_Amphibian,0.2277,3118.4,356.1,3381.1,664.9
/srv/shared_leopard_toad/2025/Documents/06.10-13.10.2025/6R/109MEDIA/DSCF0401.JPG,DSCF0401.JPG,6R/109MEDIA,2,Western_Leopard_Toad,0.5781,410.0,341.5,567.2,505.4
/srv/shared_leopard_toad/2025/Documents/06.10-13.10.2025/6R/109MEDIA/DSCF0599.JPG,DSCF0599.JPG,6R/109MEDIA,2,Western_Leopard_Toad,0.3320,405.4,344.6,563.3,506.6
/srv/shared_leopard_toad/2025/Documents/06.10-13.10.2025/6R/109MEDIA/DSCF0491.JPG,DSCF0491.JPG,6R/109MEDIA,2,Western_Leopard_Toad,0.9131,412.1,340.9,570.3,506.6
/srv/shared_leopard_toad/2025/Documents/06.10-13.10.2025/6R/109MEDIA/DSCF0600.JPG,DSCF0600.JPG,6R/109MEDIA,2,Western_Leopard_Toad,0.6816,411.1,341.4,562.8,506.2
/srv/shared_leopard_toad/2025/Documents/06.10-13.10.2025/6R/109MEDIA/DSCF0042.JPG,DSCF0042.JPG,6R/109MEDIA,2,Western_Leopard_Toad,0.8677,403.9,340.2,561.5,505.9
/srv/shared_leopard_toad/2025/Documents/06.10-13.10.2025/6R/109MEDIA/DSCF0529.JPG,DSCF0529.JPG,6R/109MEDIA,2,Western_Leopard_Toad,0.4568,409.9,342.2,564.0,504.6
/srv/shared_leopard_toad/2025/Documents/06.10-13.10.2025/6R/109MEDIA/DSCF0010.JPG,DSCF0010.JPG,6R/109MEDIA,2,Western_Leopard_Toad,0.8696,415.4,340.9,563.7,501.5
/srv/shared_leopard_toad/2025/Documents/06.10-13.10.2025/6R/109MEDIA/DSCF0348.JPG,DSCF0348.JPG,6R/109MEDIA,2,Western_Leopard_Toad,0.4438,405.6,342.8,565.0,504.0
/srv/shared_leopard_toad/2025/Documents/06.10-13.10.2025/6R/109MEDIA/DSCF0078.JPG,DSCF0078.JPG,6R/109MEDIA,2,Western_Leopard_Toad,0.8306,403.7,340.2,561.6,501.4
/srv/shared_leopard_toad/2025/Documents/06.10-13.10.2025/6R/109MEDIA/DSCF0244.JPG,DSCF0244.JPG,6R/109MEDIA,2,Western_Leopard_Toad,0.6631,407.6,339.9,564.3,504.7
/srv/shared_leopard_toad/2025/Documents/06.10-13.10.2025/6R/109MEDIA/DSCF0217.JPG,DSCF0217.JPG,6R/109MEDIA,2,Western_Leopard_Toad,0.8916,410.8,340.6,565.1,506.9
/srv/shared_leopard_toad/2025/Documents/06.10-13.10.2025/6R/109MEDIA/DSCF0242.JPG,DSCF0242.JPG,6R/109MEDIA,2,Western_Leopard_Toad,0.3345,404.8,340.2,569.1,502.2
/srv/shared_leopard_toad/2025/Documents/06.10-13.10.2025/6R/109MEDIA/DSCF0156.JPG,DSCF0156.JPG,6R/109MEDIA,2,Western_Leopard_Toad,0.3418,409.2,338.6,562.7,494.9
/srv/shared_leopard_toad/2025/Documents/06.10-13.10.2025/6R/109MEDIA/DSCF0094.JPG,DSCF0094.JPG,6R/109MEDIA,2,Western_Leopard_Toad,0.5845,407.9,340.7,562.7,498.0
/srv/shared_leopard_toad/2025/Documents/06.10-13.10.2025/6R/109MEDIA/DSCF0190.JPG,DSCF0190.JPG,6R/109MEDIA,2,Western_Leopard_Toad,0.7324,412.9,340.8,564.3,506.8
/srv/shared_leopard_toad/2025/Documents/06.10-13.10.2025/6R/109MEDIA/DSCF0383.JPG,DSCF0383.JPG,6R/109MEDIA,2,Western_Leopard_Toad,0.3425,414.1,340.3,565.0,502.1
/srv/shared_leopard_toad/2025/Documents/06.10-13.10.2025/6R/109MEDIA/DSCF0383.JPG,DSCF0383.JPG,6R/109MEDIA,0,Other_Amphibian,0.2480,3125.2,358.6,3395.3,660.9
/srv/shared_leopard_toad/2025/Documents/06.10-13.10.2025/6R/109MEDIA/DSCF0047.JPG,DSCF0047.JPG,6R/109MEDIA,2,Western_Leopard_Toad,0.4480,411.1,341.2,564.8,504.2
/srv/shared_leopard_toad/2025/Documents/06.10-13.10.2025/6R/109MEDIA/DSCF0047.JPG,DSCF0047.JPG,6R/109MEDIA,0,Other_Amphibian,0.2708,3122.8,359.6,3382.0,663.6
/srv/shared_leopard_toad/2025/Documents/06.10-13.10.2025/6R/109MEDIA/DSCF0213.JPG,DSCF0213.JPG,6R/109MEDIA,2,Western_Leopard_Toad,0.7886,403.3,342.1,565.4,497.4
/srv/shared_leopard_toad/2025/Documents/06.10-13.10.2025/6R/109MEDIA/DSCF0631.JPG,DSCF0631.JPG,6R/109MEDIA,2,Western_Leopard_Toad,0.3735,407.0,343.1,563.6,502.2
/srv/shared_leopard_toad/2025/Documents/06.10-13.10.2025/6R/109MEDIA/DSCF0055.JPG,DSCF0055.JPG,6R/109MEDIA,2,Western_Leopard_Toad,0.3364,415.7,339.8,561.5,498.1
/srv/shared_leopard_toad/2025/Documents/06.10-13.10.2025/6R/109MEDIA/DSCF0400.JPG,DSCF0400.JPG,6R/109MEDIA,2,Western_Leopard_Toad,0.7476,405.9,340.9,564.7,503.6
/srv/shared_leopard_toad/2025/Documents/06.10-13.10.2025/6R/109MEDIA/DSCF0400.JPG,DSCF0400.JPG,6R/109MEDIA,0,Other_Amphibian,0.2205,3126.8,357.1,3388.5,657.3
/srv/shared_leopard_toad/2025/Documents/06.10-13.10.2025/6R/109MEDIA/DSCF0658.JPG,DSCF0658.JPG,6R/109MEDIA,2,Western_Leopard_Toad,0.9004,410.0,342.7,567.2,508.5
/srv/shared_leopard_toad/2025/Documents/06.10-13.10.2025/6R/109MEDIA/DSCF0606.JPG,DSCF0606.JPG,6R/109MEDIA,2,Western_Leopard_Toad,0.7725,405.6,342.8,566.3,507.0
/srv/shared_leopard_toad/2025/Documents/06.10-13.10.2025/6R/109MEDIA/DSCF0606.JPG,DSCF0606.JPG,6R/109MEDIA,0,Other_Amphibian,0.2482,3121.0,357.2,3383.7,668.2
/srv/shared_leopard_toad/2025/Documents/06.10-13.10.2025/6R/109MEDIA/DSCF0197.JPG,DSCF0197.JPG,6R/109MEDIA,2,Western_Leopard_Toad,0.3547,402.2,342.4,563.1,505.1
/srv/shared_leopard_toad/2025/Documents/06.10-13.10.2025/6R/109MEDIA/DSCF0064.JPG,DSCF0064.JPG,6R/109MEDIA,2,Western_Leopard_Toad,0.5332,410.9,340.9,564.9,493.4
/srv/shared_leopard_toad/2025/Documents/06.10-13.10.2025/6R/109MEDIA/DSCF0064.JPG,DSCF0064.JPG,6R/109MEDIA,2,Western_Leopard_Toad,0.4673,408.9,341.0,565.0,493.2
/srv/shared_leopard_toad/2025/Documents/06.10-13.10.2025/6R/109MEDIA/DSCF0351.JPG,DSCF0351.JPG,6R/109MEDIA,2,Western_Leopard_Toad,0.9111,410.6,342.0,568.5,504.1
/srv/shared_leopard_toad/2025/Documents/06.10-13.10.2025/6R/109MEDIA/DSCF0225.JPG,DSCF0225.JPG,6R/109MEDIA,2,Western_Leopard_Toad,0.7778,412.0,338.8,565.2,500.6
/srv/shared_leopard_toad/2025/Documents/06.10-13.10.2025/6R/109MEDIA/DSCF0354.JPG,DSCF0354.JPG,6R/109MEDIA,2,Western_Leopard_Toad,0.7148,406.0,341.9,567.9,504.9
/srv/shared_leopard_toad/2025/Documents/06.10-13.10.2025/6R/109MEDIA/DSCF0272.JPG,DSCF0272.JPG,6R/109MEDIA,2,Western_Leopard_Toad,0.7788,405.5,341.1,566.4,505.0
/srv/shared_leopard_toad/2025/Documents/06.10-13.10.2025/6R/109MEDIA/DSCF0459.JPG,DSCF0459.JPG,6R/109MEDIA,2,Western_Leopard_Toad,0.9326,414.8,339.9,569.6,506.2
/srv/shared_leopard_toad/2025/Documents/06.10-13.10.2025/6R/109MEDIA/DSCF0620.JPG,DSCF0620.JPG,6R/109MEDIA,2,Western_Leopard_Toad,0.8394,414.8,343.5,566.3,506.2
/srv/shared_leopard_toad/2025/Documents/06.10-13.10.2025/6R/109MEDIA/DSCF0746.JPG,DSCF0746.JPG,6R/109MEDIA,2,Western_Leopard_Toad,0.5679,667.9,2465.6,770.6,2602.0
/srv/shared_leopard_toad/2025/Documents/06.10-13.10.2025/6R/109MEDIA/DSCF0746.JPG,DSCF0746.JPG,6R/109MEDIA,0,Other_Amphibian,0.4993,667.9,2465.6,770.6,2602.0
/srv/shared_leopard_toad/2025/Documents/06.10-13.10.2025/6R/109MEDIA/DSCF0224.JPG,DSCF0224.JPG,6R/109MEDIA,2,Western_Leopard_Toad,0.4333,409.8,341.1,564.1,497.6
/srv/shared_leopard_toad/2025/Documents/06.10-13.10.2025/6R/109MEDIA/DSCF0591.JPG,DSCF0591.JPG,6R/109MEDIA,2,Western_Leopard_Toad,0.7188,412.5,342.8,566.6,502.5
/srv/shared_leopard_toad/2025/Documents/06.10-13.10.2025/6R/109MEDIA/DSCF0081.JPG,DSCF0081.JPG,6R/109MEDIA,2,Western_Leopard_Toad,0.7642,402.4,340.5,563.0,504.1
/srv/shared_leopard_toad/2025/Documents/06.10-13.10.2025/6R/109MEDIA/DSCF0016.JPG,DSCF0016.JPG,6R/109MEDIA,2,Western_Leopard_Toad,0.8921,407.9,338.8,560.8,500.6
/srv/shared_leopard_toad/2025/Documents/06.10-13.10.2025/6R/109MEDIA/DSCF0241.JPG,DSCF0241.JPG,6R/109MEDIA,2,Western_Leopard_Toad,0.5430,412.4,339.8,568.7,498.1
/srv/shared_leopard_toad/2025/Documents/06.10-13.10.2025/6R/109MEDIA/DSCF0241.JPG,DSCF0241.JPG,6R/109MEDIA,0,Other_Amphibian,0.2717,3122.2,356.2,3387.8,663.3
/srv/shared_leopard_toad/2025/Documents/06.10-13.10.2025/6R/109MEDIA/DSCF0101.JPG,DSCF0101.JPG,6R/109MEDIA,2,Western_Leopard_Toad,0.7329,410.8,340.3,565.1,497.6
/srv/shared_leopard_toad/2025/Documents/06.10-13.10.2025/6R/109MEDIA/DSCF0029.JPG,DSCF0029.JPG,6R/109MEDIA,2,Western_Leopard_Toad,0.8828,408.5,340.3,563.4,500.6
/srv/shared_leopard_toad/2025/Documents/06.10-13.10.2025/6R/109MEDIA/DSCF0728.JPG,DSCF0728.JPG,6R/109MEDIA,2,Western_Leopard_Toad,0.4734,667.9,2466.0,770.6,2601.6
/srv/shared_leopard_toad/2025/Documents/06.10-13.10.2025/6R/109MEDIA/DSCF0728.JPG,DSCF0728.JPG,6R/109MEDIA,0,Other_Amphibian,0.3159,667.9,2466.0,770.6,2601.6
/srv/shared_leopard_toad/2025/Documents/06.10-13.10.2025/6R/109MEDIA/DSCF0664.JPG,DSCF0664.JPG,6R/109MEDIA,2,Western_Leopard_Toad,0.8818,411.4,340.1,567.7,508.2
/srv/shared_leopard_toad/2025/Documents/06.10-13.10.2025/6R/109MEDIA/DSCF0664.JPG,DSCF0664.JPG,6R/109MEDIA,0,Other_Amphibian,0.2350,3123.4,355.5,3397.1,678.1
/srv/shared_leopard_toad/2025/Documents/06.10-13.10.2025/6R/109MEDIA/DSCF0468.JPG,DSCF0468.JPG,6R/109MEDIA,2,Western_Leopard_Toad,0.8101,411.1,343.1,568.1,506.7
/srv/shared_leopard_toad/2025/Documents/06.10-13.10.2025/6R/109MEDIA/DSCF0105.JPG,DSCF0105.JPG,6R/109MEDIA,2,Western_Leopard_Toad,0.7910,414.5,340.6,561.4,495.9
/srv/shared_leopard_toad/2025/Documents/06.10-13.10.2025/6R/109MEDIA/DSCF0116.JPG,DSCF0116.JPG,6R/109MEDIA,2,Western_Leopard_Toad,0.8193,408.5,339.4,563.4,503.0
/srv/shared_leopard_toad/2025/Documents/06.10-13.10.2025/6R/109MEDIA/DSCF0085.JPG,DSCF0085.JPG,6R/109MEDIA,2,Western_Leopard_Toad,0.5581,411.6,340.8,562.2,496.4
/srv/shared_leopard_toad/2025/Documents/06.10-13.10.2025/6R/109MEDIA/DSCF0027.JPG,DSCF0027.JPG,6R/109MEDIA,2,Western_Leopard_Toad,0.8999,416.6,339.0,564.5,500.5
/srv/shared_leopard_toad/2025/Documents/06.10-13.10.2025/6R/109MEDIA/DSCF0367.JPG,DSCF0367.JPG,6R/109MEDIA,2,Western_Leopard_Toad,0.4841,403.1,341.8,565.5,500.6
/srv/shared_leopard_toad/2025/Documents/06.10-13.10.2025/6R/109MEDIA/DSCF0082.JPG,DSCF0082.JPG,6R/109MEDIA,2,Western_Leopard_Toad,0.8618,414.3,340.9,562.9,497.1
/srv/shared_leopard_toad/2025/Documents/06.10-13.10.2025/6R/109MEDIA/DSCF0602.JPG,DSCF0602.JPG,6R/109MEDIA,2,Western_Leopard_Toad,0.3066,408.5,345.4,563.4,509.6
/srv/shared_leopard_toad/2025/Documents/06.10-13.10.2025/6R/109MEDIA/DSCF0109.JPG,DSCF0109.JPG,6R/109MEDIA,2,Western_Leopard_Toad,0.7236,408.4,340.2,563.6,500.7
/srv/shared_leopard_toad/2025/Documents/06.10-13.10.2025/6R/109MEDIA/DSCF0109.JPG,DSCF0109.JPG,6R/109MEDIA,2,Western_Leopard_Toad,0.6763,408.1,340.4,565.7,501.2
/srv/shared_leopard_toad/2025/Documents/06.10-13.10.2025/6R/109MEDIA/DSCF0357.JPG,DSCF0357.JPG,6R/109MEDIA,0,Other_Amphibian,0.2646,3124.7,356.4,3385.3,660.9
/srv/shared_leopard_toad/2025/Documents/06.10-13.10.2025/6R/109MEDIA/DSCF0309.JPG,DSCF0309.JPG,6R/109MEDIA,2,Western_Leopard_Toad,0.6392,405.0,341.9,561.7,504.9
/srv/shared_leopard_toad/2025/Documents/06.10-13.10.2025/6R/109MEDIA/DSCF0497.JPG,DSCF0497.JPG,6R/109MEDIA,2,Western_Leopard_Toad,0.5791,404.9,341.5,568.9,506.8
/srv/shared_leopard_toad/2025/Documents/06.10-13.10.2025/6R/109MEDIA/DSCF0340.JPG,DSCF0340.JPG,6R/109MEDIA,2,Western_Leopard_Toad,0.9346,412.7,339.6,568.4,502.8
/srv/shared_leopard_toad/2025/Documents/06.10-13.10.2025/6R/109MEDIA/DSCF0611.JPG,DSCF0611.JPG,6R/109MEDIA,2,Western_Leopard_Toad,0.7202,411.6,341.5,565.6,503.0
/srv/shared_leopard_toad/2025/Documents/06.10-13.10.2025/6R/109MEDIA/DSCF0611.JPG,DSCF0611.JPG,6R/109MEDIA,2,Western_Leopard_Toad,0.3552,411.3,340.9,565.9,502.2
/srv/shared_leopard_toad/2025/Documents/06.10-13.10.2025/6R/109MEDIA/DSCF0460.JPG,DSCF0460.JPG,6R/109MEDIA,2,Western_Leopard_Toad,0.9287,414.2,340.3,568.2,505.7
/srv/shared_leopard_toad/2025/Documents/06.10-13.10.2025/6R/109MEDIA/DSCF0024.JPG,DSCF0024.JPG,6R/109MEDIA,2,Western_Leopard_Toad,0.8599,412.1,338.2,561.8,501.2
/srv/shared_leopard_toad/2025/Documents/06.10-13.10.2025/6R/109MEDIA/DSCF0318.JPG,DSCF0318.JPG,6R/109MEDIA,2,Western_Leopard_Toad,0.3586,405.0,340.8,565.6,505.3
/srv/shared_leopard_toad/2025/Documents/06.10-13.10.2025/6R/109MEDIA/DSCF0392.JPG,DSCF0392.JPG,6R/109MEDIA,2,Western_Leopard_Toad,0.8555,407.4,341.5,569.8,506.0
/srv/shared_leopard_toad/2025/Documents/06.10-13.10.2025/6R/109MEDIA/DSCF0392.JPG,DSCF0392.JPG,6R/109MEDIA,2,Western_Leopard_Toad,0.8115,407.3,341.1,568.5,505.7
/srv/shared_leopard_toad/2025/Documents/06.10-13.10.2025/6R/109MEDIA/DSCF0493.JPG,DSCF0493.JPG,6R/109MEDIA,2,Western_Leopard_Toad,0.9233,414.6,341.6,567.8,503.7
/srv/shared_leopard_toad/2025/Documents/06.10-13.10.2025/6R/109MEDIA/DSCF0617.JPG,DSCF0617.JPG,6R/109MEDIA,2,Western_Leopard_Toad,0.9077,410.0,340.5,565.8,504.1
/srv/shared_leopard_toad/2025/Documents/06.10-13.10.2025/6R/109MEDIA/DSCF0235.JPG,DSCF0235.JPG,6R/109MEDIA,2,Western_Leopard_Toad,0.8511,403.8,340.7,572.1,504.6
/srv/shared_leopard_toad/2025/Documents/06.10-13.10.2025/6R/109MEDIA/DSCF0671.JPG,DSCF0671.JPG,6R/109MEDIA,2,Western_Leopard_Toad,0.5220,403.5,342.9,567.1,510.5
/srv/shared_leopard_toad/2025/Documents/06.10-13.10.2025/6R/109MEDIA/DSCF0328.JPG,DSCF0328.JPG,6R/109MEDIA,2,Western_Leopard_Toad,0.2563,397.9,343.3,564.1,506.5
/srv/shared_leopard_toad/2025/Documents/06.10-13.10.2025/6R/109MEDIA/DSCF0202.JPG,DSCF0202.JPG,6R/109MEDIA,2,Western_Leopard_Toad,0.6958,409.3,340.3,564.5,506.6
/srv/shared_leopard_toad/2025/Documents/06.10-13.10.2025/6R/109MEDIA/DSCF0595.JPG,DSCF0595.JPG,6R/109MEDIA,2,Western_Leopard_Toad,0.8906,409.0,341.8,564.8,505.7
/srv/shared_leopard_toad/2025/Documents/06.10-13.10.2025/6R/109MEDIA/DSCF0226.JPG,DSCF0226.JPG,6R/109MEDIA,2,Western_Leopard_Toad,0.4175,410.4,340.8,563.5,506.8
/srv/shared_leopard_toad/2025/Documents/06.10-13.10.2025/6R/109MEDIA/DSCF0310.JPG,DSCF0310.JPG,6R/109MEDIA,2,Western_Leopard_Toad,0.3110,407.2,342.6,566.6,507.2
/srv/shared_leopard_toad/2025/Documents/06.10-13.10.2025/6R/109MEDIA/DSCF0374.JPG,DSCF0374.JPG,6R/109MEDIA,2,Western_Leopard_Toad,0.8862,400.6,343.3,566.1,504.2
/srv/shared_leopard_toad/2025/Documents/06.10-13.10.2025/6R/109MEDIA/DSCF0371.JPG,DSCF0371.JPG,6R/109MEDIA,2,Western_Leopard_Toad,0.4749,409.0,341.1,561.6,502.0
/srv/shared_leopard_toad/2025/Documents/06.10-13.10.2025/6R/109MEDIA/DSCF0317.JPG,DSCF0317.JPG,6R/109MEDIA,2,Western_Leopard_Toad,0.5005,408.4,341.4,568.7,506.2
/srv/shared_leopard_toad/2025/Documents/06.10-13.10.2025/6R/109MEDIA/DSCF0210.JPG,DSCF0210.JPG,6R/109MEDIA,2,Western_Leopard_Toad,0.6079,406.1,341.5,562.5,504.5
/srv/shared_leopard_toad/2025/Documents/06.10-13.10.2025/6R/109MEDIA/DSCF0234.JPG,DSCF0234.JPG,6R/109MEDIA,2,Western_Leopard_Toad,0.8091,406.3,339.3,569.6,503.8
/srv/shared_leopard_toad/2025/Documents/06.10-13.10.2025/6R/109MEDIA/DSCF0465.JPG,DSCF0465.JPG,6R/109MEDIA,2,Western_Leopard_Toad,0.8711,409.9,340.0,566.0,507.6
/srv/shared_leopard_toad/2025/Documents/06.10-13.10.2025/6R/109MEDIA/DSCF0465.JPG,DSCF0465.JPG,6R/109MEDIA,0,Other_Amphibian,0.2571,409.9,340.0,566.0,507.6
/srv/shared_leopard_toad/2025/Documents/06.10-13.10.2025/6R/109MEDIA/DSCF0604.JPG,DSCF0604.JPG,6R/109MEDIA,2,Western_Leopard_Toad,0.7925,404.7,342.9,567.2,506.8
/srv/shared_leopard_toad/2025/Documents/06.10-13.10.2025/6R/109MEDIA/DSCF0270.JPG,DSCF0270.JPG,6R/109MEDIA,2,Western_Leopard_Toad,0.3528,406.0,341.3,562.7,500.4
/srv/shared_leopard_toad/2025/Documents/06.10-13.10.2025/6R/109MEDIA/DSCF0090.JPG,DSCF0090.JPG,6R/109MEDIA,2,Western_Leopard_Toad,0.4648,409.1,341.6,562.8,496.4
/srv/shared_leopard_toad/2025/Documents/06.10-13.10.2025/6R/109MEDIA/DSCF0090.JPG,DSCF0090.JPG,6R/109MEDIA,0,Other_Amphibian,0.2125,3124.6,357.9,3390.7,662.4
/srv/shared_leopard_toad/2025/Documents/06.10-13.10.2025/6R/109MEDIA/DSCF0450.JPG,DSCF0450.JPG,6R/109MEDIA,2,Western_Leopard_Toad,0.6899,409.6,342.7,564.3,501.8
/srv/shared_leopard_toad/2025/Documents/06.10-13.10.2025/6R/109MEDIA/DSCF0450.JPG,DSCF0450.JPG,6R/109MEDIA,0,Other_Amphibian,0.2213,3121.2,355.9,3388.8,668.1
/srv/shared_leopard_toad/2025/Documents/06.10-13.10.2025/6R/109MEDIA/DSCF0356.JPG,DSCF0356.JPG,6R/109MEDIA,2,Western_Leopard_Toad,0.6846,406.8,340.9,567.1,497.1
/srv/shared_leopard_toad/2025/Documents/06.10-13.10.2025/6R/109MEDIA/DSCF0638.JPG,DSCF0638.JPG,6R/109MEDIA,2,Western_Leopard_Toad,0.8882,404.7,341.3,567.2,504.0
/srv/shared_leopard_toad/2025/Documents/06.10-13.10.2025/6R/109MEDIA/DSCF0485.JPG,DSCF0485.JPG,6R/109MEDIA,2,Western_Leopard_Toad,0.4675,402.2,341.1,569.7,505.7
/srv/shared_leopard_toad/2025/Documents/06.10-13.10.2025/6R/109MEDIA/DSCF0236.JPG,DSCF0236.JPG,6R/109MEDIA,2,Western_Leopard_Toad,0.8877,407.2,341.5,568.7,504.5
/srv/shared_leopard_toad/2025/Documents/06.10-13.10.2025/6R/109MEDIA/DSCF0084.JPG,DSCF0084.JPG,6R/109MEDIA,2,Western_Leopard_Toad,0.8135,412.2,339.7,568.9,499.0
/srv/shared_leopard_toad/2025/Documents/06.10-13.10.2025/6R/109MEDIA/DSCF0124.JPG,DSCF0124.JPG,6R/109MEDIA,2,Western_Leopard_Toad,0.8105,413.1,341.4,562.8,503.2
/srv/shared_leopard_toad/2025/Documents/06.10-13.10.2025/6R/109MEDIA/DSCF0138.JPG,DSCF0138.JPG,6R/109MEDIA,2,Western_Leopard_Toad,0.3501,410.8,340.4,561.1,501.9
/srv/shared_leopard_toad/2025/Documents/06.10-13.10.2025/6R/109MEDIA/DSCF0014.JPG,DSCF0014.JPG,6R/109MEDIA,2,Western_Leopard_Toad,0.6157,410.1,340.3,563.8,502.1
/srv/shared_leopard_toad/2025/Documents/06.10-13.10.2025/6R/109MEDIA/DSCF0520.JPG,DSCF0520.JPG,6R/109MEDIA,2,Western_Leopard_Toad,0.5356,411.1,342.5,562.8,507.3
/srv/shared_leopard_toad/2025/Documents/06.10-13.10.2025/6R/109MEDIA/DSCF0520.JPG,DSCF0520.JPG,6R/109MEDIA,2,Western_Leopard_Toad,0.5210,410.4,341.9,563.5,506.4
/srv/shared_leopard_toad/2025/Documents/06.10-13.10.2025/6R/109MEDIA/DSCF0200.JPG,DSCF0200.JPG,6R/109MEDIA,2,Western_Leopard_Toad,0.3838,413.8,340.5,562.1,504.1
/srv/shared_leopard_toad/2025/Documents/06.10-13.10.2025/6R/109MEDIA/DSCF0200.JPG,DSCF0200.JPG,6R/109MEDIA,0,Other_Amphibian,0.2981,3124.3,357.1,3390.9,663.9
/srv/shared_leopard_toad/2025/Documents/06.10-13.10.2025/6R/109MEDIA/DSCF0744.JPG,DSCF0744.JPG,6R/109MEDIA,2,Western_Leopard_Toad,0.5034,667.5,2467.6,771.0,2599.9
/srv/shared_leopard_toad/2025/Documents/06.10-13.10.2025/6R/109MEDIA/DSCF0744.JPG,DSCF0744.JPG,6R/109MEDIA,0,Other_Amphibian,0.3315,667.5,2467.6,771.0,2599.9
/srv/shared_leopard_toad/2025/Documents/06.10-13.10.2025/6R/109MEDIA/DSCF0359.JPG,DSCF0359.JPG,6R/109MEDIA,2,Western_Leopard_Toad,0.6187,404.6,341.9,569.3,503.4
/srv/shared_leopard_toad/2025/Documents/06.10-13.10.2025/6R/109MEDIA/DSCF0009.JPG,DSCF0009.JPG,6R/109MEDIA,2,Western_Leopard_Toad,0.7090,410.8,340.5,563.1,501.1
/srv/shared_leopard_toad/2025/Documents/06.10-13.10.2025/6R/109MEDIA/DSCF0447.JPG,DSCF0447.JPG,6R/109MEDIA,2,Western_Leopard_Toad,0.4392,410.5,341.5,565.4,503.0
/srv/shared_leopard_toad/2025/Documents/06.10-13.10.2025/6R/109MEDIA/DSCF0702.JPG,DSCF0702.JPG,6R/109MEDIA,2,Western_Leopard_Toad,0.5171,667.7,2466.8,773.5,2603.7
/srv/shared_leopard_toad/2025/Documents/06.10-13.10.2025/6R/109MEDIA/DSCF0702.JPG,DSCF0702.JPG,6R/109MEDIA,0,Other_Amphibian,0.3833,667.7,2466.8,773.5,2603.7
/srv/shared_leopard_toad/2025/Documents/06.10-13.10.2025/6R/109MEDIA/DSCF0140.JPG,DSCF0140.JPG,6R/109MEDIA,2,Western_Leopard_Toad,0.6040,408.1,341.7,562.4,502.9
/srv/shared_leopard_toad/2025/Documents/06.10-13.10.2025/6R/109MEDIA/DSCF0243.JPG,DSCF0243.JPG,6R/109MEDIA,2,Western_Leopard_Toad,0.8345,411.4,339.7,565.7,507.8
/srv/shared_leopard_toad/2025/Documents/06.10-13.10.2025/6R/109MEDIA/DSCF0717.JPG,DSCF0717.JPG,6R/109MEDIA,2,Western_Leopard_Toad,0.6274,666.4,2466.6,769.5,2601.0
/srv/shared_leopard_toad/2025/Documents/06.10-13.10.2025/6R/109MEDIA/DSCF0717.JPG,DSCF0717.JPG,6R/109MEDIA,0,Other_Amphibian,0.5527,666.4,2466.6,769.5,2601.0
/srv/shared_leopard_toad/2025/Documents/06.10-13.10.2025/6R/109MEDIA/DSCF0410.JPG,DSCF0410.JPG,6R/109MEDIA,2,Western_Leopard_Toad,0.7324,401.2,342.8,565.5,505.5
/srv/shared_leopard_toad/2025/Documents/06.10-13.10.2025/6R/109MEDIA/DSCF0579.JPG,DSCF0579.JPG,6R/109MEDIA,2,Western_Leopard_Toad,0.6870,407.4,343.5,564.5,502.6
/srv/shared_leopard_toad/2025/Documents/06.10-13.10.2025/6R/109MEDIA/DSCF0506.JPG,DSCF0506.JPG,6R/109MEDIA,2,Western_Leopard_Toad,0.9385,409.5,340.3,572.9,507.9
/srv/shared_leopard_toad/2025/Documents/06.10-13.10.2025/6R/109MEDIA/DSCF0361.JPG,DSCF0361.JPG,6R/109MEDIA,2,Western_Leopard_Toad,0.2581,411.6,342.0,564.2,504.1
/srv/shared_leopard_toad/2025/Documents/06.10-13.10.2025/6R/109MEDIA/DSCF0201.JPG,DSCF0201.JPG,6R/109MEDIA,2,Western_Leopard_Toad,0.7573,409.8,340.7,564.1,503.9
/srv/shared_leopard_toad/2025/Documents/06.10-13.10.2025/6R/109MEDIA/DSCF0642.JPG,DSCF0642.JPG,6R/109MEDIA,2,Western_Leopard_Toad,0.6748,409.0,342.8,561.6,505.5
/srv/shared_leopard_toad/2025/Documents/06.10-13.10.2025/6R/109MEDIA/DSCF0513.JPG,DSCF0513.JPG,6R/109MEDIA,2,Western_Leopard_Toad,0.7651,406.9,344.3,561.8,507.0
/srv/shared_leopard_toad/2025/Documents/06.10-13.10.2025/6R/109MEDIA/DSCF0513.JPG,DSCF0513.JPG,6R/109MEDIA,0,Other_Amphibian,0.2242,3125.1,357.6,3379.6,673.0
/srv/shared_leopard_toad/2025/Documents/06.10-13.10.2025/6R/109MEDIA/DSCF0707.JPG,DSCF0707.JPG,6R/109MEDIA,2,Western_Leopard_Toad,0.6182,667.2,2466.5,770.0,2601.1
/srv/shared_leopard_toad/2025/Documents/06.10-13.10.2025/6R/109MEDIA/DSCF0707.JPG,DSCF0707.JPG,6R/109MEDIA,0,Other_Amphibian,0.3760,667.2,2466.5,770.0,2601.1
