image_path,image_name,subfolder,class_id,class_name,confidence,xmin,ymin,xmax,ymax
/srv/shared_leopard_toad/2024/09.02.2024/3R/103MEDIA/DSCF0135.JPG,DSCF0135.JPG,3R/103MEDIA,2,Western_Leopard_Toad,0.3914,4544.6,1302.4,4603.9,1428.8
/srv/shared_leopard_toad/2024/09.02.2024/3R/103MEDIA/DSCF0404.JPG,DSCF0404.JPG,3R/103MEDIA,2,Western_Leopard_Toad,0.3625,4547.0,1303.3,4606.0,1433.0
/srv/shared_leopard_toad/2024/09.02.2024/3R/103MEDIA/DSCF0993.JPG,DSCF0993.JPG,3R/103MEDIA,2,Western_Leopard_Toad,0.3462,4547.7,1297.4,4605.3,1436.3
/srv/shared_leopard_toad/2024/09.02.2024/3R/103MEDIA/DSCF0537.JPG,DSCF0537.JPG,3R/103MEDIA,2,Western_Leopard_Toad,0.5391,4549.2,1298.4,4608.3,1430.3
/srv/shared_leopard_toad/2024/09.02.2024/3R/103MEDIA/DSCF0358.JPG,DSCF0358.JPG,3R/103MEDIA,2,Western_Leopard_Toad,0.3950,4547.2,1301.5,4605.8,1432.2
/srv/shared_leopard_toad/2024/09.02.2024/3R/103MEDIA/DSCF0012.JPG,DSCF0012.JPG,3R/103MEDIA,2,Western_Leopard_Toad,0.4182,4544.7,1295.9,4603.8,1432.8
/srv/shared_leopard_toad/2024/09.02.2024/3R/103MEDIA/DSCF0488.JPG,DSCF0488.JPG,3R/103MEDIA,2,Western_Leopard_Toad,0.4822,4546.3,1301.5,4606.7,1432.2
/srv/shared_leopard_toad/2024/09.02.2024/3R/103MEDIA/DSCF0488.JPG,DSCF0488.JPG,3R/103MEDIA,0,Other_Amphibian,0.3220,4546.3,1301.5,4606.7,1432.2
/srv/shared_leopard_toad/2024/09.02.2024/3R/103MEDIA/DSCF0541.JPG,DSCF0541.JPG,3R/103MEDIA,2,Western_Leopard_Toad,0.6050,4552.2,1298.4,4609.8,1432.8
/srv/shared_leopard_toad/2024/09.02.2024/3R/103MEDIA/DSCF0541.JPG,DSCF0541.JPG,3R/103MEDIA,1,Small_Mammal,0.2883,1020.0,1.6,1335.8,328.7
/srv/shared_leopard_toad/2024/09.02.2024/3R/103MEDIA/DSCF0519.JPG,DSCF0519.JPG,3R/103MEDIA,2,Western_Leopard_Toad,0.5005,4546.3,1302.5,4606.7,1431.3
/srv/shared_leopard_toad/2024/09.02.2024/3R/103MEDIA/DSCF0589.JPG,DSCF0589.JPG,3R/103MEDIA,1,Small_Mammal,0.6426,1004.8,0.9,1335.2,324.7
/srv/shared_leopard_toad/2024/09.02.2024/3R/103MEDIA/DSCF0589.JPG,DSCF0589.JPG,3R/103MEDIA,2,Western_Leopard_Toad,0.5293,4546.7,1300.6,4606.3,1435.7
/srv/shared_leopard_toad/2024/09.02.2024/3R/103MEDIA/DSCF0589.JPG,DSCF0589.JPG,3R/103MEDIA,0,Other_Amphibian,0.2466,4546.7,1300.6,4606.3,1435.7
/srv/shared_leopard_toad/2024/09.02.2024/3R/103MEDIA/DSCF0466.JPG,DSCF0466.JPG,3R/103MEDIA,2,Western_Leopard_Toad,0.4097,4543.8,1303.2,4604.7,1430.6
/srv/shared_leopard_toad/2024/09.02.2024/3R/103MEDIA/DSCF0443.JPG,DSCF0443.JPG,3R/103MEDIA,2,Western_Leopard_Toad,0.2761,4550.6,1300.6,4606.9,1438.2
/srv/shared_leopard_toad/2024/09.02.2024/3R/103MEDIA/DSCF0911.JPG,DSCF0911.JPG,3R/103MEDIA,2,Western_Leopard_Toad,0.5288,4549.9,1302.1,4607.6,1436.7
/srv/shared_leopard_toad/2024/09.02.2024/3R/103MEDIA/DSCF0215.JPG,DSCF0215.JPG,3R/103MEDIA,2,Western_Leopard_Toad,0.5684,4547.5,1305.7,4605.5,1428.1
/srv/shared_leopard_toad/2024/09.02.2024/3R/103MEDIA/DSCF0215.JPG,DSCF0215.JPG,3R/103MEDIA,0,Other_Amphibian,0.2168,4547.5,1305.7,4605.5,1428.1
/srv/shared_leopard_toad/2024/09.02.2024/3R/103MEDIA/DSCF0173.JPG,DSCF0173.JPG,3R/103MEDIA,2,Western_Leopard_Toad,0.3232,4544.2,1301.5,4604.3,1432.2
/srv/shared_leopard_toad/2024/09.02.2024/3R/103MEDIA/DSCF0173.JPG,DSCF0173.JPG,3R/103MEDIA,0,Other_Amphibian,0.2363,4544.2,1301.5,4604.3,1432.2
/srv/shared_leopard_toad/2024/09.02.2024/3R/103MEDIA/DSCF0279.JPG,DSCF0279.JPG,3R/103MEDIA,2,Western_Leopard_Toad,0.3557,4551.1,1306.4,4606.4,1434.9
/srv/shared_leopard_toad/2024/09.02.2024/3R/103MEDIA/DSCF0464.JPG,DSCF0464.JPG,3R/103MEDIA,2,Western_Leopard_Toad,0.5317,4547.2,1300.8,4605.8,1433.0
/srv/shared_leopard_toad/2024/09.02.2024/3R/103MEDIA/DSCF0464.JPG,DSCF0464.JPG,3R/103MEDIA,0,Other_Amphibian,0.2585,4547.2,1300.8,4605.8,1433.0
/srv/shared_leopard_toad/2024/09.02.2024/3R/103MEDIA/DSCF0455.JPG,DSCF0455.JPG,3R/103MEDIA,2,Western_Leopard_Toad,0.5049,4549.6,1303.8,4607.9,1430.0
/srv/shared_leopard_toad/2024/09.02.2024/3R/103MEDIA/DSCF0455.JPG,DSCF0455.JPG,3R/103MEDIA,0,Other_Amphibian,0.2120,4549.6,1303.8,4607.9,1430.0
/srv/shared_leopard_toad/2024/09.02.2024/3R/103MEDIA/DSCF0001.JPG,DSCF0001.JPG,3R/103MEDIA,2,Western_Leopard_Toad,0.3225,4551.1,1298.5,4606.4,1440.3
/srv/shared_leopard_toad/2024/09.02.2024/3R/103MEDIA/DSCF0407.JPG,DSCF0407.JPG,3R/103MEDIA,2,Western_Leopard_Toad,0.3916,4547.7,1300.8,4605.3,1427.9
/srv/shared_leopard_toad/2024/09.02.2024/3R/103MEDIA/DSCF0416.JPG,DSCF0416.JPG,3R/103MEDIA,2,Western_Leopard_Toad,0.3977,4549.8,1302.4,4607.7,1428.8
/srv/shared_leopard_toad/2024/09.02.2024/3R/103MEDIA/DSCF0416.JPG,DSCF0416.JPG,3R/103MEDIA,0,Other_Amphibian,0.2065,4549.8,1302.4,4607.7,1428.8
/srv/shared_leopard_toad/2024/09.02.2024/3R/103MEDIA/DSCF0922.JPG,DSCF0922.JPG,3R/103MEDIA,2,Western_Leopard_Toad,0.2756,4550.8,1296.7,4606.7,1434.5
/srv/shared_leopard_toad/2024/09.02.2024/3R/103MEDIA/DSCF0678.JPG,DSCF0678.JPG,3R/103MEDIA,2,Western_Leopard_Toad,0.2981,4547.2,1301.9,4605.8,1437.0
/srv/shared_leopard_toad/2024/09.02.2024/3R/103MEDIA/DSCF0651.JPG,DSCF0651.JPG,3R/103MEDIA,2,Western_Leopard_Toad,0.4304,4542.9,1303.6,4605.6,1430.2
/srv/shared_leopard_toad/2024/09.02.2024/3R/103MEDIA/DSCF0514.JPG,DSCF0514.JPG,3R/103MEDIA,2,Western_Leopard_Toad,0.3269,4550.0,1304.7,4607.5,1429.0
/srv/shared_leopard_toad/2024/09.02.2024/3R/103MEDIA/DSCF0774.JPG,DSCF0774.JPG,3R/103MEDIA,2,Western_Leopard_Toad,0.3335,4549.6,1300.3,4607.9,1430.9
/srv/shared_leopard_toad/2024/09.02.2024/3R/103MEDIA/DSCF0298.JPG,DSCF0298.JPG,3R/103MEDIA,2,Western_Leopard_Toad,0.5181,4547.2,1300.0,4605.8,1428.7
/srv/shared_leopard_toad/2024/09.02.2024/3R/103MEDIA/DSCF0298.JPG,DSCF0298.JPG,3R/103MEDIA,0,Other_Amphibian,0.2932,4547.2,1300.0,4605.8,1428.7
/srv/shared_leopard_toad/2024/09.02.2024/3R/103MEDIA/DSCF0417.JPG,DSCF0417.JPG,3R/103MEDIA,2,Western_Leopard_Toad,0.3108,4547.9,1303.7,4605.1,1430.1
/srv/shared_leopard_toad/2024/09.02.2024/3R/103MEDIA/DSCF0141.JPG,DSCF0141.JPG,3R/103MEDIA,2,Western_Leopard_Toad,0.3960,4546.6,1300.5,4606.4,1428.1
/srv/shared_leopard_toad/2024/09.02.2024/3R/103MEDIA/DSCF0141.JPG,DSCF0141.JPG,3R/103MEDIA,0,Other_Amphibian,0.3137,4546.6,1300.5,4606.4,1428.1
/srv/shared_leopard_toad/2024/09.02.2024/3R/103MEDIA/DSCF0543.JPG,DSCF0543.JPG,3R/103MEDIA,1,Small_Mammal,0.3606,1012.1,1.7,1330.2,332.1
/srv/shared_leopard_toad/2024/09.02.2024/3R/103MEDIA/DSCF0325.JPG,DSCF0325.JPG,3R/103MEDIA,2,Western_Leopard_Toad,0.3528,4547.2,1304.4,4605.8,1426.8
/srv/shared_leopard_toad/2024/09.02.2024/3R/103MEDIA/DSCF0650.JPG,DSCF0650.JPG,3R/103MEDIA,2,Western_Leopard_Toad,0.4504,4547.1,1302.2,4605.9,1431.5
/srv/shared_leopard_toad/2024/09.02.2024/3R/103MEDIA/DSCF0107.JPG,DSCF0107.JPG,3R/103MEDIA,2,Western_Leopard_Toad,0.4104,4548.1,1305.1,4604.9,1436.2
/srv/shared_leopard_toad/2024/09.02.2024/3R/103MEDIA/DSCF0562.JPG,DSCF0562.JPG,3R/103MEDIA,1,Small_Mammal,0.4412,1010.0,1.0,1343.5,321.5
/srv/shared_leopard_toad/2024/09.02.2024/3R/103MEDIA/DSCF0512.JPG,DSCF0512.JPG,3R/103MEDIA,2,Western_Leopard_Toad,0.3501,4549.6,1300.2,4607.9,1431.1
/srv/shared_leopard_toad/2024/09.02.2024/3R/103MEDIA/DSCF0282.JPG,DSCF0282.JPG,3R/103MEDIA,2,Western_Leopard_Toad,0.4131,4546.8,1302.1,4606.2,1424.1
/srv/shared_leopard_toad/2024/09.02.2024/3R/103MEDIA/DSCF0430.JPG,DSCF0430.JPG,3R/103MEDIA,2,Western_Leopard_Toad,0.3896,4549.1,1301.1,4608.4,1430.1
/srv/shared_leopard_toad/2024/09.02.2024/3R/103MEDIA/DSCF0430.JPG,DSCF0430.JPG,3R/103MEDIA,0,Other_Amphibian,0.2274,4549.1,1301.1,4608.4,1430.1
/srv/shared_leopard_toad/2024/09.02.2024/3R/103MEDIA/DSCF0594.JPG,DSCF0594.JPG,3R/103MEDIA,2,Western_Leopard_Toad,0.4670,4543.8,1295.8,4604.7,1430.4
/srv/shared_leopard_toad/2024/09.02.2024/3R/103MEDIA/DSCF0221.JPG,DSCF0221.JPG,3R/103MEDIA,0,Other_Amphibian,0.3081,397.0,775.7,527.8,919.0
/srv/shared_leopard_toad/2024/09.02.2024/3R/103MEDIA/DSCF0221.JPG,DSCF0221.JPG,3R/103MEDIA,2,Western_Leopard_Toad,0.2969,4547.6,1300.5,4605.4,1430.7
/srv/shared_leopard_toad/2024/09.02.2024/3R/103MEDIA/DSCF0442.JPG,DSCF0442.JPG,3R/103MEDIA,2,Western_Leopard_Toad,0.3120,4545.3,1299.4,4603.2,1429.3
/srv/shared_leopard_toad/2024/09.02.2024/3R/103MEDIA/DSCF0311.JPG,DSCF0311.JPG,3R/103MEDIA,0,Other_Amphibian,0.4858,390.2,775.9,525.0,920.0
/srv/shared_leopard_toad/2024/09.02.2024/3R/103MEDIA/DSCF0311.JPG,DSCF0311.JPG,3R/103MEDIA,2,Western_Leopard_Toad,0.3816,4550.9,1299.4,4606.6,1429.3
/srv/shared_leopard_toad/2024/09.02.2024/3R/103MEDIA/DSCF0311.JPG,DSCF0311.JPG,3R/103MEDIA,0,Other_Amphibian,0.3716,394.3,775.9,525.4,920.0
/srv/shared_leopard_toad/2024/09.02.2024/3R/103MEDIA/DSCF0362.JPG,DSCF0362.JPG,3R/103MEDIA,2,Western_Leopard_Toad,0.2915,4550.9,1298.8,4606.6,1429.9
/srv/shared_leopard_toad/2024/09.02.2024/3R/103MEDIA/DSCF0565.JPG,DSCF0565.JPG,3R/103MEDIA,2,Western_Leopard_Toad,0.4468,4549.6,1301.1,4607.9,1432.6
/srv/shared_leopard_toad/2024/09.02.2024/3R/103MEDIA/DSCF0868.JPG,DSCF0868.JPG,3R/103MEDIA,0,Other_Amphibian,0.7266,1388.2,2062.8,1471.6,2177.1
/srv/shared_leopard_toad/2024/09.02.2024/3R/103MEDIA/DSCF0868.JPG,DSCF0868.JPG,3R/103MEDIA,2,Western_Leopard_Toad,0.2629,4550.8,1298.8,4606.7,1432.4
/srv/shared_leopard_toad/2024/09.02.2024/3R/103MEDIA/DSCF0187.JPG,DSCF0187.JPG,3R/103MEDIA,2,Western_Leopard_Toad,0.3398,4547.9,1297.8,4605.1,1433.4
/srv/shared_leopard_toad/2024/09.02.2024/3R/103MEDIA/DSCF0061.JPG,DSCF0061.JPG,3R/103MEDIA,2,Western_Leopard_Toad,0.4470,4547.5,1301.7,4605.5,1432.1
/srv/shared_leopard_toad/2024/09.02.2024/3R/103MEDIA/DSCF0061.JPG,DSCF0061.JPG,3R/103MEDIA,0,Other_Amphibian,0.2693,4547.5,1301.7,4605.5,1432.1
/srv/shared_leopard_toad/2024/09.02.2024/3R/103MEDIA/DSCF0980.JPG,DSCF0980.JPG,3R/103MEDIA,2,Western_Leopard_Toad,0.3108,4546.6,1303.2,4606.4,1440.6
/srv/shared_leopard_toad/2024/09.02.2024/3R/103MEDIA/DSCF0679.JPG,DSCF0679.JPG,3R/103MEDIA,2,Western_Leopard_Toad,0.3008,4546.2,1308.3,4606.8,1435.6
/srv/shared_leopard_toad/2024/09.02.2024/3R/103MEDIA/DSCF0640.JPG,DSCF0640.JPG,3R/103MEDIA,2,Western_Leopard_Toad,0.4260,4547.0,1300.8,4606.0,1427.9
/srv/shared_leopard_toad/2024/09.02.2024/3R/103MEDIA/DSCF0623.JPG,DSCF0623.JPG,3R/103MEDIA,2,Western_Leopard_Toad,0.3652,4546.0,1299.5,4607.0,1431.7
/srv/shared_leopard_toad/2024/09.02.2024/3R/103MEDIA/DSCF0623.JPG,DSCF0623.JPG,3R/103MEDIA,1,Small_Mammal,0.2522,1005.6,1.7,1336.6,332.1
/srv/shared_leopard_toad/2024/09.02.2024/3R/103MEDIA/DSCF0518.JPG,DSCF0518.JPG,3R/103MEDIA,2,Western_Leopard_Toad,0.4670,4546.6,1298.9,4606.4,1432.3
/srv/shared_leopard_toad/2024/09.02.2024/3R/103MEDIA/DSCF0777.JPG,DSCF0777.JPG,3R/103MEDIA,2,Western_Leopard_Toad,0.2603,4549.2,1301.7,4608.3,1437.1
/srv/shared_leopard_toad/2024/09.02.2024/3R/103MEDIA/DSCF0167.JPG,DSCF0167.JPG,3R/103MEDIA,2,Western_Leopard_Toad,0.2603,4544.4,1303.8,4604.1,1435.0
/srv/shared_leopard_toad/2024/09.02.2024/3R/103MEDIA/DSCF0636.JPG,DSCF0636.JPG,3R/103MEDIA,2,Western_Leopard_Toad,0.5200,4549.1,1301.4,4608.4,1427.3
/srv/shared_leopard_toad/2024/09.02.2024/3R/103MEDIA/DSCF0636.JPG,DSCF0636.JPG,3R/103MEDIA,0,Other_Amphibian,0.2727,4549.1,1301.4,4608.4,1427.3
/srv/shared_leopard_toad/2024/09.02.2024/3R/103MEDIA/DSCF0636.JPG,DSCF0636.JPG,3R/103MEDIA,1,Small_Mammal,0.2123,1015.3,1.9,1338.2,328.4
/srv/shared_leopard_toad/2024/09.02.2024/3R/103MEDIA/DSCF0089.JPG,DSCF0089.JPG,3R/103MEDIA,2,Western_Leopard_Toad,0.3291,4547.3,1296.0,4605.7,1430.2
/srv/shared_leopard_toad/2024/09.02.2024/3R/103MEDIA/DSCF0560.JPG,DSCF0560.JPG,3R/103MEDIA,2,Western_Leopard_Toad,0.5693,4546.6,1300.4,4606.4,1428.3
/srv/shared_leopard_toad/2024/09.02.2024/3R/103MEDIA/DSCF0560.JPG,DSCF0560.JPG,3R/103MEDIA,1,Small_Mammal,0.2283,1009.5,2.4,1326.0,323.8
/srv/shared_leopard_toad/2024/09.02.2024/3R/103MEDIA/DSCF0560.JPG,DSCF0560.JPG,3R/103MEDIA,0,Other_Amphibian,0.2013,4546.6,1300.4,4606.4,1428.3
/srv/shared_leopard_toad/2024/09.02.2024/3R/103MEDIA/DSCF0339.JPG,DSCF0339.JPG,3R/103MEDIA,2,Western_Leopard_Toad,0.4182,4550.9,1300.9,4606.6,1430.4
/srv/shared_leopard_toad/2024/09.02.2024/3R/103MEDIA/DSCF0164.JPG,DSCF0164.JPG,3R/103MEDIA,2,Western_Leopard_Toad,0.3108,4548.4,1303.9,4604.6,1427.3
/srv/shared_leopard_toad/2024/09.02.2024/3R/103MEDIA/DSCF0336.JPG,DSCF0336.JPG,3R/103MEDIA,0,Other_Amphibian,0.7119,395.4,775.6,526.0,922.9
/srv/shared_leopard_toad/2024/09.02.2024/3R/103MEDIA/DSCF0336.JPG,DSCF0336.JPG,3R/103MEDIA,2,Western_Leopard_Toad,0.2878,4546.3,1301.7,4606.7,1432.1
/srv/shared_leopard_toad/2024/09.02.2024/3R/103MEDIA/DSCF0461.JPG,DSCF0461.JPG,3R/103MEDIA,2,Western_Leopard_Toad,0.2603,4550.3,1298.1,4607.2,1435.7
/srv/shared_leopard_toad/2024/09.02.2024/3R/103MEDIA/DSCF0458.JPG,DSCF0458.JPG,3R/103MEDIA,2,Western_Leopard_Toad,0.4021,4546.6,1301.8,4606.4,1432.0
/srv/shared_leopard_toad/2024/09.02.2024/3R/103MEDIA/DSCF0458.JPG,DSCF0458.JPG,3R/103MEDIA,0,Other_Amphibian,0.2793,4546.6,1301.8,4606.4,1432.0
/srv/shared_leopard_toad/2024/09.02.2024/3R/103MEDIA/DSCF0344.JPG,DSCF0344.JPG,3R/103MEDIA,2,Western_Leopard_Toad,0.3752,4547.3,1300.6,4605.7,1435.7
/srv/shared_leopard_toad/2024/09.02.2024/3R/103MEDIA/DSCF0344.JPG,DSCF0344.JPG,3R/103MEDIA,0,Other_Amphibian,0.2039,4547.3,1300.6,4605.7,1435.7
/srv/shared_leopard_toad/2024/09.02.2024/3R/103MEDIA/DSCF0489.JPG,DSCF0489.JPG,3R/103MEDIA,2,Western_Leopard_Toad,0.5425,4546.8,1301.1,4606.2,1432.6
/srv/shared_leopard_toad/2024/09.02.2024/3R/103MEDIA/DSCF0489.JPG,DSCF0489.JPG,3R/103MEDIA,0,Other_Amphibian,0.2101,4546.8,1301.1,4606.2,1432.6
/srv/shared_leopard_toad/2024/09.02.2024/3R/103MEDIA/DSCF0553.JPG,DSCF0553.JPG,3R/103MEDIA,2,Western_Leopard_Toad,0.4619,4550.0,1295.8,4607.5,1427.8
/srv/shared_leopard_toad/2024/09.02.2024/3R/103MEDIA/DSCF0077.JPG,DSCF0077.JPG,3R/103MEDIA,2,Western_Leopard_Toad,0.3420,4548.0,1306.8,4605.0,1434.6
/srv/shared_leopard_toad/2024/09.02.2024/3R/103MEDIA/DSCF0350.JPG,DSCF0350.JPG,3R/103MEDIA,2,Western_Leopard_Toad,0.2556,4546.6,1298.7,4606.4,1427.5
/srv/shared_leopard_toad/2024/09.02.2024/3R/103MEDIA/DSCF0350.JPG,DSCF0350.JPG,3R/103MEDIA,0,Other_Amphibian,0.2255,394.7,776.5,526.7,925.8
/srv/shared_leopard_toad/2024/09.02.2024/3R/103MEDIA/DSCF0185.JPG,DSCF0185.JPG,3R/103MEDIA,0,Other_Amphibian,0.5034,3220.0,65.1,3318.5,147.4
/srv/shared_leopard_toad/2024/09.02.2024/3R/103MEDIA/DSCF0185.JPG,DSCF0185.JPG,3R/103MEDIA,2,Western_Leopard_Toad,0.2605,4547.7,1299.6,4605.3,1429.1
/srv/shared_leopard_toad/2024/09.02.2024/3R/103MEDIA/DSCF0539.JPG,DSCF0539.JPG,3R/103MEDIA,2,Western_Leopard_Toad,0.6309,4549.4,1299.3,4608.1,1431.9
/srv/shared_leopard_toad/2024/09.02.2024/3R/103MEDIA/DSCF0051.JPG,DSCF0051.JPG,3R/103MEDIA,2,Western_Leopard_Toad,0.4678,4549.9,1295.5,4607.6,1430.6
/srv/shared_leopard_toad/2024/09.02.2024/3R/103MEDIA/DSCF0051.JPG,DSCF0051.JPG,3R/103MEDIA,0,Other_Amphibian,0.2256,4549.9,1295.5,4607.6,1430.6
/srv/shared_leopard_toad/2024/09.02.2024/3R/103MEDIA/DSCF0286.JPG,DSCF0286.JPG,3R/103MEDIA,2,Western_Leopard_Toad,0.4021,4547.5,1304.3,4605.5,1429.5
/srv/shared_leopard_toad/2024/09.02.2024/3R/103MEDIA/DSCF0286.JPG,DSCF0286.JPG,3R/103MEDIA,0,Other_Amphibian,0.3137,390.3,771.2,524.9,923.5
/srv/shared_leopard_toad/2024/09.02.2024/3R/103MEDIA/DSCF0429.JPG,DSCF0429.JPG,3R/103MEDIA,0,Other_Amphibian,0.2054,396.0,777.1,520.9,927.7
/srv/shared_leopard_toad/2024/09.02.2024/3R/103MEDIA/DSCF0834.JPG,DSCF0834.JPG,3R/103MEDIA,2,Western_Leopard_Toad,0.3203,4548.0,1297.4,4605.0,1438.9
/srv/shared_leopard_toad/2024/09.02.2024/3R/103MEDIA/DSCF0792.JPG,DSCF0792.JPG,3R/103MEDIA,2,Western_Leopard_Toad,0.2661,4549.6,1298.9,4607.9,1437.4
/srv/shared_leopard_toad/2024/09.02.2024/3R/103MEDIA/DSCF0341.JPG,DSCF0341.JPG,3R/103MEDIA,2,Western_Leopard_Toad,0.3445,4542.7,1299.4,4605.8,1439.4
/srv/shared_leopard_toad/2024/09.02.2024/3R/103MEDIA/DSCF0304.JPG,DSCF0304.JPG,3R/103MEDIA,0,Other_Amphibian,0.5967,391.8,777.7,523.4,919.5
/srv/shared_leopard_toad/2024/09.02.2024/3R/103MEDIA/DSCF0304.JPG,DSCF0304.JPG,3R/103MEDIA,2,Western_Leopard_Toad,0.2551,4547.1,1296.8,4605.9,1434.4
/srv/shared_leopard_toad/2024/09.02.2024/3R/103MEDIA/DSCF0507.JPG,DSCF0507.JPG,3R/103MEDIA,2,Western_Leopard_Toad,0.3347,4550.2,1300.5,4607.3,1433.2
/srv/shared_leopard_toad/2024/09.02.2024/3R/103MEDIA/DSCF0592.JPG,DSCF0592.JPG,3R/103MEDIA,2,Western_Leopard_Toad,0.4592,4550.6,1299.8,4606.9,1431.5
/srv/shared_leopard_toad/2024/09.02.2024/3R/103MEDIA/DSCF0592.JPG,DSCF0592.JPG,3R/103MEDIA,1,Small_Mammal,0.2297,1003.4,1.0,1332.1,319.2
/srv/shared_leopard_toad/2024/09.02.2024/3R/103MEDIA/DSCF0592.JPG,DSCF0592.JPG,3R/103MEDIA,0,Other_Amphibian,0.2153,4550.6,1299.8,4606.9,1431.5
/srv/shared_leopard_toad/2024/09.02.2024/3R/103MEDIA/DSCF0574.JPG,DSCF0574.JPG,3R/103MEDIA,2,Western_Leopard_Toad,0.5776,4547.3,1299.2,4605.7,1434.6
/srv/shared_leopard_toad/2024/09.02.2024/3R/103MEDIA/DSCF0266.JPG,DSCF0266.JPG,3R/103MEDIA,2,Western_Leopard_Toad,0.3477,4544.0,1298.8,4604.5,1434.9
/srv/shared_leopard_toad/2024/09.02.2024/3R/103MEDIA/DSCF0207.JPG,DSCF0207.JPG,3R/103MEDIA,2,Western_Leopard_Toad,0.4321,4547.7,1305.5,4605.3,1430.7
/srv/shared_leopard_toad/2024/09.02.2024/3R/103MEDIA/DSCF0393.JPG,DSCF0393.JPG,3R/103MEDIA,2,Western_Leopard_Toad,0.4954,4549.7,1302.1,4607.8,1429.2
/srv/shared_leopard_toad/2024/09.02.2024/3R/103MEDIA/DSCF0780.JPG,DSCF0780.JPG,3R/103MEDIA,2,Western_Leopard_Toad,0.4854,3760.2,1693.1,3943.8,1929.1
/srv/shared_leopard_toad/2024/09.02.2024/3R/103MEDIA/DSCF0780.JPG,DSCF0780.JPG,3R/103MEDIA,2,Western_Leopard_Toad,0.3213,3760.5,1693.1,3943.5,1929.1
/srv/shared_leopard_toad/2024/09.02.2024/3R/103MEDIA/DSCF0986.JPG,DSCF0986.JPG,3R/103MEDIA,2,Western_Leopard_Toad,0.6704,3758.6,1689.1,3958.9,1948.3
/srv/shared_leopard_toad/2024/09.02.2024/3R/103MEDIA/DSCF0986.JPG,DSCF0986.JPG,3R/103MEDIA,2,Western_Leopard_Toad,0.2925,4547.7,1304.7,4605.3,1441.7
/srv/shared_leopard_toad/2024/09.02.2024/3R/103MEDIA/DSCF0981.JPG,DSCF0981.JPG,3R/103MEDIA,2,Western_Leopard_Toad,0.4626,4546.7,1299.8,4606.3,1436.4
/srv/shared_leopard_toad/2024/09.02.2024/3R/103MEDIA/DSCF0403.JPG,DSCF0403.JPG,3R/103MEDIA,2,Western_Leopard_Toad,0.4966,4547.3,1301.5,4605.7,1429.8
/srv/shared_leopard_toad/2024/09.02.2024/3R/103MEDIA/DSCF0369.JPG,DSCF0369.JPG,3R/103MEDIA,2,Western_Leopard_Toad,0.3906,4547.5,1305.8,4605.5,1433.0
/srv/shared_leopard_toad/2024/09.02.2024/3R/103MEDIA/DSCF0369.JPG,DSCF0369.JPG,3R/103MEDIA,0,Other_Amphibian,0.3179,400.7,779.4,525.7,917.8
/srv/shared_leopard_toad/2024/09.02.2024/3R/103MEDIA/DSCF0490.JPG,DSCF0490.JPG,3R/103MEDIA,2,Western_Leopard_Toad,0.5737,4548.4,1296.5,4609.1,1432.2
/srv/shared_leopard_toad/2024/09.02.2024/3R/103MEDIA/DSCF0490.JPG,DSCF0490.JPG,3R/103MEDIA,0,Other_Amphibian,0.2561,4548.4,1296.5,4609.1,1432.2
/srv/shared_leopard_toad/2024/09.02.2024/3R/103MEDIA/DSCF0422.JPG,DSCF0422.JPG,3R/103MEDIA,2,Western_Leopard_Toad,0.4102,4547.3,1299.1,4605.7,1429.6
/srv/shared_leopard_toad/2024/09.02.2024/3R/103MEDIA/DSCF0549.JPG,DSCF0549.JPG,3R/103MEDIA,2,Western_Leopard_Toad,0.5244,4550.8,1302.2,4606.7,1431.5
/srv/shared_leopard_toad/2024/09.02.2024/3R/103MEDIA/DSCF0549.JPG,DSCF0549.JPG,3R/103MEDIA,1,Small_Mammal,0.4922,1006.3,0.9,1333.7,328.1
/srv/shared_leopard_toad/2024/09.02.2024/3R/103MEDIA/DSCF0649.JPG,DSCF0649.JPG,3R/103MEDIA,2,Western_Leopard_Toad,0.3630,4548.9,1300.1,4608.6,1438.7
/srv/shared_leopard_toad/2024/09.02.2024/3R/103MEDIA/DSCF0912.JPG,DSCF0912.JPG,3R/103MEDIA,2,Western_Leopard_Toad,0.2744,4549.6,1297.7,4607.9,1433.6
/srv/shared_leopard_toad/2024/09.02.2024/3R/103MEDIA/DSCF0353.JPG,DSCF0353.JPG,3R/103MEDIA,2,Western_Leopard_Toad,0.2881,4547.0,1301.9,4606.0,1431.9
/srv/shared_leopard_toad/2024/09.02.2024/3R/103MEDIA/DSCF0394.JPG,DSCF0394.JPG,3R/103MEDIA,2,Western_Leopard_Toad,0.3606,4546.6,1306.7,4606.4,1432.1
/srv/shared_leopard_toad/2024/09.02.2024/3R/103MEDIA/DSCF0476.JPG,DSCF0476.JPG,3R/103MEDIA,2,Western_Leopard_Toad,0.4099,4546.7,1301.5,4606.3,1429.8
/srv/shared_leopard_toad/2024/09.02.2024/3R/103MEDIA/DSCF0699.JPG,DSCF0699.JPG,3R/103MEDIA,2,Western_Leopard_Toad,0.2737,4545.9,1302.8,4607.1,1433.5
/srv/shared_leopard_toad/2024/09.02.2024/3R/103MEDIA/DSCF0146.JPG,DSCF0146.JPG,3R/103MEDIA,2,Western_Leopard_Toad,0.4043,4547.1,1299.4,4605.9,1429.3
/srv/shared_leopard_toad/2024/09.02.2024/3R/103MEDIA/DSCF0146.JPG,DSCF0146.JPG,3R/103MEDIA,0,Other_Amphibian,0.3059,4547.1,1299.4,4605.9,1429.3
/srv/shared_leopard_toad/2024/09.02.2024/3R/103MEDIA/DSCF0566.JPG,DSCF0566.JPG,3R/103MEDIA,2,Western_Leopard_Toad,0.4910,4548.2,1300.3,4609.3,1430.9
/srv/shared_leopard_toad/2024/09.02.2024/3R/103MEDIA/DSCF0566.JPG,DSCF0566.JPG,3R/103MEDIA,1,Small_Mammal,0.4224,1009.1,1.0,1330.9,323.3
/srv/shared_leopard_toad/2024/09.02.2024/3R/103MEDIA/DSCF0566.JPG,DSCF0566.JPG,3R/103MEDIA,0,Other_Amphibian,0.2430,4548.2,1300.3,4609.3,1430.9
/srv/shared_leopard_toad/2024/09.02.2024/3R/103MEDIA/DSCF0559.JPG,DSCF0559.JPG,3R/103MEDIA,1,Small_Mammal,0.2600,1012.6,2.3,1329.6,326.1
/srv/shared_leopard_toad/2024/09.02.2024/3R/103MEDIA/DSCF0445.JPG,DSCF0445.JPG,3R/103MEDIA,2,Western_Leopard_Toad,0.3318,4549.9,1303.3,4607.6,1433.0
/srv/shared_leopard_toad/2024/09.02.2024/3R/103MEDIA/DSCF0368.JPG,DSCF0368.JPG,3R/103MEDIA,2,Western_Leopard_Toad,0.5024,4547.5,1303.9,4605.5,1429.8
/srv/shared_leopard_toad/2024/09.02.2024/3R/103MEDIA/DSCF0994.JPG,DSCF0994.JPG,3R/103MEDIA,2,Western_Leopard_Toad,0.2561,4546.7,1298.1,4606.3,1435.7
/srv/shared_leopard_toad/2024/09.02.2024/3R/103MEDIA/DSCF0366.JPG,DSCF0366.JPG,3R/103MEDIA,2,Western_Leopard_Toad,0.4048,4543.5,1301.3,4605.0,1429.9
/srv/shared_leopard_toad/2024/09.02.2024/3R/103MEDIA/DSCF0439.JPG,DSCF0439.JPG,3R/103MEDIA,2,Western_Leopard_Toad,0.3672,4546.0,1298.8,4607.0,1429.9
/srv/shared_leopard_toad/2024/09.02.2024/3R/103MEDIA/DSCF0067.JPG,DSCF0067.JPG,3R/103MEDIA,2,Western_Leopard_Toad,0.3289,4547.9,1308.3,4605.1,1435.6
/srv/shared_leopard_toad/2024/09.02.2024/3R/103MEDIA/DSCF0251.JPG,DSCF0251.JPG,3R/103MEDIA,2,Western_Leopard_Toad,0.5493,4547.0,1302.3,4606.0,1428.9
/srv/shared_leopard_toad/2024/09.02.2024/3R/103MEDIA/DSCF0251.JPG,DSCF0251.JPG,3R/103MEDIA,0,Other_Amphibian,0.3579,4547.0,1302.3,4606.0,1428.9
/srv/shared_leopard_toad/2024/09.02.2024/3R/103MEDIA/DSCF0250.JPG,DSCF0250.JPG,3R/103MEDIA,2,Western_Leopard_Toad,0.2507,4547.3,1301.1,4605.7,1430.1
/srv/shared_leopard_toad/2024/09.02.2024/3R/103MEDIA/DSCF0250.JPG,DSCF0250.JPG,3R/103MEDIA,0,Other_Amphibian,0.2094,395.5,774.4,525.8,924.0
/srv/shared_leopard_toad/2024/09.02.2024/3R/103MEDIA/DSCF0305.JPG,DSCF0305.JPG,3R/103MEDIA,2,Western_Leopard_Toad,0.5933,4546.8,1301.0,4606.2,1430.2
/srv/shared_leopard_toad/2024/09.02.2024/3R/103MEDIA/DSCF0305.JPG,DSCF0305.JPG,3R/103MEDIA,0,Other_Amphibian,0.3777,392.2,777.6,524.7,918.3
/srv/shared_leopard_toad/2024/09.02.2024/3R/103MEDIA/DSCF0938.JPG,DSCF0938.JPG,3R/103MEDIA,2,Western_Leopard_Toad,0.4141,4550.7,1301.0,4606.8,1432.7
/srv/shared_leopard_toad/2024/09.02.2024/3R/103MEDIA/DSCF0033.JPG,DSCF0033.JPG,3R/103MEDIA,2,Western_Leopard_Toad,0.4553,4547.7,1296.1,4605.3,1437.6
/srv/shared_leopard_toad/2024/09.02.2024/3R/103MEDIA/DSCF0487.JPG,DSCF0487.JPG,3R/103MEDIA,2,Western_Leopard_Toad,0.4546,4547.2,1300.5,4605.8,1430.7
/srv/shared_leopard_toad/2024/09.02.2024/3R/103MEDIA/DSCF0168.JPG,DSCF0168.JPG,3R/103MEDIA,2,Western_Leopard_Toad,0.3164,4547.7,1299.2,4605.3,1432.1
/srv/shared_leopard_toad/2024/09.02.2024/3R/103MEDIA/DSCF0870.JPG,DSCF0870.JPG,3R/103MEDIA,0,Other_Amphibian,0.2520,1394.1,2058.8,1476.9,2176.0
/srv/shared_leopard_toad/2024/09.02.2024/3R/103MEDIA/DSCF0676.JPG,DSCF0676.JPG,3R/103MEDIA,2,Western_Leopard_Toad,0.3098,4546.3,1303.8,4606.7,1432.5
/srv/shared_leopard_toad/2024/09.02.2024/3R/103MEDIA/DSCF0531.JPG,DSCF0531.JPG,3R/103MEDIA,2,Western_Leopard_Toad,0.6724,4548.9,1300.6,4608.6,1430.6
/srv/shared_leopard_toad/2024/09.02.2024/3R/103MEDIA/DSCF0411.JPG,DSCF0411.JPG,3R/103MEDIA,2,Western_Leopard_Toad,0.2910,4549.8,1299.4,4607.7,1429.3
/srv/shared_leopard_toad/2024/09.02.2024/3R/103MEDIA/DSCF0230.JPG,DSCF0230.JPG,3R/103MEDIA,2,Western_Leopard_Toad,0.4097,4546.6,1299.8,4606.4,1431.5
/srv/shared_leopard_toad/2024/09.02.2024/3R/103MEDIA/DSCF0230.JPG,DSCF0230.JPG,3R/103MEDIA,0,Other_Amphibian,0.3130,390.1,775.0,523.4,924.8
/srv/shared_leopard_toad/2024/09.02.2024/3R/103MEDIA/DSCF0007.JPG,DSCF0007.JPG,3R/103MEDIA,2,Western_Leopard_Toad,0.5186,4547.1,1296.0,4605.9,1430.2
/srv/shared_leopard_toad/2024/09.02.2024/3R/103MEDIA/DSCF0007.JPG,DSCF0007.JPG,3R/103MEDIA,0,Other_Amphibian,0.2678,4547.1,1296.0,4605.9,1430.2
/srv/shared_leopard_toad/2024/09.02.2024/3R/103MEDIA/DSCF0139.JPG,DSCF0139.JPG,3R/103MEDIA,2,Western_Leopard_Toad,0.2744,4549.3,1303.3,4603.7,1433.0
/srv/shared_leopard_toad/2024/09.02.2024/3R/103MEDIA/DSCF0324.JPG,DSCF0324.JPG,3R/103MEDIA,2,Western_Leopard_Toad,0.2937,4550.9,1301.4,4606.6,1432.3
/srv/shared_leopard_toad/2024/09.02.2024/3R/103MEDIA/DSCF0524.JPG,DSCF0524.JPG,3R/103MEDIA,2,Western_Leopard_Toad,0.3601,4550.6,1301.9,4606.9,1429.3
/srv/shared_leopard_toad/2024/09.02.2024/3R/103MEDIA/DSCF0524.JPG,DSCF0524.JPG,3R/103MEDIA,1,Small_Mammal,0.3081,1013.3,0.9,1340.2,320.4
/srv/shared_leopard_toad/2024/09.02.2024/3R/103MEDIA/DSCF0524.JPG,DSCF0524.JPG,3R/103MEDIA,0,Other_Amphibian,0.2048,4550.6,1301.9,4606.9,1429.3
/srv/shared_leopard_toad/2024/09.02.2024/3R/103MEDIA/DSCF0866.JPG,DSCF0866.JPG,3R/103MEDIA,0,Other_Amphibian,0.4141,1390.5,2059.4,1473.7,2180.5
/srv/shared_leopard_toad/2024/09.02.2024/3R/103MEDIA/DSCF0044.JPG,DSCF0044.JPG,3R/103MEDIA,2,Western_Leopard_Toad,0.2712,4548.7,1298.8,4604.3,1432.4
/srv/shared_leopard_toad/2024/09.02.2024/3R/103MEDIA/DSCF0044.JPG,DSCF0044.JPG,3R/103MEDIA,0,Other_Amphibian,0.2285,396.5,781.5,523.2,920.7
/srv/shared_leopard_toad/2024/09.02.2024/3R/103MEDIA/DSCF0730.JPG,DSCF0730.JPG,3R/103MEDIA,0,Other_Amphibian,0.3308,1405.0,1254.5,1502.0,1385.6
/srv/shared_leopard_toad/2024/09.02.2024/3R/103MEDIA/DSCF0730.JPG,DSCF0730.JPG,3R/103MEDIA,2,Western_Leopard_Toad,0.2903,1405.0,1254.5,1502.0,1385.6
/srv/shared_leopard_toad/2024/09.02.2024/3R/103MEDIA/DSCF0581.JPG,DSCF0581.JPG,3R/103MEDIA,2,Western_Leopard_Toad,0.5400,4546.5,1301.2,4606.5,1430.0
/srv/shared_leopard_toad/2024/09.02.2024/3R/103MEDIA/DSCF0581.JPG,DSCF0581.JPG,3R/103MEDIA,0,Other_Amphibian,0.2759,4546.5,1301.2,4606.5,1430.0
/srv/shared_leopard_toad/2024/09.02.2024/3R/103MEDIA/DSCF0581.JPG,DSCF0581.JPG,3R/103MEDIA,1,Small_Mammal,0.2327,1005.9,1.2,1334.1,320.1
/srv/shared_leopard_toad/2024/09.02.2024/3R/103MEDIA/DSCF0486.JPG,DSCF0486.JPG,3R/103MEDIA,2,Western_Leopard_Toad,0.4109,4545.7,1300.1,4607.3,1433.7
/srv/shared_leopard_toad/2024/09.02.2024/3R/103MEDIA/DSCF0026.JPG,DSCF0026.JPG,3R/103MEDIA,2,Western_Leopard_Toad,0.3484,4550.2,1291.1,4607.3,1435.0
/srv/shared_leopard_toad/2024/09.02.2024/3R/103MEDIA/DSCF0526.JPG,DSCF0526.JPG,3R/103MEDIA,2,Western_Leopard_Toad,0.4658,4548.9,1300.0,4608.6,1431.2
/srv/shared_leopard_toad/2024/09.02.2024/3R/103MEDIA/DSCF0526.JPG,DSCF0526.JPG,3R/103MEDIA,1,Small_Mammal,0.2856,1012.6,1.3,1343.1,321.7
/srv/shared_leopard_toad/2024/09.02.2024/3R/103MEDIA/DSCF0526.JPG,DSCF0526.JPG,3R/103MEDIA,0,Other_Amphibian,0.2006,4548.9,1300.0,4608.6,1431.2
/srv/shared_leopard_toad/2024/09.02.2024/3R/103MEDIA/DSCF0380.JPG,DSCF0380.JPG,3R/103MEDIA,2,Western_Leopard_Toad,0.3196,4540.9,1299.6,4603.1,1429.1
/srv/shared_leopard_toad/2024/09.02.2024/3R/103MEDIA/DSCF0568.JPG,DSCF0568.JPG,3R/103MEDIA,1,Small_Mammal,0.6250,1010.2,1.3,1334.2,323.0
/srv/shared_leopard_toad/2024/09.02.2024/3R/103MEDIA/DSCF0568.JPG,DSCF0568.JPG,3R/103MEDIA,2,Western_Leopard_Toad,0.3528,4545.8,1291.1,4607.2,1430.0
/srv/shared_leopard_toad/2024/09.02.2024/3R/103MEDIA/DSCF0402.JPG,DSCF0402.JPG,3R/103MEDIA,2,Western_Leopard_Toad,0.2644,4541.3,1299.2,4602.7,1429.4
/srv/shared_leopard_toad/2024/09.02.2024/3R/103MEDIA/DSCF0572.JPG,DSCF0572.JPG,3R/103MEDIA,2,Western_Leopard_Toad,0.3931,4547.0,1297.3,4606.0,1428.8
/srv/shared_leopard_toad/2024/09.02.2024/3R/103MEDIA/DSCF0301.JPG,DSCF0301.JPG,3R/103MEDIA,0,Other_Amphibian,0.2507,396.8,776.0,527.9,923.7
/srv/shared_leopard_toad/2024/09.02.2024/3R/103MEDIA/DSCF0544.JPG,DSCF0544.JPG,3R/103MEDIA,2,Western_Leopard_Toad,0.5581,4549.6,1296.4,4607.9,1429.8
/srv/shared_leopard_toad/2024/09.02.2024/3R/103MEDIA/DSCF0596.JPG,DSCF0596.JPG,3R/103MEDIA,2,Western_Leopard_Toad,0.5703,4549.6,1297.3,4607.9,1439.0
/srv/shared_leopard_toad/2024/09.02.2024/3R/103MEDIA/DSCF0184.JPG,DSCF0184.JPG,3R/103MEDIA,2,Western_Leopard_Toad,0.2654,4547.3,1306.3,4605.7,1430.0
/srv/shared_leopard_toad/2024/09.02.2024/3R/103MEDIA/DSCF0184.JPG,DSCF0184.JPG,3R/103MEDIA,0,Other_Amphibian,0.2124,4547.3,1306.3,4605.7,1430.0
/srv/shared_leopard_toad/2024/09.02.2024/3R/103MEDIA/DSCF0373.JPG,DSCF0373.JPG,3R/103MEDIA,2,Western_Leopard_Toad,0.3538,4546.2,1301.8,4606.8,1429.4
/srv/shared_leopard_toad/2024/09.02.2024/3R/103MEDIA/DSCF0373.JPG,DSCF0373.JPG,3R/103MEDIA,0,Other_Amphibian,0.3005,4546.2,1301.8,4606.8,1429.4
/srv/shared_leopard_toad/2024/09.02.2024/3R/103MEDIA/DSCF0118.JPG,DSCF0118.JPG,3R/103MEDIA,2,Western_Leopard_Toad,0.3489,4550.2,1303.0,4607.3,1428.2
/srv/shared_leopard_toad/2024/09.02.2024/3R/103MEDIA/DSCF0944.JPG,DSCF0944.JPG,3R/103MEDIA,2,Western_Leopard_Toad,0.2732,4550.1,1299.4,4607.4,1431.8
/srv/shared_leopard_toad/2024/09.02.2024/3R/103MEDIA/DSCF0580.JPG,DSCF0580.JPG,3R/103MEDIA,2,Western_Leopard_Toad,0.5303,4549.0,1297.1,4608.5,1429.0
/srv/shared_leopard_toad/2024/09.02.2024/3R/103MEDIA/DSCF0580.JPG,DSCF0580.JPG,3R/103MEDIA,1,Small_Mammal,0.3931,1008.8,1.2,1331.2,320.1
/srv/shared_leopard_toad/2024/09.02.2024/3R/103MEDIA/DSCF0580.JPG,DSCF0580.JPG,3R/103MEDIA,0,Other_Amphibian,0.2278,4549.0,1297.1,4608.5,1429.0
/srv/shared_leopard_toad/2024/09.02.2024/3R/103MEDIA/DSCF0060.JPG,DSCF0060.JPG,3R/103MEDIA,2,Western_Leopard_Toad,0.2620,4546.4,1300.7,4606.6,1428.0
/srv/shared_leopard_toad/2024/09.02.2024/3R/103MEDIA/DSCF0873.JPG,DSCF0873.JPG,3R/103MEDIA,2,Western_Leopard_Toad,0.4670,4549.6,1300.3,4607.9,1436.0
/srv/shared_leopard_toad/2024/09.02.2024/3R/103MEDIA/DSCF0505.JPG,DSCF0505.JPG,3R/103MEDIA,2,Western_Leopard_Toad,0.6074,4546.6,1298.6,4606.4,1432.6
/srv/shared_leopard_toad/2024/09.02.2024/3R/103MEDIA/DSCF0505.JPG,DSCF0505.JPG,3R/103MEDIA,0,Other_Amphibian,0.2471,4546.6,1298.6,4606.4,1432.6
/srv/shared_leopard_toad/2024/09.02.2024/3R/103MEDIA/DSCF0672.JPG,DSCF0672.JPG,3R/103MEDIA,0,Other_Amphibian,0.5342,1868.6,1284.8,1949.6,1385.7
/srv/shared_leopard_toad/2024/09.02.2024/3R/103MEDIA/DSCF0662.JPG,DSCF0662.JPG,3R/103MEDIA,2,Western_Leopard_Toad,0.3193,4549.6,1300.6,4607.9,1430.6
/srv/shared_leopard_toad/2024/09.02.2024/3R/103MEDIA/DSCF0143.JPG,DSCF0143.JPG,3R/103MEDIA,2,Western_Leopard_Toad,0.2610,4548.2,1300.9,4604.8,1432.8
/srv/shared_leopard_toad/2024/09.02.2024/3R/103MEDIA/DSCF0998.JPG,DSCF0998.JPG,3R/103MEDIA,2,Western_Leopard_Toad,0.4504,4545.4,1297.1,4607.6,1439.2
/srv/shared_leopard_toad/2024/09.02.2024/3R/103MEDIA/DSCF0308.JPG,DSCF0308.JPG,3R/103MEDIA,2,Western_Leopard_Toad,0.3850,4550.4,1303.1,4607.1,1428.1
/srv/shared_leopard_toad/2024/09.02.2024/3R/103MEDIA/DSCF0433.JPG,DSCF0433.JPG,3R/103MEDIA,2,Western_Leopard_Toad,0.2573,4548.0,1298.2,4605.0,1435.6
/srv/shared_leopard_toad/2024/09.02.2024/3R/103MEDIA/DSCF0312.JPG,DSCF0312.JPG,3R/103MEDIA,0,Other_Amphibian,0.7339,398.0,776.8,525.1,919.1
/srv/shared_leopard_toad/2024/09.02.2024/3R/103MEDIA/DSCF0312.JPG,DSCF0312.JPG,3R/103MEDIA,2,Western_Leopard_Toad,0.2747,4548.1,1304.0,4604.9,1429.7
/srv/shared_leopard_toad/2024/09.02.2024/3R/103MEDIA/DSCF0385.JPG,DSCF0385.JPG,3R/103MEDIA,2,Western_Leopard_Toad,0.3879,2709.4,327.8,2821.1,441.1
/srv/shared_leopard_toad/2024/09.02.2024/3R/103MEDIA/DSCF0385.JPG,DSCF0385.JPG,3R/103MEDIA,0,Other_Amphibian,0.3621,2709.4,327.8,2821.1,441.1
/srv/shared_leopard_toad/2024/09.02.2024/3R/103MEDIA/DSCF0385.JPG,DSCF0385.JPG,3R/103MEDIA,2,Western_Leopard_Toad,0.3372,4547.0,1304.3,4606.0,1429.5
/srv/shared_leopard_toad/2024/09.02.2024/3R/103MEDIA/DSCF0385.JPG,DSCF0385.JPG,3R/103MEDIA,2,Western_Leopard_Toad,0.3357,2708.5,328.2,2822.0,440.6
/srv/shared_leopard_toad/2024/09.02.2024/3R/103MEDIA/DSCF0385.JPG,DSCF0385.JPG,3R/103MEDIA,0,Other_Amphibian,0.3054,2708.5,328.2,2822.0,440.6
/srv/shared_leopard_toad/2024/09.02.2024/3R/103MEDIA/DSCF0385.JPG,DSCF0385.JPG,3R/103MEDIA,0,Other_Amphibian,0.2566,398.3,777.5,524.7,922.2
/srv/shared_leopard_toad/2024/09.02.2024/3R/103MEDIA/DSCF0151.JPG,DSCF0151.JPG,3R/103MEDIA,2,Western_Leopard_Toad,0.3494,4543.4,1303.5,4605.1,1427.7
/srv/shared_leopard_toad/2024/09.02.2024/3R/103MEDIA/DSCF0534.JPG,DSCF0534.JPG,3R/103MEDIA,1,Small_Mammal,0.3489,1008.8,0.3,1333.4,328.1
/srv/shared_leopard_toad/2024/09.02.2024/3R/103MEDIA/DSCF0041.JPG,DSCF0041.JPG,3R/103MEDIA,2,Western_Leopard_Toad,0.4749,4550.4,1298.2,4607.1,1427.9
/srv/shared_leopard_toad/2024/09.02.2024/3R/103MEDIA/DSCF0254.JPG,DSCF0254.JPG,3R/103MEDIA,2,Western_Leopard_Toad,0.4260,4546.7,1298.9,4606.3,1427.2
/srv/shared_leopard_toad/2024/09.02.2024/3R/103MEDIA/DSCF0970.JPG,DSCF0970.JPG,3R/103MEDIA,2,Western_Leopard_Toad,0.4087,4544.4,1301.8,4604.1,1432.0
/srv/shared_leopard_toad/2024/09.02.2024/3R/103MEDIA/DSCF0509.JPG,DSCF0509.JPG,3R/103MEDIA,2,Western_Leopard_Toad,0.3425,4547.3,1298.9,4605.7,1429.8
/srv/shared_leopard_toad/2024/09.02.2024/3R/103MEDIA/DSCF0157.JPG,DSCF0157.JPG,3R/103MEDIA,2,Western_Leopard_Toad,0.3198,4545.3,1302.8,4603.2,1430.9
/srv/shared_leopard_toad/2024/09.02.2024/3R/103MEDIA/DSCF0732.JPG,DSCF0732.JPG,3R/103MEDIA,2,Western_Leopard_Toad,0.3647,4547.2,1301.0,4605.8,1430.2
/srv/shared_leopard_toad/2024/09.02.2024/3R/103MEDIA/DSCF0634.JPG,DSCF0634.JPG,3R/103MEDIA,1,Small_Mammal,0.5996,1010.8,0.9,1333.7,332.9
/srv/shared_leopard_toad/2024/09.02.2024/3R/103MEDIA/DSCF0634.JPG,DSCF0634.JPG,3R/103MEDIA,2,Western_Leopard_Toad,0.2937,4550.7,1306.0,4606.8,1448.0
/srv/shared_leopard_toad/2024/09.02.2024/3R/103MEDIA/DSCF0896.JPG,DSCF0896.JPG,3R/103MEDIA,2,Western_Leopard_Toad,0.2629,4543.2,1303.1,4600.8,1435.7
/srv/shared_leopard_toad/2024/09.02.2024/3R/103MEDIA/DSCF0419.JPG,DSCF0419.JPG,3R/103MEDIA,2,Western_Leopard_Toad,0.2629,4546.4,1300.3,4606.6,1430.9
/srv/shared_leopard_toad/2024/09.02.2024/3R/103MEDIA/DSCF0528.JPG,DSCF0528.JPG,3R/103MEDIA,2,Western_Leopard_Toad,0.3931,4547.5,1299.8,4605.5,1431.5
/srv/shared_leopard_toad/2024/09.02.2024/3R/103MEDIA/DSCF0564.JPG,DSCF0564.JPG,3R/103MEDIA,2,Western_Leopard_Toad,0.4434,4545.3,1299.3,4607.7,1431.9
/srv/shared_leopard_toad/2024/09.02.2024/3R/103MEDIA/DSCF0564.JPG,DSCF0564.JPG,3R/103MEDIA,1,Small_Mammal,0.4426,1012.5,1.1,1336.5,323.8
/srv/shared_leopard_toad/2024/09.02.2024/3R/103MEDIA/DSCF0564.JPG,DSCF0564.JPG,3R/103MEDIA,0,Other_Amphibian,0.2350,4545.3,1299.3,4607.7,1431.9
/srv/shared_leopard_toad/2024/09.02.2024/3R/103MEDIA/DSCF0303.JPG,DSCF0303.JPG,3R/103MEDIA,2,Western_Leopard_Toad,0.3857,4547.5,1302.8,4605.5,1433.5
/srv/shared_leopard_toad/2024/09.02.2024/3R/103MEDIA/DSCF0155.JPG,DSCF0155.JPG,3R/103MEDIA,2,Western_Leopard_Toad,0.4661,4544.2,1302.2,4604.3,1431.5
/srv/shared_leopard_toad/2024/09.02.2024/3R/103MEDIA/DSCF0644.JPG,DSCF0644.JPG,3R/103MEDIA,1,Small_Mammal,0.3503,1011.9,0.6,1337.1,337.6
/srv/shared_leopard_toad/2024/09.02.2024/3R/103MEDIA/DSCF0644.JPG,DSCF0644.JPG,3R/103MEDIA,2,Western_Leopard_Toad,0.3267,4546.3,1292.1,4606.7,1431.5
/srv/shared_leopard_toad/2024/09.02.2024/3R/103MEDIA/DSCF0220.JPG,DSCF0220.JPG,3R/103MEDIA,0,Other_Amphibian,0.4438,399.2,778.0,525.6,929.3
/srv/shared_leopard_toad/2024/09.02.2024/3R/103MEDIA/DSCF0220.JPG,DSCF0220.JPG,3R/103MEDIA,2,Western_Leopard_Toad,0.3030,4548.5,1301.3,4604.5,1429.9
/srv/shared_leopard_toad/2024/09.02.2024/3R/103MEDIA/DSCF0515.JPG,DSCF0515.JPG,3R/103MEDIA,2,Western_Leopard_Toad,0.5200,4549.0,1301.1,4608.5,1432.6
/srv/shared_leopard_toad/2024/09.02.2024/3R/103MEDIA/DSCF0125.JPG,DSCF0125.JPG,3R/103MEDIA,2,Western_Leopard_Toad,0.3887,4544.6,1304.1,4603.9,1429.6
/srv/shared_leopard_toad/2024/09.02.2024/3R/103MEDIA/DSCF0125.JPG,DSCF0125.JPG,3R/103MEDIA,0,Other_Amphibian,0.2744,4544.6,1304.1,4603.9,1429.6
/srv/shared_leopard_toad/2024/09.02.2024/3R/103MEDIA/DSCF0853.JPG,DSCF0853.JPG,3R/103MEDIA,2,Western_Leopard_Toad,0.2678,4547.3,1292.0,4605.7,1434.1
/srv/shared_leopard_toad/2024/09.02.2024/3R/103MEDIA/DSCF0988.JPG,DSCF0988.JPG,3R/103MEDIA,2,Western_Leopard_Toad,0.4553,4544.4,1301.6,4604.1,1437.2
/srv/shared_leopard_toad/2024/09.02.2024/3R/103MEDIA/DSCF0532.JPG,DSCF0532.JPG,3R/103MEDIA,2,Western_Leopard_Toad,0.5269,4548.2,1290.8,4609.3,1432.8
/srv/shared_leopard_toad/2024/09.02.2024/3R/103MEDIA/DSCF0532.JPG,DSCF0532.JPG,3R/103MEDIA,1,Small_Mammal,0.2413,1002.0,1.5,1333.5,321.5
/srv/shared_leopard_toad/2024/09.02.2024/3R/103MEDIA/DSCF0532.JPG,DSCF0532.JPG,3R/103MEDIA,0,Other_Amphibian,0.2006,4548.2,1290.8,4609.3,1432.8
/srv/shared_leopard_toad/2024/09.02.2024/3R/103MEDIA/DSCF0290.JPG,DSCF0290.JPG,3R/103MEDIA,2,Western_Leopard_Toad,0.4114,4547.0,1304.5,4606.0,1431.8
/srv/shared_leopard_toad/2024/09.02.2024/3R/103MEDIA/DSCF0556.JPG,DSCF0556.JPG,3R/103MEDIA,2,Western_Leopard_Toad,0.5205,4546.6,1303.0,4606.4,1435.9
/srv/shared_leopard_toad/2024/09.02.2024/3R/103MEDIA/DSCF0556.JPG,DSCF0556.JPG,3R/103MEDIA,1,Small_Mammal,0.4111,1008.1,3.3,1325.1,331.1
/srv/shared_leopard_toad/2024/09.02.2024/3R/103MEDIA/DSCF0057.JPG,DSCF0057.JPG,3R/103MEDIA,2,Western_Leopard_Toad,0.4126,4547.7,1304.3,4605.3,1434.5
/srv/shared_leopard_toad/2024/09.02.2024/3R/103MEDIA/DSCF0165.JPG,DSCF0165.JPG,3R/103MEDIA,2,Western_Leopard_Toad,0.3752,4547.6,1301.9,4605.4,1429.3
/srv/shared_leopard_toad/2024/09.02.2024/3R/103MEDIA/DSCF0615.JPG,DSCF0615.JPG,3R/103MEDIA,2,Western_Leopard_Toad,0.6284,4548.4,1296.6,4609.1,1439.7
/srv/shared_leopard_toad/2024/09.02.2024/3R/103MEDIA/DSCF0615.JPG,DSCF0615.JPG,3R/103MEDIA,1,Small_Mammal,0.2878,1007.0,1.1,1335.2,331.1
/srv/shared_leopard_toad/2024/09.02.2024/3R/103MEDIA/DSCF0615.JPG,DSCF0615.JPG,3R/103MEDIA,0,Other_Amphibian,0.2583,4548.4,1296.6,4609.1,1439.7
/srv/shared_leopard_toad/2024/09.02.2024/3R/103MEDIA/DSCF0346.JPG,DSCF0346.JPG,3R/103MEDIA,2,Western_Leopard_Toad,0.4426,4546.8,1303.3,4606.2,1430.4
/srv/shared_leopard_toad/2024/09.02.2024/3R/103MEDIA/DSCF0346.JPG,DSCF0346.JPG,3R/103MEDIA,0,Other_Amphibian,0.2037,4546.8,1303.3,4606.2,1430.4
/srv/shared_leopard_toad/2024/09.02.2024/3R/103MEDIA/DSCF0432.JPG,DSCF0432.JPG,3R/103MEDIA,2,Western_Leopard_Toad,0.2949,4547.0,1301.8,4606.0,1429.4
/srv/shared_leopard_toad/2024/09.02.2024/3R/103MEDIA/DSCF0174.JPG,DSCF0174.JPG,3R/103MEDIA,2,Western_Leopard_Toad,0.4790,4547.7,1302.1,4605.3,1434.2
/srv/shared_leopard_toad/2024/09.02.2024/3R/103MEDIA/DSCF0174.JPG,DSCF0174.JPG,3R/103MEDIA,0,Other_Amphibian,0.2463,4547.7,1302.1,4605.3,1434.2
/srv/shared_leopard_toad/2024/09.02.2024/3R/103MEDIA/DSCF0864.JPG,DSCF0864.JPG,3R/103MEDIA,0,Other_Amphibian,0.4570,1389.2,2059.9,1466.0,2174.9
/srv/shared_leopard_toad/2024/09.02.2024/3R/103MEDIA/DSCF0697.JPG,DSCF0697.JPG,3R/103MEDIA,2,Western_Leopard_Toad,0.2900,4546.4,1302.7,4606.6,1436.1
/srv/shared_leopard_toad/2024/09.02.2024/3R/103MEDIA/DSCF0117.JPG,DSCF0117.JPG,3R/103MEDIA,2,Western_Leopard_Toad,0.3984,4547.7,1303.2,4605.3,1433.1
/srv/shared_leopard_toad/2024/09.02.2024/3R/103MEDIA/DSCF0945.JPG,DSCF0945.JPG,3R/103MEDIA,2,Western_Leopard_Toad,0.3354,4552.1,1296.0,4609.9,1432.6
/srv/shared_leopard_toad/2024/09.02.2024/3R/103MEDIA/DSCF0063.JPG,DSCF0063.JPG,3R/103MEDIA,2,Western_Leopard_Toad,0.3169,4548.3,1299.8,4604.7,1428.9
/srv/shared_leopard_toad/2024/09.02.2024/3R/103MEDIA/DSCF0063.JPG,DSCF0063.JPG,3R/103MEDIA,0,Other_Amphibian,0.2820,2496.9,1775.5,2673.6,1907.5
/srv/shared_leopard_toad/2024/09.02.2024/3R/103MEDIA/DSCF0412.JPG,DSCF0412.JPG,3R/103MEDIA,2,Western_Leopard_Toad,0.4810,4549.3,1300.7,4608.2,1428.0
/srv/shared_leopard_toad/2024/09.02.2024/3R/103MEDIA/DSCF0152.JPG,DSCF0152.JPG,3R/103MEDIA,2,Western_Leopard_Toad,0.3452,4547.1,1301.4,4605.9,1432.3
/srv/shared_leopard_toad/2024/09.02.2024/3R/103MEDIA/DSCF0405.JPG,DSCF0405.JPG,3R/103MEDIA,2,Western_Leopard_Toad,0.2627,4550.2,1303.0,4607.3,1430.8
/srv/shared_leopard_toad/2024/09.02.2024/3R/103MEDIA/DSCF0989.JPG,DSCF0989.JPG,3R/103MEDIA,2,Western_Leopard_Toad,0.4714,4551.1,1297.7,4606.4,1431.0
/srv/shared_leopard_toad/2024/09.02.2024/3R/103MEDIA/DSCF0036.JPG,DSCF0036.JPG,3R/103MEDIA,2,Western_Leopard_Toad,0.3828,4549.8,1290.2,4607.7,1436.0
/srv/shared_leopard_toad/2024/09.02.2024/3R/103MEDIA/DSCF0052.JPG,DSCF0052.JPG,3R/103MEDIA,2,Western_Leopard_Toad,0.3943,4548.2,1298.6,4604.8,1430.1
/srv/shared_leopard_toad/2024/09.02.2024/3R/103MEDIA/DSCF0653.JPG,DSCF0653.JPG,3R/103MEDIA,2,Western_Leopard_Toad,0.2517,4549.2,1301.9,4608.3,1434.3
/srv/shared_leopard_toad/2024/09.02.2024/3R/103MEDIA/DSCF0189.JPG,DSCF0189.JPG,3R/103MEDIA,2,Western_Leopard_Toad,0.3926,4549.3,1304.9,4603.7,1436.4
/srv/shared_leopard_toad/2024/09.02.2024/3R/103MEDIA/DSCF0171.JPG,DSCF0171.JPG,3R/103MEDIA,2,Western_Leopard_Toad,0.4207,4545.3,1302.8,4603.2,1428.5
/srv/shared_leopard_toad/2024/09.02.2024/3R/103MEDIA/DSCF0288.JPG,DSCF0288.JPG,3R/103MEDIA,2,Western_Leopard_Toad,0.4707,4547.7,1304.5,4605.3,1439.4
/srv/shared_leopard_toad/2024/09.02.2024/3R/103MEDIA/DSCF0045.JPG,DSCF0045.JPG,3R/103MEDIA,2,Western_Leopard_Toad,0.3032,4550.8,1293.7,4606.7,1435.0
/srv/shared_leopard_toad/2024/09.02.2024/3R/103MEDIA/DSCF0264.JPG,DSCF0264.JPG,3R/103MEDIA,0,Other_Amphibian,0.2216,398.0,776.9,526.8,927.9
/srv/shared_leopard_toad/2024/09.02.2024/3R/103MEDIA/DSCF0145.JPG,DSCF0145.JPG,3R/103MEDIA,2,Western_Leopard_Toad,0.4009,4548.0,1300.4,4605.0,1433.3
/srv/shared_leopard_toad/2024/09.02.2024/3R/103MEDIA/DSCF0284.JPG,DSCF0284.JPG,3R/103MEDIA,2,Western_Leopard_Toad,0.4148,4547.0,1306.8,4606.0,1432.0
/srv/shared_leopard_toad/2024/09.02.2024/3R/103MEDIA/DSCF0284.JPG,DSCF0284.JPG,3R/103MEDIA,0,Other_Amphibian,0.2252,4547.0,1306.8,4606.0,1432.0
/srv/shared_leopard_toad/2024/09.02.2024/3R/103MEDIA/DSCF0504.JPG,DSCF0504.JPG,3R/103MEDIA,2,Western_Leopard_Toad,0.3237,4547.6,1298.8,4605.4,1434.9
/srv/shared_leopard_toad/2024/09.02.2024/3R/103MEDIA/DSCF0504.JPG,DSCF0504.JPG,3R/103MEDIA,1,Small_Mammal,0.2781,1011.4,1.5,1333.1,317.0
/srv/shared_leopard_toad/2024/09.02.2024/3R/103MEDIA/DSCF0637.JPG,DSCF0637.JPG,3R/103MEDIA,2,Western_Leopard_Toad,0.5586,4547.0,1301.1,4606.0,1430.1
/srv/shared_leopard_toad/2024/09.02.2024/3R/103MEDIA/DSCF0637.JPG,DSCF0637.JPG,3R/103MEDIA,1,Small_Mammal,0.3513,1010.2,0.6,1345.5,332.2
/srv/shared_leopard_toad/2024/09.02.2024/3R/103MEDIA/DSCF0637.JPG,DSCF0637.JPG,3R/103MEDIA,0,Other_Amphibian,0.2053,4547.0,1301.1,4606.0,1430.1
/srv/shared_leopard_toad/2024/09.02.2024/3R/103MEDIA/DSCF0271.JPG,DSCF0271.JPG,3R/103MEDIA,2,Western_Leopard_Toad,0.3535,4545.1,1301.6,4603.4,1427.1
/srv/shared_leopard_toad/2024/09.02.2024/3R/103MEDIA/DSCF0648.JPG,DSCF0648.JPG,3R/103MEDIA,2,Western_Leopard_Toad,0.4373,4546.3,1299.4,4606.7,1429.3
/srv/shared_leopard_toad/2024/09.02.2024/3R/103MEDIA/DSCF0648.JPG,DSCF0648.JPG,3R/103MEDIA,0,Other_Amphibian,0.2205,4546.3,1299.4,4606.7,1429.3
/srv/shared_leopard_toad/2024/09.02.2024/3R/103MEDIA/DSCF0659.JPG,DSCF0659.JPG,3R/103MEDIA,2,Western_Leopard_Toad,0.2874,4544.3,1303.0,4608.7,1433.2
/srv/shared_leopard_toad/2024/09.02.2024/3R/103MEDIA/DSCF0096.JPG,DSCF0096.JPG,3R/103MEDIA,2,Western_Leopard_Toad,0.3850,4543.7,1303.1,4604.8,1435.7
/srv/shared_leopard_toad/2024/09.02.2024/3R/103MEDIA/DSCF0295.JPG,DSCF0295.JPG,3R/103MEDIA,2,Western_Leopard_Toad,0.3428,4544.4,1305.4,4604.1,1428.3
/srv/shared_leopard_toad/2024/09.02.2024/3R/103MEDIA/DSCF0053.JPG,DSCF0053.JPG,3R/103MEDIA,2,Western_Leopard_Toad,0.3000,4551.1,1301.1,4606.4,1432.6
/srv/shared_leopard_toad/2024/09.02.2024/3R/103MEDIA/DSCF0149.JPG,DSCF0149.JPG,3R/103MEDIA,2,Western_Leopard_Toad,0.4873,4550.3,1299.9,4607.2,1433.8
/srv/shared_leopard_toad/2024/09.02.2024/3R/103MEDIA/DSCF0149.JPG,DSCF0149.JPG,3R/103MEDIA,0,Other_Amphibian,0.2050,4550.3,1299.9,4607.2,1433.8
/srv/shared_leopard_toad/2024/09.02.2024/3R/103MEDIA/DSCF0502.JPG,DSCF0502.JPG,3R/103MEDIA,2,Western_Leopard_Toad,0.3333,4547.6,1300.4,4605.4,1430.8
/srv/shared_leopard_toad/2024/09.02.2024/3R/103MEDIA/DSCF0320.JPG,DSCF0320.JPG,3R/103MEDIA,2,Western_Leopard_Toad,0.4568,4549.0,1303.5,4608.5,1427.7
/srv/shared_leopard_toad/2024/09.02.2024/3R/103MEDIA/DSCF0320.JPG,DSCF0320.JPG,3R/103MEDIA,0,Other_Amphibian,0.2017,4549.0,1303.5,4608.5,1427.7
/srv/shared_leopard_toad/2024/09.02.2024/3R/103MEDIA/DSCF0479.JPG,DSCF0479.JPG,3R/103MEDIA,2,Western_Leopard_Toad,0.3643,4548.7,1305.8,4608.8,1430.5
/srv/shared_leopard_toad/2024/09.02.2024/3R/103MEDIA/DSCF0479.JPG,DSCF0479.JPG,3R/103MEDIA,0,Other_Amphibian,0.2028,4548.7,1305.8,4608.8,1430.5
/srv/shared_leopard_toad/2024/09.02.2024/3R/103MEDIA/DSCF0247.JPG,DSCF0247.JPG,3R/103MEDIA,0,Other_Amphibian,0.4202,390.4,773.5,524.7,922.5
/srv/shared_leopard_toad/2024/09.02.2024/3R/103MEDIA/DSCF0307.JPG,DSCF0307.JPG,3R/103MEDIA,0,Other_Amphibian,0.6167,398.1,777.1,525.0,920.1
/srv/shared_leopard_toad/2024/09.02.2024/3R/103MEDIA/DSCF0307.JPG,DSCF0307.JPG,3R/103MEDIA,2,Western_Leopard_Toad,0.2764,4547.9,1300.2,4605.1,1433.6
/srv/shared_leopard_toad/2024/09.02.2024/3R/103MEDIA/DSCF0268.JPG,DSCF0268.JPG,3R/103MEDIA,2,Western_Leopard_Toad,0.5474,4550.3,1301.3,4607.2,1429.9
/srv/shared_leopard_toad/2024/09.02.2024/3R/103MEDIA/DSCF0268.JPG,DSCF0268.JPG,3R/103MEDIA,0,Other_Amphibian,0.2021,4550.3,1301.3,4607.2,1429.9
/srv/shared_leopard_toad/2024/09.02.2024/3R/103MEDIA/DSCF0582.JPG,DSCF0582.JPG,3R/103MEDIA,1,Small_Mammal,0.4062,1010.4,0.6,1338.6,324.9
/srv/shared_leopard_toad/2024/09.02.2024/3R/103MEDIA/DSCF0582.JPG,DSCF0582.JPG,3R/103MEDIA,2,Western_Leopard_Toad,0.3140,4549.0,1294.0,4608.5,1427.1
/srv/shared_leopard_toad/2024/09.02.2024/3R/103MEDIA/DSCF0931.JPG,DSCF0931.JPG,3R/103MEDIA,2,Western_Leopard_Toad,0.3218,4550.0,1298.0,4607.5,1445.9
/srv/shared_leopard_toad/2024/09.02.2024/3R/103MEDIA/DSCF0106.JPG,DSCF0106.JPG,3R/103MEDIA,2,Western_Leopard_Toad,0.3684,4548.4,1301.1,4604.6,1430.1
/srv/shared_leopard_toad/2024/09.02.2024/3R/103MEDIA/DSCF0246.JPG,DSCF0246.JPG,3R/103MEDIA,2,Western_Leopard_Toad,0.2563,4542.9,1303.2,4605.6,1430.6
/srv/shared_leopard_toad/2024/09.02.2024/3R/103MEDIA/DSCF0978.JPG,DSCF0978.JPG,3R/103MEDIA,2,Western_Leopard_Toad,0.3054,4550.0,1295.8,4607.5,1443.0
/srv/shared_leopard_toad/2024/09.02.2024/3R/103MEDIA/DSCF0378.JPG,DSCF0378.JPG,3R/103MEDIA,2,Western_Leopard_Toad,0.4812,4547.2,1302.4,4605.8,1431.4
/srv/shared_leopard_toad/2024/09.02.2024/3R/103MEDIA/DSCF0378.JPG,DSCF0378.JPG,3R/103MEDIA,0,Other_Amphibian,0.2328,4547.2,1302.4,4605.8,1431.4
/srv/shared_leopard_toad/2024/09.02.2024/3R/103MEDIA/DSCF0148.JPG,DSCF0148.JPG,3R/103MEDIA,2,Western_Leopard_Toad,0.2634,4547.2,1297.5,4605.8,1431.1
/srv/shared_leopard_toad/2024/09.02.2024/3R/103MEDIA/DSCF0178.JPG,DSCF0178.JPG,3R/103MEDIA,2,Western_Leopard_Toad,0.3525,4547.3,1300.4,4605.7,1433.3
/srv/shared_leopard_toad/2024/09.02.2024/3R/103MEDIA/DSCF0178.JPG,DSCF0178.JPG,3R/103MEDIA,0,Other_Amphibian,0.2266,4547.3,1300.4,4605.7,1433.3
/srv/shared_leopard_toad/2024/09.02.2024/3R/103MEDIA/DSCF0738.JPG,DSCF0738.JPG,3R/103MEDIA,2,Western_Leopard_Toad,0.2959,4547.7,1300.0,4605.3,1438.9
/srv/shared_leopard_toad/2024/09.02.2024/3R/103MEDIA/DSCF0739.JPG,DSCF0739.JPG,3R/103MEDIA,2,Western_Leopard_Toad,0.3962,1353.3,1259.4,1513.2,1426.3
/srv/shared_leopard_toad/2024/09.02.2024/3R/103MEDIA/DSCF0576.JPG,DSCF0576.JPG,3R/103MEDIA,1,Small_Mammal,0.5190,1012.8,0.3,1336.2,319.3
/srv/shared_leopard_toad/2024/09.02.2024/3R/103MEDIA/DSCF0607.JPG,DSCF0607.JPG,3R/103MEDIA,2,Western_Leopard_Toad,0.4602,4549.6,1304.0,4607.9,1429.7
/srv/shared_leopard_toad/2024/09.02.2024/3R/103MEDIA/DSCF0607.JPG,DSCF0607.JPG,3R/103MEDIA,1,Small_Mammal,0.3140,1012.2,0.5,1345.8,323.2
/srv/shared_leopard_toad/2024/09.02.2024/3R/103MEDIA/DSCF0607.JPG,DSCF0607.JPG,3R/103MEDIA,0,Other_Amphibian,0.2086,4549.6,1304.0,4607.9,1429.7
/srv/shared_leopard_toad/2024/09.02.2024/3R/103MEDIA/DSCF0097.JPG,DSCF0097.JPG,3R/103MEDIA,2,Western_Leopard_Toad,0.3213,4551.0,1302.1,4606.5,1429.2
/srv/shared_leopard_toad/2024/09.02.2024/3R/103MEDIA/DSCF0396.JPG,DSCF0396.JPG,3R/103MEDIA,2,Western_Leopard_Toad,0.4473,4549.7,1301.5,4607.8,1429.8
/srv/shared_leopard_toad/2024/09.02.2024/3R/103MEDIA/DSCF0396.JPG,DSCF0396.JPG,3R/103MEDIA,0,Other_Amphibian,0.2134,4549.7,1301.5,4607.8,1429.8
/srv/shared_leopard_toad/2024/09.02.2024/3R/103MEDIA/DSCF0788.JPG,DSCF0788.JPG,3R/103MEDIA,2,Western_Leopard_Toad,0.3037,4549.4,1302.8,4608.1,1436.0
/srv/shared_leopard_toad/2024/09.02.2024/3R/103MEDIA/DSCF0536.JPG,DSCF0536.JPG,3R/103MEDIA,2,Western_Leopard_Toad,0.4729,4546.3,1295.5,4606.7,1428.1
/srv/shared_leopard_toad/2024/09.02.2024/3R/103MEDIA/DSCF0536.JPG,DSCF0536.JPG,3R/103MEDIA,1,Small_Mammal,0.3027,1012.8,1.6,1336.2,328.1
/srv/shared_leopard_toad/2024/09.02.2024/3R/103MEDIA/DSCF0536.JPG,DSCF0536.JPG,3R/103MEDIA,0,Other_Amphibian,0.2007,4546.3,1295.5,4606.7,1428.1
/srv/shared_leopard_toad/2024/09.02.2024/3R/103MEDIA/DSCF0448.JPG,DSCF0448.JPG,3R/103MEDIA,2,Western_Leopard_Toad,0.3171,4547.6,1301.7,4605.4,1429.5
/srv/shared_leopard_toad/2024/09.02.2024/3R/103MEDIA/DSCF0683.JPG,DSCF0683.JPG,3R/103MEDIA,2,Western_Leopard_Toad,0.3386,4549.1,1294.5,4608.4,1434.2
/srv/shared_leopard_toad/2024/09.02.2024/3R/103MEDIA/DSCF0683.JPG,DSCF0683.JPG,3R/103MEDIA,0,Other_Amphibian,0.2198,4549.1,1294.5,4608.4,1434.2
/srv/shared_leopard_toad/2024/09.02.2024/3R/103MEDIA/DSCF0449.JPG,DSCF0449.JPG,3R/103MEDIA,2,Western_Leopard_Toad,0.3726,4545.1,1305.3,4607.9,1433.6
/srv/shared_leopard_toad/2024/09.02.2024/3R/103MEDIA/DSCF0888.JPG,DSCF0888.JPG,3R/103MEDIA,2,Western_Leopard_Toad,0.3491,4547.3,1295.5,4605.7,1430.6
/srv/shared_leopard_toad/2024/09.02.2024/3R/103MEDIA/DSCF0287.JPG,DSCF0287.JPG,3R/103MEDIA,2,Western_Leopard_Toad,0.4014,4547.3,1296.0,4605.7,1430.2
/srv/shared_leopard_toad/2024/09.02.2024/3R/103MEDIA/DSCF0494.JPG,DSCF0494.JPG,3R/103MEDIA,2,Western_Leopard_Toad,0.3928,4548.2,1301.6,4604.8,1437.2
/srv/shared_leopard_toad/2024/09.02.2024/3R/103MEDIA/DSCF0386.JPG,DSCF0386.JPG,3R/103MEDIA,2,Western_Leopard_Toad,0.5435,2704.1,330.6,2817.4,442.1
/srv/shared_leopard_toad/2024/09.02.2024/3R/103MEDIA/DSCF0386.JPG,DSCF0386.JPG,3R/103MEDIA,0,Other_Amphibian,0.4490,2704.1,330.6,2817.4,442.1
/srv/shared_leopard_toad/2024/09.02.2024/3R/103MEDIA/DSCF0386.JPG,DSCF0386.JPG,3R/103MEDIA,2,Western_Leopard_Toad,0.3511,4543.3,1297.1,4605.2,1429.0
/srv/shared_leopard_toad/2024/09.02.2024/3R/103MEDIA/DSCF0072.JPG,DSCF0072.JPG,3R/103MEDIA,2,Western_Leopard_Toad,0.2891,4548.1,1299.2,4604.9,1432.1
/srv/shared_leopard_toad/2024/09.02.2024/3R/103MEDIA/DSCF0023.JPG,DSCF0023.JPG,3R/103MEDIA,2,Western_Leopard_Toad,0.5308,4550.0,1300.4,4607.5,1430.8
/srv/shared_leopard_toad/2024/09.02.2024/3R/103MEDIA/DSCF0023.JPG,DSCF0023.JPG,3R/103MEDIA,0,Other_Amphibian,0.2379,4550.0,1300.4,4607.5,1430.8
/srv/shared_leopard_toad/2024/09.02.2024/3R/103MEDIA/DSCF0399.JPG,DSCF0399.JPG,3R/103MEDIA,2,Western_Leopard_Toad,0.3921,4548.1,1299.8,4604.9,1431.5
/srv/shared_leopard_toad/2024/09.02.2024/3R/103MEDIA/DSCF0399.JPG,DSCF0399.JPG,3R/103MEDIA,0,Other_Amphibian,0.2340,4548.1,1299.8,4604.9,1431.5
/srv/shared_leopard_toad/2024/09.02.2024/3R/103MEDIA/DSCF0474.JPG,DSCF0474.JPG,3R/103MEDIA,2,Western_Leopard_Toad,0.3494,4547.4,1306.9,4605.6,1434.5
/srv/shared_leopard_toad/2024/09.02.2024/3R/103MEDIA/DSCF0567.JPG,DSCF0567.JPG,3R/103MEDIA,2,Western_Leopard_Toad,0.5459,4547.1,1297.4,4605.9,1431.3
/srv/shared_leopard_toad/2024/09.02.2024/3R/103MEDIA/DSCF0567.JPG,DSCF0567.JPG,3R/103MEDIA,0,Other_Amphibian,0.2148,4547.1,1297.4,4605.9,1431.3
/srv/shared_leopard_toad/2024/09.02.2024/3R/103MEDIA/DSCF0872.JPG,DSCF0872.JPG,3R/103MEDIA,0,Other_Amphibian,0.7783,1388.0,2062.7,1471.7,2177.2
/srv/shared_leopard_toad/2024/09.02.2024/3R/103MEDIA/DSCF0499.JPG,DSCF0499.JPG,3R/103MEDIA,2,Western_Leopard_Toad,0.4348,4547.5,1300.0,4605.5,1426.2
/srv/shared_leopard_toad/2024/09.02.2024/3R/103MEDIA/DSCF0499.JPG,DSCF0499.JPG,3R/103MEDIA,0,Other_Amphibian,0.2070,4547.5,1300.0,4605.5,1426.2
/srv/shared_leopard_toad/2024/09.02.2024/3R/103MEDIA/DSCF0335.JPG,DSCF0335.JPG,3R/103MEDIA,2,Western_Leopard_Toad,0.3345,4547.2,1297.9,4605.8,1433.3
/srv/shared_leopard_toad/2024/09.02.2024/3R/103MEDIA/DSCF0877.JPG,DSCF0877.JPG,3R/103MEDIA,2,Western_Leopard_Toad,0.3015,4547.5,1297.7,4605.5,1428.4
/srv/shared_leopard_toad/2024/09.02.2024/3R/103MEDIA/DSCF0523.JPG,DSCF0523.JPG,3R/103MEDIA,2,Western_Leopard_Toad,0.3870,4549.7,1300.7,4607.8,1430.5
/srv/shared_leopard_toad/2024/09.02.2024/3R/103MEDIA/DSCF0262.JPG,DSCF0262.JPG,3R/103MEDIA,2,Western_Leopard_Toad,0.2827,4543.5,1303.3,4605.0,1433.0
/srv/shared_leopard_toad/2024/09.02.2024/3R/103MEDIA/DSCF0655.JPG,DSCF0655.JPG,3R/103MEDIA,2,Western_Leopard_Toad,0.4607,4548.3,1296.6,4609.2,1432.1
/srv/shared_leopard_toad/2024/09.02.2024/3R/103MEDIA/DSCF0655.JPG,DSCF0655.JPG,3R/103MEDIA,0,Other_Amphibian,0.2264,4548.3,1296.6,4609.2,1432.1
/srv/shared_leopard_toad/2024/09.02.2024/3R/103MEDIA/DSCF0965.JPG,DSCF0965.JPG,3R/103MEDIA,2,Western_Leopard_Toad,0.2527,4548.3,1299.2,4604.7,1437.1
/srv/shared_leopard_toad/2024/09.02.2024/3R/103MEDIA/DSCF0223.JPG,DSCF0223.JPG,3R/103MEDIA,0,Other_Amphibian,0.3955,388.9,775.6,522.9,924.1
/srv/shared_leopard_toad/2024/09.02.2024/3R/103MEDIA/DSCF0223.JPG,DSCF0223.JPG,3R/103MEDIA,2,Western_Leopard_Toad,0.2825,4545.5,1301.5,4603.0,1437.4
/srv/shared_leopard_toad/2024/09.02.2024/3R/103MEDIA/DSCF0669.JPG,DSCF0669.JPG,3R/103MEDIA,2,Western_Leopard_Toad,0.3638,4549.2,1306.2,4608.3,1432.6
/srv/shared_leopard_toad/2024/09.02.2024/3R/103MEDIA/DSCF0745.JPG,DSCF0745.JPG,3R/103MEDIA,2,Western_Leopard_Toad,0.2817,4546.5,1304.0,4606.5,1437.4
/srv/shared_leopard_toad/2024/09.02.2024/3R/103MEDIA/DSCF0601.JPG,DSCF0601.JPG,3R/103MEDIA,2,Western_Leopard_Toad,0.4927,4549.0,1301.1,4608.5,1430.1
/srv/shared_leopard_toad/2024/09.02.2024/3R/103MEDIA/DSCF0601.JPG,DSCF0601.JPG,3R/103MEDIA,1,Small_Mammal,0.3484,998.7,1.7,1341.3,325.4
/srv/shared_leopard_toad/2024/09.02.2024/3R/103MEDIA/DSCF0601.JPG,DSCF0601.JPG,3R/103MEDIA,0,Other_Amphibian,0.2017,4549.0,1301.1,4608.5,1430.1
/srv/shared_leopard_toad/2024/09.02.2024/3R/103MEDIA/DSCF0363.JPG,DSCF0363.JPG,3R/103MEDIA,2,Western_Leopard_Toad,0.4409,4547.6,1301.5,4605.4,1432.2
/srv/shared_leopard_toad/2024/09.02.2024/3R/103MEDIA/DSCF0186.JPG,DSCF0186.JPG,3R/103MEDIA,0,Other_Amphibian,0.5078,3220.0,66.8,3318.5,145.3
/srv/shared_leopard_toad/2024/09.02.2024/3R/103MEDIA/DSCF0196.JPG,DSCF0196.JPG,3R/103MEDIA,0,Other_Amphibian,0.3186,399.4,777.6,525.3,917.1
/srv/shared_leopard_toad/2024/09.02.2024/3R/103MEDIA/DSCF0577.JPG,DSCF0577.JPG,3R/103MEDIA,1,Small_Mammal,0.3936,1013.2,0.5,1342.5,322.1
/srv/shared_leopard_toad/2024/09.02.2024/3R/103MEDIA/DSCF0577.JPG,DSCF0577.JPG,3R/103MEDIA,2,Western_Leopard_Toad,0.3770,4546.3,1297.4,4606.7,1433.8
/srv/shared_leopard_toad/2024/09.02.2024/3R/103MEDIA/DSCF0478.JPG,DSCF0478.JPG,3R/103MEDIA,2,Western_Leopard_Toad,0.4058,4549.6,1302.6,4607.9,1428.6
/srv/shared_leopard_toad/2024/09.02.2024/3R/103MEDIA/DSCF0478.JPG,DSCF0478.JPG,3R/103MEDIA,0,Other_Amphibian,0.2063,4549.6,1302.6,4607.9,1428.6
/srv/shared_leopard_toad/2024/09.02.2024/3R/103MEDIA/DSCF0123.JPG,DSCF0123.JPG,3R/103MEDIA,2,Western_Leopard_Toad,0.3530,4548.3,1303.8,4604.7,1430.0
/srv/shared_leopard_toad/2024/09.02.2024/3R/103MEDIA/DSCF0666.JPG,DSCF0666.JPG,3R/103MEDIA,2,Western_Leopard_Toad,0.2766,4545.7,1305.8,4607.3,1433.0
/srv/shared_leopard_toad/2024/09.02.2024/3R/103MEDIA/DSCF0280.JPG,DSCF0280.JPG,3R/103MEDIA,2,Western_Leopard_Toad,0.2588,4547.3,1303.7,4605.7,1437.6
/srv/shared_leopard_toad/2024/09.02.2024/3R/103MEDIA/DSCF0629.JPG,DSCF0629.JPG,3R/103MEDIA,1,Small_Mammal,0.3845,1006.0,0.9,1329.5,328.1
/srv/shared_leopard_toad/2024/09.02.2024/3R/103MEDIA/DSCF0629.JPG,DSCF0629.JPG,3R/103MEDIA,2,Western_Leopard_Toad,0.2966,4550.0,1301.8,4607.5,1432.0
/srv/shared_leopard_toad/2024/09.02.2024/3R/103MEDIA/DSCF0675.JPG,DSCF0675.JPG,3R/103MEDIA,2,Western_Leopard_Toad,0.2651,4547.2,1298.2,4605.8,1438.1
/srv/shared_leopard_toad/2024/09.02.2024/3R/103MEDIA/DSCF0049.JPG,DSCF0049.JPG,3R/103MEDIA,2,Western_Leopard_Toad,0.3176,4550.7,1299.4,4606.8,1434.3
/srv/shared_leopard_toad/2024/09.02.2024/3R/103MEDIA/DSCF0635.JPG,DSCF0635.JPG,3R/103MEDIA,1,Small_Mammal,0.4487,1004.1,1.9,1331.4,329.7
/srv/shared_leopard_toad/2024/09.02.2024/3R/103MEDIA/DSCF0635.JPG,DSCF0635.JPG,3R/103MEDIA,2,Western_Leopard_Toad,0.3604,4547.2,1298.7,4605.8,1437.6
/srv/shared_leopard_toad/2024/09.02.2024/3R/103MEDIA/DSCF0414.JPG,DSCF0414.JPG,3R/103MEDIA,2,Western_Leopard_Toad,0.3801,4547.5,1300.4,4605.5,1430.8
/srv/shared_leopard_toad/2024/09.02.2024/3R/103MEDIA/DSCF0074.JPG,DSCF0074.JPG,3R/103MEDIA,2,Western_Leopard_Toad,0.3188,4547.6,1300.9,4605.4,1432.8
/srv/shared_leopard_toad/2024/09.02.2024/3R/103MEDIA/DSCF0421.JPG,DSCF0421.JPG,3R/103MEDIA,2,Western_Leopard_Toad,0.3535,4549.6,1303.6,4607.9,1432.6
/srv/shared_leopard_toad/2024/09.02.2024/3R/103MEDIA/DSCF0533.JPG,DSCF0533.JPG,3R/103MEDIA,2,Western_Leopard_Toad,0.5093,4549.4,1300.0,4608.1,1428.7
/srv/shared_leopard_toad/2024/09.02.2024/3R/103MEDIA/DSCF0533.JPG,DSCF0533.JPG,3R/103MEDIA,0,Other_Amphibian,0.2463,4549.4,1300.0,4608.1,1428.7
/srv/shared_leopard_toad/2024/09.02.2024/3R/103MEDIA/DSCF0511.JPG,DSCF0511.JPG,3R/103MEDIA,2,Western_Leopard_Toad,0.5356,4548.0,1296.4,4609.5,1427.3
/srv/shared_leopard_toad/2024/09.02.2024/3R/103MEDIA/DSCF0503.JPG,DSCF0503.JPG,3R/103MEDIA,2,Western_Leopard_Toad,0.4631,4548.0,1302.1,4605.0,1446.8
/srv/shared_leopard_toad/2024/09.02.2024/3R/103MEDIA/DSCF0622.JPG,DSCF0622.JPG,3R/103MEDIA,2,Western_Leopard_Toad,0.4536,4548.9,1301.3,4608.6,1429.9
/srv/shared_leopard_toad/2024/09.02.2024/3R/103MEDIA/DSCF0622.JPG,DSCF0622.JPG,3R/103MEDIA,0,Other_Amphibian,0.2566,4548.9,1301.3,4608.6,1429.9
/srv/shared_leopard_toad/2024/09.02.2024/3R/103MEDIA/DSCF0622.JPG,DSCF0622.JPG,3R/103MEDIA,1,Small_Mammal,0.2426,1011.7,1.6,1337.3,324.6
/srv/shared_leopard_toad/2024/09.02.2024/3R/103MEDIA/DSCF0418.JPG,DSCF0418.JPG,3R/103MEDIA,2,Western_Leopard_Toad,0.3792,4549.7,1300.5,4607.8,1433.2
/srv/shared_leopard_toad/2024/09.02.2024/3R/103MEDIA/DSCF0211.JPG,DSCF0211.JPG,3R/103MEDIA,2,Western_Leopard_Toad,0.2756,4547.3,1305.6,4605.7,1433.2
/srv/shared_leopard_toad/2024/09.02.2024/3R/103MEDIA/DSCF0621.JPG,DSCF0621.JPG,3R/103MEDIA,2,Western_Leopard_Toad,0.5317,4549.1,1302.0,4608.4,1426.7
/srv/shared_leopard_toad/2024/09.02.2024/3R/103MEDIA/DSCF0621.JPG,DSCF0621.JPG,3R/103MEDIA,1,Small_Mammal,0.4004,1004.1,0.8,1344.9,324.2
/srv/shared_leopard_toad/2024/09.02.2024/3R/103MEDIA/DSCF0621.JPG,DSCF0621.JPG,3R/103MEDIA,0,Other_Amphibian,0.2573,4549.1,1302.0,4608.4,1426.7
/srv/shared_leopard_toad/2024/09.02.2024/3R/103MEDIA/DSCF0030.JPG,DSCF0030.JPG,3R/103MEDIA,2,Western_Leopard_Toad,0.3872,4550.2,1296.6,4607.3,1437.1
/srv/shared_leopard_toad/2024/09.02.2024/3R/103MEDIA/DSCF0121.JPG,DSCF0121.JPG,3R/103MEDIA,2,Western_Leopard_Toad,0.3103,4546.7,1298.1,4606.3,1430.6
/srv/shared_leopard_toad/2024/09.02.2024/3R/103MEDIA/DSCF0121.JPG,DSCF0121.JPG,3R/103MEDIA,0,Other_Amphibian,0.2189,4546.7,1298.1,4606.3,1430.6
/srv/shared_leopard_toad/2024/09.02.2024/3R/103MEDIA/DSCF0686.JPG,DSCF0686.JPG,3R/103MEDIA,2,Western_Leopard_Toad,0.4634,4547.6,1301.9,4605.4,1429.3
/srv/shared_leopard_toad/2024/09.02.2024/3R/103MEDIA/DSCF0333.JPG,DSCF0333.JPG,3R/103MEDIA,2,Western_Leopard_Toad,0.4668,4545.4,1297.1,4607.6,1436.6
/srv/shared_leopard_toad/2024/09.02.2024/3R/103MEDIA/DSCF0482.JPG,DSCF0482.JPG,3R/103MEDIA,2,Western_Leopard_Toad,0.4475,4546.8,1305.2,4606.2,1436.1
/srv/shared_leopard_toad/2024/09.02.2024/3R/103MEDIA/DSCF0482.JPG,DSCF0482.JPG,3R/103MEDIA,0,Other_Amphibian,0.2026,4546.8,1305.2,4606.2,1436.1
/srv/shared_leopard_toad/2024/09.02.2024/3R/103MEDIA/DSCF0113.JPG,DSCF0113.JPG,3R/103MEDIA,2,Western_Leopard_Toad,0.2539,4544.8,1306.0,4603.7,1432.8
/srv/shared_leopard_toad/2024/09.02.2024/3R/103MEDIA/DSCF0387.JPG,DSCF0387.JPG,3R/103MEDIA,2,Western_Leopard_Toad,0.4468,4547.5,1301.2,4605.5,1447.8
/srv/shared_leopard_toad/2024/09.02.2024/3R/103MEDIA/DSCF0867.JPG,DSCF0867.JPG,3R/103MEDIA,0,Other_Amphibian,0.5796,1389.7,2057.5,1476.8,2177.3
/srv/shared_leopard_toad/2024/09.02.2024/3R/103MEDIA/DSCF0867.JPG,DSCF0867.JPG,3R/103MEDIA,0,Other_Amphibian,0.4453,1391.7,2058.3,1477.0,2176.5
/srv/shared_leopard_toad/2024/09.02.2024/3R/103MEDIA/DSCF0867.JPG,DSCF0867.JPG,3R/103MEDIA,0,Other_Amphibian,0.3804,1389.4,2057.5,1474.8,2177.3
/srv/shared_leopard_toad/2024/09.02.2024/3R/103MEDIA/DSCF0548.JPG,DSCF0548.JPG,3R/103MEDIA,2,Western_Leopard_Toad,0.3567,4546.8,1300.4,4606.2,1430.8
/srv/shared_leopard_toad/2024/09.02.2024/3R/103MEDIA/DSCF0548.JPG,DSCF0548.JPG,3R/103MEDIA,1,Small_Mammal,0.3140,1011.4,2.2,1333.1,332.9
/srv/shared_leopard_toad/2024/09.02.2024/3R/103MEDIA/DSCF0091.JPG,DSCF0091.JPG,3R/103MEDIA,2,Western_Leopard_Toad,0.2795,4544.7,1301.3,4603.8,1429.9
/srv/shared_leopard_toad/2024/09.02.2024/3R/103MEDIA/DSCF0554.JPG,DSCF0554.JPG,3R/103MEDIA,2,Western_Leopard_Toad,0.5806,4548.2,1298.8,4609.3,1432.4
/srv/shared_leopard_toad/2024/09.02.2024/3R/103MEDIA/DSCF0554.JPG,DSCF0554.JPG,3R/103MEDIA,1,Small_Mammal,0.3049,1016.3,2.8,1323.7,334.8
/srv/shared_leopard_toad/2024/09.02.2024/3R/103MEDIA/DSCF0554.JPG,DSCF0554.JPG,3R/103MEDIA,0,Other_Amphibian,0.2428,4548.2,1298.8,4609.3,1432.4
/srv/shared_leopard_toad/2024/09.02.2024/3R/103MEDIA/DSCF0991.JPG,DSCF0991.JPG,3R/103MEDIA,2,Western_Leopard_Toad,0.4963,4549.3,1301.8,4608.2,1429.4
/srv/shared_leopard_toad/2024/09.02.2024/3R/103MEDIA/DSCF0130.JPG,DSCF0130.JPG,3R/103MEDIA,2,Western_Leopard_Toad,0.4109,4548.3,1301.5,4604.7,1434.8
/srv/shared_leopard_toad/2024/09.02.2024/3R/103MEDIA/DSCF0632.JPG,DSCF0632.JPG,3R/103MEDIA,2,Western_Leopard_Toad,0.5322,4550.6,1298.9,4606.9,1439.9
/srv/shared_leopard_toad/2024/09.02.2024/3R/103MEDIA/DSCF0632.JPG,DSCF0632.JPG,3R/103MEDIA,1,Small_Mammal,0.3867,1011.4,0.9,1337.6,330.0
/srv/shared_leopard_toad/2024/09.02.2024/3R/103MEDIA/DSCF0031.JPG,DSCF0031.JPG,3R/103MEDIA,2,Western_Leopard_Toad,0.4880,4545.8,1299.1,4607.2,1429.6
/srv/shared_leopard_toad/2024/09.02.2024/3R/103MEDIA/DSCF0031.JPG,DSCF0031.JPG,3R/103MEDIA,0,Other_Amphibian,0.2313,4545.8,1299.1,4607.2,1429.6
/srv/shared_leopard_toad/2024/09.02.2024/3R/103MEDIA/DSCF0391.JPG,DSCF0391.JPG,3R/103MEDIA,2,Western_Leopard_Toad,0.5464,4546.8,1297.0,4606.2,1431.7
/srv/shared_leopard_toad/2024/09.02.2024/3R/103MEDIA/DSCF0516.JPG,DSCF0516.JPG,3R/103MEDIA,2,Western_Leopard_Toad,0.4028,4547.4,1299.9,4605.6,1431.3
/srv/shared_leopard_toad/2024/09.02.2024/3R/103MEDIA/DSCF0516.JPG,DSCF0516.JPG,3R/103MEDIA,1,Small_Mammal,0.2440,1016.0,1.6,1333.0,322.1
/srv/shared_leopard_toad/2024/09.02.2024/3R/103MEDIA/DSCF0191.JPG,DSCF0191.JPG,3R/103MEDIA,2,Western_Leopard_Toad,0.3396,4547.4,1298.5,4605.6,1430.2
/srv/shared_leopard_toad/2024/09.02.2024/3R/103MEDIA/DSCF0500.JPG,DSCF0500.JPG,3R/103MEDIA,2,Western_Leopard_Toad,0.4636,4549.3,1299.5,4608.2,1431.7
/srv/shared_leopard_toad/2024/09.02.2024/3R/103MEDIA/DSCF0500.JPG,DSCF0500.JPG,3R/103MEDIA,0,Other_Amphibian,0.2388,4549.3,1299.5,4608.2,1431.7
/srv/shared_leopard_toad/2024/09.02.2024/3R/103MEDIA/DSCF0058.JPG,DSCF0058.JPG,3R/103MEDIA,2,Western_Leopard_Toad,0.3418,4550.1,1307.6,4607.4,1433.8
/srv/shared_leopard_toad/2024/09.02.2024/3R/103MEDIA/DSCF0169.JPG,DSCF0169.JPG,3R/103MEDIA,2,Western_Leopard_Toad,0.5259,4546.4,1306.7,4606.6,1432.1
/srv/shared_leopard_toad/2024/09.02.2024/3R/103MEDIA/DSCF0169.JPG,DSCF0169.JPG,3R/103MEDIA,0,Other_Amphibian,0.2489,4546.4,1306.7,4606.6,1432.1
/srv/shared_leopard_toad/2024/09.02.2024/3R/103MEDIA/DSCF0525.JPG,DSCF0525.JPG,3R/103MEDIA,1,Small_Mammal,0.3694,1016.9,2.7,1325.4,327.6
/srv/shared_leopard_toad/2024/09.02.2024/3R/103MEDIA/DSCF0525.JPG,DSCF0525.JPG,3R/103MEDIA,2,Western_Leopard_Toad,0.3691,4549.8,1304.6,4607.7,1431.7
/srv/shared_leopard_toad/2024/09.02.2024/3R/103MEDIA/DSCF0238.JPG,DSCF0238.JPG,3R/103MEDIA,2,Western_Leopard_Toad,0.4944,4547.2,1308.5,4605.8,1427.8
/srv/shared_leopard_toad/2024/09.02.2024/3R/103MEDIA/DSCF0238.JPG,DSCF0238.JPG,3R/103MEDIA,0,Other_Amphibian,0.2915,4547.2,1308.5,4605.8,1427.8
/srv/shared_leopard_toad/2024/09.02.2024/3R/103MEDIA/DSCF0086.JPG,DSCF0086.JPG,3R/103MEDIA,2,Western_Leopard_Toad,0.3608,4547.9,1301.1,4605.1,1427.5
/srv/shared_leopard_toad/2024/09.02.2024/3R/103MEDIA/DSCF0613.JPG,DSCF0613.JPG,3R/103MEDIA,2,Western_Leopard_Toad,0.3650,4550.6,1300.1,4606.9,1433.7
/srv/shared_leopard_toad/2024/09.02.2024/3R/103MEDIA/DSCF0613.JPG,DSCF0613.JPG,3R/103MEDIA,1,Small_Mammal,0.2285,1003.2,1.3,1336.8,325.6
/srv/shared_leopard_toad/2024/09.02.2024/3R/103MEDIA/DSCF0551.JPG,DSCF0551.JPG,3R/103MEDIA,1,Small_Mammal,0.4675,1009.7,1.4,1332.6,332.4
/srv/shared_leopard_toad/2024/09.02.2024/3R/103MEDIA/DSCF0551.JPG,DSCF0551.JPG,3R/103MEDIA,2,Western_Leopard_Toad,0.3987,4549.7,1301.5,4607.8,1432.2
/srv/shared_leopard_toad/2024/09.02.2024/3R/103MEDIA/DSCF0748.JPG,DSCF0748.JPG,3R/103MEDIA,2,Western_Leopard_Toad,0.3081,4549.7,1306.6,4607.8,1432.3
/srv/shared_leopard_toad/2024/09.02.2024/3R/103MEDIA/DSCF0192.JPG,DSCF0192.JPG,3R/103MEDIA,0,Other_Amphibian,0.3591,398.1,779.3,528.4,921.7
/srv/shared_leopard_toad/2024/09.02.2024/3R/103MEDIA/DSCF0182.JPG,DSCF0182.JPG,3R/103MEDIA,2,Western_Leopard_Toad,0.3154,4549.9,1296.2,4607.6,1432.5
/srv/shared_leopard_toad/2024/09.02.2024/3R/103MEDIA/DSCF0182.JPG,DSCF0182.JPG,3R/103MEDIA,0,Other_Amphibian,0.2212,4549.9,1296.2,4607.6,1432.5
/srv/shared_leopard_toad/2024/09.02.2024/3R/103MEDIA/DSCF0299.JPG,DSCF0299.JPG,3R/103MEDIA,2,Western_Leopard_Toad,0.4497,4547.4,1300.2,4605.6,1431.1
/srv/shared_leopard_toad/2024/09.02.2024/3R/103MEDIA/DSCF0345.JPG,DSCF0345.JPG,3R/103MEDIA,0,Other_Amphibian,0.2343,4544.0,1303.7,4604.5,1430.1
/srv/shared_leopard_toad/2024/09.02.2024/3R/103MEDIA/DSCF0345.JPG,DSCF0345.JPG,3R/103MEDIA,0,Other_Amphibian,0.2179,391.7,773.9,523.5,922.1
/srv/shared_leopard_toad/2024/09.02.2024/3R/103MEDIA/DSCF0293.JPG,DSCF0293.JPG,3R/103MEDIA,2,Western_Leopard_Toad,0.3091,4547.6,1303.7,4605.4,1435.1
/srv/shared_leopard_toad/2024/09.02.2024/3R/103MEDIA/DSCF0020.JPG,DSCF0020.JPG,3R/103MEDIA,2,Western_Leopard_Toad,0.2654,4550.9,1294.2,4606.6,1437.0
/srv/shared_leopard_toad/2024/09.02.2024/3R/103MEDIA/DSCF0195.JPG,DSCF0195.JPG,3R/103MEDIA,0,Other_Amphibian,0.4250,397.7,776.7,525.3,920.5
/srv/shared_leopard_toad/2024/09.02.2024/3R/103MEDIA/DSCF0018.JPG,DSCF0018.JPG,3R/103MEDIA,0,Other_Amphibian,0.3711,1989.1,1864.4,2056.4,1940.1
/srv/shared_leopard_toad/2024/09.02.2024/3R/103MEDIA/DSCF0018.JPG,DSCF0018.JPG,3R/103MEDIA,2,Western_Leopard_Toad,0.3245,4550.9,1292.8,4606.6,1433.3
/srv/shared_leopard_toad/2024/09.02.2024/3R/103MEDIA/DSCF0794.JPG,DSCF0794.JPG,3R/103MEDIA,2,Western_Leopard_Toad,0.3650,4550.0,1298.6,4607.5,1432.6
/srv/shared_leopard_toad/2024/09.02.2024/3R/103MEDIA/DSCF0527.JPG,DSCF0527.JPG,3R/103MEDIA,2,Western_Leopard_Toad,0.5415,4546.0,1299.2,4607.0,1432.1
/srv/shared_leopard_toad/2024/09.02.2024/3R/103MEDIA/DSCF0527.JPG,DSCF0527.JPG,3R/103MEDIA,1,Small_Mammal,0.2705,1009.1,2.4,1330.9,326.7
/srv/shared_leopard_toad/2024/09.02.2024/3R/103MEDIA/DSCF0338.JPG,DSCF0338.JPG,3R/103MEDIA,2,Western_Leopard_Toad,0.4294,4547.5,1303.6,4605.5,1427.7
/srv/shared_leopard_toad/2024/09.02.2024/3R/103MEDIA/DSCF0360.JPG,DSCF0360.JPG,3R/103MEDIA,2,Western_Leopard_Toad,0.3562,4546.8,1302.4,4606.2,1428.8
/srv/shared_leopard_toad/2024/09.02.2024/3R/103MEDIA/DSCF0206.JPG,DSCF0206.JPG,3R/103MEDIA,2,Western_Leopard_Toad,0.3872,4547.0,1298.5,4606.0,1430.2
/srv/shared_leopard_toad/2024/09.02.2024/3R/103MEDIA/DSCF0778.JPG,DSCF0778.JPG,3R/103MEDIA,2,Western_Leopard_Toad,0.2583,4550.1,1298.7,4607.4,1435.1
/srv/shared_leopard_toad/2024/09.02.2024/3R/103MEDIA/DSCF0180.JPG,DSCF0180.JPG,3R/103MEDIA,2,Western_Leopard_Toad,0.5200,4548.4,1300.4,4604.6,1428.3
/srv/shared_leopard_toad/2024/09.02.2024/3R/103MEDIA/DSCF0558.JPG,DSCF0558.JPG,3R/103MEDIA,2,Western_Leopard_Toad,0.3647,4544.5,1300.9,4608.5,1430.4
/srv/shared_leopard_toad/2024/09.02.2024/3R/103MEDIA/DSCF0558.JPG,DSCF0558.JPG,3R/103MEDIA,1,Small_Mammal,0.2795,1008.8,1.3,1335.7,325.6
/srv/shared_leopard_toad/2024/09.02.2024/3R/103MEDIA/DSCF0826.JPG,DSCF0826.JPG,3R/103MEDIA,2,Western_Leopard_Toad,0.3647,4551.1,1297.3,4606.4,1436.5
/srv/shared_leopard_toad/2024/09.02.2024/3R/103MEDIA/DSCF0088.JPG,DSCF0088.JPG,3R/103MEDIA,2,Western_Leopard_Toad,0.4653,4546.8,1300.0,4606.2,1428.7
/srv/shared_leopard_toad/2024/09.02.2024/3R/103MEDIA/DSCF0775.JPG,DSCF0775.JPG,3R/103MEDIA,2,Western_Leopard_Toad,0.2947,4547.2,1294.2,4605.8,1437.0
/srv/shared_leopard_toad/2024/09.02.2024/3R/103MEDIA/DSCF0689.JPG,DSCF0689.JPG,3R/103MEDIA,2,Western_Leopard_Toad,0.2969,4547.7,1301.1,4605.3,1432.6
/srv/shared_leopard_toad/2024/09.02.2024/3R/103MEDIA/DSCF0278.JPG,DSCF0278.JPG,3R/103MEDIA,2,Western_Leopard_Toad,0.3413,4548.6,1304.1,4604.4,1432.2
/srv/shared_leopard_toad/2024/09.02.2024/3R/103MEDIA/DSCF0625.JPG,DSCF0625.JPG,3R/103MEDIA,2,Western_Leopard_Toad,0.4426,4548.2,1302.2,4604.8,1434.1
/srv/shared_leopard_toad/2024/09.02.2024/3R/103MEDIA/DSCF0625.JPG,DSCF0625.JPG,3R/103MEDIA,1,Small_Mammal,0.4075,1007.7,0.9,1332.3,325.9
/srv/shared_leopard_toad/2024/09.02.2024/3R/103MEDIA/DSCF0645.JPG,DSCF0645.JPG,3R/103MEDIA,2,Western_Leopard_Toad,0.3677,4549.2,1302.6,4608.3,1433.7
/srv/shared_leopard_toad/2024/09.02.2024/3R/103MEDIA/DSCF0216.JPG,DSCF0216.JPG,3R/103MEDIA,2,Western_Leopard_Toad,0.3455,4547.9,1303.5,4605.1,1432.8
/srv/shared_leopard_toad/2024/09.02.2024/3R/103MEDIA/DSCF0463.JPG,DSCF0463.JPG,3R/103MEDIA,2,Western_Leopard_Toad,0.2839,4550.4,1303.6,4607.1,1437.8
/srv/shared_leopard_toad/2024/09.02.2024/3R/103MEDIA/DSCF0327.JPG,DSCF0327.JPG,3R/103MEDIA,0,Other_Amphibian,0.2710,398.6,775.0,526.2,919.7
/srv/shared_leopard_toad/2024/09.02.2024/3R/103MEDIA/DSCF0727.JPG,DSCF0727.JPG,3R/103MEDIA,2,Western_Leopard_Toad,0.2607,1377.5,1255.8,1513.8,1379.2
/srv/shared_leopard_toad/2024/09.02.2024/3R/103MEDIA/DSCF0727.JPG,DSCF0727.JPG,3R/103MEDIA,0,Other_Amphibian,0.2268,1377.5,1255.8,1513.8,1379.2
/srv/shared_leopard_toad/2024/09.02.2024/3R/103MEDIA/DSCF0605.JPG,DSCF0605.JPG,3R/103MEDIA,2,Western_Leopard_Toad,0.6777,4548.6,1300.2,4608.9,1436.1
/srv/shared_leopard_toad/2024/09.02.2024/3R/103MEDIA/DSCF0605.JPG,DSCF0605.JPG,3R/103MEDIA,0,Other_Amphibian,0.2810,4548.6,1300.2,4608.9,1436.1
/srv/shared_leopard_toad/2024/09.02.2024/3R/103MEDIA/DSCF0087.JPG,DSCF0087.JPG,3R/103MEDIA,2,Western_Leopard_Toad,0.4343,4547.6,1303.4,4605.4,1430.3
/srv/shared_leopard_toad/2024/09.02.2024/3R/103MEDIA/DSCF0087.JPG,DSCF0087.JPG,3R/103MEDIA,0,Other_Amphibian,0.2751,4547.6,1303.4,4605.4,1430.3
/srv/shared_leopard_toad/2024/09.02.2024/3R/103MEDIA/DSCF0314.JPG,DSCF0314.JPG,3R/103MEDIA,0,Other_Amphibian,0.3130,398.5,776.9,522.9,922.9
/srv/shared_leopard_toad/2024/09.02.2024/3R/103MEDIA/DSCF0760.JPG,DSCF0760.JPG,3R/103MEDIA,2,Western_Leopard_Toad,0.3354,4549.2,1300.3,4608.3,1430.9
/srv/shared_leopard_toad/2024/09.02.2024/3R/103MEDIA/DSCF0222.JPG,DSCF0222.JPG,3R/103MEDIA,2,Western_Leopard_Toad,0.3533,4547.3,1296.6,4605.7,1429.5
/srv/shared_leopard_toad/2024/09.02.2024/3R/103MEDIA/DSCF0222.JPG,DSCF0222.JPG,3R/103MEDIA,0,Other_Amphibian,0.2556,396.5,775.1,524.8,923.4
/srv/shared_leopard_toad/2024/09.02.2024/3R/103MEDIA/DSCF0593.JPG,DSCF0593.JPG,3R/103MEDIA,2,Western_Leopard_Toad,0.4631,4549.3,1301.7,4608.2,1429.5
/srv/shared_leopard_toad/2024/09.02.2024/3R/103MEDIA/DSCF0593.JPG,DSCF0593.JPG,3R/103MEDIA,1,Small_Mammal,0.3418,1008.7,1.1,1340.3,322.6
/srv/shared_leopard_toad/2024/09.02.2024/3R/103MEDIA/DSCF0593.JPG,DSCF0593.JPG,3R/103MEDIA,0,Other_Amphibian,0.2769,4549.3,1301.7,4608.2,1429.5
/srv/shared_leopard_toad/2024/09.02.2024/3R/103MEDIA/DSCF0588.JPG,DSCF0588.JPG,3R/103MEDIA,2,Western_Leopard_Toad,0.4939,4547.3,1301.3,4605.7,1440.0
/srv/shared_leopard_toad/2024/09.02.2024/3R/103MEDIA/DSCF0588.JPG,DSCF0588.JPG,3R/103MEDIA,1,Small_Mammal,0.2278,1003.5,1.3,1338.8,320.6
/srv/shared_leopard_toad/2024/09.02.2024/3R/103MEDIA/DSCF0068.JPG,DSCF0068.JPG,3R/103MEDIA,2,Western_Leopard_Toad,0.4080,4548.0,1302.8,4605.0,1438.5
/srv/shared_leopard_toad/2024/09.02.2024/3R/103MEDIA/DSCF0619.JPG,DSCF0619.JPG,3R/103MEDIA,1,Small_Mammal,0.4194,1006.9,1.3,1333.1,325.6
/srv/shared_leopard_toad/2024/09.02.2024/3R/103MEDIA/DSCF0619.JPG,DSCF0619.JPG,3R/103MEDIA,2,Western_Leopard_Toad,0.4048,4548.4,1300.5,4604.6,1428.1
/srv/shared_leopard_toad/2024/09.02.2024/3R/103MEDIA/DSCF0381.JPG,DSCF0381.JPG,3R/103MEDIA,2,Western_Leopard_Toad,0.5239,4547.4,1302.9,4605.6,1433.4
/srv/shared_leopard_toad/2024/09.02.2024/3R/103MEDIA/DSCF0365.JPG,DSCF0365.JPG,3R/103MEDIA,2,Western_Leopard_Toad,0.4431,4545.6,1299.7,4607.4,1429.0
/srv/shared_leopard_toad/2024/09.02.2024/3R/103MEDIA/DSCF0365.JPG,DSCF0365.JPG,3R/103MEDIA,0,Other_Amphibian,0.2383,395.6,775.9,527.4,920.0
/srv/shared_leopard_toad/2024/09.02.2024/3R/103MEDIA/DSCF0693.JPG,DSCF0693.JPG,3R/103MEDIA,0,Other_Amphibian,0.2074,2729.0,1651.1,2801.5,1725.6
/srv/shared_leopard_toad/2024/09.02.2024/3R/103MEDIA/DSCF0538.JPG,DSCF0538.JPG,3R/103MEDIA,2,Western_Leopard_Toad,0.3113,4549.7,1304.2,4607.8,1434.6
/srv/shared_leopard_toad/2024/09.02.2024/3R/103MEDIA/DSCF0454.JPG,DSCF0454.JPG,3R/103MEDIA,2,Western_Leopard_Toad,0.4185,4546.7,1297.4,4606.3,1433.8
/srv/shared_leopard_toad/2024/09.02.2024/3R/103MEDIA/DSCF0844.JPG,DSCF0844.JPG,3R/103MEDIA,2,Western_Leopard_Toad,0.2595,4547.6,1297.9,4605.4,1430.8
/srv/shared_leopard_toad/2024/09.02.2024/3R/103MEDIA/DSCF0824.JPG,DSCF0824.JPG,3R/103MEDIA,2,Western_Leopard_Toad,0.2737,4549.7,1299.2,4607.8,1429.4
/srv/shared_leopard_toad/2024/09.02.2024/3R/103MEDIA/DSCF0133.JPG,DSCF0133.JPG,3R/103MEDIA,2,Western_Leopard_Toad,0.2891,4540.6,1301.6,4603.4,1434.7
/srv/shared_leopard_toad/2024/09.02.2024/3R/103MEDIA/DSCF0181.JPG,DSCF0181.JPG,3R/103MEDIA,2,Western_Leopard_Toad,0.4102,4544.8,1301.3,4603.7,1424.9
/srv/shared_leopard_toad/2024/09.02.2024/3R/103MEDIA/DSCF0209.JPG,DSCF0209.JPG,3R/103MEDIA,2,Western_Leopard_Toad,0.3538,4547.9,1302.4,4605.1,1428.8
/srv/shared_leopard_toad/2024/09.02.2024/3R/103MEDIA/DSCF0209.JPG,DSCF0209.JPG,3R/103MEDIA,0,Other_Amphibian,0.2399,396.4,779.6,525.0,921.4
/srv/shared_leopard_toad/2024/09.02.2024/3R/103MEDIA/DSCF0725.JPG,DSCF0725.JPG,3R/103MEDIA,2,Western_Leopard_Toad,0.2544,4549.7,1302.6,4607.8,1431.1
/srv/shared_leopard_toad/2024/09.02.2024/3R/103MEDIA/DSCF0550.JPG,DSCF0550.JPG,3R/103MEDIA,1,Small_Mammal,0.3442,1007.9,3.0,1327.6,332.1
/srv/shared_leopard_toad/2024/09.02.2024/3R/103MEDIA/DSCF0550.JPG,DSCF0550.JPG,3R/103MEDIA,2,Western_Leopard_Toad,0.3101,4550.0,1300.5,4607.5,1433.2
/srv/shared_leopard_toad/2024/09.02.2024/3R/103MEDIA/DSCF0015.JPG,DSCF0015.JPG,3R/103MEDIA,2,Western_Leopard_Toad,0.3684,4547.7,1293.0,4605.3,1430.6
/srv/shared_leopard_toad/2024/09.02.2024/3R/103MEDIA/DSCF0612.JPG,DSCF0612.JPG,3R/103MEDIA,2,Western_Leopard_Toad,0.3391,4550.0,1298.9,4607.5,1427.2
/srv/shared_leopard_toad/2024/09.02.2024/3R/103MEDIA/DSCF0612.JPG,DSCF0612.JPG,3R/103MEDIA,1,Small_Mammal,0.2244,1003.1,0.5,1341.4,327.3
/srv/shared_leopard_toad/2024/09.02.2024/3R/103MEDIA/DSCF0633.JPG,DSCF0633.JPG,3R/103MEDIA,1,Small_Mammal,0.6187,1014.6,2.1,1327.6,331.1
/srv/shared_leopard_toad/2024/09.02.2024/3R/103MEDIA/DSCF0633.JPG,DSCF0633.JPG,3R/103MEDIA,2,Western_Leopard_Toad,0.2578,4547.4,1302.2,4605.6,1431.5
/srv/shared_leopard_toad/2024/09.02.2024/3R/103MEDIA/DSCF0626.JPG,DSCF0626.JPG,3R/103MEDIA,2,Western_Leopard_Toad,0.5181,4549.0,1298.0,4608.5,1428.2
/srv/shared_leopard_toad/2024/09.02.2024/3R/103MEDIA/DSCF0626.JPG,DSCF0626.JPG,3R/103MEDIA,1,Small_Mammal,0.3105,1007.7,1.6,1332.3,328.7
/srv/shared_leopard_toad/2024/09.02.2024/3R/103MEDIA/DSCF0626.JPG,DSCF0626.JPG,3R/103MEDIA,0,Other_Amphibian,0.2659,4549.0,1298.0,4608.5,1428.2
/srv/shared_leopard_toad/2024/09.02.2024/3R/103MEDIA/DSCF0076.JPG,DSCF0076.JPG,3R/103MEDIA,2,Western_Leopard_Toad,0.2883,4544.2,1301.5,4604.3,1437.4
/srv/shared_leopard_toad/2024/09.02.2024/3R/103MEDIA/DSCF0918.JPG,DSCF0918.JPG,3R/103MEDIA,2,Western_Leopard_Toad,0.3359,4550.2,1297.1,4607.3,1436.6
/srv/shared_leopard_toad/2024/09.02.2024/3R/103MEDIA/DSCF0240.JPG,DSCF0240.JPG,3R/103MEDIA,2,Western_Leopard_Toad,0.4380,4547.4,1302.1,4605.6,1439.3
/srv/shared_leopard_toad/2024/09.02.2024/3R/103MEDIA/DSCF0714.JPG,DSCF0714.JPG,3R/103MEDIA,2,Western_Leopard_Toad,0.5298,1732.1,2149.2,1843.1,2272.9
/srv/shared_leopard_toad/2024/09.02.2024/3R/103MEDIA/DSCF0714.JPG,DSCF0714.JPG,3R/103MEDIA,0,Other_Amphibian,0.3938,1732.1,2149.2,1843.1,2272.9
/srv/shared_leopard_toad/2024/09.02.2024/3R/103MEDIA/DSCF0714.JPG,DSCF0714.JPG,3R/103MEDIA,2,Western_Leopard_Toad,0.3547,4548.7,1306.1,4608.8,1432.7
/srv/shared_leopard_toad/2024/09.02.2024/3R/103MEDIA/DSCF0302.JPG,DSCF0302.JPG,3R/103MEDIA,0,Other_Amphibian,0.2761,397.0,776.2,526.1,923.6
/srv/shared_leopard_toad/2024/09.02.2024/3R/103MEDIA/DSCF0801.JPG,DSCF0801.JPG,3R/103MEDIA,2,Western_Leopard_Toad,0.3096,3766.4,1694.8,3951.1,1935.1
/srv/shared_leopard_toad/2024/09.02.2024/3R/103MEDIA/DSCF0232.JPG,DSCF0232.JPG,3R/103MEDIA,0,Other_Amphibian,0.3418,395.6,775.6,527.4,922.9
/srv/shared_leopard_toad/2024/09.02.2024/3R/103MEDIA/DSCF0232.JPG,DSCF0232.JPG,3R/103MEDIA,2,Western_Leopard_Toad,0.2546,4545.1,1301.6,4603.4,1429.6
/srv/shared_leopard_toad/2024/09.02.2024/3R/103MEDIA/DSCF0545.JPG,DSCF0545.JPG,3R/103MEDIA,1,Small_Mammal,0.2751,1009.5,2.8,1326.0,334.1
/srv/shared_leopard_toad/2024/09.02.2024/3R/103MEDIA/DSCF0377.JPG,DSCF0377.JPG,3R/103MEDIA,2,Western_Leopard_Toad,0.3960,4546.0,1299.9,4607.0,1431.3
/srv/shared_leopard_toad/2024/09.02.2024/3R/103MEDIA/DSCF0377.JPG,DSCF0377.JPG,3R/103MEDIA,0,Other_Amphibian,0.3279,4546.0,1299.9,4607.0,1431.3
/srv/shared_leopard_toad/2024/09.02.2024/3R/103MEDIA/DSCF0048.JPG,DSCF0048.JPG,3R/103MEDIA,2,Western_Leopard_Toad,0.3960,4550.6,1304.4,4606.9,1434.4
/srv/shared_leopard_toad/2024/09.02.2024/3R/103MEDIA/DSCF0048.JPG,DSCF0048.JPG,3R/103MEDIA,0,Other_Amphibian,0.2123,4550.6,1304.4,4606.9,1434.4
/srv/shared_leopard_toad/2024/09.02.2024/3R/103MEDIA/DSCF0267.JPG,DSCF0267.JPG,3R/103MEDIA,2,Western_Leopard_Toad,0.4697,4547.6,1299.8,4605.4,1428.9
/srv/shared_leopard_toad/2024/09.02.2024/3R/103MEDIA/DSCF0319.JPG,DSCF0319.JPG,3R/103MEDIA,2,Western_Leopard_Toad,0.3298,4547.6,1298.5,4605.4,1430.2
/srv/shared_leopard_toad/2024/09.02.2024/3R/103MEDIA/DSCF0319.JPG,DSCF0319.JPG,3R/103MEDIA,0,Other_Amphibian,0.2966,399.8,777.8,526.6,920.7
/srv/shared_leopard_toad/2024/09.02.2024/3R/103MEDIA/DSCF0150.JPG,DSCF0150.JPG,3R/103MEDIA,2,Western_Leopard_Toad,0.3979,4548.5,1300.9,4604.5,1432.8
/srv/shared_leopard_toad/2024/09.02.2024/3R/103MEDIA/DSCF0150.JPG,DSCF0150.JPG,3R/103MEDIA,0,Other_Amphibian,0.2422,4548.5,1300.9,4604.5,1432.8
/srv/shared_leopard_toad/2024/09.02.2024/3R/103MEDIA/DSCF0510.JPG,DSCF0510.JPG,3R/103MEDIA,2,Western_Leopard_Toad,0.5068,4547.4,1296.1,4605.6,1430.0
/srv/shared_leopard_toad/2024/09.02.2024/3R/103MEDIA/DSCF0643.JPG,DSCF0643.JPG,3R/103MEDIA,2,Western_Leopard_Toad,0.4756,4548.4,1296.6,4609.1,1437.1
/srv/shared_leopard_toad/2024/09.02.2024/3R/103MEDIA/DSCF0643.JPG,DSCF0643.JPG,3R/103MEDIA,1,Small_Mammal,0.3220,1013.2,1.3,1326.8,338.2
/srv/shared_leopard_toad/2024/09.02.2024/3R/103MEDIA/DSCF0323.JPG,DSCF0323.JPG,3R/103MEDIA,2,Western_Leopard_Toad,0.3535,4551.3,1301.2,4606.2,1430.0
/srv/shared_leopard_toad/2024/09.02.2024/3R/103MEDIA/DSCF0013.JPG,DSCF0013.JPG,3R/103MEDIA,2,Western_Leopard_Toad,0.3025,4548.3,1304.1,4604.7,1437.2
/srv/shared_leopard_toad/2024/09.02.2024/3R/103MEDIA/DSCF0108.JPG,DSCF0108.JPG,3R/103MEDIA,2,Western_Leopard_Toad,0.3955,4548.3,1303.4,4604.7,1435.4
/srv/shared_leopard_toad/2024/09.02.2024/3R/103MEDIA/DSCF0277.JPG,DSCF0277.JPG,3R/103MEDIA,2,Western_Leopard_Toad,0.2573,4548.3,1302.8,4604.7,1428.5
/srv/shared_leopard_toad/2024/09.02.2024/3R/103MEDIA/DSCF0153.JPG,DSCF0153.JPG,3R/103MEDIA,2,Western_Leopard_Toad,0.2896,4544.9,1303.3,4603.6,1430.4
/srv/shared_leopard_toad/2024/09.02.2024/3R/103MEDIA/DSCF0079.JPG,DSCF0079.JPG,3R/103MEDIA,2,Western_Leopard_Toad,0.2703,4544.5,1293.8,4604.0,1434.9
/srv/shared_leopard_toad/2024/09.02.2024/3R/103MEDIA/DSCF0996.JPG,DSCF0996.JPG,3R/103MEDIA,2,Western_Leopard_Toad,0.2961,4545.6,1298.9,4607.4,1432.3
/srv/shared_leopard_toad/2024/09.02.2024/3R/103MEDIA/DSCF0610.JPG,DSCF0610.JPG,3R/103MEDIA,2,Western_Leopard_Toad,0.3684,4546.8,1301.0,4606.2,1432.7
/srv/shared_leopard_toad/2024/09.02.2024/3R/103MEDIA/DSCF0692.JPG,DSCF0692.JPG,3R/103MEDIA,0,Other_Amphibian,0.2644,2623.2,1563.4,2700.3,1651.3
/srv/shared_leopard_toad/2024/09.02.2024/3R/103MEDIA/DSCF0692.JPG,DSCF0692.JPG,3R/103MEDIA,2,Western_Leopard_Toad,0.2612,4546.4,1303.1,4606.6,1430.7
/srv/shared_leopard_toad/2024/09.02.2024/3R/103MEDIA/DSCF0542.JPG,DSCF0542.JPG,3R/103MEDIA,2,Western_Leopard_Toad,0.5879,4548.0,1300.4,4609.5,1433.3
/srv/shared_leopard_toad/2024/09.02.2024/3R/103MEDIA/DSCF0542.JPG,DSCF0542.JPG,3R/103MEDIA,0,Other_Amphibian,0.2639,4548.0,1300.4,4609.5,1433.3
/srv/shared_leopard_toad/2024/09.02.2024/3R/103MEDIA/DSCF0119.JPG,DSCF0119.JPG,3R/103MEDIA,2,Western_Leopard_Toad,0.3235,4544.7,1299.0,4603.8,1429.7
/srv/shared_leopard_toad/2024/09.02.2024/3R/103MEDIA/DSCF0098.JPG,DSCF0098.JPG,3R/103MEDIA,2,Western_Leopard_Toad,0.3008,4541.9,1299.6,4602.1,1426.5
/srv/shared_leopard_toad/2024/09.02.2024/3R/103MEDIA/DSCF0214.JPG,DSCF0214.JPG,3R/103MEDIA,2,Western_Leopard_Toad,0.4189,4547.4,1299.3,4605.6,1426.9
/srv/shared_leopard_toad/2024/09.02.2024/3R/103MEDIA/DSCF0627.JPG,DSCF0627.JPG,3R/103MEDIA,2,Western_Leopard_Toad,0.5225,4549.8,1301.3,4607.7,1429.9
/srv/shared_leopard_toad/2024/09.02.2024/3R/103MEDIA/DSCF0627.JPG,DSCF0627.JPG,3R/103MEDIA,1,Small_Mammal,0.3245,1007.6,1.7,1327.9,328.6
/srv/shared_leopard_toad/2024/09.02.2024/3R/103MEDIA/DSCF0627.JPG,DSCF0627.JPG,3R/103MEDIA,0,Other_Amphibian,0.2037,4549.8,1301.3,4607.7,1429.9
/srv/shared_leopard_toad/2024/09.02.2024/3R/103MEDIA/DSCF0425.JPG,DSCF0425.JPG,3R/103MEDIA,2,Western_Leopard_Toad,0.4565,4547.3,1301.1,4605.7,1430.1
/srv/shared_leopard_toad/2024/09.02.2024/3R/103MEDIA/DSCF0420.JPG,DSCF0420.JPG,3R/103MEDIA,2,Western_Leopard_Toad,0.3711,4550.1,1300.1,4607.4,1428.6
/srv/shared_leopard_toad/2024/09.02.2024/3R/103MEDIA/DSCF0398.JPG,DSCF0398.JPG,3R/103MEDIA,2,Western_Leopard_Toad,0.5005,4546.8,1305.9,4606.2,1430.4
/srv/shared_leopard_toad/2024/09.02.2024/3R/103MEDIA/DSCF0398.JPG,DSCF0398.JPG,3R/103MEDIA,0,Other_Amphibian,0.2477,4546.8,1305.9,4606.2,1430.4
/srv/shared_leopard_toad/2024/09.02.2024/3R/103MEDIA/DSCF0540.JPG,DSCF0540.JPG,3R/103MEDIA,1,Small_Mammal,0.3083,1011.4,2.1,1337.6,333.7
/srv/shared_leopard_toad/2024/09.02.2024/3R/103MEDIA/DSCF0540.JPG,DSCF0540.JPG,3R/103MEDIA,2,Western_Leopard_Toad,0.2817,4547.2,1302.8,4605.8,1438.5
/srv/shared_leopard_toad/2024/09.02.2024/3R/103MEDIA/DSCF0618.JPG,DSCF0618.JPG,3R/103MEDIA,1,Small_Mammal,0.4575,1007.0,1.1,1335.2,332.1
/srv/shared_leopard_toad/2024/09.02.2024/3R/103MEDIA/DSCF0618.JPG,DSCF0618.JPG,3R/103MEDIA,2,Western_Leopard_Toad,0.3589,4546.6,1300.2,4606.4,1441.2
/srv/shared_leopard_toad/2024/09.02.2024/3R/103MEDIA/DSCF0112.JPG,DSCF0112.JPG,3R/103MEDIA,2,Western_Leopard_Toad,0.2590,4545.2,1301.0,4603.3,1432.7
/srv/shared_leopard_toad/2024/09.02.2024/3R/103MEDIA/DSCF0584.JPG,DSCF0584.JPG,3R/103MEDIA,2,Western_Leopard_Toad,0.3521,4547.3,1298.4,4605.7,1430.3
/srv/shared_leopard_toad/2024/09.02.2024/3R/103MEDIA/DSCF0584.JPG,DSCF0584.JPG,3R/103MEDIA,1,Small_Mammal,0.2988,1005.8,2.1,1329.8,323.5
/srv/shared_leopard_toad/2024/09.02.2024/3R/103MEDIA/DSCF0263.JPG,DSCF0263.JPG,3R/103MEDIA,2,Western_Leopard_Toad,0.4624,4546.3,1300.9,4606.7,1437.9
/srv/shared_leopard_toad/2024/09.02.2024/3R/103MEDIA/DSCF0586.JPG,DSCF0586.JPG,3R/103MEDIA,2,Western_Leopard_Toad,0.6040,4548.4,1300.9,4609.1,1427.8
/srv/shared_leopard_toad/2024/09.02.2024/3R/103MEDIA/DSCF0586.JPG,DSCF0586.JPG,3R/103MEDIA,0,Other_Amphibian,0.2681,4548.4,1300.9,4609.1,1427.8
/srv/shared_leopard_toad/2024/09.02.2024/3R/103MEDIA/DSCF0586.JPG,DSCF0586.JPG,3R/103MEDIA,1,Small_Mammal,0.2319,1008.0,2.7,1334.2,323.5
/srv/shared_leopard_toad/2024/09.02.2024/3R/103MEDIA/DSCF0349.JPG,DSCF0349.JPG,3R/103MEDIA,0,Other_Amphibian,0.2335,395.2,776.9,523.3,921.6
/srv/shared_leopard_toad/2024/09.02.2024/3R/103MEDIA/DSCF0555.JPG,DSCF0555.JPG,3R/103MEDIA,2,Western_Leopard_Toad,0.5869,4548.6,1297.0,4608.9,1431.7
/srv/shared_leopard_toad/2024/09.02.2024/3R/103MEDIA/DSCF0555.JPG,DSCF0555.JPG,3R/103MEDIA,1,Small_Mammal,0.2335,1010.7,2.7,1331.6,331.8
/srv/shared_leopard_toad/2024/09.02.2024/3R/103MEDIA/DSCF0555.JPG,DSCF0555.JPG,3R/103MEDIA,0,Other_Amphibian,0.2189,4548.6,1297.0,4608.9,1431.7
/srv/shared_leopard_toad/2024/09.02.2024/3R/103MEDIA/DSCF0229.JPG,DSCF0229.JPG,3R/103MEDIA,2,Western_Leopard_Toad,0.4363,2094.8,2382.9,2198.2,2449.3
/srv/shared_leopard_toad/2024/09.02.2024/3R/103MEDIA/DSCF0657.JPG,DSCF0657.JPG,3R/103MEDIA,2,Western_Leopard_Toad,0.3750,4542.2,1302.5,4606.3,1431.3
/srv/shared_leopard_toad/2024/09.02.2024/3R/103MEDIA/DSCF0657.JPG,DSCF0657.JPG,3R/103MEDIA,0,Other_Amphibian,0.2426,4542.2,1302.5,4606.3,1431.3
/srv/shared_leopard_toad/2024/09.02.2024/3R/103MEDIA/DSCF0163.JPG,DSCF0163.JPG,3R/103MEDIA,2,Western_Leopard_Toad,0.3870,4544.5,1302.9,4604.0,1428.3
/srv/shared_leopard_toad/2024/09.02.2024/3R/103MEDIA/DSCF0163.JPG,DSCF0163.JPG,3R/103MEDIA,0,Other_Amphibian,0.2161,4544.5,1302.9,4604.0,1428.3
/srv/shared_leopard_toad/2024/09.02.2024/3R/103MEDIA/DSCF0587.JPG,DSCF0587.JPG,3R/103MEDIA,2,Western_Leopard_Toad,0.3582,4547.5,1299.8,4605.5,1426.4
/srv/shared_leopard_toad/2024/09.02.2024/3R/103MEDIA/DSCF0563.JPG,DSCF0563.JPG,3R/103MEDIA,1,Small_Mammal,0.2886,1014.5,0.6,1341.3,324.4
/srv/shared_leopard_toad/2024/09.02.2024/3R/103MEDIA/DSCF0283.JPG,DSCF0283.JPG,3R/103MEDIA,2,Western_Leopard_Toad,0.3784,4543.9,1300.8,4604.6,1433.0
/srv/shared_leopard_toad/2024/09.02.2024/3R/103MEDIA/DSCF0869.JPG,DSCF0869.JPG,3R/103MEDIA,0,Other_Amphibian,0.8062,1393.0,2058.9,1480.3,2175.8
/srv/shared_leopard_toad/2024/09.02.2024/3R/103MEDIA/DSCF0869.JPG,DSCF0869.JPG,3R/103MEDIA,0,Other_Amphibian,0.6938,1392.7,2057.9,1476.1,2176.8
/srv/shared_leopard_toad/2024/09.02.2024/3R/103MEDIA/DSCF0470.JPG,DSCF0470.JPG,3R/103MEDIA,2,Western_Leopard_Toad,0.4897,4549.6,1306.2,4607.9,1432.6
/srv/shared_leopard_toad/2024/09.02.2024/3R/103MEDIA/DSCF0470.JPG,DSCF0470.JPG,3R/103MEDIA,0,Other_Amphibian,0.2573,4549.6,1306.2,4607.9,1432.6
/srv/shared_leopard_toad/2024/09.02.2024/3R/103MEDIA/DSCF0710.JPG,DSCF0710.JPG,3R/103MEDIA,2,Western_Leopard_Toad,0.2896,4545.9,1301.9,4607.1,1434.3
/srv/shared_leopard_toad/2024/09.02.2024/3R/103MEDIA/DSCF0406.JPG,DSCF0406.JPG,3R/103MEDIA,2,Western_Leopard_Toad,0.4106,4549.4,1298.9,4608.1,1427.2
/srv/shared_leopard_toad/2024/09.02.2024/3R/103MEDIA/DSCF0863.JPG,DSCF0863.JPG,3R/103MEDIA,0,Other_Amphibian,0.3940,1390.6,2058.1,1469.1,2176.7
/srv/shared_leopard_toad/2024/09.02.2024/3R/103MEDIA/DSCF0863.JPG,DSCF0863.JPG,3R/103MEDIA,0,Other_Amphibian,0.3254,1388.4,2054.8,1469.1,2177.5
/srv/shared_leopard_toad/2024/09.02.2024/3R/103MEDIA/DSCF0265.JPG,DSCF0265.JPG,3R/103MEDIA,2,Western_Leopard_Toad,0.2710,4544.6,1303.3,4603.9,1433.0
/srv/shared_leopard_toad/2024/09.02.2024/3R/103MEDIA/DSCF0850.JPG,DSCF0850.JPG,3R/103MEDIA,2,Western_Leopard_Toad,0.3938,4550.3,1298.4,4607.2,1437.9
/srv/shared_leopard_toad/2024/09.02.2024/3R/103MEDIA/DSCF0022.JPG,DSCF0022.JPG,3R/103MEDIA,2,Western_Leopard_Toad,0.4287,4550.4,1295.1,4607.1,1436.1
/srv/shared_leopard_toad/2024/09.02.2024/3R/103MEDIA/DSCF0022.JPG,DSCF0022.JPG,3R/103MEDIA,0,Other_Amphibian,0.2114,4550.4,1295.1,4607.1,1436.1
/srv/shared_leopard_toad/2024/09.02.2024/3R/103MEDIA/DSCF0389.JPG,DSCF0389.JPG,3R/103MEDIA,2,Western_Leopard_Toad,0.4302,4548.1,1301.7,4604.9,1437.1
/srv/shared_leopard_toad/2024/09.02.2024/3R/103MEDIA/DSCF0198.JPG,DSCF0198.JPG,3R/103MEDIA,2,Western_Leopard_Toad,0.3088,4547.6,1311.2,4605.4,1430.1
/srv/shared_leopard_toad/2024/09.02.2024/3R/103MEDIA/DSCF0395.JPG,DSCF0395.JPG,3R/103MEDIA,2,Western_Leopard_Toad,0.3936,4546.8,1305.3,4606.2,1438.6
/srv/shared_leopard_toad/2024/09.02.2024/3R/103MEDIA/DSCF0570.JPG,DSCF0570.JPG,3R/103MEDIA,2,Western_Leopard_Toad,0.4763,4548.7,1301.0,4608.8,1427.7
/srv/shared_leopard_toad/2024/09.02.2024/3R/103MEDIA/DSCF0570.JPG,DSCF0570.JPG,3R/103MEDIA,1,Small_Mammal,0.3015,1009.3,0.2,1339.7,321.8
/srv/shared_leopard_toad/2024/09.02.2024/3R/103MEDIA/DSCF0785.JPG,DSCF0785.JPG,3R/103MEDIA,2,Western_Leopard_Toad,0.6997,3761.4,1697.8,3956.1,1934.6
/srv/shared_leopard_toad/2024/09.02.2024/3R/103MEDIA/DSCF0785.JPG,DSCF0785.JPG,3R/103MEDIA,2,Western_Leopard_Toad,0.3323,4547.1,1302.3,4605.9,1428.9
/srv/shared_leopard_toad/2024/09.02.2024/3R/103MEDIA/DSCF0073.JPG,DSCF0073.JPG,3R/103MEDIA,2,Western_Leopard_Toad,0.3252,4548.2,1303.2,4604.8,1433.1
/srv/shared_leopard_toad/2024/09.02.2024/3R/103MEDIA/DSCF0370.JPG,DSCF0370.JPG,3R/103MEDIA,2,Western_Leopard_Toad,0.3467,4543.3,1299.5,4605.2,1431.7
/srv/shared_leopard_toad/2024/09.02.2024/3R/103MEDIA/DSCF0289.JPG,DSCF0289.JPG,3R/103MEDIA,2,Western_Leopard_Toad,0.3809,4551.0,1299.9,4606.5,1431.3
/srv/shared_leopard_toad/2024/09.02.2024/3R/103MEDIA/DSCF0289.JPG,DSCF0289.JPG,3R/103MEDIA,0,Other_Amphibian,0.2374,395.4,777.4,526.0,921.1
/srv/shared_leopard_toad/2024/09.02.2024/3R/103MEDIA/DSCF0017.JPG,DSCF0017.JPG,3R/103MEDIA,0,Other_Amphibian,0.3811,1989.2,1859.0,2060.8,1940.4
/srv/shared_leopard_toad/2024/09.02.2024/3R/103MEDIA/DSCF0017.JPG,DSCF0017.JPG,3R/103MEDIA,2,Western_Leopard_Toad,0.2864,4547.7,1296.8,4605.3,1434.4
/srv/shared_leopard_toad/2024/09.02.2024/3R/103MEDIA/DSCF0440.JPG,DSCF0440.JPG,3R/103MEDIA,2,Western_Leopard_Toad,0.4824,4548.2,1302.2,4604.8,1431.5
/srv/shared_leopard_toad/2024/09.02.2024/3R/103MEDIA/DSCF0075.JPG,DSCF0075.JPG,3R/103MEDIA,0,Other_Amphibian,0.6006,2353.8,2063.3,2420.7,2148.7
/srv/shared_leopard_toad/2024/09.02.2024/3R/103MEDIA/DSCF0075.JPG,DSCF0075.JPG,3R/103MEDIA,2,Western_Leopard_Toad,0.3591,4550.7,1303.9,4606.8,1434.9
/srv/shared_leopard_toad/2024/09.02.2024/3R/103MEDIA/DSCF0571.JPG,DSCF0571.JPG,3R/103MEDIA,2,Western_Leopard_Toad,0.4663,4547.0,1298.0,4606.0,1430.7
/srv/shared_leopard_toad/2024/09.02.2024/3R/103MEDIA/DSCF0571.JPG,DSCF0571.JPG,3R/103MEDIA,1,Small_Mammal,0.2129,1007.2,0.5,1341.8,319.7
/srv/shared_leopard_toad/2024/09.02.2024/3R/103MEDIA/DSCF0375.JPG,DSCF0375.JPG,3R/103MEDIA,0,Other_Amphibian,0.3965,399.7,777.6,526.8,920.9
/srv/shared_leopard_toad/2024/09.02.2024/3R/103MEDIA/DSCF0375.JPG,DSCF0375.JPG,3R/103MEDIA,2,Western_Leopard_Toad,0.3191,4544.4,1302.5,4604.1,1431.3
/srv/shared_leopard_toad/2024/09.02.2024/3R/103MEDIA/DSCF0337.JPG,DSCF0337.JPG,3R/103MEDIA,0,Other_Amphibian,0.5879,399.7,779.6,523.4,920.1
/srv/shared_leopard_toad/2024/09.02.2024/3R/103MEDIA/DSCF0337.JPG,DSCF0337.JPG,3R/103MEDIA,2,Western_Leopard_Toad,0.2930,4546.2,1295.9,4606.8,1430.3
/srv/shared_leopard_toad/2024/09.02.2024/3R/103MEDIA/DSCF0639.JPG,DSCF0639.JPG,3R/103MEDIA,2,Western_Leopard_Toad,0.3630,4546.5,1296.0,4606.5,1430.2
/srv/shared_leopard_toad/2024/09.02.2024/3R/103MEDIA/DSCF0639.JPG,DSCF0639.JPG,3R/103MEDIA,1,Small_Mammal,0.2717,1016.2,0.8,1341.8,336.2
/srv/shared_leopard_toad/2024/09.02.2024/3R/103MEDIA/DSCF0104.JPG,DSCF0104.JPG,3R/103MEDIA,2,Western_Leopard_Toad,0.3096,4544.9,1298.3,4603.6,1430.4
/srv/shared_leopard_toad/2024/09.02.2024/3R/103MEDIA/DSCF0316.JPG,DSCF0316.JPG,3R/103MEDIA,2,Western_Leopard_Toad,0.4824,4547.2,1301.3,4605.8,1429.9
/srv/shared_leopard_toad/2024/09.02.2024/3R/103MEDIA/DSCF0043.JPG,DSCF0043.JPG,3R/103MEDIA,2,Western_Leopard_Toad,0.4697,4550.3,1301.5,4607.2,1437.4
/srv/shared_leopard_toad/2024/09.02.2024/3R/103MEDIA/DSCF0275.JPG,DSCF0275.JPG,3R/103MEDIA,2,Western_Leopard_Toad,0.3950,4547.2,1299.9,4605.8,1441.4
/srv/shared_leopard_toad/2024/09.02.2024/3R/103MEDIA/DSCF0245.JPG,DSCF0245.JPG,3R/103MEDIA,2,Western_Leopard_Toad,0.3699,4544.8,1300.4,4603.7,1435.9
/srv/shared_leopard_toad/2024/09.02.2024/3R/103MEDIA/DSCF0603.JPG,DSCF0603.JPG,3R/103MEDIA,2,Western_Leopard_Toad,0.4890,4547.1,1302.4,4605.9,1431.4
/srv/shared_leopard_toad/2024/09.02.2024/3R/103MEDIA/DSCF0603.JPG,DSCF0603.JPG,3R/103MEDIA,1,Small_Mammal,0.2229,1009.0,1.6,1340.0,326.8
/srv/shared_leopard_toad/2024/09.02.2024/3R/103MEDIA/DSCF0492.JPG,DSCF0492.JPG,3R/103MEDIA,2,Western_Leopard_Toad,0.3928,4550.1,1303.8,4607.4,1432.5
/srv/shared_leopard_toad/2024/09.02.2024/3R/103MEDIA/DSCF0530.JPG,DSCF0530.JPG,3R/103MEDIA,2,Western_Leopard_Toad,0.4597,4548.4,1301.1,4609.1,1432.6
/srv/shared_leopard_toad/2024/09.02.2024/3R/103MEDIA/DSCF0530.JPG,DSCF0530.JPG,3R/103MEDIA,0,Other_Amphibian,0.2815,4548.4,1301.1,4609.1,1432.6
/srv/shared_leopard_toad/2024/09.02.2024/3R/103MEDIA/DSCF0521.JPG,DSCF0521.JPG,3R/103MEDIA,2,Western_Leopard_Toad,0.3916,4549.0,1299.5,4608.5,1431.7
/srv/shared_leopard_toad/2024/09.02.2024/3R/103MEDIA/DSCF0132.JPG,DSCF0132.JPG,3R/103MEDIA,2,Western_Leopard_Toad,0.2791,4544.1,1305.5,4604.4,1433.3
/srv/shared_leopard_toad/2024/09.02.2024/3R/103MEDIA/DSCF0457.JPG,DSCF0457.JPG,3R/103MEDIA,2,Western_Leopard_Toad,0.5493,4547.5,1299.9,4605.5,1431.3
/srv/shared_leopard_toad/2024/09.02.2024/3R/103MEDIA/DSCF0457.JPG,DSCF0457.JPG,3R/103MEDIA,0,Other_Amphibian,0.2595,4547.5,1299.9,4605.5,1431.3
/srv/shared_leopard_toad/2024/09.02.2024/3R/103MEDIA/DSCF0799.JPG,DSCF0799.JPG,3R/103MEDIA,2,Western_Leopard_Toad,0.3140,4553.5,1299.4,4608.5,1434.3
/srv/shared_leopard_toad/2024/09.02.2024/3R/103MEDIA/DSCF0249.JPG,DSCF0249.JPG,3R/103MEDIA,0,Other_Amphibian,0.5234,389.7,772.3,525.5,923.6
/srv/shared_leopard_toad/2024/09.02.2024/3R/103MEDIA/DSCF0249.JPG,DSCF0249.JPG,3R/103MEDIA,2,Western_Leopard_Toad,0.3936,4546.5,1300.4,4606.5,1430.8
/srv/shared_leopard_toad/2024/09.02.2024/3R/103MEDIA/DSCF0093.JPG,DSCF0093.JPG,3R/103MEDIA,2,Western_Leopard_Toad,0.3970,4548.6,1302.7,4604.4,1431.0
/srv/shared_leopard_toad/2024/09.02.2024/3R/103MEDIA/DSCF0355.JPG,DSCF0355.JPG,3R/103MEDIA,0,Other_Amphibian,0.4504,397.4,777.9,522.3,921.8
/srv/shared_leopard_toad/2024/09.02.2024/3R/103MEDIA/DSCF0535.JPG,DSCF0535.JPG,3R/103MEDIA,2,Western_Leopard_Toad,0.4197,4548.7,1298.2,4608.8,1433.0
/srv/shared_leopard_toad/2024/09.02.2024/3R/103MEDIA/DSCF0535.JPG,DSCF0535.JPG,3R/103MEDIA,1,Small_Mammal,0.2042,1007.6,0.8,1336.9,322.3
/srv/shared_leopard_toad/2024/09.02.2024/3R/103MEDIA/DSCF0285.JPG,DSCF0285.JPG,3R/103MEDIA,2,Western_Leopard_Toad,0.4331,4547.1,1301.6,4605.9,1429.6
/srv/shared_leopard_toad/2024/09.02.2024/3R/103MEDIA/DSCF0285.JPG,DSCF0285.JPG,3R/103MEDIA,0,Other_Amphibian,0.4253,392.2,774.2,524.7,925.5
/srv/shared_leopard_toad/2024/09.02.2024/3R/103MEDIA/DSCF0756.JPG,DSCF0756.JPG,3R/103MEDIA,2,Western_Leopard_Toad,0.2617,4544.2,1301.8,4604.3,1442.1
/srv/shared_leopard_toad/2024/09.02.2024/3R/103MEDIA/DSCF0199.JPG,DSCF0199.JPG,3R/103MEDIA,0,Other_Amphibian,0.3257,397.9,777.4,525.2,913.5
/srv/shared_leopard_toad/2024/09.02.2024/3R/103MEDIA/DSCF0199.JPG,DSCF0199.JPG,3R/103MEDIA,2,Western_Leopard_Toad,0.2527,4547.6,1298.4,4605.4,1435.3
/srv/shared_leopard_toad/2024/09.02.2024/3R/103MEDIA/DSCF0517.JPG,DSCF0517.JPG,3R/103MEDIA,2,Western_Leopard_Toad,0.5181,4547.7,1300.2,4609.8,1428.5
/srv/shared_leopard_toad/2024/09.02.2024/3R/103MEDIA/DSCF0281.JPG,DSCF0281.JPG,3R/103MEDIA,2,Western_Leopard_Toad,0.2925,4543.5,1304.2,4605.0,1434.6
/srv/shared_leopard_toad/2024/09.02.2024/3R/103MEDIA/DSCF0614.JPG,DSCF0614.JPG,3R/103MEDIA,2,Western_Leopard_Toad,0.6035,4549.0,1300.7,4608.5,1428.0
/srv/shared_leopard_toad/2024/09.02.2024/3R/103MEDIA/DSCF0614.JPG,DSCF0614.JPG,3R/103MEDIA,0,Other_Amphibian,0.2517,4549.0,1300.7,4608.5,1428.0
/srv/shared_leopard_toad/2024/09.02.2024/3R/103MEDIA/DSCF0614.JPG,DSCF0614.JPG,3R/103MEDIA,1,Small_Mammal,0.2471,999.0,0.9,1341.0,326.2
/srv/shared_leopard_toad/2024/09.02.2024/3R/103MEDIA/DSCF0674.JPG,DSCF0674.JPG,3R/103MEDIA,2,Western_Leopard_Toad,0.2742,4546.5,1299.0,4606.5,1434.7
/srv/shared_leopard_toad/2024/09.02.2024/3R/103MEDIA/DSCF0597.JPG,DSCF0597.JPG,3R/103MEDIA,2,Western_Leopard_Toad,0.6089,4547.0,1299.1,4606.0,1429.6
/srv/shared_leopard_toad/2024/09.02.2024/3R/103MEDIA/DSCF0597.JPG,DSCF0597.JPG,3R/103MEDIA,1,Small_Mammal,0.5957,1012.5,1.3,1336.5,321.8
/srv/shared_leopard_toad/2024/09.02.2024/3R/103MEDIA/DSCF0120.JPG,DSCF0120.JPG,3R/103MEDIA,2,Western_Leopard_Toad,0.3303,4548.7,1299.2,4604.3,1429.4
/srv/shared_leopard_toad/2024/09.02.2024/3R/103MEDIA/DSCF0364.JPG,DSCF0364.JPG,3R/103MEDIA,2,Western_Leopard_Toad,0.3054,4547.2,1299.5,4605.8,1429.2
/srv/shared_leopard_toad/2024/09.02.2024/3R/103MEDIA/DSCF0673.JPG,DSCF0673.JPG,3R/103MEDIA,2,Western_Leopard_Toad,0.4250,4547.2,1301.7,4605.8,1437.1
/srv/shared_leopard_toad/2024/09.02.2024/3R/103MEDIA/DSCF0255.JPG,DSCF0255.JPG,3R/103MEDIA,2,Western_Leopard_Toad,0.4150,4547.7,1300.0,4605.3,1426.2
/srv/shared_leopard_toad/2024/09.02.2024/3R/103MEDIA/DSCF0477.JPG,DSCF0477.JPG,3R/103MEDIA,2,Western_Leopard_Toad,0.3652,4543.3,1297.2,4605.2,1428.9
/srv/shared_leopard_toad/2024/09.02.2024/3R/103MEDIA/DSCF0976.JPG,DSCF0976.JPG,3R/103MEDIA,2,Western_Leopard_Toad,0.2527,4551.2,1297.9,4606.3,1438.4
/srv/shared_leopard_toad/2024/09.02.2024/3R/103MEDIA/DSCF0698.JPG,DSCF0698.JPG,3R/103MEDIA,2,Western_Leopard_Toad,0.3169,4545.7,1306.0,4607.3,1432.8
/srv/shared_leopard_toad/2024/09.02.2024/3R/103MEDIA/DSCF0698.JPG,DSCF0698.JPG,3R/103MEDIA,0,Other_Amphibian,0.2229,4545.7,1306.0,4607.3,1432.8
/srv/shared_leopard_toad/2024/09.02.2024/3R/103MEDIA/DSCF0475.JPG,DSCF0475.JPG,3R/103MEDIA,2,Western_Leopard_Toad,0.3142,4547.0,1303.8,4606.0,1442.7
/srv/shared_leopard_toad/2024/09.02.2024/3R/103MEDIA/DSCF0219.JPG,DSCF0219.JPG,3R/103MEDIA,2,Western_Leopard_Toad,0.2957,4547.5,1299.7,4605.5,1444.2
/srv/shared_leopard_toad/2024/09.02.2024/3R/103MEDIA/DSCF0480.JPG,DSCF0480.JPG,3R/103MEDIA,2,Western_Leopard_Toad,0.5854,4550.0,1303.8,4607.5,1430.0
/srv/shared_leopard_toad/2024/09.02.2024/3R/103MEDIA/DSCF0480.JPG,DSCF0480.JPG,3R/103MEDIA,0,Other_Amphibian,0.2007,4550.0,1303.8,4607.5,1430.0
/srv/shared_leopard_toad/2024/09.02.2024/3R/103MEDIA/DSCF0330.JPG,DSCF0330.JPG,3R/103MEDIA,2,Western_Leopard_Toad,0.3955,4546.7,1300.2,4606.3,1431.1
/srv/shared_leopard_toad/2024/09.02.2024/3R/103MEDIA/DSCF0330.JPG,DSCF0330.JPG,3R/103MEDIA,0,Other_Amphibian,0.3391,398.5,778.6,524.6,923.6
/srv/shared_leopard_toad/2024/09.02.2024/3R/103MEDIA/DSCF0428.JPG,DSCF0428.JPG,3R/103MEDIA,2,Western_Leopard_Toad,0.3335,4550.0,1300.9,4607.5,1432.8
/srv/shared_leopard_toad/2024/09.02.2024/3R/103MEDIA/DSCF0749.JPG,DSCF0749.JPG,3R/103MEDIA,2,Western_Leopard_Toad,0.2563,4545.8,1298.4,4607.2,1435.3
/srv/shared_leopard_toad/2024/09.02.2024/3R/103MEDIA/DSCF0546.JPG,DSCF0546.JPG,3R/103MEDIA,1,Small_Mammal,0.5137,1013.3,1.7,1335.7,334.0
/srv/shared_leopard_toad/2024/09.02.2024/3R/103MEDIA/DSCF0546.JPG,DSCF0546.JPG,3R/103MEDIA,2,Western_Leopard_Toad,0.3911,4549.6,1303.8,4607.9,1432.5
/srv/shared_leopard_toad/2024/09.02.2024/3R/103MEDIA/DSCF0177.JPG,DSCF0177.JPG,3R/103MEDIA,2,Western_Leopard_Toad,0.3572,4547.9,1300.5,4605.1,1430.7
/srv/shared_leopard_toad/2024/09.02.2024/3R/103MEDIA/DSCF0296.JPG,DSCF0296.JPG,3R/103MEDIA,2,Western_Leopard_Toad,0.4536,4546.8,1300.4,4606.2,1430.8
/srv/shared_leopard_toad/2024/09.02.2024/3R/103MEDIA/DSCF0046.JPG,DSCF0046.JPG,3R/103MEDIA,2,Western_Leopard_Toad,0.4250,4547.6,1298.7,4605.4,1427.5
/srv/shared_leopard_toad/2024/09.02.2024/3R/103MEDIA/DSCF0071.JPG,DSCF0071.JPG,3R/103MEDIA,2,Western_Leopard_Toad,0.3840,4548.0,1304.2,4605.0,1432.1
/srv/shared_leopard_toad/2024/09.02.2024/3R/103MEDIA/DSCF0028.JPG,DSCF0028.JPG,3R/103MEDIA,2,Western_Leopard_Toad,0.4172,4548.6,1303.5,4604.4,1432.8
/srv/shared_leopard_toad/2024/09.02.2024/3R/103MEDIA/DSCF0437.JPG,DSCF0437.JPG,3R/103MEDIA,2,Western_Leopard_Toad,0.3723,4544.2,1299.8,4604.3,1436.4
/srv/shared_leopard_toad/2024/09.02.2024/3R/103MEDIA/DSCF0080.JPG,DSCF0080.JPG,3R/103MEDIA,0,Other_Amphibian,0.4297,2505.8,1767.3,2673.7,1905.5
/srv/shared_leopard_toad/2024/09.02.2024/3R/103MEDIA/DSCF0032.JPG,DSCF0032.JPG,3R/103MEDIA,2,Western_Leopard_Toad,0.3445,4548.3,1300.5,4604.7,1445.9
/srv/shared_leopard_toad/2024/09.02.2024/3R/103MEDIA/DSCF0598.JPG,DSCF0598.JPG,3R/103MEDIA,2,Western_Leopard_Toad,0.4946,4548.3,1296.6,4609.2,1429.5
/srv/shared_leopard_toad/2024/09.02.2024/3R/103MEDIA/DSCF0598.JPG,DSCF0598.JPG,3R/103MEDIA,1,Small_Mammal,0.2489,1002.4,2.8,1328.6,324.4
/srv/shared_leopard_toad/2024/09.02.2024/3R/103MEDIA/DSCF0598.JPG,DSCF0598.JPG,3R/103MEDIA,0,Other_Amphibian,0.2417,4548.3,1296.6,4609.2,1429.5
/srv/shared_leopard_toad/2024/09.02.2024/3R/103MEDIA/DSCF0306.JPG,DSCF0306.JPG,3R/103MEDIA,0,Other_Amphibian,0.5195,399.5,779.9,523.5,917.3
/srv/shared_leopard_toad/2024/09.02.2024/3R/103MEDIA/DSCF0306.JPG,DSCF0306.JPG,3R/103MEDIA,2,Western_Leopard_Toad,0.3689,4546.3,1305.3,4606.7,1428.5
/srv/shared_leopard_toad/2024/09.02.2024/3R/103MEDIA/DSCF0306.JPG,DSCF0306.JPG,3R/103MEDIA,0,Other_Amphibian,0.3076,4546.3,1305.3,4606.7,1428.5
/srv/shared_leopard_toad/2024/09.02.2024/3R/103MEDIA/DSCF0131.JPG,DSCF0131.JPG,3R/103MEDIA,2,Western_Leopard_Toad,0.5259,4547.3,1300.7,4605.7,1433.1
/srv/shared_leopard_toad/2024/09.02.2024/3R/103MEDIA/DSCF0131.JPG,DSCF0131.JPG,3R/103MEDIA,0,Other_Amphibian,0.2659,4547.3,1300.7,4605.7,1433.1
/srv/shared_leopard_toad/2024/09.02.2024/3R/103MEDIA/DSCF0176.JPG,DSCF0176.JPG,3R/103MEDIA,2,Western_Leopard_Toad,0.3909,4548.4,1302.5,4604.6,1426.2
/srv/shared_leopard_toad/2024/09.02.2024/3R/103MEDIA/DSCF0932.JPG,DSCF0932.JPG,3R/103MEDIA,2,Western_Leopard_Toad,0.3218,4550.0,1298.6,4607.5,1450.4
/srv/shared_leopard_toad/2024/09.02.2024/3R/103MEDIA/DSCF0498.JPG,DSCF0498.JPG,3R/103MEDIA,2,Western_Leopard_Toad,0.4072,4547.5,1299.4,4605.5,1431.8
/srv/shared_leopard_toad/2024/09.02.2024/3R/103MEDIA/DSCF0212.JPG,DSCF0212.JPG,3R/103MEDIA,2,Western_Leopard_Toad,0.3335,4549.8,1299.8,4607.7,1428.9
/srv/shared_leopard_toad/2024/09.02.2024/3R/103MEDIA/DSCF0102.JPG,DSCF0102.JPG,3R/103MEDIA,2,Western_Leopard_Toad,0.3889,4547.0,1306.0,4606.0,1432.8
/srv/shared_leopard_toad/2024/09.02.2024/3R/103MEDIA/DSCF0102.JPG,DSCF0102.JPG,3R/103MEDIA,0,Other_Amphibian,0.2185,4547.0,1306.0,4606.0,1432.8
/srv/shared_leopard_toad/2024/09.02.2024/3R/103MEDIA/DSCF0413.JPG,DSCF0413.JPG,3R/103MEDIA,2,Western_Leopard_Toad,0.3140,4547.9,1300.1,4605.1,1428.6
/srv/shared_leopard_toad/2024/09.02.2024/3R/103MEDIA/DSCF0438.JPG,DSCF0438.JPG,3R/103MEDIA,2,Western_Leopard_Toad,0.3977,4547.5,1299.4,4605.5,1431.8
/srv/shared_leopard_toad/2024/09.02.2024/3R/103MEDIA/DSCF0453.JPG,DSCF0453.JPG,3R/103MEDIA,2,Western_Leopard_Toad,0.4595,4548.6,1300.4,4604.4,1430.8
/srv/shared_leopard_toad/2024/09.02.2024/3R/103MEDIA/DSCF0291.JPG,DSCF0291.JPG,3R/103MEDIA,2,Western_Leopard_Toad,0.5405,4546.7,1299.9,4606.3,1433.8
/srv/shared_leopard_toad/2024/09.02.2024/3R/103MEDIA/DSCF0291.JPG,DSCF0291.JPG,3R/103MEDIA,0,Other_Amphibian,0.2429,4546.7,1299.9,4606.3,1433.8
/srv/shared_leopard_toad/2024/09.02.2024/3R/103MEDIA/DSCF0021.JPG,DSCF0021.JPG,3R/103MEDIA,2,Western_Leopard_Toad,0.3496,4550.7,1291.7,4606.8,1431.9
/srv/shared_leopard_toad/2024/09.02.2024/3R/103MEDIA/DSCF0227.JPG,DSCF0227.JPG,3R/103MEDIA,2,Western_Leopard_Toad,0.3489,4548.8,1300.4,4604.2,1428.3
/srv/shared_leopard_toad/2024/09.02.2024/3R/103MEDIA/DSCF0054.JPG,DSCF0054.JPG,3R/103MEDIA,2,Western_Leopard_Toad,0.4041,4550.2,1302.1,4607.3,1431.6
/srv/shared_leopard_toad/2024/09.02.2024/3R/103MEDIA/DSCF0397.JPG,DSCF0397.JPG,3R/103MEDIA,2,Western_Leopard_Toad,0.3376,4545.1,1300.0,4603.4,1428.7
/srv/shared_leopard_toad/2024/09.02.2024/3R/103MEDIA/DSCF0334.JPG,DSCF0334.JPG,3R/103MEDIA,2,Western_Leopard_Toad,0.3938,4548.2,1306.9,4604.8,1431.9
/srv/shared_leopard_toad/2024/09.02.2024/3R/103MEDIA/DSCF0334.JPG,DSCF0334.JPG,3R/103MEDIA,0,Other_Amphibian,0.2129,4548.2,1306.9,4604.8,1431.9
/srv/shared_leopard_toad/2024/09.02.2024/3R/103MEDIA/DSCF0481.JPG,DSCF0481.JPG,3R/103MEDIA,2,Western_Leopard_Toad,0.3152,4548.1,1298.6,4604.9,1432.6
/srv/shared_leopard_toad/2024/09.02.2024/3R/103MEDIA/DSCF0696.JPG,DSCF0696.JPG,3R/103MEDIA,2,Western_Leopard_Toad,0.3530,4547.3,1299.2,4605.7,1434.6
/srv/shared_leopard_toad/2024/09.02.2024/3R/103MEDIA/DSCF0696.JPG,DSCF0696.JPG,3R/103MEDIA,0,Other_Amphibian,0.2247,4547.3,1299.2,4605.7,1434.6
/srv/shared_leopard_toad/2024/09.02.2024/3R/103MEDIA/DSCF0946.JPG,DSCF0946.JPG,3R/103MEDIA,2,Western_Leopard_Toad,0.3137,4547.5,1299.6,4605.5,1429.1
/srv/shared_leopard_toad/2024/09.02.2024/3R/103MEDIA/DSCF0946.JPG,DSCF0946.JPG,3R/103MEDIA,0,Other_Amphibian,0.2177,2539.9,421.3,2635.1,511.4
/srv/shared_leopard_toad/2024/09.02.2024/3R/103MEDIA/DSCF0569.JPG,DSCF0569.JPG,3R/103MEDIA,1,Small_Mammal,0.5576,1009.3,1.0,1339.7,322.7
/srv/shared_leopard_toad/2024/09.02.2024/3R/103MEDIA/DSCF0569.JPG,DSCF0569.JPG,3R/103MEDIA,2,Western_Leopard_Toad,0.5190,4546.7,1304.1,4606.3,1432.2
/srv/shared_leopard_toad/2024/09.02.2024/3R/103MEDIA/DSCF0974.JPG,DSCF0974.JPG,3R/103MEDIA,2,Western_Leopard_Toad,0.4321,4548.9,1300.3,4608.6,1433.4
/srv/shared_leopard_toad/2024/09.02.2024/3R/103MEDIA/DSCF0974.JPG,DSCF0974.JPG,3R/103MEDIA,0,Other_Amphibian,0.2737,4548.9,1300.3,4608.6,1433.4
/srv/shared_leopard_toad/2024/09.02.2024/3R/103MEDIA/DSCF0204.JPG,DSCF0204.JPG,3R/103MEDIA,2,Western_Leopard_Toad,0.2861,4547.1,1297.8,4605.9,1433.4
/srv/shared_leopard_toad/2024/09.02.2024/3R/103MEDIA/DSCF0122.JPG,DSCF0122.JPG,3R/103MEDIA,2,Western_Leopard_Toad,0.2886,4547.2,1304.5,4605.8,1429.2
/srv/shared_leopard_toad/2024/09.02.2024/3R/103MEDIA/DSCF0831.JPG,DSCF0831.JPG,3R/103MEDIA,2,Western_Leopard_Toad,0.3411,4551.1,1299.0,4606.4,1432.2
/srv/shared_leopard_toad/2024/09.02.2024/3R/103MEDIA/DSCF0831.JPG,DSCF0831.JPG,3R/103MEDIA,0,Other_Amphibian,0.2001,409.0,799.2,527.0,925.8
/srv/shared_leopard_toad/2024/09.02.2024/3R/103MEDIA/DSCF0294.JPG,DSCF0294.JPG,3R/103MEDIA,2,Western_Leopard_Toad,0.3354,4547.5,1301.3,4605.5,1434.9
/srv/shared_leopard_toad/2024/09.02.2024/3R/103MEDIA/DSCF0806.JPG,DSCF0806.JPG,3R/103MEDIA,2,Western_Leopard_Toad,0.2573,4549.6,1293.0,4607.9,1433.2
/srv/shared_leopard_toad/2024/09.02.2024/3R/103MEDIA/DSCF0142.JPG,DSCF0142.JPG,3R/103MEDIA,2,Western_Leopard_Toad,0.5044,4546.0,1299.5,4607.0,1426.6
/srv/shared_leopard_toad/2024/09.02.2024/3R/103MEDIA/DSCF0142.JPG,DSCF0142.JPG,3R/103MEDIA,0,Other_Amphibian,0.2722,4546.0,1299.5,4607.0,1426.6
/srv/shared_leopard_toad/2024/09.02.2024/3R/103MEDIA/DSCF0552.JPG,DSCF0552.JPG,3R/103MEDIA,1,Small_Mammal,0.4421,1011.2,1.6,1328.8,328.1
/srv/shared_leopard_toad/2024/09.02.2024/3R/103MEDIA/DSCF0552.JPG,DSCF0552.JPG,3R/103MEDIA,2,Western_Leopard_Toad,0.2986,4549.9,1300.0,4607.6,1438.9
/srv/shared_leopard_toad/2024/09.02.2024/3R/103MEDIA/DSCF0179.JPG,DSCF0179.JPG,3R/103MEDIA,2,Western_Leopard_Toad,0.3848,4544.1,1301.4,4604.4,1427.3
/srv/shared_leopard_toad/2024/09.02.2024/3R/103MEDIA/DSCF0179.JPG,DSCF0179.JPG,3R/103MEDIA,0,Other_Amphibian,0.2134,4544.1,1301.4,4604.4,1427.3
/srv/shared_leopard_toad/2024/09.02.2024/3R/103MEDIA/DSCF0575.JPG,DSCF0575.JPG,3R/103MEDIA,1,Small_Mammal,0.4890,1011.7,1.6,1337.3,318.6
/srv/shared_leopard_toad/2024/09.02.2024/3R/103MEDIA/DSCF0575.JPG,DSCF0575.JPG,3R/103MEDIA,2,Western_Leopard_Toad,0.4531,4549.3,1300.5,4608.2,1430.7
/srv/shared_leopard_toad/2024/09.02.2024/3R/103MEDIA/DSCF0066.JPG,DSCF0066.JPG,3R/103MEDIA,0,Other_Amphibian,0.2012,2052.8,2348.3,2177.2,2448.4
/srv/shared_leopard_toad/2024/09.02.2024/3R/103MEDIA/DSCF0019.JPG,DSCF0019.JPG,3R/103MEDIA,2,Western_Leopard_Toad,0.4888,4550.2,1297.5,4607.3,1428.7
/srv/shared_leopard_toad/2024/09.02.2024/3R/103MEDIA/DSCF0160.JPG,DSCF0160.JPG,3R/103MEDIA,2,Western_Leopard_Toad,0.2749,4547.9,1294.5,4605.1,1434.2
/srv/shared_leopard_toad/2024/09.02.2024/3R/103MEDIA/DSCF0034.JPG,DSCF0034.JPG,3R/103MEDIA,2,Western_Leopard_Toad,0.4263,4551.1,1303.2,4606.4,1433.1
/srv/shared_leopard_toad/2024/09.02.2024/3R/103MEDIA/DSCF0583.JPG,DSCF0583.JPG,3R/103MEDIA,2,Western_Leopard_Toad,0.5361,4546.5,1302.9,4606.5,1433.4
/srv/shared_leopard_toad/2024/09.02.2024/3R/103MEDIA/DSCF0583.JPG,DSCF0583.JPG,3R/103MEDIA,1,Small_Mammal,0.3513,1004.3,1.4,1331.2,327.0
/srv/shared_leopard_toad/2024/09.02.2024/3R/103MEDIA/DSCF0583.JPG,DSCF0583.JPG,3R/103MEDIA,0,Other_Amphibian,0.2211,4546.5,1302.9,4606.5,1433.4
/srv/shared_leopard_toad/2024/09.02.2024/3R/103MEDIA/DSCF0382.JPG,DSCF0382.JPG,3R/103MEDIA,2,Western_Leopard_Toad,0.5405,4546.2,1299.5,4606.8,1429.2
/srv/shared_leopard_toad/2024/09.02.2024/3R/103MEDIA/DSCF0382.JPG,DSCF0382.JPG,3R/103MEDIA,0,Other_Amphibian,0.2059,4546.2,1299.5,4606.8,1429.2
/srv/shared_leopard_toad/2024/09.02.2024/3R/103MEDIA/DSCF0467.JPG,DSCF0467.JPG,3R/103MEDIA,2,Western_Leopard_Toad,0.3540,4547.4,1303.8,4605.6,1432.5
/srv/shared_leopard_toad/2024/09.02.2024/3R/103MEDIA/DSCF0162.JPG,DSCF0162.JPG,3R/103MEDIA,2,Western_Leopard_Toad,0.3706,4546.7,1300.0,4606.3,1428.7
/srv/shared_leopard_toad/2024/09.02.2024/3R/103MEDIA/DSCF0274.JPG,DSCF0274.JPG,3R/103MEDIA,2,Western_Leopard_Toad,0.4263,4544.1,1298.9,4604.4,1429.8
/srv/shared_leopard_toad/2024/09.02.2024/3R/103MEDIA/DSCF0259.JPG,DSCF0259.JPG,3R/103MEDIA,2,Western_Leopard_Toad,0.2881,4545.1,1300.2,4603.4,1441.2
/srv/shared_leopard_toad/2024/09.02.2024/3R/103MEDIA/DSCF0797.JPG,DSCF0797.JPG,3R/103MEDIA,2,Western_Leopard_Toad,0.3855,4549.0,1300.8,4608.5,1433.0
/srv/shared_leopard_toad/2024/09.02.2024/3R/103MEDIA/DSCF0797.JPG,DSCF0797.JPG,3R/103MEDIA,0,Other_Amphibian,0.2625,4549.0,1300.8,4608.5,1433.0
/srv/shared_leopard_toad/2024/09.02.2024/3R/103MEDIA/DSCF0630.JPG,DSCF0630.JPG,3R/103MEDIA,1,Small_Mammal,0.5693,1009.8,0.9,1330.2,329.4
/srv/shared_leopard_toad/2024/09.02.2024/3R/103MEDIA/DSCF0496.JPG,DSCF0496.JPG,3R/103MEDIA,1,Small_Mammal,0.4792,1021.6,0.0,1340.9,315.5
/srv/shared_leopard_toad/2024/09.02.2024/3R/103MEDIA/DSCF0035.JPG,DSCF0035.JPG,3R/103MEDIA,2,Western_Leopard_Toad,0.2720,4544.8,1302.3,4603.7,1441.5
/srv/shared_leopard_toad/2024/09.02.2024/3R/103MEDIA/DSCF0269.JPG,DSCF0269.JPG,3R/103MEDIA,2,Western_Leopard_Toad,0.3022,4549.3,1303.4,4608.2,1427.9
/srv/shared_leopard_toad/2024/09.02.2024/3R/103MEDIA/DSCF0004.JPG,DSCF0004.JPG,3R/103MEDIA,2,Western_Leopard_Toad,0.2693,4550.2,1295.2,4607.3,1436.0
/srv/shared_leopard_toad/2024/09.02.2024/3R/103MEDIA/DSCF0434.JPG,DSCF0434.JPG,3R/103MEDIA,2,Western_Leopard_Toad,0.3228,4547.1,1299.5,4605.9,1429.2
/srv/shared_leopard_toad/2024/09.02.2024/3R/103MEDIA/DSCF0297.JPG,DSCF0297.JPG,3R/103MEDIA,2,Western_Leopard_Toad,0.4258,4547.1,1300.0,4605.9,1426.2
/srv/shared_leopard_toad/2024/09.02.2024/3R/103MEDIA/DSCF0297.JPG,DSCF0297.JPG,3R/103MEDIA,0,Other_Amphibian,0.2917,4547.1,1300.0,4605.9,1426.2
/srv/shared_leopard_toad/2024/09.02.2024/3R/103MEDIA/DSCF0297.JPG,DSCF0297.JPG,3R/103MEDIA,0,Other_Amphibian,0.2185,397.0,778.0,527.8,923.0
/srv/shared_leopard_toad/2024/09.02.2024/3R/103MEDIA/DSCF0424.JPG,DSCF0424.JPG,3R/103MEDIA,2,Western_Leopard_Toad,0.4133,4547.2,1300.7,4605.8,1435.6
/srv/shared_leopard_toad/2024/09.02.2024/3R/103MEDIA/DSCF0170.JPG,DSCF0170.JPG,3R/103MEDIA,2,Western_Leopard_Toad,0.2922,4547.2,1300.5,4605.8,1430.7
/srv/shared_leopard_toad/2024/09.02.2024/3R/103MEDIA/DSCF0352.JPG,DSCF0352.JPG,3R/103MEDIA,2,Western_Leopard_Toad,0.4546,4547.1,1297.9,4605.9,1428.3
/srv/shared_leopard_toad/2024/09.02.2024/3R/103MEDIA/DSCF0628.JPG,DSCF0628.JPG,3R/103MEDIA,1,Small_Mammal,0.5117,1010.4,0.9,1325.1,328.7
/srv/shared_leopard_toad/2024/09.02.2024/3R/103MEDIA/DSCF0628.JPG,DSCF0628.JPG,3R/103MEDIA,2,Western_Leopard_Toad,0.3813,4546.0,1298.2,4607.0,1427.9
/srv/shared_leopard_toad/2024/09.02.2024/3R/103MEDIA/DSCF0628.JPG,DSCF0628.JPG,3R/103MEDIA,0,Other_Amphibian,0.2042,4546.0,1298.2,4607.0,1427.9
/srv/shared_leopard_toad/2024/09.02.2024/3R/103MEDIA/DSCF0793.JPG,DSCF0793.JPG,3R/103MEDIA,2,Western_Leopard_Toad,0.3677,4551.8,1300.5,4610.2,1430.7
/srv/shared_leopard_toad/2024/09.02.2024/3R/103MEDIA/DSCF0793.JPG,DSCF0793.JPG,3R/103MEDIA,0,Other_Amphibian,0.2386,4551.8,1300.5,4610.2,1430.7
/srv/shared_leopard_toad/2024/09.02.2024/3R/103MEDIA/DSCF0646.JPG,DSCF0646.JPG,3R/103MEDIA,2,Western_Leopard_Toad,0.3418,4545.8,1303.1,4607.2,1430.7
/srv/shared_leopard_toad/2024/09.02.2024/3R/103MEDIA/DSCF0859.JPG,DSCF0859.JPG,3R/103MEDIA,2,Western_Leopard_Toad,0.4368,4547.4,1290.9,4605.6,1435.3
/srv/shared_leopard_toad/2024/09.02.2024/3R/103MEDIA/DSCF0547.JPG,DSCF0547.JPG,3R/103MEDIA,2,Western_Leopard_Toad,0.5479,4546.7,1302.4,4606.3,1428.8
/srv/shared_leopard_toad/2024/09.02.2024/3R/103MEDIA/DSCF0547.JPG,DSCF0547.JPG,3R/103MEDIA,1,Small_Mammal,0.2445,1006.6,2.5,1328.9,329.7
/srv/shared_leopard_toad/2024/09.02.2024/3R/103MEDIA/DSCF0547.JPG,DSCF0547.JPG,3R/103MEDIA,0,Other_Amphibian,0.2441,4546.7,1302.4,4606.3,1428.8
/srv/shared_leopard_toad/2024/09.02.2024/3R/103MEDIA/DSCF0161.JPG,DSCF0161.JPG,3R/103MEDIA,2,Western_Leopard_Toad,0.4631,4546.7,1298.9,4606.3,1429.8
/srv/shared_leopard_toad/2024/09.02.2024/3R/103MEDIA/DSCF0321.JPG,DSCF0321.JPG,3R/103MEDIA,0,Other_Amphibian,0.2150,396.9,777.3,522.8,921.2
/srv/shared_leopard_toad/2024/09.02.2024/3R/103MEDIA/DSCF0845.JPG,DSCF0845.JPG,3R/103MEDIA,2,Western_Leopard_Toad,0.2673,4550.9,1301.1,4606.6,1430.1
/srv/shared_leopard_toad/2024/09.02.2024/3R/103MEDIA/DSCF0578.JPG,DSCF0578.JPG,3R/103MEDIA,1,Small_Mammal,0.3987,1010.1,1.4,1338.9,322.9
/srv/shared_leopard_toad/2024/09.02.2024/3R/103MEDIA/DSCF0578.JPG,DSCF0578.JPG,3R/103MEDIA,2,Western_Leopard_Toad,0.3184,4548.5,1300.9,4609.0,1437.9
/srv/shared_leopard_toad/2024/09.02.2024/3R/103MEDIA/DSCF0847.JPG,DSCF0847.JPG,3R/103MEDIA,2,Western_Leopard_Toad,0.3098,4546.4,1303.6,4602.1,1437.8
/srv/shared_leopard_toad/2024/09.02.2024/3R/103MEDIA/DSCF0585.JPG,DSCF0585.JPG,3R/103MEDIA,1,Small_Mammal,0.3835,1006.3,2.1,1329.2,326.4
/srv/shared_leopard_toad/2024/09.02.2024/3R/103MEDIA/DSCF0228.JPG,DSCF0228.JPG,3R/103MEDIA,2,Western_Leopard_Toad,0.3735,4548.1,1299.9,4604.9,1431.3
/srv/shared_leopard_toad/2024/09.02.2024/3R/103MEDIA/DSCF0218.JPG,DSCF0218.JPG,3R/103MEDIA,2,Western_Leopard_Toad,0.3240,4547.7,1304.5,4605.3,1431.8
/srv/shared_leopard_toad/2024/09.02.2024/3R/103MEDIA/DSCF0218.JPG,DSCF0218.JPG,3R/103MEDIA,0,Other_Amphibian,0.2494,394.6,776.7,526.8,920.5
/srv/shared_leopard_toad/2024/09.02.2024/3R/103MEDIA/DSCF0435.JPG,DSCF0435.JPG,3R/103MEDIA,2,Western_Leopard_Toad,0.2993,4547.3,1301.7,4605.7,1432.1
/srv/shared_leopard_toad/2024/09.02.2024/3R/103MEDIA/DSCF0260.JPG,DSCF0260.JPG,3R/103MEDIA,2,Western_Leopard_Toad,0.5264,4547.2,1297.9,4605.8,1435.8
/srv/shared_leopard_toad/2024/09.02.2024/3R/103MEDIA/DSCF0260.JPG,DSCF0260.JPG,3R/103MEDIA,0,Other_Amphibian,0.2230,4547.2,1297.9,4605.8,1435.8
/srv/shared_leopard_toad/2024/09.02.2024/3R/103MEDIA/DSCF0115.JPG,DSCF0115.JPG,3R/103MEDIA,2,Western_Leopard_Toad,0.4128,4547.6,1307.5,4605.4,1431.3
/srv/shared_leopard_toad/2024/09.02.2024/3R/103MEDIA/DSCF0462.JPG,DSCF0462.JPG,3R/103MEDIA,2,Western_Leopard_Toad,0.4043,4548.3,1302.9,4609.2,1433.4
/srv/shared_leopard_toad/2024/09.02.2024/3R/103MEDIA/DSCF0462.JPG,DSCF0462.JPG,3R/103MEDIA,0,Other_Amphibian,0.2722,4548.3,1302.9,4609.2,1433.4
/srv/shared_leopard_toad/2024/09.02.2024/3R/103MEDIA/DSCF0037.JPG,DSCF0037.JPG,3R/103MEDIA,2,Western_Leopard_Toad,0.4255,4549.4,1297.9,4608.1,1430.8
/srv/shared_leopard_toad/2024/09.02.2024/3R/103MEDIA/DSCF0037.JPG,DSCF0037.JPG,3R/103MEDIA,0,Other_Amphibian,0.2181,4549.4,1297.9,4608.1,1430.8
/srv/shared_leopard_toad/2024/09.02.2024/3R/103MEDIA/DSCF0056.JPG,DSCF0056.JPG,3R/103MEDIA,2,Western_Leopard_Toad,0.3123,4547.6,1298.1,4605.4,1433.2
/srv/shared_leopard_toad/2024/09.02.2024/3R/103MEDIA/DSCF0522.JPG,DSCF0522.JPG,3R/103MEDIA,2,Western_Leopard_Toad,0.3062,4546.4,1297.5,4606.6,1431.1
/srv/shared_leopard_toad/2024/09.02.2024/3R/103MEDIA/DSCF0641.JPG,DSCF0641.JPG,3R/103MEDIA,1,Small_Mammal,0.5640,1011.2,0.8,1331.0,336.8
/srv/shared_leopard_toad/2024/09.02.2024/3R/103MEDIA/DSCF0641.JPG,DSCF0641.JPG,3R/103MEDIA,2,Western_Leopard_Toad,0.2966,4548.7,1293.6,4608.8,1432.5
/srv/shared_leopard_toad/2024/09.02.2024/3R/103MEDIA/DSCF0624.JPG,DSCF0624.JPG,3R/103MEDIA,1,Small_Mammal,0.3059,1007.3,0.8,1337.2,327.6
/srv/shared_leopard_toad/2024/09.02.2024/3R/103MEDIA/DSCF0624.JPG,DSCF0624.JPG,3R/103MEDIA,2,Western_Leopard_Toad,0.2964,4547.0,1296.9,4606.0,1434.3
/srv/shared_leopard_toad/2024/09.02.2024/3R/103MEDIA/DSCF0561.JPG,DSCF0561.JPG,3R/103MEDIA,1,Small_Mammal,0.5850,1009.4,1.0,1335.1,321.5
/srv/shared_leopard_toad/2024/09.02.2024/3R/103MEDIA/DSCF0561.JPG,DSCF0561.JPG,3R/103MEDIA,2,Western_Leopard_Toad,0.4399,4546.5,1301.9,4606.5,1429.3
/srv/shared_leopard_toad/2024/09.02.2024/3R/103MEDIA/DSCF0436.JPG,DSCF0436.JPG,3R/103MEDIA,2,Western_Leopard_Toad,0.3367,4544.8,1301.3,4603.7,1432.5
/srv/shared_leopard_toad/2024/09.02.2024/3R/103MEDIA/DSCF0616.JPG,DSCF0616.JPG,3R/103MEDIA,1,Small_Mammal,0.4800,1005.6,0.6,1343.4,325.6
/srv/shared_leopard_toad/2024/09.02.2024/3R/103MEDIA/DSCF0616.JPG,DSCF0616.JPG,3R/103MEDIA,2,Western_Leopard_Toad,0.3284,4549.6,1301.7,4607.9,1437.1
/srv/shared_leopard_toad/2024/09.02.2024/3R/103MEDIA/DSCF0137.JPG,DSCF0137.JPG,3R/103MEDIA,2,Western_Leopard_Toad,0.3044,4550.3,1301.0,4607.2,1432.7
/srv/shared_leopard_toad/2024/09.02.2024/3R/103MEDIA/DSCF0069.JPG,DSCF0069.JPG,3R/103MEDIA,2,Western_Leopard_Toad,0.4351,4549.6,1297.3,4607.9,1433.9
/srv/shared_leopard_toad/2024/09.02.2024/3R/103MEDIA/DSCF0069.JPG,DSCF0069.JPG,3R/103MEDIA,0,Other_Amphibian,0.2374,4549.6,1297.3,4607.9,1433.9
/srv/shared_leopard_toad/2024/09.02.2024/3R/103MEDIA/DSCF0484.JPG,DSCF0484.JPG,3R/103MEDIA,2,Western_Leopard_Toad,0.4346,4548.0,1301.1,4605.0,1432.6
/srv/shared_leopard_toad/2024/09.02.2024/3R/103MEDIA/DSCF0471.JPG,DSCF0471.JPG,3R/103MEDIA,2,Western_Leopard_Toad,0.4692,4547.1,1301.9,4605.9,1429.3
/srv/shared_leopard_toad/2024/09.02.2024/3R/103MEDIA/DSCF0609.JPG,DSCF0609.JPG,3R/103MEDIA,2,Western_Leopard_Toad,0.3960,4549.6,1291.7,4607.9,1429.4
/srv/shared_leopard_toad/2024/09.02.2024/3R/103MEDIA/DSCF0609.JPG,DSCF0609.JPG,3R/103MEDIA,1,Small_Mammal,0.2363,1008.4,1.6,1345.1,330.6
/srv/shared_leopard_toad/2024/09.02.2024/3R/103MEDIA/DSCF0239.JPG,DSCF0239.JPG,3R/103MEDIA,2,Western_Leopard_Toad,0.3809,4548.3,1302.9,4604.7,1428.3
/srv/shared_leopard_toad/2024/09.02.2024/3R/103MEDIA/DSCF0239.JPG,DSCF0239.JPG,3R/103MEDIA,0,Other_Amphibian,0.2651,390.1,773.6,523.4,922.3
/srv/shared_leopard_toad/2024/09.02.2024/3R/103MEDIA/DSCF0329.JPG,DSCF0329.JPG,3R/103MEDIA,2,Western_Leopard_Toad,0.2844,4546.6,1301.3,4606.4,1432.5
/srv/shared_leopard_toad/2024/09.02.2024/3R/103MEDIA/DSCF0147.JPG,DSCF0147.JPG,3R/103MEDIA,2,Western_Leopard_Toad,0.2659,4544.1,1298.1,4604.4,1430.6
/srv/shared_leopard_toad/2024/09.02.2024/3R/103MEDIA/DSCF0261.JPG,DSCF0261.JPG,3R/103MEDIA,2,Western_Leopard_Toad,0.2712,4548.4,1302.4,4604.6,1428.8
/srv/shared_leopard_toad/2024/09.02.2024/3R/103MEDIA/DSCF0326.JPG,DSCF0326.JPG,3R/103MEDIA,0,Other_Amphibian,0.2773,392.3,774.2,522.9,920.5
/srv/shared_leopard_toad/2024/09.02.2024/3R/103MEDIA/DSCF0495.JPG,DSCF0495.JPG,3R/103MEDIA,2,Western_Leopard_Toad,0.3726,4549.2,1299.2,4608.3,1432.1
/srv/shared_leopard_toad/2024/09.02.2024/3R/103MEDIA/DSCF0495.JPG,DSCF0495.JPG,3R/103MEDIA,0,Other_Amphibian,0.2229,4549.2,1299.2,4608.3,1432.1
/srv/shared_leopard_toad/2024/09.02.2024/3R/103MEDIA/DSCF0590.JPG,DSCF0590.JPG,3R/103MEDIA,2,Western_Leopard_Toad,0.6177,4548.4,1296.5,4609.1,1432.2
/srv/shared_leopard_toad/2024/09.02.2024/3R/103MEDIA/DSCF0590.JPG,DSCF0590.JPG,3R/103MEDIA,1,Small_Mammal,0.3711,1005.9,1.7,1334.1,319.2
/srv/shared_leopard_toad/2024/09.02.2024/3R/103MEDIA/DSCF0590.JPG,DSCF0590.JPG,3R/103MEDIA,0,Other_Amphibian,0.3044,4548.4,1296.5,4609.1,1432.2
/srv/shared_leopard_toad/2024/09.02.2024/3R/103MEDIA/DSCF0934.JPG,DSCF0934.JPG,3R/103MEDIA,2,Western_Leopard_Toad,0.3176,4550.7,1300.7,4606.8,1440.6
/srv/shared_leopard_toad/2024/09.02.2024/3R/103MEDIA/DSCF0175.JPG,DSCF0175.JPG,3R/103MEDIA,2,Western_Leopard_Toad,0.2766,4548.3,1302.6,4604.7,1443.8
/srv/shared_leopard_toad/2024/09.02.2024/3R/103MEDIA/DSCF0647.JPG,DSCF0647.JPG,3R/103MEDIA,2,Western_Leopard_Toad,0.4392,4544.2,1299.8,4608.8,1431.5
/srv/shared_leopard_toad/2024/09.02.2024/3R/103MEDIA/DSCF0573.JPG,DSCF0573.JPG,3R/103MEDIA,2,Western_Leopard_Toad,0.6177,4546.2,1299.3,4606.8,1431.9
/srv/shared_leopard_toad/2024/09.02.2024/3R/103MEDIA/DSCF0573.JPG,DSCF0573.JPG,3R/103MEDIA,1,Small_Mammal,0.3340,1010.4,0.4,1338.6,317.4
/srv/shared_leopard_toad/2024/09.02.2024/3R/103MEDIA/DSCF0573.JPG,DSCF0573.JPG,3R/103MEDIA,0,Other_Amphibian,0.2172,4546.2,1299.3,4606.8,1431.9
/srv/shared_leopard_toad/2024/09.02.2024/3R/103MEDIA/DSCF0332.JPG,DSCF0332.JPG,3R/103MEDIA,0,Other_Amphibian,0.4622,398.0,776.1,525.1,921.1
/srv/shared_leopard_toad/2024/09.02.2024/3R/103MEDIA/DSCF0332.JPG,DSCF0332.JPG,3R/103MEDIA,2,Western_Leopard_Toad,0.2996,4544.4,1300.0,4604.1,1431.2
/srv/shared_leopard_toad/2024/09.02.2024/3R/103MEDIA/DSCF0203.JPG,DSCF0203.JPG,3R/103MEDIA,2,Western_Leopard_Toad,0.4548,4547.3,1304.7,4605.7,1429.0
/srv/shared_leopard_toad/2024/09.02.2024/3R/103MEDIA/DSCF0203.JPG,DSCF0203.JPG,3R/103MEDIA,0,Other_Amphibian,0.2671,4547.3,1304.7,4605.7,1429.0
/srv/shared_leopard_toad/2024/09.02.2024/3R/103MEDIA/DSCF0388.JPG,DSCF0388.JPG,3R/103MEDIA,2,Western_Leopard_Toad,0.4170,4546.0,1304.0,4607.0,1429.7
/srv/shared_leopard_toad/2024/09.02.2024/3R/103MEDIA/DSCF0388.JPG,DSCF0388.JPG,3R/103MEDIA,0,Other_Amphibian,0.2549,4546.0,1304.0,4607.0,1429.7
/srv/shared_leopard_toad/2024/09.02.2024/3R/103MEDIA/DSCF0039.JPG,DSCF0039.JPG,3R/103MEDIA,2,Western_Leopard_Toad,0.4250,4548.9,1292.7,4608.6,1433.4
/srv/shared_leopard_toad/2024/09.02.2024/3R/103MEDIA/DSCF0070.JPG,DSCF0070.JPG,3R/103MEDIA,2,Western_Leopard_Toad,0.2595,4548.4,1303.9,4604.6,1432.4
/srv/shared_leopard_toad/2024/09.02.2024/3R/103MEDIA/DSCF0100.JPG,DSCF0100.JPG,3R/103MEDIA,2,Western_Leopard_Toad,0.2549,4547.9,1302.6,4605.1,1433.7
/srv/shared_leopard_toad/2024/09.02.2024/3R/103MEDIA/DSCF0401.JPG,DSCF0401.JPG,3R/103MEDIA,2,Western_Leopard_Toad,0.2761,4546.5,1304.0,4606.5,1429.7
/srv/shared_leopard_toad/2024/09.02.2024/3R/103MEDIA/DSCF0599.JPG,DSCF0599.JPG,3R/103MEDIA,2,Western_Leopard_Toad,0.4258,4546.7,1295.6,4606.3,1428.0
/srv/shared_leopard_toad/2024/09.02.2024/3R/103MEDIA/DSCF0599.JPG,DSCF0599.JPG,3R/103MEDIA,1,Small_Mammal,0.2664,1005.5,3.0,1330.0,320.0
/srv/shared_leopard_toad/2024/09.02.2024/3R/103MEDIA/DSCF0491.JPG,DSCF0491.JPG,3R/103MEDIA,2,Western_Leopard_Toad,0.4883,4548.5,1296.8,4609.0,1437.0
/srv/shared_leopard_toad/2024/09.02.2024/3R/103MEDIA/DSCF0491.JPG,DSCF0491.JPG,3R/103MEDIA,0,Other_Amphibian,0.2351,4548.5,1296.8,4609.0,1437.0
/srv/shared_leopard_toad/2024/09.02.2024/3R/103MEDIA/DSCF0600.JPG,DSCF0600.JPG,3R/103MEDIA,2,Western_Leopard_Toad,0.4009,4549.1,1296.2,4608.4,1427.4
/srv/shared_leopard_toad/2024/09.02.2024/3R/103MEDIA/DSCF0600.JPG,DSCF0600.JPG,3R/103MEDIA,1,Small_Mammal,0.2013,1006.3,0.8,1333.7,323.5
/srv/shared_leopard_toad/2024/09.02.2024/3R/103MEDIA/DSCF0042.JPG,DSCF0042.JPG,3R/103MEDIA,2,Western_Leopard_Toad,0.2764,4547.4,1300.9,4605.6,1430.4
/srv/shared_leopard_toad/2024/09.02.2024/3R/103MEDIA/DSCF0529.JPG,DSCF0529.JPG,3R/103MEDIA,1,Small_Mammal,0.4324,1007.9,1.5,1336.6,325.3
/srv/shared_leopard_toad/2024/09.02.2024/3R/103MEDIA/DSCF0529.JPG,DSCF0529.JPG,3R/103MEDIA,2,Western_Leopard_Toad,0.3511,4550.3,1301.2,4607.2,1430.0
/srv/shared_leopard_toad/2024/09.02.2024/3R/103MEDIA/DSCF0010.JPG,DSCF0010.JPG,3R/103MEDIA,2,Western_Leopard_Toad,0.5283,4548.5,1299.0,4609.0,1429.7
/srv/shared_leopard_toad/2024/09.02.2024/3R/103MEDIA/DSCF0010.JPG,DSCF0010.JPG,3R/103MEDIA,0,Other_Amphibian,0.2510,4548.5,1299.0,4609.0,1429.7
/srv/shared_leopard_toad/2024/09.02.2024/3R/103MEDIA/DSCF0835.JPG,DSCF0835.JPG,3R/103MEDIA,0,Other_Amphibian,0.2810,2456.7,314.3,2551.8,429.2
/srv/shared_leopard_toad/2024/09.02.2024/3R/103MEDIA/DSCF0835.JPG,DSCF0835.JPG,3R/103MEDIA,2,Western_Leopard_Toad,0.2639,2456.7,314.3,2551.8,429.2
/srv/shared_leopard_toad/2024/09.02.2024/3R/103MEDIA/DSCF0348.JPG,DSCF0348.JPG,3R/103MEDIA,0,Other_Amphibian,0.6802,390.9,776.9,522.6,919.0
/srv/shared_leopard_toad/2024/09.02.2024/3R/103MEDIA/DSCF0244.JPG,DSCF0244.JPG,3R/103MEDIA,2,Western_Leopard_Toad,0.3184,4550.3,1304.4,4607.2,1429.4
/srv/shared_leopard_toad/2024/09.02.2024/3R/103MEDIA/DSCF0244.JPG,DSCF0244.JPG,3R/103MEDIA,0,Other_Amphibian,0.2125,4550.3,1304.4,4607.2,1429.4
/srv/shared_leopard_toad/2024/09.02.2024/3R/103MEDIA/DSCF0217.JPG,DSCF0217.JPG,3R/103MEDIA,2,Western_Leopard_Toad,0.3030,4545.8,1295.4,4607.2,1428.3
/srv/shared_leopard_toad/2024/09.02.2024/3R/103MEDIA/DSCF0242.JPG,DSCF0242.JPG,3R/103MEDIA,2,Western_Leopard_Toad,0.5815,4547.7,1301.8,4605.3,1429.4
/srv/shared_leopard_toad/2024/09.02.2024/3R/103MEDIA/DSCF0094.JPG,DSCF0094.JPG,3R/103MEDIA,2,Western_Leopard_Toad,0.5186,4546.7,1297.8,4606.3,1430.9
/srv/shared_leopard_toad/2024/09.02.2024/3R/103MEDIA/DSCF0094.JPG,DSCF0094.JPG,3R/103MEDIA,0,Other_Amphibian,0.2244,4546.7,1297.8,4606.3,1430.9
/srv/shared_leopard_toad/2024/09.02.2024/3R/103MEDIA/DSCF0190.JPG,DSCF0190.JPG,3R/103MEDIA,2,Western_Leopard_Toad,0.3567,4547.2,1304.5,4605.8,1429.2
/srv/shared_leopard_toad/2024/09.02.2024/3R/103MEDIA/DSCF0190.JPG,DSCF0190.JPG,3R/103MEDIA,0,Other_Amphibian,0.2012,4547.2,1304.5,4605.8,1429.2
/srv/shared_leopard_toad/2024/09.02.2024/3R/103MEDIA/DSCF0383.JPG,DSCF0383.JPG,3R/103MEDIA,2,Western_Leopard_Toad,0.5518,4547.2,1300.0,4605.8,1428.7
/srv/shared_leopard_toad/2024/09.02.2024/3R/103MEDIA/DSCF0383.JPG,DSCF0383.JPG,3R/103MEDIA,0,Other_Amphibian,0.2418,4547.2,1300.0,4605.8,1428.7
/srv/shared_leopard_toad/2024/09.02.2024/3R/103MEDIA/DSCF0047.JPG,DSCF0047.JPG,3R/103MEDIA,0,Other_Amphibian,0.3987,399.4,785.2,522.0,922.1
/srv/shared_leopard_toad/2024/09.02.2024/3R/103MEDIA/DSCF0213.JPG,DSCF0213.JPG,3R/103MEDIA,2,Western_Leopard_Toad,0.2563,4548.1,1296.4,4604.9,1429.8
/srv/shared_leopard_toad/2024/09.02.2024/3R/103MEDIA/DSCF0935.JPG,DSCF0935.JPG,3R/103MEDIA,2,Western_Leopard_Toad,0.5005,4549.9,1301.0,4607.6,1430.2
/srv/shared_leopard_toad/2024/09.02.2024/3R/103MEDIA/DSCF0631.JPG,DSCF0631.JPG,3R/103MEDIA,1,Small_Mammal,0.6357,1010.1,0.8,1338.9,332.1
/srv/shared_leopard_toad/2024/09.02.2024/3R/103MEDIA/DSCF0055.JPG,DSCF0055.JPG,3R/103MEDIA,2,Western_Leopard_Toad,0.3372,4550.3,1286.0,4607.2,1432.6
/srv/shared_leopard_toad/2024/09.02.2024/3R/103MEDIA/DSCF0606.JPG,DSCF0606.JPG,3R/103MEDIA,2,Western_Leopard_Toad,0.3994,4550.3,1298.9,4607.2,1432.3
/srv/shared_leopard_toad/2024/09.02.2024/3R/103MEDIA/DSCF0606.JPG,DSCF0606.JPG,3R/103MEDIA,1,Small_Mammal,0.2413,995.8,0.3,1346.5,324.0
/srv/shared_leopard_toad/2024/09.02.2024/3R/103MEDIA/DSCF0197.JPG,DSCF0197.JPG,3R/103MEDIA,0,Other_Amphibian,0.3728,398.6,778.8,526.2,918.4
/srv/shared_leopard_toad/2024/09.02.2024/3R/103MEDIA/DSCF0197.JPG,DSCF0197.JPG,3R/103MEDIA,0,Other_Amphibian,0.2249,3234.4,1101.8,3317.6,1205.5
/srv/shared_leopard_toad/2024/09.02.2024/3R/103MEDIA/DSCF0351.JPG,DSCF0351.JPG,3R/103MEDIA,0,Other_Amphibian,0.3098,397.0,777.8,526.1,923.2
/srv/shared_leopard_toad/2024/09.02.2024/3R/103MEDIA/DSCF0225.JPG,DSCF0225.JPG,3R/103MEDIA,2,Western_Leopard_Toad,0.3879,4549.4,1301.4,4608.1,1427.3
/srv/shared_leopard_toad/2024/09.02.2024/3R/103MEDIA/DSCF0225.JPG,DSCF0225.JPG,3R/103MEDIA,0,Other_Amphibian,0.2255,4549.4,1301.4,4608.1,1427.3
/srv/shared_leopard_toad/2024/09.02.2024/3R/103MEDIA/DSCF0354.JPG,DSCF0354.JPG,3R/103MEDIA,0,Other_Amphibian,0.3135,390.0,775.6,523.5,920.3
/srv/shared_leopard_toad/2024/09.02.2024/3R/103MEDIA/DSCF0272.JPG,DSCF0272.JPG,3R/103MEDIA,2,Western_Leopard_Toad,0.3987,4547.4,1297.8,4605.6,1430.9
/srv/shared_leopard_toad/2024/09.02.2024/3R/103MEDIA/DSCF0272.JPG,DSCF0272.JPG,3R/103MEDIA,0,Other_Amphibian,0.2094,4547.4,1297.8,4605.6,1430.9
/srv/shared_leopard_toad/2024/09.02.2024/3R/103MEDIA/DSCF0620.JPG,DSCF0620.JPG,3R/103MEDIA,1,Small_Mammal,0.6401,1011.8,0.0,1344.0,327.8
/srv/shared_leopard_toad/2024/09.02.2024/3R/103MEDIA/DSCF0620.JPG,DSCF0620.JPG,3R/103MEDIA,2,Western_Leopard_Toad,0.4883,4549.4,1301.2,4608.1,1430.0
/srv/shared_leopard_toad/2024/09.02.2024/3R/103MEDIA/DSCF0620.JPG,DSCF0620.JPG,3R/103MEDIA,0,Other_Amphibian,0.2646,4549.4,1301.2,4608.1,1430.0
/srv/shared_leopard_toad/2024/09.02.2024/3R/103MEDIA/DSCF0591.JPG,DSCF0591.JPG,3R/103MEDIA,1,Small_Mammal,0.4495,1009.1,0.9,1330.9,328.1
/srv/shared_leopard_toad/2024/09.02.2024/3R/103MEDIA/DSCF0591.JPG,DSCF0591.JPG,3R/103MEDIA,2,Western_Leopard_Toad,0.3613,4549.7,1302.3,4607.8,1436.5
/srv/shared_leopard_toad/2024/09.02.2024/3R/103MEDIA/DSCF0081.JPG,DSCF0081.JPG,3R/103MEDIA,2,Western_Leopard_Toad,0.3276,4547.7,1301.3,4605.3,1432.5
/srv/shared_leopard_toad/2024/09.02.2024/3R/103MEDIA/DSCF0016.JPG,DSCF0016.JPG,3R/103MEDIA,0,Other_Amphibian,0.4119,1986.6,1863.5,2058.9,1941.0
/srv/shared_leopard_toad/2024/09.02.2024/3R/103MEDIA/DSCF0241.JPG,DSCF0241.JPG,3R/103MEDIA,2,Western_Leopard_Toad,0.4053,4547.7,1302.2,4605.3,1431.5
/srv/shared_leopard_toad/2024/09.02.2024/3R/103MEDIA/DSCF0241.JPG,DSCF0241.JPG,3R/103MEDIA,0,Other_Amphibian,0.2374,4547.7,1302.2,4605.3,1431.5
/srv/shared_leopard_toad/2024/09.02.2024/3R/103MEDIA/DSCF0029.JPG,DSCF0029.JPG,3R/103MEDIA,2,Western_Leopard_Toad,0.5366,4549.2,1294.8,4608.3,1431.4
/srv/shared_leopard_toad/2024/09.02.2024/3R/103MEDIA/DSCF0029.JPG,DSCF0029.JPG,3R/103MEDIA,0,Other_Amphibian,0.2095,4549.2,1294.8,4608.3,1431.4
/srv/shared_leopard_toad/2024/09.02.2024/3R/103MEDIA/DSCF0728.JPG,DSCF0728.JPG,3R/103MEDIA,2,Western_Leopard_Toad,0.3877,4545.7,1299.4,4607.3,1434.3
/srv/shared_leopard_toad/2024/09.02.2024/3R/103MEDIA/DSCF0728.JPG,DSCF0728.JPG,3R/103MEDIA,0,Other_Amphibian,0.2947,4545.7,1299.4,4607.3,1434.3
/srv/shared_leopard_toad/2024/09.02.2024/3R/103MEDIA/DSCF0865.JPG,DSCF0865.JPG,3R/103MEDIA,2,Western_Leopard_Toad,0.4121,4547.1,1303.2,4605.9,1430.6
/srv/shared_leopard_toad/2024/09.02.2024/3R/103MEDIA/DSCF0865.JPG,DSCF0865.JPG,3R/103MEDIA,0,Other_Amphibian,0.3101,1392.4,2054.1,1471.9,2178.2
/srv/shared_leopard_toad/2024/09.02.2024/3R/103MEDIA/DSCF0987.JPG,DSCF0987.JPG,3R/103MEDIA,2,Western_Leopard_Toad,0.2866,4547.3,1299.0,4605.7,1434.7
/srv/shared_leopard_toad/2024/09.02.2024/3R/103MEDIA/DSCF0027.JPG,DSCF0027.JPG,3R/103MEDIA,2,Western_Leopard_Toad,0.4854,4550.1,1301.0,4607.4,1432.7
/srv/shared_leopard_toad/2024/09.02.2024/3R/103MEDIA/DSCF0367.JPG,DSCF0367.JPG,3R/103MEDIA,2,Western_Leopard_Toad,0.4373,4545.9,1299.2,4607.1,1429.4
/srv/shared_leopard_toad/2024/09.02.2024/3R/103MEDIA/DSCF0331.JPG,DSCF0331.JPG,3R/103MEDIA,2,Western_Leopard_Toad,0.2957,4542.8,1305.2,4605.7,1431.1
/srv/shared_leopard_toad/2024/09.02.2024/3R/103MEDIA/DSCF0082.JPG,DSCF0082.JPG,3R/103MEDIA,2,Western_Leopard_Toad,0.4834,4547.2,1304.1,4605.8,1432.2
/srv/shared_leopard_toad/2024/09.02.2024/3R/103MEDIA/DSCF0082.JPG,DSCF0082.JPG,3R/103MEDIA,0,Other_Amphibian,0.2257,4547.2,1304.1,4605.8,1432.2
/srv/shared_leopard_toad/2024/09.02.2024/3R/103MEDIA/DSCF0990.JPG,DSCF0990.JPG,3R/103MEDIA,2,Western_Leopard_Toad,0.4668,4551.0,1303.1,4606.5,1438.2
/srv/shared_leopard_toad/2024/09.02.2024/3R/103MEDIA/DSCF0688.JPG,DSCF0688.JPG,3R/103MEDIA,0,Other_Amphibian,0.2791,2116.4,1454.1,2235.1,1573.3
/srv/shared_leopard_toad/2024/09.02.2024/3R/103MEDIA/DSCF0347.JPG,DSCF0347.JPG,3R/103MEDIA,0,Other_Amphibian,0.6030,389.6,775.4,522.2,918.0
/srv/shared_leopard_toad/2024/09.02.2024/3R/103MEDIA/DSCF0347.JPG,DSCF0347.JPG,3R/103MEDIA,2,Western_Leopard_Toad,0.2549,4547.0,1296.0,4606.0,1432.6
/srv/shared_leopard_toad/2024/09.02.2024/3R/103MEDIA/DSCF0109.JPG,DSCF0109.JPG,3R/103MEDIA,2,Western_Leopard_Toad,0.3428,4547.1,1303.3,4605.9,1435.5
/srv/shared_leopard_toad/2024/09.02.2024/3R/103MEDIA/DSCF0109.JPG,DSCF0109.JPG,3R/103MEDIA,0,Other_Amphibian,0.2152,4547.1,1303.3,4605.9,1435.5
/srv/shared_leopard_toad/2024/09.02.2024/3R/103MEDIA/DSCF0357.JPG,DSCF0357.JPG,3R/103MEDIA,2,Western_Leopard_Toad,0.5435,4545.9,1298.8,4607.1,1429.9
/srv/shared_leopard_toad/2024/09.02.2024/3R/103MEDIA/DSCF0357.JPG,DSCF0357.JPG,3R/103MEDIA,0,Other_Amphibian,0.4028,398.0,777.6,525.1,919.6
/srv/shared_leopard_toad/2024/09.02.2024/3R/103MEDIA/DSCF0843.JPG,DSCF0843.JPG,3R/103MEDIA,0,Other_Amphibian,0.2433,410.2,802.6,529.1,923.7
/srv/shared_leopard_toad/2024/09.02.2024/3R/103MEDIA/DSCF0309.JPG,DSCF0309.JPG,3R/103MEDIA,0,Other_Amphibian,0.3228,399.7,778.0,523.4,920.5
/srv/shared_leopard_toad/2024/09.02.2024/3R/103MEDIA/DSCF0340.JPG,DSCF0340.JPG,3R/103MEDIA,2,Western_Leopard_Toad,0.5410,4546.3,1299.8,4606.7,1428.9
/srv/shared_leopard_toad/2024/09.02.2024/3R/103MEDIA/DSCF0611.JPG,DSCF0611.JPG,3R/103MEDIA,2,Western_Leopard_Toad,0.4187,4546.5,1297.8,4606.5,1433.4
/srv/shared_leopard_toad/2024/09.02.2024/3R/103MEDIA/DSCF0611.JPG,DSCF0611.JPG,3R/103MEDIA,1,Small_Mammal,0.3130,1008.0,3.0,1332.0,329.2
/srv/shared_leopard_toad/2024/09.02.2024/3R/103MEDIA/DSCF0460.JPG,DSCF0460.JPG,3R/103MEDIA,2,Western_Leopard_Toad,0.4397,4546.6,1298.0,4606.4,1428.2
/srv/shared_leopard_toad/2024/09.02.2024/3R/103MEDIA/DSCF0855.JPG,DSCF0855.JPG,3R/103MEDIA,0,Other_Amphibian,0.3333,410.8,801.0,532.0,927.9
/srv/shared_leopard_toad/2024/09.02.2024/3R/103MEDIA/DSCF0024.JPG,DSCF0024.JPG,3R/103MEDIA,2,Western_Leopard_Toad,0.3506,4551.3,1299.8,4606.2,1436.4
/srv/shared_leopard_toad/2024/09.02.2024/3R/103MEDIA/DSCF0318.JPG,DSCF0318.JPG,3R/103MEDIA,2,Western_Leopard_Toad,0.3960,4549.4,1297.9,4608.1,1430.8
/srv/shared_leopard_toad/2024/09.02.2024/3R/103MEDIA/DSCF0939.JPG,DSCF0939.JPG,3R/103MEDIA,2,Western_Leopard_Toad,0.2808,4547.0,1295.0,4606.0,1433.7
/srv/shared_leopard_toad/2024/09.02.2024/3R/103MEDIA/DSCF0392.JPG,DSCF0392.JPG,3R/103MEDIA,2,Western_Leopard_Toad,0.3633,4549.6,1301.5,4607.9,1427.2
/srv/shared_leopard_toad/2024/09.02.2024/3R/103MEDIA/DSCF0493.JPG,DSCF0493.JPG,3R/103MEDIA,2,Western_Leopard_Toad,0.4062,4550.0,1300.6,4607.5,1438.2
/srv/shared_leopard_toad/2024/09.02.2024/3R/103MEDIA/DSCF0617.JPG,DSCF0617.JPG,3R/103MEDIA,2,Western_Leopard_Toad,0.5645,4549.0,1305.2,4608.5,1431.1
/srv/shared_leopard_toad/2024/09.02.2024/3R/103MEDIA/DSCF0617.JPG,DSCF0617.JPG,3R/103MEDIA,0,Other_Amphibian,0.2903,4549.0,1305.2,4608.5,1431.1
/srv/shared_leopard_toad/2024/09.02.2024/3R/103MEDIA/DSCF0235.JPG,DSCF0235.JPG,3R/103MEDIA,2,Western_Leopard_Toad,0.3992,4546.8,1301.2,4606.2,1430.0
/srv/shared_leopard_toad/2024/09.02.2024/3R/103MEDIA/DSCF0671.JPG,DSCF0671.JPG,3R/103MEDIA,0,Other_Amphibian,0.3479,1879.1,1275.2,1952.6,1382.7
/srv/shared_leopard_toad/2024/09.02.2024/3R/103MEDIA/DSCF0671.JPG,DSCF0671.JPG,3R/103MEDIA,2,Western_Leopard_Toad,0.3159,4548.6,1304.5,4608.9,1436.9
/srv/shared_leopard_toad/2024/09.02.2024/3R/103MEDIA/DSCF0328.JPG,DSCF0328.JPG,3R/103MEDIA,2,Western_Leopard_Toad,0.2556,4544.7,1301.3,4603.8,1427.4
/srv/shared_leopard_toad/2024/09.02.2024/3R/103MEDIA/DSCF0202.JPG,DSCF0202.JPG,3R/103MEDIA,0,Other_Amphibian,0.2261,398.2,779.0,526.5,916.9
/srv/shared_leopard_toad/2024/09.02.2024/3R/103MEDIA/DSCF0595.JPG,DSCF0595.JPG,3R/103MEDIA,2,Western_Leopard_Toad,0.5371,4547.8,1293.7,4609.7,1432.4
/srv/shared_leopard_toad/2024/09.02.2024/3R/103MEDIA/DSCF0595.JPG,DSCF0595.JPG,3R/103MEDIA,1,Small_Mammal,0.2009,1007.4,1.4,1341.6,322.9
/srv/shared_leopard_toad/2024/09.02.2024/3R/103MEDIA/DSCF0226.JPG,DSCF0226.JPG,3R/103MEDIA,2,Western_Leopard_Toad,0.3843,4544.6,1299.0,4603.9,1427.1
/srv/shared_leopard_toad/2024/09.02.2024/3R/103MEDIA/DSCF0310.JPG,DSCF0310.JPG,3R/103MEDIA,0,Other_Amphibian,0.3557,396.8,779.0,524.6,918.2
/srv/shared_leopard_toad/2024/09.02.2024/3R/103MEDIA/DSCF0374.JPG,DSCF0374.JPG,3R/103MEDIA,2,Western_Leopard_Toad,0.4116,4550.0,1301.3,4607.5,1429.9
/srv/shared_leopard_toad/2024/09.02.2024/3R/103MEDIA/DSCF0374.JPG,DSCF0374.JPG,3R/103MEDIA,0,Other_Amphibian,0.3027,2305.0,1964.8,2375.0,2042.1
/srv/shared_leopard_toad/2024/09.02.2024/3R/103MEDIA/DSCF0371.JPG,DSCF0371.JPG,3R/103MEDIA,2,Western_Leopard_Toad,0.4148,4543.3,1303.0,4605.2,1433.2
/srv/shared_leopard_toad/2024/09.02.2024/3R/103MEDIA/DSCF0371.JPG,DSCF0371.JPG,3R/103MEDIA,0,Other_Amphibian,0.2411,4543.3,1303.0,4605.2,1433.2
/srv/shared_leopard_toad/2024/09.02.2024/3R/103MEDIA/DSCF0317.JPG,DSCF0317.JPG,3R/103MEDIA,0,Other_Amphibian,0.3459,390.5,775.7,523.0,924.0
/srv/shared_leopard_toad/2024/09.02.2024/3R/103MEDIA/DSCF0210.JPG,DSCF0210.JPG,3R/103MEDIA,2,Western_Leopard_Toad,0.3638,4547.4,1301.1,4605.6,1427.5
/srv/shared_leopard_toad/2024/09.02.2024/3R/103MEDIA/DSCF0234.JPG,DSCF0234.JPG,3R/103MEDIA,2,Western_Leopard_Toad,0.3086,4547.9,1303.4,4605.1,1430.3
/srv/shared_leopard_toad/2024/09.02.2024/3R/103MEDIA/DSCF0893.JPG,DSCF0893.JPG,3R/103MEDIA,0,Other_Amphibian,0.2383,1393.6,1977.7,1515.7,2112.8
/srv/shared_leopard_toad/2024/09.02.2024/3R/103MEDIA/DSCF0465.JPG,DSCF0465.JPG,3R/103MEDIA,2,Western_Leopard_Toad,0.4893,4547.1,1304.7,4605.9,1431.6
/srv/shared_leopard_toad/2024/09.02.2024/3R/103MEDIA/DSCF0465.JPG,DSCF0465.JPG,3R/103MEDIA,0,Other_Amphibian,0.2028,4547.1,1304.7,4605.9,1431.6
/srv/shared_leopard_toad/2024/09.02.2024/3R/103MEDIA/DSCF0604.JPG,DSCF0604.JPG,3R/103MEDIA,2,Western_Leopard_Toad,0.5879,4551.2,1301.5,4606.3,1432.2
/srv/shared_leopard_toad/2024/09.02.2024/3R/103MEDIA/DSCF0604.JPG,DSCF0604.JPG,3R/103MEDIA,0,Other_Amphibian,0.2115,4551.2,1301.5,4606.3,1432.2
/srv/shared_leopard_toad/2024/09.02.2024/3R/103MEDIA/DSCF0090.JPG,DSCF0090.JPG,3R/103MEDIA,2,Western_Leopard_Toad,0.2942,4548.5,1302.3,4604.5,1428.9
/srv/shared_leopard_toad/2024/09.02.2024/3R/103MEDIA/DSCF0450.JPG,DSCF0450.JPG,3R/103MEDIA,2,Western_Leopard_Toad,0.4028,4547.1,1299.5,4605.9,1429.2
/srv/shared_leopard_toad/2024/09.02.2024/3R/103MEDIA/DSCF0450.JPG,DSCF0450.JPG,3R/103MEDIA,0,Other_Amphibian,0.2563,4547.1,1299.5,4605.9,1429.2
/srv/shared_leopard_toad/2024/09.02.2024/3R/103MEDIA/DSCF0450.JPG,DSCF0450.JPG,3R/103MEDIA,0,Other_Amphibian,0.2352,390.9,775.7,524.2,929.1
/srv/shared_leopard_toad/2024/09.02.2024/3R/103MEDIA/DSCF0677.JPG,DSCF0677.JPG,3R/103MEDIA,2,Western_Leopard_Toad,0.3076,4545.6,1303.9,4607.4,1429.8
/srv/shared_leopard_toad/2024/09.02.2024/3R/103MEDIA/DSCF0356.JPG,DSCF0356.JPG,3R/103MEDIA,2,Western_Leopard_Toad,0.3667,4550.1,1299.2,4607.4,1429.4
/srv/shared_leopard_toad/2024/09.02.2024/3R/103MEDIA/DSCF0356.JPG,DSCF0356.JPG,3R/103MEDIA,0,Other_Amphibian,0.2191,4550.1,1299.2,4607.4,1429.4
/srv/shared_leopard_toad/2024/09.02.2024/3R/103MEDIA/DSCF0444.JPG,DSCF0444.JPG,3R/103MEDIA,2,Western_Leopard_Toad,0.4597,4547.5,1304.8,4605.5,1428.9
/srv/shared_leopard_toad/2024/09.02.2024/3R/103MEDIA/DSCF0638.JPG,DSCF0638.JPG,3R/103MEDIA,2,Western_Leopard_Toad,0.3811,4549.8,1298.9,4607.7,1429.8
/srv/shared_leopard_toad/2024/09.02.2024/3R/103MEDIA/DSCF0638.JPG,DSCF0638.JPG,3R/103MEDIA,1,Small_Mammal,0.2766,1007.2,1.9,1332.8,333.8
/srv/shared_leopard_toad/2024/09.02.2024/3R/103MEDIA/DSCF0485.JPG,DSCF0485.JPG,3R/103MEDIA,2,Western_Leopard_Toad,0.4031,4546.8,1303.2,4606.2,1433.1
/srv/shared_leopard_toad/2024/09.02.2024/3R/103MEDIA/DSCF0485.JPG,DSCF0485.JPG,3R/103MEDIA,1,Small_Mammal,0.2749,1009.7,2.0,1343.8,307.8
/srv/shared_leopard_toad/2024/09.02.2024/3R/103MEDIA/DSCF0236.JPG,DSCF0236.JPG,3R/103MEDIA,2,Western_Leopard_Toad,0.2505,4546.5,1293.4,4606.5,1427.7
/srv/shared_leopard_toad/2024/09.02.2024/3R/103MEDIA/DSCF0322.JPG,DSCF0322.JPG,3R/103MEDIA,2,Western_Leopard_Toad,0.4248,4550.4,1303.2,4607.1,1433.1
/srv/shared_leopard_toad/2024/09.02.2024/3R/103MEDIA/DSCF0322.JPG,DSCF0322.JPG,3R/103MEDIA,0,Other_Amphibian,0.2268,4550.4,1303.2,4607.1,1433.1
/srv/shared_leopard_toad/2024/09.02.2024/3R/103MEDIA/DSCF0084.JPG,DSCF0084.JPG,3R/103MEDIA,2,Western_Leopard_Toad,0.2822,4543.8,1302.0,4604.7,1439.4
/srv/shared_leopard_toad/2024/09.02.2024/3R/103MEDIA/DSCF0124.JPG,DSCF0124.JPG,3R/103MEDIA,2,Western_Leopard_Toad,0.3359,4544.0,1299.5,4604.5,1431.7
/srv/shared_leopard_toad/2024/09.02.2024/3R/103MEDIA/DSCF0138.JPG,DSCF0138.JPG,3R/103MEDIA,2,Western_Leopard_Toad,0.2542,4548.2,1298.9,4604.8,1432.3
/srv/shared_leopard_toad/2024/09.02.2024/3R/103MEDIA/DSCF0014.JPG,DSCF0014.JPG,3R/103MEDIA,2,Western_Leopard_Toad,0.3745,4550.3,1296.0,4607.2,1432.6
/srv/shared_leopard_toad/2024/09.02.2024/3R/103MEDIA/DSCF0836.JPG,DSCF0836.JPG,3R/103MEDIA,0,Other_Amphibian,0.2778,2460.0,311.9,2553.0,427.3
/srv/shared_leopard_toad/2024/09.02.2024/3R/103MEDIA/DSCF0520.JPG,DSCF0520.JPG,3R/103MEDIA,2,Western_Leopard_Toad,0.4731,4549.7,1305.6,4607.8,1433.2
/srv/shared_leopard_toad/2024/09.02.2024/3R/103MEDIA/DSCF0520.JPG,DSCF0520.JPG,3R/103MEDIA,1,Small_Mammal,0.2144,1015.2,1.7,1333.8,325.5
/srv/shared_leopard_toad/2024/09.02.2024/3R/103MEDIA/DSCF0200.JPG,DSCF0200.JPG,3R/103MEDIA,0,Other_Amphibian,0.2979,398.0,779.8,525.1,918.7
/srv/shared_leopard_toad/2024/09.02.2024/3R/103MEDIA/DSCF0200.JPG,DSCF0200.JPG,3R/103MEDIA,2,Western_Leopard_Toad,0.2668,4547.6,1304.1,4605.4,1429.6
/srv/shared_leopard_toad/2024/09.02.2024/3R/103MEDIA/DSCF0359.JPG,DSCF0359.JPG,3R/103MEDIA,0,Other_Amphibian,0.2225,397.4,776.4,525.7,920.8
/srv/shared_leopard_toad/2024/09.02.2024/3R/103MEDIA/DSCF0447.JPG,DSCF0447.JPG,3R/103MEDIA,2,Western_Leopard_Toad,0.4333,4550.1,1299.3,4607.4,1434.4
/srv/shared_leopard_toad/2024/09.02.2024/3R/103MEDIA/DSCF0702.JPG,DSCF0702.JPG,3R/103MEDIA,2,Western_Leopard_Toad,0.3108,4545.3,1301.2,4607.7,1435.1
/srv/shared_leopard_toad/2024/09.02.2024/3R/103MEDIA/DSCF0702.JPG,DSCF0702.JPG,3R/103MEDIA,0,Other_Amphibian,0.2355,4545.3,1301.2,4607.7,1435.1
/srv/shared_leopard_toad/2024/09.02.2024/3R/103MEDIA/DSCF0140.JPG,DSCF0140.JPG,3R/103MEDIA,2,Western_Leopard_Toad,0.2715,4543.5,1301.2,4605.0,1430.0
/srv/shared_leopard_toad/2024/09.02.2024/3R/103MEDIA/DSCF0410.JPG,DSCF0410.JPG,3R/103MEDIA,2,Western_Leopard_Toad,0.3274,4551.6,1299.9,4605.9,1433.8
/srv/shared_leopard_toad/2024/09.02.2024/3R/103MEDIA/DSCF0579.JPG,DSCF0579.JPG,3R/103MEDIA,1,Small_Mammal,0.5283,1013.1,0.9,1335.9,326.8
/srv/shared_leopard_toad/2024/09.02.2024/3R/103MEDIA/DSCF0579.JPG,DSCF0579.JPG,3R/103MEDIA,2,Western_Leopard_Toad,0.5142,4546.7,1300.8,4606.3,1435.5
/srv/shared_leopard_toad/2024/09.02.2024/3R/103MEDIA/DSCF0579.JPG,DSCF0579.JPG,3R/103MEDIA,0,Other_Amphibian,0.2238,4546.7,1300.8,4606.3,1435.5
/srv/shared_leopard_toad/2024/09.02.2024/3R/103MEDIA/DSCF0201.JPG,DSCF0201.JPG,3R/103MEDIA,2,Western_Leopard_Toad,0.2715,4547.2,1302.2,4605.8,1431.5
/srv/shared_leopard_toad/2024/09.02.2024/3R/103MEDIA/DSCF0201.JPG,DSCF0201.JPG,3R/103MEDIA,0,Other_Amphibian,0.2167,396.1,778.8,526.9,917.2
/srv/shared_leopard_toad/2024/09.02.2024/3R/103MEDIA/DSCF0642.JPG,DSCF0642.JPG,3R/103MEDIA,1,Small_Mammal,0.3044,1008.6,0.6,1331.4,326.5
/srv/shared_leopard_toad/2024/09.02.2024/3R/103MEDIA/DSCF0513.JPG,DSCF0513.JPG,3R/103MEDIA,2,Western_Leopard_Toad,0.6157,4546.0,1300.4,4607.0,1430.8
/srv/shared_leopard_toad/2024/09.02.2024/3R/103MEDIA/DSCF0513.JPG,DSCF0513.JPG,3R/103MEDIA,0,Other_Amphibian,0.2578,4546.0,1300.4,4607.0,1430.8
/srv/shared_leopard_toad/2024/09.02.2024/3R/107MEDIA/DSCF0988.JPG,DSCF0988.JPG,3R/107MEDIA,0,Other_Amphibian,0.2517,1423.5,1826.1,1535.2,1927.7
/srv/shared_leopard_toad/2024/09.02.2024/3R/107MEDIA/DSCF0290.JPG,DSCF0290.JPG,3R/107MEDIA,1,Small_Mammal,0.2323,970.9,3.6,1292.6,217.1
/srv/shared_leopard_toad/2024/09.02.2024/3R/107MEDIA/DSCF0595.JPG,DSCF0595.JPG,3R/107MEDIA,0,Other_Amphibian,0.2090,3182.6,1621.4,3319.9,1760.3
/srv/shared_leopard_toad/2024/09.02.2024/3R/105MEDIA/DSCF0933.JPG,DSCF0933.JPG,3R/105MEDIA,0,Other_Amphibian,0.2094,1446.8,1728.8,1541.2,1832.7
/srv/shared_leopard_toad/2024/09.02.2024/3R/105MEDIA/DSCF0650.JPG,DSCF0650.JPG,3R/105MEDIA,0,Other_Amphibian,0.2185,1445.0,1726.5,1538.5,1832.4
/srv/shared_leopard_toad/2024/09.02.2024/3R/105MEDIA/DSCF0812.JPG,DSCF0812.JPG,3R/105MEDIA,0,Other_Amphibian,0.2722,1442.3,1726.6,1541.2,1834.9
/srv/shared_leopard_toad/2024/09.02.2024/3R/105MEDIA/DSCF0868.JPG,DSCF0868.JPG,3R/105MEDIA,0,Other_Amphibian,0.5278,1445.5,1723.7,1544.7,1832.7
/srv/shared_leopard_toad/2024/09.02.2024/3R/105MEDIA/DSCF0980.JPG,DSCF0980.JPG,3R/105MEDIA,0,Other_Amphibian,0.2040,1447.3,1730.5,1540.7,1833.5
/srv/shared_leopard_toad/2024/09.02.2024/3R/105MEDIA/DSCF0734.JPG,DSCF0734.JPG,3R/105MEDIA,0,Other_Amphibian,0.2477,1446.8,1726.5,1541.2,1832.4
/srv/shared_leopard_toad/2024/09.02.2024/3R/105MEDIA/DSCF0636.JPG,DSCF0636.JPG,3R/105MEDIA,0,Other_Amphibian,0.2739,1446.9,1729.0,1541.1,1835.0
/srv/shared_leopard_toad/2024/09.02.2024/3R/105MEDIA/DSCF0827.JPG,DSCF0827.JPG,3R/105MEDIA,0,Other_Amphibian,0.2098,1444.2,1727.9,1543.8,1836.1
/srv/shared_leopard_toad/2024/09.02.2024/3R/105MEDIA/DSCF0720.JPG,DSCF0720.JPG,3R/105MEDIA,0,Other_Amphibian,0.2340,1447.6,1727.9,1540.4,1833.6
/srv/shared_leopard_toad/2024/09.02.2024/3R/105MEDIA/DSCF0712.JPG,DSCF0712.JPG,3R/105MEDIA,0,Other_Amphibian,0.2002,1446.4,1727.0,1541.6,1834.5
/srv/shared_leopard_toad/2024/09.02.2024/3R/105MEDIA/DSCF0822.JPG,DSCF0822.JPG,3R/105MEDIA,0,Other_Amphibian,0.2042,1446.2,1726.7,1541.8,1834.8
/srv/shared_leopard_toad/2024/09.02.2024/3R/105MEDIA/DSCF0792.JPG,DSCF0792.JPG,3R/105MEDIA,0,Other_Amphibian,0.2281,1443.6,1726.8,1539.9,1834.7
/srv/shared_leopard_toad/2024/09.02.2024/3R/105MEDIA/DSCF0795.JPG,DSCF0795.JPG,3R/105MEDIA,0,Other_Amphibian,0.3110,1444.6,1728.3,1543.4,1835.7
/srv/shared_leopard_toad/2024/09.02.2024/3R/105MEDIA/DSCF0817.JPG,DSCF0817.JPG,3R/105MEDIA,0,Other_Amphibian,0.2539,1447.1,1728.1,1543.1,1835.9
/srv/shared_leopard_toad/2024/09.02.2024/3R/105MEDIA/DSCF0699.JPG,DSCF0699.JPG,3R/105MEDIA,0,Other_Amphibian,0.2286,1447.8,1729.1,1540.2,1834.9
/srv/shared_leopard_toad/2024/09.02.2024/3R/105MEDIA/DSCF0656.JPG,DSCF0656.JPG,3R/105MEDIA,0,Other_Amphibian,0.2507,1444.0,1729.4,1537.2,1834.6
/srv/shared_leopard_toad/2024/09.02.2024/3R/105MEDIA/DSCF0670.JPG,DSCF0670.JPG,3R/105MEDIA,0,Other_Amphibian,0.3074,1444.5,1729.0,1539.0,1835.0
/srv/shared_leopard_toad/2024/09.02.2024/3R/105MEDIA/DSCF0982.JPG,DSCF0982.JPG,3R/105MEDIA,0,Other_Amphibian,0.2964,1445.7,1727.9,1542.3,1833.6
/srv/shared_leopard_toad/2024/09.02.2024/3R/105MEDIA/DSCF0851.JPG,DSCF0851.JPG,3R/105MEDIA,0,Other_Amphibian,0.2480,1445.7,1725.1,1542.3,1833.8
/srv/shared_leopard_toad/2024/09.02.2024/3R/105MEDIA/DSCF0924.JPG,DSCF0924.JPG,3R/105MEDIA,0,Other_Amphibian,0.2448,1446.2,1725.5,1541.8,1830.9
/srv/shared_leopard_toad/2024/09.02.2024/3R/105MEDIA/DSCF0736.JPG,DSCF0736.JPG,3R/105MEDIA,0,Other_Amphibian,0.6318,1443.5,1728.3,1537.7,1833.2
/srv/shared_leopard_toad/2024/09.02.2024/3R/105MEDIA/DSCF0873.JPG,DSCF0873.JPG,3R/105MEDIA,0,Other_Amphibian,0.2133,1445.3,1727.0,1542.7,1834.5
/srv/shared_leopard_toad/2024/09.02.2024/3R/105MEDIA/DSCF0732.JPG,DSCF0732.JPG,3R/105MEDIA,0,Other_Amphibian,0.2390,1445.1,1725.0,1542.9,1836.5
/srv/shared_leopard_toad/2024/09.02.2024/3R/105MEDIA/DSCF0781.JPG,DSCF0781.JPG,3R/105MEDIA,0,Other_Amphibian,0.3645,1445.7,1726.6,1542.3,1832.3
/srv/shared_leopard_toad/2024/09.02.2024/3R/105MEDIA/DSCF0896.JPG,DSCF0896.JPG,3R/105MEDIA,0,Other_Amphibian,0.2478,1443.8,1726.8,1537.5,1832.1
/srv/shared_leopard_toad/2024/09.02.2024/3R/105MEDIA/DSCF0837.JPG,DSCF0837.JPG,3R/105MEDIA,0,Other_Amphibian,0.3091,1444.7,1727.1,1543.3,1836.9
/srv/shared_leopard_toad/2024/09.02.2024/3R/105MEDIA/DSCF0858.JPG,DSCF0858.JPG,3R/105MEDIA,0,Other_Amphibian,0.3306,1440.7,1725.2,1540.5,1836.2
/srv/shared_leopard_toad/2024/09.02.2024/3R/105MEDIA/DSCF0723.JPG,DSCF0723.JPG,3R/105MEDIA,0,Other_Amphibian,0.4092,1445.4,1726.5,1544.8,1835.0
/srv/shared_leopard_toad/2024/09.02.2024/3R/105MEDIA/DSCF0697.JPG,DSCF0697.JPG,3R/105MEDIA,0,Other_Amphibian,0.2776,1445.9,1728.2,1537.6,1835.8
/srv/shared_leopard_toad/2024/09.02.2024/3R/105MEDIA/DSCF0248.JPG,DSCF0248.JPG,3R/105MEDIA,0,Other_Amphibian,0.4360,2681.0,296.7,2768.5,395.0
/srv/shared_leopard_toad/2024/09.02.2024/3R/105MEDIA/DSCF0754.JPG,DSCF0754.JPG,3R/105MEDIA,0,Other_Amphibian,0.2776,1445.9,1727.8,1542.1,1833.7
/srv/shared_leopard_toad/2024/09.02.2024/3R/105MEDIA/DSCF0838.JPG,DSCF0838.JPG,3R/105MEDIA,0,Other_Amphibian,0.2910,1445.3,1725.9,1544.9,1835.6
/srv/shared_leopard_toad/2024/09.02.2024/3R/105MEDIA/DSCF0861.JPG,DSCF0861.JPG,3R/105MEDIA,0,Other_Amphibian,0.4370,1445.5,1726.0,1544.7,1832.9
/srv/shared_leopard_toad/2024/09.02.2024/3R/105MEDIA/DSCF0659.JPG,DSCF0659.JPG,3R/105MEDIA,0,Other_Amphibian,0.3130,1447.7,1729.7,1540.3,1834.3
/srv/shared_leopard_toad/2024/09.02.2024/3R/105MEDIA/DSCF0704.JPG,DSCF0704.JPG,3R/105MEDIA,0,Other_Amphibian,0.2081,1443.9,1726.8,1539.6,1837.2
/srv/shared_leopard_toad/2024/09.02.2024/3R/105MEDIA/DSCF0738.JPG,DSCF0738.JPG,3R/105MEDIA,0,Other_Amphibian,0.2742,1443.4,1728.0,1537.8,1833.5
/srv/shared_leopard_toad/2024/09.02.2024/3R/105MEDIA/DSCF0739.JPG,DSCF0739.JPG,3R/105MEDIA,0,Other_Amphibian,0.3430,1444.8,1727.3,1543.2,1836.7
/srv/shared_leopard_toad/2024/09.02.2024/3R/105MEDIA/DSCF0788.JPG,DSCF0788.JPG,3R/105MEDIA,0,Other_Amphibian,0.2467,1446.6,1727.5,1541.4,1834.0
/srv/shared_leopard_toad/2024/09.02.2024/3R/105MEDIA/DSCF0386.JPG,DSCF0386.JPG,3R/105MEDIA,0,Other_Amphibian,0.3438,2270.9,902.7,2355.1,1007.1
/srv/shared_leopard_toad/2024/09.02.2024/3R/105MEDIA/DSCF0768.JPG,DSCF0768.JPG,3R/105MEDIA,0,Other_Amphibian,0.2791,1441.2,1726.7,1540.1,1834.8
/srv/shared_leopard_toad/2024/09.02.2024/3R/105MEDIA/DSCF0745.JPG,DSCF0745.JPG,3R/105MEDIA,0,Other_Amphibian,0.2668,1442.1,1727.7,1539.1,1833.8
/srv/shared_leopard_toad/2024/09.02.2024/3R/105MEDIA/DSCF0753.JPG,DSCF0753.JPG,3R/105MEDIA,0,Other_Amphibian,0.2881,1441.8,1727.7,1537.2,1836.3
/srv/shared_leopard_toad/2024/09.02.2024/3R/105MEDIA/DSCF0823.JPG,DSCF0823.JPG,3R/105MEDIA,0,Other_Amphibian,0.2372,1445.5,1727.0,1542.5,1834.5
/srv/shared_leopard_toad/2024/09.02.2024/3R/105MEDIA/DSCF0666.JPG,DSCF0666.JPG,3R/105MEDIA,0,Other_Amphibian,0.2316,1448.8,1731.2,1539.2,1835.3
/srv/shared_leopard_toad/2024/09.02.2024/3R/105MEDIA/DSCF0782.JPG,DSCF0782.JPG,3R/105MEDIA,0,Other_Amphibian,0.6748,1446.1,1726.3,1544.2,1835.2
/srv/shared_leopard_toad/2024/09.02.2024/3R/105MEDIA/DSCF0622.JPG,DSCF0622.JPG,3R/105MEDIA,0,Other_Amphibian,0.2222,3980.7,695.0,4051.8,785.8
/srv/shared_leopard_toad/2024/09.02.2024/3R/105MEDIA/DSCF0790.JPG,DSCF0790.JPG,3R/105MEDIA,0,Other_Amphibian,0.3274,1439.2,1725.1,1542.1,1833.8
/srv/shared_leopard_toad/2024/09.02.2024/3R/105MEDIA/DSCF0805.JPG,DSCF0805.JPG,3R/105MEDIA,0,Other_Amphibian,0.5806,1443.2,1724.0,1544.8,1832.4
/srv/shared_leopard_toad/2024/09.02.2024/3R/105MEDIA/DSCF0867.JPG,DSCF0867.JPG,3R/105MEDIA,0,Other_Amphibian,0.3225,1444.8,1724.9,1547.7,1834.0
/srv/shared_leopard_toad/2024/09.02.2024/3R/105MEDIA/DSCF0742.JPG,DSCF0742.JPG,3R/105MEDIA,0,Other_Amphibian,0.2234,1445.9,1728.9,1537.6,1835.1
/srv/shared_leopard_toad/2024/09.02.2024/3R/105MEDIA/DSCF0798.JPG,DSCF0798.JPG,3R/105MEDIA,0,Other_Amphibian,0.3823,1444.1,1725.5,1543.9,1833.4
/srv/shared_leopard_toad/2024/09.02.2024/3R/105MEDIA/DSCF0757.JPG,DSCF0757.JPG,3R/105MEDIA,0,Other_Amphibian,0.3169,1442.3,1728.1,1538.9,1833.4
/srv/shared_leopard_toad/2024/09.02.2024/3R/105MEDIA/DSCF0735.JPG,DSCF0735.JPG,3R/105MEDIA,0,Other_Amphibian,0.4685,1444.2,1726.4,1543.8,1835.1
/srv/shared_leopard_toad/2024/09.02.2024/3R/105MEDIA/DSCF0748.JPG,DSCF0748.JPG,3R/105MEDIA,0,Other_Amphibian,0.2656,1443.2,1726.4,1538.1,1832.6
/srv/shared_leopard_toad/2024/09.02.2024/3R/105MEDIA/DSCF0791.JPG,DSCF0791.JPG,3R/105MEDIA,0,Other_Amphibian,0.2466,1443.1,1725.8,1544.9,1835.7
/srv/shared_leopard_toad/2024/09.02.2024/3R/105MEDIA/DSCF0811.JPG,DSCF0811.JPG,3R/105MEDIA,0,Other_Amphibian,0.3313,1444.2,1725.8,1543.8,1833.1
/srv/shared_leopard_toad/2024/09.02.2024/3R/105MEDIA/DSCF0689.JPG,DSCF0689.JPG,3R/105MEDIA,0,Other_Amphibian,0.3115,1447.7,1726.7,1542.6,1834.8
/srv/shared_leopard_toad/2024/09.02.2024/3R/105MEDIA/DSCF0727.JPG,DSCF0727.JPG,3R/105MEDIA,0,Other_Amphibian,0.2496,1446.0,1725.8,1542.0,1833.1
/srv/shared_leopard_toad/2024/09.02.2024/3R/105MEDIA/DSCF0724.JPG,DSCF0724.JPG,3R/105MEDIA,0,Other_Amphibian,0.2026,1447.8,1728.0,1540.2,1836.0
/srv/shared_leopard_toad/2024/09.02.2024/3R/105MEDIA/DSCF0741.JPG,DSCF0741.JPG,3R/105MEDIA,0,Other_Amphibian,0.3821,1447.4,1724.7,1542.9,1834.2
/srv/shared_leopard_toad/2024/09.02.2024/3R/105MEDIA/DSCF0773.JPG,DSCF0773.JPG,3R/105MEDIA,0,Other_Amphibian,0.2661,1445.4,1726.2,1542.6,1832.7
/srv/shared_leopard_toad/2024/09.02.2024/3R/105MEDIA/DSCF0725.JPG,DSCF0725.JPG,3R/105MEDIA,0,Other_Amphibian,0.2827,1446.3,1726.3,1541.7,1835.2
/srv/shared_leopard_toad/2024/09.02.2024/3R/105MEDIA/DSCF0839.JPG,DSCF0839.JPG,3R/105MEDIA,0,Other_Amphibian,0.2637,1442.3,1725.2,1538.9,1833.7
/srv/shared_leopard_toad/2024/09.02.2024/3R/105MEDIA/DSCF0801.JPG,DSCF0801.JPG,3R/105MEDIA,0,Other_Amphibian,0.2576,1445.3,1725.7,1542.7,1835.8
/srv/shared_leopard_toad/2024/09.02.2024/3R/105MEDIA/DSCF0876.JPG,DSCF0876.JPG,3R/105MEDIA,0,Other_Amphibian,0.2173,1445.8,1726.6,1542.2,1834.9
/srv/shared_leopard_toad/2024/09.02.2024/3R/105MEDIA/DSCF0747.JPG,DSCF0747.JPG,3R/105MEDIA,0,Other_Amphibian,0.2438,1446.4,1726.4,1543.9,1835.1
/srv/shared_leopard_toad/2024/09.02.2024/3R/105MEDIA/DSCF0915.JPG,DSCF0915.JPG,3R/105MEDIA,0,Other_Amphibian,0.2207,1446.7,1727.5,1541.3,1834.0
/srv/shared_leopard_toad/2024/09.02.2024/3R/105MEDIA/DSCF0711.JPG,DSCF0711.JPG,3R/105MEDIA,0,Other_Amphibian,0.2395,1447.2,1728.6,1540.8,1832.9
/srv/shared_leopard_toad/2024/09.02.2024/3R/105MEDIA/DSCF0785.JPG,DSCF0785.JPG,3R/105MEDIA,0,Other_Amphibian,0.3862,1445.1,1725.9,1542.9,1833.0
/srv/shared_leopard_toad/2024/09.02.2024/3R/105MEDIA/DSCF0718.JPG,DSCF0718.JPG,3R/105MEDIA,0,Other_Amphibian,0.2551,1445.9,1726.6,1542.1,1834.9
/srv/shared_leopard_toad/2024/09.02.2024/3R/105MEDIA/DSCF0779.JPG,DSCF0779.JPG,3R/105MEDIA,0,Other_Amphibian,0.2622,1447.0,1727.1,1543.3,1836.9
/srv/shared_leopard_toad/2024/09.02.2024/3R/105MEDIA/DSCF0682.JPG,DSCF0682.JPG,3R/105MEDIA,0,Other_Amphibian,0.2053,1443.6,1726.8,1537.7,1834.7
/srv/shared_leopard_toad/2024/09.02.2024/3R/105MEDIA/DSCF0756.JPG,DSCF0756.JPG,3R/105MEDIA,0,Other_Amphibian,0.2930,1444.7,1726.7,1543.3,1834.8
/srv/shared_leopard_toad/2024/09.02.2024/3R/105MEDIA/DSCF0737.JPG,DSCF0737.JPG,3R/105MEDIA,0,Other_Amphibian,0.2224,1445.1,1726.7,1542.9,1837.3
/srv/shared_leopard_toad/2024/09.02.2024/3R/105MEDIA/DSCF0749.JPG,DSCF0749.JPG,3R/105MEDIA,0,Other_Amphibian,0.2888,1441.4,1727.0,1539.8,1834.5
/srv/shared_leopard_toad/2024/09.02.2024/3R/105MEDIA/DSCF0684.JPG,DSCF0684.JPG,3R/105MEDIA,0,Other_Amphibian,0.2849,1444.3,1728.9,1539.2,1835.1
/srv/shared_leopard_toad/2024/09.02.2024/3R/105MEDIA/DSCF0694.JPG,DSCF0694.JPG,3R/105MEDIA,0,Other_Amphibian,0.3335,1446.3,1726.5,1541.7,1835.0
/srv/shared_leopard_toad/2024/09.02.2024/3R/105MEDIA/DSCF0815.JPG,DSCF0815.JPG,3R/105MEDIA,0,Other_Amphibian,0.2197,1442.4,1726.6,1538.8,1834.9
/srv/shared_leopard_toad/2024/09.02.2024/3R/105MEDIA/DSCF0733.JPG,DSCF0733.JPG,3R/105MEDIA,0,Other_Amphibian,0.2654,1445.1,1726.4,1542.9,1835.1
/srv/shared_leopard_toad/2024/09.02.2024/3R/105MEDIA/DSCF0818.JPG,DSCF0818.JPG,3R/105MEDIA,0,Other_Amphibian,0.5166,1443.2,1725.9,1544.8,1835.6
/srv/shared_leopard_toad/2024/09.02.2024/3R/105MEDIA/DSCF0797.JPG,DSCF0797.JPG,3R/105MEDIA,0,Other_Amphibian,0.2238,1444.4,1727.1,1543.6,1834.4
/srv/shared_leopard_toad/2024/09.02.2024/3R/105MEDIA/DSCF0776.JPG,DSCF0776.JPG,3R/105MEDIA,0,Other_Amphibian,0.2668,1446.3,1727.2,1541.7,1834.3
/srv/shared_leopard_toad/2024/09.02.2024/3R/105MEDIA/DSCF0628.JPG,DSCF0628.JPG,3R/105MEDIA,0,Other_Amphibian,0.2073,1448.5,1727.8,1539.5,1833.7
/srv/shared_leopard_toad/2024/09.02.2024/3R/105MEDIA/DSCF0803.JPG,DSCF0803.JPG,3R/105MEDIA,0,Other_Amphibian,0.5508,1445.1,1724.3,1545.1,1832.2
/srv/shared_leopard_toad/2024/09.02.2024/3R/105MEDIA/DSCF0819.JPG,DSCF0819.JPG,3R/105MEDIA,0,Other_Amphibian,0.2710,1448.1,1727.8,1542.2,1833.7
/srv/shared_leopard_toad/2024/09.02.2024/3R/105MEDIA/DSCF0809.JPG,DSCF0809.JPG,3R/105MEDIA,0,Other_Amphibian,0.2108,1446.9,1727.7,1541.1,1833.8
/srv/shared_leopard_toad/2024/09.02.2024/3R/105MEDIA/DSCF0203.JPG,DSCF0203.JPG,3R/105MEDIA,2,Western_Leopard_Toad,0.2578,4520.0,1258.4,4606.0,1533.5
/srv/shared_leopard_toad/2024/09.02.2024/3R/105MEDIA/DSCF0984.JPG,DSCF0984.JPG,3R/105MEDIA,0,Other_Amphibian,0.3118,1448.1,1728.2,1539.9,1830.7
/srv/shared_leopard_toad/2024/09.02.2024/3R/105MEDIA/DSCF0746.JPG,DSCF0746.JPG,3R/105MEDIA,0,Other_Amphibian,0.6279,1443.8,1726.5,1544.2,1835.0
/srv/shared_leopard_toad/2024/09.02.2024/3R/105MEDIA/DSCF0728.JPG,DSCF0728.JPG,3R/105MEDIA,0,Other_Amphibian,0.5015,1446.6,1725.3,1543.6,1831.1
/srv/shared_leopard_toad/2024/09.02.2024/3R/105MEDIA/DSCF0800.JPG,DSCF0800.JPG,3R/105MEDIA,0,Other_Amphibian,0.4326,1446.4,1727.5,1543.9,1834.0
/srv/shared_leopard_toad/2024/09.02.2024/3R/105MEDIA/DSCF0832.JPG,DSCF0832.JPG,3R/105MEDIA,0,Other_Amphibian,0.5430,1445.5,1724.3,1544.7,1832.2
/srv/shared_leopard_toad/2024/09.02.2024/3R/105MEDIA/DSCF0789.JPG,DSCF0789.JPG,3R/105MEDIA,0,Other_Amphibian,0.3845,1444.6,1726.6,1543.4,1834.9
/srv/shared_leopard_toad/2024/09.02.2024/3R/105MEDIA/DSCF0855.JPG,DSCF0855.JPG,3R/105MEDIA,0,Other_Amphibian,0.3096,1445.8,1726.7,1542.2,1834.8
/srv/shared_leopard_toad/2024/09.02.2024/3R/105MEDIA/DSCF0852.JPG,DSCF0852.JPG,3R/105MEDIA,0,Other_Amphibian,0.3269,1442.0,1726.0,1539.2,1832.9
/srv/shared_leopard_toad/2024/09.02.2024/3R/105MEDIA/DSCF0884.JPG,DSCF0884.JPG,3R/105MEDIA,0,Other_Amphibian,0.2463,1447.6,1727.5,1542.7,1834.0
/srv/shared_leopard_toad/2024/09.02.2024/3R/105MEDIA/DSCF0744.JPG,DSCF0744.JPG,3R/105MEDIA,0,Other_Amphibian,0.2864,1443.5,1725.5,1544.5,1833.4
/srv/shared_leopard_toad/2024/09.02.2024/3R/105MEDIA/DSCF0702.JPG,DSCF0702.JPG,3R/105MEDIA,0,Other_Amphibian,0.3176,1447.9,1727.7,1540.1,1833.8
/srv/shared_leopard_toad/2024/09.02.2024/3R/105MEDIA/DSCF0642.JPG,DSCF0642.JPG,3R/105MEDIA,0,Other_Amphibian,0.2069,1447.1,1728.3,1540.9,1833.2
/srv/shared_leopard_toad/2024/09.02.2024/3R/104MEDIA/DSCF0135.JPG,DSCF0135.JPG,3R/104MEDIA,2,Western_Leopard_Toad,0.3030,4550.2,1296.5,4607.3,1434.7
/srv/shared_leopard_toad/2024/09.02.2024/3R/104MEDIA/DSCF0358.JPG,DSCF0358.JPG,3R/104MEDIA,2,Western_Leopard_Toad,0.3079,4530.5,1252.5,4609.0,1390.1
/srv/shared_leopard_toad/2024/09.02.2024/3R/104MEDIA/DSCF0012.JPG,DSCF0012.JPG,3R/104MEDIA,2,Western_Leopard_Toad,0.2815,4550.9,1295.6,4606.6,1438.1
/srv/shared_leopard_toad/2024/09.02.2024/3R/104MEDIA/DSCF0173.JPG,DSCF0173.JPG,3R/104MEDIA,2,Western_Leopard_Toad,0.4170,4544.6,1300.9,4603.9,1437.9
/srv/shared_leopard_toad/2024/09.02.2024/3R/104MEDIA/DSCF0325.JPG,DSCF0325.JPG,3R/104MEDIA,2,Western_Leopard_Toad,0.2642,4535.6,1250.3,4608.4,1392.3
/srv/shared_leopard_toad/2024/09.02.2024/3R/104MEDIA/DSCF0282.JPG,DSCF0282.JPG,3R/104MEDIA,2,Western_Leopard_Toad,0.3220,4528.1,1250.1,4606.9,1384.9
/srv/shared_leopard_toad/2024/09.02.2024/3R/104MEDIA/DSCF0187.JPG,DSCF0187.JPG,3R/104MEDIA,2,Western_Leopard_Toad,0.8784,2364.2,1320.7,2540.8,1519.4
/srv/shared_leopard_toad/2024/09.02.2024/3R/104MEDIA/DSCF0038.JPG,DSCF0038.JPG,3R/104MEDIA,2,Western_Leopard_Toad,0.2737,4549.3,1292.5,4608.2,1436.2
/srv/shared_leopard_toad/2024/09.02.2024/3R/104MEDIA/DSCF0089.JPG,DSCF0089.JPG,3R/104MEDIA,2,Western_Leopard_Toad,0.2935,4546.3,1294.1,4606.7,1437.2
/srv/shared_leopard_toad/2024/09.02.2024/3R/104MEDIA/DSCF0194.JPG,DSCF0194.JPG,3R/104MEDIA,0,Other_Amphibian,0.3074,1474.9,761.2,1666.1,899.3
/srv/shared_leopard_toad/2024/09.02.2024/3R/104MEDIA/DSCF0390.JPG,DSCF0390.JPG,3R/104MEDIA,2,Western_Leopard_Toad,0.3513,4531.2,1251.6,4608.3,1388.5
/srv/shared_leopard_toad/2024/09.02.2024/3R/104MEDIA/DSCF0185.JPG,DSCF0185.JPG,3R/104MEDIA,2,Western_Leopard_Toad,0.7837,2361.8,1316.8,2538.7,1523.3
/srv/shared_leopard_toad/2024/09.02.2024/3R/104MEDIA/DSCF0566.JPG,DSCF0566.JPG,3R/104MEDIA,2,Western_Leopard_Toad,0.2673,4531.7,1251.6,4603.3,1391.0
/srv/shared_leopard_toad/2024/09.02.2024/3R/104MEDIA/DSCF0168.JPG,DSCF0168.JPG,3R/104MEDIA,2,Western_Leopard_Toad,0.2896,4545.7,1297.4,4602.8,1444.0
/srv/shared_leopard_toad/2024/09.02.2024/3R/104MEDIA/DSCF0007.JPG,DSCF0007.JPG,3R/104MEDIA,2,Western_Leopard_Toad,0.2688,4551.4,1298.6,4606.1,1440.2
/srv/shared_leopard_toad/2024/09.02.2024/3R/104MEDIA/DSCF0044.JPG,DSCF0044.JPG,3R/104MEDIA,2,Western_Leopard_Toad,0.2915,4546.8,1293.9,4606.2,1442.4
/srv/shared_leopard_toad/2024/09.02.2024/3R/104MEDIA/DSCF0026.JPG,DSCF0026.JPG,3R/104MEDIA,2,Western_Leopard_Toad,0.2959,4547.3,1295.9,4605.7,1432.8
/srv/shared_leopard_toad/2024/09.02.2024/3R/104MEDIA/DSCF0184.JPG,DSCF0184.JPG,3R/104MEDIA,2,Western_Leopard_Toad,0.5435,2360.2,1322.1,2540.2,1523.0
/srv/shared_leopard_toad/2024/09.02.2024/3R/104MEDIA/DSCF0118.JPG,DSCF0118.JPG,3R/104MEDIA,2,Western_Leopard_Toad,0.4233,4547.5,1290.4,4605.5,1433.2
/srv/shared_leopard_toad/2024/09.02.2024/3R/104MEDIA/DSCF0060.JPG,DSCF0060.JPG,3R/104MEDIA,2,Western_Leopard_Toad,0.3120,4544.9,1297.6,4603.6,1438.7
/srv/shared_leopard_toad/2024/09.02.2024/3R/104MEDIA/DSCF0308.JPG,DSCF0308.JPG,3R/104MEDIA,2,Western_Leopard_Toad,0.4260,4535.1,1249.6,4608.9,1382.9
/srv/shared_leopard_toad/2024/09.02.2024/3R/104MEDIA/DSCF0151.JPG,DSCF0151.JPG,3R/104MEDIA,2,Western_Leopard_Toad,0.2500,4549.8,1298.8,4607.7,1442.5
/srv/shared_leopard_toad/2024/09.02.2024/3R/104MEDIA/DSCF0151.JPG,DSCF0151.JPG,3R/104MEDIA,0,Other_Amphibian,0.2189,1888.9,2136.0,1949.6,2215.2
/srv/shared_leopard_toad/2024/09.02.2024/3R/104MEDIA/DSCF0155.JPG,DSCF0155.JPG,3R/104MEDIA,2,Western_Leopard_Toad,0.3284,4547.4,1295.3,4605.6,1443.5
/srv/shared_leopard_toad/2024/09.02.2024/3R/104MEDIA/DSCF0174.JPG,DSCF0174.JPG,3R/104MEDIA,2,Western_Leopard_Toad,0.3809,4550.6,1298.8,4606.9,1427.3
/srv/shared_leopard_toad/2024/09.02.2024/3R/104MEDIA/DSCF0152.JPG,DSCF0152.JPG,3R/104MEDIA,2,Western_Leopard_Toad,0.2903,4544.6,1297.3,4603.9,1444.1
/srv/shared_leopard_toad/2024/09.02.2024/3R/104MEDIA/DSCF0052.JPG,DSCF0052.JPG,3R/104MEDIA,2,Western_Leopard_Toad,0.4563,4549.8,1298.4,4607.7,1440.4
/srv/shared_leopard_toad/2024/09.02.2024/3R/104MEDIA/DSCF0189.JPG,DSCF0189.JPG,3R/104MEDIA,2,Western_Leopard_Toad,0.9219,2364.4,1320.7,2540.6,1521.9
/srv/shared_leopard_toad/2024/09.02.2024/3R/104MEDIA/DSCF0040.JPG,DSCF0040.JPG,3R/104MEDIA,2,Western_Leopard_Toad,0.2629,4547.3,1299.7,4605.7,1444.2
/srv/shared_leopard_toad/2024/09.02.2024/3R/104MEDIA/DSCF0315.JPG,DSCF0315.JPG,3R/104MEDIA,2,Western_Leopard_Toad,0.2603,4530.5,1247.8,4609.0,1397.4
/srv/shared_leopard_toad/2024/09.02.2024/3R/104MEDIA/DSCF0268.JPG,DSCF0268.JPG,3R/104MEDIA,2,Western_Leopard_Toad,0.3879,4530.5,1250.3,4609.0,1389.8
/srv/shared_leopard_toad/2024/09.02.2024/3R/104MEDIA/DSCF0106.JPG,DSCF0106.JPG,3R/104MEDIA,2,Western_Leopard_Toad,0.3115,4547.5,1291.3,4605.5,1437.4
/srv/shared_leopard_toad/2024/09.02.2024/3R/104MEDIA/DSCF0378.JPG,DSCF0378.JPG,3R/104MEDIA,2,Western_Leopard_Toad,0.2695,4531.2,1251.0,4608.3,1389.1
/srv/shared_leopard_toad/2024/09.02.2024/3R/104MEDIA/DSCF0158.JPG,DSCF0158.JPG,3R/104MEDIA,2,Western_Leopard_Toad,0.3262,1912.0,1959.0,2025.5,2078.3
/srv/shared_leopard_toad/2024/09.02.2024/3R/104MEDIA/DSCF0335.JPG,DSCF0335.JPG,3R/104MEDIA,2,Western_Leopard_Toad,0.2737,4530.5,1247.5,4609.0,1390.1
/srv/shared_leopard_toad/2024/09.02.2024/3R/104MEDIA/DSCF0223.JPG,DSCF0223.JPG,3R/104MEDIA,0,Other_Amphibian,0.2029,1660.1,3.2,1732.9,66.1
/srv/shared_leopard_toad/2024/09.02.2024/3R/104MEDIA/DSCF0095.JPG,DSCF0095.JPG,3R/104MEDIA,2,Western_Leopard_Toad,0.2542,4547.9,1301.9,4605.1,1434.3
/srv/shared_leopard_toad/2024/09.02.2024/3R/104MEDIA/DSCF0154.JPG,DSCF0154.JPG,3R/104MEDIA,2,Western_Leopard_Toad,0.2661,4547.7,1299.6,4605.3,1441.7
/srv/shared_leopard_toad/2024/09.02.2024/3R/104MEDIA/DSCF0186.JPG,DSCF0186.JPG,3R/104MEDIA,2,Western_Leopard_Toad,0.8799,2361.3,1319.6,2539.2,1523.0
/srv/shared_leopard_toad/2024/09.02.2024/3R/104MEDIA/DSCF0280.JPG,DSCF0280.JPG,3R/104MEDIA,2,Western_Leopard_Toad,0.4182,4532.5,1250.1,4607.0,1387.5
/srv/shared_leopard_toad/2024/09.02.2024/3R/104MEDIA/DSCF0049.JPG,DSCF0049.JPG,3R/104MEDIA,2,Western_Leopard_Toad,0.3740,4541.1,1301.2,4602.9,1430.0
/srv/shared_leopard_toad/2024/09.02.2024/3R/104MEDIA/DSCF0414.JPG,DSCF0414.JPG,3R/104MEDIA,2,Western_Leopard_Toad,0.2871,4529.3,1251.2,4605.7,1391.4
/srv/shared_leopard_toad/2024/09.02.2024/3R/104MEDIA/DSCF0074.JPG,DSCF0074.JPG,3R/104MEDIA,2,Western_Leopard_Toad,0.3594,4550.0,1298.0,4607.5,1430.7
/srv/shared_leopard_toad/2024/09.02.2024/3R/104MEDIA/DSCF0110.JPG,DSCF0110.JPG,3R/104MEDIA,2,Western_Leopard_Toad,0.2507,4549.6,1296.5,4607.9,1437.2
/srv/shared_leopard_toad/2024/09.02.2024/3R/104MEDIA/DSCF0030.JPG,DSCF0030.JPG,3R/104MEDIA,0,Other_Amphibian,0.2834,1364.3,1274.3,1461.7,1403.8
/srv/shared_leopard_toad/2024/09.02.2024/3R/104MEDIA/DSCF0121.JPG,DSCF0121.JPG,3R/104MEDIA,2,Western_Leopard_Toad,0.3511,4544.8,1305.1,4603.7,1433.7
/srv/shared_leopard_toad/2024/09.02.2024/3R/104MEDIA/DSCF0091.JPG,DSCF0091.JPG,3R/104MEDIA,2,Western_Leopard_Toad,0.2925,3760.3,1695.0,3961.7,1937.4
/srv/shared_leopard_toad/2024/09.02.2024/3R/104MEDIA/DSCF0554.JPG,DSCF0554.JPG,3R/104MEDIA,2,Western_Leopard_Toad,0.3291,4536.9,1253.4,4607.1,1391.8
/srv/shared_leopard_toad/2024/09.02.2024/3R/104MEDIA/DSCF0130.JPG,DSCF0130.JPG,3R/104MEDIA,0,Other_Amphibian,0.3413,1358.7,1274.8,1462.8,1415.9
/srv/shared_leopard_toad/2024/09.02.2024/3R/104MEDIA/DSCF0130.JPG,DSCF0130.JPG,3R/104MEDIA,2,Western_Leopard_Toad,0.3064,4549.3,1300.8,4608.2,1443.1
/srv/shared_leopard_toad/2024/09.02.2024/3R/104MEDIA/DSCF0031.JPG,DSCF0031.JPG,3R/104MEDIA,0,Other_Amphibian,0.4077,1364.1,1291.1,1461.9,1402.1
/srv/shared_leopard_toad/2024/09.02.2024/3R/104MEDIA/DSCF0031.JPG,DSCF0031.JPG,3R/104MEDIA,0,Other_Amphibian,0.3333,1363.9,1290.7,1459.9,1402.5
/srv/shared_leopard_toad/2024/09.02.2024/3R/104MEDIA/DSCF0031.JPG,DSCF0031.JPG,3R/104MEDIA,2,Western_Leopard_Toad,0.2502,4543.8,1294.6,4604.7,1441.7
/srv/shared_leopard_toad/2024/09.02.2024/3R/104MEDIA/DSCF0031.JPG,DSCF0031.JPG,3R/104MEDIA,0,Other_Amphibian,0.2202,1363.5,1289.0,1460.3,1404.2
/srv/shared_leopard_toad/2024/09.02.2024/3R/104MEDIA/DSCF0058.JPG,DSCF0058.JPG,3R/104MEDIA,2,Western_Leopard_Toad,0.3364,4548.9,1295.9,4608.6,1432.8
/srv/shared_leopard_toad/2024/09.02.2024/3R/104MEDIA/DSCF0144.JPG,DSCF0144.JPG,3R/104MEDIA,2,Western_Leopard_Toad,0.3208,4548.0,1295.6,4605.0,1440.6
/srv/shared_leopard_toad/2024/09.02.2024/3R/104MEDIA/DSCF0192.JPG,DSCF0192.JPG,3R/104MEDIA,0,Other_Amphibian,0.4451,1468.5,758.5,1665.8,907.0
/srv/shared_leopard_toad/2024/09.02.2024/3R/104MEDIA/DSCF0018.JPG,DSCF0018.JPG,3R/104MEDIA,2,Western_Leopard_Toad,0.2585,4549.3,1294.6,4608.2,1441.7
/srv/shared_leopard_toad/2024/09.02.2024/3R/104MEDIA/DSCF0059.JPG,DSCF0059.JPG,3R/104MEDIA,2,Western_Leopard_Toad,0.2925,4545.3,1302.0,4603.2,1439.4
/srv/shared_leopard_toad/2024/09.02.2024/3R/104MEDIA/DSCF0088.JPG,DSCF0088.JPG,3R/104MEDIA,2,Western_Leopard_Toad,0.2554,4548.2,1299.1,4604.8,1449.8
/srv/shared_leopard_toad/2024/09.02.2024/3R/104MEDIA/DSCF0099.JPG,DSCF0099.JPG,3R/104MEDIA,2,Western_Leopard_Toad,0.2722,4549.3,1300.4,4608.2,1448.6
/srv/shared_leopard_toad/2024/09.02.2024/3R/104MEDIA/DSCF0068.JPG,DSCF0068.JPG,3R/104MEDIA,2,Western_Leopard_Toad,0.2512,3759.2,1696.6,3958.3,1940.8
/srv/shared_leopard_toad/2024/09.02.2024/3R/104MEDIA/DSCF0188.JPG,DSCF0188.JPG,3R/104MEDIA,2,Western_Leopard_Toad,0.9414,2365.7,1318.5,2539.3,1521.6
/srv/shared_leopard_toad/2024/09.02.2024/3R/104MEDIA/DSCF0133.JPG,DSCF0133.JPG,3R/104MEDIA,2,Western_Leopard_Toad,0.2693,4547.7,1298.1,4605.3,1440.7
/srv/shared_leopard_toad/2024/09.02.2024/3R/104MEDIA/DSCF0133.JPG,DSCF0133.JPG,3R/104MEDIA,0,Other_Amphibian,0.2073,1397.8,2080.1,1482.2,2205.3
/srv/shared_leopard_toad/2024/09.02.2024/3R/104MEDIA/DSCF0015.JPG,DSCF0015.JPG,3R/104MEDIA,2,Western_Leopard_Toad,0.2983,4544.6,1303.0,4603.9,1438.4
/srv/shared_leopard_toad/2024/09.02.2024/3R/104MEDIA/DSCF0048.JPG,DSCF0048.JPG,3R/104MEDIA,2,Western_Leopard_Toad,0.3145,4547.3,1299.5,4605.7,1441.8
/srv/shared_leopard_toad/2024/09.02.2024/3R/104MEDIA/DSCF0153.JPG,DSCF0153.JPG,3R/104MEDIA,2,Western_Leopard_Toad,0.3142,4551.4,1301.6,4606.1,1434.7
/srv/shared_leopard_toad/2024/09.02.2024/3R/104MEDIA/DSCF0098.JPG,DSCF0098.JPG,3R/104MEDIA,2,Western_Leopard_Toad,0.3665,4547.0,1298.3,4606.0,1438.0
/srv/shared_leopard_toad/2024/09.02.2024/3R/104MEDIA/DSCF0112.JPG,DSCF0112.JPG,3R/104MEDIA,2,Western_Leopard_Toad,0.2695,2113.6,2311.0,2215.4,2445.2
/srv/shared_leopard_toad/2024/09.02.2024/3R/104MEDIA/DSCF0111.JPG,DSCF0111.JPG,3R/104MEDIA,2,Western_Leopard_Toad,0.2612,4546.2,1298.3,4606.8,1440.6
/srv/shared_leopard_toad/2024/09.02.2024/3R/104MEDIA/DSCF0163.JPG,DSCF0163.JPG,3R/104MEDIA,2,Western_Leopard_Toad,0.3794,4549.8,1301.3,4607.7,1432.5
/srv/shared_leopard_toad/2024/09.02.2024/3R/104MEDIA/DSCF0011.JPG,DSCF0011.JPG,3R/104MEDIA,2,Western_Leopard_Toad,0.4368,4549.2,1293.6,4608.3,1442.7
/srv/shared_leopard_toad/2024/09.02.2024/3R/104MEDIA/DSCF0183.JPG,DSCF0183.JPG,3R/104MEDIA,2,Western_Leopard_Toad,0.8257,2361.1,1321.2,2539.4,1524.0
/srv/shared_leopard_toad/2024/09.02.2024/3R/104MEDIA/DSCF0075.JPG,DSCF0075.JPG,3R/104MEDIA,2,Western_Leopard_Toad,0.3921,4544.6,1300.7,4603.9,1435.6
/srv/shared_leopard_toad/2024/09.02.2024/3R/104MEDIA/DSCF0132.JPG,DSCF0132.JPG,3R/104MEDIA,2,Western_Leopard_Toad,0.4053,4546.4,1296.7,4606.6,1442.1
/srv/shared_leopard_toad/2024/09.02.2024/3R/104MEDIA/DSCF0120.JPG,DSCF0120.JPG,3R/104MEDIA,2,Western_Leopard_Toad,0.3306,4547.1,1297.4,4605.9,1446.5
/srv/shared_leopard_toad/2024/09.02.2024/3R/104MEDIA/DSCF0046.JPG,DSCF0046.JPG,3R/104MEDIA,2,Western_Leopard_Toad,0.2510,4545.5,1303.7,4603.0,1447.8
/srv/shared_leopard_toad/2024/09.02.2024/3R/104MEDIA/DSCF0028.JPG,DSCF0028.JPG,3R/104MEDIA,0,Other_Amphibian,0.2406,1367.8,1293.8,1458.2,1399.5
/srv/shared_leopard_toad/2024/09.02.2024/3R/104MEDIA/DSCF0131.JPG,DSCF0131.JPG,3R/104MEDIA,2,Western_Leopard_Toad,0.3376,4547.3,1297.8,4605.7,1430.9
/srv/shared_leopard_toad/2024/09.02.2024/3R/104MEDIA/DSCF0136.JPG,DSCF0136.JPG,3R/104MEDIA,2,Western_Leopard_Toad,0.3267,4549.1,1296.5,4608.4,1439.8
/srv/shared_leopard_toad/2024/09.02.2024/3R/104MEDIA/DSCF0276.JPG,DSCF0276.JPG,3R/104MEDIA,2,Western_Leopard_Toad,0.2722,4531.1,1251.2,4608.4,1388.9
/srv/shared_leopard_toad/2024/09.02.2024/3R/104MEDIA/DSCF0179.JPG,DSCF0179.JPG,3R/104MEDIA,2,Western_Leopard_Toad,0.2732,4548.0,1302.0,4605.0,1436.8
/srv/shared_leopard_toad/2024/09.02.2024/3R/104MEDIA/DSCF0034.JPG,DSCF0034.JPG,3R/104MEDIA,2,Western_Leopard_Toad,0.3169,4548.0,1301.8,4605.0,1434.5
/srv/shared_leopard_toad/2024/09.02.2024/3R/104MEDIA/DSCF0005.JPG,DSCF0005.JPG,3R/104MEDIA,2,Western_Leopard_Toad,0.2922,4547.7,1298.4,4605.3,1435.3
/srv/shared_leopard_toad/2024/09.02.2024/3R/104MEDIA/DSCF0004.JPG,DSCF0004.JPG,3R/104MEDIA,2,Western_Leopard_Toad,0.2949,4547.5,1290.3,4605.5,1435.8
/srv/shared_leopard_toad/2024/09.02.2024/3R/104MEDIA/DSCF0161.JPG,DSCF0161.JPG,3R/104MEDIA,2,Western_Leopard_Toad,0.3181,4547.9,1302.5,4605.1,1431.3
/srv/shared_leopard_toad/2024/09.02.2024/3R/104MEDIA/DSCF0002.JPG,DSCF0002.JPG,3R/104MEDIA,2,Western_Leopard_Toad,0.4001,4548.3,1299.7,4604.7,1436.6
/srv/shared_leopard_toad/2024/09.02.2024/3R/104MEDIA/DSCF0002.JPG,DSCF0002.JPG,3R/104MEDIA,0,Other_Amphibian,0.2281,4548.3,1299.7,4604.7,1436.6
/srv/shared_leopard_toad/2024/09.02.2024/3R/104MEDIA/DSCF0037.JPG,DSCF0037.JPG,3R/104MEDIA,2,Western_Leopard_Toad,0.2637,4545.7,1299.7,4602.8,1436.6
/srv/shared_leopard_toad/2024/09.02.2024/3R/104MEDIA/DSCF0137.JPG,DSCF0137.JPG,3R/104MEDIA,0,Other_Amphibian,0.4902,1451.5,2075.6,1541.0,2176.9
/srv/shared_leopard_toad/2024/09.02.2024/3R/104MEDIA/DSCF0129.JPG,DSCF0129.JPG,3R/104MEDIA,2,Western_Leopard_Toad,0.2871,4546.8,1291.3,4606.2,1440.0
/srv/shared_leopard_toad/2024/09.02.2024/3R/104MEDIA/DSCF0147.JPG,DSCF0147.JPG,3R/104MEDIA,2,Western_Leopard_Toad,0.2864,4549.6,1296.9,4607.9,1436.8
/srv/shared_leopard_toad/2024/09.02.2024/3R/104MEDIA/DSCF0175.JPG,DSCF0175.JPG,3R/104MEDIA,2,Western_Leopard_Toad,0.2930,4549.6,1284.7,4607.9,1431.3
/srv/shared_leopard_toad/2024/09.02.2024/3R/104MEDIA/DSCF0103.JPG,DSCF0103.JPG,3R/104MEDIA,2,Western_Leopard_Toad,0.3171,4547.7,1296.9,4605.3,1436.8
/srv/shared_leopard_toad/2024/09.02.2024/3R/104MEDIA/DSCF0039.JPG,DSCF0039.JPG,3R/104MEDIA,2,Western_Leopard_Toad,0.3567,4547.6,1300.3,4605.4,1438.5
/srv/shared_leopard_toad/2024/09.02.2024/3R/104MEDIA/DSCF0042.JPG,DSCF0042.JPG,3R/104MEDIA,2,Western_Leopard_Toad,0.4072,4549.6,1297.5,4607.9,1436.2
/srv/shared_leopard_toad/2024/09.02.2024/3R/104MEDIA/DSCF0156.JPG,DSCF0156.JPG,3R/104MEDIA,2,Western_Leopard_Toad,0.3550,4547.7,1299.6,4605.3,1444.3
/srv/shared_leopard_toad/2024/09.02.2024/3R/104MEDIA/DSCF0055.JPG,DSCF0055.JPG,3R/104MEDIA,2,Western_Leopard_Toad,0.2644,4547.6,1301.6,4605.4,1437.2
/srv/shared_leopard_toad/2024/09.02.2024/3R/104MEDIA/DSCF0197.JPG,DSCF0197.JPG,3R/104MEDIA,0,Other_Amphibian,0.2075,1467.6,761.4,1666.7,902.9
/srv/shared_leopard_toad/2024/09.02.2024/3R/104MEDIA/DSCF0354.JPG,DSCF0354.JPG,3R/104MEDIA,2,Western_Leopard_Toad,0.2849,4530.5,1250.4,4609.0,1392.2
/srv/shared_leopard_toad/2024/09.02.2024/3R/104MEDIA/DSCF0105.JPG,DSCF0105.JPG,3R/104MEDIA,2,Western_Leopard_Toad,0.2812,4549.3,1303.3,4608.2,1445.6
/srv/shared_leopard_toad/2024/09.02.2024/3R/104MEDIA/DSCF0116.JPG,DSCF0116.JPG,3R/104MEDIA,2,Western_Leopard_Toad,0.3433,4550.1,1293.7,4607.4,1437.6
/srv/shared_leopard_toad/2024/09.02.2024/3R/104MEDIA/DSCF0109.JPG,DSCF0109.JPG,3R/104MEDIA,2,Western_Leopard_Toad,0.2581,4549.9,1302.1,4607.6,1436.7
/srv/shared_leopard_toad/2024/09.02.2024/3R/104MEDIA/DSCF0024.JPG,DSCF0024.JPG,3R/104MEDIA,2,Western_Leopard_Toad,0.3206,4544.7,1300.2,4603.8,1446.2
/srv/shared_leopard_toad/2024/09.02.2024/3R/104MEDIA/DSCF0234.JPG,DSCF0234.JPG,3R/104MEDIA,2,Western_Leopard_Toad,0.2556,4526.0,1251.7,4604.5,1471.9
/srv/shared_leopard_toad/2024/09.02.2024/3R/104MEDIA/DSCF0138.JPG,DSCF0138.JPG,3R/104MEDIA,2,Western_Leopard_Toad,0.2966,4547.1,1292.8,4605.9,1448.5
/srv/shared_leopard_toad/2024/09.02.2024/3R/104MEDIA/DSCF0014.JPG,DSCF0014.JPG,3R/104MEDIA,2,Western_Leopard_Toad,0.2622,4545.5,1296.7,4603.0,1444.6
/srv/shared_leopard_toad/2024/09.02.2024/3R/104MEDIA/DSCF0140.JPG,DSCF0140.JPG,3R/104MEDIA,2,Western_Leopard_Toad,0.2581,4547.7,1294.7,4605.3,1439.1
/srv/shared_leopard_toad/2024/09.02.2024/3R/102MEDIA/DSCF0404.JPG,DSCF0404.JPG,3R/102MEDIA,0,Other_Amphibian,0.2981,1368.5,-4.6,1464.2,43.0
/srv/shared_leopard_toad/2024/09.02.2024/3R/102MEDIA/DSCF0993.JPG,DSCF0993.JPG,3R/102MEDIA,2,Western_Leopard_Toad,0.4060,4551.6,1305.8,4605.9,1430.5
/srv/shared_leopard_toad/2024/09.02.2024/3R/102MEDIA/DSCF0358.JPG,DSCF0358.JPG,3R/102MEDIA,0,Other_Amphibian,0.2240,1368.8,-4.9,1457.2,43.9
/srv/shared_leopard_toad/2024/09.02.2024/3R/102MEDIA/DSCF0012.JPG,DSCF0012.JPG,3R/102MEDIA,0,Other_Amphibian,0.2622,1366.1,-3.8,1457.6,35.8
/srv/shared_leopard_toad/2024/09.02.2024/3R/102MEDIA/DSCF0911.JPG,DSCF0911.JPG,3R/102MEDIA,0,Other_Amphibian,0.2839,395.8,780.0,517.7,919.7
/srv/shared_leopard_toad/2024/09.02.2024/3R/102MEDIA/DSCF0464.JPG,DSCF0464.JPG,3R/102MEDIA,0,Other_Amphibian,0.2179,1456.1,1744.3,1554.4,1847.5
/srv/shared_leopard_toad/2024/09.02.2024/3R/102MEDIA/DSCF0001.JPG,DSCF0001.JPG,3R/102MEDIA,0,Other_Amphibian,0.3035,1364.4,-3.2,1468.3,37.7
/srv/shared_leopard_toad/2024/09.02.2024/3R/102MEDIA/DSCF0407.JPG,DSCF0407.JPG,3R/102MEDIA,0,Other_Amphibian,0.2007,1369.8,-4.9,1451.7,41.0
/srv/shared_leopard_toad/2024/09.02.2024/3R/102MEDIA/DSCF0416.JPG,DSCF0416.JPG,3R/102MEDIA,0,Other_Amphibian,0.3040,1369.1,-5.0,1447.9,44.5
/srv/shared_leopard_toad/2024/09.02.2024/3R/102MEDIA/DSCF0933.JPG,DSCF0933.JPG,3R/102MEDIA,0,Other_Amphibian,0.2654,396.3,780.8,515.5,917.7
/srv/shared_leopard_toad/2024/09.02.2024/3R/102MEDIA/DSCF0417.JPG,DSCF0417.JPG,3R/102MEDIA,0,Other_Amphibian,0.2463,1366.7,-4.4,1452.5,43.3
/srv/shared_leopard_toad/2024/09.02.2024/3R/102MEDIA/DSCF0325.JPG,DSCF0325.JPG,3R/102MEDIA,0,Other_Amphibian,0.2554,1367.5,-3.7,1454.0,46.1
/srv/shared_leopard_toad/2024/09.02.2024/3R/102MEDIA/DSCF0107.JPG,DSCF0107.JPG,3R/102MEDIA,0,Other_Amphibian,0.2047,1364.3,-3.6,1459.4,38.8
/srv/shared_leopard_toad/2024/09.02.2024/3R/102MEDIA/DSCF0430.JPG,DSCF0430.JPG,3R/102MEDIA,0,Other_Amphibian,0.2273,1362.2,-4.5,1450.3,43.2
/srv/shared_leopard_toad/2024/09.02.2024/3R/102MEDIA/DSCF0956.JPG,DSCF0956.JPG,3R/102MEDIA,0,Other_Amphibian,0.3354,395.9,776.2,517.6,923.6
/srv/shared_leopard_toad/2024/09.02.2024/3R/102MEDIA/DSCF0956.JPG,DSCF0956.JPG,3R/102MEDIA,2,Western_Leopard_Toad,0.2539,4547.2,1302.4,4605.8,1426.3
/srv/shared_leopard_toad/2024/09.02.2024/3R/102MEDIA/DSCF0221.JPG,DSCF0221.JPG,3R/102MEDIA,0,Other_Amphibian,0.2607,1365.6,-4.1,1462.6,41.3
/srv/shared_leopard_toad/2024/09.02.2024/3R/102MEDIA/DSCF0667.JPG,DSCF0667.JPG,3R/102MEDIA,0,Other_Amphibian,0.2622,1845.1,391.5,1916.9,457.7
/srv/shared_leopard_toad/2024/09.02.2024/3R/102MEDIA/DSCF0061.JPG,DSCF0061.JPG,3R/102MEDIA,0,Other_Amphibian,0.2769,1365.1,-4.2,1463.2,38.3
/srv/shared_leopard_toad/2024/09.02.2024/3R/102MEDIA/DSCF0339.JPG,DSCF0339.JPG,3R/102MEDIA,0,Other_Amphibian,0.2095,1367.1,-3.8,1461.2,43.8
/srv/shared_leopard_toad/2024/09.02.2024/3R/102MEDIA/DSCF0983.JPG,DSCF0983.JPG,3R/102MEDIA,2,Western_Leopard_Toad,0.2766,4550.6,1302.2,4606.9,1444.2
/srv/shared_leopard_toad/2024/09.02.2024/3R/102MEDIA/DSCF0336.JPG,DSCF0336.JPG,3R/102MEDIA,0,Other_Amphibian,0.2896,1365.5,-3.8,1458.3,45.0
/srv/shared_leopard_toad/2024/09.02.2024/3R/102MEDIA/DSCF0344.JPG,DSCF0344.JPG,3R/102MEDIA,0,Other_Amphibian,0.2240,1364.6,-4.4,1443.4,43.6
/srv/shared_leopard_toad/2024/09.02.2024/3R/102MEDIA/DSCF0077.JPG,DSCF0077.JPG,3R/102MEDIA,0,Other_Amphibian,0.2534,1364.5,-4.0,1461.5,38.5
/srv/shared_leopard_toad/2024/09.02.2024/3R/102MEDIA/DSCF0390.JPG,DSCF0390.JPG,3R/102MEDIA,0,Other_Amphibian,0.2212,1367.4,-4.7,1454.1,42.3
/srv/shared_leopard_toad/2024/09.02.2024/3R/102MEDIA/DSCF0051.JPG,DSCF0051.JPG,3R/102MEDIA,0,Other_Amphibian,0.2374,1364.5,-4.4,1466.0,38.1
/srv/shared_leopard_toad/2024/09.02.2024/3R/102MEDIA/DSCF0431.JPG,DSCF0431.JPG,3R/102MEDIA,0,Other_Amphibian,0.2031,1364.5,-4.7,1448.0,44.9
/srv/shared_leopard_toad/2024/09.02.2024/3R/102MEDIA/DSCF0304.JPG,DSCF0304.JPG,3R/102MEDIA,0,Other_Amphibian,0.2037,1367.8,-3.5,1476.2,44.2
/srv/shared_leopard_toad/2024/09.02.2024/3R/102MEDIA/DSCF0003.JPG,DSCF0003.JPG,3R/102MEDIA,0,Other_Amphibian,0.2076,1358.2,-4.1,1463.3,34.6
/srv/shared_leopard_toad/2024/09.02.2024/3R/102MEDIA/DSCF0981.JPG,DSCF0981.JPG,3R/102MEDIA,0,Other_Amphibian,0.2515,399.6,786.2,521.8,923.6
/srv/shared_leopard_toad/2024/09.02.2024/3R/102MEDIA/DSCF0403.JPG,DSCF0403.JPG,3R/102MEDIA,0,Other_Amphibian,0.3013,1368.7,-4.8,1450.6,44.7
/srv/shared_leopard_toad/2024/09.02.2024/3R/102MEDIA/DSCF0895.JPG,DSCF0895.JPG,3R/102MEDIA,2,Western_Leopard_Toad,0.3367,4547.2,1304.9,4605.8,1428.8
/srv/shared_leopard_toad/2024/09.02.2024/3R/102MEDIA/DSCF0649.JPG,DSCF0649.JPG,3R/102MEDIA,0,Other_Amphibian,0.7104,1421.7,1700.1,1548.3,1841.1
/srv/shared_leopard_toad/2024/09.02.2024/3R/102MEDIA/DSCF0912.JPG,DSCF0912.JPG,3R/102MEDIA,0,Other_Amphibian,0.2908,4542.0,1300.8,4606.5,1427.9
/srv/shared_leopard_toad/2024/09.02.2024/3R/102MEDIA/DSCF0899.JPG,DSCF0899.JPG,3R/102MEDIA,2,Western_Leopard_Toad,0.2673,4547.2,1308.3,4605.8,1430.5
/srv/shared_leopard_toad/2024/09.02.2024/3R/102MEDIA/DSCF0445.JPG,DSCF0445.JPG,3R/102MEDIA,0,Other_Amphibian,0.2358,1364.0,-4.7,1448.5,42.9
/srv/shared_leopard_toad/2024/09.02.2024/3R/102MEDIA/DSCF0994.JPG,DSCF0994.JPG,3R/102MEDIA,2,Western_Leopard_Toad,0.3364,4548.6,1303.8,4604.4,1435.0
/srv/shared_leopard_toad/2024/09.02.2024/3R/102MEDIA/DSCF0439.JPG,DSCF0439.JPG,3R/102MEDIA,0,Other_Amphibian,0.2747,1362.9,-4.2,1445.1,46.7
/srv/shared_leopard_toad/2024/09.02.2024/3R/102MEDIA/DSCF0372.JPG,DSCF0372.JPG,3R/102MEDIA,0,Other_Amphibian,0.2322,1369.9,-4.7,1456.1,43.8
/srv/shared_leopard_toad/2024/09.02.2024/3R/102MEDIA/DSCF0979.JPG,DSCF0979.JPG,3R/102MEDIA,2,Western_Leopard_Toad,0.3865,4547.5,1299.9,4605.5,1431.3
/srv/shared_leopard_toad/2024/09.02.2024/3R/102MEDIA/DSCF0880.JPG,DSCF0880.JPG,3R/102MEDIA,2,Western_Leopard_Toad,0.3193,4548.2,1304.5,4604.8,1429.2
/srv/shared_leopard_toad/2024/09.02.2024/3R/102MEDIA/DSCF0938.JPG,DSCF0938.JPG,3R/102MEDIA,2,Western_Leopard_Toad,0.3508,4543.2,1304.8,4605.3,1428.9
/srv/shared_leopard_toad/2024/09.02.2024/3R/102MEDIA/DSCF0033.JPG,DSCF0033.JPG,3R/102MEDIA,0,Other_Amphibian,0.2615,1363.0,-4.2,1465.3,37.3
/srv/shared_leopard_toad/2024/09.02.2024/3R/102MEDIA/DSCF0870.JPG,DSCF0870.JPG,3R/102MEDIA,2,Western_Leopard_Toad,0.4099,4550.7,1302.5,4606.8,1428.7
/srv/shared_leopard_toad/2024/09.02.2024/3R/102MEDIA/DSCF0411.JPG,DSCF0411.JPG,3R/102MEDIA,0,Other_Amphibian,0.2637,1365.0,-4.3,1461.0,40.6
/srv/shared_leopard_toad/2024/09.02.2024/3R/102MEDIA/DSCF0007.JPG,DSCF0007.JPG,3R/102MEDIA,0,Other_Amphibian,0.2013,1362.4,-4.3,1456.8,35.8
/srv/shared_leopard_toad/2024/09.02.2024/3R/102MEDIA/DSCF0044.JPG,DSCF0044.JPG,3R/102MEDIA,0,Other_Amphibian,0.2323,1362.1,-4.4,1463.9,36.4
/srv/shared_leopard_toad/2024/09.02.2024/3R/102MEDIA/DSCF0380.JPG,DSCF0380.JPG,3R/102MEDIA,0,Other_Amphibian,0.2573,1367.8,-3.8,1447.0,44.0
/srv/shared_leopard_toad/2024/09.02.2024/3R/102MEDIA/DSCF0982.JPG,DSCF0982.JPG,3R/102MEDIA,2,Western_Leopard_Toad,0.2915,4548.1,1301.1,4604.9,1430.1
/srv/shared_leopard_toad/2024/09.02.2024/3R/102MEDIA/DSCF0409.JPG,DSCF0409.JPG,3R/102MEDIA,0,Other_Amphibian,0.2374,1367.1,-4.0,1445.4,41.2
/srv/shared_leopard_toad/2024/09.02.2024/3R/102MEDIA/DSCF0343.JPG,DSCF0343.JPG,3R/102MEDIA,0,Other_Amphibian,0.2207,1366.1,-4.6,1444.1,43.1
/srv/shared_leopard_toad/2024/09.02.2024/3R/102MEDIA/DSCF0906.JPG,DSCF0906.JPG,3R/102MEDIA,2,Western_Leopard_Toad,0.3950,4546.6,1302.3,4606.4,1428.9
/srv/shared_leopard_toad/2024/09.02.2024/3R/102MEDIA/DSCF0906.JPG,DSCF0906.JPG,3R/102MEDIA,0,Other_Amphibian,0.2646,4546.6,1302.3,4606.4,1428.9
/srv/shared_leopard_toad/2024/09.02.2024/3R/102MEDIA/DSCF0402.JPG,DSCF0402.JPG,3R/102MEDIA,0,Other_Amphibian,0.2705,1367.0,-5.0,1445.5,44.2
/srv/shared_leopard_toad/2024/09.02.2024/3R/102MEDIA/DSCF0924.JPG,DSCF0924.JPG,3R/102MEDIA,0,Other_Amphibian,0.2881,404.1,782.8,519.0,916.9
/srv/shared_leopard_toad/2024/09.02.2024/3R/102MEDIA/DSCF0871.JPG,DSCF0871.JPG,3R/102MEDIA,0,Other_Amphibian,0.2451,4544.6,1293.7,4608.4,1427.3
/srv/shared_leopard_toad/2024/09.02.2024/3R/102MEDIA/DSCF0944.JPG,DSCF0944.JPG,3R/102MEDIA,2,Western_Leopard_Toad,0.4126,4547.5,1303.7,4605.5,1430.1
/srv/shared_leopard_toad/2024/09.02.2024/3R/102MEDIA/DSCF0060.JPG,DSCF0060.JPG,3R/102MEDIA,0,Other_Amphibian,0.2637,1364.4,-4.2,1468.3,38.0
/srv/shared_leopard_toad/2024/09.02.2024/3R/102MEDIA/DSCF0943.JPG,DSCF0943.JPG,3R/102MEDIA,2,Western_Leopard_Toad,0.2578,4548.2,1301.9,4604.8,1431.9
/srv/shared_leopard_toad/2024/09.02.2024/3R/102MEDIA/DSCF0917.JPG,DSCF0917.JPG,3R/102MEDIA,0,Other_Amphibian,0.2344,396.0,778.3,517.5,922.7
/srv/shared_leopard_toad/2024/09.02.2024/3R/102MEDIA/DSCF0672.JPG,DSCF0672.JPG,3R/102MEDIA,0,Other_Amphibian,0.3596,1338.8,1691.7,1430.9,1768.5
/srv/shared_leopard_toad/2024/09.02.2024/3R/102MEDIA/DSCF0998.JPG,DSCF0998.JPG,3R/102MEDIA,2,Western_Leopard_Toad,0.2783,4551.5,1303.0,4606.0,1430.8
/srv/shared_leopard_toad/2024/09.02.2024/3R/102MEDIA/DSCF0433.JPG,DSCF0433.JPG,3R/102MEDIA,0,Other_Amphibian,0.2876,1362.9,-4.3,1449.6,43.7
/srv/shared_leopard_toad/2024/09.02.2024/3R/102MEDIA/DSCF0385.JPG,DSCF0385.JPG,3R/102MEDIA,0,Other_Amphibian,0.2129,1368.0,-4.8,1453.5,42.8
/srv/shared_leopard_toad/2024/09.02.2024/3R/102MEDIA/DSCF0426.JPG,DSCF0426.JPG,3R/102MEDIA,0,Other_Amphibian,0.2690,1365.7,-4.0,1444.5,43.1
/srv/shared_leopard_toad/2024/09.02.2024/3R/102MEDIA/DSCF0041.JPG,DSCF0041.JPG,3R/102MEDIA,0,Other_Amphibian,0.2142,1363.2,-4.1,1462.8,33.9
/srv/shared_leopard_toad/2024/09.02.2024/3R/102MEDIA/DSCF0781.JPG,DSCF0781.JPG,3R/102MEDIA,2,Western_Leopard_Toad,0.3770,2744.1,282.3,2871.9,437.2
/srv/shared_leopard_toad/2024/09.02.2024/3R/102MEDIA/DSCF0896.JPG,DSCF0896.JPG,3R/102MEDIA,2,Western_Leopard_Toad,0.4038,4547.7,1302.1,4605.3,1429.2
/srv/shared_leopard_toad/2024/09.02.2024/3R/102MEDIA/DSCF0419.JPG,DSCF0419.JPG,3R/102MEDIA,0,Other_Amphibian,0.2177,1366.7,-4.7,1445.8,42.2
/srv/shared_leopard_toad/2024/09.02.2024/3R/102MEDIA/DSCF0220.JPG,DSCF0220.JPG,3R/102MEDIA,0,Other_Amphibian,0.2251,1365.0,-3.5,1449.8,41.4
/srv/shared_leopard_toad/2024/09.02.2024/3R/102MEDIA/DSCF0006.JPG,DSCF0006.JPG,3R/102MEDIA,0,Other_Amphibian,0.2485,1360.6,-3.8,1454.1,35.9
/srv/shared_leopard_toad/2024/09.02.2024/3R/102MEDIA/DSCF0959.JPG,DSCF0959.JPG,3R/102MEDIA,2,Western_Leopard_Toad,0.3245,4548.3,1306.2,4604.7,1432.6
/srv/shared_leopard_toad/2024/09.02.2024/3R/102MEDIA/DSCF0057.JPG,DSCF0057.JPG,3R/102MEDIA,0,Other_Amphibian,0.2817,1362.1,-4.7,1470.7,38.7
/srv/shared_leopard_toad/2024/09.02.2024/3R/102MEDIA/DSCF0346.JPG,DSCF0346.JPG,3R/102MEDIA,0,Other_Amphibian,0.2224,1365.9,-3.6,1448.8,41.4
/srv/shared_leopard_toad/2024/09.02.2024/3R/102MEDIA/DSCF0432.JPG,DSCF0432.JPG,3R/102MEDIA,0,Other_Amphibian,0.2449,1363.7,-4.7,1448.8,43.7
/srv/shared_leopard_toad/2024/09.02.2024/3R/102MEDIA/DSCF0412.JPG,DSCF0412.JPG,3R/102MEDIA,0,Other_Amphibian,0.2529,1365.1,-4.4,1449.6,42.2
/srv/shared_leopard_toad/2024/09.02.2024/3R/102MEDIA/DSCF0405.JPG,DSCF0405.JPG,3R/102MEDIA,0,Other_Amphibian,0.2255,1366.8,-4.7,1456.9,42.9
/srv/shared_leopard_toad/2024/09.02.2024/3R/102MEDIA/DSCF0052.JPG,DSCF0052.JPG,3R/102MEDIA,0,Other_Amphibian,0.2983,1364.2,-3.9,1466.3,38.2
/srv/shared_leopard_toad/2024/09.02.2024/3R/102MEDIA/DSCF0040.JPG,DSCF0040.JPG,3R/102MEDIA,0,Other_Amphibian,0.2705,1363.8,-4.0,1466.7,36.3
/srv/shared_leopard_toad/2024/09.02.2024/3R/102MEDIA/DSCF0729.JPG,DSCF0729.JPG,3R/102MEDIA,2,Western_Leopard_Toad,0.4397,4546.3,1307.1,4606.7,1436.8
/srv/shared_leopard_toad/2024/09.02.2024/3R/102MEDIA/DSCF0315.JPG,DSCF0315.JPG,3R/102MEDIA,0,Other_Amphibian,0.2144,1370.5,-4.8,1455.5,42.9
/srv/shared_leopard_toad/2024/09.02.2024/3R/102MEDIA/DSCF0423.JPG,DSCF0423.JPG,3R/102MEDIA,0,Other_Amphibian,0.2417,1368.2,-4.4,1451.1,44.0
/srv/shared_leopard_toad/2024/09.02.2024/3R/102MEDIA/DSCF0045.JPG,DSCF0045.JPG,3R/102MEDIA,0,Other_Amphibian,0.2372,1360.2,-4.8,1470.3,37.2
/srv/shared_leopard_toad/2024/09.02.2024/3R/102MEDIA/DSCF0096.JPG,DSCF0096.JPG,3R/102MEDIA,0,Other_Amphibian,0.2330,1367.7,-4.1,1451.5,37.8
/srv/shared_leopard_toad/2024/09.02.2024/3R/102MEDIA/DSCF0053.JPG,DSCF0053.JPG,3R/102MEDIA,0,Other_Amphibian,0.2100,1361.7,-4.1,1459.8,37.3
/srv/shared_leopard_toad/2024/09.02.2024/3R/102MEDIA/DSCF0384.JPG,DSCF0384.JPG,3R/102MEDIA,0,Other_Amphibian,0.2917,1366.1,-4.8,1446.4,43.2
/srv/shared_leopard_toad/2024/09.02.2024/3R/102MEDIA/DSCF0320.JPG,DSCF0320.JPG,3R/102MEDIA,0,Other_Amphibian,0.2316,1367.5,-3.6,1469.8,43.3
/srv/shared_leopard_toad/2024/09.02.2024/3R/102MEDIA/DSCF0247.JPG,DSCF0247.JPG,3R/102MEDIA,0,Other_Amphibian,0.2061,2243.8,2077.0,2334.9,2160.3
/srv/shared_leopard_toad/2024/09.02.2024/3R/102MEDIA/DSCF0898.JPG,DSCF0898.JPG,3R/102MEDIA,2,Western_Leopard_Toad,0.2869,4547.0,1300.5,4606.0,1433.2
/srv/shared_leopard_toad/2024/09.02.2024/3R/102MEDIA/DSCF0716.JPG,DSCF0716.JPG,3R/102MEDIA,2,Western_Leopard_Toad,0.3384,2644.7,276.4,2759.8,429.8
/srv/shared_leopard_toad/2024/09.02.2024/3R/102MEDIA/DSCF0963.JPG,DSCF0963.JPG,3R/102MEDIA,2,Western_Leopard_Toad,0.2627,4550.3,1305.7,4607.2,1433.1
/srv/shared_leopard_toad/2024/09.02.2024/3R/102MEDIA/DSCF0931.JPG,DSCF0931.JPG,3R/102MEDIA,2,Western_Leopard_Toad,0.2666,4547.4,1304.7,4605.6,1429.0
/srv/shared_leopard_toad/2024/09.02.2024/3R/102MEDIA/DSCF0246.JPG,DSCF0246.JPG,3R/102MEDIA,0,Other_Amphibian,0.4785,2244.4,2077.5,2334.3,2162.3
/srv/shared_leopard_toad/2024/09.02.2024/3R/102MEDIA/DSCF0978.JPG,DSCF0978.JPG,3R/102MEDIA,2,Western_Leopard_Toad,0.4131,4548.0,1306.3,4605.0,1432.5
/srv/shared_leopard_toad/2024/09.02.2024/3R/102MEDIA/DSCF0978.JPG,DSCF0978.JPG,3R/102MEDIA,0,Other_Amphibian,0.2344,4548.0,1306.3,4605.0,1432.5
/srv/shared_leopard_toad/2024/09.02.2024/3R/102MEDIA/DSCF0378.JPG,DSCF0378.JPG,3R/102MEDIA,0,Other_Amphibian,0.2742,1367.0,-2.8,1445.5,46.2
/srv/shared_leopard_toad/2024/09.02.2024/3R/102MEDIA/DSCF0252.JPG,DSCF0252.JPG,3R/102MEDIA,0,Other_Amphibian,0.3501,2239.3,2071.8,2332.7,2168.0
/srv/shared_leopard_toad/2024/09.02.2024/3R/102MEDIA/DSCF0396.JPG,DSCF0396.JPG,3R/102MEDIA,0,Other_Amphibian,0.2118,1365.4,-4.7,1449.4,41.6
/srv/shared_leopard_toad/2024/09.02.2024/3R/102MEDIA/DSCF0788.JPG,DSCF0788.JPG,3R/102MEDIA,0,Other_Amphibian,0.2664,1378.5,1327.9,1447.5,1418.5
/srv/shared_leopard_toad/2024/09.02.2024/3R/102MEDIA/DSCF0927.JPG,DSCF0927.JPG,3R/102MEDIA,2,Western_Leopard_Toad,0.2549,4547.5,1301.0,4605.5,1427.7
/srv/shared_leopard_toad/2024/09.02.2024/3R/102MEDIA/DSCF0908.JPG,DSCF0908.JPG,3R/102MEDIA,2,Western_Leopard_Toad,0.2903,4547.2,1306.9,4605.8,1431.9
/srv/shared_leopard_toad/2024/09.02.2024/3R/102MEDIA/DSCF0072.JPG,DSCF0072.JPG,3R/102MEDIA,0,Other_Amphibian,0.2034,1363.9,-3.3,1457.6,39.4
/srv/shared_leopard_toad/2024/09.02.2024/3R/102MEDIA/DSCF0892.JPG,DSCF0892.JPG,3R/102MEDIA,2,Western_Leopard_Toad,0.2974,4546.4,1300.0,4606.6,1428.7
/srv/shared_leopard_toad/2024/09.02.2024/3R/102MEDIA/DSCF0768.JPG,DSCF0768.JPG,3R/102MEDIA,2,Western_Leopard_Toad,0.2778,2785.0,333.4,2885.0,453.8
/srv/shared_leopard_toad/2024/09.02.2024/3R/102MEDIA/DSCF0335.JPG,DSCF0335.JPG,3R/102MEDIA,0,Other_Amphibian,0.2397,1367.4,-2.9,1469.9,47.6
/srv/shared_leopard_toad/2024/09.02.2024/3R/102MEDIA/DSCF0877.JPG,DSCF0877.JPG,3R/102MEDIA,0,Other_Amphibian,0.2101,4542.6,1304.6,4605.9,1431.7
/srv/shared_leopard_toad/2024/09.02.2024/3R/102MEDIA/DSCF0965.JPG,DSCF0965.JPG,3R/102MEDIA,0,Other_Amphibian,0.3997,397.6,779.3,519.3,921.7
/srv/shared_leopard_toad/2024/09.02.2024/3R/102MEDIA/DSCF0095.JPG,DSCF0095.JPG,3R/102MEDIA,0,Other_Amphibian,0.2172,1363.8,-3.9,1457.7,38.1
/srv/shared_leopard_toad/2024/09.02.2024/3R/102MEDIA/DSCF0376.JPG,DSCF0376.JPG,3R/102MEDIA,0,Other_Amphibian,0.3096,1365.4,-4.0,1447.1,44.5
/srv/shared_leopard_toad/2024/09.02.2024/3R/102MEDIA/DSCF0049.JPG,DSCF0049.JPG,3R/102MEDIA,0,Other_Amphibian,0.2703,1366.9,-4.2,1465.9,37.7
/srv/shared_leopard_toad/2024/09.02.2024/3R/102MEDIA/DSCF0065.JPG,DSCF0065.JPG,3R/102MEDIA,0,Other_Amphibian,0.2130,1364.6,-4.6,1461.4,37.2
/srv/shared_leopard_toad/2024/09.02.2024/3R/102MEDIA/DSCF0414.JPG,DSCF0414.JPG,3R/102MEDIA,0,Other_Amphibian,0.2588,1364.5,-4.1,1448.0,41.9
/srv/shared_leopard_toad/2024/09.02.2024/3R/102MEDIA/DSCF0820.JPG,DSCF0820.JPG,3R/102MEDIA,2,Western_Leopard_Toad,0.2737,4547.9,1303.3,4605.1,1430.4
/srv/shared_leopard_toad/2024/09.02.2024/3R/102MEDIA/DSCF0074.JPG,DSCF0074.JPG,3R/102MEDIA,0,Other_Amphibian,0.3320,1363.8,-4.2,1466.7,39.7
/srv/shared_leopard_toad/2024/09.02.2024/3R/102MEDIA/DSCF0110.JPG,DSCF0110.JPG,3R/102MEDIA,0,Other_Amphibian,0.3145,1362.5,-4.3,1470.2,38.5
/srv/shared_leopard_toad/2024/09.02.2024/3R/102MEDIA/DSCF0421.JPG,DSCF0421.JPG,3R/102MEDIA,0,Other_Amphibian,0.3008,1360.3,-5.1,1445.4,47.5
/srv/shared_leopard_toad/2024/09.02.2024/3R/102MEDIA/DSCF0907.JPG,DSCF0907.JPG,3R/102MEDIA,2,Western_Leopard_Toad,0.3232,4544.7,1309.8,4603.8,1429.0
/srv/shared_leopard_toad/2024/09.02.2024/3R/102MEDIA/DSCF0418.JPG,DSCF0418.JPG,3R/102MEDIA,0,Other_Amphibian,0.2372,1365.0,-4.0,1443.0,43.4
/srv/shared_leopard_toad/2024/09.02.2024/3R/102MEDIA/DSCF0937.JPG,DSCF0937.JPG,3R/102MEDIA,0,Other_Amphibian,0.3386,395.3,780.8,518.2,920.2
/srv/shared_leopard_toad/2024/09.02.2024/3R/102MEDIA/DSCF0113.JPG,DSCF0113.JPG,3R/102MEDIA,0,Other_Amphibian,0.2255,1363.6,-4.3,1460.2,38.6
/srv/shared_leopard_toad/2024/09.02.2024/3R/102MEDIA/DSCF0387.JPG,DSCF0387.JPG,3R/102MEDIA,0,Other_Amphibian,0.3147,1367.0,-5.6,1452.3,44.7
/srv/shared_leopard_toad/2024/09.02.2024/3R/102MEDIA/DSCF0962.JPG,DSCF0962.JPG,3R/102MEDIA,0,Other_Amphibian,0.2698,397.3,778.2,517.9,921.5
/srv/shared_leopard_toad/2024/09.02.2024/3R/102MEDIA/DSCF0867.JPG,DSCF0867.JPG,3R/102MEDIA,0,Other_Amphibian,0.2251,4547.5,1306.7,4605.5,1429.6
/srv/shared_leopard_toad/2024/09.02.2024/3R/102MEDIA/DSCF0091.JPG,DSCF0091.JPG,3R/102MEDIA,0,Other_Amphibian,0.2177,1365.1,-4.9,1460.9,38.5
/srv/shared_leopard_toad/2024/09.02.2024/3R/102MEDIA/DSCF0991.JPG,DSCF0991.JPG,3R/102MEDIA,2,Western_Leopard_Toad,0.4221,4550.1,1302.4,4607.4,1433.9
/srv/shared_leopard_toad/2024/09.02.2024/3R/102MEDIA/DSCF0985.JPG,DSCF0985.JPG,3R/102MEDIA,2,Western_Leopard_Toad,0.4695,4550.8,1302.7,4606.7,1433.6
/srv/shared_leopard_toad/2024/09.02.2024/3R/102MEDIA/DSCF0985.JPG,DSCF0985.JPG,3R/102MEDIA,0,Other_Amphibian,0.2177,4550.8,1302.7,4606.7,1433.6
/srv/shared_leopard_toad/2024/09.02.2024/3R/102MEDIA/DSCF0391.JPG,DSCF0391.JPG,3R/102MEDIA,0,Other_Amphibian,0.2130,1368.3,-4.9,1455.4,40.7
/srv/shared_leopard_toad/2024/09.02.2024/3R/102MEDIA/DSCF0058.JPG,DSCF0058.JPG,3R/102MEDIA,0,Other_Amphibian,0.2358,1361.6,-4.6,1462.1,39.0
/srv/shared_leopard_toad/2024/09.02.2024/3R/102MEDIA/DSCF0086.JPG,DSCF0086.JPG,3R/102MEDIA,0,Other_Amphibian,0.2161,1362.1,-4.1,1463.9,38.7
/srv/shared_leopard_toad/2024/09.02.2024/3R/102MEDIA/DSCF0735.JPG,DSCF0735.JPG,3R/102MEDIA,0,Other_Amphibian,0.5996,1859.2,2016.3,1952.3,2132.4
/srv/shared_leopard_toad/2024/09.02.2024/3R/102MEDIA/DSCF0735.JPG,DSCF0735.JPG,3R/102MEDIA,2,Western_Leopard_Toad,0.3584,1859.2,2016.3,1952.3,2132.4
/srv/shared_leopard_toad/2024/09.02.2024/3R/102MEDIA/DSCF0018.JPG,DSCF0018.JPG,3R/102MEDIA,0,Other_Amphibian,0.2069,1363.2,-4.5,1469.5,39.2
/srv/shared_leopard_toad/2024/09.02.2024/3R/102MEDIA/DSCF0338.JPG,DSCF0338.JPG,3R/102MEDIA,0,Other_Amphibian,0.2384,1365.9,-4.0,1455.6,44.7
/srv/shared_leopard_toad/2024/09.02.2024/3R/102MEDIA/DSCF0940.JPG,DSCF0940.JPG,3R/102MEDIA,2,Western_Leopard_Toad,0.3503,4548.1,1304.1,4604.9,1432.2
/srv/shared_leopard_toad/2024/09.02.2024/3R/102MEDIA/DSCF0883.JPG,DSCF0883.JPG,3R/102MEDIA,2,Western_Leopard_Toad,0.2739,4545.4,1301.3,4607.6,1429.9
/srv/shared_leopard_toad/2024/09.02.2024/3R/102MEDIA/DSCF0883.JPG,DSCF0883.JPG,3R/102MEDIA,0,Other_Amphibian,0.2725,4545.4,1301.3,4607.6,1429.9
/srv/shared_leopard_toad/2024/09.02.2024/3R/102MEDIA/DSCF0689.JPG,DSCF0689.JPG,3R/102MEDIA,0,Other_Amphibian,0.6602,1760.8,1199.0,1866.2,1322.1
/srv/shared_leopard_toad/2024/09.02.2024/3R/102MEDIA/DSCF0050.JPG,DSCF0050.JPG,3R/102MEDIA,0,Other_Amphibian,0.2710,1365.6,-4.1,1469.4,37.1
/srv/shared_leopard_toad/2024/09.02.2024/3R/102MEDIA/DSCF0327.JPG,DSCF0327.JPG,3R/102MEDIA,0,Other_Amphibian,0.2255,1366.9,-3.5,1454.6,45.5
/srv/shared_leopard_toad/2024/09.02.2024/3R/102MEDIA/DSCF0840.JPG,DSCF0840.JPG,3R/102MEDIA,2,Western_Leopard_Toad,0.2893,4547.0,1301.8,4606.0,1432.0
/srv/shared_leopard_toad/2024/09.02.2024/3R/102MEDIA/DSCF0840.JPG,DSCF0840.JPG,3R/102MEDIA,0,Other_Amphibian,0.2119,4547.0,1301.8,4606.0,1432.0
/srv/shared_leopard_toad/2024/09.02.2024/3R/102MEDIA/DSCF0967.JPG,DSCF0967.JPG,3R/102MEDIA,0,Other_Amphibian,0.2238,393.2,776.9,518.6,922.9
/srv/shared_leopard_toad/2024/09.02.2024/3R/102MEDIA/DSCF0087.JPG,DSCF0087.JPG,3R/102MEDIA,0,Other_Amphibian,0.2186,1365.2,-3.9,1454.1,38.9
/srv/shared_leopard_toad/2024/09.02.2024/3R/102MEDIA/DSCF0889.JPG,DSCF0889.JPG,3R/102MEDIA,2,Western_Leopard_Toad,0.2688,4549.3,1301.9,4608.2,1431.9
/srv/shared_leopard_toad/2024/09.02.2024/3R/102MEDIA/DSCF0068.JPG,DSCF0068.JPG,3R/102MEDIA,0,Other_Amphibian,0.2229,1364.6,-3.7,1454.6,37.0
/srv/shared_leopard_toad/2024/09.02.2024/3R/102MEDIA/DSCF0381.JPG,DSCF0381.JPG,3R/102MEDIA,0,Other_Amphibian,0.2152,1368.5,-5.2,1450.8,44.9
/srv/shared_leopard_toad/2024/09.02.2024/3R/102MEDIA/DSCF0538.JPG,DSCF0538.JPG,3R/102MEDIA,0,Other_Amphibian,0.2222,3573.2,2127.0,3649.3,2211.6
/srv/shared_leopard_toad/2024/09.02.2024/3R/102MEDIA/DSCF0947.JPG,DSCF0947.JPG,3R/102MEDIA,0,Other_Amphibian,0.3530,2207.2,1240.1,2292.8,1331.7
/srv/shared_leopard_toad/2024/09.02.2024/3R/102MEDIA/DSCF0844.JPG,DSCF0844.JPG,3R/102MEDIA,2,Western_Leopard_Toad,0.3484,4547.2,1303.7,4605.8,1430.1
/srv/shared_leopard_toad/2024/09.02.2024/3R/102MEDIA/DSCF0844.JPG,DSCF0844.JPG,3R/102MEDIA,0,Other_Amphibian,0.2084,4547.2,1303.7,4605.8,1430.1
/srv/shared_leopard_toad/2024/09.02.2024/3R/102MEDIA/DSCF0824.JPG,DSCF0824.JPG,3R/102MEDIA,2,Western_Leopard_Toad,0.2791,4543.1,1302.1,4605.4,1429.2
/srv/shared_leopard_toad/2024/09.02.2024/3R/102MEDIA/DSCF0824.JPG,DSCF0824.JPG,3R/102MEDIA,0,Other_Amphibian,0.2563,4543.1,1302.1,4605.4,1429.2
/srv/shared_leopard_toad/2024/09.02.2024/3R/102MEDIA/DSCF0626.JPG,DSCF0626.JPG,3R/102MEDIA,2,Western_Leopard_Toad,0.3628,4543.9,1315.1,4604.6,1441.5
/srv/shared_leopard_toad/2024/09.02.2024/3R/102MEDIA/DSCF0839.JPG,DSCF0839.JPG,3R/102MEDIA,0,Other_Amphibian,0.3518,2182.9,1952.9,2272.1,2038.9
/srv/shared_leopard_toad/2024/09.02.2024/3R/102MEDIA/DSCF0076.JPG,DSCF0076.JPG,3R/102MEDIA,0,Other_Amphibian,0.2520,1362.9,-4.0,1458.6,38.0
/srv/shared_leopard_toad/2024/09.02.2024/3R/102MEDIA/DSCF0690.JPG,DSCF0690.JPG,3R/102MEDIA,0,Other_Amphibian,0.2195,1758.5,1201.5,1868.5,1324.7
/srv/shared_leopard_toad/2024/09.02.2024/3R/102MEDIA/DSCF0918.JPG,DSCF0918.JPG,3R/102MEDIA,2,Western_Leopard_Toad,0.2754,4549.9,1302.5,4607.6,1428.7
/srv/shared_leopard_toad/2024/09.02.2024/3R/102MEDIA/DSCF0377.JPG,DSCF0377.JPG,3R/102MEDIA,0,Other_Amphibian,0.2299,1368.0,-4.2,1458.0,43.0
/srv/shared_leopard_toad/2024/09.02.2024/3R/102MEDIA/DSCF0323.JPG,DSCF0323.JPG,3R/102MEDIA,0,Other_Amphibian,0.2185,1367.4,-3.9,1458.6,43.3
/srv/shared_leopard_toad/2024/09.02.2024/3R/102MEDIA/DSCF0013.JPG,DSCF0013.JPG,3R/102MEDIA,0,Other_Amphibian,0.2109,1363.9,-3.7,1462.1,35.8
/srv/shared_leopard_toad/2024/09.02.2024/3R/102MEDIA/DSCF0079.JPG,DSCF0079.JPG,3R/102MEDIA,0,Other_Amphibian,0.2581,1363.0,-4.5,1460.7,38.0
/srv/shared_leopard_toad/2024/09.02.2024/3R/102MEDIA/DSCF0996.JPG,DSCF0996.JPG,3R/102MEDIA,2,Western_Leopard_Toad,0.3389,4547.0,1301.2,4606.0,1430.0
/srv/shared_leopard_toad/2024/09.02.2024/3R/102MEDIA/DSCF0996.JPG,DSCF0996.JPG,3R/102MEDIA,0,Other_Amphibian,0.2133,4547.0,1301.2,4606.0,1430.0
/srv/shared_leopard_toad/2024/09.02.2024/3R/102MEDIA/DSCF0708.JPG,DSCF0708.JPG,3R/102MEDIA,0,Other_Amphibian,0.3491,1852.0,2095.4,1939.3,2248.3
/srv/shared_leopard_toad/2024/09.02.2024/3R/102MEDIA/DSCF0708.JPG,DSCF0708.JPG,3R/102MEDIA,0,Other_Amphibian,0.2061,1852.3,2099.0,1941.2,2247.2
/srv/shared_leopard_toad/2024/09.02.2024/3R/102MEDIA/DSCF0408.JPG,DSCF0408.JPG,3R/102MEDIA,0,Other_Amphibian,0.2915,1367.2,-4.4,1454.3,41.9
/srv/shared_leopard_toad/2024/09.02.2024/3R/102MEDIA/DSCF0846.JPG,DSCF0846.JPG,3R/102MEDIA,2,Western_Leopard_Toad,0.2837,4547.9,1303.6,4605.1,1430.2
/srv/shared_leopard_toad/2024/09.02.2024/3R/102MEDIA/DSCF0961.JPG,DSCF0961.JPG,3R/102MEDIA,0,Other_Amphibian,0.3154,392.0,776.9,518.1,920.3
/srv/shared_leopard_toad/2024/09.02.2024/3R/102MEDIA/DSCF0825.JPG,DSCF0825.JPG,3R/102MEDIA,0,Other_Amphibian,0.2086,4545.1,1306.8,4607.9,1432.0
/srv/shared_leopard_toad/2024/09.02.2024/3R/102MEDIA/DSCF0915.JPG,DSCF0915.JPG,3R/102MEDIA,0,Other_Amphibian,0.2043,4546.0,1301.0,4607.0,1427.7
/srv/shared_leopard_toad/2024/09.02.2024/3R/102MEDIA/DSCF0425.JPG,DSCF0425.JPG,3R/102MEDIA,0,Other_Amphibian,0.2498,1368.0,-4.6,1446.8,42.1
/srv/shared_leopard_toad/2024/09.02.2024/3R/102MEDIA/DSCF0420.JPG,DSCF0420.JPG,3R/102MEDIA,0,Other_Amphibian,0.2166,1371.3,-5.0,1450.2,43.8
/srv/shared_leopard_toad/2024/09.02.2024/3R/102MEDIA/DSCF0349.JPG,DSCF0349.JPG,3R/102MEDIA,0,Other_Amphibian,0.2111,1364.3,-5.1,1445.9,44.3
/srv/shared_leopard_toad/2024/09.02.2024/3R/102MEDIA/DSCF0953.JPG,DSCF0953.JPG,3R/102MEDIA,0,Other_Amphibian,0.2676,396.2,778.6,517.3,919.9
/srv/shared_leopard_toad/2024/09.02.2024/3R/102MEDIA/DSCF0710.JPG,DSCF0710.JPG,3R/102MEDIA,0,Other_Amphibian,0.5068,1847.7,2150.4,1927.8,2251.4
/srv/shared_leopard_toad/2024/09.02.2024/3R/102MEDIA/DSCF0850.JPG,DSCF0850.JPG,3R/102MEDIA,0,Other_Amphibian,0.2654,395.7,783.5,517.8,916.2
/srv/shared_leopard_toad/2024/09.02.2024/3R/102MEDIA/DSCF0389.JPG,DSCF0389.JPG,3R/102MEDIA,0,Other_Amphibian,0.3027,1368.6,-4.3,1457.4,43.3
/srv/shared_leopard_toad/2024/09.02.2024/3R/102MEDIA/DSCF0198.JPG,DSCF0198.JPG,3R/102MEDIA,0,Other_Amphibian,0.3423,1400.8,1968.6,1542.2,2192.8
/srv/shared_leopard_toad/2024/09.02.2024/3R/102MEDIA/DSCF0198.JPG,DSCF0198.JPG,3R/102MEDIA,0,Other_Amphibian,0.2401,1400.3,1968.2,1542.7,2193.2
/srv/shared_leopard_toad/2024/09.02.2024/3R/102MEDIA/DSCF0395.JPG,DSCF0395.JPG,3R/102MEDIA,0,Other_Amphibian,0.2458,1368.9,-4.3,1463.8,45.1
/srv/shared_leopard_toad/2024/09.02.2024/3R/102MEDIA/DSCF0011.JPG,DSCF0011.JPG,3R/102MEDIA,0,Other_Amphibian,0.3042,1364.4,-4.1,1466.1,37.0
/srv/shared_leopard_toad/2024/09.02.2024/3R/102MEDIA/DSCF0999.JPG,DSCF0999.JPG,3R/102MEDIA,2,Western_Leopard_Toad,0.3364,4550.6,1297.9,4606.9,1438.4
/srv/shared_leopard_toad/2024/09.02.2024/3R/102MEDIA/DSCF0894.JPG,DSCF0894.JPG,3R/102MEDIA,2,Western_Leopard_Toad,0.4441,4550.3,1303.7,4607.2,1430.1
/srv/shared_leopard_toad/2024/09.02.2024/3R/102MEDIA/DSCF0894.JPG,DSCF0894.JPG,3R/102MEDIA,0,Other_Amphibian,0.2681,4550.3,1303.7,4607.2,1430.1
/srv/shared_leopard_toad/2024/09.02.2024/3R/102MEDIA/DSCF0370.JPG,DSCF0370.JPG,3R/102MEDIA,0,Other_Amphibian,0.2544,1366.5,-4.5,1455.0,44.7
/srv/shared_leopard_toad/2024/09.02.2024/3R/102MEDIA/DSCF0857.JPG,DSCF0857.JPG,3R/102MEDIA,0,Other_Amphibian,0.2368,393.4,776.7,518.4,919.2
/srv/shared_leopard_toad/2024/09.02.2024/3R/102MEDIA/DSCF0881.JPG,DSCF0881.JPG,3R/102MEDIA,0,Other_Amphibian,0.2061,4545.8,1306.2,4607.2,1430.1
/srv/shared_leopard_toad/2024/09.02.2024/3R/102MEDIA/DSCF0075.JPG,DSCF0075.JPG,3R/102MEDIA,0,Other_Amphibian,0.2352,1366.6,-4.4,1463.9,37.1
/srv/shared_leopard_toad/2024/09.02.2024/3R/102MEDIA/DSCF0958.JPG,DSCF0958.JPG,3R/102MEDIA,2,Western_Leopard_Toad,0.2874,4547.9,1306.3,4605.1,1432.5
/srv/shared_leopard_toad/2024/09.02.2024/3R/102MEDIA/DSCF0337.JPG,DSCF0337.JPG,3R/102MEDIA,0,Other_Amphibian,0.2434,1366.5,-3.5,1455.0,45.0
/srv/shared_leopard_toad/2024/09.02.2024/3R/102MEDIA/DSCF0104.JPG,DSCF0104.JPG,3R/102MEDIA,0,Other_Amphibian,0.2590,1363.2,-4.1,1462.8,39.1
/srv/shared_leopard_toad/2024/09.02.2024/3R/102MEDIA/DSCF0316.JPG,DSCF0316.JPG,3R/102MEDIA,0,Other_Amphibian,0.2123,1366.2,-4.3,1453.0,40.9
/srv/shared_leopard_toad/2024/09.02.2024/3R/102MEDIA/DSCF0245.JPG,DSCF0245.JPG,3R/102MEDIA,0,Other_Amphibian,0.2374,2236.9,2073.9,2335.1,2168.5
/srv/shared_leopard_toad/2024/09.02.2024/3R/102MEDIA/DSCF0887.JPG,DSCF0887.JPG,3R/102MEDIA,2,Western_Leopard_Toad,0.3018,4547.3,1302.4,4605.7,1431.4
/srv/shared_leopard_toad/2024/09.02.2024/3R/102MEDIA/DSCF0887.JPG,DSCF0887.JPG,3R/102MEDIA,0,Other_Amphibian,0.2576,4547.3,1302.4,4605.7,1431.4
/srv/shared_leopard_toad/2024/09.02.2024/3R/102MEDIA/DSCF0954.JPG,DSCF0954.JPG,3R/102MEDIA,0,Other_Amphibian,0.2125,394.7,781.2,517.1,919.8
/srv/shared_leopard_toad/2024/09.02.2024/3R/102MEDIA/DSCF0799.JPG,DSCF0799.JPG,3R/102MEDIA,0,Other_Amphibian,0.2981,1704.2,1.4,1796.8,90.8
/srv/shared_leopard_toad/2024/09.02.2024/3R/102MEDIA/DSCF0093.JPG,DSCF0093.JPG,3R/102MEDIA,0,Other_Amphibian,0.2238,1364.2,-4.2,1455.0,37.7
/srv/shared_leopard_toad/2024/09.02.2024/3R/102MEDIA/DSCF0083.JPG,DSCF0083.JPG,3R/102MEDIA,0,Other_Amphibian,0.3071,1364.7,-4.7,1465.8,39.5
/srv/shared_leopard_toad/2024/09.02.2024/3R/102MEDIA/DSCF0199.JPG,DSCF0199.JPG,3R/102MEDIA,0,Other_Amphibian,0.3677,1405.7,1992.3,1537.3,2194.4
/srv/shared_leopard_toad/2024/09.02.2024/3R/102MEDIA/DSCF0364.JPG,DSCF0364.JPG,3R/102MEDIA,0,Other_Amphibian,0.2114,1368.9,-4.5,1457.1,42.3
/srv/shared_leopard_toad/2024/09.02.2024/3R/102MEDIA/DSCF0976.JPG,DSCF0976.JPG,3R/102MEDIA,0,Other_Amphibian,0.2247,401.3,783.8,521.8,923.5
/srv/shared_leopard_toad/2024/09.02.2024/3R/102MEDIA/DSCF0219.JPG,DSCF0219.JPG,3R/102MEDIA,0,Other_Amphibian,0.2510,1363.4,-3.2,1451.4,43.1
/srv/shared_leopard_toad/2024/09.02.2024/3R/102MEDIA/DSCF0428.JPG,DSCF0428.JPG,3R/102MEDIA,0,Other_Amphibian,0.2054,1361.7,-4.3,1441.8,44.0
/srv/shared_leopard_toad/2024/09.02.2024/3R/102MEDIA/DSCF0427.JPG,DSCF0427.JPG,3R/102MEDIA,0,Other_Amphibian,0.2327,1366.2,-4.5,1450.8,46.0
/srv/shared_leopard_toad/2024/09.02.2024/3R/102MEDIA/DSCF0046.JPG,DSCF0046.JPG,3R/102MEDIA,0,Other_Amphibian,0.2208,1363.4,-4.5,1455.9,37.0
/srv/shared_leopard_toad/2024/09.02.2024/3R/102MEDIA/DSCF0071.JPG,DSCF0071.JPG,3R/102MEDIA,0,Other_Amphibian,0.2147,1363.9,-3.5,1459.9,38.9
/srv/shared_leopard_toad/2024/09.02.2024/3R/102MEDIA/DSCF0437.JPG,DSCF0437.JPG,3R/102MEDIA,0,Other_Amphibian,0.2466,1363.2,-4.4,1449.3,44.3
/srv/shared_leopard_toad/2024/09.02.2024/3R/102MEDIA/DSCF0598.JPG,DSCF0598.JPG,3R/102MEDIA,0,Other_Amphibian,0.2115,2398.9,2106.5,2483.6,2211.8
/srv/shared_leopard_toad/2024/09.02.2024/3R/102MEDIA/DSCF0413.JPG,DSCF0413.JPG,3R/102MEDIA,0,Other_Amphibian,0.2100,1364.1,-4.4,1450.7,41.6
/srv/shared_leopard_toad/2024/09.02.2024/3R/102MEDIA/DSCF0397.JPG,DSCF0397.JPG,3R/102MEDIA,0,Other_Amphibian,0.8682,2330.5,1968.0,2412.5,2059.3
/srv/shared_leopard_toad/2024/09.02.2024/3R/102MEDIA/DSCF0334.JPG,DSCF0334.JPG,3R/102MEDIA,0,Other_Amphibian,0.2485,1368.0,-3.7,1453.5,44.3
/srv/shared_leopard_toad/2024/09.02.2024/3R/102MEDIA/DSCF0300.JPG,DSCF0300.JPG,3R/102MEDIA,0,Other_Amphibian,0.4126,2169.2,1982.1,2240.8,2093.2
/srv/shared_leopard_toad/2024/09.02.2024/3R/102MEDIA/DSCF0946.JPG,DSCF0946.JPG,3R/102MEDIA,2,Western_Leopard_Toad,0.2737,4547.4,1303.0,4605.6,1430.8
/srv/shared_leopard_toad/2024/09.02.2024/3R/102MEDIA/DSCF0974.JPG,DSCF0974.JPG,3R/102MEDIA,2,Western_Leopard_Toad,0.4126,4544.1,1301.8,4604.4,1432.0
/srv/shared_leopard_toad/2024/09.02.2024/3R/102MEDIA/DSCF0831.JPG,DSCF0831.JPG,3R/102MEDIA,0,Other_Amphibian,0.2147,4546.3,1303.9,4606.7,1432.4
/srv/shared_leopard_toad/2024/09.02.2024/3R/102MEDIA/DSCF0415.JPG,DSCF0415.JPG,3R/102MEDIA,0,Other_Amphibian,0.2515,1366.0,-4.9,1444.3,42.4
/srv/shared_leopard_toad/2024/09.02.2024/3R/102MEDIA/DSCF0977.JPG,DSCF0977.JPG,3R/102MEDIA,2,Western_Leopard_Toad,0.4055,4550.6,1306.3,4606.9,1430.0
/srv/shared_leopard_toad/2024/09.02.2024/3R/102MEDIA/DSCF0575.JPG,DSCF0575.JPG,3R/102MEDIA,0,Other_Amphibian,0.3853,1933.1,2052.3,2020.2,2147.1
/srv/shared_leopard_toad/2024/09.02.2024/3R/102MEDIA/DSCF0066.JPG,DSCF0066.JPG,3R/102MEDIA,0,Other_Amphibian,0.2198,1362.9,-4.5,1458.6,38.7
/srv/shared_leopard_toad/2024/09.02.2024/3R/102MEDIA/DSCF0005.JPG,DSCF0005.JPG,3R/102MEDIA,0,Other_Amphibian,0.3083,1364.1,-4.7,1461.9,36.1
/srv/shared_leopard_toad/2024/09.02.2024/3R/102MEDIA/DSCF0952.JPG,DSCF0952.JPG,3R/102MEDIA,2,Western_Leopard_Toad,0.3032,4546.5,1302.6,4606.5,1428.6
/srv/shared_leopard_toad/2024/09.02.2024/3R/102MEDIA/DSCF0382.JPG,DSCF0382.JPG,3R/102MEDIA,0,Other_Amphibian,0.2401,1367.8,-4.5,1453.7,41.0
/srv/shared_leopard_toad/2024/09.02.2024/3R/102MEDIA/DSCF0957.JPG,DSCF0957.JPG,3R/102MEDIA,0,Other_Amphibian,0.2549,395.8,780.1,519.4,920.9
/srv/shared_leopard_toad/2024/09.02.2024/3R/102MEDIA/DSCF0557.JPG,DSCF0557.JPG,3R/102MEDIA,2,Western_Leopard_Toad,0.2542,4545.7,1302.6,4607.3,1433.7
/srv/shared_leopard_toad/2024/09.02.2024/3R/102MEDIA/DSCF0995.JPG,DSCF0995.JPG,3R/102MEDIA,0,Other_Amphibian,0.5718,2171.2,1987.7,2256.8,2102.8
/srv/shared_leopard_toad/2024/09.02.2024/3R/102MEDIA/DSCF0995.JPG,DSCF0995.JPG,3R/102MEDIA,2,Western_Leopard_Toad,0.3545,4547.5,1298.4,4605.5,1432.8
/srv/shared_leopard_toad/2024/09.02.2024/3R/102MEDIA/DSCF0004.JPG,DSCF0004.JPG,3R/102MEDIA,0,Other_Amphibian,0.2230,1366.9,-4.0,1459.1,35.1
/srv/shared_leopard_toad/2024/09.02.2024/3R/102MEDIA/DSCF0434.JPG,DSCF0434.JPG,3R/102MEDIA,0,Other_Amphibian,0.2194,1364.0,-4.9,1446.3,44.7
/srv/shared_leopard_toad/2024/09.02.2024/3R/102MEDIA/DSCF0424.JPG,DSCF0424.JPG,3R/102MEDIA,0,Other_Amphibian,0.2756,1364.2,-4.8,1448.3,45.3
/srv/shared_leopard_toad/2024/09.02.2024/3R/102MEDIA/DSCF0897.JPG,DSCF0897.JPG,3R/102MEDIA,2,Western_Leopard_Toad,0.2566,4547.2,1300.0,4605.8,1428.7
/srv/shared_leopard_toad/2024/09.02.2024/3R/102MEDIA/DSCF0879.JPG,DSCF0879.JPG,3R/102MEDIA,2,Western_Leopard_Toad,0.3535,4546.8,1303.3,4606.2,1430.4
/srv/shared_leopard_toad/2024/09.02.2024/3R/102MEDIA/DSCF0879.JPG,DSCF0879.JPG,3R/102MEDIA,0,Other_Amphibian,0.3240,4546.8,1303.3,4606.2,1430.4
/srv/shared_leopard_toad/2024/09.02.2024/3R/102MEDIA/DSCF0321.JPG,DSCF0321.JPG,3R/102MEDIA,0,Other_Amphibian,0.2010,1368.0,-4.2,1453.5,43.3
/srv/shared_leopard_toad/2024/09.02.2024/3R/102MEDIA/DSCF0002.JPG,DSCF0002.JPG,3R/102MEDIA,0,Other_Amphibian,0.2339,1363.3,-4.5,1458.2,35.4
/srv/shared_leopard_toad/2024/09.02.2024/3R/102MEDIA/DSCF0218.JPG,DSCF0218.JPG,3R/102MEDIA,0,Other_Amphibian,0.2546,1364.5,-4.2,1452.5,40.4
/srv/shared_leopard_toad/2024/09.02.2024/3R/102MEDIA/DSCF0819.JPG,DSCF0819.JPG,3R/102MEDIA,0,Other_Amphibian,0.2469,4542.3,1302.0,4606.2,1431.7
/srv/shared_leopard_toad/2024/09.02.2024/3R/102MEDIA/DSCF0056.JPG,DSCF0056.JPG,3R/102MEDIA,0,Other_Amphibian,0.3298,1367.2,-4.0,1470.1,39.8
/srv/shared_leopard_toad/2024/09.02.2024/3R/102MEDIA/DSCF0436.JPG,DSCF0436.JPG,3R/102MEDIA,0,Other_Amphibian,0.2837,1363.6,-4.5,1446.6,43.0
/srv/shared_leopard_toad/2024/09.02.2024/3R/102MEDIA/DSCF0829.JPG,DSCF0829.JPG,3R/102MEDIA,0,Other_Amphibian,0.2006,4546.7,1301.8,4606.3,1429.4
/srv/shared_leopard_toad/2024/09.02.2024/3R/102MEDIA/DSCF0069.JPG,DSCF0069.JPG,3R/102MEDIA,0,Other_Amphibian,0.2405,1365.3,-4.2,1463.0,35.9
/srv/shared_leopard_toad/2024/09.02.2024/3R/102MEDIA/DSCF0239.JPG,DSCF0239.JPG,3R/102MEDIA,0,Other_Amphibian,0.2070,1359.7,-4.1,1450.5,44.0
/srv/shared_leopard_toad/2024/09.02.2024/3R/102MEDIA/DSCF0329.JPG,DSCF0329.JPG,3R/102MEDIA,0,Other_Amphibian,0.2017,1367.0,-3.8,1452.3,44.3
/srv/shared_leopard_toad/2024/09.02.2024/3R/102MEDIA/DSCF0062.JPG,DSCF0062.JPG,3R/102MEDIA,0,Other_Amphibian,0.3301,1364.7,-4.6,1470.3,39.0
/srv/shared_leopard_toad/2024/09.02.2024/3R/102MEDIA/DSCF0326.JPG,DSCF0326.JPG,3R/102MEDIA,0,Other_Amphibian,0.2095,1367.5,-4.1,1456.3,42.8
/srv/shared_leopard_toad/2024/09.02.2024/3R/102MEDIA/DSCF0975.JPG,DSCF0975.JPG,3R/102MEDIA,2,Western_Leopard_Toad,0.2837,4547.1,1302.2,4605.9,1434.1
/srv/shared_leopard_toad/2024/09.02.2024/3R/102MEDIA/DSCF0975.JPG,DSCF0975.JPG,3R/102MEDIA,0,Other_Amphibian,0.2198,404.0,784.6,520.7,924.0
/srv/shared_leopard_toad/2024/09.02.2024/3R/102MEDIA/DSCF0914.JPG,DSCF0914.JPG,3R/102MEDIA,2,Western_Leopard_Toad,0.2532,4547.5,1306.0,4605.5,1432.8
/srv/shared_leopard_toad/2024/09.02.2024/3R/102MEDIA/DSCF0332.JPG,DSCF0332.JPG,3R/102MEDIA,0,Other_Amphibian,0.2133,1367.4,-3.3,1463.1,44.3
/srv/shared_leopard_toad/2024/09.02.2024/3R/102MEDIA/DSCF0103.JPG,DSCF0103.JPG,3R/102MEDIA,0,Other_Amphibian,0.3208,1364.8,-4.5,1461.2,39.7
/srv/shared_leopard_toad/2024/09.02.2024/3R/102MEDIA/DSCF0920.JPG,DSCF0920.JPG,3R/102MEDIA,2,Western_Leopard_Toad,0.2585,4546.5,1304.7,4606.5,1426.5
/srv/shared_leopard_toad/2024/09.02.2024/3R/102MEDIA/DSCF0968.JPG,DSCF0968.JPG,3R/102MEDIA,0,Other_Amphibian,0.2654,396.6,779.3,522.0,921.7
/srv/shared_leopard_toad/2024/09.02.2024/3R/102MEDIA/DSCF0070.JPG,DSCF0070.JPG,3R/102MEDIA,0,Other_Amphibian,0.2615,1365.2,-4.1,1460.8,38.1
/srv/shared_leopard_toad/2024/09.02.2024/3R/102MEDIA/DSCF0092.JPG,DSCF0092.JPG,3R/102MEDIA,0,Other_Amphibian,0.2045,1360.9,-4.0,1453.9,37.0
/srv/shared_leopard_toad/2024/09.02.2024/3R/102MEDIA/DSCF0401.JPG,DSCF0401.JPG,3R/102MEDIA,0,Other_Amphibian,0.3108,1367.2,-4.8,1449.8,45.2
/srv/shared_leopard_toad/2024/09.02.2024/3R/102MEDIA/DSCF0973.JPG,DSCF0973.JPG,3R/102MEDIA,2,Western_Leopard_Toad,0.3054,4548.4,1302.8,4604.6,1428.5
/srv/shared_leopard_toad/2024/09.02.2024/3R/102MEDIA/DSCF0984.JPG,DSCF0984.JPG,3R/102MEDIA,2,Western_Leopard_Toad,0.2837,4548.4,1303.4,4604.6,1432.9
/srv/shared_leopard_toad/2024/09.02.2024/3R/102MEDIA/DSCF0042.JPG,DSCF0042.JPG,3R/102MEDIA,0,Other_Amphibian,0.2181,1363.9,-3.8,1455.3,34.8
/srv/shared_leopard_toad/2024/09.02.2024/3R/102MEDIA/DSCF0921.JPG,DSCF0921.JPG,3R/102MEDIA,2,Western_Leopard_Toad,0.2515,4545.1,1299.0,4603.4,1429.7
/srv/shared_leopard_toad/2024/09.02.2024/3R/102MEDIA/DSCF0010.JPG,DSCF0010.JPG,3R/102MEDIA,0,Other_Amphibian,0.2399,1368.1,-4.4,1464.7,34.8
/srv/shared_leopard_toad/2024/09.02.2024/3R/102MEDIA/DSCF0078.JPG,DSCF0078.JPG,3R/102MEDIA,0,Other_Amphibian,0.2120,1361.6,-3.9,1459.9,37.3
/srv/shared_leopard_toad/2024/09.02.2024/3R/102MEDIA/DSCF0094.JPG,DSCF0094.JPG,3R/102MEDIA,0,Other_Amphibian,0.2157,1365.0,-4.6,1456.5,38.2
/srv/shared_leopard_toad/2024/09.02.2024/3R/102MEDIA/DSCF0047.JPG,DSCF0047.JPG,3R/102MEDIA,0,Other_Amphibian,0.2229,1366.2,-3.9,1468.8,37.4
/srv/shared_leopard_toad/2024/09.02.2024/3R/102MEDIA/DSCF0935.JPG,DSCF0935.JPG,3R/102MEDIA,2,Western_Leopard_Toad,0.3315,4546.6,1303.4,4606.4,1427.9
/srv/shared_leopard_toad/2024/09.02.2024/3R/102MEDIA/DSCF0400.JPG,DSCF0400.JPG,3R/102MEDIA,0,Other_Amphibian,0.2335,1366.6,-4.3,1452.7,42.1
/srv/shared_leopard_toad/2024/09.02.2024/3R/102MEDIA/DSCF0197.JPG,DSCF0197.JPG,3R/102MEDIA,0,Other_Amphibian,0.6064,1374.7,1956.7,1516.6,2151.6
/srv/shared_leopard_toad/2024/09.02.2024/3R/102MEDIA/DSCF0064.JPG,DSCF0064.JPG,3R/102MEDIA,0,Other_Amphibian,0.2825,1364.6,-4.3,1463.6,38.4
/srv/shared_leopard_toad/2024/09.02.2024/3R/102MEDIA/DSCF0081.JPG,DSCF0081.JPG,3R/102MEDIA,0,Other_Amphibian,0.3115,1364.2,-4.5,1464.0,40.3
/srv/shared_leopard_toad/2024/09.02.2024/3R/102MEDIA/DSCF0016.JPG,DSCF0016.JPG,3R/102MEDIA,0,Other_Amphibian,0.2142,1368.4,-4.5,1466.6,35.5
/srv/shared_leopard_toad/2024/09.02.2024/3R/102MEDIA/DSCF0101.JPG,DSCF0101.JPG,3R/102MEDIA,0,Other_Amphibian,0.2751,1363.1,-4.1,1453.9,39.2
/srv/shared_leopard_toad/2024/09.02.2024/3R/102MEDIA/DSCF0728.JPG,DSCF0728.JPG,3R/102MEDIA,2,Western_Leopard_Toad,0.2595,4543.4,1307.2,4605.1,1439.2
/srv/shared_leopard_toad/2024/09.02.2024/3R/102MEDIA/DSCF0105.JPG,DSCF0105.JPG,3R/102MEDIA,0,Other_Amphibian,0.2554,1364.4,-4.2,1454.9,39.2
/srv/shared_leopard_toad/2024/09.02.2024/3R/102MEDIA/DSCF0865.JPG,DSCF0865.JPG,3R/102MEDIA,2,Western_Leopard_Toad,0.2915,4547.6,1310.1,4605.4,1431.2
/srv/shared_leopard_toad/2024/09.02.2024/3R/102MEDIA/DSCF0865.JPG,DSCF0865.JPG,3R/102MEDIA,0,Other_Amphibian,0.2080,4547.6,1310.1,4605.4,1431.2
/srv/shared_leopard_toad/2024/09.02.2024/3R/102MEDIA/DSCF0085.JPG,DSCF0085.JPG,3R/102MEDIA,0,Other_Amphibian,0.2544,1362.6,-4.3,1458.9,39.0
/srv/shared_leopard_toad/2024/09.02.2024/3R/102MEDIA/DSCF0987.JPG,DSCF0987.JPG,3R/102MEDIA,2,Western_Leopard_Toad,0.4412,4543.9,1302.4,4604.6,1433.9
/srv/shared_leopard_toad/2024/09.02.2024/3R/102MEDIA/DSCF0987.JPG,DSCF0987.JPG,3R/102MEDIA,0,Other_Amphibian,0.2351,4543.9,1302.4,4604.6,1433.9
/srv/shared_leopard_toad/2024/09.02.2024/3R/102MEDIA/DSCF0082.JPG,DSCF0082.JPG,3R/102MEDIA,0,Other_Amphibian,0.2583,1364.4,-4.3,1468.3,38.9
/srv/shared_leopard_toad/2024/09.02.2024/3R/102MEDIA/DSCF0990.JPG,DSCF0990.JPG,3R/102MEDIA,2,Western_Leopard_Toad,0.2893,4554.0,1302.8,4608.0,1436.0
/srv/shared_leopard_toad/2024/09.02.2024/3R/102MEDIA/DSCF0688.JPG,DSCF0688.JPG,3R/102MEDIA,0,Other_Amphibian,0.2649,1760.0,1201.1,1867.0,1321.3
/srv/shared_leopard_toad/2024/09.02.2024/3R/102MEDIA/DSCF0688.JPG,DSCF0688.JPG,3R/102MEDIA,0,Other_Amphibian,0.2069,1955.4,379.7,2031.6,455.0
/srv/shared_leopard_toad/2024/09.02.2024/3R/102MEDIA/DSCF0347.JPG,DSCF0347.JPG,3R/102MEDIA,0,Other_Amphibian,0.2908,1365.1,-4.4,1447.4,44.1
/srv/shared_leopard_toad/2024/09.02.2024/3R/102MEDIA/DSCF0357.JPG,DSCF0357.JPG,3R/102MEDIA,0,Other_Amphibian,0.2727,1369.5,-5.0,1452.0,41.7
/srv/shared_leopard_toad/2024/09.02.2024/3R/102MEDIA/DSCF0843.JPG,DSCF0843.JPG,3R/102MEDIA,2,Western_Leopard_Toad,0.3352,4546.8,1307.2,4606.2,1429.0
/srv/shared_leopard_toad/2024/09.02.2024/3R/102MEDIA/DSCF0910.JPG,DSCF0910.JPG,3R/102MEDIA,2,Western_Leopard_Toad,0.3977,4547.0,1303.7,4606.0,1427.5
/srv/shared_leopard_toad/2024/09.02.2024/3R/102MEDIA/DSCF0910.JPG,DSCF0910.JPG,3R/102MEDIA,0,Other_Amphibian,0.3047,4547.0,1303.7,4606.0,1427.5
/srv/shared_leopard_toad/2024/09.02.2024/3R/102MEDIA/DSCF0855.JPG,DSCF0855.JPG,3R/102MEDIA,0,Other_Amphibian,0.2018,395.6,780.0,519.6,921.0
/srv/shared_leopard_toad/2024/09.02.2024/3R/102MEDIA/DSCF0852.JPG,DSCF0852.JPG,3R/102MEDIA,0,Other_Amphibian,0.2825,4547.1,1303.8,4605.9,1430.0
/srv/shared_leopard_toad/2024/09.02.2024/3R/102MEDIA/DSCF0374.JPG,DSCF0374.JPG,3R/102MEDIA,0,Other_Amphibian,0.2681,1367.0,-4.4,1452.3,47.0
/srv/shared_leopard_toad/2024/09.02.2024/3R/102MEDIA/DSCF0371.JPG,DSCF0371.JPG,3R/102MEDIA,0,Other_Amphibian,0.2120,1369.9,-3.5,1465.1,44.5
/srv/shared_leopard_toad/2024/09.02.2024/3R/102MEDIA/DSCF0893.JPG,DSCF0893.JPG,3R/102MEDIA,2,Western_Leopard_Toad,0.3472,4546.3,1303.3,4606.7,1422.8
/srv/shared_leopard_toad/2024/09.02.2024/3R/102MEDIA/DSCF0884.JPG,DSCF0884.JPG,3R/102MEDIA,2,Western_Leopard_Toad,0.2734,4546.2,1303.0,4606.8,1430.8
/srv/shared_leopard_toad/2024/09.02.2024/3R/102MEDIA/DSCF0884.JPG,DSCF0884.JPG,3R/102MEDIA,0,Other_Amphibian,0.2307,4546.2,1303.0,4606.8,1430.8
/srv/shared_leopard_toad/2024/09.02.2024/3R/102MEDIA/DSCF0236.JPG,DSCF0236.JPG,3R/102MEDIA,0,Other_Amphibian,0.2227,1362.3,-4.0,1452.4,40.2
/srv/shared_leopard_toad/2024/09.02.2024/3R/102MEDIA/DSCF0084.JPG,DSCF0084.JPG,3R/102MEDIA,0,Other_Amphibian,0.2869,1364.5,-4.2,1459.3,39.2
/srv/shared_leopard_toad/2024/09.02.2024/3R/102MEDIA/DSCF0014.JPG,DSCF0014.JPG,3R/102MEDIA,0,Other_Amphibian,0.2280,1367.9,-4.7,1464.9,35.9
/srv/shared_leopard_toad/2024/09.02.2024/3R/102MEDIA/DSCF0836.JPG,DSCF0836.JPG,3R/102MEDIA,0,Other_Amphibian,0.3103,397.0,781.4,518.2,918.3
/srv/shared_leopard_toad/2024/09.02.2024/3R/102MEDIA/DSCF0359.JPG,DSCF0359.JPG,3R/102MEDIA,0,Other_Amphibian,0.3276,2382.0,2041.4,2460.0,2132.7
/srv/shared_leopard_toad/2024/09.02.2024/3R/102MEDIA/DSCF0359.JPG,DSCF0359.JPG,3R/102MEDIA,0,Other_Amphibian,0.2520,1367.8,-4.4,1458.2,42.6
/srv/shared_leopard_toad/2024/09.02.2024/3R/102MEDIA/DSCF0359.JPG,DSCF0359.JPG,3R/102MEDIA,0,Other_Amphibian,0.2068,2381.4,2042.0,2460.6,2134.5
/srv/shared_leopard_toad/2024/09.02.2024/3R/102MEDIA/DSCF0950.JPG,DSCF0950.JPG,3R/102MEDIA,0,Other_Amphibian,0.3110,401.9,785.2,519.5,920.9
/srv/shared_leopard_toad/2024/09.02.2024/3R/102MEDIA/DSCF0707.JPG,DSCF0707.JPG,3R/102MEDIA,0,Other_Amphibian,0.4746,1849.6,2109.3,1937.1,2247.0
/srv/shared_leopard_toad/2024/09.02.2024/3R/108MEDIA/DSCF0537.JPG,DSCF0537.JPG,3R/108MEDIA,0,Other_Amphibian,0.2029,1380.3,1739.8,1452.5,1846.9
/srv/shared_leopard_toad/2024/09.02.2024/3R/108MEDIA/DSCF0416.JPG,DSCF0416.JPG,3R/108MEDIA,0,Other_Amphibian,0.2561,1222.6,14.7,1290.7,90.3
/srv/shared_leopard_toad/2024/09.02.2024/3R/108MEDIA/DSCF0922.JPG,DSCF0922.JPG,3R/108MEDIA,0,Other_Amphibian,0.2673,1378.4,1738.7,1458.8,1845.6
/srv/shared_leopard_toad/2024/09.02.2024/3R/108MEDIA/DSCF0543.JPG,DSCF0543.JPG,3R/108MEDIA,0,Other_Amphibian,0.2334,1372.5,1735.8,1446.7,1843.3
/srv/shared_leopard_toad/2024/09.02.2024/3R/108MEDIA/DSCF0325.JPG,DSCF0325.JPG,3R/108MEDIA,2,Western_Leopard_Toad,0.3157,2390.7,2364.2,2518.8,2447.7
/srv/shared_leopard_toad/2024/09.02.2024/3R/108MEDIA/DSCF0667.JPG,DSCF0667.JPG,3R/108MEDIA,0,Other_Amphibian,0.2095,1381.3,1740.7,1446.9,1843.5
/srv/shared_leopard_toad/2024/09.02.2024/3R/108MEDIA/DSCF0565.JPG,DSCF0565.JPG,3R/108MEDIA,0,Other_Amphibian,0.2094,1377.2,1737.8,1444.3,1841.4
/srv/shared_leopard_toad/2024/09.02.2024/3R/108MEDIA/DSCF0668.JPG,DSCF0668.JPG,3R/108MEDIA,0,Other_Amphibian,0.2148,1378.8,1738.5,1444.9,1843.2
/srv/shared_leopard_toad/2024/09.02.2024/3R/108MEDIA/DSCF0891.JPG,DSCF0891.JPG,3R/108MEDIA,0,Other_Amphibian,0.2629,1380.7,1739.6,1456.6,1844.6
/srv/shared_leopard_toad/2024/09.02.2024/3R/108MEDIA/DSCF0636.JPG,DSCF0636.JPG,3R/108MEDIA,0,Other_Amphibian,0.2778,1223.4,19.1,1296.6,90.6
/srv/shared_leopard_toad/2024/09.02.2024/3R/108MEDIA/DSCF0461.JPG,DSCF0461.JPG,3R/108MEDIA,0,Other_Amphibian,0.2717,1379.2,1739.8,1446.8,1844.5
/srv/shared_leopard_toad/2024/09.02.2024/3R/108MEDIA/DSCF0458.JPG,DSCF0458.JPG,3R/108MEDIA,0,Other_Amphibian,0.2334,1379.6,1737.1,1446.4,1842.0
/srv/shared_leopard_toad/2024/09.02.2024/3R/108MEDIA/DSCF0553.JPG,DSCF0553.JPG,3R/108MEDIA,0,Other_Amphibian,0.2405,1378.6,1738.4,1449.7,1845.9
/srv/shared_leopard_toad/2024/09.02.2024/3R/108MEDIA/DSCF0895.JPG,DSCF0895.JPG,3R/108MEDIA,0,Other_Amphibian,0.2671,1379.3,1739.3,1453.5,1845.0
/srv/shared_leopard_toad/2024/09.02.2024/3R/108MEDIA/DSCF0912.JPG,DSCF0912.JPG,3R/108MEDIA,0,Other_Amphibian,0.2399,1378.5,1739.4,1447.5,1844.8
/srv/shared_leopard_toad/2024/09.02.2024/3R/108MEDIA/DSCF0394.JPG,DSCF0394.JPG,3R/108MEDIA,0,Other_Amphibian,0.2111,1220.9,18.7,1292.3,88.6
/srv/shared_leopard_toad/2024/09.02.2024/3R/108MEDIA/DSCF0699.JPG,DSCF0699.JPG,3R/108MEDIA,0,Other_Amphibian,0.2069,1222.1,20.5,1295.6,90.5
/srv/shared_leopard_toad/2024/09.02.2024/3R/108MEDIA/DSCF0979.JPG,DSCF0979.JPG,3R/108MEDIA,0,Other_Amphibian,0.2332,1378.9,1738.3,1449.4,1843.4
/srv/shared_leopard_toad/2024/09.02.2024/3R/108MEDIA/DSCF0324.JPG,DSCF0324.JPG,3R/108MEDIA,2,Western_Leopard_Toad,0.3193,2389.2,2362.4,2515.8,2447.0
/srv/shared_leopard_toad/2024/09.02.2024/3R/108MEDIA/DSCF0730.JPG,DSCF0730.JPG,3R/108MEDIA,0,Other_Amphibian,0.2120,1378.2,1737.3,1452.3,1844.4
/srv/shared_leopard_toad/2024/09.02.2024/3R/108MEDIA/DSCF0526.JPG,DSCF0526.JPG,3R/108MEDIA,0,Other_Amphibian,0.2467,1378.9,1738.3,1449.4,1846.0
/srv/shared_leopard_toad/2024/09.02.2024/3R/108MEDIA/DSCF0949.JPG,DSCF0949.JPG,3R/108MEDIA,0,Other_Amphibian,0.4175,1379.0,1738.7,1458.2,1845.6
/srv/shared_leopard_toad/2024/09.02.2024/3R/108MEDIA/DSCF0873.JPG,DSCF0873.JPG,3R/108MEDIA,0,Other_Amphibian,0.2295,1378.8,1743.0,1458.5,1846.3
/srv/shared_leopard_toad/2024/09.02.2024/3R/108MEDIA/DSCF0917.JPG,DSCF0917.JPG,3R/108MEDIA,0,Other_Amphibian,0.2115,1378.3,1741.4,1449.9,1842.8
/srv/shared_leopard_toad/2024/09.02.2024/3R/108MEDIA/DSCF0672.JPG,DSCF0672.JPG,3R/108MEDIA,0,Other_Amphibian,0.2128,1378.5,1736.3,1452.0,1845.4
/srv/shared_leopard_toad/2024/09.02.2024/3R/108MEDIA/DSCF0509.JPG,DSCF0509.JPG,3R/108MEDIA,0,Other_Amphibian,0.2581,1378.8,1738.0,1447.2,1846.3
/srv/shared_leopard_toad/2024/09.02.2024/3R/108MEDIA/DSCF0634.JPG,DSCF0634.JPG,3R/108MEDIA,0,Other_Amphibian,0.2130,1377.9,1738.8,1445.8,1845.4
/srv/shared_leopard_toad/2024/09.02.2024/3R/108MEDIA/DSCF0528.JPG,DSCF0528.JPG,3R/108MEDIA,0,Other_Amphibian,0.2103,1377.5,1737.1,1448.5,1844.6
/srv/shared_leopard_toad/2024/09.02.2024/3R/108MEDIA/DSCF0451.JPG,DSCF0451.JPG,3R/108MEDIA,0,Other_Amphibian,0.2338,1221.4,14.6,1296.4,89.2
/srv/shared_leopard_toad/2024/09.02.2024/3R/108MEDIA/DSCF0862.JPG,DSCF0862.JPG,3R/108MEDIA,0,Other_Amphibian,0.2352,1380.8,1740.7,1451.9,1846.1
/srv/shared_leopard_toad/2024/09.02.2024/3R/108MEDIA/DSCF0723.JPG,DSCF0723.JPG,3R/108MEDIA,0,Other_Amphibian,0.2610,1378.0,1735.8,1448.0,1843.4
/srv/shared_leopard_toad/2024/09.02.2024/3R/108MEDIA/DSCF0945.JPG,DSCF0945.JPG,3R/108MEDIA,0,Other_Amphibian,0.2747,1380.1,1739.2,1457.2,1845.0
/srv/shared_leopard_toad/2024/09.02.2024/3R/108MEDIA/DSCF0930.JPG,DSCF0930.JPG,3R/108MEDIA,0,Other_Amphibian,0.3206,1378.4,1736.7,1454.3,1845.0
/srv/shared_leopard_toad/2024/09.02.2024/3R/108MEDIA/DSCF0931.JPG,DSCF0931.JPG,3R/108MEDIA,0,Other_Amphibian,0.2876,1379.6,1740.7,1453.1,1843.6
/srv/shared_leopard_toad/2024/09.02.2024/3R/108MEDIA/DSCF0842.JPG,DSCF0842.JPG,3R/108MEDIA,0,Other_Amphibian,0.2256,1380.0,1740.6,1452.7,1846.2
/srv/shared_leopard_toad/2024/09.02.2024/3R/108MEDIA/DSCF0472.JPG,DSCF0472.JPG,3R/108MEDIA,0,Other_Amphibian,0.2681,1379.3,1739.8,1446.7,1844.5
/srv/shared_leopard_toad/2024/09.02.2024/3R/108MEDIA/DSCF0888.JPG,DSCF0888.JPG,3R/108MEDIA,0,Other_Amphibian,0.2866,1377.0,1740.2,1451.2,1844.1
/srv/shared_leopard_toad/2024/09.02.2024/3R/108MEDIA/DSCF0965.JPG,DSCF0965.JPG,3R/108MEDIA,0,Other_Amphibian,0.2690,1381.4,1742.1,1451.4,1844.6
/srv/shared_leopard_toad/2024/09.02.2024/3R/108MEDIA/DSCF0503.JPG,DSCF0503.JPG,3R/108MEDIA,0,Other_Amphibian,0.2035,1378.4,1738.7,1449.8,1845.6
/srv/shared_leopard_toad/2024/09.02.2024/3R/108MEDIA/DSCF0482.JPG,DSCF0482.JPG,3R/108MEDIA,0,Other_Amphibian,0.2399,1380.9,1739.0,1442.8,1842.7
/srv/shared_leopard_toad/2024/09.02.2024/3R/108MEDIA/DSCF0874.JPG,DSCF0874.JPG,3R/108MEDIA,0,Other_Amphibian,0.2272,1377.6,1739.6,1455.2,1844.6
/srv/shared_leopard_toad/2024/09.02.2024/3R/108MEDIA/DSCF0786.JPG,DSCF0786.JPG,3R/108MEDIA,0,Other_Amphibian,0.2366,1374.4,1738.1,1453.9,1846.2
/srv/shared_leopard_toad/2024/09.02.2024/3R/108MEDIA/DSCF0757.JPG,DSCF0757.JPG,3R/108MEDIA,0,Other_Amphibian,0.2286,1381.2,1738.1,1447.0,1843.6
/srv/shared_leopard_toad/2024/09.02.2024/3R/108MEDIA/DSCF0778.JPG,DSCF0778.JPG,3R/108MEDIA,0,Other_Amphibian,0.2119,1378.8,1736.8,1447.2,1842.4
/srv/shared_leopard_toad/2024/09.02.2024/3R/108MEDIA/DSCF0689.JPG,DSCF0689.JPG,3R/108MEDIA,0,Other_Amphibian,0.2700,1379.3,1739.7,1449.0,1844.6
/srv/shared_leopard_toad/2024/09.02.2024/3R/108MEDIA/DSCF0454.JPG,DSCF0454.JPG,3R/108MEDIA,0,Other_Amphibian,0.2683,1374.1,1738.0,1445.2,1846.3
/srv/shared_leopard_toad/2024/09.02.2024/3R/108MEDIA/DSCF0947.JPG,DSCF0947.JPG,3R/108MEDIA,0,Other_Amphibian,0.3264,1380.8,1739.2,1456.4,1845.0
/srv/shared_leopard_toad/2024/09.02.2024/3R/108MEDIA/DSCF0772.JPG,DSCF0772.JPG,3R/108MEDIA,0,Other_Amphibian,0.2028,1379.8,1739.9,1448.5,1844.4
/srv/shared_leopard_toad/2024/09.02.2024/3R/108MEDIA/DSCF0844.JPG,DSCF0844.JPG,3R/108MEDIA,0,Other_Amphibian,0.2474,1379.2,1738.6,1444.5,1840.6
/srv/shared_leopard_toad/2024/09.02.2024/3R/108MEDIA/DSCF0849.JPG,DSCF0849.JPG,3R/108MEDIA,0,Other_Amphibian,0.2379,1376.2,1737.1,1452.1,1844.6
/srv/shared_leopard_toad/2024/09.02.2024/3R/108MEDIA/DSCF0685.JPG,DSCF0685.JPG,3R/108MEDIA,0,Other_Amphibian,0.2281,1379.1,1735.8,1449.1,1843.3
/srv/shared_leopard_toad/2024/09.02.2024/3R/108MEDIA/DSCF0918.JPG,DSCF0918.JPG,3R/108MEDIA,0,Other_Amphibian,0.2678,1379.3,1737.8,1449.0,1843.9
/srv/shared_leopard_toad/2024/09.02.2024/3R/108MEDIA/DSCF0801.JPG,DSCF0801.JPG,3R/108MEDIA,0,Other_Amphibian,0.2737,1378.2,1737.4,1454.6,1844.3
/srv/shared_leopard_toad/2024/09.02.2024/3R/108MEDIA/DSCF0705.JPG,DSCF0705.JPG,3R/108MEDIA,0,Other_Amphibian,0.2089,1380.0,1740.3,1450.5,1844.0
/srv/shared_leopard_toad/2024/09.02.2024/3R/108MEDIA/DSCF0692.JPG,DSCF0692.JPG,3R/108MEDIA,0,Other_Amphibian,0.2251,1380.4,1739.8,1450.1,1844.5
/srv/shared_leopard_toad/2024/09.02.2024/3R/108MEDIA/DSCF0542.JPG,DSCF0542.JPG,3R/108MEDIA,0,Other_Amphibian,0.2673,1378.4,1737.0,1447.6,1844.7
/srv/shared_leopard_toad/2024/09.02.2024/3R/108MEDIA/DSCF0869.JPG,DSCF0869.JPG,3R/108MEDIA,0,Other_Amphibian,0.2177,1379.3,1738.4,1455.7,1845.9
/srv/shared_leopard_toad/2024/09.02.2024/3R/108MEDIA/DSCF0440.JPG,DSCF0440.JPG,3R/108MEDIA,0,Other_Amphibian,0.2976,1379.9,1738.3,1452.9,1846.0
/srv/shared_leopard_toad/2024/09.02.2024/3R/108MEDIA/DSCF0440.JPG,DSCF0440.JPG,3R/108MEDIA,0,Other_Amphibian,0.2135,1224.2,18.8,1291.3,89.9
/srv/shared_leopard_toad/2024/09.02.2024/3R/108MEDIA/DSCF0857.JPG,DSCF0857.JPG,3R/108MEDIA,0,Other_Amphibian,0.2148,1377.3,1737.6,1444.2,1844.1
/srv/shared_leopard_toad/2024/09.02.2024/3R/108MEDIA/DSCF0958.JPG,DSCF0958.JPG,3R/108MEDIA,0,Other_Amphibian,0.2175,1377.1,1737.4,1455.6,1844.3
/srv/shared_leopard_toad/2024/09.02.2024/3R/108MEDIA/DSCF0929.JPG,DSCF0929.JPG,3R/108MEDIA,0,Other_Amphibian,0.2213,1378.8,1739.5,1451.7,1844.8
/srv/shared_leopard_toad/2024/09.02.2024/3R/108MEDIA/DSCF0603.JPG,DSCF0603.JPG,3R/108MEDIA,0,Other_Amphibian,0.2059,1378.6,1737.3,1445.2,1844.4
/srv/shared_leopard_toad/2024/09.02.2024/3R/108MEDIA/DSCF0530.JPG,DSCF0530.JPG,3R/108MEDIA,0,Other_Amphibian,0.2125,1382.4,1739.3,1450.3,1845.0
/srv/shared_leopard_toad/2024/09.02.2024/3R/108MEDIA/DSCF0521.JPG,DSCF0521.JPG,3R/108MEDIA,0,Other_Amphibian,0.2161,1380.2,1737.3,1445.8,1841.9
/srv/shared_leopard_toad/2024/09.02.2024/3R/108MEDIA/DSCF0971.JPG,DSCF0971.JPG,3R/108MEDIA,0,Other_Amphibian,0.2079,1378.9,1739.0,1458.4,1845.2
/srv/shared_leopard_toad/2024/09.02.2024/3R/108MEDIA/DSCF0456.JPG,DSCF0456.JPG,3R/108MEDIA,0,Other_Amphibian,0.2123,1378.9,1739.4,1447.1,1844.8
/srv/shared_leopard_toad/2024/09.02.2024/3R/108MEDIA/DSCF0715.JPG,DSCF0715.JPG,3R/108MEDIA,0,Other_Amphibian,0.2001,1380.2,1738.4,1452.6,1845.9
/srv/shared_leopard_toad/2024/09.02.2024/3R/108MEDIA/DSCF0969.JPG,DSCF0969.JPG,3R/108MEDIA,0,Other_Amphibian,0.3018,1378.0,1739.4,1454.8,1847.4
/srv/shared_leopard_toad/2024/09.02.2024/3R/108MEDIA/DSCF0498.JPG,DSCF0498.JPG,3R/108MEDIA,0,Other_Amphibian,0.2502,1377.6,1739.6,1443.9,1844.6
/srv/shared_leopard_toad/2024/09.02.2024/3R/108MEDIA/DSCF0770.JPG,DSCF0770.JPG,3R/108MEDIA,0,Other_Amphibian,0.2181,1381.1,1739.8,1449.4,1844.5
/srv/shared_leopard_toad/2024/09.02.2024/3R/108MEDIA/DSCF0569.JPG,DSCF0569.JPG,3R/108MEDIA,0,Other_Amphibian,0.2322,1376.9,1737.4,1444.6,1844.3
/srv/shared_leopard_toad/2024/09.02.2024/3R/108MEDIA/DSCF0977.JPG,DSCF0977.JPG,3R/108MEDIA,0,Other_Amphibian,0.2158,1381.0,1741.1,1454.0,1843.1
/srv/shared_leopard_toad/2024/09.02.2024/3R/108MEDIA/DSCF0467.JPG,DSCF0467.JPG,3R/108MEDIA,0,Other_Amphibian,0.2009,1378.5,1738.6,1445.3,1843.1
/srv/shared_leopard_toad/2024/09.02.2024/3R/108MEDIA/DSCF0424.JPG,DSCF0424.JPG,3R/108MEDIA,0,Other_Amphibian,0.2156,1216.2,12.4,1279.0,90.0
/srv/shared_leopard_toad/2024/09.02.2024/3R/108MEDIA/DSCF0879.JPG,DSCF0879.JPG,3R/108MEDIA,0,Other_Amphibian,0.2123,1379.7,1739.8,1448.6,1844.5
/srv/shared_leopard_toad/2024/09.02.2024/3R/108MEDIA/DSCF0578.JPG,DSCF0578.JPG,3R/108MEDIA,0,Other_Amphibian,0.2104,1379.1,1737.7,1446.9,1846.6
/srv/shared_leopard_toad/2024/09.02.2024/3R/108MEDIA/DSCF0847.JPG,DSCF0847.JPG,3R/108MEDIA,0,Other_Amphibian,0.3137,1377.5,1736.8,1450.8,1844.9
/srv/shared_leopard_toad/2024/09.02.2024/3R/108MEDIA/DSCF0471.JPG,DSCF0471.JPG,3R/108MEDIA,0,Other_Amphibian,0.2026,1378.8,1738.2,1444.9,1843.5
/srv/shared_leopard_toad/2024/09.02.2024/3R/108MEDIA/DSCF0495.JPG,DSCF0495.JPG,3R/108MEDIA,0,Other_Amphibian,0.2681,1378.1,1736.9,1443.4,1844.8
/srv/shared_leopard_toad/2024/09.02.2024/3R/108MEDIA/DSCF0491.JPG,DSCF0491.JPG,3R/108MEDIA,0,Other_Amphibian,0.2256,1378.3,1740.0,1445.4,1844.3
/srv/shared_leopard_toad/2024/09.02.2024/3R/108MEDIA/DSCF0987.JPG,DSCF0987.JPG,3R/108MEDIA,0,Other_Amphibian,0.3215,1382.1,1738.7,1452.9,1845.6
/srv/shared_leopard_toad/2024/09.02.2024/3R/108MEDIA/DSCF0602.JPG,DSCF0602.JPG,3R/108MEDIA,0,Other_Amphibian,0.2175,1376.5,1737.4,1447.3,1844.3
/srv/shared_leopard_toad/2024/09.02.2024/3R/108MEDIA/DSCF0328.JPG,DSCF0328.JPG,3R/108MEDIA,2,Western_Leopard_Toad,0.3071,2388.7,2364.4,2516.3,2447.5
/srv/shared_leopard_toad/2024/09.02.2024/3R/108MEDIA/DSCF0860.JPG,DSCF0860.JPG,3R/108MEDIA,0,Other_Amphibian,0.2568,1377.0,1739.0,1451.2,1845.2
/srv/shared_leopard_toad/2024/09.02.2024/3R/108MEDIA/DSCF0677.JPG,DSCF0677.JPG,3R/108MEDIA,0,Other_Amphibian,0.3018,1377.2,1739.7,1448.8,1844.6
/srv/shared_leopard_toad/2024/09.02.2024/3R/108MEDIA/DSCF0447.JPG,DSCF0447.JPG,3R/108MEDIA,0,Other_Amphibian,0.2323,1377.9,1738.5,1445.8,1845.8
/srv/shared_leopard_toad/2024/09.02.2024/3R/108MEDIA/DSCF0506.JPG,DSCF0506.JPG,3R/108MEDIA,0,Other_Amphibian,0.2310,1377.5,1737.6,1441.8,1841.6
/srv/shared_leopard_toad/2024/09.02.2024/3R/108MEDIA/DSCF0642.JPG,DSCF0642.JPG,3R/108MEDIA,0,Other_Amphibian,0.2307,1379.1,1734.9,1449.1,1844.3
/srv/shared_leopard_toad/2024/09.02.2024/3R/108MEDIA/DSCF0513.JPG,DSCF0513.JPG,3R/108MEDIA,0,Other_Amphibian,0.2415,1379.8,1739.8,1446.2,1844.5
/srv/shared_leopard_toad/2024/09.02.2024/3R/101MEDIA/DSCF0993.JPG,DSCF0993.JPG,3R/101MEDIA,0,Other_Amphibian,0.3198,1369.5,-3.3,1474.5,38.7
/srv/shared_leopard_toad/2024/09.02.2024/3R/101MEDIA/DSCF0911.JPG,DSCF0911.JPG,3R/101MEDIA,0,Other_Amphibian,0.2510,1364.0,-3.4,1457.5,33.6
/srv/shared_leopard_toad/2024/09.02.2024/3R/101MEDIA/DSCF0407.JPG,DSCF0407.JPG,3R/101MEDIA,0,Other_Amphibian,0.2220,1526.9,2348.8,1627.6,2450.4
/srv/shared_leopard_toad/2024/09.02.2024/3R/101MEDIA/DSCF0922.JPG,DSCF0922.JPG,3R/101MEDIA,0,Other_Amphibian,0.2771,1364.1,-3.4,1466.4,35.1
/srv/shared_leopard_toad/2024/09.02.2024/3R/101MEDIA/DSCF0767.JPG,DSCF0767.JPG,3R/101MEDIA,0,Other_Amphibian,0.2023,1366.7,-3.0,1457.1,34.5
/srv/shared_leopard_toad/2024/09.02.2024/3R/101MEDIA/DSCF0774.JPG,DSCF0774.JPG,3R/101MEDIA,0,Other_Amphibian,0.2101,1361.0,-3.1,1458.2,34.1
/srv/shared_leopard_toad/2024/09.02.2024/3R/101MEDIA/DSCF0298.JPG,DSCF0298.JPG,3R/101MEDIA,0,Other_Amphibian,0.2612,595.9,1768.1,672.0,1841.5
/srv/shared_leopard_toad/2024/09.02.2024/3R/101MEDIA/DSCF0784.JPG,DSCF0784.JPG,3R/101MEDIA,0,Other_Amphibian,0.2115,1362.4,-3.5,1452.3,33.4
/srv/shared_leopard_toad/2024/09.02.2024/3R/101MEDIA/DSCF0933.JPG,DSCF0933.JPG,3R/101MEDIA,0,Other_Amphibian,0.2391,1365.7,-3.0,1467.0,35.1
/srv/shared_leopard_toad/2024/09.02.2024/3R/101MEDIA/DSCF0141.JPG,DSCF0141.JPG,3R/101MEDIA,0,Other_Amphibian,0.3018,3563.3,2130.9,3641.2,2217.8
/srv/shared_leopard_toad/2024/09.02.2024/3R/101MEDIA/DSCF0650.JPG,DSCF0650.JPG,3R/101MEDIA,0,Other_Amphibian,0.2089,1360.5,-3.0,1449.7,33.6
/srv/shared_leopard_toad/2024/09.02.2024/3R/101MEDIA/DSCF0956.JPG,DSCF0956.JPG,3R/101MEDIA,0,Other_Amphibian,0.2915,1368.3,-3.4,1471.2,35.8
/srv/shared_leopard_toad/2024/09.02.2024/3R/101MEDIA/DSCF0812.JPG,DSCF0812.JPG,3R/101MEDIA,0,Other_Amphibian,0.2471,1363.7,-3.1,1462.3,33.1
/srv/shared_leopard_toad/2024/09.02.2024/3R/101MEDIA/DSCF0311.JPG,DSCF0311.JPG,3R/101MEDIA,2,Western_Leopard_Toad,0.3643,700.5,1712.0,781.2,1781.1
/srv/shared_leopard_toad/2024/09.02.2024/3R/101MEDIA/DSCF0311.JPG,DSCF0311.JPG,3R/101MEDIA,0,Other_Amphibian,0.3298,700.5,1712.0,781.2,1781.1
/srv/shared_leopard_toad/2024/09.02.2024/3R/101MEDIA/DSCF0565.JPG,DSCF0565.JPG,3R/101MEDIA,2,Western_Leopard_Toad,0.2932,1132.6,2360.1,1247.9,2451.8
/srv/shared_leopard_toad/2024/09.02.2024/3R/101MEDIA/DSCF0868.JPG,DSCF0868.JPG,3R/101MEDIA,0,Other_Amphibian,0.2520,1361.0,-3.6,1467.3,35.7
/srv/shared_leopard_toad/2024/09.02.2024/3R/101MEDIA/DSCF0980.JPG,DSCF0980.JPG,3R/101MEDIA,0,Other_Amphibian,0.2578,1362.6,-3.7,1467.9,36.7
/srv/shared_leopard_toad/2024/09.02.2024/3R/101MEDIA/DSCF0777.JPG,DSCF0777.JPG,3R/101MEDIA,0,Other_Amphibian,0.2089,1361.6,-2.4,1455.4,34.0
/srv/shared_leopard_toad/2024/09.02.2024/3R/101MEDIA/DSCF0891.JPG,DSCF0891.JPG,3R/101MEDIA,0,Other_Amphibian,0.2646,1363.5,-4.1,1467.0,35.9
/srv/shared_leopard_toad/2024/09.02.2024/3R/101MEDIA/DSCF0827.JPG,DSCF0827.JPG,3R/101MEDIA,0,Other_Amphibian,0.2242,1360.9,-3.1,1456.1,35.3
/srv/shared_leopard_toad/2024/09.02.2024/3R/101MEDIA/DSCF0983.JPG,DSCF0983.JPG,3R/101MEDIA,0,Other_Amphibian,0.3413,1363.9,-3.9,1468.8,36.5
/srv/shared_leopard_toad/2024/09.02.2024/3R/101MEDIA/DSCF0350.JPG,DSCF0350.JPG,3R/101MEDIA,0,Other_Amphibian,0.8618,2400.0,2116.8,2505.0,2249.6
/srv/shared_leopard_toad/2024/09.02.2024/3R/101MEDIA/DSCF0834.JPG,DSCF0834.JPG,3R/101MEDIA,0,Other_Amphibian,0.2128,1361.7,-2.6,1453.1,34.0
/srv/shared_leopard_toad/2024/09.02.2024/3R/101MEDIA/DSCF0792.JPG,DSCF0792.JPG,3R/101MEDIA,0,Other_Amphibian,0.2224,1363.0,-3.1,1456.2,33.4
/srv/shared_leopard_toad/2024/09.02.2024/3R/101MEDIA/DSCF0807.JPG,DSCF0807.JPG,3R/101MEDIA,0,Other_Amphibian,0.2379,1366.2,-3.5,1464.3,34.7
/srv/shared_leopard_toad/2024/09.02.2024/3R/101MEDIA/DSCF0681.JPG,DSCF0681.JPG,3R/101MEDIA,2,Western_Leopard_Toad,0.4033,2147.5,2345.4,2228.8,2446.3
/srv/shared_leopard_toad/2024/09.02.2024/3R/101MEDIA/DSCF0795.JPG,DSCF0795.JPG,3R/101MEDIA,0,Other_Amphibian,0.2260,1365.6,-3.0,1453.7,33.0
/srv/shared_leopard_toad/2024/09.02.2024/3R/101MEDIA/DSCF0986.JPG,DSCF0986.JPG,3R/101MEDIA,0,Other_Amphibian,0.3020,1366.9,-3.7,1465.8,35.8
/srv/shared_leopard_toad/2024/09.02.2024/3R/101MEDIA/DSCF0981.JPG,DSCF0981.JPG,3R/101MEDIA,0,Other_Amphibian,0.2720,1366.0,-3.4,1466.8,36.1
/srv/shared_leopard_toad/2024/09.02.2024/3R/101MEDIA/DSCF0403.JPG,DSCF0403.JPG,3R/101MEDIA,2,Western_Leopard_Toad,0.4495,2707.0,1519.5,2792.0,1614.2
/srv/shared_leopard_toad/2024/09.02.2024/3R/101MEDIA/DSCF0403.JPG,DSCF0403.JPG,3R/101MEDIA,0,Other_Amphibian,0.4265,2707.0,1519.5,2792.0,1614.2
/srv/shared_leopard_toad/2024/09.02.2024/3R/101MEDIA/DSCF0895.JPG,DSCF0895.JPG,3R/101MEDIA,0,Other_Amphibian,0.2720,1363.6,-3.2,1464.6,35.0
/srv/shared_leopard_toad/2024/09.02.2024/3R/101MEDIA/DSCF0422.JPG,DSCF0422.JPG,3R/101MEDIA,0,Other_Amphibian,0.3279,2161.9,2267.2,2257.1,2364.9
/srv/shared_leopard_toad/2024/09.02.2024/3R/101MEDIA/DSCF0817.JPG,DSCF0817.JPG,3R/101MEDIA,0,Other_Amphibian,0.2842,1364.6,-3.2,1461.4,35.8
/srv/shared_leopard_toad/2024/09.02.2024/3R/101MEDIA/DSCF0912.JPG,DSCF0912.JPG,3R/101MEDIA,2,Western_Leopard_Toad,0.4141,3770.3,1684.5,3929.2,1871.9
/srv/shared_leopard_toad/2024/09.02.2024/3R/101MEDIA/DSCF0899.JPG,DSCF0899.JPG,3R/101MEDIA,0,Other_Amphibian,0.2878,1360.2,-3.7,1459.1,34.8
/srv/shared_leopard_toad/2024/09.02.2024/3R/101MEDIA/DSCF0713.JPG,DSCF0713.JPG,3R/101MEDIA,0,Other_Amphibian,0.2211,1364.3,-3.8,1468.4,35.1
/srv/shared_leopard_toad/2024/09.02.2024/3R/101MEDIA/DSCF0994.JPG,DSCF0994.JPG,3R/101MEDIA,0,Other_Amphibian,0.2421,1365.0,-3.5,1470.0,36.8
/srv/shared_leopard_toad/2024/09.02.2024/3R/101MEDIA/DSCF0755.JPG,DSCF0755.JPG,3R/101MEDIA,0,Other_Amphibian,0.2203,1364.3,-4.2,1459.4,33.7
/srv/shared_leopard_toad/2024/09.02.2024/3R/101MEDIA/DSCF0979.JPG,DSCF0979.JPG,3R/101MEDIA,0,Other_Amphibian,0.2522,1364.9,-3.5,1470.1,37.1
/srv/shared_leopard_toad/2024/09.02.2024/3R/101MEDIA/DSCF0938.JPG,DSCF0938.JPG,3R/101MEDIA,0,Other_Amphibian,0.2494,1363.4,-3.6,1462.6,35.7
/srv/shared_leopard_toad/2024/09.02.2024/3R/101MEDIA/DSCF0709.JPG,DSCF0709.JPG,3R/101MEDIA,0,Other_Amphibian,0.2549,1763.0,382.1,1832.5,455.7
/srv/shared_leopard_toad/2024/09.02.2024/3R/101MEDIA/DSCF0256.JPG,DSCF0256.JPG,3R/101MEDIA,0,Other_Amphibian,0.4893,1364.0,2048.4,1450.8,2143.3
/srv/shared_leopard_toad/2024/09.02.2024/3R/101MEDIA/DSCF0923.JPG,DSCF0923.JPG,3R/101MEDIA,0,Other_Amphibian,0.2954,1363.5,-2.7,1464.8,34.4
/srv/shared_leopard_toad/2024/09.02.2024/3R/101MEDIA/DSCF0936.JPG,DSCF0936.JPG,3R/101MEDIA,0,Other_Amphibian,0.2251,1366.3,-4.0,1464.2,33.9
/srv/shared_leopard_toad/2024/09.02.2024/3R/101MEDIA/DSCF0866.JPG,DSCF0866.JPG,3R/101MEDIA,0,Other_Amphibian,0.3293,1362.0,-3.1,1459.5,35.6
/srv/shared_leopard_toad/2024/09.02.2024/3R/101MEDIA/DSCF0982.JPG,DSCF0982.JPG,3R/101MEDIA,0,Other_Amphibian,0.2981,1366.5,-4.0,1468.5,36.0
/srv/shared_leopard_toad/2024/09.02.2024/3R/101MEDIA/DSCF0854.JPG,DSCF0854.JPG,3R/101MEDIA,0,Other_Amphibian,0.2463,1363.7,-3.6,1464.5,35.1
/srv/shared_leopard_toad/2024/09.02.2024/3R/101MEDIA/DSCF0851.JPG,DSCF0851.JPG,3R/101MEDIA,0,Other_Amphibian,0.2996,1361.8,-3.1,1448.4,34.7
/srv/shared_leopard_toad/2024/09.02.2024/3R/101MEDIA/DSCF0924.JPG,DSCF0924.JPG,3R/101MEDIA,0,Other_Amphibian,0.2283,1366.1,-3.1,1459.9,33.5
/srv/shared_leopard_toad/2024/09.02.2024/3R/101MEDIA/DSCF0871.JPG,DSCF0871.JPG,3R/101MEDIA,0,Other_Amphibian,0.2542,1363.1,-3.5,1458.4,36.0
/srv/shared_leopard_toad/2024/09.02.2024/3R/101MEDIA/DSCF0944.JPG,DSCF0944.JPG,3R/101MEDIA,0,Other_Amphibian,0.2725,1363.2,-3.6,1462.8,35.7
/srv/shared_leopard_toad/2024/09.02.2024/3R/101MEDIA/DSCF0949.JPG,DSCF0949.JPG,3R/101MEDIA,0,Other_Amphibian,0.2544,1365.4,-3.4,1467.3,35.8
/srv/shared_leopard_toad/2024/09.02.2024/3R/101MEDIA/DSCF0943.JPG,DSCF0943.JPG,3R/101MEDIA,0,Other_Amphibian,0.3054,1365.5,-4.0,1465.0,36.9
/srv/shared_leopard_toad/2024/09.02.2024/3R/101MEDIA/DSCF0873.JPG,DSCF0873.JPG,3R/101MEDIA,0,Other_Amphibian,0.3152,1366.9,-4.1,1465.8,35.6
/srv/shared_leopard_toad/2024/09.02.2024/3R/101MEDIA/DSCF0917.JPG,DSCF0917.JPG,3R/101MEDIA,0,Other_Amphibian,0.3186,1364.3,-2.9,1461.7,35.7
/srv/shared_leopard_toad/2024/09.02.2024/3R/101MEDIA/DSCF0998.JPG,DSCF0998.JPG,3R/101MEDIA,0,Other_Amphibian,0.3020,1366.6,-3.6,1470.7,37.1
/srv/shared_leopard_toad/2024/09.02.2024/3R/101MEDIA/DSCF0970.JPG,DSCF0970.JPG,3R/101MEDIA,0,Other_Amphibian,0.2444,1363.7,-3.7,1462.3,35.5
/srv/shared_leopard_toad/2024/09.02.2024/3R/101MEDIA/DSCF0781.JPG,DSCF0781.JPG,3R/101MEDIA,0,Other_Amphibian,0.3579,1369.8,-3.9,1467.5,36.7
/srv/shared_leopard_toad/2024/09.02.2024/3R/101MEDIA/DSCF0896.JPG,DSCF0896.JPG,3R/101MEDIA,0,Other_Amphibian,0.2913,1362.4,-3.3,1463.6,34.6
/srv/shared_leopard_toad/2024/09.02.2024/3R/101MEDIA/DSCF0925.JPG,DSCF0925.JPG,3R/101MEDIA,0,Other_Amphibian,0.2808,1366.8,-3.2,1463.7,34.2
/srv/shared_leopard_toad/2024/09.02.2024/3R/101MEDIA/DSCF0837.JPG,DSCF0837.JPG,3R/101MEDIA,0,Other_Amphibian,0.2661,1364.6,-3.1,1459.2,34.7
/srv/shared_leopard_toad/2024/09.02.2024/3R/101MEDIA/DSCF0853.JPG,DSCF0853.JPG,3R/101MEDIA,0,Other_Amphibian,0.2815,1361.7,-3.6,1459.8,34.9
/srv/shared_leopard_toad/2024/09.02.2024/3R/101MEDIA/DSCF0858.JPG,DSCF0858.JPG,3R/101MEDIA,0,Other_Amphibian,0.2255,1362.4,-3.2,1456.8,34.5
/srv/shared_leopard_toad/2024/09.02.2024/3R/101MEDIA/DSCF0722.JPG,DSCF0722.JPG,3R/101MEDIA,0,Other_Amphibian,0.2135,1360.5,-3.7,1465.5,33.8
/srv/shared_leopard_toad/2024/09.02.2024/3R/101MEDIA/DSCF0959.JPG,DSCF0959.JPG,3R/101MEDIA,0,Other_Amphibian,0.2708,1365.4,-3.6,1471.9,37.1
/srv/shared_leopard_toad/2024/09.02.2024/3R/101MEDIA/DSCF0862.JPG,DSCF0862.JPG,3R/101MEDIA,0,Other_Amphibian,0.3076,1365.6,-3.3,1460.4,35.3
/srv/shared_leopard_toad/2024/09.02.2024/3R/101MEDIA/DSCF0878.JPG,DSCF0878.JPG,3R/101MEDIA,0,Other_Amphibian,0.2776,1362.7,-3.7,1461.0,35.2
/srv/shared_leopard_toad/2024/09.02.2024/3R/101MEDIA/DSCF0864.JPG,DSCF0864.JPG,3R/101MEDIA,0,Other_Amphibian,0.2981,1359.9,-2.8,1459.3,33.9
/srv/shared_leopard_toad/2024/09.02.2024/3R/101MEDIA/DSCF0945.JPG,DSCF0945.JPG,3R/101MEDIA,0,Other_Amphibian,0.2668,1365.3,-3.9,1465.2,36.4
/srv/shared_leopard_toad/2024/09.02.2024/3R/101MEDIA/DSCF0989.JPG,DSCF0989.JPG,3R/101MEDIA,0,Other_Amphibian,0.2864,1366.1,-3.3,1459.9,36.3
/srv/shared_leopard_toad/2024/09.02.2024/3R/101MEDIA/DSCF0838.JPG,DSCF0838.JPG,3R/101MEDIA,0,Other_Amphibian,0.2583,1363.7,-3.5,1453.3,33.9
/srv/shared_leopard_toad/2024/09.02.2024/3R/101MEDIA/DSCF0848.JPG,DSCF0848.JPG,3R/101MEDIA,0,Other_Amphibian,0.2595,1362.2,-3.4,1457.1,35.2
/srv/shared_leopard_toad/2024/09.02.2024/3R/101MEDIA/DSCF0861.JPG,DSCF0861.JPG,3R/101MEDIA,0,Other_Amphibian,0.3254,1365.7,-2.5,1460.3,35.5
/srv/shared_leopard_toad/2024/09.02.2024/3R/101MEDIA/DSCF0955.JPG,DSCF0955.JPG,3R/101MEDIA,0,Other_Amphibian,0.3569,1366.8,-3.5,1466.0,36.5
/srv/shared_leopard_toad/2024/09.02.2024/3R/101MEDIA/DSCF0930.JPG,DSCF0930.JPG,3R/101MEDIA,0,Other_Amphibian,0.2418,1362.7,-3.7,1456.6,34.6
/srv/shared_leopard_toad/2024/09.02.2024/3R/101MEDIA/DSCF0898.JPG,DSCF0898.JPG,3R/101MEDIA,0,Other_Amphibian,0.2639,1361.7,-3.7,1464.3,34.9
/srv/shared_leopard_toad/2024/09.02.2024/3R/101MEDIA/DSCF0963.JPG,DSCF0963.JPG,3R/101MEDIA,0,Other_Amphibian,0.2756,1365.8,-3.6,1464.8,37.1
/srv/shared_leopard_toad/2024/09.02.2024/3R/101MEDIA/DSCF0663.JPG,DSCF0663.JPG,3R/101MEDIA,0,Other_Amphibian,0.2181,1366.9,-2.9,1459.1,34.9
/srv/shared_leopard_toad/2024/09.02.2024/3R/101MEDIA/DSCF0978.JPG,DSCF0978.JPG,3R/101MEDIA,0,Other_Amphibian,0.4109,1327.0,1667.9,1420.2,1751.8
/srv/shared_leopard_toad/2024/09.02.2024/3R/101MEDIA/DSCF0978.JPG,DSCF0978.JPG,3R/101MEDIA,0,Other_Amphibian,0.3882,1327.0,1669.5,1420.3,1752.7
/srv/shared_leopard_toad/2024/09.02.2024/3R/101MEDIA/DSCF0842.JPG,DSCF0842.JPG,3R/101MEDIA,0,Other_Amphibian,0.2837,1360.8,-3.5,1458.5,36.3
/srv/shared_leopard_toad/2024/09.02.2024/3R/101MEDIA/DSCF0875.JPG,DSCF0875.JPG,3R/101MEDIA,0,Other_Amphibian,0.2426,1366.6,-2.6,1457.1,35.2
/srv/shared_leopard_toad/2024/09.02.2024/3R/101MEDIA/DSCF0856.JPG,DSCF0856.JPG,3R/101MEDIA,0,Other_Amphibian,0.2637,1360.7,-3.4,1456.3,34.9
/srv/shared_leopard_toad/2024/09.02.2024/3R/101MEDIA/DSCF0788.JPG,DSCF0788.JPG,3R/101MEDIA,0,Other_Amphibian,0.2581,1361.9,-3.1,1457.4,35.1
/srv/shared_leopard_toad/2024/09.02.2024/3R/101MEDIA/DSCF0721.JPG,DSCF0721.JPG,3R/101MEDIA,0,Other_Amphibian,0.2202,1364.4,-3.0,1454.9,33.8
/srv/shared_leopard_toad/2024/09.02.2024/3R/101MEDIA/DSCF0927.JPG,DSCF0927.JPG,3R/101MEDIA,0,Other_Amphibian,0.2402,1363.6,-3.6,1464.7,34.5
/srv/shared_leopard_toad/2024/09.02.2024/3R/101MEDIA/DSCF0683.JPG,DSCF0683.JPG,3R/101MEDIA,2,Western_Leopard_Toad,0.3364,2147.8,2345.0,2228.5,2446.6
/srv/shared_leopard_toad/2024/09.02.2024/3R/101MEDIA/DSCF0683.JPG,DSCF0683.JPG,3R/101MEDIA,0,Other_Amphibian,0.2281,2147.8,2345.0,2228.5,2446.6
/srv/shared_leopard_toad/2024/09.02.2024/3R/101MEDIA/DSCF0449.JPG,DSCF0449.JPG,3R/101MEDIA,0,Other_Amphibian,0.2426,1424.2,1758.1,1514.3,1843.9
/srv/shared_leopard_toad/2024/09.02.2024/3R/101MEDIA/DSCF0888.JPG,DSCF0888.JPG,3R/101MEDIA,0,Other_Amphibian,0.3411,1364.3,-3.5,1463.9,37.0
/srv/shared_leopard_toad/2024/09.02.2024/3R/101MEDIA/DSCF0908.JPG,DSCF0908.JPG,3R/101MEDIA,0,Other_Amphibian,0.2556,1364.1,-4.3,1464.1,35.7
/srv/shared_leopard_toad/2024/09.02.2024/3R/101MEDIA/DSCF0872.JPG,DSCF0872.JPG,3R/101MEDIA,0,Other_Amphibian,0.3203,1364.6,-3.8,1463.6,36.4
/srv/shared_leopard_toad/2024/09.02.2024/3R/101MEDIA/DSCF0892.JPG,DSCF0892.JPG,3R/101MEDIA,0,Other_Amphibian,0.2866,1361.9,-3.4,1461.9,34.2
/srv/shared_leopard_toad/2024/09.02.2024/3R/101MEDIA/DSCF0900.JPG,DSCF0900.JPG,3R/101MEDIA,0,Other_Amphibian,0.2452,1361.1,-3.5,1460.4,34.3
/srv/shared_leopard_toad/2024/09.02.2024/3R/101MEDIA/DSCF0877.JPG,DSCF0877.JPG,3R/101MEDIA,0,Other_Amphibian,0.2600,1362.6,-3.2,1456.7,34.7
/srv/shared_leopard_toad/2024/09.02.2024/3R/101MEDIA/DSCF0890.JPG,DSCF0890.JPG,3R/101MEDIA,0,Other_Amphibian,0.2407,1360.0,-3.5,1459.2,34.7
/srv/shared_leopard_toad/2024/09.02.2024/3R/101MEDIA/DSCF0965.JPG,DSCF0965.JPG,3R/101MEDIA,0,Other_Amphibian,0.5171,2274.1,2011.6,2374.4,2114.3
/srv/shared_leopard_toad/2024/09.02.2024/3R/101MEDIA/DSCF0745.JPG,DSCF0745.JPG,3R/101MEDIA,0,Other_Amphibian,0.2303,1364.5,-3.7,1459.3,34.8
/srv/shared_leopard_toad/2024/09.02.2024/3R/101MEDIA/DSCF0823.JPG,DSCF0823.JPG,3R/101MEDIA,0,Other_Amphibian,0.2306,1365.0,-3.3,1452.0,33.9
/srv/shared_leopard_toad/2024/09.02.2024/3R/101MEDIA/DSCF0820.JPG,DSCF0820.JPG,3R/101MEDIA,0,Other_Amphibian,0.3113,1364.9,-3.1,1463.3,34.7
/srv/shared_leopard_toad/2024/09.02.2024/3R/101MEDIA/DSCF0782.JPG,DSCF0782.JPG,3R/101MEDIA,0,Other_Amphibian,0.2690,1362.1,-3.1,1448.2,34.2
/srv/shared_leopard_toad/2024/09.02.2024/3R/101MEDIA/DSCF0074.JPG,DSCF0074.JPG,3R/101MEDIA,2,Western_Leopard_Toad,0.3052,1288.1,2329.1,1355.7,2444.9
/srv/shared_leopard_toad/2024/09.02.2024/3R/101MEDIA/DSCF0421.JPG,DSCF0421.JPG,3R/101MEDIA,0,Other_Amphibian,0.7549,2132.6,2215.2,2223.4,2300.5
/srv/shared_leopard_toad/2024/09.02.2024/3R/101MEDIA/DSCF0885.JPG,DSCF0885.JPG,3R/101MEDIA,0,Other_Amphibian,0.2766,1360.4,-3.7,1461.1,34.7
/srv/shared_leopard_toad/2024/09.02.2024/3R/101MEDIA/DSCF0937.JPG,DSCF0937.JPG,3R/101MEDIA,0,Other_Amphibian,0.2257,1366.7,-3.6,1461.6,34.5
/srv/shared_leopard_toad/2024/09.02.2024/3R/101MEDIA/DSCF0686.JPG,DSCF0686.JPG,3R/101MEDIA,0,Other_Amphibian,0.2292,1366.4,-2.5,1459.6,33.5
/srv/shared_leopard_toad/2024/09.02.2024/3R/101MEDIA/DSCF0805.JPG,DSCF0805.JPG,3R/101MEDIA,0,Other_Amphibian,0.2659,1363.9,-3.4,1462.1,33.7
/srv/shared_leopard_toad/2024/09.02.2024/3R/101MEDIA/DSCF0962.JPG,DSCF0962.JPG,3R/101MEDIA,0,Other_Amphibian,0.2405,1364.1,-3.4,1457.4,35.8
/srv/shared_leopard_toad/2024/09.02.2024/3R/101MEDIA/DSCF0867.JPG,DSCF0867.JPG,3R/101MEDIA,0,Other_Amphibian,0.2493,1363.6,-3.4,1460.2,33.5
/srv/shared_leopard_toad/2024/09.02.2024/3R/101MEDIA/DSCF0874.JPG,DSCF0874.JPG,3R/101MEDIA,0,Other_Amphibian,0.2200,1360.5,-3.0,1458.8,35.1
/srv/shared_leopard_toad/2024/09.02.2024/3R/101MEDIA/DSCF0942.JPG,DSCF0942.JPG,3R/101MEDIA,0,Other_Amphibian,0.3093,1366.5,-3.9,1464.0,34.4
/srv/shared_leopard_toad/2024/09.02.2024/3R/101MEDIA/DSCF0991.JPG,DSCF0991.JPG,3R/101MEDIA,0,Other_Amphibian,0.2366,1364.9,-3.8,1465.6,36.2
/srv/shared_leopard_toad/2024/09.02.2024/3R/101MEDIA/DSCF0691.JPG,DSCF0691.JPG,3R/101MEDIA,0,Other_Amphibian,0.2109,1366.9,-3.4,1463.6,34.2
/srv/shared_leopard_toad/2024/09.02.2024/3R/101MEDIA/DSCF0966.JPG,DSCF0966.JPG,3R/101MEDIA,0,Other_Amphibian,0.2998,1367.5,-3.5,1467.5,37.2
/srv/shared_leopard_toad/2024/09.02.2024/3R/101MEDIA/DSCF0985.JPG,DSCF0985.JPG,3R/101MEDIA,0,Other_Amphibian,0.2527,1366.7,-3.3,1468.3,35.4
/srv/shared_leopard_toad/2024/09.02.2024/3R/101MEDIA/DSCF0841.JPG,DSCF0841.JPG,3R/101MEDIA,0,Other_Amphibian,0.3000,1362.2,-4.0,1461.6,35.7
/srv/shared_leopard_toad/2024/09.02.2024/3R/101MEDIA/DSCF0706.JPG,DSCF0706.JPG,3R/101MEDIA,0,Other_Amphibian,0.2218,1368.1,-3.4,1455.7,33.6
/srv/shared_leopard_toad/2024/09.02.2024/3R/101MEDIA/DSCF0904.JPG,DSCF0904.JPG,3R/101MEDIA,0,Other_Amphibian,0.2659,1365.4,-3.3,1460.6,35.6
/srv/shared_leopard_toad/2024/09.02.2024/3R/101MEDIA/DSCF0748.JPG,DSCF0748.JPG,3R/101MEDIA,0,Other_Amphibian,0.2015,1363.8,-3.7,1457.7,34.8
/srv/shared_leopard_toad/2024/09.02.2024/3R/101MEDIA/DSCF0816.JPG,DSCF0816.JPG,3R/101MEDIA,0,Other_Amphibian,0.2527,1364.2,-2.5,1461.8,34.5
/srv/shared_leopard_toad/2024/09.02.2024/3R/101MEDIA/DSCF0940.JPG,DSCF0940.JPG,3R/101MEDIA,0,Other_Amphibian,0.2051,1366.8,-3.6,1468.2,34.3
/srv/shared_leopard_toad/2024/09.02.2024/3R/101MEDIA/DSCF0902.JPG,DSCF0902.JPG,3R/101MEDIA,0,Other_Amphibian,0.2068,1359.7,-3.3,1455.0,33.9
/srv/shared_leopard_toad/2024/09.02.2024/3R/101MEDIA/DSCF0778.JPG,DSCF0778.JPG,3R/101MEDIA,0,Other_Amphibian,0.2452,1361.2,-3.1,1458.0,35.6
/srv/shared_leopard_toad/2024/09.02.2024/3R/101MEDIA/DSCF0883.JPG,DSCF0883.JPG,3R/101MEDIA,0,Other_Amphibian,0.2854,1363.9,-3.3,1464.4,34.6
/srv/shared_leopard_toad/2024/09.02.2024/3R/101MEDIA/DSCF0826.JPG,DSCF0826.JPG,3R/101MEDIA,0,Other_Amphibian,0.2974,1362.9,-3.3,1460.8,35.3
/srv/shared_leopard_toad/2024/09.02.2024/3R/101MEDIA/DSCF0775.JPG,DSCF0775.JPG,3R/101MEDIA,0,Other_Amphibian,0.2629,1365.8,-3.1,1457.9,34.7
/srv/shared_leopard_toad/2024/09.02.2024/3R/101MEDIA/DSCF0811.JPG,DSCF0811.JPG,3R/101MEDIA,0,Other_Amphibian,0.2290,1362.5,-3.7,1463.5,33.3
/srv/shared_leopard_toad/2024/09.02.2024/3R/101MEDIA/DSCF0909.JPG,DSCF0909.JPG,3R/101MEDIA,0,Other_Amphibian,0.2091,1361.7,-3.5,1453.1,33.5
/srv/shared_leopard_toad/2024/09.02.2024/3R/101MEDIA/DSCF0840.JPG,DSCF0840.JPG,3R/101MEDIA,0,Other_Amphibian,0.2681,1361.4,-2.9,1455.6,34.1
/srv/shared_leopard_toad/2024/09.02.2024/3R/101MEDIA/DSCF0967.JPG,DSCF0967.JPG,3R/101MEDIA,0,Other_Amphibian,0.2115,1364.0,-3.9,1464.3,36.5
/srv/shared_leopard_toad/2024/09.02.2024/3R/101MEDIA/DSCF0760.JPG,DSCF0760.JPG,3R/101MEDIA,0,Other_Amphibian,0.2039,1365.2,-3.7,1460.8,33.9
/srv/shared_leopard_toad/2024/09.02.2024/3R/101MEDIA/DSCF0903.JPG,DSCF0903.JPG,3R/101MEDIA,0,Other_Amphibian,0.2487,1359.6,-3.4,1455.1,33.8
/srv/shared_leopard_toad/2024/09.02.2024/3R/101MEDIA/DSCF0889.JPG,DSCF0889.JPG,3R/101MEDIA,0,Other_Amphibian,0.2251,1362.0,-3.3,1459.5,33.6
/srv/shared_leopard_toad/2024/09.02.2024/3R/101MEDIA/DSCF0724.JPG,DSCF0724.JPG,3R/101MEDIA,0,Other_Amphibian,0.2581,1360.7,-3.4,1463.0,34.3
/srv/shared_leopard_toad/2024/09.02.2024/3R/101MEDIA/DSCF0997.JPG,DSCF0997.JPG,3R/101MEDIA,0,Other_Amphibian,0.2815,1364.9,-3.6,1467.8,36.4
/srv/shared_leopard_toad/2024/09.02.2024/3R/101MEDIA/DSCF0913.JPG,DSCF0913.JPG,3R/101MEDIA,0,Other_Amphibian,0.2170,1362.8,-3.1,1458.7,33.4
/srv/shared_leopard_toad/2024/09.02.2024/3R/101MEDIA/DSCF0947.JPG,DSCF0947.JPG,3R/101MEDIA,0,Other_Amphibian,0.2788,1367.3,-3.7,1465.4,35.3
/srv/shared_leopard_toad/2024/09.02.2024/3R/101MEDIA/DSCF0844.JPG,DSCF0844.JPG,3R/101MEDIA,0,Other_Amphibian,0.2720,1360.7,-3.5,1456.3,35.9
/srv/shared_leopard_toad/2024/09.02.2024/3R/101MEDIA/DSCF0824.JPG,DSCF0824.JPG,3R/101MEDIA,0,Other_Amphibian,0.2458,1360.1,-3.4,1459.1,33.9
/srv/shared_leopard_toad/2024/09.02.2024/3R/101MEDIA/DSCF0886.JPG,DSCF0886.JPG,3R/101MEDIA,0,Other_Amphibian,0.2166,1361.9,-2.8,1457.4,34.5
/srv/shared_leopard_toad/2024/09.02.2024/3R/101MEDIA/DSCF0773.JPG,DSCF0773.JPG,3R/101MEDIA,0,Other_Amphibian,0.2272,1365.1,-3.2,1458.6,33.4
/srv/shared_leopard_toad/2024/09.02.2024/3R/101MEDIA/DSCF0849.JPG,DSCF0849.JPG,3R/101MEDIA,0,Other_Amphibian,0.3306,1756.8,2169.5,1850.0,2283.0
/srv/shared_leopard_toad/2024/09.02.2024/3R/101MEDIA/DSCF0849.JPG,DSCF0849.JPG,3R/101MEDIA,0,Other_Amphibian,0.2091,1363.6,-3.3,1455.7,34.3
/srv/shared_leopard_toad/2024/09.02.2024/3R/101MEDIA/DSCF0916.JPG,DSCF0916.JPG,3R/101MEDIA,0,Other_Amphibian,0.2075,1357.1,-2.9,1464.4,33.0
/srv/shared_leopard_toad/2024/09.02.2024/3R/101MEDIA/DSCF0690.JPG,DSCF0690.JPG,3R/101MEDIA,0,Other_Amphibian,0.2263,1363.9,-2.6,1455.4,32.8
/srv/shared_leopard_toad/2024/09.02.2024/3R/101MEDIA/DSCF0918.JPG,DSCF0918.JPG,3R/101MEDIA,0,Other_Amphibian,0.2340,1364.0,-3.0,1462.0,33.8
/srv/shared_leopard_toad/2024/09.02.2024/3R/101MEDIA/DSCF0801.JPG,DSCF0801.JPG,3R/101MEDIA,0,Other_Amphibian,0.2712,1361.5,-3.3,1457.8,33.6
/srv/shared_leopard_toad/2024/09.02.2024/3R/101MEDIA/DSCF0813.JPG,DSCF0813.JPG,3R/101MEDIA,0,Other_Amphibian,0.2947,1366.9,-2.9,1465.9,34.5
/srv/shared_leopard_toad/2024/09.02.2024/3R/101MEDIA/DSCF0876.JPG,DSCF0876.JPG,3R/101MEDIA,0,Other_Amphibian,0.2644,1364.1,-2.8,1459.6,36.1
/srv/shared_leopard_toad/2024/09.02.2024/3R/101MEDIA/DSCF0901.JPG,DSCF0901.JPG,3R/101MEDIA,0,Other_Amphibian,0.2448,1361.0,-4.0,1462.7,34.6
/srv/shared_leopard_toad/2024/09.02.2024/3R/101MEDIA/DSCF0996.JPG,DSCF0996.JPG,3R/101MEDIA,0,Other_Amphibian,0.3286,1368.3,-3.5,1471.2,38.4
/srv/shared_leopard_toad/2024/09.02.2024/3R/101MEDIA/DSCF0846.JPG,DSCF0846.JPG,3R/101MEDIA,0,Other_Amphibian,0.2573,1362.4,-3.5,1454.6,34.2
/srv/shared_leopard_toad/2024/09.02.2024/3R/101MEDIA/DSCF0825.JPG,DSCF0825.JPG,3R/101MEDIA,0,Other_Amphibian,0.2285,1361.1,-3.1,1458.1,34.0
/srv/shared_leopard_toad/2024/09.02.2024/3R/101MEDIA/DSCF0695.JPG,DSCF0695.JPG,3R/101MEDIA,0,Other_Amphibian,0.2234,1364.6,-3.2,1461.4,33.7
/srv/shared_leopard_toad/2024/09.02.2024/3R/101MEDIA/DSCF0953.JPG,DSCF0953.JPG,3R/101MEDIA,0,Other_Amphibian,0.2925,1366.3,-3.9,1466.5,35.8
/srv/shared_leopard_toad/2024/09.02.2024/3R/101MEDIA/DSCF0657.JPG,DSCF0657.JPG,3R/101MEDIA,0,Other_Amphibian,0.2344,1365.0,-3.4,1454.3,36.1
/srv/shared_leopard_toad/2024/09.02.2024/3R/101MEDIA/DSCF0711.JPG,DSCF0711.JPG,3R/101MEDIA,0,Other_Amphibian,0.2683,1365.4,-3.2,1460.6,36.0
/srv/shared_leopard_toad/2024/09.02.2024/3R/101MEDIA/DSCF0869.JPG,DSCF0869.JPG,3R/101MEDIA,0,Other_Amphibian,0.2505,1362.6,-3.1,1454.4,34.0
/srv/shared_leopard_toad/2024/09.02.2024/3R/101MEDIA/DSCF0863.JPG,DSCF0863.JPG,3R/101MEDIA,0,Other_Amphibian,0.2908,1364.5,-3.4,1463.7,35.1
/srv/shared_leopard_toad/2024/09.02.2024/3R/101MEDIA/DSCF0850.JPG,DSCF0850.JPG,3R/101MEDIA,0,Other_Amphibian,0.2786,1364.2,-3.5,1455.0,35.1
/srv/shared_leopard_toad/2024/09.02.2024/3R/101MEDIA/DSCF0785.JPG,DSCF0785.JPG,3R/101MEDIA,0,Other_Amphibian,0.2032,1363.8,-3.4,1457.7,34.4
/srv/shared_leopard_toad/2024/09.02.2024/3R/101MEDIA/DSCF0999.JPG,DSCF0999.JPG,3R/101MEDIA,0,Other_Amphibian,0.2791,1365.1,-4.0,1465.4,38.7
/srv/shared_leopard_toad/2024/09.02.2024/3R/101MEDIA/DSCF0894.JPG,DSCF0894.JPG,3R/101MEDIA,0,Other_Amphibian,0.2683,1362.3,-3.3,1461.5,34.0
/srv/shared_leopard_toad/2024/09.02.2024/3R/101MEDIA/DSCF0718.JPG,DSCF0718.JPG,3R/101MEDIA,0,Other_Amphibian,0.2168,1357.4,1669.5,1439.3,1752.7
/srv/shared_leopard_toad/2024/09.02.2024/3R/101MEDIA/DSCF0017.JPG,DSCF0017.JPG,3R/101MEDIA,0,Other_Amphibian,0.3833,2271.9,622.7,2394.6,706.2
/srv/shared_leopard_toad/2024/09.02.2024/3R/101MEDIA/DSCF0726.JPG,DSCF0726.JPG,3R/101MEDIA,0,Other_Amphibian,0.2010,1363.3,-3.4,1455.9,34.4
/srv/shared_leopard_toad/2024/09.02.2024/3R/101MEDIA/DSCF0783.JPG,DSCF0783.JPG,3R/101MEDIA,0,Other_Amphibian,0.2090,1361.0,-3.3,1451.5,33.8
/srv/shared_leopard_toad/2024/09.02.2024/3R/101MEDIA/DSCF0857.JPG,DSCF0857.JPG,3R/101MEDIA,0,Other_Amphibian,0.3018,1361.4,-3.0,1460.1,34.3
/srv/shared_leopard_toad/2024/09.02.2024/3R/101MEDIA/DSCF0703.JPG,DSCF0703.JPG,3R/101MEDIA,0,Other_Amphibian,0.2310,1366.1,-2.9,1457.6,33.4
/srv/shared_leopard_toad/2024/09.02.2024/3R/101MEDIA/DSCF0958.JPG,DSCF0958.JPG,3R/101MEDIA,0,Other_Amphibian,0.2313,1366.1,-3.3,1468.9,36.3
/srv/shared_leopard_toad/2024/09.02.2024/3R/101MEDIA/DSCF0929.JPG,DSCF0929.JPG,3R/101MEDIA,0,Other_Amphibian,0.3081,1363.4,-3.7,1460.4,35.3
/srv/shared_leopard_toad/2024/09.02.2024/3R/101MEDIA/DSCF0972.JPG,DSCF0972.JPG,3R/101MEDIA,0,Other_Amphibian,0.3271,1328.6,1665.1,1418.7,1747.0
/srv/shared_leopard_toad/2024/09.02.2024/3R/101MEDIA/DSCF0972.JPG,DSCF0972.JPG,3R/101MEDIA,0,Other_Amphibian,0.2150,1364.2,-3.4,1461.8,35.2
/srv/shared_leopard_toad/2024/09.02.2024/3R/101MEDIA/DSCF0887.JPG,DSCF0887.JPG,3R/101MEDIA,0,Other_Amphibian,0.2358,1363.7,-3.6,1464.5,35.6
/srv/shared_leopard_toad/2024/09.02.2024/3R/101MEDIA/DSCF0954.JPG,DSCF0954.JPG,3R/101MEDIA,0,Other_Amphibian,0.2937,1366.9,-4.1,1465.8,37.0
/srv/shared_leopard_toad/2024/09.02.2024/3R/101MEDIA/DSCF0799.JPG,DSCF0799.JPG,3R/101MEDIA,0,Other_Amphibian,0.2556,1363.7,-2.9,1460.1,33.9
/srv/shared_leopard_toad/2024/09.02.2024/3R/101MEDIA/DSCF0682.JPG,DSCF0682.JPG,3R/101MEDIA,2,Western_Leopard_Toad,0.5088,2145.9,2345.6,2228.1,2446.1
/srv/shared_leopard_toad/2024/09.02.2024/3R/101MEDIA/DSCF0682.JPG,DSCF0682.JPG,3R/101MEDIA,0,Other_Amphibian,0.2947,2145.9,2345.6,2228.1,2446.1
/srv/shared_leopard_toad/2024/09.02.2024/3R/101MEDIA/DSCF0787.JPG,DSCF0787.JPG,3R/101MEDIA,0,Other_Amphibian,0.2085,1359.4,-3.4,1453.1,34.4
/srv/shared_leopard_toad/2024/09.02.2024/3R/101MEDIA/DSCF0715.JPG,DSCF0715.JPG,3R/101MEDIA,0,Other_Amphibian,0.2023,1363.8,-3.1,1448.7,32.4
/srv/shared_leopard_toad/2024/09.02.2024/3R/101MEDIA/DSCF0810.JPG,DSCF0810.JPG,3R/101MEDIA,0,Other_Amphibian,0.2039,1367.8,-3.2,1469.5,33.1
/srv/shared_leopard_toad/2024/09.02.2024/3R/101MEDIA/DSCF0976.JPG,DSCF0976.JPG,3R/101MEDIA,0,Other_Amphibian,0.3787,1365.4,-3.8,1465.1,37.1
/srv/shared_leopard_toad/2024/09.02.2024/3R/101MEDIA/DSCF0814.JPG,DSCF0814.JPG,3R/101MEDIA,0,Other_Amphibian,0.2563,1366.2,-3.4,1464.3,34.2
/srv/shared_leopard_toad/2024/09.02.2024/3R/101MEDIA/DSCF0698.JPG,DSCF0698.JPG,3R/101MEDIA,0,Other_Amphibian,0.2140,1361.5,-2.8,1455.5,33.8
/srv/shared_leopard_toad/2024/09.02.2024/3R/101MEDIA/DSCF0749.JPG,DSCF0749.JPG,3R/101MEDIA,0,Other_Amphibian,0.3152,1364.3,-3.4,1461.7,34.5
/srv/shared_leopard_toad/2024/09.02.2024/3R/101MEDIA/DSCF0969.JPG,DSCF0969.JPG,3R/101MEDIA,0,Other_Amphibian,0.2339,1363.9,-3.3,1459.9,35.4
/srv/shared_leopard_toad/2024/09.02.2024/3R/101MEDIA/DSCF0932.JPG,DSCF0932.JPG,3R/101MEDIA,0,Other_Amphibian,0.3208,1365.1,-3.5,1463.2,35.9
/srv/shared_leopard_toad/2024/09.02.2024/3R/101MEDIA/DSCF0928.JPG,DSCF0928.JPG,3R/101MEDIA,0,Other_Amphibian,0.2896,1366.7,-3.9,1463.8,35.4
/srv/shared_leopard_toad/2024/09.02.2024/3R/101MEDIA/DSCF0960.JPG,DSCF0960.JPG,3R/101MEDIA,0,Other_Amphibian,0.2849,1363.7,-3.3,1466.8,35.6
/srv/shared_leopard_toad/2024/09.02.2024/3R/101MEDIA/DSCF0770.JPG,DSCF0770.JPG,3R/101MEDIA,0,Other_Amphibian,0.2274,1366.4,-2.9,1459.6,34.1
/srv/shared_leopard_toad/2024/09.02.2024/3R/101MEDIA/DSCF0481.JPG,DSCF0481.JPG,3R/101MEDIA,0,Other_Amphibian,0.2351,1397.7,1741.1,1484.5,1807.7
/srv/shared_leopard_toad/2024/09.02.2024/3R/101MEDIA/DSCF0696.JPG,DSCF0696.JPG,3R/101MEDIA,0,Other_Amphibian,0.2629,1364.5,-3.7,1466.0,34.2
/srv/shared_leopard_toad/2024/09.02.2024/3R/101MEDIA/DSCF0946.JPG,DSCF0946.JPG,3R/101MEDIA,0,Other_Amphibian,0.2896,1369.5,-3.7,1474.5,35.7
/srv/shared_leopard_toad/2024/09.02.2024/3R/101MEDIA/DSCF0974.JPG,DSCF0974.JPG,3R/101MEDIA,0,Other_Amphibian,0.3657,1327.0,1666.0,1420.2,1748.7
/srv/shared_leopard_toad/2024/09.02.2024/3R/101MEDIA/DSCF0974.JPG,DSCF0974.JPG,3R/101MEDIA,0,Other_Amphibian,0.2830,1364.8,-3.6,1467.9,37.1
/srv/shared_leopard_toad/2024/09.02.2024/3R/101MEDIA/DSCF0974.JPG,DSCF0974.JPG,3R/101MEDIA,0,Other_Amphibian,0.2189,1324.1,1665.0,1418.7,1749.6
/srv/shared_leopard_toad/2024/09.02.2024/3R/101MEDIA/DSCF0831.JPG,DSCF0831.JPG,3R/101MEDIA,0,Other_Amphibian,0.2217,1360.0,-3.0,1459.2,35.3
/srv/shared_leopard_toad/2024/09.02.2024/3R/101MEDIA/DSCF0771.JPG,DSCF0771.JPG,3R/101MEDIA,0,Other_Amphibian,0.2343,1361.5,-3.3,1457.8,32.7
/srv/shared_leopard_toad/2024/09.02.2024/3R/101MEDIA/DSCF0977.JPG,DSCF0977.JPG,3R/101MEDIA,0,Other_Amphibian,0.3792,1331.6,1673.4,1420.1,1751.4
/srv/shared_leopard_toad/2024/09.02.2024/3R/101MEDIA/DSCF0977.JPG,DSCF0977.JPG,3R/101MEDIA,0,Other_Amphibian,0.3533,1330.6,1673.0,1418.9,1751.8
/srv/shared_leopard_toad/2024/09.02.2024/3R/101MEDIA/DSCF0806.JPG,DSCF0806.JPG,3R/101MEDIA,0,Other_Amphibian,0.2891,1365.5,-2.5,1456.0,34.6
/srv/shared_leopard_toad/2024/09.02.2024/3R/101MEDIA/DSCF0952.JPG,DSCF0952.JPG,3R/101MEDIA,0,Other_Amphibian,0.2415,1366.9,-4.1,1470.4,35.2
/srv/shared_leopard_toad/2024/09.02.2024/3R/101MEDIA/DSCF0797.JPG,DSCF0797.JPG,3R/101MEDIA,0,Other_Amphibian,0.2311,1362.2,-3.6,1457.1,33.5
/srv/shared_leopard_toad/2024/09.02.2024/3R/101MEDIA/DSCF0776.JPG,DSCF0776.JPG,3R/101MEDIA,0,Other_Amphibian,0.3721,1370.0,-3.9,1465.0,37.4
/srv/shared_leopard_toad/2024/09.02.2024/3R/101MEDIA/DSCF0957.JPG,DSCF0957.JPG,3R/101MEDIA,0,Other_Amphibian,0.2861,1366.0,-3.9,1464.5,36.6
/srv/shared_leopard_toad/2024/09.02.2024/3R/101MEDIA/DSCF0766.JPG,DSCF0766.JPG,3R/101MEDIA,0,Other_Amphibian,0.2170,1362.8,-3.8,1456.5,34.4
/srv/shared_leopard_toad/2024/09.02.2024/3R/101MEDIA/DSCF0995.JPG,DSCF0995.JPG,3R/101MEDIA,0,Other_Amphibian,0.2983,1366.0,-3.7,1469.0,36.9
/srv/shared_leopard_toad/2024/09.02.2024/3R/101MEDIA/DSCF0159.JPG,DSCF0159.JPG,3R/101MEDIA,0,Other_Amphibian,0.6875,1621.5,2104.9,1704.0,2170.4
/srv/shared_leopard_toad/2024/09.02.2024/3R/101MEDIA/DSCF0897.JPG,DSCF0897.JPG,3R/101MEDIA,0,Other_Amphibian,0.3440,1362.1,-3.5,1463.9,35.9
/srv/shared_leopard_toad/2024/09.02.2024/3R/101MEDIA/DSCF0793.JPG,DSCF0793.JPG,3R/101MEDIA,0,Other_Amphibian,0.2124,1363.7,-3.2,1455.6,34.2
/srv/shared_leopard_toad/2024/09.02.2024/3R/101MEDIA/DSCF0879.JPG,DSCF0879.JPG,3R/101MEDIA,0,Other_Amphibian,0.2406,1362.4,-3.2,1454.6,34.1
/srv/shared_leopard_toad/2024/09.02.2024/3R/101MEDIA/DSCF0859.JPG,DSCF0859.JPG,3R/101MEDIA,0,Other_Amphibian,0.2585,1362.7,-3.5,1463.3,34.8
/srv/shared_leopard_toad/2024/09.02.2024/3R/101MEDIA/DSCF0919.JPG,DSCF0919.JPG,3R/101MEDIA,0,Other_Amphibian,0.2673,1362.4,-3.3,1456.8,34.0
/srv/shared_leopard_toad/2024/09.02.2024/3R/101MEDIA/DSCF0845.JPG,DSCF0845.JPG,3R/101MEDIA,0,Other_Amphibian,0.2230,1359.1,-3.6,1453.4,33.7
/srv/shared_leopard_toad/2024/09.02.2024/3R/101MEDIA/DSCF0847.JPG,DSCF0847.JPG,3R/101MEDIA,0,Other_Amphibian,0.2888,1363.2,-3.1,1460.5,34.7
/srv/shared_leopard_toad/2024/09.02.2024/3R/101MEDIA/DSCF0803.JPG,DSCF0803.JPG,3R/101MEDIA,0,Other_Amphibian,0.2401,1363.4,-3.1,1455.9,34.5
/srv/shared_leopard_toad/2024/09.02.2024/3R/101MEDIA/DSCF0819.JPG,DSCF0819.JPG,3R/101MEDIA,0,Other_Amphibian,0.3257,1363.1,-2.7,1462.9,35.9
/srv/shared_leopard_toad/2024/09.02.2024/3R/101MEDIA/DSCF0616.JPG,DSCF0616.JPG,3R/101MEDIA,0,Other_Amphibian,0.3735,1356.8,2335.6,1489.5,2445.9
/srv/shared_leopard_toad/2024/09.02.2024/3R/101MEDIA/DSCF0616.JPG,DSCF0616.JPG,3R/101MEDIA,0,Other_Amphibian,0.2290,1356.6,2336.7,1489.6,2447.4
/srv/shared_leopard_toad/2024/09.02.2024/3R/101MEDIA/DSCF0829.JPG,DSCF0829.JPG,3R/101MEDIA,0,Other_Amphibian,0.2534,1363.5,-3.4,1462.5,35.8
/srv/shared_leopard_toad/2024/09.02.2024/3R/101MEDIA/DSCF0821.JPG,DSCF0821.JPG,3R/101MEDIA,0,Other_Amphibian,0.2289,1360.5,-3.5,1463.2,35.0
/srv/shared_leopard_toad/2024/09.02.2024/3R/101MEDIA/DSCF0471.JPG,DSCF0471.JPG,3R/101MEDIA,0,Other_Amphibian,0.2156,1405.9,1746.8,1485.4,1812.2
/srv/shared_leopard_toad/2024/09.02.2024/3R/101MEDIA/DSCF0882.JPG,DSCF0882.JPG,3R/101MEDIA,0,Other_Amphibian,0.2812,1361.9,-3.4,1461.9,35.5
/srv/shared_leopard_toad/2024/09.02.2024/3R/101MEDIA/DSCF0809.JPG,DSCF0809.JPG,3R/101MEDIA,0,Other_Amphibian,0.2301,1361.7,-3.2,1459.8,35.4
/srv/shared_leopard_toad/2024/09.02.2024/3R/101MEDIA/DSCF0975.JPG,DSCF0975.JPG,3R/101MEDIA,0,Other_Amphibian,0.2455,1364.0,-3.6,1466.5,36.2
/srv/shared_leopard_toad/2024/09.02.2024/3R/101MEDIA/DSCF0975.JPG,DSCF0975.JPG,3R/101MEDIA,0,Other_Amphibian,0.2175,1325.1,1666.2,1415.4,1751.0
/srv/shared_leopard_toad/2024/09.02.2024/3R/101MEDIA/DSCF0796.JPG,DSCF0796.JPG,3R/101MEDIA,0,Other_Amphibian,0.2695,1361.7,-3.0,1457.5,35.3
/srv/shared_leopard_toad/2024/09.02.2024/3R/101MEDIA/DSCF0934.JPG,DSCF0934.JPG,3R/101MEDIA,0,Other_Amphibian,0.2859,1365.4,-3.7,1462.9,35.5
/srv/shared_leopard_toad/2024/09.02.2024/3R/101MEDIA/DSCF0951.JPG,DSCF0951.JPG,3R/101MEDIA,0,Other_Amphibian,0.3274,1370.0,-3.7,1469.5,36.6
/srv/shared_leopard_toad/2024/09.02.2024/3R/101MEDIA/DSCF0914.JPG,DSCF0914.JPG,3R/101MEDIA,0,Other_Amphibian,0.3018,1363.7,-3.2,1460.0,34.7
/srv/shared_leopard_toad/2024/09.02.2024/3R/101MEDIA/DSCF0920.JPG,DSCF0920.JPG,3R/101MEDIA,0,Other_Amphibian,0.2639,1365.1,-3.9,1460.9,35.4
/srv/shared_leopard_toad/2024/09.02.2024/3R/101MEDIA/DSCF0968.JPG,DSCF0968.JPG,3R/101MEDIA,0,Other_Amphibian,0.3118,1368.7,-3.8,1464.0,37.9
/srv/shared_leopard_toad/2024/09.02.2024/3R/101MEDIA/DSCF0948.JPG,DSCF0948.JPG,3R/101MEDIA,0,Other_Amphibian,0.2983,1362.5,-3.3,1463.5,36.1
/srv/shared_leopard_toad/2024/09.02.2024/3R/101MEDIA/DSCF0973.JPG,DSCF0973.JPG,3R/101MEDIA,0,Other_Amphibian,0.2534,1366.2,-4.0,1466.5,37.2
/srv/shared_leopard_toad/2024/09.02.2024/3R/101MEDIA/DSCF0973.JPG,DSCF0973.JPG,3R/101MEDIA,0,Other_Amphibian,0.2517,1328.7,1667.1,1418.6,1750.0
/srv/shared_leopard_toad/2024/09.02.2024/3R/101MEDIA/DSCF0984.JPG,DSCF0984.JPG,3R/101MEDIA,0,Other_Amphibian,0.2115,1363.4,-4.3,1460.4,35.3
/srv/shared_leopard_toad/2024/09.02.2024/3R/101MEDIA/DSCF0921.JPG,DSCF0921.JPG,3R/101MEDIA,0,Other_Amphibian,0.3264,1365.1,-2.6,1465.4,35.2
/srv/shared_leopard_toad/2024/09.02.2024/3R/101MEDIA/DSCF0010.JPG,DSCF0010.JPG,3R/101MEDIA,0,Other_Amphibian,0.3730,2290.6,614.9,2393.9,703.9
/srv/shared_leopard_toad/2024/09.02.2024/3R/101MEDIA/DSCF0835.JPG,DSCF0835.JPG,3R/101MEDIA,0,Other_Amphibian,0.2429,1361.5,-2.5,1457.8,33.1
/srv/shared_leopard_toad/2024/09.02.2024/3R/101MEDIA/DSCF0078.JPG,DSCF0078.JPG,3R/101MEDIA,0,Other_Amphibian,0.2886,2219.6,2065.0,2298.4,2144.4
/srv/shared_leopard_toad/2024/09.02.2024/3R/101MEDIA/DSCF0935.JPG,DSCF0935.JPG,3R/101MEDIA,0,Other_Amphibian,0.2756,1362.9,-3.9,1460.8,34.9
/srv/shared_leopard_toad/2024/09.02.2024/3R/101MEDIA/DSCF0631.JPG,DSCF0631.JPG,3R/101MEDIA,0,Other_Amphibian,0.6748,1952.1,1964.6,2034.9,2047.5
/srv/shared_leopard_toad/2024/09.02.2024/3R/101MEDIA/DSCF0746.JPG,DSCF0746.JPG,3R/101MEDIA,0,Other_Amphibian,0.2355,1365.9,-3.8,1457.8,34.5
/srv/shared_leopard_toad/2024/09.02.2024/3R/101MEDIA/DSCF0865.JPG,DSCF0865.JPG,3R/101MEDIA,0,Other_Amphibian,0.2522,1361.5,-2.9,1464.5,34.5
/srv/shared_leopard_toad/2024/09.02.2024/3R/101MEDIA/DSCF0808.JPG,DSCF0808.JPG,3R/101MEDIA,0,Other_Amphibian,0.2949,1365.5,-3.0,1462.7,34.7
/srv/shared_leopard_toad/2024/09.02.2024/3R/101MEDIA/DSCF0987.JPG,DSCF0987.JPG,3R/101MEDIA,0,Other_Amphibian,0.3030,1366.3,-3.8,1464.2,37.1
/srv/shared_leopard_toad/2024/09.02.2024/3R/101MEDIA/DSCF0800.JPG,DSCF0800.JPG,3R/101MEDIA,0,Other_Amphibian,0.2195,1362.1,-3.4,1457.2,34.1
/srv/shared_leopard_toad/2024/09.02.2024/3R/101MEDIA/DSCF0990.JPG,DSCF0990.JPG,3R/101MEDIA,0,Other_Amphibian,0.3040,1365.9,-3.6,1469.1,36.8
/srv/shared_leopard_toad/2024/09.02.2024/3R/101MEDIA/DSCF0789.JPG,DSCF0789.JPG,3R/101MEDIA,0,Other_Amphibian,0.2130,1364.9,-2.6,1456.6,33.7
/srv/shared_leopard_toad/2024/09.02.2024/3R/101MEDIA/DSCF0941.JPG,DSCF0941.JPG,3R/101MEDIA,0,Other_Amphibian,0.2854,1367.2,-3.8,1463.3,34.5
/srv/shared_leopard_toad/2024/09.02.2024/3R/101MEDIA/DSCF0109.JPG,DSCF0109.JPG,3R/101MEDIA,0,Other_Amphibian,0.2249,2287.7,621.0,2396.8,704.1
/srv/shared_leopard_toad/2024/09.02.2024/3R/101MEDIA/DSCF0843.JPG,DSCF0843.JPG,3R/101MEDIA,0,Other_Amphibian,0.2639,1360.1,-3.5,1454.7,36.3
/srv/shared_leopard_toad/2024/09.02.2024/3R/101MEDIA/DSCF0910.JPG,DSCF0910.JPG,3R/101MEDIA,0,Other_Amphibian,0.2749,1367.1,-3.0,1463.4,34.1
/srv/shared_leopard_toad/2024/09.02.2024/3R/101MEDIA/DSCF0855.JPG,DSCF0855.JPG,3R/101MEDIA,0,Other_Amphibian,0.2322,1364.3,-3.3,1459.4,34.7
/srv/shared_leopard_toad/2024/09.02.2024/3R/101MEDIA/DSCF0852.JPG,DSCF0852.JPG,3R/101MEDIA,0,Other_Amphibian,0.2612,1362.2,-3.1,1457.1,35.4
/srv/shared_leopard_toad/2024/09.02.2024/3R/101MEDIA/DSCF0318.JPG,DSCF0318.JPG,3R/101MEDIA,0,Other_Amphibian,0.3208,639.5,1754.2,706.0,1842.8
/srv/shared_leopard_toad/2024/09.02.2024/3R/101MEDIA/DSCF0939.JPG,DSCF0939.JPG,3R/101MEDIA,0,Other_Amphibian,0.2910,1365.6,-3.9,1467.1,36.4
/srv/shared_leopard_toad/2024/09.02.2024/3R/101MEDIA/DSCF0893.JPG,DSCF0893.JPG,3R/101MEDIA,0,Other_Amphibian,0.2310,1363.2,-3.4,1460.5,34.3
/srv/shared_leopard_toad/2024/09.02.2024/3R/101MEDIA/DSCF0860.JPG,DSCF0860.JPG,3R/101MEDIA,0,Other_Amphibian,0.2455,1363.4,-3.5,1462.6,34.4
/srv/shared_leopard_toad/2024/09.02.2024/3R/101MEDIA/DSCF0677.JPG,DSCF0677.JPG,3R/101MEDIA,0,Other_Amphibian,0.2316,1361.3,-3.0,1455.7,32.9
/srv/shared_leopard_toad/2024/09.02.2024/3R/101MEDIA/DSCF0884.JPG,DSCF0884.JPG,3R/101MEDIA,0,Other_Amphibian,0.2417,1360.6,-2.9,1458.7,33.2
/srv/shared_leopard_toad/2024/09.02.2024/3R/101MEDIA/DSCF0836.JPG,DSCF0836.JPG,3R/101MEDIA,0,Other_Amphibian,0.2130,1359.5,-2.9,1455.3,33.3
/srv/shared_leopard_toad/2024/09.02.2024/3R/101MEDIA/DSCF0744.JPG,DSCF0744.JPG,3R/101MEDIA,0,Other_Amphibian,0.2603,1367.2,-3.7,1461.1,35.5
/srv/shared_leopard_toad/2024/09.02.2024/3R/101MEDIA/DSCF0950.JPG,DSCF0950.JPG,3R/101MEDIA,0,Other_Amphibian,0.2397,1366.9,-3.6,1465.8,35.6
/srv/shared_leopard_toad/2024/09.02.2024/3R/101MEDIA/DSCF0992.JPG,DSCF0992.JPG,3R/101MEDIA,0,Other_Amphibian,0.2534,1366.3,-3.5,1466.5,37.2
/srv/shared_leopard_toad/2024/09.02.2024/3R/101MEDIA/DSCF0707.JPG,DSCF0707.JPG,3R/101MEDIA,0,Other_Amphibian,0.2467,1366.1,-3.2,1462.1,34.1
/srv/shared_leopard_toad/2024/09.02.2024/3R/106MEDIA/DSCF0868.JPG,DSCF0868.JPG,3R/106MEDIA,0,Other_Amphibian,0.2059,246.0,1776.5,360.9,1888.7
/srv/shared_leopard_toad/2024/09.02.2024/3R/106MEDIA/DSCF0870.JPG,DSCF0870.JPG,3R/106MEDIA,0,Other_Amphibian,0.2130,246.4,1783.8,351.5,1889.1
/srv/shared_leopard_toad/2024/09.02.2024/3R/106MEDIA/DSCF0057.JPG,DSCF0057.JPG,3R/106MEDIA,0,Other_Amphibian,0.3218,1442.1,1729.2,1539.1,1832.3
/srv/shared_leopard_toad/2024/09.02.2024/3R/106MEDIA/DSCF0945.JPG,DSCF0945.JPG,3R/106MEDIA,0,Other_Amphibian,0.3076,242.0,1778.0,349.7,1892.3
/srv/shared_leopard_toad/2024/09.02.2024/3R/106MEDIA/DSCF0063.JPG,DSCF0063.JPG,3R/106MEDIA,0,Other_Amphibian,0.3826,1444.0,1728.8,1537.3,1830.1
/srv/shared_leopard_toad/2024/09.02.2024/3R/106MEDIA/DSCF0885.JPG,DSCF0885.JPG,3R/106MEDIA,0,Other_Amphibian,0.2700,245.9,1782.2,354.3,1890.6
/srv/shared_leopard_toad/2024/09.02.2024/3R/106MEDIA/DSCF0058.JPG,DSCF0058.JPG,3R/106MEDIA,0,Other_Amphibian,0.2109,1440.9,1729.0,1538.1,1835.0
/srv/shared_leopard_toad/2024/09.02.2024/3R/106MEDIA/DSCF0904.JPG,DSCF0904.JPG,3R/106MEDIA,0,Other_Amphibian,0.2028,241.0,1768.8,363.7,1894.0
/srv/shared_leopard_toad/2024/09.02.2024/3R/106MEDIA/DSCF0238.JPG,DSCF0238.JPG,3R/106MEDIA,0,Other_Amphibian,0.2502,1446.1,1728.4,1544.2,1830.6
/srv/shared_leopard_toad/2024/09.02.2024/3R/106MEDIA/DSCF0886.JPG,DSCF0886.JPG,3R/106MEDIA,0,Other_Amphibian,0.3115,246.8,1781.3,355.6,1889.0
/srv/shared_leopard_toad/2024/09.02.2024/3R/106MEDIA/DSCF0048.JPG,DSCF0048.JPG,3R/106MEDIA,0,Other_Amphibian,0.2927,1438.1,1728.9,1536.4,1832.6
/srv/shared_leopard_toad/2024/09.02.2024/3R/106MEDIA/DSCF0046.JPG,DSCF0046.JPG,3R/106MEDIA,0,Other_Amphibian,0.2113,1441.8,1728.7,1539.5,1832.8
/srv/shared_leopard_toad/2024/09.02.2024/3R/106MEDIA/DSCF0028.JPG,DSCF0028.JPG,3R/106MEDIA,0,Other_Amphibian,0.2186,1445.1,1728.3,1542.9,1833.2
/srv/shared_leopard_toad/2024/09.02.2024/3R/106MEDIA/DSCF0879.JPG,DSCF0879.JPG,3R/106MEDIA,0,Other_Amphibian,0.2103,247.5,1780.1,357.2,1892.7
/srv/shared_leopard_toad/2024/09.02.2024/3R/106MEDIA/DSCF0069.JPG,DSCF0069.JPG,3R/106MEDIA,0,Other_Amphibian,0.4421,1447.0,1729.8,1543.3,1831.7
/srv/shared_leopard_toad/2024/09.02.2024/3R/106MEDIA/DSCF0062.JPG,DSCF0062.JPG,3R/106MEDIA,0,Other_Amphibian,0.2891,1446.4,1731.7,1541.6,1832.3
/srv/shared_leopard_toad/2024/09.02.2024/3R/106MEDIA/DSCF0197.JPG,DSCF0197.JPG,3R/106MEDIA,0,Other_Amphibian,0.2302,1447.7,1727.4,1542.5,1831.5
/srv/shared_leopard_toad/2024/09.02.2024/3R/106MEDIA/DSCF0884.JPG,DSCF0884.JPG,3R/106MEDIA,0,Other_Amphibian,0.2213,246.9,1775.0,354.4,1890.2
/srv/shared_leopard_toad/2024/09.02.2024/3R/106MEDIA/DSCF0236.JPG,DSCF0236.JPG,3R/106MEDIA,0,Other_Amphibian,0.2032,1445.5,1728.3,1542.5,1830.6
/srv/shared_leopard_toad/2024/09.02.2024/3R/109MEDIA/DSCF0273.JPG,DSCF0273.JPG,3R/109MEDIA,0,Other_Amphibian,0.3420,1380.1,1739.8,1454.9,1844.5
/srv/shared_leopard_toad/2024/09.02.2024/3R/109MEDIA/DSCF0712.JPG,DSCF0712.JPG,3R/109MEDIA,2,Western_Leopard_Toad,0.4131,2386.1,2361.4,2518.9,2448.0
/srv/shared_leopard_toad/2024/09.02.2024/3R/109MEDIA/DSCF0712.JPG,DSCF0712.JPG,3R/109MEDIA,2,Western_Leopard_Toad,0.2751,2385.7,2361.3,2519.3,2448.1
/srv/shared_leopard_toad/2024/09.02.2024/3R/109MEDIA/DSCF0067.JPG,DSCF0067.JPG,3R/109MEDIA,0,Other_Amphibian,0.5068,1379.7,1737.8,1455.3,1843.9
/srv/shared_leopard_toad/2024/09.02.2024/3R/109MEDIA/DSCF0487.JPG,DSCF0487.JPG,3R/109MEDIA,2,Western_Leopard_Toad,0.2966,2389.6,2367.0,2519.9,2447.4
/srv/shared_leopard_toad/2024/09.02.2024/3R/109MEDIA/DSCF0581.JPG,DSCF0581.JPG,3R/109MEDIA,2,Western_Leopard_Toad,0.2898,2386.4,2368.0,2518.6,2449.0
/srv/shared_leopard_toad/2024/09.02.2024/3R/109MEDIA/DSCF0672.JPG,DSCF0672.JPG,3R/109MEDIA,2,Western_Leopard_Toad,0.2559,2385.0,2366.4,2515.5,2448.0
/srv/shared_leopard_toad/2024/09.02.2024/3R/109MEDIA/DSCF0041.JPG,DSCF0041.JPG,3R/109MEDIA,0,Other_Amphibian,0.2081,1382.1,1739.4,1461.9,1847.3
/srv/shared_leopard_toad/2024/09.02.2024/3R/109MEDIA/DSCF0732.JPG,DSCF0732.JPG,3R/109MEDIA,2,Western_Leopard_Toad,0.2788,2388.8,2362.0,2516.2,2447.4
/srv/shared_leopard_toad/2024/09.02.2024/3R/109MEDIA/DSCF0528.JPG,DSCF0528.JPG,3R/109MEDIA,2,Western_Leopard_Toad,0.3394,2387.1,2370.9,2517.9,2448.6
/srv/shared_leopard_toad/2024/09.02.2024/3R/109MEDIA/DSCF0528.JPG,DSCF0528.JPG,3R/109MEDIA,2,Western_Leopard_Toad,0.2603,2387.2,2370.7,2517.8,2448.8
/srv/shared_leopard_toad/2024/09.02.2024/3R/109MEDIA/DSCF0722.JPG,DSCF0722.JPG,3R/109MEDIA,2,Western_Leopard_Toad,0.3735,2387.2,2361.2,2517.8,2448.2
/srv/shared_leopard_toad/2024/09.02.2024/3R/109MEDIA/DSCF0722.JPG,DSCF0722.JPG,3R/109MEDIA,2,Western_Leopard_Toad,0.2795,2387.1,2361.4,2517.9,2448.0
/srv/shared_leopard_toad/2024/09.02.2024/3R/109MEDIA/DSCF0315.JPG,DSCF0315.JPG,3R/109MEDIA,2,Western_Leopard_Toad,0.2761,2389.7,2367.3,2519.8,2447.1
/srv/shared_leopard_toad/2024/09.02.2024/3R/109MEDIA/DSCF0145.JPG,DSCF0145.JPG,3R/109MEDIA,0,Other_Amphibian,0.3235,1375.3,1737.4,1446.2,1844.3
/srv/shared_leopard_toad/2024/09.02.2024/3R/109MEDIA/DSCF0053.JPG,DSCF0053.JPG,3R/109MEDIA,0,Other_Amphibian,0.3059,1379.1,1738.7,1451.4,1843.0
/srv/shared_leopard_toad/2024/09.02.2024/3R/109MEDIA/DSCF0738.JPG,DSCF0738.JPG,3R/109MEDIA,2,Western_Leopard_Toad,0.3315,2386.1,2364.1,2518.9,2447.8
/srv/shared_leopard_toad/2024/09.02.2024/3R/109MEDIA/DSCF0739.JPG,DSCF0739.JPG,3R/109MEDIA,2,Western_Leopard_Toad,0.3174,2387.8,2361.5,2517.2,2447.9
/srv/shared_leopard_toad/2024/09.02.2024/3R/109MEDIA/DSCF0739.JPG,DSCF0739.JPG,3R/109MEDIA,2,Western_Leopard_Toad,0.3152,2387.4,2363.2,2517.6,2448.7
/srv/shared_leopard_toad/2024/09.02.2024/3R/109MEDIA/DSCF0097.JPG,DSCF0097.JPG,3R/109MEDIA,0,Other_Amphibian,0.2429,1378.7,1739.4,1454.0,1844.8
/srv/shared_leopard_toad/2024/09.02.2024/3R/109MEDIA/DSCF0499.JPG,DSCF0499.JPG,3R/109MEDIA,0,Other_Amphibian,0.2024,1378.8,1736.0,1447.2,1843.1
/srv/shared_leopard_toad/2024/09.02.2024/3R/109MEDIA/DSCF0750.JPG,DSCF0750.JPG,3R/109MEDIA,2,Western_Leopard_Toad,0.3550,2388.1,2364.6,2516.9,2447.3
/srv/shared_leopard_toad/2024/09.02.2024/3R/109MEDIA/DSCF0745.JPG,DSCF0745.JPG,3R/109MEDIA,2,Western_Leopard_Toad,0.2607,2387.6,2363.2,2517.4,2448.7
/srv/shared_leopard_toad/2024/09.02.2024/3R/109MEDIA/DSCF0049.JPG,DSCF0049.JPG,3R/109MEDIA,0,Other_Amphibian,0.2793,1378.4,1738.0,1458.8,1846.3
/srv/shared_leopard_toad/2024/09.02.2024/3R/109MEDIA/DSCF0074.JPG,DSCF0074.JPG,3R/109MEDIA,0,Other_Amphibian,0.2007,1377.8,1736.5,1459.4,1845.2
/srv/shared_leopard_toad/2024/09.02.2024/3R/109MEDIA/DSCF0091.JPG,DSCF0091.JPG,3R/109MEDIA,0,Other_Amphibian,0.2130,1379.5,1738.2,1457.8,1846.1
/srv/shared_leopard_toad/2024/09.02.2024/3R/109MEDIA/DSCF0031.JPG,DSCF0031.JPG,3R/109MEDIA,0,Other_Amphibian,0.2247,1379.4,1739.7,1460.1,1844.6
/srv/shared_leopard_toad/2024/09.02.2024/3R/109MEDIA/DSCF0500.JPG,DSCF0500.JPG,3R/109MEDIA,0,Other_Amphibian,0.3794,1378.9,1739.0,1458.4,1845.2
/srv/shared_leopard_toad/2024/09.02.2024/3R/109MEDIA/DSCF0748.JPG,DSCF0748.JPG,3R/109MEDIA,2,Western_Leopard_Toad,0.3091,2385.2,2363.8,2510.8,2448.1
/srv/shared_leopard_toad/2024/09.02.2024/3R/109MEDIA/DSCF0059.JPG,DSCF0059.JPG,3R/109MEDIA,0,Other_Amphibian,0.2217,1381.4,1739.7,1464.9,1844.6
/srv/shared_leopard_toad/2024/09.02.2024/3R/109MEDIA/DSCF0068.JPG,DSCF0068.JPG,3R/109MEDIA,0,Other_Amphibian,0.2534,1381.7,1739.6,1457.8,1847.2
/srv/shared_leopard_toad/2024/09.02.2024/3R/109MEDIA/DSCF0714.JPG,DSCF0714.JPG,3R/109MEDIA,2,Western_Leopard_Toad,0.2959,2387.8,2361.8,2517.2,2447.6
/srv/shared_leopard_toad/2024/09.02.2024/3R/109MEDIA/DSCF0747.JPG,DSCF0747.JPG,3R/109MEDIA,2,Western_Leopard_Toad,0.3013,2384.7,2361.9,2511.3,2447.5
/srv/shared_leopard_toad/2024/09.02.2024/3R/109MEDIA/DSCF0079.JPG,DSCF0079.JPG,3R/109MEDIA,0,Other_Amphibian,0.2004,1381.5,1738.1,1462.5,1846.2
/srv/shared_leopard_toad/2024/09.02.2024/3R/109MEDIA/DSCF0205.JPG,DSCF0205.JPG,3R/109MEDIA,0,Other_Amphibian,0.2634,1378.2,1736.9,1452.3,1844.8
/srv/shared_leopard_toad/2024/09.02.2024/3R/109MEDIA/DSCF0112.JPG,DSCF0112.JPG,3R/109MEDIA,0,Other_Amphibian,0.2664,1379.2,1738.0,1458.0,1843.7
/srv/shared_leopard_toad/2024/09.02.2024/3R/109MEDIA/DSCF0711.JPG,DSCF0711.JPG,3R/109MEDIA,2,Western_Leopard_Toad,0.3865,2386.9,2363.5,2518.1,2448.4
/srv/shared_leopard_toad/2024/09.02.2024/3R/109MEDIA/DSCF0710.JPG,DSCF0710.JPG,3R/109MEDIA,2,Western_Leopard_Toad,0.3201,2386.6,2361.4,2513.9,2448.0
/srv/shared_leopard_toad/2024/09.02.2024/3R/109MEDIA/DSCF0710.JPG,DSCF0710.JPG,3R/109MEDIA,2,Western_Leopard_Toad,0.2769,2386.8,2361.6,2513.7,2447.8
/srv/shared_leopard_toad/2024/09.02.2024/3R/109MEDIA/DSCF0022.JPG,DSCF0022.JPG,3R/109MEDIA,0,Other_Amphibian,0.2720,1380.8,1739.7,1451.9,1844.6
/srv/shared_leopard_toad/2024/09.02.2024/3R/109MEDIA/DSCF0043.JPG,DSCF0043.JPG,3R/109MEDIA,0,Other_Amphibian,0.2263,1379.4,1740.1,1451.1,1844.2
/srv/shared_leopard_toad/2024/09.02.2024/3R/109MEDIA/DSCF0275.JPG,DSCF0275.JPG,3R/109MEDIA,0,Other_Amphibian,0.2688,1380.0,1737.5,1452.7,1844.2
/srv/shared_leopard_toad/2024/09.02.2024/3R/109MEDIA/DSCF0530.JPG,DSCF0530.JPG,3R/109MEDIA,2,Western_Leopard_Toad,0.3481,2386.4,2369.5,2523.1,2447.4
/srv/shared_leopard_toad/2024/09.02.2024/3R/109MEDIA/DSCF0530.JPG,DSCF0530.JPG,3R/109MEDIA,2,Western_Leopard_Toad,0.3059,2386.2,2369.3,2523.3,2447.6
/srv/shared_leopard_toad/2024/09.02.2024/3R/109MEDIA/DSCF0743.JPG,DSCF0743.JPG,3R/109MEDIA,2,Western_Leopard_Toad,0.2683,2385.8,2361.3,2514.7,2448.1
/srv/shared_leopard_toad/2024/09.02.2024/3R/109MEDIA/DSCF0071.JPG,DSCF0071.JPG,3R/109MEDIA,0,Other_Amphibian,0.2137,1380.1,1736.8,1448.2,1844.9
/srv/shared_leopard_toad/2024/09.02.2024/3R/109MEDIA/DSCF0021.JPG,DSCF0021.JPG,3R/109MEDIA,0,Other_Amphibian,0.2498,1377.5,1739.4,1459.8,1847.3
/srv/shared_leopard_toad/2024/09.02.2024/3R/109MEDIA/DSCF0733.JPG,DSCF0733.JPG,3R/109MEDIA,2,Western_Leopard_Toad,0.3232,2387.8,2361.9,2517.2,2447.5
/srv/shared_leopard_toad/2024/09.02.2024/3R/109MEDIA/DSCF0719.JPG,DSCF0719.JPG,3R/109MEDIA,2,Western_Leopard_Toad,0.2693,2384.9,2361.4,2515.6,2448.0
/srv/shared_leopard_toad/2024/09.02.2024/3R/109MEDIA/DSCF0719.JPG,DSCF0719.JPG,3R/109MEDIA,2,Western_Leopard_Toad,0.2622,2384.9,2361.3,2515.6,2448.1
/srv/shared_leopard_toad/2024/09.02.2024/3R/109MEDIA/DSCF0002.JPG,DSCF0002.JPG,3R/109MEDIA,0,Other_Amphibian,0.2334,1377.2,1738.0,1453.3,1843.7
/srv/shared_leopard_toad/2024/09.02.2024/3R/109MEDIA/DSCF0115.JPG,DSCF0115.JPG,3R/109MEDIA,0,Other_Amphibian,0.2910,1379.0,1738.8,1458.2,1845.4
/srv/shared_leopard_toad/2024/09.02.2024/3R/109MEDIA/DSCF0129.JPG,DSCF0129.JPG,3R/109MEDIA,0,Other_Amphibian,0.2063,1377.6,1735.8,1455.2,1845.9
/srv/shared_leopard_toad/2024/09.02.2024/3R/109MEDIA/DSCF0062.JPG,DSCF0062.JPG,3R/109MEDIA,0,Other_Amphibian,0.2383,1379.3,1740.7,1451.2,1843.6
/srv/shared_leopard_toad/2024/09.02.2024/3R/109MEDIA/DSCF0070.JPG,DSCF0070.JPG,3R/109MEDIA,0,Other_Amphibian,0.2007,1376.5,1736.4,1456.2,1842.8
/srv/shared_leopard_toad/2024/09.02.2024/3R/109MEDIA/DSCF0529.JPG,DSCF0529.JPG,3R/109MEDIA,2,Western_Leopard_Toad,0.2568,2391.6,2369.2,2522.4,2447.7
/srv/shared_leopard_toad/2024/09.02.2024/3R/109MEDIA/DSCF0631.JPG,DSCF0631.JPG,3R/109MEDIA,2,Western_Leopard_Toad,0.3176,2386.1,2366.6,2518.9,2447.8
/srv/shared_leopard_toad/2024/09.02.2024/3R/109MEDIA/DSCF0055.JPG,DSCF0055.JPG,3R/109MEDIA,0,Other_Amphibian,0.3635,1378.2,1738.1,1454.6,1846.2
/srv/shared_leopard_toad/2024/09.02.2024/3R/109MEDIA/DSCF0746.JPG,DSCF0746.JPG,3R/109MEDIA,2,Western_Leopard_Toad,0.2751,2387.4,2363.7,2517.6,2448.2
/srv/shared_leopard_toad/2024/09.02.2024/3R/109MEDIA/DSCF0746.JPG,DSCF0746.JPG,3R/109MEDIA,2,Western_Leopard_Toad,0.2537,2388.1,2363.8,2516.9,2448.1
/srv/shared_leopard_toad/2024/09.02.2024/3R/109MEDIA/DSCF0082.JPG,DSCF0082.JPG,3R/109MEDIA,0,Other_Amphibian,0.2798,1382.9,1740.3,1461.1,1844.0
/srv/shared_leopard_toad/2024/09.02.2024/3R/109MEDIA/DSCF0688.JPG,DSCF0688.JPG,3R/109MEDIA,2,Western_Leopard_Toad,0.4487,2387.7,2368.3,2517.3,2448.7
/srv/shared_leopard_toad/2024/09.02.2024/3R/109MEDIA/DSCF0340.JPG,DSCF0340.JPG,3R/109MEDIA,0,Other_Amphibian,0.2227,1373.4,1734.9,1459.3,1844.3
/srv/shared_leopard_toad/2024/09.02.2024/3R/109MEDIA/DSCF0328.JPG,DSCF0328.JPG,3R/109MEDIA,0,Other_Amphibian,0.2517,1380.9,1736.6,1463.1,1845.1
/srv/shared_leopard_toad/2024/09.02.2024/3R/109MEDIA/DSCF0744.JPG,DSCF0744.JPG,3R/109MEDIA,2,Western_Leopard_Toad,0.3811,2389.7,2361.7,2515.3,2447.6
/srv/shared_leopard_toad/2024/09.02.2024/3R/109MEDIA/DSCF0744.JPG,DSCF0744.JPG,3R/109MEDIA,2,Western_Leopard_Toad,0.3201,2388.8,2361.1,2516.2,2448.2
/srv/shared_leopard_toad/2024/09.02.2024/3R/100MEDIA/DSCF0993.JPG,DSCF0993.JPG,3R/100MEDIA,0,Other_Amphibian,0.3052,2293.8,624.8,2395.2,702.8
/srv/shared_leopard_toad/2024/09.02.2024/3R/100MEDIA/DSCF0279.JPG,DSCF0279.JPG,3R/100MEDIA,0,Other_Amphibian,0.2134,3283.6,689.1,3371.9,767.6
/srv/shared_leopard_toad/2024/09.02.2024/3R/100MEDIA/DSCF0416.JPG,DSCF0416.JPG,3R/100MEDIA,0,Other_Amphibian,0.2993,2288.1,616.6,2391.9,704.8
/srv/shared_leopard_toad/2024/09.02.2024/3R/100MEDIA/DSCF0416.JPG,DSCF0416.JPG,3R/100MEDIA,0,Other_Amphibian,0.2089,2287.9,615.4,2392.1,703.3
/srv/shared_leopard_toad/2024/09.02.2024/3R/100MEDIA/DSCF0933.JPG,DSCF0933.JPG,3R/100MEDIA,0,Other_Amphibian,0.6621,2268.5,613.4,2393.5,700.3
/srv/shared_leopard_toad/2024/09.02.2024/3R/100MEDIA/DSCF0417.JPG,DSCF0417.JPG,3R/100MEDIA,0,Other_Amphibian,0.4915,2283.0,613.8,2392.5,705.0
/srv/shared_leopard_toad/2024/09.02.2024/3R/100MEDIA/DSCF0141.JPG,DSCF0141.JPG,3R/100MEDIA,0,Other_Amphibian,0.3545,2241.5,2198.8,2344.0,2291.7
/srv/shared_leopard_toad/2024/09.02.2024/3R/100MEDIA/DSCF0282.JPG,DSCF0282.JPG,3R/100MEDIA,0,Other_Amphibian,0.2114,1459.2,2062.8,1603.0,2209.9
/srv/shared_leopard_toad/2024/09.02.2024/3R/100MEDIA/DSCF0980.JPG,DSCF0980.JPG,3R/100MEDIA,0,Other_Amphibian,0.2399,2271.9,627.4,2394.6,706.6
/srv/shared_leopard_toad/2024/09.02.2024/3R/100MEDIA/DSCF0336.JPG,DSCF0336.JPG,3R/100MEDIA,0,Other_Amphibian,0.7549,1949.6,1905.2,2050.9,2023.3
/srv/shared_leopard_toad/2024/09.02.2024/3R/100MEDIA/DSCF0795.JPG,DSCF0795.JPG,3R/100MEDIA,0,Other_Amphibian,0.2202,1483.9,2098.5,1553.6,2186.9
/srv/shared_leopard_toad/2024/09.02.2024/3R/100MEDIA/DSCF0986.JPG,DSCF0986.JPG,3R/100MEDIA,0,Other_Amphibian,0.3030,2286.7,624.2,2393.3,706.0
/srv/shared_leopard_toad/2024/09.02.2024/3R/100MEDIA/DSCF0981.JPG,DSCF0981.JPG,3R/100MEDIA,0,Other_Amphibian,0.3809,2286.9,625.8,2393.1,704.4
/srv/shared_leopard_toad/2024/09.02.2024/3R/100MEDIA/DSCF0981.JPG,DSCF0981.JPG,3R/100MEDIA,0,Other_Amphibian,0.2856,2286.8,626.2,2393.2,703.9
/srv/shared_leopard_toad/2024/09.02.2024/3R/100MEDIA/DSCF0912.JPG,DSCF0912.JPG,3R/100MEDIA,2,Western_Leopard_Toad,0.3843,2311.8,2288.3,2417.7,2440.1
/srv/shared_leopard_toad/2024/09.02.2024/3R/100MEDIA/DSCF0394.JPG,DSCF0394.JPG,3R/100MEDIA,0,Other_Amphibian,0.2681,2289.4,610.4,2395.1,707.1
/srv/shared_leopard_toad/2024/09.02.2024/3R/100MEDIA/DSCF0559.JPG,DSCF0559.JPG,3R/100MEDIA,0,Other_Amphibian,0.3152,1837.0,2199.0,1934.0,2301.5
/srv/shared_leopard_toad/2024/09.02.2024/3R/100MEDIA/DSCF0994.JPG,DSCF0994.JPG,3R/100MEDIA,0,Other_Amphibian,0.3345,2299.5,627.5,2394.0,703.9
/srv/shared_leopard_toad/2024/09.02.2024/3R/100MEDIA/DSCF0670.JPG,DSCF0670.JPG,3R/100MEDIA,0,Other_Amphibian,0.2362,1167.1,2330.3,1251.6,2423.4
/srv/shared_leopard_toad/2024/09.02.2024/3R/100MEDIA/DSCF0411.JPG,DSCF0411.JPG,3R/100MEDIA,0,Other_Amphibian,0.2023,2112.3,2206.4,2221.2,2324.6
/srv/shared_leopard_toad/2024/09.02.2024/3R/100MEDIA/DSCF0982.JPG,DSCF0982.JPG,3R/100MEDIA,0,Other_Amphibian,0.2722,2294.4,627.0,2394.6,701.9
/srv/shared_leopard_toad/2024/09.02.2024/3R/100MEDIA/DSCF0982.JPG,DSCF0982.JPG,3R/100MEDIA,0,Other_Amphibian,0.2208,2295.4,627.7,2393.6,701.2
/srv/shared_leopard_toad/2024/09.02.2024/3R/100MEDIA/DSCF0402.JPG,DSCF0402.JPG,3R/100MEDIA,0,Other_Amphibian,0.2971,2274.4,615.1,2396.6,713.9
/srv/shared_leopard_toad/2024/09.02.2024/3R/100MEDIA/DSCF0184.JPG,DSCF0184.JPG,3R/100MEDIA,0,Other_Amphibian,0.4119,2594.7,1559.0,2688.3,1665.8
/srv/shared_leopard_toad/2024/09.02.2024/3R/100MEDIA/DSCF0184.JPG,DSCF0184.JPG,3R/100MEDIA,0,Other_Amphibian,0.3684,2594.8,1559.6,2688.2,1665.2
/srv/shared_leopard_toad/2024/09.02.2024/3R/100MEDIA/DSCF0433.JPG,DSCF0433.JPG,3R/100MEDIA,0,Other_Amphibian,0.3821,1602.8,2186.2,1695.7,2342.2
/srv/shared_leopard_toad/2024/09.02.2024/3R/100MEDIA/DSCF0419.JPG,DSCF0419.JPG,3R/100MEDIA,0,Other_Amphibian,0.6777,2255.2,611.3,2388.8,707.5
/srv/shared_leopard_toad/2024/09.02.2024/3R/100MEDIA/DSCF0125.JPG,DSCF0125.JPG,3R/100MEDIA,0,Other_Amphibian,0.4150,2000.1,2002.5,2076.9,2085.5
/srv/shared_leopard_toad/2024/09.02.2024/3R/100MEDIA/DSCF0988.JPG,DSCF0988.JPG,3R/100MEDIA,0,Other_Amphibian,0.2137,2287.3,622.9,2392.7,704.7
/srv/shared_leopard_toad/2024/09.02.2024/3R/100MEDIA/DSCF0412.JPG,DSCF0412.JPG,3R/100MEDIA,0,Other_Amphibian,0.2666,2297.5,612.2,2396.0,704.0
/srv/shared_leopard_toad/2024/09.02.2024/3R/100MEDIA/DSCF0729.JPG,DSCF0729.JPG,3R/100MEDIA,0,Other_Amphibian,0.3855,1939.5,1906.0,2029.5,2017.5
/srv/shared_leopard_toad/2024/09.02.2024/3R/100MEDIA/DSCF0502.JPG,DSCF0502.JPG,3R/100MEDIA,0,Other_Amphibian,0.8330,1937.2,1893.2,2029.5,1997.3
/srv/shared_leopard_toad/2024/09.02.2024/3R/100MEDIA/DSCF0930.JPG,DSCF0930.JPG,3R/100MEDIA,0,Other_Amphibian,0.8643,2266.8,611.9,2395.2,706.9
/srv/shared_leopard_toad/2024/09.02.2024/3R/100MEDIA/DSCF0931.JPG,DSCF0931.JPG,3R/100MEDIA,0,Other_Amphibian,0.8750,2266.6,610.0,2395.4,703.7
/srv/shared_leopard_toad/2024/09.02.2024/3R/100MEDIA/DSCF0448.JPG,DSCF0448.JPG,3R/100MEDIA,0,Other_Amphibian,0.3530,2301.3,625.3,2392.2,702.4
/srv/shared_leopard_toad/2024/09.02.2024/3R/100MEDIA/DSCF0449.JPG,DSCF0449.JPG,3R/100MEDIA,0,Other_Amphibian,0.2035,2294.9,629.3,2389.6,708.5
/srv/shared_leopard_toad/2024/09.02.2024/3R/100MEDIA/DSCF0072.JPG,DSCF0072.JPG,3R/100MEDIA,0,Other_Amphibian,0.3025,1928.6,1895.0,2022.4,2061.4
/srv/shared_leopard_toad/2024/09.02.2024/3R/100MEDIA/DSCF0134.JPG,DSCF0134.JPG,3R/100MEDIA,0,Other_Amphibian,0.6562,1909.4,2070.4,2005.6,2172.0
/srv/shared_leopard_toad/2024/09.02.2024/3R/100MEDIA/DSCF0023.JPG,DSCF0023.JPG,3R/100MEDIA,0,Other_Amphibian,0.2756,2291.0,2016.7,2371.0,2116.8
/srv/shared_leopard_toad/2024/09.02.2024/3R/100MEDIA/DSCF0474.JPG,DSCF0474.JPG,3R/100MEDIA,0,Other_Amphibian,0.3032,1487.3,2107.6,1561.5,2193.0
/srv/shared_leopard_toad/2024/09.02.2024/3R/100MEDIA/DSCF0601.JPG,DSCF0601.JPG,3R/100MEDIA,2,Western_Leopard_Toad,0.4841,1363.1,1875.7,1471.9,2025.0
/srv/shared_leopard_toad/2024/09.02.2024/3R/100MEDIA/DSCF0601.JPG,DSCF0601.JPG,3R/100MEDIA,0,Other_Amphibian,0.2534,1363.1,1875.7,1471.9,2025.0
/srv/shared_leopard_toad/2024/09.02.2024/3R/100MEDIA/DSCF0095.JPG,DSCF0095.JPG,3R/100MEDIA,0,Other_Amphibian,0.4902,758.5,2116.9,850.3,2196.3
/srv/shared_leopard_toad/2024/09.02.2024/3R/100MEDIA/DSCF0095.JPG,DSCF0095.JPG,3R/100MEDIA,0,Other_Amphibian,0.4075,758.6,2116.9,850.1,2196.3
/srv/shared_leopard_toad/2024/09.02.2024/3R/100MEDIA/DSCF0196.JPG,DSCF0196.JPG,3R/100MEDIA,2,Western_Leopard_Toad,0.3018,2135.2,2341.1,2243.3,2445.5
/srv/shared_leopard_toad/2024/09.02.2024/3R/100MEDIA/DSCF0666.JPG,DSCF0666.JPG,3R/100MEDIA,0,Other_Amphibian,0.2878,2178.2,1980.8,2267.8,2122.3
/srv/shared_leopard_toad/2024/09.02.2024/3R/100MEDIA/DSCF0414.JPG,DSCF0414.JPG,3R/100MEDIA,0,Other_Amphibian,0.5039,2275.6,608.5,2395.4,709.0
/srv/shared_leopard_toad/2024/09.02.2024/3R/100MEDIA/DSCF0414.JPG,DSCF0414.JPG,3R/100MEDIA,0,Other_Amphibian,0.2815,2275.6,609.4,2395.4,708.2
/srv/shared_leopard_toad/2024/09.02.2024/3R/100MEDIA/DSCF0885.JPG,DSCF0885.JPG,3R/100MEDIA,0,Other_Amphibian,0.2323,1861.9,1388.3,1951.9,1507.4
/srv/shared_leopard_toad/2024/09.02.2024/3R/100MEDIA/DSCF0418.JPG,DSCF0418.JPG,3R/100MEDIA,0,Other_Amphibian,0.5620,2254.3,609.3,2389.7,708.2
/srv/shared_leopard_toad/2024/09.02.2024/3R/100MEDIA/DSCF0211.JPG,DSCF0211.JPG,3R/100MEDIA,0,Other_Amphibian,0.5220,2272.2,618.6,2394.3,710.3
/srv/shared_leopard_toad/2024/09.02.2024/3R/100MEDIA/DSCF0091.JPG,DSCF0091.JPG,3R/100MEDIA,0,Other_Amphibian,0.3516,1940.3,1888.5,2042.2,2075.4
/srv/shared_leopard_toad/2024/09.02.2024/3R/100MEDIA/DSCF0091.JPG,DSCF0091.JPG,3R/100MEDIA,0,Other_Amphibian,0.2007,1949.1,1957.6,2042.4,2074.7
/srv/shared_leopard_toad/2024/09.02.2024/3R/100MEDIA/DSCF0991.JPG,DSCF0991.JPG,3R/100MEDIA,0,Other_Amphibian,0.3479,2293.2,623.3,2395.8,703.1
/srv/shared_leopard_toad/2024/09.02.2024/3R/100MEDIA/DSCF0031.JPG,DSCF0031.JPG,3R/100MEDIA,0,Other_Amphibian,0.6665,2172.7,2011.6,2248.6,2124.4
/srv/shared_leopard_toad/2024/09.02.2024/3R/100MEDIA/DSCF0985.JPG,DSCF0985.JPG,3R/100MEDIA,0,Other_Amphibian,0.2800,2286.5,624.3,2393.5,704.6
/srv/shared_leopard_toad/2024/09.02.2024/3R/100MEDIA/DSCF0195.JPG,DSCF0195.JPG,3R/100MEDIA,2,Western_Leopard_Toad,0.6655,2135.3,2341.3,2245.5,2445.3
/srv/shared_leopard_toad/2024/09.02.2024/3R/100MEDIA/DSCF0059.JPG,DSCF0059.JPG,3R/100MEDIA,0,Other_Amphibian,0.2115,2428.6,2093.2,2521.4,2164.4
/srv/shared_leopard_toad/2024/09.02.2024/3R/100MEDIA/DSCF0625.JPG,DSCF0625.JPG,3R/100MEDIA,2,Western_Leopard_Toad,0.4189,2243.6,2368.9,2337.4,2448.1
/srv/shared_leopard_toad/2024/09.02.2024/3R/100MEDIA/DSCF0727.JPG,DSCF0727.JPG,3R/100MEDIA,0,Other_Amphibian,0.8428,1938.7,1904.0,2032.6,2014.4
/srv/shared_leopard_toad/2024/09.02.2024/3R/100MEDIA/DSCF0760.JPG,DSCF0760.JPG,3R/100MEDIA,0,Other_Amphibian,0.2168,2413.7,2072.3,2473.3,2134.6
/srv/shared_leopard_toad/2024/09.02.2024/3R/100MEDIA/DSCF0209.JPG,DSCF0209.JPG,3R/100MEDIA,0,Other_Amphibian,0.5898,2277.5,612.1,2398.0,709.2
/srv/shared_leopard_toad/2024/09.02.2024/3R/100MEDIA/DSCF0918.JPG,DSCF0918.JPG,3R/100MEDIA,0,Other_Amphibian,0.3560,2302.8,615.0,2395.2,698.7
/srv/shared_leopard_toad/2024/09.02.2024/3R/100MEDIA/DSCF0918.JPG,DSCF0918.JPG,3R/100MEDIA,0,Other_Amphibian,0.3401,2304.2,615.3,2393.8,698.5
/srv/shared_leopard_toad/2024/09.02.2024/3R/100MEDIA/DSCF0319.JPG,DSCF0319.JPG,3R/100MEDIA,0,Other_Amphibian,0.2542,2262.2,2229.7,2377.3,2301.2
/srv/shared_leopard_toad/2024/09.02.2024/3R/100MEDIA/DSCF0323.JPG,DSCF0323.JPG,3R/100MEDIA,0,Other_Amphibian,0.4241,1326.6,2102.8,1434.1,2230.7
/srv/shared_leopard_toad/2024/09.02.2024/3R/100MEDIA/DSCF0323.JPG,DSCF0323.JPG,3R/100MEDIA,2,Western_Leopard_Toad,0.3457,1326.6,2102.8,1434.1,2230.7
/srv/shared_leopard_toad/2024/09.02.2024/3R/100MEDIA/DSCF0996.JPG,DSCF0996.JPG,3R/100MEDIA,0,Other_Amphibian,0.3179,2299.5,625.4,2394.0,703.5
/srv/shared_leopard_toad/2024/09.02.2024/3R/100MEDIA/DSCF0229.JPG,DSCF0229.JPG,3R/100MEDIA,0,Other_Amphibian,0.4141,2266.0,621.6,2396.0,716.2
/srv/shared_leopard_toad/2024/09.02.2024/3R/100MEDIA/DSCF0563.JPG,DSCF0563.JPG,3R/100MEDIA,2,Western_Leopard_Toad,0.3992,1373.4,2112.9,1493.1,2202.9
/srv/shared_leopard_toad/2024/09.02.2024/3R/100MEDIA/DSCF0563.JPG,DSCF0563.JPG,3R/100MEDIA,0,Other_Amphibian,0.3767,1373.4,2112.9,1493.1,2202.9
/srv/shared_leopard_toad/2024/09.02.2024/3R/100MEDIA/DSCF0470.JPG,DSCF0470.JPG,3R/100MEDIA,0,Other_Amphibian,0.3938,1950.1,1290.2,2045.9,1382.8
/srv/shared_leopard_toad/2024/09.02.2024/3R/100MEDIA/DSCF0710.JPG,DSCF0710.JPG,3R/100MEDIA,0,Other_Amphibian,0.2123,2096.1,1604.5,2190.2,1706.3
/srv/shared_leopard_toad/2024/09.02.2024/3R/100MEDIA/DSCF0406.JPG,DSCF0406.JPG,3R/100MEDIA,0,Other_Amphibian,0.3271,2010.9,1924.3,2129.1,2057.4
/srv/shared_leopard_toad/2024/09.02.2024/3R/100MEDIA/DSCF0395.JPG,DSCF0395.JPG,3R/100MEDIA,2,Western_Leopard_Toad,0.4407,2121.3,2344.9,2194.2,2444.2
/srv/shared_leopard_toad/2024/09.02.2024/3R/100MEDIA/DSCF0999.JPG,DSCF0999.JPG,3R/100MEDIA,0,Other_Amphibian,0.4219,2305.1,625.3,2392.9,701.0
/srv/shared_leopard_toad/2024/09.02.2024/3R/100MEDIA/DSCF0999.JPG,DSCF0999.JPG,3R/100MEDIA,0,Other_Amphibian,0.3347,2301.8,624.0,2391.8,701.1
/srv/shared_leopard_toad/2024/09.02.2024/3R/100MEDIA/DSCF0726.JPG,DSCF0726.JPG,3R/100MEDIA,0,Other_Amphibian,0.8110,1939.3,1903.1,2036.5,2015.3
/srv/shared_leopard_toad/2024/09.02.2024/3R/100MEDIA/DSCF0375.JPG,DSCF0375.JPG,3R/100MEDIA,2,Western_Leopard_Toad,0.5576,2248.8,2349.4,2341.2,2447.3
/srv/shared_leopard_toad/2024/09.02.2024/3R/100MEDIA/DSCF0043.JPG,DSCF0043.JPG,3R/100MEDIA,0,Other_Amphibian,0.2125,1118.8,1548.5,1203.2,1653.5
/srv/shared_leopard_toad/2024/09.02.2024/3R/100MEDIA/DSCF0457.JPG,DSCF0457.JPG,3R/100MEDIA,0,Other_Amphibian,0.2383,1779.8,2121.5,1847.2,2209.4
/srv/shared_leopard_toad/2024/09.02.2024/3R/100MEDIA/DSCF0456.JPG,DSCF0456.JPG,3R/100MEDIA,0,Other_Amphibian,0.3782,823.9,1054.5,982.8,1241.3
/srv/shared_leopard_toad/2024/09.02.2024/3R/100MEDIA/DSCF0355.JPG,DSCF0355.JPG,3R/100MEDIA,0,Other_Amphibian,0.4353,2241.8,2311.7,2330.2,2406.5
/srv/shared_leopard_toad/2024/09.02.2024/3R/100MEDIA/DSCF0083.JPG,DSCF0083.JPG,3R/100MEDIA,0,Other_Amphibian,0.2742,2254.5,906.8,2340.0,1003.0
/srv/shared_leopard_toad/2024/09.02.2024/3R/100MEDIA/DSCF0715.JPG,DSCF0715.JPG,3R/100MEDIA,0,Other_Amphibian,0.3176,2202.5,2153.7,2311.0,2255.7
/srv/shared_leopard_toad/2024/09.02.2024/3R/100MEDIA/DSCF0715.JPG,DSCF0715.JPG,3R/100MEDIA,0,Other_Amphibian,0.2903,2201.8,2153.2,2309.5,2253.7
/srv/shared_leopard_toad/2024/09.02.2024/3R/100MEDIA/DSCF0330.JPG,DSCF0330.JPG,3R/100MEDIA,0,Other_Amphibian,0.2852,1394.1,2122.0,1490.4,2247.0
/srv/shared_leopard_toad/2024/09.02.2024/3R/100MEDIA/DSCF0427.JPG,DSCF0427.JPG,3R/100MEDIA,0,Other_Amphibian,0.7402,2612.3,1498.1,2729.2,1630.5
/srv/shared_leopard_toad/2024/09.02.2024/3R/100MEDIA/DSCF0427.JPG,DSCF0427.JPG,3R/100MEDIA,2,Western_Leopard_Toad,0.4949,2612.3,1498.1,2729.2,1630.5
/srv/shared_leopard_toad/2024/09.02.2024/3R/100MEDIA/DSCF0427.JPG,DSCF0427.JPG,3R/100MEDIA,0,Other_Amphibian,0.2278,1617.9,2103.9,1712.1,2232.2
/srv/shared_leopard_toad/2024/09.02.2024/3R/100MEDIA/DSCF0969.JPG,DSCF0969.JPG,3R/100MEDIA,0,Other_Amphibian,0.2394,2306.6,626.3,2395.9,702.6
/srv/shared_leopard_toad/2024/09.02.2024/3R/100MEDIA/DSCF0932.JPG,DSCF0932.JPG,3R/100MEDIA,0,Other_Amphibian,0.8569,2267.1,606.1,2394.9,705.1
/srv/shared_leopard_toad/2024/09.02.2024/3R/100MEDIA/DSCF0212.JPG,DSCF0212.JPG,3R/100MEDIA,0,Other_Amphibian,0.2280,2272.2,620.5,2394.3,710.9
/srv/shared_leopard_toad/2024/09.02.2024/3R/100MEDIA/DSCF0438.JPG,DSCF0438.JPG,3R/100MEDIA,0,Other_Amphibian,0.2260,2279.1,624.3,2391.9,708.4
/srv/shared_leopard_toad/2024/09.02.2024/3R/100MEDIA/DSCF0066.JPG,DSCF0066.JPG,3R/100MEDIA,0,Other_Amphibian,0.5034,1104.2,2224.9,1181.8,2306.0
/srv/shared_leopard_toad/2024/09.02.2024/3R/100MEDIA/DSCF0257.JPG,DSCF0257.JPG,3R/100MEDIA,0,Other_Amphibian,0.6963,2268.4,603.1,2398.1,710.6
/srv/shared_leopard_toad/2024/09.02.2024/3R/100MEDIA/DSCF0797.JPG,DSCF0797.JPG,3R/100MEDIA,0,Other_Amphibian,0.3027,1461.5,2117.1,1549.0,2196.2
/srv/shared_leopard_toad/2024/09.02.2024/3R/100MEDIA/DSCF0665.JPG,DSCF0665.JPG,3R/100MEDIA,0,Other_Amphibian,0.3503,2174.0,1978.5,2267.5,2127.2
/srv/shared_leopard_toad/2024/09.02.2024/3R/100MEDIA/DSCF0496.JPG,DSCF0496.JPG,3R/100MEDIA,0,Other_Amphibian,0.2791,1936.6,2042.7,2018.9,2138.9
/srv/shared_leopard_toad/2024/09.02.2024/3R/100MEDIA/DSCF0995.JPG,DSCF0995.JPG,3R/100MEDIA,0,Other_Amphibian,0.4702,1893.8,2015.2,1994.2,2181.6
/srv/shared_leopard_toad/2024/09.02.2024/3R/100MEDIA/DSCF0159.JPG,DSCF0159.JPG,3R/100MEDIA,0,Other_Amphibian,0.3765,1607.9,1187.4,1701.8,1318.5
/srv/shared_leopard_toad/2024/09.02.2024/3R/100MEDIA/DSCF0462.JPG,DSCF0462.JPG,3R/100MEDIA,0,Other_Amphibian,0.2009,2299.5,625.6,2394.0,705.8
/srv/shared_leopard_toad/2024/09.02.2024/3R/100MEDIA/DSCF0495.JPG,DSCF0495.JPG,3R/100MEDIA,0,Other_Amphibian,0.2161,1062.9,2175.8,1143.2,2266.5
/srv/shared_leopard_toad/2024/09.02.2024/3R/100MEDIA/DSCF0388.JPG,DSCF0388.JPG,3R/100MEDIA,0,Other_Amphibian,0.2463,1478.5,2116.8,1595.0,2221.7
/srv/shared_leopard_toad/2024/09.02.2024/3R/100MEDIA/DSCF0401.JPG,DSCF0401.JPG,3R/100MEDIA,0,Other_Amphibian,0.2075,2287.6,611.7,2396.9,707.1
/srv/shared_leopard_toad/2024/09.02.2024/3R/100MEDIA/DSCF0984.JPG,DSCF0984.JPG,3R/100MEDIA,0,Other_Amphibian,0.2166,2294.7,622.1,2394.3,703.1
/srv/shared_leopard_toad/2024/09.02.2024/3R/100MEDIA/DSCF0047.JPG,DSCF0047.JPG,3R/100MEDIA,2,Western_Leopard_Toad,0.2832,2165.7,2372.3,2244.3,2447.2
/srv/shared_leopard_toad/2024/09.02.2024/3R/100MEDIA/DSCF0926.JPG,DSCF0926.JPG,3R/100MEDIA,0,Other_Amphibian,0.2340,2277.5,613.8,2398.0,707.5
/srv/shared_leopard_toad/2024/09.02.2024/3R/100MEDIA/DSCF0763.JPG,DSCF0763.JPG,3R/100MEDIA,0,Other_Amphibian,0.3228,2275.2,2190.0,2359.8,2295.3
/srv/shared_leopard_toad/2024/09.02.2024/3R/100MEDIA/DSCF0728.JPG,DSCF0728.JPG,3R/100MEDIA,0,Other_Amphibian,0.8442,1935.9,1902.3,2024.1,2011.0
/srv/shared_leopard_toad/2024/09.02.2024/3R/100MEDIA/DSCF0987.JPG,DSCF0987.JPG,3R/100MEDIA,0,Other_Amphibian,0.2157,2288.6,625.1,2391.4,703.8
/srv/shared_leopard_toad/2024/09.02.2024/3R/100MEDIA/DSCF0602.JPG,DSCF0602.JPG,3R/100MEDIA,2,Western_Leopard_Toad,0.3125,1361.6,1879.7,1471.1,2023.5
/srv/shared_leopard_toad/2024/09.02.2024/3R/100MEDIA/DSCF0340.JPG,DSCF0340.JPG,3R/100MEDIA,0,Other_Amphibian,0.3013,1439.1,2051.7,1510.7,2142.6
/srv/shared_leopard_toad/2024/09.02.2024/3R/100MEDIA/DSCF0235.JPG,DSCF0235.JPG,3R/100MEDIA,0,Other_Amphibian,0.2698,2266.1,617.9,2395.9,716.1
/srv/shared_leopard_toad/2024/09.02.2024/3R/100MEDIA/DSCF0234.JPG,DSCF0234.JPG,3R/100MEDIA,0,Other_Amphibian,0.2109,2270.6,620.1,2395.9,713.9
/srv/shared_leopard_toad/2024/09.02.2024/3R/100MEDIA/DSCF0090.JPG,DSCF0090.JPG,3R/100MEDIA,0,Other_Amphibian,0.3445,1945.1,1925.9,2041.9,2076.0
/srv/shared_leopard_toad/2024/09.02.2024/3R/100MEDIA/DSCF0322.JPG,DSCF0322.JPG,3R/100MEDIA,0,Other_Amphibian,0.4878,2284.0,2215.5,2369.0,2315.4
/srv/shared_leopard_toad/2024/09.02.2024/3R/100MEDIA/DSCF0447.JPG,DSCF0447.JPG,3R/100MEDIA,0,Other_Amphibian,0.3096,2300.2,617.7,2393.3,703.6
/srv/shared_leopard_toad/2024/09.02.2024/3R/100MEDIA/DSCF0992.JPG,DSCF0992.JPG,3R/100MEDIA,0,Other_Amphibian,0.2681,2291.1,628.3,2393.4,703.1
