image_path,image_name,subfolder,class_id,class_name,confidence,xmin,ymin,xmax,ymax
/srv/shared_leopard_toad/2024/02.10.2024/5R/103MEDIA/DSCF0868.JPG,DSCF0868.JPG,5R/103MEDIA,0,Other_Amphibian,0.2252,2015.1,-4.3,2169.9,78.1
/srv/shared_leopard_toad/2024/02.10.2024/5R/103MEDIA/DSCF0891.JPG,DSCF0891.JPG,5R/103MEDIA,0,Other_Amphibian,0.2954,2016.8,-4.6,2170.4,75.8
/srv/shared_leopard_toad/2024/02.10.2024/5R/103MEDIA/DSCF0807.JPG,DSCF0807.JPG,5R/103MEDIA,0,Other_Amphibian,0.2343,2014.0,-5.0,2171.0,75.9
/srv/shared_leopard_toad/2024/02.10.2024/5R/103MEDIA/DSCF0817.JPG,DSCF0817.JPG,5R/103MEDIA,0,Other_Amphibian,0.2413,2015.7,-4.8,2169.3,75.2
/srv/shared_leopard_toad/2024/02.10.2024/5R/103MEDIA/DSCF0353.JPG,DSCF0353.JPG,5R/103MEDIA,2,Western_Leopard_Toad,0.2622,4509.3,-1.4,4603.2,284.9
/srv/shared_leopard_toad/2024/02.10.2024/5R/103MEDIA/DSCF0476.JPG,DSCF0476.JPG,5R/103MEDIA,2,Western_Leopard_Toad,0.2578,4508.9,-0.9,4603.6,285.5
/srv/shared_leopard_toad/2024/02.10.2024/5R/103MEDIA/DSCF0656.JPG,DSCF0656.JPG,5R/103MEDIA,2,Western_Leopard_Toad,0.2773,4520.4,3.3,4605.6,269.9
/srv/shared_leopard_toad/2024/02.10.2024/5R/103MEDIA/DSCF0994.JPG,DSCF0994.JPG,5R/103MEDIA,0,Other_Amphibian,0.2085,2013.8,-4.9,2171.2,76.9
/srv/shared_leopard_toad/2024/02.10.2024/5R/103MEDIA/DSCF0487.JPG,DSCF0487.JPG,5R/103MEDIA,2,Western_Leopard_Toad,0.2502,4497.0,-0.4,4597.5,284.5
/srv/shared_leopard_toad/2024/02.10.2024/5R/103MEDIA/DSCF0923.JPG,DSCF0923.JPG,5R/103MEDIA,0,Other_Amphibian,0.2111,2017.1,-4.4,2174.6,75.9
/srv/shared_leopard_toad/2024/02.10.2024/5R/103MEDIA/DSCF0044.JPG,DSCF0044.JPG,5R/103MEDIA,2,Western_Leopard_Toad,0.2756,1705.9,906.7,2056.1,1200.6
/srv/shared_leopard_toad/2024/02.10.2024/5R/103MEDIA/DSCF0851.JPG,DSCF0851.JPG,5R/103MEDIA,0,Other_Amphibian,0.2197,2012.9,-4.8,2172.1,78.6
/srv/shared_leopard_toad/2024/02.10.2024/5R/103MEDIA/DSCF0837.JPG,DSCF0837.JPG,5R/103MEDIA,0,Other_Amphibian,0.2563,2015.9,-4.6,2169.1,77.0
/srv/shared_leopard_toad/2024/02.10.2024/5R/103MEDIA/DSCF0858.JPG,DSCF0858.JPG,5R/103MEDIA,0,Other_Amphibian,0.2015,2013.1,-4.3,2174.1,76.6
/srv/shared_leopard_toad/2024/02.10.2024/5R/103MEDIA/DSCF0878.JPG,DSCF0878.JPG,5R/103MEDIA,0,Other_Amphibian,0.2031,2016.5,-4.6,2173.0,78.3
/srv/shared_leopard_toad/2024/02.10.2024/5R/103MEDIA/DSCF0989.JPG,DSCF0989.JPG,5R/103MEDIA,0,Other_Amphibian,0.2029,2017.0,-4.6,2170.3,75.5
/srv/shared_leopard_toad/2024/02.10.2024/5R/103MEDIA/DSCF0898.JPG,DSCF0898.JPG,5R/103MEDIA,0,Other_Amphibian,0.2485,2016.4,-4.6,2173.1,77.2
/srv/shared_leopard_toad/2024/02.10.2024/5R/103MEDIA/DSCF0963.JPG,DSCF0963.JPG,5R/103MEDIA,0,Other_Amphibian,0.2198,2016.4,-4.5,2168.6,77.7
/srv/shared_leopard_toad/2024/02.10.2024/5R/103MEDIA/DSCF0378.JPG,DSCF0378.JPG,5R/103MEDIA,2,Western_Leopard_Toad,0.2573,4509.8,0.3,4602.7,291.7
/srv/shared_leopard_toad/2024/02.10.2024/5R/103MEDIA/DSCF0892.JPG,DSCF0892.JPG,5R/103MEDIA,0,Other_Amphibian,0.2269,2017.0,-4.8,2170.3,75.0
/srv/shared_leopard_toad/2024/02.10.2024/5R/103MEDIA/DSCF0127.JPG,DSCF0127.JPG,5R/103MEDIA,2,Western_Leopard_Toad,0.3037,4500.3,-1.4,4598.7,281.9
/srv/shared_leopard_toad/2024/02.10.2024/5R/103MEDIA/DSCF0196.JPG,DSCF0196.JPG,5R/103MEDIA,2,Western_Leopard_Toad,0.3635,4498.6,0.2,4600.4,288.0
/srv/shared_leopard_toad/2024/02.10.2024/5R/103MEDIA/DSCF0874.JPG,DSCF0874.JPG,5R/103MEDIA,0,Other_Amphibian,0.2539,2014.2,-4.2,2170.8,75.7
/srv/shared_leopard_toad/2024/02.10.2024/5R/103MEDIA/DSCF0942.JPG,DSCF0942.JPG,5R/103MEDIA,0,Other_Amphibian,0.2123,2015.2,-4.4,2174.3,77.3
/srv/shared_leopard_toad/2024/02.10.2024/5R/103MEDIA/DSCF0985.JPG,DSCF0985.JPG,5R/103MEDIA,0,Other_Amphibian,0.2382,2014.8,-4.6,2170.2,77.8
/srv/shared_leopard_toad/2024/02.10.2024/5R/103MEDIA/DSCF0940.JPG,DSCF0940.JPG,5R/103MEDIA,0,Other_Amphibian,0.2089,2015.4,-4.1,2176.4,77.6
/srv/shared_leopard_toad/2024/02.10.2024/5R/103MEDIA/DSCF0360.JPG,DSCF0360.JPG,5R/103MEDIA,2,Western_Leopard_Toad,0.3223,4515.6,-0.4,4605.9,292.4
/srv/shared_leopard_toad/2024/02.10.2024/5R/103MEDIA/DSCF0826.JPG,DSCF0826.JPG,5R/103MEDIA,0,Other_Amphibian,0.2847,2012.7,-5.1,2167.8,76.4
/srv/shared_leopard_toad/2024/02.10.2024/5R/103MEDIA/DSCF0886.JPG,DSCF0886.JPG,5R/103MEDIA,0,Other_Amphibian,0.2549,2017.5,-4.5,2169.7,77.7
/srv/shared_leopard_toad/2024/02.10.2024/5R/103MEDIA/DSCF0953.JPG,DSCF0953.JPG,5R/103MEDIA,0,Other_Amphibian,0.2371,2014.7,-4.4,2170.3,78.5
/srv/shared_leopard_toad/2024/02.10.2024/5R/103MEDIA/DSCF0073.JPG,DSCF0073.JPG,5R/103MEDIA,2,Western_Leopard_Toad,0.2527,4496.4,-2.0,4602.6,292.9
/srv/shared_leopard_toad/2024/02.10.2024/5R/103MEDIA/DSCF0929.JPG,DSCF0929.JPG,5R/103MEDIA,0,Other_Amphibian,0.2344,2015.7,-4.5,2169.3,75.7
/srv/shared_leopard_toad/2024/02.10.2024/5R/103MEDIA/DSCF0972.JPG,DSCF0972.JPG,5R/103MEDIA,0,Other_Amphibian,0.2147,2016.8,-4.1,2168.2,75.9
/srv/shared_leopard_toad/2024/02.10.2024/5R/103MEDIA/DSCF0043.JPG,DSCF0043.JPG,5R/103MEDIA,2,Western_Leopard_Toad,0.4902,1703.1,903.5,2058.9,1222.8
/srv/shared_leopard_toad/2024/02.10.2024/5R/103MEDIA/DSCF0971.JPG,DSCF0971.JPG,5R/103MEDIA,0,Other_Amphibian,0.2058,2014.8,-4.7,2170.2,75.9
/srv/shared_leopard_toad/2024/02.10.2024/5R/103MEDIA/DSCF0770.JPG,DSCF0770.JPG,5R/103MEDIA,2,Western_Leopard_Toad,0.3162,4519.8,2.9,4606.2,265.4
/srv/shared_leopard_toad/2024/02.10.2024/5R/103MEDIA/DSCF0818.JPG,DSCF0818.JPG,5R/103MEDIA,0,Other_Amphibian,0.2220,2017.1,-4.4,2170.1,77.3
/srv/shared_leopard_toad/2024/02.10.2024/5R/103MEDIA/DSCF0496.JPG,DSCF0496.JPG,5R/103MEDIA,0,Other_Amphibian,0.2167,2015.1,-4.2,2176.7,74.6
/srv/shared_leopard_toad/2024/02.10.2024/5R/103MEDIA/DSCF0975.JPG,DSCF0975.JPG,5R/103MEDIA,0,Other_Amphibian,0.2496,2016.5,-4.6,2170.8,78.1
/srv/shared_leopard_toad/2024/02.10.2024/5R/103MEDIA/DSCF0934.JPG,DSCF0934.JPG,5R/103MEDIA,0,Other_Amphibian,0.2103,2015.2,-4.3,2172.0,76.7
/srv/shared_leopard_toad/2024/02.10.2024/5R/103MEDIA/DSCF0973.JPG,DSCF0973.JPG,5R/103MEDIA,0,Other_Amphibian,0.2242,2016.5,-4.8,2170.8,79.1
/srv/shared_leopard_toad/2024/02.10.2024/5R/103MEDIA/DSCF0984.JPG,DSCF0984.JPG,5R/103MEDIA,0,Other_Amphibian,0.2094,2014.4,-4.8,2170.6,76.8
/srv/shared_leopard_toad/2024/02.10.2024/5R/103MEDIA/DSCF0921.JPG,DSCF0921.JPG,5R/103MEDIA,2,Western_Leopard_Toad,0.2581,4517.3,1.9,4604.2,270.4
/srv/shared_leopard_toad/2024/02.10.2024/5R/103MEDIA/DSCF0789.JPG,DSCF0789.JPG,5R/103MEDIA,0,Other_Amphibian,0.2059,2017.5,-5.4,2172.0,75.5
/srv/shared_leopard_toad/2024/02.10.2024/5R/103MEDIA/DSCF0941.JPG,DSCF0941.JPG,5R/103MEDIA,0,Other_Amphibian,0.2401,2015.6,-4.3,2171.6,76.9
/srv/shared_leopard_toad/2024/02.10.2024/5R/103MEDIA/DSCF0855.JPG,DSCF0855.JPG,5R/103MEDIA,0,Other_Amphibian,0.2732,2017.6,-4.4,2171.9,77.3
/srv/shared_leopard_toad/2024/02.10.2024/5R/107MEDIA/DSCF0135.JPG,DSCF0135.JPG,5R/107MEDIA,0,Other_Amphibian,0.2573,1960.8,-1.4,2138.7,104.3
/srv/shared_leopard_toad/2024/02.10.2024/5R/107MEDIA/DSCF0404.JPG,DSCF0404.JPG,5R/107MEDIA,2,Western_Leopard_Toad,0.4192,4523.4,1684.7,4607.1,1935.0
/srv/shared_leopard_toad/2024/02.10.2024/5R/107MEDIA/DSCF0993.JPG,DSCF0993.JPG,5R/107MEDIA,2,Western_Leopard_Toad,0.2991,4524.9,1722.8,4605.6,1934.8
/srv/shared_leopard_toad/2024/02.10.2024/5R/107MEDIA/DSCF0537.JPG,DSCF0537.JPG,5R/107MEDIA,2,Western_Leopard_Toad,0.2993,4522.2,1756.1,4603.8,1937.0
/srv/shared_leopard_toad/2024/02.10.2024/5R/107MEDIA/DSCF0012.JPG,DSCF0012.JPG,5R/107MEDIA,0,Other_Amphibian,0.4280,1553.7,-1.7,1659.3,94.5
/srv/shared_leopard_toad/2024/02.10.2024/5R/107MEDIA/DSCF0488.JPG,DSCF0488.JPG,5R/107MEDIA,2,Western_Leopard_Toad,0.3040,4521.7,1766.9,4604.3,1936.3
/srv/shared_leopard_toad/2024/02.10.2024/5R/107MEDIA/DSCF0541.JPG,DSCF0541.JPG,5R/107MEDIA,2,Western_Leopard_Toad,0.4343,4520.4,1680.8,4605.6,1931.3
/srv/shared_leopard_toad/2024/02.10.2024/5R/107MEDIA/DSCF0519.JPG,DSCF0519.JPG,5R/107MEDIA,2,Western_Leopard_Toad,0.2505,4521.7,1680.4,4604.3,1934.2
/srv/shared_leopard_toad/2024/02.10.2024/5R/107MEDIA/DSCF0589.JPG,DSCF0589.JPG,5R/107MEDIA,2,Western_Leopard_Toad,0.4150,4523.6,1680.3,4606.9,1931.8
/srv/shared_leopard_toad/2024/02.10.2024/5R/107MEDIA/DSCF0466.JPG,DSCF0466.JPG,5R/107MEDIA,2,Western_Leopard_Toad,0.3887,4522.5,1757.2,4603.5,1933.3
/srv/shared_leopard_toad/2024/02.10.2024/5R/107MEDIA/DSCF0443.JPG,DSCF0443.JPG,5R/107MEDIA,2,Western_Leopard_Toad,0.3921,4523.3,1745.7,4607.2,1932.2
/srv/shared_leopard_toad/2024/02.10.2024/5R/107MEDIA/DSCF0173.JPG,DSCF0173.JPG,5R/107MEDIA,0,Other_Amphibian,0.2440,1958.1,-0.6,2136.9,104.7
/srv/shared_leopard_toad/2024/02.10.2024/5R/107MEDIA/DSCF0279.JPG,DSCF0279.JPG,5R/107MEDIA,0,Other_Amphibian,0.3601,1961.4,-1.3,2153.9,101.1
/srv/shared_leopard_toad/2024/02.10.2024/5R/107MEDIA/DSCF0279.JPG,DSCF0279.JPG,5R/107MEDIA,0,Other_Amphibian,0.2330,1958.6,-1.6,2154.4,101.1
/srv/shared_leopard_toad/2024/02.10.2024/5R/107MEDIA/DSCF0464.JPG,DSCF0464.JPG,5R/107MEDIA,2,Western_Leopard_Toad,0.3018,4524.9,1743.4,4605.6,1947.2
/srv/shared_leopard_toad/2024/02.10.2024/5R/107MEDIA/DSCF0455.JPG,DSCF0455.JPG,5R/107MEDIA,2,Western_Leopard_Toad,0.4810,4521.2,1755.0,4604.8,1935.5
/srv/shared_leopard_toad/2024/02.10.2024/5R/107MEDIA/DSCF0001.JPG,DSCF0001.JPG,5R/107MEDIA,0,Other_Amphibian,0.2688,1553.8,-1.3,1661.5,96.4
/srv/shared_leopard_toad/2024/02.10.2024/5R/107MEDIA/DSCF0416.JPG,DSCF0416.JPG,5R/107MEDIA,2,Western_Leopard_Toad,0.2544,4521.6,1690.6,4604.4,1931.7
/srv/shared_leopard_toad/2024/02.10.2024/5R/107MEDIA/DSCF0678.JPG,DSCF0678.JPG,5R/107MEDIA,2,Western_Leopard_Toad,0.2776,4521.1,1727.6,4604.9,1935.1
/srv/shared_leopard_toad/2024/02.10.2024/5R/107MEDIA/DSCF0651.JPG,DSCF0651.JPG,5R/107MEDIA,2,Western_Leopard_Toad,0.3384,4520.3,1682.9,4605.7,1931.7
/srv/shared_leopard_toad/2024/02.10.2024/5R/107MEDIA/DSCF0514.JPG,DSCF0514.JPG,5R/107MEDIA,2,Western_Leopard_Toad,0.2876,4521.2,1737.9,4604.8,1937.4
/srv/shared_leopard_toad/2024/02.10.2024/5R/107MEDIA/DSCF0774.JPG,DSCF0774.JPG,5R/107MEDIA,2,Western_Leopard_Toad,0.2856,4517.7,1762.3,4603.8,1935.9
/srv/shared_leopard_toad/2024/02.10.2024/5R/107MEDIA/DSCF0298.JPG,DSCF0298.JPG,5R/107MEDIA,2,Western_Leopard_Toad,0.2598,4530.3,1761.7,4604.7,1931.4
/srv/shared_leopard_toad/2024/02.10.2024/5R/107MEDIA/DSCF0933.JPG,DSCF0933.JPG,5R/107MEDIA,2,Western_Leopard_Toad,0.2539,4526.1,1699.2,4604.4,1935.7
/srv/shared_leopard_toad/2024/02.10.2024/5R/107MEDIA/DSCF0417.JPG,DSCF0417.JPG,5R/107MEDIA,2,Western_Leopard_Toad,0.2676,4525.5,1716.3,4605.0,1941.3
/srv/shared_leopard_toad/2024/02.10.2024/5R/107MEDIA/DSCF0141.JPG,DSCF0141.JPG,5R/107MEDIA,0,Other_Amphibian,0.4365,1958.7,-1.7,2136.3,105.4
/srv/shared_leopard_toad/2024/02.10.2024/5R/107MEDIA/DSCF0141.JPG,DSCF0141.JPG,5R/107MEDIA,0,Other_Amphibian,0.2487,1955.6,-2.0,2141.6,104.6
/srv/shared_leopard_toad/2024/02.10.2024/5R/107MEDIA/DSCF0543.JPG,DSCF0543.JPG,5R/107MEDIA,2,Western_Leopard_Toad,0.2532,4521.2,1705.7,4604.8,1934.3
/srv/shared_leopard_toad/2024/02.10.2024/5R/107MEDIA/DSCF0107.JPG,DSCF0107.JPG,5R/107MEDIA,0,Other_Amphibian,0.2693,1960.2,-1.0,2137.1,98.6
/srv/shared_leopard_toad/2024/02.10.2024/5R/107MEDIA/DSCF0562.JPG,DSCF0562.JPG,5R/107MEDIA,2,Western_Leopard_Toad,0.4216,4521.5,1680.0,4604.5,1934.7
/srv/shared_leopard_toad/2024/02.10.2024/5R/107MEDIA/DSCF0512.JPG,DSCF0512.JPG,5R/107MEDIA,2,Western_Leopard_Toad,0.3208,4520.3,1693.7,4605.7,1938.6
/srv/shared_leopard_toad/2024/02.10.2024/5R/107MEDIA/DSCF0282.JPG,DSCF0282.JPG,5R/107MEDIA,0,Other_Amphibian,0.3198,1960.9,-1.6,2147.6,102.9
/srv/shared_leopard_toad/2024/02.10.2024/5R/107MEDIA/DSCF0430.JPG,DSCF0430.JPG,5R/107MEDIA,2,Western_Leopard_Toad,0.2991,4520.7,1686.4,4605.3,1946.0
/srv/shared_leopard_toad/2024/02.10.2024/5R/107MEDIA/DSCF0765.JPG,DSCF0765.JPG,5R/107MEDIA,2,Western_Leopard_Toad,0.4053,4524.1,1742.1,4606.4,1938.4
/srv/shared_leopard_toad/2024/02.10.2024/5R/107MEDIA/DSCF0594.JPG,DSCF0594.JPG,5R/107MEDIA,2,Western_Leopard_Toad,0.5415,4523.4,1679.6,4607.1,1932.5
/srv/shared_leopard_toad/2024/02.10.2024/5R/107MEDIA/DSCF0956.JPG,DSCF0956.JPG,5R/107MEDIA,2,Western_Leopard_Toad,0.3674,4525.1,1681.3,4605.4,1933.3
/srv/shared_leopard_toad/2024/02.10.2024/5R/107MEDIA/DSCF0221.JPG,DSCF0221.JPG,5R/107MEDIA,0,Other_Amphibian,0.3223,1953.8,-1.5,2134.4,106.7
/srv/shared_leopard_toad/2024/02.10.2024/5R/107MEDIA/DSCF0442.JPG,DSCF0442.JPG,5R/107MEDIA,0,Other_Amphibian,0.2073,1549.2,-3.6,1681.8,155.3
/srv/shared_leopard_toad/2024/02.10.2024/5R/107MEDIA/DSCF0667.JPG,DSCF0667.JPG,5R/107MEDIA,2,Western_Leopard_Toad,0.3789,4521.9,1747.4,4604.1,1935.6
/srv/shared_leopard_toad/2024/02.10.2024/5R/107MEDIA/DSCF0812.JPG,DSCF0812.JPG,5R/107MEDIA,2,Western_Leopard_Toad,0.3655,4519.5,1687.8,4606.5,1934.4
/srv/shared_leopard_toad/2024/02.10.2024/5R/107MEDIA/DSCF0311.JPG,DSCF0311.JPG,5R/107MEDIA,2,Western_Leopard_Toad,0.2771,4530.0,1681.4,4605.0,1930.7
/srv/shared_leopard_toad/2024/02.10.2024/5R/107MEDIA/DSCF0362.JPG,DSCF0362.JPG,5R/107MEDIA,2,Western_Leopard_Toad,0.2556,4526.0,1682.9,4604.5,1931.7
/srv/shared_leopard_toad/2024/02.10.2024/5R/107MEDIA/DSCF0868.JPG,DSCF0868.JPG,5R/107MEDIA,2,Western_Leopard_Toad,0.4912,4523.1,1764.4,4602.9,1931.3
/srv/shared_leopard_toad/2024/02.10.2024/5R/107MEDIA/DSCF0668.JPG,DSCF0668.JPG,5R/107MEDIA,2,Western_Leopard_Toad,0.2571,4521.2,1701.5,4604.8,1933.4
/srv/shared_leopard_toad/2024/02.10.2024/5R/107MEDIA/DSCF0187.JPG,DSCF0187.JPG,5R/107MEDIA,0,Other_Amphibian,0.3328,1954.6,-1.7,2135.9,105.1
/srv/shared_leopard_toad/2024/02.10.2024/5R/107MEDIA/DSCF0061.JPG,DSCF0061.JPG,5R/107MEDIA,0,Other_Amphibian,0.3496,1964.2,-1.2,2121.8,99.2
/srv/shared_leopard_toad/2024/02.10.2024/5R/107MEDIA/DSCF0980.JPG,DSCF0980.JPG,5R/107MEDIA,2,Western_Leopard_Toad,0.4641,4526.0,1769.7,4604.5,1933.6
/srv/shared_leopard_toad/2024/02.10.2024/5R/107MEDIA/DSCF0679.JPG,DSCF0679.JPG,5R/107MEDIA,2,Western_Leopard_Toad,0.3062,4521.5,1680.7,4604.5,1934.0
/srv/shared_leopard_toad/2024/02.10.2024/5R/107MEDIA/DSCF0752.JPG,DSCF0752.JPG,5R/107MEDIA,2,Western_Leopard_Toad,0.3489,4521.6,1694.1,4604.4,1933.2
/srv/shared_leopard_toad/2024/02.10.2024/5R/107MEDIA/DSCF0193.JPG,DSCF0193.JPG,5R/107MEDIA,0,Other_Amphibian,0.3464,1960.2,-2.2,2134.8,105.8
/srv/shared_leopard_toad/2024/02.10.2024/5R/107MEDIA/DSCF0640.JPG,DSCF0640.JPG,5R/107MEDIA,2,Western_Leopard_Toad,0.3560,4520.5,1703.1,4605.5,1931.7
/srv/shared_leopard_toad/2024/02.10.2024/5R/107MEDIA/DSCF0518.JPG,DSCF0518.JPG,5R/107MEDIA,2,Western_Leopard_Toad,0.2981,4523.2,1710.0,4607.3,1935.0
/srv/shared_leopard_toad/2024/02.10.2024/5R/107MEDIA/DSCF0777.JPG,DSCF0777.JPG,5R/107MEDIA,2,Western_Leopard_Toad,0.2966,4522.6,1751.3,4603.4,1939.3
/srv/shared_leopard_toad/2024/02.10.2024/5R/107MEDIA/DSCF0273.JPG,DSCF0273.JPG,5R/107MEDIA,0,Other_Amphibian,0.2350,1961.3,-2.3,2151.7,102.8
/srv/shared_leopard_toad/2024/02.10.2024/5R/107MEDIA/DSCF0273.JPG,DSCF0273.JPG,5R/107MEDIA,0,Other_Amphibian,0.2202,1960.3,-2.2,2154.9,103.1
/srv/shared_leopard_toad/2024/02.10.2024/5R/107MEDIA/DSCF0038.JPG,DSCF0038.JPG,5R/107MEDIA,0,Other_Amphibian,0.2084,1556.3,-1.5,1674.7,99.9
/srv/shared_leopard_toad/2024/02.10.2024/5R/107MEDIA/DSCF0891.JPG,DSCF0891.JPG,5R/107MEDIA,2,Western_Leopard_Toad,0.2922,4522.6,1685.0,4603.4,1932.1
/srv/shared_leopard_toad/2024/02.10.2024/5R/107MEDIA/DSCF0636.JPG,DSCF0636.JPG,5R/107MEDIA,2,Western_Leopard_Toad,0.2830,4521.2,1732.5,4604.8,1937.8
/srv/shared_leopard_toad/2024/02.10.2024/5R/107MEDIA/DSCF0827.JPG,DSCF0827.JPG,5R/107MEDIA,2,Western_Leopard_Toad,0.4456,4522.4,1756.3,4603.6,1936.8
/srv/shared_leopard_toad/2024/02.10.2024/5R/107MEDIA/DSCF0560.JPG,DSCF0560.JPG,5R/107MEDIA,2,Western_Leopard_Toad,0.4346,4519.9,1683.0,4606.1,1934.1
/srv/shared_leopard_toad/2024/02.10.2024/5R/107MEDIA/DSCF0802.JPG,DSCF0802.JPG,5R/107MEDIA,2,Western_Leopard_Toad,0.4727,4521.3,1761.4,4604.7,1934.3
/srv/shared_leopard_toad/2024/02.10.2024/5R/107MEDIA/DSCF0720.JPG,DSCF0720.JPG,5R/107MEDIA,2,Western_Leopard_Toad,0.4253,4518.7,1694.4,4607.3,1932.9
/srv/shared_leopard_toad/2024/02.10.2024/5R/107MEDIA/DSCF0339.JPG,DSCF0339.JPG,5R/107MEDIA,2,Western_Leopard_Toad,0.3203,4526.4,1689.9,4604.1,1932.3
/srv/shared_leopard_toad/2024/02.10.2024/5R/107MEDIA/DSCF0983.JPG,DSCF0983.JPG,5R/107MEDIA,2,Western_Leopard_Toad,0.4192,4525.7,1755.3,4604.8,1937.8
/srv/shared_leopard_toad/2024/02.10.2024/5R/107MEDIA/DSCF0458.JPG,DSCF0458.JPG,5R/107MEDIA,2,Western_Leopard_Toad,0.3635,4525.1,1703.0,4605.4,1944.6
/srv/shared_leopard_toad/2024/02.10.2024/5R/107MEDIA/DSCF0194.JPG,DSCF0194.JPG,5R/107MEDIA,0,Other_Amphibian,0.2705,1955.8,-0.8,2139.2,103.7
/srv/shared_leopard_toad/2024/02.10.2024/5R/107MEDIA/DSCF0712.JPG,DSCF0712.JPG,5R/107MEDIA,2,Western_Leopard_Toad,0.6768,4523.7,1772.2,4606.8,1931.1
/srv/shared_leopard_toad/2024/02.10.2024/5R/107MEDIA/DSCF0233.JPG,DSCF0233.JPG,5R/107MEDIA,0,Other_Amphibian,0.3459,1954.8,-1.8,2133.4,106.2
/srv/shared_leopard_toad/2024/02.10.2024/5R/107MEDIA/DSCF0489.JPG,DSCF0489.JPG,5R/107MEDIA,2,Western_Leopard_Toad,0.2573,4519.5,1753.2,4602.0,1962.7
/srv/shared_leopard_toad/2024/02.10.2024/5R/107MEDIA/DSCF0553.JPG,DSCF0553.JPG,5R/107MEDIA,2,Western_Leopard_Toad,0.3477,4520.6,1720.8,4605.4,1934.3
/srv/shared_leopard_toad/2024/02.10.2024/5R/107MEDIA/DSCF0350.JPG,DSCF0350.JPG,5R/107MEDIA,2,Western_Leopard_Toad,0.2832,4525.8,1681.5,4604.7,1933.1
/srv/shared_leopard_toad/2024/02.10.2024/5R/107MEDIA/DSCF0390.JPG,DSCF0390.JPG,5R/107MEDIA,2,Western_Leopard_Toad,0.4417,4520.0,1683.0,4606.0,1934.1
/srv/shared_leopard_toad/2024/02.10.2024/5R/107MEDIA/DSCF0185.JPG,DSCF0185.JPG,5R/107MEDIA,0,Other_Amphibian,0.2817,1962.0,-1.4,2135.2,103.2
/srv/shared_leopard_toad/2024/02.10.2024/5R/107MEDIA/DSCF0051.JPG,DSCF0051.JPG,5R/107MEDIA,0,Other_Amphibian,0.5132,1964.2,-1.6,2112.8,97.2
/srv/shared_leopard_toad/2024/02.10.2024/5R/107MEDIA/DSCF0431.JPG,DSCF0431.JPG,5R/107MEDIA,2,Western_Leopard_Toad,0.4812,4520.0,1683.6,4606.0,1936.1
/srv/shared_leopard_toad/2024/02.10.2024/5R/107MEDIA/DSCF0834.JPG,DSCF0834.JPG,5R/107MEDIA,2,Western_Leopard_Toad,0.3733,4520.5,1688.7,4605.5,1933.6
/srv/shared_leopard_toad/2024/02.10.2024/5R/107MEDIA/DSCF0822.JPG,DSCF0822.JPG,5R/107MEDIA,2,Western_Leopard_Toad,0.4731,4520.3,1737.5,4605.7,1935.3
/srv/shared_leopard_toad/2024/02.10.2024/5R/107MEDIA/DSCF0792.JPG,DSCF0792.JPG,5R/107MEDIA,2,Western_Leopard_Toad,0.3162,4520.7,1685.3,4605.3,1936.9
/srv/shared_leopard_toad/2024/02.10.2024/5R/107MEDIA/DSCF0807.JPG,DSCF0807.JPG,5R/107MEDIA,2,Western_Leopard_Toad,0.5630,4523.7,1765.2,4606.8,1933.0
/srv/shared_leopard_toad/2024/02.10.2024/5R/107MEDIA/DSCF0341.JPG,DSCF0341.JPG,5R/107MEDIA,2,Western_Leopard_Toad,0.2834,4525.7,1740.3,4604.8,1937.6
/srv/shared_leopard_toad/2024/02.10.2024/5R/107MEDIA/DSCF0507.JPG,DSCF0507.JPG,5R/107MEDIA,2,Western_Leopard_Toad,0.4302,4523.7,1751.6,4606.8,1933.9
/srv/shared_leopard_toad/2024/02.10.2024/5R/107MEDIA/DSCF0681.JPG,DSCF0681.JPG,5R/107MEDIA,2,Western_Leopard_Toad,0.4167,4520.5,1765.6,4605.5,1932.5
/srv/shared_leopard_toad/2024/02.10.2024/5R/107MEDIA/DSCF0592.JPG,DSCF0592.JPG,5R/107MEDIA,2,Western_Leopard_Toad,0.3262,4521.6,1738.7,4604.4,1936.7
/srv/shared_leopard_toad/2024/02.10.2024/5R/107MEDIA/DSCF0574.JPG,DSCF0574.JPG,5R/107MEDIA,2,Western_Leopard_Toad,0.5791,4523.4,1762.1,4607.1,1930.9
/srv/shared_leopard_toad/2024/02.10.2024/5R/107MEDIA/DSCF0795.JPG,DSCF0795.JPG,5R/107MEDIA,2,Western_Leopard_Toad,0.3264,4521.9,1713.1,4604.1,1934.4
/srv/shared_leopard_toad/2024/02.10.2024/5R/107MEDIA/DSCF0266.JPG,DSCF0266.JPG,5R/107MEDIA,0,Other_Amphibian,0.3723,1962.9,-1.7,2150.1,102.8
/srv/shared_leopard_toad/2024/02.10.2024/5R/107MEDIA/DSCF0003.JPG,DSCF0003.JPG,5R/107MEDIA,0,Other_Amphibian,0.2859,1555.9,-1.4,1666.1,98.1
/srv/shared_leopard_toad/2024/02.10.2024/5R/107MEDIA/DSCF0207.JPG,DSCF0207.JPG,5R/107MEDIA,0,Other_Amphibian,0.3350,1952.3,-1.5,2136.0,106.1
/srv/shared_leopard_toad/2024/02.10.2024/5R/107MEDIA/DSCF0393.JPG,DSCF0393.JPG,5R/107MEDIA,2,Western_Leopard_Toad,0.2622,4522.8,1735.4,4603.2,1940.0
/srv/shared_leopard_toad/2024/02.10.2024/5R/107MEDIA/DSCF0986.JPG,DSCF0986.JPG,5R/107MEDIA,2,Western_Leopard_Toad,0.3091,4526.7,1759.6,4603.8,1936.0
/srv/shared_leopard_toad/2024/02.10.2024/5R/107MEDIA/DSCF0981.JPG,DSCF0981.JPG,5R/107MEDIA,2,Western_Leopard_Toad,0.3005,4522.0,1727.6,4604.0,1937.7
/srv/shared_leopard_toad/2024/02.10.2024/5R/107MEDIA/DSCF0403.JPG,DSCF0403.JPG,5R/107MEDIA,2,Western_Leopard_Toad,0.2712,4520.3,1729.7,4605.7,1940.6
/srv/shared_leopard_toad/2024/02.10.2024/5R/107MEDIA/DSCF0369.JPG,DSCF0369.JPG,5R/107MEDIA,2,Western_Leopard_Toad,0.3657,4525.8,1756.9,4604.7,1933.6
/srv/shared_leopard_toad/2024/02.10.2024/5R/107MEDIA/DSCF0490.JPG,DSCF0490.JPG,5R/107MEDIA,2,Western_Leopard_Toad,0.3049,4521.6,1687.9,4604.4,1934.3
/srv/shared_leopard_toad/2024/02.10.2024/5R/107MEDIA/DSCF0422.JPG,DSCF0422.JPG,5R/107MEDIA,2,Western_Leopard_Toad,0.4849,4521.3,1677.0,4604.7,1937.6
/srv/shared_leopard_toad/2024/02.10.2024/5R/107MEDIA/DSCF0817.JPG,DSCF0817.JPG,5R/107MEDIA,2,Western_Leopard_Toad,0.4675,4523.0,1686.5,4607.5,1930.6
/srv/shared_leopard_toad/2024/02.10.2024/5R/107MEDIA/DSCF0649.JPG,DSCF0649.JPG,5R/107MEDIA,2,Western_Leopard_Toad,0.4336,4519.2,1686.3,4606.8,1933.4
/srv/shared_leopard_toad/2024/02.10.2024/5R/107MEDIA/DSCF0899.JPG,DSCF0899.JPG,5R/107MEDIA,2,Western_Leopard_Toad,0.2720,4525.1,1687.8,4605.4,1934.4
/srv/shared_leopard_toad/2024/02.10.2024/5R/107MEDIA/DSCF0759.JPG,DSCF0759.JPG,5R/107MEDIA,2,Western_Leopard_Toad,0.4199,4522.0,1767.2,4604.0,1936.0
/srv/shared_leopard_toad/2024/02.10.2024/5R/107MEDIA/DSCF0699.JPG,DSCF0699.JPG,5R/107MEDIA,2,Western_Leopard_Toad,0.3223,4523.4,1717.9,4607.1,1934.7
/srv/shared_leopard_toad/2024/02.10.2024/5R/107MEDIA/DSCF0146.JPG,DSCF0146.JPG,5R/107MEDIA,0,Other_Amphibian,0.2920,1957.9,-1.5,2125.8,105.3
/srv/shared_leopard_toad/2024/02.10.2024/5R/107MEDIA/DSCF0566.JPG,DSCF0566.JPG,5R/107MEDIA,2,Western_Leopard_Toad,0.3394,4523.5,1689.3,4607.0,1932.9
/srv/shared_leopard_toad/2024/02.10.2024/5R/107MEDIA/DSCF0559.JPG,DSCF0559.JPG,5R/107MEDIA,2,Western_Leopard_Toad,0.3105,4520.7,1714.8,4605.3,1935.3
/srv/shared_leopard_toad/2024/02.10.2024/5R/107MEDIA/DSCF0445.JPG,DSCF0445.JPG,5R/107MEDIA,2,Western_Leopard_Toad,0.3000,4519.7,1712.6,4606.3,1942.5
/srv/shared_leopard_toad/2024/02.10.2024/5R/107MEDIA/DSCF0368.JPG,DSCF0368.JPG,5R/107MEDIA,2,Western_Leopard_Toad,0.2993,4524.4,1700.9,4606.1,1936.5
/srv/shared_leopard_toad/2024/02.10.2024/5R/107MEDIA/DSCF0656.JPG,DSCF0656.JPG,5R/107MEDIA,2,Western_Leopard_Toad,0.2876,4525.1,1687.6,4605.4,1932.1
/srv/shared_leopard_toad/2024/02.10.2024/5R/107MEDIA/DSCF0366.JPG,DSCF0366.JPG,5R/107MEDIA,2,Western_Leopard_Toad,0.2622,4520.7,1705.7,4605.3,1936.7
/srv/shared_leopard_toad/2024/02.10.2024/5R/107MEDIA/DSCF0439.JPG,DSCF0439.JPG,5R/107MEDIA,2,Western_Leopard_Toad,0.3655,4519.9,1690.3,4606.1,1931.9
/srv/shared_leopard_toad/2024/02.10.2024/5R/107MEDIA/DSCF0067.JPG,DSCF0067.JPG,5R/107MEDIA,0,Other_Amphibian,0.2527,1962.8,-1.6,2132.2,97.9
/srv/shared_leopard_toad/2024/02.10.2024/5R/107MEDIA/DSCF0251.JPG,DSCF0251.JPG,5R/107MEDIA,0,Other_Amphibian,0.4541,1955.8,-1.6,2139.2,104.5
/srv/shared_leopard_toad/2024/02.10.2024/5R/107MEDIA/DSCF0250.JPG,DSCF0250.JPG,5R/107MEDIA,0,Other_Amphibian,0.4504,1956.7,-1.6,2138.3,104.2
/srv/shared_leopard_toad/2024/02.10.2024/5R/107MEDIA/DSCF0979.JPG,DSCF0979.JPG,5R/107MEDIA,2,Western_Leopard_Toad,0.3135,4523.9,1757.6,4602.1,1938.1
/srv/shared_leopard_toad/2024/02.10.2024/5R/107MEDIA/DSCF0305.JPG,DSCF0305.JPG,5R/107MEDIA,2,Western_Leopard_Toad,0.3735,4535.2,1753.1,4604.3,1932.4
/srv/shared_leopard_toad/2024/02.10.2024/5R/107MEDIA/DSCF0880.JPG,DSCF0880.JPG,5R/107MEDIA,2,Western_Leopard_Toad,0.3152,4523.0,1687.8,4603.0,1934.4
/srv/shared_leopard_toad/2024/02.10.2024/5R/107MEDIA/DSCF0938.JPG,DSCF0938.JPG,5R/107MEDIA,2,Western_Leopard_Toad,0.2581,4523.6,1684.5,4602.4,1932.6
/srv/shared_leopard_toad/2024/02.10.2024/5R/107MEDIA/DSCF0033.JPG,DSCF0033.JPG,5R/107MEDIA,0,Other_Amphibian,0.3274,1554.5,-1.7,1663.0,96.2
/srv/shared_leopard_toad/2024/02.10.2024/5R/107MEDIA/DSCF0487.JPG,DSCF0487.JPG,5R/107MEDIA,2,Western_Leopard_Toad,0.3152,4524.6,1697.5,4605.9,1934.8
/srv/shared_leopard_toad/2024/02.10.2024/5R/107MEDIA/DSCF0709.JPG,DSCF0709.JPG,5R/107MEDIA,2,Western_Leopard_Toad,0.3572,4519.8,1712.4,4606.2,1932.6
/srv/shared_leopard_toad/2024/02.10.2024/5R/107MEDIA/DSCF0168.JPG,DSCF0168.JPG,5R/107MEDIA,0,Other_Amphibian,0.2197,1956.5,-1.7,2138.5,104.7
/srv/shared_leopard_toad/2024/02.10.2024/5R/107MEDIA/DSCF0670.JPG,DSCF0670.JPG,5R/107MEDIA,2,Western_Leopard_Toad,0.2942,4521.1,1700.4,4604.9,1931.9
/srv/shared_leopard_toad/2024/02.10.2024/5R/107MEDIA/DSCF0870.JPG,DSCF0870.JPG,5R/107MEDIA,2,Western_Leopard_Toad,0.2876,4523.3,1676.7,4602.7,1935.4
/srv/shared_leopard_toad/2024/02.10.2024/5R/107MEDIA/DSCF0676.JPG,DSCF0676.JPG,5R/107MEDIA,2,Western_Leopard_Toad,0.4192,4520.4,1734.1,4605.6,1936.2
/srv/shared_leopard_toad/2024/02.10.2024/5R/107MEDIA/DSCF0531.JPG,DSCF0531.JPG,5R/107MEDIA,2,Western_Leopard_Toad,0.3040,4521.2,1742.3,4604.8,1938.1
/srv/shared_leopard_toad/2024/02.10.2024/5R/107MEDIA/DSCF0411.JPG,DSCF0411.JPG,5R/107MEDIA,2,Western_Leopard_Toad,0.2556,4521.4,1713.6,4604.6,1946.6
/srv/shared_leopard_toad/2024/02.10.2024/5R/107MEDIA/DSCF0700.JPG,DSCF0700.JPG,5R/107MEDIA,2,Western_Leopard_Toad,0.2820,4522.4,1752.4,4603.6,1935.6
/srv/shared_leopard_toad/2024/02.10.2024/5R/107MEDIA/DSCF0230.JPG,DSCF0230.JPG,5R/107MEDIA,0,Other_Amphibian,0.3765,1955.7,-1.5,2130.3,106.0
/srv/shared_leopard_toad/2024/02.10.2024/5R/107MEDIA/DSCF0007.JPG,DSCF0007.JPG,5R/107MEDIA,0,Other_Amphibian,0.4207,1559.0,-1.5,1667.5,96.0
/srv/shared_leopard_toad/2024/02.10.2024/5R/107MEDIA/DSCF0139.JPG,DSCF0139.JPG,5R/107MEDIA,0,Other_Amphibian,0.2311,1959.8,-1.8,2142.0,102.3
/srv/shared_leopard_toad/2024/02.10.2024/5R/107MEDIA/DSCF0256.JPG,DSCF0256.JPG,5R/107MEDIA,0,Other_Amphibian,0.5132,1962.1,-2.3,2146.4,103.0
/srv/shared_leopard_toad/2024/02.10.2024/5R/107MEDIA/DSCF0923.JPG,DSCF0923.JPG,5R/107MEDIA,2,Western_Leopard_Toad,0.3315,4523.1,1767.4,4602.9,1933.2
/srv/shared_leopard_toad/2024/02.10.2024/5R/107MEDIA/DSCF0936.JPG,DSCF0936.JPG,5R/107MEDIA,2,Western_Leopard_Toad,0.4287,4524.4,1765.2,4606.1,1933.0
/srv/shared_leopard_toad/2024/02.10.2024/5R/107MEDIA/DSCF0324.JPG,DSCF0324.JPG,5R/107MEDIA,2,Western_Leopard_Toad,0.3611,4527.8,1680.3,4607.2,1931.8
/srv/shared_leopard_toad/2024/02.10.2024/5R/107MEDIA/DSCF0524.JPG,DSCF0524.JPG,5R/107MEDIA,2,Western_Leopard_Toad,0.3682,4522.0,1679.6,4604.0,1935.1
/srv/shared_leopard_toad/2024/02.10.2024/5R/107MEDIA/DSCF0730.JPG,DSCF0730.JPG,5R/107MEDIA,2,Western_Leopard_Toad,0.3860,4519.8,1683.9,4606.2,1933.2
/srv/shared_leopard_toad/2024/02.10.2024/5R/107MEDIA/DSCF0581.JPG,DSCF0581.JPG,5R/107MEDIA,2,Western_Leopard_Toad,0.3367,4522.4,1753.0,4603.6,1935.0
/srv/shared_leopard_toad/2024/02.10.2024/5R/107MEDIA/DSCF0486.JPG,DSCF0486.JPG,5R/107MEDIA,2,Western_Leopard_Toad,0.2874,4521.9,1722.4,4604.1,1935.2
/srv/shared_leopard_toad/2024/02.10.2024/5R/107MEDIA/DSCF0026.JPG,DSCF0026.JPG,5R/107MEDIA,0,Other_Amphibian,0.3052,1555.9,-1.1,1663.8,95.6
/srv/shared_leopard_toad/2024/02.10.2024/5R/107MEDIA/DSCF0526.JPG,DSCF0526.JPG,5R/107MEDIA,2,Western_Leopard_Toad,0.3540,4523.4,1687.9,4607.1,1934.3
/srv/shared_leopard_toad/2024/02.10.2024/5R/107MEDIA/DSCF0380.JPG,DSCF0380.JPG,5R/107MEDIA,2,Western_Leopard_Toad,0.4209,4522.6,1766.4,4603.4,1934.3
/srv/shared_leopard_toad/2024/02.10.2024/5R/107MEDIA/DSCF0568.JPG,DSCF0568.JPG,5R/107MEDIA,2,Western_Leopard_Toad,0.3049,4521.4,1739.6,4604.6,1938.3
/srv/shared_leopard_toad/2024/02.10.2024/5R/107MEDIA/DSCF0982.JPG,DSCF0982.JPG,5R/107MEDIA,2,Western_Leopard_Toad,0.3760,4525.2,1748.3,4605.3,1937.2
/srv/shared_leopard_toad/2024/02.10.2024/5R/107MEDIA/DSCF0854.JPG,DSCF0854.JPG,5R/107MEDIA,2,Western_Leopard_Toad,0.3293,4522.8,1749.9,4603.2,1938.1
/srv/shared_leopard_toad/2024/02.10.2024/5R/107MEDIA/DSCF0409.JPG,DSCF0409.JPG,5R/107MEDIA,2,Western_Leopard_Toad,0.2559,4524.6,1683.4,4605.9,1938.9
/srv/shared_leopard_toad/2024/02.10.2024/5R/107MEDIA/DSCF0343.JPG,DSCF0343.JPG,5R/107MEDIA,2,Western_Leopard_Toad,0.3174,4523.7,1754.6,4602.3,1935.9
/srv/shared_leopard_toad/2024/02.10.2024/5R/107MEDIA/DSCF0906.JPG,DSCF0906.JPG,5R/107MEDIA,2,Western_Leopard_Toad,0.4539,4528.7,1756.3,4606.3,1936.8
/srv/shared_leopard_toad/2024/02.10.2024/5R/107MEDIA/DSCF0572.JPG,DSCF0572.JPG,5R/107MEDIA,2,Western_Leopard_Toad,0.3652,4521.0,1763.9,4605.0,1931.7
/srv/shared_leopard_toad/2024/02.10.2024/5R/107MEDIA/DSCF0301.JPG,DSCF0301.JPG,5R/107MEDIA,2,Western_Leopard_Toad,0.3511,4534.1,1750.5,4605.4,1932.5
/srv/shared_leopard_toad/2024/02.10.2024/5R/107MEDIA/DSCF0544.JPG,DSCF0544.JPG,5R/107MEDIA,2,Western_Leopard_Toad,0.3196,4521.9,1758.7,4604.1,1934.4
/srv/shared_leopard_toad/2024/02.10.2024/5R/107MEDIA/DSCF0769.JPG,DSCF0769.JPG,5R/107MEDIA,2,Western_Leopard_Toad,0.3120,4520.5,1682.2,4605.5,1932.5
/srv/shared_leopard_toad/2024/02.10.2024/5R/107MEDIA/DSCF0596.JPG,DSCF0596.JPG,5R/107MEDIA,2,Western_Leopard_Toad,0.4700,4523.5,1678.7,4607.0,1933.4
/srv/shared_leopard_toad/2024/02.10.2024/5R/107MEDIA/DSCF0924.JPG,DSCF0924.JPG,5R/107MEDIA,2,Western_Leopard_Toad,0.3169,4526.4,1766.3,4604.1,1937.0
/srv/shared_leopard_toad/2024/02.10.2024/5R/107MEDIA/DSCF0184.JPG,DSCF0184.JPG,5R/107MEDIA,0,Other_Amphibian,0.3440,1954.9,-1.5,2131.1,104.7
/srv/shared_leopard_toad/2024/02.10.2024/5R/107MEDIA/DSCF0237.JPG,DSCF0237.JPG,5R/107MEDIA,0,Other_Amphibian,0.3748,1958.8,-1.7,2129.5,106.9
/srv/shared_leopard_toad/2024/02.10.2024/5R/107MEDIA/DSCF0373.JPG,DSCF0373.JPG,5R/107MEDIA,2,Western_Leopard_Toad,0.3262,4524.9,1686.0,4605.6,1933.6
/srv/shared_leopard_toad/2024/02.10.2024/5R/107MEDIA/DSCF0871.JPG,DSCF0871.JPG,5R/107MEDIA,2,Western_Leopard_Toad,0.3677,4523.4,1684.2,4607.1,1933.0
/srv/shared_leopard_toad/2024/02.10.2024/5R/107MEDIA/DSCF0118.JPG,DSCF0118.JPG,5R/107MEDIA,0,Other_Amphibian,0.2382,1960.2,-1.9,2128.1,101.0
/srv/shared_leopard_toad/2024/02.10.2024/5R/107MEDIA/DSCF0944.JPG,DSCF0944.JPG,5R/107MEDIA,2,Western_Leopard_Toad,0.2698,4526.1,1678.6,4604.4,1936.0
/srv/shared_leopard_toad/2024/02.10.2024/5R/107MEDIA/DSCF0580.JPG,DSCF0580.JPG,5R/107MEDIA,2,Western_Leopard_Toad,0.3408,4524.4,1724.1,4606.1,1933.6
/srv/shared_leopard_toad/2024/02.10.2024/5R/107MEDIA/DSCF0060.JPG,DSCF0060.JPG,5R/107MEDIA,0,Other_Amphibian,0.3149,1967.2,-1.6,2121.0,96.4
/srv/shared_leopard_toad/2024/02.10.2024/5R/107MEDIA/DSCF0949.JPG,DSCF0949.JPG,5R/107MEDIA,2,Western_Leopard_Toad,0.2666,4526.0,1688.4,4604.5,1933.8
/srv/shared_leopard_toad/2024/02.10.2024/5R/107MEDIA/DSCF0736.JPG,DSCF0736.JPG,5R/107MEDIA,2,Western_Leopard_Toad,0.3284,4524.6,1682.9,4605.9,1931.7
/srv/shared_leopard_toad/2024/02.10.2024/5R/107MEDIA/DSCF0873.JPG,DSCF0873.JPG,5R/107MEDIA,2,Western_Leopard_Toad,0.2654,4524.4,1700.3,4606.1,1934.6
/srv/shared_leopard_toad/2024/02.10.2024/5R/107MEDIA/DSCF0505.JPG,DSCF0505.JPG,5R/107MEDIA,2,Western_Leopard_Toad,0.5991,4522.9,1763.8,4607.6,1929.3
/srv/shared_leopard_toad/2024/02.10.2024/5R/107MEDIA/DSCF0672.JPG,DSCF0672.JPG,5R/107MEDIA,2,Western_Leopard_Toad,0.2703,4519.7,1695.9,4606.3,1934.0
/srv/shared_leopard_toad/2024/02.10.2024/5R/107MEDIA/DSCF0312.JPG,DSCF0312.JPG,5R/107MEDIA,2,Western_Leopard_Toad,0.3379,4529.8,1698.5,4605.2,1928.7
/srv/shared_leopard_toad/2024/02.10.2024/5R/107MEDIA/DSCF0426.JPG,DSCF0426.JPG,5R/107MEDIA,2,Western_Leopard_Toad,0.2844,4525.4,1697.5,4605.1,1937.4
/srv/shared_leopard_toad/2024/02.10.2024/5R/107MEDIA/DSCF0534.JPG,DSCF0534.JPG,5R/107MEDIA,2,Western_Leopard_Toad,0.4902,4523.0,1680.2,4607.5,1934.4
/srv/shared_leopard_toad/2024/02.10.2024/5R/107MEDIA/DSCF0041.JPG,DSCF0041.JPG,5R/107MEDIA,0,Other_Amphibian,0.4382,1555.5,-1.5,1673.3,102.6
/srv/shared_leopard_toad/2024/02.10.2024/5R/107MEDIA/DSCF0254.JPG,DSCF0254.JPG,5R/107MEDIA,0,Other_Amphibian,0.4202,1964.1,-2.1,2148.9,103.9
/srv/shared_leopard_toad/2024/02.10.2024/5R/107MEDIA/DSCF0970.JPG,DSCF0970.JPG,5R/107MEDIA,2,Western_Leopard_Toad,0.2974,4527.3,1767.4,4603.2,1935.9
/srv/shared_leopard_toad/2024/02.10.2024/5R/107MEDIA/DSCF0781.JPG,DSCF0781.JPG,5R/107MEDIA,2,Western_Leopard_Toad,0.4519,4522.2,1766.7,4603.8,1934.0
/srv/shared_leopard_toad/2024/02.10.2024/5R/107MEDIA/DSCF0634.JPG,DSCF0634.JPG,5R/107MEDIA,2,Western_Leopard_Toad,0.3362,4520.4,1697.1,4605.6,1932.7
/srv/shared_leopard_toad/2024/02.10.2024/5R/107MEDIA/DSCF0896.JPG,DSCF0896.JPG,5R/107MEDIA,2,Western_Leopard_Toad,0.2554,4523.6,1692.5,4602.4,1932.3
/srv/shared_leopard_toad/2024/02.10.2024/5R/107MEDIA/DSCF0419.JPG,DSCF0419.JPG,5R/107MEDIA,2,Western_Leopard_Toad,0.3391,4521.7,1686.7,4604.3,1935.5
/srv/shared_leopard_toad/2024/02.10.2024/5R/107MEDIA/DSCF0528.JPG,DSCF0528.JPG,5R/107MEDIA,2,Western_Leopard_Toad,0.4824,4521.2,1680.9,4604.8,1931.2
/srv/shared_leopard_toad/2024/02.10.2024/5R/107MEDIA/DSCF0008.JPG,DSCF0008.JPG,5R/107MEDIA,0,Other_Amphibian,0.3958,1557.0,-1.3,1669.5,96.0
/srv/shared_leopard_toad/2024/02.10.2024/5R/107MEDIA/DSCF0303.JPG,DSCF0303.JPG,5R/107MEDIA,2,Western_Leopard_Toad,0.4421,4533.9,1756.5,4605.6,1931.6
/srv/shared_leopard_toad/2024/02.10.2024/5R/107MEDIA/DSCF0155.JPG,DSCF0155.JPG,5R/107MEDIA,0,Other_Amphibian,0.2705,1960.2,-1.4,2137.1,101.3
/srv/shared_leopard_toad/2024/02.10.2024/5R/107MEDIA/DSCF0644.JPG,DSCF0644.JPG,5R/107MEDIA,2,Western_Leopard_Toad,0.2549,4520.9,1724.7,4605.1,1935.5
/srv/shared_leopard_toad/2024/02.10.2024/5R/107MEDIA/DSCF0220.JPG,DSCF0220.JPG,5R/107MEDIA,0,Other_Amphibian,0.3833,1957.9,-2.1,2141.6,105.1
/srv/shared_leopard_toad/2024/02.10.2024/5R/107MEDIA/DSCF0220.JPG,DSCF0220.JPG,5R/107MEDIA,0,Other_Amphibian,0.2766,1954.5,-2.1,2151.8,105.0
/srv/shared_leopard_toad/2024/02.10.2024/5R/107MEDIA/DSCF0515.JPG,DSCF0515.JPG,5R/107MEDIA,2,Western_Leopard_Toad,0.3767,4520.7,1679.8,4605.3,1932.3
/srv/shared_leopard_toad/2024/02.10.2024/5R/107MEDIA/DSCF0837.JPG,DSCF0837.JPG,5R/107MEDIA,2,Western_Leopard_Toad,0.3186,4522.4,1755.3,4603.6,1935.2
/srv/shared_leopard_toad/2024/02.10.2024/5R/107MEDIA/DSCF0853.JPG,DSCF0853.JPG,5R/107MEDIA,2,Western_Leopard_Toad,0.2881,4522.6,1765.2,4603.4,1933.0
/srv/shared_leopard_toad/2024/02.10.2024/5R/107MEDIA/DSCF0661.JPG,DSCF0661.JPG,5R/107MEDIA,2,Western_Leopard_Toad,0.3406,4522.0,1758.8,4604.0,1934.3
/srv/shared_leopard_toad/2024/02.10.2024/5R/107MEDIA/DSCF0858.JPG,DSCF0858.JPG,5R/107MEDIA,2,Western_Leopard_Toad,0.2717,4526.9,1752.8,4603.6,1937.8
/srv/shared_leopard_toad/2024/02.10.2024/5R/107MEDIA/DSCF0988.JPG,DSCF0988.JPG,5R/107MEDIA,2,Western_Leopard_Toad,0.3638,4526.3,1754.8,4604.2,1938.3
/srv/shared_leopard_toad/2024/02.10.2024/5R/107MEDIA/DSCF0006.JPG,DSCF0006.JPG,5R/107MEDIA,0,Other_Amphibian,0.2781,1555.3,-1.4,1662.2,95.5
/srv/shared_leopard_toad/2024/02.10.2024/5R/107MEDIA/DSCF0508.JPG,DSCF0508.JPG,5R/107MEDIA,2,Western_Leopard_Toad,0.3979,4523.2,1682.0,4607.3,1932.6
/srv/shared_leopard_toad/2024/02.10.2024/5R/107MEDIA/DSCF0608.JPG,DSCF0608.JPG,5R/107MEDIA,2,Western_Leopard_Toad,0.4258,4520.4,1681.8,4605.6,1932.8
/srv/shared_leopard_toad/2024/02.10.2024/5R/107MEDIA/DSCF0532.JPG,DSCF0532.JPG,5R/107MEDIA,2,Western_Leopard_Toad,0.4648,4521.7,1684.0,4604.3,1938.2
/srv/shared_leopard_toad/2024/02.10.2024/5R/107MEDIA/DSCF0556.JPG,DSCF0556.JPG,5R/107MEDIA,2,Western_Leopard_Toad,0.3093,4521.5,1682.2,4604.5,1932.5
/srv/shared_leopard_toad/2024/02.10.2024/5R/107MEDIA/DSCF0862.JPG,DSCF0862.JPG,5R/107MEDIA,2,Western_Leopard_Toad,0.3362,4523.0,1681.5,4603.0,1933.1
/srv/shared_leopard_toad/2024/02.10.2024/5R/107MEDIA/DSCF0057.JPG,DSCF0057.JPG,5R/107MEDIA,0,Other_Amphibian,0.5615,1965.2,-1.8,2116.3,97.3
/srv/shared_leopard_toad/2024/02.10.2024/5R/107MEDIA/DSCF0758.JPG,DSCF0758.JPG,5R/107MEDIA,2,Western_Leopard_Toad,0.3557,4519.9,1691.6,4606.1,1933.2
/srv/shared_leopard_toad/2024/02.10.2024/5R/107MEDIA/DSCF0652.JPG,DSCF0652.JPG,5R/107MEDIA,2,Western_Leopard_Toad,0.3997,4520.9,1685.3,4605.1,1931.9
/srv/shared_leopard_toad/2024/02.10.2024/5R/107MEDIA/DSCF0165.JPG,DSCF0165.JPG,5R/107MEDIA,0,Other_Amphibian,0.3135,1959.3,-1.3,2131.2,106.2
/srv/shared_leopard_toad/2024/02.10.2024/5R/107MEDIA/DSCF0615.JPG,DSCF0615.JPG,5R/107MEDIA,2,Western_Leopard_Toad,0.3281,4524.8,1736.1,4605.8,1934.2
/srv/shared_leopard_toad/2024/02.10.2024/5R/107MEDIA/DSCF0258.JPG,DSCF0258.JPG,5R/107MEDIA,0,Other_Amphibian,0.5322,1964.0,-2.1,2151.2,101.1
/srv/shared_leopard_toad/2024/02.10.2024/5R/107MEDIA/DSCF0346.JPG,DSCF0346.JPG,5R/107MEDIA,2,Western_Leopard_Toad,0.2800,4526.3,1680.9,4604.2,1931.2
/srv/shared_leopard_toad/2024/02.10.2024/5R/107MEDIA/DSCF0723.JPG,DSCF0723.JPG,5R/107MEDIA,2,Western_Leopard_Toad,0.3396,4520.7,1758.8,4605.3,1934.3
/srv/shared_leopard_toad/2024/02.10.2024/5R/107MEDIA/DSCF0878.JPG,DSCF0878.JPG,5R/107MEDIA,2,Western_Leopard_Toad,0.3730,4522.2,1755.7,4603.8,1934.9
/srv/shared_leopard_toad/2024/02.10.2024/5R/107MEDIA/DSCF0432.JPG,DSCF0432.JPG,5R/107MEDIA,2,Western_Leopard_Toad,0.3101,4525.2,1682.3,4605.3,1937.4
/srv/shared_leopard_toad/2024/02.10.2024/5R/107MEDIA/DSCF0174.JPG,DSCF0174.JPG,5R/107MEDIA,0,Other_Amphibian,0.2106,1959.0,-1.5,2136.0,106.0
/srv/shared_leopard_toad/2024/02.10.2024/5R/107MEDIA/DSCF0761.JPG,DSCF0761.JPG,5R/107MEDIA,2,Western_Leopard_Toad,0.3293,4519.5,1702.5,4606.5,1932.4
/srv/shared_leopard_toad/2024/02.10.2024/5R/107MEDIA/DSCF0248.JPG,DSCF0248.JPG,5R/107MEDIA,0,Other_Amphibian,0.3259,1959.2,-2.5,2135.8,106.2
/srv/shared_leopard_toad/2024/02.10.2024/5R/107MEDIA/DSCF0117.JPG,DSCF0117.JPG,5R/107MEDIA,0,Other_Amphibian,0.3252,1962.8,-1.3,2132.2,99.5
/srv/shared_leopard_toad/2024/02.10.2024/5R/107MEDIA/DSCF0833.JPG,DSCF0833.JPG,5R/107MEDIA,2,Western_Leopard_Toad,0.3542,4520.2,1689.1,4605.8,1933.2
/srv/shared_leopard_toad/2024/02.10.2024/5R/107MEDIA/DSCF0152.JPG,DSCF0152.JPG,5R/107MEDIA,0,Other_Amphibian,0.2988,1959.8,-1.6,2139.8,105.2
/srv/shared_leopard_toad/2024/02.10.2024/5R/107MEDIA/DSCF0405.JPG,DSCF0405.JPG,5R/107MEDIA,2,Western_Leopard_Toad,0.3184,4521.7,1684.2,4604.3,1930.5
/srv/shared_leopard_toad/2024/02.10.2024/5R/107MEDIA/DSCF0989.JPG,DSCF0989.JPG,5R/107MEDIA,2,Western_Leopard_Toad,0.3459,4524.9,1734.9,4605.6,1940.5
/srv/shared_leopard_toad/2024/02.10.2024/5R/107MEDIA/DSCF0036.JPG,DSCF0036.JPG,5R/107MEDIA,0,Other_Amphibian,0.4077,1555.5,-1.6,1675.5,101.9
/srv/shared_leopard_toad/2024/02.10.2024/5R/107MEDIA/DSCF0052.JPG,DSCF0052.JPG,5R/107MEDIA,0,Other_Amphibian,0.5439,1964.0,-2.3,2115.3,97.7
/srv/shared_leopard_toad/2024/02.10.2024/5R/107MEDIA/DSCF0754.JPG,DSCF0754.JPG,5R/107MEDIA,2,Western_Leopard_Toad,0.3535,4523.7,1682.4,4606.8,1932.2
/srv/shared_leopard_toad/2024/02.10.2024/5R/107MEDIA/DSCF0189.JPG,DSCF0189.JPG,5R/107MEDIA,0,Other_Amphibian,0.2607,1957.8,-1.6,2132.7,104.5
/srv/shared_leopard_toad/2024/02.10.2024/5R/107MEDIA/DSCF0171.JPG,DSCF0171.JPG,5R/107MEDIA,0,Other_Amphibian,0.3208,1954.7,-1.9,2133.6,107.1
/srv/shared_leopard_toad/2024/02.10.2024/5R/107MEDIA/DSCF0040.JPG,DSCF0040.JPG,5R/107MEDIA,0,Other_Amphibian,0.3640,1553.9,-1.6,1672.6,102.1
/srv/shared_leopard_toad/2024/02.10.2024/5R/107MEDIA/DSCF0315.JPG,DSCF0315.JPG,5R/107MEDIA,2,Western_Leopard_Toad,0.2751,4530.3,1691.0,4604.7,1931.3
/srv/shared_leopard_toad/2024/02.10.2024/5R/107MEDIA/DSCF0288.JPG,DSCF0288.JPG,5R/107MEDIA,0,Other_Amphibian,0.2496,1960.8,-2.7,2152.2,105.6
/srv/shared_leopard_toad/2024/02.10.2024/5R/107MEDIA/DSCF0288.JPG,DSCF0288.JPG,5R/107MEDIA,0,Other_Amphibian,0.2161,1957.5,-1.6,2160.0,106.0
/srv/shared_leopard_toad/2024/02.10.2024/5R/107MEDIA/DSCF0423.JPG,DSCF0423.JPG,5R/107MEDIA,2,Western_Leopard_Toad,0.3640,4525.8,1677.0,4604.7,1937.6
/srv/shared_leopard_toad/2024/02.10.2024/5R/107MEDIA/DSCF0045.JPG,DSCF0045.JPG,5R/107MEDIA,0,Other_Amphibian,0.2708,1555.7,-1.8,1684.3,99.6
/srv/shared_leopard_toad/2024/02.10.2024/5R/107MEDIA/DSCF0264.JPG,DSCF0264.JPG,5R/107MEDIA,0,Other_Amphibian,0.3430,1961.9,-1.7,2151.1,102.4
/srv/shared_leopard_toad/2024/02.10.2024/5R/107MEDIA/DSCF0264.JPG,DSCF0264.JPG,5R/107MEDIA,0,Other_Amphibian,0.2996,1958.8,-1.1,2154.2,102.4
/srv/shared_leopard_toad/2024/02.10.2024/5R/107MEDIA/DSCF0145.JPG,DSCF0145.JPG,5R/107MEDIA,0,Other_Amphibian,0.3318,1958.7,-1.5,2136.3,102.6
/srv/shared_leopard_toad/2024/02.10.2024/5R/107MEDIA/DSCF0284.JPG,DSCF0284.JPG,5R/107MEDIA,0,Other_Amphibian,0.3784,1962.5,-2.4,2143.8,103.1
/srv/shared_leopard_toad/2024/02.10.2024/5R/107MEDIA/DSCF0504.JPG,DSCF0504.JPG,5R/107MEDIA,2,Western_Leopard_Toad,0.3118,4521.2,1694.6,4604.8,1932.7
/srv/shared_leopard_toad/2024/02.10.2024/5R/107MEDIA/DSCF0637.JPG,DSCF0637.JPG,5R/107MEDIA,2,Western_Leopard_Toad,0.3521,4520.8,1749.5,4605.2,1936.0
/srv/shared_leopard_toad/2024/02.10.2024/5R/107MEDIA/DSCF0271.JPG,DSCF0271.JPG,5R/107MEDIA,0,Other_Amphibian,0.2881,1965.4,-2.3,2147.6,101.4
/srv/shared_leopard_toad/2024/02.10.2024/5R/107MEDIA/DSCF0271.JPG,DSCF0271.JPG,5R/107MEDIA,0,Other_Amphibian,0.2086,1962.2,-2.9,2150.8,100.4
/srv/shared_leopard_toad/2024/02.10.2024/5R/107MEDIA/DSCF0648.JPG,DSCF0648.JPG,5R/107MEDIA,2,Western_Leopard_Toad,0.2898,4521.9,1746.3,4604.1,1936.6
/srv/shared_leopard_toad/2024/02.10.2024/5R/107MEDIA/DSCF0096.JPG,DSCF0096.JPG,5R/107MEDIA,0,Other_Amphibian,0.2356,1961.2,-1.6,2138.3,100.0
/srv/shared_leopard_toad/2024/02.10.2024/5R/107MEDIA/DSCF0053.JPG,DSCF0053.JPG,5R/107MEDIA,0,Other_Amphibian,0.4326,1963.0,-1.8,2116.3,98.5
/srv/shared_leopard_toad/2024/02.10.2024/5R/107MEDIA/DSCF0740.JPG,DSCF0740.JPG,5R/107MEDIA,2,Western_Leopard_Toad,0.3215,4523.4,1764.4,4602.6,1933.8
/srv/shared_leopard_toad/2024/02.10.2024/5R/107MEDIA/DSCF0384.JPG,DSCF0384.JPG,5R/107MEDIA,2,Western_Leopard_Toad,0.2852,4522.0,1679.3,4604.0,1935.3
/srv/shared_leopard_toad/2024/02.10.2024/5R/107MEDIA/DSCF0149.JPG,DSCF0149.JPG,5R/107MEDIA,0,Other_Amphibian,0.3284,1960.0,-1.8,2135.0,104.3
/srv/shared_leopard_toad/2024/02.10.2024/5R/107MEDIA/DSCF0231.JPG,DSCF0231.JPG,5R/107MEDIA,0,Other_Amphibian,0.3696,1955.1,-1.6,2139.9,106.4
/srv/shared_leopard_toad/2024/02.10.2024/5R/107MEDIA/DSCF0231.JPG,DSCF0231.JPG,5R/107MEDIA,0,Other_Amphibian,0.2510,1951.0,-1.9,2150.8,106.5
/srv/shared_leopard_toad/2024/02.10.2024/5R/107MEDIA/DSCF0731.JPG,DSCF0731.JPG,5R/107MEDIA,2,Western_Leopard_Toad,0.4783,4520.9,1686.8,4605.1,1930.4
/srv/shared_leopard_toad/2024/02.10.2024/5R/107MEDIA/DSCF0479.JPG,DSCF0479.JPG,5R/107MEDIA,2,Western_Leopard_Toad,0.2754,4523.0,1682.9,4603.0,1939.3
/srv/shared_leopard_toad/2024/02.10.2024/5R/107MEDIA/DSCF0247.JPG,DSCF0247.JPG,5R/107MEDIA,0,Other_Amphibian,0.3208,1958.2,-1.6,2136.8,104.6
/srv/shared_leopard_toad/2024/02.10.2024/5R/107MEDIA/DSCF0898.JPG,DSCF0898.JPG,5R/107MEDIA,2,Western_Leopard_Toad,0.4185,4523.3,1677.0,4602.7,1932.5
/srv/shared_leopard_toad/2024/02.10.2024/5R/107MEDIA/DSCF0307.JPG,DSCF0307.JPG,5R/107MEDIA,2,Western_Leopard_Toad,0.3586,4530.6,1750.4,4604.4,1932.6
/srv/shared_leopard_toad/2024/02.10.2024/5R/107MEDIA/DSCF0268.JPG,DSCF0268.JPG,5R/107MEDIA,0,Other_Amphibian,0.4517,1962.6,-1.8,2150.4,102.3
/srv/shared_leopard_toad/2024/02.10.2024/5R/107MEDIA/DSCF0716.JPG,DSCF0716.JPG,5R/107MEDIA,2,Western_Leopard_Toad,0.2754,4521.7,1749.2,4604.3,1938.9
/srv/shared_leopard_toad/2024/02.10.2024/5R/107MEDIA/DSCF0963.JPG,DSCF0963.JPG,5R/107MEDIA,2,Western_Leopard_Toad,0.3450,4522.4,1685.8,4603.6,1936.4
/srv/shared_leopard_toad/2024/02.10.2024/5R/107MEDIA/DSCF0663.JPG,DSCF0663.JPG,5R/107MEDIA,2,Western_Leopard_Toad,0.4951,4520.2,1764.9,4605.8,1930.7
/srv/shared_leopard_toad/2024/02.10.2024/5R/107MEDIA/DSCF0931.JPG,DSCF0931.JPG,5R/107MEDIA,2,Western_Leopard_Toad,0.2832,4526.1,1717.9,4604.4,1934.7
/srv/shared_leopard_toad/2024/02.10.2024/5R/107MEDIA/DSCF0106.JPG,DSCF0106.JPG,5R/107MEDIA,0,Other_Amphibian,0.2292,1961.8,-2.0,2135.5,101.7
/srv/shared_leopard_toad/2024/02.10.2024/5R/107MEDIA/DSCF0246.JPG,DSCF0246.JPG,5R/107MEDIA,0,Other_Amphibian,0.3108,1955.3,-1.5,2132.9,105.6
/srv/shared_leopard_toad/2024/02.10.2024/5R/107MEDIA/DSCF0978.JPG,DSCF0978.JPG,5R/107MEDIA,2,Western_Leopard_Toad,0.2585,4525.5,1719.1,4605.0,1938.5
/srv/shared_leopard_toad/2024/02.10.2024/5R/107MEDIA/DSCF0704.JPG,DSCF0704.JPG,5R/107MEDIA,2,Western_Leopard_Toad,0.2593,4525.4,1717.7,4605.1,1932.4
/srv/shared_leopard_toad/2024/02.10.2024/5R/107MEDIA/DSCF0148.JPG,DSCF0148.JPG,5R/107MEDIA,0,Other_Amphibian,0.2766,1960.0,-1.9,2135.0,102.8
/srv/shared_leopard_toad/2024/02.10.2024/5R/107MEDIA/DSCF0842.JPG,DSCF0842.JPG,5R/107MEDIA,2,Western_Leopard_Toad,0.2673,4521.9,1682.4,4604.1,1932.2
/srv/shared_leopard_toad/2024/02.10.2024/5R/107MEDIA/DSCF0178.JPG,DSCF0178.JPG,5R/107MEDIA,0,Other_Amphibian,0.3413,1959.9,-1.7,2135.1,104.5
/srv/shared_leopard_toad/2024/02.10.2024/5R/107MEDIA/DSCF0738.JPG,DSCF0738.JPG,5R/107MEDIA,2,Western_Leopard_Toad,0.3936,4525.4,1763.7,4605.1,1931.9
/srv/shared_leopard_toad/2024/02.10.2024/5R/107MEDIA/DSCF0739.JPG,DSCF0739.JPG,5R/107MEDIA,2,Western_Leopard_Toad,0.3550,4524.0,1689.9,4606.5,1932.3
/srv/shared_leopard_toad/2024/02.10.2024/5R/107MEDIA/DSCF0576.JPG,DSCF0576.JPG,5R/107MEDIA,2,Western_Leopard_Toad,0.2717,4522.6,1706.1,4603.4,1931.3
/srv/shared_leopard_toad/2024/02.10.2024/5R/107MEDIA/DSCF0856.JPG,DSCF0856.JPG,5R/107MEDIA,2,Western_Leopard_Toad,0.3271,4524.9,1680.4,4605.6,1934.2
/srv/shared_leopard_toad/2024/02.10.2024/5R/107MEDIA/DSCF0607.JPG,DSCF0607.JPG,5R/107MEDIA,2,Western_Leopard_Toad,0.2908,4521.2,1688.2,4604.8,1934.0
/srv/shared_leopard_toad/2024/02.10.2024/5R/107MEDIA/DSCF0252.JPG,DSCF0252.JPG,5R/107MEDIA,0,Other_Amphibian,0.3716,1957.7,-1.7,2141.8,103.0
/srv/shared_leopard_toad/2024/02.10.2024/5R/107MEDIA/DSCF0472.JPG,DSCF0472.JPG,5R/107MEDIA,2,Western_Leopard_Toad,0.3201,4520.7,1681.1,4605.3,1933.6
/srv/shared_leopard_toad/2024/02.10.2024/5R/107MEDIA/DSCF0788.JPG,DSCF0788.JPG,5R/107MEDIA,2,Western_Leopard_Toad,0.4641,4522.6,1684.9,4607.9,1934.7
/srv/shared_leopard_toad/2024/02.10.2024/5R/107MEDIA/DSCF0536.JPG,DSCF0536.JPG,5R/107MEDIA,2,Western_Leopard_Toad,0.3276,4519.9,1686.0,4606.1,1936.2
/srv/shared_leopard_toad/2024/02.10.2024/5R/107MEDIA/DSCF0448.JPG,DSCF0448.JPG,5R/107MEDIA,2,Western_Leopard_Toad,0.2642,4520.9,1695.0,4605.1,1934.8
/srv/shared_leopard_toad/2024/02.10.2024/5R/107MEDIA/DSCF0683.JPG,DSCF0683.JPG,5R/107MEDIA,2,Western_Leopard_Toad,0.4153,4520.6,1685.2,4605.4,1934.5
/srv/shared_leopard_toad/2024/02.10.2024/5R/107MEDIA/DSCF0449.JPG,DSCF0449.JPG,5R/107MEDIA,2,Western_Leopard_Toad,0.2998,4520.7,1682.4,4605.3,1932.2
/srv/shared_leopard_toad/2024/02.10.2024/5R/107MEDIA/DSCF0287.JPG,DSCF0287.JPG,5R/107MEDIA,0,Other_Amphibian,0.2299,1960.7,-2.5,2154.6,104.7
/srv/shared_leopard_toad/2024/02.10.2024/5R/107MEDIA/DSCF0494.JPG,DSCF0494.JPG,5R/107MEDIA,2,Western_Leopard_Toad,0.2678,4524.1,1693.3,4606.4,1931.4
/srv/shared_leopard_toad/2024/02.10.2024/5R/107MEDIA/DSCF0908.JPG,DSCF0908.JPG,5R/107MEDIA,2,Western_Leopard_Toad,0.5312,4524.9,1674.6,4605.6,1932.5
/srv/shared_leopard_toad/2024/02.10.2024/5R/107MEDIA/DSCF0386.JPG,DSCF0386.JPG,5R/107MEDIA,2,Western_Leopard_Toad,0.2720,4521.1,1683.6,4604.9,1936.1
/srv/shared_leopard_toad/2024/02.10.2024/5R/107MEDIA/DSCF0134.JPG,DSCF0134.JPG,5R/107MEDIA,0,Other_Amphibian,0.3784,1961.4,-1.3,2138.1,103.1
/srv/shared_leopard_toad/2024/02.10.2024/5R/107MEDIA/DSCF0023.JPG,DSCF0023.JPG,5R/107MEDIA,0,Other_Amphibian,0.3345,1556.1,-1.5,1668.2,98.4
/srv/shared_leopard_toad/2024/02.10.2024/5R/107MEDIA/DSCF0399.JPG,DSCF0399.JPG,5R/107MEDIA,2,Western_Leopard_Toad,0.3298,4524.8,1752.4,4605.8,1935.6
/srv/shared_leopard_toad/2024/02.10.2024/5R/107MEDIA/DSCF0158.JPG,DSCF0158.JPG,5R/107MEDIA,0,Other_Amphibian,0.2932,1960.9,-1.6,2138.6,105.6
/srv/shared_leopard_toad/2024/02.10.2024/5R/107MEDIA/DSCF0158.JPG,DSCF0158.JPG,5R/107MEDIA,0,Other_Amphibian,0.2280,1956.5,-3.0,2149.7,104.1
/srv/shared_leopard_toad/2024/02.10.2024/5R/107MEDIA/DSCF0474.JPG,DSCF0474.JPG,5R/107MEDIA,2,Western_Leopard_Toad,0.3479,4521.3,1686.0,4604.7,1933.6
/srv/shared_leopard_toad/2024/02.10.2024/5R/107MEDIA/DSCF0872.JPG,DSCF0872.JPG,5R/107MEDIA,2,Western_Leopard_Toad,0.4705,4526.4,1726.3,4604.1,1936.4
/srv/shared_leopard_toad/2024/02.10.2024/5R/107MEDIA/DSCF0892.JPG,DSCF0892.JPG,5R/107MEDIA,2,Western_Leopard_Toad,0.3772,4525.8,1689.3,4604.7,1932.9
/srv/shared_leopard_toad/2024/02.10.2024/5R/107MEDIA/DSCF0900.JPG,DSCF0900.JPG,5R/107MEDIA,2,Western_Leopard_Toad,0.3193,4526.6,1684.2,4603.9,1933.0
/srv/shared_leopard_toad/2024/02.10.2024/5R/107MEDIA/DSCF0768.JPG,DSCF0768.JPG,5R/107MEDIA,2,Western_Leopard_Toad,0.2539,4520.7,1707.2,4605.3,1935.3
/srv/shared_leopard_toad/2024/02.10.2024/5R/107MEDIA/DSCF0877.JPG,DSCF0877.JPG,5R/107MEDIA,2,Western_Leopard_Toad,0.2793,4526.3,1697.8,4604.2,1934.6
/srv/shared_leopard_toad/2024/02.10.2024/5R/107MEDIA/DSCF0262.JPG,DSCF0262.JPG,5R/107MEDIA,0,Other_Amphibian,0.4268,1963.1,-2.4,2149.9,102.9
/srv/shared_leopard_toad/2024/02.10.2024/5R/107MEDIA/DSCF0965.JPG,DSCF0965.JPG,5R/107MEDIA,2,Western_Leopard_Toad,0.3870,4526.0,1681.1,4604.5,1933.6
/srv/shared_leopard_toad/2024/02.10.2024/5R/107MEDIA/DSCF0750.JPG,DSCF0750.JPG,5R/107MEDIA,2,Western_Leopard_Toad,0.3508,4524.6,1734.3,4605.9,1936.0
/srv/shared_leopard_toad/2024/02.10.2024/5R/107MEDIA/DSCF0223.JPG,DSCF0223.JPG,5R/107MEDIA,0,Other_Amphibian,0.2363,1958.7,-2.1,2136.3,106.2
/srv/shared_leopard_toad/2024/02.10.2024/5R/107MEDIA/DSCF0669.JPG,DSCF0669.JPG,5R/107MEDIA,2,Western_Leopard_Toad,0.4050,4524.1,1686.9,4606.4,1932.8
/srv/shared_leopard_toad/2024/02.10.2024/5R/107MEDIA/DSCF0745.JPG,DSCF0745.JPG,5R/107MEDIA,2,Western_Leopard_Toad,0.3364,4523.6,1681.1,4606.9,1933.6
/srv/shared_leopard_toad/2024/02.10.2024/5R/107MEDIA/DSCF0127.JPG,DSCF0127.JPG,5R/107MEDIA,0,Other_Amphibian,0.2991,1959.1,-1.2,2129.1,103.3
/srv/shared_leopard_toad/2024/02.10.2024/5R/107MEDIA/DSCF0601.JPG,DSCF0601.JPG,5R/107MEDIA,2,Western_Leopard_Toad,0.4790,4523.2,1751.5,4607.3,1934.0
/srv/shared_leopard_toad/2024/02.10.2024/5R/107MEDIA/DSCF0753.JPG,DSCF0753.JPG,5R/107MEDIA,2,Western_Leopard_Toad,0.3406,4521.3,1754.2,4604.7,1936.4
/srv/shared_leopard_toad/2024/02.10.2024/5R/107MEDIA/DSCF0363.JPG,DSCF0363.JPG,5R/107MEDIA,2,Western_Leopard_Toad,0.2556,4522.0,1688.2,4604.0,1934.0
/srv/shared_leopard_toad/2024/02.10.2024/5R/107MEDIA/DSCF0823.JPG,DSCF0823.JPG,5R/107MEDIA,2,Western_Leopard_Toad,0.4641,4524.0,1764.2,4606.5,1931.4
/srv/shared_leopard_toad/2024/02.10.2024/5R/107MEDIA/DSCF0154.JPG,DSCF0154.JPG,5R/107MEDIA,0,Other_Amphibian,0.3389,1957.3,-1.9,2140.0,106.0
/srv/shared_leopard_toad/2024/02.10.2024/5R/107MEDIA/DSCF0196.JPG,DSCF0196.JPG,5R/107MEDIA,0,Other_Amphibian,0.2247,1958.6,-1.7,2136.4,107.7
/srv/shared_leopard_toad/2024/02.10.2024/5R/107MEDIA/DSCF0577.JPG,DSCF0577.JPG,5R/107MEDIA,2,Western_Leopard_Toad,0.5181,4519.7,1686.9,4606.3,1932.8
/srv/shared_leopard_toad/2024/02.10.2024/5R/107MEDIA/DSCF0123.JPG,DSCF0123.JPG,5R/107MEDIA,0,Other_Amphibian,0.2869,1961.3,-1.8,2136.0,100.2
/srv/shared_leopard_toad/2024/02.10.2024/5R/107MEDIA/DSCF0123.JPG,DSCF0123.JPG,5R/107MEDIA,0,Other_Amphibian,0.2388,1957.7,-2.6,2146.3,98.7
/srv/shared_leopard_toad/2024/02.10.2024/5R/107MEDIA/DSCF0666.JPG,DSCF0666.JPG,5R/107MEDIA,2,Western_Leopard_Toad,0.3999,4521.3,1753.8,4604.7,1934.3
/srv/shared_leopard_toad/2024/02.10.2024/5R/107MEDIA/DSCF0280.JPG,DSCF0280.JPG,5R/107MEDIA,0,Other_Amphibian,0.3650,1965.7,-2.3,2147.3,102.2
/srv/shared_leopard_toad/2024/02.10.2024/5R/107MEDIA/DSCF0629.JPG,DSCF0629.JPG,5R/107MEDIA,2,Western_Leopard_Toad,0.2795,4521.2,1685.4,4604.8,1931.7
/srv/shared_leopard_toad/2024/02.10.2024/5R/107MEDIA/DSCF0675.JPG,DSCF0675.JPG,5R/107MEDIA,2,Western_Leopard_Toad,0.2983,4523.7,1684.6,4606.8,1930.0
/srv/shared_leopard_toad/2024/02.10.2024/5R/107MEDIA/DSCF0049.JPG,DSCF0049.JPG,5R/107MEDIA,0,Other_Amphibian,0.4062,1965.1,-1.1,2116.4,96.7
/srv/shared_leopard_toad/2024/02.10.2024/5R/107MEDIA/DSCF0208.JPG,DSCF0208.JPG,5R/107MEDIA,0,Other_Amphibian,0.2108,1956.0,-1.4,2139.0,103.5
/srv/shared_leopard_toad/2024/02.10.2024/5R/107MEDIA/DSCF0635.JPG,DSCF0635.JPG,5R/107MEDIA,2,Western_Leopard_Toad,0.3284,4520.2,1688.2,4605.8,1934.0
/srv/shared_leopard_toad/2024/02.10.2024/5R/107MEDIA/DSCF0065.JPG,DSCF0065.JPG,5R/107MEDIA,0,Other_Amphibian,0.2722,1962.7,-1.4,2125.5,97.4
/srv/shared_leopard_toad/2024/02.10.2024/5R/107MEDIA/DSCF0414.JPG,DSCF0414.JPG,5R/107MEDIA,2,Western_Leopard_Toad,0.2942,4524.4,1687.3,4606.1,1942.5
/srv/shared_leopard_toad/2024/02.10.2024/5R/107MEDIA/DSCF0820.JPG,DSCF0820.JPG,5R/107MEDIA,2,Western_Leopard_Toad,0.4133,4519.8,1744.5,4606.2,1935.9
/srv/shared_leopard_toad/2024/02.10.2024/5R/107MEDIA/DSCF0782.JPG,DSCF0782.JPG,5R/107MEDIA,2,Western_Leopard_Toad,0.2517,4522.0,1735.6,4604.0,1937.3
/srv/shared_leopard_toad/2024/02.10.2024/5R/107MEDIA/DSCF0074.JPG,DSCF0074.JPG,5R/107MEDIA,0,Other_Amphibian,0.3406,1963.1,-1.9,2138.7,97.5
/srv/shared_leopard_toad/2024/02.10.2024/5R/107MEDIA/DSCF0110.JPG,DSCF0110.JPG,5R/107MEDIA,0,Other_Amphibian,0.2217,1961.2,-1.1,2136.1,99.9
/srv/shared_leopard_toad/2024/02.10.2024/5R/107MEDIA/DSCF0907.JPG,DSCF0907.JPG,5R/107MEDIA,2,Western_Leopard_Toad,0.2590,4526.9,1728.1,4603.6,1937.1
/srv/shared_leopard_toad/2024/02.10.2024/5R/107MEDIA/DSCF0511.JPG,DSCF0511.JPG,5R/107MEDIA,2,Western_Leopard_Toad,0.2605,4521.7,1677.3,4604.3,1934.7
/srv/shared_leopard_toad/2024/02.10.2024/5R/107MEDIA/DSCF0503.JPG,DSCF0503.JPG,5R/107MEDIA,2,Western_Leopard_Toad,0.3147,4521.4,1681.8,4604.6,1932.8
/srv/shared_leopard_toad/2024/02.10.2024/5R/107MEDIA/DSCF0885.JPG,DSCF0885.JPG,5R/107MEDIA,2,Western_Leopard_Toad,0.4280,4522.4,1678.5,4603.6,1933.6
/srv/shared_leopard_toad/2024/02.10.2024/5R/107MEDIA/DSCF0622.JPG,DSCF0622.JPG,5R/107MEDIA,2,Western_Leopard_Toad,0.5708,4521.1,1744.3,4604.9,1936.1
/srv/shared_leopard_toad/2024/02.10.2024/5R/107MEDIA/DSCF0418.JPG,DSCF0418.JPG,5R/107MEDIA,2,Western_Leopard_Toad,0.2886,4521.9,1761.2,4604.1,1934.4
/srv/shared_leopard_toad/2024/02.10.2024/5R/107MEDIA/DSCF0211.JPG,DSCF0211.JPG,5R/107MEDIA,0,Other_Amphibian,0.2678,1955.9,-1.3,2130.1,106.7
/srv/shared_leopard_toad/2024/02.10.2024/5R/107MEDIA/DSCF0621.JPG,DSCF0621.JPG,5R/107MEDIA,2,Western_Leopard_Toad,0.3284,4521.0,1701.1,4605.0,1931.3
/srv/shared_leopard_toad/2024/02.10.2024/5R/107MEDIA/DSCF0030.JPG,DSCF0030.JPG,5R/107MEDIA,0,Other_Amphibian,0.2070,1555.7,-1.2,1670.8,98.3
/srv/shared_leopard_toad/2024/02.10.2024/5R/107MEDIA/DSCF0483.JPG,DSCF0483.JPG,5R/107MEDIA,2,Western_Leopard_Toad,0.3621,4522.4,1764.8,4603.6,1930.9
/srv/shared_leopard_toad/2024/02.10.2024/5R/107MEDIA/DSCF0121.JPG,DSCF0121.JPG,5R/107MEDIA,0,Other_Amphibian,0.2864,1961.0,-2.0,2134.0,102.5
/srv/shared_leopard_toad/2024/02.10.2024/5R/107MEDIA/DSCF0121.JPG,DSCF0121.JPG,5R/107MEDIA,0,Other_Amphibian,0.2065,1956.7,-3.2,2138.3,101.4
/srv/shared_leopard_toad/2024/02.10.2024/5R/107MEDIA/DSCF0790.JPG,DSCF0790.JPG,5R/107MEDIA,2,Western_Leopard_Toad,0.3845,4522.0,1749.3,4604.0,1936.2
/srv/shared_leopard_toad/2024/02.10.2024/5R/107MEDIA/DSCF0333.JPG,DSCF0333.JPG,5R/107MEDIA,2,Western_Leopard_Toad,0.3911,4526.3,1763.3,4604.2,1932.4
/srv/shared_leopard_toad/2024/02.10.2024/5R/107MEDIA/DSCF0482.JPG,DSCF0482.JPG,5R/107MEDIA,2,Western_Leopard_Toad,0.2810,4522.0,1686.7,4604.0,1935.5
/srv/shared_leopard_toad/2024/02.10.2024/5R/107MEDIA/DSCF0805.JPG,DSCF0805.JPG,5R/107MEDIA,2,Western_Leopard_Toad,0.2937,4519.9,1696.6,4606.1,1935.7
/srv/shared_leopard_toad/2024/02.10.2024/5R/107MEDIA/DSCF0387.JPG,DSCF0387.JPG,5R/107MEDIA,2,Western_Leopard_Toad,0.3110,4523.5,1697.1,4607.0,1932.7
/srv/shared_leopard_toad/2024/02.10.2024/5R/107MEDIA/DSCF0962.JPG,DSCF0962.JPG,5R/107MEDIA,2,Western_Leopard_Toad,0.2917,4524.9,1684.3,4605.6,1932.8
/srv/shared_leopard_toad/2024/02.10.2024/5R/107MEDIA/DSCF0867.JPG,DSCF0867.JPG,5R/107MEDIA,2,Western_Leopard_Toad,0.3655,4525.8,1752.8,4604.7,1937.8
/srv/shared_leopard_toad/2024/02.10.2024/5R/107MEDIA/DSCF0548.JPG,DSCF0548.JPG,5R/107MEDIA,2,Western_Leopard_Toad,0.4951,4520.5,1682.6,4605.5,1932.0
/srv/shared_leopard_toad/2024/02.10.2024/5R/107MEDIA/DSCF0786.JPG,DSCF0786.JPG,5R/107MEDIA,2,Western_Leopard_Toad,0.4688,4524.0,1766.5,4606.5,1931.7
/srv/shared_leopard_toad/2024/02.10.2024/5R/107MEDIA/DSCF0091.JPG,DSCF0091.JPG,5R/107MEDIA,0,Other_Amphibian,0.2986,1962.1,-1.3,2128.4,99.9
/srv/shared_leopard_toad/2024/02.10.2024/5R/107MEDIA/DSCF0942.JPG,DSCF0942.JPG,5R/107MEDIA,2,Western_Leopard_Toad,0.3689,4526.0,1759.1,4604.5,1934.0
/srv/shared_leopard_toad/2024/02.10.2024/5R/107MEDIA/DSCF0991.JPG,DSCF0991.JPG,5R/107MEDIA,2,Western_Leopard_Toad,0.2725,4523.0,1688.2,4603.0,1934.0
/srv/shared_leopard_toad/2024/02.10.2024/5R/107MEDIA/DSCF0691.JPG,DSCF0691.JPG,5R/107MEDIA,2,Western_Leopard_Toad,0.2847,4520.8,1689.5,4605.2,1932.8
/srv/shared_leopard_toad/2024/02.10.2024/5R/107MEDIA/DSCF0742.JPG,DSCF0742.JPG,5R/107MEDIA,2,Western_Leopard_Toad,0.3254,4521.1,1698.2,4604.9,1934.2
/srv/shared_leopard_toad/2024/02.10.2024/5R/107MEDIA/DSCF0632.JPG,DSCF0632.JPG,5R/107MEDIA,2,Western_Leopard_Toad,0.2551,4521.6,1693.7,4604.4,1933.6
/srv/shared_leopard_toad/2024/02.10.2024/5R/107MEDIA/DSCF0031.JPG,DSCF0031.JPG,5R/107MEDIA,0,Other_Amphibian,0.2307,1552.8,-0.8,1671.5,98.9
/srv/shared_leopard_toad/2024/02.10.2024/5R/107MEDIA/DSCF0031.JPG,DSCF0031.JPG,5R/107MEDIA,0,Other_Amphibian,0.2101,1547.8,-2.0,1674.2,101.3
/srv/shared_leopard_toad/2024/02.10.2024/5R/107MEDIA/DSCF0841.JPG,DSCF0841.JPG,5R/107MEDIA,2,Western_Leopard_Toad,0.2510,4522.0,1698.2,4604.0,1934.2
/srv/shared_leopard_toad/2024/02.10.2024/5R/107MEDIA/DSCF0191.JPG,DSCF0191.JPG,5R/107MEDIA,0,Other_Amphibian,0.3513,1955.1,-1.4,2139.9,104.4
/srv/shared_leopard_toad/2024/02.10.2024/5R/107MEDIA/DSCF0500.JPG,DSCF0500.JPG,5R/107MEDIA,2,Western_Leopard_Toad,0.2644,4521.5,1725.8,4604.5,1934.4
/srv/shared_leopard_toad/2024/02.10.2024/5R/107MEDIA/DSCF0058.JPG,DSCF0058.JPG,5R/107MEDIA,0,Other_Amphibian,0.2202,1965.9,-1.4,2124.6,96.1
/srv/shared_leopard_toad/2024/02.10.2024/5R/107MEDIA/DSCF0169.JPG,DSCF0169.JPG,5R/107MEDIA,0,Other_Amphibian,0.4465,1957.9,-1.0,2137.1,105.2
/srv/shared_leopard_toad/2024/02.10.2024/5R/107MEDIA/DSCF0706.JPG,DSCF0706.JPG,5R/107MEDIA,2,Western_Leopard_Toad,0.5410,4520.0,1758.0,4606.0,1935.1
/srv/shared_leopard_toad/2024/02.10.2024/5R/107MEDIA/DSCF0798.JPG,DSCF0798.JPG,5R/107MEDIA,2,Western_Leopard_Toad,0.5151,4523.4,1756.3,4607.1,1934.3
/srv/shared_leopard_toad/2024/02.10.2024/5R/107MEDIA/DSCF0757.JPG,DSCF0757.JPG,5R/107MEDIA,2,Western_Leopard_Toad,0.2651,4522.6,1756.3,4603.4,1936.8
/srv/shared_leopard_toad/2024/02.10.2024/5R/107MEDIA/DSCF0144.JPG,DSCF0144.JPG,5R/107MEDIA,0,Other_Amphibian,0.2732,1959.5,-1.3,2140.0,103.1
/srv/shared_leopard_toad/2024/02.10.2024/5R/107MEDIA/DSCF0904.JPG,DSCF0904.JPG,5R/107MEDIA,2,Western_Leopard_Toad,0.2961,4523.9,1743.9,4602.1,1936.6
/srv/shared_leopard_toad/2024/02.10.2024/5R/107MEDIA/DSCF0238.JPG,DSCF0238.JPG,5R/107MEDIA,0,Other_Amphibian,0.2487,1952.9,-1.7,2133.1,105.8
/srv/shared_leopard_toad/2024/02.10.2024/5R/107MEDIA/DSCF0086.JPG,DSCF0086.JPG,5R/107MEDIA,0,Other_Amphibian,0.2690,1956.3,-1.9,2134.2,104.1
/srv/shared_leopard_toad/2024/02.10.2024/5R/107MEDIA/DSCF0086.JPG,DSCF0086.JPG,5R/107MEDIA,0,Other_Amphibian,0.2140,1955.7,-3.3,2139.3,103.6
/srv/shared_leopard_toad/2024/02.10.2024/5R/107MEDIA/DSCF0735.JPG,DSCF0735.JPG,5R/107MEDIA,2,Western_Leopard_Toad,0.3386,4519.8,1698.8,4606.2,1933.6
/srv/shared_leopard_toad/2024/02.10.2024/5R/107MEDIA/DSCF0613.JPG,DSCF0613.JPG,5R/107MEDIA,2,Western_Leopard_Toad,0.3381,4523.7,1689.7,4606.8,1932.5
/srv/shared_leopard_toad/2024/02.10.2024/5R/107MEDIA/DSCF0551.JPG,DSCF0551.JPG,5R/107MEDIA,2,Western_Leopard_Toad,0.3601,4519.8,1732.2,4606.2,1935.6
/srv/shared_leopard_toad/2024/02.10.2024/5R/107MEDIA/DSCF0748.JPG,DSCF0748.JPG,5R/107MEDIA,2,Western_Leopard_Toad,0.3306,4524.3,1682.2,4606.2,1932.5
/srv/shared_leopard_toad/2024/02.10.2024/5R/107MEDIA/DSCF0192.JPG,DSCF0192.JPG,5R/107MEDIA,0,Other_Amphibian,0.2712,1958.9,-1.8,2129.3,103.9
/srv/shared_leopard_toad/2024/02.10.2024/5R/107MEDIA/DSCF0182.JPG,DSCF0182.JPG,5R/107MEDIA,0,Other_Amphibian,0.4309,1961.8,-1.3,2137.7,104.9
/srv/shared_leopard_toad/2024/02.10.2024/5R/107MEDIA/DSCF0293.JPG,DSCF0293.JPG,5R/107MEDIA,0,Other_Amphibian,0.3735,1955.0,-0.9,2151.2,103.9
/srv/shared_leopard_toad/2024/02.10.2024/5R/107MEDIA/DSCF0293.JPG,DSCF0293.JPG,5R/107MEDIA,0,Other_Amphibian,0.3289,1956.7,0.0,2160.8,104.9
/srv/shared_leopard_toad/2024/02.10.2024/5R/107MEDIA/DSCF0020.JPG,DSCF0020.JPG,5R/107MEDIA,0,Other_Amphibian,0.2098,1555.4,-1.2,1662.1,94.1
/srv/shared_leopard_toad/2024/02.10.2024/5R/107MEDIA/DSCF0195.JPG,DSCF0195.JPG,5R/107MEDIA,0,Other_Amphibian,0.2498,1956.9,-1.9,2133.6,105.6
/srv/shared_leopard_toad/2024/02.10.2024/5R/107MEDIA/DSCF0018.JPG,DSCF0018.JPG,5R/107MEDIA,0,Other_Amphibian,0.3135,1553.6,-1.2,1663.9,95.7
/srv/shared_leopard_toad/2024/02.10.2024/5R/107MEDIA/DSCF0794.JPG,DSCF0794.JPG,5R/107MEDIA,2,Western_Leopard_Toad,0.4309,4521.7,1750.0,4604.3,1938.0
/srv/shared_leopard_toad/2024/02.10.2024/5R/107MEDIA/DSCF0527.JPG,DSCF0527.JPG,5R/107MEDIA,2,Western_Leopard_Toad,0.3335,4518.3,1680.4,4603.2,1954.5
/srv/shared_leopard_toad/2024/02.10.2024/5R/107MEDIA/DSCF0940.JPG,DSCF0940.JPG,5R/107MEDIA,2,Western_Leopard_Toad,0.4983,4521.4,1676.6,4604.6,1933.0
/srv/shared_leopard_toad/2024/02.10.2024/5R/107MEDIA/DSCF0360.JPG,DSCF0360.JPG,5R/107MEDIA,2,Western_Leopard_Toad,0.2847,4525.8,1675.1,4604.7,1932.0
/srv/shared_leopard_toad/2024/02.10.2024/5R/107MEDIA/DSCF0902.JPG,DSCF0902.JPG,5R/107MEDIA,2,Western_Leopard_Toad,0.3152,4522.6,1677.4,4603.4,1932.1
/srv/shared_leopard_toad/2024/02.10.2024/5R/107MEDIA/DSCF0778.JPG,DSCF0778.JPG,5R/107MEDIA,2,Western_Leopard_Toad,0.3306,4524.0,1682.4,4606.5,1932.2
/srv/shared_leopard_toad/2024/02.10.2024/5R/107MEDIA/DSCF0883.JPG,DSCF0883.JPG,5R/107MEDIA,2,Western_Leopard_Toad,0.3157,4522.4,1751.9,4603.6,1936.1
/srv/shared_leopard_toad/2024/02.10.2024/5R/107MEDIA/DSCF0059.JPG,DSCF0059.JPG,5R/107MEDIA,0,Other_Amphibian,0.3579,1963.1,-1.3,2120.6,95.3
/srv/shared_leopard_toad/2024/02.10.2024/5R/107MEDIA/DSCF0791.JPG,DSCF0791.JPG,5R/107MEDIA,2,Western_Leopard_Toad,0.4211,4523.4,1766.4,4607.1,1934.3
/srv/shared_leopard_toad/2024/02.10.2024/5R/107MEDIA/DSCF0558.JPG,DSCF0558.JPG,5R/107MEDIA,2,Western_Leopard_Toad,0.4036,4524.6,1760.1,4605.9,1930.5
/srv/shared_leopard_toad/2024/02.10.2024/5R/107MEDIA/DSCF0826.JPG,DSCF0826.JPG,5R/107MEDIA,2,Western_Leopard_Toad,0.6064,4522.5,1754.1,4608.0,1934.0
/srv/shared_leopard_toad/2024/02.10.2024/5R/107MEDIA/DSCF0088.JPG,DSCF0088.JPG,5R/107MEDIA,0,Other_Amphibian,0.2908,1962.0,-0.8,2142.0,98.3
/srv/shared_leopard_toad/2024/02.10.2024/5R/107MEDIA/DSCF0775.JPG,DSCF0775.JPG,5R/107MEDIA,2,Western_Leopard_Toad,0.3401,4520.3,1708.0,4605.7,1934.5
/srv/shared_leopard_toad/2024/02.10.2024/5R/107MEDIA/DSCF0689.JPG,DSCF0689.JPG,5R/107MEDIA,2,Western_Leopard_Toad,0.4089,4521.9,1760.2,4604.1,1932.8
/srv/shared_leopard_toad/2024/02.10.2024/5R/107MEDIA/DSCF0278.JPG,DSCF0278.JPG,5R/107MEDIA,0,Other_Amphibian,0.4160,1962.4,-1.9,2141.6,101.8
/srv/shared_leopard_toad/2024/02.10.2024/5R/107MEDIA/DSCF0625.JPG,DSCF0625.JPG,5R/107MEDIA,2,Western_Leopard_Toad,0.3765,4521.4,1683.0,4604.6,1931.6
/srv/shared_leopard_toad/2024/02.10.2024/5R/107MEDIA/DSCF0645.JPG,DSCF0645.JPG,5R/107MEDIA,2,Western_Leopard_Toad,0.4150,4523.6,1712.6,4606.9,1932.4
/srv/shared_leopard_toad/2024/02.10.2024/5R/107MEDIA/DSCF0216.JPG,DSCF0216.JPG,5R/107MEDIA,0,Other_Amphibian,0.2993,1955.0,-1.5,2140.0,106.7
/srv/shared_leopard_toad/2024/02.10.2024/5R/107MEDIA/DSCF0050.JPG,DSCF0050.JPG,5R/107MEDIA,0,Other_Amphibian,0.5244,1963.0,-1.2,2114.0,97.7
/srv/shared_leopard_toad/2024/02.10.2024/5R/107MEDIA/DSCF0099.JPG,DSCF0099.JPG,5R/107MEDIA,0,Other_Amphibian,0.2277,1961.6,-1.3,2135.6,99.9
/srv/shared_leopard_toad/2024/02.10.2024/5R/107MEDIA/DSCF0463.JPG,DSCF0463.JPG,5R/107MEDIA,2,Western_Leopard_Toad,0.3572,4521.0,1684.4,4605.0,1950.5
/srv/shared_leopard_toad/2024/02.10.2024/5R/107MEDIA/DSCF0727.JPG,DSCF0727.JPG,5R/107MEDIA,2,Western_Leopard_Toad,0.3232,4524.0,1699.8,4606.5,1932.5
/srv/shared_leopard_toad/2024/02.10.2024/5R/107MEDIA/DSCF0909.JPG,DSCF0909.JPG,5R/107MEDIA,2,Western_Leopard_Toad,0.3506,4525.2,1681.5,4605.3,1933.1
/srv/shared_leopard_toad/2024/02.10.2024/5R/107MEDIA/DSCF0840.JPG,DSCF0840.JPG,5R/107MEDIA,2,Western_Leopard_Toad,0.4966,4521.5,1768.6,4604.5,1929.6
/srv/shared_leopard_toad/2024/02.10.2024/5R/107MEDIA/DSCF0605.JPG,DSCF0605.JPG,5R/107MEDIA,2,Western_Leopard_Toad,0.3318,4521.2,1712.8,4604.8,1932.2
/srv/shared_leopard_toad/2024/02.10.2024/5R/107MEDIA/DSCF0087.JPG,DSCF0087.JPG,5R/107MEDIA,0,Other_Amphibian,0.2340,1960.0,-2.3,2135.0,101.1
/srv/shared_leopard_toad/2024/02.10.2024/5R/107MEDIA/DSCF0087.JPG,DSCF0087.JPG,5R/107MEDIA,0,Other_Amphibian,0.2050,1954.8,-3.2,2140.2,100.3
/srv/shared_leopard_toad/2024/02.10.2024/5R/107MEDIA/DSCF0314.JPG,DSCF0314.JPG,5R/107MEDIA,2,Western_Leopard_Toad,0.2703,4526.4,1674.7,4604.1,1939.9
/srv/shared_leopard_toad/2024/02.10.2024/5R/107MEDIA/DSCF0760.JPG,DSCF0760.JPG,5R/107MEDIA,2,Western_Leopard_Toad,0.4529,4521.9,1759.9,4604.1,1933.2
/srv/shared_leopard_toad/2024/02.10.2024/5R/107MEDIA/DSCF0222.JPG,DSCF0222.JPG,5R/107MEDIA,0,Other_Amphibian,0.2754,1958.1,-1.9,2139.1,105.2
/srv/shared_leopard_toad/2024/02.10.2024/5R/107MEDIA/DSCF0593.JPG,DSCF0593.JPG,5R/107MEDIA,2,Western_Leopard_Toad,0.5156,4521.1,1681.8,4604.9,1932.8
/srv/shared_leopard_toad/2024/02.10.2024/5R/107MEDIA/DSCF0588.JPG,DSCF0588.JPG,5R/107MEDIA,2,Western_Leopard_Toad,0.3245,4523.8,1683.5,4606.7,1931.1
/srv/shared_leopard_toad/2024/02.10.2024/5R/107MEDIA/DSCF0903.JPG,DSCF0903.JPG,5R/107MEDIA,2,Western_Leopard_Toad,0.2820,4527.0,1714.3,4603.5,1933.2
/srv/shared_leopard_toad/2024/02.10.2024/5R/107MEDIA/DSCF0889.JPG,DSCF0889.JPG,5R/107MEDIA,2,Western_Leopard_Toad,0.3237,4526.9,1764.2,4603.6,1934.0
/srv/shared_leopard_toad/2024/02.10.2024/5R/107MEDIA/DSCF0068.JPG,DSCF0068.JPG,5R/107MEDIA,0,Other_Amphibian,0.2194,1960.2,-1.2,2137.1,96.3
/srv/shared_leopard_toad/2024/02.10.2024/5R/107MEDIA/DSCF0724.JPG,DSCF0724.JPG,5R/107MEDIA,2,Western_Leopard_Toad,0.2605,4520.8,1682.0,4605.2,1932.6
/srv/shared_leopard_toad/2024/02.10.2024/5R/107MEDIA/DSCF0619.JPG,DSCF0619.JPG,5R/107MEDIA,2,Western_Leopard_Toad,0.3457,4522.9,1706.7,4607.6,1933.2
/srv/shared_leopard_toad/2024/02.10.2024/5R/107MEDIA/DSCF0025.JPG,DSCF0025.JPG,5R/107MEDIA,0,Other_Amphibian,0.4175,1554.5,-1.5,1665.3,96.9
/srv/shared_leopard_toad/2024/02.10.2024/5R/107MEDIA/DSCF0365.JPG,DSCF0365.JPG,5R/107MEDIA,2,Western_Leopard_Toad,0.4578,4523.8,1683.8,4606.7,1938.5
/srv/shared_leopard_toad/2024/02.10.2024/5R/107MEDIA/DSCF0693.JPG,DSCF0693.JPG,5R/107MEDIA,2,Western_Leopard_Toad,0.3396,4521.9,1747.0,4604.1,1935.9
/srv/shared_leopard_toad/2024/02.10.2024/5R/107MEDIA/DSCF0741.JPG,DSCF0741.JPG,5R/107MEDIA,2,Western_Leopard_Toad,0.4875,4523.4,1679.4,4607.1,1932.7
/srv/shared_leopard_toad/2024/02.10.2024/5R/107MEDIA/DSCF0538.JPG,DSCF0538.JPG,5R/107MEDIA,2,Western_Leopard_Toad,0.2751,4524.4,1686.7,4606.1,1933.0
/srv/shared_leopard_toad/2024/02.10.2024/5R/107MEDIA/DSCF0454.JPG,DSCF0454.JPG,5R/107MEDIA,2,Western_Leopard_Toad,0.2605,4522.0,1701.6,4604.0,1938.4
/srv/shared_leopard_toad/2024/02.10.2024/5R/107MEDIA/DSCF0947.JPG,DSCF0947.JPG,5R/107MEDIA,2,Western_Leopard_Toad,0.2646,4523.4,1741.0,4602.6,1941.9
/srv/shared_leopard_toad/2024/02.10.2024/5R/107MEDIA/DSCF0772.JPG,DSCF0772.JPG,5R/107MEDIA,2,Western_Leopard_Toad,0.3376,4521.5,1687.3,4604.5,1934.9
/srv/shared_leopard_toad/2024/02.10.2024/5R/107MEDIA/DSCF0844.JPG,DSCF0844.JPG,5R/107MEDIA,2,Western_Leopard_Toad,0.4312,4521.6,1741.9,4604.4,1936.0
/srv/shared_leopard_toad/2024/02.10.2024/5R/107MEDIA/DSCF0824.JPG,DSCF0824.JPG,5R/107MEDIA,2,Western_Leopard_Toad,0.5537,4523.0,1754.2,4607.5,1936.4
/srv/shared_leopard_toad/2024/02.10.2024/5R/107MEDIA/DSCF0133.JPG,DSCF0133.JPG,5R/107MEDIA,0,Other_Amphibian,0.2759,1960.0,-1.9,2135.0,105.6
/srv/shared_leopard_toad/2024/02.10.2024/5R/107MEDIA/DSCF0181.JPG,DSCF0181.JPG,5R/107MEDIA,0,Other_Amphibian,0.2649,1952.4,-1.5,2133.6,108.3
/srv/shared_leopard_toad/2024/02.10.2024/5R/107MEDIA/DSCF0773.JPG,DSCF0773.JPG,5R/107MEDIA,2,Western_Leopard_Toad,0.3628,4524.0,1695.4,4606.5,1934.4
/srv/shared_leopard_toad/2024/02.10.2024/5R/107MEDIA/DSCF0916.JPG,DSCF0916.JPG,5R/107MEDIA,2,Western_Leopard_Toad,0.2524,4525.7,1688.2,4604.8,1934.0
/srv/shared_leopard_toad/2024/02.10.2024/5R/107MEDIA/DSCF0685.JPG,DSCF0685.JPG,5R/107MEDIA,2,Western_Leopard_Toad,0.4519,4523.0,1682.4,4607.5,1932.2
/srv/shared_leopard_toad/2024/02.10.2024/5R/107MEDIA/DSCF0209.JPG,DSCF0209.JPG,5R/107MEDIA,0,Other_Amphibian,0.2556,1961.2,-2.0,2133.8,103.4
/srv/shared_leopard_toad/2024/02.10.2024/5R/107MEDIA/DSCF0725.JPG,DSCF0725.JPG,5R/107MEDIA,2,Western_Leopard_Toad,0.3887,4521.0,1758.2,4605.0,1937.4
/srv/shared_leopard_toad/2024/02.10.2024/5R/107MEDIA/DSCF0550.JPG,DSCF0550.JPG,5R/107MEDIA,2,Western_Leopard_Toad,0.3450,4520.0,1683.0,4606.0,1931.6
/srv/shared_leopard_toad/2024/02.10.2024/5R/107MEDIA/DSCF0015.JPG,DSCF0015.JPG,5R/107MEDIA,0,Other_Amphibian,0.4465,1554.9,-2.1,1667.1,95.6
/srv/shared_leopard_toad/2024/02.10.2024/5R/107MEDIA/DSCF0612.JPG,DSCF0612.JPG,5R/107MEDIA,2,Western_Leopard_Toad,0.3704,4521.4,1685.0,4604.6,1929.6
/srv/shared_leopard_toad/2024/02.10.2024/5R/107MEDIA/DSCF0633.JPG,DSCF0633.JPG,5R/107MEDIA,2,Western_Leopard_Toad,0.4746,4523.4,1681.8,4607.1,1932.8
/srv/shared_leopard_toad/2024/02.10.2024/5R/107MEDIA/DSCF0626.JPG,DSCF0626.JPG,5R/107MEDIA,2,Western_Leopard_Toad,0.2795,4520.7,1682.6,4605.3,1932.0
/srv/shared_leopard_toad/2024/02.10.2024/5R/107MEDIA/DSCF0839.JPG,DSCF0839.JPG,5R/107MEDIA,2,Western_Leopard_Toad,0.3384,4522.8,1753.6,4603.2,1939.5
/srv/shared_leopard_toad/2024/02.10.2024/5R/107MEDIA/DSCF0076.JPG,DSCF0076.JPG,5R/107MEDIA,0,Other_Amphibian,0.2180,1960.0,-1.8,2135.0,101.1
/srv/shared_leopard_toad/2024/02.10.2024/5R/107MEDIA/DSCF0690.JPG,DSCF0690.JPG,5R/107MEDIA,2,Western_Leopard_Toad,0.5098,4520.4,1767.8,4605.6,1930.3
/srv/shared_leopard_toad/2024/02.10.2024/5R/107MEDIA/DSCF0918.JPG,DSCF0918.JPG,5R/107MEDIA,2,Western_Leopard_Toad,0.2727,4526.4,1692.1,4604.1,1932.7
/srv/shared_leopard_toad/2024/02.10.2024/5R/107MEDIA/DSCF0240.JPG,DSCF0240.JPG,5R/107MEDIA,0,Other_Amphibian,0.4319,1950.2,-1.6,2129.1,107.5
/srv/shared_leopard_toad/2024/02.10.2024/5R/107MEDIA/DSCF0302.JPG,DSCF0302.JPG,5R/107MEDIA,2,Western_Leopard_Toad,0.3525,4533.1,1677.1,4606.4,1927.4
/srv/shared_leopard_toad/2024/02.10.2024/5R/107MEDIA/DSCF0801.JPG,DSCF0801.JPG,5R/107MEDIA,2,Western_Leopard_Toad,0.3638,4523.8,1682.6,4606.7,1932.0
/srv/shared_leopard_toad/2024/02.10.2024/5R/107MEDIA/DSCF0545.JPG,DSCF0545.JPG,5R/107MEDIA,2,Western_Leopard_Toad,0.2664,4521.3,1681.9,4604.7,1940.3
/srv/shared_leopard_toad/2024/02.10.2024/5R/107MEDIA/DSCF0377.JPG,DSCF0377.JPG,5R/107MEDIA,2,Western_Leopard_Toad,0.3569,4524.4,1686.9,4606.1,1932.8
/srv/shared_leopard_toad/2024/02.10.2024/5R/107MEDIA/DSCF0705.JPG,DSCF0705.JPG,5R/107MEDIA,2,Western_Leopard_Toad,0.5977,4523.4,1758.8,4607.1,1931.7
/srv/shared_leopard_toad/2024/02.10.2024/5R/107MEDIA/DSCF0830.JPG,DSCF0830.JPG,5R/107MEDIA,2,Western_Leopard_Toad,0.6094,4523.3,1764.4,4607.2,1931.3
/srv/shared_leopard_toad/2024/02.10.2024/5R/107MEDIA/DSCF0048.JPG,DSCF0048.JPG,5R/107MEDIA,0,Other_Amphibian,0.5571,1961.7,-1.7,2115.3,97.7
/srv/shared_leopard_toad/2024/02.10.2024/5R/107MEDIA/DSCF0267.JPG,DSCF0267.JPG,5R/107MEDIA,0,Other_Amphibian,0.2471,1959.5,-2.3,2146.7,106.7
/srv/shared_leopard_toad/2024/02.10.2024/5R/107MEDIA/DSCF0319.JPG,DSCF0319.JPG,5R/107MEDIA,2,Western_Leopard_Toad,0.2588,4528.7,1686.3,4606.3,1933.4
/srv/shared_leopard_toad/2024/02.10.2024/5R/107MEDIA/DSCF0150.JPG,DSCF0150.JPG,5R/107MEDIA,0,Other_Amphibian,0.2024,1964.1,-1.3,2144.4,101.2
/srv/shared_leopard_toad/2024/02.10.2024/5R/107MEDIA/DSCF0643.JPG,DSCF0643.JPG,5R/107MEDIA,2,Western_Leopard_Toad,0.3044,4521.7,1746.1,4604.3,1941.9
/srv/shared_leopard_toad/2024/02.10.2024/5R/107MEDIA/DSCF0323.JPG,DSCF0323.JPG,5R/107MEDIA,2,Western_Leopard_Toad,0.3274,4530.0,1749.6,4605.0,1935.9
/srv/shared_leopard_toad/2024/02.10.2024/5R/107MEDIA/DSCF0013.JPG,DSCF0013.JPG,5R/107MEDIA,0,Other_Amphibian,0.6060,1558.8,-1.5,1672.2,95.6
/srv/shared_leopard_toad/2024/02.10.2024/5R/107MEDIA/DSCF0876.JPG,DSCF0876.JPG,5R/107MEDIA,2,Western_Leopard_Toad,0.4094,4528.7,1759.1,4606.3,1934.0
/srv/shared_leopard_toad/2024/02.10.2024/5R/107MEDIA/DSCF0108.JPG,DSCF0108.JPG,5R/107MEDIA,0,Other_Amphibian,0.2532,1963.3,-1.5,2134.0,98.6
/srv/shared_leopard_toad/2024/02.10.2024/5R/107MEDIA/DSCF0277.JPG,DSCF0277.JPG,5R/107MEDIA,0,Other_Amphibian,0.2854,1961.3,-1.9,2151.7,103.3
/srv/shared_leopard_toad/2024/02.10.2024/5R/107MEDIA/DSCF0901.JPG,DSCF0901.JPG,5R/107MEDIA,2,Western_Leopard_Toad,0.3560,4525.2,1679.6,4605.3,1932.5
/srv/shared_leopard_toad/2024/02.10.2024/5R/107MEDIA/DSCF0153.JPG,DSCF0153.JPG,5R/107MEDIA,0,Other_Amphibian,0.2411,1955.6,-0.8,2134.9,104.5
/srv/shared_leopard_toad/2024/02.10.2024/5R/107MEDIA/DSCF0079.JPG,DSCF0079.JPG,5R/107MEDIA,0,Other_Amphibian,0.2654,1960.7,-1.8,2136.6,98.8
/srv/shared_leopard_toad/2024/02.10.2024/5R/107MEDIA/DSCF0610.JPG,DSCF0610.JPG,5R/107MEDIA,2,Western_Leopard_Toad,0.2666,4521.5,1714.7,4604.5,1932.8
/srv/shared_leopard_toad/2024/02.10.2024/5R/107MEDIA/DSCF0692.JPG,DSCF0692.JPG,5R/107MEDIA,2,Western_Leopard_Toad,0.2520,4522.0,1683.5,4604.0,1931.1
/srv/shared_leopard_toad/2024/02.10.2024/5R/107MEDIA/DSCF0708.JPG,DSCF0708.JPG,5R/107MEDIA,2,Western_Leopard_Toad,0.3088,4523.7,1729.1,4606.8,1933.6
/srv/shared_leopard_toad/2024/02.10.2024/5R/107MEDIA/DSCF0408.JPG,DSCF0408.JPG,5R/107MEDIA,2,Western_Leopard_Toad,0.3430,4520.7,1681.1,4605.3,1933.6
/srv/shared_leopard_toad/2024/02.10.2024/5R/107MEDIA/DSCF0846.JPG,DSCF0846.JPG,5R/107MEDIA,2,Western_Leopard_Toad,0.2729,4521.0,1713.3,4605.0,1934.3
/srv/shared_leopard_toad/2024/02.10.2024/5R/107MEDIA/DSCF0098.JPG,DSCF0098.JPG,5R/107MEDIA,0,Other_Amphibian,0.2314,1959.9,-1.4,2130.6,102.5
/srv/shared_leopard_toad/2024/02.10.2024/5R/107MEDIA/DSCF0961.JPG,DSCF0961.JPG,5R/107MEDIA,2,Western_Leopard_Toad,0.3682,4521.9,1681.7,4604.1,1935.5
/srv/shared_leopard_toad/2024/02.10.2024/5R/107MEDIA/DSCF0214.JPG,DSCF0214.JPG,5R/107MEDIA,0,Other_Amphibian,0.4641,1957.8,-1.7,2126.0,105.8
/srv/shared_leopard_toad/2024/02.10.2024/5R/107MEDIA/DSCF0804.JPG,DSCF0804.JPG,5R/107MEDIA,2,Western_Leopard_Toad,0.3542,4521.3,1700.9,4604.7,1934.0
/srv/shared_leopard_toad/2024/02.10.2024/5R/107MEDIA/DSCF0825.JPG,DSCF0825.JPG,5R/107MEDIA,2,Western_Leopard_Toad,0.3833,4521.9,1743.6,4604.1,1936.8
/srv/shared_leopard_toad/2024/02.10.2024/5R/107MEDIA/DSCF0915.JPG,DSCF0915.JPG,5R/107MEDIA,2,Western_Leopard_Toad,0.3315,4526.9,1759.8,4603.6,1935.9
/srv/shared_leopard_toad/2024/02.10.2024/5R/107MEDIA/DSCF0627.JPG,DSCF0627.JPG,5R/107MEDIA,2,Western_Leopard_Toad,0.4045,4524.8,1752.7,4605.8,1935.3
/srv/shared_leopard_toad/2024/02.10.2024/5R/107MEDIA/DSCF0425.JPG,DSCF0425.JPG,5R/107MEDIA,2,Western_Leopard_Toad,0.2795,4522.5,1683.8,4603.5,1930.9
/srv/shared_leopard_toad/2024/02.10.2024/5R/107MEDIA/DSCF0420.JPG,DSCF0420.JPG,5R/107MEDIA,2,Western_Leopard_Toad,0.2834,4518.3,1678.9,4603.2,1955.9
/srv/shared_leopard_toad/2024/02.10.2024/5R/107MEDIA/DSCF0205.JPG,DSCF0205.JPG,5R/107MEDIA,0,Other_Amphibian,0.2517,1954.3,-1.5,2142.9,105.1
/srv/shared_leopard_toad/2024/02.10.2024/5R/107MEDIA/DSCF0540.JPG,DSCF0540.JPG,5R/107MEDIA,2,Western_Leopard_Toad,0.2842,4522.5,1734.7,4603.5,1938.1
/srv/shared_leopard_toad/2024/02.10.2024/5R/107MEDIA/DSCF0618.JPG,DSCF0618.JPG,5R/107MEDIA,2,Western_Leopard_Toad,0.3291,4520.2,1695.4,4605.8,1931.9
/srv/shared_leopard_toad/2024/02.10.2024/5R/107MEDIA/DSCF0112.JPG,DSCF0112.JPG,5R/107MEDIA,0,Other_Amphibian,0.2429,1958.9,-1.2,2136.1,101.7
/srv/shared_leopard_toad/2024/02.10.2024/5R/107MEDIA/DSCF0584.JPG,DSCF0584.JPG,5R/107MEDIA,2,Western_Leopard_Toad,0.4329,4523.2,1681.8,4607.3,1932.8
/srv/shared_leopard_toad/2024/02.10.2024/5R/107MEDIA/DSCF0111.JPG,DSCF0111.JPG,5R/107MEDIA,0,Other_Amphibian,0.3987,1962.6,-1.8,2132.4,101.5
/srv/shared_leopard_toad/2024/02.10.2024/5R/107MEDIA/DSCF0111.JPG,DSCF0111.JPG,5R/107MEDIA,0,Other_Amphibian,0.2832,1958.2,-2.5,2136.8,100.4
/srv/shared_leopard_toad/2024/02.10.2024/5R/107MEDIA/DSCF0263.JPG,DSCF0263.JPG,5R/107MEDIA,0,Other_Amphibian,0.4531,1963.3,-2.5,2149.7,101.8
/srv/shared_leopard_toad/2024/02.10.2024/5R/107MEDIA/DSCF0349.JPG,DSCF0349.JPG,5R/107MEDIA,2,Western_Leopard_Toad,0.5127,4528.2,1681.9,4606.8,1920.0
/srv/shared_leopard_toad/2024/02.10.2024/5R/107MEDIA/DSCF0828.JPG,DSCF0828.JPG,5R/107MEDIA,2,Western_Leopard_Toad,0.6045,4524.9,1768.1,4605.6,1932.6
/srv/shared_leopard_toad/2024/02.10.2024/5R/107MEDIA/DSCF0555.JPG,DSCF0555.JPG,5R/107MEDIA,2,Western_Leopard_Toad,0.4314,4523.3,1679.8,4607.2,1932.3
/srv/shared_leopard_toad/2024/02.10.2024/5R/107MEDIA/DSCF0764.JPG,DSCF0764.JPG,5R/107MEDIA,2,Western_Leopard_Toad,0.2954,4524.9,1736.5,4605.6,1936.3
/srv/shared_leopard_toad/2024/02.10.2024/5R/107MEDIA/DSCF0953.JPG,DSCF0953.JPG,5R/107MEDIA,2,Western_Leopard_Toad,0.2529,4522.0,1683.8,4604.0,1935.9
/srv/shared_leopard_toad/2024/02.10.2024/5R/107MEDIA/DSCF0657.JPG,DSCF0657.JPG,5R/107MEDIA,2,Western_Leopard_Toad,0.3101,4524.0,1682.9,4606.5,1931.7
/srv/shared_leopard_toad/2024/02.10.2024/5R/107MEDIA/DSCF0163.JPG,DSCF0163.JPG,5R/107MEDIA,0,Other_Amphibian,0.2627,1954.7,-1.3,2142.6,106.3
/srv/shared_leopard_toad/2024/02.10.2024/5R/107MEDIA/DSCF0587.JPG,DSCF0587.JPG,5R/107MEDIA,2,Western_Leopard_Toad,0.3569,4521.1,1692.5,4604.9,1929.8
/srv/shared_leopard_toad/2024/02.10.2024/5R/107MEDIA/DSCF0711.JPG,DSCF0711.JPG,5R/107MEDIA,2,Western_Leopard_Toad,0.2905,4519.8,1710.0,4606.2,1935.0
/srv/shared_leopard_toad/2024/02.10.2024/5R/107MEDIA/DSCF0283.JPG,DSCF0283.JPG,5R/107MEDIA,0,Other_Amphibian,0.3257,1962.0,-1.6,2142.0,103.8
/srv/shared_leopard_toad/2024/02.10.2024/5R/107MEDIA/DSCF0869.JPG,DSCF0869.JPG,5R/107MEDIA,2,Western_Leopard_Toad,0.2546,4526.0,1683.5,4604.5,1931.1
/srv/shared_leopard_toad/2024/02.10.2024/5R/107MEDIA/DSCF0470.JPG,DSCF0470.JPG,5R/107MEDIA,2,Western_Leopard_Toad,0.3823,4524.4,1680.9,4606.1,1933.7
/srv/shared_leopard_toad/2024/02.10.2024/5R/107MEDIA/DSCF0710.JPG,DSCF0710.JPG,5R/107MEDIA,2,Western_Leopard_Toad,0.3008,4523.7,1710.8,4606.8,1934.2
/srv/shared_leopard_toad/2024/02.10.2024/5R/107MEDIA/DSCF0406.JPG,DSCF0406.JPG,5R/107MEDIA,2,Western_Leopard_Toad,0.4980,4524.1,1770.1,4606.4,1930.6
/srv/shared_leopard_toad/2024/02.10.2024/5R/107MEDIA/DSCF0406.JPG,DSCF0406.JPG,5R/107MEDIA,0,Other_Amphibian,0.2089,1552.7,-2.9,1687.3,156.3
/srv/shared_leopard_toad/2024/02.10.2024/5R/107MEDIA/DSCF0863.JPG,DSCF0863.JPG,5R/107MEDIA,2,Western_Leopard_Toad,0.3479,4527.3,1755.1,4603.2,1938.0
/srv/shared_leopard_toad/2024/02.10.2024/5R/107MEDIA/DSCF0265.JPG,DSCF0265.JPG,5R/107MEDIA,0,Other_Amphibian,0.3154,1963.5,-1.5,2142.8,101.6
/srv/shared_leopard_toad/2024/02.10.2024/5R/107MEDIA/DSCF0022.JPG,DSCF0022.JPG,5R/107MEDIA,0,Other_Amphibian,0.3210,1553.8,-1.6,1659.2,96.8
/srv/shared_leopard_toad/2024/02.10.2024/5R/107MEDIA/DSCF0389.JPG,DSCF0389.JPG,5R/107MEDIA,2,Western_Leopard_Toad,0.4302,4524.1,1757.7,4606.4,1935.4
/srv/shared_leopard_toad/2024/02.10.2024/5R/107MEDIA/DSCF0198.JPG,DSCF0198.JPG,5R/107MEDIA,0,Other_Amphibian,0.3203,1956.5,-1.6,2131.7,105.0
/srv/shared_leopard_toad/2024/02.10.2024/5R/107MEDIA/DSCF0379.JPG,DSCF0379.JPG,5R/107MEDIA,2,Western_Leopard_Toad,0.4048,4523.5,1681.1,4607.0,1933.6
/srv/shared_leopard_toad/2024/02.10.2024/5R/107MEDIA/DSCF0395.JPG,DSCF0395.JPG,5R/107MEDIA,2,Western_Leopard_Toad,0.2664,4522.2,1680.0,4603.8,1934.7
/srv/shared_leopard_toad/2024/02.10.2024/5R/107MEDIA/DSCF0011.JPG,DSCF0011.JPG,5R/107MEDIA,0,Other_Amphibian,0.5361,1555.3,-1.0,1666.7,96.4
/srv/shared_leopard_toad/2024/02.10.2024/5R/107MEDIA/DSCF0570.JPG,DSCF0570.JPG,5R/107MEDIA,2,Western_Leopard_Toad,0.5278,4522.5,1681.5,4608.0,1933.1
/srv/shared_leopard_toad/2024/02.10.2024/5R/107MEDIA/DSCF0785.JPG,DSCF0785.JPG,5R/107MEDIA,2,Western_Leopard_Toad,0.2800,4521.7,1695.0,4604.3,1932.3
/srv/shared_leopard_toad/2024/02.10.2024/5R/107MEDIA/DSCF0073.JPG,DSCF0073.JPG,5R/107MEDIA,0,Other_Amphibian,0.3176,1961.8,-1.7,2133.2,97.3
/srv/shared_leopard_toad/2024/02.10.2024/5R/107MEDIA/DSCF0999.JPG,DSCF0999.JPG,5R/107MEDIA,2,Western_Leopard_Toad,0.3066,4522.6,1683.4,4603.4,1933.7
/srv/shared_leopard_toad/2024/02.10.2024/5R/107MEDIA/DSCF0183.JPG,DSCF0183.JPG,5R/107MEDIA,0,Other_Amphibian,0.2156,1957.7,-1.2,2137.3,104.5
/srv/shared_leopard_toad/2024/02.10.2024/5R/107MEDIA/DSCF0687.JPG,DSCF0687.JPG,5R/107MEDIA,2,Western_Leopard_Toad,0.2725,4524.1,1692.1,4606.4,1932.7
/srv/shared_leopard_toad/2024/02.10.2024/5R/107MEDIA/DSCF0370.JPG,DSCF0370.JPG,5R/107MEDIA,2,Western_Leopard_Toad,0.3206,4523.7,1680.2,4606.8,1934.4
/srv/shared_leopard_toad/2024/02.10.2024/5R/107MEDIA/DSCF0718.JPG,DSCF0718.JPG,5R/107MEDIA,2,Western_Leopard_Toad,0.2649,4521.3,1757.6,4604.7,1935.5
/srv/shared_leopard_toad/2024/02.10.2024/5R/107MEDIA/DSCF0017.JPG,DSCF0017.JPG,5R/107MEDIA,0,Other_Amphibian,0.4561,1554.7,-1.7,1660.6,93.2
/srv/shared_leopard_toad/2024/02.10.2024/5R/107MEDIA/DSCF0726.JPG,DSCF0726.JPG,5R/107MEDIA,2,Western_Leopard_Toad,0.2925,4520.7,1687.9,4605.3,1934.3
/srv/shared_leopard_toad/2024/02.10.2024/5R/107MEDIA/DSCF0783.JPG,DSCF0783.JPG,5R/107MEDIA,2,Western_Leopard_Toad,0.4785,4524.1,1764.9,4606.4,1930.7
/srv/shared_leopard_toad/2024/02.10.2024/5R/107MEDIA/DSCF0857.JPG,DSCF0857.JPG,5R/107MEDIA,2,Western_Leopard_Toad,0.4143,4526.1,1764.7,4604.4,1933.5
/srv/shared_leopard_toad/2024/02.10.2024/5R/107MEDIA/DSCF0703.JPG,DSCF0703.JPG,5R/107MEDIA,2,Western_Leopard_Toad,0.4038,4523.7,1684.4,4606.8,1930.2
/srv/shared_leopard_toad/2024/02.10.2024/5R/107MEDIA/DSCF0779.JPG,DSCF0779.JPG,5R/107MEDIA,2,Western_Leopard_Toad,0.3591,4521.2,1685.2,4604.8,1934.5
/srv/shared_leopard_toad/2024/02.10.2024/5R/107MEDIA/DSCF0075.JPG,DSCF0075.JPG,5R/107MEDIA,0,Other_Amphibian,0.2106,1961.1,-3.2,2145.2,99.0
/srv/shared_leopard_toad/2024/02.10.2024/5R/107MEDIA/DSCF0075.JPG,DSCF0075.JPG,5R/107MEDIA,0,Other_Amphibian,0.2090,1963.2,-2.5,2140.8,100.7
/srv/shared_leopard_toad/2024/02.10.2024/5R/107MEDIA/DSCF0571.JPG,DSCF0571.JPG,5R/107MEDIA,2,Western_Leopard_Toad,0.2883,4521.7,1698.5,4604.3,1933.8
/srv/shared_leopard_toad/2024/02.10.2024/5R/107MEDIA/DSCF0958.JPG,DSCF0958.JPG,5R/107MEDIA,2,Western_Leopard_Toad,0.3982,4523.4,1762.0,4602.6,1936.2
/srv/shared_leopard_toad/2024/02.10.2024/5R/107MEDIA/DSCF0375.JPG,DSCF0375.JPG,5R/107MEDIA,2,Western_Leopard_Toad,0.2668,4522.2,1754.6,4603.8,1935.9
/srv/shared_leopard_toad/2024/02.10.2024/5R/107MEDIA/DSCF0929.JPG,DSCF0929.JPG,5R/107MEDIA,2,Western_Leopard_Toad,0.2756,4522.2,1682.0,4603.8,1932.6
/srv/shared_leopard_toad/2024/02.10.2024/5R/107MEDIA/DSCF0337.JPG,DSCF0337.JPG,5R/107MEDIA,2,Western_Leopard_Toad,0.2712,4526.1,1681.1,4604.4,1933.6
/srv/shared_leopard_toad/2024/02.10.2024/5R/107MEDIA/DSCF0972.JPG,DSCF0972.JPG,5R/107MEDIA,2,Western_Leopard_Toad,0.3933,4524.3,1678.6,4606.2,1936.0
/srv/shared_leopard_toad/2024/02.10.2024/5R/107MEDIA/DSCF0316.JPG,DSCF0316.JPG,5R/107MEDIA,2,Western_Leopard_Toad,0.3650,4530.7,1761.2,4604.3,1934.4
/srv/shared_leopard_toad/2024/02.10.2024/5R/107MEDIA/DSCF0043.JPG,DSCF0043.JPG,5R/107MEDIA,0,Other_Amphibian,0.3052,1558.2,-2.0,1681.8,107.9
/srv/shared_leopard_toad/2024/02.10.2024/5R/107MEDIA/DSCF0275.JPG,DSCF0275.JPG,5R/107MEDIA,0,Other_Amphibian,0.3765,1965.3,-2.0,2143.2,101.7
/srv/shared_leopard_toad/2024/02.10.2024/5R/107MEDIA/DSCF0245.JPG,DSCF0245.JPG,5R/107MEDIA,0,Other_Amphibian,0.2529,1956.7,-1.7,2131.6,105.8
/srv/shared_leopard_toad/2024/02.10.2024/5R/107MEDIA/DSCF0603.JPG,DSCF0603.JPG,5R/107MEDIA,2,Western_Leopard_Toad,0.5005,4524.0,1761.7,4606.5,1931.4
/srv/shared_leopard_toad/2024/02.10.2024/5R/107MEDIA/DSCF0492.JPG,DSCF0492.JPG,5R/107MEDIA,2,Western_Leopard_Toad,0.4033,4522.2,1682.5,4603.8,1937.2
/srv/shared_leopard_toad/2024/02.10.2024/5R/107MEDIA/DSCF0654.JPG,DSCF0654.JPG,5R/107MEDIA,2,Western_Leopard_Toad,0.3604,4523.1,1697.8,4607.4,1934.6
/srv/shared_leopard_toad/2024/02.10.2024/5R/107MEDIA/DSCF0887.JPG,DSCF0887.JPG,5R/107MEDIA,2,Western_Leopard_Toad,0.2939,4523.9,1689.3,4602.1,1932.9
/srv/shared_leopard_toad/2024/02.10.2024/5R/107MEDIA/DSCF0521.JPG,DSCF0521.JPG,5R/107MEDIA,2,Western_Leopard_Toad,0.3521,4520.5,1683.3,4605.5,1933.9
/srv/shared_leopard_toad/2024/02.10.2024/5R/107MEDIA/DSCF0132.JPG,DSCF0132.JPG,5R/107MEDIA,0,Other_Amphibian,0.3083,1963.4,-1.8,2138.3,102.1
/srv/shared_leopard_toad/2024/02.10.2024/5R/107MEDIA/DSCF0457.JPG,DSCF0457.JPG,5R/107MEDIA,2,Western_Leopard_Toad,0.2681,4520.9,1682.1,4605.1,1955.3
/srv/shared_leopard_toad/2024/02.10.2024/5R/107MEDIA/DSCF0126.JPG,DSCF0126.JPG,5R/107MEDIA,0,Other_Amphibian,0.2322,1957.5,-1.9,2137.5,103.0
/srv/shared_leopard_toad/2024/02.10.2024/5R/107MEDIA/DSCF0971.JPG,DSCF0971.JPG,5R/107MEDIA,2,Western_Leopard_Toad,0.3491,4521.6,1680.9,4604.4,1933.7
/srv/shared_leopard_toad/2024/02.10.2024/5R/107MEDIA/DSCF0799.JPG,DSCF0799.JPG,5R/107MEDIA,2,Western_Leopard_Toad,0.4058,4523.7,1755.6,4606.8,1937.5
/srv/shared_leopard_toad/2024/02.10.2024/5R/107MEDIA/DSCF0249.JPG,DSCF0249.JPG,5R/107MEDIA,0,Other_Amphibian,0.3228,1957.5,-2.5,2144.2,105.0
/srv/shared_leopard_toad/2024/02.10.2024/5R/107MEDIA/DSCF0355.JPG,DSCF0355.JPG,5R/107MEDIA,2,Western_Leopard_Toad,0.3005,4526.3,1699.0,4604.2,1938.4
/srv/shared_leopard_toad/2024/02.10.2024/5R/107MEDIA/DSCF0083.JPG,DSCF0083.JPG,5R/107MEDIA,0,Other_Amphibian,0.2905,1962.1,-1.9,2132.9,99.0
/srv/shared_leopard_toad/2024/02.10.2024/5R/107MEDIA/DSCF0083.JPG,DSCF0083.JPG,5R/107MEDIA,0,Other_Amphibian,0.2156,1959.2,-2.9,2135.8,97.4
/srv/shared_leopard_toad/2024/02.10.2024/5R/107MEDIA/DSCF0535.JPG,DSCF0535.JPG,5R/107MEDIA,2,Western_Leopard_Toad,0.3376,4522.4,1677.0,4603.6,1937.6
/srv/shared_leopard_toad/2024/02.10.2024/5R/107MEDIA/DSCF0285.JPG,DSCF0285.JPG,5R/107MEDIA,0,Other_Amphibian,0.2520,1965.0,-2.8,2148.0,100.9
/srv/shared_leopard_toad/2024/02.10.2024/5R/107MEDIA/DSCF0285.JPG,DSCF0285.JPG,5R/107MEDIA,0,Other_Amphibian,0.2042,1962.8,-2.8,2154.7,100.3
/srv/shared_leopard_toad/2024/02.10.2024/5R/107MEDIA/DSCF0787.JPG,DSCF0787.JPG,5R/107MEDIA,2,Western_Leopard_Toad,0.3440,4519.7,1685.3,4606.3,1936.9
/srv/shared_leopard_toad/2024/02.10.2024/5R/107MEDIA/DSCF0756.JPG,DSCF0756.JPG,5R/107MEDIA,2,Western_Leopard_Toad,0.2964,4521.2,1687.9,4604.8,1934.3
/srv/shared_leopard_toad/2024/02.10.2024/5R/107MEDIA/DSCF0199.JPG,DSCF0199.JPG,5R/107MEDIA,0,Other_Amphibian,0.3413,1956.7,-1.9,2138.3,106.0
/srv/shared_leopard_toad/2024/02.10.2024/5R/107MEDIA/DSCF0517.JPG,DSCF0517.JPG,5R/107MEDIA,2,Western_Leopard_Toad,0.4509,4519.9,1682.9,4606.1,1931.7
/srv/shared_leopard_toad/2024/02.10.2024/5R/107MEDIA/DSCF0281.JPG,DSCF0281.JPG,5R/107MEDIA,0,Other_Amphibian,0.2063,1961.2,-3.2,2147.3,103.3
/srv/shared_leopard_toad/2024/02.10.2024/5R/107MEDIA/DSCF0614.JPG,DSCF0614.JPG,5R/107MEDIA,2,Western_Leopard_Toad,0.3340,4520.7,1684.2,4605.3,1930.5
/srv/shared_leopard_toad/2024/02.10.2024/5R/107MEDIA/DSCF0674.JPG,DSCF0674.JPG,5R/107MEDIA,2,Western_Leopard_Toad,0.3916,4521.5,1760.9,4604.5,1934.7
/srv/shared_leopard_toad/2024/02.10.2024/5R/107MEDIA/DSCF0597.JPG,DSCF0597.JPG,5R/107MEDIA,2,Western_Leopard_Toad,0.2646,4521.4,1687.6,4604.6,1932.1
/srv/shared_leopard_toad/2024/02.10.2024/5R/107MEDIA/DSCF0715.JPG,DSCF0715.JPG,5R/107MEDIA,2,Western_Leopard_Toad,0.3813,4522.4,1761.5,4603.6,1934.1
/srv/shared_leopard_toad/2024/02.10.2024/5R/107MEDIA/DSCF0673.JPG,DSCF0673.JPG,5R/107MEDIA,2,Western_Leopard_Toad,0.3057,4521.6,1690.6,4604.4,1934.2
/srv/shared_leopard_toad/2024/02.10.2024/5R/107MEDIA/DSCF0255.JPG,DSCF0255.JPG,5R/107MEDIA,0,Other_Amphibian,0.4622,1962.2,-1.9,2150.8,103.9
/srv/shared_leopard_toad/2024/02.10.2024/5R/107MEDIA/DSCF0477.JPG,DSCF0477.JPG,5R/107MEDIA,2,Western_Leopard_Toad,0.2969,4521.5,1737.9,4604.5,1937.4
/srv/shared_leopard_toad/2024/02.10.2024/5R/107MEDIA/DSCF0166.JPG,DSCF0166.JPG,5R/107MEDIA,0,Other_Amphibian,0.2306,1959.5,-1.4,2137.8,103.1
/srv/shared_leopard_toad/2024/02.10.2024/5R/107MEDIA/DSCF0441.JPG,DSCF0441.JPG,5R/107MEDIA,2,Western_Leopard_Toad,0.4053,4523.8,1682.5,4606.7,1952.4
/srv/shared_leopard_toad/2024/02.10.2024/5R/107MEDIA/DSCF0810.JPG,DSCF0810.JPG,5R/107MEDIA,2,Western_Leopard_Toad,0.4087,4519.4,1684.9,4606.6,1934.7
/srv/shared_leopard_toad/2024/02.10.2024/5R/107MEDIA/DSCF0814.JPG,DSCF0814.JPG,5R/107MEDIA,2,Western_Leopard_Toad,0.3875,4522.2,1766.2,4603.8,1932.0
/srv/shared_leopard_toad/2024/02.10.2024/5R/107MEDIA/DSCF0698.JPG,DSCF0698.JPG,5R/107MEDIA,2,Western_Leopard_Toad,0.3889,4525.2,1763.9,4605.3,1934.3
/srv/shared_leopard_toad/2024/02.10.2024/5R/107MEDIA/DSCF0475.JPG,DSCF0475.JPG,5R/107MEDIA,2,Western_Leopard_Toad,0.3699,4521.2,1680.0,4604.8,1934.7
/srv/shared_leopard_toad/2024/02.10.2024/5R/107MEDIA/DSCF0219.JPG,DSCF0219.JPG,5R/107MEDIA,0,Other_Amphibian,0.2852,1957.1,-1.4,2131.1,102.5
/srv/shared_leopard_toad/2024/02.10.2024/5R/107MEDIA/DSCF0480.JPG,DSCF0480.JPG,5R/107MEDIA,2,Western_Leopard_Toad,0.3147,4520.4,1684.7,4605.6,1937.5
/srv/shared_leopard_toad/2024/02.10.2024/5R/107MEDIA/DSCF0737.JPG,DSCF0737.JPG,5R/107MEDIA,2,Western_Leopard_Toad,0.2766,4520.9,1696.6,4605.1,1935.7
/srv/shared_leopard_toad/2024/02.10.2024/5R/107MEDIA/DSCF0330.JPG,DSCF0330.JPG,5R/107MEDIA,2,Western_Leopard_Toad,0.3533,4527.0,1756.5,4603.5,1939.1
/srv/shared_leopard_toad/2024/02.10.2024/5R/107MEDIA/DSCF0428.JPG,DSCF0428.JPG,5R/107MEDIA,2,Western_Leopard_Toad,0.3445,4522.5,1765.3,4603.5,1932.8
/srv/shared_leopard_toad/2024/02.10.2024/5R/107MEDIA/DSCF0749.JPG,DSCF0749.JPG,5R/107MEDIA,2,Western_Leopard_Toad,0.3452,4522.0,1766.4,4604.0,1934.3
/srv/shared_leopard_toad/2024/02.10.2024/5R/107MEDIA/DSCF0177.JPG,DSCF0177.JPG,5R/107MEDIA,0,Other_Amphibian,0.3848,1955.0,-1.5,2142.2,106.9
/srv/shared_leopard_toad/2024/02.10.2024/5R/107MEDIA/DSCF0296.JPG,DSCF0296.JPG,5R/107MEDIA,0,Other_Amphibian,0.2883,1957.9,-0.6,2155.1,107.7
/srv/shared_leopard_toad/2024/02.10.2024/5R/107MEDIA/DSCF0296.JPG,DSCF0296.JPG,5R/107MEDIA,0,Other_Amphibian,0.2079,1959.2,-2.4,2153.8,106.9
/srv/shared_leopard_toad/2024/02.10.2024/5R/107MEDIA/DSCF0743.JPG,DSCF0743.JPG,5R/107MEDIA,2,Western_Leopard_Toad,0.3474,4523.4,1690.3,4607.1,1931.9
/srv/shared_leopard_toad/2024/02.10.2024/5R/107MEDIA/DSCF0046.JPG,DSCF0046.JPG,5R/107MEDIA,0,Other_Amphibian,0.4004,1558.5,-0.6,1672.5,98.5
/srv/shared_leopard_toad/2024/02.10.2024/5R/107MEDIA/DSCF0071.JPG,DSCF0071.JPG,5R/107MEDIA,0,Other_Amphibian,0.2590,1963.9,-1.9,2131.1,96.7
/srv/shared_leopard_toad/2024/02.10.2024/5R/107MEDIA/DSCF0028.JPG,DSCF0028.JPG,5R/107MEDIA,0,Other_Amphibian,0.3171,1553.1,-1.7,1668.9,95.1
/srv/shared_leopard_toad/2024/02.10.2024/5R/107MEDIA/DSCF0437.JPG,DSCF0437.JPG,5R/107MEDIA,2,Western_Leopard_Toad,0.3018,4519.6,1684.7,4606.4,1935.0
/srv/shared_leopard_toad/2024/02.10.2024/5R/107MEDIA/DSCF0080.JPG,DSCF0080.JPG,5R/107MEDIA,0,Other_Amphibian,0.3169,1963.2,-1.0,2127.3,97.5
/srv/shared_leopard_toad/2024/02.10.2024/5R/107MEDIA/DSCF0969.JPG,DSCF0969.JPG,5R/107MEDIA,2,Western_Leopard_Toad,0.2637,4522.6,1684.5,4603.4,1935.1
/srv/shared_leopard_toad/2024/02.10.2024/5R/107MEDIA/DSCF0032.JPG,DSCF0032.JPG,5R/107MEDIA,0,Other_Amphibian,0.3774,1553.3,-1.8,1668.7,100.9
/srv/shared_leopard_toad/2024/02.10.2024/5R/107MEDIA/DSCF0598.JPG,DSCF0598.JPG,5R/107MEDIA,2,Western_Leopard_Toad,0.2756,4523.5,1700.1,4607.0,1932.3
/srv/shared_leopard_toad/2024/02.10.2024/5R/107MEDIA/DSCF0905.JPG,DSCF0905.JPG,5R/107MEDIA,2,Western_Leopard_Toad,0.3362,4524.9,1682.9,4605.6,1931.7
/srv/shared_leopard_toad/2024/02.10.2024/5R/107MEDIA/DSCF0131.JPG,DSCF0131.JPG,5R/107MEDIA,0,Other_Amphibian,0.2301,1959.9,-0.9,2135.1,102.4
/srv/shared_leopard_toad/2024/02.10.2024/5R/107MEDIA/DSCF0473.JPG,DSCF0473.JPG,5R/107MEDIA,2,Western_Leopard_Toad,0.3772,4521.2,1681.5,4604.8,1933.1
/srv/shared_leopard_toad/2024/02.10.2024/5R/107MEDIA/DSCF0176.JPG,DSCF0176.JPG,5R/107MEDIA,0,Other_Amphibian,0.2717,1960.4,-1.7,2141.4,103.1
/srv/shared_leopard_toad/2024/02.10.2024/5R/107MEDIA/DSCF0498.JPG,DSCF0498.JPG,5R/107MEDIA,2,Western_Leopard_Toad,0.4485,4520.3,1689.3,4605.7,1932.9
/srv/shared_leopard_toad/2024/02.10.2024/5R/107MEDIA/DSCF0212.JPG,DSCF0212.JPG,5R/107MEDIA,0,Other_Amphibian,0.3169,1952.9,-1.7,2130.8,107.3
/srv/shared_leopard_toad/2024/02.10.2024/5R/107MEDIA/DSCF0928.JPG,DSCF0928.JPG,5R/107MEDIA,2,Western_Leopard_Toad,0.3196,4525.2,1681.8,4605.3,1932.8
/srv/shared_leopard_toad/2024/02.10.2024/5R/107MEDIA/DSCF0960.JPG,DSCF0960.JPG,5R/107MEDIA,2,Western_Leopard_Toad,0.2573,4522.6,1746.2,4603.4,1939.3
/srv/shared_leopard_toad/2024/02.10.2024/5R/107MEDIA/DSCF0102.JPG,DSCF0102.JPG,5R/107MEDIA,0,Other_Amphibian,0.2108,1960.5,-1.8,2130.0,100.7
/srv/shared_leopard_toad/2024/02.10.2024/5R/107MEDIA/DSCF0413.JPG,DSCF0413.JPG,5R/107MEDIA,2,Western_Leopard_Toad,0.5591,4522.9,1680.7,4607.6,1934.0
/srv/shared_leopard_toad/2024/02.10.2024/5R/107MEDIA/DSCF0021.JPG,DSCF0021.JPG,5R/107MEDIA,0,Other_Amphibian,0.2039,1557.1,-0.6,1667.1,94.6
/srv/shared_leopard_toad/2024/02.10.2024/5R/107MEDIA/DSCF0227.JPG,DSCF0227.JPG,5R/107MEDIA,0,Other_Amphibian,0.3044,1955.3,-1.3,2132.9,103.5
/srv/shared_leopard_toad/2024/02.10.2024/5R/107MEDIA/DSCF0054.JPG,DSCF0054.JPG,5R/107MEDIA,0,Other_Amphibian,0.4224,1964.6,-2.0,2119.1,97.4
/srv/shared_leopard_toad/2024/02.10.2024/5R/107MEDIA/DSCF0397.JPG,DSCF0397.JPG,5R/107MEDIA,2,Western_Leopard_Toad,0.3049,4521.3,1680.6,4604.7,1964.4
/srv/shared_leopard_toad/2024/02.10.2024/5R/107MEDIA/DSCF0334.JPG,DSCF0334.JPG,5R/107MEDIA,2,Western_Leopard_Toad,0.2603,4527.0,1686.1,4603.5,1931.0
/srv/shared_leopard_toad/2024/02.10.2024/5R/107MEDIA/DSCF0815.JPG,DSCF0815.JPG,5R/107MEDIA,2,Western_Leopard_Toad,0.5454,4523.8,1769.7,4606.7,1931.0
/srv/shared_leopard_toad/2024/02.10.2024/5R/107MEDIA/DSCF0696.JPG,DSCF0696.JPG,5R/107MEDIA,2,Western_Leopard_Toad,0.5430,4523.3,1767.4,4607.2,1933.2
/srv/shared_leopard_toad/2024/02.10.2024/5R/107MEDIA/DSCF0136.JPG,DSCF0136.JPG,5R/107MEDIA,0,Other_Amphibian,0.2415,1959.2,-1.3,2135.8,105.8
/srv/shared_leopard_toad/2024/02.10.2024/5R/107MEDIA/DSCF0946.JPG,DSCF0946.JPG,5R/107MEDIA,2,Western_Leopard_Toad,0.2942,4519.9,1765.0,4601.6,1938.2
/srv/shared_leopard_toad/2024/02.10.2024/5R/107MEDIA/DSCF0569.JPG,DSCF0569.JPG,5R/107MEDIA,2,Western_Leopard_Toad,0.3262,4519.9,1723.1,4606.1,1937.0
/srv/shared_leopard_toad/2024/02.10.2024/5R/107MEDIA/DSCF0204.JPG,DSCF0204.JPG,5R/107MEDIA,0,Other_Amphibian,0.3970,1956.8,-1.5,2133.7,106.9
/srv/shared_leopard_toad/2024/02.10.2024/5R/107MEDIA/DSCF0204.JPG,DSCF0204.JPG,5R/107MEDIA,0,Other_Amphibian,0.2139,1951.1,-2.0,2146.1,106.0
/srv/shared_leopard_toad/2024/02.10.2024/5R/107MEDIA/DSCF0122.JPG,DSCF0122.JPG,5R/107MEDIA,0,Other_Amphibian,0.2510,1960.4,-1.3,2141.4,100.9
/srv/shared_leopard_toad/2024/02.10.2024/5R/107MEDIA/DSCF0122.JPG,DSCF0122.JPG,5R/107MEDIA,0,Other_Amphibian,0.2130,1954.7,-2.9,2142.6,99.4
/srv/shared_leopard_toad/2024/02.10.2024/5R/107MEDIA/DSCF0733.JPG,DSCF0733.JPG,5R/107MEDIA,2,Western_Leopard_Toad,0.4175,4523.8,1748.6,4606.7,1936.9
/srv/shared_leopard_toad/2024/02.10.2024/5R/107MEDIA/DSCF0831.JPG,DSCF0831.JPG,5R/107MEDIA,2,Western_Leopard_Toad,0.4185,4521.9,1754.6,4604.1,1935.9
/srv/shared_leopard_toad/2024/02.10.2024/5R/107MEDIA/DSCF0415.JPG,DSCF0415.JPG,5R/107MEDIA,2,Western_Leopard_Toad,0.2771,4522.0,1680.7,4604.0,1949.1
/srv/shared_leopard_toad/2024/02.10.2024/5R/107MEDIA/DSCF0771.JPG,DSCF0771.JPG,5R/107MEDIA,2,Western_Leopard_Toad,0.3779,4523.8,1741.9,4606.7,1938.5
/srv/shared_leopard_toad/2024/02.10.2024/5R/107MEDIA/DSCF0977.JPG,DSCF0977.JPG,5R/107MEDIA,2,Western_Leopard_Toad,0.3530,4523.1,1768.9,4602.9,1934.3
/srv/shared_leopard_toad/2024/02.10.2024/5R/107MEDIA/DSCF0806.JPG,DSCF0806.JPG,5R/107MEDIA,2,Western_Leopard_Toad,0.3113,4523.7,1708.1,4606.8,1934.3
/srv/shared_leopard_toad/2024/02.10.2024/5R/107MEDIA/DSCF0142.JPG,DSCF0142.JPG,5R/107MEDIA,0,Other_Amphibian,0.2849,1959.4,-1.9,2135.6,104.1
/srv/shared_leopard_toad/2024/02.10.2024/5R/107MEDIA/DSCF0552.JPG,DSCF0552.JPG,5R/107MEDIA,2,Western_Leopard_Toad,0.6792,4519.5,1674.7,4606.5,1929.8
/srv/shared_leopard_toad/2024/02.10.2024/5R/107MEDIA/DSCF0179.JPG,DSCF0179.JPG,5R/107MEDIA,0,Other_Amphibian,0.2605,1956.9,-1.3,2140.3,105.1
/srv/shared_leopard_toad/2024/02.10.2024/5R/107MEDIA/DSCF0575.JPG,DSCF0575.JPG,5R/107MEDIA,2,Western_Leopard_Toad,0.3110,4521.5,1684.0,4604.5,1930.6
/srv/shared_leopard_toad/2024/02.10.2024/5R/107MEDIA/DSCF0066.JPG,DSCF0066.JPG,5R/107MEDIA,0,Other_Amphibian,0.2539,1960.4,-1.3,2130.1,95.6
/srv/shared_leopard_toad/2024/02.10.2024/5R/107MEDIA/DSCF0019.JPG,DSCF0019.JPG,5R/107MEDIA,0,Other_Amphibian,0.4763,1556.4,-1.5,1665.6,94.7
/srv/shared_leopard_toad/2024/02.10.2024/5R/107MEDIA/DSCF0160.JPG,DSCF0160.JPG,5R/107MEDIA,0,Other_Amphibian,0.2629,1957.1,-1.2,2133.4,105.4
/srv/shared_leopard_toad/2024/02.10.2024/5R/107MEDIA/DSCF0034.JPG,DSCF0034.JPG,5R/107MEDIA,0,Other_Amphibian,0.4297,1553.7,-1.2,1668.3,98.3
/srv/shared_leopard_toad/2024/02.10.2024/5R/107MEDIA/DSCF0818.JPG,DSCF0818.JPG,5R/107MEDIA,2,Western_Leopard_Toad,0.3948,4520.5,1680.9,4605.5,1933.7
/srv/shared_leopard_toad/2024/02.10.2024/5R/107MEDIA/DSCF0583.JPG,DSCF0583.JPG,5R/107MEDIA,2,Western_Leopard_Toad,0.4231,4520.2,1682.6,4605.8,1932.0
/srv/shared_leopard_toad/2024/02.10.2024/5R/107MEDIA/DSCF0005.JPG,DSCF0005.JPG,5R/107MEDIA,0,Other_Amphibian,0.2590,1558.6,-1.0,1665.7,95.6
/srv/shared_leopard_toad/2024/02.10.2024/5R/107MEDIA/DSCF0452.JPG,DSCF0452.JPG,5R/107MEDIA,2,Western_Leopard_Toad,0.3184,4524.6,1686.0,4605.9,1936.2
/srv/shared_leopard_toad/2024/02.10.2024/5R/107MEDIA/DSCF0172.JPG,DSCF0172.JPG,5R/107MEDIA,0,Other_Amphibian,0.3237,1955.9,-1.4,2127.9,106.6
/srv/shared_leopard_toad/2024/02.10.2024/5R/107MEDIA/DSCF0257.JPG,DSCF0257.JPG,5R/107MEDIA,0,Other_Amphibian,0.3635,1961.9,-2.1,2151.1,101.6
/srv/shared_leopard_toad/2024/02.10.2024/5R/107MEDIA/DSCF0382.JPG,DSCF0382.JPG,5R/107MEDIA,2,Western_Leopard_Toad,0.3066,4524.0,1684.5,4606.5,1947.8
/srv/shared_leopard_toad/2024/02.10.2024/5R/107MEDIA/DSCF0467.JPG,DSCF0467.JPG,5R/107MEDIA,2,Western_Leopard_Toad,0.4800,4524.6,1679.2,4605.9,1932.9
/srv/shared_leopard_toad/2024/02.10.2024/5R/107MEDIA/DSCF0162.JPG,DSCF0162.JPG,5R/107MEDIA,0,Other_Amphibian,0.2629,1958.8,-1.3,2140.7,104.9
/srv/shared_leopard_toad/2024/02.10.2024/5R/107MEDIA/DSCF0162.JPG,DSCF0162.JPG,5R/107MEDIA,0,Other_Amphibian,0.2175,1955.0,-2.2,2149.0,103.9
/srv/shared_leopard_toad/2024/02.10.2024/5R/107MEDIA/DSCF0274.JPG,DSCF0274.JPG,5R/107MEDIA,0,Other_Amphibian,0.2595,1964.2,-1.7,2144.2,103.1
/srv/shared_leopard_toad/2024/02.10.2024/5R/107MEDIA/DSCF0259.JPG,DSCF0259.JPG,5R/107MEDIA,0,Other_Amphibian,0.2297,1961.3,-1.7,2163.0,102.0
/srv/shared_leopard_toad/2024/02.10.2024/5R/107MEDIA/DSCF0797.JPG,DSCF0797.JPG,5R/107MEDIA,2,Western_Leopard_Toad,0.3481,4525.5,1754.0,4605.0,1936.6
/srv/shared_leopard_toad/2024/02.10.2024/5R/107MEDIA/DSCF0665.JPG,DSCF0665.JPG,5R/107MEDIA,2,Western_Leopard_Toad,0.2861,4521.7,1682.6,4604.3,1932.0
/srv/shared_leopard_toad/2024/02.10.2024/5R/107MEDIA/DSCF0630.JPG,DSCF0630.JPG,5R/107MEDIA,2,Western_Leopard_Toad,0.2810,4521.7,1682.4,4604.3,1932.2
/srv/shared_leopard_toad/2024/02.10.2024/5R/107MEDIA/DSCF0776.JPG,DSCF0776.JPG,5R/107MEDIA,2,Western_Leopard_Toad,0.4573,4524.6,1744.4,4605.9,1938.5
/srv/shared_leopard_toad/2024/02.10.2024/5R/107MEDIA/DSCF0557.JPG,DSCF0557.JPG,5R/107MEDIA,2,Western_Leopard_Toad,0.3320,4521.2,1714.3,4604.8,1933.2
/srv/shared_leopard_toad/2024/02.10.2024/5R/107MEDIA/DSCF0766.JPG,DSCF0766.JPG,5R/107MEDIA,2,Western_Leopard_Toad,0.4792,4524.1,1762.5,4606.4,1933.2
/srv/shared_leopard_toad/2024/02.10.2024/5R/107MEDIA/DSCF0995.JPG,DSCF0995.JPG,5R/107MEDIA,2,Western_Leopard_Toad,0.2905,4523.3,1698.4,4602.7,1934.0
/srv/shared_leopard_toad/2024/02.10.2024/5R/107MEDIA/DSCF0269.JPG,DSCF0269.JPG,5R/107MEDIA,0,Other_Amphibian,0.2874,1962.6,-2.5,2145.9,104.3
/srv/shared_leopard_toad/2024/02.10.2024/5R/107MEDIA/DSCF0004.JPG,DSCF0004.JPG,5R/107MEDIA,0,Other_Amphibian,0.3455,1554.3,-1.5,1663.2,96.5
/srv/shared_leopard_toad/2024/02.10.2024/5R/107MEDIA/DSCF0434.JPG,DSCF0434.JPG,5R/107MEDIA,2,Western_Leopard_Toad,0.4241,4521.0,1766.3,4605.0,1931.8
/srv/shared_leopard_toad/2024/02.10.2024/5R/107MEDIA/DSCF0313.JPG,DSCF0313.JPG,5R/107MEDIA,2,Western_Leopard_Toad,0.3044,4529.8,1679.3,4605.2,1953.0
/srv/shared_leopard_toad/2024/02.10.2024/5R/107MEDIA/DSCF0719.JPG,DSCF0719.JPG,5R/107MEDIA,2,Western_Leopard_Toad,0.4014,4523.5,1680.2,4607.0,1934.4
/srv/shared_leopard_toad/2024/02.10.2024/5R/107MEDIA/DSCF0424.JPG,DSCF0424.JPG,5R/107MEDIA,2,Western_Leopard_Toad,0.3057,4520.9,1684.3,4605.1,1932.8
/srv/shared_leopard_toad/2024/02.10.2024/5R/107MEDIA/DSCF0170.JPG,DSCF0170.JPG,5R/107MEDIA,0,Other_Amphibian,0.2646,1954.8,-1.4,2135.7,107.0
/srv/shared_leopard_toad/2024/02.10.2024/5R/107MEDIA/DSCF0628.JPG,DSCF0628.JPG,5R/107MEDIA,2,Western_Leopard_Toad,0.3359,4521.3,1691.6,4604.7,1933.2
/srv/shared_leopard_toad/2024/02.10.2024/5R/107MEDIA/DSCF0793.JPG,DSCF0793.JPG,5R/107MEDIA,2,Western_Leopard_Toad,0.4429,4521.1,1763.4,4604.9,1937.3
/srv/shared_leopard_toad/2024/02.10.2024/5R/107MEDIA/DSCF0879.JPG,DSCF0879.JPG,5R/107MEDIA,2,Western_Leopard_Toad,0.3181,4524.3,1755.4,4601.7,1937.7
/srv/shared_leopard_toad/2024/02.10.2024/5R/107MEDIA/DSCF0646.JPG,DSCF0646.JPG,5R/107MEDIA,2,Western_Leopard_Toad,0.2563,4519.5,1688.2,4606.5,1934.0
/srv/shared_leopard_toad/2024/02.10.2024/5R/107MEDIA/DSCF0859.JPG,DSCF0859.JPG,5R/107MEDIA,2,Western_Leopard_Toad,0.2649,4526.0,1697.3,4604.5,1935.1
/srv/shared_leopard_toad/2024/02.10.2024/5R/107MEDIA/DSCF0547.JPG,DSCF0547.JPG,5R/107MEDIA,2,Western_Leopard_Toad,0.2532,4521.9,1724.7,4604.1,1933.0
/srv/shared_leopard_toad/2024/02.10.2024/5R/107MEDIA/DSCF0161.JPG,DSCF0161.JPG,5R/107MEDIA,0,Other_Amphibian,0.3032,1950.8,-1.3,2128.4,105.5
/srv/shared_leopard_toad/2024/02.10.2024/5R/107MEDIA/DSCF0321.JPG,DSCF0321.JPG,5R/107MEDIA,2,Western_Leopard_Toad,0.4155,4525.7,1680.9,4604.8,1931.2
/srv/shared_leopard_toad/2024/02.10.2024/5R/107MEDIA/DSCF0002.JPG,DSCF0002.JPG,5R/107MEDIA,0,Other_Amphibian,0.3240,1556.7,-1.4,1665.3,94.8
/srv/shared_leopard_toad/2024/02.10.2024/5R/107MEDIA/DSCF0845.JPG,DSCF0845.JPG,5R/107MEDIA,2,Western_Leopard_Toad,0.4692,4520.8,1753.2,4605.2,1937.4
/srv/shared_leopard_toad/2024/02.10.2024/5R/107MEDIA/DSCF0751.JPG,DSCF0751.JPG,5R/107MEDIA,2,Western_Leopard_Toad,0.2803,4524.3,1702.3,4606.2,1935.1
/srv/shared_leopard_toad/2024/02.10.2024/5R/107MEDIA/DSCF0578.JPG,DSCF0578.JPG,5R/107MEDIA,2,Western_Leopard_Toad,0.3838,4521.4,1678.9,4604.6,1933.2
/srv/shared_leopard_toad/2024/02.10.2024/5R/107MEDIA/DSCF0803.JPG,DSCF0803.JPG,5R/107MEDIA,2,Western_Leopard_Toad,0.3879,4521.9,1753.8,4604.1,1936.7
/srv/shared_leopard_toad/2024/02.10.2024/5R/107MEDIA/DSCF0585.JPG,DSCF0585.JPG,5R/107MEDIA,2,Western_Leopard_Toad,0.4053,4524.4,1679.4,4606.1,1932.7
/srv/shared_leopard_toad/2024/02.10.2024/5R/107MEDIA/DSCF0228.JPG,DSCF0228.JPG,5R/107MEDIA,0,Other_Amphibian,0.3125,1957.0,-1.4,2138.0,105.4
/srv/shared_leopard_toad/2024/02.10.2024/5R/107MEDIA/DSCF0253.JPG,DSCF0253.JPG,5R/107MEDIA,0,Other_Amphibian,0.3542,1959.0,-2.0,2149.5,103.1
/srv/shared_leopard_toad/2024/02.10.2024/5R/107MEDIA/DSCF0218.JPG,DSCF0218.JPG,5R/107MEDIA,0,Other_Amphibian,0.3176,1956.2,-1.9,2127.6,106.5
/srv/shared_leopard_toad/2024/02.10.2024/5R/107MEDIA/DSCF0435.JPG,DSCF0435.JPG,5R/107MEDIA,2,Western_Leopard_Toad,0.3918,4523.1,1761.4,4602.9,1936.8
/srv/shared_leopard_toad/2024/02.10.2024/5R/107MEDIA/DSCF0819.JPG,DSCF0819.JPG,5R/107MEDIA,2,Western_Leopard_Toad,0.2673,4521.1,1684.2,4604.9,1933.0
/srv/shared_leopard_toad/2024/02.10.2024/5R/107MEDIA/DSCF0680.JPG,DSCF0680.JPG,5R/107MEDIA,2,Western_Leopard_Toad,0.4509,4519.9,1682.6,4606.1,1932.0
/srv/shared_leopard_toad/2024/02.10.2024/5R/107MEDIA/DSCF0260.JPG,DSCF0260.JPG,5R/107MEDIA,0,Other_Amphibian,0.3430,1962.4,-1.8,2157.4,103.6
/srv/shared_leopard_toad/2024/02.10.2024/5R/107MEDIA/DSCF0115.JPG,DSCF0115.JPG,5R/107MEDIA,0,Other_Amphibian,0.2289,1961.8,-1.9,2133.2,100.9
/srv/shared_leopard_toad/2024/02.10.2024/5R/107MEDIA/DSCF0462.JPG,DSCF0462.JPG,5R/107MEDIA,2,Western_Leopard_Toad,0.3003,4520.6,1687.8,4605.4,1934.4
/srv/shared_leopard_toad/2024/02.10.2024/5R/107MEDIA/DSCF0037.JPG,DSCF0037.JPG,5R/107MEDIA,0,Other_Amphibian,0.4092,1555.2,-1.8,1675.8,105.8
/srv/shared_leopard_toad/2024/02.10.2024/5R/107MEDIA/DSCF0056.JPG,DSCF0056.JPG,5R/107MEDIA,0,Other_Amphibian,0.3513,1965.4,-1.2,2113.9,98.1
/srv/shared_leopard_toad/2024/02.10.2024/5R/107MEDIA/DSCF0641.JPG,DSCF0641.JPG,5R/107MEDIA,2,Western_Leopard_Toad,0.4421,4520.0,1768.0,4606.0,1930.2
/srv/shared_leopard_toad/2024/02.10.2024/5R/107MEDIA/DSCF0624.JPG,DSCF0624.JPG,5R/107MEDIA,2,Western_Leopard_Toad,0.5737,4523.7,1765.4,4606.8,1930.2
/srv/shared_leopard_toad/2024/02.10.2024/5R/107MEDIA/DSCF0561.JPG,DSCF0561.JPG,5R/107MEDIA,2,Western_Leopard_Toad,0.3621,4522.0,1762.5,4604.0,1933.2
/srv/shared_leopard_toad/2024/02.10.2024/5R/107MEDIA/DSCF0436.JPG,DSCF0436.JPG,5R/107MEDIA,2,Western_Leopard_Toad,0.2588,4521.7,1683.0,4604.3,1931.6
/srv/shared_leopard_toad/2024/02.10.2024/5R/107MEDIA/DSCF0616.JPG,DSCF0616.JPG,5R/107MEDIA,2,Western_Leopard_Toad,0.4539,4521.2,1690.6,4604.8,1931.7
/srv/shared_leopard_toad/2024/02.10.2024/5R/107MEDIA/DSCF0829.JPG,DSCF0829.JPG,5R/107MEDIA,2,Western_Leopard_Toad,0.4136,4524.8,1688.2,4605.8,1931.5
/srv/shared_leopard_toad/2024/02.10.2024/5R/107MEDIA/DSCF0069.JPG,DSCF0069.JPG,5R/107MEDIA,0,Other_Amphibian,0.3333,1961.5,-1.5,2129.0,99.5
/srv/shared_leopard_toad/2024/02.10.2024/5R/107MEDIA/DSCF0821.JPG,DSCF0821.JPG,5R/107MEDIA,2,Western_Leopard_Toad,0.4165,4521.7,1758.5,4604.3,1934.6
/srv/shared_leopard_toad/2024/02.10.2024/5R/107MEDIA/DSCF0484.JPG,DSCF0484.JPG,5R/107MEDIA,2,Western_Leopard_Toad,0.4185,4519.9,1682.0,4606.1,1932.6
/srv/shared_leopard_toad/2024/02.10.2024/5R/107MEDIA/DSCF0609.JPG,DSCF0609.JPG,5R/107MEDIA,2,Western_Leopard_Toad,0.2864,4521.2,1680.4,4604.8,1934.2
/srv/shared_leopard_toad/2024/02.10.2024/5R/107MEDIA/DSCF0239.JPG,DSCF0239.JPG,5R/107MEDIA,0,Other_Amphibian,0.3525,1958.1,-1.6,2132.4,104.6
/srv/shared_leopard_toad/2024/02.10.2024/5R/107MEDIA/DSCF0129.JPG,DSCF0129.JPG,5R/107MEDIA,0,Other_Amphibian,0.2170,1959.0,-1.3,2138.3,103.0
/srv/shared_leopard_toad/2024/02.10.2024/5R/107MEDIA/DSCF0261.JPG,DSCF0261.JPG,5R/107MEDIA,0,Other_Amphibian,0.4949,1958.3,-2.4,2154.7,104.2
/srv/shared_leopard_toad/2024/02.10.2024/5R/107MEDIA/DSCF0062.JPG,DSCF0062.JPG,5R/107MEDIA,0,Other_Amphibian,0.4382,1962.3,-2.1,2132.7,97.6
/srv/shared_leopard_toad/2024/02.10.2024/5R/107MEDIA/DSCF0809.JPG,DSCF0809.JPG,5R/107MEDIA,2,Western_Leopard_Toad,0.3086,4521.2,1689.3,4604.8,1932.9
/srv/shared_leopard_toad/2024/02.10.2024/5R/107MEDIA/DSCF0796.JPG,DSCF0796.JPG,5R/107MEDIA,2,Western_Leopard_Toad,0.3501,4524.6,1684.7,4605.9,1935.0
/srv/shared_leopard_toad/2024/02.10.2024/5R/107MEDIA/DSCF0590.JPG,DSCF0590.JPG,5R/107MEDIA,2,Western_Leopard_Toad,0.2742,4521.5,1689.7,4604.5,1932.5
/srv/shared_leopard_toad/2024/02.10.2024/5R/107MEDIA/DSCF0934.JPG,DSCF0934.JPG,5R/107MEDIA,2,Western_Leopard_Toad,0.4277,4526.0,1747.3,4604.5,1938.2
/srv/shared_leopard_toad/2024/02.10.2024/5R/107MEDIA/DSCF0175.JPG,DSCF0175.JPG,5R/107MEDIA,0,Other_Amphibian,0.5293,1959.4,-1.7,2126.6,106.2
/srv/shared_leopard_toad/2024/02.10.2024/5R/107MEDIA/DSCF0647.JPG,DSCF0647.JPG,5R/107MEDIA,2,Western_Leopard_Toad,0.2776,4521.9,1680.9,4604.1,1933.7
/srv/shared_leopard_toad/2024/02.10.2024/5R/107MEDIA/DSCF0573.JPG,DSCF0573.JPG,5R/107MEDIA,2,Western_Leopard_Toad,0.4426,4523.7,1678.7,4606.8,1933.4
/srv/shared_leopard_toad/2024/02.10.2024/5R/107MEDIA/DSCF0914.JPG,DSCF0914.JPG,5R/107MEDIA,2,Western_Leopard_Toad,0.3235,4524.9,1689.1,4605.6,1933.2
/srv/shared_leopard_toad/2024/02.10.2024/5R/107MEDIA/DSCF0203.JPG,DSCF0203.JPG,5R/107MEDIA,0,Other_Amphibian,0.2629,1951.9,-1.5,2129.6,106.9
/srv/shared_leopard_toad/2024/02.10.2024/5R/107MEDIA/DSCF0103.JPG,DSCF0103.JPG,5R/107MEDIA,0,Other_Amphibian,0.3364,1962.5,-2.0,2132.5,100.8
/srv/shared_leopard_toad/2024/02.10.2024/5R/107MEDIA/DSCF0920.JPG,DSCF0920.JPG,5R/107MEDIA,2,Western_Leopard_Toad,0.3052,4526.4,1682.2,4604.1,1932.5
/srv/shared_leopard_toad/2024/02.10.2024/5R/107MEDIA/DSCF0039.JPG,DSCF0039.JPG,5R/107MEDIA,0,Other_Amphibian,0.3254,1556.2,-1.7,1672.6,100.8
/srv/shared_leopard_toad/2024/02.10.2024/5R/107MEDIA/DSCF0070.JPG,DSCF0070.JPG,5R/107MEDIA,0,Other_Amphibian,0.2230,1962.5,-1.3,2134.8,97.3
/srv/shared_leopard_toad/2024/02.10.2024/5R/107MEDIA/DSCF0100.JPG,DSCF0100.JPG,5R/107MEDIA,0,Other_Amphibian,0.2629,1961.6,-1.9,2133.4,100.1
/srv/shared_leopard_toad/2024/02.10.2024/5R/107MEDIA/DSCF0401.JPG,DSCF0401.JPG,5R/107MEDIA,2,Western_Leopard_Toad,0.3240,4521.2,1751.2,4604.8,1939.4
/srv/shared_leopard_toad/2024/02.10.2024/5R/107MEDIA/DSCF0948.JPG,DSCF0948.JPG,5R/107MEDIA,2,Western_Leopard_Toad,0.2783,4523.3,1680.0,4602.7,1934.7
/srv/shared_leopard_toad/2024/02.10.2024/5R/107MEDIA/DSCF0599.JPG,DSCF0599.JPG,5R/107MEDIA,2,Western_Leopard_Toad,0.4258,4523.0,1720.4,4607.5,1934.7
/srv/shared_leopard_toad/2024/02.10.2024/5R/107MEDIA/DSCF0491.JPG,DSCF0491.JPG,5R/107MEDIA,2,Western_Leopard_Toad,0.4485,4522.6,1772.1,4603.4,1933.6
/srv/shared_leopard_toad/2024/02.10.2024/5R/107MEDIA/DSCF0600.JPG,DSCF0600.JPG,5R/107MEDIA,2,Western_Leopard_Toad,0.4622,4520.7,1759.0,4605.3,1934.1
/srv/shared_leopard_toad/2024/02.10.2024/5R/107MEDIA/DSCF0984.JPG,DSCF0984.JPG,5R/107MEDIA,2,Western_Leopard_Toad,0.3013,4523.0,1746.7,4603.0,1938.8
/srv/shared_leopard_toad/2024/02.10.2024/5R/107MEDIA/DSCF0042.JPG,DSCF0042.JPG,5R/107MEDIA,0,Other_Amphibian,0.3005,1556.3,-1.0,1679.2,102.1
/srv/shared_leopard_toad/2024/02.10.2024/5R/107MEDIA/DSCF0529.JPG,DSCF0529.JPG,5R/107MEDIA,2,Western_Leopard_Toad,0.2578,4522.6,1699.2,4603.4,1935.7
/srv/shared_leopard_toad/2024/02.10.2024/5R/107MEDIA/DSCF0010.JPG,DSCF0010.JPG,5R/107MEDIA,0,Other_Amphibian,0.3284,1555.0,-1.1,1664.8,95.6
/srv/shared_leopard_toad/2024/02.10.2024/5R/107MEDIA/DSCF0835.JPG,DSCF0835.JPG,5R/107MEDIA,2,Western_Leopard_Toad,0.3457,4521.2,1695.9,4604.8,1936.5
/srv/shared_leopard_toad/2024/02.10.2024/5R/107MEDIA/DSCF0348.JPG,DSCF0348.JPG,5R/107MEDIA,2,Western_Leopard_Toad,0.2500,4526.7,1682.0,4603.8,1932.6
/srv/shared_leopard_toad/2024/02.10.2024/5R/107MEDIA/DSCF0078.JPG,DSCF0078.JPG,5R/107MEDIA,0,Other_Amphibian,0.3430,1962.3,-1.5,2132.7,97.8
/srv/shared_leopard_toad/2024/02.10.2024/5R/107MEDIA/DSCF0244.JPG,DSCF0244.JPG,5R/107MEDIA,0,Other_Amphibian,0.2727,1955.4,-1.1,2128.4,105.5
/srv/shared_leopard_toad/2024/02.10.2024/5R/107MEDIA/DSCF0217.JPG,DSCF0217.JPG,5R/107MEDIA,0,Other_Amphibian,0.2903,1959.9,-1.8,2130.6,105.0
/srv/shared_leopard_toad/2024/02.10.2024/5R/107MEDIA/DSCF0242.JPG,DSCF0242.JPG,5R/107MEDIA,0,Other_Amphibian,0.2035,1952.5,-1.9,2138.0,105.2
/srv/shared_leopard_toad/2024/02.10.2024/5R/107MEDIA/DSCF0156.JPG,DSCF0156.JPG,5R/107MEDIA,0,Other_Amphibian,0.2212,1963.1,-1.3,2131.9,101.1
/srv/shared_leopard_toad/2024/02.10.2024/5R/107MEDIA/DSCF0190.JPG,DSCF0190.JPG,5R/107MEDIA,0,Other_Amphibian,0.2888,1958.2,-1.7,2136.8,107.6
/srv/shared_leopard_toad/2024/02.10.2024/5R/107MEDIA/DSCF0383.JPG,DSCF0383.JPG,5R/107MEDIA,2,Western_Leopard_Toad,0.3594,4520.8,1679.6,4605.2,1935.1
/srv/shared_leopard_toad/2024/02.10.2024/5R/107MEDIA/DSCF0935.JPG,DSCF0935.JPG,5R/107MEDIA,2,Western_Leopard_Toad,0.3669,4524.8,1680.2,4605.8,1934.4
/srv/shared_leopard_toad/2024/02.10.2024/5R/107MEDIA/DSCF0055.JPG,DSCF0055.JPG,5R/107MEDIA,0,Other_Amphibian,0.5098,1962.4,-1.9,2116.9,99.0
/srv/shared_leopard_toad/2024/02.10.2024/5R/107MEDIA/DSCF0400.JPG,DSCF0400.JPG,5R/107MEDIA,2,Western_Leopard_Toad,0.3208,4524.6,1686.9,4605.9,1932.8
/srv/shared_leopard_toad/2024/02.10.2024/5R/107MEDIA/DSCF0658.JPG,DSCF0658.JPG,5R/107MEDIA,2,Western_Leopard_Toad,0.2588,4521.6,1710.7,4604.4,1934.3
/srv/shared_leopard_toad/2024/02.10.2024/5R/107MEDIA/DSCF0606.JPG,DSCF0606.JPG,5R/107MEDIA,2,Western_Leopard_Toad,0.4846,4523.0,1730.3,4607.5,1934.9
/srv/shared_leopard_toad/2024/02.10.2024/5R/107MEDIA/DSCF0197.JPG,DSCF0197.JPG,5R/107MEDIA,0,Other_Amphibian,0.3855,1957.0,-1.3,2129.0,105.8
/srv/shared_leopard_toad/2024/02.10.2024/5R/107MEDIA/DSCF0351.JPG,DSCF0351.JPG,5R/107MEDIA,2,Western_Leopard_Toad,0.2969,4526.0,1680.9,4604.5,1933.7
/srv/shared_leopard_toad/2024/02.10.2024/5R/107MEDIA/DSCF0225.JPG,DSCF0225.JPG,5R/107MEDIA,0,Other_Amphibian,0.2213,1956.2,-1.5,2143.3,103.7
/srv/shared_leopard_toad/2024/02.10.2024/5R/107MEDIA/DSCF0354.JPG,DSCF0354.JPG,5R/107MEDIA,2,Western_Leopard_Toad,0.2788,4526.3,1681.8,4604.2,1932.8
/srv/shared_leopard_toad/2024/02.10.2024/5R/107MEDIA/DSCF0272.JPG,DSCF0272.JPG,5R/107MEDIA,0,Other_Amphibian,0.3354,1965.0,-1.9,2148.0,101.8
/srv/shared_leopard_toad/2024/02.10.2024/5R/107MEDIA/DSCF0272.JPG,DSCF0272.JPG,5R/107MEDIA,0,Other_Amphibian,0.2297,1960.8,-1.7,2152.2,101.8
/srv/shared_leopard_toad/2024/02.10.2024/5R/107MEDIA/DSCF0459.JPG,DSCF0459.JPG,5R/107MEDIA,2,Western_Leopard_Toad,0.6025,4521.9,1679.8,4608.6,1924.7
/srv/shared_leopard_toad/2024/02.10.2024/5R/107MEDIA/DSCF0620.JPG,DSCF0620.JPG,5R/107MEDIA,2,Western_Leopard_Toad,0.3550,4520.3,1691.2,4605.7,1931.0
/srv/shared_leopard_toad/2024/02.10.2024/5R/107MEDIA/DSCF0746.JPG,DSCF0746.JPG,5R/107MEDIA,2,Western_Leopard_Toad,0.4246,4523.3,1698.5,4607.2,1933.8
/srv/shared_leopard_toad/2024/02.10.2024/5R/107MEDIA/DSCF0763.JPG,DSCF0763.JPG,5R/107MEDIA,2,Western_Leopard_Toad,0.2673,4521.9,1741.2,4604.1,1939.3
/srv/shared_leopard_toad/2024/02.10.2024/5R/107MEDIA/DSCF0591.JPG,DSCF0591.JPG,5R/107MEDIA,2,Western_Leopard_Toad,0.3669,4519.3,1744.3,4606.7,1933.6
/srv/shared_leopard_toad/2024/02.10.2024/5R/107MEDIA/DSCF0081.JPG,DSCF0081.JPG,5R/107MEDIA,0,Other_Amphibian,0.2842,1962.1,-1.4,2132.9,95.4
/srv/shared_leopard_toad/2024/02.10.2024/5R/107MEDIA/DSCF0016.JPG,DSCF0016.JPG,5R/107MEDIA,0,Other_Amphibian,0.2080,1551.6,-1.5,1656.9,89.8
/srv/shared_leopard_toad/2024/02.10.2024/5R/107MEDIA/DSCF0016.JPG,DSCF0016.JPG,5R/107MEDIA,0,Other_Amphibian,0.2012,1550.3,-0.9,1658.2,89.3
/srv/shared_leopard_toad/2024/02.10.2024/5R/107MEDIA/DSCF0241.JPG,DSCF0241.JPG,5R/107MEDIA,0,Other_Amphibian,0.2045,1958.9,-1.3,2136.1,103.5
/srv/shared_leopard_toad/2024/02.10.2024/5R/107MEDIA/DSCF0029.JPG,DSCF0029.JPG,5R/107MEDIA,0,Other_Amphibian,0.3438,1554.2,-1.3,1667.8,96.4
/srv/shared_leopard_toad/2024/02.10.2024/5R/107MEDIA/DSCF0728.JPG,DSCF0728.JPG,5R/107MEDIA,2,Western_Leopard_Toad,0.2703,4521.7,1725.4,4604.3,1937.4
/srv/shared_leopard_toad/2024/02.10.2024/5R/107MEDIA/DSCF0468.JPG,DSCF0468.JPG,5R/107MEDIA,2,Western_Leopard_Toad,0.2744,4522.5,1751.2,4603.5,1934.3
/srv/shared_leopard_toad/2024/02.10.2024/5R/107MEDIA/DSCF0116.JPG,DSCF0116.JPG,5R/107MEDIA,0,Other_Amphibian,0.2664,1960.1,-1.8,2139.4,101.5
/srv/shared_leopard_toad/2024/02.10.2024/5R/107MEDIA/DSCF0865.JPG,DSCF0865.JPG,5R/107MEDIA,2,Western_Leopard_Toad,0.2642,4526.9,1685.9,4603.6,1931.3
/srv/shared_leopard_toad/2024/02.10.2024/5R/107MEDIA/DSCF0085.JPG,DSCF0085.JPG,5R/107MEDIA,0,Other_Amphibian,0.2920,1962.8,-1.4,2132.2,99.6
/srv/shared_leopard_toad/2024/02.10.2024/5R/107MEDIA/DSCF0808.JPG,DSCF0808.JPG,5R/107MEDIA,2,Western_Leopard_Toad,0.3513,4524.3,1735.3,4606.2,1940.1
/srv/shared_leopard_toad/2024/02.10.2024/5R/107MEDIA/DSCF0027.JPG,DSCF0027.JPG,5R/107MEDIA,0,Other_Amphibian,0.3423,1556.3,-1.4,1663.4,97.2
/srv/shared_leopard_toad/2024/02.10.2024/5R/107MEDIA/DSCF0800.JPG,DSCF0800.JPG,5R/107MEDIA,2,Western_Leopard_Toad,0.3328,4521.2,1694.8,4604.8,1935.1
/srv/shared_leopard_toad/2024/02.10.2024/5R/107MEDIA/DSCF0367.JPG,DSCF0367.JPG,5R/107MEDIA,2,Western_Leopard_Toad,0.4319,4524.0,1683.3,4606.5,1933.9
/srv/shared_leopard_toad/2024/02.10.2024/5R/107MEDIA/DSCF0832.JPG,DSCF0832.JPG,5R/107MEDIA,2,Western_Leopard_Toad,0.3279,4520.7,1716.3,4605.3,1933.7
/srv/shared_leopard_toad/2024/02.10.2024/5R/107MEDIA/DSCF0331.JPG,DSCF0331.JPG,5R/107MEDIA,2,Western_Leopard_Toad,0.3113,4525.4,1680.7,4605.1,1934.0
/srv/shared_leopard_toad/2024/02.10.2024/5R/107MEDIA/DSCF0082.JPG,DSCF0082.JPG,5R/107MEDIA,0,Other_Amphibian,0.2100,1962.4,-1.2,2137.1,96.5
/srv/shared_leopard_toad/2024/02.10.2024/5R/107MEDIA/DSCF0990.JPG,DSCF0990.JPG,5R/107MEDIA,2,Western_Leopard_Toad,0.5054,4526.4,1760.9,4604.1,1934.7
/srv/shared_leopard_toad/2024/02.10.2024/5R/107MEDIA/DSCF0789.JPG,DSCF0789.JPG,5R/107MEDIA,2,Western_Leopard_Toad,0.4253,4520.8,1718.2,4605.2,1934.4
/srv/shared_leopard_toad/2024/02.10.2024/5R/107MEDIA/DSCF0602.JPG,DSCF0602.JPG,5R/107MEDIA,2,Western_Leopard_Toad,0.4851,4519.6,1685.2,4606.4,1934.5
/srv/shared_leopard_toad/2024/02.10.2024/5R/107MEDIA/DSCF0688.JPG,DSCF0688.JPG,5R/107MEDIA,2,Western_Leopard_Toad,0.4541,4520.3,1680.9,4605.7,1931.2
/srv/shared_leopard_toad/2024/02.10.2024/5R/107MEDIA/DSCF0109.JPG,DSCF0109.JPG,5R/107MEDIA,0,Other_Amphibian,0.2617,1963.9,-0.6,2131.1,99.0
/srv/shared_leopard_toad/2024/02.10.2024/5R/107MEDIA/DSCF0357.JPG,DSCF0357.JPG,5R/107MEDIA,2,Western_Leopard_Toad,0.2542,4526.3,1678.6,4604.2,1936.0
/srv/shared_leopard_toad/2024/02.10.2024/5R/107MEDIA/DSCF0843.JPG,DSCF0843.JPG,5R/107MEDIA,2,Western_Leopard_Toad,0.3242,4524.0,1714.7,4606.5,1932.8
/srv/shared_leopard_toad/2024/02.10.2024/5R/107MEDIA/DSCF0309.JPG,DSCF0309.JPG,5R/107MEDIA,2,Western_Leopard_Toad,0.3284,4534.1,1755.7,4605.4,1934.9
/srv/shared_leopard_toad/2024/02.10.2024/5R/107MEDIA/DSCF0497.JPG,DSCF0497.JPG,5R/107MEDIA,2,Western_Leopard_Toad,0.3328,4521.2,1709.1,4604.8,1933.3
/srv/shared_leopard_toad/2024/02.10.2024/5R/107MEDIA/DSCF0460.JPG,DSCF0460.JPG,5R/107MEDIA,2,Western_Leopard_Toad,0.2639,4522.4,1681.1,4603.6,1933.6
/srv/shared_leopard_toad/2024/02.10.2024/5R/107MEDIA/DSCF0024.JPG,DSCF0024.JPG,5R/107MEDIA,0,Other_Amphibian,0.3083,1553.1,-1.2,1662.1,95.4
/srv/shared_leopard_toad/2024/02.10.2024/5R/107MEDIA/DSCF0318.JPG,DSCF0318.JPG,5R/107MEDIA,2,Western_Leopard_Toad,0.2747,4529.3,1682.0,4605.7,1932.6
/srv/shared_leopard_toad/2024/02.10.2024/5R/107MEDIA/DSCF0939.JPG,DSCF0939.JPG,5R/107MEDIA,2,Western_Leopard_Toad,0.3101,4523.4,1748.5,4602.6,1939.5
/srv/shared_leopard_toad/2024/02.10.2024/5R/107MEDIA/DSCF0392.JPG,DSCF0392.JPG,5R/107MEDIA,2,Western_Leopard_Toad,0.4109,4523.8,1721.0,4606.7,1939.2
/srv/shared_leopard_toad/2024/02.10.2024/5R/107MEDIA/DSCF0493.JPG,DSCF0493.JPG,5R/107MEDIA,2,Western_Leopard_Toad,0.3826,4521.0,1683.5,4605.0,1931.1
/srv/shared_leopard_toad/2024/02.10.2024/5R/107MEDIA/DSCF0235.JPG,DSCF0235.JPG,5R/107MEDIA,0,Other_Amphibian,0.2220,1960.2,-1.9,2134.8,103.9
/srv/shared_leopard_toad/2024/02.10.2024/5R/107MEDIA/DSCF0671.JPG,DSCF0671.JPG,5R/107MEDIA,2,Western_Leopard_Toad,0.3198,4520.4,1691.6,4605.6,1933.2
/srv/shared_leopard_toad/2024/02.10.2024/5R/107MEDIA/DSCF0202.JPG,DSCF0202.JPG,5R/107MEDIA,0,Other_Amphibian,0.3523,1960.5,-1.3,2139.0,104.1
/srv/shared_leopard_toad/2024/02.10.2024/5R/107MEDIA/DSCF0202.JPG,DSCF0202.JPG,5R/107MEDIA,0,Other_Amphibian,0.2108,1955.0,-2.7,2149.0,103.0
/srv/shared_leopard_toad/2024/02.10.2024/5R/107MEDIA/DSCF0595.JPG,DSCF0595.JPG,5R/107MEDIA,2,Western_Leopard_Toad,0.3701,4520.9,1681.5,4605.1,1933.1
/srv/shared_leopard_toad/2024/02.10.2024/5R/107MEDIA/DSCF0226.JPG,DSCF0226.JPG,5R/107MEDIA,0,Other_Amphibian,0.2898,1955.1,-2.1,2135.4,106.9
/srv/shared_leopard_toad/2024/02.10.2024/5R/107MEDIA/DSCF0310.JPG,DSCF0310.JPG,5R/107MEDIA,2,Western_Leopard_Toad,0.3452,4531.4,1714.0,4608.1,1931.0
/srv/shared_leopard_toad/2024/02.10.2024/5R/107MEDIA/DSCF0374.JPG,DSCF0374.JPG,5R/107MEDIA,2,Western_Leopard_Toad,0.2915,4521.9,1689.3,4604.1,1932.9
/srv/shared_leopard_toad/2024/02.10.2024/5R/107MEDIA/DSCF0371.JPG,DSCF0371.JPG,5R/107MEDIA,2,Western_Leopard_Toad,0.3977,4524.1,1749.3,4606.4,1938.7
/srv/shared_leopard_toad/2024/02.10.2024/5R/107MEDIA/DSCF0701.JPG,DSCF0701.JPG,5R/107MEDIA,2,Western_Leopard_Toad,0.3044,4519.9,1703.0,4606.1,1931.9
/srv/shared_leopard_toad/2024/02.10.2024/5R/107MEDIA/DSCF0317.JPG,DSCF0317.JPG,5R/107MEDIA,2,Western_Leopard_Toad,0.4509,4529.3,1758.3,4605.7,1929.7
/srv/shared_leopard_toad/2024/02.10.2024/5R/107MEDIA/DSCF0210.JPG,DSCF0210.JPG,5R/107MEDIA,0,Other_Amphibian,0.2852,1954.5,-1.5,2133.8,106.1
/srv/shared_leopard_toad/2024/02.10.2024/5R/107MEDIA/DSCF0234.JPG,DSCF0234.JPG,5R/107MEDIA,0,Other_Amphibian,0.2114,1958.3,-2.0,2136.7,103.8
/srv/shared_leopard_toad/2024/02.10.2024/5R/107MEDIA/DSCF0860.JPG,DSCF0860.JPG,5R/107MEDIA,2,Western_Leopard_Toad,0.2502,4523.3,1689.9,4602.7,1932.3
/srv/shared_leopard_toad/2024/02.10.2024/5R/107MEDIA/DSCF0604.JPG,DSCF0604.JPG,5R/107MEDIA,2,Western_Leopard_Toad,0.3687,4522.0,1681.4,4604.0,1930.7
/srv/shared_leopard_toad/2024/02.10.2024/5R/107MEDIA/DSCF0270.JPG,DSCF0270.JPG,5R/107MEDIA,0,Other_Amphibian,0.2646,1965.8,-2.0,2142.7,102.7
/srv/shared_leopard_toad/2024/02.10.2024/5R/107MEDIA/DSCF0450.JPG,DSCF0450.JPG,5R/107MEDIA,2,Western_Leopard_Toad,0.3877,4523.5,1680.0,4607.0,1934.7
/srv/shared_leopard_toad/2024/02.10.2024/5R/107MEDIA/DSCF0677.JPG,DSCF0677.JPG,5R/107MEDIA,2,Western_Leopard_Toad,0.3428,4523.5,1688.0,4607.0,1931.7
/srv/shared_leopard_toad/2024/02.10.2024/5R/107MEDIA/DSCF0884.JPG,DSCF0884.JPG,5R/107MEDIA,2,Western_Leopard_Toad,0.2881,4524.0,1696.9,4602.0,1935.5
/srv/shared_leopard_toad/2024/02.10.2024/5R/107MEDIA/DSCF0444.JPG,DSCF0444.JPG,5R/107MEDIA,2,Western_Leopard_Toad,0.2866,4524.3,1695.9,4606.2,1936.5
/srv/shared_leopard_toad/2024/02.10.2024/5R/107MEDIA/DSCF0638.JPG,DSCF0638.JPG,5R/107MEDIA,2,Western_Leopard_Toad,0.5483,4521.2,1762.6,4604.8,1930.5
/srv/shared_leopard_toad/2024/02.10.2024/5R/107MEDIA/DSCF0322.JPG,DSCF0322.JPG,5R/107MEDIA,2,Western_Leopard_Toad,0.2603,4531.0,1742.3,4604.0,1938.1
/srv/shared_leopard_toad/2024/02.10.2024/5R/107MEDIA/DSCF0084.JPG,DSCF0084.JPG,5R/107MEDIA,0,Other_Amphibian,0.3086,1959.5,-1.4,2135.5,99.4
/srv/shared_leopard_toad/2024/02.10.2024/5R/107MEDIA/DSCF0124.JPG,DSCF0124.JPG,5R/107MEDIA,0,Other_Amphibian,0.2256,1959.5,-2.1,2153.5,100.5
/srv/shared_leopard_toad/2024/02.10.2024/5R/107MEDIA/DSCF0138.JPG,DSCF0138.JPG,5R/107MEDIA,0,Other_Amphibian,0.3240,1958.3,-1.5,2136.7,106.0
/srv/shared_leopard_toad/2024/02.10.2024/5R/107MEDIA/DSCF0014.JPG,DSCF0014.JPG,5R/107MEDIA,0,Other_Amphibian,0.3665,1556.5,-1.5,1665.5,95.4
/srv/shared_leopard_toad/2024/02.10.2024/5R/107MEDIA/DSCF0836.JPG,DSCF0836.JPG,5R/107MEDIA,2,Western_Leopard_Toad,0.3708,4521.7,1750.9,4604.3,1937.1
/srv/shared_leopard_toad/2024/02.10.2024/5R/107MEDIA/DSCF0520.JPG,DSCF0520.JPG,5R/107MEDIA,2,Western_Leopard_Toad,0.4253,4525.2,1679.4,4605.3,1932.7
/srv/shared_leopard_toad/2024/02.10.2024/5R/107MEDIA/DSCF0744.JPG,DSCF0744.JPG,5R/107MEDIA,2,Western_Leopard_Toad,0.4731,4523.4,1678.6,4607.1,1936.0
/srv/shared_leopard_toad/2024/02.10.2024/5R/107MEDIA/DSCF0359.JPG,DSCF0359.JPG,5R/107MEDIA,2,Western_Leopard_Toad,0.2546,4526.6,1685.7,4603.9,1939.0
/srv/shared_leopard_toad/2024/02.10.2024/5R/107MEDIA/DSCF0009.JPG,DSCF0009.JPG,5R/107MEDIA,0,Other_Amphibian,0.3416,1554.7,-1.7,1662.8,94.3
/srv/shared_leopard_toad/2024/02.10.2024/5R/107MEDIA/DSCF0447.JPG,DSCF0447.JPG,5R/107MEDIA,2,Western_Leopard_Toad,0.2715,4523.0,1763.9,4603.0,1936.8
/srv/shared_leopard_toad/2024/02.10.2024/5R/107MEDIA/DSCF0243.JPG,DSCF0243.JPG,5R/107MEDIA,0,Other_Amphibian,0.2272,1954.1,-1.2,2129.7,105.6
/srv/shared_leopard_toad/2024/02.10.2024/5R/107MEDIA/DSCF0717.JPG,DSCF0717.JPG,5R/107MEDIA,2,Western_Leopard_Toad,0.2969,4524.3,1698.5,4606.2,1933.8
/srv/shared_leopard_toad/2024/02.10.2024/5R/107MEDIA/DSCF0410.JPG,DSCF0410.JPG,5R/107MEDIA,2,Western_Leopard_Toad,0.2747,4522.2,1744.6,4603.8,1940.9
/srv/shared_leopard_toad/2024/02.10.2024/5R/107MEDIA/DSCF0579.JPG,DSCF0579.JPG,5R/107MEDIA,2,Western_Leopard_Toad,0.2886,4522.5,1770.8,4603.5,1932.4
/srv/shared_leopard_toad/2024/02.10.2024/5R/107MEDIA/DSCF0201.JPG,DSCF0201.JPG,5R/107MEDIA,0,Other_Amphibian,0.2861,1958.9,-1.7,2131.6,105.1
/srv/shared_leopard_toad/2024/02.10.2024/5R/107MEDIA/DSCF0642.JPG,DSCF0642.JPG,5R/107MEDIA,2,Western_Leopard_Toad,0.5132,4520.2,1679.4,4605.8,1932.7
/srv/shared_leopard_toad/2024/02.10.2024/5R/107MEDIA/DSCF0762.JPG,DSCF0762.JPG,5R/107MEDIA,2,Western_Leopard_Toad,0.4089,4521.6,1766.5,4604.4,1931.7
/srv/shared_leopard_toad/2024/02.10.2024/5R/107MEDIA/DSCF0707.JPG,DSCF0707.JPG,5R/107MEDIA,2,Western_Leopard_Toad,0.3000,4520.2,1697.1,4605.8,1935.2
/srv/shared_leopard_toad/2024/02.10.2024/5R/105MEDIA/DSCF0993.JPG,DSCF0993.JPG,5R/105MEDIA,0,Other_Amphibian,0.2073,1955.6,-1.5,2175.4,101.8
/srv/shared_leopard_toad/2024/02.10.2024/5R/105MEDIA/DSCF0911.JPG,DSCF0911.JPG,5R/105MEDIA,0,Other_Amphibian,0.5283,1958.3,-1.0,2127.7,105.6
/srv/shared_leopard_toad/2024/02.10.2024/5R/105MEDIA/DSCF0922.JPG,DSCF0922.JPG,5R/105MEDIA,0,Other_Amphibian,0.2152,1953.1,-0.3,2141.9,103.3
/srv/shared_leopard_toad/2024/02.10.2024/5R/105MEDIA/DSCF0922.JPG,DSCF0922.JPG,5R/105MEDIA,0,Other_Amphibian,0.2081,1953.6,-1.6,2154.9,103.3
/srv/shared_leopard_toad/2024/02.10.2024/5R/105MEDIA/DSCF0678.JPG,DSCF0678.JPG,5R/105MEDIA,0,Other_Amphibian,0.2671,1959.4,-2.1,2158.1,108.3
/srv/shared_leopard_toad/2024/02.10.2024/5R/105MEDIA/DSCF0767.JPG,DSCF0767.JPG,5R/105MEDIA,0,Other_Amphibian,0.2362,1958.0,-1.5,2168.5,107.5
/srv/shared_leopard_toad/2024/02.10.2024/5R/105MEDIA/DSCF0774.JPG,DSCF0774.JPG,5R/105MEDIA,0,Other_Amphibian,0.2330,1958.0,-1.2,2166.3,105.4
/srv/shared_leopard_toad/2024/02.10.2024/5R/105MEDIA/DSCF0784.JPG,DSCF0784.JPG,5R/105MEDIA,0,Other_Amphibian,0.3335,1957.7,-1.6,2155.3,105.6
/srv/shared_leopard_toad/2024/02.10.2024/5R/105MEDIA/DSCF0933.JPG,DSCF0933.JPG,5R/105MEDIA,0,Other_Amphibian,0.3853,1957.0,-0.7,2131.2,104.3
/srv/shared_leopard_toad/2024/02.10.2024/5R/105MEDIA/DSCF0933.JPG,DSCF0933.JPG,5R/105MEDIA,0,Other_Amphibian,0.2783,1951.4,-2.5,2136.9,103.9
/srv/shared_leopard_toad/2024/02.10.2024/5R/105MEDIA/DSCF0650.JPG,DSCF0650.JPG,5R/105MEDIA,0,Other_Amphibian,0.2712,1552.9,-2.0,1671.4,102.3
/srv/shared_leopard_toad/2024/02.10.2024/5R/105MEDIA/DSCF0765.JPG,DSCF0765.JPG,5R/105MEDIA,0,Other_Amphibian,0.2375,1553.0,-3.0,1671.3,94.1
/srv/shared_leopard_toad/2024/02.10.2024/5R/105MEDIA/DSCF0956.JPG,DSCF0956.JPG,5R/105MEDIA,0,Other_Amphibian,0.5605,1951.3,0.3,2152.7,107.8
/srv/shared_leopard_toad/2024/02.10.2024/5R/105MEDIA/DSCF0667.JPG,DSCF0667.JPG,5R/105MEDIA,0,Other_Amphibian,0.2054,1960.5,-1.9,2134.5,107.5
/srv/shared_leopard_toad/2024/02.10.2024/5R/105MEDIA/DSCF0812.JPG,DSCF0812.JPG,5R/105MEDIA,0,Other_Amphibian,0.2346,1952.7,-1.1,2164.8,105.1
/srv/shared_leopard_toad/2024/02.10.2024/5R/105MEDIA/DSCF0868.JPG,DSCF0868.JPG,5R/105MEDIA,0,Other_Amphibian,0.4331,1955.8,-1.8,2132.4,104.4
/srv/shared_leopard_toad/2024/02.10.2024/5R/105MEDIA/DSCF0868.JPG,DSCF0868.JPG,5R/105MEDIA,0,Other_Amphibian,0.3965,1954.8,-1.7,2133.4,104.7
/srv/shared_leopard_toad/2024/02.10.2024/5R/105MEDIA/DSCF0668.JPG,DSCF0668.JPG,5R/105MEDIA,0,Other_Amphibian,0.2737,1554.7,-2.0,1671.8,94.6
/srv/shared_leopard_toad/2024/02.10.2024/5R/105MEDIA/DSCF0980.JPG,DSCF0980.JPG,5R/105MEDIA,0,Other_Amphibian,0.2766,1952.2,0.6,2142.8,103.4
/srv/shared_leopard_toad/2024/02.10.2024/5R/105MEDIA/DSCF0980.JPG,DSCF0980.JPG,5R/105MEDIA,0,Other_Amphibian,0.2661,1953.5,0.0,2161.8,103.7
/srv/shared_leopard_toad/2024/02.10.2024/5R/105MEDIA/DSCF0679.JPG,DSCF0679.JPG,5R/105MEDIA,0,Other_Amphibian,0.2277,1552.7,-2.5,1673.8,91.6
/srv/shared_leopard_toad/2024/02.10.2024/5R/105MEDIA/DSCF0752.JPG,DSCF0752.JPG,5R/105MEDIA,0,Other_Amphibian,0.2605,1958.4,-1.9,2154.6,106.8
/srv/shared_leopard_toad/2024/02.10.2024/5R/105MEDIA/DSCF0752.JPG,DSCF0752.JPG,5R/105MEDIA,0,Other_Amphibian,0.2147,1952.3,-1.5,2136.0,106.4
/srv/shared_leopard_toad/2024/02.10.2024/5R/105MEDIA/DSCF0623.JPG,DSCF0623.JPG,5R/105MEDIA,0,Other_Amphibian,0.6450,1554.4,-2.1,1672.1,113.5
/srv/shared_leopard_toad/2024/02.10.2024/5R/105MEDIA/DSCF0734.JPG,DSCF0734.JPG,5R/105MEDIA,0,Other_Amphibian,0.2856,1960.0,-1.6,2159.8,108.3
/srv/shared_leopard_toad/2024/02.10.2024/5R/105MEDIA/DSCF0777.JPG,DSCF0777.JPG,5R/105MEDIA,0,Other_Amphibian,0.3296,1958.8,-1.6,2154.2,106.4
/srv/shared_leopard_toad/2024/02.10.2024/5R/105MEDIA/DSCF0891.JPG,DSCF0891.JPG,5R/105MEDIA,0,Other_Amphibian,0.4814,1957.1,-1.5,2133.4,103.5
/srv/shared_leopard_toad/2024/02.10.2024/5R/105MEDIA/DSCF0891.JPG,DSCF0891.JPG,5R/105MEDIA,0,Other_Amphibian,0.3113,1956.8,-2.4,2133.7,103.8
/srv/shared_leopard_toad/2024/02.10.2024/5R/105MEDIA/DSCF0636.JPG,DSCF0636.JPG,5R/105MEDIA,0,Other_Amphibian,0.3813,1555.0,-1.8,1671.5,108.1
/srv/shared_leopard_toad/2024/02.10.2024/5R/105MEDIA/DSCF0827.JPG,DSCF0827.JPG,5R/105MEDIA,0,Other_Amphibian,0.3489,1554.5,-2.7,1676.5,96.8
/srv/shared_leopard_toad/2024/02.10.2024/5R/105MEDIA/DSCF0827.JPG,DSCF0827.JPG,5R/105MEDIA,0,Other_Amphibian,0.2859,1956.0,-1.5,2175.0,102.4
/srv/shared_leopard_toad/2024/02.10.2024/5R/105MEDIA/DSCF0802.JPG,DSCF0802.JPG,5R/105MEDIA,0,Other_Amphibian,0.2374,1550.4,-2.5,1676.1,99.4
/srv/shared_leopard_toad/2024/02.10.2024/5R/105MEDIA/DSCF0720.JPG,DSCF0720.JPG,5R/105MEDIA,0,Other_Amphibian,0.2498,1960.1,-1.7,2164.1,106.9
/srv/shared_leopard_toad/2024/02.10.2024/5R/105MEDIA/DSCF0983.JPG,DSCF0983.JPG,5R/105MEDIA,0,Other_Amphibian,0.3254,1953.8,0.0,2130.0,104.1
/srv/shared_leopard_toad/2024/02.10.2024/5R/105MEDIA/DSCF0983.JPG,DSCF0983.JPG,5R/105MEDIA,0,Other_Amphibian,0.2795,1955.0,-0.9,2164.8,103.5
/srv/shared_leopard_toad/2024/02.10.2024/5R/105MEDIA/DSCF0822.JPG,DSCF0822.JPG,5R/105MEDIA,0,Other_Amphibian,0.3074,1955.4,-1.2,2171.1,103.4
/srv/shared_leopard_toad/2024/02.10.2024/5R/105MEDIA/DSCF0792.JPG,DSCF0792.JPG,5R/105MEDIA,0,Other_Amphibian,0.3633,1956.4,-1.4,2161.1,107.3
/srv/shared_leopard_toad/2024/02.10.2024/5R/105MEDIA/DSCF0807.JPG,DSCF0807.JPG,5R/105MEDIA,0,Other_Amphibian,0.3643,1956.2,-1.1,2156.8,106.5
/srv/shared_leopard_toad/2024/02.10.2024/5R/105MEDIA/DSCF0681.JPG,DSCF0681.JPG,5R/105MEDIA,0,Other_Amphibian,0.2542,1957.1,-1.7,2162.6,107.3
/srv/shared_leopard_toad/2024/02.10.2024/5R/105MEDIA/DSCF0795.JPG,DSCF0795.JPG,5R/105MEDIA,0,Other_Amphibian,0.2891,1953.8,-1.5,2165.9,107.1
/srv/shared_leopard_toad/2024/02.10.2024/5R/105MEDIA/DSCF0780.JPG,DSCF0780.JPG,5R/105MEDIA,0,Other_Amphibian,0.3435,1955.8,-1.9,2159.4,107.5
/srv/shared_leopard_toad/2024/02.10.2024/5R/105MEDIA/DSCF0986.JPG,DSCF0986.JPG,5R/105MEDIA,0,Other_Amphibian,0.4351,1951.9,0.0,2120.6,104.9
/srv/shared_leopard_toad/2024/02.10.2024/5R/105MEDIA/DSCF0986.JPG,DSCF0986.JPG,5R/105MEDIA,0,Other_Amphibian,0.2639,1954.1,-1.0,2167.9,103.9
/srv/shared_leopard_toad/2024/02.10.2024/5R/105MEDIA/DSCF0981.JPG,DSCF0981.JPG,5R/105MEDIA,0,Other_Amphibian,0.5303,1953.5,-0.1,2123.5,108.2
/srv/shared_leopard_toad/2024/02.10.2024/5R/105MEDIA/DSCF0981.JPG,DSCF0981.JPG,5R/105MEDIA,0,Other_Amphibian,0.3464,1950.8,-0.4,2146.5,108.1
/srv/shared_leopard_toad/2024/02.10.2024/5R/105MEDIA/DSCF0895.JPG,DSCF0895.JPG,5R/105MEDIA,0,Other_Amphibian,0.4377,1958.1,-1.5,2132.4,103.7
/srv/shared_leopard_toad/2024/02.10.2024/5R/105MEDIA/DSCF0817.JPG,DSCF0817.JPG,5R/105MEDIA,0,Other_Amphibian,0.2883,1951.2,-1.0,2179.8,106.5
/srv/shared_leopard_toad/2024/02.10.2024/5R/105MEDIA/DSCF0912.JPG,DSCF0912.JPG,5R/105MEDIA,0,Other_Amphibian,0.2820,1953.2,-0.4,2141.8,104.9
/srv/shared_leopard_toad/2024/02.10.2024/5R/105MEDIA/DSCF0899.JPG,DSCF0899.JPG,5R/105MEDIA,0,Other_Amphibian,0.3342,1958.9,-1.3,2136.1,103.1
/srv/shared_leopard_toad/2024/02.10.2024/5R/105MEDIA/DSCF0899.JPG,DSCF0899.JPG,5R/105MEDIA,0,Other_Amphibian,0.3074,1957.0,-1.7,2138.0,103.1
/srv/shared_leopard_toad/2024/02.10.2024/5R/105MEDIA/DSCF0759.JPG,DSCF0759.JPG,5R/105MEDIA,0,Other_Amphibian,0.3962,1958.5,-1.8,2159.0,106.2
/srv/shared_leopard_toad/2024/02.10.2024/5R/105MEDIA/DSCF0713.JPG,DSCF0713.JPG,5R/105MEDIA,0,Other_Amphibian,0.2319,1955.6,-2.2,2161.9,106.7
/srv/shared_leopard_toad/2024/02.10.2024/5R/105MEDIA/DSCF0699.JPG,DSCF0699.JPG,5R/105MEDIA,0,Other_Amphibian,0.2869,1958.5,-1.7,2156.8,107.3
/srv/shared_leopard_toad/2024/02.10.2024/5R/105MEDIA/DSCF0656.JPG,DSCF0656.JPG,5R/105MEDIA,0,Other_Amphibian,0.2316,1962.8,-2.0,2118.7,104.8
/srv/shared_leopard_toad/2024/02.10.2024/5R/105MEDIA/DSCF0656.JPG,DSCF0656.JPG,5R/105MEDIA,0,Other_Amphibian,0.2216,1550.4,-2.2,1669.3,93.7
/srv/shared_leopard_toad/2024/02.10.2024/5R/105MEDIA/DSCF0994.JPG,DSCF0994.JPG,5R/105MEDIA,0,Other_Amphibian,0.2764,1952.4,0.0,2160.6,104.9
/srv/shared_leopard_toad/2024/02.10.2024/5R/105MEDIA/DSCF0994.JPG,DSCF0994.JPG,5R/105MEDIA,0,Other_Amphibian,0.2681,1951.7,-0.0,2127.6,105.6
/srv/shared_leopard_toad/2024/02.10.2024/5R/105MEDIA/DSCF0755.JPG,DSCF0755.JPG,5R/105MEDIA,0,Other_Amphibian,0.3916,1959.0,-1.5,2158.5,107.5
/srv/shared_leopard_toad/2024/02.10.2024/5R/105MEDIA/DSCF0979.JPG,DSCF0979.JPG,5R/105MEDIA,0,Other_Amphibian,0.4932,1954.3,-0.8,2125.0,106.4
/srv/shared_leopard_toad/2024/02.10.2024/5R/105MEDIA/DSCF0979.JPG,DSCF0979.JPG,5R/105MEDIA,0,Other_Amphibian,0.2410,1949.6,-1.7,2147.6,105.9
/srv/shared_leopard_toad/2024/02.10.2024/5R/105MEDIA/DSCF0880.JPG,DSCF0880.JPG,5R/105MEDIA,0,Other_Amphibian,0.3665,1962.6,-2.0,2132.4,102.3
/srv/shared_leopard_toad/2024/02.10.2024/5R/105MEDIA/DSCF0938.JPG,DSCF0938.JPG,5R/105MEDIA,0,Other_Amphibian,0.2717,1959.0,-0.1,2138.3,101.5
/srv/shared_leopard_toad/2024/02.10.2024/5R/105MEDIA/DSCF0709.JPG,DSCF0709.JPG,5R/105MEDIA,0,Other_Amphibian,0.2017,1956.8,-2.8,2158.5,106.2
/srv/shared_leopard_toad/2024/02.10.2024/5R/105MEDIA/DSCF0670.JPG,DSCF0670.JPG,5R/105MEDIA,0,Other_Amphibian,0.2563,1549.0,-3.0,1673.0,95.8
/srv/shared_leopard_toad/2024/02.10.2024/5R/105MEDIA/DSCF0670.JPG,DSCF0670.JPG,5R/105MEDIA,0,Other_Amphibian,0.2502,1547.5,-2.5,1672.2,98.9
/srv/shared_leopard_toad/2024/02.10.2024/5R/105MEDIA/DSCF0870.JPG,DSCF0870.JPG,5R/105MEDIA,0,Other_Amphibian,0.2534,1957.4,-0.6,2137.6,102.7
/srv/shared_leopard_toad/2024/02.10.2024/5R/105MEDIA/DSCF0870.JPG,DSCF0870.JPG,5R/105MEDIA,0,Other_Amphibian,0.2505,1557.8,-2.1,1677.7,97.0
/srv/shared_leopard_toad/2024/02.10.2024/5R/105MEDIA/DSCF0676.JPG,DSCF0676.JPG,5R/105MEDIA,0,Other_Amphibian,0.2205,1956.6,-3.0,2156.4,106.7
/srv/shared_leopard_toad/2024/02.10.2024/5R/105MEDIA/DSCF0700.JPG,DSCF0700.JPG,5R/105MEDIA,0,Other_Amphibian,0.4353,1958.5,-1.7,2159.0,108.1
/srv/shared_leopard_toad/2024/02.10.2024/5R/105MEDIA/DSCF0923.JPG,DSCF0923.JPG,5R/105MEDIA,0,Other_Amphibian,0.5220,1958.0,-1.0,2130.3,105.0
/srv/shared_leopard_toad/2024/02.10.2024/5R/105MEDIA/DSCF0923.JPG,DSCF0923.JPG,5R/105MEDIA,0,Other_Amphibian,0.2081,1952.5,-2.0,2133.5,104.8
/srv/shared_leopard_toad/2024/02.10.2024/5R/105MEDIA/DSCF0936.JPG,DSCF0936.JPG,5R/105MEDIA,0,Other_Amphibian,0.3689,1960.4,-0.8,2134.6,103.6
/srv/shared_leopard_toad/2024/02.10.2024/5R/105MEDIA/DSCF0936.JPG,DSCF0936.JPG,5R/105MEDIA,0,Other_Amphibian,0.2015,1953.2,-3.0,2141.8,102.3
/srv/shared_leopard_toad/2024/02.10.2024/5R/105MEDIA/DSCF0866.JPG,DSCF0866.JPG,5R/105MEDIA,0,Other_Amphibian,0.2891,1959.2,-1.7,2135.8,103.1
/srv/shared_leopard_toad/2024/02.10.2024/5R/105MEDIA/DSCF0730.JPG,DSCF0730.JPG,5R/105MEDIA,0,Other_Amphibian,0.3196,1957.9,-1.4,2157.3,107.0
/srv/shared_leopard_toad/2024/02.10.2024/5R/105MEDIA/DSCF0730.JPG,DSCF0730.JPG,5R/105MEDIA,0,Other_Amphibian,0.2045,1554.4,-2.2,1672.1,96.3
/srv/shared_leopard_toad/2024/02.10.2024/5R/105MEDIA/DSCF0568.JPG,DSCF0568.JPG,5R/105MEDIA,0,Other_Amphibian,0.2715,3766.6,-1.5,3959.9,114.0
/srv/shared_leopard_toad/2024/02.10.2024/5R/105MEDIA/DSCF0982.JPG,DSCF0982.JPG,5R/105MEDIA,0,Other_Amphibian,0.3740,1954.5,0.4,2169.8,105.0
/srv/shared_leopard_toad/2024/02.10.2024/5R/105MEDIA/DSCF0982.JPG,DSCF0982.JPG,5R/105MEDIA,0,Other_Amphibian,0.2891,1948.5,0.6,2135.2,104.9
/srv/shared_leopard_toad/2024/02.10.2024/5R/105MEDIA/DSCF0854.JPG,DSCF0854.JPG,5R/105MEDIA,0,Other_Amphibian,0.4590,1961.0,-2.1,2127.2,97.9
/srv/shared_leopard_toad/2024/02.10.2024/5R/105MEDIA/DSCF0851.JPG,DSCF0851.JPG,5R/105MEDIA,0,Other_Amphibian,0.2255,1958.8,-1.6,2172.2,101.5
/srv/shared_leopard_toad/2024/02.10.2024/5R/105MEDIA/DSCF0851.JPG,DSCF0851.JPG,5R/105MEDIA,0,Other_Amphibian,0.2081,1555.0,-3.0,1673.7,103.7
/srv/shared_leopard_toad/2024/02.10.2024/5R/105MEDIA/DSCF0906.JPG,DSCF0906.JPG,5R/105MEDIA,0,Other_Amphibian,0.4226,1958.1,-0.8,2132.4,105.8
/srv/shared_leopard_toad/2024/02.10.2024/5R/105MEDIA/DSCF0769.JPG,DSCF0769.JPG,5R/105MEDIA,0,Other_Amphibian,0.2856,1959.3,-1.7,2171.7,108.1
/srv/shared_leopard_toad/2024/02.10.2024/5R/105MEDIA/DSCF0924.JPG,DSCF0924.JPG,5R/105MEDIA,0,Other_Amphibian,0.2908,1953.1,-0.2,2137.4,103.9
/srv/shared_leopard_toad/2024/02.10.2024/5R/105MEDIA/DSCF0924.JPG,DSCF0924.JPG,5R/105MEDIA,0,Other_Amphibian,0.2211,1952.6,-1.4,2151.4,104.0
/srv/shared_leopard_toad/2024/02.10.2024/5R/105MEDIA/DSCF0944.JPG,DSCF0944.JPG,5R/105MEDIA,0,Other_Amphibian,0.3318,1957.4,-1.3,2155.6,102.4
/srv/shared_leopard_toad/2024/02.10.2024/5R/105MEDIA/DSCF0944.JPG,DSCF0944.JPG,5R/105MEDIA,0,Other_Amphibian,0.3311,1952.3,0.0,2136.0,102.6
/srv/shared_leopard_toad/2024/02.10.2024/5R/105MEDIA/DSCF0949.JPG,DSCF0949.JPG,5R/105MEDIA,0,Other_Amphibian,0.5566,1956.9,-1.1,2129.1,104.9
/srv/shared_leopard_toad/2024/02.10.2024/5R/105MEDIA/DSCF0949.JPG,DSCF0949.JPG,5R/105MEDIA,0,Other_Amphibian,0.2009,1949.7,-1.8,2134.1,104.3
/srv/shared_leopard_toad/2024/02.10.2024/5R/105MEDIA/DSCF0736.JPG,DSCF0736.JPG,5R/105MEDIA,0,Other_Amphibian,0.4246,1956.6,-1.5,2156.4,106.9
/srv/shared_leopard_toad/2024/02.10.2024/5R/105MEDIA/DSCF0943.JPG,DSCF0943.JPG,5R/105MEDIA,0,Other_Amphibian,0.4248,1958.0,-0.6,2128.0,103.0
/srv/shared_leopard_toad/2024/02.10.2024/5R/105MEDIA/DSCF0943.JPG,DSCF0943.JPG,5R/105MEDIA,0,Other_Amphibian,0.2532,1955.7,-2.1,2146.1,102.0
/srv/shared_leopard_toad/2024/02.10.2024/5R/105MEDIA/DSCF0873.JPG,DSCF0873.JPG,5R/105MEDIA,0,Other_Amphibian,0.2795,1955.2,-3.0,2135.2,100.6
/srv/shared_leopard_toad/2024/02.10.2024/5R/105MEDIA/DSCF0873.JPG,DSCF0873.JPG,5R/105MEDIA,0,Other_Amphibian,0.2559,1957.6,-1.7,2132.9,101.2
/srv/shared_leopard_toad/2024/02.10.2024/5R/105MEDIA/DSCF0917.JPG,DSCF0917.JPG,5R/105MEDIA,0,Other_Amphibian,0.5078,1957.3,-1.4,2131.0,106.9
/srv/shared_leopard_toad/2024/02.10.2024/5R/105MEDIA/DSCF0672.JPG,DSCF0672.JPG,5R/105MEDIA,0,Other_Amphibian,0.2421,1557.0,-2.1,1671.7,94.3
/srv/shared_leopard_toad/2024/02.10.2024/5R/105MEDIA/DSCF0662.JPG,DSCF0662.JPG,5R/105MEDIA,0,Other_Amphibian,0.3074,1960.7,-2.4,2123.0,107.3
/srv/shared_leopard_toad/2024/02.10.2024/5R/105MEDIA/DSCF0662.JPG,DSCF0662.JPG,5R/105MEDIA,0,Other_Amphibian,0.2079,1547.9,-2.7,1671.9,90.5
/srv/shared_leopard_toad/2024/02.10.2024/5R/105MEDIA/DSCF0998.JPG,DSCF0998.JPG,5R/105MEDIA,0,Other_Amphibian,0.3911,1953.0,0.4,2124.0,106.6
/srv/shared_leopard_toad/2024/02.10.2024/5R/105MEDIA/DSCF0998.JPG,DSCF0998.JPG,5R/105MEDIA,0,Other_Amphibian,0.2654,1951.5,-0.4,2166.0,105.0
/srv/shared_leopard_toad/2024/02.10.2024/5R/105MEDIA/DSCF0970.JPG,DSCF0970.JPG,5R/105MEDIA,0,Other_Amphibian,0.5063,1948.0,0.4,2129.0,105.6
/srv/shared_leopard_toad/2024/02.10.2024/5R/105MEDIA/DSCF0970.JPG,DSCF0970.JPG,5R/105MEDIA,0,Other_Amphibian,0.4441,1951.3,-0.4,2145.9,106.2
/srv/shared_leopard_toad/2024/02.10.2024/5R/105MEDIA/DSCF0732.JPG,DSCF0732.JPG,5R/105MEDIA,0,Other_Amphibian,0.2249,1956.0,-2.8,2159.2,107.7
/srv/shared_leopard_toad/2024/02.10.2024/5R/105MEDIA/DSCF0781.JPG,DSCF0781.JPG,5R/105MEDIA,0,Other_Amphibian,0.2729,1960.2,-1.5,2170.8,107.4
/srv/shared_leopard_toad/2024/02.10.2024/5R/105MEDIA/DSCF0781.JPG,DSCF0781.JPG,5R/105MEDIA,0,Other_Amphibian,0.2356,1550.5,-2.5,1673.8,96.1
/srv/shared_leopard_toad/2024/02.10.2024/5R/105MEDIA/DSCF0634.JPG,DSCF0634.JPG,5R/105MEDIA,0,Other_Amphibian,0.3381,1553.3,-3.1,1673.2,114.7
/srv/shared_leopard_toad/2024/02.10.2024/5R/105MEDIA/DSCF0896.JPG,DSCF0896.JPG,5R/105MEDIA,0,Other_Amphibian,0.3093,1956.8,-1.1,2133.7,102.6
/srv/shared_leopard_toad/2024/02.10.2024/5R/105MEDIA/DSCF0925.JPG,DSCF0925.JPG,5R/105MEDIA,0,Other_Amphibian,0.4177,1953.8,-0.6,2143.4,102.7
/srv/shared_leopard_toad/2024/02.10.2024/5R/105MEDIA/DSCF0925.JPG,DSCF0925.JPG,5R/105MEDIA,0,Other_Amphibian,0.2607,1947.9,-0.1,2129.1,102.1
/srv/shared_leopard_toad/2024/02.10.2024/5R/105MEDIA/DSCF0644.JPG,DSCF0644.JPG,5R/105MEDIA,0,Other_Amphibian,0.2646,1555.5,-1.4,1673.3,105.2
/srv/shared_leopard_toad/2024/02.10.2024/5R/105MEDIA/DSCF0837.JPG,DSCF0837.JPG,5R/105MEDIA,0,Other_Amphibian,0.2133,1955.6,-1.6,2161.9,101.1
/srv/shared_leopard_toad/2024/02.10.2024/5R/105MEDIA/DSCF0853.JPG,DSCF0853.JPG,5R/105MEDIA,0,Other_Amphibian,0.2086,1959.0,-0.3,2149.5,101.7
/srv/shared_leopard_toad/2024/02.10.2024/5R/105MEDIA/DSCF0661.JPG,DSCF0661.JPG,5R/105MEDIA,0,Other_Amphibian,0.2382,1550.1,-2.2,1674.1,95.5
/srv/shared_leopard_toad/2024/02.10.2024/5R/105MEDIA/DSCF0858.JPG,DSCF0858.JPG,5R/105MEDIA,0,Other_Amphibian,0.5659,1958.7,-1.7,2136.3,101.1
/srv/shared_leopard_toad/2024/02.10.2024/5R/105MEDIA/DSCF0858.JPG,DSCF0858.JPG,5R/105MEDIA,0,Other_Amphibian,0.3384,1952.2,-1.4,2129.3,100.8
/srv/shared_leopard_toad/2024/02.10.2024/5R/105MEDIA/DSCF0722.JPG,DSCF0722.JPG,5R/105MEDIA,0,Other_Amphibian,0.3315,1958.3,-1.1,2161.5,107.1
/srv/shared_leopard_toad/2024/02.10.2024/5R/105MEDIA/DSCF0988.JPG,DSCF0988.JPG,5R/105MEDIA,0,Other_Amphibian,0.3640,1953.5,0.4,2170.8,105.0
/srv/shared_leopard_toad/2024/02.10.2024/5R/105MEDIA/DSCF0988.JPG,DSCF0988.JPG,5R/105MEDIA,0,Other_Amphibian,0.2145,1943.9,0.4,2146.6,104.4
/srv/shared_leopard_toad/2024/02.10.2024/5R/105MEDIA/DSCF0959.JPG,DSCF0959.JPG,5R/105MEDIA,0,Other_Amphibian,0.3181,1955.4,-0.6,2162.1,103.9
/srv/shared_leopard_toad/2024/02.10.2024/5R/105MEDIA/DSCF0959.JPG,DSCF0959.JPG,5R/105MEDIA,0,Other_Amphibian,0.2411,1948.1,-0.6,2135.6,103.8
/srv/shared_leopard_toad/2024/02.10.2024/5R/105MEDIA/DSCF0862.JPG,DSCF0862.JPG,5R/105MEDIA,0,Other_Amphibian,0.2754,1957.9,-2.7,2137.1,99.8
/srv/shared_leopard_toad/2024/02.10.2024/5R/105MEDIA/DSCF0862.JPG,DSCF0862.JPG,5R/105MEDIA,0,Other_Amphibian,0.2717,1960.0,-1.3,2135.0,100.7
/srv/shared_leopard_toad/2024/02.10.2024/5R/105MEDIA/DSCF0758.JPG,DSCF0758.JPG,5R/105MEDIA,0,Other_Amphibian,0.2098,1956.9,-2.8,2158.3,105.0
/srv/shared_leopard_toad/2024/02.10.2024/5R/105MEDIA/DSCF0615.JPG,DSCF0615.JPG,5R/105MEDIA,0,Other_Amphibian,0.4463,1554.9,-1.3,1664.9,108.4
/srv/shared_leopard_toad/2024/02.10.2024/5R/105MEDIA/DSCF0723.JPG,DSCF0723.JPG,5R/105MEDIA,0,Other_Amphibian,0.2350,1551.4,-2.3,1675.1,99.6
/srv/shared_leopard_toad/2024/02.10.2024/5R/105MEDIA/DSCF0723.JPG,DSCF0723.JPG,5R/105MEDIA,0,Other_Amphibian,0.2313,1961.4,-2.0,2160.6,106.0
/srv/shared_leopard_toad/2024/02.10.2024/5R/105MEDIA/DSCF0878.JPG,DSCF0878.JPG,5R/105MEDIA,0,Other_Amphibian,0.2397,1955.0,-2.6,2140.0,102.5
/srv/shared_leopard_toad/2024/02.10.2024/5R/105MEDIA/DSCF0864.JPG,DSCF0864.JPG,5R/105MEDIA,0,Other_Amphibian,0.3958,1957.8,-1.6,2130.5,102.7
/srv/shared_leopard_toad/2024/02.10.2024/5R/105MEDIA/DSCF0761.JPG,DSCF0761.JPG,5R/105MEDIA,0,Other_Amphibian,0.3743,1955.6,-1.5,2164.1,108.3
/srv/shared_leopard_toad/2024/02.10.2024/5R/105MEDIA/DSCF0945.JPG,DSCF0945.JPG,5R/105MEDIA,0,Other_Amphibian,0.4478,1955.3,-0.6,2146.4,104.8
/srv/shared_leopard_toad/2024/02.10.2024/5R/105MEDIA/DSCF0945.JPG,DSCF0945.JPG,5R/105MEDIA,0,Other_Amphibian,0.3386,1950.8,-0.3,2133.0,104.3
/srv/shared_leopard_toad/2024/02.10.2024/5R/105MEDIA/DSCF0989.JPG,DSCF0989.JPG,5R/105MEDIA,0,Other_Amphibian,0.3440,1954.1,0.2,2136.4,105.8
/srv/shared_leopard_toad/2024/02.10.2024/5R/105MEDIA/DSCF0989.JPG,DSCF0989.JPG,5R/105MEDIA,0,Other_Amphibian,0.2366,1951.0,-1.7,2164.3,104.3
/srv/shared_leopard_toad/2024/02.10.2024/5R/105MEDIA/DSCF0653.JPG,DSCF0653.JPG,5R/105MEDIA,0,Other_Amphibian,0.2460,1549.4,-2.0,1665.8,96.5
/srv/shared_leopard_toad/2024/02.10.2024/5R/105MEDIA/DSCF0838.JPG,DSCF0838.JPG,5R/105MEDIA,0,Other_Amphibian,0.2727,1959.0,-2.1,2167.5,98.5
/srv/shared_leopard_toad/2024/02.10.2024/5R/105MEDIA/DSCF0848.JPG,DSCF0848.JPG,5R/105MEDIA,0,Other_Amphibian,0.2703,1559.1,-2.1,1680.9,101.2
/srv/shared_leopard_toad/2024/02.10.2024/5R/105MEDIA/DSCF0637.JPG,DSCF0637.JPG,5R/105MEDIA,0,Other_Amphibian,0.2515,1554.2,-1.7,1672.3,105.1
/srv/shared_leopard_toad/2024/02.10.2024/5R/105MEDIA/DSCF0861.JPG,DSCF0861.JPG,5R/105MEDIA,0,Other_Amphibian,0.5054,1959.4,-1.8,2135.6,101.7
/srv/shared_leopard_toad/2024/02.10.2024/5R/105MEDIA/DSCF0861.JPG,DSCF0861.JPG,5R/105MEDIA,0,Other_Amphibian,0.4043,1959.2,-2.1,2135.8,102.0
/srv/shared_leopard_toad/2024/02.10.2024/5R/105MEDIA/DSCF0648.JPG,DSCF0648.JPG,5R/105MEDIA,0,Other_Amphibian,0.2411,1549.6,-1.5,1667.9,98.0
/srv/shared_leopard_toad/2024/02.10.2024/5R/105MEDIA/DSCF0659.JPG,DSCF0659.JPG,5R/105MEDIA,0,Other_Amphibian,0.2815,1962.4,-2.1,2119.1,105.0
/srv/shared_leopard_toad/2024/02.10.2024/5R/105MEDIA/DSCF0740.JPG,DSCF0740.JPG,5R/105MEDIA,0,Other_Amphibian,0.4119,1959.2,-1.0,2153.8,108.3
/srv/shared_leopard_toad/2024/02.10.2024/5R/105MEDIA/DSCF0955.JPG,DSCF0955.JPG,5R/105MEDIA,0,Other_Amphibian,0.3479,1954.2,-0.6,2145.3,103.1
/srv/shared_leopard_toad/2024/02.10.2024/5R/105MEDIA/DSCF0955.JPG,DSCF0955.JPG,5R/105MEDIA,0,Other_Amphibian,0.3123,1950.6,0.3,2130.9,102.7
/srv/shared_leopard_toad/2024/02.10.2024/5R/105MEDIA/DSCF0930.JPG,DSCF0930.JPG,5R/105MEDIA,0,Other_Amphibian,0.3770,1952.1,0.2,2131.7,104.7
/srv/shared_leopard_toad/2024/02.10.2024/5R/105MEDIA/DSCF0930.JPG,DSCF0930.JPG,5R/105MEDIA,0,Other_Amphibian,0.3135,1955.2,-0.6,2157.8,104.7
/srv/shared_leopard_toad/2024/02.10.2024/5R/105MEDIA/DSCF0731.JPG,DSCF0731.JPG,5R/105MEDIA,0,Other_Amphibian,0.2712,1957.9,-1.2,2173.1,108.3
/srv/shared_leopard_toad/2024/02.10.2024/5R/105MEDIA/DSCF0898.JPG,DSCF0898.JPG,5R/105MEDIA,0,Other_Amphibian,0.2710,1959.0,-1.6,2136.0,104.1
/srv/shared_leopard_toad/2024/02.10.2024/5R/105MEDIA/DSCF0898.JPG,DSCF0898.JPG,5R/105MEDIA,0,Other_Amphibian,0.2571,1957.7,-2.7,2137.3,103.8
/srv/shared_leopard_toad/2024/02.10.2024/5R/105MEDIA/DSCF0716.JPG,DSCF0716.JPG,5R/105MEDIA,0,Other_Amphibian,0.5059,1553.2,-2.8,1675.5,95.0
/srv/shared_leopard_toad/2024/02.10.2024/5R/105MEDIA/DSCF0963.JPG,DSCF0963.JPG,5R/105MEDIA,0,Other_Amphibian,0.4124,1954.3,-0.4,2127.2,104.1
/srv/shared_leopard_toad/2024/02.10.2024/5R/105MEDIA/DSCF0963.JPG,DSCF0963.JPG,5R/105MEDIA,0,Other_Amphibian,0.2114,1952.7,-2.2,2144.5,103.5
/srv/shared_leopard_toad/2024/02.10.2024/5R/105MEDIA/DSCF0931.JPG,DSCF0931.JPG,5R/105MEDIA,0,Other_Amphibian,0.4172,1951.2,-0.2,2125.8,105.0
/srv/shared_leopard_toad/2024/02.10.2024/5R/105MEDIA/DSCF0931.JPG,DSCF0931.JPG,5R/105MEDIA,0,Other_Amphibian,0.3997,1954.1,-0.6,2136.4,105.6
/srv/shared_leopard_toad/2024/02.10.2024/5R/105MEDIA/DSCF0978.JPG,DSCF0978.JPG,5R/105MEDIA,0,Other_Amphibian,0.2932,1949.8,0.2,2131.7,103.5
/srv/shared_leopard_toad/2024/02.10.2024/5R/105MEDIA/DSCF0978.JPG,DSCF0978.JPG,5R/105MEDIA,0,Other_Amphibian,0.2729,1952.8,-0.9,2160.2,103.4
/srv/shared_leopard_toad/2024/02.10.2024/5R/105MEDIA/DSCF0704.JPG,DSCF0704.JPG,5R/105MEDIA,0,Other_Amphibian,0.2332,1957.9,-1.9,2161.9,107.4
/srv/shared_leopard_toad/2024/02.10.2024/5R/105MEDIA/DSCF0704.JPG,DSCF0704.JPG,5R/105MEDIA,0,Other_Amphibian,0.2295,1555.2,-2.3,1675.8,98.6
/srv/shared_leopard_toad/2024/02.10.2024/5R/105MEDIA/DSCF0842.JPG,DSCF0842.JPG,5R/105MEDIA,0,Other_Amphibian,0.3005,1960.3,-2.0,2161.7,99.6
/srv/shared_leopard_toad/2024/02.10.2024/5R/105MEDIA/DSCF0842.JPG,DSCF0842.JPG,5R/105MEDIA,0,Other_Amphibian,0.2717,1958.9,-0.2,2149.6,99.2
/srv/shared_leopard_toad/2024/02.10.2024/5R/105MEDIA/DSCF0738.JPG,DSCF0738.JPG,5R/105MEDIA,0,Other_Amphibian,0.3530,1554.2,-2.4,1674.5,96.4
/srv/shared_leopard_toad/2024/02.10.2024/5R/105MEDIA/DSCF0739.JPG,DSCF0739.JPG,5R/105MEDIA,0,Other_Amphibian,0.2903,1958.0,-1.5,2166.3,109.3
/srv/shared_leopard_toad/2024/02.10.2024/5R/105MEDIA/DSCF0739.JPG,DSCF0739.JPG,5R/105MEDIA,0,Other_Amphibian,0.2607,1557.3,-2.3,1673.7,99.6
/srv/shared_leopard_toad/2024/02.10.2024/5R/105MEDIA/DSCF0875.JPG,DSCF0875.JPG,5R/105MEDIA,0,Other_Amphibian,0.6191,1958.8,-1.8,2127.2,104.3
/srv/shared_leopard_toad/2024/02.10.2024/5R/105MEDIA/DSCF0856.JPG,DSCF0856.JPG,5R/105MEDIA,0,Other_Amphibian,0.6235,1959.9,-2.0,2126.1,101.3
/srv/shared_leopard_toad/2024/02.10.2024/5R/105MEDIA/DSCF0607.JPG,DSCF0607.JPG,5R/105MEDIA,0,Other_Amphibian,0.2507,1556.8,-2.5,1667.4,115.6
/srv/shared_leopard_toad/2024/02.10.2024/5R/105MEDIA/DSCF0788.JPG,DSCF0788.JPG,5R/105MEDIA,0,Other_Amphibian,0.5068,1955.8,-1.1,2152.7,108.2
/srv/shared_leopard_toad/2024/02.10.2024/5R/105MEDIA/DSCF0721.JPG,DSCF0721.JPG,5R/105MEDIA,0,Other_Amphibian,0.2133,1554.1,-2.2,1674.6,96.9
/srv/shared_leopard_toad/2024/02.10.2024/5R/105MEDIA/DSCF0927.JPG,DSCF0927.JPG,5R/105MEDIA,0,Other_Amphibian,0.3811,1952.4,-1.1,2131.3,105.3
/srv/shared_leopard_toad/2024/02.10.2024/5R/105MEDIA/DSCF0927.JPG,DSCF0927.JPG,5R/105MEDIA,0,Other_Amphibian,0.3616,1953.4,-2.0,2141.6,105.6
/srv/shared_leopard_toad/2024/02.10.2024/5R/105MEDIA/DSCF0888.JPG,DSCF0888.JPG,5R/105MEDIA,0,Other_Amphibian,0.4590,1956.4,-1.4,2127.4,103.9
/srv/shared_leopard_toad/2024/02.10.2024/5R/105MEDIA/DSCF0908.JPG,DSCF0908.JPG,5R/105MEDIA,0,Other_Amphibian,0.4944,1960.9,-1.3,2134.1,102.8
/srv/shared_leopard_toad/2024/02.10.2024/5R/105MEDIA/DSCF0872.JPG,DSCF0872.JPG,5R/105MEDIA,0,Other_Amphibian,0.3926,1956.9,-2.2,2138.1,101.1
/srv/shared_leopard_toad/2024/02.10.2024/5R/105MEDIA/DSCF0872.JPG,DSCF0872.JPG,5R/105MEDIA,0,Other_Amphibian,0.3418,1553.1,-2.7,1677.9,106.7
/srv/shared_leopard_toad/2024/02.10.2024/5R/105MEDIA/DSCF0872.JPG,DSCF0872.JPG,5R/105MEDIA,0,Other_Amphibian,0.3044,1958.3,-1.5,2136.7,101.0
/srv/shared_leopard_toad/2024/02.10.2024/5R/105MEDIA/DSCF0892.JPG,DSCF0892.JPG,5R/105MEDIA,0,Other_Amphibian,0.3269,1956.8,-1.2,2140.5,104.6
/srv/shared_leopard_toad/2024/02.10.2024/5R/105MEDIA/DSCF0892.JPG,DSCF0892.JPG,5R/105MEDIA,0,Other_Amphibian,0.2328,1954.1,-2.8,2140.9,104.3
/srv/shared_leopard_toad/2024/02.10.2024/5R/105MEDIA/DSCF0900.JPG,DSCF0900.JPG,5R/105MEDIA,0,Other_Amphibian,0.4910,1957.1,-2.1,2128.9,105.0
/srv/shared_leopard_toad/2024/02.10.2024/5R/105MEDIA/DSCF0900.JPG,DSCF0900.JPG,5R/105MEDIA,0,Other_Amphibian,0.2252,1955.9,-2.5,2127.9,105.1
/srv/shared_leopard_toad/2024/02.10.2024/5R/105MEDIA/DSCF0768.JPG,DSCF0768.JPG,5R/105MEDIA,0,Other_Amphibian,0.3389,1956.6,-1.2,2158.7,109.5
/srv/shared_leopard_toad/2024/02.10.2024/5R/105MEDIA/DSCF0877.JPG,DSCF0877.JPG,5R/105MEDIA,0,Other_Amphibian,0.3955,1956.5,-1.4,2129.5,103.9
/srv/shared_leopard_toad/2024/02.10.2024/5R/105MEDIA/DSCF0877.JPG,DSCF0877.JPG,5R/105MEDIA,0,Other_Amphibian,0.3059,1955.4,-2.5,2130.6,103.9
/srv/shared_leopard_toad/2024/02.10.2024/5R/105MEDIA/DSCF0890.JPG,DSCF0890.JPG,5R/105MEDIA,0,Other_Amphibian,0.4053,1955.7,-0.9,2130.3,103.7
/srv/shared_leopard_toad/2024/02.10.2024/5R/105MEDIA/DSCF0655.JPG,DSCF0655.JPG,5R/105MEDIA,0,Other_Amphibian,0.4075,1550.8,-2.6,1671.2,95.4
/srv/shared_leopard_toad/2024/02.10.2024/5R/105MEDIA/DSCF0965.JPG,DSCF0965.JPG,5R/105MEDIA,0,Other_Amphibian,0.5532,1949.3,0.0,2127.7,105.4
/srv/shared_leopard_toad/2024/02.10.2024/5R/105MEDIA/DSCF0965.JPG,DSCF0965.JPG,5R/105MEDIA,0,Other_Amphibian,0.3997,1953.2,-0.6,2148.5,106.0
/srv/shared_leopard_toad/2024/02.10.2024/5R/105MEDIA/DSCF0750.JPG,DSCF0750.JPG,5R/105MEDIA,0,Other_Amphibian,0.3796,1961.6,-1.9,2153.7,108.5
/srv/shared_leopard_toad/2024/02.10.2024/5R/105MEDIA/DSCF0750.JPG,DSCF0750.JPG,5R/105MEDIA,0,Other_Amphibian,0.2876,1552.5,-2.3,1676.2,95.7
/srv/shared_leopard_toad/2024/02.10.2024/5R/105MEDIA/DSCF0669.JPG,DSCF0669.JPG,5R/105MEDIA,0,Other_Amphibian,0.2637,1960.0,-1.5,2135.0,106.7
/srv/shared_leopard_toad/2024/02.10.2024/5R/105MEDIA/DSCF0669.JPG,DSCF0669.JPG,5R/105MEDIA,0,Other_Amphibian,0.2233,1957.2,-4.4,2142.3,106.2
/srv/shared_leopard_toad/2024/02.10.2024/5R/105MEDIA/DSCF0745.JPG,DSCF0745.JPG,5R/105MEDIA,0,Other_Amphibian,0.3645,1959.4,-1.5,2158.1,107.9
/srv/shared_leopard_toad/2024/02.10.2024/5R/105MEDIA/DSCF0601.JPG,DSCF0601.JPG,5R/105MEDIA,0,Other_Amphibian,0.2463,1554.9,-2.5,1669.4,115.0
/srv/shared_leopard_toad/2024/02.10.2024/5R/105MEDIA/DSCF0753.JPG,DSCF0753.JPG,5R/105MEDIA,0,Other_Amphibian,0.4932,1958.6,-1.1,2156.6,106.7
/srv/shared_leopard_toad/2024/02.10.2024/5R/105MEDIA/DSCF0823.JPG,DSCF0823.JPG,5R/105MEDIA,0,Other_Amphibian,0.2634,1955.0,-2.2,2167.0,103.3
/srv/shared_leopard_toad/2024/02.10.2024/5R/105MEDIA/DSCF0823.JPG,DSCF0823.JPG,5R/105MEDIA,0,Other_Amphibian,0.2018,1553.2,-2.8,1673.3,94.3
/srv/shared_leopard_toad/2024/02.10.2024/5R/105MEDIA/DSCF0666.JPG,DSCF0666.JPG,5R/105MEDIA,0,Other_Amphibian,0.2418,1961.0,-1.6,2127.2,107.9
/srv/shared_leopard_toad/2024/02.10.2024/5R/105MEDIA/DSCF0666.JPG,DSCF0666.JPG,5R/105MEDIA,0,Other_Amphibian,0.2124,1554.1,-3.2,1672.4,92.6
/srv/shared_leopard_toad/2024/02.10.2024/5R/105MEDIA/DSCF0629.JPG,DSCF0629.JPG,5R/105MEDIA,0,Other_Amphibian,0.3174,1555.5,-1.6,1671.0,103.8
/srv/shared_leopard_toad/2024/02.10.2024/5R/105MEDIA/DSCF0675.JPG,DSCF0675.JPG,5R/105MEDIA,0,Other_Amphibian,0.2659,1553.7,-1.9,1672.8,95.2
/srv/shared_leopard_toad/2024/02.10.2024/5R/105MEDIA/DSCF0635.JPG,DSCF0635.JPG,5R/105MEDIA,0,Other_Amphibian,0.2532,1554.1,-1.6,1674.6,107.9
/srv/shared_leopard_toad/2024/02.10.2024/5R/105MEDIA/DSCF0820.JPG,DSCF0820.JPG,5R/105MEDIA,0,Other_Amphibian,0.3323,1952.4,-1.5,2174.1,104.7
/srv/shared_leopard_toad/2024/02.10.2024/5R/105MEDIA/DSCF0782.JPG,DSCF0782.JPG,5R/105MEDIA,0,Other_Amphibian,0.3296,1956.9,-0.9,2158.3,106.2
/srv/shared_leopard_toad/2024/02.10.2024/5R/105MEDIA/DSCF0907.JPG,DSCF0907.JPG,5R/105MEDIA,0,Other_Amphibian,0.3794,1954.8,-0.9,2133.4,106.2
/srv/shared_leopard_toad/2024/02.10.2024/5R/105MEDIA/DSCF0907.JPG,DSCF0907.JPG,5R/105MEDIA,0,Other_Amphibian,0.2068,1950.4,-2.5,2137.9,105.5
/srv/shared_leopard_toad/2024/02.10.2024/5R/105MEDIA/DSCF0885.JPG,DSCF0885.JPG,5R/105MEDIA,0,Other_Amphibian,0.3186,1959.2,-0.9,2135.8,103.9
/srv/shared_leopard_toad/2024/02.10.2024/5R/105MEDIA/DSCF0885.JPG,DSCF0885.JPG,5R/105MEDIA,0,Other_Amphibian,0.2891,1955.1,-2.3,2135.4,103.7
/srv/shared_leopard_toad/2024/02.10.2024/5R/105MEDIA/DSCF0622.JPG,DSCF0622.JPG,5R/105MEDIA,0,Other_Amphibian,0.2507,1557.6,-0.8,1668.9,97.2
/srv/shared_leopard_toad/2024/02.10.2024/5R/105MEDIA/DSCF0621.JPG,DSCF0621.JPG,5R/105MEDIA,0,Other_Amphibian,0.2783,1557.4,-1.5,1666.9,105.1
/srv/shared_leopard_toad/2024/02.10.2024/5R/105MEDIA/DSCF0937.JPG,DSCF0937.JPG,5R/105MEDIA,0,Other_Amphibian,0.3916,1954.2,-0.3,2131.8,104.3
/srv/shared_leopard_toad/2024/02.10.2024/5R/105MEDIA/DSCF0937.JPG,DSCF0937.JPG,5R/105MEDIA,0,Other_Amphibian,0.3362,1955.4,-1.2,2141.9,104.8
/srv/shared_leopard_toad/2024/02.10.2024/5R/105MEDIA/DSCF0790.JPG,DSCF0790.JPG,5R/105MEDIA,0,Other_Amphibian,0.3459,1957.3,-0.8,2164.7,107.1
/srv/shared_leopard_toad/2024/02.10.2024/5R/105MEDIA/DSCF0805.JPG,DSCF0805.JPG,5R/105MEDIA,0,Other_Amphibian,0.3350,1953.9,-1.2,2168.1,106.8
/srv/shared_leopard_toad/2024/02.10.2024/5R/105MEDIA/DSCF0962.JPG,DSCF0962.JPG,5R/105MEDIA,0,Other_Amphibian,0.3899,1950.3,0.0,2128.9,104.1
/srv/shared_leopard_toad/2024/02.10.2024/5R/105MEDIA/DSCF0962.JPG,DSCF0962.JPG,5R/105MEDIA,0,Other_Amphibian,0.3096,1953.0,-0.8,2151.0,103.8
/srv/shared_leopard_toad/2024/02.10.2024/5R/105MEDIA/DSCF0867.JPG,DSCF0867.JPG,5R/105MEDIA,0,Other_Amphibian,0.4529,1961.2,-2.2,2129.3,101.1
/srv/shared_leopard_toad/2024/02.10.2024/5R/105MEDIA/DSCF0874.JPG,DSCF0874.JPG,5R/105MEDIA,0,Other_Amphibian,0.6016,1956.8,-1.1,2133.7,104.3
/srv/shared_leopard_toad/2024/02.10.2024/5R/105MEDIA/DSCF0874.JPG,DSCF0874.JPG,5R/105MEDIA,0,Other_Amphibian,0.3293,1953.9,-1.0,2129.8,103.9
/srv/shared_leopard_toad/2024/02.10.2024/5R/105MEDIA/DSCF0786.JPG,DSCF0786.JPG,5R/105MEDIA,0,Other_Amphibian,0.2815,1957.4,-2.3,2155.6,106.4
/srv/shared_leopard_toad/2024/02.10.2024/5R/105MEDIA/DSCF0660.JPG,DSCF0660.JPG,5R/105MEDIA,0,Other_Amphibian,0.2458,1550.6,-1.9,1671.4,94.7
/srv/shared_leopard_toad/2024/02.10.2024/5R/105MEDIA/DSCF0942.JPG,DSCF0942.JPG,5R/105MEDIA,0,Other_Amphibian,0.3191,1954.5,-0.6,2160.8,104.3
/srv/shared_leopard_toad/2024/02.10.2024/5R/105MEDIA/DSCF0942.JPG,DSCF0942.JPG,5R/105MEDIA,0,Other_Amphibian,0.2338,1947.4,0.5,2138.6,103.7
/srv/shared_leopard_toad/2024/02.10.2024/5R/105MEDIA/DSCF0991.JPG,DSCF0991.JPG,5R/105MEDIA,0,Other_Amphibian,0.3765,1954.5,0.1,2158.5,102.9
/srv/shared_leopard_toad/2024/02.10.2024/5R/105MEDIA/DSCF0991.JPG,DSCF0991.JPG,5R/105MEDIA,0,Other_Amphibian,0.2825,1946.2,0.2,2133.0,102.6
/srv/shared_leopard_toad/2024/02.10.2024/5R/105MEDIA/DSCF0742.JPG,DSCF0742.JPG,5R/105MEDIA,0,Other_Amphibian,0.4006,1960.3,-1.5,2157.2,107.5
/srv/shared_leopard_toad/2024/02.10.2024/5R/105MEDIA/DSCF0966.JPG,DSCF0966.JPG,5R/105MEDIA,0,Other_Amphibian,0.7124,1956.7,-0.8,2115.8,105.6
/srv/shared_leopard_toad/2024/02.10.2024/5R/105MEDIA/DSCF0632.JPG,DSCF0632.JPG,5R/105MEDIA,0,Other_Amphibian,0.2607,1551.9,-1.8,1670.1,107.7
/srv/shared_leopard_toad/2024/02.10.2024/5R/105MEDIA/DSCF0985.JPG,DSCF0985.JPG,5R/105MEDIA,0,Other_Amphibian,0.4575,1946.2,0.2,2121.8,103.8
/srv/shared_leopard_toad/2024/02.10.2024/5R/105MEDIA/DSCF0985.JPG,DSCF0985.JPG,5R/105MEDIA,0,Other_Amphibian,0.3235,1952.4,-0.6,2151.6,103.1
/srv/shared_leopard_toad/2024/02.10.2024/5R/105MEDIA/DSCF0706.JPG,DSCF0706.JPG,5R/105MEDIA,0,Other_Amphibian,0.2612,1956.6,-1.4,2156.4,108.7
/srv/shared_leopard_toad/2024/02.10.2024/5R/105MEDIA/DSCF0798.JPG,DSCF0798.JPG,5R/105MEDIA,0,Other_Amphibian,0.3284,1953.1,-1.7,2168.9,105.4
/srv/shared_leopard_toad/2024/02.10.2024/5R/105MEDIA/DSCF0757.JPG,DSCF0757.JPG,5R/105MEDIA,0,Other_Amphibian,0.5508,1959.2,-1.7,2156.1,106.2
/srv/shared_leopard_toad/2024/02.10.2024/5R/105MEDIA/DSCF0904.JPG,DSCF0904.JPG,5R/105MEDIA,0,Other_Amphibian,0.2852,1959.3,-1.5,2140.2,102.9
/srv/shared_leopard_toad/2024/02.10.2024/5R/105MEDIA/DSCF0735.JPG,DSCF0735.JPG,5R/105MEDIA,0,Other_Amphibian,0.3445,1958.4,-1.4,2163.6,107.7
/srv/shared_leopard_toad/2024/02.10.2024/5R/105MEDIA/DSCF0735.JPG,DSCF0735.JPG,5R/105MEDIA,0,Other_Amphibian,0.2260,1549.9,-2.5,1674.4,92.6
/srv/shared_leopard_toad/2024/02.10.2024/5R/105MEDIA/DSCF0613.JPG,DSCF0613.JPG,5R/105MEDIA,0,Other_Amphibian,0.2668,1555.9,-1.1,1668.3,104.7
/srv/shared_leopard_toad/2024/02.10.2024/5R/105MEDIA/DSCF0748.JPG,DSCF0748.JPG,5R/105MEDIA,0,Other_Amphibian,0.3337,1959.6,-2.1,2162.4,106.9
/srv/shared_leopard_toad/2024/02.10.2024/5R/105MEDIA/DSCF0816.JPG,DSCF0816.JPG,5R/105MEDIA,0,Other_Amphibian,0.4319,1955.8,-1.9,2161.7,105.2
/srv/shared_leopard_toad/2024/02.10.2024/5R/105MEDIA/DSCF0794.JPG,DSCF0794.JPG,5R/105MEDIA,0,Other_Amphibian,0.3499,1956.2,-0.8,2161.3,106.7
/srv/shared_leopard_toad/2024/02.10.2024/5R/105MEDIA/DSCF0940.JPG,DSCF0940.JPG,5R/105MEDIA,0,Other_Amphibian,0.2549,1956.4,-0.2,2140.8,104.4
/srv/shared_leopard_toad/2024/02.10.2024/5R/105MEDIA/DSCF0940.JPG,DSCF0940.JPG,5R/105MEDIA,0,Other_Amphibian,0.2073,1954.3,-1.9,2158.7,103.9
/srv/shared_leopard_toad/2024/02.10.2024/5R/105MEDIA/DSCF0902.JPG,DSCF0902.JPG,5R/105MEDIA,0,Other_Amphibian,0.3330,1956.7,-0.9,2129.3,104.9
/srv/shared_leopard_toad/2024/02.10.2024/5R/105MEDIA/DSCF0902.JPG,DSCF0902.JPG,5R/105MEDIA,0,Other_Amphibian,0.2129,1952.9,-2.4,2133.1,104.8
/srv/shared_leopard_toad/2024/02.10.2024/5R/105MEDIA/DSCF0778.JPG,DSCF0778.JPG,5R/105MEDIA,0,Other_Amphibian,0.2681,1552.6,-2.2,1673.9,96.3
/srv/shared_leopard_toad/2024/02.10.2024/5R/105MEDIA/DSCF0778.JPG,DSCF0778.JPG,5R/105MEDIA,0,Other_Amphibian,0.2205,1954.9,-1.9,2160.4,106.0
/srv/shared_leopard_toad/2024/02.10.2024/5R/105MEDIA/DSCF0883.JPG,DSCF0883.JPG,5R/105MEDIA,0,Other_Amphibian,0.2998,1959.7,-1.5,2137.6,102.2
/srv/shared_leopard_toad/2024/02.10.2024/5R/105MEDIA/DSCF0791.JPG,DSCF0791.JPG,5R/105MEDIA,0,Other_Amphibian,0.2986,1955.4,-0.6,2175.6,107.9
/srv/shared_leopard_toad/2024/02.10.2024/5R/105MEDIA/DSCF0826.JPG,DSCF0826.JPG,5R/105MEDIA,0,Other_Amphibian,0.3904,1954.8,-0.8,2135.7,102.9
/srv/shared_leopard_toad/2024/02.10.2024/5R/105MEDIA/DSCF0826.JPG,DSCF0826.JPG,5R/105MEDIA,0,Other_Amphibian,0.2026,1950.4,-0.8,2122.1,102.2
/srv/shared_leopard_toad/2024/02.10.2024/5R/105MEDIA/DSCF0775.JPG,DSCF0775.JPG,5R/105MEDIA,0,Other_Amphibian,0.2825,1958.4,-1.3,2165.8,106.2
/srv/shared_leopard_toad/2024/02.10.2024/5R/105MEDIA/DSCF0645.JPG,DSCF0645.JPG,5R/105MEDIA,0,Other_Amphibian,0.6182,1556.7,-2.9,1674.3,112.6
/srv/shared_leopard_toad/2024/02.10.2024/5R/105MEDIA/DSCF0727.JPG,DSCF0727.JPG,5R/105MEDIA,0,Other_Amphibian,0.2581,1958.6,-1.7,2158.9,108.1
/srv/shared_leopard_toad/2024/02.10.2024/5R/105MEDIA/DSCF0909.JPG,DSCF0909.JPG,5R/105MEDIA,0,Other_Amphibian,0.4768,1958.6,-1.9,2129.6,105.2
/srv/shared_leopard_toad/2024/02.10.2024/5R/105MEDIA/DSCF0840.JPG,DSCF0840.JPG,5R/105MEDIA,0,Other_Amphibian,0.3394,1551.2,-2.6,1677.6,97.8
/srv/shared_leopard_toad/2024/02.10.2024/5R/105MEDIA/DSCF0964.JPG,DSCF0964.JPG,5R/105MEDIA,0,Other_Amphibian,0.3435,1957.9,-0.6,2141.6,102.6
/srv/shared_leopard_toad/2024/02.10.2024/5R/105MEDIA/DSCF0964.JPG,DSCF0964.JPG,5R/105MEDIA,0,Other_Amphibian,0.2891,1954.7,-1.6,2149.3,102.5
/srv/shared_leopard_toad/2024/02.10.2024/5R/105MEDIA/DSCF0967.JPG,DSCF0967.JPG,5R/105MEDIA,0,Other_Amphibian,0.5459,1954.7,-0.0,2131.3,104.8
/srv/shared_leopard_toad/2024/02.10.2024/5R/105MEDIA/DSCF0967.JPG,DSCF0967.JPG,5R/105MEDIA,0,Other_Amphibian,0.2438,1953.7,-0.9,2148.0,104.7
/srv/shared_leopard_toad/2024/02.10.2024/5R/105MEDIA/DSCF0314.JPG,DSCF0314.JPG,5R/105MEDIA,0,Other_Amphibian,0.2048,1963.2,-3.1,2208.3,94.9
/srv/shared_leopard_toad/2024/02.10.2024/5R/105MEDIA/DSCF0760.JPG,DSCF0760.JPG,5R/105MEDIA,0,Other_Amphibian,0.2263,1956.8,-1.6,2169.7,106.4
/srv/shared_leopard_toad/2024/02.10.2024/5R/105MEDIA/DSCF0903.JPG,DSCF0903.JPG,5R/105MEDIA,0,Other_Amphibian,0.2944,1954.0,-1.6,2152.3,103.4
/srv/shared_leopard_toad/2024/02.10.2024/5R/105MEDIA/DSCF0889.JPG,DSCF0889.JPG,5R/105MEDIA,0,Other_Amphibian,0.4238,1956.5,-0.9,2138.5,105.1
/srv/shared_leopard_toad/2024/02.10.2024/5R/105MEDIA/DSCF0889.JPG,DSCF0889.JPG,5R/105MEDIA,0,Other_Amphibian,0.3601,1948.8,-0.9,2130.5,104.3
/srv/shared_leopard_toad/2024/02.10.2024/5R/105MEDIA/DSCF0724.JPG,DSCF0724.JPG,5R/105MEDIA,0,Other_Amphibian,0.2773,1958.4,-1.8,2165.8,107.7
/srv/shared_leopard_toad/2024/02.10.2024/5R/105MEDIA/DSCF0619.JPG,DSCF0619.JPG,5R/105MEDIA,0,Other_Amphibian,0.5576,1555.7,-1.9,1668.5,110.2
/srv/shared_leopard_toad/2024/02.10.2024/5R/105MEDIA/DSCF0997.JPG,DSCF0997.JPG,5R/105MEDIA,0,Other_Amphibian,0.2490,1955.4,-0.3,2175.6,103.3
/srv/shared_leopard_toad/2024/02.10.2024/5R/105MEDIA/DSCF0997.JPG,DSCF0997.JPG,5R/105MEDIA,0,Other_Amphibian,0.2195,1951.7,-0.3,2138.8,103.7
/srv/shared_leopard_toad/2024/02.10.2024/5R/105MEDIA/DSCF0693.JPG,DSCF0693.JPG,5R/105MEDIA,0,Other_Amphibian,0.2195,1552.1,-2.4,1674.4,93.8
/srv/shared_leopard_toad/2024/02.10.2024/5R/105MEDIA/DSCF0741.JPG,DSCF0741.JPG,5R/105MEDIA,0,Other_Amphibian,0.3728,1957.9,-1.2,2157.3,108.3
/srv/shared_leopard_toad/2024/02.10.2024/5R/105MEDIA/DSCF0913.JPG,DSCF0913.JPG,5R/105MEDIA,0,Other_Amphibian,0.3762,1955.5,-0.8,2139.5,105.7
/srv/shared_leopard_toad/2024/02.10.2024/5R/105MEDIA/DSCF0913.JPG,DSCF0913.JPG,5R/105MEDIA,0,Other_Amphibian,0.2751,1950.2,-1.6,2147.1,106.0
/srv/shared_leopard_toad/2024/02.10.2024/5R/105MEDIA/DSCF0913.JPG,DSCF0913.JPG,5R/105MEDIA,0,Other_Amphibian,0.2325,1557.2,-2.8,1678.3,107.3
/srv/shared_leopard_toad/2024/02.10.2024/5R/105MEDIA/DSCF0947.JPG,DSCF0947.JPG,5R/105MEDIA,0,Other_Amphibian,0.4875,1957.1,0.0,2140.1,104.4
/srv/shared_leopard_toad/2024/02.10.2024/5R/105MEDIA/DSCF0947.JPG,DSCF0947.JPG,5R/105MEDIA,0,Other_Amphibian,0.2085,1955.0,-0.9,2151.2,104.3
/srv/shared_leopard_toad/2024/02.10.2024/5R/105MEDIA/DSCF0772.JPG,DSCF0772.JPG,5R/105MEDIA,0,Other_Amphibian,0.3259,1955.8,-1.2,2161.7,107.1
/srv/shared_leopard_toad/2024/02.10.2024/5R/105MEDIA/DSCF0886.JPG,DSCF0886.JPG,5R/105MEDIA,0,Other_Amphibian,0.4421,1960.0,-1.0,2130.5,103.9
/srv/shared_leopard_toad/2024/02.10.2024/5R/105MEDIA/DSCF0886.JPG,DSCF0886.JPG,5R/105MEDIA,0,Other_Amphibian,0.3352,1556.8,-2.4,1678.7,97.5
/srv/shared_leopard_toad/2024/02.10.2024/5R/105MEDIA/DSCF0886.JPG,DSCF0886.JPG,5R/105MEDIA,0,Other_Amphibian,0.2023,1954.7,-2.5,2131.3,103.6
/srv/shared_leopard_toad/2024/02.10.2024/5R/105MEDIA/DSCF0849.JPG,DSCF0849.JPG,5R/105MEDIA,0,Other_Amphibian,0.3921,1553.1,-2.6,1675.7,97.5
/srv/shared_leopard_toad/2024/02.10.2024/5R/105MEDIA/DSCF0916.JPG,DSCF0916.JPG,5R/105MEDIA,0,Other_Amphibian,0.6094,1958.0,-0.8,2130.3,106.8
/srv/shared_leopard_toad/2024/02.10.2024/5R/105MEDIA/DSCF0612.JPG,DSCF0612.JPG,5R/105MEDIA,0,Other_Amphibian,0.2781,1558.4,-1.2,1665.9,104.6
/srv/shared_leopard_toad/2024/02.10.2024/5R/105MEDIA/DSCF0633.JPG,DSCF0633.JPG,5R/105MEDIA,0,Other_Amphibian,0.5073,1558.2,-3.3,1672.8,116.7
/srv/shared_leopard_toad/2024/02.10.2024/5R/105MEDIA/DSCF0626.JPG,DSCF0626.JPG,5R/105MEDIA,0,Other_Amphibian,0.5137,1555.1,-1.3,1671.4,105.5
/srv/shared_leopard_toad/2024/02.10.2024/5R/105MEDIA/DSCF0839.JPG,DSCF0839.JPG,5R/105MEDIA,0,Other_Amphibian,0.2539,1556.0,-3.2,1679.5,111.9
/srv/shared_leopard_toad/2024/02.10.2024/5R/105MEDIA/DSCF0690.JPG,DSCF0690.JPG,5R/105MEDIA,0,Other_Amphibian,0.3218,1551.1,-2.8,1675.4,94.6
/srv/shared_leopard_toad/2024/02.10.2024/5R/105MEDIA/DSCF0690.JPG,DSCF0690.JPG,5R/105MEDIA,0,Other_Amphibian,0.2886,1957.7,-1.1,2159.8,107.3
/srv/shared_leopard_toad/2024/02.10.2024/5R/105MEDIA/DSCF0690.JPG,DSCF0690.JPG,5R/105MEDIA,0,Other_Amphibian,0.2445,1546.5,-2.9,1675.5,96.7
/srv/shared_leopard_toad/2024/02.10.2024/5R/105MEDIA/DSCF0918.JPG,DSCF0918.JPG,5R/105MEDIA,0,Other_Amphibian,0.3303,1954.8,-0.9,2135.7,104.9
/srv/shared_leopard_toad/2024/02.10.2024/5R/105MEDIA/DSCF0918.JPG,DSCF0918.JPG,5R/105MEDIA,0,Other_Amphibian,0.2766,1952.9,-1.8,2142.1,104.8
/srv/shared_leopard_toad/2024/02.10.2024/5R/105MEDIA/DSCF0714.JPG,DSCF0714.JPG,5R/105MEDIA,0,Other_Amphibian,0.4465,1551.7,-2.2,1674.8,98.7
/srv/shared_leopard_toad/2024/02.10.2024/5R/105MEDIA/DSCF0714.JPG,DSCF0714.JPG,5R/105MEDIA,0,Other_Amphibian,0.3430,1959.0,-2.0,2154.0,104.1
/srv/shared_leopard_toad/2024/02.10.2024/5R/105MEDIA/DSCF0705.JPG,DSCF0705.JPG,5R/105MEDIA,0,Other_Amphibian,0.2842,1958.3,-2.0,2161.5,108.4
/srv/shared_leopard_toad/2024/02.10.2024/5R/105MEDIA/DSCF0813.JPG,DSCF0813.JPG,5R/105MEDIA,0,Other_Amphibian,0.2981,1957.4,-1.7,2155.6,104.3
/srv/shared_leopard_toad/2024/02.10.2024/5R/105MEDIA/DSCF0813.JPG,DSCF0813.JPG,5R/105MEDIA,0,Other_Amphibian,0.2478,1549.5,-2.4,1674.7,96.9
/srv/shared_leopard_toad/2024/02.10.2024/5R/105MEDIA/DSCF0643.JPG,DSCF0643.JPG,5R/105MEDIA,0,Other_Amphibian,0.4575,1554.2,-3.3,1672.3,116.7
/srv/shared_leopard_toad/2024/02.10.2024/5R/105MEDIA/DSCF0876.JPG,DSCF0876.JPG,5R/105MEDIA,0,Other_Amphibian,0.4285,1957.8,-1.6,2130.5,104.2
/srv/shared_leopard_toad/2024/02.10.2024/5R/105MEDIA/DSCF0901.JPG,DSCF0901.JPG,5R/105MEDIA,0,Other_Amphibian,0.4531,1957.1,-1.7,2128.9,105.8
/srv/shared_leopard_toad/2024/02.10.2024/5R/105MEDIA/DSCF0747.JPG,DSCF0747.JPG,5R/105MEDIA,0,Other_Amphibian,0.3677,1958.3,-1.3,2157.0,109.0
/srv/shared_leopard_toad/2024/02.10.2024/5R/105MEDIA/DSCF0996.JPG,DSCF0996.JPG,5R/105MEDIA,0,Other_Amphibian,0.3718,1951.1,0.1,2143.9,105.5
/srv/shared_leopard_toad/2024/02.10.2024/5R/105MEDIA/DSCF0996.JPG,DSCF0996.JPG,5R/105MEDIA,0,Other_Amphibian,0.3296,1953.9,-0.1,2168.1,106.0
/srv/shared_leopard_toad/2024/02.10.2024/5R/105MEDIA/DSCF0692.JPG,DSCF0692.JPG,5R/105MEDIA,0,Other_Amphibian,0.2527,1552.3,-2.5,1674.2,95.0
/srv/shared_leopard_toad/2024/02.10.2024/5R/105MEDIA/DSCF0708.JPG,DSCF0708.JPG,5R/105MEDIA,0,Other_Amphibian,0.2085,1954.3,-2.5,2161.0,108.7
/srv/shared_leopard_toad/2024/02.10.2024/5R/105MEDIA/DSCF0961.JPG,DSCF0961.JPG,5R/105MEDIA,0,Other_Amphibian,0.6255,1957.0,-0.6,2131.2,102.7
/srv/shared_leopard_toad/2024/02.10.2024/5R/105MEDIA/DSCF0961.JPG,DSCF0961.JPG,5R/105MEDIA,0,Other_Amphibian,0.2294,1955.4,-1.2,2141.9,102.5
/srv/shared_leopard_toad/2024/02.10.2024/5R/105MEDIA/DSCF0804.JPG,DSCF0804.JPG,5R/105MEDIA,0,Other_Amphibian,0.2070,1953.1,-1.7,2173.4,105.8
/srv/shared_leopard_toad/2024/02.10.2024/5R/105MEDIA/DSCF0825.JPG,DSCF0825.JPG,5R/105MEDIA,0,Other_Amphibian,0.4817,1552.0,-2.6,1676.7,96.7
/srv/shared_leopard_toad/2024/02.10.2024/5R/105MEDIA/DSCF0825.JPG,DSCF0825.JPG,5R/105MEDIA,0,Other_Amphibian,0.4629,1953.9,-0.9,2161.3,104.1
/srv/shared_leopard_toad/2024/02.10.2024/5R/105MEDIA/DSCF0915.JPG,DSCF0915.JPG,5R/105MEDIA,0,Other_Amphibian,0.5854,1960.5,-1.0,2130.0,105.4
/srv/shared_leopard_toad/2024/02.10.2024/5R/105MEDIA/DSCF0915.JPG,DSCF0915.JPG,5R/105MEDIA,0,Other_Amphibian,0.2080,1956.7,-1.9,2138.3,105.7
/srv/shared_leopard_toad/2024/02.10.2024/5R/105MEDIA/DSCF0627.JPG,DSCF0627.JPG,5R/105MEDIA,0,Other_Amphibian,0.6260,1554.1,-3.2,1670.1,116.1
/srv/shared_leopard_toad/2024/02.10.2024/5R/105MEDIA/DSCF0618.JPG,DSCF0618.JPG,5R/105MEDIA,0,Other_Amphibian,0.4868,1552.4,-2.1,1667.3,109.1
/srv/shared_leopard_toad/2024/02.10.2024/5R/105MEDIA/DSCF0828.JPG,DSCF0828.JPG,5R/105MEDIA,0,Other_Amphibian,0.4321,1954.3,-1.5,2154.2,101.6
/srv/shared_leopard_toad/2024/02.10.2024/5R/105MEDIA/DSCF0828.JPG,DSCF0828.JPG,5R/105MEDIA,0,Other_Amphibian,0.2646,1950.8,-1.0,2137.5,101.3
/srv/shared_leopard_toad/2024/02.10.2024/5R/105MEDIA/DSCF0695.JPG,DSCF0695.JPG,5R/105MEDIA,0,Other_Amphibian,0.2031,1550.8,-2.2,1673.4,93.0
/srv/shared_leopard_toad/2024/02.10.2024/5R/105MEDIA/DSCF0764.JPG,DSCF0764.JPG,5R/105MEDIA,0,Other_Amphibian,0.3188,1957.5,-1.3,2160.0,108.4
/srv/shared_leopard_toad/2024/02.10.2024/5R/105MEDIA/DSCF0953.JPG,DSCF0953.JPG,5R/105MEDIA,0,Other_Amphibian,0.3577,1954.0,-0.5,2154.5,103.1
/srv/shared_leopard_toad/2024/02.10.2024/5R/105MEDIA/DSCF0953.JPG,DSCF0953.JPG,5R/105MEDIA,0,Other_Amphibian,0.2394,1948.0,-0.3,2138.0,102.9
/srv/shared_leopard_toad/2024/02.10.2024/5R/105MEDIA/DSCF0711.JPG,DSCF0711.JPG,5R/105MEDIA,0,Other_Amphibian,0.2224,1955.6,-1.9,2164.1,110.1
/srv/shared_leopard_toad/2024/02.10.2024/5R/105MEDIA/DSCF0711.JPG,DSCF0711.JPG,5R/105MEDIA,0,Other_Amphibian,0.2207,1554.6,-1.9,1674.2,97.7
/srv/shared_leopard_toad/2024/02.10.2024/5R/105MEDIA/DSCF0869.JPG,DSCF0869.JPG,5R/105MEDIA,0,Other_Amphibian,0.4871,1957.1,-1.8,2131.1,100.0
/srv/shared_leopard_toad/2024/02.10.2024/5R/105MEDIA/DSCF0869.JPG,DSCF0869.JPG,5R/105MEDIA,0,Other_Amphibian,0.2327,1954.8,-3.2,2133.4,99.5
/srv/shared_leopard_toad/2024/02.10.2024/5R/105MEDIA/DSCF0710.JPG,DSCF0710.JPG,5R/105MEDIA,0,Other_Amphibian,0.3835,1956.2,-1.2,2163.6,107.5
/srv/shared_leopard_toad/2024/02.10.2024/5R/105MEDIA/DSCF0863.JPG,DSCF0863.JPG,5R/105MEDIA,0,Other_Amphibian,0.5869,1958.0,-2.0,2130.3,102.9
/srv/shared_leopard_toad/2024/02.10.2024/5R/105MEDIA/DSCF0785.JPG,DSCF0785.JPG,5R/105MEDIA,0,Other_Amphibian,0.3149,1955.4,-1.1,2162.1,107.3
/srv/shared_leopard_toad/2024/02.10.2024/5R/105MEDIA/DSCF0999.JPG,DSCF0999.JPG,5R/105MEDIA,0,Other_Amphibian,0.5615,1945.7,-0.0,2122.3,104.5
/srv/shared_leopard_toad/2024/02.10.2024/5R/105MEDIA/DSCF0999.JPG,DSCF0999.JPG,5R/105MEDIA,0,Other_Amphibian,0.4094,1954.9,-0.7,2142.4,105.1
/srv/shared_leopard_toad/2024/02.10.2024/5R/105MEDIA/DSCF0894.JPG,DSCF0894.JPG,5R/105MEDIA,0,Other_Amphibian,0.3586,1954.2,-0.8,2131.8,105.6
/srv/shared_leopard_toad/2024/02.10.2024/5R/105MEDIA/DSCF0894.JPG,DSCF0894.JPG,5R/105MEDIA,0,Other_Amphibian,0.3247,1953.3,-1.5,2135.0,106.0
/srv/shared_leopard_toad/2024/02.10.2024/5R/105MEDIA/DSCF0718.JPG,DSCF0718.JPG,5R/105MEDIA,0,Other_Amphibian,0.2571,1957.9,-1.9,2159.6,106.8
/srv/shared_leopard_toad/2024/02.10.2024/5R/105MEDIA/DSCF0726.JPG,DSCF0726.JPG,5R/105MEDIA,0,Other_Amphibian,0.4573,1960.0,-1.5,2155.3,105.3
/srv/shared_leopard_toad/2024/02.10.2024/5R/105MEDIA/DSCF0783.JPG,DSCF0783.JPG,5R/105MEDIA,0,Other_Amphibian,0.3281,1957.4,-1.9,2155.6,106.8
/srv/shared_leopard_toad/2024/02.10.2024/5R/105MEDIA/DSCF0857.JPG,DSCF0857.JPG,5R/105MEDIA,0,Other_Amphibian,0.5117,1961.2,-2.0,2133.8,100.4
/srv/shared_leopard_toad/2024/02.10.2024/5R/105MEDIA/DSCF0857.JPG,DSCF0857.JPG,5R/105MEDIA,0,Other_Amphibian,0.3311,1960.9,-2.3,2134.1,100.9
/srv/shared_leopard_toad/2024/02.10.2024/5R/105MEDIA/DSCF0703.JPG,DSCF0703.JPG,5R/105MEDIA,0,Other_Amphibian,0.3406,1958.5,-1.9,2156.8,107.1
/srv/shared_leopard_toad/2024/02.10.2024/5R/105MEDIA/DSCF0779.JPG,DSCF0779.JPG,5R/105MEDIA,0,Other_Amphibian,0.3552,1959.3,-0.9,2153.7,107.1
/srv/shared_leopard_toad/2024/02.10.2024/5R/105MEDIA/DSCF0881.JPG,DSCF0881.JPG,5R/105MEDIA,0,Other_Amphibian,0.3604,1958.9,-1.3,2136.1,105.3
/srv/shared_leopard_toad/2024/02.10.2024/5R/105MEDIA/DSCF0881.JPG,DSCF0881.JPG,5R/105MEDIA,0,Other_Amphibian,0.3474,1957.4,-1.7,2137.6,105.5
/srv/shared_leopard_toad/2024/02.10.2024/5R/105MEDIA/DSCF0958.JPG,DSCF0958.JPG,5R/105MEDIA,0,Other_Amphibian,0.4648,1948.1,0.1,2131.1,104.7
/srv/shared_leopard_toad/2024/02.10.2024/5R/105MEDIA/DSCF0958.JPG,DSCF0958.JPG,5R/105MEDIA,0,Other_Amphibian,0.4128,1954.5,-0.4,2149.5,105.0
/srv/shared_leopard_toad/2024/02.10.2024/5R/105MEDIA/DSCF0929.JPG,DSCF0929.JPG,5R/105MEDIA,0,Other_Amphibian,0.4092,1960.4,-1.2,2134.6,105.0
/srv/shared_leopard_toad/2024/02.10.2024/5R/105MEDIA/DSCF0639.JPG,DSCF0639.JPG,5R/105MEDIA,0,Other_Amphibian,0.4055,1550.7,-2.3,1671.3,108.1
/srv/shared_leopard_toad/2024/02.10.2024/5R/105MEDIA/DSCF0972.JPG,DSCF0972.JPG,5R/105MEDIA,0,Other_Amphibian,0.4204,1952.6,-0.2,2126.6,105.1
/srv/shared_leopard_toad/2024/02.10.2024/5R/105MEDIA/DSCF0972.JPG,DSCF0972.JPG,5R/105MEDIA,0,Other_Amphibian,0.2001,1953.4,-1.6,2143.8,104.8
/srv/shared_leopard_toad/2024/02.10.2024/5R/105MEDIA/DSCF0654.JPG,DSCF0654.JPG,5R/105MEDIA,0,Other_Amphibian,0.2583,1963.7,-1.9,2115.6,104.7
/srv/shared_leopard_toad/2024/02.10.2024/5R/105MEDIA/DSCF0887.JPG,DSCF0887.JPG,5R/105MEDIA,0,Other_Amphibian,0.4592,1959.4,-1.2,2128.9,105.0
/srv/shared_leopard_toad/2024/02.10.2024/5R/105MEDIA/DSCF0971.JPG,DSCF0971.JPG,5R/105MEDIA,0,Other_Amphibian,0.4099,1952.2,-1.0,2160.8,104.4
/srv/shared_leopard_toad/2024/02.10.2024/5R/105MEDIA/DSCF0954.JPG,DSCF0954.JPG,5R/105MEDIA,0,Other_Amphibian,0.4360,1955.8,-0.6,2150.4,104.7
/srv/shared_leopard_toad/2024/02.10.2024/5R/105MEDIA/DSCF0954.JPG,DSCF0954.JPG,5R/105MEDIA,0,Other_Amphibian,0.2411,1946.4,-0.2,2132.9,103.5
/srv/shared_leopard_toad/2024/02.10.2024/5R/105MEDIA/DSCF0799.JPG,DSCF0799.JPG,5R/105MEDIA,0,Other_Amphibian,0.3506,1954.1,-1.1,2163.4,107.9
/srv/shared_leopard_toad/2024/02.10.2024/5R/105MEDIA/DSCF0787.JPG,DSCF0787.JPG,5R/105MEDIA,0,Other_Amphibian,0.5063,1959.0,-1.7,2154.0,107.2
/srv/shared_leopard_toad/2024/02.10.2024/5R/105MEDIA/DSCF0756.JPG,DSCF0756.JPG,5R/105MEDIA,0,Other_Amphibian,0.3135,1959.2,-1.7,2153.8,107.7
/srv/shared_leopard_toad/2024/02.10.2024/5R/105MEDIA/DSCF0614.JPG,DSCF0614.JPG,5R/105MEDIA,0,Other_Amphibian,0.2378,1555.8,-1.6,1668.4,100.7
/srv/shared_leopard_toad/2024/02.10.2024/5R/105MEDIA/DSCF0674.JPG,DSCF0674.JPG,5R/105MEDIA,0,Other_Amphibian,0.2920,1551.5,-2.9,1672.7,91.3
/srv/shared_leopard_toad/2024/02.10.2024/5R/105MEDIA/DSCF0673.JPG,DSCF0673.JPG,5R/105MEDIA,0,Other_Amphibian,0.3113,1553.1,-3.0,1671.2,94.8
/srv/shared_leopard_toad/2024/02.10.2024/5R/105MEDIA/DSCF0673.JPG,DSCF0673.JPG,5R/105MEDIA,0,Other_Amphibian,0.2198,1959.0,-2.8,2156.3,105.8
/srv/shared_leopard_toad/2024/02.10.2024/5R/105MEDIA/DSCF0810.JPG,DSCF0810.JPG,5R/105MEDIA,0,Other_Amphibian,0.2299,1953.7,-0.9,2163.8,106.2
/srv/shared_leopard_toad/2024/02.10.2024/5R/105MEDIA/DSCF0976.JPG,DSCF0976.JPG,5R/105MEDIA,0,Other_Amphibian,0.3599,1951.7,-0.8,2132.0,104.2
/srv/shared_leopard_toad/2024/02.10.2024/5R/105MEDIA/DSCF0976.JPG,DSCF0976.JPG,5R/105MEDIA,0,Other_Amphibian,0.2482,1951.3,-2.3,2150.4,103.4
/srv/shared_leopard_toad/2024/02.10.2024/5R/105MEDIA/DSCF0698.JPG,DSCF0698.JPG,5R/105MEDIA,0,Other_Amphibian,0.3196,1555.1,-2.3,1671.4,99.0
/srv/shared_leopard_toad/2024/02.10.2024/5R/105MEDIA/DSCF0737.JPG,DSCF0737.JPG,5R/105MEDIA,0,Other_Amphibian,0.5049,1960.1,-1.7,2146.1,105.1
/srv/shared_leopard_toad/2024/02.10.2024/5R/105MEDIA/DSCF0749.JPG,DSCF0749.JPG,5R/105MEDIA,0,Other_Amphibian,0.3940,1957.5,-1.5,2155.5,106.9
/srv/shared_leopard_toad/2024/02.10.2024/5R/105MEDIA/DSCF0684.JPG,DSCF0684.JPG,5R/105MEDIA,0,Other_Amphibian,0.2751,1960.7,-2.9,2154.6,107.9
/srv/shared_leopard_toad/2024/02.10.2024/5R/105MEDIA/DSCF0743.JPG,DSCF0743.JPG,5R/105MEDIA,0,Other_Amphibian,0.3213,1554.8,-2.3,1674.0,93.1
/srv/shared_leopard_toad/2024/02.10.2024/5R/105MEDIA/DSCF0743.JPG,DSCF0743.JPG,5R/105MEDIA,0,Other_Amphibian,0.2424,1959.5,-1.3,2164.7,108.6
/srv/shared_leopard_toad/2024/02.10.2024/5R/105MEDIA/DSCF0694.JPG,DSCF0694.JPG,5R/105MEDIA,0,Other_Amphibian,0.3191,1961.3,-1.3,2160.7,107.1
/srv/shared_leopard_toad/2024/02.10.2024/5R/105MEDIA/DSCF0969.JPG,DSCF0969.JPG,5R/105MEDIA,0,Other_Amphibian,0.3906,1950.2,0.5,2165.1,106.5
/srv/shared_leopard_toad/2024/02.10.2024/5R/105MEDIA/DSCF0969.JPG,DSCF0969.JPG,5R/105MEDIA,0,Other_Amphibian,0.2175,1943.6,-0.2,2144.6,105.6
/srv/shared_leopard_toad/2024/02.10.2024/5R/105MEDIA/DSCF0905.JPG,DSCF0905.JPG,5R/105MEDIA,0,Other_Amphibian,0.3345,1958.4,-1.5,2132.1,106.4
/srv/shared_leopard_toad/2024/02.10.2024/5R/105MEDIA/DSCF0905.JPG,DSCF0905.JPG,5R/105MEDIA,0,Other_Amphibian,0.2227,1954.0,-2.8,2134.3,106.2
/srv/shared_leopard_toad/2024/02.10.2024/5R/105MEDIA/DSCF0932.JPG,DSCF0932.JPG,5R/105MEDIA,0,Other_Amphibian,0.4727,1953.6,-0.6,2132.4,105.6
/srv/shared_leopard_toad/2024/02.10.2024/5R/105MEDIA/DSCF0932.JPG,DSCF0932.JPG,5R/105MEDIA,0,Other_Amphibian,0.2800,1952.2,-1.7,2142.8,105.4
/srv/shared_leopard_toad/2024/02.10.2024/5R/105MEDIA/DSCF0928.JPG,DSCF0928.JPG,5R/105MEDIA,0,Other_Amphibian,0.2607,1959.5,-0.9,2135.5,102.4
/srv/shared_leopard_toad/2024/02.10.2024/5R/105MEDIA/DSCF0928.JPG,DSCF0928.JPG,5R/105MEDIA,0,Other_Amphibian,0.2029,1956.1,-2.6,2145.7,101.5
/srv/shared_leopard_toad/2024/02.10.2024/5R/105MEDIA/DSCF0960.JPG,DSCF0960.JPG,5R/105MEDIA,0,Other_Amphibian,0.5576,1956.1,-0.6,2147.9,103.5
/srv/shared_leopard_toad/2024/02.10.2024/5R/105MEDIA/DSCF0770.JPG,DSCF0770.JPG,5R/105MEDIA,0,Other_Amphibian,0.3438,1959.0,-0.9,2154.0,106.7
/srv/shared_leopard_toad/2024/02.10.2024/5R/105MEDIA/DSCF0815.JPG,DSCF0815.JPG,5R/105MEDIA,0,Other_Amphibian,0.2002,1953.1,-1.1,2173.4,106.1
/srv/shared_leopard_toad/2024/02.10.2024/5R/105MEDIA/DSCF0696.JPG,DSCF0696.JPG,5R/105MEDIA,0,Other_Amphibian,0.2776,1957.7,-1.9,2157.5,109.5
/srv/shared_leopard_toad/2024/02.10.2024/5R/105MEDIA/DSCF0696.JPG,DSCF0696.JPG,5R/105MEDIA,0,Other_Amphibian,0.2417,1551.5,-2.5,1668.2,94.4
/srv/shared_leopard_toad/2024/02.10.2024/5R/105MEDIA/DSCF0946.JPG,DSCF0946.JPG,5R/105MEDIA,0,Other_Amphibian,0.4919,1955.7,-0.1,2132.6,104.5
/srv/shared_leopard_toad/2024/02.10.2024/5R/105MEDIA/DSCF0946.JPG,DSCF0946.JPG,5R/105MEDIA,0,Other_Amphibian,0.3135,1955.3,-1.0,2139.7,105.2
/srv/shared_leopard_toad/2024/02.10.2024/5R/105MEDIA/DSCF0974.JPG,DSCF0974.JPG,5R/105MEDIA,0,Other_Amphibian,0.3826,1956.0,-0.2,2159.2,105.8
/srv/shared_leopard_toad/2024/02.10.2024/5R/105MEDIA/DSCF0974.JPG,DSCF0974.JPG,5R/105MEDIA,0,Other_Amphibian,0.2366,1948.2,0.1,2128.8,105.5
/srv/shared_leopard_toad/2024/02.10.2024/5R/105MEDIA/DSCF0733.JPG,DSCF0733.JPG,5R/105MEDIA,0,Other_Amphibian,0.4778,1958.4,-1.6,2163.6,105.0
/srv/shared_leopard_toad/2024/02.10.2024/5R/105MEDIA/DSCF0771.JPG,DSCF0771.JPG,5R/105MEDIA,0,Other_Amphibian,0.3782,1956.0,-1.2,2163.8,107.5
/srv/shared_leopard_toad/2024/02.10.2024/5R/105MEDIA/DSCF0977.JPG,DSCF0977.JPG,5R/105MEDIA,0,Other_Amphibian,0.2756,1953.1,-0.2,2171.2,105.2
/srv/shared_leopard_toad/2024/02.10.2024/5R/105MEDIA/DSCF0806.JPG,DSCF0806.JPG,5R/105MEDIA,0,Other_Amphibian,0.2185,1955.2,-1.2,2175.8,105.6
/srv/shared_leopard_toad/2024/02.10.2024/5R/105MEDIA/DSCF0005.JPG,DSCF0005.JPG,5R/105MEDIA,0,Other_Amphibian,0.2020,1959.5,-2.4,2218.7,66.3
/srv/shared_leopard_toad/2024/02.10.2024/5R/105MEDIA/DSCF0952.JPG,DSCF0952.JPG,5R/105MEDIA,0,Other_Amphibian,0.4500,1952.9,-0.2,2133.1,103.8
/srv/shared_leopard_toad/2024/02.10.2024/5R/105MEDIA/DSCF0952.JPG,DSCF0952.JPG,5R/105MEDIA,0,Other_Amphibian,0.3113,1954.3,-1.3,2142.9,103.7
/srv/shared_leopard_toad/2024/02.10.2024/5R/105MEDIA/DSCF0797.JPG,DSCF0797.JPG,5R/105MEDIA,0,Other_Amphibian,0.2378,1954.1,-1.7,2152.1,105.9
/srv/shared_leopard_toad/2024/02.10.2024/5R/105MEDIA/DSCF0630.JPG,DSCF0630.JPG,5R/105MEDIA,0,Other_Amphibian,0.4036,1558.8,-2.1,1672.2,114.2
/srv/shared_leopard_toad/2024/02.10.2024/5R/105MEDIA/DSCF0776.JPG,DSCF0776.JPG,5R/105MEDIA,0,Other_Amphibian,0.2480,1956.2,-1.9,2163.6,105.2
/srv/shared_leopard_toad/2024/02.10.2024/5R/105MEDIA/DSCF0957.JPG,DSCF0957.JPG,5R/105MEDIA,0,Other_Amphibian,0.5278,1952.9,-0.1,2146.6,105.3
/srv/shared_leopard_toad/2024/02.10.2024/5R/105MEDIA/DSCF0957.JPG,DSCF0957.JPG,5R/105MEDIA,0,Other_Amphibian,0.3542,1946.0,0.2,2122.0,105.0
/srv/shared_leopard_toad/2024/02.10.2024/5R/105MEDIA/DSCF0766.JPG,DSCF0766.JPG,5R/105MEDIA,0,Other_Amphibian,0.2485,1957.7,-2.6,2162.0,105.4
/srv/shared_leopard_toad/2024/02.10.2024/5R/105MEDIA/DSCF0995.JPG,DSCF0995.JPG,5R/105MEDIA,0,Other_Amphibian,0.3960,1952.3,-0.1,2165.2,105.7
/srv/shared_leopard_toad/2024/02.10.2024/5R/105MEDIA/DSCF0995.JPG,DSCF0995.JPG,5R/105MEDIA,0,Other_Amphibian,0.3203,1946.5,0.2,2130.5,105.6
/srv/shared_leopard_toad/2024/02.10.2024/5R/105MEDIA/DSCF0719.JPG,DSCF0719.JPG,5R/105MEDIA,0,Other_Amphibian,0.2368,1552.3,-2.9,1674.2,96.2
/srv/shared_leopard_toad/2024/02.10.2024/5R/105MEDIA/DSCF0897.JPG,DSCF0897.JPG,5R/105MEDIA,0,Other_Amphibian,0.3899,1956.2,-0.7,2138.8,103.7
/srv/shared_leopard_toad/2024/02.10.2024/5R/105MEDIA/DSCF0628.JPG,DSCF0628.JPG,5R/105MEDIA,0,Other_Amphibian,0.6265,1555.8,-3.0,1668.4,115.9
/srv/shared_leopard_toad/2024/02.10.2024/5R/105MEDIA/DSCF0793.JPG,DSCF0793.JPG,5R/105MEDIA,0,Other_Amphibian,0.3684,1956.4,-1.5,2161.1,106.4
/srv/shared_leopard_toad/2024/02.10.2024/5R/105MEDIA/DSCF0793.JPG,DSCF0793.JPG,5R/105MEDIA,0,Other_Amphibian,0.2415,1554.2,-2.7,1672.3,94.6
/srv/shared_leopard_toad/2024/02.10.2024/5R/105MEDIA/DSCF0879.JPG,DSCF0879.JPG,5R/105MEDIA,0,Other_Amphibian,0.2208,1955.8,-2.7,2139.2,103.4
/srv/shared_leopard_toad/2024/02.10.2024/5R/105MEDIA/DSCF0646.JPG,DSCF0646.JPG,5R/105MEDIA,0,Other_Amphibian,0.4670,1552.6,-3.9,1673.9,117.0
/srv/shared_leopard_toad/2024/02.10.2024/5R/105MEDIA/DSCF0859.JPG,DSCF0859.JPG,5R/105MEDIA,0,Other_Amphibian,0.2487,1958.6,-2.7,2138.6,98.5
/srv/shared_leopard_toad/2024/02.10.2024/5R/105MEDIA/DSCF0859.JPG,DSCF0859.JPG,5R/105MEDIA,0,Other_Amphibian,0.2428,1960.0,-1.1,2137.2,99.2
/srv/shared_leopard_toad/2024/02.10.2024/5R/105MEDIA/DSCF0919.JPG,DSCF0919.JPG,5R/105MEDIA,0,Other_Amphibian,0.6411,1958.9,-0.9,2131.6,104.1
/srv/shared_leopard_toad/2024/02.10.2024/5R/105MEDIA/DSCF0751.JPG,DSCF0751.JPG,5R/105MEDIA,0,Other_Amphibian,0.2869,1957.9,-1.5,2155.1,107.9
/srv/shared_leopard_toad/2024/02.10.2024/5R/105MEDIA/DSCF0847.JPG,DSCF0847.JPG,5R/105MEDIA,0,Other_Amphibian,0.2922,1958.8,-2.1,2158.7,100.5
/srv/shared_leopard_toad/2024/02.10.2024/5R/105MEDIA/DSCF0847.JPG,DSCF0847.JPG,5R/105MEDIA,0,Other_Amphibian,0.2297,1957.6,-0.4,2148.7,100.7
/srv/shared_leopard_toad/2024/02.10.2024/5R/105MEDIA/DSCF0803.JPG,DSCF0803.JPG,5R/105MEDIA,0,Other_Amphibian,0.3096,1953.1,-1.3,2173.4,106.2
/srv/shared_leopard_toad/2024/02.10.2024/5R/105MEDIA/DSCF0819.JPG,DSCF0819.JPG,5R/105MEDIA,0,Other_Amphibian,0.2355,1954.8,-1.3,2176.2,105.3
/srv/shared_leopard_toad/2024/02.10.2024/5R/105MEDIA/DSCF0641.JPG,DSCF0641.JPG,5R/105MEDIA,0,Other_Amphibian,0.3521,1555.7,-2.8,1673.1,115.6
/srv/shared_leopard_toad/2024/02.10.2024/5R/105MEDIA/DSCF0624.JPG,DSCF0624.JPG,5R/105MEDIA,0,Other_Amphibian,0.3579,1553.7,-1.5,1666.1,106.4
/srv/shared_leopard_toad/2024/02.10.2024/5R/105MEDIA/DSCF0616.JPG,DSCF0616.JPG,5R/105MEDIA,0,Other_Amphibian,0.5469,1552.1,-1.9,1667.7,109.3
/srv/shared_leopard_toad/2024/02.10.2024/5R/105MEDIA/DSCF0821.JPG,DSCF0821.JPG,5R/105MEDIA,0,Other_Amphibian,0.2428,1954.4,-1.8,2176.6,103.2
/srv/shared_leopard_toad/2024/02.10.2024/5R/105MEDIA/DSCF0609.JPG,DSCF0609.JPG,5R/105MEDIA,0,Other_Amphibian,0.2147,1557.9,-1.4,1668.6,104.0
/srv/shared_leopard_toad/2024/02.10.2024/5R/105MEDIA/DSCF0882.JPG,DSCF0882.JPG,5R/105MEDIA,0,Other_Amphibian,0.4934,1956.0,-0.8,2127.7,104.1
/srv/shared_leopard_toad/2024/02.10.2024/5R/105MEDIA/DSCF0882.JPG,DSCF0882.JPG,5R/105MEDIA,0,Other_Amphibian,0.4912,1956.5,-1.1,2129.5,104.7
/srv/shared_leopard_toad/2024/02.10.2024/5R/105MEDIA/DSCF0809.JPG,DSCF0809.JPG,5R/105MEDIA,0,Other_Amphibian,0.2502,1954.8,-1.0,2171.7,105.2
/srv/shared_leopard_toad/2024/02.10.2024/5R/105MEDIA/DSCF0975.JPG,DSCF0975.JPG,5R/105MEDIA,0,Other_Amphibian,0.3635,1950.5,0.8,2135.5,105.1
/srv/shared_leopard_toad/2024/02.10.2024/5R/105MEDIA/DSCF0975.JPG,DSCF0975.JPG,5R/105MEDIA,0,Other_Amphibian,0.3289,1952.1,-0.1,2165.4,104.9
/srv/shared_leopard_toad/2024/02.10.2024/5R/105MEDIA/DSCF0796.JPG,DSCF0796.JPG,5R/105MEDIA,0,Other_Amphibian,0.2269,1954.5,-2.0,2163.0,105.6
/srv/shared_leopard_toad/2024/02.10.2024/5R/105MEDIA/DSCF0934.JPG,DSCF0934.JPG,5R/105MEDIA,0,Other_Amphibian,0.3755,1955.5,-1.2,2146.2,104.2
/srv/shared_leopard_toad/2024/02.10.2024/5R/105MEDIA/DSCF0934.JPG,DSCF0934.JPG,5R/105MEDIA,0,Other_Amphibian,0.3616,1953.7,-0.5,2132.3,104.1
/srv/shared_leopard_toad/2024/02.10.2024/5R/105MEDIA/DSCF0951.JPG,DSCF0951.JPG,5R/105MEDIA,0,Other_Amphibian,0.3948,1957.5,0.2,2137.5,103.8
/srv/shared_leopard_toad/2024/02.10.2024/5R/105MEDIA/DSCF0951.JPG,DSCF0951.JPG,5R/105MEDIA,0,Other_Amphibian,0.2737,1951.2,-1.2,2143.8,103.4
/srv/shared_leopard_toad/2024/02.10.2024/5R/105MEDIA/DSCF0647.JPG,DSCF0647.JPG,5R/105MEDIA,0,Other_Amphibian,0.2096,1549.9,-1.6,1665.3,95.6
/srv/shared_leopard_toad/2024/02.10.2024/5R/105MEDIA/DSCF0914.JPG,DSCF0914.JPG,5R/105MEDIA,0,Other_Amphibian,0.2588,1960.4,-1.2,2134.6,102.9
/srv/shared_leopard_toad/2024/02.10.2024/5R/105MEDIA/DSCF0920.JPG,DSCF0920.JPG,5R/105MEDIA,0,Other_Amphibian,0.4248,1961.8,-1.1,2133.2,104.5
/srv/shared_leopard_toad/2024/02.10.2024/5R/105MEDIA/DSCF0968.JPG,DSCF0968.JPG,5R/105MEDIA,0,Other_Amphibian,0.3784,1953.8,-0.6,2154.7,105.4
/srv/shared_leopard_toad/2024/02.10.2024/5R/105MEDIA/DSCF0968.JPG,DSCF0968.JPG,5R/105MEDIA,0,Other_Amphibian,0.3408,1949.7,0.2,2134.1,105.2
/srv/shared_leopard_toad/2024/02.10.2024/5R/105MEDIA/DSCF0948.JPG,DSCF0948.JPG,5R/105MEDIA,0,Other_Amphibian,0.5015,1953.3,-0.1,2128.2,105.3
/srv/shared_leopard_toad/2024/02.10.2024/5R/105MEDIA/DSCF0948.JPG,DSCF0948.JPG,5R/105MEDIA,0,Other_Amphibian,0.3589,1953.4,-0.9,2141.6,105.5
/srv/shared_leopard_toad/2024/02.10.2024/5R/105MEDIA/DSCF0973.JPG,DSCF0973.JPG,5R/105MEDIA,0,Other_Amphibian,0.3418,1947.1,0.4,2132.2,104.5
/srv/shared_leopard_toad/2024/02.10.2024/5R/105MEDIA/DSCF0973.JPG,DSCF0973.JPG,5R/105MEDIA,0,Other_Amphibian,0.3162,1953.0,-0.2,2166.8,104.8
/srv/shared_leopard_toad/2024/02.10.2024/5R/105MEDIA/DSCF0599.JPG,DSCF0599.JPG,5R/105MEDIA,0,Other_Amphibian,0.2430,1550.7,-1.8,1664.5,105.8
/srv/shared_leopard_toad/2024/02.10.2024/5R/105MEDIA/DSCF0599.JPG,DSCF0599.JPG,5R/105MEDIA,0,Other_Amphibian,0.2152,1552.0,-1.3,1663.2,106.3
/srv/shared_leopard_toad/2024/02.10.2024/5R/105MEDIA/DSCF0984.JPG,DSCF0984.JPG,5R/105MEDIA,0,Other_Amphibian,0.3452,1951.3,0.7,2175.2,106.0
/srv/shared_leopard_toad/2024/02.10.2024/5R/105MEDIA/DSCF0984.JPG,DSCF0984.JPG,5R/105MEDIA,0,Other_Amphibian,0.2430,1947.3,-0.1,2125.2,106.1
/srv/shared_leopard_toad/2024/02.10.2024/5R/105MEDIA/DSCF0921.JPG,DSCF0921.JPG,5R/105MEDIA,0,Other_Amphibian,0.2798,1955.1,-1.1,2139.9,106.1
/srv/shared_leopard_toad/2024/02.10.2024/5R/105MEDIA/DSCF0921.JPG,DSCF0921.JPG,5R/105MEDIA,0,Other_Amphibian,0.2272,1951.1,-2.5,2143.9,106.2
/srv/shared_leopard_toad/2024/02.10.2024/5R/105MEDIA/DSCF0835.JPG,DSCF0835.JPG,5R/105MEDIA,0,Other_Amphibian,0.2056,1551.0,-1.1,1680.0,107.1
/srv/shared_leopard_toad/2024/02.10.2024/5R/105MEDIA/DSCF0935.JPG,DSCF0935.JPG,5R/105MEDIA,0,Other_Amphibian,0.3757,1952.9,-0.6,2133.1,105.8
/srv/shared_leopard_toad/2024/02.10.2024/5R/105MEDIA/DSCF0631.JPG,DSCF0631.JPG,5R/105MEDIA,0,Other_Amphibian,0.2242,1553.6,-1.9,1670.7,104.7
/srv/shared_leopard_toad/2024/02.10.2024/5R/105MEDIA/DSCF0926.JPG,DSCF0926.JPG,5R/105MEDIA,0,Other_Amphibian,0.3379,1957.2,-0.9,2137.8,103.5
/srv/shared_leopard_toad/2024/02.10.2024/5R/105MEDIA/DSCF0926.JPG,DSCF0926.JPG,5R/105MEDIA,0,Other_Amphibian,0.2795,1955.3,-1.9,2144.2,103.1
/srv/shared_leopard_toad/2024/02.10.2024/5R/105MEDIA/DSCF0658.JPG,DSCF0658.JPG,5R/105MEDIA,0,Other_Amphibian,0.3298,1552.6,-2.6,1669.4,94.1
/srv/shared_leopard_toad/2024/02.10.2024/5R/105MEDIA/DSCF0658.JPG,DSCF0658.JPG,5R/105MEDIA,0,Other_Amphibian,0.2900,1962.8,-2.1,2118.7,106.2
/srv/shared_leopard_toad/2024/02.10.2024/5R/105MEDIA/DSCF0606.JPG,DSCF0606.JPG,5R/105MEDIA,0,Other_Amphibian,0.4456,1556.0,-2.3,1666.0,112.0
/srv/shared_leopard_toad/2024/02.10.2024/5R/105MEDIA/DSCF0620.JPG,DSCF0620.JPG,5R/105MEDIA,0,Other_Amphibian,0.4553,1557.0,-1.5,1667.2,107.1
/srv/shared_leopard_toad/2024/02.10.2024/5R/105MEDIA/DSCF0746.JPG,DSCF0746.JPG,5R/105MEDIA,0,Other_Amphibian,0.2493,1957.3,-2.6,2162.5,107.5
/srv/shared_leopard_toad/2024/02.10.2024/5R/105MEDIA/DSCF0763.JPG,DSCF0763.JPG,5R/105MEDIA,0,Other_Amphibian,0.2654,1956.3,-1.1,2165.7,105.5
/srv/shared_leopard_toad/2024/02.10.2024/5R/105MEDIA/DSCF0728.JPG,DSCF0728.JPG,5R/105MEDIA,0,Other_Amphibian,0.3838,1959.2,-1.8,2156.1,109.2
/srv/shared_leopard_toad/2024/02.10.2024/5R/105MEDIA/DSCF0664.JPG,DSCF0664.JPG,5R/105MEDIA,0,Other_Amphibian,0.2534,1961.9,-1.7,2126.3,106.6
/srv/shared_leopard_toad/2024/02.10.2024/5R/105MEDIA/DSCF0865.JPG,DSCF0865.JPG,5R/105MEDIA,0,Other_Amphibian,0.5757,1957.3,-1.9,2133.2,103.3
/srv/shared_leopard_toad/2024/02.10.2024/5R/105MEDIA/DSCF0865.JPG,DSCF0865.JPG,5R/105MEDIA,0,Other_Amphibian,0.4456,1956.8,-2.0,2131.5,103.7
/srv/shared_leopard_toad/2024/02.10.2024/5R/105MEDIA/DSCF0808.JPG,DSCF0808.JPG,5R/105MEDIA,0,Other_Amphibian,0.3672,1957.6,-0.8,2146.4,106.4
/srv/shared_leopard_toad/2024/02.10.2024/5R/105MEDIA/DSCF0808.JPG,DSCF0808.JPG,5R/105MEDIA,0,Other_Amphibian,0.3596,1550.6,-2.6,1675.9,97.3
/srv/shared_leopard_toad/2024/02.10.2024/5R/105MEDIA/DSCF0987.JPG,DSCF0987.JPG,5R/105MEDIA,0,Other_Amphibian,0.2727,1956.0,-0.6,2179.5,101.3
/srv/shared_leopard_toad/2024/02.10.2024/5R/105MEDIA/DSCF0800.JPG,DSCF0800.JPG,5R/105MEDIA,0,Other_Amphibian,0.2827,1952.7,-1.7,2162.5,106.5
/srv/shared_leopard_toad/2024/02.10.2024/5R/105MEDIA/DSCF0990.JPG,DSCF0990.JPG,5R/105MEDIA,0,Other_Amphibian,0.2869,1956.1,-0.2,2134.4,103.1
/srv/shared_leopard_toad/2024/02.10.2024/5R/105MEDIA/DSCF0789.JPG,DSCF0789.JPG,5R/105MEDIA,0,Other_Amphibian,0.2220,1954.7,-2.1,2158.3,105.8
/srv/shared_leopard_toad/2024/02.10.2024/5R/105MEDIA/DSCF0941.JPG,DSCF0941.JPG,5R/105MEDIA,0,Other_Amphibian,0.5293,1958.6,-0.9,2129.6,103.9
/srv/shared_leopard_toad/2024/02.10.2024/5R/105MEDIA/DSCF0941.JPG,DSCF0941.JPG,5R/105MEDIA,0,Other_Amphibian,0.2109,1956.0,-2.4,2134.5,104.2
/srv/shared_leopard_toad/2024/02.10.2024/5R/105MEDIA/DSCF0688.JPG,DSCF0688.JPG,5R/105MEDIA,0,Other_Amphibian,0.2549,1553.5,-2.2,1675.2,97.3
/srv/shared_leopard_toad/2024/02.10.2024/5R/105MEDIA/DSCF0688.JPG,DSCF0688.JPG,5R/105MEDIA,0,Other_Amphibian,0.2118,1958.8,-1.7,2156.4,108.4
/srv/shared_leopard_toad/2024/02.10.2024/5R/105MEDIA/DSCF0910.JPG,DSCF0910.JPG,5R/105MEDIA,0,Other_Amphibian,0.3967,1960.0,-1.1,2135.0,104.3
/srv/shared_leopard_toad/2024/02.10.2024/5R/105MEDIA/DSCF0855.JPG,DSCF0855.JPG,5R/105MEDIA,0,Other_Amphibian,0.3906,1960.8,-2.6,2125.2,100.7
/srv/shared_leopard_toad/2024/02.10.2024/5R/105MEDIA/DSCF0939.JPG,DSCF0939.JPG,5R/105MEDIA,0,Other_Amphibian,0.5107,1959.5,-1.0,2137.8,104.7
/srv/shared_leopard_toad/2024/02.10.2024/5R/105MEDIA/DSCF0939.JPG,DSCF0939.JPG,5R/105MEDIA,0,Other_Amphibian,0.2399,1956.4,-1.4,2147.6,104.7
/srv/shared_leopard_toad/2024/02.10.2024/5R/105MEDIA/DSCF0617.JPG,DSCF0617.JPG,5R/105MEDIA,0,Other_Amphibian,0.2676,1555.5,-0.9,1666.5,103.0
/srv/shared_leopard_toad/2024/02.10.2024/5R/105MEDIA/DSCF0671.JPG,DSCF0671.JPG,5R/105MEDIA,0,Other_Amphibian,0.2242,1550.2,-2.9,1674.0,93.7
/srv/shared_leopard_toad/2024/02.10.2024/5R/105MEDIA/DSCF0671.JPG,DSCF0671.JPG,5R/105MEDIA,0,Other_Amphibian,0.2185,1953.6,-1.7,2132.4,110.4
/srv/shared_leopard_toad/2024/02.10.2024/5R/105MEDIA/DSCF0671.JPG,DSCF0671.JPG,5R/105MEDIA,0,Other_Amphibian,0.2173,1956.1,-3.0,2145.7,109.8
/srv/shared_leopard_toad/2024/02.10.2024/5R/105MEDIA/DSCF0701.JPG,DSCF0701.JPG,5R/105MEDIA,0,Other_Amphibian,0.4045,1554.4,-2.7,1672.1,93.9
/srv/shared_leopard_toad/2024/02.10.2024/5R/105MEDIA/DSCF0701.JPG,DSCF0701.JPG,5R/105MEDIA,0,Other_Amphibian,0.2006,1957.5,-1.8,2162.2,108.6
/srv/shared_leopard_toad/2024/02.10.2024/5R/105MEDIA/DSCF0893.JPG,DSCF0893.JPG,5R/105MEDIA,0,Other_Amphibian,0.4648,1959.7,-1.1,2135.3,103.3
/srv/shared_leopard_toad/2024/02.10.2024/5R/105MEDIA/DSCF0860.JPG,DSCF0860.JPG,5R/105MEDIA,0,Other_Amphibian,0.6440,1962.4,-1.6,2123.6,102.9
/srv/shared_leopard_toad/2024/02.10.2024/5R/105MEDIA/DSCF0604.JPG,DSCF0604.JPG,5R/105MEDIA,0,Other_Amphibian,0.2216,1554.8,-1.8,1662.7,98.1
/srv/shared_leopard_toad/2024/02.10.2024/5R/105MEDIA/DSCF0677.JPG,DSCF0677.JPG,5R/105MEDIA,0,Other_Amphibian,0.2441,1555.1,-2.6,1669.1,94.7
/srv/shared_leopard_toad/2024/02.10.2024/5R/105MEDIA/DSCF0884.JPG,DSCF0884.JPG,5R/105MEDIA,0,Other_Amphibian,0.3140,1951.6,-0.8,2132.2,105.8
/srv/shared_leopard_toad/2024/02.10.2024/5R/105MEDIA/DSCF0884.JPG,DSCF0884.JPG,5R/105MEDIA,0,Other_Amphibian,0.2438,1953.4,-2.1,2141.6,105.8
/srv/shared_leopard_toad/2024/02.10.2024/5R/105MEDIA/DSCF0638.JPG,DSCF0638.JPG,5R/105MEDIA,0,Other_Amphibian,0.2395,1552.6,-2.8,1673.9,112.1
/srv/shared_leopard_toad/2024/02.10.2024/5R/105MEDIA/DSCF0836.JPG,DSCF0836.JPG,5R/105MEDIA,0,Other_Amphibian,0.2264,1953.9,-1.6,2161.3,98.7
/srv/shared_leopard_toad/2024/02.10.2024/5R/105MEDIA/DSCF0744.JPG,DSCF0744.JPG,5R/105MEDIA,0,Other_Amphibian,0.2477,1551.2,-2.3,1675.3,96.6
/srv/shared_leopard_toad/2024/02.10.2024/5R/105MEDIA/DSCF0744.JPG,DSCF0744.JPG,5R/105MEDIA,0,Other_Amphibian,0.2448,1957.7,-2.0,2157.5,106.0
/srv/shared_leopard_toad/2024/02.10.2024/5R/105MEDIA/DSCF0950.JPG,DSCF0950.JPG,5R/105MEDIA,0,Other_Amphibian,0.4250,1950.0,0.1,2136.0,105.1
/srv/shared_leopard_toad/2024/02.10.2024/5R/105MEDIA/DSCF0950.JPG,DSCF0950.JPG,5R/105MEDIA,0,Other_Amphibian,0.4055,1949.8,-0.6,2149.7,105.4
/srv/shared_leopard_toad/2024/02.10.2024/5R/105MEDIA/DSCF0702.JPG,DSCF0702.JPG,5R/105MEDIA,0,Other_Amphibian,0.3208,1959.8,-1.6,2155.5,107.5
/srv/shared_leopard_toad/2024/02.10.2024/5R/105MEDIA/DSCF0642.JPG,DSCF0642.JPG,5R/105MEDIA,0,Other_Amphibian,0.4111,1553.8,-2.1,1672.7,108.4
/srv/shared_leopard_toad/2024/02.10.2024/5R/105MEDIA/DSCF0762.JPG,DSCF0762.JPG,5R/105MEDIA,0,Other_Amphibian,0.2422,1551.7,-2.7,1670.3,95.3
/srv/shared_leopard_toad/2024/02.10.2024/5R/105MEDIA/DSCF0992.JPG,DSCF0992.JPG,5R/105MEDIA,0,Other_Amphibian,0.4570,1952.0,0.2,2125.0,106.6
/srv/shared_leopard_toad/2024/02.10.2024/5R/105MEDIA/DSCF0992.JPG,DSCF0992.JPG,5R/105MEDIA,0,Other_Amphibian,0.2355,1950.8,-1.9,2157.8,105.3
/srv/shared_leopard_toad/2024/02.10.2024/5R/105MEDIA/DSCF0707.JPG,DSCF0707.JPG,5R/105MEDIA,0,Other_Amphibian,0.2289,1958.6,-2.7,2163.4,104.8
/srv/shared_leopard_toad/2024/02.10.2024/5R/104MEDIA/DSCF0012.JPG,DSCF0012.JPG,5R/104MEDIA,0,Other_Amphibian,0.2181,2019.4,-4.7,2167.9,77.1
/srv/shared_leopard_toad/2024/02.10.2024/5R/104MEDIA/DSCF0173.JPG,DSCF0173.JPG,5R/104MEDIA,0,Other_Amphibian,0.3057,2508.8,-1.8,2679.8,72.3
/srv/shared_leopard_toad/2024/02.10.2024/5R/104MEDIA/DSCF0001.JPG,DSCF0001.JPG,5R/104MEDIA,0,Other_Amphibian,0.2175,2016.8,-4.9,2170.4,76.7
/srv/shared_leopard_toad/2024/02.10.2024/5R/104MEDIA/DSCF0167.JPG,DSCF0167.JPG,5R/104MEDIA,0,Other_Amphibian,0.2278,2525.9,-3.2,2676.1,71.2
/srv/shared_leopard_toad/2024/02.10.2024/5R/104MEDIA/DSCF0033.JPG,DSCF0033.JPG,5R/104MEDIA,0,Other_Amphibian,0.2664,2016.9,-4.4,2172.6,77.3
/srv/shared_leopard_toad/2024/02.10.2024/5R/104MEDIA/DSCF0060.JPG,DSCF0060.JPG,5R/104MEDIA,0,Other_Amphibian,0.2031,2014.4,-5.0,2170.6,76.5
/srv/shared_leopard_toad/2024/02.10.2024/5R/104MEDIA/DSCF0312.JPG,DSCF0312.JPG,5R/104MEDIA,2,Western_Leopard_Toad,0.2747,4517.0,2.1,4604.5,263.6
/srv/shared_leopard_toad/2024/02.10.2024/5R/104MEDIA/DSCF0303.JPG,DSCF0303.JPG,5R/104MEDIA,2,Western_Leopard_Toad,0.2703,4517.4,2.6,4604.1,262.7
/srv/shared_leopard_toad/2024/02.10.2024/5R/104MEDIA/DSCF0165.JPG,DSCF0165.JPG,5R/104MEDIA,0,Other_Amphibian,0.2274,2512.1,-2.7,2676.4,73.1
/srv/shared_leopard_toad/2024/02.10.2024/5R/104MEDIA/DSCF0174.JPG,DSCF0174.JPG,5R/104MEDIA,0,Other_Amphibian,0.2981,2520.5,-2.9,2677.0,69.7
/srv/shared_leopard_toad/2024/02.10.2024/5R/104MEDIA/DSCF0052.JPG,DSCF0052.JPG,5R/104MEDIA,0,Other_Amphibian,0.2244,2014.9,-4.0,2172.4,77.2
/srv/shared_leopard_toad/2024/02.10.2024/5R/104MEDIA/DSCF0045.JPG,DSCF0045.JPG,5R/104MEDIA,0,Other_Amphibian,0.2047,2016.4,-4.6,2168.6,76.9
/srv/shared_leopard_toad/2024/02.10.2024/5R/104MEDIA/DSCF0178.JPG,DSCF0178.JPG,5R/104MEDIA,0,Other_Amphibian,0.3545,2504.7,-1.8,2679.3,71.9
/srv/shared_leopard_toad/2024/02.10.2024/5R/104MEDIA/DSCF0414.JPG,DSCF0414.JPG,5R/104MEDIA,2,Western_Leopard_Toad,0.2595,4479.3,2383.3,4606.2,2451.4
/srv/shared_leopard_toad/2024/02.10.2024/5R/104MEDIA/DSCF0030.JPG,DSCF0030.JPG,5R/104MEDIA,0,Other_Amphibian,0.2937,2017.7,-3.9,2169.6,77.9
/srv/shared_leopard_toad/2024/02.10.2024/5R/104MEDIA/DSCF0130.JPG,DSCF0130.JPG,5R/104MEDIA,0,Other_Amphibian,0.2180,2020.6,-4.7,2168.9,75.7
/srv/shared_leopard_toad/2024/02.10.2024/5R/104MEDIA/DSCF0169.JPG,DSCF0169.JPG,5R/104MEDIA,0,Other_Amphibian,0.2708,2523.4,-2.7,2678.6,71.5
/srv/shared_leopard_toad/2024/02.10.2024/5R/104MEDIA/DSCF0182.JPG,DSCF0182.JPG,5R/104MEDIA,0,Other_Amphibian,0.2871,2505.0,-1.6,2679.0,72.5
/srv/shared_leopard_toad/2024/02.10.2024/5R/104MEDIA/DSCF0180.JPG,DSCF0180.JPG,5R/104MEDIA,0,Other_Amphibian,0.2837,2513.7,-1.9,2679.3,73.2
/srv/shared_leopard_toad/2024/02.10.2024/5R/104MEDIA/DSCF0181.JPG,DSCF0181.JPG,5R/104MEDIA,0,Other_Amphibian,0.2235,2504.0,-1.9,2680.0,68.1
/srv/shared_leopard_toad/2024/02.10.2024/5R/104MEDIA/DSCF0013.JPG,DSCF0013.JPG,5R/104MEDIA,0,Other_Amphibian,0.2683,2014.5,-5.0,2170.5,79.0
/srv/shared_leopard_toad/2024/02.10.2024/5R/104MEDIA/DSCF0785.JPG,DSCF0785.JPG,5R/104MEDIA,2,Western_Leopard_Toad,0.2708,4514.3,3.0,4602.7,260.4
/srv/shared_leopard_toad/2024/02.10.2024/5R/104MEDIA/DSCF0043.JPG,DSCF0043.JPG,5R/104MEDIA,0,Other_Amphibian,0.2108,2015.6,-4.8,2169.4,75.8
/srv/shared_leopard_toad/2024/02.10.2024/5R/104MEDIA/DSCF0177.JPG,DSCF0177.JPG,5R/104MEDIA,0,Other_Amphibian,0.2142,2515.1,-2.7,2677.9,70.3
/srv/shared_leopard_toad/2024/02.10.2024/5R/104MEDIA/DSCF0176.JPG,DSCF0176.JPG,5R/104MEDIA,0,Other_Amphibian,0.2510,2504.4,-2.1,2679.6,70.4
/srv/shared_leopard_toad/2024/02.10.2024/5R/104MEDIA/DSCF0946.JPG,DSCF0946.JPG,5R/104MEDIA,0,Other_Amphibian,0.4922,2329.2,1144.4,2517.3,1337.5
/srv/shared_leopard_toad/2024/02.10.2024/5R/104MEDIA/DSCF0179.JPG,DSCF0179.JPG,5R/104MEDIA,0,Other_Amphibian,0.2212,2507.3,-1.8,2681.2,72.5
/srv/shared_leopard_toad/2024/02.10.2024/5R/104MEDIA/DSCF0172.JPG,DSCF0172.JPG,5R/104MEDIA,0,Other_Amphibian,0.2654,2508.9,-2.5,2679.6,69.5
/srv/shared_leopard_toad/2024/02.10.2024/5R/104MEDIA/DSCF0162.JPG,DSCF0162.JPG,5R/104MEDIA,0,Other_Amphibian,0.2637,2522.1,-2.2,2675.4,74.0
/srv/shared_leopard_toad/2024/02.10.2024/5R/104MEDIA/DSCF0004.JPG,DSCF0004.JPG,5R/104MEDIA,0,Other_Amphibian,0.2642,2015.7,-4.1,2169.3,78.4
/srv/shared_leopard_toad/2024/02.10.2024/5R/104MEDIA/DSCF0462.JPG,DSCF0462.JPG,5R/104MEDIA,2,Western_Leopard_Toad,0.2693,4484.4,2381.8,4605.6,2445.3
/srv/shared_leopard_toad/2024/02.10.2024/5R/104MEDIA/DSCF0092.JPG,DSCF0092.JPG,5R/104MEDIA,0,Other_Amphibian,0.2090,2016.9,-4.3,2172.6,75.5
/srv/shared_leopard_toad/2024/02.10.2024/5R/104MEDIA/DSCF0100.JPG,DSCF0100.JPG,5R/104MEDIA,0,Other_Amphibian,0.2734,2017.4,-4.3,2169.8,76.6
/srv/shared_leopard_toad/2024/02.10.2024/5R/104MEDIA/DSCF0047.JPG,DSCF0047.JPG,5R/104MEDIA,0,Other_Amphibian,0.2424,2015.2,-4.2,2172.0,77.4
/srv/shared_leopard_toad/2024/02.10.2024/5R/104MEDIA/DSCF0717.JPG,DSCF0717.JPG,5R/104MEDIA,2,Western_Leopard_Toad,0.3123,4518.3,2.6,4603.2,264.1
/srv/shared_leopard_toad/2024/02.10.2024/5R/102MEDIA/DSCF0488.JPG,DSCF0488.JPG,5R/102MEDIA,2,Western_Leopard_Toad,0.2703,4436.3,-7.0,4604.2,55.0
/srv/shared_leopard_toad/2024/02.10.2024/5R/102MEDIA/DSCF0455.JPG,DSCF0455.JPG,5R/102MEDIA,2,Western_Leopard_Toad,0.2793,4409.9,-10.3,4603.6,50.8
/srv/shared_leopard_toad/2024/02.10.2024/5R/102MEDIA/DSCF0282.JPG,DSCF0282.JPG,5R/102MEDIA,2,Western_Leopard_Toad,0.2751,4418.4,-11.1,4604.1,50.8
/srv/shared_leopard_toad/2024/02.10.2024/5R/102MEDIA/DSCF0311.JPG,DSCF0311.JPG,5R/102MEDIA,2,Western_Leopard_Toad,0.2502,4418.9,-11.4,4599.1,51.9
/srv/shared_leopard_toad/2024/02.10.2024/5R/102MEDIA/DSCF0429.JPG,DSCF0429.JPG,5R/102MEDIA,2,Western_Leopard_Toad,0.3250,4415.4,-8.1,4602.6,50.3
/srv/shared_leopard_toad/2024/02.10.2024/5R/102MEDIA/DSCF0592.JPG,DSCF0592.JPG,5R/102MEDIA,2,Western_Leopard_Toad,0.2856,4427.3,-12.1,4604.2,49.9
/srv/shared_leopard_toad/2024/02.10.2024/5R/102MEDIA/DSCF0574.JPG,DSCF0574.JPG,5R/102MEDIA,2,Western_Leopard_Toad,0.2737,4432.0,-6.9,4604.0,57.1
/srv/shared_leopard_toad/2024/02.10.2024/5R/102MEDIA/DSCF0439.JPG,DSCF0439.JPG,5R/102MEDIA,2,Western_Leopard_Toad,0.2847,4408.0,-8.6,4605.5,49.3
/srv/shared_leopard_toad/2024/02.10.2024/5R/102MEDIA/DSCF0250.JPG,DSCF0250.JPG,5R/102MEDIA,0,Other_Amphibian,0.2690,2304.7,1616.7,2456.3,1747.4
/srv/shared_leopard_toad/2024/02.10.2024/5R/102MEDIA/DSCF0661.JPG,DSCF0661.JPG,5R/102MEDIA,2,Western_Leopard_Toad,0.9526,782.2,2037.4,1007.7,2356.8
/srv/shared_leopard_toad/2024/02.10.2024/5R/102MEDIA/DSCF0258.JPG,DSCF0258.JPG,5R/102MEDIA,2,Western_Leopard_Toad,0.3154,4422.4,-9.1,4604.6,48.3
/srv/shared_leopard_toad/2024/02.10.2024/5R/102MEDIA/DSCF0653.JPG,DSCF0653.JPG,5R/102MEDIA,2,Western_Leopard_Toad,0.2815,4430.2,-9.3,4605.8,51.3
/srv/shared_leopard_toad/2024/02.10.2024/5R/102MEDIA/DSCF0171.JPG,DSCF0171.JPG,5R/102MEDIA,2,Western_Leopard_Toad,0.2932,4417.5,-9.8,4605.0,49.2
/srv/shared_leopard_toad/2024/02.10.2024/5R/102MEDIA/DSCF0271.JPG,DSCF0271.JPG,5R/102MEDIA,2,Western_Leopard_Toad,0.3391,4424.7,-9.8,4602.3,50.9
/srv/shared_leopard_toad/2024/02.10.2024/5R/102MEDIA/DSCF0307.JPG,DSCF0307.JPG,5R/102MEDIA,2,Western_Leopard_Toad,0.3992,4432.8,-7.7,4603.2,51.2
/srv/shared_leopard_toad/2024/02.10.2024/5R/102MEDIA/DSCF0576.JPG,DSCF0576.JPG,5R/102MEDIA,2,Western_Leopard_Toad,0.2832,4424.6,-8.3,4602.4,49.9
/srv/shared_leopard_toad/2024/02.10.2024/5R/102MEDIA/DSCF0287.JPG,DSCF0287.JPG,5R/102MEDIA,2,Western_Leopard_Toad,0.2502,4415.8,-12.0,4602.2,51.7
/srv/shared_leopard_toad/2024/02.10.2024/5R/102MEDIA/DSCF0262.JPG,DSCF0262.JPG,5R/102MEDIA,2,Western_Leopard_Toad,0.3118,4424.2,-6.5,4602.8,57.8
/srv/shared_leopard_toad/2024/02.10.2024/5R/102MEDIA/DSCF0669.JPG,DSCF0669.JPG,5R/102MEDIA,2,Western_Leopard_Toad,0.2581,4415.8,-9.7,4602.2,49.2
/srv/shared_leopard_toad/2024/02.10.2024/5R/102MEDIA/DSCF0745.JPG,DSCF0745.JPG,5R/102MEDIA,2,Western_Leopard_Toad,0.3025,4428.4,-7.9,4603.1,54.7
/srv/shared_leopard_toad/2024/02.10.2024/5R/102MEDIA/DSCF0127.JPG,DSCF0127.JPG,5R/102MEDIA,2,Western_Leopard_Toad,0.3167,4425.5,-9.5,4606.0,50.1
/srv/shared_leopard_toad/2024/02.10.2024/5R/102MEDIA/DSCF0376.JPG,DSCF0376.JPG,5R/102MEDIA,2,Western_Leopard_Toad,0.2515,4410.1,-10.1,4603.4,49.0
/srv/shared_leopard_toad/2024/02.10.2024/5R/102MEDIA/DSCF0280.JPG,DSCF0280.JPG,5R/102MEDIA,2,Western_Leopard_Toad,0.2935,4413.1,-8.8,4604.9,51.7
/srv/shared_leopard_toad/2024/02.10.2024/5R/102MEDIA/DSCF0065.JPG,DSCF0065.JPG,5R/102MEDIA,2,Western_Leopard_Toad,0.3022,4417.3,-9.4,4605.2,47.7
/srv/shared_leopard_toad/2024/02.10.2024/5R/102MEDIA/DSCF0421.JPG,DSCF0421.JPG,5R/102MEDIA,2,Western_Leopard_Toad,0.2510,4423.0,-10.6,4604.0,50.5
/srv/shared_leopard_toad/2024/02.10.2024/5R/102MEDIA/DSCF0418.JPG,DSCF0418.JPG,5R/102MEDIA,2,Western_Leopard_Toad,0.2783,4430.9,-7.2,4605.1,49.2
/srv/shared_leopard_toad/2024/02.10.2024/5R/102MEDIA/DSCF0621.JPG,DSCF0621.JPG,5R/102MEDIA,2,Western_Leopard_Toad,0.2681,4414.7,-9.4,4603.3,49.6
/srv/shared_leopard_toad/2024/02.10.2024/5R/102MEDIA/DSCF0121.JPG,DSCF0121.JPG,5R/102MEDIA,2,Western_Leopard_Toad,0.2756,4415.4,-7.0,4602.6,52.2
/srv/shared_leopard_toad/2024/02.10.2024/5R/102MEDIA/DSCF0333.JPG,DSCF0333.JPG,5R/102MEDIA,2,Western_Leopard_Toad,0.2610,4432.8,-11.0,4603.2,50.6
/srv/shared_leopard_toad/2024/02.10.2024/5R/102MEDIA/DSCF0660.JPG,DSCF0660.JPG,5R/102MEDIA,2,Western_Leopard_Toad,0.4727,1206.8,127.7,1432.4,428.3
/srv/shared_leopard_toad/2024/02.10.2024/5R/102MEDIA/DSCF0660.JPG,DSCF0660.JPG,5R/102MEDIA,2,Western_Leopard_Toad,0.3572,1212.0,130.2,1431.8,355.5
/srv/shared_leopard_toad/2024/02.10.2024/5R/102MEDIA/DSCF0632.JPG,DSCF0632.JPG,5R/102MEDIA,2,Western_Leopard_Toad,0.2876,4414.7,-6.3,4603.3,50.6
/srv/shared_leopard_toad/2024/02.10.2024/5R/102MEDIA/DSCF0391.JPG,DSCF0391.JPG,5R/102MEDIA,2,Western_Leopard_Toad,0.3015,4421.1,-8.4,4601.4,48.4
/srv/shared_leopard_toad/2024/02.10.2024/5R/102MEDIA/DSCF0191.JPG,DSCF0191.JPG,5R/102MEDIA,2,Western_Leopard_Toad,0.3240,4427.3,-8.7,4604.2,50.5
/srv/shared_leopard_toad/2024/02.10.2024/5R/102MEDIA/DSCF0169.JPG,DSCF0169.JPG,5R/102MEDIA,2,Western_Leopard_Toad,0.2644,4415.6,-7.5,4602.4,49.2
/srv/shared_leopard_toad/2024/02.10.2024/5R/102MEDIA/DSCF0144.JPG,DSCF0144.JPG,5R/102MEDIA,2,Western_Leopard_Toad,0.3755,4430.9,-10.5,4605.1,52.2
/srv/shared_leopard_toad/2024/02.10.2024/5R/102MEDIA/DSCF0238.JPG,DSCF0238.JPG,5R/102MEDIA,2,Western_Leopard_Toad,0.3047,4424.9,-9.1,4606.6,49.4
/srv/shared_leopard_toad/2024/02.10.2024/5R/102MEDIA/DSCF0293.JPG,DSCF0293.JPG,5R/102MEDIA,2,Western_Leopard_Toad,0.2666,4420.4,-10.5,4602.1,52.0
/srv/shared_leopard_toad/2024/02.10.2024/5R/102MEDIA/DSCF0195.JPG,DSCF0195.JPG,5R/102MEDIA,2,Western_Leopard_Toad,0.3440,4432.5,-7.9,4603.5,53.6
/srv/shared_leopard_toad/2024/02.10.2024/5R/102MEDIA/DSCF0338.JPG,DSCF0338.JPG,5R/102MEDIA,2,Western_Leopard_Toad,0.2976,4414.7,-7.9,4603.3,48.8
/srv/shared_leopard_toad/2024/02.10.2024/5R/102MEDIA/DSCF0099.JPG,DSCF0099.JPG,5R/102MEDIA,2,Western_Leopard_Toad,0.2744,4428.1,-11.0,4603.4,49.5
/srv/shared_leopard_toad/2024/02.10.2024/5R/102MEDIA/DSCF0365.JPG,DSCF0365.JPG,5R/102MEDIA,2,Western_Leopard_Toad,0.2969,4410.4,-9.0,4603.1,49.7
/srv/shared_leopard_toad/2024/02.10.2024/5R/102MEDIA/DSCF0150.JPG,DSCF0150.JPG,5R/102MEDIA,2,Western_Leopard_Toad,0.3235,4429.3,-7.5,4602.2,51.7
/srv/shared_leopard_toad/2024/02.10.2024/5R/102MEDIA/DSCF0079.JPG,DSCF0079.JPG,5R/102MEDIA,2,Western_Leopard_Toad,0.3506,4410.7,-9.4,4602.8,51.8
/srv/shared_leopard_toad/2024/02.10.2024/5R/102MEDIA/DSCF0692.JPG,DSCF0692.JPG,5R/102MEDIA,2,Western_Leopard_Toad,0.2776,4431.5,-6.2,4604.5,52.8
/srv/shared_leopard_toad/2024/02.10.2024/5R/102MEDIA/DSCF0098.JPG,DSCF0098.JPG,5R/102MEDIA,2,Western_Leopard_Toad,0.2859,4417.7,-6.9,4604.8,51.5
/srv/shared_leopard_toad/2024/02.10.2024/5R/102MEDIA/DSCF0825.JPG,DSCF0825.JPG,5R/102MEDIA,0,Other_Amphibian,0.2084,4171.3,1.6,4279.7,146.1
/srv/shared_leopard_toad/2024/02.10.2024/5R/102MEDIA/DSCF0425.JPG,DSCF0425.JPG,5R/102MEDIA,2,Western_Leopard_Toad,0.2810,4426.3,-7.2,4605.2,53.2
/srv/shared_leopard_toad/2024/02.10.2024/5R/102MEDIA/DSCF0657.JPG,DSCF0657.JPG,5R/102MEDIA,2,Western_Leopard_Toad,0.2527,4429.7,-6.7,4606.3,53.8
/srv/shared_leopard_toad/2024/02.10.2024/5R/102MEDIA/DSCF0163.JPG,DSCF0163.JPG,5R/102MEDIA,2,Western_Leopard_Toad,0.2556,4407.8,-7.4,4605.8,54.0
/srv/shared_leopard_toad/2024/02.10.2024/5R/102MEDIA/DSCF0198.JPG,DSCF0198.JPG,5R/102MEDIA,2,Western_Leopard_Toad,0.3062,4419.8,-10.2,4602.7,52.2
/srv/shared_leopard_toad/2024/02.10.2024/5R/102MEDIA/DSCF0073.JPG,DSCF0073.JPG,5R/102MEDIA,2,Western_Leopard_Toad,0.2559,4423.0,-7.0,4604.0,55.4
/srv/shared_leopard_toad/2024/02.10.2024/5R/102MEDIA/DSCF0183.JPG,DSCF0183.JPG,5R/102MEDIA,2,Western_Leopard_Toad,0.2771,3078.7,2358.2,3162.8,2446.1
/srv/shared_leopard_toad/2024/02.10.2024/5R/102MEDIA/DSCF0370.JPG,DSCF0370.JPG,5R/102MEDIA,2,Western_Leopard_Toad,0.2886,4425.6,-5.8,4605.9,50.4
/srv/shared_leopard_toad/2024/02.10.2024/5R/102MEDIA/DSCF0075.JPG,DSCF0075.JPG,5R/102MEDIA,2,Western_Leopard_Toad,0.2893,4439.8,-6.4,4605.2,55.0
/srv/shared_leopard_toad/2024/02.10.2024/5R/102MEDIA/DSCF0571.JPG,DSCF0571.JPG,5R/102MEDIA,2,Western_Leopard_Toad,0.3315,4421.7,-6.8,4605.3,50.3
/srv/shared_leopard_toad/2024/02.10.2024/5R/102MEDIA/DSCF0929.JPG,DSCF0929.JPG,5R/102MEDIA,2,Western_Leopard_Toad,0.2661,4494.2,-3.7,4600.3,285.2
/srv/shared_leopard_toad/2024/02.10.2024/5R/102MEDIA/DSCF0639.JPG,DSCF0639.JPG,5R/102MEDIA,2,Western_Leopard_Toad,0.2654,4440.3,-8.7,4604.7,53.9
/srv/shared_leopard_toad/2024/02.10.2024/5R/102MEDIA/DSCF0316.JPG,DSCF0316.JPG,5R/102MEDIA,0,Other_Amphibian,0.3335,2308.6,1628.7,2452.4,1745.4
/srv/shared_leopard_toad/2024/02.10.2024/5R/102MEDIA/DSCF0043.JPG,DSCF0043.JPG,5R/102MEDIA,2,Western_Leopard_Toad,0.3364,4433.1,-7.8,4602.9,49.9
/srv/shared_leopard_toad/2024/02.10.2024/5R/102MEDIA/DSCF0093.JPG,DSCF0093.JPG,5R/102MEDIA,2,Western_Leopard_Toad,0.2576,4425.1,-10.0,4606.4,51.0
/srv/shared_leopard_toad/2024/02.10.2024/5R/102MEDIA/DSCF0285.JPG,DSCF0285.JPG,5R/102MEDIA,2,Western_Leopard_Toad,0.2673,4426.6,-8.4,4604.9,54.5
/srv/shared_leopard_toad/2024/02.10.2024/5R/102MEDIA/DSCF0597.JPG,DSCF0597.JPG,5R/102MEDIA,0,Other_Amphibian,0.2957,2308.1,1627.2,2452.9,1747.0
/srv/shared_leopard_toad/2024/02.10.2024/5R/102MEDIA/DSCF0364.JPG,DSCF0364.JPG,5R/102MEDIA,2,Western_Leopard_Toad,0.2664,4415.4,-9.4,4602.6,50.2
/srv/shared_leopard_toad/2024/02.10.2024/5R/102MEDIA/DSCF0477.JPG,DSCF0477.JPG,5R/102MEDIA,2,Western_Leopard_Toad,0.2749,4412.0,-10.9,4601.5,49.0
/srv/shared_leopard_toad/2024/02.10.2024/5R/102MEDIA/DSCF0428.JPG,DSCF0428.JPG,5R/102MEDIA,2,Western_Leopard_Toad,0.3647,4420.6,-7.8,4606.4,50.0
/srv/shared_leopard_toad/2024/02.10.2024/5R/102MEDIA/DSCF0296.JPG,DSCF0296.JPG,5R/102MEDIA,2,Western_Leopard_Toad,0.2881,4421.3,-10.0,4605.7,50.5
/srv/shared_leopard_toad/2024/02.10.2024/5R/102MEDIA/DSCF0296.JPG,DSCF0296.JPG,5R/102MEDIA,0,Other_Amphibian,0.2234,2310.0,1620.6,2455.5,1748.5
/srv/shared_leopard_toad/2024/02.10.2024/5R/102MEDIA/DSCF0028.JPG,DSCF0028.JPG,5R/102MEDIA,2,Western_Leopard_Toad,0.2717,4430.9,-5.8,4605.1,51.3
/srv/shared_leopard_toad/2024/02.10.2024/5R/102MEDIA/DSCF0102.JPG,DSCF0102.JPG,5R/102MEDIA,2,Western_Leopard_Toad,0.2844,4421.1,-5.9,4605.9,52.5
/srv/shared_leopard_toad/2024/02.10.2024/5R/102MEDIA/DSCF0413.JPG,DSCF0413.JPG,5R/102MEDIA,2,Western_Leopard_Toad,0.3645,4433.0,-7.4,4603.0,52.6
/srv/shared_leopard_toad/2024/02.10.2024/5R/102MEDIA/DSCF0438.JPG,DSCF0438.JPG,5R/102MEDIA,2,Western_Leopard_Toad,0.2937,4422.9,-8.7,4604.1,48.9
/srv/shared_leopard_toad/2024/02.10.2024/5R/102MEDIA/DSCF0021.JPG,DSCF0021.JPG,5R/102MEDIA,2,Western_Leopard_Toad,0.2712,4419.8,-9.1,4602.7,50.9
/srv/shared_leopard_toad/2024/02.10.2024/5R/102MEDIA/DSCF0276.JPG,DSCF0276.JPG,5R/102MEDIA,2,Western_Leopard_Toad,0.2981,4419.4,-10.5,4603.1,51.3
/srv/shared_leopard_toad/2024/02.10.2024/5R/102MEDIA/DSCF0434.JPG,DSCF0434.JPG,5R/102MEDIA,2,Western_Leopard_Toad,0.3162,4418.9,-5.7,4603.6,51.1
/srv/shared_leopard_toad/2024/02.10.2024/5R/102MEDIA/DSCF0321.JPG,DSCF0321.JPG,5R/102MEDIA,2,Western_Leopard_Toad,0.3342,4427.4,-8.6,4604.1,51.1
/srv/shared_leopard_toad/2024/02.10.2024/5R/102MEDIA/DSCF0253.JPG,DSCF0253.JPG,5R/102MEDIA,2,Western_Leopard_Toad,0.2649,4424.2,-10.2,4602.8,51.1
/srv/shared_leopard_toad/2024/02.10.2024/5R/102MEDIA/DSCF0260.JPG,DSCF0260.JPG,5R/102MEDIA,0,Other_Amphibian,0.3584,2309.2,1627.6,2451.8,1746.5
/srv/shared_leopard_toad/2024/02.10.2024/5R/102MEDIA/DSCF0484.JPG,DSCF0484.JPG,5R/102MEDIA,2,Western_Leopard_Toad,0.3250,4426.6,-9.2,4604.9,47.6
/srv/shared_leopard_toad/2024/02.10.2024/5R/102MEDIA/DSCF0129.JPG,DSCF0129.JPG,5R/102MEDIA,2,Western_Leopard_Toad,0.2871,4423.4,-5.9,4603.6,52.5
/srv/shared_leopard_toad/2024/02.10.2024/5R/102MEDIA/DSCF0600.JPG,DSCF0600.JPG,5R/102MEDIA,2,Western_Leopard_Toad,0.2747,4429.5,-9.0,4606.5,52.2
/srv/shared_leopard_toad/2024/02.10.2024/5R/102MEDIA/DSCF0010.JPG,DSCF0010.JPG,5R/102MEDIA,2,Western_Leopard_Toad,0.2891,4440.9,-9.4,4604.1,50.6
/srv/shared_leopard_toad/2024/02.10.2024/5R/102MEDIA/DSCF0348.JPG,DSCF0348.JPG,5R/102MEDIA,2,Western_Leopard_Toad,0.3718,4429.6,-6.7,4601.9,51.1
/srv/shared_leopard_toad/2024/02.10.2024/5R/102MEDIA/DSCF0244.JPG,DSCF0244.JPG,5R/102MEDIA,2,Western_Leopard_Toad,0.2930,4422.7,-7.6,4604.3,52.3
/srv/shared_leopard_toad/2024/02.10.2024/5R/102MEDIA/DSCF0351.JPG,DSCF0351.JPG,5R/102MEDIA,2,Western_Leopard_Toad,0.2839,4433.9,-8.8,4602.1,55.4
/srv/shared_leopard_toad/2024/02.10.2024/5R/102MEDIA/DSCF0081.JPG,DSCF0081.JPG,5R/102MEDIA,2,Western_Leopard_Toad,0.2815,4414.0,-4.5,4604.0,50.5
/srv/shared_leopard_toad/2024/02.10.2024/5R/102MEDIA/DSCF0468.JPG,DSCF0468.JPG,5R/102MEDIA,2,Western_Leopard_Toad,0.3062,4423.2,-11.8,4603.8,49.0
/srv/shared_leopard_toad/2024/02.10.2024/5R/102MEDIA/DSCF0357.JPG,DSCF0357.JPG,5R/102MEDIA,2,Western_Leopard_Toad,0.3225,4410.5,-8.3,4603.0,48.7
/srv/shared_leopard_toad/2024/02.10.2024/5R/102MEDIA/DSCF0497.JPG,DSCF0497.JPG,5R/102MEDIA,2,Western_Leopard_Toad,0.2505,4412.8,-11.1,4600.7,49.6
/srv/shared_leopard_toad/2024/02.10.2024/5R/102MEDIA/DSCF0493.JPG,DSCF0493.JPG,5R/102MEDIA,2,Western_Leopard_Toad,0.2815,4427.6,-7.1,4603.9,54.8
/srv/shared_leopard_toad/2024/02.10.2024/5R/102MEDIA/DSCF0595.JPG,DSCF0595.JPG,5R/102MEDIA,2,Western_Leopard_Toad,0.3047,4425.8,-11.0,4605.8,49.1
/srv/shared_leopard_toad/2024/02.10.2024/5R/102MEDIA/DSCF0234.JPG,DSCF0234.JPG,5R/102MEDIA,0,Other_Amphibian,0.2338,2307.2,1622.8,2453.8,1746.2
/srv/shared_leopard_toad/2024/02.10.2024/5R/102MEDIA/DSCF0356.JPG,DSCF0356.JPG,5R/102MEDIA,2,Western_Leopard_Toad,0.2686,4406.6,-11.8,4602.4,50.0
/srv/shared_leopard_toad/2024/02.10.2024/5R/102MEDIA/DSCF0138.JPG,DSCF0138.JPG,5R/102MEDIA,2,Western_Leopard_Toad,0.3132,4428.8,-10.4,4602.7,53.3
/srv/shared_leopard_toad/2024/02.10.2024/5R/102MEDIA/DSCF0009.JPG,DSCF0009.JPG,5R/102MEDIA,2,Western_Leopard_Toad,0.2861,4413.4,-8.9,4600.1,49.4
/srv/shared_leopard_toad/2024/02.10.2024/5R/102MEDIA/DSCF0201.JPG,DSCF0201.JPG,5R/102MEDIA,2,Western_Leopard_Toad,0.3093,4418.9,-9.1,4603.6,51.1
/srv/shared_leopard_toad/2024/02.10.2024/5R/108MEDIA/DSCF0001.JPG,DSCF0001.JPG,5R/108MEDIA,2,Western_Leopard_Toad,0.3228,4525.4,1680.7,4605.1,1934.0
/srv/shared_leopard_toad/2024/02.10.2024/5R/108MEDIA/DSCF0298.JPG,DSCF0298.JPG,5R/108MEDIA,2,Western_Leopard_Toad,0.4204,4528.7,1683.8,4606.3,1930.9
/srv/shared_leopard_toad/2024/02.10.2024/5R/108MEDIA/DSCF0325.JPG,DSCF0325.JPG,5R/108MEDIA,2,Western_Leopard_Toad,0.3848,4522.2,1754.9,4603.8,1933.2
/srv/shared_leopard_toad/2024/02.10.2024/5R/108MEDIA/DSCF0282.JPG,DSCF0282.JPG,5R/108MEDIA,2,Western_Leopard_Toad,0.2781,4522.5,1706.1,4603.5,1933.9
/srv/shared_leopard_toad/2024/02.10.2024/5R/108MEDIA/DSCF0362.JPG,DSCF0362.JPG,5R/108MEDIA,0,Other_Amphibian,0.2842,1549.3,-3.0,1661.4,104.1
/srv/shared_leopard_toad/2024/02.10.2024/5R/108MEDIA/DSCF0339.JPG,DSCF0339.JPG,5R/108MEDIA,2,Western_Leopard_Toad,0.3601,4523.9,1764.3,4602.1,1928.8
/srv/shared_leopard_toad/2024/02.10.2024/5R/108MEDIA/DSCF0185.JPG,DSCF0185.JPG,5R/108MEDIA,2,Western_Leopard_Toad,0.3464,4523.0,1760.7,4603.0,1934.9
/srv/shared_leopard_toad/2024/02.10.2024/5R/108MEDIA/DSCF0292.JPG,DSCF0292.JPG,5R/108MEDIA,2,Western_Leopard_Toad,0.2949,4526.1,1733.3,4604.4,1937.0
/srv/shared_leopard_toad/2024/02.10.2024/5R/108MEDIA/DSCF0304.JPG,DSCF0304.JPG,5R/108MEDIA,2,Western_Leopard_Toad,0.2808,4523.1,1680.8,4602.9,1931.3
/srv/shared_leopard_toad/2024/02.10.2024/5R/108MEDIA/DSCF0369.JPG,DSCF0369.JPG,5R/108MEDIA,0,Other_Amphibian,0.2075,1552.9,-2.2,1664.6,101.9
/srv/shared_leopard_toad/2024/02.10.2024/5R/108MEDIA/DSCF0353.JPG,DSCF0353.JPG,5R/108MEDIA,0,Other_Amphibian,0.2286,4533.1,1760.1,4606.4,1933.0
/srv/shared_leopard_toad/2024/02.10.2024/5R/108MEDIA/DSCF0368.JPG,DSCF0368.JPG,5R/108MEDIA,0,Other_Amphibian,0.3330,1552.0,-2.8,1663.2,102.7
/srv/shared_leopard_toad/2024/02.10.2024/5R/108MEDIA/DSCF0366.JPG,DSCF0366.JPG,5R/108MEDIA,0,Other_Amphibian,0.3711,1551.2,-2.2,1659.6,98.1
/srv/shared_leopard_toad/2024/02.10.2024/5R/108MEDIA/DSCF0251.JPG,DSCF0251.JPG,5R/108MEDIA,2,Western_Leopard_Toad,0.5376,4525.8,1761.0,4604.7,1932.1
/srv/shared_leopard_toad/2024/02.10.2024/5R/108MEDIA/DSCF0250.JPG,DSCF0250.JPG,5R/108MEDIA,2,Western_Leopard_Toad,0.2932,4523.6,1729.4,4602.4,1935.9
/srv/shared_leopard_toad/2024/02.10.2024/5R/108MEDIA/DSCF0342.JPG,DSCF0342.JPG,5R/108MEDIA,2,Western_Leopard_Toad,0.3140,4525.8,1681.8,4604.7,1930.3
/srv/shared_leopard_toad/2024/02.10.2024/5R/108MEDIA/DSCF0305.JPG,DSCF0305.JPG,5R/108MEDIA,2,Western_Leopard_Toad,0.3127,4523.7,1754.5,4602.3,1936.1
/srv/shared_leopard_toad/2024/02.10.2024/5R/108MEDIA/DSCF0033.JPG,DSCF0033.JPG,5R/108MEDIA,2,Western_Leopard_Toad,0.3296,4525.8,1680.4,4604.7,1934.2
/srv/shared_leopard_toad/2024/02.10.2024/5R/108MEDIA/DSCF0168.JPG,DSCF0168.JPG,5R/108MEDIA,2,Western_Leopard_Toad,0.3223,4523.9,1751.6,4602.1,1938.9
/srv/shared_leopard_toad/2024/02.10.2024/5R/108MEDIA/DSCF0007.JPG,DSCF0007.JPG,5R/108MEDIA,2,Western_Leopard_Toad,0.4248,4525.5,1680.2,4605.0,1934.4
/srv/shared_leopard_toad/2024/02.10.2024/5R/108MEDIA/DSCF0380.JPG,DSCF0380.JPG,5R/108MEDIA,2,Western_Leopard_Toad,0.2849,4538.2,1782.2,4605.8,1921.1
/srv/shared_leopard_toad/2024/02.10.2024/5R/108MEDIA/DSCF0380.JPG,DSCF0380.JPG,5R/108MEDIA,0,Other_Amphibian,0.2081,4538.2,1782.2,4605.8,1921.1
/srv/shared_leopard_toad/2024/02.10.2024/5R/108MEDIA/DSCF0373.JPG,DSCF0373.JPG,5R/108MEDIA,2,Western_Leopard_Toad,0.2515,4537.1,1779.3,4606.9,1921.4
/srv/shared_leopard_toad/2024/02.10.2024/5R/108MEDIA/DSCF0118.JPG,DSCF0118.JPG,5R/108MEDIA,2,Western_Leopard_Toad,0.2512,4522.6,1684.3,4603.4,1935.4
/srv/shared_leopard_toad/2024/02.10.2024/5R/108MEDIA/DSCF0060.JPG,DSCF0060.JPG,5R/108MEDIA,2,Western_Leopard_Toad,0.2822,4523.4,1765.6,4602.6,1935.1
/srv/shared_leopard_toad/2024/02.10.2024/5R/108MEDIA/DSCF0060.JPG,DSCF0060.JPG,5R/108MEDIA,0,Other_Amphibian,0.2004,1947.4,-2.3,2138.6,104.3
/srv/shared_leopard_toad/2024/02.10.2024/5R/108MEDIA/DSCF0308.JPG,DSCF0308.JPG,5R/108MEDIA,2,Western_Leopard_Toad,0.5229,4526.0,1766.1,4604.5,1929.5
/srv/shared_leopard_toad/2024/02.10.2024/5R/108MEDIA/DSCF0312.JPG,DSCF0312.JPG,5R/108MEDIA,2,Western_Leopard_Toad,0.3389,4523.9,1764.4,4602.1,1931.3
/srv/shared_leopard_toad/2024/02.10.2024/5R/108MEDIA/DSCF0254.JPG,DSCF0254.JPG,5R/108MEDIA,2,Western_Leopard_Toad,0.2646,4522.5,1750.0,4603.5,1938.0
/srv/shared_leopard_toad/2024/02.10.2024/5R/108MEDIA/DSCF0303.JPG,DSCF0303.JPG,5R/108MEDIA,2,Western_Leopard_Toad,0.2754,4522.8,1741.3,4603.2,1939.1
/srv/shared_leopard_toad/2024/02.10.2024/5R/108MEDIA/DSCF0006.JPG,DSCF0006.JPG,5R/108MEDIA,2,Western_Leopard_Toad,0.2935,4525.4,1760.6,4605.1,1935.1
/srv/shared_leopard_toad/2024/02.10.2024/5R/108MEDIA/DSCF0057.JPG,DSCF0057.JPG,5R/108MEDIA,2,Western_Leopard_Toad,0.3147,4523.6,1762.5,4602.4,1938.2
/srv/shared_leopard_toad/2024/02.10.2024/5R/108MEDIA/DSCF0346.JPG,DSCF0346.JPG,5R/108MEDIA,2,Western_Leopard_Toad,0.3743,4526.7,1768.3,4603.8,1929.8
/srv/shared_leopard_toad/2024/02.10.2024/5R/108MEDIA/DSCF0346.JPG,DSCF0346.JPG,5R/108MEDIA,0,Other_Amphibian,0.3030,4526.7,1768.3,4603.8,1929.8
/srv/shared_leopard_toad/2024/02.10.2024/5R/108MEDIA/DSCF0174.JPG,DSCF0174.JPG,5R/108MEDIA,2,Western_Leopard_Toad,0.2539,4521.4,1713.6,4604.6,1936.5
/srv/shared_leopard_toad/2024/02.10.2024/5R/108MEDIA/DSCF0063.JPG,DSCF0063.JPG,5R/108MEDIA,2,Western_Leopard_Toad,0.3176,4523.3,1750.0,4602.7,1940.6
/srv/shared_leopard_toad/2024/02.10.2024/5R/108MEDIA/DSCF0152.JPG,DSCF0152.JPG,5R/108MEDIA,2,Western_Leopard_Toad,0.3904,4525.8,1748.1,4604.7,1939.9
/srv/shared_leopard_toad/2024/02.10.2024/5R/108MEDIA/DSCF0040.JPG,DSCF0040.JPG,5R/108MEDIA,2,Western_Leopard_Toad,0.2749,4522.4,1747.7,4603.6,1940.4
/srv/shared_leopard_toad/2024/02.10.2024/5R/108MEDIA/DSCF0288.JPG,DSCF0288.JPG,5R/108MEDIA,2,Western_Leopard_Toad,0.3369,4525.7,1722.3,4604.8,1932.8
/srv/shared_leopard_toad/2024/02.10.2024/5R/108MEDIA/DSCF0264.JPG,DSCF0264.JPG,5R/108MEDIA,2,Western_Leopard_Toad,0.2920,4526.0,1755.5,4604.5,1935.1
/srv/shared_leopard_toad/2024/02.10.2024/5R/108MEDIA/DSCF0295.JPG,DSCF0295.JPG,5R/108MEDIA,2,Western_Leopard_Toad,0.2673,4525.4,1693.1,4605.1,1931.7
/srv/shared_leopard_toad/2024/02.10.2024/5R/108MEDIA/DSCF0384.JPG,DSCF0384.JPG,5R/108MEDIA,2,Western_Leopard_Toad,0.2527,4536.7,1778.7,4607.3,1919.4
/srv/shared_leopard_toad/2024/02.10.2024/5R/108MEDIA/DSCF0231.JPG,DSCF0231.JPG,5R/108MEDIA,2,Western_Leopard_Toad,0.2542,4522.8,1689.3,4603.2,1932.9
/srv/shared_leopard_toad/2024/02.10.2024/5R/108MEDIA/DSCF0320.JPG,DSCF0320.JPG,5R/108MEDIA,2,Western_Leopard_Toad,0.3320,4522.6,1692.5,4603.4,1929.8
/srv/shared_leopard_toad/2024/02.10.2024/5R/108MEDIA/DSCF0247.JPG,DSCF0247.JPG,5R/108MEDIA,2,Western_Leopard_Toad,0.5107,4526.1,1767.1,4604.4,1931.0
/srv/shared_leopard_toad/2024/02.10.2024/5R/108MEDIA/DSCF0307.JPG,DSCF0307.JPG,5R/108MEDIA,2,Western_Leopard_Toad,0.4126,4522.2,1767.8,4603.8,1930.3
/srv/shared_leopard_toad/2024/02.10.2024/5R/108MEDIA/DSCF0268.JPG,DSCF0268.JPG,5R/108MEDIA,2,Western_Leopard_Toad,0.3477,4522.2,1762.0,4603.8,1933.6
/srv/shared_leopard_toad/2024/02.10.2024/5R/108MEDIA/DSCF0246.JPG,DSCF0246.JPG,5R/108MEDIA,2,Western_Leopard_Toad,0.4207,4526.0,1755.2,4604.5,1935.4
/srv/shared_leopard_toad/2024/02.10.2024/5R/108MEDIA/DSCF0378.JPG,DSCF0378.JPG,5R/108MEDIA,2,Western_Leopard_Toad,0.2632,4536.3,1781.9,4607.7,1916.3
/srv/shared_leopard_toad/2024/02.10.2024/5R/108MEDIA/DSCF0378.JPG,DSCF0378.JPG,5R/108MEDIA,0,Other_Amphibian,0.2527,4536.3,1781.9,4607.7,1916.3
/srv/shared_leopard_toad/2024/02.10.2024/5R/108MEDIA/DSCF0148.JPG,DSCF0148.JPG,5R/108MEDIA,2,Western_Leopard_Toad,0.3508,4525.4,1723.8,4605.1,1938.9
/srv/shared_leopard_toad/2024/02.10.2024/5R/108MEDIA/DSCF0178.JPG,DSCF0178.JPG,5R/108MEDIA,2,Western_Leopard_Toad,0.2876,4523.3,1753.8,4602.7,1939.3
/srv/shared_leopard_toad/2024/02.10.2024/5R/108MEDIA/DSCF0252.JPG,DSCF0252.JPG,5R/108MEDIA,2,Western_Leopard_Toad,0.3489,4523.0,1747.3,4603.0,1938.2
/srv/shared_leopard_toad/2024/02.10.2024/5R/108MEDIA/DSCF0196.JPG,DSCF0196.JPG,5R/108MEDIA,2,Western_Leopard_Toad,0.3040,4523.0,1683.3,4603.0,1931.3
/srv/shared_leopard_toad/2024/02.10.2024/5R/108MEDIA/DSCF0211.JPG,DSCF0211.JPG,5R/108MEDIA,2,Western_Leopard_Toad,0.4038,4522.8,1767.1,4603.2,1931.0
/srv/shared_leopard_toad/2024/02.10.2024/5R/108MEDIA/DSCF0030.JPG,DSCF0030.JPG,5R/108MEDIA,2,Western_Leopard_Toad,0.2561,4522.4,1686.7,4603.6,1935.5
/srv/shared_leopard_toad/2024/02.10.2024/5R/108MEDIA/DSCF0169.JPG,DSCF0169.JPG,5R/108MEDIA,2,Western_Leopard_Toad,0.3679,4525.2,1677.7,4605.3,1936.9
/srv/shared_leopard_toad/2024/02.10.2024/5R/108MEDIA/DSCF0144.JPG,DSCF0144.JPG,5R/108MEDIA,2,Western_Leopard_Toad,0.3555,4529.3,1757.6,4605.7,1935.5
/srv/shared_leopard_toad/2024/02.10.2024/5R/108MEDIA/DSCF0238.JPG,DSCF0238.JPG,5R/108MEDIA,2,Western_Leopard_Toad,0.3301,4523.7,1742.8,4602.3,1937.7
/srv/shared_leopard_toad/2024/02.10.2024/5R/108MEDIA/DSCF0192.JPG,DSCF0192.JPG,5R/108MEDIA,2,Western_Leopard_Toad,0.2822,4526.1,1695.0,4604.4,1934.8
/srv/shared_leopard_toad/2024/02.10.2024/5R/108MEDIA/DSCF0299.JPG,DSCF0299.JPG,5R/108MEDIA,2,Western_Leopard_Toad,0.5693,4523.6,1682.0,4606.9,1930.1
/srv/shared_leopard_toad/2024/02.10.2024/5R/108MEDIA/DSCF0345.JPG,DSCF0345.JPG,5R/108MEDIA,2,Western_Leopard_Toad,0.2776,4524.8,1709.5,4605.8,1930.5
/srv/shared_leopard_toad/2024/02.10.2024/5R/108MEDIA/DSCF0020.JPG,DSCF0020.JPG,5R/108MEDIA,2,Western_Leopard_Toad,0.2920,4522.8,1749.6,4603.2,1938.5
/srv/shared_leopard_toad/2024/02.10.2024/5R/108MEDIA/DSCF0195.JPG,DSCF0195.JPG,5R/108MEDIA,2,Western_Leopard_Toad,0.2712,4521.9,1720.8,4604.1,1934.3
/srv/shared_leopard_toad/2024/02.10.2024/5R/108MEDIA/DSCF0206.JPG,DSCF0206.JPG,5R/108MEDIA,2,Western_Leopard_Toad,0.3184,4526.6,1759.1,4603.9,1934.0
/srv/shared_leopard_toad/2024/02.10.2024/5R/108MEDIA/DSCF0059.JPG,DSCF0059.JPG,5R/108MEDIA,2,Western_Leopard_Toad,0.2537,4526.4,1729.4,4604.1,1938.4
/srv/shared_leopard_toad/2024/02.10.2024/5R/108MEDIA/DSCF0088.JPG,DSCF0088.JPG,5R/108MEDIA,2,Western_Leopard_Toad,0.2676,4523.9,1742.8,4602.1,1940.1
/srv/shared_leopard_toad/2024/02.10.2024/5R/108MEDIA/DSCF0278.JPG,DSCF0278.JPG,5R/108MEDIA,2,Western_Leopard_Toad,0.3857,4526.1,1753.2,4604.4,1937.4
/srv/shared_leopard_toad/2024/02.10.2024/5R/108MEDIA/DSCF0050.JPG,DSCF0050.JPG,5R/108MEDIA,2,Western_Leopard_Toad,0.2778,4523.0,1749.6,4603.0,1938.5
/srv/shared_leopard_toad/2024/02.10.2024/5R/108MEDIA/DSCF0099.JPG,DSCF0099.JPG,5R/108MEDIA,2,Western_Leopard_Toad,0.3057,4524.3,1757.7,4601.7,1937.9
/srv/shared_leopard_toad/2024/02.10.2024/5R/108MEDIA/DSCF0327.JPG,DSCF0327.JPG,5R/108MEDIA,2,Western_Leopard_Toad,0.2834,4522.4,1690.8,4603.6,1931.4
/srv/shared_leopard_toad/2024/02.10.2024/5R/108MEDIA/DSCF0087.JPG,DSCF0087.JPG,5R/108MEDIA,2,Western_Leopard_Toad,0.2961,4522.6,1681.8,4603.4,1932.8
/srv/shared_leopard_toad/2024/02.10.2024/5R/108MEDIA/DSCF0314.JPG,DSCF0314.JPG,5R/108MEDIA,2,Western_Leopard_Toad,0.2805,4525.2,1712.0,4605.3,1933.0
/srv/shared_leopard_toad/2024/02.10.2024/5R/108MEDIA/DSCF0222.JPG,DSCF0222.JPG,5R/108MEDIA,2,Western_Leopard_Toad,0.3008,4523.7,1681.8,4602.3,1932.8
/srv/shared_leopard_toad/2024/02.10.2024/5R/108MEDIA/DSCF0025.JPG,DSCF0025.JPG,5R/108MEDIA,2,Western_Leopard_Toad,0.3865,4523.0,1679.1,4603.0,1935.5
/srv/shared_leopard_toad/2024/02.10.2024/5R/108MEDIA/DSCF0381.JPG,DSCF0381.JPG,5R/108MEDIA,2,Western_Leopard_Toad,0.3384,4537.1,1783.3,4606.9,1917.4
/srv/shared_leopard_toad/2024/02.10.2024/5R/108MEDIA/DSCF0381.JPG,DSCF0381.JPG,5R/108MEDIA,0,Other_Amphibian,0.2133,4537.1,1783.3,4606.9,1917.4
/srv/shared_leopard_toad/2024/02.10.2024/5R/108MEDIA/DSCF0365.JPG,DSCF0365.JPG,5R/108MEDIA,0,Other_Amphibian,0.2874,1547.8,-2.5,1663.0,94.3
/srv/shared_leopard_toad/2024/02.10.2024/5R/108MEDIA/DSCF0133.JPG,DSCF0133.JPG,5R/108MEDIA,2,Western_Leopard_Toad,0.3142,4523.0,1754.8,4603.0,1938.3
/srv/shared_leopard_toad/2024/02.10.2024/5R/108MEDIA/DSCF0209.JPG,DSCF0209.JPG,5R/108MEDIA,2,Western_Leopard_Toad,0.2922,4522.6,1683.4,4603.4,1933.7
/srv/shared_leopard_toad/2024/02.10.2024/5R/108MEDIA/DSCF0076.JPG,DSCF0076.JPG,5R/108MEDIA,2,Western_Leopard_Toad,0.2505,4527.0,1683.4,4603.5,1933.7
/srv/shared_leopard_toad/2024/02.10.2024/5R/108MEDIA/DSCF0240.JPG,DSCF0240.JPG,5R/108MEDIA,2,Western_Leopard_Toad,0.4080,4523.6,1764.9,4602.4,1930.7
/srv/shared_leopard_toad/2024/02.10.2024/5R/108MEDIA/DSCF0048.JPG,DSCF0048.JPG,5R/108MEDIA,2,Western_Leopard_Toad,0.3516,4522.5,1759.0,4603.5,1936.6
/srv/shared_leopard_toad/2024/02.10.2024/5R/108MEDIA/DSCF0267.JPG,DSCF0267.JPG,5R/108MEDIA,2,Western_Leopard_Toad,0.3752,4521.9,1681.6,4604.1,1930.5
/srv/shared_leopard_toad/2024/02.10.2024/5R/108MEDIA/DSCF0319.JPG,DSCF0319.JPG,5R/108MEDIA,2,Western_Leopard_Toad,0.2832,4525.5,1680.9,4605.0,1931.2
/srv/shared_leopard_toad/2024/02.10.2024/5R/108MEDIA/DSCF0323.JPG,DSCF0323.JPG,5R/108MEDIA,2,Western_Leopard_Toad,0.2698,4522.8,1690.2,4603.2,1932.1
/srv/shared_leopard_toad/2024/02.10.2024/5R/108MEDIA/DSCF0108.JPG,DSCF0108.JPG,5R/108MEDIA,2,Western_Leopard_Toad,0.3762,4525.1,1754.8,4605.4,1938.3
/srv/shared_leopard_toad/2024/02.10.2024/5R/108MEDIA/DSCF0098.JPG,DSCF0098.JPG,5R/108MEDIA,2,Western_Leopard_Toad,0.2791,4523.7,1680.9,4602.3,1933.7
/srv/shared_leopard_toad/2024/02.10.2024/5R/108MEDIA/DSCF0214.JPG,DSCF0214.JPG,5R/108MEDIA,2,Western_Leopard_Toad,0.2554,4521.4,1681.8,4604.6,1932.8
/srv/shared_leopard_toad/2024/02.10.2024/5R/108MEDIA/DSCF0263.JPG,DSCF0263.JPG,5R/108MEDIA,2,Western_Leopard_Toad,0.3755,4525.4,1681.4,4605.1,1930.7
/srv/shared_leopard_toad/2024/02.10.2024/5R/108MEDIA/DSCF0229.JPG,DSCF0229.JPG,5R/108MEDIA,2,Western_Leopard_Toad,0.2932,4522.6,1757.7,4603.4,1935.4
/srv/shared_leopard_toad/2024/02.10.2024/5R/108MEDIA/DSCF0265.JPG,DSCF0265.JPG,5R/108MEDIA,2,Western_Leopard_Toad,0.5137,4526.6,1762.1,4603.9,1930.9
/srv/shared_leopard_toad/2024/02.10.2024/5R/108MEDIA/DSCF0022.JPG,DSCF0022.JPG,5R/108MEDIA,2,Western_Leopard_Toad,0.3315,4527.0,1760.4,4603.5,1940.3
/srv/shared_leopard_toad/2024/02.10.2024/5R/108MEDIA/DSCF0198.JPG,DSCF0198.JPG,5R/108MEDIA,2,Western_Leopard_Toad,0.2654,4522.8,1757.6,4603.2,1935.5
/srv/shared_leopard_toad/2024/02.10.2024/5R/108MEDIA/DSCF0379.JPG,DSCF0379.JPG,5R/108MEDIA,2,Western_Leopard_Toad,0.3115,4537.4,1781.5,4606.6,1921.7
/srv/shared_leopard_toad/2024/02.10.2024/5R/108MEDIA/DSCF0379.JPG,DSCF0379.JPG,5R/108MEDIA,0,Other_Amphibian,0.2074,1548.4,-2.2,1655.6,88.6
/srv/shared_leopard_toad/2024/02.10.2024/5R/108MEDIA/DSCF0011.JPG,DSCF0011.JPG,5R/108MEDIA,2,Western_Leopard_Toad,0.2971,4525.7,1684.8,4604.8,1932.4
/srv/shared_leopard_toad/2024/02.10.2024/5R/108MEDIA/DSCF0073.JPG,DSCF0073.JPG,5R/108MEDIA,2,Western_Leopard_Toad,0.4165,4522.4,1752.3,4603.6,1940.8
/srv/shared_leopard_toad/2024/02.10.2024/5R/108MEDIA/DSCF0289.JPG,DSCF0289.JPG,5R/108MEDIA,2,Western_Leopard_Toad,0.3718,4526.0,1759.9,4604.5,1933.2
/srv/shared_leopard_toad/2024/02.10.2024/5R/108MEDIA/DSCF0316.JPG,DSCF0316.JPG,5R/108MEDIA,2,Western_Leopard_Toad,0.2932,4523.7,1752.3,4602.3,1935.8
/srv/shared_leopard_toad/2024/02.10.2024/5R/108MEDIA/DSCF0275.JPG,DSCF0275.JPG,5R/108MEDIA,2,Western_Leopard_Toad,0.3301,4524.6,1688.0,4605.9,1931.7
/srv/shared_leopard_toad/2024/02.10.2024/5R/108MEDIA/DSCF0245.JPG,DSCF0245.JPG,5R/108MEDIA,2,Western_Leopard_Toad,0.4836,4521.9,1769.9,4604.1,1930.8
/srv/shared_leopard_toad/2024/02.10.2024/5R/108MEDIA/DSCF0126.JPG,DSCF0126.JPG,5R/108MEDIA,2,Western_Leopard_Toad,0.3945,4526.9,1757.9,4603.6,1935.2
/srv/shared_leopard_toad/2024/02.10.2024/5R/108MEDIA/DSCF0093.JPG,DSCF0093.JPG,5R/108MEDIA,2,Western_Leopard_Toad,0.2632,4525.8,1686.4,4604.7,1935.8
/srv/shared_leopard_toad/2024/02.10.2024/5R/108MEDIA/DSCF0083.JPG,DSCF0083.JPG,5R/108MEDIA,2,Western_Leopard_Toad,0.2637,4523.4,1680.9,4602.6,1933.7
/srv/shared_leopard_toad/2024/02.10.2024/5R/108MEDIA/DSCF0281.JPG,DSCF0281.JPG,5R/108MEDIA,2,Western_Leopard_Toad,0.2888,4523.1,1694.4,4602.9,1932.9
/srv/shared_leopard_toad/2024/02.10.2024/5R/108MEDIA/DSCF0364.JPG,DSCF0364.JPG,5R/108MEDIA,0,Other_Amphibian,0.4443,1549.4,-2.6,1665.8,100.5
/srv/shared_leopard_toad/2024/02.10.2024/5R/108MEDIA/DSCF0166.JPG,DSCF0166.JPG,5R/108MEDIA,2,Western_Leopard_Toad,0.3022,4523.1,1758.0,4602.9,1937.6
/srv/shared_leopard_toad/2024/02.10.2024/5R/108MEDIA/DSCF0296.JPG,DSCF0296.JPG,5R/108MEDIA,2,Western_Leopard_Toad,0.2844,4525.2,1698.8,4605.3,1933.6
/srv/shared_leopard_toad/2024/02.10.2024/5R/108MEDIA/DSCF0028.JPG,DSCF0028.JPG,5R/108MEDIA,2,Western_Leopard_Toad,0.3257,4521.7,1683.6,4604.3,1936.1
/srv/shared_leopard_toad/2024/02.10.2024/5R/108MEDIA/DSCF0080.JPG,DSCF0080.JPG,5R/108MEDIA,2,Western_Leopard_Toad,0.3445,4522.8,1765.2,4603.2,1935.5
/srv/shared_leopard_toad/2024/02.10.2024/5R/108MEDIA/DSCF0306.JPG,DSCF0306.JPG,5R/108MEDIA,2,Western_Leopard_Toad,0.2505,4523.3,1728.1,4602.7,1934.6
/srv/shared_leopard_toad/2024/02.10.2024/5R/108MEDIA/DSCF0291.JPG,DSCF0291.JPG,5R/108MEDIA,2,Western_Leopard_Toad,0.3093,4522.6,1754.5,4603.4,1936.1
/srv/shared_leopard_toad/2024/02.10.2024/5R/108MEDIA/DSCF0334.JPG,DSCF0334.JPG,5R/108MEDIA,2,Western_Leopard_Toad,0.3303,4521.7,1682.3,4604.3,1929.8
/srv/shared_leopard_toad/2024/02.10.2024/5R/108MEDIA/DSCF0300.JPG,DSCF0300.JPG,5R/108MEDIA,2,Western_Leopard_Toad,0.4180,4525.2,1759.1,4605.3,1934.0
/srv/shared_leopard_toad/2024/02.10.2024/5R/108MEDIA/DSCF0136.JPG,DSCF0136.JPG,5R/108MEDIA,2,Western_Leopard_Toad,0.2561,4525.7,1723.7,4604.8,1936.5
/srv/shared_leopard_toad/2024/02.10.2024/5R/108MEDIA/DSCF0204.JPG,DSCF0204.JPG,5R/108MEDIA,2,Western_Leopard_Toad,0.3333,4526.1,1754.2,4604.4,1938.9
/srv/shared_leopard_toad/2024/02.10.2024/5R/108MEDIA/DSCF0122.JPG,DSCF0122.JPG,5R/108MEDIA,2,Western_Leopard_Toad,0.3252,4526.4,1753.2,4604.1,1937.4
/srv/shared_leopard_toad/2024/02.10.2024/5R/108MEDIA/DSCF0179.JPG,DSCF0179.JPG,5R/108MEDIA,2,Western_Leopard_Toad,0.3267,4526.3,1744.7,4604.2,1938.2
/srv/shared_leopard_toad/2024/02.10.2024/5R/108MEDIA/DSCF0160.JPG,DSCF0160.JPG,5R/108MEDIA,2,Western_Leopard_Toad,0.2681,4522.6,1757.9,4603.4,1937.8
/srv/shared_leopard_toad/2024/02.10.2024/5R/108MEDIA/DSCF0257.JPG,DSCF0257.JPG,5R/108MEDIA,2,Western_Leopard_Toad,0.4734,4522.6,1764.8,4603.4,1933.3
/srv/shared_leopard_toad/2024/02.10.2024/5R/108MEDIA/DSCF0382.JPG,DSCF0382.JPG,5R/108MEDIA,2,Western_Leopard_Toad,0.3137,4537.1,1777.0,4606.9,1921.1
/srv/shared_leopard_toad/2024/02.10.2024/5R/108MEDIA/DSCF0382.JPG,DSCF0382.JPG,5R/108MEDIA,0,Other_Amphibian,0.2742,4537.1,1777.0,4606.9,1921.1
/srv/shared_leopard_toad/2024/02.10.2024/5R/108MEDIA/DSCF0035.JPG,DSCF0035.JPG,5R/108MEDIA,2,Western_Leopard_Toad,0.2852,4523.1,1683.2,4602.9,1936.5
/srv/shared_leopard_toad/2024/02.10.2024/5R/108MEDIA/DSCF0269.JPG,DSCF0269.JPG,5R/108MEDIA,2,Western_Leopard_Toad,0.3293,4522.2,1763.7,4603.8,1931.9
/srv/shared_leopard_toad/2024/02.10.2024/5R/108MEDIA/DSCF0159.JPG,DSCF0159.JPG,5R/108MEDIA,2,Western_Leopard_Toad,0.2654,4523.0,1753.0,4603.0,1937.6
/srv/shared_leopard_toad/2024/02.10.2024/5R/108MEDIA/DSCF0297.JPG,DSCF0297.JPG,5R/108MEDIA,2,Western_Leopard_Toad,0.4087,4525.4,1764.6,4605.1,1931.0
/srv/shared_leopard_toad/2024/02.10.2024/5R/108MEDIA/DSCF0321.JPG,DSCF0321.JPG,5R/108MEDIA,2,Western_Leopard_Toad,0.4014,4525.1,1682.2,4605.4,1932.5
/srv/shared_leopard_toad/2024/02.10.2024/5R/108MEDIA/DSCF0002.JPG,DSCF0002.JPG,5R/108MEDIA,2,Western_Leopard_Toad,0.3086,4522.4,1684.7,4603.6,1935.0
/srv/shared_leopard_toad/2024/02.10.2024/5R/108MEDIA/DSCF0253.JPG,DSCF0253.JPG,5R/108MEDIA,2,Western_Leopard_Toad,0.2744,4523.4,1768.2,4602.6,1932.5
/srv/shared_leopard_toad/2024/02.10.2024/5R/108MEDIA/DSCF0218.JPG,DSCF0218.JPG,5R/108MEDIA,2,Western_Leopard_Toad,0.3345,4523.3,1762.8,4602.7,1932.8
/srv/shared_leopard_toad/2024/02.10.2024/5R/108MEDIA/DSCF0239.JPG,DSCF0239.JPG,5R/108MEDIA,2,Western_Leopard_Toad,0.2820,4526.9,1749.3,4603.6,1938.7
/srv/shared_leopard_toad/2024/02.10.2024/5R/108MEDIA/DSCF0129.JPG,DSCF0129.JPG,5R/108MEDIA,2,Western_Leopard_Toad,0.2729,4522.8,1731.1,4603.2,1936.7
/srv/shared_leopard_toad/2024/02.10.2024/5R/108MEDIA/DSCF0147.JPG,DSCF0147.JPG,5R/108MEDIA,2,Western_Leopard_Toad,0.4194,4524.8,1763.7,4605.8,1934.4
/srv/shared_leopard_toad/2024/02.10.2024/5R/108MEDIA/DSCF0062.JPG,DSCF0062.JPG,5R/108MEDIA,2,Western_Leopard_Toad,0.3513,4524.0,1763.4,4602.0,1934.7
/srv/shared_leopard_toad/2024/02.10.2024/5R/108MEDIA/DSCF0326.JPG,DSCF0326.JPG,5R/108MEDIA,2,Western_Leopard_Toad,0.4871,4525.1,1752.6,4605.4,1935.5
/srv/shared_leopard_toad/2024/02.10.2024/5R/108MEDIA/DSCF0203.JPG,DSCF0203.JPG,5R/108MEDIA,2,Western_Leopard_Toad,0.3083,4522.0,1728.4,4604.0,1936.8
/srv/shared_leopard_toad/2024/02.10.2024/5R/108MEDIA/DSCF0242.JPG,DSCF0242.JPG,5R/108MEDIA,2,Western_Leopard_Toad,0.2778,4523.3,1683.9,4602.7,1933.2
/srv/shared_leopard_toad/2024/02.10.2024/5R/108MEDIA/DSCF0156.JPG,DSCF0156.JPG,5R/108MEDIA,2,Western_Leopard_Toad,0.2800,4525.7,1716.4,4604.8,1936.2
/srv/shared_leopard_toad/2024/02.10.2024/5R/108MEDIA/DSCF0383.JPG,DSCF0383.JPG,5R/108MEDIA,2,Western_Leopard_Toad,0.3845,4537.1,1783.4,4606.9,1919.8
/srv/shared_leopard_toad/2024/02.10.2024/5R/108MEDIA/DSCF0383.JPG,DSCF0383.JPG,5R/108MEDIA,0,Other_Amphibian,0.2761,4537.1,1783.4,4606.9,1919.8
/srv/shared_leopard_toad/2024/02.10.2024/5R/108MEDIA/DSCF0047.JPG,DSCF0047.JPG,5R/108MEDIA,2,Western_Leopard_Toad,0.3599,4523.1,1757.7,4602.9,1935.4
/srv/shared_leopard_toad/2024/02.10.2024/5R/108MEDIA/DSCF0213.JPG,DSCF0213.JPG,5R/108MEDIA,2,Western_Leopard_Toad,0.2803,4522.6,1735.3,4603.4,1937.6
/srv/shared_leopard_toad/2024/02.10.2024/5R/108MEDIA/DSCF0197.JPG,DSCF0197.JPG,5R/108MEDIA,2,Western_Leopard_Toad,0.3577,4522.6,1754.0,4603.4,1936.6
/srv/shared_leopard_toad/2024/02.10.2024/5R/108MEDIA/DSCF0351.JPG,DSCF0351.JPG,5R/108MEDIA,0,Other_Amphibian,0.2556,4528.8,1745.5,4606.2,1932.4
/srv/shared_leopard_toad/2024/02.10.2024/5R/108MEDIA/DSCF0225.JPG,DSCF0225.JPG,5R/108MEDIA,2,Western_Leopard_Toad,0.2852,4527.0,1740.1,4603.5,1937.8
/srv/shared_leopard_toad/2024/02.10.2024/5R/108MEDIA/DSCF0354.JPG,DSCF0354.JPG,5R/108MEDIA,0,Other_Amphibian,0.3704,4533.3,1766.2,4606.2,1926.9
/srv/shared_leopard_toad/2024/02.10.2024/5R/108MEDIA/DSCF0272.JPG,DSCF0272.JPG,5R/108MEDIA,2,Western_Leopard_Toad,0.2563,4522.8,1748.9,4603.2,1936.6
/srv/shared_leopard_toad/2024/02.10.2024/5R/108MEDIA/DSCF0241.JPG,DSCF0241.JPG,5R/108MEDIA,2,Western_Leopard_Toad,0.2844,4521.7,1685.2,4604.3,1934.5
/srv/shared_leopard_toad/2024/02.10.2024/5R/108MEDIA/DSCF0029.JPG,DSCF0029.JPG,5R/108MEDIA,2,Western_Leopard_Toad,0.3281,4526.1,1754.9,4604.4,1938.1
/srv/shared_leopard_toad/2024/02.10.2024/5R/108MEDIA/DSCF0105.JPG,DSCF0105.JPG,5R/108MEDIA,2,Western_Leopard_Toad,0.2542,4523.4,1680.2,4602.6,1934.4
/srv/shared_leopard_toad/2024/02.10.2024/5R/108MEDIA/DSCF0116.JPG,DSCF0116.JPG,5R/108MEDIA,2,Western_Leopard_Toad,0.2803,4523.0,1681.5,4603.0,1933.1
/srv/shared_leopard_toad/2024/02.10.2024/5R/108MEDIA/DSCF0085.JPG,DSCF0085.JPG,5R/108MEDIA,2,Western_Leopard_Toad,0.2659,4523.0,1685.6,4603.0,1936.6
/srv/shared_leopard_toad/2024/02.10.2024/5R/108MEDIA/DSCF0027.JPG,DSCF0027.JPG,5R/108MEDIA,2,Western_Leopard_Toad,0.2603,4523.9,1768.9,4602.1,1936.8
/srv/shared_leopard_toad/2024/02.10.2024/5R/108MEDIA/DSCF0331.JPG,DSCF0331.JPG,5R/108MEDIA,2,Western_Leopard_Toad,0.2886,4522.8,1701.9,4603.2,1932.9
/srv/shared_leopard_toad/2024/02.10.2024/5R/108MEDIA/DSCF0082.JPG,DSCF0082.JPG,5R/108MEDIA,2,Western_Leopard_Toad,0.3052,4523.4,1751.3,4602.6,1939.3
/srv/shared_leopard_toad/2024/02.10.2024/5R/108MEDIA/DSCF0357.JPG,DSCF0357.JPG,5R/108MEDIA,0,Other_Amphibian,0.2328,4534.2,1762.0,4605.3,1931.1
/srv/shared_leopard_toad/2024/02.10.2024/5R/108MEDIA/DSCF0340.JPG,DSCF0340.JPG,5R/108MEDIA,2,Western_Leopard_Toad,0.3572,4525.8,1759.5,4604.7,1931.1
/srv/shared_leopard_toad/2024/02.10.2024/5R/108MEDIA/DSCF0340.JPG,DSCF0340.JPG,5R/108MEDIA,0,Other_Amphibian,0.2106,4525.8,1759.5,4604.7,1931.1
/srv/shared_leopard_toad/2024/02.10.2024/5R/108MEDIA/DSCF0328.JPG,DSCF0328.JPG,5R/108MEDIA,2,Western_Leopard_Toad,0.2866,4527.2,1747.2,4603.3,1935.8
/srv/shared_leopard_toad/2024/02.10.2024/5R/108MEDIA/DSCF0202.JPG,DSCF0202.JPG,5R/108MEDIA,2,Western_Leopard_Toad,0.3848,4523.3,1764.4,4602.7,1933.8
/srv/shared_leopard_toad/2024/02.10.2024/5R/108MEDIA/DSCF0371.JPG,DSCF0371.JPG,5R/108MEDIA,0,Other_Amphibian,0.3440,1550.9,-2.6,1659.9,91.6
/srv/shared_leopard_toad/2024/02.10.2024/5R/108MEDIA/DSCF0371.JPG,DSCF0371.JPG,5R/108MEDIA,2,Western_Leopard_Toad,0.2661,4539.3,1778.5,4609.2,1927.2
/srv/shared_leopard_toad/2024/02.10.2024/5R/108MEDIA/DSCF0317.JPG,DSCF0317.JPG,5R/108MEDIA,2,Western_Leopard_Toad,0.3628,4524.6,1681.1,4605.9,1930.9
/srv/shared_leopard_toad/2024/02.10.2024/5R/108MEDIA/DSCF0090.JPG,DSCF0090.JPG,5R/108MEDIA,2,Western_Leopard_Toad,0.3096,4523.0,1753.3,4603.0,1939.8
/srv/shared_leopard_toad/2024/02.10.2024/5R/108MEDIA/DSCF0236.JPG,DSCF0236.JPG,5R/108MEDIA,2,Western_Leopard_Toad,0.4082,4523.7,1762.1,4602.3,1930.9
/srv/shared_leopard_toad/2024/02.10.2024/5R/108MEDIA/DSCF0200.JPG,DSCF0200.JPG,5R/108MEDIA,2,Western_Leopard_Toad,0.2527,4523.1,1744.4,4602.9,1938.5
/srv/shared_leopard_toad/2024/02.10.2024/5R/108MEDIA/DSCF0009.JPG,DSCF0009.JPG,5R/108MEDIA,2,Western_Leopard_Toad,0.2568,4523.1,1730.5,4602.9,1937.3
/srv/shared_leopard_toad/2024/02.10.2024/5R/108MEDIA/DSCF0361.JPG,DSCF0361.JPG,5R/108MEDIA,0,Other_Amphibian,0.2494,1553.0,-3.4,1666.8,110.5
/srv/shared_leopard_toad/2024/02.10.2024/5R/101MEDIA/DSCF0911.JPG,DSCF0911.JPG,5R/101MEDIA,2,Western_Leopard_Toad,0.3018,4427.3,-9.5,4604.2,49.5
/srv/shared_leopard_toad/2024/02.10.2024/5R/101MEDIA/DSCF0514.JPG,DSCF0514.JPG,5R/101MEDIA,2,Western_Leopard_Toad,0.2549,4412.6,-12.1,4605.4,50.9
/srv/shared_leopard_toad/2024/02.10.2024/5R/101MEDIA/DSCF0650.JPG,DSCF0650.JPG,5R/101MEDIA,2,Western_Leopard_Toad,0.2703,4409.6,-8.7,4603.9,49.2
/srv/shared_leopard_toad/2024/02.10.2024/5R/101MEDIA/DSCF0956.JPG,DSCF0956.JPG,5R/101MEDIA,2,Western_Leopard_Toad,0.3335,4422.9,-9.0,4604.1,49.9
/srv/shared_leopard_toad/2024/02.10.2024/5R/101MEDIA/DSCF0221.JPG,DSCF0221.JPG,5R/101MEDIA,2,Western_Leopard_Toad,0.4658,4489.3,1839.2,4609.7,2018.4
/srv/shared_leopard_toad/2024/02.10.2024/5R/101MEDIA/DSCF0868.JPG,DSCF0868.JPG,5R/101MEDIA,2,Western_Leopard_Toad,0.3179,4435.4,-7.9,4605.1,53.1
/srv/shared_leopard_toad/2024/02.10.2024/5R/101MEDIA/DSCF0668.JPG,DSCF0668.JPG,5R/101MEDIA,0,Other_Amphibian,0.2056,2306.7,1624.0,2458.8,1747.6
/srv/shared_leopard_toad/2024/02.10.2024/5R/101MEDIA/DSCF0980.JPG,DSCF0980.JPG,5R/101MEDIA,2,Western_Leopard_Toad,0.3079,4415.1,-13.1,4602.9,49.9
/srv/shared_leopard_toad/2024/02.10.2024/5R/101MEDIA/DSCF0752.JPG,DSCF0752.JPG,5R/101MEDIA,2,Western_Leopard_Toad,0.2595,4425.0,-10.8,4602.0,50.8
/srv/shared_leopard_toad/2024/02.10.2024/5R/101MEDIA/DSCF0560.JPG,DSCF0560.JPG,5R/101MEDIA,2,Western_Leopard_Toad,0.2869,4425.5,-12.5,4606.0,47.9
/srv/shared_leopard_toad/2024/02.10.2024/5R/101MEDIA/DSCF0501.JPG,DSCF0501.JPG,5R/101MEDIA,2,Western_Leopard_Toad,0.9580,2042.8,632.1,2302.0,946.1
/srv/shared_leopard_toad/2024/02.10.2024/5R/101MEDIA/DSCF0489.JPG,DSCF0489.JPG,5R/101MEDIA,2,Western_Leopard_Toad,0.3044,4424.6,-10.6,4602.4,51.5
/srv/shared_leopard_toad/2024/02.10.2024/5R/101MEDIA/DSCF0304.JPG,DSCF0304.JPG,5R/101MEDIA,2,Western_Leopard_Toad,0.3044,4408.7,-8.7,4604.8,50.0
/srv/shared_leopard_toad/2024/02.10.2024/5R/101MEDIA/DSCF0507.JPG,DSCF0507.JPG,5R/101MEDIA,2,Western_Leopard_Toad,0.2671,4438.5,-6.9,4606.5,51.9
/srv/shared_leopard_toad/2024/02.10.2024/5R/101MEDIA/DSCF0795.JPG,DSCF0795.JPG,5R/101MEDIA,2,Western_Leopard_Toad,0.2642,4414.9,-7.2,4607.6,48.9
/srv/shared_leopard_toad/2024/02.10.2024/5R/101MEDIA/DSCF0895.JPG,DSCF0895.JPG,5R/101MEDIA,2,Western_Leopard_Toad,0.2869,4401.6,-8.9,4602.9,52.0
/srv/shared_leopard_toad/2024/02.10.2024/5R/101MEDIA/DSCF0656.JPG,DSCF0656.JPG,5R/101MEDIA,2,Western_Leopard_Toad,0.2996,4437.7,-8.7,4602.8,52.3
/srv/shared_leopard_toad/2024/02.10.2024/5R/101MEDIA/DSCF0487.JPG,DSCF0487.JPG,5R/101MEDIA,2,Western_Leopard_Toad,0.2820,4420.5,-10.6,4606.5,50.6
/srv/shared_leopard_toad/2024/02.10.2024/5R/101MEDIA/DSCF0139.JPG,DSCF0139.JPG,5R/101MEDIA,2,Western_Leopard_Toad,0.5449,4482.4,1802.1,4607.6,2022.6
/srv/shared_leopard_toad/2024/02.10.2024/5R/101MEDIA/DSCF0866.JPG,DSCF0866.JPG,5R/101MEDIA,2,Western_Leopard_Toad,0.3054,4423.9,-9.0,4603.1,50.2
/srv/shared_leopard_toad/2024/02.10.2024/5R/101MEDIA/DSCF0982.JPG,DSCF0982.JPG,5R/101MEDIA,2,Western_Leopard_Toad,0.2654,4402.7,-5.9,4606.3,50.7
/srv/shared_leopard_toad/2024/02.10.2024/5R/101MEDIA/DSCF0854.JPG,DSCF0854.JPG,5R/101MEDIA,2,Western_Leopard_Toad,0.2710,4426.3,-10.6,4605.2,50.8
/srv/shared_leopard_toad/2024/02.10.2024/5R/101MEDIA/DSCF0544.JPG,DSCF0544.JPG,5R/101MEDIA,2,Western_Leopard_Toad,0.2776,4428.4,-9.7,4603.1,48.7
/srv/shared_leopard_toad/2024/02.10.2024/5R/101MEDIA/DSCF0924.JPG,DSCF0924.JPG,5R/101MEDIA,2,Western_Leopard_Toad,0.2954,4427.9,-12.8,4603.6,48.3
/srv/shared_leopard_toad/2024/02.10.2024/5R/101MEDIA/DSCF0917.JPG,DSCF0917.JPG,5R/101MEDIA,2,Western_Leopard_Toad,0.2639,4417.5,-11.7,4605.0,49.2
/srv/shared_leopard_toad/2024/02.10.2024/5R/101MEDIA/DSCF0505.JPG,DSCF0505.JPG,5R/101MEDIA,2,Western_Leopard_Toad,0.9570,2044.4,629.7,2302.6,946.0
/srv/shared_leopard_toad/2024/02.10.2024/5R/101MEDIA/DSCF0505.JPG,DSCF0505.JPG,5R/101MEDIA,2,Western_Leopard_Toad,0.2939,4410.6,-8.0,4607.4,48.2
/srv/shared_leopard_toad/2024/02.10.2024/5R/101MEDIA/DSCF0662.JPG,DSCF0662.JPG,5R/101MEDIA,2,Western_Leopard_Toad,0.2520,4418.5,-10.1,4604.0,50.4
/srv/shared_leopard_toad/2024/02.10.2024/5R/101MEDIA/DSCF0509.JPG,DSCF0509.JPG,5R/101MEDIA,2,Western_Leopard_Toad,0.3040,4422.2,-11.0,4604.8,50.2
/srv/shared_leopard_toad/2024/02.10.2024/5R/101MEDIA/DSCF0608.JPG,DSCF0608.JPG,5R/101MEDIA,2,Western_Leopard_Toad,0.3071,4421.3,-5.7,4605.7,53.4
/srv/shared_leopard_toad/2024/02.10.2024/5R/101MEDIA/DSCF0862.JPG,DSCF0862.JPG,5R/101MEDIA,2,Western_Leopard_Toad,0.2595,4412.0,-9.4,4606.0,47.0
/srv/shared_leopard_toad/2024/02.10.2024/5R/101MEDIA/DSCF0758.JPG,DSCF0758.JPG,5R/101MEDIA,2,Western_Leopard_Toad,0.3335,4434.9,-9.0,4605.6,49.7
/srv/shared_leopard_toad/2024/02.10.2024/5R/101MEDIA/DSCF0848.JPG,DSCF0848.JPG,5R/101MEDIA,2,Western_Leopard_Toad,0.2805,4425.5,-8.6,4606.0,53.4
/srv/shared_leopard_toad/2024/02.10.2024/5R/101MEDIA/DSCF0504.JPG,DSCF0504.JPG,5R/101MEDIA,2,Western_Leopard_Toad,0.9561,2044.4,630.5,2302.6,945.2
/srv/shared_leopard_toad/2024/02.10.2024/5R/101MEDIA/DSCF0740.JPG,DSCF0740.JPG,5R/101MEDIA,2,Western_Leopard_Toad,0.3105,4424.6,-10.0,4602.4,50.2
/srv/shared_leopard_toad/2024/02.10.2024/5R/101MEDIA/DSCF0955.JPG,DSCF0955.JPG,5R/101MEDIA,2,Western_Leopard_Toad,0.2644,4419.4,-9.9,4603.1,51.4
/srv/shared_leopard_toad/2024/02.10.2024/5R/101MEDIA/DSCF0502.JPG,DSCF0502.JPG,5R/101MEDIA,2,Western_Leopard_Toad,0.9585,2044.4,629.3,2302.6,946.4
/srv/shared_leopard_toad/2024/02.10.2024/5R/101MEDIA/DSCF0320.JPG,DSCF0320.JPG,5R/101MEDIA,2,Western_Leopard_Toad,0.2986,4400.4,-6.0,4604.1,48.6
/srv/shared_leopard_toad/2024/02.10.2024/5R/101MEDIA/DSCF0247.JPG,DSCF0247.JPG,5R/101MEDIA,2,Western_Leopard_Toad,0.3442,4411.8,-7.7,4601.7,49.8
/srv/shared_leopard_toad/2024/02.10.2024/5R/101MEDIA/DSCF0396.JPG,DSCF0396.JPG,5R/101MEDIA,0,Other_Amphibian,0.2428,4474.0,-0.7,4607.0,129.5
/srv/shared_leopard_toad/2024/02.10.2024/5R/101MEDIA/DSCF0683.JPG,DSCF0683.JPG,5R/101MEDIA,2,Western_Leopard_Toad,0.2827,4434.5,-6.7,4606.0,52.0
/srv/shared_leopard_toad/2024/02.10.2024/5R/101MEDIA/DSCF0888.JPG,DSCF0888.JPG,5R/101MEDIA,2,Western_Leopard_Toad,0.3582,4423.0,-5.9,4604.0,50.8
/srv/shared_leopard_toad/2024/02.10.2024/5R/101MEDIA/DSCF0474.JPG,DSCF0474.JPG,5R/101MEDIA,2,Western_Leopard_Toad,0.2810,4430.0,-6.8,4606.0,51.2
/srv/shared_leopard_toad/2024/02.10.2024/5R/101MEDIA/DSCF0499.JPG,DSCF0499.JPG,5R/101MEDIA,2,Western_Leopard_Toad,0.9580,2045.6,630.5,2301.4,945.2
/srv/shared_leopard_toad/2024/02.10.2024/5R/101MEDIA/DSCF0768.JPG,DSCF0768.JPG,5R/101MEDIA,2,Western_Leopard_Toad,0.2686,4417.9,-7.7,4604.6,48.0
/srv/shared_leopard_toad/2024/02.10.2024/5R/101MEDIA/DSCF0478.JPG,DSCF0478.JPG,5R/101MEDIA,2,Western_Leopard_Toad,0.2510,4432.1,-6.3,4603.9,52.1
/srv/shared_leopard_toad/2024/02.10.2024/5R/101MEDIA/DSCF0666.JPG,DSCF0666.JPG,5R/101MEDIA,2,Western_Leopard_Toad,0.3809,4426.8,-7.9,4604.7,50.5
/srv/shared_leopard_toad/2024/02.10.2024/5R/101MEDIA/DSCF0503.JPG,DSCF0503.JPG,5R/101MEDIA,2,Western_Leopard_Toad,0.9541,2043.9,630.3,2303.1,945.4
/srv/shared_leopard_toad/2024/02.10.2024/5R/101MEDIA/DSCF0483.JPG,DSCF0483.JPG,5R/101MEDIA,2,Western_Leopard_Toad,0.2542,4427.6,-7.2,4603.9,55.0
/srv/shared_leopard_toad/2024/02.10.2024/5R/101MEDIA/DSCF0805.JPG,DSCF0805.JPG,5R/101MEDIA,2,Western_Leopard_Toad,0.2542,4415.4,-10.7,4602.6,49.9
/srv/shared_leopard_toad/2024/02.10.2024/5R/101MEDIA/DSCF0991.JPG,DSCF0991.JPG,5R/101MEDIA,2,Western_Leopard_Toad,0.2883,4416.0,-10.5,4606.5,48.3
/srv/shared_leopard_toad/2024/02.10.2024/5R/101MEDIA/DSCF0500.JPG,DSCF0500.JPG,5R/101MEDIA,2,Western_Leopard_Toad,0.9570,2044.6,630.0,2302.4,945.7
/srv/shared_leopard_toad/2024/02.10.2024/5R/101MEDIA/DSCF0706.JPG,DSCF0706.JPG,5R/101MEDIA,0,Other_Amphibian,0.2047,2304.1,1618.3,2456.9,1748.3
/srv/shared_leopard_toad/2024/02.10.2024/5R/101MEDIA/DSCF0525.JPG,DSCF0525.JPG,5R/101MEDIA,2,Western_Leopard_Toad,0.3032,4408.9,-7.7,4604.6,48.1
/srv/shared_leopard_toad/2024/02.10.2024/5R/101MEDIA/DSCF0757.JPG,DSCF0757.JPG,5R/101MEDIA,2,Western_Leopard_Toad,0.3120,4428.9,-11.1,4602.6,50.3
/srv/shared_leopard_toad/2024/02.10.2024/5R/101MEDIA/DSCF0735.JPG,DSCF0735.JPG,5R/101MEDIA,2,Western_Leopard_Toad,0.2559,4431.4,-7.3,4604.6,54.6
/srv/shared_leopard_toad/2024/02.10.2024/5R/101MEDIA/DSCF0625.JPG,DSCF0625.JPG,5R/101MEDIA,0,Other_Amphibian,0.2070,2306.1,1621.6,2454.9,1747.5
/srv/shared_leopard_toad/2024/02.10.2024/5R/101MEDIA/DSCF0727.JPG,DSCF0727.JPG,5R/101MEDIA,2,Western_Leopard_Toad,0.2827,4425.3,-9.3,4606.2,51.1
/srv/shared_leopard_toad/2024/02.10.2024/5R/101MEDIA/DSCF0840.JPG,DSCF0840.JPG,5R/101MEDIA,2,Western_Leopard_Toad,0.2803,4415.6,-6.1,4606.9,54.0
/srv/shared_leopard_toad/2024/02.10.2024/5R/101MEDIA/DSCF0087.JPG,DSCF0087.JPG,5R/101MEDIA,2,Western_Leopard_Toad,0.2520,4490.7,1824.2,4608.3,2023.3
/srv/shared_leopard_toad/2024/02.10.2024/5R/101MEDIA/DSCF0314.JPG,DSCF0314.JPG,5R/101MEDIA,2,Western_Leopard_Toad,0.2686,4414.7,-8.4,4603.3,51.5
/srv/shared_leopard_toad/2024/02.10.2024/5R/101MEDIA/DSCF0916.JPG,DSCF0916.JPG,5R/101MEDIA,2,Western_Leopard_Toad,0.2690,4410.2,-5.3,4607.8,51.2
/srv/shared_leopard_toad/2024/02.10.2024/5R/101MEDIA/DSCF0685.JPG,DSCF0685.JPG,5R/101MEDIA,2,Western_Leopard_Toad,0.2681,4425.3,-7.6,4606.2,52.5
/srv/shared_leopard_toad/2024/02.10.2024/5R/101MEDIA/DSCF0633.JPG,DSCF0633.JPG,5R/101MEDIA,2,Western_Leopard_Toad,0.2642,4439.7,-7.3,4605.3,48.9
/srv/shared_leopard_toad/2024/02.10.2024/5R/101MEDIA/DSCF0626.JPG,DSCF0626.JPG,5R/101MEDIA,2,Western_Leopard_Toad,0.3130,4431.4,-7.1,4604.6,50.9
/srv/shared_leopard_toad/2024/02.10.2024/5R/101MEDIA/DSCF0714.JPG,DSCF0714.JPG,5R/101MEDIA,2,Western_Leopard_Toad,0.2754,4420.6,-10.5,4606.4,49.9
/srv/shared_leopard_toad/2024/02.10.2024/5R/101MEDIA/DSCF0610.JPG,DSCF0610.JPG,5R/101MEDIA,2,Western_Leopard_Toad,0.2764,4416.5,-11.2,4606.0,49.7
/srv/shared_leopard_toad/2024/02.10.2024/5R/101MEDIA/DSCF0961.JPG,DSCF0961.JPG,5R/101MEDIA,2,Western_Leopard_Toad,0.3235,4417.5,-9.9,4605.0,49.9
/srv/shared_leopard_toad/2024/02.10.2024/5R/101MEDIA/DSCF0555.JPG,DSCF0555.JPG,5R/101MEDIA,2,Western_Leopard_Toad,0.2659,4407.4,-9.7,4606.1,48.7
/srv/shared_leopard_toad/2024/02.10.2024/5R/101MEDIA/DSCF0869.JPG,DSCF0869.JPG,5R/101MEDIA,2,Western_Leopard_Toad,0.2637,4416.5,-9.2,4606.0,47.9
/srv/shared_leopard_toad/2024/02.10.2024/5R/101MEDIA/DSCF0570.JPG,DSCF0570.JPG,5R/101MEDIA,2,Western_Leopard_Toad,0.3530,4428.1,-9.8,4603.4,50.5
/srv/shared_leopard_toad/2024/02.10.2024/5R/101MEDIA/DSCF0571.JPG,DSCF0571.JPG,5R/101MEDIA,2,Western_Leopard_Toad,0.2539,4422.7,-8.1,4604.3,51.1
/srv/shared_leopard_toad/2024/02.10.2024/5R/101MEDIA/DSCF0958.JPG,DSCF0958.JPG,5R/101MEDIA,2,Western_Leopard_Toad,0.3552,4418.4,-10.0,4604.1,49.8
/srv/shared_leopard_toad/2024/02.10.2024/5R/101MEDIA/DSCF0799.JPG,DSCF0799.JPG,5R/101MEDIA,2,Western_Leopard_Toad,0.2612,4414.0,-11.5,4604.0,49.6
/srv/shared_leopard_toad/2024/02.10.2024/5R/101MEDIA/DSCF0535.JPG,DSCF0535.JPG,5R/101MEDIA,2,Western_Leopard_Toad,0.2729,4429.2,-7.6,4606.8,52.5
/srv/shared_leopard_toad/2024/02.10.2024/5R/101MEDIA/DSCF0614.JPG,DSCF0614.JPG,5R/101MEDIA,2,Western_Leopard_Toad,0.2642,4417.0,-13.1,4605.5,48.6
/srv/shared_leopard_toad/2024/02.10.2024/5R/101MEDIA/DSCF0674.JPG,DSCF0674.JPG,5R/101MEDIA,2,Western_Leopard_Toad,0.3420,4429.3,-8.0,4602.2,51.7
/srv/shared_leopard_toad/2024/02.10.2024/5R/101MEDIA/DSCF0597.JPG,DSCF0597.JPG,5R/101MEDIA,2,Western_Leopard_Toad,0.2803,4424.2,-10.1,4602.8,54.3
/srv/shared_leopard_toad/2024/02.10.2024/5R/101MEDIA/DSCF0715.JPG,DSCF0715.JPG,5R/101MEDIA,2,Western_Leopard_Toad,0.3103,4426.9,-7.6,4604.6,50.9
/srv/shared_leopard_toad/2024/02.10.2024/5R/101MEDIA/DSCF0364.JPG,DSCF0364.JPG,5R/101MEDIA,2,Western_Leopard_Toad,0.2595,4422.4,-10.0,4604.6,52.0
/srv/shared_leopard_toad/2024/02.10.2024/5R/101MEDIA/DSCF0698.JPG,DSCF0698.JPG,5R/101MEDIA,2,Western_Leopard_Toad,0.3699,4418.4,-7.2,4604.1,49.0
/srv/shared_leopard_toad/2024/02.10.2024/5R/101MEDIA/DSCF0749.JPG,DSCF0749.JPG,5R/101MEDIA,2,Western_Leopard_Toad,0.2771,4412.7,-6.2,4605.3,52.8
/srv/shared_leopard_toad/2024/02.10.2024/5R/101MEDIA/DSCF0969.JPG,DSCF0969.JPG,5R/101MEDIA,2,Western_Leopard_Toad,0.2800,4417.3,-8.4,4605.2,50.2
/srv/shared_leopard_toad/2024/02.10.2024/5R/101MEDIA/DSCF0932.JPG,DSCF0932.JPG,5R/101MEDIA,2,Western_Leopard_Toad,0.3235,4435.7,-6.8,4604.8,54.5
/srv/shared_leopard_toad/2024/02.10.2024/5R/101MEDIA/DSCF0498.JPG,DSCF0498.JPG,5R/101MEDIA,2,Western_Leopard_Toad,0.9561,2041.7,627.8,2305.3,926.4
/srv/shared_leopard_toad/2024/02.10.2024/5R/101MEDIA/DSCF0481.JPG,DSCF0481.JPG,5R/101MEDIA,2,Western_Leopard_Toad,0.2610,4428.6,-8.9,4607.4,51.5
/srv/shared_leopard_toad/2024/02.10.2024/5R/101MEDIA/DSCF0696.JPG,DSCF0696.JPG,5R/101MEDIA,2,Western_Leopard_Toad,0.2507,4426.7,-11.8,4600.3,48.9
/srv/shared_leopard_toad/2024/02.10.2024/5R/101MEDIA/DSCF0569.JPG,DSCF0569.JPG,5R/101MEDIA,2,Western_Leopard_Toad,0.2529,4417.2,-7.9,4605.3,48.7
/srv/shared_leopard_toad/2024/02.10.2024/5R/101MEDIA/DSCF0630.JPG,DSCF0630.JPG,5R/101MEDIA,2,Western_Leopard_Toad,0.3064,4419.9,-9.9,4607.1,49.7
/srv/shared_leopard_toad/2024/02.10.2024/5R/101MEDIA/DSCF0269.JPG,DSCF0269.JPG,5R/101MEDIA,2,Western_Leopard_Toad,0.2864,4413.3,-6.7,4604.7,52.0
/srv/shared_leopard_toad/2024/02.10.2024/5R/101MEDIA/DSCF0793.JPG,DSCF0793.JPG,5R/101MEDIA,2,Western_Leopard_Toad,0.2678,4416.5,-10.5,4606.0,46.3
/srv/shared_leopard_toad/2024/02.10.2024/5R/101MEDIA/DSCF0680.JPG,DSCF0680.JPG,5R/101MEDIA,2,Western_Leopard_Toad,0.2551,4419.9,-5.8,4607.1,50.8
/srv/shared_leopard_toad/2024/02.10.2024/5R/101MEDIA/DSCF0037.JPG,DSCF0037.JPG,5R/101MEDIA,2,Western_Leopard_Toad,0.2981,4483.9,1827.2,4606.1,2020.3
/srv/shared_leopard_toad/2024/02.10.2024/5R/101MEDIA/DSCF0609.JPG,DSCF0609.JPG,5R/101MEDIA,2,Western_Leopard_Toad,0.3054,4420.5,-9.8,4606.5,49.4
/srv/shared_leopard_toad/2024/02.10.2024/5R/101MEDIA/DSCF0062.JPG,DSCF0062.JPG,5R/101MEDIA,2,Western_Leopard_Toad,0.4031,4483.0,1826.4,4607.0,2026.2
/srv/shared_leopard_toad/2024/02.10.2024/5R/101MEDIA/DSCF0951.JPG,DSCF0951.JPG,5R/101MEDIA,2,Western_Leopard_Toad,0.3157,4416.6,-9.8,4605.9,49.5
/srv/shared_leopard_toad/2024/02.10.2024/5R/101MEDIA/DSCF0914.JPG,DSCF0914.JPG,5R/101MEDIA,2,Western_Leopard_Toad,0.3132,4419.4,-7.4,4603.1,50.4
/srv/shared_leopard_toad/2024/02.10.2024/5R/101MEDIA/DSCF0973.JPG,DSCF0973.JPG,5R/101MEDIA,2,Western_Leopard_Toad,0.2766,4407.2,-8.5,4606.3,49.0
/srv/shared_leopard_toad/2024/02.10.2024/5R/101MEDIA/DSCF0599.JPG,DSCF0599.JPG,5R/101MEDIA,2,Western_Leopard_Toad,0.2654,4426.5,-8.7,4605.0,48.6
/srv/shared_leopard_toad/2024/02.10.2024/5R/101MEDIA/DSCF0529.JPG,DSCF0529.JPG,5R/101MEDIA,2,Western_Leopard_Toad,0.2610,4421.5,-8.2,4605.5,50.6
/srv/shared_leopard_toad/2024/02.10.2024/5R/101MEDIA/DSCF0047.JPG,DSCF0047.JPG,5R/101MEDIA,2,Western_Leopard_Toad,0.6812,2111.1,2318.2,2267.4,2448.2
/srv/shared_leopard_toad/2024/02.10.2024/5R/101MEDIA/DSCF0047.JPG,DSCF0047.JPG,5R/101MEDIA,0,Other_Amphibian,0.2068,2111.1,2318.2,2267.4,2448.2
/srv/shared_leopard_toad/2024/02.10.2024/5R/101MEDIA/DSCF0728.JPG,DSCF0728.JPG,5R/101MEDIA,2,Western_Leopard_Toad,0.3408,4426.5,-10.5,4605.0,49.8
/srv/shared_leopard_toad/2024/02.10.2024/5R/101MEDIA/DSCF0808.JPG,DSCF0808.JPG,5R/101MEDIA,2,Western_Leopard_Toad,0.2925,4424.1,-8.9,4607.4,48.6
/srv/shared_leopard_toad/2024/02.10.2024/5R/101MEDIA/DSCF0832.JPG,DSCF0832.JPG,5R/101MEDIA,0,Other_Amphibian,0.4316,1737.4,5.1,1952.6,239.4
/srv/shared_leopard_toad/2024/02.10.2024/5R/101MEDIA/DSCF0595.JPG,DSCF0595.JPG,5R/101MEDIA,2,Western_Leopard_Toad,0.2920,4440.3,-10.3,4604.7,52.1
/srv/shared_leopard_toad/2024/02.10.2024/5R/101MEDIA/DSCF0226.JPG,DSCF0226.JPG,5R/101MEDIA,2,Western_Leopard_Toad,0.2622,4500.2,1814.6,4607.8,2020.3
/srv/shared_leopard_toad/2024/02.10.2024/5R/101MEDIA/DSCF0893.JPG,DSCF0893.JPG,5R/101MEDIA,2,Western_Leopard_Toad,0.2791,4432.6,-6.0,4603.4,54.4
/srv/shared_leopard_toad/2024/02.10.2024/5R/101MEDIA/DSCF0860.JPG,DSCF0860.JPG,5R/101MEDIA,2,Western_Leopard_Toad,0.2747,4424.1,-12.0,4602.9,49.8
/srv/shared_leopard_toad/2024/02.10.2024/5R/101MEDIA/DSCF0604.JPG,DSCF0604.JPG,5R/101MEDIA,2,Western_Leopard_Toad,0.3259,4414.0,-7.9,4604.0,49.8
/srv/shared_leopard_toad/2024/02.10.2024/5R/101MEDIA/DSCF0677.JPG,DSCF0677.JPG,5R/101MEDIA,2,Western_Leopard_Toad,0.2698,4413.3,-6.9,4604.7,52.1
/srv/shared_leopard_toad/2024/02.10.2024/5R/101MEDIA/DSCF0884.JPG,DSCF0884.JPG,5R/101MEDIA,2,Western_Leopard_Toad,0.3093,4426.6,-6.1,4604.9,52.5
/srv/shared_leopard_toad/2024/02.10.2024/5R/101MEDIA/DSCF0243.JPG,DSCF0243.JPG,5R/101MEDIA,2,Western_Leopard_Toad,0.2510,4395.5,-5.8,4604.5,51.8
/srv/shared_leopard_toad/2024/02.10.2024/5R/101MEDIA/DSCF0506.JPG,DSCF0506.JPG,5R/101MEDIA,2,Western_Leopard_Toad,0.9561,2044.2,630.0,2302.8,947.0
/srv/shared_leopard_toad/2024/02.10.2024/5R/106MEDIA/DSCF0135.JPG,DSCF0135.JPG,5R/106MEDIA,0,Other_Amphibian,0.2246,1948.7,0.5,2128.3,107.6
/srv/shared_leopard_toad/2024/02.10.2024/5R/106MEDIA/DSCF0993.JPG,DSCF0993.JPG,5R/106MEDIA,0,Other_Amphibian,0.4111,1555.1,-1.4,1666.9,99.8
/srv/shared_leopard_toad/2024/02.10.2024/5R/106MEDIA/DSCF0012.JPG,DSCF0012.JPG,5R/106MEDIA,0,Other_Amphibian,0.3533,1946.8,0.2,2130.2,105.2
/srv/shared_leopard_toad/2024/02.10.2024/5R/106MEDIA/DSCF0012.JPG,DSCF0012.JPG,5R/106MEDIA,0,Other_Amphibian,0.3474,1952.4,0.1,2174.1,104.7
/srv/shared_leopard_toad/2024/02.10.2024/5R/106MEDIA/DSCF0541.JPG,DSCF0541.JPG,5R/106MEDIA,0,Other_Amphibian,0.3228,1960.5,-2.6,2161.5,105.0
/srv/shared_leopard_toad/2024/02.10.2024/5R/106MEDIA/DSCF0541.JPG,DSCF0541.JPG,5R/106MEDIA,0,Other_Amphibian,0.2681,1954.1,-1.2,2161.1,104.8
/srv/shared_leopard_toad/2024/02.10.2024/5R/106MEDIA/DSCF0215.JPG,DSCF0215.JPG,5R/106MEDIA,0,Other_Amphibian,0.2058,1948.5,0.5,2128.5,105.0
/srv/shared_leopard_toad/2024/02.10.2024/5R/106MEDIA/DSCF0215.JPG,DSCF0215.JPG,5R/106MEDIA,0,Other_Amphibian,0.2024,1956.0,-4.1,2150.3,102.0
/srv/shared_leopard_toad/2024/02.10.2024/5R/106MEDIA/DSCF0173.JPG,DSCF0173.JPG,5R/106MEDIA,0,Other_Amphibian,0.2563,1955.1,-2.6,2144.4,105.4
/srv/shared_leopard_toad/2024/02.10.2024/5R/106MEDIA/DSCF0173.JPG,DSCF0173.JPG,5R/106MEDIA,0,Other_Amphibian,0.2026,1951.2,0.5,2137.0,106.3
/srv/shared_leopard_toad/2024/02.10.2024/5R/106MEDIA/DSCF0279.JPG,DSCF0279.JPG,5R/106MEDIA,0,Other_Amphibian,0.2421,1957.5,-3.1,2155.5,104.9
/srv/shared_leopard_toad/2024/02.10.2024/5R/106MEDIA/DSCF0001.JPG,DSCF0001.JPG,5R/106MEDIA,0,Other_Amphibian,0.2012,1956.6,-1.1,2183.4,101.1
/srv/shared_leopard_toad/2024/02.10.2024/5R/106MEDIA/DSCF0407.JPG,DSCF0407.JPG,5R/106MEDIA,0,Other_Amphibian,0.2769,1553.0,-6.6,1687.0,144.8
/srv/shared_leopard_toad/2024/02.10.2024/5R/106MEDIA/DSCF0922.JPG,DSCF0922.JPG,5R/106MEDIA,0,Other_Amphibian,0.2023,1961.9,-1.9,2173.6,103.7
/srv/shared_leopard_toad/2024/02.10.2024/5R/106MEDIA/DSCF0678.JPG,DSCF0678.JPG,5R/106MEDIA,0,Other_Amphibian,0.2234,1962.0,-3.6,2164.5,103.1
/srv/shared_leopard_toad/2024/02.10.2024/5R/106MEDIA/DSCF0651.JPG,DSCF0651.JPG,5R/106MEDIA,0,Other_Amphibian,0.2075,1963.0,-2.8,2161.3,101.7
/srv/shared_leopard_toad/2024/02.10.2024/5R/106MEDIA/DSCF0417.JPG,DSCF0417.JPG,5R/106MEDIA,0,Other_Amphibian,0.2150,1956.9,-2.7,2156.1,103.4
/srv/shared_leopard_toad/2024/02.10.2024/5R/106MEDIA/DSCF0325.JPG,DSCF0325.JPG,5R/106MEDIA,0,Other_Amphibian,0.2683,1552.1,-6.1,1687.9,137.8
/srv/shared_leopard_toad/2024/02.10.2024/5R/106MEDIA/DSCF0325.JPG,DSCF0325.JPG,5R/106MEDIA,0,Other_Amphibian,0.2098,1955.2,-3.5,2151.0,103.0
/srv/shared_leopard_toad/2024/02.10.2024/5R/106MEDIA/DSCF0107.JPG,DSCF0107.JPG,5R/106MEDIA,0,Other_Amphibian,0.2421,1955.6,-2.5,2152.9,106.9
/srv/shared_leopard_toad/2024/02.10.2024/5R/106MEDIA/DSCF0512.JPG,DSCF0512.JPG,5R/106MEDIA,0,Other_Amphibian,0.2673,1557.6,-5.9,1682.4,136.6
/srv/shared_leopard_toad/2024/02.10.2024/5R/106MEDIA/DSCF0512.JPG,DSCF0512.JPG,5R/106MEDIA,0,Other_Amphibian,0.2179,1557.6,-9.9,1682.4,133.2
/srv/shared_leopard_toad/2024/02.10.2024/5R/106MEDIA/DSCF0430.JPG,DSCF0430.JPG,5R/106MEDIA,0,Other_Amphibian,0.2529,1957.1,-3.4,2155.9,105.0
/srv/shared_leopard_toad/2024/02.10.2024/5R/106MEDIA/DSCF0430.JPG,DSCF0430.JPG,5R/106MEDIA,0,Other_Amphibian,0.2251,1952.1,-0.7,2154.2,105.1
/srv/shared_leopard_toad/2024/02.10.2024/5R/106MEDIA/DSCF0765.JPG,DSCF0765.JPG,5R/106MEDIA,0,Other_Amphibian,0.2849,1958.8,-2.1,2167.7,105.1
/srv/shared_leopard_toad/2024/02.10.2024/5R/106MEDIA/DSCF0594.JPG,DSCF0594.JPG,5R/106MEDIA,0,Other_Amphibian,0.2756,1960.7,-2.4,2161.3,102.3
/srv/shared_leopard_toad/2024/02.10.2024/5R/106MEDIA/DSCF0565.JPG,DSCF0565.JPG,5R/106MEDIA,0,Other_Amphibian,0.2051,1960.7,-3.9,2154.6,103.4
/srv/shared_leopard_toad/2024/02.10.2024/5R/106MEDIA/DSCF0061.JPG,DSCF0061.JPG,5R/106MEDIA,0,Other_Amphibian,0.2184,1955.0,-0.4,2140.0,105.0
/srv/shared_leopard_toad/2024/02.10.2024/5R/106MEDIA/DSCF0980.JPG,DSCF0980.JPG,5R/106MEDIA,0,Other_Amphibian,0.2378,1565.1,-10.0,1683.9,130.7
/srv/shared_leopard_toad/2024/02.10.2024/5R/106MEDIA/DSCF0980.JPG,DSCF0980.JPG,5R/106MEDIA,0,Other_Amphibian,0.2168,1564.8,-5.9,1684.2,125.6
/srv/shared_leopard_toad/2024/02.10.2024/5R/106MEDIA/DSCF0752.JPG,DSCF0752.JPG,5R/106MEDIA,0,Other_Amphibian,0.2190,1960.3,-2.5,2163.9,104.7
/srv/shared_leopard_toad/2024/02.10.2024/5R/106MEDIA/DSCF0640.JPG,DSCF0640.JPG,5R/106MEDIA,0,Other_Amphibian,0.2429,1963.0,-2.2,2161.3,102.1
/srv/shared_leopard_toad/2024/02.10.2024/5R/106MEDIA/DSCF0038.JPG,DSCF0038.JPG,5R/106MEDIA,0,Other_Amphibian,0.2942,1952.3,0.0,2142.7,104.0
/srv/shared_leopard_toad/2024/02.10.2024/5R/106MEDIA/DSCF0038.JPG,DSCF0038.JPG,5R/106MEDIA,0,Other_Amphibian,0.2103,1953.6,-3.6,2150.4,101.8
/srv/shared_leopard_toad/2024/02.10.2024/5R/106MEDIA/DSCF0089.JPG,DSCF0089.JPG,5R/106MEDIA,0,Other_Amphibian,0.2688,1953.9,0.2,2141.1,105.0
/srv/shared_leopard_toad/2024/02.10.2024/5R/106MEDIA/DSCF0089.JPG,DSCF0089.JPG,5R/106MEDIA,0,Other_Amphibian,0.2068,1956.3,-3.8,2147.7,102.6
/srv/shared_leopard_toad/2024/02.10.2024/5R/106MEDIA/DSCF0560.JPG,DSCF0560.JPG,5R/106MEDIA,0,Other_Amphibian,0.2715,1960.0,-2.3,2159.8,103.5
/srv/shared_leopard_toad/2024/02.10.2024/5R/106MEDIA/DSCF0720.JPG,DSCF0720.JPG,5R/106MEDIA,0,Other_Amphibian,0.2281,1960.8,-2.3,2170.2,102.8
/srv/shared_leopard_toad/2024/02.10.2024/5R/106MEDIA/DSCF0164.JPG,DSCF0164.JPG,5R/106MEDIA,0,Other_Amphibian,0.2161,1957.9,-3.0,2155.1,103.9
/srv/shared_leopard_toad/2024/02.10.2024/5R/106MEDIA/DSCF0712.JPG,DSCF0712.JPG,5R/106MEDIA,0,Other_Amphibian,0.2474,1961.3,-2.6,2163.0,103.3
/srv/shared_leopard_toad/2024/02.10.2024/5R/106MEDIA/DSCF0489.JPG,DSCF0489.JPG,5R/106MEDIA,0,Other_Amphibian,0.3496,1551.2,-5.4,1684.3,138.2
/srv/shared_leopard_toad/2024/02.10.2024/5R/106MEDIA/DSCF0077.JPG,DSCF0077.JPG,5R/106MEDIA,0,Other_Amphibian,0.2238,1956.7,-3.4,2149.5,102.0
/srv/shared_leopard_toad/2024/02.10.2024/5R/106MEDIA/DSCF0077.JPG,DSCF0077.JPG,5R/106MEDIA,0,Other_Amphibian,0.2220,1951.8,-0.1,2143.2,103.9
/srv/shared_leopard_toad/2024/02.10.2024/5R/106MEDIA/DSCF0185.JPG,DSCF0185.JPG,5R/106MEDIA,0,Other_Amphibian,0.2094,1958.0,-3.9,2150.5,102.3
/srv/shared_leopard_toad/2024/02.10.2024/5R/106MEDIA/DSCF0051.JPG,DSCF0051.JPG,5R/106MEDIA,0,Other_Amphibian,0.4163,1957.2,-0.4,2137.8,105.8
/srv/shared_leopard_toad/2024/02.10.2024/5R/106MEDIA/DSCF0051.JPG,DSCF0051.JPG,5R/106MEDIA,0,Other_Amphibian,0.2290,1953.4,-3.1,2143.8,104.4
/srv/shared_leopard_toad/2024/02.10.2024/5R/106MEDIA/DSCF0286.JPG,DSCF0286.JPG,5R/106MEDIA,0,Other_Amphibian,0.2207,1551.2,-6.7,1693.3,147.3
/srv/shared_leopard_toad/2024/02.10.2024/5R/106MEDIA/DSCF0292.JPG,DSCF0292.JPG,5R/106MEDIA,0,Other_Amphibian,0.2512,1553.6,-5.7,1695.4,156.2
/srv/shared_leopard_toad/2024/02.10.2024/5R/106MEDIA/DSCF0429.JPG,DSCF0429.JPG,5R/106MEDIA,0,Other_Amphibian,0.2145,1960.5,-4.2,2157.0,101.6
/srv/shared_leopard_toad/2024/02.10.2024/5R/106MEDIA/DSCF0431.JPG,DSCF0431.JPG,5R/106MEDIA,0,Other_Amphibian,0.2255,1555.5,-5.2,1689.0,125.7
/srv/shared_leopard_toad/2024/02.10.2024/5R/106MEDIA/DSCF0304.JPG,DSCF0304.JPG,5R/106MEDIA,0,Other_Amphibian,0.2009,1550.6,-5.7,1689.4,140.8
/srv/shared_leopard_toad/2024/02.10.2024/5R/106MEDIA/DSCF0681.JPG,DSCF0681.JPG,5R/106MEDIA,0,Other_Amphibian,0.2281,1958.1,-3.1,2157.2,108.3
/srv/shared_leopard_toad/2024/02.10.2024/5R/106MEDIA/DSCF0266.JPG,DSCF0266.JPG,5R/106MEDIA,0,Other_Amphibian,0.2469,1552.6,-6.2,1691.9,142.5
/srv/shared_leopard_toad/2024/02.10.2024/5R/106MEDIA/DSCF0003.JPG,DSCF0003.JPG,5R/106MEDIA,0,Other_Amphibian,0.6914,1948.9,0.2,2116.8,105.4
/srv/shared_leopard_toad/2024/02.10.2024/5R/106MEDIA/DSCF0003.JPG,DSCF0003.JPG,5R/106MEDIA,0,Other_Amphibian,0.2048,1951.7,-0.5,2154.5,104.9
/srv/shared_leopard_toad/2024/02.10.2024/5R/106MEDIA/DSCF0393.JPG,DSCF0393.JPG,5R/106MEDIA,0,Other_Amphibian,0.2042,1947.9,0.2,2131.3,103.9
/srv/shared_leopard_toad/2024/02.10.2024/5R/106MEDIA/DSCF0549.JPG,DSCF0549.JPG,5R/106MEDIA,0,Other_Amphibian,0.2285,1958.1,-3.1,2154.9,104.4
/srv/shared_leopard_toad/2024/02.10.2024/5R/106MEDIA/DSCF0656.JPG,DSCF0656.JPG,5R/106MEDIA,0,Other_Amphibian,0.2576,1957.4,-2.7,2155.6,106.0
/srv/shared_leopard_toad/2024/02.10.2024/5R/106MEDIA/DSCF0656.JPG,DSCF0656.JPG,5R/106MEDIA,0,Other_Amphibian,0.2299,1957.9,-0.3,2155.1,105.9
/srv/shared_leopard_toad/2024/02.10.2024/5R/106MEDIA/DSCF0994.JPG,DSCF0994.JPG,5R/106MEDIA,0,Other_Amphibian,0.4163,1555.9,-1.2,1663.8,95.9
/srv/shared_leopard_toad/2024/02.10.2024/5R/106MEDIA/DSCF0439.JPG,DSCF0439.JPG,5R/106MEDIA,0,Other_Amphibian,0.3215,1551.3,-6.0,1688.7,152.6
/srv/shared_leopard_toad/2024/02.10.2024/5R/106MEDIA/DSCF0067.JPG,DSCF0067.JPG,5R/106MEDIA,0,Other_Amphibian,0.3118,1953.1,0.1,2137.4,105.8
/srv/shared_leopard_toad/2024/02.10.2024/5R/106MEDIA/DSCF0880.JPG,DSCF0880.JPG,5R/106MEDIA,0,Other_Amphibian,0.2944,1963.5,-2.0,2167.5,104.1
/srv/shared_leopard_toad/2024/02.10.2024/5R/106MEDIA/DSCF0033.JPG,DSCF0033.JPG,5R/106MEDIA,0,Other_Amphibian,0.2242,1553.2,-7.1,1686.8,141.9
/srv/shared_leopard_toad/2024/02.10.2024/5R/106MEDIA/DSCF0033.JPG,DSCF0033.JPG,5R/106MEDIA,0,Other_Amphibian,0.2095,1959.4,-1.2,2146.9,105.2
/srv/shared_leopard_toad/2024/02.10.2024/5R/106MEDIA/DSCF0531.JPG,DSCF0531.JPG,5R/106MEDIA,0,Other_Amphibian,0.2761,1957.5,-2.4,2155.5,106.0
/srv/shared_leopard_toad/2024/02.10.2024/5R/106MEDIA/DSCF0411.JPG,DSCF0411.JPG,5R/106MEDIA,0,Other_Amphibian,0.2047,1954.9,-3.2,2151.4,103.7
/srv/shared_leopard_toad/2024/02.10.2024/5R/106MEDIA/DSCF0230.JPG,DSCF0230.JPG,5R/106MEDIA,0,Other_Amphibian,0.2086,1551.1,-5.8,1688.9,128.6
/srv/shared_leopard_toad/2024/02.10.2024/5R/106MEDIA/DSCF0007.JPG,DSCF0007.JPG,5R/106MEDIA,0,Other_Amphibian,0.3931,1948.4,0.1,2169.1,105.5
/srv/shared_leopard_toad/2024/02.10.2024/5R/106MEDIA/DSCF0866.JPG,DSCF0866.JPG,5R/106MEDIA,0,Other_Amphibian,0.2280,1964.8,-3.3,2166.2,104.2
/srv/shared_leopard_toad/2024/02.10.2024/5R/106MEDIA/DSCF0044.JPG,DSCF0044.JPG,5R/106MEDIA,0,Other_Amphibian,0.3950,1952.5,0.3,2133.5,105.7
/srv/shared_leopard_toad/2024/02.10.2024/5R/106MEDIA/DSCF0730.JPG,DSCF0730.JPG,5R/106MEDIA,0,Other_Amphibian,0.2878,1960.0,-1.5,2159.8,106.0
/srv/shared_leopard_toad/2024/02.10.2024/5R/106MEDIA/DSCF0026.JPG,DSCF0026.JPG,5R/106MEDIA,0,Other_Amphibian,0.3252,1956.4,-0.2,2147.6,104.7
/srv/shared_leopard_toad/2024/02.10.2024/5R/106MEDIA/DSCF0026.JPG,DSCF0026.JPG,5R/106MEDIA,0,Other_Amphibian,0.2559,1953.6,-2.8,2148.2,104.3
/srv/shared_leopard_toad/2024/02.10.2024/5R/106MEDIA/DSCF0380.JPG,DSCF0380.JPG,5R/106MEDIA,0,Other_Amphibian,0.2467,1954.7,-3.2,2151.6,102.7
/srv/shared_leopard_toad/2024/02.10.2024/5R/106MEDIA/DSCF0568.JPG,DSCF0568.JPG,5R/106MEDIA,0,Other_Amphibian,0.2216,1958.6,-3.0,2158.9,102.1
/srv/shared_leopard_toad/2024/02.10.2024/5R/106MEDIA/DSCF0854.JPG,DSCF0854.JPG,5R/106MEDIA,0,Other_Amphibian,0.2527,1959.3,-2.1,2171.7,107.6
/srv/shared_leopard_toad/2024/02.10.2024/5R/106MEDIA/DSCF0409.JPG,DSCF0409.JPG,5R/106MEDIA,0,Other_Amphibian,0.2489,1958.3,-2.9,2147.9,103.3
/srv/shared_leopard_toad/2024/02.10.2024/5R/106MEDIA/DSCF0409.JPG,DSCF0409.JPG,5R/106MEDIA,0,Other_Amphibian,0.2283,1959.0,-0.4,2147.2,103.3
/srv/shared_leopard_toad/2024/02.10.2024/5R/106MEDIA/DSCF0851.JPG,DSCF0851.JPG,5R/106MEDIA,0,Other_Amphibian,0.3032,1960.9,-2.2,2165.6,105.4
/srv/shared_leopard_toad/2024/02.10.2024/5R/106MEDIA/DSCF0572.JPG,DSCF0572.JPG,5R/106MEDIA,0,Other_Amphibian,0.2252,1958.8,-2.5,2156.4,103.3
/srv/shared_leopard_toad/2024/02.10.2024/5R/106MEDIA/DSCF0301.JPG,DSCF0301.JPG,5R/106MEDIA,0,Other_Amphibian,0.3320,1553.7,-6.2,1686.3,147.3
/srv/shared_leopard_toad/2024/02.10.2024/5R/106MEDIA/DSCF0596.JPG,DSCF0596.JPG,5R/106MEDIA,0,Other_Amphibian,0.2330,1959.0,-4.0,2156.3,104.7
/srv/shared_leopard_toad/2024/02.10.2024/5R/106MEDIA/DSCF0184.JPG,DSCF0184.JPG,5R/106MEDIA,0,Other_Amphibian,0.2493,1556.4,-7.3,1683.6,119.6
/srv/shared_leopard_toad/2024/02.10.2024/5R/106MEDIA/DSCF0184.JPG,DSCF0184.JPG,5R/106MEDIA,0,Other_Amphibian,0.2029,1554.0,-5.3,1686.0,122.1
/srv/shared_leopard_toad/2024/02.10.2024/5R/106MEDIA/DSCF0373.JPG,DSCF0373.JPG,5R/106MEDIA,0,Other_Amphibian,0.2125,1960.8,-4.5,2152.2,100.9
/srv/shared_leopard_toad/2024/02.10.2024/5R/106MEDIA/DSCF0118.JPG,DSCF0118.JPG,5R/106MEDIA,0,Other_Amphibian,0.3804,1957.0,-2.3,2147.0,104.1
/srv/shared_leopard_toad/2024/02.10.2024/5R/106MEDIA/DSCF0060.JPG,DSCF0060.JPG,5R/106MEDIA,0,Other_Amphibian,0.4185,1961.0,-0.8,2143.0,106.0
/srv/shared_leopard_toad/2024/02.10.2024/5R/106MEDIA/DSCF0060.JPG,DSCF0060.JPG,5R/106MEDIA,0,Other_Amphibian,0.2230,1958.7,-2.7,2147.6,105.6
/srv/shared_leopard_toad/2024/02.10.2024/5R/106MEDIA/DSCF0917.JPG,DSCF0917.JPG,5R/106MEDIA,0,Other_Amphibian,0.2218,1961.3,-1.8,2174.2,104.3
/srv/shared_leopard_toad/2024/02.10.2024/5R/106MEDIA/DSCF0143.JPG,DSCF0143.JPG,5R/106MEDIA,0,Other_Amphibian,0.2786,1956.5,0.2,2143.0,105.2
/srv/shared_leopard_toad/2024/02.10.2024/5R/106MEDIA/DSCF0143.JPG,DSCF0143.JPG,5R/106MEDIA,0,Other_Amphibian,0.2363,1958.7,-3.4,2147.6,103.9
/srv/shared_leopard_toad/2024/02.10.2024/5R/106MEDIA/DSCF0998.JPG,DSCF0998.JPG,5R/106MEDIA,0,Other_Amphibian,0.4128,1557.5,-0.9,1666.7,97.5
/srv/shared_leopard_toad/2024/02.10.2024/5R/106MEDIA/DSCF0385.JPG,DSCF0385.JPG,5R/106MEDIA,0,Other_Amphibian,0.2091,1548.7,-6.3,1682.3,137.3
/srv/shared_leopard_toad/2024/02.10.2024/5R/106MEDIA/DSCF0151.JPG,DSCF0151.JPG,5R/106MEDIA,0,Other_Amphibian,0.2957,1957.5,-2.9,2155.5,104.0
/srv/shared_leopard_toad/2024/02.10.2024/5R/106MEDIA/DSCF0151.JPG,DSCF0151.JPG,5R/106MEDIA,0,Other_Amphibian,0.2776,1954.5,-0.4,2154.0,104.6
/srv/shared_leopard_toad/2024/02.10.2024/5R/106MEDIA/DSCF0509.JPG,DSCF0509.JPG,5R/106MEDIA,0,Other_Amphibian,0.2683,1557.3,-9.0,1682.7,125.9
/srv/shared_leopard_toad/2024/02.10.2024/5R/106MEDIA/DSCF0157.JPG,DSCF0157.JPG,5R/106MEDIA,0,Other_Amphibian,0.2101,1952.6,-0.0,2149.1,105.2
/srv/shared_leopard_toad/2024/02.10.2024/5R/106MEDIA/DSCF0157.JPG,DSCF0157.JPG,5R/106MEDIA,0,Other_Amphibian,0.2075,1954.7,-3.7,2153.8,104.0
/srv/shared_leopard_toad/2024/02.10.2024/5R/106MEDIA/DSCF0896.JPG,DSCF0896.JPG,5R/106MEDIA,0,Other_Amphibian,0.2410,1959.9,-2.0,2175.6,101.7
/srv/shared_leopard_toad/2024/02.10.2024/5R/106MEDIA/DSCF0528.JPG,DSCF0528.JPG,5R/106MEDIA,0,Other_Amphibian,0.2029,1957.9,-3.6,2157.3,103.3
/srv/shared_leopard_toad/2024/02.10.2024/5R/106MEDIA/DSCF0008.JPG,DSCF0008.JPG,5R/106MEDIA,0,Other_Amphibian,0.4084,1949.6,0.5,2129.6,105.9
/srv/shared_leopard_toad/2024/02.10.2024/5R/106MEDIA/DSCF0008.JPG,DSCF0008.JPG,5R/106MEDIA,0,Other_Amphibian,0.3564,1954.2,0.3,2176.8,105.7
/srv/shared_leopard_toad/2024/02.10.2024/5R/106MEDIA/DSCF0837.JPG,DSCF0837.JPG,5R/106MEDIA,0,Other_Amphibian,0.2520,1964.1,-2.9,2166.9,104.3
/srv/shared_leopard_toad/2024/02.10.2024/5R/106MEDIA/DSCF0125.JPG,DSCF0125.JPG,5R/106MEDIA,0,Other_Amphibian,0.3335,1956.7,-2.2,2147.3,105.4
/srv/shared_leopard_toad/2024/02.10.2024/5R/106MEDIA/DSCF0125.JPG,DSCF0125.JPG,5R/106MEDIA,0,Other_Amphibian,0.3281,1953.5,0.0,2146.0,105.4
/srv/shared_leopard_toad/2024/02.10.2024/5R/106MEDIA/DSCF0853.JPG,DSCF0853.JPG,5R/106MEDIA,0,Other_Amphibian,0.2302,1961.5,-2.6,2174.0,105.8
/srv/shared_leopard_toad/2024/02.10.2024/5R/106MEDIA/DSCF0661.JPG,DSCF0661.JPG,5R/106MEDIA,0,Other_Amphibian,0.2198,1962.8,-2.5,2168.2,102.8
/srv/shared_leopard_toad/2024/02.10.2024/5R/106MEDIA/DSCF0988.JPG,DSCF0988.JPG,5R/106MEDIA,0,Other_Amphibian,0.3013,1554.9,-1.5,1667.1,94.4
/srv/shared_leopard_toad/2024/02.10.2024/5R/106MEDIA/DSCF0006.JPG,DSCF0006.JPG,5R/106MEDIA,0,Other_Amphibian,0.3000,1947.0,0.3,2130.0,105.7
/srv/shared_leopard_toad/2024/02.10.2024/5R/106MEDIA/DSCF0006.JPG,DSCF0006.JPG,5R/106MEDIA,0,Other_Amphibian,0.2573,1951.0,-1.0,2164.3,104.7
/srv/shared_leopard_toad/2024/02.10.2024/5R/106MEDIA/DSCF0451.JPG,DSCF0451.JPG,5R/106MEDIA,0,Other_Amphibian,0.2217,1556.7,-7.0,1683.3,140.3
/srv/shared_leopard_toad/2024/02.10.2024/5R/106MEDIA/DSCF0556.JPG,DSCF0556.JPG,5R/106MEDIA,0,Other_Amphibian,0.2118,1957.5,-3.6,2157.8,102.7
/srv/shared_leopard_toad/2024/02.10.2024/5R/106MEDIA/DSCF0862.JPG,DSCF0862.JPG,5R/106MEDIA,0,Other_Amphibian,0.2217,1964.6,-2.5,2168.6,103.7
/srv/shared_leopard_toad/2024/02.10.2024/5R/106MEDIA/DSCF0057.JPG,DSCF0057.JPG,5R/106MEDIA,0,Other_Amphibian,0.3279,1954.0,-0.8,2134.3,106.4
/srv/shared_leopard_toad/2024/02.10.2024/5R/106MEDIA/DSCF0758.JPG,DSCF0758.JPG,5R/106MEDIA,0,Other_Amphibian,0.2100,1961.4,-2.2,2171.9,103.3
/srv/shared_leopard_toad/2024/02.10.2024/5R/106MEDIA/DSCF0165.JPG,DSCF0165.JPG,5R/106MEDIA,0,Other_Amphibian,0.2229,1959.3,-3.1,2153.7,103.8
/srv/shared_leopard_toad/2024/02.10.2024/5R/106MEDIA/DSCF0432.JPG,DSCF0432.JPG,5R/106MEDIA,0,Other_Amphibian,0.2189,1958.3,-2.8,2154.7,102.7
/srv/shared_leopard_toad/2024/02.10.2024/5R/106MEDIA/DSCF0174.JPG,DSCF0174.JPG,5R/106MEDIA,0,Other_Amphibian,0.2006,1950.1,0.8,2131.4,105.4
/srv/shared_leopard_toad/2024/02.10.2024/5R/106MEDIA/DSCF0864.JPG,DSCF0864.JPG,5R/106MEDIA,0,Other_Amphibian,0.3682,1960.5,-1.6,2166.0,105.2
/srv/shared_leopard_toad/2024/02.10.2024/5R/106MEDIA/DSCF0697.JPG,DSCF0697.JPG,5R/106MEDIA,0,Other_Amphibian,0.2563,1958.4,-2.5,2163.6,105.5
/srv/shared_leopard_toad/2024/02.10.2024/5R/106MEDIA/DSCF0248.JPG,DSCF0248.JPG,5R/106MEDIA,0,Other_Amphibian,0.2561,1011.0,17.2,1159.2,259.1
/srv/shared_leopard_toad/2024/02.10.2024/5R/106MEDIA/DSCF0063.JPG,DSCF0063.JPG,5R/106MEDIA,0,Other_Amphibian,0.2742,1955.1,-0.1,2153.4,105.3
/srv/shared_leopard_toad/2024/02.10.2024/5R/106MEDIA/DSCF0063.JPG,DSCF0063.JPG,5R/106MEDIA,0,Other_Amphibian,0.2595,1953.9,-2.5,2150.1,104.7
/srv/shared_leopard_toad/2024/02.10.2024/5R/106MEDIA/DSCF0412.JPG,DSCF0412.JPG,5R/106MEDIA,0,Other_Amphibian,0.2263,1960.0,-0.4,2148.5,104.0
/srv/shared_leopard_toad/2024/02.10.2024/5R/106MEDIA/DSCF0152.JPG,DSCF0152.JPG,5R/106MEDIA,0,Other_Amphibian,0.3269,1950.6,-0.2,2139.9,106.9
/srv/shared_leopard_toad/2024/02.10.2024/5R/106MEDIA/DSCF0152.JPG,DSCF0152.JPG,5R/106MEDIA,0,Other_Amphibian,0.3242,1951.2,-3.2,2143.8,105.8
/srv/shared_leopard_toad/2024/02.10.2024/5R/106MEDIA/DSCF0989.JPG,DSCF0989.JPG,5R/106MEDIA,0,Other_Amphibian,0.3953,1555.3,-1.5,1664.5,96.3
/srv/shared_leopard_toad/2024/02.10.2024/5R/106MEDIA/DSCF0036.JPG,DSCF0036.JPG,5R/106MEDIA,0,Other_Amphibian,0.2588,1961.3,-0.2,2151.7,102.4
/srv/shared_leopard_toad/2024/02.10.2024/5R/106MEDIA/DSCF0036.JPG,DSCF0036.JPG,5R/106MEDIA,0,Other_Amphibian,0.2047,1957.1,-4.0,2151.4,99.7
/srv/shared_leopard_toad/2024/02.10.2024/5R/106MEDIA/DSCF0052.JPG,DSCF0052.JPG,5R/106MEDIA,0,Other_Amphibian,0.2489,1953.6,-0.7,2150.4,105.1
/srv/shared_leopard_toad/2024/02.10.2024/5R/106MEDIA/DSCF0052.JPG,DSCF0052.JPG,5R/106MEDIA,0,Other_Amphibian,0.2040,1955.1,-3.6,2153.4,103.3
/srv/shared_leopard_toad/2024/02.10.2024/5R/106MEDIA/DSCF0754.JPG,DSCF0754.JPG,5R/106MEDIA,0,Other_Amphibian,0.3193,1959.5,-1.5,2171.5,106.0
/srv/shared_leopard_toad/2024/02.10.2024/5R/106MEDIA/DSCF0838.JPG,DSCF0838.JPG,5R/106MEDIA,0,Other_Amphibian,0.2086,1964.1,-2.4,2166.9,102.9
/srv/shared_leopard_toad/2024/02.10.2024/5R/106MEDIA/DSCF0729.JPG,DSCF0729.JPG,5R/106MEDIA,0,Other_Amphibian,0.2834,1955.4,-1.9,2171.1,108.3
/srv/shared_leopard_toad/2024/02.10.2024/5R/106MEDIA/DSCF0288.JPG,DSCF0288.JPG,5R/106MEDIA,0,Other_Amphibian,0.2700,1959.2,-2.3,2153.8,104.5
/srv/shared_leopard_toad/2024/02.10.2024/5R/106MEDIA/DSCF0045.JPG,DSCF0045.JPG,5R/106MEDIA,0,Other_Amphibian,0.3845,1955.5,0.0,2139.5,108.1
/srv/shared_leopard_toad/2024/02.10.2024/5R/106MEDIA/DSCF0284.JPG,DSCF0284.JPG,5R/106MEDIA,0,Other_Amphibian,0.2318,1957.1,-3.2,2149.2,103.1
/srv/shared_leopard_toad/2024/02.10.2024/5R/106MEDIA/DSCF0096.JPG,DSCF0096.JPG,5R/106MEDIA,0,Other_Amphibian,0.3687,1955.5,0.2,2144.0,103.8
/srv/shared_leopard_toad/2024/02.10.2024/5R/106MEDIA/DSCF0096.JPG,DSCF0096.JPG,5R/106MEDIA,0,Other_Amphibian,0.2766,1956.7,-3.0,2147.3,102.9
/srv/shared_leopard_toad/2024/02.10.2024/5R/106MEDIA/DSCF0053.JPG,DSCF0053.JPG,5R/106MEDIA,0,Other_Amphibian,0.2081,1951.7,-0.4,2152.3,104.5
/srv/shared_leopard_toad/2024/02.10.2024/5R/106MEDIA/DSCF0384.JPG,DSCF0384.JPG,5R/106MEDIA,0,Other_Amphibian,0.2411,1958.0,-0.3,2150.5,103.7
/srv/shared_leopard_toad/2024/02.10.2024/5R/106MEDIA/DSCF0384.JPG,DSCF0384.JPG,5R/106MEDIA,0,Other_Amphibian,0.2152,1955.8,-4.7,2150.4,102.6
/srv/shared_leopard_toad/2024/02.10.2024/5R/106MEDIA/DSCF0320.JPG,DSCF0320.JPG,5R/106MEDIA,0,Other_Amphibian,0.2222,1555.5,-6.8,1691.3,150.4
/srv/shared_leopard_toad/2024/02.10.2024/5R/106MEDIA/DSCF0307.JPG,DSCF0307.JPG,5R/106MEDIA,0,Other_Amphibian,0.2556,1550.8,-5.9,1689.2,151.3
/srv/shared_leopard_toad/2024/02.10.2024/5R/106MEDIA/DSCF0582.JPG,DSCF0582.JPG,5R/106MEDIA,0,Other_Amphibian,0.2612,1961.4,-1.9,2165.1,102.6
/srv/shared_leopard_toad/2024/02.10.2024/5R/106MEDIA/DSCF0106.JPG,DSCF0106.JPG,5R/106MEDIA,0,Other_Amphibian,0.2205,1954.5,-0.6,2145.0,103.1
/srv/shared_leopard_toad/2024/02.10.2024/5R/106MEDIA/DSCF0106.JPG,DSCF0106.JPG,5R/106MEDIA,0,Other_Amphibian,0.2123,1956.9,-3.5,2149.4,101.9
/srv/shared_leopard_toad/2024/02.10.2024/5R/106MEDIA/DSCF0246.JPG,DSCF0246.JPG,5R/106MEDIA,0,Other_Amphibian,0.2372,1955.8,-4.7,2152.7,102.8
/srv/shared_leopard_toad/2024/02.10.2024/5R/106MEDIA/DSCF0704.JPG,DSCF0704.JPG,5R/106MEDIA,0,Other_Amphibian,0.2405,1959.5,-2.4,2173.7,102.3
/srv/shared_leopard_toad/2024/02.10.2024/5R/106MEDIA/DSCF0148.JPG,DSCF0148.JPG,5R/106MEDIA,0,Other_Amphibian,0.2017,1953.0,-3.2,2153.2,103.5
/srv/shared_leopard_toad/2024/02.10.2024/5R/106MEDIA/DSCF0842.JPG,DSCF0842.JPG,5R/106MEDIA,0,Other_Amphibian,0.3628,1960.9,-1.9,2165.6,105.2
/srv/shared_leopard_toad/2024/02.10.2024/5R/106MEDIA/DSCF0738.JPG,DSCF0738.JPG,5R/106MEDIA,0,Other_Amphibian,0.2786,1960.5,-2.5,2163.7,104.7
/srv/shared_leopard_toad/2024/02.10.2024/5R/106MEDIA/DSCF0576.JPG,DSCF0576.JPG,5R/106MEDIA,0,Other_Amphibian,0.2148,1959.0,-4.1,2165.3,102.5
/srv/shared_leopard_toad/2024/02.10.2024/5R/106MEDIA/DSCF0856.JPG,DSCF0856.JPG,5R/106MEDIA,0,Other_Amphibian,0.3877,1959.1,-1.4,2167.4,105.8
/srv/shared_leopard_toad/2024/02.10.2024/5R/106MEDIA/DSCF0536.JPG,DSCF0536.JPG,5R/106MEDIA,0,Other_Amphibian,0.2170,1958.3,-2.8,2154.7,103.5
/srv/shared_leopard_toad/2024/02.10.2024/5R/106MEDIA/DSCF0449.JPG,DSCF0449.JPG,5R/106MEDIA,0,Other_Amphibian,0.2849,1552.9,-6.4,1687.1,149.9
/srv/shared_leopard_toad/2024/02.10.2024/5R/106MEDIA/DSCF0888.JPG,DSCF0888.JPG,5R/106MEDIA,0,Other_Amphibian,0.2496,1959.5,-1.9,2180.5,103.3
/srv/shared_leopard_toad/2024/02.10.2024/5R/106MEDIA/DSCF0072.JPG,DSCF0072.JPG,5R/106MEDIA,0,Other_Amphibian,0.2729,1950.8,-0.2,2139.7,105.6
/srv/shared_leopard_toad/2024/02.10.2024/5R/106MEDIA/DSCF0072.JPG,DSCF0072.JPG,5R/106MEDIA,0,Other_Amphibian,0.2152,1954.7,-3.1,2149.3,104.9
/srv/shared_leopard_toad/2024/02.10.2024/5R/106MEDIA/DSCF0134.JPG,DSCF0134.JPG,5R/106MEDIA,0,Other_Amphibian,0.3433,1954.8,-2.1,2146.9,107.0
/srv/shared_leopard_toad/2024/02.10.2024/5R/106MEDIA/DSCF0134.JPG,DSCF0134.JPG,5R/106MEDIA,0,Other_Amphibian,0.2974,1950.9,0.2,2144.1,107.3
/srv/shared_leopard_toad/2024/02.10.2024/5R/106MEDIA/DSCF0023.JPG,DSCF0023.JPG,5R/106MEDIA,0,Other_Amphibian,0.3843,1955.8,-0.4,2143.7,104.0
/srv/shared_leopard_toad/2024/02.10.2024/5R/106MEDIA/DSCF0023.JPG,DSCF0023.JPG,5R/106MEDIA,0,Other_Amphibian,0.2090,1955.0,-3.5,2151.2,100.4
/srv/shared_leopard_toad/2024/02.10.2024/5R/106MEDIA/DSCF0023.JPG,DSCF0023.JPG,5R/106MEDIA,0,Other_Amphibian,0.2017,1555.6,-3.0,1675.4,100.5
/srv/shared_leopard_toad/2024/02.10.2024/5R/106MEDIA/DSCF0900.JPG,DSCF0900.JPG,5R/106MEDIA,0,Other_Amphibian,0.2007,1958.8,-2.4,2174.5,106.0
/srv/shared_leopard_toad/2024/02.10.2024/5R/106MEDIA/DSCF0335.JPG,DSCF0335.JPG,5R/106MEDIA,0,Other_Amphibian,0.2278,1549.7,-7.1,1690.3,146.3
/srv/shared_leopard_toad/2024/02.10.2024/5R/106MEDIA/DSCF0890.JPG,DSCF0890.JPG,5R/106MEDIA,0,Other_Amphibian,0.3350,1961.9,-1.9,2162.4,105.3
/srv/shared_leopard_toad/2024/02.10.2024/5R/106MEDIA/DSCF0127.JPG,DSCF0127.JPG,5R/106MEDIA,0,Other_Amphibian,0.2363,1954.7,-2.7,2151.6,104.1
/srv/shared_leopard_toad/2024/02.10.2024/5R/106MEDIA/DSCF0127.JPG,DSCF0127.JPG,5R/106MEDIA,0,Other_Amphibian,0.2334,1952.6,0.3,2144.7,105.3
/srv/shared_leopard_toad/2024/02.10.2024/5R/106MEDIA/DSCF0376.JPG,DSCF0376.JPG,5R/106MEDIA,0,Other_Amphibian,0.2795,1555.2,-6.3,1689.3,145.5
/srv/shared_leopard_toad/2024/02.10.2024/5R/106MEDIA/DSCF0186.JPG,DSCF0186.JPG,5R/106MEDIA,0,Other_Amphibian,0.2576,1956.7,-2.6,2147.3,104.7
/srv/shared_leopard_toad/2024/02.10.2024/5R/106MEDIA/DSCF0186.JPG,DSCF0186.JPG,5R/106MEDIA,0,Other_Amphibian,0.2332,1953.1,0.3,2146.4,106.0
/srv/shared_leopard_toad/2024/02.10.2024/5R/106MEDIA/DSCF0196.JPG,DSCF0196.JPG,5R/106MEDIA,0,Other_Amphibian,0.2006,1957.1,-3.2,2155.9,103.3
/srv/shared_leopard_toad/2024/02.10.2024/5R/106MEDIA/DSCF0577.JPG,DSCF0577.JPG,5R/106MEDIA,0,Other_Amphibian,0.2430,1555.2,-6.7,1684.8,142.0
/srv/shared_leopard_toad/2024/02.10.2024/5R/106MEDIA/DSCF0123.JPG,DSCF0123.JPG,5R/106MEDIA,0,Other_Amphibian,0.3193,1955.7,-2.3,2148.3,106.7
/srv/shared_leopard_toad/2024/02.10.2024/5R/106MEDIA/DSCF0123.JPG,DSCF0123.JPG,5R/106MEDIA,0,Other_Amphibian,0.2778,1951.5,-0.5,2148.0,106.7
/srv/shared_leopard_toad/2024/02.10.2024/5R/106MEDIA/DSCF0666.JPG,DSCF0666.JPG,5R/106MEDIA,0,Other_Amphibian,0.3340,1962.4,-1.3,2168.6,103.1
/srv/shared_leopard_toad/2024/02.10.2024/5R/106MEDIA/DSCF0280.JPG,DSCF0280.JPG,5R/106MEDIA,0,Other_Amphibian,0.2866,1560.6,-6.0,1683.9,118.7
/srv/shared_leopard_toad/2024/02.10.2024/5R/106MEDIA/DSCF0280.JPG,DSCF0280.JPG,5R/106MEDIA,0,Other_Amphibian,0.2375,1955.0,-3.0,2149.0,102.8
/srv/shared_leopard_toad/2024/02.10.2024/5R/106MEDIA/DSCF0049.JPG,DSCF0049.JPG,5R/106MEDIA,0,Other_Amphibian,0.3186,1958.8,-1.1,2147.4,105.1
/srv/shared_leopard_toad/2024/02.10.2024/5R/106MEDIA/DSCF0208.JPG,DSCF0208.JPG,5R/106MEDIA,0,Other_Amphibian,0.2145,1961.2,-2.6,2151.8,102.4
/srv/shared_leopard_toad/2024/02.10.2024/5R/106MEDIA/DSCF0065.JPG,DSCF0065.JPG,5R/106MEDIA,0,Other_Amphibian,0.4802,1955.2,-0.3,2142.0,105.5
/srv/shared_leopard_toad/2024/02.10.2024/5R/106MEDIA/DSCF0065.JPG,DSCF0065.JPG,5R/106MEDIA,0,Other_Amphibian,0.2139,1952.7,-2.5,2144.5,104.7
/srv/shared_leopard_toad/2024/02.10.2024/5R/106MEDIA/DSCF0414.JPG,DSCF0414.JPG,5R/106MEDIA,0,Other_Amphibian,0.2856,1954.5,-2.3,2147.3,105.6
/srv/shared_leopard_toad/2024/02.10.2024/5R/106MEDIA/DSCF0820.JPG,DSCF0820.JPG,5R/106MEDIA,0,Other_Amphibian,0.2520,1963.1,-2.6,2161.1,101.4
/srv/shared_leopard_toad/2024/02.10.2024/5R/106MEDIA/DSCF0074.JPG,DSCF0074.JPG,5R/106MEDIA,0,Other_Amphibian,0.3228,1952.5,-0.4,2138.0,107.2
/srv/shared_leopard_toad/2024/02.10.2024/5R/106MEDIA/DSCF0074.JPG,DSCF0074.JPG,5R/106MEDIA,0,Other_Amphibian,0.2313,1956.1,-3.3,2145.7,105.4
/srv/shared_leopard_toad/2024/02.10.2024/5R/106MEDIA/DSCF0110.JPG,DSCF0110.JPG,5R/106MEDIA,0,Other_Amphibian,0.2573,1954.5,0.3,2140.5,104.9
/srv/shared_leopard_toad/2024/02.10.2024/5R/106MEDIA/DSCF0907.JPG,DSCF0907.JPG,5R/106MEDIA,0,Other_Amphibian,0.2129,1960.5,-3.5,2161.5,104.9
/srv/shared_leopard_toad/2024/02.10.2024/5R/106MEDIA/DSCF0503.JPG,DSCF0503.JPG,5R/106MEDIA,0,Other_Amphibian,0.2113,1960.5,-3.1,2157.0,101.5
/srv/shared_leopard_toad/2024/02.10.2024/5R/106MEDIA/DSCF0030.JPG,DSCF0030.JPG,5R/106MEDIA,0,Other_Amphibian,0.3154,1956.7,-0.4,2142.8,105.6
/srv/shared_leopard_toad/2024/02.10.2024/5R/106MEDIA/DSCF0121.JPG,DSCF0121.JPG,5R/106MEDIA,0,Other_Amphibian,0.3440,1954.8,-0.1,2140.2,106.1
/srv/shared_leopard_toad/2024/02.10.2024/5R/106MEDIA/DSCF0121.JPG,DSCF0121.JPG,5R/106MEDIA,0,Other_Amphibian,0.2037,1955.7,-3.7,2148.3,103.6
/srv/shared_leopard_toad/2024/02.10.2024/5R/106MEDIA/DSCF0686.JPG,DSCF0686.JPG,5R/106MEDIA,0,Other_Amphibian,0.2500,1960.9,-2.0,2163.4,104.8
/srv/shared_leopard_toad/2024/02.10.2024/5R/106MEDIA/DSCF0333.JPG,DSCF0333.JPG,5R/106MEDIA,0,Other_Amphibian,0.2129,1957.0,-0.6,2147.0,105.4
/srv/shared_leopard_toad/2024/02.10.2024/5R/106MEDIA/DSCF0333.JPG,DSCF0333.JPG,5R/106MEDIA,0,Other_Amphibian,0.2061,1954.3,-4.0,2147.5,104.1
/srv/shared_leopard_toad/2024/02.10.2024/5R/106MEDIA/DSCF0482.JPG,DSCF0482.JPG,5R/106MEDIA,0,Other_Amphibian,0.3113,1957.4,-2.6,2151.1,105.6
/srv/shared_leopard_toad/2024/02.10.2024/5R/106MEDIA/DSCF0482.JPG,DSCF0482.JPG,5R/106MEDIA,0,Other_Amphibian,0.2979,1958.6,-0.3,2154.4,105.1
/srv/shared_leopard_toad/2024/02.10.2024/5R/106MEDIA/DSCF0113.JPG,DSCF0113.JPG,5R/106MEDIA,0,Other_Amphibian,0.3865,1953.9,0.2,2136.6,105.8
/srv/shared_leopard_toad/2024/02.10.2024/5R/106MEDIA/DSCF0113.JPG,DSCF0113.JPG,5R/106MEDIA,0,Other_Amphibian,0.2617,1953.6,-3.2,2141.4,104.3
/srv/shared_leopard_toad/2024/02.10.2024/5R/106MEDIA/DSCF0548.JPG,DSCF0548.JPG,5R/106MEDIA,0,Other_Amphibian,0.2573,1960.3,-2.6,2163.9,103.3
/srv/shared_leopard_toad/2024/02.10.2024/5R/106MEDIA/DSCF0942.JPG,DSCF0942.JPG,5R/106MEDIA,0,Other_Amphibian,0.2263,1962.8,-2.9,2161.5,104.3
/srv/shared_leopard_toad/2024/02.10.2024/5R/106MEDIA/DSCF0991.JPG,DSCF0991.JPG,5R/106MEDIA,0,Other_Amphibian,0.2502,1555.5,-0.9,1664.3,95.2
/srv/shared_leopard_toad/2024/02.10.2024/5R/106MEDIA/DSCF0632.JPG,DSCF0632.JPG,5R/106MEDIA,0,Other_Amphibian,0.2157,1957.7,-3.6,2155.3,102.2
/srv/shared_leopard_toad/2024/02.10.2024/5R/106MEDIA/DSCF0632.JPG,DSCF0632.JPG,5R/106MEDIA,0,Other_Amphibian,0.2094,1958.4,-0.0,2154.6,103.7
/srv/shared_leopard_toad/2024/02.10.2024/5R/106MEDIA/DSCF0985.JPG,DSCF0985.JPG,5R/106MEDIA,0,Other_Amphibian,0.2162,1570.9,-1.7,1678.1,161.1
/srv/shared_leopard_toad/2024/02.10.2024/5R/106MEDIA/DSCF0841.JPG,DSCF0841.JPG,5R/106MEDIA,0,Other_Amphibian,0.3206,1962.6,-1.7,2168.4,105.9
/srv/shared_leopard_toad/2024/02.10.2024/5R/106MEDIA/DSCF0191.JPG,DSCF0191.JPG,5R/106MEDIA,0,Other_Amphibian,0.2009,1957.6,-3.1,2150.9,102.6
/srv/shared_leopard_toad/2024/02.10.2024/5R/106MEDIA/DSCF0058.JPG,DSCF0058.JPG,5R/106MEDIA,0,Other_Amphibian,0.4548,1959.5,-0.7,2149.0,107.3
/srv/shared_leopard_toad/2024/02.10.2024/5R/106MEDIA/DSCF0058.JPG,DSCF0058.JPG,5R/106MEDIA,0,Other_Amphibian,0.3987,1956.1,0.4,2147.9,106.9
/srv/shared_leopard_toad/2024/02.10.2024/5R/106MEDIA/DSCF0757.JPG,DSCF0757.JPG,5R/106MEDIA,0,Other_Amphibian,0.4360,1961.1,-1.3,2158.7,105.8
/srv/shared_leopard_toad/2024/02.10.2024/5R/106MEDIA/DSCF0144.JPG,DSCF0144.JPG,5R/106MEDIA,0,Other_Amphibian,0.3772,1959.6,-2.9,2148.9,103.6
/srv/shared_leopard_toad/2024/02.10.2024/5R/106MEDIA/DSCF0144.JPG,DSCF0144.JPG,5R/106MEDIA,0,Other_Amphibian,0.3176,1955.9,-0.8,2145.9,104.2
/srv/shared_leopard_toad/2024/02.10.2024/5R/106MEDIA/DSCF0192.JPG,DSCF0192.JPG,5R/106MEDIA,0,Other_Amphibian,0.2556,1955.2,-3.0,2146.6,103.9
/srv/shared_leopard_toad/2024/02.10.2024/5R/106MEDIA/DSCF0192.JPG,DSCF0192.JPG,5R/106MEDIA,0,Other_Amphibian,0.2239,1952.3,0.1,2142.7,105.1
/srv/shared_leopard_toad/2024/02.10.2024/5R/106MEDIA/DSCF0114.JPG,DSCF0114.JPG,5R/106MEDIA,0,Other_Amphibian,0.3093,1951.6,-0.0,2136.7,104.8
/srv/shared_leopard_toad/2024/02.10.2024/5R/106MEDIA/DSCF0114.JPG,DSCF0114.JPG,5R/106MEDIA,0,Other_Amphibian,0.2827,1957.2,-3.6,2146.8,103.7
/srv/shared_leopard_toad/2024/02.10.2024/5R/106MEDIA/DSCF0182.JPG,DSCF0182.JPG,5R/106MEDIA,0,Other_Amphibian,0.2274,1953.9,0.4,2136.6,104.8
/srv/shared_leopard_toad/2024/02.10.2024/5R/106MEDIA/DSCF0299.JPG,DSCF0299.JPG,5R/106MEDIA,0,Other_Amphibian,0.2017,1949.8,-0.4,2136.2,105.3
/srv/shared_leopard_toad/2024/02.10.2024/5R/106MEDIA/DSCF0816.JPG,DSCF0816.JPG,5R/106MEDIA,0,Other_Amphibian,0.3923,1959.5,-1.5,2167.0,106.4
/srv/shared_leopard_toad/2024/02.10.2024/5R/106MEDIA/DSCF0345.JPG,DSCF0345.JPG,5R/106MEDIA,0,Other_Amphibian,0.2482,1555.1,-6.8,1684.9,137.8
/srv/shared_leopard_toad/2024/02.10.2024/5R/106MEDIA/DSCF0345.JPG,DSCF0345.JPG,5R/106MEDIA,0,Other_Amphibian,0.2068,1958.8,-0.5,2147.4,103.1
/srv/shared_leopard_toad/2024/02.10.2024/5R/106MEDIA/DSCF0020.JPG,DSCF0020.JPG,5R/106MEDIA,0,Other_Amphibian,0.2053,1956.8,-0.2,2147.2,104.3
/srv/shared_leopard_toad/2024/02.10.2024/5R/106MEDIA/DSCF0195.JPG,DSCF0195.JPG,5R/106MEDIA,0,Other_Amphibian,0.3057,1960.9,-2.1,2152.1,105.9
/srv/shared_leopard_toad/2024/02.10.2024/5R/106MEDIA/DSCF0018.JPG,DSCF0018.JPG,5R/106MEDIA,0,Other_Amphibian,0.2314,1954.5,-0.8,2147.3,104.5
/srv/shared_leopard_toad/2024/02.10.2024/5R/106MEDIA/DSCF0794.JPG,DSCF0794.JPG,5R/106MEDIA,0,Other_Amphibian,0.2089,1961.4,-2.8,2162.8,102.9
/srv/shared_leopard_toad/2024/02.10.2024/5R/106MEDIA/DSCF0940.JPG,DSCF0940.JPG,5R/106MEDIA,0,Other_Amphibian,0.2384,1961.9,-2.5,2162.4,104.1
/srv/shared_leopard_toad/2024/02.10.2024/5R/106MEDIA/DSCF0902.JPG,DSCF0902.JPG,5R/106MEDIA,0,Other_Amphibian,0.2559,1963.1,-2.6,2167.9,101.1
/srv/shared_leopard_toad/2024/02.10.2024/5R/106MEDIA/DSCF0778.JPG,DSCF0778.JPG,5R/106MEDIA,0,Other_Amphibian,0.2386,1963.7,-2.3,2160.6,103.5
/srv/shared_leopard_toad/2024/02.10.2024/5R/106MEDIA/DSCF0059.JPG,DSCF0059.JPG,5R/106MEDIA,0,Other_Amphibian,0.3362,1956.7,-0.2,2138.3,107.0
/srv/shared_leopard_toad/2024/02.10.2024/5R/106MEDIA/DSCF0059.JPG,DSCF0059.JPG,5R/106MEDIA,0,Other_Amphibian,0.2480,1958.3,-3.3,2145.7,106.2
/srv/shared_leopard_toad/2024/02.10.2024/5R/106MEDIA/DSCF0088.JPG,DSCF0088.JPG,5R/106MEDIA,0,Other_Amphibian,0.2356,1952.3,-0.1,2142.7,106.7
/srv/shared_leopard_toad/2024/02.10.2024/5R/106MEDIA/DSCF0088.JPG,DSCF0088.JPG,5R/106MEDIA,0,Other_Amphibian,0.2150,1954.1,-3.2,2149.9,104.7
/srv/shared_leopard_toad/2024/02.10.2024/5R/106MEDIA/DSCF0278.JPG,DSCF0278.JPG,5R/106MEDIA,0,Other_Amphibian,0.2566,1953.1,0.3,2141.9,104.9
/srv/shared_leopard_toad/2024/02.10.2024/5R/106MEDIA/DSCF0278.JPG,DSCF0278.JPG,5R/106MEDIA,0,Other_Amphibian,0.2222,1956.5,-3.5,2149.7,103.6
/srv/shared_leopard_toad/2024/02.10.2024/5R/106MEDIA/DSCF0625.JPG,DSCF0625.JPG,5R/106MEDIA,0,Other_Amphibian,0.2086,1961.4,-3.5,2162.8,103.6
/srv/shared_leopard_toad/2024/02.10.2024/5R/106MEDIA/DSCF0645.JPG,DSCF0645.JPG,5R/106MEDIA,0,Other_Amphibian,0.2598,1960.0,-2.4,2162.0,104.8
/srv/shared_leopard_toad/2024/02.10.2024/5R/106MEDIA/DSCF0216.JPG,DSCF0216.JPG,5R/106MEDIA,0,Other_Amphibian,0.4607,1953.3,0.2,2135.0,106.4
/srv/shared_leopard_toad/2024/02.10.2024/5R/106MEDIA/DSCF0216.JPG,DSCF0216.JPG,5R/106MEDIA,0,Other_Amphibian,0.2332,1952.5,-2.3,2138.0,106.1
/srv/shared_leopard_toad/2024/02.10.2024/5R/106MEDIA/DSCF0050.JPG,DSCF0050.JPG,5R/106MEDIA,0,Other_Amphibian,0.5391,1961.0,-0.1,2143.0,104.5
/srv/shared_leopard_toad/2024/02.10.2024/5R/106MEDIA/DSCF0050.JPG,DSCF0050.JPG,5R/106MEDIA,0,Other_Amphibian,0.3054,1956.9,-2.3,2142.6,104.5
/srv/shared_leopard_toad/2024/02.10.2024/5R/106MEDIA/DSCF0327.JPG,DSCF0327.JPG,5R/106MEDIA,0,Other_Amphibian,0.2554,1954.0,0.5,2134.3,104.5
/srv/shared_leopard_toad/2024/02.10.2024/5R/106MEDIA/DSCF0727.JPG,DSCF0727.JPG,5R/106MEDIA,0,Other_Amphibian,0.2240,1958.6,-3.1,2158.9,105.2
/srv/shared_leopard_toad/2024/02.10.2024/5R/106MEDIA/DSCF0840.JPG,DSCF0840.JPG,5R/106MEDIA,0,Other_Amphibian,0.2068,1964.6,-2.3,2168.6,103.9
/srv/shared_leopard_toad/2024/02.10.2024/5R/106MEDIA/DSCF0605.JPG,DSCF0605.JPG,5R/106MEDIA,0,Other_Amphibian,0.2073,1958.6,-4.0,2156.6,101.4
/srv/shared_leopard_toad/2024/02.10.2024/5R/106MEDIA/DSCF0222.JPG,DSCF0222.JPG,5R/106MEDIA,0,Other_Amphibian,0.2075,1554.2,-7.4,1692.6,145.5
/srv/shared_leopard_toad/2024/02.10.2024/5R/106MEDIA/DSCF0068.JPG,DSCF0068.JPG,5R/106MEDIA,0,Other_Amphibian,0.4014,1953.2,-0.2,2141.8,106.6
/srv/shared_leopard_toad/2024/02.10.2024/5R/106MEDIA/DSCF0068.JPG,DSCF0068.JPG,5R/106MEDIA,0,Other_Amphibian,0.2527,1952.2,-2.0,2142.8,106.4
/srv/shared_leopard_toad/2024/02.10.2024/5R/106MEDIA/DSCF0025.JPG,DSCF0025.JPG,5R/106MEDIA,0,Other_Amphibian,0.3030,1952.6,-0.1,2144.7,106.0
/srv/shared_leopard_toad/2024/02.10.2024/5R/106MEDIA/DSCF0025.JPG,DSCF0025.JPG,5R/106MEDIA,0,Other_Amphibian,0.2310,1953.6,-3.0,2148.2,104.5
/srv/shared_leopard_toad/2024/02.10.2024/5R/106MEDIA/DSCF0997.JPG,DSCF0997.JPG,5R/106MEDIA,0,Other_Amphibian,0.2666,1559.0,-0.9,1667.5,98.6
/srv/shared_leopard_toad/2024/02.10.2024/5R/106MEDIA/DSCF0365.JPG,DSCF0365.JPG,5R/106MEDIA,0,Other_Amphibian,0.2681,1552.7,-6.0,1687.3,152.9
/srv/shared_leopard_toad/2024/02.10.2024/5R/106MEDIA/DSCF0693.JPG,DSCF0693.JPG,5R/106MEDIA,0,Other_Amphibian,0.3049,1961.1,-1.3,2165.4,104.1
/srv/shared_leopard_toad/2024/02.10.2024/5R/106MEDIA/DSCF0772.JPG,DSCF0772.JPG,5R/106MEDIA,0,Other_Amphibian,0.2347,1960.9,-2.6,2172.3,102.5
/srv/shared_leopard_toad/2024/02.10.2024/5R/106MEDIA/DSCF0844.JPG,DSCF0844.JPG,5R/106MEDIA,0,Other_Amphibian,0.2162,1556.2,-6.2,1692.8,148.4
/srv/shared_leopard_toad/2024/02.10.2024/5R/106MEDIA/DSCF0886.JPG,DSCF0886.JPG,5R/106MEDIA,0,Other_Amphibian,0.2930,1958.0,-1.7,2166.3,105.8
/srv/shared_leopard_toad/2024/02.10.2024/5R/106MEDIA/DSCF0849.JPG,DSCF0849.JPG,5R/106MEDIA,0,Other_Amphibian,0.3044,1960.2,-1.9,2170.8,105.6
/srv/shared_leopard_toad/2024/02.10.2024/5R/106MEDIA/DSCF0916.JPG,DSCF0916.JPG,5R/106MEDIA,0,Other_Amphibian,0.3135,1962.1,-1.4,2177.9,101.9
/srv/shared_leopard_toad/2024/02.10.2024/5R/106MEDIA/DSCF0550.JPG,DSCF0550.JPG,5R/106MEDIA,0,Other_Amphibian,0.2189,1960.5,-3.5,2154.8,102.3
/srv/shared_leopard_toad/2024/02.10.2024/5R/106MEDIA/DSCF0015.JPG,DSCF0015.JPG,5R/106MEDIA,0,Other_Amphibian,0.3223,1951.7,0.4,2145.6,103.3
/srv/shared_leopard_toad/2024/02.10.2024/5R/106MEDIA/DSCF0015.JPG,DSCF0015.JPG,5R/106MEDIA,0,Other_Amphibian,0.3027,1953.4,-2.0,2159.6,102.5
/srv/shared_leopard_toad/2024/02.10.2024/5R/106MEDIA/DSCF0839.JPG,DSCF0839.JPG,5R/106MEDIA,0,Other_Amphibian,0.2198,1960.0,-2.2,2171.0,105.8
/srv/shared_leopard_toad/2024/02.10.2024/5R/106MEDIA/DSCF0076.JPG,DSCF0076.JPG,5R/106MEDIA,0,Other_Amphibian,0.2327,1957.6,0.1,2139.6,104.1
/srv/shared_leopard_toad/2024/02.10.2024/5R/106MEDIA/DSCF0690.JPG,DSCF0690.JPG,5R/106MEDIA,0,Other_Amphibian,0.2281,1959.5,-3.2,2164.7,105.0
/srv/shared_leopard_toad/2024/02.10.2024/5R/106MEDIA/DSCF0232.JPG,DSCF0232.JPG,5R/106MEDIA,0,Other_Amphibian,0.2925,1953.1,-2.7,2141.9,104.8
/srv/shared_leopard_toad/2024/02.10.2024/5R/106MEDIA/DSCF0232.JPG,DSCF0232.JPG,5R/106MEDIA,0,Other_Amphibian,0.2152,1949.1,-0.2,2136.9,105.4
/srv/shared_leopard_toad/2024/02.10.2024/5R/106MEDIA/DSCF0545.JPG,DSCF0545.JPG,5R/106MEDIA,0,Other_Amphibian,0.2517,1960.5,-3.4,2154.8,103.5
/srv/shared_leopard_toad/2024/02.10.2024/5R/106MEDIA/DSCF0377.JPG,DSCF0377.JPG,5R/106MEDIA,0,Other_Amphibian,0.2017,1958.8,0.0,2154.2,102.8
/srv/shared_leopard_toad/2024/02.10.2024/5R/106MEDIA/DSCF0705.JPG,DSCF0705.JPG,5R/106MEDIA,0,Other_Amphibian,0.2397,1962.1,-3.1,2168.9,103.0
/srv/shared_leopard_toad/2024/02.10.2024/5R/106MEDIA/DSCF0830.JPG,DSCF0830.JPG,5R/106MEDIA,0,Other_Amphibian,0.2217,1964.1,-3.1,2166.9,102.6
/srv/shared_leopard_toad/2024/02.10.2024/5R/106MEDIA/DSCF0048.JPG,DSCF0048.JPG,5R/106MEDIA,0,Other_Amphibian,0.2991,1955.1,-0.4,2139.9,104.9
/srv/shared_leopard_toad/2024/02.10.2024/5R/106MEDIA/DSCF0048.JPG,DSCF0048.JPG,5R/106MEDIA,0,Other_Amphibian,0.2428,1957.2,-2.9,2149.0,103.7
/srv/shared_leopard_toad/2024/02.10.2024/5R/106MEDIA/DSCF0150.JPG,DSCF0150.JPG,5R/106MEDIA,0,Other_Amphibian,0.3196,1955.0,-2.8,2151.2,104.3
/srv/shared_leopard_toad/2024/02.10.2024/5R/106MEDIA/DSCF0643.JPG,DSCF0643.JPG,5R/106MEDIA,0,Other_Amphibian,0.2378,1957.5,-3.0,2157.8,106.3
/srv/shared_leopard_toad/2024/02.10.2024/5R/106MEDIA/DSCF0323.JPG,DSCF0323.JPG,5R/106MEDIA,0,Other_Amphibian,0.2068,1551.4,-6.2,1688.6,138.7
/srv/shared_leopard_toad/2024/02.10.2024/5R/106MEDIA/DSCF0013.JPG,DSCF0013.JPG,5R/106MEDIA,0,Other_Amphibian,0.5649,1951.0,-0.2,2126.0,105.0
/srv/shared_leopard_toad/2024/02.10.2024/5R/106MEDIA/DSCF0013.JPG,DSCF0013.JPG,5R/106MEDIA,0,Other_Amphibian,0.2417,1950.9,-1.3,2144.1,104.9
/srv/shared_leopard_toad/2024/02.10.2024/5R/106MEDIA/DSCF0876.JPG,DSCF0876.JPG,5R/106MEDIA,0,Other_Amphibian,0.3569,1959.8,-1.6,2171.2,104.5
/srv/shared_leopard_toad/2024/02.10.2024/5R/106MEDIA/DSCF0108.JPG,DSCF0108.JPG,5R/106MEDIA,0,Other_Amphibian,0.2898,1955.6,-3.0,2148.4,104.7
/srv/shared_leopard_toad/2024/02.10.2024/5R/106MEDIA/DSCF0108.JPG,DSCF0108.JPG,5R/106MEDIA,0,Other_Amphibian,0.2668,1955.2,-0.2,2148.8,105.1
/srv/shared_leopard_toad/2024/02.10.2024/5R/106MEDIA/DSCF0153.JPG,DSCF0153.JPG,5R/106MEDIA,0,Other_Amphibian,0.2700,1957.4,-3.2,2151.1,103.9
/srv/shared_leopard_toad/2024/02.10.2024/5R/106MEDIA/DSCF0153.JPG,DSCF0153.JPG,5R/106MEDIA,0,Other_Amphibian,0.2261,1953.9,-0.0,2147.8,104.6
/srv/shared_leopard_toad/2024/02.10.2024/5R/106MEDIA/DSCF0996.JPG,DSCF0996.JPG,5R/106MEDIA,0,Other_Amphibian,0.3713,1556.7,-1.7,1667.5,96.2
/srv/shared_leopard_toad/2024/02.10.2024/5R/106MEDIA/DSCF0119.JPG,DSCF0119.JPG,5R/106MEDIA,0,Other_Amphibian,0.3528,1957.9,0.3,2143.9,103.1
/srv/shared_leopard_toad/2024/02.10.2024/5R/106MEDIA/DSCF0119.JPG,DSCF0119.JPG,5R/106MEDIA,0,Other_Amphibian,0.2839,1954.2,-2.8,2143.1,102.5
/srv/shared_leopard_toad/2024/02.10.2024/5R/106MEDIA/DSCF0469.JPG,DSCF0469.JPG,5R/106MEDIA,0,Other_Amphibian,0.2190,1555.6,-6.7,1688.9,149.4
/srv/shared_leopard_toad/2024/02.10.2024/5R/106MEDIA/DSCF0398.JPG,DSCF0398.JPG,5R/106MEDIA,0,Other_Amphibian,0.2334,1958.6,-4.0,2154.4,103.3
/srv/shared_leopard_toad/2024/02.10.2024/5R/106MEDIA/DSCF0398.JPG,DSCF0398.JPG,5R/106MEDIA,0,Other_Amphibian,0.2010,1958.1,-0.7,2154.9,104.3
/srv/shared_leopard_toad/2024/02.10.2024/5R/106MEDIA/DSCF0205.JPG,DSCF0205.JPG,5R/106MEDIA,0,Other_Amphibian,0.2588,1953.8,-2.3,2143.4,104.1
/srv/shared_leopard_toad/2024/02.10.2024/5R/106MEDIA/DSCF0205.JPG,DSCF0205.JPG,5R/106MEDIA,0,Other_Amphibian,0.2367,1552.6,-6.1,1687.4,133.2
/srv/shared_leopard_toad/2024/02.10.2024/5R/106MEDIA/DSCF0540.JPG,DSCF0540.JPG,5R/106MEDIA,0,Other_Amphibian,0.2386,1959.0,-3.2,2156.3,103.5
/srv/shared_leopard_toad/2024/02.10.2024/5R/106MEDIA/DSCF0112.JPG,DSCF0112.JPG,5R/106MEDIA,0,Other_Amphibian,0.3469,1952.2,-0.1,2138.3,105.6
/srv/shared_leopard_toad/2024/02.10.2024/5R/106MEDIA/DSCF0112.JPG,DSCF0112.JPG,5R/106MEDIA,0,Other_Amphibian,0.2356,1953.7,-3.7,2148.0,103.8
/srv/shared_leopard_toad/2024/02.10.2024/5R/106MEDIA/DSCF0111.JPG,DSCF0111.JPG,5R/106MEDIA,0,Other_Amphibian,0.2268,1955.2,0.5,2151.0,104.5
/srv/shared_leopard_toad/2024/02.10.2024/5R/106MEDIA/DSCF0111.JPG,DSCF0111.JPG,5R/106MEDIA,0,Other_Amphibian,0.2194,1957.5,-3.2,2155.5,103.5
/srv/shared_leopard_toad/2024/02.10.2024/5R/106MEDIA/DSCF0586.JPG,DSCF0586.JPG,5R/106MEDIA,0,Other_Amphibian,0.2900,1958.3,-3.0,2157.0,106.7
/srv/shared_leopard_toad/2024/02.10.2024/5R/106MEDIA/DSCF0229.JPG,DSCF0229.JPG,5R/106MEDIA,0,Other_Amphibian,0.2430,1555.6,-6.2,1688.9,141.5
/srv/shared_leopard_toad/2024/02.10.2024/5R/106MEDIA/DSCF0163.JPG,DSCF0163.JPG,5R/106MEDIA,0,Other_Amphibian,0.2113,1958.4,-3.4,2154.6,102.3
/srv/shared_leopard_toad/2024/02.10.2024/5R/106MEDIA/DSCF0587.JPG,DSCF0587.JPG,5R/106MEDIA,0,Other_Amphibian,0.2825,1961.4,-2.9,2162.8,103.3
/srv/shared_leopard_toad/2024/02.10.2024/5R/106MEDIA/DSCF0711.JPG,DSCF0711.JPG,5R/106MEDIA,0,Other_Amphibian,0.2190,1961.2,-3.0,2154.0,107.1
/srv/shared_leopard_toad/2024/02.10.2024/5R/106MEDIA/DSCF0470.JPG,DSCF0470.JPG,5R/106MEDIA,0,Other_Amphibian,0.2069,1554.2,-6.3,1685.8,136.6
/srv/shared_leopard_toad/2024/02.10.2024/5R/106MEDIA/DSCF0863.JPG,DSCF0863.JPG,5R/106MEDIA,0,Other_Amphibian,0.2493,1959.5,-2.4,2171.5,105.2
/srv/shared_leopard_toad/2024/02.10.2024/5R/106MEDIA/DSCF0128.JPG,DSCF0128.JPG,5R/106MEDIA,0,Other_Amphibian,0.3215,1956.7,-2.8,2149.5,103.9
/srv/shared_leopard_toad/2024/02.10.2024/5R/106MEDIA/DSCF0128.JPG,DSCF0128.JPG,5R/106MEDIA,0,Other_Amphibian,0.2474,1952.2,-0.3,2145.0,104.7
/srv/shared_leopard_toad/2024/02.10.2024/5R/106MEDIA/DSCF0011.JPG,DSCF0011.JPG,5R/106MEDIA,0,Other_Amphibian,0.4683,1944.4,0.2,2132.6,106.8
/srv/shared_leopard_toad/2024/02.10.2024/5R/106MEDIA/DSCF0011.JPG,DSCF0011.JPG,5R/106MEDIA,0,Other_Amphibian,0.3459,1950.8,-0.7,2151.0,107.3
/srv/shared_leopard_toad/2024/02.10.2024/5R/106MEDIA/DSCF0570.JPG,DSCF0570.JPG,5R/106MEDIA,0,Other_Amphibian,0.2261,1957.6,-3.2,2164.4,103.7
/srv/shared_leopard_toad/2024/02.10.2024/5R/106MEDIA/DSCF0785.JPG,DSCF0785.JPG,5R/106MEDIA,0,Other_Amphibian,0.2327,1960.5,-2.4,2170.5,102.3
/srv/shared_leopard_toad/2024/02.10.2024/5R/106MEDIA/DSCF0073.JPG,DSCF0073.JPG,5R/106MEDIA,0,Other_Amphibian,0.4075,1956.6,-0.6,2140.7,105.1
/srv/shared_leopard_toad/2024/02.10.2024/5R/106MEDIA/DSCF0999.JPG,DSCF0999.JPG,5R/106MEDIA,0,Other_Amphibian,0.3962,1556.4,-1.6,1663.3,92.4
/srv/shared_leopard_toad/2024/02.10.2024/5R/106MEDIA/DSCF0017.JPG,DSCF0017.JPG,5R/106MEDIA,0,Other_Amphibian,0.2761,1953.6,-0.2,2148.2,104.3
/srv/shared_leopard_toad/2024/02.10.2024/5R/106MEDIA/DSCF0017.JPG,DSCF0017.JPG,5R/106MEDIA,0,Other_Amphibian,0.2384,1953.9,-3.0,2150.1,102.9
/srv/shared_leopard_toad/2024/02.10.2024/5R/106MEDIA/DSCF0440.JPG,DSCF0440.JPG,5R/106MEDIA,0,Other_Amphibian,0.3154,1957.9,-1.6,2150.6,103.4
/srv/shared_leopard_toad/2024/02.10.2024/5R/106MEDIA/DSCF0779.JPG,DSCF0779.JPG,5R/106MEDIA,0,Other_Amphibian,0.2372,1959.6,-2.6,2171.4,105.6
/srv/shared_leopard_toad/2024/02.10.2024/5R/106MEDIA/DSCF0075.JPG,DSCF0075.JPG,5R/106MEDIA,0,Other_Amphibian,0.2588,1955.7,-0.4,2139.3,104.5
/srv/shared_leopard_toad/2024/02.10.2024/5R/106MEDIA/DSCF0375.JPG,DSCF0375.JPG,5R/106MEDIA,0,Other_Amphibian,0.2520,1957.1,-3.3,2149.2,103.2
/srv/shared_leopard_toad/2024/02.10.2024/5R/106MEDIA/DSCF0375.JPG,DSCF0375.JPG,5R/106MEDIA,0,Other_Amphibian,0.2200,1954.5,-0.4,2145.0,103.7
/srv/shared_leopard_toad/2024/02.10.2024/5R/106MEDIA/DSCF0104.JPG,DSCF0104.JPG,5R/106MEDIA,0,Other_Amphibian,0.2035,1954.9,-2.8,2151.4,105.8
/srv/shared_leopard_toad/2024/02.10.2024/5R/106MEDIA/DSCF0043.JPG,DSCF0043.JPG,5R/106MEDIA,0,Other_Amphibian,0.2573,1953.4,-0.5,2141.6,105.7
/srv/shared_leopard_toad/2024/02.10.2024/5R/106MEDIA/DSCF0275.JPG,DSCF0275.JPG,5R/106MEDIA,0,Other_Amphibian,0.2810,1957.4,-0.4,2148.8,102.2
/srv/shared_leopard_toad/2024/02.10.2024/5R/106MEDIA/DSCF0275.JPG,DSCF0275.JPG,5R/106MEDIA,0,Other_Amphibian,0.2544,1961.7,-3.6,2151.3,101.8
/srv/shared_leopard_toad/2024/02.10.2024/5R/106MEDIA/DSCF0654.JPG,DSCF0654.JPG,5R/106MEDIA,0,Other_Amphibian,0.2026,1961.2,-3.4,2169.8,102.7
/srv/shared_leopard_toad/2024/02.10.2024/5R/106MEDIA/DSCF0132.JPG,DSCF0132.JPG,5R/106MEDIA,0,Other_Amphibian,0.3235,1954.3,-1.8,2147.5,105.8
/srv/shared_leopard_toad/2024/02.10.2024/5R/106MEDIA/DSCF0132.JPG,DSCF0132.JPG,5R/106MEDIA,0,Other_Amphibian,0.2664,1954.3,-0.4,2154.2,106.0
/srv/shared_leopard_toad/2024/02.10.2024/5R/106MEDIA/DSCF0126.JPG,DSCF0126.JPG,5R/106MEDIA,0,Other_Amphibian,0.2139,1954.9,-4.0,2151.4,103.3
/srv/shared_leopard_toad/2024/02.10.2024/5R/106MEDIA/DSCF0126.JPG,DSCF0126.JPG,5R/106MEDIA,0,Other_Amphibian,0.2129,1951.5,-1.0,2148.0,105.8
/srv/shared_leopard_toad/2024/02.10.2024/5R/106MEDIA/DSCF0093.JPG,DSCF0093.JPG,5R/106MEDIA,0,Other_Amphibian,0.2981,1955.3,0.6,2139.7,105.2
/srv/shared_leopard_toad/2024/02.10.2024/5R/106MEDIA/DSCF0093.JPG,DSCF0093.JPG,5R/106MEDIA,0,Other_Amphibian,0.2269,1955.2,-3.4,2146.6,101.9
/srv/shared_leopard_toad/2024/02.10.2024/5R/106MEDIA/DSCF0535.JPG,DSCF0535.JPG,5R/106MEDIA,0,Other_Amphibian,0.3413,1963.0,-2.5,2152.3,101.8
/srv/shared_leopard_toad/2024/02.10.2024/5R/106MEDIA/DSCF0535.JPG,DSCF0535.JPG,5R/106MEDIA,0,Other_Amphibian,0.3254,1960.6,-1.2,2152.4,101.9
/srv/shared_leopard_toad/2024/02.10.2024/5R/106MEDIA/DSCF0199.JPG,DSCF0199.JPG,5R/106MEDIA,0,Other_Amphibian,0.4478,1955.7,0.1,2139.3,105.9
/srv/shared_leopard_toad/2024/02.10.2024/5R/106MEDIA/DSCF0199.JPG,DSCF0199.JPG,5R/106MEDIA,0,Other_Amphibian,0.3911,1956.2,-2.3,2141.0,105.6
/srv/shared_leopard_toad/2024/02.10.2024/5R/106MEDIA/DSCF0120.JPG,DSCF0120.JPG,5R/106MEDIA,0,Other_Amphibian,0.2383,1951.6,-0.6,2143.4,105.5
/srv/shared_leopard_toad/2024/02.10.2024/5R/106MEDIA/DSCF0120.JPG,DSCF0120.JPG,5R/106MEDIA,0,Other_Amphibian,0.2118,1559.6,-6.5,1680.4,119.4
/srv/shared_leopard_toad/2024/02.10.2024/5R/106MEDIA/DSCF0166.JPG,DSCF0166.JPG,5R/106MEDIA,0,Other_Amphibian,0.2487,1955.2,-3.3,2148.8,104.4
/srv/shared_leopard_toad/2024/02.10.2024/5R/106MEDIA/DSCF0441.JPG,DSCF0441.JPG,5R/106MEDIA,0,Other_Amphibian,0.4229,1959.2,-1.5,2153.8,104.3
/srv/shared_leopard_toad/2024/02.10.2024/5R/106MEDIA/DSCF0698.JPG,DSCF0698.JPG,5R/106MEDIA,0,Other_Amphibian,0.2297,1556.1,-6.6,1692.9,151.5
/srv/shared_leopard_toad/2024/02.10.2024/5R/106MEDIA/DSCF0219.JPG,DSCF0219.JPG,5R/106MEDIA,0,Other_Amphibian,0.3008,1956.7,-1.9,2151.8,104.7
/srv/shared_leopard_toad/2024/02.10.2024/5R/106MEDIA/DSCF0737.JPG,DSCF0737.JPG,5R/106MEDIA,0,Other_Amphibian,0.2374,1956.4,-2.8,2156.6,104.1
/srv/shared_leopard_toad/2024/02.10.2024/5R/106MEDIA/DSCF0737.JPG,DSCF0737.JPG,5R/106MEDIA,0,Other_Amphibian,0.2029,1958.3,-0.8,2159.2,104.2
/srv/shared_leopard_toad/2024/02.10.2024/5R/106MEDIA/DSCF0177.JPG,DSCF0177.JPG,5R/106MEDIA,0,Other_Amphibian,0.2571,1954.8,-3.0,2144.7,103.7
/srv/shared_leopard_toad/2024/02.10.2024/5R/106MEDIA/DSCF0177.JPG,DSCF0177.JPG,5R/106MEDIA,0,Other_Amphibian,0.2242,1950.4,0.5,2137.9,105.0
/srv/shared_leopard_toad/2024/02.10.2024/5R/106MEDIA/DSCF0427.JPG,DSCF0427.JPG,5R/106MEDIA,0,Other_Amphibian,0.2170,1956.9,-3.5,2156.1,105.2
/srv/shared_leopard_toad/2024/02.10.2024/5R/106MEDIA/DSCF0046.JPG,DSCF0046.JPG,5R/106MEDIA,0,Other_Amphibian,0.3174,1954.5,0.0,2145.0,104.9
/srv/shared_leopard_toad/2024/02.10.2024/5R/106MEDIA/DSCF0046.JPG,DSCF0046.JPG,5R/106MEDIA,0,Other_Amphibian,0.2922,1952.9,-2.8,2142.1,104.7
/srv/shared_leopard_toad/2024/02.10.2024/5R/106MEDIA/DSCF0028.JPG,DSCF0028.JPG,5R/106MEDIA,0,Other_Amphibian,0.2581,1958.6,-3.1,2156.6,101.5
/srv/shared_leopard_toad/2024/02.10.2024/5R/106MEDIA/DSCF0028.JPG,DSCF0028.JPG,5R/106MEDIA,0,Other_Amphibian,0.2362,1960.0,0.0,2157.5,102.6
/srv/shared_leopard_toad/2024/02.10.2024/5R/106MEDIA/DSCF0694.JPG,DSCF0694.JPG,5R/106MEDIA,0,Other_Amphibian,0.4446,1960.0,-1.5,2164.3,105.1
/srv/shared_leopard_toad/2024/02.10.2024/5R/106MEDIA/DSCF0032.JPG,DSCF0032.JPG,5R/106MEDIA,0,Other_Amphibian,0.2274,1955.6,-3.8,2152.9,103.3
/srv/shared_leopard_toad/2024/02.10.2024/5R/106MEDIA/DSCF0032.JPG,DSCF0032.JPG,5R/106MEDIA,0,Other_Amphibian,0.2179,1954.5,-1.1,2151.8,104.3
/srv/shared_leopard_toad/2024/02.10.2024/5R/106MEDIA/DSCF0306.JPG,DSCF0306.JPG,5R/106MEDIA,0,Other_Amphibian,0.2622,1552.8,-7.2,1691.7,148.6
/srv/shared_leopard_toad/2024/02.10.2024/5R/106MEDIA/DSCF0131.JPG,DSCF0131.JPG,5R/106MEDIA,0,Other_Amphibian,0.2462,1953.6,-0.2,2143.6,105.0
/srv/shared_leopard_toad/2024/02.10.2024/5R/106MEDIA/DSCF0131.JPG,DSCF0131.JPG,5R/106MEDIA,0,Other_Amphibian,0.2334,1957.2,-3.5,2149.0,103.4
/srv/shared_leopard_toad/2024/02.10.2024/5R/106MEDIA/DSCF0932.JPG,DSCF0932.JPG,5R/106MEDIA,0,Other_Amphibian,0.4028,1961.0,-1.0,2154.2,105.6
/srv/shared_leopard_toad/2024/02.10.2024/5R/106MEDIA/DSCF0928.JPG,DSCF0928.JPG,5R/106MEDIA,0,Other_Amphibian,0.2474,1959.0,-2.2,2172.0,105.4
/srv/shared_leopard_toad/2024/02.10.2024/5R/106MEDIA/DSCF0291.JPG,DSCF0291.JPG,5R/106MEDIA,0,Other_Amphibian,0.2238,1552.9,-6.4,1687.1,136.9
/srv/shared_leopard_toad/2024/02.10.2024/5R/106MEDIA/DSCF0021.JPG,DSCF0021.JPG,5R/106MEDIA,0,Other_Amphibian,0.2255,1950.2,0.1,2138.1,106.2
/srv/shared_leopard_toad/2024/02.10.2024/5R/106MEDIA/DSCF0054.JPG,DSCF0054.JPG,5R/106MEDIA,0,Other_Amphibian,0.2786,1955.1,-0.8,2157.9,106.8
/srv/shared_leopard_toad/2024/02.10.2024/5R/106MEDIA/DSCF0334.JPG,DSCF0334.JPG,5R/106MEDIA,0,Other_Amphibian,0.2350,1554.4,-7.1,1685.6,145.3
/srv/shared_leopard_toad/2024/02.10.2024/5R/106MEDIA/DSCF0481.JPG,DSCF0481.JPG,5R/106MEDIA,0,Other_Amphibian,0.2061,1961.2,0.0,2158.5,105.4
/srv/shared_leopard_toad/2024/02.10.2024/5R/106MEDIA/DSCF0481.JPG,DSCF0481.JPG,5R/106MEDIA,0,Other_Amphibian,0.2056,1958.3,-3.0,2157.0,104.1
/srv/shared_leopard_toad/2024/02.10.2024/5R/106MEDIA/DSCF0696.JPG,DSCF0696.JPG,5R/106MEDIA,0,Other_Amphibian,0.2871,1963.7,-2.3,2158.3,105.2
/srv/shared_leopard_toad/2024/02.10.2024/5R/106MEDIA/DSCF0204.JPG,DSCF0204.JPG,5R/106MEDIA,0,Other_Amphibian,0.2079,1957.9,-3.8,2148.3,101.2
/srv/shared_leopard_toad/2024/02.10.2024/5R/106MEDIA/DSCF0204.JPG,DSCF0204.JPG,5R/106MEDIA,0,Other_Amphibian,0.2070,1957.4,0.1,2142.1,103.7
/srv/shared_leopard_toad/2024/02.10.2024/5R/106MEDIA/DSCF0294.JPG,DSCF0294.JPG,5R/106MEDIA,0,Other_Amphibian,0.2028,1954.8,0.4,2140.2,103.3
/srv/shared_leopard_toad/2024/02.10.2024/5R/106MEDIA/DSCF0142.JPG,DSCF0142.JPG,5R/106MEDIA,0,Other_Amphibian,0.2487,1955.5,-2.8,2153.0,104.7
/srv/shared_leopard_toad/2024/02.10.2024/5R/106MEDIA/DSCF0142.JPG,DSCF0142.JPG,5R/106MEDIA,0,Other_Amphibian,0.2195,1949.1,-0.2,2145.9,105.6
/srv/shared_leopard_toad/2024/02.10.2024/5R/106MEDIA/DSCF0066.JPG,DSCF0066.JPG,5R/106MEDIA,0,Other_Amphibian,0.4485,1955.8,-0.1,2139.2,105.6
/srv/shared_leopard_toad/2024/02.10.2024/5R/106MEDIA/DSCF0066.JPG,DSCF0066.JPG,5R/106MEDIA,0,Other_Amphibian,0.2344,1953.8,-2.7,2141.2,104.5
/srv/shared_leopard_toad/2024/02.10.2024/5R/106MEDIA/DSCF0019.JPG,DSCF0019.JPG,5R/106MEDIA,0,Other_Amphibian,0.2109,1953.6,-0.1,2141.4,104.9
/srv/shared_leopard_toad/2024/02.10.2024/5R/106MEDIA/DSCF0160.JPG,DSCF0160.JPG,5R/106MEDIA,0,Other_Amphibian,0.2537,1958.3,-3.2,2154.7,102.3
/srv/shared_leopard_toad/2024/02.10.2024/5R/106MEDIA/DSCF0160.JPG,DSCF0160.JPG,5R/106MEDIA,0,Other_Amphibian,0.2139,1954.9,0.1,2151.4,104.5
/srv/shared_leopard_toad/2024/02.10.2024/5R/106MEDIA/DSCF0818.JPG,DSCF0818.JPG,5R/106MEDIA,0,Other_Amphibian,0.2208,1961.2,-2.1,2178.8,104.5
/srv/shared_leopard_toad/2024/02.10.2024/5R/106MEDIA/DSCF0583.JPG,DSCF0583.JPG,5R/106MEDIA,0,Other_Amphibian,0.2426,1961.1,-3.4,2156.4,102.9
/srv/shared_leopard_toad/2024/02.10.2024/5R/106MEDIA/DSCF0005.JPG,DSCF0005.JPG,5R/106MEDIA,0,Other_Amphibian,0.3418,1949.1,-0.1,2136.9,106.0
/srv/shared_leopard_toad/2024/02.10.2024/5R/106MEDIA/DSCF0005.JPG,DSCF0005.JPG,5R/106MEDIA,0,Other_Amphibian,0.3000,1953.7,-0.5,2163.8,106.0
/srv/shared_leopard_toad/2024/02.10.2024/5R/106MEDIA/DSCF0172.JPG,DSCF0172.JPG,5R/106MEDIA,0,Other_Amphibian,0.2441,1951.5,-0.0,2143.5,106.4
/srv/shared_leopard_toad/2024/02.10.2024/5R/106MEDIA/DSCF0172.JPG,DSCF0172.JPG,5R/106MEDIA,0,Other_Amphibian,0.2384,1956.7,-3.2,2147.3,105.2
/srv/shared_leopard_toad/2024/02.10.2024/5R/106MEDIA/DSCF0467.JPG,DSCF0467.JPG,5R/106MEDIA,0,Other_Amphibian,0.2301,1553.9,-6.1,1686.1,142.2
/srv/shared_leopard_toad/2024/02.10.2024/5R/106MEDIA/DSCF0274.JPG,DSCF0274.JPG,5R/106MEDIA,0,Other_Amphibian,0.4409,1956.0,-1.5,2143.5,104.9
/srv/shared_leopard_toad/2024/02.10.2024/5R/106MEDIA/DSCF0274.JPG,DSCF0274.JPG,5R/106MEDIA,0,Other_Amphibian,0.2610,1952.2,0.0,2142.8,104.9
/srv/shared_leopard_toad/2024/02.10.2024/5R/106MEDIA/DSCF0797.JPG,DSCF0797.JPG,5R/106MEDIA,0,Other_Amphibian,0.2744,1962.1,-2.2,2168.9,102.9
/srv/shared_leopard_toad/2024/02.10.2024/5R/106MEDIA/DSCF0665.JPG,DSCF0665.JPG,5R/106MEDIA,0,Other_Amphibian,0.2847,1959.5,-2.2,2171.5,106.2
/srv/shared_leopard_toad/2024/02.10.2024/5R/106MEDIA/DSCF0557.JPG,DSCF0557.JPG,5R/106MEDIA,0,Other_Amphibian,0.3696,1960.5,-2.1,2152.5,105.0
/srv/shared_leopard_toad/2024/02.10.2024/5R/106MEDIA/DSCF0557.JPG,DSCF0557.JPG,5R/106MEDIA,0,Other_Amphibian,0.2407,1955.0,-0.6,2151.2,104.7
/srv/shared_leopard_toad/2024/02.10.2024/5R/106MEDIA/DSCF0496.JPG,DSCF0496.JPG,5R/106MEDIA,0,Other_Amphibian,0.3149,1556.1,-5.7,1683.9,131.9
/srv/shared_leopard_toad/2024/02.10.2024/5R/106MEDIA/DSCF0496.JPG,DSCF0496.JPG,5R/106MEDIA,0,Other_Amphibian,0.2133,1551.2,-10.6,1679.8,132.7
/srv/shared_leopard_toad/2024/02.10.2024/5R/106MEDIA/DSCF0035.JPG,DSCF0035.JPG,5R/106MEDIA,0,Other_Amphibian,0.3599,1951.9,-0.4,2143.1,104.6
/srv/shared_leopard_toad/2024/02.10.2024/5R/106MEDIA/DSCF0035.JPG,DSCF0035.JPG,5R/106MEDIA,0,Other_Amphibian,0.2734,1955.2,-3.3,2148.8,104.2
/srv/shared_leopard_toad/2024/02.10.2024/5R/106MEDIA/DSCF0995.JPG,DSCF0995.JPG,5R/106MEDIA,0,Other_Amphibian,0.2998,1557.5,-1.2,1666.7,94.1
/srv/shared_leopard_toad/2024/02.10.2024/5R/106MEDIA/DSCF0004.JPG,DSCF0004.JPG,5R/106MEDIA,0,Other_Amphibian,0.4258,1954.3,-0.5,2147.5,106.0
/srv/shared_leopard_toad/2024/02.10.2024/5R/106MEDIA/DSCF0004.JPG,DSCF0004.JPG,5R/106MEDIA,0,Other_Amphibian,0.3572,1946.0,0.3,2122.0,105.6
/srv/shared_leopard_toad/2024/02.10.2024/5R/106MEDIA/DSCF0297.JPG,DSCF0297.JPG,5R/106MEDIA,0,Other_Amphibian,0.2145,1956.4,-3.3,2156.6,104.2
/srv/shared_leopard_toad/2024/02.10.2024/5R/106MEDIA/DSCF0170.JPG,DSCF0170.JPG,5R/106MEDIA,0,Other_Amphibian,0.2646,1956.8,-0.0,2156.2,105.2
/srv/shared_leopard_toad/2024/02.10.2024/5R/106MEDIA/DSCF0170.JPG,DSCF0170.JPG,5R/106MEDIA,0,Other_Amphibian,0.2588,1954.7,-3.1,2153.8,103.8
/srv/shared_leopard_toad/2024/02.10.2024/5R/106MEDIA/DSCF0879.JPG,DSCF0879.JPG,5R/106MEDIA,0,Other_Amphibian,0.3088,1960.9,-1.9,2174.6,105.7
/srv/shared_leopard_toad/2024/02.10.2024/5R/106MEDIA/DSCF0859.JPG,DSCF0859.JPG,5R/106MEDIA,0,Other_Amphibian,0.3047,1965.1,-1.6,2174.9,103.8
/srv/shared_leopard_toad/2024/02.10.2024/5R/106MEDIA/DSCF0321.JPG,DSCF0321.JPG,5R/106MEDIA,0,Other_Amphibian,0.2367,1554.7,-11.0,1680.8,130.3
/srv/shared_leopard_toad/2024/02.10.2024/5R/106MEDIA/DSCF0321.JPG,DSCF0321.JPG,5R/106MEDIA,0,Other_Amphibian,0.2166,1553.5,-6.1,1686.5,133.2
/srv/shared_leopard_toad/2024/02.10.2024/5R/106MEDIA/DSCF0002.JPG,DSCF0002.JPG,5R/106MEDIA,0,Other_Amphibian,0.5503,1945.7,0.8,2122.3,104.7
/srv/shared_leopard_toad/2024/02.10.2024/5R/106MEDIA/DSCF0002.JPG,DSCF0002.JPG,5R/106MEDIA,0,Other_Amphibian,0.4832,1953.6,0.3,2150.4,104.9
/srv/shared_leopard_toad/2024/02.10.2024/5R/106MEDIA/DSCF0845.JPG,DSCF0845.JPG,5R/106MEDIA,0,Other_Amphibian,0.2190,1960.1,-2.4,2179.9,101.9
/srv/shared_leopard_toad/2024/02.10.2024/5R/106MEDIA/DSCF0578.JPG,DSCF0578.JPG,5R/106MEDIA,0,Other_Amphibian,0.2554,1959.8,-2.8,2162.2,104.7
/srv/shared_leopard_toad/2024/02.10.2024/5R/106MEDIA/DSCF0218.JPG,DSCF0218.JPG,5R/106MEDIA,0,Other_Amphibian,0.2147,1556.2,-9.8,1683.8,126.6
/srv/shared_leopard_toad/2024/02.10.2024/5R/106MEDIA/DSCF0218.JPG,DSCF0218.JPG,5R/106MEDIA,0,Other_Amphibian,0.2068,1553.6,-5.9,1686.4,129.2
/srv/shared_leopard_toad/2024/02.10.2024/5R/106MEDIA/DSCF0819.JPG,DSCF0819.JPG,5R/106MEDIA,0,Other_Amphibian,0.2544,1961.2,-2.8,2165.3,104.8
/srv/shared_leopard_toad/2024/02.10.2024/5R/106MEDIA/DSCF0680.JPG,DSCF0680.JPG,5R/106MEDIA,0,Other_Amphibian,0.2595,1961.6,-3.3,2158.1,104.0
/srv/shared_leopard_toad/2024/02.10.2024/5R/106MEDIA/DSCF0115.JPG,DSCF0115.JPG,5R/106MEDIA,0,Other_Amphibian,0.5229,1957.9,-1.3,2148.3,107.3
/srv/shared_leopard_toad/2024/02.10.2024/5R/106MEDIA/DSCF0641.JPG,DSCF0641.JPG,5R/106MEDIA,0,Other_Amphibian,0.2366,1960.2,-2.2,2159.6,103.5
/srv/shared_leopard_toad/2024/02.10.2024/5R/106MEDIA/DSCF0641.JPG,DSCF0641.JPG,5R/106MEDIA,0,Other_Amphibian,0.2070,1958.5,-0.4,2156.8,102.9
/srv/shared_leopard_toad/2024/02.10.2024/5R/106MEDIA/DSCF0137.JPG,DSCF0137.JPG,5R/106MEDIA,0,Other_Amphibian,0.2969,1958.1,-2.8,2154.9,104.3
/srv/shared_leopard_toad/2024/02.10.2024/5R/106MEDIA/DSCF0069.JPG,DSCF0069.JPG,5R/106MEDIA,0,Other_Amphibian,0.3540,1957.5,-0.2,2139.8,104.3
/srv/shared_leopard_toad/2024/02.10.2024/5R/106MEDIA/DSCF0129.JPG,DSCF0129.JPG,5R/106MEDIA,0,Other_Amphibian,0.2059,1956.4,-3.6,2156.6,103.3
/srv/shared_leopard_toad/2024/02.10.2024/5R/106MEDIA/DSCF0147.JPG,DSCF0147.JPG,5R/106MEDIA,0,Other_Amphibian,0.2043,1955.8,-3.1,2150.4,103.8
/srv/shared_leopard_toad/2024/02.10.2024/5R/106MEDIA/DSCF0882.JPG,DSCF0882.JPG,5R/106MEDIA,0,Other_Amphibian,0.2581,1963.4,-2.3,2174.3,102.2
/srv/shared_leopard_toad/2024/02.10.2024/5R/106MEDIA/DSCF0062.JPG,DSCF0062.JPG,5R/106MEDIA,0,Other_Amphibian,0.2332,1953.2,0.4,2141.8,105.4
/srv/shared_leopard_toad/2024/02.10.2024/5R/106MEDIA/DSCF0062.JPG,DSCF0062.JPG,5R/106MEDIA,0,Other_Amphibian,0.2123,1955.2,-2.6,2148.8,104.8
/srv/shared_leopard_toad/2024/02.10.2024/5R/106MEDIA/DSCF0326.JPG,DSCF0326.JPG,5R/106MEDIA,0,Other_Amphibian,0.2394,1553.4,-6.8,1691.1,145.2
/srv/shared_leopard_toad/2024/02.10.2024/5R/106MEDIA/DSCF0934.JPG,DSCF0934.JPG,5R/106MEDIA,0,Other_Amphibian,0.2153,1961.6,-2.7,2162.6,104.8
/srv/shared_leopard_toad/2024/02.10.2024/5R/106MEDIA/DSCF0934.JPG,DSCF0934.JPG,5R/106MEDIA,0,Other_Amphibian,0.2006,1959.5,-1.4,2155.7,104.7
/srv/shared_leopard_toad/2024/02.10.2024/5R/106MEDIA/DSCF0175.JPG,DSCF0175.JPG,5R/106MEDIA,0,Other_Amphibian,0.2061,1954.5,0.6,2140.5,104.3
/srv/shared_leopard_toad/2024/02.10.2024/5R/106MEDIA/DSCF0175.JPG,DSCF0175.JPG,5R/106MEDIA,0,Other_Amphibian,0.2017,1954.7,-3.0,2149.3,102.4
/srv/shared_leopard_toad/2024/02.10.2024/5R/106MEDIA/DSCF0573.JPG,DSCF0573.JPG,5R/106MEDIA,0,Other_Amphibian,0.2064,1959.0,-3.7,2154.0,104.2
/srv/shared_leopard_toad/2024/02.10.2024/5R/106MEDIA/DSCF0920.JPG,DSCF0920.JPG,5R/106MEDIA,0,Other_Amphibian,0.2421,1962.6,-1.8,2181.9,103.6
/srv/shared_leopard_toad/2024/02.10.2024/5R/106MEDIA/DSCF0039.JPG,DSCF0039.JPG,5R/106MEDIA,0,Other_Amphibian,0.2988,1951.2,-0.4,2139.3,105.8
/srv/shared_leopard_toad/2024/02.10.2024/5R/106MEDIA/DSCF0039.JPG,DSCF0039.JPG,5R/106MEDIA,0,Other_Amphibian,0.2255,1954.6,-3.5,2147.1,103.6
/srv/shared_leopard_toad/2024/02.10.2024/5R/106MEDIA/DSCF0100.JPG,DSCF0100.JPG,5R/106MEDIA,0,Other_Amphibian,0.2311,1952.3,0.6,2142.7,104.3
/srv/shared_leopard_toad/2024/02.10.2024/5R/106MEDIA/DSCF0100.JPG,DSCF0100.JPG,5R/106MEDIA,0,Other_Amphibian,0.2130,1954.5,-3.4,2149.5,102.4
/srv/shared_leopard_toad/2024/02.10.2024/5R/106MEDIA/DSCF0401.JPG,DSCF0401.JPG,5R/106MEDIA,0,Other_Amphibian,0.4766,1958.9,0.0,2149.6,104.5
/srv/shared_leopard_toad/2024/02.10.2024/5R/106MEDIA/DSCF0401.JPG,DSCF0401.JPG,5R/106MEDIA,0,Other_Amphibian,0.3762,1956.4,-2.0,2145.3,104.6
/srv/shared_leopard_toad/2024/02.10.2024/5R/106MEDIA/DSCF0600.JPG,DSCF0600.JPG,5R/106MEDIA,0,Other_Amphibian,0.2654,1961.3,-3.0,2160.7,103.9
/srv/shared_leopard_toad/2024/02.10.2024/5R/106MEDIA/DSCF0921.JPG,DSCF0921.JPG,5R/106MEDIA,0,Other_Amphibian,0.2153,1960.6,-2.7,2170.4,103.1
/srv/shared_leopard_toad/2024/02.10.2024/5R/106MEDIA/DSCF0529.JPG,DSCF0529.JPG,5R/106MEDIA,0,Other_Amphibian,0.2717,1556.2,-6.8,1683.8,143.4
/srv/shared_leopard_toad/2024/02.10.2024/5R/106MEDIA/DSCF0010.JPG,DSCF0010.JPG,5R/106MEDIA,0,Other_Amphibian,0.5127,1949.9,0.4,2118.1,105.0
/srv/shared_leopard_toad/2024/02.10.2024/5R/106MEDIA/DSCF0010.JPG,DSCF0010.JPG,5R/106MEDIA,0,Other_Amphibian,0.2634,1952.1,-1.2,2165.4,104.1
/srv/shared_leopard_toad/2024/02.10.2024/5R/106MEDIA/DSCF0078.JPG,DSCF0078.JPG,5R/106MEDIA,0,Other_Amphibian,0.3735,1955.7,0.1,2141.5,105.8
/srv/shared_leopard_toad/2024/02.10.2024/5R/106MEDIA/DSCF0242.JPG,DSCF0242.JPG,5R/106MEDIA,0,Other_Amphibian,0.2125,1956.4,-2.9,2156.6,102.4
/srv/shared_leopard_toad/2024/02.10.2024/5R/106MEDIA/DSCF0190.JPG,DSCF0190.JPG,5R/106MEDIA,0,Other_Amphibian,0.2458,1955.0,-2.9,2151.2,105.1
/srv/shared_leopard_toad/2024/02.10.2024/5R/106MEDIA/DSCF0190.JPG,DSCF0190.JPG,5R/106MEDIA,0,Other_Amphibian,0.2040,1955.2,-0.1,2153.2,106.4
/srv/shared_leopard_toad/2024/02.10.2024/5R/106MEDIA/DSCF0047.JPG,DSCF0047.JPG,5R/106MEDIA,0,Other_Amphibian,0.2054,1561.2,-5.5,1678.8,120.0
/srv/shared_leopard_toad/2024/02.10.2024/5R/106MEDIA/DSCF0631.JPG,DSCF0631.JPG,5R/106MEDIA,0,Other_Amphibian,0.2378,1961.4,-2.1,2169.6,103.2
/srv/shared_leopard_toad/2024/02.10.2024/5R/106MEDIA/DSCF0400.JPG,DSCF0400.JPG,5R/106MEDIA,0,Other_Amphibian,0.2411,1554.2,-6.1,1681.3,134.9
/srv/shared_leopard_toad/2024/02.10.2024/5R/106MEDIA/DSCF0926.JPG,DSCF0926.JPG,5R/106MEDIA,0,Other_Amphibian,0.2690,1960.5,-1.8,2175.0,103.6
/srv/shared_leopard_toad/2024/02.10.2024/5R/106MEDIA/DSCF0658.JPG,DSCF0658.JPG,5R/106MEDIA,0,Other_Amphibian,0.2227,1557.4,-6.6,1687.1,145.4
/srv/shared_leopard_toad/2024/02.10.2024/5R/106MEDIA/DSCF0197.JPG,DSCF0197.JPG,5R/106MEDIA,0,Other_Amphibian,0.2455,1953.9,-3.2,2147.8,104.7
/srv/shared_leopard_toad/2024/02.10.2024/5R/106MEDIA/DSCF0197.JPG,DSCF0197.JPG,5R/106MEDIA,0,Other_Amphibian,0.2445,1951.6,-0.1,2143.4,105.7
/srv/shared_leopard_toad/2024/02.10.2024/5R/106MEDIA/DSCF0064.JPG,DSCF0064.JPG,5R/106MEDIA,0,Other_Amphibian,0.3831,1956.0,-0.9,2139.0,107.1
/srv/shared_leopard_toad/2024/02.10.2024/5R/106MEDIA/DSCF0354.JPG,DSCF0354.JPG,5R/106MEDIA,0,Other_Amphibian,0.2081,1958.1,-3.3,2154.9,102.8
/srv/shared_leopard_toad/2024/02.10.2024/5R/106MEDIA/DSCF0224.JPG,DSCF0224.JPG,5R/106MEDIA,0,Other_Amphibian,0.2266,1954.5,-0.2,2145.0,104.3
/srv/shared_leopard_toad/2024/02.10.2024/5R/106MEDIA/DSCF0081.JPG,DSCF0081.JPG,5R/106MEDIA,0,Other_Amphibian,0.3269,1951.2,0.8,2139.3,105.4
/srv/shared_leopard_toad/2024/02.10.2024/5R/106MEDIA/DSCF0081.JPG,DSCF0081.JPG,5R/106MEDIA,0,Other_Amphibian,0.2891,1953.4,-3.2,2146.1,103.7
/srv/shared_leopard_toad/2024/02.10.2024/5R/106MEDIA/DSCF0016.JPG,DSCF0016.JPG,5R/106MEDIA,0,Other_Amphibian,0.3689,1954.5,-0.8,2178.8,102.5
/srv/shared_leopard_toad/2024/02.10.2024/5R/106MEDIA/DSCF0241.JPG,DSCF0241.JPG,5R/106MEDIA,0,Other_Amphibian,0.2339,1957.4,-3.5,2148.8,102.3
/srv/shared_leopard_toad/2024/02.10.2024/5R/106MEDIA/DSCF0241.JPG,DSCF0241.JPG,5R/106MEDIA,0,Other_Amphibian,0.2089,1957.4,0.0,2146.6,104.4
/srv/shared_leopard_toad/2024/02.10.2024/5R/106MEDIA/DSCF0101.JPG,DSCF0101.JPG,5R/106MEDIA,0,Other_Amphibian,0.3049,1954.1,-2.6,2152.1,104.7
/srv/shared_leopard_toad/2024/02.10.2024/5R/106MEDIA/DSCF0101.JPG,DSCF0101.JPG,5R/106MEDIA,0,Other_Amphibian,0.2249,1950.3,0.5,2144.7,105.5
/srv/shared_leopard_toad/2024/02.10.2024/5R/106MEDIA/DSCF0029.JPG,DSCF0029.JPG,5R/106MEDIA,0,Other_Amphibian,0.5747,1958.1,-0.7,2136.9,105.9
/srv/shared_leopard_toad/2024/02.10.2024/5R/106MEDIA/DSCF0664.JPG,DSCF0664.JPG,5R/106MEDIA,0,Other_Amphibian,0.2507,1959.0,-3.3,2156.3,104.7
/srv/shared_leopard_toad/2024/02.10.2024/5R/106MEDIA/DSCF0105.JPG,DSCF0105.JPG,5R/106MEDIA,0,Other_Amphibian,0.2585,1954.4,-0.4,2145.1,105.3
/srv/shared_leopard_toad/2024/02.10.2024/5R/106MEDIA/DSCF0116.JPG,DSCF0116.JPG,5R/106MEDIA,0,Other_Amphibian,0.5020,1955.6,-1.7,2150.6,109.5
/srv/shared_leopard_toad/2024/02.10.2024/5R/106MEDIA/DSCF0085.JPG,DSCF0085.JPG,5R/106MEDIA,0,Other_Amphibian,0.2559,1958.9,-3.4,2149.6,102.5
/srv/shared_leopard_toad/2024/02.10.2024/5R/106MEDIA/DSCF0085.JPG,DSCF0085.JPG,5R/106MEDIA,0,Other_Amphibian,0.2388,1955.0,0.2,2144.5,104.3
/srv/shared_leopard_toad/2024/02.10.2024/5R/106MEDIA/DSCF0808.JPG,DSCF0808.JPG,5R/106MEDIA,0,Other_Amphibian,0.2886,1958.0,-1.5,2168.5,103.5
/srv/shared_leopard_toad/2024/02.10.2024/5R/106MEDIA/DSCF0987.JPG,DSCF0987.JPG,5R/106MEDIA,0,Other_Amphibian,0.3345,1554.9,-1.2,1667.1,96.1
/srv/shared_leopard_toad/2024/02.10.2024/5R/106MEDIA/DSCF0027.JPG,DSCF0027.JPG,5R/106MEDIA,0,Other_Amphibian,0.3286,1951.8,-0.4,2143.2,106.7
/srv/shared_leopard_toad/2024/02.10.2024/5R/106MEDIA/DSCF0990.JPG,DSCF0990.JPG,5R/106MEDIA,0,Other_Amphibian,0.3796,1554.9,-1.3,1662.6,96.5
/srv/shared_leopard_toad/2024/02.10.2024/5R/106MEDIA/DSCF0109.JPG,DSCF0109.JPG,5R/106MEDIA,0,Other_Amphibian,0.2080,1954.1,-0.0,2140.9,104.6
/srv/shared_leopard_toad/2024/02.10.2024/5R/106MEDIA/DSCF0309.JPG,DSCF0309.JPG,5R/106MEDIA,0,Other_Amphibian,0.2040,1552.4,-6.9,1692.1,152.3
/srv/shared_leopard_toad/2024/02.10.2024/5R/106MEDIA/DSCF0497.JPG,DSCF0497.JPG,5R/106MEDIA,0,Other_Amphibian,0.2372,1963.5,-0.6,2149.5,101.3
/srv/shared_leopard_toad/2024/02.10.2024/5R/106MEDIA/DSCF0855.JPG,DSCF0855.JPG,5R/106MEDIA,0,Other_Amphibian,0.4558,1962.3,-1.2,2173.2,107.5
/srv/shared_leopard_toad/2024/02.10.2024/5R/106MEDIA/DSCF0852.JPG,DSCF0852.JPG,5R/106MEDIA,0,Other_Amphibian,0.2101,1961.7,-2.5,2171.5,103.6
/srv/shared_leopard_toad/2024/02.10.2024/5R/106MEDIA/DSCF0392.JPG,DSCF0392.JPG,5R/106MEDIA,0,Other_Amphibian,0.2668,1955.1,-0.9,2139.9,105.5
/srv/shared_leopard_toad/2024/02.10.2024/5R/106MEDIA/DSCF0617.JPG,DSCF0617.JPG,5R/106MEDIA,0,Other_Amphibian,0.2009,1962.4,-3.1,2164.1,100.0
/srv/shared_leopard_toad/2024/02.10.2024/5R/106MEDIA/DSCF0202.JPG,DSCF0202.JPG,5R/106MEDIA,0,Other_Amphibian,0.2502,1953.6,0.4,2141.4,105.2
/srv/shared_leopard_toad/2024/02.10.2024/5R/106MEDIA/DSCF0202.JPG,DSCF0202.JPG,5R/106MEDIA,0,Other_Amphibian,0.2410,1955.5,-3.4,2146.2,102.8
/srv/shared_leopard_toad/2024/02.10.2024/5R/106MEDIA/DSCF0595.JPG,DSCF0595.JPG,5R/106MEDIA,0,Other_Amphibian,0.2068,1959.4,-2.7,2164.9,104.8
/srv/shared_leopard_toad/2024/02.10.2024/5R/106MEDIA/DSCF0226.JPG,DSCF0226.JPG,5R/106MEDIA,0,Other_Amphibian,0.2045,1953.1,-0.1,2135.1,106.7
/srv/shared_leopard_toad/2024/02.10.2024/5R/106MEDIA/DSCF0226.JPG,DSCF0226.JPG,5R/106MEDIA,0,Other_Amphibian,0.2031,1955.5,-4.9,2153.0,103.4
/srv/shared_leopard_toad/2024/02.10.2024/5R/106MEDIA/DSCF0374.JPG,DSCF0374.JPG,5R/106MEDIA,0,Other_Amphibian,0.3467,1959.0,-2.3,2149.5,105.7
/srv/shared_leopard_toad/2024/02.10.2024/5R/106MEDIA/DSCF0317.JPG,DSCF0317.JPG,5R/106MEDIA,0,Other_Amphibian,0.2964,1957.9,-2.3,2143.9,103.0
/srv/shared_leopard_toad/2024/02.10.2024/5R/106MEDIA/DSCF0317.JPG,DSCF0317.JPG,5R/106MEDIA,0,Other_Amphibian,0.2566,1950.1,0.3,2135.9,104.3
/srv/shared_leopard_toad/2024/02.10.2024/5R/106MEDIA/DSCF0860.JPG,DSCF0860.JPG,5R/106MEDIA,0,Other_Amphibian,0.2173,1962.4,-2.1,2170.9,103.7
/srv/shared_leopard_toad/2024/02.10.2024/5R/106MEDIA/DSCF0450.JPG,DSCF0450.JPG,5R/106MEDIA,0,Other_Amphibian,0.2004,1556.7,-6.2,1692.3,153.9
/srv/shared_leopard_toad/2024/02.10.2024/5R/106MEDIA/DSCF0485.JPG,DSCF0485.JPG,5R/106MEDIA,0,Other_Amphibian,0.2539,1958.3,-2.8,2157.0,103.3
/srv/shared_leopard_toad/2024/02.10.2024/5R/106MEDIA/DSCF0014.JPG,DSCF0014.JPG,5R/106MEDIA,0,Other_Amphibian,0.2976,1950.8,-0.4,2173.4,104.9
/srv/shared_leopard_toad/2024/02.10.2024/5R/106MEDIA/DSCF0014.JPG,DSCF0014.JPG,5R/106MEDIA,0,Other_Amphibian,0.2725,1947.0,-0.2,2130.0,105.6
/srv/shared_leopard_toad/2024/02.10.2024/5R/106MEDIA/DSCF0200.JPG,DSCF0200.JPG,5R/106MEDIA,0,Other_Amphibian,0.2952,1955.9,-2.3,2145.9,104.5
/srv/shared_leopard_toad/2024/02.10.2024/5R/106MEDIA/DSCF0200.JPG,DSCF0200.JPG,5R/106MEDIA,0,Other_Amphibian,0.2886,1949.6,0.3,2136.4,105.2
/srv/shared_leopard_toad/2024/02.10.2024/5R/106MEDIA/DSCF0009.JPG,DSCF0009.JPG,5R/106MEDIA,0,Other_Amphibian,0.2445,1951.4,0.6,2125.6,105.0
/srv/shared_leopard_toad/2024/02.10.2024/5R/106MEDIA/DSCF0009.JPG,DSCF0009.JPG,5R/106MEDIA,0,Other_Amphibian,0.2415,1952.5,-0.4,2169.5,104.2
/srv/shared_leopard_toad/2024/02.10.2024/5R/106MEDIA/DSCF0243.JPG,DSCF0243.JPG,5R/106MEDIA,0,Other_Amphibian,0.2012,1551.3,-6.8,1693.2,138.6
/srv/shared_leopard_toad/2024/02.10.2024/5R/106MEDIA/DSCF0410.JPG,DSCF0410.JPG,5R/106MEDIA,0,Other_Amphibian,0.2012,1550.4,-6.8,1689.6,146.4
/srv/shared_leopard_toad/2024/02.10.2024/5R/106MEDIA/DSCF0506.JPG,DSCF0506.JPG,5R/106MEDIA,0,Other_Amphibian,0.2024,1959.2,-4.2,2156.1,102.3
/srv/shared_leopard_toad/2024/02.10.2024/5R/106MEDIA/DSCF0992.JPG,DSCF0992.JPG,5R/106MEDIA,0,Other_Amphibian,0.5493,1556.1,-1.6,1663.6,98.5
/srv/shared_leopard_toad/2024/02.10.2024/5R/100MEDIA/DSCF0404.JPG,DSCF0404.JPG,5R/100MEDIA,0,Other_Amphibian,0.2483,2708.6,-2.7,2848.9,52.3
/srv/shared_leopard_toad/2024/02.10.2024/5R/100MEDIA/DSCF0466.JPG,DSCF0466.JPG,5R/100MEDIA,0,Other_Amphibian,0.2238,2709.4,-3.1,2839.1,51.9
/srv/shared_leopard_toad/2024/02.10.2024/5R/100MEDIA/DSCF0407.JPG,DSCF0407.JPG,5R/100MEDIA,0,Other_Amphibian,0.2179,2707.2,-3.7,2841.3,51.9
/srv/shared_leopard_toad/2024/02.10.2024/5R/100MEDIA/DSCF0678.JPG,DSCF0678.JPG,5R/100MEDIA,0,Other_Amphibian,0.2034,1973.5,1131.1,2087.8,1235.6
/srv/shared_leopard_toad/2024/02.10.2024/5R/100MEDIA/DSCF0325.JPG,DSCF0325.JPG,5R/100MEDIA,0,Other_Amphibian,0.2415,2705.6,-4.3,2842.9,48.4
/srv/shared_leopard_toad/2024/02.10.2024/5R/100MEDIA/DSCF0812.JPG,DSCF0812.JPG,5R/100MEDIA,0,Other_Amphibian,0.2915,2649.8,-2.8,2795.2,85.2
/srv/shared_leopard_toad/2024/02.10.2024/5R/100MEDIA/DSCF0311.JPG,DSCF0311.JPG,5R/100MEDIA,0,Other_Amphibian,0.2693,2704.6,-3.4,2848.4,48.2
/srv/shared_leopard_toad/2024/02.10.2024/5R/100MEDIA/DSCF0038.JPG,DSCF0038.JPG,5R/100MEDIA,0,Other_Amphibian,0.4211,3388.3,17.6,3555.2,144.4
/srv/shared_leopard_toad/2024/02.10.2024/5R/100MEDIA/DSCF0038.JPG,DSCF0038.JPG,5R/100MEDIA,0,Other_Amphibian,0.3088,3385.1,4.1,3553.9,136.8
/srv/shared_leopard_toad/2024/02.10.2024/5R/100MEDIA/DSCF0339.JPG,DSCF0339.JPG,5R/100MEDIA,0,Other_Amphibian,0.2186,2705.9,-3.9,2838.1,50.3
/srv/shared_leopard_toad/2024/02.10.2024/5R/100MEDIA/DSCF0336.JPG,DSCF0336.JPG,5R/100MEDIA,0,Other_Amphibian,0.2198,2707.5,-3.7,2850.0,49.1
/srv/shared_leopard_toad/2024/02.10.2024/5R/100MEDIA/DSCF0489.JPG,DSCF0489.JPG,5R/100MEDIA,2,Western_Leopard_Toad,0.7119,630.4,1463.5,791.6,1667.7
/srv/shared_leopard_toad/2024/02.10.2024/5R/100MEDIA/DSCF0350.JPG,DSCF0350.JPG,5R/100MEDIA,0,Other_Amphibian,0.2061,2705.3,-3.8,2847.7,51.3
/srv/shared_leopard_toad/2024/02.10.2024/5R/100MEDIA/DSCF0390.JPG,DSCF0390.JPG,5R/100MEDIA,0,Other_Amphibian,0.2386,2708.1,-3.1,2849.4,53.3
/srv/shared_leopard_toad/2024/02.10.2024/5R/100MEDIA/DSCF0286.JPG,DSCF0286.JPG,5R/100MEDIA,0,Other_Amphibian,0.2225,2704.6,-3.6,2839.4,47.3
/srv/shared_leopard_toad/2024/02.10.2024/5R/100MEDIA/DSCF0292.JPG,DSCF0292.JPG,5R/100MEDIA,0,Other_Amphibian,0.2480,2702.0,-3.6,2851.0,46.1
/srv/shared_leopard_toad/2024/02.10.2024/5R/100MEDIA/DSCF0574.JPG,DSCF0574.JPG,5R/100MEDIA,2,Western_Leopard_Toad,0.4004,4516.7,1745.0,4609.3,1998.7
/srv/shared_leopard_toad/2024/02.10.2024/5R/100MEDIA/DSCF0403.JPG,DSCF0403.JPG,5R/100MEDIA,0,Other_Amphibian,0.2203,2706.6,-3.7,2837.4,53.5
/srv/shared_leopard_toad/2024/02.10.2024/5R/100MEDIA/DSCF0369.JPG,DSCF0369.JPG,5R/100MEDIA,0,Other_Amphibian,0.2440,2702.0,-3.7,2846.5,48.6
/srv/shared_leopard_toad/2024/02.10.2024/5R/100MEDIA/DSCF0490.JPG,DSCF0490.JPG,5R/100MEDIA,2,Western_Leopard_Toad,0.3262,639.8,1467.7,799.0,1666.0
/srv/shared_leopard_toad/2024/02.10.2024/5R/100MEDIA/DSCF0353.JPG,DSCF0353.JPG,5R/100MEDIA,0,Other_Amphibian,0.2156,2710.1,-3.7,2847.4,50.1
/srv/shared_leopard_toad/2024/02.10.2024/5R/100MEDIA/DSCF0713.JPG,DSCF0713.JPG,5R/100MEDIA,0,Other_Amphibian,0.2429,1973.6,1138.0,2076.4,1237.6
/srv/shared_leopard_toad/2024/02.10.2024/5R/100MEDIA/DSCF0699.JPG,DSCF0699.JPG,5R/100MEDIA,0,Other_Amphibian,0.2130,1970.8,1135.9,2068.0,1235.9
/srv/shared_leopard_toad/2024/02.10.2024/5R/100MEDIA/DSCF0656.JPG,DSCF0656.JPG,5R/100MEDIA,0,Other_Amphibian,0.3362,1969.6,1133.3,2089.4,1237.2
/srv/shared_leopard_toad/2024/02.10.2024/5R/100MEDIA/DSCF0656.JPG,DSCF0656.JPG,5R/100MEDIA,0,Other_Amphibian,0.2771,1970.4,1133.8,2088.6,1237.9
/srv/shared_leopard_toad/2024/02.10.2024/5R/100MEDIA/DSCF0366.JPG,DSCF0366.JPG,5R/100MEDIA,0,Other_Amphibian,0.2034,2705.8,-3.6,2842.7,50.0
/srv/shared_leopard_toad/2024/02.10.2024/5R/100MEDIA/DSCF0372.JPG,DSCF0372.JPG,5R/100MEDIA,0,Other_Amphibian,0.2035,2705.9,-3.6,2851.6,48.6
/srv/shared_leopard_toad/2024/02.10.2024/5R/100MEDIA/DSCF0709.JPG,DSCF0709.JPG,5R/100MEDIA,0,Other_Amphibian,0.2888,1974.7,1138.3,2075.3,1236.0
/srv/shared_leopard_toad/2024/02.10.2024/5R/100MEDIA/DSCF0324.JPG,DSCF0324.JPG,5R/100MEDIA,0,Other_Amphibian,0.2588,4156.3,2252.4,4339.7,2445.6
/srv/shared_leopard_toad/2024/02.10.2024/5R/100MEDIA/DSCF0730.JPG,DSCF0730.JPG,5R/100MEDIA,0,Other_Amphibian,0.2355,1971.9,1142.3,2078.1,1237.1
/srv/shared_leopard_toad/2024/02.10.2024/5R/100MEDIA/DSCF0380.JPG,DSCF0380.JPG,5R/100MEDIA,0,Other_Amphibian,0.3137,2708.6,-3.0,2839.9,51.1
/srv/shared_leopard_toad/2024/02.10.2024/5R/100MEDIA/DSCF0409.JPG,DSCF0409.JPG,5R/100MEDIA,0,Other_Amphibian,0.2129,2705.0,-3.8,2839.0,52.2
/srv/shared_leopard_toad/2024/02.10.2024/5R/100MEDIA/DSCF0343.JPG,DSCF0343.JPG,5R/100MEDIA,0,Other_Amphibian,0.2693,2704.6,-3.7,2843.9,51.0
/srv/shared_leopard_toad/2024/02.10.2024/5R/100MEDIA/DSCF0301.JPG,DSCF0301.JPG,5R/100MEDIA,0,Other_Amphibian,0.2184,2706.9,-3.3,2850.6,49.7
/srv/shared_leopard_toad/2024/02.10.2024/5R/100MEDIA/DSCF0736.JPG,DSCF0736.JPG,5R/100MEDIA,0,Other_Amphibian,0.3438,1975.1,1137.7,2074.9,1236.6
/srv/shared_leopard_toad/2024/02.10.2024/5R/100MEDIA/DSCF0308.JPG,DSCF0308.JPG,5R/100MEDIA,0,Other_Amphibian,0.2363,2703.6,-3.4,2844.9,49.8
/srv/shared_leopard_toad/2024/02.10.2024/5R/100MEDIA/DSCF0308.JPG,DSCF0308.JPG,5R/100MEDIA,0,Other_Amphibian,0.2161,1625.0,392.7,1833.3,576.2
/srv/shared_leopard_toad/2024/02.10.2024/5R/100MEDIA/DSCF0041.JPG,DSCF0041.JPG,5R/100MEDIA,0,Other_Amphibian,0.2915,3391.8,11.7,3556.2,144.9
/srv/shared_leopard_toad/2024/02.10.2024/5R/100MEDIA/DSCF0732.JPG,DSCF0732.JPG,5R/100MEDIA,0,Other_Amphibian,0.2148,1973.5,1141.7,2076.5,1237.7
/srv/shared_leopard_toad/2024/02.10.2024/5R/100MEDIA/DSCF0419.JPG,DSCF0419.JPG,5R/100MEDIA,0,Other_Amphibian,0.2203,1624.9,387.0,1833.4,574.9
/srv/shared_leopard_toad/2024/02.10.2024/5R/100MEDIA/DSCF0303.JPG,DSCF0303.JPG,5R/100MEDIA,0,Other_Amphibian,0.2115,2703.1,-3.9,2840.9,44.3
/srv/shared_leopard_toad/2024/02.10.2024/5R/100MEDIA/DSCF0644.JPG,DSCF0644.JPG,5R/100MEDIA,0,Other_Amphibian,0.2788,1970.7,1135.6,2088.3,1238.7
/srv/shared_leopard_toad/2024/02.10.2024/5R/100MEDIA/DSCF0644.JPG,DSCF0644.JPG,5R/100MEDIA,0,Other_Amphibian,0.2610,1970.4,1136.0,2088.6,1238.3
/srv/shared_leopard_toad/2024/02.10.2024/5R/100MEDIA/DSCF0508.JPG,DSCF0508.JPG,5R/100MEDIA,0,Other_Amphibian,0.3152,1629.6,379.5,1833.2,569.1
/srv/shared_leopard_toad/2024/02.10.2024/5R/100MEDIA/DSCF0290.JPG,DSCF0290.JPG,5R/100MEDIA,0,Other_Amphibian,0.3242,2704.0,-3.3,2835.5,50.9
/srv/shared_leopard_toad/2024/02.10.2024/5R/100MEDIA/DSCF0258.JPG,DSCF0258.JPG,5R/100MEDIA,0,Other_Amphibian,0.2805,1625.2,389.3,1833.0,573.2
/srv/shared_leopard_toad/2024/02.10.2024/5R/100MEDIA/DSCF0723.JPG,DSCF0723.JPG,5R/100MEDIA,0,Other_Amphibian,0.2859,1969.1,1137.8,2071.9,1236.6
/srv/shared_leopard_toad/2024/02.10.2024/5R/100MEDIA/DSCF0653.JPG,DSCF0653.JPG,5R/100MEDIA,0,Other_Amphibian,0.3733,1972.1,1131.7,2086.9,1237.5
/srv/shared_leopard_toad/2024/02.10.2024/5R/100MEDIA/DSCF0040.JPG,DSCF0040.JPG,5R/100MEDIA,0,Other_Amphibian,0.2474,3386.6,13.5,3547.9,145.0
/srv/shared_leopard_toad/2024/02.10.2024/5R/100MEDIA/DSCF0288.JPG,DSCF0288.JPG,5R/100MEDIA,0,Other_Amphibian,0.2744,2705.6,-2.7,2838.4,48.9
/srv/shared_leopard_toad/2024/02.10.2024/5R/100MEDIA/DSCF0504.JPG,DSCF0504.JPG,5R/100MEDIA,0,Other_Amphibian,0.2007,1645.1,377.9,1837.9,567.6
/srv/shared_leopard_toad/2024/02.10.2024/5R/100MEDIA/DSCF0648.JPG,DSCF0648.JPG,5R/100MEDIA,0,Other_Amphibian,0.2118,1971.0,1136.5,2083.5,1237.9
/srv/shared_leopard_toad/2024/02.10.2024/5R/100MEDIA/DSCF0295.JPG,DSCF0295.JPG,5R/100MEDIA,0,Other_Amphibian,0.2615,1625.6,390.6,1832.6,573.2
/srv/shared_leopard_toad/2024/02.10.2024/5R/100MEDIA/DSCF0307.JPG,DSCF0307.JPG,5R/100MEDIA,0,Other_Amphibian,0.2314,2705.8,-3.0,2847.2,47.0
/srv/shared_leopard_toad/2024/02.10.2024/5R/100MEDIA/DSCF0307.JPG,DSCF0307.JPG,5R/100MEDIA,0,Other_Amphibian,0.2128,1624.1,394.3,1831.9,574.5
/srv/shared_leopard_toad/2024/02.10.2024/5R/100MEDIA/DSCF0268.JPG,DSCF0268.JPG,5R/100MEDIA,0,Other_Amphibian,0.2747,1633.5,387.8,1838.2,574.0
/srv/shared_leopard_toad/2024/02.10.2024/5R/100MEDIA/DSCF0663.JPG,DSCF0663.JPG,5R/100MEDIA,0,Other_Amphibian,0.2607,1971.9,1135.6,2087.1,1236.2
/srv/shared_leopard_toad/2024/02.10.2024/5R/100MEDIA/DSCF0448.JPG,DSCF0448.JPG,5R/100MEDIA,0,Other_Amphibian,0.2311,2706.7,-2.5,2841.8,55.3
/srv/shared_leopard_toad/2024/02.10.2024/5R/100MEDIA/DSCF0287.JPG,DSCF0287.JPG,5R/100MEDIA,0,Other_Amphibian,0.3445,1628.8,389.4,1836.2,574.4
/srv/shared_leopard_toad/2024/02.10.2024/5R/100MEDIA/DSCF0474.JPG,DSCF0474.JPG,5R/100MEDIA,0,Other_Amphibian,0.2157,2708.1,-3.0,2840.4,51.4
/srv/shared_leopard_toad/2024/02.10.2024/5R/100MEDIA/DSCF0499.JPG,DSCF0499.JPG,5R/100MEDIA,0,Other_Amphibian,0.7217,2402.4,745.5,2538.6,940.4
/srv/shared_leopard_toad/2024/02.10.2024/5R/100MEDIA/DSCF0499.JPG,DSCF0499.JPG,5R/100MEDIA,2,Western_Leopard_Toad,0.4573,2402.4,745.5,2538.6,940.4
/srv/shared_leopard_toad/2024/02.10.2024/5R/100MEDIA/DSCF0666.JPG,DSCF0666.JPG,5R/100MEDIA,0,Other_Amphibian,0.2244,1972.7,1134.8,2086.3,1235.7
/srv/shared_leopard_toad/2024/02.10.2024/5R/100MEDIA/DSCF0280.JPG,DSCF0280.JPG,5R/100MEDIA,0,Other_Amphibian,0.2168,1629.6,391.1,1833.2,575.2
/srv/shared_leopard_toad/2024/02.10.2024/5R/100MEDIA/DSCF0483.JPG,DSCF0483.JPG,5R/100MEDIA,0,Other_Amphibian,0.2791,1643.6,375.7,1837.2,571.0
/srv/shared_leopard_toad/2024/02.10.2024/5R/100MEDIA/DSCF0333.JPG,DSCF0333.JPG,5R/100MEDIA,0,Other_Amphibian,0.2256,2703.5,-3.6,2836.0,48.1
/srv/shared_leopard_toad/2024/02.10.2024/5R/100MEDIA/DSCF0130.JPG,DSCF0130.JPG,5R/100MEDIA,2,Western_Leopard_Toad,0.3066,2196.8,973.3,2402.2,1130.2
/srv/shared_leopard_toad/2024/02.10.2024/5R/100MEDIA/DSCF0500.JPG,DSCF0500.JPG,5R/100MEDIA,0,Other_Amphibian,0.3518,940.5,-4.7,1072.1,126.8
/srv/shared_leopard_toad/2024/02.10.2024/5R/100MEDIA/DSCF0706.JPG,DSCF0706.JPG,5R/100MEDIA,0,Other_Amphibian,0.3640,2556.2,19.0,2681.8,147.1
/srv/shared_leopard_toad/2024/02.10.2024/5R/100MEDIA/DSCF0735.JPG,DSCF0735.JPG,5R/100MEDIA,0,Other_Amphibian,0.2081,1974.8,1137.6,2075.2,1236.7
/srv/shared_leopard_toad/2024/02.10.2024/5R/100MEDIA/DSCF0299.JPG,DSCF0299.JPG,5R/100MEDIA,0,Other_Amphibian,0.2050,2704.5,-3.6,2853.0,48.5
/srv/shared_leopard_toad/2024/02.10.2024/5R/100MEDIA/DSCF0345.JPG,DSCF0345.JPG,5R/100MEDIA,0,Other_Amphibian,0.2520,2704.6,-3.2,2843.9,50.0
/srv/shared_leopard_toad/2024/02.10.2024/5R/100MEDIA/DSCF0293.JPG,DSCF0293.JPG,5R/100MEDIA,0,Other_Amphibian,0.2734,1621.8,393.3,1831.9,575.5
/srv/shared_leopard_toad/2024/02.10.2024/5R/100MEDIA/DSCF0293.JPG,DSCF0293.JPG,5R/100MEDIA,0,Other_Amphibian,0.2175,2706.8,-3.8,2846.2,48.0
/srv/shared_leopard_toad/2024/02.10.2024/5R/100MEDIA/DSCF0645.JPG,DSCF0645.JPG,5R/100MEDIA,0,Other_Amphibian,0.2125,1968.1,1138.7,2081.9,1238.1
/srv/shared_leopard_toad/2024/02.10.2024/5R/100MEDIA/DSCF0327.JPG,DSCF0327.JPG,5R/100MEDIA,0,Other_Amphibian,0.2598,2707.9,-3.7,2836.1,50.0
/srv/shared_leopard_toad/2024/02.10.2024/5R/100MEDIA/DSCF0314.JPG,DSCF0314.JPG,5R/100MEDIA,0,Other_Amphibian,0.3545,1620.4,391.9,1833.3,571.8
/srv/shared_leopard_toad/2024/02.10.2024/5R/100MEDIA/DSCF0314.JPG,DSCF0314.JPG,5R/100MEDIA,0,Other_Amphibian,0.2388,2707.9,-3.4,2836.1,48.6
/srv/shared_leopard_toad/2024/02.10.2024/5R/100MEDIA/DSCF0724.JPG,DSCF0724.JPG,5R/100MEDIA,0,Other_Amphibian,0.2976,1973.1,1138.9,2076.9,1235.4
/srv/shared_leopard_toad/2024/02.10.2024/5R/100MEDIA/DSCF0693.JPG,DSCF0693.JPG,5R/100MEDIA,0,Other_Amphibian,0.5547,3742.9,366.4,3866.6,494.2
/srv/shared_leopard_toad/2024/02.10.2024/5R/100MEDIA/DSCF0633.JPG,DSCF0633.JPG,5R/100MEDIA,0,Other_Amphibian,0.2211,1968.1,1136.5,2081.9,1237.9
/srv/shared_leopard_toad/2024/02.10.2024/5R/100MEDIA/DSCF0302.JPG,DSCF0302.JPG,5R/100MEDIA,0,Other_Amphibian,0.2104,2705.9,-3.3,2856.1,49.3
/srv/shared_leopard_toad/2024/02.10.2024/5R/100MEDIA/DSCF0705.JPG,DSCF0705.JPG,5R/100MEDIA,0,Other_Amphibian,0.7417,2727.9,225.9,2843.1,341.7
/srv/shared_leopard_toad/2024/02.10.2024/5R/100MEDIA/DSCF0319.JPG,DSCF0319.JPG,5R/100MEDIA,0,Other_Amphibian,0.2440,2704.2,-3.4,2839.8,45.4
/srv/shared_leopard_toad/2024/02.10.2024/5R/100MEDIA/DSCF0323.JPG,DSCF0323.JPG,5R/100MEDIA,0,Other_Amphibian,0.2328,2707.1,-3.7,2845.9,49.9
/srv/shared_leopard_toad/2024/02.10.2024/5R/100MEDIA/DSCF0277.JPG,DSCF0277.JPG,5R/100MEDIA,0,Other_Amphibian,0.2783,1621.7,386.6,1836.6,574.0
/srv/shared_leopard_toad/2024/02.10.2024/5R/100MEDIA/DSCF0692.JPG,DSCF0692.JPG,5R/100MEDIA,0,Other_Amphibian,0.6172,3747.1,369.0,3866.9,492.2
/srv/shared_leopard_toad/2024/02.10.2024/5R/100MEDIA/DSCF0711.JPG,DSCF0711.JPG,5R/100MEDIA,0,Other_Amphibian,0.3105,1973.2,1138.0,2072.2,1237.6
/srv/shared_leopard_toad/2024/02.10.2024/5R/100MEDIA/DSCF0710.JPG,DSCF0710.JPG,5R/100MEDIA,0,Other_Amphibian,0.2313,1971.6,1137.9,2071.6,1238.9
/srv/shared_leopard_toad/2024/02.10.2024/5R/100MEDIA/DSCF0406.JPG,DSCF0406.JPG,5R/100MEDIA,0,Other_Amphibian,0.2040,2704.8,-2.9,2843.7,51.3
/srv/shared_leopard_toad/2024/02.10.2024/5R/100MEDIA/DSCF0687.JPG,DSCF0687.JPG,5R/100MEDIA,0,Other_Amphibian,0.2180,1969.7,1134.7,2080.3,1237.1
/srv/shared_leopard_toad/2024/02.10.2024/5R/100MEDIA/DSCF0687.JPG,DSCF0687.JPG,5R/100MEDIA,0,Other_Amphibian,0.2024,1969.6,1133.5,2080.4,1235.7
/srv/shared_leopard_toad/2024/02.10.2024/5R/100MEDIA/DSCF0703.JPG,DSCF0703.JPG,5R/100MEDIA,0,Other_Amphibian,0.2732,1972.2,1140.0,2077.8,1239.4
/srv/shared_leopard_toad/2024/02.10.2024/5R/100MEDIA/DSCF0375.JPG,DSCF0375.JPG,5R/100MEDIA,0,Other_Amphibian,0.2295,2706.1,-4.1,2842.4,49.6
/srv/shared_leopard_toad/2024/02.10.2024/5R/100MEDIA/DSCF0316.JPG,DSCF0316.JPG,5R/100MEDIA,0,Other_Amphibian,0.4011,1624.4,389.2,1833.8,572.7
/srv/shared_leopard_toad/2024/02.10.2024/5R/100MEDIA/DSCF0043.JPG,DSCF0043.JPG,5R/100MEDIA,0,Other_Amphibian,0.4109,3389.3,13.8,3549.7,142.5
/srv/shared_leopard_toad/2024/02.10.2024/5R/100MEDIA/DSCF0492.JPG,DSCF0492.JPG,5R/100MEDIA,0,Other_Amphibian,0.2318,2706.3,-2.8,2833.2,60.2
/srv/shared_leopard_toad/2024/02.10.2024/5R/100MEDIA/DSCF0457.JPG,DSCF0457.JPG,5R/100MEDIA,0,Other_Amphibian,0.2050,2709.0,-2.7,2848.5,53.8
/srv/shared_leopard_toad/2024/02.10.2024/5R/100MEDIA/DSCF0799.JPG,DSCF0799.JPG,5R/100MEDIA,0,Other_Amphibian,0.2444,2285.3,1170.6,2399.2,1310.0
/srv/shared_leopard_toad/2024/02.10.2024/5R/100MEDIA/DSCF0799.JPG,DSCF0799.JPG,5R/100MEDIA,0,Other_Amphibian,0.2168,2285.6,1171.0,2398.9,1309.6
/srv/shared_leopard_toad/2024/02.10.2024/5R/100MEDIA/DSCF0355.JPG,DSCF0355.JPG,5R/100MEDIA,0,Other_Amphibian,0.2303,2706.5,-3.2,2855.5,52.5
/srv/shared_leopard_toad/2024/02.10.2024/5R/100MEDIA/DSCF0285.JPG,DSCF0285.JPG,5R/100MEDIA,0,Other_Amphibian,0.2379,1625.0,392.7,1833.3,574.3
/srv/shared_leopard_toad/2024/02.10.2024/5R/100MEDIA/DSCF0715.JPG,DSCF0715.JPG,5R/100MEDIA,0,Other_Amphibian,0.2366,1973.6,1140.7,2071.9,1238.7
/srv/shared_leopard_toad/2024/02.10.2024/5R/100MEDIA/DSCF0814.JPG,DSCF0814.JPG,5R/100MEDIA,0,Other_Amphibian,0.3298,2744.4,0.3,2876.1,92.9
/srv/shared_leopard_toad/2024/02.10.2024/5R/100MEDIA/DSCF0814.JPG,DSCF0814.JPG,5R/100MEDIA,0,Other_Amphibian,0.2915,2743.0,1.0,2877.5,93.5
/srv/shared_leopard_toad/2024/02.10.2024/5R/100MEDIA/DSCF0296.JPG,DSCF0296.JPG,5R/100MEDIA,0,Other_Amphibian,0.2189,2701.4,-3.1,2847.1,49.2
/srv/shared_leopard_toad/2024/02.10.2024/5R/100MEDIA/DSCF0743.JPG,DSCF0743.JPG,5R/100MEDIA,2,Western_Leopard_Toad,0.3528,3467.2,535.8,3615.8,707.1
/srv/shared_leopard_toad/2024/02.10.2024/5R/100MEDIA/DSCF0046.JPG,DSCF0046.JPG,5R/100MEDIA,0,Other_Amphibian,0.3003,3391.0,14.9,3543.5,142.9
/srv/shared_leopard_toad/2024/02.10.2024/5R/100MEDIA/DSCF0694.JPG,DSCF0694.JPG,5R/100MEDIA,0,Other_Amphibian,0.7734,3743.3,366.4,3870.7,494.9
/srv/shared_leopard_toad/2024/02.10.2024/5R/100MEDIA/DSCF0306.JPG,DSCF0306.JPG,5R/100MEDIA,0,Other_Amphibian,0.3647,1625.7,389.4,1837.1,574.4
/srv/shared_leopard_toad/2024/02.10.2024/5R/100MEDIA/DSCF0306.JPG,DSCF0306.JPG,5R/100MEDIA,0,Other_Amphibian,0.2358,2707.0,-3.6,2841.5,48.6
/srv/shared_leopard_toad/2024/02.10.2024/5R/100MEDIA/DSCF0453.JPG,DSCF0453.JPG,5R/100MEDIA,2,Western_Leopard_Toad,0.2527,4487.7,1781.3,4606.8,2061.1
/srv/shared_leopard_toad/2024/02.10.2024/5R/100MEDIA/DSCF0291.JPG,DSCF0291.JPG,5R/100MEDIA,0,Other_Amphibian,0.2502,2704.9,-3.6,2852.6,48.6
/srv/shared_leopard_toad/2024/02.10.2024/5R/100MEDIA/DSCF0397.JPG,DSCF0397.JPG,5R/100MEDIA,0,Other_Amphibian,0.2216,2704.9,-4.0,2839.1,52.6
/srv/shared_leopard_toad/2024/02.10.2024/5R/100MEDIA/DSCF0276.JPG,DSCF0276.JPG,5R/100MEDIA,0,Other_Amphibian,0.2114,1635.4,393.3,1836.4,577.4
/srv/shared_leopard_toad/2024/02.10.2024/5R/100MEDIA/DSCF0415.JPG,DSCF0415.JPG,5R/100MEDIA,0,Other_Amphibian,0.2053,1633.9,384.0,1837.9,572.2
/srv/shared_leopard_toad/2024/02.10.2024/5R/100MEDIA/DSCF0806.JPG,DSCF0806.JPG,5R/100MEDIA,0,Other_Amphibian,0.2303,3205.1,90.2,3301.9,200.7
/srv/shared_leopard_toad/2024/02.10.2024/5R/100MEDIA/DSCF0818.JPG,DSCF0818.JPG,5R/100MEDIA,0,Other_Amphibian,0.8286,3800.1,450.3,3912.9,571.7
/srv/shared_leopard_toad/2024/02.10.2024/5R/100MEDIA/DSCF0274.JPG,DSCF0274.JPG,5R/100MEDIA,0,Other_Amphibian,0.4819,1625.2,389.9,1833.0,576.4
/srv/shared_leopard_toad/2024/02.10.2024/5R/100MEDIA/DSCF0630.JPG,DSCF0630.JPG,5R/100MEDIA,0,Other_Amphibian,0.2007,1971.5,1136.2,2087.5,1238.1
/srv/shared_leopard_toad/2024/02.10.2024/5R/100MEDIA/DSCF0035.JPG,DSCF0035.JPG,5R/100MEDIA,0,Other_Amphibian,0.3440,3386.5,19.5,3548.0,144.4
/srv/shared_leopard_toad/2024/02.10.2024/5R/100MEDIA/DSCF0269.JPG,DSCF0269.JPG,5R/100MEDIA,0,Other_Amphibian,0.2766,1623.1,393.1,1832.9,574.4
/srv/shared_leopard_toad/2024/02.10.2024/5R/100MEDIA/DSCF0313.JPG,DSCF0313.JPG,5R/100MEDIA,0,Other_Amphibian,0.2080,2706.9,-4.0,2850.6,48.4
/srv/shared_leopard_toad/2024/02.10.2024/5R/100MEDIA/DSCF0297.JPG,DSCF0297.JPG,5R/100MEDIA,0,Other_Amphibian,0.2588,2705.6,-2.9,2851.9,49.8
/srv/shared_leopard_toad/2024/02.10.2024/5R/100MEDIA/DSCF0297.JPG,DSCF0297.JPG,5R/100MEDIA,0,Other_Amphibian,0.2500,1627.2,392.0,1835.5,574.3
/srv/shared_leopard_toad/2024/02.10.2024/5R/100MEDIA/DSCF0719.JPG,DSCF0719.JPG,5R/100MEDIA,0,Other_Amphibian,0.3081,1969.5,1142.7,2071.5,1236.7
/srv/shared_leopard_toad/2024/02.10.2024/5R/100MEDIA/DSCF0719.JPG,DSCF0719.JPG,5R/100MEDIA,0,Other_Amphibian,0.2681,1969.5,1141.1,2071.5,1238.3
/srv/shared_leopard_toad/2024/02.10.2024/5R/100MEDIA/DSCF0719.JPG,DSCF0719.JPG,5R/100MEDIA,0,Other_Amphibian,0.2367,1969.1,1142.5,2071.9,1236.9
/srv/shared_leopard_toad/2024/02.10.2024/5R/100MEDIA/DSCF0352.JPG,DSCF0352.JPG,5R/100MEDIA,0,Other_Amphibian,0.2654,2707.1,-3.4,2841.4,50.3
/srv/shared_leopard_toad/2024/02.10.2024/5R/100MEDIA/DSCF0628.JPG,DSCF0628.JPG,5R/100MEDIA,0,Other_Amphibian,0.2983,1970.8,1136.5,2088.2,1237.9
/srv/shared_leopard_toad/2024/02.10.2024/5R/100MEDIA/DSCF0321.JPG,DSCF0321.JPG,5R/100MEDIA,0,Other_Amphibian,0.2976,2706.5,-3.2,2837.5,49.9
/srv/shared_leopard_toad/2024/02.10.2024/5R/100MEDIA/DSCF0321.JPG,DSCF0321.JPG,5R/100MEDIA,0,Other_Amphibian,0.2494,1623.9,393.0,1834.4,575.9
/srv/shared_leopard_toad/2024/02.10.2024/5R/100MEDIA/DSCF0037.JPG,DSCF0037.JPG,5R/100MEDIA,0,Other_Amphibian,0.4612,3386.7,24.7,3543.3,142.0
/srv/shared_leopard_toad/2024/02.10.2024/5R/100MEDIA/DSCF0388.JPG,DSCF0388.JPG,5R/100MEDIA,0,Other_Amphibian,0.2852,2704.6,-2.7,2843.9,55.3
/srv/shared_leopard_toad/2024/02.10.2024/5R/100MEDIA/DSCF0039.JPG,DSCF0039.JPG,5R/100MEDIA,0,Other_Amphibian,0.2489,3387.2,18.6,3551.8,143.4
/srv/shared_leopard_toad/2024/02.10.2024/5R/100MEDIA/DSCF0042.JPG,DSCF0042.JPG,5R/100MEDIA,0,Other_Amphibian,0.2139,3387.6,12.1,3551.4,143.6
/srv/shared_leopard_toad/2024/02.10.2024/5R/100MEDIA/DSCF0383.JPG,DSCF0383.JPG,5R/100MEDIA,0,Other_Amphibian,0.2234,2703.2,-3.4,2836.3,51.1
/srv/shared_leopard_toad/2024/02.10.2024/5R/100MEDIA/DSCF0658.JPG,DSCF0658.JPG,5R/100MEDIA,0,Other_Amphibian,0.2527,1970.1,1136.9,2088.9,1237.4
/srv/shared_leopard_toad/2024/02.10.2024/5R/100MEDIA/DSCF0354.JPG,DSCF0354.JPG,5R/100MEDIA,0,Other_Amphibian,0.2007,2705.9,-3.2,2847.1,51.4
/srv/shared_leopard_toad/2024/02.10.2024/5R/100MEDIA/DSCF0728.JPG,DSCF0728.JPG,5R/100MEDIA,0,Other_Amphibian,0.2852,1973.7,1136.9,2076.3,1234.9
/srv/shared_leopard_toad/2024/02.10.2024/5R/100MEDIA/DSCF0664.JPG,DSCF0664.JPG,5R/100MEDIA,0,Other_Amphibian,0.2166,1969.1,1134.8,2080.9,1237.0
/srv/shared_leopard_toad/2024/02.10.2024/5R/100MEDIA/DSCF0331.JPG,DSCF0331.JPG,5R/100MEDIA,0,Other_Amphibian,0.2639,2704.6,-3.3,2839.4,51.5
/srv/shared_leopard_toad/2024/02.10.2024/5R/100MEDIA/DSCF0331.JPG,DSCF0331.JPG,5R/100MEDIA,0,Other_Amphibian,0.2181,1618.6,394.8,1828.4,574.7
/srv/shared_leopard_toad/2024/02.10.2024/5R/100MEDIA/DSCF0309.JPG,DSCF0309.JPG,5R/100MEDIA,0,Other_Amphibian,0.2905,1622.9,390.0,1835.4,576.3
/srv/shared_leopard_toad/2024/02.10.2024/5R/100MEDIA/DSCF0309.JPG,DSCF0309.JPG,5R/100MEDIA,0,Other_Amphibian,0.2659,2703.9,-4.0,2840.1,48.3
/srv/shared_leopard_toad/2024/02.10.2024/5R/100MEDIA/DSCF0497.JPG,DSCF0497.JPG,5R/100MEDIA,0,Other_Amphibian,0.2489,1644.1,377.2,1836.6,570.7
/srv/shared_leopard_toad/2024/02.10.2024/5R/100MEDIA/DSCF0392.JPG,DSCF0392.JPG,5R/100MEDIA,0,Other_Amphibian,0.2195,2705.8,-2.0,2842.7,55.8
/srv/shared_leopard_toad/2024/02.10.2024/5R/100MEDIA/DSCF0235.JPG,DSCF0235.JPG,5R/100MEDIA,0,Other_Amphibian,0.2338,1637.9,383.8,1836.1,567.3
/srv/shared_leopard_toad/2024/02.10.2024/5R/100MEDIA/DSCF0310.JPG,DSCF0310.JPG,5R/100MEDIA,0,Other_Amphibian,0.2603,2705.3,-3.5,2847.7,49.4
/srv/shared_leopard_toad/2024/02.10.2024/5R/100MEDIA/DSCF0374.JPG,DSCF0374.JPG,5R/100MEDIA,0,Other_Amphibian,0.2255,2707.0,-3.6,2855.0,50.0
/srv/shared_leopard_toad/2024/02.10.2024/5R/100MEDIA/DSCF0677.JPG,DSCF0677.JPG,5R/100MEDIA,0,Other_Amphibian,0.2042,1973.1,1137.9,2085.9,1236.4
/srv/shared_leopard_toad/2024/02.10.2024/5R/100MEDIA/DSCF0444.JPG,DSCF0444.JPG,5R/100MEDIA,2,Western_Leopard_Toad,0.5088,1340.8,971.8,1510.0,1144.4
/srv/shared_leopard_toad/2024/02.10.2024/5R/100MEDIA/DSCF0444.JPG,DSCF0444.JPG,5R/100MEDIA,0,Other_Amphibian,0.3367,1340.8,971.8,1510.0,1144.4
/srv/shared_leopard_toad/2024/02.10.2024/5R/100MEDIA/DSCF0322.JPG,DSCF0322.JPG,5R/100MEDIA,0,Other_Amphibian,0.2332,2704.2,-3.7,2839.8,51.3
/srv/shared_leopard_toad/2024/02.10.2024/5R/100MEDIA/DSCF0702.JPG,DSCF0702.JPG,5R/100MEDIA,0,Other_Amphibian,0.3743,2262.4,132.7,2372.6,263.4
/srv/shared_leopard_toad/2024/02.10.2024/5R/100MEDIA/DSCF0702.JPG,DSCF0702.JPG,5R/100MEDIA,0,Other_Amphibian,0.2607,1971.8,1140.3,2073.7,1239.1
/srv/shared_leopard_toad/2024/02.10.2024/5R/100MEDIA/DSCF0361.JPG,DSCF0361.JPG,5R/100MEDIA,0,Other_Amphibian,0.2407,2705.7,-3.1,2847.3,49.8
/srv/shared_leopard_toad/2024/02.10.2024/5R/100MEDIA/DSCF0707.JPG,DSCF0707.JPG,5R/100MEDIA,0,Other_Amphibian,0.2698,1972.8,1137.8,2077.2,1236.6
