image_path,image_name,subfolder,class_id,class_name,confidence,xmin,ymin,xmax,ymax
/srv/shared_leopard_toad/2024/02.10.2024/6R/103MEDIA/DSCF0358.JPG,DSCF0358.JPG,6R/103MEDIA,0,Other_Amphibian,0.4849,2961.0,1899.1,3091.5,2057.2
/srv/shared_leopard_toad/2024/02.10.2024/6R/103MEDIA/DSCF0279.JPG,DSCF0279.JPG,6R/103MEDIA,0,Other_Amphibian,0.5039,2960.2,1896.3,3092.3,2054.9
/srv/shared_leopard_toad/2024/02.10.2024/6R/103MEDIA/DSCF0298.JPG,DSCF0298.JPG,6R/103MEDIA,0,Other_Amphibian,0.5361,2958.3,1898.6,3094.2,2055.2
/srv/shared_leopard_toad/2024/02.10.2024/6R/103MEDIA/DSCF0298.JPG,DSCF0298.JPG,6R/103MEDIA,2,Western_Leopard_Toad,0.2727,2958.3,1898.6,3094.2,2055.2
/srv/shared_leopard_toad/2024/02.10.2024/6R/103MEDIA/DSCF0325.JPG,DSCF0325.JPG,6R/103MEDIA,0,Other_Amphibian,0.6035,2963.1,1897.0,3093.9,2056.8
/srv/shared_leopard_toad/2024/02.10.2024/6R/103MEDIA/DSCF0282.JPG,DSCF0282.JPG,6R/103MEDIA,0,Other_Amphibian,0.8145,2956.6,1898.4,3091.4,2057.9
/srv/shared_leopard_toad/2024/02.10.2024/6R/103MEDIA/DSCF0311.JPG,DSCF0311.JPG,6R/103MEDIA,0,Other_Amphibian,0.3733,2957.1,1896.3,3090.9,2057.6
/srv/shared_leopard_toad/2024/02.10.2024/6R/103MEDIA/DSCF0362.JPG,DSCF0362.JPG,6R/103MEDIA,0,Other_Amphibian,0.2778,2959.5,1898.2,3093.0,2055.7
/srv/shared_leopard_toad/2024/02.10.2024/6R/103MEDIA/DSCF0273.JPG,DSCF0273.JPG,6R/103MEDIA,0,Other_Amphibian,0.4338,2959.0,1895.0,3093.5,2056.3
/srv/shared_leopard_toad/2024/02.10.2024/6R/103MEDIA/DSCF0802.JPG,DSCF0802.JPG,6R/103MEDIA,2,Western_Leopard_Toad,0.5454,2687.8,1873.8,2829.2,2057.3
/srv/shared_leopard_toad/2024/02.10.2024/6R/103MEDIA/DSCF0339.JPG,DSCF0339.JPG,6R/103MEDIA,0,Other_Amphibian,0.7368,2961.1,1901.7,3095.9,2057.2
/srv/shared_leopard_toad/2024/02.10.2024/6R/103MEDIA/DSCF0336.JPG,DSCF0336.JPG,6R/103MEDIA,0,Other_Amphibian,0.2988,2959.9,1892.7,3092.6,2056.1
/srv/shared_leopard_toad/2024/02.10.2024/6R/103MEDIA/DSCF0344.JPG,DSCF0344.JPG,6R/103MEDIA,0,Other_Amphibian,0.4265,2958.7,1897.3,3093.8,2056.5
/srv/shared_leopard_toad/2024/02.10.2024/6R/103MEDIA/DSCF0350.JPG,DSCF0350.JPG,6R/103MEDIA,0,Other_Amphibian,0.4966,2955.4,1898.5,3092.6,2055.3
/srv/shared_leopard_toad/2024/02.10.2024/6R/103MEDIA/DSCF0286.JPG,DSCF0286.JPG,6R/103MEDIA,0,Other_Amphibian,0.2510,2960.2,1898.0,3092.3,2058.4
/srv/shared_leopard_toad/2024/02.10.2024/6R/103MEDIA/DSCF0292.JPG,DSCF0292.JPG,6R/103MEDIA,0,Other_Amphibian,0.6011,2960.5,1900.6,3092.0,2058.3
/srv/shared_leopard_toad/2024/02.10.2024/6R/103MEDIA/DSCF0792.JPG,DSCF0792.JPG,6R/103MEDIA,2,Western_Leopard_Toad,0.3535,2689.3,1875.7,2827.7,2060.4
/srv/shared_leopard_toad/2024/02.10.2024/6R/103MEDIA/DSCF0341.JPG,DSCF0341.JPG,6R/103MEDIA,0,Other_Amphibian,0.5405,2959.5,1898.9,3093.0,2054.9
/srv/shared_leopard_toad/2024/02.10.2024/6R/103MEDIA/DSCF0304.JPG,DSCF0304.JPG,6R/103MEDIA,0,Other_Amphibian,0.2181,2962.9,1898.9,3094.1,2057.5
/srv/shared_leopard_toad/2024/02.10.2024/6R/103MEDIA/DSCF0266.JPG,DSCF0266.JPG,6R/103MEDIA,0,Other_Amphibian,0.6152,2958.6,1896.9,3089.4,2057.0
/srv/shared_leopard_toad/2024/02.10.2024/6R/103MEDIA/DSCF0353.JPG,DSCF0353.JPG,6R/103MEDIA,0,Other_Amphibian,0.3733,2960.2,1899.6,3092.3,2056.8
/srv/shared_leopard_toad/2024/02.10.2024/6R/103MEDIA/DSCF0342.JPG,DSCF0342.JPG,6R/103MEDIA,0,Other_Amphibian,0.7583,2957.0,1896.9,3095.5,2057.0
/srv/shared_leopard_toad/2024/02.10.2024/6R/103MEDIA/DSCF0305.JPG,DSCF0305.JPG,6R/103MEDIA,0,Other_Amphibian,0.2322,2961.6,1898.9,3090.9,2057.5
/srv/shared_leopard_toad/2024/02.10.2024/6R/103MEDIA/DSCF0531.JPG,DSCF0531.JPG,6R/103MEDIA,2,Western_Leopard_Toad,0.2576,3911.8,804.2,4062.2,928.5
/srv/shared_leopard_toad/2024/02.10.2024/6R/103MEDIA/DSCF0343.JPG,DSCF0343.JPG,6R/103MEDIA,0,Other_Amphibian,0.4739,2959.7,1897.7,3092.8,2056.1
/srv/shared_leopard_toad/2024/02.10.2024/6R/103MEDIA/DSCF0301.JPG,DSCF0301.JPG,6R/103MEDIA,0,Other_Amphibian,0.4932,2959.5,1897.7,3093.0,2056.1
/srv/shared_leopard_toad/2024/02.10.2024/6R/103MEDIA/DSCF0769.JPG,DSCF0769.JPG,6R/103MEDIA,2,Western_Leopard_Toad,0.3052,2687.9,1875.1,2824.6,2053.4
/srv/shared_leopard_toad/2024/02.10.2024/6R/103MEDIA/DSCF0184.JPG,DSCF0184.JPG,6R/103MEDIA,0,Other_Amphibian,0.3801,2959.0,1895.4,3089.0,2053.4
/srv/shared_leopard_toad/2024/02.10.2024/6R/103MEDIA/DSCF0308.JPG,DSCF0308.JPG,6R/103MEDIA,0,Other_Amphibian,0.6895,2956.7,1897.4,3091.3,2056.4
/srv/shared_leopard_toad/2024/02.10.2024/6R/103MEDIA/DSCF0312.JPG,DSCF0312.JPG,6R/103MEDIA,0,Other_Amphibian,0.3621,2957.5,1898.0,3090.5,2058.4
/srv/shared_leopard_toad/2024/02.10.2024/6R/103MEDIA/DSCF0303.JPG,DSCF0303.JPG,6R/103MEDIA,0,Other_Amphibian,0.4541,2960.4,1898.1,3092.1,2058.2
/srv/shared_leopard_toad/2024/02.10.2024/6R/103MEDIA/DSCF0837.JPG,DSCF0837.JPG,6R/103MEDIA,2,Western_Leopard_Toad,0.4290,2685.5,1871.1,2836.0,2057.4
/srv/shared_leopard_toad/2024/02.10.2024/6R/103MEDIA/DSCF0290.JPG,DSCF0290.JPG,6R/103MEDIA,0,Other_Amphibian,0.5103,2961.4,1899.9,3091.1,2056.5
/srv/shared_leopard_toad/2024/02.10.2024/6R/103MEDIA/DSCF0258.JPG,DSCF0258.JPG,6R/103MEDIA,0,Other_Amphibian,0.2051,2960.0,1900.7,3092.5,2058.2
/srv/shared_leopard_toad/2024/02.10.2024/6R/103MEDIA/DSCF0346.JPG,DSCF0346.JPG,6R/103MEDIA,0,Other_Amphibian,0.5078,2957.3,1897.0,3090.7,2056.8
/srv/shared_leopard_toad/2024/02.10.2024/6R/103MEDIA/DSCF0833.JPG,DSCF0833.JPG,6R/103MEDIA,2,Western_Leopard_Toad,0.2744,2684.5,1874.7,2832.5,2056.3
/srv/shared_leopard_toad/2024/02.10.2024/6R/103MEDIA/DSCF0315.JPG,DSCF0315.JPG,6R/103MEDIA,0,Other_Amphibian,0.5151,2958.9,1896.3,3093.6,2057.6
/srv/shared_leopard_toad/2024/02.10.2024/6R/103MEDIA/DSCF0288.JPG,DSCF0288.JPG,6R/103MEDIA,0,Other_Amphibian,0.6865,2959.3,1898.4,3093.2,2057.9
/srv/shared_leopard_toad/2024/02.10.2024/6R/103MEDIA/DSCF0264.JPG,DSCF0264.JPG,6R/103MEDIA,0,Other_Amphibian,0.3101,2961.5,1901.1,3091.0,2057.7
/srv/shared_leopard_toad/2024/02.10.2024/6R/103MEDIA/DSCF0284.JPG,DSCF0284.JPG,6R/103MEDIA,0,Other_Amphibian,0.3081,2960.7,1899.4,3091.8,2056.9
/srv/shared_leopard_toad/2024/02.10.2024/6R/103MEDIA/DSCF0271.JPG,DSCF0271.JPG,6R/103MEDIA,0,Other_Amphibian,0.3860,2959.5,1897.2,3093.0,2056.6
/srv/shared_leopard_toad/2024/02.10.2024/6R/103MEDIA/DSCF0295.JPG,DSCF0295.JPG,6R/103MEDIA,0,Other_Amphibian,0.2996,2959.6,1896.3,3092.9,2057.6
/srv/shared_leopard_toad/2024/02.10.2024/6R/103MEDIA/DSCF0307.JPG,DSCF0307.JPG,6R/103MEDIA,0,Other_Amphibian,0.6890,2959.2,1896.1,3093.3,2057.7
/srv/shared_leopard_toad/2024/02.10.2024/6R/103MEDIA/DSCF0268.JPG,DSCF0268.JPG,6R/103MEDIA,0,Other_Amphibian,0.3994,2963.4,1894.9,3093.6,2056.4
/srv/shared_leopard_toad/2024/02.10.2024/6R/103MEDIA/DSCF0704.JPG,DSCF0704.JPG,6R/103MEDIA,0,Other_Amphibian,0.2725,1819.8,2262.7,1987.2,2442.9
/srv/shared_leopard_toad/2024/02.10.2024/6R/103MEDIA/DSCF0704.JPG,DSCF0704.JPG,6R/103MEDIA,0,Other_Amphibian,0.2383,1820.0,2262.3,1987.0,2443.3
/srv/shared_leopard_toad/2024/02.10.2024/6R/103MEDIA/DSCF0252.JPG,DSCF0252.JPG,6R/103MEDIA,0,Other_Amphibian,0.2043,2962.2,1895.9,3094.8,2055.4
/srv/shared_leopard_toad/2024/02.10.2024/6R/103MEDIA/DSCF0262.JPG,DSCF0262.JPG,6R/103MEDIA,0,Other_Amphibian,0.5107,2958.5,1897.3,3089.5,2056.5
/srv/shared_leopard_toad/2024/02.10.2024/6R/103MEDIA/DSCF0363.JPG,DSCF0363.JPG,6R/103MEDIA,0,Other_Amphibian,0.2234,2959.0,1897.9,3093.5,2055.9
/srv/shared_leopard_toad/2024/02.10.2024/6R/103MEDIA/DSCF0280.JPG,DSCF0280.JPG,6R/103MEDIA,0,Other_Amphibian,0.4819,2958.1,1898.3,3089.9,2058.1
/srv/shared_leopard_toad/2024/02.10.2024/6R/103MEDIA/DSCF0629.JPG,DSCF0629.JPG,6R/103MEDIA,2,Western_Leopard_Toad,0.2795,2781.1,2329.9,2902.4,2449.1
/srv/shared_leopard_toad/2024/02.10.2024/6R/103MEDIA/DSCF0333.JPG,DSCF0333.JPG,6R/103MEDIA,0,Other_Amphibian,0.2563,2959.0,1894.8,3093.5,2054.0
/srv/shared_leopard_toad/2024/02.10.2024/6R/103MEDIA/DSCF0786.JPG,DSCF0786.JPG,6R/103MEDIA,2,Western_Leopard_Toad,0.2742,2688.2,1874.1,2824.3,2062.0
/srv/shared_leopard_toad/2024/02.10.2024/6R/103MEDIA/DSCF0798.JPG,DSCF0798.JPG,6R/103MEDIA,2,Western_Leopard_Toad,0.2981,2688.7,1873.9,2823.8,2057.1
/srv/shared_leopard_toad/2024/02.10.2024/6R/103MEDIA/DSCF0238.JPG,DSCF0238.JPG,6R/103MEDIA,0,Other_Amphibian,0.3633,2956.1,1898.7,3091.9,2057.6
/srv/shared_leopard_toad/2024/02.10.2024/6R/103MEDIA/DSCF0299.JPG,DSCF0299.JPG,6R/103MEDIA,0,Other_Amphibian,0.4761,2957.5,1897.2,3090.5,2056.6
/srv/shared_leopard_toad/2024/02.10.2024/6R/103MEDIA/DSCF0345.JPG,DSCF0345.JPG,6R/103MEDIA,0,Other_Amphibian,0.6035,2958.6,1897.0,3093.9,2056.8
/srv/shared_leopard_toad/2024/02.10.2024/6R/103MEDIA/DSCF0293.JPG,DSCF0293.JPG,6R/103MEDIA,0,Other_Amphibian,0.2881,2961.0,1896.9,3091.5,2057.0
/srv/shared_leopard_toad/2024/02.10.2024/6R/103MEDIA/DSCF0338.JPG,DSCF0338.JPG,6R/103MEDIA,0,Other_Amphibian,0.5928,2960.2,1896.7,3092.3,2057.1
/srv/shared_leopard_toad/2024/02.10.2024/6R/103MEDIA/DSCF0360.JPG,DSCF0360.JPG,6R/103MEDIA,0,Other_Amphibian,0.4329,2958.9,1898.3,3093.6,2058.1
/srv/shared_leopard_toad/2024/02.10.2024/6R/103MEDIA/DSCF0791.JPG,DSCF0791.JPG,6R/103MEDIA,2,Western_Leopard_Toad,0.2800,2690.1,1876.6,2826.9,2059.5
/srv/shared_leopard_toad/2024/02.10.2024/6R/103MEDIA/DSCF0811.JPG,DSCF0811.JPG,6R/103MEDIA,2,Western_Leopard_Toad,0.2991,2688.6,1874.9,2828.4,2058.7
/srv/shared_leopard_toad/2024/02.10.2024/6R/103MEDIA/DSCF0278.JPG,DSCF0278.JPG,6R/103MEDIA,0,Other_Amphibian,0.2986,2960.6,1897.3,3091.9,2056.5
/srv/shared_leopard_toad/2024/02.10.2024/6R/103MEDIA/DSCF0278.JPG,DSCF0278.JPG,6R/103MEDIA,0,Other_Amphibian,0.2839,2960.5,1897.3,3092.0,2056.5
/srv/shared_leopard_toad/2024/02.10.2024/6R/103MEDIA/DSCF0327.JPG,DSCF0327.JPG,6R/103MEDIA,0,Other_Amphibian,0.6460,2960.1,1899.1,3092.4,2057.2
/srv/shared_leopard_toad/2024/02.10.2024/6R/103MEDIA/DSCF0314.JPG,DSCF0314.JPG,6R/103MEDIA,0,Other_Amphibian,0.3306,2959.0,1893.9,3093.5,2054.9
/srv/shared_leopard_toad/2024/02.10.2024/6R/103MEDIA/DSCF0302.JPG,DSCF0302.JPG,6R/103MEDIA,0,Other_Amphibian,0.3105,2960.0,1898.9,3092.5,2057.5
/srv/shared_leopard_toad/2024/02.10.2024/6R/103MEDIA/DSCF0267.JPG,DSCF0267.JPG,6R/103MEDIA,0,Other_Amphibian,0.5815,2956.3,1897.5,3091.7,2058.8
/srv/shared_leopard_toad/2024/02.10.2024/6R/103MEDIA/DSCF0323.JPG,DSCF0323.JPG,6R/103MEDIA,0,Other_Amphibian,0.2061,2960.1,1896.1,3092.4,2057.7
/srv/shared_leopard_toad/2024/02.10.2024/6R/103MEDIA/DSCF0277.JPG,DSCF0277.JPG,6R/103MEDIA,0,Other_Amphibian,0.5142,2961.0,1896.9,3091.5,2057.0
/srv/shared_leopard_toad/2024/02.10.2024/6R/103MEDIA/DSCF0804.JPG,DSCF0804.JPG,6R/103MEDIA,2,Western_Leopard_Toad,0.3552,2690.2,1875.3,2831.3,2058.2
/srv/shared_leopard_toad/2024/02.10.2024/6R/103MEDIA/DSCF0263.JPG,DSCF0263.JPG,6R/103MEDIA,0,Other_Amphibian,0.5669,2958.6,1897.5,3089.4,2058.8
/srv/shared_leopard_toad/2024/02.10.2024/6R/103MEDIA/DSCF0349.JPG,DSCF0349.JPG,6R/103MEDIA,0,Other_Amphibian,0.4397,2959.5,1896.4,3093.0,2057.4
/srv/shared_leopard_toad/2024/02.10.2024/6R/103MEDIA/DSCF0283.JPG,DSCF0283.JPG,6R/103MEDIA,0,Other_Amphibian,0.2581,2960.9,1897.5,3091.6,2058.8
/srv/shared_leopard_toad/2024/02.10.2024/6R/103MEDIA/DSCF0265.JPG,DSCF0265.JPG,6R/103MEDIA,0,Other_Amphibian,0.5005,2960.0,1898.1,3092.5,2058.2
/srv/shared_leopard_toad/2024/02.10.2024/6R/103MEDIA/DSCF0183.JPG,DSCF0183.JPG,6R/103MEDIA,0,Other_Amphibian,0.6499,2958.7,1891.6,3089.3,2054.7
/srv/shared_leopard_toad/2024/02.10.2024/6R/103MEDIA/DSCF0289.JPG,DSCF0289.JPG,6R/103MEDIA,0,Other_Amphibian,0.7441,2959.9,1898.7,3092.6,2057.6
/srv/shared_leopard_toad/2024/02.10.2024/6R/103MEDIA/DSCF0703.JPG,DSCF0703.JPG,6R/103MEDIA,0,Other_Amphibian,0.3777,1814.1,2239.2,1983.9,2430.9
/srv/shared_leopard_toad/2024/02.10.2024/6R/103MEDIA/DSCF0703.JPG,DSCF0703.JPG,6R/103MEDIA,0,Other_Amphibian,0.2402,1814.8,2239.8,1983.2,2435.4
/srv/shared_leopard_toad/2024/02.10.2024/6R/103MEDIA/DSCF0337.JPG,DSCF0337.JPG,6R/103MEDIA,0,Other_Amphibian,0.5884,2960.9,1901.2,3091.6,2060.2
/srv/shared_leopard_toad/2024/02.10.2024/6R/103MEDIA/DSCF0316.JPG,DSCF0316.JPG,6R/103MEDIA,0,Other_Amphibian,0.2089,2959.2,1896.3,3093.3,2057.6
/srv/shared_leopard_toad/2024/02.10.2024/6R/103MEDIA/DSCF0799.JPG,DSCF0799.JPG,6R/103MEDIA,2,Western_Leopard_Toad,0.4690,2689.4,1876.0,2827.6,2060.1
/srv/shared_leopard_toad/2024/02.10.2024/6R/103MEDIA/DSCF0355.JPG,DSCF0355.JPG,6R/103MEDIA,0,Other_Amphibian,0.4255,2959.7,1898.7,3092.8,2057.6
/srv/shared_leopard_toad/2024/02.10.2024/6R/103MEDIA/DSCF0285.JPG,DSCF0285.JPG,6R/103MEDIA,0,Other_Amphibian,0.7085,2956.5,1898.3,3091.5,2058.1
/srv/shared_leopard_toad/2024/02.10.2024/6R/103MEDIA/DSCF0281.JPG,DSCF0281.JPG,6R/103MEDIA,0,Other_Amphibian,0.6235,2957.2,1899.0,3090.8,2057.4
/srv/shared_leopard_toad/2024/02.10.2024/6R/103MEDIA/DSCF0810.JPG,DSCF0810.JPG,6R/103MEDIA,2,Western_Leopard_Toad,0.5874,2686.8,1875.0,2825.7,2058.5
/srv/shared_leopard_toad/2024/02.10.2024/6R/103MEDIA/DSCF0810.JPG,DSCF0810.JPG,6R/103MEDIA,0,Other_Amphibian,0.2081,2686.8,1875.0,2825.7,2058.5
/srv/shared_leopard_toad/2024/02.10.2024/6R/103MEDIA/DSCF0330.JPG,DSCF0330.JPG,6R/103MEDIA,0,Other_Amphibian,0.7397,2953.6,1898.3,3089.9,2055.5
/srv/shared_leopard_toad/2024/02.10.2024/6R/103MEDIA/DSCF0296.JPG,DSCF0296.JPG,6R/103MEDIA,0,Other_Amphibian,0.6431,2959.1,1898.4,3093.4,2057.9
/srv/shared_leopard_toad/2024/02.10.2024/6R/103MEDIA/DSCF0296.JPG,DSCF0296.JPG,6R/103MEDIA,2,Western_Leopard_Toad,0.3049,2959.1,1898.4,3093.4,2057.9
/srv/shared_leopard_toad/2024/02.10.2024/6R/103MEDIA/DSCF0306.JPG,DSCF0306.JPG,6R/103MEDIA,0,Other_Amphibian,0.3232,2959.7,1899.1,3092.8,2057.2
/srv/shared_leopard_toad/2024/02.10.2024/6R/103MEDIA/DSCF0291.JPG,DSCF0291.JPG,6R/103MEDIA,0,Other_Amphibian,0.6846,2956.7,1896.7,3091.3,2057.1
/srv/shared_leopard_toad/2024/02.10.2024/6R/103MEDIA/DSCF0334.JPG,DSCF0334.JPG,6R/103MEDIA,0,Other_Amphibian,0.2737,2957.6,1892.4,3094.9,2056.3
/srv/shared_leopard_toad/2024/02.10.2024/6R/103MEDIA/DSCF0300.JPG,DSCF0300.JPG,6R/103MEDIA,0,Other_Amphibian,0.3386,2958.7,1897.4,3093.8,2056.4
/srv/shared_leopard_toad/2024/02.10.2024/6R/103MEDIA/DSCF0122.JPG,DSCF0122.JPG,6R/103MEDIA,2,Western_Leopard_Toad,0.5186,2851.0,2130.6,3012.5,2304.1
/srv/shared_leopard_toad/2024/02.10.2024/6R/103MEDIA/DSCF0294.JPG,DSCF0294.JPG,6R/103MEDIA,0,Other_Amphibian,0.3284,2959.6,1894.9,3092.9,2056.4
/srv/shared_leopard_toad/2024/02.10.2024/6R/103MEDIA/DSCF0276.JPG,DSCF0276.JPG,6R/103MEDIA,0,Other_Amphibian,0.5566,2957.1,1898.4,3090.9,2057.9
/srv/shared_leopard_toad/2024/02.10.2024/6R/103MEDIA/DSCF0771.JPG,DSCF0771.JPG,6R/103MEDIA,2,Western_Leopard_Toad,0.3149,2689.1,1874.0,2823.4,2054.5
/srv/shared_leopard_toad/2024/02.10.2024/6R/103MEDIA/DSCF0274.JPG,DSCF0274.JPG,6R/103MEDIA,0,Other_Amphibian,0.4419,2961.0,1897.7,3091.5,2058.7
/srv/shared_leopard_toad/2024/02.10.2024/6R/103MEDIA/DSCF0259.JPG,DSCF0259.JPG,6R/103MEDIA,0,Other_Amphibian,0.5112,2960.1,1897.7,3092.4,2056.1
/srv/shared_leopard_toad/2024/02.10.2024/6R/103MEDIA/DSCF0797.JPG,DSCF0797.JPG,6R/103MEDIA,2,Western_Leopard_Toad,0.3711,2687.7,1873.7,2829.3,2059.9
/srv/shared_leopard_toad/2024/02.10.2024/6R/103MEDIA/DSCF0269.JPG,DSCF0269.JPG,6R/103MEDIA,0,Other_Amphibian,0.3320,2960.6,1898.6,3091.9,2057.8
/srv/shared_leopard_toad/2024/02.10.2024/6R/103MEDIA/DSCF0313.JPG,DSCF0313.JPG,6R/103MEDIA,0,Other_Amphibian,0.4158,2959.0,1895.7,3093.5,2055.5
/srv/shared_leopard_toad/2024/02.10.2024/6R/103MEDIA/DSCF0297.JPG,DSCF0297.JPG,6R/103MEDIA,0,Other_Amphibian,0.3164,2958.5,1896.7,3089.5,2057.1
/srv/shared_leopard_toad/2024/02.10.2024/6R/103MEDIA/DSCF0352.JPG,DSCF0352.JPG,6R/103MEDIA,0,Other_Amphibian,0.7075,2958.5,1901.8,3089.5,2057.0
/srv/shared_leopard_toad/2024/02.10.2024/6R/103MEDIA/DSCF0321.JPG,DSCF0321.JPG,6R/103MEDIA,0,Other_Amphibian,0.2334,2960.5,1897.4,3092.0,2058.9
/srv/shared_leopard_toad/2024/02.10.2024/6R/103MEDIA/DSCF0803.JPG,DSCF0803.JPG,6R/103MEDIA,2,Western_Leopard_Toad,0.3669,2689.0,1875.6,2828.0,2060.5
/srv/shared_leopard_toad/2024/02.10.2024/6R/103MEDIA/DSCF0260.JPG,DSCF0260.JPG,6R/103MEDIA,0,Other_Amphibian,0.4834,2961.0,1898.1,3091.5,2058.2
/srv/shared_leopard_toad/2024/02.10.2024/6R/103MEDIA/DSCF0260.JPG,DSCF0260.JPG,6R/103MEDIA,0,Other_Amphibian,0.2350,2960.4,1898.7,3092.1,2057.6
/srv/shared_leopard_toad/2024/02.10.2024/6R/103MEDIA/DSCF0561.JPG,DSCF0561.JPG,6R/103MEDIA,2,Western_Leopard_Toad,0.3191,3913.5,804.7,4060.5,930.4
/srv/shared_leopard_toad/2024/02.10.2024/6R/103MEDIA/DSCF0829.JPG,DSCF0829.JPG,6R/103MEDIA,2,Western_Leopard_Toad,0.2620,2684.5,1874.9,2828.0,2058.7
/srv/shared_leopard_toad/2024/02.10.2024/6R/103MEDIA/DSCF0239.JPG,DSCF0239.JPG,6R/103MEDIA,0,Other_Amphibian,0.2350,2957.6,1897.2,3094.9,2056.6
/srv/shared_leopard_toad/2024/02.10.2024/6R/103MEDIA/DSCF0329.JPG,DSCF0329.JPG,6R/103MEDIA,0,Other_Amphibian,0.3750,2957.1,1898.8,3090.9,2055.1
/srv/shared_leopard_toad/2024/02.10.2024/6R/103MEDIA/DSCF0329.JPG,DSCF0329.JPG,6R/103MEDIA,0,Other_Amphibian,0.3032,2957.3,1898.5,3090.7,2055.3
/srv/shared_leopard_toad/2024/02.10.2024/6R/103MEDIA/DSCF0261.JPG,DSCF0261.JPG,6R/103MEDIA,0,Other_Amphibian,0.2356,2961.0,1897.7,3091.5,2058.7
/srv/shared_leopard_toad/2024/02.10.2024/6R/103MEDIA/DSCF0326.JPG,DSCF0326.JPG,6R/103MEDIA,0,Other_Amphibian,0.6602,2959.3,1903.0,3093.2,2058.4
/srv/shared_leopard_toad/2024/02.10.2024/6R/103MEDIA/DSCF0326.JPG,DSCF0326.JPG,6R/103MEDIA,0,Other_Amphibian,0.4419,2959.2,1903.3,3093.3,2058.1
/srv/shared_leopard_toad/2024/02.10.2024/6R/103MEDIA/DSCF0809.JPG,DSCF0809.JPG,6R/103MEDIA,2,Western_Leopard_Toad,0.4934,2688.2,1874.9,2824.3,2058.7
/srv/shared_leopard_toad/2024/02.10.2024/6R/103MEDIA/DSCF0332.JPG,DSCF0332.JPG,6R/103MEDIA,0,Other_Amphibian,0.7104,2958.5,1900.1,3094.0,2056.2
/srv/shared_leopard_toad/2024/02.10.2024/6R/103MEDIA/DSCF0835.JPG,DSCF0835.JPG,6R/103MEDIA,2,Western_Leopard_Toad,0.3687,2687.4,1871.9,2843.1,2054.1
/srv/shared_leopard_toad/2024/02.10.2024/6R/103MEDIA/DSCF0348.JPG,DSCF0348.JPG,6R/103MEDIA,0,Other_Amphibian,0.6440,2959.3,1896.4,3093.2,2057.4
/srv/shared_leopard_toad/2024/02.10.2024/6R/103MEDIA/DSCF0351.JPG,DSCF0351.JPG,6R/103MEDIA,0,Other_Amphibian,0.7227,2959.3,1899.9,3093.2,2056.5
/srv/shared_leopard_toad/2024/02.10.2024/6R/103MEDIA/DSCF0354.JPG,DSCF0354.JPG,6R/103MEDIA,0,Other_Amphibian,0.4487,2963.0,1901.1,3094.0,2057.7
/srv/shared_leopard_toad/2024/02.10.2024/6R/103MEDIA/DSCF0272.JPG,DSCF0272.JPG,6R/103MEDIA,0,Other_Amphibian,0.2534,2960.5,1899.7,3092.0,2056.6
/srv/shared_leopard_toad/2024/02.10.2024/6R/103MEDIA/DSCF0241.JPG,DSCF0241.JPG,6R/103MEDIA,0,Other_Amphibian,0.3064,2959.3,1895.0,3093.2,2056.3
/srv/shared_leopard_toad/2024/02.10.2024/6R/103MEDIA/DSCF0241.JPG,DSCF0241.JPG,6R/103MEDIA,0,Other_Amphibian,0.2654,2959.2,1896.7,3093.3,2057.1
/srv/shared_leopard_toad/2024/02.10.2024/6R/103MEDIA/DSCF0331.JPG,DSCF0331.JPG,6R/103MEDIA,0,Other_Amphibian,0.5664,2956.2,1897.9,3091.8,2055.9
/srv/shared_leopard_toad/2024/02.10.2024/6R/103MEDIA/DSCF0347.JPG,DSCF0347.JPG,6R/103MEDIA,0,Other_Amphibian,0.3904,2959.2,1897.4,3093.3,2056.4
/srv/shared_leopard_toad/2024/02.10.2024/6R/103MEDIA/DSCF0357.JPG,DSCF0357.JPG,6R/103MEDIA,0,Other_Amphibian,0.3518,2959.6,1897.9,3092.9,2055.9
/srv/shared_leopard_toad/2024/02.10.2024/6R/103MEDIA/DSCF0309.JPG,DSCF0309.JPG,6R/103MEDIA,0,Other_Amphibian,0.2834,2959.7,1896.0,3092.8,2057.8
/srv/shared_leopard_toad/2024/02.10.2024/6R/103MEDIA/DSCF0340.JPG,DSCF0340.JPG,6R/103MEDIA,0,Other_Amphibian,0.5459,2959.0,1900.1,3093.5,2056.2
/srv/shared_leopard_toad/2024/02.10.2024/6R/103MEDIA/DSCF0318.JPG,DSCF0318.JPG,6R/103MEDIA,0,Other_Amphibian,0.2039,2957.6,1895.8,3094.9,2058.0
/srv/shared_leopard_toad/2024/02.10.2024/6R/103MEDIA/DSCF0328.JPG,DSCF0328.JPG,6R/103MEDIA,0,Other_Amphibian,0.2822,2960.1,1897.4,3092.4,2056.4
/srv/shared_leopard_toad/2024/02.10.2024/6R/103MEDIA/DSCF0310.JPG,DSCF0310.JPG,6R/103MEDIA,0,Other_Amphibian,0.2073,2959.9,1897.3,3092.6,2056.5
/srv/shared_leopard_toad/2024/02.10.2024/6R/103MEDIA/DSCF0317.JPG,DSCF0317.JPG,6R/103MEDIA,0,Other_Amphibian,0.5269,2957.0,1896.1,3095.5,2057.7
/srv/shared_leopard_toad/2024/02.10.2024/6R/103MEDIA/DSCF0270.JPG,DSCF0270.JPG,6R/103MEDIA,0,Other_Amphibian,0.5571,2961.0,1897.4,3091.5,2056.4
/srv/shared_leopard_toad/2024/02.10.2024/6R/103MEDIA/DSCF0356.JPG,DSCF0356.JPG,6R/103MEDIA,0,Other_Amphibian,0.6382,2959.9,1899.9,3092.6,2056.5
/srv/shared_leopard_toad/2024/02.10.2024/6R/103MEDIA/DSCF0322.JPG,DSCF0322.JPG,6R/103MEDIA,0,Other_Amphibian,0.2573,2959.6,1897.5,3092.9,2058.8
/srv/shared_leopard_toad/2024/02.10.2024/6R/103MEDIA/DSCF0836.JPG,DSCF0836.JPG,6R/103MEDIA,2,Western_Leopard_Toad,0.2664,2684.4,1873.6,2837.1,2054.9
/srv/shared_leopard_toad/2024/02.10.2024/6R/103MEDIA/DSCF0359.JPG,DSCF0359.JPG,6R/103MEDIA,0,Other_Amphibian,0.2710,2961.8,1898.9,3090.7,2054.9
/srv/shared_leopard_toad/2024/02.10.2024/6R/103MEDIA/DSCF0243.JPG,DSCF0243.JPG,6R/103MEDIA,0,Other_Amphibian,0.2260,2958.0,1900.6,3090.0,2058.3
/srv/shared_leopard_toad/2024/02.10.2024/6R/103MEDIA/DSCF0361.JPG,DSCF0361.JPG,6R/103MEDIA,0,Other_Amphibian,0.2783,2960.6,1899.6,3091.9,2056.8
/srv/shared_leopard_toad/2024/02.10.2024/6R/107MEDIA/DSCF0215.JPG,DSCF0215.JPG,6R/107MEDIA,0,Other_Amphibian,0.2299,2437.9,2010.4,2620.1,2183.9
/srv/shared_leopard_toad/2024/02.10.2024/6R/107MEDIA/DSCF0464.JPG,DSCF0464.JPG,6R/107MEDIA,0,Other_Amphibian,0.2886,2175.8,2140.7,2378.2,2337.1
/srv/shared_leopard_toad/2024/02.10.2024/6R/107MEDIA/DSCF0325.JPG,DSCF0325.JPG,6R/107MEDIA,0,Other_Amphibian,0.3433,2845.6,2342.1,2981.9,2449.6
/srv/shared_leopard_toad/2024/02.10.2024/6R/107MEDIA/DSCF0442.JPG,DSCF0442.JPG,6R/107MEDIA,0,Other_Amphibian,0.2200,2186.5,2146.1,2376.5,2339.3
/srv/shared_leopard_toad/2024/02.10.2024/6R/107MEDIA/DSCF0667.JPG,DSCF0667.JPG,6R/107MEDIA,0,Other_Amphibian,0.2302,2181.2,2145.1,2375.1,2340.3
/srv/shared_leopard_toad/2024/02.10.2024/6R/107MEDIA/DSCF0061.JPG,DSCF0061.JPG,6R/107MEDIA,0,Other_Amphibian,0.2251,2443.8,2010.4,2618.7,2191.4
/srv/shared_leopard_toad/2024/02.10.2024/6R/107MEDIA/DSCF0640.JPG,DSCF0640.JPG,6R/107MEDIA,0,Other_Amphibian,0.3745,2182.9,2145.6,2375.6,2337.3
/srv/shared_leopard_toad/2024/02.10.2024/6R/107MEDIA/DSCF0273.JPG,DSCF0273.JPG,6R/107MEDIA,0,Other_Amphibian,0.2257,2435.8,2009.4,2622.2,2182.3
/srv/shared_leopard_toad/2024/02.10.2024/6R/107MEDIA/DSCF0339.JPG,DSCF0339.JPG,6R/107MEDIA,0,Other_Amphibian,0.2795,2844.0,2343.3,2979.0,2448.4
/srv/shared_leopard_toad/2024/02.10.2024/6R/107MEDIA/DSCF0344.JPG,DSCF0344.JPG,6R/107MEDIA,0,Other_Amphibian,0.2949,2842.9,2344.8,2980.1,2449.3
/srv/shared_leopard_toad/2024/02.10.2024/6R/107MEDIA/DSCF0553.JPG,DSCF0553.JPG,6R/107MEDIA,0,Other_Amphibian,0.2576,2185.9,2145.5,2374.8,2339.9
/srv/shared_leopard_toad/2024/02.10.2024/6R/107MEDIA/DSCF0292.JPG,DSCF0292.JPG,6R/107MEDIA,0,Other_Amphibian,0.2167,2432.0,2010.5,2603.5,2178.7
/srv/shared_leopard_toad/2024/02.10.2024/6R/107MEDIA/DSCF0429.JPG,DSCF0429.JPG,6R/107MEDIA,0,Other_Amphibian,0.8511,2864.2,2045.7,3035.2,2209.3
/srv/shared_leopard_toad/2024/02.10.2024/6R/107MEDIA/DSCF0429.JPG,DSCF0429.JPG,6R/107MEDIA,2,Western_Leopard_Toad,0.4170,2864.2,2045.7,3035.2,2209.3
/srv/shared_leopard_toad/2024/02.10.2024/6R/107MEDIA/DSCF0341.JPG,DSCF0341.JPG,6R/107MEDIA,0,Other_Amphibian,0.3044,2844.5,2344.8,2978.5,2449.3
/srv/shared_leopard_toad/2024/02.10.2024/6R/107MEDIA/DSCF0207.JPG,DSCF0207.JPG,6R/107MEDIA,0,Other_Amphibian,0.2115,2438.5,2009.4,2624.0,2184.9
/srv/shared_leopard_toad/2024/02.10.2024/6R/107MEDIA/DSCF0755.JPG,DSCF0755.JPG,6R/107MEDIA,0,Other_Amphibian,0.2898,2185.0,2144.0,2373.5,2338.9
/srv/shared_leopard_toad/2024/02.10.2024/6R/107MEDIA/DSCF0067.JPG,DSCF0067.JPG,6R/107MEDIA,0,Other_Amphibian,0.2379,2444.8,2012.3,2617.7,2192.1
/srv/shared_leopard_toad/2024/02.10.2024/6R/107MEDIA/DSCF0250.JPG,DSCF0250.JPG,6R/107MEDIA,0,Other_Amphibian,0.2603,2438.5,2009.7,2624.0,2182.0
/srv/shared_leopard_toad/2024/02.10.2024/6R/107MEDIA/DSCF0305.JPG,DSCF0305.JPG,6R/107MEDIA,0,Other_Amphibian,0.2825,2431.5,2010.4,2599.5,2178.9
/srv/shared_leopard_toad/2024/02.10.2024/6R/107MEDIA/DSCF0670.JPG,DSCF0670.JPG,6R/107MEDIA,0,Other_Amphibian,0.2124,2184.3,2144.9,2374.2,2340.5
/srv/shared_leopard_toad/2024/02.10.2024/6R/107MEDIA/DSCF0730.JPG,DSCF0730.JPG,6R/107MEDIA,0,Other_Amphibian,0.2278,2180.0,2143.7,2374.0,2341.7
/srv/shared_leopard_toad/2024/02.10.2024/6R/107MEDIA/DSCF0343.JPG,DSCF0343.JPG,6R/107MEDIA,0,Other_Amphibian,0.2292,2844.2,2343.2,2978.8,2448.5
/srv/shared_leopard_toad/2024/02.10.2024/6R/107MEDIA/DSCF0118.JPG,DSCF0118.JPG,6R/107MEDIA,0,Other_Amphibian,0.2456,2444.1,2011.9,2618.4,2189.9
/srv/shared_leopard_toad/2024/02.10.2024/6R/107MEDIA/DSCF0672.JPG,DSCF0672.JPG,6R/107MEDIA,0,Other_Amphibian,0.2045,2176.7,2144.4,2370.6,2341.0
/srv/shared_leopard_toad/2024/02.10.2024/6R/107MEDIA/DSCF0662.JPG,DSCF0662.JPG,6R/107MEDIA,0,Other_Amphibian,0.2971,2184.3,2144.9,2374.2,2340.5
/srv/shared_leopard_toad/2024/02.10.2024/6R/107MEDIA/DSCF0151.JPG,DSCF0151.JPG,6R/107MEDIA,0,Other_Amphibian,0.2917,2441.9,2013.0,2616.1,2194.0
/srv/shared_leopard_toad/2024/02.10.2024/6R/107MEDIA/DSCF0254.JPG,DSCF0254.JPG,6R/107MEDIA,0,Other_Amphibian,0.3276,2436.5,2010.8,2621.5,2180.9
/srv/shared_leopard_toad/2024/02.10.2024/6R/107MEDIA/DSCF0896.JPG,DSCF0896.JPG,6R/107MEDIA,0,Other_Amphibian,0.3818,3700.1,2194.2,3841.9,2319.0
/srv/shared_leopard_toad/2024/02.10.2024/6R/107MEDIA/DSCF0303.JPG,DSCF0303.JPG,6R/107MEDIA,0,Other_Amphibian,0.3215,2431.8,2008.8,2599.2,2180.4
/srv/shared_leopard_toad/2024/02.10.2024/6R/107MEDIA/DSCF0220.JPG,DSCF0220.JPG,6R/107MEDIA,0,Other_Amphibian,0.2812,2437.7,2009.9,2620.3,2181.9
/srv/shared_leopard_toad/2024/02.10.2024/6R/107MEDIA/DSCF0346.JPG,DSCF0346.JPG,6R/107MEDIA,0,Other_Amphibian,0.2871,2843.3,2342.9,2979.7,2448.7
/srv/shared_leopard_toad/2024/02.10.2024/6R/107MEDIA/DSCF0040.JPG,DSCF0040.JPG,6R/107MEDIA,0,Other_Amphibian,0.2029,4063.5,-0.6,4270.5,127.7
/srv/shared_leopard_toad/2024/02.10.2024/6R/107MEDIA/DSCF0284.JPG,DSCF0284.JPG,6R/107MEDIA,0,Other_Amphibian,0.2327,2439.2,2010.7,2623.3,2183.6
/srv/shared_leopard_toad/2024/02.10.2024/6R/107MEDIA/DSCF0320.JPG,DSCF0320.JPG,6R/107MEDIA,0,Other_Amphibian,0.2012,2844.7,2342.4,2982.8,2449.3
/srv/shared_leopard_toad/2024/02.10.2024/6R/107MEDIA/DSCF0246.JPG,DSCF0246.JPG,6R/107MEDIA,0,Other_Amphibian,0.2837,2436.8,2012.4,2621.2,2179.3
/srv/shared_leopard_toad/2024/02.10.2024/6R/107MEDIA/DSCF0472.JPG,DSCF0472.JPG,6R/107MEDIA,0,Other_Amphibian,0.2386,2184.8,2143.7,2375.9,2339.2
/srv/shared_leopard_toad/2024/02.10.2024/6R/107MEDIA/DSCF0536.JPG,DSCF0536.JPG,6R/107MEDIA,0,Other_Amphibian,0.2167,2184.0,2145.1,2372.2,2340.3
/srv/shared_leopard_toad/2024/02.10.2024/6R/107MEDIA/DSCF0262.JPG,DSCF0262.JPG,6R/107MEDIA,0,Other_Amphibian,0.4268,2438.7,2011.2,2619.3,2180.6
/srv/shared_leopard_toad/2024/02.10.2024/6R/107MEDIA/DSCF0154.JPG,DSCF0154.JPG,6R/107MEDIA,0,Other_Amphibian,0.2096,2441.5,2011.9,2616.5,2192.5
/srv/shared_leopard_toad/2024/02.10.2024/6R/107MEDIA/DSCF0280.JPG,DSCF0280.JPG,6R/107MEDIA,0,Other_Amphibian,0.5439,2436.0,2010.0,2622.0,2181.7
/srv/shared_leopard_toad/2024/02.10.2024/6R/107MEDIA/DSCF0208.JPG,DSCF0208.JPG,6R/107MEDIA,0,Other_Amphibian,0.3379,2437.0,2009.6,2621.0,2182.2
/srv/shared_leopard_toad/2024/02.10.2024/6R/107MEDIA/DSCF0208.JPG,DSCF0208.JPG,6R/107MEDIA,0,Other_Amphibian,0.2825,2436.1,2010.0,2621.9,2181.7
/srv/shared_leopard_toad/2024/02.10.2024/6R/107MEDIA/DSCF0742.JPG,DSCF0742.JPG,6R/107MEDIA,0,Other_Amphibian,0.2042,2191.0,2148.0,2372.0,2337.4
/srv/shared_leopard_toad/2024/02.10.2024/6R/107MEDIA/DSCF0206.JPG,DSCF0206.JPG,6R/107MEDIA,0,Other_Amphibian,0.2024,2437.0,2009.1,2625.5,2182.6
/srv/shared_leopard_toad/2024/02.10.2024/6R/107MEDIA/DSCF0216.JPG,DSCF0216.JPG,6R/107MEDIA,0,Other_Amphibian,0.2048,2437.7,2010.2,2620.3,2181.5
/srv/shared_leopard_toad/2024/02.10.2024/6R/107MEDIA/DSCF0327.JPG,DSCF0327.JPG,6R/107MEDIA,0,Other_Amphibian,0.3735,2845.6,2343.0,2981.9,2448.7
/srv/shared_leopard_toad/2024/02.10.2024/6R/107MEDIA/DSCF0327.JPG,DSCF0327.JPG,6R/107MEDIA,2,Western_Leopard_Toad,0.2642,2845.6,2343.0,2981.9,2448.7
/srv/shared_leopard_toad/2024/02.10.2024/6R/107MEDIA/DSCF0693.JPG,DSCF0693.JPG,6R/107MEDIA,0,Other_Amphibian,0.3391,2186.4,2144.9,2374.3,2340.5
/srv/shared_leopard_toad/2024/02.10.2024/6R/107MEDIA/DSCF0772.JPG,DSCF0772.JPG,6R/107MEDIA,0,Other_Amphibian,0.2094,2183.9,2145.4,2374.6,2337.5
/srv/shared_leopard_toad/2024/02.10.2024/6R/107MEDIA/DSCF0844.JPG,DSCF0844.JPG,6R/107MEDIA,0,Other_Amphibian,0.2035,2179.1,2147.8,2365.9,2342.7
/srv/shared_leopard_toad/2024/02.10.2024/6R/107MEDIA/DSCF0209.JPG,DSCF0209.JPG,6R/107MEDIA,0,Other_Amphibian,0.2366,2437.7,2009.1,2624.8,2182.6
/srv/shared_leopard_toad/2024/02.10.2024/6R/107MEDIA/DSCF0240.JPG,DSCF0240.JPG,6R/107MEDIA,0,Other_Amphibian,0.4421,2438.0,2011.2,2624.5,2180.6
/srv/shared_leopard_toad/2024/02.10.2024/6R/107MEDIA/DSCF0240.JPG,DSCF0240.JPG,6R/107MEDIA,0,Other_Amphibian,0.2487,2436.0,2011.5,2622.0,2180.3
/srv/shared_leopard_toad/2024/02.10.2024/6R/107MEDIA/DSCF0232.JPG,DSCF0232.JPG,6R/107MEDIA,0,Other_Amphibian,0.2026,2435.4,2011.5,2622.6,2182.8
/srv/shared_leopard_toad/2024/02.10.2024/6R/107MEDIA/DSCF0319.JPG,DSCF0319.JPG,6R/107MEDIA,2,Western_Leopard_Toad,0.5610,2868.6,2337.2,3003.9,2449.4
/srv/shared_leopard_toad/2024/02.10.2024/6R/107MEDIA/DSCF0319.JPG,DSCF0319.JPG,6R/107MEDIA,0,Other_Amphibian,0.2627,2868.6,2337.2,3003.9,2449.4
/srv/shared_leopard_toad/2024/02.10.2024/6R/107MEDIA/DSCF0277.JPG,DSCF0277.JPG,6R/107MEDIA,0,Other_Amphibian,0.2771,2437.5,2009.7,2625.0,2182.0
/srv/shared_leopard_toad/2024/02.10.2024/6R/107MEDIA/DSCF0692.JPG,DSCF0692.JPG,6R/107MEDIA,0,Other_Amphibian,0.2024,2179.7,2140.4,2374.3,2337.4
/srv/shared_leopard_toad/2024/02.10.2024/6R/107MEDIA/DSCF0708.JPG,DSCF0708.JPG,6R/107MEDIA,0,Other_Amphibian,0.2585,2178.4,2143.8,2375.6,2341.6
/srv/shared_leopard_toad/2024/02.10.2024/6R/107MEDIA/DSCF0618.JPG,DSCF0618.JPG,6R/107MEDIA,0,Other_Amphibian,0.2664,2183.2,2141.1,2377.5,2339.2
/srv/shared_leopard_toad/2024/02.10.2024/6R/107MEDIA/DSCF0112.JPG,DSCF0112.JPG,6R/107MEDIA,0,Other_Amphibian,0.2098,2443.4,2013.5,2619.1,2193.4
/srv/shared_leopard_toad/2024/02.10.2024/6R/107MEDIA/DSCF0229.JPG,DSCF0229.JPG,6R/107MEDIA,0,Other_Amphibian,0.2654,2437.0,2010.4,2621.0,2181.4
/srv/shared_leopard_toad/2024/02.10.2024/6R/107MEDIA/DSCF0587.JPG,DSCF0587.JPG,6R/107MEDIA,0,Other_Amphibian,0.2170,2184.0,2147.2,2370.0,2338.2
/srv/shared_leopard_toad/2024/02.10.2024/6R/107MEDIA/DSCF0710.JPG,DSCF0710.JPG,6R/107MEDIA,0,Other_Amphibian,0.2852,2182.6,2145.6,2373.7,2339.7
/srv/shared_leopard_toad/2024/02.10.2024/6R/107MEDIA/DSCF0337.JPG,DSCF0337.JPG,6R/107MEDIA,0,Other_Amphibian,0.2054,2846.1,2342.8,2981.4,2448.9
/srv/shared_leopard_toad/2024/02.10.2024/6R/107MEDIA/DSCF0104.JPG,DSCF0104.JPG,6R/107MEDIA,0,Other_Amphibian,0.2056,2443.8,2011.7,2618.7,2192.7
/srv/shared_leopard_toad/2024/02.10.2024/6R/107MEDIA/DSCF0275.JPG,DSCF0275.JPG,6R/107MEDIA,0,Other_Amphibian,0.2563,2437.2,2009.7,2620.8,2182.0
/srv/shared_leopard_toad/2024/02.10.2024/6R/107MEDIA/DSCF0132.JPG,DSCF0132.JPG,6R/107MEDIA,0,Other_Amphibian,0.2032,2443.4,2013.8,2619.1,2193.1
/srv/shared_leopard_toad/2024/02.10.2024/6R/107MEDIA/DSCF0249.JPG,DSCF0249.JPG,6R/107MEDIA,0,Other_Amphibian,0.2467,2436.1,2011.0,2621.9,2180.8
/srv/shared_leopard_toad/2024/02.10.2024/6R/107MEDIA/DSCF0083.JPG,DSCF0083.JPG,6R/107MEDIA,0,Other_Amphibian,0.5376,2443.9,2011.6,2618.6,2192.9
/srv/shared_leopard_toad/2024/02.10.2024/6R/107MEDIA/DSCF0682.JPG,DSCF0682.JPG,6R/107MEDIA,0,Other_Amphibian,0.2195,2179.7,2146.8,2367.6,2338.6
/srv/shared_leopard_toad/2024/02.10.2024/6R/107MEDIA/DSCF0285.JPG,DSCF0285.JPG,6R/107MEDIA,0,Other_Amphibian,0.3030,2437.9,2011.3,2620.1,2183.0
/srv/shared_leopard_toad/2024/02.10.2024/6R/107MEDIA/DSCF0281.JPG,DSCF0281.JPG,6R/107MEDIA,0,Other_Amphibian,0.3606,2436.0,2010.5,2622.0,2181.2
/srv/shared_leopard_toad/2024/02.10.2024/6R/107MEDIA/DSCF0281.JPG,DSCF0281.JPG,6R/107MEDIA,0,Other_Amphibian,0.2976,2436.3,2010.4,2621.7,2181.4
/srv/shared_leopard_toad/2024/02.10.2024/6R/107MEDIA/DSCF0255.JPG,DSCF0255.JPG,6R/107MEDIA,0,Other_Amphibian,0.3396,2434.9,2010.5,2623.1,2181.2
/srv/shared_leopard_toad/2024/02.10.2024/6R/107MEDIA/DSCF0219.JPG,DSCF0219.JPG,6R/107MEDIA,0,Other_Amphibian,0.2474,2436.0,2010.4,2622.0,2181.4
/srv/shared_leopard_toad/2024/02.10.2024/6R/107MEDIA/DSCF0330.JPG,DSCF0330.JPG,6R/107MEDIA,0,Other_Amphibian,0.3918,2846.0,2343.1,2981.5,2448.5
/srv/shared_leopard_toad/2024/02.10.2024/6R/107MEDIA/DSCF0473.JPG,DSCF0473.JPG,6R/107MEDIA,0,Other_Amphibian,0.3484,2185.4,2145.5,2375.4,2339.9
/srv/shared_leopard_toad/2024/02.10.2024/6R/107MEDIA/DSCF0227.JPG,DSCF0227.JPG,6R/107MEDIA,0,Other_Amphibian,0.2233,2439.2,2010.0,2623.3,2181.7
/srv/shared_leopard_toad/2024/02.10.2024/6R/107MEDIA/DSCF0334.JPG,DSCF0334.JPG,6R/107MEDIA,0,Other_Amphibian,0.3032,2844.2,2343.1,2978.8,2448.5
/srv/shared_leopard_toad/2024/02.10.2024/6R/107MEDIA/DSCF0481.JPG,DSCF0481.JPG,6R/107MEDIA,0,Other_Amphibian,0.2603,2183.1,2141.7,2377.7,2338.6
/srv/shared_leopard_toad/2024/02.10.2024/6R/107MEDIA/DSCF0294.JPG,DSCF0294.JPG,6R/107MEDIA,0,Other_Amphibian,0.2013,2434.0,2011.0,2606.0,2183.3
/srv/shared_leopard_toad/2024/02.10.2024/6R/107MEDIA/DSCF0276.JPG,DSCF0276.JPG,6R/107MEDIA,0,Other_Amphibian,0.4131,2437.7,2010.7,2624.8,2183.6
/srv/shared_leopard_toad/2024/02.10.2024/6R/107MEDIA/DSCF0276.JPG,DSCF0276.JPG,6R/107MEDIA,0,Other_Amphibian,0.3342,2436.1,2010.4,2621.9,2183.9
/srv/shared_leopard_toad/2024/02.10.2024/6R/107MEDIA/DSCF0257.JPG,DSCF0257.JPG,6R/107MEDIA,0,Other_Amphibian,0.3987,2436.0,2011.6,2622.0,2182.6
/srv/shared_leopard_toad/2024/02.10.2024/6R/107MEDIA/DSCF0257.JPG,DSCF0257.JPG,6R/107MEDIA,0,Other_Amphibian,0.3018,2436.6,2009.9,2621.4,2181.9
/srv/shared_leopard_toad/2024/02.10.2024/6R/107MEDIA/DSCF0259.JPG,DSCF0259.JPG,6R/107MEDIA,0,Other_Amphibian,0.3418,2435.6,2011.2,2617.9,2180.6
/srv/shared_leopard_toad/2024/02.10.2024/6R/107MEDIA/DSCF0269.JPG,DSCF0269.JPG,6R/107MEDIA,0,Other_Amphibian,0.4067,2438.2,2008.9,2624.3,2182.8
/srv/shared_leopard_toad/2024/02.10.2024/6R/107MEDIA/DSCF0628.JPG,DSCF0628.JPG,6R/107MEDIA,0,Other_Amphibian,0.2101,2179.8,2144.5,2374.2,2340.9
/srv/shared_leopard_toad/2024/02.10.2024/6R/107MEDIA/DSCF0261.JPG,DSCF0261.JPG,6R/107MEDIA,0,Other_Amphibian,0.2487,2437.2,2010.7,2620.8,2181.1
/srv/shared_leopard_toad/2024/02.10.2024/6R/107MEDIA/DSCF0261.JPG,DSCF0261.JPG,6R/107MEDIA,0,Other_Amphibian,0.2054,2437.5,2010.4,2620.5,2181.4
/srv/shared_leopard_toad/2024/02.10.2024/6R/107MEDIA/DSCF0062.JPG,DSCF0062.JPG,6R/107MEDIA,0,Other_Amphibian,0.2368,2444.9,2013.5,2622.1,2193.4
/srv/shared_leopard_toad/2024/02.10.2024/6R/107MEDIA/DSCF0326.JPG,DSCF0326.JPG,6R/107MEDIA,0,Other_Amphibian,0.2607,2846.5,2342.1,2981.0,2449.6
/srv/shared_leopard_toad/2024/02.10.2024/6R/107MEDIA/DSCF0332.JPG,DSCF0332.JPG,6R/107MEDIA,0,Other_Amphibian,0.2148,2842.7,2342.9,2980.3,2448.7
/srv/shared_leopard_toad/2024/02.10.2024/6R/107MEDIA/DSCF0203.JPG,DSCF0203.JPG,6R/107MEDIA,0,Other_Amphibian,0.2115,2439.2,2009.7,2623.3,2182.0
/srv/shared_leopard_toad/2024/02.10.2024/6R/107MEDIA/DSCF0529.JPG,DSCF0529.JPG,6R/107MEDIA,0,Other_Amphibian,0.2123,2194.0,2144.5,2373.5,2340.9
/srv/shared_leopard_toad/2024/02.10.2024/6R/107MEDIA/DSCF0459.JPG,DSCF0459.JPG,6R/107MEDIA,0,Other_Amphibian,0.3035,2182.4,2144.2,2373.8,2338.6
/srv/shared_leopard_toad/2024/02.10.2024/6R/107MEDIA/DSCF0241.JPG,DSCF0241.JPG,6R/107MEDIA,0,Other_Amphibian,0.2277,2437.2,2010.8,2625.3,2180.9
/srv/shared_leopard_toad/2024/02.10.2024/6R/107MEDIA/DSCF0116.JPG,DSCF0116.JPG,6R/107MEDIA,0,Other_Amphibian,0.2260,2445.2,2013.4,2621.8,2193.6
/srv/shared_leopard_toad/2024/02.10.2024/6R/107MEDIA/DSCF0331.JPG,DSCF0331.JPG,6R/107MEDIA,2,Western_Leopard_Toad,0.3467,3474.1,1315.3,3622.4,1456.4
/srv/shared_leopard_toad/2024/02.10.2024/6R/107MEDIA/DSCF0331.JPG,DSCF0331.JPG,6R/107MEDIA,0,Other_Amphibian,0.2330,2847.1,2343.3,2980.4,2448.4
/srv/shared_leopard_toad/2024/02.10.2024/6R/107MEDIA/DSCF0688.JPG,DSCF0688.JPG,6R/107MEDIA,0,Other_Amphibian,0.3157,2176.1,2146.6,2368.9,2336.3
/srv/shared_leopard_toad/2024/02.10.2024/6R/107MEDIA/DSCF0309.JPG,DSCF0309.JPG,6R/107MEDIA,0,Other_Amphibian,0.3325,2430.7,2011.0,2609.3,2180.8
/srv/shared_leopard_toad/2024/02.10.2024/6R/107MEDIA/DSCF0340.JPG,DSCF0340.JPG,6R/107MEDIA,0,Other_Amphibian,0.2227,2844.2,2343.3,2978.8,2448.4
/srv/shared_leopard_toad/2024/02.10.2024/6R/107MEDIA/DSCF0318.JPG,DSCF0318.JPG,6R/107MEDIA,2,Western_Leopard_Toad,0.7500,2868.1,2337.6,3004.4,2449.0
/srv/shared_leopard_toad/2024/02.10.2024/6R/107MEDIA/DSCF0318.JPG,DSCF0318.JPG,6R/107MEDIA,0,Other_Amphibian,0.3447,2868.1,2337.6,3004.4,2449.0
/srv/shared_leopard_toad/2024/02.10.2024/6R/107MEDIA/DSCF0226.JPG,DSCF0226.JPG,6R/107MEDIA,0,Other_Amphibian,0.2125,2437.0,2010.8,2621.0,2183.4
/srv/shared_leopard_toad/2024/02.10.2024/6R/107MEDIA/DSCF0317.JPG,DSCF0317.JPG,6R/107MEDIA,2,Western_Leopard_Toad,0.7515,2866.7,2337.7,3001.3,2448.9
/srv/shared_leopard_toad/2024/02.10.2024/6R/107MEDIA/DSCF0317.JPG,DSCF0317.JPG,6R/107MEDIA,0,Other_Amphibian,0.3933,2866.7,2337.7,3001.3,2448.9
/srv/shared_leopard_toad/2024/02.10.2024/6R/107MEDIA/DSCF0270.JPG,DSCF0270.JPG,6R/107MEDIA,0,Other_Amphibian,0.5146,2435.8,2011.3,2622.2,2183.0
/srv/shared_leopard_toad/2024/02.10.2024/6R/107MEDIA/DSCF0677.JPG,DSCF0677.JPG,6R/107MEDIA,0,Other_Amphibian,0.2318,2183.2,2144.2,2377.5,2338.6
/srv/shared_leopard_toad/2024/02.10.2024/6R/107MEDIA/DSCF0638.JPG,DSCF0638.JPG,6R/107MEDIA,0,Other_Amphibian,0.2969,2182.6,2143.3,2375.9,2339.6
/srv/shared_leopard_toad/2024/02.10.2024/6R/107MEDIA/DSCF0084.JPG,DSCF0084.JPG,6R/107MEDIA,0,Other_Amphibian,0.3452,2443.1,2013.0,2619.4,2194.0
/srv/shared_leopard_toad/2024/02.10.2024/6R/107MEDIA/DSCF0243.JPG,DSCF0243.JPG,6R/107MEDIA,0,Other_Amphibian,0.3064,2435.4,2011.3,2622.6,2183.0
/srv/shared_leopard_toad/2024/02.10.2024/6R/107MEDIA/DSCF0506.JPG,DSCF0506.JPG,6R/107MEDIA,0,Other_Amphibian,0.2891,2180.0,2144.9,2369.5,2340.5
/srv/shared_leopard_toad/2024/02.10.2024/6R/107MEDIA/DSCF0707.JPG,DSCF0707.JPG,6R/107MEDIA,0,Other_Amphibian,0.2751,2179.8,2145.8,2374.2,2339.6
/srv/shared_leopard_toad/2024/02.10.2024/6R/105MEDIA/DSCF0107.JPG,DSCF0107.JPG,6R/105MEDIA,0,Other_Amphibian,0.3596,2525.2,2012.6,2663.3,2148.8
/srv/shared_leopard_toad/2024/02.10.2024/6R/105MEDIA/DSCF0107.JPG,DSCF0107.JPG,6R/105MEDIA,0,Other_Amphibian,0.2795,2526.2,2011.5,2662.3,2147.4
/srv/shared_leopard_toad/2024/02.10.2024/6R/105MEDIA/DSCF0339.JPG,DSCF0339.JPG,6R/105MEDIA,0,Other_Amphibian,0.2069,4358.5,1256.4,4605.5,1500.1
/srv/shared_leopard_toad/2024/02.10.2024/6R/105MEDIA/DSCF0341.JPG,DSCF0341.JPG,6R/105MEDIA,2,Western_Leopard_Toad,0.2732,2913.0,1263.7,3189.0,1667.5
/srv/shared_leopard_toad/2024/02.10.2024/6R/105MEDIA/DSCF0403.JPG,DSCF0403.JPG,6R/105MEDIA,2,Western_Leopard_Toad,0.3232,2519.6,2013.4,2650.9,2198.6
/srv/shared_leopard_toad/2024/02.10.2024/6R/105MEDIA/DSCF0656.JPG,DSCF0656.JPG,6R/105MEDIA,0,Other_Amphibian,0.2637,734.1,227.1,818.4,320.3
/srv/shared_leopard_toad/2024/02.10.2024/6R/105MEDIA/DSCF0308.JPG,DSCF0308.JPG,6R/105MEDIA,2,Western_Leopard_Toad,0.5308,2582.4,1258.7,3204.6,1677.6
/srv/shared_leopard_toad/2024/02.10.2024/6R/105MEDIA/DSCF0312.JPG,DSCF0312.JPG,6R/105MEDIA,2,Western_Leopard_Toad,0.2795,2586.4,1250.9,3200.6,1680.3
/srv/shared_leopard_toad/2024/02.10.2024/6R/105MEDIA/DSCF0315.JPG,DSCF0315.JPG,6R/105MEDIA,2,Western_Leopard_Toad,0.3870,2572.3,1246.5,3196.7,1679.6
/srv/shared_leopard_toad/2024/02.10.2024/6R/105MEDIA/DSCF0307.JPG,DSCF0307.JPG,6R/105MEDIA,2,Western_Leopard_Toad,0.3274,2601.0,1267.5,3195.0,1671.3
/srv/shared_leopard_toad/2024/02.10.2024/6R/105MEDIA/DSCF0106.JPG,DSCF0106.JPG,6R/105MEDIA,0,Other_Amphibian,0.4590,2527.5,2008.5,2679.0,2147.8
/srv/shared_leopard_toad/2024/02.10.2024/6R/105MEDIA/DSCF0148.JPG,DSCF0148.JPG,6R/105MEDIA,0,Other_Amphibian,0.6929,2540.9,2020.4,2679.1,2146.1
/srv/shared_leopard_toad/2024/02.10.2024/6R/105MEDIA/DSCF0110.JPG,DSCF0110.JPG,6R/105MEDIA,0,Other_Amphibian,0.4861,2528.4,2009.9,2664.6,2146.5
/srv/shared_leopard_toad/2024/02.10.2024/6R/105MEDIA/DSCF0110.JPG,DSCF0110.JPG,6R/105MEDIA,0,Other_Amphibian,0.4500,2525.4,2009.6,2663.1,2146.7
/srv/shared_leopard_toad/2024/02.10.2024/6R/105MEDIA/DSCF0113.JPG,DSCF0113.JPG,6R/105MEDIA,0,Other_Amphibian,0.2986,2530.3,2012.1,2667.2,2146.7
/srv/shared_leopard_toad/2024/02.10.2024/6R/105MEDIA/DSCF0114.JPG,DSCF0114.JPG,6R/105MEDIA,0,Other_Amphibian,0.3071,2529.8,2011.2,2667.7,2145.1
/srv/shared_leopard_toad/2024/02.10.2024/6R/105MEDIA/DSCF0114.JPG,DSCF0114.JPG,6R/105MEDIA,0,Other_Amphibian,0.2150,2526.6,2010.6,2666.4,2145.7
/srv/shared_leopard_toad/2024/02.10.2024/6R/105MEDIA/DSCF0216.JPG,DSCF0216.JPG,6R/105MEDIA,0,Other_Amphibian,0.2079,13.3,1718.9,112.9,1835.0
/srv/shared_leopard_toad/2024/02.10.2024/6R/105MEDIA/DSCF0314.JPG,DSCF0314.JPG,6R/105MEDIA,2,Western_Leopard_Toad,0.3591,2581.0,1248.5,3197.0,1680.1
/srv/shared_leopard_toad/2024/02.10.2024/6R/105MEDIA/DSCF0108.JPG,DSCF0108.JPG,6R/105MEDIA,0,Other_Amphibian,0.6338,2526.2,2013.2,2666.8,2145.6
/srv/shared_leopard_toad/2024/02.10.2024/6R/105MEDIA/DSCF0119.JPG,DSCF0119.JPG,6R/105MEDIA,0,Other_Amphibian,0.2168,2532.1,2013.0,2669.9,2148.4
/srv/shared_leopard_toad/2024/02.10.2024/6R/105MEDIA/DSCF0408.JPG,DSCF0408.JPG,6R/105MEDIA,2,Western_Leopard_Toad,0.3940,2519.5,2015.3,2651.0,2196.7
/srv/shared_leopard_toad/2024/02.10.2024/6R/105MEDIA/DSCF0229.JPG,DSCF0229.JPG,6R/105MEDIA,0,Other_Amphibian,0.8071,573.3,345.0,750.9,538.4
/srv/shared_leopard_toad/2024/02.10.2024/6R/105MEDIA/DSCF0104.JPG,DSCF0104.JPG,6R/105MEDIA,0,Other_Amphibian,0.2896,2523.8,2007.5,2682.7,2148.8
/srv/shared_leopard_toad/2024/02.10.2024/6R/105MEDIA/DSCF0316.JPG,DSCF0316.JPG,6R/105MEDIA,2,Western_Leopard_Toad,0.3391,2573.7,1242.2,3195.3,1678.9
/srv/shared_leopard_toad/2024/02.10.2024/6R/105MEDIA/DSCF0102.JPG,DSCF0102.JPG,6R/105MEDIA,0,Other_Amphibian,0.2751,2527.0,2009.6,2675.0,2149.3
/srv/shared_leopard_toad/2024/02.10.2024/6R/105MEDIA/DSCF0227.JPG,DSCF0227.JPG,6R/105MEDIA,2,Western_Leopard_Toad,0.3384,426.1,383.9,536.9,526.7
/srv/shared_leopard_toad/2024/02.10.2024/6R/105MEDIA/DSCF0227.JPG,DSCF0227.JPG,6R/105MEDIA,0,Other_Amphibian,0.2812,426.1,383.9,536.9,526.7
/srv/shared_leopard_toad/2024/02.10.2024/6R/105MEDIA/DSCF0300.JPG,DSCF0300.JPG,6R/105MEDIA,0,Other_Amphibian,0.2007,4390.2,1259.9,4618.8,1496.7
/srv/shared_leopard_toad/2024/02.10.2024/6R/105MEDIA/DSCF0136.JPG,DSCF0136.JPG,6R/105MEDIA,0,Other_Amphibian,0.4563,2531.0,2011.1,2671.0,2145.2
/srv/shared_leopard_toad/2024/02.10.2024/6R/105MEDIA/DSCF0228.JPG,DSCF0228.JPG,6R/105MEDIA,0,Other_Amphibian,0.2810,418.3,421.5,549.8,587.9
/srv/shared_leopard_toad/2024/02.10.2024/6R/105MEDIA/DSCF0217.JPG,DSCF0217.JPG,6R/105MEDIA,0,Other_Amphibian,0.3801,11.0,1722.1,110.4,1831.8
/srv/shared_leopard_toad/2024/02.10.2024/6R/105MEDIA/DSCF0105.JPG,DSCF0105.JPG,6R/105MEDIA,0,Other_Amphibian,0.4739,2526.8,2012.0,2670.8,2149.4
/srv/shared_leopard_toad/2024/02.10.2024/6R/105MEDIA/DSCF0331.JPG,DSCF0331.JPG,6R/105MEDIA,2,Western_Leopard_Toad,0.3318,2577.7,1250.4,3195.8,1678.2
/srv/shared_leopard_toad/2024/02.10.2024/6R/105MEDIA/DSCF0109.JPG,DSCF0109.JPG,6R/105MEDIA,0,Other_Amphibian,0.3792,2528.8,2012.3,2664.2,2146.5
/srv/shared_leopard_toad/2024/02.10.2024/6R/105MEDIA/DSCF0109.JPG,DSCF0109.JPG,6R/105MEDIA,0,Other_Amphibian,0.2489,2527.4,2012.6,2665.6,2148.8
/srv/shared_leopard_toad/2024/02.10.2024/6R/105MEDIA/DSCF0309.JPG,DSCF0309.JPG,6R/105MEDIA,2,Western_Leopard_Toad,0.4143,2579.9,1250.3,3198.1,1678.4
/srv/shared_leopard_toad/2024/02.10.2024/6R/105MEDIA/DSCF0318.JPG,DSCF0318.JPG,6R/105MEDIA,2,Western_Leopard_Toad,0.5117,2582.2,1245.2,3195.8,1678.4
/srv/shared_leopard_toad/2024/02.10.2024/6R/105MEDIA/DSCF0310.JPG,DSCF0310.JPG,6R/105MEDIA,2,Western_Leopard_Toad,0.4302,2595.7,1252.0,3200.3,1679.2
/srv/shared_leopard_toad/2024/02.10.2024/6R/105MEDIA/DSCF0317.JPG,DSCF0317.JPG,6R/105MEDIA,2,Western_Leopard_Toad,0.3447,2574.6,1238.9,3194.4,1679.6
/srv/shared_leopard_toad/2024/02.10.2024/6R/104MEDIA/DSCF0358.JPG,DSCF0358.JPG,6R/104MEDIA,2,Western_Leopard_Toad,0.8389,2499.8,1255.0,3224.2,1686.3
/srv/shared_leopard_toad/2024/02.10.2024/6R/104MEDIA/DSCF0298.JPG,DSCF0298.JPG,6R/104MEDIA,2,Western_Leopard_Toad,0.4119,2506.2,1255.5,3181.8,1675.7
/srv/shared_leopard_toad/2024/02.10.2024/6R/104MEDIA/DSCF0325.JPG,DSCF0325.JPG,6R/104MEDIA,2,Western_Leopard_Toad,0.7822,2491.6,1254.2,3196.4,1674.4
/srv/shared_leopard_toad/2024/02.10.2024/6R/104MEDIA/DSCF0282.JPG,DSCF0282.JPG,6R/104MEDIA,2,Western_Leopard_Toad,0.4622,2545.6,1258.2,3182.9,1647.7
/srv/shared_leopard_toad/2024/02.10.2024/6R/104MEDIA/DSCF0362.JPG,DSCF0362.JPG,6R/104MEDIA,2,Western_Leopard_Toad,0.7290,2499.2,1255.0,3220.3,1666.0
/srv/shared_leopard_toad/2024/02.10.2024/6R/104MEDIA/DSCF0339.JPG,DSCF0339.JPG,6R/104MEDIA,2,Western_Leopard_Toad,0.6011,2504.2,1258.0,3210.8,1670.6
/srv/shared_leopard_toad/2024/02.10.2024/6R/104MEDIA/DSCF0336.JPG,DSCF0336.JPG,6R/104MEDIA,2,Western_Leopard_Toad,0.7939,2492.7,1255.0,3217.8,1673.6
/srv/shared_leopard_toad/2024/02.10.2024/6R/104MEDIA/DSCF0344.JPG,DSCF0344.JPG,6R/104MEDIA,2,Western_Leopard_Toad,0.7803,2495.5,1255.8,3219.5,1690.6
/srv/shared_leopard_toad/2024/02.10.2024/6R/104MEDIA/DSCF0350.JPG,DSCF0350.JPG,6R/104MEDIA,2,Western_Leopard_Toad,0.8081,2500.9,1255.0,3227.6,1673.6
/srv/shared_leopard_toad/2024/02.10.2024/6R/104MEDIA/DSCF0286.JPG,DSCF0286.JPG,6R/104MEDIA,2,Western_Leopard_Toad,0.3601,2511.6,1255.8,3180.9,1655.1
/srv/shared_leopard_toad/2024/02.10.2024/6R/104MEDIA/DSCF0292.JPG,DSCF0292.JPG,6R/104MEDIA,2,Western_Leopard_Toad,0.2805,2533.8,1257.1,3185.7,1671.6
/srv/shared_leopard_toad/2024/02.10.2024/6R/104MEDIA/DSCF0341.JPG,DSCF0341.JPG,6R/104MEDIA,2,Western_Leopard_Toad,0.8013,2499.5,1255.3,3215.5,1668.3
/srv/shared_leopard_toad/2024/02.10.2024/6R/104MEDIA/DSCF0266.JPG,DSCF0266.JPG,6R/104MEDIA,2,Western_Leopard_Toad,0.6777,2501.7,1256.6,3235.8,1677.1
/srv/shared_leopard_toad/2024/02.10.2024/6R/104MEDIA/DSCF0369.JPG,DSCF0369.JPG,6R/104MEDIA,2,Western_Leopard_Toad,0.7368,2496.7,1253.9,3227.3,1669.7
/srv/shared_leopard_toad/2024/02.10.2024/6R/104MEDIA/DSCF0353.JPG,DSCF0353.JPG,6R/104MEDIA,2,Western_Leopard_Toad,0.7051,2502.0,1256.9,3222.0,1674.3
/srv/shared_leopard_toad/2024/02.10.2024/6R/104MEDIA/DSCF0559.JPG,DSCF0559.JPG,6R/104MEDIA,2,Western_Leopard_Toad,0.2527,2598.5,1259.0,3233.5,1669.7
/srv/shared_leopard_toad/2024/02.10.2024/6R/104MEDIA/DSCF0368.JPG,DSCF0368.JPG,6R/104MEDIA,2,Western_Leopard_Toad,0.7437,2500.0,1254.7,3224.0,1661.3
/srv/shared_leopard_toad/2024/02.10.2024/6R/104MEDIA/DSCF0366.JPG,DSCF0366.JPG,6R/104MEDIA,2,Western_Leopard_Toad,0.7061,2499.8,1253.4,3224.2,1682.8
/srv/shared_leopard_toad/2024/02.10.2024/6R/104MEDIA/DSCF0372.JPG,DSCF0372.JPG,6R/104MEDIA,2,Western_Leopard_Toad,0.5503,2495.0,1254.6,3229.0,1681.7
/srv/shared_leopard_toad/2024/02.10.2024/6R/104MEDIA/DSCF0342.JPG,DSCF0342.JPG,6R/104MEDIA,2,Western_Leopard_Toad,0.6694,2494.1,1257.1,3220.9,1666.5
/srv/shared_leopard_toad/2024/02.10.2024/6R/104MEDIA/DSCF0256.JPG,DSCF0256.JPG,6R/104MEDIA,2,Western_Leopard_Toad,0.7495,2500.3,1256.3,3241.7,1667.3
/srv/shared_leopard_toad/2024/02.10.2024/6R/104MEDIA/DSCF0324.JPG,DSCF0324.JPG,6R/104MEDIA,2,Western_Leopard_Toad,0.8071,2495.0,1252.3,3193.0,1676.3
/srv/shared_leopard_toad/2024/02.10.2024/6R/104MEDIA/DSCF0343.JPG,DSCF0343.JPG,6R/104MEDIA,2,Western_Leopard_Toad,0.9131,2498.3,1253.9,3230.2,1677.3
/srv/shared_leopard_toad/2024/02.10.2024/6R/104MEDIA/DSCF0301.JPG,DSCF0301.JPG,6R/104MEDIA,2,Western_Leopard_Toad,0.4036,2510.2,1256.1,3182.3,1675.1
/srv/shared_leopard_toad/2024/02.10.2024/6R/104MEDIA/DSCF0373.JPG,DSCF0373.JPG,6R/104MEDIA,2,Western_Leopard_Toad,0.5811,2500.0,1255.0,3233.0,1693.9
/srv/shared_leopard_toad/2024/02.10.2024/6R/104MEDIA/DSCF0308.JPG,DSCF0308.JPG,6R/104MEDIA,2,Western_Leopard_Toad,0.2788,2513.8,1256.9,3183.2,1674.3
/srv/shared_leopard_toad/2024/02.10.2024/6R/104MEDIA/DSCF0254.JPG,DSCF0254.JPG,6R/104MEDIA,2,Western_Leopard_Toad,0.6450,2499.8,1255.8,3233.2,1670.3
/srv/shared_leopard_toad/2024/02.10.2024/6R/104MEDIA/DSCF0303.JPG,DSCF0303.JPG,6R/104MEDIA,2,Western_Leopard_Toad,0.4124,2505.7,1254.2,3182.3,1671.9
/srv/shared_leopard_toad/2024/02.10.2024/6R/104MEDIA/DSCF0220.JPG,DSCF0220.JPG,6R/104MEDIA,0,Other_Amphibian,0.3176,-10.7,1614.4,79.8,1724.3
/srv/shared_leopard_toad/2024/02.10.2024/6R/104MEDIA/DSCF0290.JPG,DSCF0290.JPG,6R/104MEDIA,2,Western_Leopard_Toad,0.5713,2510.7,1257.9,3181.8,1665.7
/srv/shared_leopard_toad/2024/02.10.2024/6R/104MEDIA/DSCF0258.JPG,DSCF0258.JPG,6R/104MEDIA,2,Western_Leopard_Toad,0.6509,2497.5,1257.7,3231.0,1668.4
/srv/shared_leopard_toad/2024/02.10.2024/6R/104MEDIA/DSCF0346.JPG,DSCF0346.JPG,6R/104MEDIA,2,Western_Leopard_Toad,0.8145,2494.7,1254.1,3215.8,1669.5
/srv/shared_leopard_toad/2024/02.10.2024/6R/104MEDIA/DSCF0315.JPG,DSCF0315.JPG,6R/104MEDIA,2,Western_Leopard_Toad,0.7612,2495.2,1250.6,3183.8,1703.4
/srv/shared_leopard_toad/2024/02.10.2024/6R/104MEDIA/DSCF0288.JPG,DSCF0288.JPG,6R/104MEDIA,2,Western_Leopard_Toad,0.2527,2510.7,1256.6,3181.8,1661.9
/srv/shared_leopard_toad/2024/02.10.2024/6R/104MEDIA/DSCF0264.JPG,DSCF0264.JPG,6R/104MEDIA,2,Western_Leopard_Toad,0.8110,2505.7,1253.9,3236.3,1672.2
/srv/shared_leopard_toad/2024/02.10.2024/6R/104MEDIA/DSCF0284.JPG,DSCF0284.JPG,6R/104MEDIA,2,Western_Leopard_Toad,0.3030,2516.6,1258.2,3184.9,1650.2
/srv/shared_leopard_toad/2024/02.10.2024/6R/104MEDIA/DSCF0284.JPG,DSCF0284.JPG,6R/104MEDIA,2,Western_Leopard_Toad,0.2556,2504.0,1255.5,3179.5,1652.9
/srv/shared_leopard_toad/2024/02.10.2024/6R/104MEDIA/DSCF0295.JPG,DSCF0295.JPG,6R/104MEDIA,2,Western_Leopard_Toad,0.4990,2507.3,1255.8,3180.7,1675.4
/srv/shared_leopard_toad/2024/02.10.2024/6R/104MEDIA/DSCF0320.JPG,DSCF0320.JPG,6R/104MEDIA,2,Western_Leopard_Toad,0.6162,2496.9,1254.1,3186.6,1687.2
/srv/shared_leopard_toad/2024/02.10.2024/6R/104MEDIA/DSCF0307.JPG,DSCF0307.JPG,6R/104MEDIA,2,Western_Leopard_Toad,0.4321,2505.4,1255.8,3182.6,1665.2
/srv/shared_leopard_toad/2024/02.10.2024/6R/104MEDIA/DSCF0268.JPG,DSCF0268.JPG,6R/104MEDIA,2,Western_Leopard_Toad,0.5117,2503.4,1258.8,3243.1,1674.9
/srv/shared_leopard_toad/2024/02.10.2024/6R/104MEDIA/DSCF0252.JPG,DSCF0252.JPG,6R/104MEDIA,2,Western_Leopard_Toad,0.4399,2493.3,1257.9,3226.2,1665.7
/srv/shared_leopard_toad/2024/02.10.2024/6R/104MEDIA/DSCF0287.JPG,DSCF0287.JPG,6R/104MEDIA,2,Western_Leopard_Toad,0.3452,2509.3,1258.8,3178.7,1657.2
/srv/shared_leopard_toad/2024/02.10.2024/6R/104MEDIA/DSCF0335.JPG,DSCF0335.JPG,6R/104MEDIA,2,Western_Leopard_Toad,0.6670,2499.8,1255.8,3206.2,1665.2
/srv/shared_leopard_toad/2024/02.10.2024/6R/104MEDIA/DSCF0262.JPG,DSCF0262.JPG,6R/104MEDIA,2,Western_Leopard_Toad,0.7168,2499.8,1257.7,3233.2,1668.4
/srv/shared_leopard_toad/2024/02.10.2024/6R/104MEDIA/DSCF0363.JPG,DSCF0363.JPG,6R/104MEDIA,2,Western_Leopard_Toad,0.8179,2496.9,1254.7,3218.1,1694.2
/srv/shared_leopard_toad/2024/02.10.2024/6R/104MEDIA/DSCF0208.JPG,DSCF0208.JPG,6R/104MEDIA,0,Other_Amphibian,0.2130,-11.5,1617.0,69.7,1726.7
/srv/shared_leopard_toad/2024/02.10.2024/6R/104MEDIA/DSCF0333.JPG,DSCF0333.JPG,6R/104MEDIA,2,Western_Leopard_Toad,0.8462,2496.4,1256.4,3209.6,1677.3
/srv/shared_leopard_toad/2024/02.10.2024/6R/104MEDIA/DSCF0345.JPG,DSCF0345.JPG,6R/104MEDIA,2,Western_Leopard_Toad,0.5566,2495.8,1255.0,3214.7,1671.1
/srv/shared_leopard_toad/2024/02.10.2024/6R/104MEDIA/DSCF0293.JPG,DSCF0293.JPG,6R/104MEDIA,2,Western_Leopard_Toad,0.6274,2513.0,1254.9,3179.5,1689.0
/srv/shared_leopard_toad/2024/02.10.2024/6R/104MEDIA/DSCF0338.JPG,DSCF0338.JPG,6R/104MEDIA,2,Western_Leopard_Toad,0.7119,2500.3,1255.5,3219.2,1665.6
/srv/shared_leopard_toad/2024/02.10.2024/6R/104MEDIA/DSCF0360.JPG,DSCF0360.JPG,6R/104MEDIA,2,Western_Leopard_Toad,0.7212,2493.0,1255.2,3222.0,1665.9
/srv/shared_leopard_toad/2024/02.10.2024/6R/104MEDIA/DSCF0206.JPG,DSCF0206.JPG,6R/104MEDIA,0,Other_Amphibian,0.2620,-11.8,1617.4,76.5,1726.4
/srv/shared_leopard_toad/2024/02.10.2024/6R/104MEDIA/DSCF0327.JPG,DSCF0327.JPG,6R/104MEDIA,2,Western_Leopard_Toad,0.7783,2495.0,1254.2,3193.0,1669.4
/srv/shared_leopard_toad/2024/02.10.2024/6R/104MEDIA/DSCF0365.JPG,DSCF0365.JPG,6R/104MEDIA,2,Western_Leopard_Toad,0.5879,2496.4,1254.7,3227.6,1666.4
/srv/shared_leopard_toad/2024/02.10.2024/6R/104MEDIA/DSCF0302.JPG,DSCF0302.JPG,6R/104MEDIA,2,Western_Leopard_Toad,0.4160,2504.8,1255.3,3178.7,1668.3
/srv/shared_leopard_toad/2024/02.10.2024/6R/104MEDIA/DSCF0267.JPG,DSCF0267.JPG,6R/104MEDIA,2,Western_Leopard_Toad,0.6533,2499.5,1255.5,3233.5,1665.6
/srv/shared_leopard_toad/2024/02.10.2024/6R/104MEDIA/DSCF0319.JPG,DSCF0319.JPG,6R/104MEDIA,2,Western_Leopard_Toad,0.5073,2490.8,1253.3,3192.8,1677.9
/srv/shared_leopard_toad/2024/02.10.2024/6R/104MEDIA/DSCF0323.JPG,DSCF0323.JPG,6R/104MEDIA,2,Western_Leopard_Toad,0.6431,2500.9,1254.1,3191.6,1710.0
/srv/shared_leopard_toad/2024/02.10.2024/6R/104MEDIA/DSCF0747.JPG,DSCF0747.JPG,6R/104MEDIA,2,Western_Leopard_Toad,0.2703,4485.8,788.3,4608.7,1074.7
/srv/shared_leopard_toad/2024/02.10.2024/6R/104MEDIA/DSCF0214.JPG,DSCF0214.JPG,6R/104MEDIA,0,Other_Amphibian,0.2334,-11.1,1615.6,71.8,1725.7
/srv/shared_leopard_toad/2024/02.10.2024/6R/104MEDIA/DSCF0205.JPG,DSCF0205.JPG,6R/104MEDIA,0,Other_Amphibian,0.2330,-11.5,1613.6,67.0,1725.1
/srv/shared_leopard_toad/2024/02.10.2024/6R/104MEDIA/DSCF0584.JPG,DSCF0584.JPG,6R/104MEDIA,2,Western_Leopard_Toad,0.2515,2606.3,1260.6,3234.7,1670.6
/srv/shared_leopard_toad/2024/02.10.2024/6R/104MEDIA/DSCF0263.JPG,DSCF0263.JPG,6R/104MEDIA,2,Western_Leopard_Toad,0.7393,2493.8,1255.2,3234.7,1670.9
/srv/shared_leopard_toad/2024/02.10.2024/6R/104MEDIA/DSCF0586.JPG,DSCF0586.JPG,6R/104MEDIA,2,Western_Leopard_Toad,0.3066,2600.4,1261.0,3231.6,1665.1
/srv/shared_leopard_toad/2024/02.10.2024/6R/104MEDIA/DSCF0349.JPG,DSCF0349.JPG,6R/104MEDIA,2,Western_Leopard_Toad,0.8330,2501.4,1255.2,3218.1,1678.5
/srv/shared_leopard_toad/2024/02.10.2024/6R/104MEDIA/DSCF0587.JPG,DSCF0587.JPG,6R/104MEDIA,2,Western_Leopard_Toad,0.2844,2621.0,1260.4,3233.5,1668.3
/srv/shared_leopard_toad/2024/02.10.2024/6R/104MEDIA/DSCF0283.JPG,DSCF0283.JPG,6R/104MEDIA,2,Western_Leopard_Toad,0.5059,2505.7,1256.1,3177.8,1654.8
/srv/shared_leopard_toad/2024/02.10.2024/6R/104MEDIA/DSCF0265.JPG,DSCF0265.JPG,6R/104MEDIA,2,Western_Leopard_Toad,0.7754,2497.5,1257.2,3235.5,1668.9
/srv/shared_leopard_toad/2024/02.10.2024/6R/104MEDIA/DSCF0370.JPG,DSCF0370.JPG,6R/104MEDIA,2,Western_Leopard_Toad,0.7505,2496.9,1253.9,3227.1,1674.7
/srv/shared_leopard_toad/2024/02.10.2024/6R/104MEDIA/DSCF0289.JPG,DSCF0289.JPG,6R/104MEDIA,2,Western_Leopard_Toad,0.6113,2511.0,1256.1,3177.0,1667.5
/srv/shared_leopard_toad/2024/02.10.2024/6R/104MEDIA/DSCF0337.JPG,DSCF0337.JPG,6R/104MEDIA,2,Western_Leopard_Toad,0.6338,2496.1,1252.7,3205.4,1673.5
/srv/shared_leopard_toad/2024/02.10.2024/6R/104MEDIA/DSCF0316.JPG,DSCF0316.JPG,6R/104MEDIA,2,Western_Leopard_Toad,0.4563,2492.4,1255.2,3182.1,1678.5
/srv/shared_leopard_toad/2024/02.10.2024/6R/104MEDIA/DSCF0249.JPG,DSCF0249.JPG,6R/104MEDIA,2,Western_Leopard_Toad,0.4856,2493.0,1257.7,3231.0,1668.4
/srv/shared_leopard_toad/2024/02.10.2024/6R/104MEDIA/DSCF0355.JPG,DSCF0355.JPG,6R/104MEDIA,2,Western_Leopard_Toad,0.8457,2505.4,1255.3,3223.1,1675.8
/srv/shared_leopard_toad/2024/02.10.2024/6R/104MEDIA/DSCF0285.JPG,DSCF0285.JPG,6R/104MEDIA,2,Western_Leopard_Toad,0.4358,2505.7,1256.3,3177.8,1657.2
/srv/shared_leopard_toad/2024/02.10.2024/6R/104MEDIA/DSCF0364.JPG,DSCF0364.JPG,6R/104MEDIA,2,Western_Leopard_Toad,0.6704,2497.5,1254.6,3226.5,1664.0
/srv/shared_leopard_toad/2024/02.10.2024/6R/104MEDIA/DSCF0255.JPG,DSCF0255.JPG,6R/104MEDIA,2,Western_Leopard_Toad,0.3877,2496.1,1257.1,3236.9,1666.5
/srv/shared_leopard_toad/2024/02.10.2024/6R/104MEDIA/DSCF0330.JPG,DSCF0330.JPG,6R/104MEDIA,2,Western_Leopard_Toad,0.7930,2495.8,1257.1,3219.2,1674.1
/srv/shared_leopard_toad/2024/02.10.2024/6R/104MEDIA/DSCF0296.JPG,DSCF0296.JPG,6R/104MEDIA,2,Western_Leopard_Toad,0.4031,2507.6,1255.3,3175.9,1678.4
/srv/shared_leopard_toad/2024/02.10.2024/6R/104MEDIA/DSCF0306.JPG,DSCF0306.JPG,6R/104MEDIA,2,Western_Leopard_Toad,0.3674,2509.9,1255.5,3182.6,1673.2
/srv/shared_leopard_toad/2024/02.10.2024/6R/104MEDIA/DSCF0334.JPG,DSCF0334.JPG,6R/104MEDIA,2,Western_Leopard_Toad,0.5376,2497.2,1256.1,3222.3,1672.5
/srv/shared_leopard_toad/2024/02.10.2024/6R/104MEDIA/DSCF0300.JPG,DSCF0300.JPG,6R/104MEDIA,2,Western_Leopard_Toad,0.5767,2501.7,1253.0,3181.8,1680.8
/srv/shared_leopard_toad/2024/02.10.2024/6R/104MEDIA/DSCF0831.JPG,DSCF0831.JPG,6R/104MEDIA,2,Western_Leopard_Toad,0.3032,4496.3,780.4,4607.2,1073.7
/srv/shared_leopard_toad/2024/02.10.2024/6R/104MEDIA/DSCF0294.JPG,DSCF0294.JPG,6R/104MEDIA,2,Western_Leopard_Toad,0.7632,2510.7,1253.1,3181.8,1685.7
/srv/shared_leopard_toad/2024/02.10.2024/6R/104MEDIA/DSCF0257.JPG,DSCF0257.JPG,6R/104MEDIA,2,Western_Leopard_Toad,0.5171,2494.4,1256.4,3238.6,1669.7
/srv/shared_leopard_toad/2024/02.10.2024/6R/104MEDIA/DSCF0259.JPG,DSCF0259.JPG,6R/104MEDIA,2,Western_Leopard_Toad,0.6519,2500.9,1256.6,3232.1,1669.5
/srv/shared_leopard_toad/2024/02.10.2024/6R/104MEDIA/DSCF0297.JPG,DSCF0297.JPG,6R/104MEDIA,2,Western_Leopard_Toad,0.3828,2502.0,1256.8,3181.5,1671.9
/srv/shared_leopard_toad/2024/02.10.2024/6R/104MEDIA/DSCF0352.JPG,DSCF0352.JPG,6R/104MEDIA,2,Western_Leopard_Toad,0.7778,2499.8,1254.4,3219.8,1671.7
/srv/shared_leopard_toad/2024/02.10.2024/6R/104MEDIA/DSCF0321.JPG,DSCF0321.JPG,6R/104MEDIA,2,Western_Leopard_Toad,0.7559,2491.3,1253.6,3187.7,1677.6
/srv/shared_leopard_toad/2024/02.10.2024/6R/104MEDIA/DSCF0578.JPG,DSCF0578.JPG,6R/104MEDIA,2,Western_Leopard_Toad,0.3352,2600.7,1259.9,3235.8,1668.7
/srv/shared_leopard_toad/2024/02.10.2024/6R/104MEDIA/DSCF0585.JPG,DSCF0585.JPG,6R/104MEDIA,2,Western_Leopard_Toad,0.3516,2601.0,1259.0,3231.0,1669.7
/srv/shared_leopard_toad/2024/02.10.2024/6R/104MEDIA/DSCF0253.JPG,DSCF0253.JPG,6R/104MEDIA,2,Western_Leopard_Toad,0.4185,2495.2,1255.5,3228.8,1670.6
/srv/shared_leopard_toad/2024/02.10.2024/6R/104MEDIA/DSCF0218.JPG,DSCF0218.JPG,6R/104MEDIA,0,Other_Amphibian,0.2520,-12.0,1616.9,72.5,1724.4
/srv/shared_leopard_toad/2024/02.10.2024/6R/104MEDIA/DSCF0260.JPG,DSCF0260.JPG,6R/104MEDIA,2,Western_Leopard_Toad,0.6963,2495.0,1256.9,3229.0,1669.2
/srv/shared_leopard_toad/2024/02.10.2024/6R/104MEDIA/DSCF0329.JPG,DSCF0329.JPG,6R/104MEDIA,2,Western_Leopard_Toad,0.8359,2493.0,1255.0,3213.0,1671.1
/srv/shared_leopard_toad/2024/02.10.2024/6R/104MEDIA/DSCF0261.JPG,DSCF0261.JPG,6R/104MEDIA,2,Western_Leopard_Toad,0.7861,2505.4,1253.9,3227.6,1664.6
/srv/shared_leopard_toad/2024/02.10.2024/6R/104MEDIA/DSCF0326.JPG,DSCF0326.JPG,6R/104MEDIA,2,Western_Leopard_Toad,0.8179,2494.7,1255.5,3202.3,1678.2
/srv/shared_leopard_toad/2024/02.10.2024/6R/104MEDIA/DSCF0332.JPG,DSCF0332.JPG,6R/104MEDIA,2,Western_Leopard_Toad,0.7949,2488.8,1255.3,3203.7,1660.7
/srv/shared_leopard_toad/2024/02.10.2024/6R/104MEDIA/DSCF0348.JPG,DSCF0348.JPG,6R/104MEDIA,2,Western_Leopard_Toad,0.8599,2500.6,1253.8,3214.4,1672.4
/srv/shared_leopard_toad/2024/02.10.2024/6R/104MEDIA/DSCF0351.JPG,DSCF0351.JPG,6R/104MEDIA,2,Western_Leopard_Toad,0.7876,2498.9,1255.5,3207.1,1670.6
/srv/shared_leopard_toad/2024/02.10.2024/6R/104MEDIA/DSCF0225.JPG,DSCF0225.JPG,6R/104MEDIA,0,Other_Amphibian,0.2247,-13.2,1612.4,78.3,1726.3
/srv/shared_leopard_toad/2024/02.10.2024/6R/104MEDIA/DSCF0354.JPG,DSCF0354.JPG,6R/104MEDIA,2,Western_Leopard_Toad,0.7222,2497.2,1254.2,3217.8,1669.4
/srv/shared_leopard_toad/2024/02.10.2024/6R/104MEDIA/DSCF0367.JPG,DSCF0367.JPG,6R/104MEDIA,2,Western_Leopard_Toad,0.6899,2490.8,1256.4,3228.8,1667.1
/srv/shared_leopard_toad/2024/02.10.2024/6R/104MEDIA/DSCF0331.JPG,DSCF0331.JPG,6R/104MEDIA,2,Western_Leopard_Toad,0.7744,2497.2,1255.0,3195.3,1666.0
/srv/shared_leopard_toad/2024/02.10.2024/6R/104MEDIA/DSCF0347.JPG,DSCF0347.JPG,6R/104MEDIA,2,Western_Leopard_Toad,0.7656,2498.9,1255.8,3216.1,1680.4
/srv/shared_leopard_toad/2024/02.10.2024/6R/104MEDIA/DSCF0357.JPG,DSCF0357.JPG,6R/104MEDIA,2,Western_Leopard_Toad,0.7500,2493.8,1254.2,3212.2,1674.4
/srv/shared_leopard_toad/2024/02.10.2024/6R/104MEDIA/DSCF0340.JPG,DSCF0340.JPG,6R/104MEDIA,2,Western_Leopard_Toad,0.7173,2497.2,1257.9,3231.3,1670.8
/srv/shared_leopard_toad/2024/02.10.2024/6R/104MEDIA/DSCF0318.JPG,DSCF0318.JPG,6R/104MEDIA,2,Western_Leopard_Toad,0.4563,2488.8,1253.4,3181.2,1682.8
/srv/shared_leopard_toad/2024/02.10.2024/6R/104MEDIA/DSCF0328.JPG,DSCF0328.JPG,6R/104MEDIA,2,Western_Leopard_Toad,0.8335,2495.5,1253.4,3192.5,1672.7
/srv/shared_leopard_toad/2024/02.10.2024/6R/104MEDIA/DSCF0374.JPG,DSCF0374.JPG,6R/104MEDIA,2,Western_Leopard_Toad,0.7314,2506.5,1253.9,3226.5,1672.2
/srv/shared_leopard_toad/2024/02.10.2024/6R/104MEDIA/DSCF0371.JPG,DSCF0371.JPG,6R/104MEDIA,2,Western_Leopard_Toad,0.5269,2497.2,1255.2,3231.3,1665.9
/srv/shared_leopard_toad/2024/02.10.2024/6R/104MEDIA/DSCF0317.JPG,DSCF0317.JPG,6R/104MEDIA,2,Western_Leopard_Toad,0.4863,2493.0,1254.7,3181.5,1676.5
/srv/shared_leopard_toad/2024/02.10.2024/6R/104MEDIA/DSCF0356.JPG,DSCF0356.JPG,6R/104MEDIA,2,Western_Leopard_Toad,0.7998,2505.7,1254.6,3218.3,1669.0
/srv/shared_leopard_toad/2024/02.10.2024/6R/104MEDIA/DSCF0322.JPG,DSCF0322.JPG,6R/104MEDIA,2,Western_Leopard_Toad,0.3992,2491.3,1254.4,3187.7,1684.4
/srv/shared_leopard_toad/2024/02.10.2024/6R/104MEDIA/DSCF0359.JPG,DSCF0359.JPG,6R/104MEDIA,2,Western_Leopard_Toad,0.8198,2493.6,1253.0,3221.4,1663.0
/srv/shared_leopard_toad/2024/02.10.2024/6R/104MEDIA/DSCF0361.JPG,DSCF0361.JPG,6R/104MEDIA,2,Western_Leopard_Toad,0.6963,2496.9,1253.8,3227.1,1669.8
/srv/shared_leopard_toad/2024/02.10.2024/6R/104MEDIA/DSCF0201.JPG,DSCF0201.JPG,6R/104MEDIA,0,Other_Amphibian,0.2269,-11.4,1614.9,75.1,1726.3
/srv/shared_leopard_toad/2024/02.10.2024/6R/102MEDIA/DSCF0488.JPG,DSCF0488.JPG,6R/102MEDIA,0,Other_Amphibian,0.2913,206.5,1.3,309.8,84.0
/srv/shared_leopard_toad/2024/02.10.2024/6R/102MEDIA/DSCF0519.JPG,DSCF0519.JPG,6R/102MEDIA,0,Other_Amphibian,0.3306,206.5,2.0,309.0,86.7
/srv/shared_leopard_toad/2024/02.10.2024/6R/102MEDIA/DSCF0466.JPG,DSCF0466.JPG,6R/102MEDIA,0,Other_Amphibian,0.2167,210.0,1.2,311.1,85.5
/srv/shared_leopard_toad/2024/02.10.2024/6R/102MEDIA/DSCF0279.JPG,DSCF0279.JPG,6R/102MEDIA,0,Other_Amphibian,0.2549,210.3,2.3,306.9,86.3
/srv/shared_leopard_toad/2024/02.10.2024/6R/102MEDIA/DSCF0298.JPG,DSCF0298.JPG,6R/102MEDIA,0,Other_Amphibian,0.4355,209.2,1.2,311.1,82.2
/srv/shared_leopard_toad/2024/02.10.2024/6R/102MEDIA/DSCF0298.JPG,DSCF0298.JPG,6R/102MEDIA,2,Western_Leopard_Toad,0.2715,209.2,1.2,311.1,82.2
/srv/shared_leopard_toad/2024/02.10.2024/6R/102MEDIA/DSCF0430.JPG,DSCF0430.JPG,6R/102MEDIA,0,Other_Amphibian,0.3000,204.8,0.8,307.7,83.9
/srv/shared_leopard_toad/2024/02.10.2024/6R/102MEDIA/DSCF0594.JPG,DSCF0594.JPG,6R/102MEDIA,0,Other_Amphibian,0.3442,210.6,0.0,315.3,83.1
/srv/shared_leopard_toad/2024/02.10.2024/6R/102MEDIA/DSCF0668.JPG,DSCF0668.JPG,6R/102MEDIA,0,Other_Amphibian,0.2330,206.4,1.3,312.8,84.4
/srv/shared_leopard_toad/2024/02.10.2024/6R/102MEDIA/DSCF0187.JPG,DSCF0187.JPG,6R/102MEDIA,0,Other_Amphibian,0.2720,207.7,1.1,313.4,83.6
/srv/shared_leopard_toad/2024/02.10.2024/6R/102MEDIA/DSCF0193.JPG,DSCF0193.JPG,6R/102MEDIA,0,Other_Amphibian,0.2211,211.8,2.5,310.2,87.2
/srv/shared_leopard_toad/2024/02.10.2024/6R/102MEDIA/DSCF0640.JPG,DSCF0640.JPG,6R/102MEDIA,0,Other_Amphibian,0.2988,208.4,-0.4,314.7,87.1
/srv/shared_leopard_toad/2024/02.10.2024/6R/102MEDIA/DSCF0802.JPG,DSCF0802.JPG,6R/102MEDIA,0,Other_Amphibian,0.8345,1934.3,1507.4,2169.7,1712.3
/srv/shared_leopard_toad/2024/02.10.2024/6R/102MEDIA/DSCF0720.JPG,DSCF0720.JPG,6R/102MEDIA,0,Other_Amphibian,0.3352,210.2,2.2,310.1,84.2
/srv/shared_leopard_toad/2024/02.10.2024/6R/102MEDIA/DSCF0164.JPG,DSCF0164.JPG,6R/102MEDIA,0,Other_Amphibian,0.2489,210.8,-0.4,312.3,83.8
/srv/shared_leopard_toad/2024/02.10.2024/6R/102MEDIA/DSCF0458.JPG,DSCF0458.JPG,6R/102MEDIA,0,Other_Amphibian,0.2079,205.0,2.6,308.5,86.5
/srv/shared_leopard_toad/2024/02.10.2024/6R/102MEDIA/DSCF0489.JPG,DSCF0489.JPG,6R/102MEDIA,0,Other_Amphibian,0.3340,212.0,-0.6,312.0,83.0
/srv/shared_leopard_toad/2024/02.10.2024/6R/102MEDIA/DSCF0489.JPG,DSCF0489.JPG,6R/102MEDIA,0,Other_Amphibian,0.2340,209.1,1.7,310.1,84.3
/srv/shared_leopard_toad/2024/02.10.2024/6R/102MEDIA/DSCF0507.JPG,DSCF0507.JPG,6R/102MEDIA,0,Other_Amphibian,0.2186,201.3,1.9,308.4,85.1
/srv/shared_leopard_toad/2024/02.10.2024/6R/102MEDIA/DSCF0592.JPG,DSCF0592.JPG,6R/102MEDIA,0,Other_Amphibian,0.3569,209.7,0.4,314.2,85.0
/srv/shared_leopard_toad/2024/02.10.2024/6R/102MEDIA/DSCF0649.JPG,DSCF0649.JPG,6R/102MEDIA,0,Other_Amphibian,0.2249,203.1,2.9,309.4,87.2
/srv/shared_leopard_toad/2024/02.10.2024/6R/102MEDIA/DSCF0759.JPG,DSCF0759.JPG,6R/102MEDIA,0,Other_Amphibian,0.2556,205.6,1.3,308.8,89.1
/srv/shared_leopard_toad/2024/02.10.2024/6R/102MEDIA/DSCF0476.JPG,DSCF0476.JPG,6R/102MEDIA,0,Other_Amphibian,0.3545,207.9,2.0,311.2,86.7
/srv/shared_leopard_toad/2024/02.10.2024/6R/102MEDIA/DSCF0559.JPG,DSCF0559.JPG,6R/102MEDIA,2,Western_Leopard_Toad,0.4111,1437.0,0.2,1733.2,182.1
/srv/shared_leopard_toad/2024/02.10.2024/6R/102MEDIA/DSCF0368.JPG,DSCF0368.JPG,6R/102MEDIA,0,Other_Amphibian,0.3691,209.1,1.4,309.3,88.0
/srv/shared_leopard_toad/2024/02.10.2024/6R/102MEDIA/DSCF0067.JPG,DSCF0067.JPG,6R/102MEDIA,0,Other_Amphibian,0.2098,204.7,1.7,306.0,85.6
/srv/shared_leopard_toad/2024/02.10.2024/6R/102MEDIA/DSCF0250.JPG,DSCF0250.JPG,6R/102MEDIA,0,Other_Amphibian,0.2166,205.3,2.4,310.2,89.5
/srv/shared_leopard_toad/2024/02.10.2024/6R/102MEDIA/DSCF0487.JPG,DSCF0487.JPG,6R/102MEDIA,0,Other_Amphibian,0.3013,205.9,2.2,307.7,87.9
/srv/shared_leopard_toad/2024/02.10.2024/6R/102MEDIA/DSCF0411.JPG,DSCF0411.JPG,6R/102MEDIA,0,Other_Amphibian,0.2676,204.8,1.7,308.8,84.7
/srv/shared_leopard_toad/2024/02.10.2024/6R/102MEDIA/DSCF0700.JPG,DSCF0700.JPG,6R/102MEDIA,0,Other_Amphibian,0.2678,207.8,1.2,311.3,88.2
/srv/shared_leopard_toad/2024/02.10.2024/6R/102MEDIA/DSCF0324.JPG,DSCF0324.JPG,6R/102MEDIA,0,Other_Amphibian,0.2256,206.6,2.0,305.0,83.0
/srv/shared_leopard_toad/2024/02.10.2024/6R/102MEDIA/DSCF0433.JPG,DSCF0433.JPG,6R/102MEDIA,0,Other_Amphibian,0.2314,208.6,1.6,307.8,87.5
/srv/shared_leopard_toad/2024/02.10.2024/6R/102MEDIA/DSCF0303.JPG,DSCF0303.JPG,6R/102MEDIA,0,Other_Amphibian,0.2327,204.8,3.2,307.7,86.2
/srv/shared_leopard_toad/2024/02.10.2024/6R/102MEDIA/DSCF0125.JPG,DSCF0125.JPG,6R/102MEDIA,0,Other_Amphibian,0.2051,207.9,2.6,311.2,84.4
/srv/shared_leopard_toad/2024/02.10.2024/6R/102MEDIA/DSCF0006.JPG,DSCF0006.JPG,6R/102MEDIA,0,Other_Amphibian,0.2332,207.1,1.1,310.1,85.9
/srv/shared_leopard_toad/2024/02.10.2024/6R/102MEDIA/DSCF0508.JPG,DSCF0508.JPG,6R/102MEDIA,0,Other_Amphibian,0.2191,207.8,0.2,310.5,84.5
/srv/shared_leopard_toad/2024/02.10.2024/6R/102MEDIA/DSCF0556.JPG,DSCF0556.JPG,6R/102MEDIA,0,Other_Amphibian,0.3435,206.0,2.5,307.5,86.9
/srv/shared_leopard_toad/2024/02.10.2024/6R/102MEDIA/DSCF0615.JPG,DSCF0615.JPG,6R/102MEDIA,0,Other_Amphibian,0.3691,203.8,0.6,307.8,86.7
/srv/shared_leopard_toad/2024/02.10.2024/6R/102MEDIA/DSCF0615.JPG,DSCF0615.JPG,6R/102MEDIA,2,Western_Leopard_Toad,0.3311,203.8,0.6,307.8,86.7
/srv/shared_leopard_toad/2024/02.10.2024/6R/102MEDIA/DSCF0723.JPG,DSCF0723.JPG,6R/102MEDIA,0,Other_Amphibian,0.2421,207.4,1.4,312.9,85.0
/srv/shared_leopard_toad/2024/02.10.2024/6R/102MEDIA/DSCF0838.JPG,DSCF0838.JPG,6R/102MEDIA,0,Other_Amphibian,0.3586,1941.0,1501.7,2172.0,1702.9
/srv/shared_leopard_toad/2024/02.10.2024/6R/102MEDIA/DSCF0288.JPG,DSCF0288.JPG,6R/102MEDIA,0,Other_Amphibian,0.2266,208.0,2.8,308.4,87.6
/srv/shared_leopard_toad/2024/02.10.2024/6R/102MEDIA/DSCF0149.JPG,DSCF0149.JPG,6R/102MEDIA,0,Other_Amphibian,0.2247,211.1,2.4,310.0,87.3
/srv/shared_leopard_toad/2024/02.10.2024/6R/102MEDIA/DSCF0307.JPG,DSCF0307.JPG,6R/102MEDIA,0,Other_Amphibian,0.2374,210.0,1.6,311.1,84.4
/srv/shared_leopard_toad/2024/02.10.2024/6R/102MEDIA/DSCF0582.JPG,DSCF0582.JPG,6R/102MEDIA,0,Other_Amphibian,0.3933,204.2,2.4,307.4,85.9
/srv/shared_leopard_toad/2024/02.10.2024/6R/102MEDIA/DSCF0716.JPG,DSCF0716.JPG,6R/102MEDIA,0,Other_Amphibian,0.2218,204.4,1.6,312.8,90.2
/srv/shared_leopard_toad/2024/02.10.2024/6R/102MEDIA/DSCF0097.JPG,DSCF0097.JPG,6R/102MEDIA,0,Other_Amphibian,0.2462,207.4,1.1,309.9,87.5
/srv/shared_leopard_toad/2024/02.10.2024/6R/102MEDIA/DSCF0683.JPG,DSCF0683.JPG,6R/102MEDIA,0,Other_Amphibian,0.2374,210.6,-0.7,315.3,83.8
/srv/shared_leopard_toad/2024/02.10.2024/6R/102MEDIA/DSCF0494.JPG,DSCF0494.JPG,6R/102MEDIA,0,Other_Amphibian,0.5044,205.1,2.2,307.4,86.5
/srv/shared_leopard_toad/2024/02.10.2024/6R/102MEDIA/DSCF0494.JPG,DSCF0494.JPG,6R/102MEDIA,2,Western_Leopard_Toad,0.2534,205.1,2.2,307.4,86.5
/srv/shared_leopard_toad/2024/02.10.2024/6R/102MEDIA/DSCF0399.JPG,DSCF0399.JPG,6R/102MEDIA,0,Other_Amphibian,0.3269,208.2,2.3,307.4,87.4
/srv/shared_leopard_toad/2024/02.10.2024/6R/102MEDIA/DSCF0335.JPG,DSCF0335.JPG,6R/102MEDIA,0,Other_Amphibian,0.3108,209.3,3.4,307.9,86.0
/srv/shared_leopard_toad/2024/02.10.2024/6R/102MEDIA/DSCF0669.JPG,DSCF0669.JPG,6R/102MEDIA,0,Other_Amphibian,0.3198,209.1,1.7,312.9,85.3
/srv/shared_leopard_toad/2024/02.10.2024/6R/102MEDIA/DSCF0376.JPG,DSCF0376.JPG,6R/102MEDIA,0,Other_Amphibian,0.2413,207.9,3.2,307.7,86.9
/srv/shared_leopard_toad/2024/02.10.2024/6R/102MEDIA/DSCF0196.JPG,DSCF0196.JPG,6R/102MEDIA,0,Other_Amphibian,0.2202,208.7,2.4,309.7,85.9
/srv/shared_leopard_toad/2024/02.10.2024/6R/102MEDIA/DSCF0280.JPG,DSCF0280.JPG,6R/102MEDIA,0,Other_Amphibian,0.2283,209.4,2.5,309.8,84.5
/srv/shared_leopard_toad/2024/02.10.2024/6R/102MEDIA/DSCF0629.JPG,DSCF0629.JPG,6R/102MEDIA,0,Other_Amphibian,0.2781,207.8,2.5,310.5,87.2
/srv/shared_leopard_toad/2024/02.10.2024/6R/102MEDIA/DSCF0414.JPG,DSCF0414.JPG,6R/102MEDIA,0,Other_Amphibian,0.2198,204.5,2.3,309.9,88.2
/srv/shared_leopard_toad/2024/02.10.2024/6R/102MEDIA/DSCF0820.JPG,DSCF0820.JPG,6R/102MEDIA,0,Other_Amphibian,0.6582,1938.1,1511.9,2170.4,1707.8
/srv/shared_leopard_toad/2024/02.10.2024/6R/102MEDIA/DSCF0820.JPG,DSCF0820.JPG,6R/102MEDIA,2,Western_Leopard_Toad,0.3252,1938.1,1511.9,2170.4,1707.8
/srv/shared_leopard_toad/2024/02.10.2024/6R/102MEDIA/DSCF0211.JPG,DSCF0211.JPG,6R/102MEDIA,0,Other_Amphibian,0.3862,209.0,1.4,310.1,85.0
/srv/shared_leopard_toad/2024/02.10.2024/6R/102MEDIA/DSCF0211.JPG,DSCF0211.JPG,6R/102MEDIA,2,Western_Leopard_Toad,0.3008,209.0,1.4,310.1,85.0
/srv/shared_leopard_toad/2024/02.10.2024/6R/102MEDIA/DSCF0113.JPG,DSCF0113.JPG,6R/102MEDIA,0,Other_Amphibian,0.5220,206.7,2.6,305.7,87.1
/srv/shared_leopard_toad/2024/02.10.2024/6R/102MEDIA/DSCF0691.JPG,DSCF0691.JPG,6R/102MEDIA,0,Other_Amphibian,0.2118,207.6,1.7,312.7,87.3
/srv/shared_leopard_toad/2024/02.10.2024/6R/102MEDIA/DSCF0841.JPG,DSCF0841.JPG,6R/102MEDIA,0,Other_Amphibian,0.2467,1942.5,1502.7,2166.0,1701.9
/srv/shared_leopard_toad/2024/02.10.2024/6R/102MEDIA/DSCF0191.JPG,DSCF0191.JPG,6R/102MEDIA,0,Other_Amphibian,0.2162,209.3,3.3,307.9,85.4
/srv/shared_leopard_toad/2024/02.10.2024/6R/102MEDIA/DSCF0798.JPG,DSCF0798.JPG,6R/102MEDIA,0,Other_Amphibian,0.5205,1931.9,1509.4,2176.6,1712.9
/srv/shared_leopard_toad/2024/02.10.2024/6R/102MEDIA/DSCF0798.JPG,DSCF0798.JPG,6R/102MEDIA,2,Western_Leopard_Toad,0.3245,1931.9,1509.4,2176.6,1712.9
/srv/shared_leopard_toad/2024/02.10.2024/6R/102MEDIA/DSCF0816.JPG,DSCF0816.JPG,6R/102MEDIA,0,Other_Amphibian,0.4016,1936.8,1510.6,2169.5,1704.1
/srv/shared_leopard_toad/2024/02.10.2024/6R/102MEDIA/DSCF0278.JPG,DSCF0278.JPG,6R/102MEDIA,0,Other_Amphibian,0.3257,206.6,1.9,311.7,86.2
/srv/shared_leopard_toad/2024/02.10.2024/6R/102MEDIA/DSCF0050.JPG,DSCF0050.JPG,6R/102MEDIA,0,Other_Amphibian,0.3110,207.5,1.9,310.8,85.8
/srv/shared_leopard_toad/2024/02.10.2024/6R/102MEDIA/DSCF0727.JPG,DSCF0727.JPG,6R/102MEDIA,0,Other_Amphibian,0.3267,200.2,0.1,308.6,89.0
/srv/shared_leopard_toad/2024/02.10.2024/6R/102MEDIA/DSCF0727.JPG,DSCF0727.JPG,6R/102MEDIA,0,Other_Amphibian,0.2134,198.5,1.1,308.3,89.0
/srv/shared_leopard_toad/2024/02.10.2024/6R/102MEDIA/DSCF0593.JPG,DSCF0593.JPG,6R/102MEDIA,0,Other_Amphibian,0.2527,209.6,0.1,310.7,84.0
/srv/shared_leopard_toad/2024/02.10.2024/6R/102MEDIA/DSCF0593.JPG,DSCF0593.JPG,6R/102MEDIA,0,Other_Amphibian,0.2043,206.8,1.6,308.7,84.4
/srv/shared_leopard_toad/2024/02.10.2024/6R/102MEDIA/DSCF0724.JPG,DSCF0724.JPG,6R/102MEDIA,0,Other_Amphibian,0.2456,205.2,2.6,305.5,87.8
/srv/shared_leopard_toad/2024/02.10.2024/6R/102MEDIA/DSCF0209.JPG,DSCF0209.JPG,6R/102MEDIA,0,Other_Amphibian,0.2600,205.5,2.3,307.0,87.8
/srv/shared_leopard_toad/2024/02.10.2024/6R/102MEDIA/DSCF0612.JPG,DSCF0612.JPG,6R/102MEDIA,0,Other_Amphibian,0.2123,206.2,1.1,310.2,86.6
/srv/shared_leopard_toad/2024/02.10.2024/6R/102MEDIA/DSCF0839.JPG,DSCF0839.JPG,6R/102MEDIA,0,Other_Amphibian,0.3218,1941.7,1505.9,2166.8,1701.2
/srv/shared_leopard_toad/2024/02.10.2024/6R/102MEDIA/DSCF0076.JPG,DSCF0076.JPG,6R/102MEDIA,0,Other_Amphibian,0.2490,204.1,1.4,312.3,88.3
/srv/shared_leopard_toad/2024/02.10.2024/6R/102MEDIA/DSCF0801.JPG,DSCF0801.JPG,6R/102MEDIA,0,Other_Amphibian,0.2622,1934.8,1509.4,2171.5,1710.3
/srv/shared_leopard_toad/2024/02.10.2024/6R/102MEDIA/DSCF0643.JPG,DSCF0643.JPG,6R/102MEDIA,0,Other_Amphibian,0.2238,209.5,1.9,312.5,85.4
/srv/shared_leopard_toad/2024/02.10.2024/6R/102MEDIA/DSCF0153.JPG,DSCF0153.JPG,6R/102MEDIA,0,Other_Amphibian,0.2297,206.2,1.9,310.2,84.0
/srv/shared_leopard_toad/2024/02.10.2024/6R/102MEDIA/DSCF0542.JPG,DSCF0542.JPG,6R/102MEDIA,0,Other_Amphibian,0.3318,205.0,1.5,308.5,85.2
/srv/shared_leopard_toad/2024/02.10.2024/6R/102MEDIA/DSCF0098.JPG,DSCF0098.JPG,6R/102MEDIA,0,Other_Amphibian,0.2054,208.3,2.2,306.1,84.5
/srv/shared_leopard_toad/2024/02.10.2024/6R/102MEDIA/DSCF0804.JPG,DSCF0804.JPG,6R/102MEDIA,0,Other_Amphibian,0.2549,1934.5,1507.8,2167.2,1706.9
/srv/shared_leopard_toad/2024/02.10.2024/6R/102MEDIA/DSCF0425.JPG,DSCF0425.JPG,6R/102MEDIA,0,Other_Amphibian,0.3108,208.3,2.0,307.3,85.4
/srv/shared_leopard_toad/2024/02.10.2024/6R/102MEDIA/DSCF0618.JPG,DSCF0618.JPG,6R/102MEDIA,0,Other_Amphibian,0.2106,207.4,1.8,306.2,84.2
/srv/shared_leopard_toad/2024/02.10.2024/6R/102MEDIA/DSCF0711.JPG,DSCF0711.JPG,6R/102MEDIA,0,Other_Amphibian,0.4580,205.5,0.4,310.0,85.6
/srv/shared_leopard_toad/2024/02.10.2024/6R/102MEDIA/DSCF0711.JPG,DSCF0711.JPG,6R/102MEDIA,0,Other_Amphibian,0.2290,204.9,1.4,310.6,85.6
/srv/shared_leopard_toad/2024/02.10.2024/6R/102MEDIA/DSCF0198.JPG,DSCF0198.JPG,6R/102MEDIA,0,Other_Amphibian,0.2311,206.8,1.5,312.4,87.6
/srv/shared_leopard_toad/2024/02.10.2024/6R/102MEDIA/DSCF0073.JPG,DSCF0073.JPG,6R/102MEDIA,0,Other_Amphibian,0.2081,207.4,1.3,310.9,86.0
/srv/shared_leopard_toad/2024/02.10.2024/6R/102MEDIA/DSCF0687.JPG,DSCF0687.JPG,6R/102MEDIA,0,Other_Amphibian,0.2278,208.1,2.4,310.2,86.7
/srv/shared_leopard_toad/2024/02.10.2024/6R/102MEDIA/DSCF0718.JPG,DSCF0718.JPG,6R/102MEDIA,0,Other_Amphibian,0.2710,207.7,1.3,311.5,84.4
/srv/shared_leopard_toad/2024/02.10.2024/6R/102MEDIA/DSCF0726.JPG,DSCF0726.JPG,6R/102MEDIA,0,Other_Amphibian,0.3452,208.9,1.9,313.1,85.8
/srv/shared_leopard_toad/2024/02.10.2024/6R/102MEDIA/DSCF0603.JPG,DSCF0603.JPG,6R/102MEDIA,0,Other_Amphibian,0.2981,202.3,1.1,308.4,87.0
/srv/shared_leopard_toad/2024/02.10.2024/6R/102MEDIA/DSCF0492.JPG,DSCF0492.JPG,6R/102MEDIA,0,Other_Amphibian,0.4536,209.9,2.3,309.3,87.1
/srv/shared_leopard_toad/2024/02.10.2024/6R/102MEDIA/DSCF0492.JPG,DSCF0492.JPG,6R/102MEDIA,2,Western_Leopard_Toad,0.2766,209.9,2.3,309.3,87.1
/srv/shared_leopard_toad/2024/02.10.2024/6R/102MEDIA/DSCF0457.JPG,DSCF0457.JPG,6R/102MEDIA,0,Other_Amphibian,0.3267,205.0,2.4,311.4,88.0
/srv/shared_leopard_toad/2024/02.10.2024/6R/102MEDIA/DSCF0456.JPG,DSCF0456.JPG,6R/102MEDIA,0,Other_Amphibian,0.3511,207.6,1.7,311.6,87.4
/srv/shared_leopard_toad/2024/02.10.2024/6R/102MEDIA/DSCF0799.JPG,DSCF0799.JPG,6R/102MEDIA,0,Other_Amphibian,0.3191,1928.0,1508.3,2173.7,1708.9
/srv/shared_leopard_toad/2024/02.10.2024/6R/102MEDIA/DSCF0614.JPG,DSCF0614.JPG,6R/102MEDIA,0,Other_Amphibian,0.3833,203.9,1.5,309.6,86.8
/srv/shared_leopard_toad/2024/02.10.2024/6R/102MEDIA/DSCF0673.JPG,DSCF0673.JPG,6R/102MEDIA,0,Other_Amphibian,0.2063,208.0,1.2,310.3,83.2
/srv/shared_leopard_toad/2024/02.10.2024/6R/102MEDIA/DSCF0475.JPG,DSCF0475.JPG,6R/102MEDIA,0,Other_Amphibian,0.2615,208.9,0.2,312.2,86.5
/srv/shared_leopard_toad/2024/02.10.2024/6R/102MEDIA/DSCF0737.JPG,DSCF0737.JPG,6R/102MEDIA,0,Other_Amphibian,0.2722,207.6,2.7,310.7,88.1
/srv/shared_leopard_toad/2024/02.10.2024/6R/102MEDIA/DSCF0428.JPG,DSCF0428.JPG,6R/102MEDIA,0,Other_Amphibian,0.2800,202.7,2.3,308.8,85.8
/srv/shared_leopard_toad/2024/02.10.2024/6R/102MEDIA/DSCF0028.JPG,DSCF0028.JPG,6R/102MEDIA,0,Other_Amphibian,0.2238,208.2,2.9,310.1,83.5
/srv/shared_leopard_toad/2024/02.10.2024/6R/102MEDIA/DSCF0437.JPG,DSCF0437.JPG,6R/102MEDIA,0,Other_Amphibian,0.2001,207.8,2.3,307.8,85.8
/srv/shared_leopard_toad/2024/02.10.2024/6R/102MEDIA/DSCF0598.JPG,DSCF0598.JPG,6R/102MEDIA,0,Other_Amphibian,0.2510,207.8,0.4,314.2,84.7
/srv/shared_leopard_toad/2024/02.10.2024/6R/102MEDIA/DSCF0212.JPG,DSCF0212.JPG,6R/102MEDIA,0,Other_Amphibian,0.2371,208.5,2.5,309.8,84.2
/srv/shared_leopard_toad/2024/02.10.2024/6R/102MEDIA/DSCF0770.JPG,DSCF0770.JPG,6R/102MEDIA,0,Other_Amphibian,0.3696,207.4,0.6,307.0,92.3
/srv/shared_leopard_toad/2024/02.10.2024/6R/102MEDIA/DSCF0818.JPG,DSCF0818.JPG,6R/102MEDIA,0,Other_Amphibian,0.2942,1939.0,1509.7,2174.0,1705.0
/srv/shared_leopard_toad/2024/02.10.2024/6R/102MEDIA/DSCF0818.JPG,DSCF0818.JPG,6R/102MEDIA,0,Other_Amphibian,0.2297,1937.5,1510.7,2175.5,1706.5
/srv/shared_leopard_toad/2024/02.10.2024/6R/102MEDIA/DSCF0005.JPG,DSCF0005.JPG,6R/102MEDIA,0,Other_Amphibian,0.2133,206.8,3.0,311.5,89.1
/srv/shared_leopard_toad/2024/02.10.2024/6R/102MEDIA/DSCF0259.JPG,DSCF0259.JPG,6R/102MEDIA,0,Other_Amphibian,0.2314,204.5,2.4,311.8,87.0
/srv/shared_leopard_toad/2024/02.10.2024/6R/102MEDIA/DSCF0797.JPG,DSCF0797.JPG,6R/102MEDIA,0,Other_Amphibian,0.3545,1930.3,1512.7,2173.7,1712.2
/srv/shared_leopard_toad/2024/02.10.2024/6R/102MEDIA/DSCF0004.JPG,DSCF0004.JPG,6R/102MEDIA,0,Other_Amphibian,0.3682,207.7,0.4,310.6,86.9
/srv/shared_leopard_toad/2024/02.10.2024/6R/102MEDIA/DSCF0004.JPG,DSCF0004.JPG,6R/102MEDIA,2,Western_Leopard_Toad,0.2534,207.7,0.4,310.6,86.9
/srv/shared_leopard_toad/2024/02.10.2024/6R/102MEDIA/DSCF0159.JPG,DSCF0159.JPG,6R/102MEDIA,0,Other_Amphibian,0.2218,209.8,3.1,312.2,86.0
/srv/shared_leopard_toad/2024/02.10.2024/6R/102MEDIA/DSCF0646.JPG,DSCF0646.JPG,6R/102MEDIA,0,Other_Amphibian,0.2002,207.7,2.1,310.6,86.6
/srv/shared_leopard_toad/2024/02.10.2024/6R/102MEDIA/DSCF0253.JPG,DSCF0253.JPG,6R/102MEDIA,0,Other_Amphibian,0.4277,205.9,1.5,308.5,85.2
/srv/shared_leopard_toad/2024/02.10.2024/6R/102MEDIA/DSCF0218.JPG,DSCF0218.JPG,6R/102MEDIA,0,Other_Amphibian,0.2306,207.7,2.9,311.4,88.5
/srv/shared_leopard_toad/2024/02.10.2024/6R/102MEDIA/DSCF0435.JPG,DSCF0435.JPG,6R/102MEDIA,0,Other_Amphibian,0.2339,205.2,0.9,310.3,89.1
/srv/shared_leopard_toad/2024/02.10.2024/6R/102MEDIA/DSCF0819.JPG,DSCF0819.JPG,6R/102MEDIA,2,Western_Leopard_Toad,0.5557,1938.8,1510.1,2174.2,1707.1
/srv/shared_leopard_toad/2024/02.10.2024/6R/102MEDIA/DSCF0819.JPG,DSCF0819.JPG,6R/102MEDIA,0,Other_Amphibian,0.4751,1938.8,1510.1,2174.2,1707.1
/srv/shared_leopard_toad/2024/02.10.2024/6R/102MEDIA/DSCF0115.JPG,DSCF0115.JPG,6R/102MEDIA,0,Other_Amphibian,0.2194,206.7,2.8,306.9,86.6
/srv/shared_leopard_toad/2024/02.10.2024/6R/102MEDIA/DSCF0436.JPG,DSCF0436.JPG,6R/102MEDIA,0,Other_Amphibian,0.2034,208.8,2.1,307.6,84.9
/srv/shared_leopard_toad/2024/02.10.2024/6R/102MEDIA/DSCF0616.JPG,DSCF0616.JPG,6R/102MEDIA,0,Other_Amphibian,0.4404,208.0,1.8,312.3,87.2
/srv/shared_leopard_toad/2024/02.10.2024/6R/102MEDIA/DSCF0137.JPG,DSCF0137.JPG,6R/102MEDIA,0,Other_Amphibian,0.2981,209.8,3.1,306.6,84.6
/srv/shared_leopard_toad/2024/02.10.2024/6R/102MEDIA/DSCF0821.JPG,DSCF0821.JPG,6R/102MEDIA,2,Western_Leopard_Toad,0.6016,1939.5,1511.6,2175.8,1708.2
/srv/shared_leopard_toad/2024/02.10.2024/6R/102MEDIA/DSCF0821.JPG,DSCF0821.JPG,6R/102MEDIA,0,Other_Amphibian,0.3494,1939.5,1511.6,2175.8,1708.2
/srv/shared_leopard_toad/2024/02.10.2024/6R/102MEDIA/DSCF0147.JPG,DSCF0147.JPG,6R/102MEDIA,0,Other_Amphibian,0.2173,212.9,0.3,314.2,84.1
/srv/shared_leopard_toad/2024/02.10.2024/6R/102MEDIA/DSCF0175.JPG,DSCF0175.JPG,6R/102MEDIA,0,Other_Amphibian,0.2144,208.9,2.0,313.1,85.4
/srv/shared_leopard_toad/2024/02.10.2024/6R/102MEDIA/DSCF0103.JPG,DSCF0103.JPG,6R/102MEDIA,0,Other_Amphibian,0.2123,206.1,0.9,312.2,85.5
/srv/shared_leopard_toad/2024/02.10.2024/6R/102MEDIA/DSCF0600.JPG,DSCF0600.JPG,6R/102MEDIA,0,Other_Amphibian,0.3582,205.8,1.4,309.7,90.0
/srv/shared_leopard_toad/2024/02.10.2024/6R/102MEDIA/DSCF0042.JPG,DSCF0042.JPG,6R/102MEDIA,0,Other_Amphibian,0.2573,206.8,1.9,310.5,83.5
/srv/shared_leopard_toad/2024/02.10.2024/6R/102MEDIA/DSCF0529.JPG,DSCF0529.JPG,6R/102MEDIA,0,Other_Amphibian,0.2024,213.3,0.8,310.6,82.9
/srv/shared_leopard_toad/2024/02.10.2024/6R/102MEDIA/DSCF0010.JPG,DSCF0010.JPG,6R/102MEDIA,0,Other_Amphibian,0.2452,205.8,1.7,308.6,87.7
/srv/shared_leopard_toad/2024/02.10.2024/6R/102MEDIA/DSCF0225.JPG,DSCF0225.JPG,6R/102MEDIA,0,Other_Amphibian,0.2549,208.9,1.4,307.5,85.9
/srv/shared_leopard_toad/2024/02.10.2024/6R/102MEDIA/DSCF0591.JPG,DSCF0591.JPG,6R/102MEDIA,0,Other_Amphibian,0.2781,206.8,2.1,309.6,88.0
/srv/shared_leopard_toad/2024/02.10.2024/6R/102MEDIA/DSCF0800.JPG,DSCF0800.JPG,6R/102MEDIA,0,Other_Amphibian,0.3025,1933.0,1505.9,2171.0,1708.8
/srv/shared_leopard_toad/2024/02.10.2024/6R/102MEDIA/DSCF0340.JPG,DSCF0340.JPG,6R/102MEDIA,0,Other_Amphibian,0.2856,208.4,1.7,311.9,84.0
/srv/shared_leopard_toad/2024/02.10.2024/6R/102MEDIA/DSCF0318.JPG,DSCF0318.JPG,6R/102MEDIA,0,Other_Amphibian,0.2089,209.8,2.1,311.3,90.0
/srv/shared_leopard_toad/2024/02.10.2024/6R/102MEDIA/DSCF0235.JPG,DSCF0235.JPG,6R/102MEDIA,0,Other_Amphibian,0.2908,202.5,1.1,308.2,85.9
/srv/shared_leopard_toad/2024/02.10.2024/6R/102MEDIA/DSCF0202.JPG,DSCF0202.JPG,6R/102MEDIA,0,Other_Amphibian,0.2659,204.5,1.8,309.0,84.6
/srv/shared_leopard_toad/2024/02.10.2024/6R/102MEDIA/DSCF0210.JPG,DSCF0210.JPG,6R/102MEDIA,0,Other_Amphibian,0.3093,209.7,1.4,308.6,85.6
/srv/shared_leopard_toad/2024/02.10.2024/6R/102MEDIA/DSCF0234.JPG,DSCF0234.JPG,6R/102MEDIA,0,Other_Amphibian,0.2352,205.3,1.7,309.1,84.7
/srv/shared_leopard_toad/2024/02.10.2024/6R/102MEDIA/DSCF0465.JPG,DSCF0465.JPG,6R/102MEDIA,0,Other_Amphibian,0.3855,206.9,2.3,306.7,86.4
/srv/shared_leopard_toad/2024/02.10.2024/6R/102MEDIA/DSCF0270.JPG,DSCF0270.JPG,6R/102MEDIA,0,Other_Amphibian,0.3599,210.6,1.9,309.8,85.4
/srv/shared_leopard_toad/2024/02.10.2024/6R/102MEDIA/DSCF0677.JPG,DSCF0677.JPG,6R/102MEDIA,0,Other_Amphibian,0.3171,204.5,1.2,308.0,87.1
/srv/shared_leopard_toad/2024/02.10.2024/6R/102MEDIA/DSCF0485.JPG,DSCF0485.JPG,6R/102MEDIA,0,Other_Amphibian,0.2727,210.0,3.0,309.2,85.4
/srv/shared_leopard_toad/2024/02.10.2024/6R/102MEDIA/DSCF0410.JPG,DSCF0410.JPG,6R/102MEDIA,0,Other_Amphibian,0.2881,205.8,1.6,310.5,87.8
/srv/shared_leopard_toad/2024/02.10.2024/6R/102MEDIA/DSCF0579.JPG,DSCF0579.JPG,6R/102MEDIA,0,Other_Amphibian,0.2216,205.8,2.5,310.5,83.9
/srv/shared_leopard_toad/2024/02.10.2024/6R/108MEDIA/DSCF0279.JPG,DSCF0279.JPG,6R/108MEDIA,0,Other_Amphibian,0.7563,1917.8,2009.9,2024.2,2116.1
/srv/shared_leopard_toad/2024/02.10.2024/6R/108MEDIA/DSCF0298.JPG,DSCF0298.JPG,6R/108MEDIA,0,Other_Amphibian,0.3174,1902.8,1977.0,2007.7,2100.9
/srv/shared_leopard_toad/2024/02.10.2024/6R/108MEDIA/DSCF0282.JPG,DSCF0282.JPG,6R/108MEDIA,0,Other_Amphibian,0.7173,1916.0,2005.9,2021.5,2107.3
/srv/shared_leopard_toad/2024/02.10.2024/6R/108MEDIA/DSCF0362.JPG,DSCF0362.JPG,6R/108MEDIA,0,Other_Amphibian,0.4121,4089.0,1.4,4258.5,127.1
/srv/shared_leopard_toad/2024/02.10.2024/6R/108MEDIA/DSCF0273.JPG,DSCF0273.JPG,6R/108MEDIA,0,Other_Amphibian,0.8286,1913.1,2005.7,2019.9,2110.2
/srv/shared_leopard_toad/2024/02.10.2024/6R/108MEDIA/DSCF0286.JPG,DSCF0286.JPG,6R/108MEDIA,0,Other_Amphibian,0.5991,1914.9,1992.3,2020.4,2103.3
/srv/shared_leopard_toad/2024/02.10.2024/6R/108MEDIA/DSCF0286.JPG,DSCF0286.JPG,6R/108MEDIA,0,Other_Amphibian,0.5273,1915.5,1995.8,2019.8,2102.3
/srv/shared_leopard_toad/2024/02.10.2024/6R/108MEDIA/DSCF0292.JPG,DSCF0292.JPG,6R/108MEDIA,0,Other_Amphibian,0.4893,1907.2,1988.0,2012.3,2102.5
/srv/shared_leopard_toad/2024/02.10.2024/6R/108MEDIA/DSCF0292.JPG,DSCF0292.JPG,6R/108MEDIA,0,Other_Amphibian,0.4695,1907.9,1994.2,2011.6,2101.4
/srv/shared_leopard_toad/2024/02.10.2024/6R/108MEDIA/DSCF0292.JPG,DSCF0292.JPG,6R/108MEDIA,0,Other_Amphibian,0.3716,1907.3,1983.0,2012.2,2102.5
/srv/shared_leopard_toad/2024/02.10.2024/6R/108MEDIA/DSCF0353.JPG,DSCF0353.JPG,6R/108MEDIA,0,Other_Amphibian,0.4194,4085.0,1.7,4258.0,126.9
/srv/shared_leopard_toad/2024/02.10.2024/6R/108MEDIA/DSCF0368.JPG,DSCF0368.JPG,6R/108MEDIA,0,Other_Amphibian,0.2015,4087.9,1.1,4259.6,117.3
/srv/shared_leopard_toad/2024/02.10.2024/6R/108MEDIA/DSCF0033.JPG,DSCF0033.JPG,6R/108MEDIA,0,Other_Amphibian,0.2106,1912.5,2022.4,2020.5,2128.9
/srv/shared_leopard_toad/2024/02.10.2024/6R/108MEDIA/DSCF0007.JPG,DSCF0007.JPG,6R/108MEDIA,0,Other_Amphibian,0.3408,1881.7,2021.7,1988.3,2124.5
/srv/shared_leopard_toad/2024/02.10.2024/6R/108MEDIA/DSCF0301.JPG,DSCF0301.JPG,6R/108MEDIA,0,Other_Amphibian,0.6372,1902.1,1973.1,2008.4,2099.7
/srv/shared_leopard_toad/2024/02.10.2024/6R/108MEDIA/DSCF0373.JPG,DSCF0373.JPG,6R/108MEDIA,0,Other_Amphibian,0.5146,4088.5,1.9,4259.0,126.4
/srv/shared_leopard_toad/2024/02.10.2024/6R/108MEDIA/DSCF0151.JPG,DSCF0151.JPG,6R/108MEDIA,0,Other_Amphibian,0.3591,1088.2,2267.4,1224.8,2402.8
/srv/shared_leopard_toad/2024/02.10.2024/6R/108MEDIA/DSCF0151.JPG,DSCF0151.JPG,6R/108MEDIA,2,Western_Leopard_Toad,0.3489,1088.2,2267.4,1224.8,2402.8
/srv/shared_leopard_toad/2024/02.10.2024/6R/108MEDIA/DSCF0290.JPG,DSCF0290.JPG,6R/108MEDIA,0,Other_Amphibian,0.3772,1905.0,1993.1,2010.0,2102.4
/srv/shared_leopard_toad/2024/02.10.2024/6R/108MEDIA/DSCF0290.JPG,DSCF0290.JPG,6R/108MEDIA,0,Other_Amphibian,0.2886,1906.8,1987.5,2012.7,2103.0
/srv/shared_leopard_toad/2024/02.10.2024/6R/108MEDIA/DSCF0290.JPG,DSCF0290.JPG,6R/108MEDIA,0,Other_Amphibian,0.2651,1907.0,1982.5,2012.5,2103.0
/srv/shared_leopard_toad/2024/02.10.2024/6R/108MEDIA/DSCF0346.JPG,DSCF0346.JPG,6R/108MEDIA,0,Other_Amphibian,0.4692,4084.2,2.1,4254.3,126.4
/srv/shared_leopard_toad/2024/02.10.2024/6R/108MEDIA/DSCF0152.JPG,DSCF0152.JPG,6R/108MEDIA,2,Western_Leopard_Toad,0.7100,1090.0,2266.6,1229.8,2403.5
/srv/shared_leopard_toad/2024/02.10.2024/6R/108MEDIA/DSCF0152.JPG,DSCF0152.JPG,6R/108MEDIA,0,Other_Amphibian,0.6226,1090.0,2266.6,1229.8,2403.5
/srv/shared_leopard_toad/2024/02.10.2024/6R/108MEDIA/DSCF0288.JPG,DSCF0288.JPG,6R/108MEDIA,0,Other_Amphibian,0.4785,1914.0,1996.1,2019.0,2102.0
/srv/shared_leopard_toad/2024/02.10.2024/6R/108MEDIA/DSCF0284.JPG,DSCF0284.JPG,6R/108MEDIA,0,Other_Amphibian,0.7466,1915.1,2006.3,2022.4,2109.5
/srv/shared_leopard_toad/2024/02.10.2024/6R/108MEDIA/DSCF0271.JPG,DSCF0271.JPG,6R/108MEDIA,0,Other_Amphibian,0.5298,1899.7,1979.6,2015.3,2100.7
/srv/shared_leopard_toad/2024/02.10.2024/6R/108MEDIA/DSCF0295.JPG,DSCF0295.JPG,6R/108MEDIA,0,Other_Amphibian,0.6763,1908.2,1989.0,2015.8,2101.5
/srv/shared_leopard_toad/2024/02.10.2024/6R/108MEDIA/DSCF0295.JPG,DSCF0295.JPG,6R/108MEDIA,0,Other_Amphibian,0.4495,1906.0,1988.3,2013.5,2102.2
/srv/shared_leopard_toad/2024/02.10.2024/6R/108MEDIA/DSCF0149.JPG,DSCF0149.JPG,6R/108MEDIA,0,Other_Amphibian,0.6304,1087.7,2264.1,1227.5,2403.5
/srv/shared_leopard_toad/2024/02.10.2024/6R/108MEDIA/DSCF0149.JPG,DSCF0149.JPG,6R/108MEDIA,2,Western_Leopard_Toad,0.4343,1087.7,2264.1,1227.5,2403.5
/srv/shared_leopard_toad/2024/02.10.2024/6R/108MEDIA/DSCF0268.JPG,DSCF0268.JPG,6R/108MEDIA,0,Other_Amphibian,0.2440,1903.4,1966.3,2016.1,2101.4
/srv/shared_leopard_toad/2024/02.10.2024/6R/108MEDIA/DSCF0378.JPG,DSCF0378.JPG,6R/108MEDIA,0,Other_Amphibian,0.3279,4095.5,2.2,4265.5,120.2
/srv/shared_leopard_toad/2024/02.10.2024/6R/108MEDIA/DSCF0148.JPG,DSCF0148.JPG,6R/108MEDIA,2,Western_Leopard_Toad,0.3628,1087.9,2264.5,1227.4,2403.1
/srv/shared_leopard_toad/2024/02.10.2024/6R/108MEDIA/DSCF0148.JPG,DSCF0148.JPG,6R/108MEDIA,0,Other_Amphibian,0.2771,1087.9,2264.5,1227.4,2403.1
/srv/shared_leopard_toad/2024/02.10.2024/6R/108MEDIA/DSCF0287.JPG,DSCF0287.JPG,6R/108MEDIA,0,Other_Amphibian,0.2081,1915.5,2013.2,2017.5,2122.9
/srv/shared_leopard_toad/2024/02.10.2024/6R/108MEDIA/DSCF0262.JPG,DSCF0262.JPG,6R/108MEDIA,2,Western_Leopard_Toad,0.9380,2232.3,2104.5,2371.2,2267.0
/srv/shared_leopard_toad/2024/02.10.2024/6R/108MEDIA/DSCF0376.JPG,DSCF0376.JPG,6R/108MEDIA,0,Other_Amphibian,0.3110,4096.1,1.1,4260.4,118.5
/srv/shared_leopard_toad/2024/02.10.2024/6R/108MEDIA/DSCF0280.JPG,DSCF0280.JPG,6R/108MEDIA,0,Other_Amphibian,0.6650,1917.2,2005.7,2020.3,2110.2
/srv/shared_leopard_toad/2024/02.10.2024/6R/108MEDIA/DSCF0049.JPG,DSCF0049.JPG,6R/108MEDIA,0,Other_Amphibian,0.2391,1894.6,1967.4,2002.4,2102.8
/srv/shared_leopard_toad/2024/02.10.2024/6R/108MEDIA/DSCF0030.JPG,DSCF0030.JPG,6R/108MEDIA,0,Other_Amphibian,0.2494,1911.3,2026.2,2017.2,2132.7
/srv/shared_leopard_toad/2024/02.10.2024/6R/108MEDIA/DSCF0031.JPG,DSCF0031.JPG,6R/108MEDIA,0,Other_Amphibian,0.2871,1912.9,2025.4,2020.1,2130.9
/srv/shared_leopard_toad/2024/02.10.2024/6R/108MEDIA/DSCF0299.JPG,DSCF0299.JPG,6R/108MEDIA,0,Other_Amphibian,0.4563,1900.5,1982.4,2005.5,2100.5
/srv/shared_leopard_toad/2024/02.10.2024/6R/108MEDIA/DSCF0345.JPG,DSCF0345.JPG,6R/108MEDIA,0,Other_Amphibian,0.2769,4092.5,1.4,4255.0,126.9
/srv/shared_leopard_toad/2024/02.10.2024/6R/108MEDIA/DSCF0293.JPG,DSCF0293.JPG,6R/108MEDIA,0,Other_Amphibian,0.6030,1905.0,1990.5,2010.0,2100.0
/srv/shared_leopard_toad/2024/02.10.2024/6R/108MEDIA/DSCF0293.JPG,DSCF0293.JPG,6R/108MEDIA,0,Other_Amphibian,0.5112,1905.2,1997.1,2009.8,2101.0
/srv/shared_leopard_toad/2024/02.10.2024/6R/108MEDIA/DSCF0360.JPG,DSCF0360.JPG,6R/108MEDIA,0,Other_Amphibian,0.3826,4079.2,2.0,4259.2,123.6
/srv/shared_leopard_toad/2024/02.10.2024/6R/108MEDIA/DSCF0278.JPG,DSCF0278.JPG,6R/108MEDIA,0,Other_Amphibian,0.7163,1917.0,2008.4,2025.0,2112.5
/srv/shared_leopard_toad/2024/02.10.2024/6R/108MEDIA/DSCF0050.JPG,DSCF0050.JPG,6R/108MEDIA,0,Other_Amphibian,0.3284,1894.5,1976.8,2002.5,2101.1
/srv/shared_leopard_toad/2024/02.10.2024/6R/108MEDIA/DSCF0365.JPG,DSCF0365.JPG,6R/108MEDIA,0,Other_Amphibian,0.3108,4092.4,0.8,4259.6,122.6
/srv/shared_leopard_toad/2024/02.10.2024/6R/108MEDIA/DSCF0302.JPG,DSCF0302.JPG,6R/108MEDIA,0,Other_Amphibian,0.4155,1896.2,1957.8,2005.3,2102.3
/srv/shared_leopard_toad/2024/02.10.2024/6R/108MEDIA/DSCF0232.JPG,DSCF0232.JPG,6R/108MEDIA,0,Other_Amphibian,0.2133,2719.3,1650.2,3031.7,1853.0
/srv/shared_leopard_toad/2024/02.10.2024/6R/108MEDIA/DSCF0377.JPG,DSCF0377.JPG,6R/108MEDIA,0,Other_Amphibian,0.2124,4092.3,1.3,4264.2,120.8
/srv/shared_leopard_toad/2024/02.10.2024/6R/108MEDIA/DSCF0150.JPG,DSCF0150.JPG,6R/108MEDIA,2,Western_Leopard_Toad,0.6211,1087.1,2265.1,1225.9,2402.5
/srv/shared_leopard_toad/2024/02.10.2024/6R/108MEDIA/DSCF0150.JPG,DSCF0150.JPG,6R/108MEDIA,0,Other_Amphibian,0.3950,1087.1,2265.1,1225.9,2402.5
/srv/shared_leopard_toad/2024/02.10.2024/6R/108MEDIA/DSCF0277.JPG,DSCF0277.JPG,6R/108MEDIA,0,Other_Amphibian,0.7466,1918.8,2009.4,2023.2,2114.0
/srv/shared_leopard_toad/2024/02.10.2024/6R/108MEDIA/DSCF0349.JPG,DSCF0349.JPG,6R/108MEDIA,0,Other_Amphibian,0.7783,4092.8,2.1,4254.8,129.4
/srv/shared_leopard_toad/2024/02.10.2024/6R/108MEDIA/DSCF0011.JPG,DSCF0011.JPG,6R/108MEDIA,0,Other_Amphibian,0.2411,1880.5,2021.1,1989.5,2125.1
/srv/shared_leopard_toad/2024/02.10.2024/6R/108MEDIA/DSCF0370.JPG,DSCF0370.JPG,6R/108MEDIA,0,Other_Amphibian,0.2803,4086.3,1.0,4261.2,120.2
/srv/shared_leopard_toad/2024/02.10.2024/6R/108MEDIA/DSCF0289.JPG,DSCF0289.JPG,6R/108MEDIA,0,Other_Amphibian,0.7334,1909.4,1984.5,2014.6,2103.4
/srv/shared_leopard_toad/2024/02.10.2024/6R/108MEDIA/DSCF0289.JPG,DSCF0289.JPG,6R/108MEDIA,0,Other_Amphibian,0.5645,1909.5,1988.9,2014.5,2101.6
/srv/shared_leopard_toad/2024/02.10.2024/6R/108MEDIA/DSCF0375.JPG,DSCF0375.JPG,6R/108MEDIA,0,Other_Amphibian,0.3086,4088.9,1.2,4263.1,121.8
/srv/shared_leopard_toad/2024/02.10.2024/6R/108MEDIA/DSCF0275.JPG,DSCF0275.JPG,6R/108MEDIA,0,Other_Amphibian,0.7441,1918.1,2006.9,2023.9,2111.4
/srv/shared_leopard_toad/2024/02.10.2024/6R/108MEDIA/DSCF0355.JPG,DSCF0355.JPG,6R/108MEDIA,0,Other_Amphibian,0.2244,4064.8,1.1,4264.7,123.8
/srv/shared_leopard_toad/2024/02.10.2024/6R/108MEDIA/DSCF0285.JPG,DSCF0285.JPG,6R/108MEDIA,0,Other_Amphibian,0.4263,1913.3,2011.5,2019.7,2122.0
/srv/shared_leopard_toad/2024/02.10.2024/6R/108MEDIA/DSCF0199.JPG,DSCF0199.JPG,6R/108MEDIA,0,Other_Amphibian,0.2319,2844.0,1903.9,2979.0,2029.6
/srv/shared_leopard_toad/2024/02.10.2024/6R/108MEDIA/DSCF0281.JPG,DSCF0281.JPG,6R/108MEDIA,0,Other_Amphibian,0.7871,1915.2,2004.4,2022.3,2108.9
/srv/shared_leopard_toad/2024/02.10.2024/6R/108MEDIA/DSCF0032.JPG,DSCF0032.JPG,6R/108MEDIA,0,Other_Amphibian,0.3530,1911.8,2027.1,2021.2,2134.2
/srv/shared_leopard_toad/2024/02.10.2024/6R/108MEDIA/DSCF0291.JPG,DSCF0291.JPG,6R/108MEDIA,0,Other_Amphibian,0.6436,1907.4,1988.2,2012.1,2102.3
/srv/shared_leopard_toad/2024/02.10.2024/6R/108MEDIA/DSCF0291.JPG,DSCF0291.JPG,6R/108MEDIA,0,Other_Amphibian,0.5376,1907.1,1990.8,2012.4,2102.2
/srv/shared_leopard_toad/2024/02.10.2024/6R/108MEDIA/DSCF0300.JPG,DSCF0300.JPG,6R/108MEDIA,0,Other_Amphibian,0.7769,1898.0,1969.3,2008.0,2101.0
/srv/shared_leopard_toad/2024/02.10.2024/6R/108MEDIA/DSCF0294.JPG,DSCF0294.JPG,6R/108MEDIA,0,Other_Amphibian,0.7261,1905.0,1989.4,2010.0,2101.1
/srv/shared_leopard_toad/2024/02.10.2024/6R/108MEDIA/DSCF0294.JPG,DSCF0294.JPG,6R/108MEDIA,0,Other_Amphibian,0.2390,1907.4,1996.6,2012.1,2101.5
/srv/shared_leopard_toad/2024/02.10.2024/6R/108MEDIA/DSCF0276.JPG,DSCF0276.JPG,6R/108MEDIA,0,Other_Amphibian,0.7695,1915.4,2009.5,2022.1,2113.9
/srv/shared_leopard_toad/2024/02.10.2024/6R/108MEDIA/DSCF0034.JPG,DSCF0034.JPG,6R/108MEDIA,0,Other_Amphibian,0.2184,1914.7,2026.3,2020.6,2130.0
/srv/shared_leopard_toad/2024/02.10.2024/6R/108MEDIA/DSCF0274.JPG,DSCF0274.JPG,6R/108MEDIA,0,Other_Amphibian,0.7842,1912.4,2005.6,2020.6,2110.2
/srv/shared_leopard_toad/2024/02.10.2024/6R/108MEDIA/DSCF0269.JPG,DSCF0269.JPG,6R/108MEDIA,0,Other_Amphibian,0.2384,1901.1,1977.3,2013.9,2103.0
/srv/shared_leopard_toad/2024/02.10.2024/6R/108MEDIA/DSCF0004.JPG,DSCF0004.JPG,6R/108MEDIA,0,Other_Amphibian,0.2325,1898.1,2016.6,1998.9,2124.5
/srv/shared_leopard_toad/2024/02.10.2024/6R/108MEDIA/DSCF0297.JPG,DSCF0297.JPG,6R/108MEDIA,0,Other_Amphibian,0.3481,1907.9,1986.6,2016.1,2103.9
/srv/shared_leopard_toad/2024/02.10.2024/6R/108MEDIA/DSCF0297.JPG,DSCF0297.JPG,6R/108MEDIA,0,Other_Amphibian,0.2917,1908.6,1990.4,2015.4,2102.6
/srv/shared_leopard_toad/2024/02.10.2024/6R/108MEDIA/DSCF0297.JPG,DSCF0297.JPG,6R/108MEDIA,0,Other_Amphibian,0.2371,1909.4,1978.6,2019.1,2104.3
/srv/shared_leopard_toad/2024/02.10.2024/6R/108MEDIA/DSCF0147.JPG,DSCF0147.JPG,6R/108MEDIA,0,Other_Amphibian,0.2991,1060.3,2271.2,1218.9,2396.4
/srv/shared_leopard_toad/2024/02.10.2024/6R/108MEDIA/DSCF0261.JPG,DSCF0261.JPG,6R/108MEDIA,2,Western_Leopard_Toad,0.9209,2233.6,2061.1,2374.4,2239.4
/srv/shared_leopard_toad/2024/02.10.2024/6R/108MEDIA/DSCF0348.JPG,DSCF0348.JPG,6R/108MEDIA,0,Other_Amphibian,0.3984,4059.8,1.5,4256.2,123.6
/srv/shared_leopard_toad/2024/02.10.2024/6R/108MEDIA/DSCF0047.JPG,DSCF0047.JPG,6R/108MEDIA,0,Other_Amphibian,0.2032,1894.1,1964.1,2002.9,2103.6
/srv/shared_leopard_toad/2024/02.10.2024/6R/108MEDIA/DSCF0351.JPG,DSCF0351.JPG,6R/108MEDIA,0,Other_Amphibian,0.2966,4067.1,0.9,4262.4,124.0
/srv/shared_leopard_toad/2024/02.10.2024/6R/108MEDIA/DSCF0272.JPG,DSCF0272.JPG,6R/108MEDIA,0,Other_Amphibian,0.8208,1911.5,2006.1,2021.5,2112.3
/srv/shared_leopard_toad/2024/02.10.2024/6R/108MEDIA/DSCF0347.JPG,DSCF0347.JPG,6R/108MEDIA,0,Other_Amphibian,0.5542,4086.5,2.7,4256.5,126.6
/srv/shared_leopard_toad/2024/02.10.2024/6R/108MEDIA/DSCF0024.JPG,DSCF0024.JPG,6R/108MEDIA,0,Other_Amphibian,0.3022,1911.8,2026.2,2021.2,2132.7
/srv/shared_leopard_toad/2024/02.10.2024/6R/108MEDIA/DSCF0371.JPG,DSCF0371.JPG,6R/108MEDIA,0,Other_Amphibian,0.4167,4093.2,1.1,4263.3,124.5
/srv/shared_leopard_toad/2024/02.10.2024/6R/108MEDIA/DSCF0234.JPG,DSCF0234.JPG,6R/108MEDIA,0,Other_Amphibian,0.2294,2717.6,1651.6,3028.9,1851.7
/srv/shared_leopard_toad/2024/02.10.2024/6R/108MEDIA/DSCF0356.JPG,DSCF0356.JPG,6R/108MEDIA,0,Other_Amphibian,0.2211,4077.8,1.7,4265.2,122.5
/srv/shared_leopard_toad/2024/02.10.2024/6R/108MEDIA/DSCF0361.JPG,DSCF0361.JPG,6R/108MEDIA,0,Other_Amphibian,0.4216,4086.9,1.7,4260.6,125.4
/srv/shared_leopard_toad/2024/02.10.2024/6R/101MEDIA/DSCF0594.JPG,DSCF0594.JPG,6R/101MEDIA,0,Other_Amphibian,0.2471,206.2,1.8,307.3,86.3
/srv/shared_leopard_toad/2024/02.10.2024/6R/101MEDIA/DSCF0221.JPG,DSCF0221.JPG,6R/101MEDIA,0,Other_Amphibian,0.3181,242.8,2.5,351.8,87.9
/srv/shared_leopard_toad/2024/02.10.2024/6R/101MEDIA/DSCF0221.JPG,DSCF0221.JPG,6R/101MEDIA,0,Other_Amphibian,0.2622,242.8,1.2,355.1,87.1
/srv/shared_leopard_toad/2024/02.10.2024/6R/101MEDIA/DSCF0668.JPG,DSCF0668.JPG,6R/101MEDIA,0,Other_Amphibian,0.2532,208.9,3.2,308.3,86.2
/srv/shared_leopard_toad/2024/02.10.2024/6R/101MEDIA/DSCF0164.JPG,DSCF0164.JPG,6R/101MEDIA,0,Other_Amphibian,0.3054,244.2,2.6,353.7,87.1
/srv/shared_leopard_toad/2024/02.10.2024/6R/101MEDIA/DSCF0164.JPG,DSCF0164.JPG,6R/101MEDIA,0,Other_Amphibian,0.2367,243.7,1.1,356.5,86.7
/srv/shared_leopard_toad/2024/02.10.2024/6R/101MEDIA/DSCF0780.JPG,DSCF0780.JPG,6R/101MEDIA,0,Other_Amphibian,0.2285,3544.1,1162.4,3736.9,1385.3
/srv/shared_leopard_toad/2024/02.10.2024/6R/101MEDIA/DSCF0366.JPG,DSCF0366.JPG,6R/101MEDIA,0,Other_Amphibian,0.2732,242.7,1.8,349.6,90.0
/srv/shared_leopard_toad/2024/02.10.2024/6R/101MEDIA/DSCF0067.JPG,DSCF0067.JPG,6R/101MEDIA,0,Other_Amphibian,0.2056,247.1,1.8,358.7,87.6
/srv/shared_leopard_toad/2024/02.10.2024/6R/101MEDIA/DSCF0880.JPG,DSCF0880.JPG,6R/101MEDIA,0,Other_Amphibian,0.2964,210.2,0.4,312.9,84.9
/srv/shared_leopard_toad/2024/02.10.2024/6R/101MEDIA/DSCF0880.JPG,DSCF0880.JPG,6R/101MEDIA,0,Other_Amphibian,0.2109,206.6,2.6,310.6,85.8
/srv/shared_leopard_toad/2024/02.10.2024/6R/101MEDIA/DSCF0256.JPG,DSCF0256.JPG,6R/101MEDIA,0,Other_Amphibian,0.2148,242.0,2.8,349.7,86.2
/srv/shared_leopard_toad/2024/02.10.2024/6R/101MEDIA/DSCF0923.JPG,DSCF0923.JPG,6R/101MEDIA,2,Western_Leopard_Toad,0.4351,3406.9,1296.2,3554.6,1478.1
/srv/shared_leopard_toad/2024/02.10.2024/6R/101MEDIA/DSCF0923.JPG,DSCF0923.JPG,6R/101MEDIA,0,Other_Amphibian,0.2554,3406.9,1296.2,3554.6,1478.1
/srv/shared_leopard_toad/2024/02.10.2024/6R/101MEDIA/DSCF0026.JPG,DSCF0026.JPG,6R/101MEDIA,0,Other_Amphibian,0.2220,243.8,0.7,353.0,85.3
/srv/shared_leopard_toad/2024/02.10.2024/6R/101MEDIA/DSCF0026.JPG,DSCF0026.JPG,6R/101MEDIA,0,Other_Amphibian,0.2012,243.3,2.8,350.2,85.9
/srv/shared_leopard_toad/2024/02.10.2024/6R/101MEDIA/DSCF0301.JPG,DSCF0301.JPG,6R/101MEDIA,0,Other_Amphibian,0.2734,240.2,1.0,356.6,86.0
/srv/shared_leopard_toad/2024/02.10.2024/6R/101MEDIA/DSCF0769.JPG,DSCF0769.JPG,6R/101MEDIA,0,Other_Amphibian,0.2322,205.1,2.3,303.7,85.8
/srv/shared_leopard_toad/2024/02.10.2024/6R/101MEDIA/DSCF0373.JPG,DSCF0373.JPG,6R/101MEDIA,0,Other_Amphibian,0.3518,241.8,1.7,349.9,91.8
/srv/shared_leopard_toad/2024/02.10.2024/6R/101MEDIA/DSCF0060.JPG,DSCF0060.JPG,6R/101MEDIA,0,Other_Amphibian,0.2421,239.0,1.7,356.7,87.7
/srv/shared_leopard_toad/2024/02.10.2024/6R/101MEDIA/DSCF0896.JPG,DSCF0896.JPG,6R/101MEDIA,0,Other_Amphibian,0.2153,208.4,2.6,309.9,85.2
/srv/shared_leopard_toad/2024/02.10.2024/6R/101MEDIA/DSCF0419.JPG,DSCF0419.JPG,6R/101MEDIA,2,Western_Leopard_Toad,0.2700,4524.4,1194.7,4606.1,1453.0
/srv/shared_leopard_toad/2024/02.10.2024/6R/101MEDIA/DSCF0155.JPG,DSCF0155.JPG,6R/101MEDIA,0,Other_Amphibian,0.2080,240.5,1.8,355.2,87.2
/srv/shared_leopard_toad/2024/02.10.2024/6R/101MEDIA/DSCF0006.JPG,DSCF0006.JPG,6R/101MEDIA,0,Other_Amphibian,0.2053,241.2,2.4,351.1,85.3
/srv/shared_leopard_toad/2024/02.10.2024/6R/101MEDIA/DSCF0959.JPG,DSCF0959.JPG,6R/101MEDIA,0,Other_Amphibian,0.2301,207.2,3.1,306.4,86.3
/srv/shared_leopard_toad/2024/02.10.2024/6R/101MEDIA/DSCF0258.JPG,DSCF0258.JPG,6R/101MEDIA,0,Other_Amphibian,0.2325,240.7,0.9,355.0,86.4
/srv/shared_leopard_toad/2024/02.10.2024/6R/101MEDIA/DSCF0346.JPG,DSCF0346.JPG,6R/101MEDIA,0,Other_Amphibian,0.2717,243.9,2.1,346.7,85.9
/srv/shared_leopard_toad/2024/02.10.2024/6R/101MEDIA/DSCF0052.JPG,DSCF0052.JPG,6R/101MEDIA,0,Other_Amphibian,0.3516,243.5,2.3,354.5,86.4
/srv/shared_leopard_toad/2024/02.10.2024/6R/101MEDIA/DSCF0861.JPG,DSCF0861.JPG,6R/101MEDIA,0,Other_Amphibian,0.2668,207.6,3.0,306.8,87.8
/srv/shared_leopard_toad/2024/02.10.2024/6R/101MEDIA/DSCF0898.JPG,DSCF0898.JPG,6R/101MEDIA,0,Other_Amphibian,0.2128,206.3,3.2,309.2,84.2
/srv/shared_leopard_toad/2024/02.10.2024/6R/101MEDIA/DSCF0376.JPG,DSCF0376.JPG,6R/101MEDIA,0,Other_Amphibian,0.2216,243.1,1.3,350.4,93.3
/srv/shared_leopard_toad/2024/02.10.2024/6R/101MEDIA/DSCF0186.JPG,DSCF0186.JPG,6R/101MEDIA,0,Other_Amphibian,0.2590,241.3,2.3,353.2,86.8
/srv/shared_leopard_toad/2024/02.10.2024/6R/101MEDIA/DSCF0186.JPG,DSCF0186.JPG,6R/101MEDIA,0,Other_Amphibian,0.2246,242.3,0.9,354.5,86.5
/srv/shared_leopard_toad/2024/02.10.2024/6R/101MEDIA/DSCF0820.JPG,DSCF0820.JPG,6R/101MEDIA,0,Other_Amphibian,0.2844,203.9,2.0,307.7,87.4
/srv/shared_leopard_toad/2024/02.10.2024/6R/101MEDIA/DSCF0622.JPG,DSCF0622.JPG,6R/101MEDIA,0,Other_Amphibian,0.2128,213.0,1.5,312.0,84.2
/srv/shared_leopard_toad/2024/02.10.2024/6R/101MEDIA/DSCF0867.JPG,DSCF0867.JPG,6R/101MEDIA,0,Other_Amphibian,0.2620,206.7,3.0,302.9,89.1
/srv/shared_leopard_toad/2024/02.10.2024/6R/101MEDIA/DSCF0991.JPG,DSCF0991.JPG,6R/101MEDIA,2,Western_Leopard_Toad,0.9697,1178.5,2253.0,1431.5,2455.1
/srv/shared_leopard_toad/2024/02.10.2024/6R/101MEDIA/DSCF0058.JPG,DSCF0058.JPG,6R/101MEDIA,0,Other_Amphibian,0.2024,243.0,2.2,356.0,85.9
/srv/shared_leopard_toad/2024/02.10.2024/6R/101MEDIA/DSCF0144.JPG,DSCF0144.JPG,6R/101MEDIA,0,Other_Amphibian,0.2322,241.6,1.3,356.3,85.7
/srv/shared_leopard_toad/2024/02.10.2024/6R/101MEDIA/DSCF0904.JPG,DSCF0904.JPG,6R/101MEDIA,0,Other_Amphibian,0.2529,210.4,1.5,309.9,82.9
/srv/shared_leopard_toad/2024/02.10.2024/6R/101MEDIA/DSCF0020.JPG,DSCF0020.JPG,6R/101MEDIA,2,Western_Leopard_Toad,0.3809,704.4,2033.7,851.5,2183.3
/srv/shared_leopard_toad/2024/02.10.2024/6R/101MEDIA/DSCF0020.JPG,DSCF0020.JPG,6R/101MEDIA,0,Other_Amphibian,0.2167,704.4,2033.7,851.5,2183.3
/srv/shared_leopard_toad/2024/02.10.2024/6R/101MEDIA/DSCF0794.JPG,DSCF0794.JPG,6R/101MEDIA,0,Other_Amphibian,0.2145,209.6,3.0,308.8,86.1
/srv/shared_leopard_toad/2024/02.10.2024/6R/101MEDIA/DSCF0902.JPG,DSCF0902.JPG,6R/101MEDIA,0,Other_Amphibian,0.2712,208.1,3.5,308.3,85.9
/srv/shared_leopard_toad/2024/02.10.2024/6R/101MEDIA/DSCF0826.JPG,DSCF0826.JPG,6R/101MEDIA,0,Other_Amphibian,0.2759,207.2,1.9,310.0,83.2
/srv/shared_leopard_toad/2024/02.10.2024/6R/101MEDIA/DSCF0314.JPG,DSCF0314.JPG,6R/101MEDIA,0,Other_Amphibian,0.2074,241.1,2.7,349.5,87.0
/srv/shared_leopard_toad/2024/02.10.2024/6R/101MEDIA/DSCF0365.JPG,DSCF0365.JPG,6R/101MEDIA,0,Other_Amphibian,0.3943,244.8,2.6,349.8,90.2
/srv/shared_leopard_toad/2024/02.10.2024/6R/101MEDIA/DSCF0913.JPG,DSCF0913.JPG,6R/101MEDIA,0,Other_Amphibian,0.3293,205.0,3.0,306.6,85.4
/srv/shared_leopard_toad/2024/02.10.2024/6R/101MEDIA/DSCF0772.JPG,DSCF0772.JPG,6R/101MEDIA,0,Other_Amphibian,0.3835,207.9,1.9,304.5,87.8
/srv/shared_leopard_toad/2024/02.10.2024/6R/101MEDIA/DSCF0773.JPG,DSCF0773.JPG,6R/101MEDIA,0,Other_Amphibian,0.2150,207.6,3.1,306.0,87.7
/srv/shared_leopard_toad/2024/02.10.2024/6R/101MEDIA/DSCF0916.JPG,DSCF0916.JPG,6R/101MEDIA,0,Other_Amphibian,0.2202,209.3,2.8,306.2,88.7
/srv/shared_leopard_toad/2024/02.10.2024/6R/101MEDIA/DSCF0209.JPG,DSCF0209.JPG,6R/101MEDIA,0,Other_Amphibian,0.2197,242.5,2.5,350.9,86.2
/srv/shared_leopard_toad/2024/02.10.2024/6R/101MEDIA/DSCF0705.JPG,DSCF0705.JPG,6R/101MEDIA,0,Other_Amphibian,0.2527,207.7,2.6,308.7,84.7
/srv/shared_leopard_toad/2024/02.10.2024/6R/101MEDIA/DSCF0323.JPG,DSCF0323.JPG,6R/101MEDIA,0,Other_Amphibian,0.2251,243.0,2.5,350.5,87.2
/srv/shared_leopard_toad/2024/02.10.2024/6R/101MEDIA/DSCF0079.JPG,DSCF0079.JPG,6R/101MEDIA,0,Other_Amphibian,0.2032,238.9,2.9,353.4,87.9
/srv/shared_leopard_toad/2024/02.10.2024/6R/101MEDIA/DSCF0586.JPG,DSCF0586.JPG,6R/101MEDIA,0,Other_Amphibian,0.2705,210.9,3.7,306.4,86.0
/srv/shared_leopard_toad/2024/02.10.2024/6R/101MEDIA/DSCF0349.JPG,DSCF0349.JPG,6R/101MEDIA,0,Other_Amphibian,0.4380,241.5,1.1,351.9,87.5
/srv/shared_leopard_toad/2024/02.10.2024/6R/101MEDIA/DSCF0349.JPG,DSCF0349.JPG,6R/101MEDIA,0,Other_Amphibian,0.2290,241.0,0.6,353.6,87.8
/srv/shared_leopard_toad/2024/02.10.2024/6R/101MEDIA/DSCF0570.JPG,DSCF0570.JPG,6R/101MEDIA,0,Other_Amphibian,0.3093,205.4,1.5,310.1,85.2
/srv/shared_leopard_toad/2024/02.10.2024/6R/101MEDIA/DSCF0570.JPG,DSCF0570.JPG,6R/101MEDIA,0,Other_Amphibian,0.2493,204.2,3.0,309.4,85.3
/srv/shared_leopard_toad/2024/02.10.2024/6R/101MEDIA/DSCF0785.JPG,DSCF0785.JPG,6R/101MEDIA,0,Other_Amphibian,0.2659,206.4,2.5,303.2,84.2
/srv/shared_leopard_toad/2024/02.10.2024/6R/101MEDIA/DSCF0370.JPG,DSCF0370.JPG,6R/101MEDIA,0,Other_Amphibian,0.2712,244.0,1.6,349.5,93.2
/srv/shared_leopard_toad/2024/02.10.2024/6R/101MEDIA/DSCF0905.JPG,DSCF0905.JPG,6R/101MEDIA,0,Other_Amphibian,0.2045,208.2,2.6,310.1,86.5
/srv/shared_leopard_toad/2024/02.10.2024/6R/101MEDIA/DSCF0102.JPG,DSCF0102.JPG,6R/101MEDIA,0,Other_Amphibian,0.2372,242.1,2.8,353.6,87.6
/srv/shared_leopard_toad/2024/02.10.2024/6R/101MEDIA/DSCF0054.JPG,DSCF0054.JPG,6R/101MEDIA,0,Other_Amphibian,0.2167,242.8,1.7,349.5,84.7
/srv/shared_leopard_toad/2024/02.10.2024/6R/101MEDIA/DSCF0815.JPG,DSCF0815.JPG,6R/101MEDIA,0,Other_Amphibian,0.2869,209.6,3.4,304.8,84.3
/srv/shared_leopard_toad/2024/02.10.2024/6R/101MEDIA/DSCF0696.JPG,DSCF0696.JPG,6R/101MEDIA,0,Other_Amphibian,0.2137,205.8,2.3,307.7,85.5
/srv/shared_leopard_toad/2024/02.10.2024/6R/101MEDIA/DSCF0946.JPG,DSCF0946.JPG,6R/101MEDIA,0,Other_Amphibian,0.2074,206.9,2.1,308.6,84.6
/srv/shared_leopard_toad/2024/02.10.2024/6R/101MEDIA/DSCF0019.JPG,DSCF0019.JPG,6R/101MEDIA,2,Western_Leopard_Toad,0.4368,707.5,2031.2,855.1,2178.3
/srv/shared_leopard_toad/2024/02.10.2024/6R/101MEDIA/DSCF0019.JPG,DSCF0019.JPG,6R/101MEDIA,0,Other_Amphibian,0.2900,707.5,2031.2,855.1,2178.3
/srv/shared_leopard_toad/2024/02.10.2024/6R/101MEDIA/DSCF0162.JPG,DSCF0162.JPG,6R/101MEDIA,0,Other_Amphibian,0.2040,239.7,0.8,356.0,87.2
/srv/shared_leopard_toad/2024/02.10.2024/6R/101MEDIA/DSCF0995.JPG,DSCF0995.JPG,6R/101MEDIA,0,Other_Amphibian,0.2729,209.7,2.0,307.5,86.7
/srv/shared_leopard_toad/2024/02.10.2024/6R/101MEDIA/DSCF0297.JPG,DSCF0297.JPG,6R/101MEDIA,0,Other_Amphibian,0.3350,241.6,2.6,355.2,87.8
/srv/shared_leopard_toad/2024/02.10.2024/6R/101MEDIA/DSCF0585.JPG,DSCF0585.JPG,6R/101MEDIA,0,Other_Amphibian,0.2603,207.0,2.5,303.8,84.5
/srv/shared_leopard_toad/2024/02.10.2024/6R/101MEDIA/DSCF0228.JPG,DSCF0228.JPG,6R/101MEDIA,0,Other_Amphibian,0.2485,240.3,1.5,357.6,86.9
/srv/shared_leopard_toad/2024/02.10.2024/6R/101MEDIA/DSCF0253.JPG,DSCF0253.JPG,6R/101MEDIA,0,Other_Amphibian,0.2413,241.1,2.2,351.2,87.5
/srv/shared_leopard_toad/2024/02.10.2024/6R/101MEDIA/DSCF0329.JPG,DSCF0329.JPG,6R/101MEDIA,0,Other_Amphibian,0.2047,244.0,3.0,354.0,87.1
/srv/shared_leopard_toad/2024/02.10.2024/6R/101MEDIA/DSCF0062.JPG,DSCF0062.JPG,6R/101MEDIA,0,Other_Amphibian,0.2249,237.3,4.3,353.3,87.2
/srv/shared_leopard_toad/2024/02.10.2024/6R/101MEDIA/DSCF0975.JPG,DSCF0975.JPG,6R/101MEDIA,0,Other_Amphibian,0.4614,203.8,1.5,309.7,86.3
/srv/shared_leopard_toad/2024/02.10.2024/6R/101MEDIA/DSCF0590.JPG,DSCF0590.JPG,6R/101MEDIA,0,Other_Amphibian,0.2900,206.7,2.1,307.7,82.6
/srv/shared_leopard_toad/2024/02.10.2024/6R/101MEDIA/DSCF0573.JPG,DSCF0573.JPG,6R/101MEDIA,0,Other_Amphibian,0.2086,205.9,2.4,306.5,84.0
/srv/shared_leopard_toad/2024/02.10.2024/6R/101MEDIA/DSCF0094.JPG,DSCF0094.JPG,6R/101MEDIA,0,Other_Amphibian,0.2114,238.7,2.3,358.1,87.4
/srv/shared_leopard_toad/2024/02.10.2024/6R/101MEDIA/DSCF0047.JPG,DSCF0047.JPG,6R/101MEDIA,0,Other_Amphibian,0.2123,244.1,2.2,353.8,87.9
/srv/shared_leopard_toad/2024/02.10.2024/6R/101MEDIA/DSCF0047.JPG,DSCF0047.JPG,6R/101MEDIA,0,Other_Amphibian,0.2026,243.3,2.7,350.2,88.1
/srv/shared_leopard_toad/2024/02.10.2024/6R/101MEDIA/DSCF0664.JPG,DSCF0664.JPG,6R/101MEDIA,0,Other_Amphibian,0.2207,207.1,1.4,308.4,83.6
/srv/shared_leopard_toad/2024/02.10.2024/6R/101MEDIA/DSCF0800.JPG,DSCF0800.JPG,6R/101MEDIA,0,Other_Amphibian,0.2783,208.6,0.9,308.6,81.6
/srv/shared_leopard_toad/2024/02.10.2024/6R/101MEDIA/DSCF0331.JPG,DSCF0331.JPG,6R/101MEDIA,0,Other_Amphibian,0.2355,242.3,2.6,351.1,87.4
/srv/shared_leopard_toad/2024/02.10.2024/6R/101MEDIA/DSCF0270.JPG,DSCF0270.JPG,6R/101MEDIA,0,Other_Amphibian,0.4348,239.8,0.8,352.5,84.2
/srv/shared_leopard_toad/2024/02.10.2024/6R/101MEDIA/DSCF0009.JPG,DSCF0009.JPG,6R/101MEDIA,0,Other_Amphibian,0.2449,243.0,3.6,348.7,87.2
/srv/shared_leopard_toad/2024/02.10.2024/6R/101MEDIA/DSCF0361.JPG,DSCF0361.JPG,6R/101MEDIA,0,Other_Amphibian,0.2153,239.9,3.5,351.8,89.1
/srv/shared_leopard_toad/2024/02.10.2024/6R/101MEDIA/DSCF0513.JPG,DSCF0513.JPG,6R/101MEDIA,0,Other_Amphibian,0.2153,208.3,2.5,306.1,86.2
/srv/shared_leopard_toad/2024/02.10.2024/6R/106MEDIA/DSCF0537.JPG,DSCF0537.JPG,6R/106MEDIA,0,Other_Amphibian,0.2203,726.4,223.3,816.0,317.4
/srv/shared_leopard_toad/2024/02.10.2024/6R/106MEDIA/DSCF0541.JPG,DSCF0541.JPG,6R/106MEDIA,0,Other_Amphibian,0.2301,728.0,223.9,818.9,317.8
/srv/shared_leopard_toad/2024/02.10.2024/6R/106MEDIA/DSCF0466.JPG,DSCF0466.JPG,6R/106MEDIA,0,Other_Amphibian,0.3416,729.6,224.2,816.2,318.4
/srv/shared_leopard_toad/2024/02.10.2024/6R/106MEDIA/DSCF0911.JPG,DSCF0911.JPG,6R/106MEDIA,0,Other_Amphibian,0.3567,728.5,222.0,817.3,318.7
/srv/shared_leopard_toad/2024/02.10.2024/6R/106MEDIA/DSCF0464.JPG,DSCF0464.JPG,6R/106MEDIA,0,Other_Amphibian,0.2440,727.3,223.1,816.2,319.5
/srv/shared_leopard_toad/2024/02.10.2024/6R/106MEDIA/DSCF0922.JPG,DSCF0922.JPG,6R/106MEDIA,0,Other_Amphibian,0.2627,726.6,222.9,818.0,318.8
/srv/shared_leopard_toad/2024/02.10.2024/6R/106MEDIA/DSCF0678.JPG,DSCF0678.JPG,6R/106MEDIA,0,Other_Amphibian,0.2034,727.1,223.0,817.5,316.8
/srv/shared_leopard_toad/2024/02.10.2024/6R/106MEDIA/DSCF0774.JPG,DSCF0774.JPG,6R/106MEDIA,0,Other_Amphibian,0.2474,730.4,223.2,822.1,316.6
/srv/shared_leopard_toad/2024/02.10.2024/6R/106MEDIA/DSCF0933.JPG,DSCF0933.JPG,6R/106MEDIA,0,Other_Amphibian,0.3013,727.7,222.7,819.2,318.0
/srv/shared_leopard_toad/2024/02.10.2024/6R/106MEDIA/DSCF0650.JPG,DSCF0650.JPG,6R/106MEDIA,0,Other_Amphibian,0.2676,722.8,221.4,821.8,317.4
/srv/shared_leopard_toad/2024/02.10.2024/6R/106MEDIA/DSCF0562.JPG,DSCF0562.JPG,6R/106MEDIA,0,Other_Amphibian,0.2302,730.9,223.3,819.4,317.5
/srv/shared_leopard_toad/2024/02.10.2024/6R/106MEDIA/DSCF0512.JPG,DSCF0512.JPG,6R/106MEDIA,0,Other_Amphibian,0.2338,725.9,224.1,815.4,319.5
/srv/shared_leopard_toad/2024/02.10.2024/6R/106MEDIA/DSCF0765.JPG,DSCF0765.JPG,6R/106MEDIA,0,Other_Amphibian,0.2925,726.9,221.8,818.8,318.9
/srv/shared_leopard_toad/2024/02.10.2024/6R/106MEDIA/DSCF0594.JPG,DSCF0594.JPG,6R/106MEDIA,0,Other_Amphibian,0.2391,730.8,223.3,816.1,318.4
/srv/shared_leopard_toad/2024/02.10.2024/6R/106MEDIA/DSCF0667.JPG,DSCF0667.JPG,6R/106MEDIA,0,Other_Amphibian,0.2128,730.8,222.1,816.1,318.7
/srv/shared_leopard_toad/2024/02.10.2024/6R/106MEDIA/DSCF0565.JPG,DSCF0565.JPG,6R/106MEDIA,0,Other_Amphibian,0.3569,726.4,223.5,818.3,318.2
/srv/shared_leopard_toad/2024/02.10.2024/6R/106MEDIA/DSCF0868.JPG,DSCF0868.JPG,6R/106MEDIA,0,Other_Amphibian,0.4607,725.7,218.0,821.2,317.1
/srv/shared_leopard_toad/2024/02.10.2024/6R/106MEDIA/DSCF0668.JPG,DSCF0668.JPG,6R/106MEDIA,0,Other_Amphibian,0.2128,725.3,228.4,813.7,318.0
/srv/shared_leopard_toad/2024/02.10.2024/6R/106MEDIA/DSCF0679.JPG,DSCF0679.JPG,6R/106MEDIA,0,Other_Amphibian,0.2028,724.3,222.0,816.9,316.8
/srv/shared_leopard_toad/2024/02.10.2024/6R/106MEDIA/DSCF0640.JPG,DSCF0640.JPG,6R/106MEDIA,0,Other_Amphibian,0.2012,727.9,223.5,813.3,318.1
/srv/shared_leopard_toad/2024/02.10.2024/6R/106MEDIA/DSCF0623.JPG,DSCF0623.JPG,6R/106MEDIA,0,Other_Amphibian,0.4849,724.6,224.2,816.7,317.5
/srv/shared_leopard_toad/2024/02.10.2024/6R/106MEDIA/DSCF0734.JPG,DSCF0734.JPG,6R/106MEDIA,0,Other_Amphibian,0.2415,723.2,224.6,818.0,318.1
/srv/shared_leopard_toad/2024/02.10.2024/6R/106MEDIA/DSCF0720.JPG,DSCF0720.JPG,6R/106MEDIA,0,Other_Amphibian,0.2168,725.1,221.9,817.3,317.9
/srv/shared_leopard_toad/2024/02.10.2024/6R/106MEDIA/DSCF0341.JPG,DSCF0341.JPG,6R/106MEDIA,0,Other_Amphibian,0.3022,723.6,222.8,818.8,317.0
/srv/shared_leopard_toad/2024/02.10.2024/6R/106MEDIA/DSCF0592.JPG,DSCF0592.JPG,6R/106MEDIA,0,Other_Amphibian,0.3843,730.1,224.3,820.1,318.3
/srv/shared_leopard_toad/2024/02.10.2024/6R/106MEDIA/DSCF0393.JPG,DSCF0393.JPG,6R/106MEDIA,0,Other_Amphibian,0.2120,725.0,222.4,816.2,318.3
/srv/shared_leopard_toad/2024/02.10.2024/6R/106MEDIA/DSCF0369.JPG,DSCF0369.JPG,6R/106MEDIA,0,Other_Amphibian,0.2123,730.8,223.4,818.3,319.3
/srv/shared_leopard_toad/2024/02.10.2024/6R/106MEDIA/DSCF0549.JPG,DSCF0549.JPG,6R/106MEDIA,0,Other_Amphibian,0.2386,723.4,218.5,818.9,317.5
/srv/shared_leopard_toad/2024/02.10.2024/6R/106MEDIA/DSCF0817.JPG,DSCF0817.JPG,6R/106MEDIA,0,Other_Amphibian,0.2406,724.5,226.3,816.8,318.3
/srv/shared_leopard_toad/2024/02.10.2024/6R/106MEDIA/DSCF0476.JPG,DSCF0476.JPG,6R/106MEDIA,0,Other_Amphibian,0.2445,726.2,220.7,818.4,318.1
/srv/shared_leopard_toad/2024/02.10.2024/6R/106MEDIA/DSCF0559.JPG,DSCF0559.JPG,6R/106MEDIA,0,Other_Amphibian,0.3147,722.6,222.0,816.4,316.8
/srv/shared_leopard_toad/2024/02.10.2024/6R/106MEDIA/DSCF0368.JPG,DSCF0368.JPG,6R/106MEDIA,0,Other_Amphibian,0.2109,728.4,222.9,815.1,319.7
/srv/shared_leopard_toad/2024/02.10.2024/6R/106MEDIA/DSCF0439.JPG,DSCF0439.JPG,6R/106MEDIA,0,Other_Amphibian,0.2366,726.2,222.8,816.2,318.9
/srv/shared_leopard_toad/2024/02.10.2024/6R/106MEDIA/DSCF0755.JPG,DSCF0755.JPG,6R/106MEDIA,0,Other_Amphibian,0.2671,728.7,221.5,818.2,317.4
/srv/shared_leopard_toad/2024/02.10.2024/6R/106MEDIA/DSCF0880.JPG,DSCF0880.JPG,6R/106MEDIA,0,Other_Amphibian,0.3623,729.6,222.9,820.7,317.8
/srv/shared_leopard_toad/2024/02.10.2024/6R/106MEDIA/DSCF0938.JPG,DSCF0938.JPG,6R/106MEDIA,0,Other_Amphibian,0.4434,731.5,225.6,818.8,318.9
/srv/shared_leopard_toad/2024/02.10.2024/6R/106MEDIA/DSCF0411.JPG,DSCF0411.JPG,6R/106MEDIA,0,Other_Amphibian,0.3545,730.2,223.6,815.6,317.1
/srv/shared_leopard_toad/2024/02.10.2024/6R/106MEDIA/DSCF0923.JPG,DSCF0923.JPG,6R/106MEDIA,0,Other_Amphibian,0.2766,725.9,221.5,818.7,319.2
/srv/shared_leopard_toad/2024/02.10.2024/6R/106MEDIA/DSCF0936.JPG,DSCF0936.JPG,6R/106MEDIA,0,Other_Amphibian,0.2194,729.4,224.7,816.4,319.8
/srv/shared_leopard_toad/2024/02.10.2024/6R/106MEDIA/DSCF0730.JPG,DSCF0730.JPG,6R/106MEDIA,0,Other_Amphibian,0.2013,725.4,219.7,821.5,320.0
/srv/shared_leopard_toad/2024/02.10.2024/6R/106MEDIA/DSCF0581.JPG,DSCF0581.JPG,6R/106MEDIA,0,Other_Amphibian,0.2047,728.1,226.2,817.6,317.4
/srv/shared_leopard_toad/2024/02.10.2024/6R/106MEDIA/DSCF0851.JPG,DSCF0851.JPG,6R/106MEDIA,0,Other_Amphibian,0.3250,723.3,222.1,819.0,316.7
/srv/shared_leopard_toad/2024/02.10.2024/6R/106MEDIA/DSCF0924.JPG,DSCF0924.JPG,6R/106MEDIA,0,Other_Amphibian,0.4797,727.4,222.4,816.1,318.3
/srv/shared_leopard_toad/2024/02.10.2024/6R/106MEDIA/DSCF0944.JPG,DSCF0944.JPG,6R/106MEDIA,0,Other_Amphibian,0.5283,732.5,222.9,817.8,319.8
/srv/shared_leopard_toad/2024/02.10.2024/6R/106MEDIA/DSCF0949.JPG,DSCF0949.JPG,6R/106MEDIA,0,Other_Amphibian,0.2830,732.9,224.8,821.8,320.7
/srv/shared_leopard_toad/2024/02.10.2024/6R/106MEDIA/DSCF0736.JPG,DSCF0736.JPG,6R/106MEDIA,0,Other_Amphibian,0.2930,727.0,224.0,816.5,318.6
/srv/shared_leopard_toad/2024/02.10.2024/6R/106MEDIA/DSCF0943.JPG,DSCF0943.JPG,6R/106MEDIA,0,Other_Amphibian,0.4409,731.1,224.8,819.2,319.7
/srv/shared_leopard_toad/2024/02.10.2024/6R/106MEDIA/DSCF0873.JPG,DSCF0873.JPG,6R/106MEDIA,0,Other_Amphibian,0.2301,726.5,223.4,819.3,318.3
/srv/shared_leopard_toad/2024/02.10.2024/6R/106MEDIA/DSCF0505.JPG,DSCF0505.JPG,6R/106MEDIA,0,Other_Amphibian,0.2844,728.9,220.1,818.0,316.8
/srv/shared_leopard_toad/2024/02.10.2024/6R/106MEDIA/DSCF0672.JPG,DSCF0672.JPG,6R/106MEDIA,0,Other_Amphibian,0.3306,725.9,221.8,818.7,318.0
/srv/shared_leopard_toad/2024/02.10.2024/6R/106MEDIA/DSCF0426.JPG,DSCF0426.JPG,6R/106MEDIA,0,Other_Amphibian,0.2644,723.7,222.5,818.6,317.3
/srv/shared_leopard_toad/2024/02.10.2024/6R/106MEDIA/DSCF0509.JPG,DSCF0509.JPG,6R/106MEDIA,0,Other_Amphibian,0.2001,724.4,222.6,816.9,318.1
/srv/shared_leopard_toad/2024/02.10.2024/6R/106MEDIA/DSCF0781.JPG,DSCF0781.JPG,6R/106MEDIA,0,Other_Amphibian,0.2085,724.4,221.3,820.2,318.5
/srv/shared_leopard_toad/2024/02.10.2024/6R/106MEDIA/DSCF0634.JPG,DSCF0634.JPG,6R/106MEDIA,0,Other_Amphibian,0.2274,728.1,224.2,818.8,319.4
/srv/shared_leopard_toad/2024/02.10.2024/6R/106MEDIA/DSCF0896.JPG,DSCF0896.JPG,6R/106MEDIA,0,Other_Amphibian,0.2428,730.5,222.0,819.7,318.7
/srv/shared_leopard_toad/2024/02.10.2024/6R/106MEDIA/DSCF0925.JPG,DSCF0925.JPG,6R/106MEDIA,0,Other_Amphibian,0.3464,730.6,224.4,816.3,319.2
/srv/shared_leopard_toad/2024/02.10.2024/6R/106MEDIA/DSCF0155.JPG,DSCF0155.JPG,6R/106MEDIA,0,Other_Amphibian,0.2871,728.6,226.2,817.1,317.4
/srv/shared_leopard_toad/2024/02.10.2024/6R/106MEDIA/DSCF0661.JPG,DSCF0661.JPG,6R/106MEDIA,0,Other_Amphibian,0.2203,730.4,221.9,819.9,318.8
/srv/shared_leopard_toad/2024/02.10.2024/6R/106MEDIA/DSCF0508.JPG,DSCF0508.JPG,6R/106MEDIA,0,Other_Amphibian,0.2124,725.0,222.9,818.5,316.9
/srv/shared_leopard_toad/2024/02.10.2024/6R/106MEDIA/DSCF0556.JPG,DSCF0556.JPG,6R/106MEDIA,0,Other_Amphibian,0.4070,728.1,222.8,817.7,318.9
/srv/shared_leopard_toad/2024/02.10.2024/6R/106MEDIA/DSCF0864.JPG,DSCF0864.JPG,6R/106MEDIA,0,Other_Amphibian,0.3018,727.4,222.2,819.5,318.6
/srv/shared_leopard_toad/2024/02.10.2024/6R/106MEDIA/DSCF0697.JPG,DSCF0697.JPG,6R/106MEDIA,0,Other_Amphibian,0.2034,724.0,221.3,819.5,317.5
/srv/shared_leopard_toad/2024/02.10.2024/6R/106MEDIA/DSCF0761.JPG,DSCF0761.JPG,6R/106MEDIA,0,Other_Amphibian,0.2246,724.9,224.5,814.1,318.2
/srv/shared_leopard_toad/2024/02.10.2024/6R/106MEDIA/DSCF0833.JPG,DSCF0833.JPG,6R/106MEDIA,0,Other_Amphibian,0.2434,723.4,227.2,815.6,316.4
/srv/shared_leopard_toad/2024/02.10.2024/6R/106MEDIA/DSCF0945.JPG,DSCF0945.JPG,6R/106MEDIA,0,Other_Amphibian,0.2666,728.1,225.3,817.6,319.2
/srv/shared_leopard_toad/2024/02.10.2024/6R/106MEDIA/DSCF0653.JPG,DSCF0653.JPG,6R/106MEDIA,0,Other_Amphibian,0.2727,725.0,222.3,820.7,316.5
/srv/shared_leopard_toad/2024/02.10.2024/6R/106MEDIA/DSCF0848.JPG,DSCF0848.JPG,6R/106MEDIA,0,Other_Amphibian,0.5215,726.8,222.0,816.7,316.8
/srv/shared_leopard_toad/2024/02.10.2024/6R/106MEDIA/DSCF0504.JPG,DSCF0504.JPG,6R/106MEDIA,0,Other_Amphibian,0.2015,726.0,223.0,820.8,317.8
/srv/shared_leopard_toad/2024/02.10.2024/6R/106MEDIA/DSCF0861.JPG,DSCF0861.JPG,6R/106MEDIA,0,Other_Amphibian,0.2520,725.1,224.4,815.0,317.3
/srv/shared_leopard_toad/2024/02.10.2024/6R/106MEDIA/DSCF0648.JPG,DSCF0648.JPG,6R/106MEDIA,0,Other_Amphibian,0.2168,727.3,219.3,821.8,318.6
/srv/shared_leopard_toad/2024/02.10.2024/6R/106MEDIA/DSCF0731.JPG,DSCF0731.JPG,6R/106MEDIA,0,Other_Amphibian,0.2383,723.5,223.1,817.7,318.6
/srv/shared_leopard_toad/2024/02.10.2024/6R/106MEDIA/DSCF0898.JPG,DSCF0898.JPG,6R/106MEDIA,0,Other_Amphibian,0.3567,724.1,224.8,814.9,317.8
/srv/shared_leopard_toad/2024/02.10.2024/6R/106MEDIA/DSCF0582.JPG,DSCF0582.JPG,6R/106MEDIA,0,Other_Amphibian,0.2397,727.7,224.1,824.8,317.6
/srv/shared_leopard_toad/2024/02.10.2024/6R/106MEDIA/DSCF0716.JPG,DSCF0716.JPG,6R/106MEDIA,0,Other_Amphibian,0.2352,724.5,223.1,815.6,317.7
/srv/shared_leopard_toad/2024/02.10.2024/6R/106MEDIA/DSCF0931.JPG,DSCF0931.JPG,6R/106MEDIA,0,Other_Amphibian,0.2759,729.9,223.7,816.9,317.9
/srv/shared_leopard_toad/2024/02.10.2024/6R/106MEDIA/DSCF0378.JPG,DSCF0378.JPG,6R/106MEDIA,0,Other_Amphibian,0.2076,726.9,224.6,822.2,316.2
/srv/shared_leopard_toad/2024/02.10.2024/6R/106MEDIA/DSCF0704.JPG,DSCF0704.JPG,6R/106MEDIA,0,Other_Amphibian,0.2277,730.8,221.3,820.6,317.5
/srv/shared_leopard_toad/2024/02.10.2024/6R/106MEDIA/DSCF0875.JPG,DSCF0875.JPG,6R/106MEDIA,0,Other_Amphibian,0.4177,727.4,221.4,822.9,316.5
/srv/shared_leopard_toad/2024/02.10.2024/6R/106MEDIA/DSCF0576.JPG,DSCF0576.JPG,6R/106MEDIA,0,Other_Amphibian,0.2751,726.9,222.6,814.4,318.2
/srv/shared_leopard_toad/2024/02.10.2024/6R/106MEDIA/DSCF0856.JPG,DSCF0856.JPG,6R/106MEDIA,0,Other_Amphibian,0.2179,728.3,221.0,818.6,317.8
/srv/shared_leopard_toad/2024/02.10.2024/6R/106MEDIA/DSCF0252.JPG,DSCF0252.JPG,6R/106MEDIA,0,Other_Amphibian,0.2944,726.6,222.7,818.0,317.1
/srv/shared_leopard_toad/2024/02.10.2024/6R/106MEDIA/DSCF0396.JPG,DSCF0396.JPG,6R/106MEDIA,0,Other_Amphibian,0.3025,728.7,221.1,820.4,317.7
/srv/shared_leopard_toad/2024/02.10.2024/6R/106MEDIA/DSCF0788.JPG,DSCF0788.JPG,6R/106MEDIA,0,Other_Amphibian,0.2974,724.9,223.6,818.6,319.1
/srv/shared_leopard_toad/2024/02.10.2024/6R/106MEDIA/DSCF0721.JPG,DSCF0721.JPG,6R/106MEDIA,0,Other_Amphibian,0.2274,728.3,223.5,815.2,317.2
/srv/shared_leopard_toad/2024/02.10.2024/6R/106MEDIA/DSCF0683.JPG,DSCF0683.JPG,6R/106MEDIA,0,Other_Amphibian,0.3230,728.8,221.1,820.3,316.8
/srv/shared_leopard_toad/2024/02.10.2024/6R/106MEDIA/DSCF0888.JPG,DSCF0888.JPG,6R/106MEDIA,0,Other_Amphibian,0.3398,728.2,223.9,813.1,318.7
/srv/shared_leopard_toad/2024/02.10.2024/6R/106MEDIA/DSCF0872.JPG,DSCF0872.JPG,6R/106MEDIA,0,Other_Amphibian,0.2522,726.5,223.6,819.3,318.1
/srv/shared_leopard_toad/2024/02.10.2024/6R/106MEDIA/DSCF0892.JPG,DSCF0892.JPG,6R/106MEDIA,0,Other_Amphibian,0.3113,727.0,222.8,818.8,317.9
/srv/shared_leopard_toad/2024/02.10.2024/6R/106MEDIA/DSCF0890.JPG,DSCF0890.JPG,6R/106MEDIA,0,Other_Amphibian,0.3020,724.8,225.2,815.3,317.5
/srv/shared_leopard_toad/2024/02.10.2024/6R/106MEDIA/DSCF0655.JPG,DSCF0655.JPG,6R/106MEDIA,0,Other_Amphibian,0.2158,729.8,224.0,826.1,318.6
/srv/shared_leopard_toad/2024/02.10.2024/6R/106MEDIA/DSCF0750.JPG,DSCF0750.JPG,6R/106MEDIA,0,Other_Amphibian,0.2766,722.8,221.3,817.3,318.5
/srv/shared_leopard_toad/2024/02.10.2024/6R/106MEDIA/DSCF0363.JPG,DSCF0363.JPG,6R/106MEDIA,0,Other_Amphibian,0.2280,724.3,226.1,815.8,318.4
/srv/shared_leopard_toad/2024/02.10.2024/6R/106MEDIA/DSCF0823.JPG,DSCF0823.JPG,6R/106MEDIA,0,Other_Amphibian,0.2935,726.2,221.0,817.3,317.8
/srv/shared_leopard_toad/2024/02.10.2024/6R/106MEDIA/DSCF0820.JPG,DSCF0820.JPG,6R/106MEDIA,0,Other_Amphibian,0.2021,727.7,221.0,814.7,319.8
/srv/shared_leopard_toad/2024/02.10.2024/6R/106MEDIA/DSCF0782.JPG,DSCF0782.JPG,6R/106MEDIA,0,Other_Amphibian,0.2061,722.0,220.9,819.3,317.0
/srv/shared_leopard_toad/2024/02.10.2024/6R/106MEDIA/DSCF0421.JPG,DSCF0421.JPG,6R/106MEDIA,0,Other_Amphibian,0.2247,722.0,220.9,817.0,318.0
/srv/shared_leopard_toad/2024/02.10.2024/6R/106MEDIA/DSCF0907.JPG,DSCF0907.JPG,6R/106MEDIA,0,Other_Amphibian,0.2482,726.8,222.7,820.1,318.0
/srv/shared_leopard_toad/2024/02.10.2024/6R/106MEDIA/DSCF0533.JPG,DSCF0533.JPG,6R/106MEDIA,0,Other_Amphibian,0.2184,728.8,224.4,816.9,319.2
/srv/shared_leopard_toad/2024/02.10.2024/6R/106MEDIA/DSCF0503.JPG,DSCF0503.JPG,6R/106MEDIA,0,Other_Amphibian,0.2382,731.4,222.6,817.7,318.1
/srv/shared_leopard_toad/2024/02.10.2024/6R/106MEDIA/DSCF0483.JPG,DSCF0483.JPG,6R/106MEDIA,0,Other_Amphibian,0.2881,728.1,223.5,817.6,319.1
/srv/shared_leopard_toad/2024/02.10.2024/6R/106MEDIA/DSCF0937.JPG,DSCF0937.JPG,6R/106MEDIA,0,Other_Amphibian,0.2725,728.1,224.7,816.5,319.8
/srv/shared_leopard_toad/2024/02.10.2024/6R/106MEDIA/DSCF0686.JPG,DSCF0686.JPG,6R/106MEDIA,0,Other_Amphibian,0.2106,728.1,221.8,818.8,318.0
/srv/shared_leopard_toad/2024/02.10.2024/6R/106MEDIA/DSCF0790.JPG,DSCF0790.JPG,6R/106MEDIA,0,Other_Amphibian,0.2235,724.8,223.9,817.6,318.8
/srv/shared_leopard_toad/2024/02.10.2024/6R/106MEDIA/DSCF0482.JPG,DSCF0482.JPG,6R/106MEDIA,0,Other_Amphibian,0.2042,727.8,222.4,819.0,318.4
/srv/shared_leopard_toad/2024/02.10.2024/6R/106MEDIA/DSCF0805.JPG,DSCF0805.JPG,6R/106MEDIA,0,Other_Amphibian,0.2139,723.6,222.2,816.5,317.6
/srv/shared_leopard_toad/2024/02.10.2024/6R/106MEDIA/DSCF0867.JPG,DSCF0867.JPG,6R/106MEDIA,0,Other_Amphibian,0.2720,723.0,223.7,818.3,316.1
/srv/shared_leopard_toad/2024/02.10.2024/6R/106MEDIA/DSCF0660.JPG,DSCF0660.JPG,6R/106MEDIA,0,Other_Amphibian,0.2240,726.8,223.4,817.8,318.3
/srv/shared_leopard_toad/2024/02.10.2024/6R/106MEDIA/DSCF0942.JPG,DSCF0942.JPG,6R/106MEDIA,0,Other_Amphibian,0.5024,734.4,225.3,818.1,319.2
/srv/shared_leopard_toad/2024/02.10.2024/6R/106MEDIA/DSCF0742.JPG,DSCF0742.JPG,6R/106MEDIA,0,Other_Amphibian,0.2306,725.2,222.0,818.3,318.7
/srv/shared_leopard_toad/2024/02.10.2024/6R/106MEDIA/DSCF0841.JPG,DSCF0841.JPG,6R/106MEDIA,0,Other_Amphibian,0.2222,727.5,224.0,816.0,318.6
/srv/shared_leopard_toad/2024/02.10.2024/6R/106MEDIA/DSCF0551.JPG,DSCF0551.JPG,6R/106MEDIA,0,Other_Amphibian,0.2607,728.7,220.8,820.4,319.0
/srv/shared_leopard_toad/2024/02.10.2024/6R/106MEDIA/DSCF0748.JPG,DSCF0748.JPG,6R/106MEDIA,0,Other_Amphibian,0.2388,730.5,221.5,818.6,317.4
/srv/shared_leopard_toad/2024/02.10.2024/6R/106MEDIA/DSCF0816.JPG,DSCF0816.JPG,6R/106MEDIA,0,Other_Amphibian,0.2593,726.0,221.0,820.9,317.9
/srv/shared_leopard_toad/2024/02.10.2024/6R/106MEDIA/DSCF0940.JPG,DSCF0940.JPG,6R/106MEDIA,0,Other_Amphibian,0.2751,731.2,223.8,819.0,319.8
/srv/shared_leopard_toad/2024/02.10.2024/6R/106MEDIA/DSCF0778.JPG,DSCF0778.JPG,6R/106MEDIA,0,Other_Amphibian,0.4275,727.1,222.6,814.1,318.1
/srv/shared_leopard_toad/2024/02.10.2024/6R/106MEDIA/DSCF0883.JPG,DSCF0883.JPG,6R/106MEDIA,0,Other_Amphibian,0.3286,725.6,221.7,820.2,318.1
/srv/shared_leopard_toad/2024/02.10.2024/6R/106MEDIA/DSCF0826.JPG,DSCF0826.JPG,6R/106MEDIA,0,Other_Amphibian,0.2372,730.9,223.5,819.4,319.1
/srv/shared_leopard_toad/2024/02.10.2024/6R/106MEDIA/DSCF0811.JPG,DSCF0811.JPG,6R/106MEDIA,0,Other_Amphibian,0.2163,726.2,222.4,819.5,318.3
/srv/shared_leopard_toad/2024/02.10.2024/6R/106MEDIA/DSCF0625.JPG,DSCF0625.JPG,6R/106MEDIA,0,Other_Amphibian,0.2666,728.2,222.6,815.3,318.1
/srv/shared_leopard_toad/2024/02.10.2024/6R/106MEDIA/DSCF0909.JPG,DSCF0909.JPG,6R/106MEDIA,0,Other_Amphibian,0.2627,729.5,222.9,819.6,319.7
/srv/shared_leopard_toad/2024/02.10.2024/6R/106MEDIA/DSCF0840.JPG,DSCF0840.JPG,6R/106MEDIA,0,Other_Amphibian,0.2124,726.4,223.1,820.5,317.7
/srv/shared_leopard_toad/2024/02.10.2024/6R/106MEDIA/DSCF0760.JPG,DSCF0760.JPG,6R/106MEDIA,0,Other_Amphibian,0.2893,729.0,219.3,823.5,316.7
/srv/shared_leopard_toad/2024/02.10.2024/6R/106MEDIA/DSCF0588.JPG,DSCF0588.JPG,6R/106MEDIA,0,Other_Amphibian,0.3169,724.3,220.7,818.1,318.1
/srv/shared_leopard_toad/2024/02.10.2024/6R/106MEDIA/DSCF0889.JPG,DSCF0889.JPG,6R/106MEDIA,0,Other_Amphibian,0.2021,720.5,225.7,819.7,317.9
/srv/shared_leopard_toad/2024/02.10.2024/6R/106MEDIA/DSCF0365.JPG,DSCF0365.JPG,6R/106MEDIA,0,Other_Amphibian,0.2786,729.9,223.3,814.7,318.4
/srv/shared_leopard_toad/2024/02.10.2024/6R/106MEDIA/DSCF0693.JPG,DSCF0693.JPG,6R/106MEDIA,0,Other_Amphibian,0.2749,728.2,224.7,816.5,317.0
/srv/shared_leopard_toad/2024/02.10.2024/6R/106MEDIA/DSCF0947.JPG,DSCF0947.JPG,6R/106MEDIA,0,Other_Amphibian,0.3584,737.1,225.2,823.3,319.4
/srv/shared_leopard_toad/2024/02.10.2024/6R/106MEDIA/DSCF0844.JPG,DSCF0844.JPG,6R/106MEDIA,0,Other_Amphibian,0.3489,724.4,218.5,817.9,318.4
/srv/shared_leopard_toad/2024/02.10.2024/6R/106MEDIA/DSCF0824.JPG,DSCF0824.JPG,6R/106MEDIA,0,Other_Amphibian,0.2113,723.9,222.1,816.2,317.7
/srv/shared_leopard_toad/2024/02.10.2024/6R/106MEDIA/DSCF0886.JPG,DSCF0886.JPG,6R/106MEDIA,0,Other_Amphibian,0.2576,726.3,225.2,819.5,317.4
/srv/shared_leopard_toad/2024/02.10.2024/6R/106MEDIA/DSCF0773.JPG,DSCF0773.JPG,6R/106MEDIA,0,Other_Amphibian,0.2032,728.4,224.0,820.7,317.7
/srv/shared_leopard_toad/2024/02.10.2024/6R/106MEDIA/DSCF0849.JPG,DSCF0849.JPG,6R/106MEDIA,0,Other_Amphibian,0.2712,726.1,221.3,818.5,318.5
/srv/shared_leopard_toad/2024/02.10.2024/6R/106MEDIA/DSCF0916.JPG,DSCF0916.JPG,6R/106MEDIA,0,Other_Amphibian,0.4543,725.4,225.6,813.6,317.9
/srv/shared_leopard_toad/2024/02.10.2024/6R/106MEDIA/DSCF0685.JPG,DSCF0685.JPG,6R/106MEDIA,0,Other_Amphibian,0.2020,724.6,222.4,821.2,317.4
/srv/shared_leopard_toad/2024/02.10.2024/6R/106MEDIA/DSCF0550.JPG,DSCF0550.JPG,6R/106MEDIA,0,Other_Amphibian,0.2189,728.6,223.1,820.5,317.7
/srv/shared_leopard_toad/2024/02.10.2024/6R/106MEDIA/DSCF0626.JPG,DSCF0626.JPG,6R/106MEDIA,0,Other_Amphibian,0.3755,725.5,221.7,814.6,317.2
/srv/shared_leopard_toad/2024/02.10.2024/6R/106MEDIA/DSCF0839.JPG,DSCF0839.JPG,6R/106MEDIA,0,Other_Amphibian,0.2507,724.5,224.6,817.8,318.1
/srv/shared_leopard_toad/2024/02.10.2024/6R/106MEDIA/DSCF0690.JPG,DSCF0690.JPG,6R/106MEDIA,0,Other_Amphibian,0.2181,726.6,219.5,816.9,317.4
/srv/shared_leopard_toad/2024/02.10.2024/6R/106MEDIA/DSCF0918.JPG,DSCF0918.JPG,6R/106MEDIA,0,Other_Amphibian,0.2205,729.7,223.6,815.0,319.1
/srv/shared_leopard_toad/2024/02.10.2024/6R/106MEDIA/DSCF0801.JPG,DSCF0801.JPG,6R/106MEDIA,0,Other_Amphibian,0.2500,725.7,221.5,818.9,317.4
/srv/shared_leopard_toad/2024/02.10.2024/6R/106MEDIA/DSCF0813.JPG,DSCF0813.JPG,6R/106MEDIA,0,Other_Amphibian,0.3201,725.0,225.4,816.2,320.1
/srv/shared_leopard_toad/2024/02.10.2024/6R/106MEDIA/DSCF0319.JPG,DSCF0319.JPG,6R/106MEDIA,0,Other_Amphibian,0.2029,720.5,219.2,818.5,317.8
/srv/shared_leopard_toad/2024/02.10.2024/6R/106MEDIA/DSCF0876.JPG,DSCF0876.JPG,6R/106MEDIA,0,Other_Amphibian,0.3401,728.8,222.7,820.3,318.0
/srv/shared_leopard_toad/2024/02.10.2024/6R/106MEDIA/DSCF0901.JPG,DSCF0901.JPG,6R/106MEDIA,0,Other_Amphibian,0.2163,719.8,219.0,820.3,317.9
/srv/shared_leopard_toad/2024/02.10.2024/6R/106MEDIA/DSCF0542.JPG,DSCF0542.JPG,6R/106MEDIA,0,Other_Amphibian,0.3521,724.8,226.5,817.6,318.1
/srv/shared_leopard_toad/2024/02.10.2024/6R/106MEDIA/DSCF0708.JPG,DSCF0708.JPG,6R/106MEDIA,0,Other_Amphibian,0.2397,725.5,222.3,816.9,317.5
/srv/shared_leopard_toad/2024/02.10.2024/6R/106MEDIA/DSCF0469.JPG,DSCF0469.JPG,6R/106MEDIA,0,Other_Amphibian,0.3196,727.9,222.4,814.5,319.3
/srv/shared_leopard_toad/2024/02.10.2024/6R/106MEDIA/DSCF0804.JPG,DSCF0804.JPG,6R/106MEDIA,0,Other_Amphibian,0.2474,726.9,221.9,820.0,318.8
/srv/shared_leopard_toad/2024/02.10.2024/6R/106MEDIA/DSCF0915.JPG,DSCF0915.JPG,6R/106MEDIA,0,Other_Amphibian,0.2269,725.4,222.2,820.3,317.6
/srv/shared_leopard_toad/2024/02.10.2024/6R/106MEDIA/DSCF0627.JPG,DSCF0627.JPG,6R/106MEDIA,0,Other_Amphibian,0.2048,728.8,223.0,816.9,318.7
/srv/shared_leopard_toad/2024/02.10.2024/6R/106MEDIA/DSCF0425.JPG,DSCF0425.JPG,6R/106MEDIA,0,Other_Amphibian,0.2712,731.4,224.2,817.7,317.5
/srv/shared_leopard_toad/2024/02.10.2024/6R/106MEDIA/DSCF0420.JPG,DSCF0420.JPG,6R/106MEDIA,0,Other_Amphibian,0.2142,729.1,225.5,816.6,318.1
/srv/shared_leopard_toad/2024/02.10.2024/6R/106MEDIA/DSCF0398.JPG,DSCF0398.JPG,6R/106MEDIA,0,Other_Amphibian,0.2090,727.5,223.3,816.0,315.6
/srv/shared_leopard_toad/2024/02.10.2024/6R/106MEDIA/DSCF0540.JPG,DSCF0540.JPG,6R/106MEDIA,0,Other_Amphibian,0.2366,725.4,221.4,820.3,318.3
/srv/shared_leopard_toad/2024/02.10.2024/6R/106MEDIA/DSCF0828.JPG,DSCF0828.JPG,6R/106MEDIA,0,Other_Amphibian,0.2800,729.7,224.3,822.8,317.4
/srv/shared_leopard_toad/2024/02.10.2024/6R/106MEDIA/DSCF0555.JPG,DSCF0555.JPG,6R/106MEDIA,0,Other_Amphibian,0.3728,722.7,221.4,817.5,315.6
/srv/shared_leopard_toad/2024/02.10.2024/6R/106MEDIA/DSCF0695.JPG,DSCF0695.JPG,6R/106MEDIA,0,Other_Amphibian,0.2422,730.3,222.4,818.8,318.3
/srv/shared_leopard_toad/2024/02.10.2024/6R/106MEDIA/DSCF0869.JPG,DSCF0869.JPG,6R/106MEDIA,0,Other_Amphibian,0.2363,724.3,220.2,818.1,317.7
/srv/shared_leopard_toad/2024/02.10.2024/6R/106MEDIA/DSCF0710.JPG,DSCF0710.JPG,6R/106MEDIA,0,Other_Amphibian,0.3254,722.4,219.9,816.6,319.0
/srv/shared_leopard_toad/2024/02.10.2024/6R/106MEDIA/DSCF0863.JPG,DSCF0863.JPG,6R/106MEDIA,0,Other_Amphibian,0.3198,724.6,223.1,818.9,317.7
/srv/shared_leopard_toad/2024/02.10.2024/6R/106MEDIA/DSCF0128.JPG,DSCF0128.JPG,6R/106MEDIA,0,Other_Amphibian,0.2426,727.9,225.4,821.2,320.0
/srv/shared_leopard_toad/2024/02.10.2024/6R/106MEDIA/DSCF0703.JPG,DSCF0703.JPG,6R/106MEDIA,0,Other_Amphibian,0.3015,724.0,223.9,817.2,316.8
/srv/shared_leopard_toad/2024/02.10.2024/6R/106MEDIA/DSCF0779.JPG,DSCF0779.JPG,6R/106MEDIA,0,Other_Amphibian,0.2849,723.7,217.4,820.9,318.6
/srv/shared_leopard_toad/2024/02.10.2024/6R/106MEDIA/DSCF0881.JPG,DSCF0881.JPG,6R/106MEDIA,0,Other_Amphibian,0.2852,720.7,224.3,812.6,316.4
/srv/shared_leopard_toad/2024/02.10.2024/6R/106MEDIA/DSCF0958.JPG,DSCF0958.JPG,6R/106MEDIA,0,Other_Amphibian,0.2581,730.9,225.3,822.7,322.1
/srv/shared_leopard_toad/2024/02.10.2024/6R/106MEDIA/DSCF0375.JPG,DSCF0375.JPG,6R/106MEDIA,0,Other_Amphibian,0.2874,722.6,223.7,818.6,319.0
/srv/shared_leopard_toad/2024/02.10.2024/6R/106MEDIA/DSCF0887.JPG,DSCF0887.JPG,6R/106MEDIA,0,Other_Amphibian,0.3098,722.6,222.8,816.4,317.9
/srv/shared_leopard_toad/2024/02.10.2024/6R/106MEDIA/DSCF0521.JPG,DSCF0521.JPG,6R/106MEDIA,0,Other_Amphibian,0.3005,725.0,223.4,815.1,317.3
/srv/shared_leopard_toad/2024/02.10.2024/6R/106MEDIA/DSCF0535.JPG,DSCF0535.JPG,6R/106MEDIA,0,Other_Amphibian,0.2054,728.1,223.1,822.2,318.6
/srv/shared_leopard_toad/2024/02.10.2024/6R/106MEDIA/DSCF0787.JPG,DSCF0787.JPG,6R/106MEDIA,0,Other_Amphibian,0.2108,723.6,223.4,819.9,317.3
/srv/shared_leopard_toad/2024/02.10.2024/6R/106MEDIA/DSCF0756.JPG,DSCF0756.JPG,6R/106MEDIA,0,Other_Amphibian,0.2776,729.0,225.6,817.8,318.0
/srv/shared_leopard_toad/2024/02.10.2024/6R/106MEDIA/DSCF0674.JPG,DSCF0674.JPG,6R/106MEDIA,0,Other_Amphibian,0.2026,729.6,221.4,819.6,318.3
/srv/shared_leopard_toad/2024/02.10.2024/6R/106MEDIA/DSCF0120.JPG,DSCF0120.JPG,6R/106MEDIA,0,Other_Amphibian,0.2455,726.8,221.9,819.0,317.9
/srv/shared_leopard_toad/2024/02.10.2024/6R/106MEDIA/DSCF0255.JPG,DSCF0255.JPG,6R/106MEDIA,0,Other_Amphibian,0.2283,728.1,224.3,818.8,319.3
/srv/shared_leopard_toad/2024/02.10.2024/6R/106MEDIA/DSCF0814.JPG,DSCF0814.JPG,6R/106MEDIA,0,Other_Amphibian,0.2360,724.1,222.0,821.6,316.9
/srv/shared_leopard_toad/2024/02.10.2024/6R/106MEDIA/DSCF0698.JPG,DSCF0698.JPG,6R/106MEDIA,0,Other_Amphibian,0.4451,725.2,221.8,817.1,316.1
/srv/shared_leopard_toad/2024/02.10.2024/6R/106MEDIA/DSCF0330.JPG,DSCF0330.JPG,6R/106MEDIA,0,Other_Amphibian,0.2139,723.1,226.6,817.0,317.0
/srv/shared_leopard_toad/2024/02.10.2024/6R/106MEDIA/DSCF0743.JPG,DSCF0743.JPG,6R/106MEDIA,0,Other_Amphibian,0.3413,726.4,222.2,819.4,317.6
/srv/shared_leopard_toad/2024/02.10.2024/6R/106MEDIA/DSCF0437.JPG,DSCF0437.JPG,6R/106MEDIA,0,Other_Amphibian,0.2140,726.3,223.1,819.5,317.7
/srv/shared_leopard_toad/2024/02.10.2024/6R/106MEDIA/DSCF0694.JPG,DSCF0694.JPG,6R/106MEDIA,0,Other_Amphibian,0.2352,727.3,223.5,818.4,318.1
/srv/shared_leopard_toad/2024/02.10.2024/6R/106MEDIA/DSCF0905.JPG,DSCF0905.JPG,6R/106MEDIA,0,Other_Amphibian,0.2222,726.4,223.9,818.2,318.7
/srv/shared_leopard_toad/2024/02.10.2024/6R/106MEDIA/DSCF0932.JPG,DSCF0932.JPG,6R/106MEDIA,0,Other_Amphibian,0.4126,729.4,222.6,819.7,320.0
/srv/shared_leopard_toad/2024/02.10.2024/6R/106MEDIA/DSCF0928.JPG,DSCF0928.JPG,6R/106MEDIA,0,Other_Amphibian,0.3074,726.7,221.8,817.9,317.1
/srv/shared_leopard_toad/2024/02.10.2024/6R/106MEDIA/DSCF0770.JPG,DSCF0770.JPG,6R/106MEDIA,0,Other_Amphibian,0.2993,725.1,222.8,816.2,317.0
/srv/shared_leopard_toad/2024/02.10.2024/6R/106MEDIA/DSCF0696.JPG,DSCF0696.JPG,6R/106MEDIA,0,Other_Amphibian,0.2627,726.5,220.1,814.8,317.8
/srv/shared_leopard_toad/2024/02.10.2024/6R/106MEDIA/DSCF0946.JPG,DSCF0946.JPG,6R/106MEDIA,0,Other_Amphibian,0.2355,730.5,224.6,819.7,321.8
/srv/shared_leopard_toad/2024/02.10.2024/6R/106MEDIA/DSCF0415.JPG,DSCF0415.JPG,6R/106MEDIA,0,Other_Amphibian,0.2213,724.7,221.0,821.1,319.8
/srv/shared_leopard_toad/2024/02.10.2024/6R/106MEDIA/DSCF0806.JPG,DSCF0806.JPG,6R/106MEDIA,0,Other_Amphibian,0.2048,723.6,223.3,818.8,317.4
/srv/shared_leopard_toad/2024/02.10.2024/6R/106MEDIA/DSCF0552.JPG,DSCF0552.JPG,6R/106MEDIA,0,Other_Amphibian,0.2673,729.6,222.5,821.7,320.2
/srv/shared_leopard_toad/2024/02.10.2024/6R/106MEDIA/DSCF0818.JPG,DSCF0818.JPG,6R/106MEDIA,0,Other_Amphibian,0.3140,729.3,222.6,819.8,318.1
/srv/shared_leopard_toad/2024/02.10.2024/6R/106MEDIA/DSCF0452.JPG,DSCF0452.JPG,6R/106MEDIA,0,Other_Amphibian,0.2578,727.1,222.6,819.7,318.1
/srv/shared_leopard_toad/2024/02.10.2024/6R/106MEDIA/DSCF0952.JPG,DSCF0952.JPG,6R/106MEDIA,0,Other_Amphibian,0.2993,730.9,223.0,825.0,321.5
/srv/shared_leopard_toad/2024/02.10.2024/6R/106MEDIA/DSCF0797.JPG,DSCF0797.JPG,6R/106MEDIA,0,Other_Amphibian,0.2445,729.1,224.5,817.8,317.2
/srv/shared_leopard_toad/2024/02.10.2024/6R/106MEDIA/DSCF0665.JPG,DSCF0665.JPG,6R/106MEDIA,0,Other_Amphibian,0.2034,727.8,224.1,821.3,317.6
/srv/shared_leopard_toad/2024/02.10.2024/6R/106MEDIA/DSCF0630.JPG,DSCF0630.JPG,6R/106MEDIA,0,Other_Amphibian,0.3616,726.4,220.4,818.2,319.4
/srv/shared_leopard_toad/2024/02.10.2024/6R/106MEDIA/DSCF0776.JPG,DSCF0776.JPG,6R/106MEDIA,0,Other_Amphibian,0.2803,723.4,220.7,818.9,317.2
/srv/shared_leopard_toad/2024/02.10.2024/6R/106MEDIA/DSCF0897.JPG,DSCF0897.JPG,6R/106MEDIA,0,Other_Amphibian,0.2915,724.9,221.1,815.2,317.7
/srv/shared_leopard_toad/2024/02.10.2024/6R/106MEDIA/DSCF0793.JPG,DSCF0793.JPG,6R/106MEDIA,0,Other_Amphibian,0.2399,727.3,225.8,823.0,317.8
/srv/shared_leopard_toad/2024/02.10.2024/6R/106MEDIA/DSCF0859.JPG,DSCF0859.JPG,6R/106MEDIA,0,Other_Amphibian,0.2710,725.4,219.9,819.2,318.9
/srv/shared_leopard_toad/2024/02.10.2024/6R/106MEDIA/DSCF0919.JPG,DSCF0919.JPG,6R/106MEDIA,0,Other_Amphibian,0.2108,725.1,224.3,820.6,319.3
/srv/shared_leopard_toad/2024/02.10.2024/6R/106MEDIA/DSCF0578.JPG,DSCF0578.JPG,6R/106MEDIA,0,Other_Amphibian,0.2866,725.0,222.4,815.1,317.4
/srv/shared_leopard_toad/2024/02.10.2024/6R/106MEDIA/DSCF0847.JPG,DSCF0847.JPG,6R/106MEDIA,0,Other_Amphibian,0.4573,726.4,224.2,820.5,317.5
/srv/shared_leopard_toad/2024/02.10.2024/6R/106MEDIA/DSCF0803.JPG,DSCF0803.JPG,6R/106MEDIA,0,Other_Amphibian,0.2744,725.8,224.3,817.7,317.4
/srv/shared_leopard_toad/2024/02.10.2024/6R/106MEDIA/DSCF0641.JPG,DSCF0641.JPG,6R/106MEDIA,0,Other_Amphibian,0.2328,728.5,221.9,817.3,317.9
/srv/shared_leopard_toad/2024/02.10.2024/6R/106MEDIA/DSCF0616.JPG,DSCF0616.JPG,6R/106MEDIA,0,Other_Amphibian,0.3218,725.7,224.2,819.0,317.5
/srv/shared_leopard_toad/2024/02.10.2024/6R/106MEDIA/DSCF0829.JPG,DSCF0829.JPG,6R/106MEDIA,0,Other_Amphibian,0.2417,725.0,222.9,816.2,316.9
/srv/shared_leopard_toad/2024/02.10.2024/6R/106MEDIA/DSCF0882.JPG,DSCF0882.JPG,6R/106MEDIA,0,Other_Amphibian,0.2996,725.8,223.1,819.9,317.6
/srv/shared_leopard_toad/2024/02.10.2024/6R/106MEDIA/DSCF0809.JPG,DSCF0809.JPG,6R/106MEDIA,0,Other_Amphibian,0.2568,728.2,223.3,821.0,317.4
/srv/shared_leopard_toad/2024/02.10.2024/6R/106MEDIA/DSCF0934.JPG,DSCF0934.JPG,6R/106MEDIA,0,Other_Amphibian,0.4250,725.8,222.8,817.7,317.0
/srv/shared_leopard_toad/2024/02.10.2024/6R/106MEDIA/DSCF0175.JPG,DSCF0175.JPG,6R/106MEDIA,0,Other_Amphibian,0.2571,727.2,223.9,818.6,318.7
/srv/shared_leopard_toad/2024/02.10.2024/6R/106MEDIA/DSCF0573.JPG,DSCF0573.JPG,6R/106MEDIA,0,Other_Amphibian,0.2061,725.1,222.3,817.3,317.5
/srv/shared_leopard_toad/2024/02.10.2024/6R/106MEDIA/DSCF0914.JPG,DSCF0914.JPG,6R/106MEDIA,0,Other_Amphibian,0.2954,727.8,224.7,822.4,318.9
/srv/shared_leopard_toad/2024/02.10.2024/6R/106MEDIA/DSCF0948.JPG,DSCF0948.JPG,6R/106MEDIA,0,Other_Amphibian,0.3750,733.7,225.0,822.2,321.4
/srv/shared_leopard_toad/2024/02.10.2024/6R/106MEDIA/DSCF0600.JPG,DSCF0600.JPG,6R/106MEDIA,0,Other_Amphibian,0.2402,729.5,223.9,821.9,317.8
/srv/shared_leopard_toad/2024/02.10.2024/6R/106MEDIA/DSCF0921.JPG,DSCF0921.JPG,6R/106MEDIA,0,Other_Amphibian,0.2595,725.1,221.2,820.6,318.6
/srv/shared_leopard_toad/2024/02.10.2024/6R/106MEDIA/DSCF0835.JPG,DSCF0835.JPG,6R/106MEDIA,0,Other_Amphibian,0.2776,729.1,222.4,817.8,318.3
/srv/shared_leopard_toad/2024/02.10.2024/6R/106MEDIA/DSCF0935.JPG,DSCF0935.JPG,6R/106MEDIA,0,Other_Amphibian,0.3291,726.2,225.4,816.2,320.1
/srv/shared_leopard_toad/2024/02.10.2024/6R/106MEDIA/DSCF0631.JPG,DSCF0631.JPG,6R/106MEDIA,0,Other_Amphibian,0.2162,730.3,221.5,816.6,317.4
/srv/shared_leopard_toad/2024/02.10.2024/6R/106MEDIA/DSCF0400.JPG,DSCF0400.JPG,6R/106MEDIA,0,Other_Amphibian,0.2212,724.1,221.0,814.9,317.8
/srv/shared_leopard_toad/2024/02.10.2024/6R/106MEDIA/DSCF0225.JPG,DSCF0225.JPG,6R/106MEDIA,0,Other_Amphibian,0.2455,728.9,221.7,818.0,318.1
/srv/shared_leopard_toad/2024/02.10.2024/6R/106MEDIA/DSCF0620.JPG,DSCF0620.JPG,6R/106MEDIA,0,Other_Amphibian,0.2128,724.6,223.1,820.1,316.6
/srv/shared_leopard_toad/2024/02.10.2024/6R/106MEDIA/DSCF0763.JPG,DSCF0763.JPG,6R/106MEDIA,0,Other_Amphibian,0.2191,725.2,221.0,817.1,317.8
/srv/shared_leopard_toad/2024/02.10.2024/6R/106MEDIA/DSCF0591.JPG,DSCF0591.JPG,6R/106MEDIA,0,Other_Amphibian,0.2161,727.5,224.6,819.4,317.1
/srv/shared_leopard_toad/2024/02.10.2024/6R/106MEDIA/DSCF0468.JPG,DSCF0468.JPG,6R/106MEDIA,0,Other_Amphibian,0.3027,727.3,222.7,818.5,317.1
/srv/shared_leopard_toad/2024/02.10.2024/6R/106MEDIA/DSCF0865.JPG,DSCF0865.JPG,6R/106MEDIA,0,Other_Amphibian,0.2554,728.5,223.9,817.3,318.7
/srv/shared_leopard_toad/2024/02.10.2024/6R/106MEDIA/DSCF0808.JPG,DSCF0808.JPG,6R/106MEDIA,0,Other_Amphibian,0.2124,721.0,224.7,819.1,317.0
/srv/shared_leopard_toad/2024/02.10.2024/6R/106MEDIA/DSCF0367.JPG,DSCF0367.JPG,6R/106MEDIA,0,Other_Amphibian,0.2737,726.2,224.6,819.5,317.1
/srv/shared_leopard_toad/2024/02.10.2024/6R/106MEDIA/DSCF0832.JPG,DSCF0832.JPG,6R/106MEDIA,0,Other_Amphibian,0.2952,724.1,222.5,817.1,319.2
/srv/shared_leopard_toad/2024/02.10.2024/6R/106MEDIA/DSCF0602.JPG,DSCF0602.JPG,6R/106MEDIA,0,Other_Amphibian,0.2378,725.4,222.4,814.7,318.3
/srv/shared_leopard_toad/2024/02.10.2024/6R/106MEDIA/DSCF0843.JPG,DSCF0843.JPG,6R/106MEDIA,0,Other_Amphibian,0.3843,726.5,224.2,813.6,317.5
/srv/shared_leopard_toad/2024/02.10.2024/6R/106MEDIA/DSCF0910.JPG,DSCF0910.JPG,6R/106MEDIA,0,Other_Amphibian,0.2690,727.3,222.9,823.0,317.8
/srv/shared_leopard_toad/2024/02.10.2024/6R/106MEDIA/DSCF0497.JPG,DSCF0497.JPG,6R/106MEDIA,0,Other_Amphibian,0.2158,724.7,220.5,816.6,316.5
/srv/shared_leopard_toad/2024/02.10.2024/6R/106MEDIA/DSCF0340.JPG,DSCF0340.JPG,6R/106MEDIA,0,Other_Amphibian,0.2070,729.3,223.0,822.1,318.7
/srv/shared_leopard_toad/2024/02.10.2024/6R/106MEDIA/DSCF0611.JPG,DSCF0611.JPG,6R/106MEDIA,0,Other_Amphibian,0.2448,724.6,223.8,816.7,316.0
/srv/shared_leopard_toad/2024/02.10.2024/6R/106MEDIA/DSCF0855.JPG,DSCF0855.JPG,6R/106MEDIA,0,Other_Amphibian,0.4019,727.1,224.1,817.6,317.6
/srv/shared_leopard_toad/2024/02.10.2024/6R/106MEDIA/DSCF0939.JPG,DSCF0939.JPG,6R/106MEDIA,0,Other_Amphibian,0.3835,728.4,225.0,815.1,319.5
/srv/shared_leopard_toad/2024/02.10.2024/6R/106MEDIA/DSCF0595.JPG,DSCF0595.JPG,6R/106MEDIA,0,Other_Amphibian,0.2113,726.6,223.1,815.8,316.6
/srv/shared_leopard_toad/2024/02.10.2024/6R/106MEDIA/DSCF0374.JPG,DSCF0374.JPG,6R/106MEDIA,0,Other_Amphibian,0.2234,726.3,223.7,812.7,317.0
/srv/shared_leopard_toad/2024/02.10.2024/6R/106MEDIA/DSCF0893.JPG,DSCF0893.JPG,6R/106MEDIA,0,Other_Amphibian,0.2080,728.2,223.7,818.7,318.9
/srv/shared_leopard_toad/2024/02.10.2024/6R/106MEDIA/DSCF0860.JPG,DSCF0860.JPG,6R/106MEDIA,0,Other_Amphibian,0.3501,726.8,222.2,816.7,318.6
/srv/shared_leopard_toad/2024/02.10.2024/6R/106MEDIA/DSCF0884.JPG,DSCF0884.JPG,6R/106MEDIA,0,Other_Amphibian,0.2896,723.8,223.4,821.9,317.3
/srv/shared_leopard_toad/2024/02.10.2024/6R/106MEDIA/DSCF0638.JPG,DSCF0638.JPG,6R/106MEDIA,0,Other_Amphibian,0.2360,726.2,221.8,817.3,318.0
/srv/shared_leopard_toad/2024/02.10.2024/6R/106MEDIA/DSCF0322.JPG,DSCF0322.JPG,6R/106MEDIA,0,Other_Amphibian,0.3159,726.3,218.7,820.5,318.2
/srv/shared_leopard_toad/2024/02.10.2024/6R/106MEDIA/DSCF0836.JPG,DSCF0836.JPG,6R/106MEDIA,0,Other_Amphibian,0.3423,723.5,220.7,817.7,318.1
/srv/shared_leopard_toad/2024/02.10.2024/6R/106MEDIA/DSCF0717.JPG,DSCF0717.JPG,6R/106MEDIA,0,Other_Amphibian,0.2233,723.3,219.9,820.2,318.9
/srv/shared_leopard_toad/2024/02.10.2024/6R/106MEDIA/DSCF0579.JPG,DSCF0579.JPG,6R/106MEDIA,0,Other_Amphibian,0.2467,724.8,223.6,818.7,318.1
/srv/shared_leopard_toad/2024/02.10.2024/6R/106MEDIA/DSCF0506.JPG,DSCF0506.JPG,6R/106MEDIA,0,Other_Amphibian,0.2876,727.9,224.0,817.8,318.6
/srv/shared_leopard_toad/2024/02.10.2024/6R/106MEDIA/DSCF0361.JPG,DSCF0361.JPG,6R/106MEDIA,0,Other_Amphibian,0.2268,724.6,220.5,815.5,317.4
/srv/shared_leopard_toad/2024/02.10.2024/6R/106MEDIA/DSCF0762.JPG,DSCF0762.JPG,6R/106MEDIA,0,Other_Amphibian,0.2732,725.2,223.8,817.1,317.9
/srv/shared_leopard_toad/2024/02.10.2024/6R/100MEDIA/DSCF0993.JPG,DSCF0993.JPG,6R/100MEDIA,0,Other_Amphibian,0.5547,2084.7,2132.3,2226.3,2317.6
/srv/shared_leopard_toad/2024/02.10.2024/6R/100MEDIA/DSCF0519.JPG,DSCF0519.JPG,6R/100MEDIA,0,Other_Amphibian,0.2795,1652.9,2278.7,1834.6,2449.7
/srv/shared_leopard_toad/2024/02.10.2024/6R/100MEDIA/DSCF0466.JPG,DSCF0466.JPG,6R/100MEDIA,0,Other_Amphibian,0.3320,1644.0,2280.4,1834.5,2448.0
/srv/shared_leopard_toad/2024/02.10.2024/6R/100MEDIA/DSCF0443.JPG,DSCF0443.JPG,6R/100MEDIA,0,Other_Amphibian,0.4238,1639.5,2279.6,1834.5,2448.7
/srv/shared_leopard_toad/2024/02.10.2024/6R/100MEDIA/DSCF0215.JPG,DSCF0215.JPG,6R/100MEDIA,0,Other_Amphibian,0.2051,1637.6,2275.2,1831.9,2448.1
/srv/shared_leopard_toad/2024/02.10.2024/6R/100MEDIA/DSCF0464.JPG,DSCF0464.JPG,6R/100MEDIA,0,Other_Amphibian,0.5083,1641.2,2279.8,1835.1,2448.6
/srv/shared_leopard_toad/2024/02.10.2024/6R/100MEDIA/DSCF0455.JPG,DSCF0455.JPG,6R/100MEDIA,0,Other_Amphibian,0.4043,1640.6,2280.1,1833.4,2448.3
/srv/shared_leopard_toad/2024/02.10.2024/6R/100MEDIA/DSCF0416.JPG,DSCF0416.JPG,6R/100MEDIA,0,Other_Amphibian,0.3940,1641.7,2280.1,1834.5,2448.3
/srv/shared_leopard_toad/2024/02.10.2024/6R/100MEDIA/DSCF0514.JPG,DSCF0514.JPG,6R/100MEDIA,0,Other_Amphibian,0.7153,2486.0,2154.0,2648.5,2303.6
/srv/shared_leopard_toad/2024/02.10.2024/6R/100MEDIA/DSCF0514.JPG,DSCF0514.JPG,6R/100MEDIA,0,Other_Amphibian,0.6899,2487.0,2153.7,2647.5,2303.8
/srv/shared_leopard_toad/2024/02.10.2024/6R/100MEDIA/DSCF0514.JPG,DSCF0514.JPG,6R/100MEDIA,0,Other_Amphibian,0.5234,202.9,1031.7,383.2,1207.2
/srv/shared_leopard_toad/2024/02.10.2024/6R/100MEDIA/DSCF0417.JPG,DSCF0417.JPG,6R/100MEDIA,0,Other_Amphibian,0.3416,1644.5,2282.0,1834.0,2448.9
/srv/shared_leopard_toad/2024/02.10.2024/6R/100MEDIA/DSCF0446.JPG,DSCF0446.JPG,6R/100MEDIA,0,Other_Amphibian,0.2094,1642.7,2279.6,1838.0,2448.7
/srv/shared_leopard_toad/2024/02.10.2024/6R/100MEDIA/DSCF0512.JPG,DSCF0512.JPG,6R/100MEDIA,0,Other_Amphibian,0.7388,195.1,1025.2,371.0,1203.5
/srv/shared_leopard_toad/2024/02.10.2024/6R/100MEDIA/DSCF0430.JPG,DSCF0430.JPG,6R/100MEDIA,0,Other_Amphibian,0.3000,1641.0,2280.1,1833.0,2448.3
/srv/shared_leopard_toad/2024/02.10.2024/6R/100MEDIA/DSCF0442.JPG,DSCF0442.JPG,6R/100MEDIA,0,Other_Amphibian,0.3735,1643.1,2281.8,1833.1,2449.1
/srv/shared_leopard_toad/2024/02.10.2024/6R/100MEDIA/DSCF0193.JPG,DSCF0193.JPG,6R/100MEDIA,0,Other_Amphibian,0.2086,1621.4,2275.5,1832.3,2450.3
/srv/shared_leopard_toad/2024/02.10.2024/6R/100MEDIA/DSCF0518.JPG,DSCF0518.JPG,6R/100MEDIA,0,Other_Amphibian,0.3286,242.3,1.5,350.0,86.5
/srv/shared_leopard_toad/2024/02.10.2024/6R/100MEDIA/DSCF0518.JPG,DSCF0518.JPG,6R/100MEDIA,0,Other_Amphibian,0.2148,241.4,1.1,352.0,86.7
/srv/shared_leopard_toad/2024/02.10.2024/6R/100MEDIA/DSCF0089.JPG,DSCF0089.JPG,6R/100MEDIA,0,Other_Amphibian,0.2153,1626.5,2276.6,1831.7,2449.2
/srv/shared_leopard_toad/2024/02.10.2024/6R/100MEDIA/DSCF0461.JPG,DSCF0461.JPG,6R/100MEDIA,0,Other_Amphibian,0.6772,1642.4,2281.4,1831.6,2449.5
/srv/shared_leopard_toad/2024/02.10.2024/6R/100MEDIA/DSCF0458.JPG,DSCF0458.JPG,6R/100MEDIA,0,Other_Amphibian,0.3857,1640.5,2281.4,1835.8,2449.5
/srv/shared_leopard_toad/2024/02.10.2024/6R/100MEDIA/DSCF0429.JPG,DSCF0429.JPG,6R/100MEDIA,0,Other_Amphibian,0.3931,1643.3,2282.0,1832.9,2448.9
/srv/shared_leopard_toad/2024/02.10.2024/6R/100MEDIA/DSCF0431.JPG,DSCF0431.JPG,6R/100MEDIA,0,Other_Amphibian,0.2966,1638.8,2281.8,1835.2,2449.1
/srv/shared_leopard_toad/2024/02.10.2024/6R/100MEDIA/DSCF0207.JPG,DSCF0207.JPG,6R/100MEDIA,0,Other_Amphibian,0.2920,242.4,1.8,349.3,86.9
/srv/shared_leopard_toad/2024/02.10.2024/6R/100MEDIA/DSCF0207.JPG,DSCF0207.JPG,6R/100MEDIA,0,Other_Amphibian,0.2751,242.3,0.3,351.1,86.7
/srv/shared_leopard_toad/2024/02.10.2024/6R/100MEDIA/DSCF0422.JPG,DSCF0422.JPG,6R/100MEDIA,0,Other_Amphibian,0.3809,1638.9,2281.5,1832.8,2449.4
/srv/shared_leopard_toad/2024/02.10.2024/6R/100MEDIA/DSCF0353.JPG,DSCF0353.JPG,6R/100MEDIA,0,Other_Amphibian,0.2100,242.8,2.0,347.8,87.7
/srv/shared_leopard_toad/2024/02.10.2024/6R/100MEDIA/DSCF0476.JPG,DSCF0476.JPG,6R/100MEDIA,0,Other_Amphibian,0.2800,1641.2,2279.8,1837.3,2448.6
/srv/shared_leopard_toad/2024/02.10.2024/6R/100MEDIA/DSCF0699.JPG,DSCF0699.JPG,6R/100MEDIA,0,Other_Amphibian,0.8242,1361.7,2151.1,1547.5,2298.8
/srv/shared_leopard_toad/2024/02.10.2024/6R/100MEDIA/DSCF0699.JPG,DSCF0699.JPG,6R/100MEDIA,2,Western_Leopard_Toad,0.7100,1361.7,2151.1,1547.5,2298.8
/srv/shared_leopard_toad/2024/02.10.2024/6R/100MEDIA/DSCF0445.JPG,DSCF0445.JPG,6R/100MEDIA,0,Other_Amphibian,0.3267,1643.0,2280.3,1835.5,2448.1
/srv/shared_leopard_toad/2024/02.10.2024/6R/100MEDIA/DSCF0439.JPG,DSCF0439.JPG,6R/100MEDIA,0,Other_Amphibian,0.4077,1641.7,2282.0,1834.5,2448.9
/srv/shared_leopard_toad/2024/02.10.2024/6R/100MEDIA/DSCF0979.JPG,DSCF0979.JPG,6R/100MEDIA,2,Western_Leopard_Toad,0.9629,1255.7,2108.6,1417.3,2305.9
/srv/shared_leopard_toad/2024/02.10.2024/6R/100MEDIA/DSCF0531.JPG,DSCF0531.JPG,6R/100MEDIA,0,Other_Amphibian,0.2101,260.8,1028.3,389.4,1194.1
/srv/shared_leopard_toad/2024/02.10.2024/6R/100MEDIA/DSCF0524.JPG,DSCF0524.JPG,6R/100MEDIA,0,Other_Amphibian,0.2073,1652.3,2279.5,1835.2,2448.9
/srv/shared_leopard_toad/2024/02.10.2024/6R/100MEDIA/DSCF0526.JPG,DSCF0526.JPG,6R/100MEDIA,0,Other_Amphibian,0.2379,1657.2,2279.5,1834.8,2448.9
/srv/shared_leopard_toad/2024/02.10.2024/6R/100MEDIA/DSCF0949.JPG,DSCF0949.JPG,6R/100MEDIA,0,Other_Amphibian,0.8955,2038.8,2162.8,2211.5,2320.0
/srv/shared_leopard_toad/2024/02.10.2024/6R/100MEDIA/DSCF0949.JPG,DSCF0949.JPG,6R/100MEDIA,2,Western_Leopard_Toad,0.3633,2038.8,2162.8,2211.5,2320.0
/srv/shared_leopard_toad/2024/02.10.2024/6R/100MEDIA/DSCF0505.JPG,DSCF0505.JPG,6R/100MEDIA,0,Other_Amphibian,0.2050,1653.5,2278.8,1834.0,2449.5
/srv/shared_leopard_toad/2024/02.10.2024/6R/100MEDIA/DSCF0433.JPG,DSCF0433.JPG,6R/100MEDIA,0,Other_Amphibian,0.3259,1641.9,2280.3,1836.6,2448.1
/srv/shared_leopard_toad/2024/02.10.2024/6R/100MEDIA/DSCF0426.JPG,DSCF0426.JPG,6R/100MEDIA,0,Other_Amphibian,0.5581,1644.2,2281.5,1832.1,2449.4
/srv/shared_leopard_toad/2024/02.10.2024/6R/100MEDIA/DSCF0509.JPG,DSCF0509.JPG,6R/100MEDIA,0,Other_Amphibian,0.3113,1654.8,2279.5,1832.7,2448.9
/srv/shared_leopard_toad/2024/02.10.2024/6R/100MEDIA/DSCF0419.JPG,DSCF0419.JPG,6R/100MEDIA,0,Other_Amphibian,0.2998,1642.6,2281.7,1833.7,2449.2
/srv/shared_leopard_toad/2024/02.10.2024/6R/100MEDIA/DSCF0419.JPG,DSCF0419.JPG,6R/100MEDIA,0,Other_Amphibian,0.2113,241.8,1.5,352.8,87.2
/srv/shared_leopard_toad/2024/02.10.2024/6R/100MEDIA/DSCF0515.JPG,DSCF0515.JPG,6R/100MEDIA,0,Other_Amphibian,0.7266,198.5,1029.0,378.1,1204.8
/srv/shared_leopard_toad/2024/02.10.2024/6R/100MEDIA/DSCF0515.JPG,DSCF0515.JPG,6R/100MEDIA,2,Western_Leopard_Toad,0.2512,198.5,1029.0,378.1,1204.8
/srv/shared_leopard_toad/2024/02.10.2024/6R/100MEDIA/DSCF0837.JPG,DSCF0837.JPG,6R/100MEDIA,0,Other_Amphibian,0.2307,241.1,3.3,349.5,87.5
/srv/shared_leopard_toad/2024/02.10.2024/6R/100MEDIA/DSCF0508.JPG,DSCF0508.JPG,6R/100MEDIA,0,Other_Amphibian,0.2480,1657.7,2277.3,1834.3,2448.6
/srv/shared_leopard_toad/2024/02.10.2024/6R/100MEDIA/DSCF0615.JPG,DSCF0615.JPG,6R/100MEDIA,0,Other_Amphibian,0.2378,242.8,1.9,356.2,89.5
/srv/shared_leopard_toad/2024/02.10.2024/6R/100MEDIA/DSCF0615.JPG,DSCF0615.JPG,6R/100MEDIA,0,Other_Amphibian,0.2363,241.9,2.5,351.5,89.6
/srv/shared_leopard_toad/2024/02.10.2024/6R/100MEDIA/DSCF0432.JPG,DSCF0432.JPG,6R/100MEDIA,0,Other_Amphibian,0.5054,1642.2,2281.7,1834.0,2449.2
/srv/shared_leopard_toad/2024/02.10.2024/6R/100MEDIA/DSCF0697.JPG,DSCF0697.JPG,6R/100MEDIA,0,Other_Amphibian,0.8516,1363.0,2145.7,1548.5,2296.6
/srv/shared_leopard_toad/2024/02.10.2024/6R/100MEDIA/DSCF0697.JPG,DSCF0697.JPG,6R/100MEDIA,2,Western_Leopard_Toad,0.6113,1363.0,2145.7,1548.5,2296.6
/srv/shared_leopard_toad/2024/02.10.2024/6R/100MEDIA/DSCF0288.JPG,DSCF0288.JPG,6R/100MEDIA,0,Other_Amphibian,0.2047,241.6,2.8,349.1,89.0
/srv/shared_leopard_toad/2024/02.10.2024/6R/100MEDIA/DSCF0423.JPG,DSCF0423.JPG,6R/100MEDIA,0,Other_Amphibian,0.3159,1641.7,2280.4,1834.5,2448.0
/srv/shared_leopard_toad/2024/02.10.2024/6R/100MEDIA/DSCF0264.JPG,DSCF0264.JPG,6R/100MEDIA,0,Other_Amphibian,0.2032,241.1,2.7,349.5,87.0
/srv/shared_leopard_toad/2024/02.10.2024/6R/100MEDIA/DSCF0504.JPG,DSCF0504.JPG,6R/100MEDIA,0,Other_Amphibian,0.3003,1657.1,2279.0,1834.9,2449.4
/srv/shared_leopard_toad/2024/02.10.2024/6R/100MEDIA/DSCF0320.JPG,DSCF0320.JPG,6R/100MEDIA,0,Other_Amphibian,0.2415,239.9,1.9,344.0,84.8
/srv/shared_leopard_toad/2024/02.10.2024/6R/100MEDIA/DSCF0320.JPG,DSCF0320.JPG,6R/100MEDIA,0,Other_Amphibian,0.2137,237.8,0.7,344.9,85.0
/srv/shared_leopard_toad/2024/02.10.2024/6R/100MEDIA/DSCF0479.JPG,DSCF0479.JPG,6R/100MEDIA,0,Other_Amphibian,0.3210,1640.8,2279.9,1835.4,2448.4
/srv/shared_leopard_toad/2024/02.10.2024/6R/100MEDIA/DSCF0931.JPG,DSCF0931.JPG,6R/100MEDIA,0,Other_Amphibian,0.2930,244.5,2.4,357.9,88.0
/srv/shared_leopard_toad/2024/02.10.2024/6R/100MEDIA/DSCF0978.JPG,DSCF0978.JPG,6R/100MEDIA,2,Western_Leopard_Toad,0.9634,1256.2,2107.5,1419.0,2304.5
/srv/shared_leopard_toad/2024/02.10.2024/6R/100MEDIA/DSCF0472.JPG,DSCF0472.JPG,6R/100MEDIA,0,Other_Amphibian,0.3911,1642.2,2280.1,1834.0,2448.3
/srv/shared_leopard_toad/2024/02.10.2024/6R/100MEDIA/DSCF0927.JPG,DSCF0927.JPG,6R/100MEDIA,0,Other_Amphibian,0.3933,243.8,2.3,353.0,87.4
/srv/shared_leopard_toad/2024/02.10.2024/6R/100MEDIA/DSCF0448.JPG,DSCF0448.JPG,6R/100MEDIA,0,Other_Amphibian,0.3284,1641.0,2280.1,1835.3,2448.3
/srv/shared_leopard_toad/2024/02.10.2024/6R/100MEDIA/DSCF0449.JPG,DSCF0449.JPG,6R/100MEDIA,0,Other_Amphibian,0.4167,1641.5,2279.8,1834.7,2448.6
/srv/shared_leopard_toad/2024/02.10.2024/6R/100MEDIA/DSCF0386.JPG,DSCF0386.JPG,6R/100MEDIA,0,Other_Amphibian,0.2272,239.4,1.9,347.8,87.5
/srv/shared_leopard_toad/2024/02.10.2024/6R/100MEDIA/DSCF0474.JPG,DSCF0474.JPG,6R/100MEDIA,0,Other_Amphibian,0.4028,1641.3,2279.9,1834.9,2448.4
/srv/shared_leopard_toad/2024/02.10.2024/6R/100MEDIA/DSCF0872.JPG,DSCF0872.JPG,6R/100MEDIA,0,Other_Amphibian,0.2042,239.6,2.7,352.2,86.7
/srv/shared_leopard_toad/2024/02.10.2024/6R/100MEDIA/DSCF0523.JPG,DSCF0523.JPG,6R/100MEDIA,0,Other_Amphibian,0.2098,1656.7,2277.9,1835.3,2448.0
/srv/shared_leopard_toad/2024/02.10.2024/6R/100MEDIA/DSCF0154.JPG,DSCF0154.JPG,6R/100MEDIA,0,Other_Amphibian,0.2239,1635.4,2274.7,1831.9,2448.6
/srv/shared_leopard_toad/2024/02.10.2024/6R/100MEDIA/DSCF0186.JPG,DSCF0186.JPG,6R/100MEDIA,0,Other_Amphibian,0.2510,1637.1,2278.8,1832.4,2449.5
/srv/shared_leopard_toad/2024/02.10.2024/6R/100MEDIA/DSCF0196.JPG,DSCF0196.JPG,6R/100MEDIA,0,Other_Amphibian,0.3042,1632.9,2276.9,1829.8,2448.9
/srv/shared_leopard_toad/2024/02.10.2024/6R/100MEDIA/DSCF0478.JPG,DSCF0478.JPG,6R/100MEDIA,0,Other_Amphibian,0.3123,1641.2,2280.3,1837.3,2448.1
/srv/shared_leopard_toad/2024/02.10.2024/6R/100MEDIA/DSCF0208.JPG,DSCF0208.JPG,6R/100MEDIA,0,Other_Amphibian,0.2045,1625.0,2277.1,1833.3,2448.7
/srv/shared_leopard_toad/2024/02.10.2024/6R/100MEDIA/DSCF0414.JPG,DSCF0414.JPG,6R/100MEDIA,0,Other_Amphibian,0.2017,1643.6,2280.6,1834.9,2447.8
/srv/shared_leopard_toad/2024/02.10.2024/6R/100MEDIA/DSCF0421.JPG,DSCF0421.JPG,6R/100MEDIA,0,Other_Amphibian,0.3911,1639.8,2282.2,1831.9,2448.7
/srv/shared_leopard_toad/2024/02.10.2024/6R/100MEDIA/DSCF0511.JPG,DSCF0511.JPG,6R/100MEDIA,0,Other_Amphibian,0.6030,195.6,1027.5,375.6,1203.8
/srv/shared_leopard_toad/2024/02.10.2024/6R/100MEDIA/DSCF0511.JPG,DSCF0511.JPG,6R/100MEDIA,0,Other_Amphibian,0.2449,1654.6,2277.1,1832.9,2448.7
/srv/shared_leopard_toad/2024/02.10.2024/6R/100MEDIA/DSCF0885.JPG,DSCF0885.JPG,6R/100MEDIA,0,Other_Amphibian,0.2173,242.1,1.7,353.6,85.0
/srv/shared_leopard_toad/2024/02.10.2024/6R/100MEDIA/DSCF0418.JPG,DSCF0418.JPG,6R/100MEDIA,0,Other_Amphibian,0.2581,1642.4,2281.4,1833.8,2449.5
/srv/shared_leopard_toad/2024/02.10.2024/6R/100MEDIA/DSCF0418.JPG,DSCF0418.JPG,6R/100MEDIA,0,Other_Amphibian,0.2167,241.9,1.5,349.8,85.8
/srv/shared_leopard_toad/2024/02.10.2024/6R/100MEDIA/DSCF0211.JPG,DSCF0211.JPG,6R/100MEDIA,0,Other_Amphibian,0.2756,241.1,2.0,345.0,86.7
/srv/shared_leopard_toad/2024/02.10.2024/6R/100MEDIA/DSCF0211.JPG,DSCF0211.JPG,6R/100MEDIA,0,Other_Amphibian,0.2024,239.1,0.8,345.9,86.5
/srv/shared_leopard_toad/2024/02.10.2024/6R/100MEDIA/DSCF0482.JPG,DSCF0482.JPG,6R/100MEDIA,0,Other_Amphibian,0.4431,1643.3,2282.2,1835.2,2448.7
/srv/shared_leopard_toad/2024/02.10.2024/6R/100MEDIA/DSCF0786.JPG,DSCF0786.JPG,6R/100MEDIA,0,Other_Amphibian,0.2086,244.1,1.5,357.3,86.2
/srv/shared_leopard_toad/2024/02.10.2024/6R/100MEDIA/DSCF0516.JPG,DSCF0516.JPG,6R/100MEDIA,0,Other_Amphibian,0.5562,196.7,1030.6,372.6,1205.7
/srv/shared_leopard_toad/2024/02.10.2024/6R/100MEDIA/DSCF0516.JPG,DSCF0516.JPG,6R/100MEDIA,0,Other_Amphibian,0.2998,199.5,1035.5,381.5,1207.2
/srv/shared_leopard_toad/2024/02.10.2024/6R/100MEDIA/DSCF0516.JPG,DSCF0516.JPG,6R/100MEDIA,0,Other_Amphibian,0.2781,2508.8,2169.1,2648.2,2334.0
/srv/shared_leopard_toad/2024/02.10.2024/6R/100MEDIA/DSCF0500.JPG,DSCF0500.JPG,6R/100MEDIA,0,Other_Amphibian,0.2134,1651.9,2279.6,1835.6,2448.7
/srv/shared_leopard_toad/2024/02.10.2024/6R/100MEDIA/DSCF0525.JPG,DSCF0525.JPG,6R/100MEDIA,0,Other_Amphibian,0.2227,1656.2,2277.6,1835.8,2448.3
/srv/shared_leopard_toad/2024/02.10.2024/6R/100MEDIA/DSCF0299.JPG,DSCF0299.JPG,6R/100MEDIA,0,Other_Amphibian,0.2871,241.0,0.6,348.5,85.8
/srv/shared_leopard_toad/2024/02.10.2024/6R/100MEDIA/DSCF0527.JPG,DSCF0527.JPG,6R/100MEDIA,0,Other_Amphibian,0.2070,1652.4,2279.0,1835.1,2449.4
/srv/shared_leopard_toad/2024/02.10.2024/6R/100MEDIA/DSCF0902.JPG,DSCF0902.JPG,6R/100MEDIA,0,Other_Amphibian,0.2191,241.5,2.6,351.9,87.4
/srv/shared_leopard_toad/2024/02.10.2024/6R/100MEDIA/DSCF0463.JPG,DSCF0463.JPG,6R/100MEDIA,0,Other_Amphibian,0.5674,1642.1,2281.4,1834.2,2449.5
/srv/shared_leopard_toad/2024/02.10.2024/6R/100MEDIA/DSCF0840.JPG,DSCF0840.JPG,6R/100MEDIA,0,Other_Amphibian,0.2610,3664.5,2254.7,3783.0,2395.2
/srv/shared_leopard_toad/2024/02.10.2024/6R/100MEDIA/DSCF0222.JPG,DSCF0222.JPG,6R/100MEDIA,0,Other_Amphibian,0.2090,243.0,2.2,349.3,85.9
/srv/shared_leopard_toad/2024/02.10.2024/6R/100MEDIA/DSCF0593.JPG,DSCF0593.JPG,6R/100MEDIA,0,Other_Amphibian,0.2720,242.3,3.0,351.1,88.4
/srv/shared_leopard_toad/2024/02.10.2024/6R/100MEDIA/DSCF0693.JPG,DSCF0693.JPG,6R/100MEDIA,2,Western_Leopard_Toad,0.5518,3662.4,2316.3,3807.6,2447.5
/srv/shared_leopard_toad/2024/02.10.2024/6R/100MEDIA/DSCF0454.JPG,DSCF0454.JPG,6R/100MEDIA,0,Other_Amphibian,0.3418,1642.3,2279.6,1836.2,2448.7
/srv/shared_leopard_toad/2024/02.10.2024/6R/100MEDIA/DSCF0685.JPG,DSCF0685.JPG,6R/100MEDIA,0,Other_Amphibian,0.2247,239.7,2.8,347.6,83.9
/srv/shared_leopard_toad/2024/02.10.2024/6R/100MEDIA/DSCF0685.JPG,DSCF0685.JPG,6R/100MEDIA,0,Other_Amphibian,0.2212,240.3,1.5,351.5,83.8
/srv/shared_leopard_toad/2024/02.10.2024/6R/100MEDIA/DSCF0633.JPG,DSCF0633.JPG,6R/100MEDIA,0,Other_Amphibian,0.2947,241.5,1.7,351.9,86.3
/srv/shared_leopard_toad/2024/02.10.2024/6R/100MEDIA/DSCF0377.JPG,DSCF0377.JPG,6R/100MEDIA,0,Other_Amphibian,0.2773,241.0,3.5,349.6,89.1
/srv/shared_leopard_toad/2024/02.10.2024/6R/100MEDIA/DSCF0150.JPG,DSCF0150.JPG,6R/100MEDIA,0,Other_Amphibian,0.2227,1631.5,2274.4,1831.3,2448.9
/srv/shared_leopard_toad/2024/02.10.2024/6R/100MEDIA/DSCF0469.JPG,DSCF0469.JPG,6R/100MEDIA,0,Other_Amphibian,0.2458,1641.9,2279.6,1836.6,2448.7
/srv/shared_leopard_toad/2024/02.10.2024/6R/100MEDIA/DSCF0425.JPG,DSCF0425.JPG,6R/100MEDIA,0,Other_Amphibian,0.5713,1642.8,2280.1,1833.5,2448.3
/srv/shared_leopard_toad/2024/02.10.2024/6R/100MEDIA/DSCF0420.JPG,DSCF0420.JPG,6R/100MEDIA,0,Other_Amphibian,0.3162,1641.2,2281.1,1835.1,2449.9
/srv/shared_leopard_toad/2024/02.10.2024/6R/100MEDIA/DSCF0618.JPG,DSCF0618.JPG,6R/100MEDIA,0,Other_Amphibian,0.2825,241.5,0.5,356.4,84.5
/srv/shared_leopard_toad/2024/02.10.2024/6R/100MEDIA/DSCF0229.JPG,DSCF0229.JPG,6R/100MEDIA,0,Other_Amphibian,0.2240,1626.5,2276.6,1831.7,2449.2
/srv/shared_leopard_toad/2024/02.10.2024/6R/100MEDIA/DSCF0953.JPG,DSCF0953.JPG,6R/100MEDIA,0,Other_Amphibian,0.8154,2041.4,2159.2,2208.9,2321.1
/srv/shared_leopard_toad/2024/02.10.2024/6R/100MEDIA/DSCF0953.JPG,DSCF0953.JPG,6R/100MEDIA,2,Western_Leopard_Toad,0.6514,2041.4,2159.2,2208.9,2321.1
/srv/shared_leopard_toad/2024/02.10.2024/6R/100MEDIA/DSCF0869.JPG,DSCF0869.JPG,6R/100MEDIA,0,Other_Amphibian,0.2246,242.4,2.8,349.3,86.6
/srv/shared_leopard_toad/2024/02.10.2024/6R/100MEDIA/DSCF0470.JPG,DSCF0470.JPG,6R/100MEDIA,0,Other_Amphibian,0.4758,1643.1,2282.0,1833.1,2448.9
/srv/shared_leopard_toad/2024/02.10.2024/6R/100MEDIA/DSCF0406.JPG,DSCF0406.JPG,6R/100MEDIA,0,Other_Amphibian,0.2537,244.6,3.4,348.9,86.7
/srv/shared_leopard_toad/2024/02.10.2024/6R/100MEDIA/DSCF0570.JPG,DSCF0570.JPG,6R/100MEDIA,0,Other_Amphibian,0.2018,247.0,3.6,353.1,86.8
/srv/shared_leopard_toad/2024/02.10.2024/6R/100MEDIA/DSCF0440.JPG,DSCF0440.JPG,6R/100MEDIA,0,Other_Amphibian,0.3608,1641.2,2279.6,1835.1,2448.7
/srv/shared_leopard_toad/2024/02.10.2024/6R/100MEDIA/DSCF0375.JPG,DSCF0375.JPG,6R/100MEDIA,0,Other_Amphibian,0.2208,240.3,2.1,352.0,87.6
/srv/shared_leopard_toad/2024/02.10.2024/6R/100MEDIA/DSCF0972.JPG,DSCF0972.JPG,6R/100MEDIA,2,Western_Leopard_Toad,0.8076,563.3,782.9,777.7,959.9
/srv/shared_leopard_toad/2024/02.10.2024/6R/100MEDIA/DSCF0043.JPG,DSCF0043.JPG,6R/100MEDIA,2,Western_Leopard_Toad,0.2593,4533.8,1275.0,4605.7,1522.1
/srv/shared_leopard_toad/2024/02.10.2024/6R/100MEDIA/DSCF0887.JPG,DSCF0887.JPG,6R/100MEDIA,0,Other_Amphibian,0.3677,240.7,1.7,356.1,85.6
/srv/shared_leopard_toad/2024/02.10.2024/6R/100MEDIA/DSCF0521.JPG,DSCF0521.JPG,6R/100MEDIA,0,Other_Amphibian,0.2510,1654.6,2279.2,1832.9,2449.2
/srv/shared_leopard_toad/2024/02.10.2024/6R/100MEDIA/DSCF0457.JPG,DSCF0457.JPG,6R/100MEDIA,0,Other_Amphibian,0.2959,1641.0,2282.0,1835.3,2448.9
/srv/shared_leopard_toad/2024/02.10.2024/6R/100MEDIA/DSCF0456.JPG,DSCF0456.JPG,6R/100MEDIA,0,Other_Amphibian,0.2502,1643.3,2280.6,1835.2,2447.8
/srv/shared_leopard_toad/2024/02.10.2024/6R/100MEDIA/DSCF0285.JPG,DSCF0285.JPG,6R/100MEDIA,0,Other_Amphibian,0.2007,1636.1,2279.6,1831.1,2448.7
/srv/shared_leopard_toad/2024/02.10.2024/6R/100MEDIA/DSCF0517.JPG,DSCF0517.JPG,6R/100MEDIA,0,Other_Amphibian,0.8389,200.9,1031.4,370.3,1206.2
/srv/shared_leopard_toad/2024/02.10.2024/6R/100MEDIA/DSCF0517.JPG,DSCF0517.JPG,6R/100MEDIA,2,Western_Leopard_Toad,0.3838,200.9,1031.4,370.3,1206.2
/srv/shared_leopard_toad/2024/02.10.2024/6R/100MEDIA/DSCF0517.JPG,DSCF0517.JPG,6R/100MEDIA,0,Other_Amphibian,0.3103,2507.8,2169.6,2649.2,2333.5
/srv/shared_leopard_toad/2024/02.10.2024/6R/100MEDIA/DSCF0517.JPG,DSCF0517.JPG,6R/100MEDIA,2,Western_Leopard_Toad,0.2676,2507.8,2169.6,2649.2,2333.5
/srv/shared_leopard_toad/2024/02.10.2024/6R/100MEDIA/DSCF0477.JPG,DSCF0477.JPG,6R/100MEDIA,0,Other_Amphibian,0.5684,1644.3,2279.6,1834.2,2448.7
/srv/shared_leopard_toad/2024/02.10.2024/6R/100MEDIA/DSCF0441.JPG,DSCF0441.JPG,6R/100MEDIA,0,Other_Amphibian,0.2610,1643.4,2280.1,1837.3,2448.3
/srv/shared_leopard_toad/2024/02.10.2024/6R/100MEDIA/DSCF0698.JPG,DSCF0698.JPG,6R/100MEDIA,0,Other_Amphibian,0.8652,1360.7,2151.3,1548.6,2298.7
/srv/shared_leopard_toad/2024/02.10.2024/6R/100MEDIA/DSCF0698.JPG,DSCF0698.JPG,6R/100MEDIA,2,Western_Leopard_Toad,0.5889,1360.7,2151.3,1548.6,2298.7
/srv/shared_leopard_toad/2024/02.10.2024/6R/100MEDIA/DSCF0475.JPG,DSCF0475.JPG,6R/100MEDIA,0,Other_Amphibian,0.4924,1641.3,2281.5,1834.9,2449.4
/srv/shared_leopard_toad/2024/02.10.2024/6R/100MEDIA/DSCF0219.JPG,DSCF0219.JPG,6R/100MEDIA,0,Other_Amphibian,0.2004,1627.0,2276.3,1831.3,2449.5
/srv/shared_leopard_toad/2024/02.10.2024/6R/100MEDIA/DSCF0480.JPG,DSCF0480.JPG,6R/100MEDIA,0,Other_Amphibian,0.4375,1642.1,2281.5,1836.4,2449.4
/srv/shared_leopard_toad/2024/02.10.2024/6R/100MEDIA/DSCF0480.JPG,DSCF0480.JPG,6R/100MEDIA,0,Other_Amphibian,0.2061,241.4,0.7,350.4,86.0
/srv/shared_leopard_toad/2024/02.10.2024/6R/100MEDIA/DSCF0428.JPG,DSCF0428.JPG,6R/100MEDIA,0,Other_Amphibian,0.3931,1642.4,2281.8,1833.8,2449.1
/srv/shared_leopard_toad/2024/02.10.2024/6R/100MEDIA/DSCF0427.JPG,DSCF0427.JPG,6R/100MEDIA,0,Other_Amphibian,0.3154,1642.3,2279.9,1836.2,2448.4
/srv/shared_leopard_toad/2024/02.10.2024/6R/100MEDIA/DSCF0437.JPG,DSCF0437.JPG,6R/100MEDIA,0,Other_Amphibian,0.4360,1643.7,2281.8,1834.8,2449.1
/srv/shared_leopard_toad/2024/02.10.2024/6R/100MEDIA/DSCF0473.JPG,DSCF0473.JPG,6R/100MEDIA,0,Other_Amphibian,0.4128,1639.5,2279.9,1834.5,2448.4
/srv/shared_leopard_toad/2024/02.10.2024/6R/100MEDIA/DSCF0176.JPG,DSCF0176.JPG,6R/100MEDIA,0,Other_Amphibian,0.2246,1635.2,2276.6,1832.1,2449.2
/srv/shared_leopard_toad/2024/02.10.2024/6R/100MEDIA/DSCF0932.JPG,DSCF0932.JPG,6R/100MEDIA,0,Other_Amphibian,0.2471,243.9,2.1,351.8,86.9
/srv/shared_leopard_toad/2024/02.10.2024/6R/100MEDIA/DSCF0438.JPG,DSCF0438.JPG,6R/100MEDIA,0,Other_Amphibian,0.4004,1643.8,2281.2,1832.4,2449.7
/srv/shared_leopard_toad/2024/02.10.2024/6R/100MEDIA/DSCF0453.JPG,DSCF0453.JPG,6R/100MEDIA,0,Other_Amphibian,0.3215,1640.5,2280.4,1835.8,2448.0
/srv/shared_leopard_toad/2024/02.10.2024/6R/100MEDIA/DSCF0481.JPG,DSCF0481.JPG,6R/100MEDIA,0,Other_Amphibian,0.3093,1641.7,2279.9,1836.8,2448.4
/srv/shared_leopard_toad/2024/02.10.2024/6R/100MEDIA/DSCF0696.JPG,DSCF0696.JPG,6R/100MEDIA,0,Other_Amphibian,0.7827,1362.5,2146.8,1549.0,2298.1
/srv/shared_leopard_toad/2024/02.10.2024/6R/100MEDIA/DSCF0696.JPG,DSCF0696.JPG,6R/100MEDIA,2,Western_Leopard_Toad,0.7544,1362.5,2146.8,1549.0,2298.1
/srv/shared_leopard_toad/2024/02.10.2024/6R/100MEDIA/DSCF0415.JPG,DSCF0415.JPG,6R/100MEDIA,0,Other_Amphibian,0.4490,1641.1,2281.8,1830.7,2449.1
/srv/shared_leopard_toad/2024/02.10.2024/6R/100MEDIA/DSCF0977.JPG,DSCF0977.JPG,6R/100MEDIA,2,Western_Leopard_Toad,0.9634,1256.1,2107.5,1419.2,2304.5
/srv/shared_leopard_toad/2024/02.10.2024/6R/100MEDIA/DSCF0452.JPG,DSCF0452.JPG,6R/100MEDIA,0,Other_Amphibian,0.4336,1642.5,2279.8,1838.2,2448.6
/srv/shared_leopard_toad/2024/02.10.2024/6R/100MEDIA/DSCF0952.JPG,DSCF0952.JPG,6R/100MEDIA,0,Other_Amphibian,0.8628,2040.3,2159.1,2210.0,2321.2
/srv/shared_leopard_toad/2024/02.10.2024/6R/100MEDIA/DSCF0952.JPG,DSCF0952.JPG,6R/100MEDIA,2,Western_Leopard_Toad,0.5493,2040.3,2159.1,2210.0,2321.2
/srv/shared_leopard_toad/2024/02.10.2024/6R/100MEDIA/DSCF0172.JPG,DSCF0172.JPG,6R/100MEDIA,0,Other_Amphibian,0.2732,241.5,2.0,353.1,86.0
/srv/shared_leopard_toad/2024/02.10.2024/6R/100MEDIA/DSCF0172.JPG,DSCF0172.JPG,6R/100MEDIA,0,Other_Amphibian,0.2478,240.7,2.9,349.9,86.5
/srv/shared_leopard_toad/2024/02.10.2024/6R/100MEDIA/DSCF0467.JPG,DSCF0467.JPG,6R/100MEDIA,0,Other_Amphibian,0.5669,1642.4,2279.6,1833.8,2448.7
/srv/shared_leopard_toad/2024/02.10.2024/6R/100MEDIA/DSCF0274.JPG,DSCF0274.JPG,6R/100MEDIA,0,Other_Amphibian,0.2278,244.3,1.5,347.4,86.2
/srv/shared_leopard_toad/2024/02.10.2024/6R/100MEDIA/DSCF0797.JPG,DSCF0797.JPG,6R/100MEDIA,0,Other_Amphibian,0.2371,241.8,2.1,356.1,86.9
/srv/shared_leopard_toad/2024/02.10.2024/6R/100MEDIA/DSCF0496.JPG,DSCF0496.JPG,6R/100MEDIA,0,Other_Amphibian,0.2170,1654.3,2277.7,1833.2,2448.1
/srv/shared_leopard_toad/2024/02.10.2024/6R/100MEDIA/DSCF0434.JPG,DSCF0434.JPG,6R/100MEDIA,0,Other_Amphibian,0.3083,1644.6,2281.7,1833.9,2449.2
/srv/shared_leopard_toad/2024/02.10.2024/6R/100MEDIA/DSCF0424.JPG,DSCF0424.JPG,6R/100MEDIA,0,Other_Amphibian,0.4727,1639.1,2281.4,1834.9,2449.5
/srv/shared_leopard_toad/2024/02.10.2024/6R/100MEDIA/DSCF0435.JPG,DSCF0435.JPG,6R/100MEDIA,0,Other_Amphibian,0.4338,1640.3,2281.8,1831.4,2449.1
/srv/shared_leopard_toad/2024/02.10.2024/6R/100MEDIA/DSCF0260.JPG,DSCF0260.JPG,6R/100MEDIA,0,Other_Amphibian,0.2205,242.6,0.3,349.7,85.4
/srv/shared_leopard_toad/2024/02.10.2024/6R/100MEDIA/DSCF0260.JPG,DSCF0260.JPG,6R/100MEDIA,0,Other_Amphibian,0.2010,243.0,2.5,347.7,85.9
/srv/shared_leopard_toad/2024/02.10.2024/6R/100MEDIA/DSCF0462.JPG,DSCF0462.JPG,6R/100MEDIA,0,Other_Amphibian,0.3799,1640.5,2281.4,1835.8,2449.5
/srv/shared_leopard_toad/2024/02.10.2024/6R/100MEDIA/DSCF0436.JPG,DSCF0436.JPG,6R/100MEDIA,0,Other_Amphibian,0.3992,1641.2,2279.9,1835.1,2448.4
/srv/shared_leopard_toad/2024/02.10.2024/6R/100MEDIA/DSCF0471.JPG,DSCF0471.JPG,6R/100MEDIA,0,Other_Amphibian,0.3433,1641.0,2279.9,1835.3,2448.4
/srv/shared_leopard_toad/2024/02.10.2024/6R/100MEDIA/DSCF0951.JPG,DSCF0951.JPG,6R/100MEDIA,0,Other_Amphibian,0.8755,2041.4,2158.9,2211.1,2321.4
/srv/shared_leopard_toad/2024/02.10.2024/6R/100MEDIA/DSCF0951.JPG,DSCF0951.JPG,6R/100MEDIA,2,Western_Leopard_Toad,0.4199,2041.4,2158.9,2211.1,2321.4
/srv/shared_leopard_toad/2024/02.10.2024/6R/100MEDIA/DSCF0647.JPG,DSCF0647.JPG,6R/100MEDIA,0,Other_Amphibian,0.2162,241.3,2.6,351.0,87.5
/srv/shared_leopard_toad/2024/02.10.2024/6R/100MEDIA/DSCF0968.JPG,DSCF0968.JPG,6R/100MEDIA,0,Other_Amphibian,0.2283,243.0,2.4,349.3,88.4
/srv/shared_leopard_toad/2024/02.10.2024/6R/100MEDIA/DSCF0529.JPG,DSCF0529.JPG,6R/100MEDIA,0,Other_Amphibian,0.2421,1656.4,2276.9,1835.6,2448.9
/srv/shared_leopard_toad/2024/02.10.2024/6R/100MEDIA/DSCF0348.JPG,DSCF0348.JPG,6R/100MEDIA,0,Other_Amphibian,0.2053,240.1,2.2,346.0,83.8
/srv/shared_leopard_toad/2024/02.10.2024/6R/100MEDIA/DSCF0078.JPG,DSCF0078.JPG,6R/100MEDIA,0,Other_Amphibian,0.2180,260.3,1028.0,383.2,1189.3
/srv/shared_leopard_toad/2024/02.10.2024/6R/100MEDIA/DSCF0213.JPG,DSCF0213.JPG,6R/100MEDIA,0,Other_Amphibian,0.2382,243.5,3.1,348.2,87.0
/srv/shared_leopard_toad/2024/02.10.2024/6R/100MEDIA/DSCF0213.JPG,DSCF0213.JPG,6R/100MEDIA,0,Other_Amphibian,0.2039,242.4,1.3,349.9,86.4
/srv/shared_leopard_toad/2024/02.10.2024/6R/100MEDIA/DSCF0351.JPG,DSCF0351.JPG,6R/100MEDIA,0,Other_Amphibian,0.3276,242.9,2.8,349.4,86.6
/srv/shared_leopard_toad/2024/02.10.2024/6R/100MEDIA/DSCF0351.JPG,DSCF0351.JPG,6R/100MEDIA,0,Other_Amphibian,0.2368,241.9,1.5,350.4,86.3
/srv/shared_leopard_toad/2024/02.10.2024/6R/100MEDIA/DSCF0354.JPG,DSCF0354.JPG,6R/100MEDIA,0,Other_Amphibian,0.2705,241.4,0.8,350.9,84.8
/srv/shared_leopard_toad/2024/02.10.2024/6R/100MEDIA/DSCF0354.JPG,DSCF0354.JPG,6R/100MEDIA,0,Other_Amphibian,0.2167,242.0,-0.2,352.6,84.6
/srv/shared_leopard_toad/2024/02.10.2024/6R/100MEDIA/DSCF0459.JPG,DSCF0459.JPG,6R/100MEDIA,0,Other_Amphibian,0.3210,1640.6,2280.1,1835.6,2448.3
/srv/shared_leopard_toad/2024/02.10.2024/6R/100MEDIA/DSCF0620.JPG,DSCF0620.JPG,6R/100MEDIA,0,Other_Amphibian,0.2534,241.5,3.5,351.9,89.1
/srv/shared_leopard_toad/2024/02.10.2024/6R/100MEDIA/DSCF0468.JPG,DSCF0468.JPG,6R/100MEDIA,0,Other_Amphibian,0.4480,1641.2,2280.1,1835.1,2448.3
/srv/shared_leopard_toad/2024/02.10.2024/6R/100MEDIA/DSCF0865.JPG,DSCF0865.JPG,6R/100MEDIA,0,Other_Amphibian,0.3552,240.1,2.3,357.9,86.0
/srv/shared_leopard_toad/2024/02.10.2024/6R/100MEDIA/DSCF0832.JPG,DSCF0832.JPG,6R/100MEDIA,0,Other_Amphibian,0.2021,242.9,4.0,353.9,87.4
/srv/shared_leopard_toad/2024/02.10.2024/6R/100MEDIA/DSCF0357.JPG,DSCF0357.JPG,6R/100MEDIA,0,Other_Amphibian,0.2323,241.5,1.1,350.8,84.3
/srv/shared_leopard_toad/2024/02.10.2024/6R/100MEDIA/DSCF0843.JPG,DSCF0843.JPG,6R/100MEDIA,2,Western_Leopard_Toad,0.5303,3724.1,2331.8,3831.4,2447.2
/srv/shared_leopard_toad/2024/02.10.2024/6R/100MEDIA/DSCF0497.JPG,DSCF0497.JPG,6R/100MEDIA,0,Other_Amphibian,0.3025,244.2,2.1,349.2,86.3
/srv/shared_leopard_toad/2024/02.10.2024/6R/100MEDIA/DSCF0497.JPG,DSCF0497.JPG,6R/100MEDIA,0,Other_Amphibian,0.2310,1650.0,2279.2,1833.0,2449.2
/srv/shared_leopard_toad/2024/02.10.2024/6R/100MEDIA/DSCF0497.JPG,DSCF0497.JPG,6R/100MEDIA,0,Other_Amphibian,0.2050,242.5,0.2,349.8,85.8
/srv/shared_leopard_toad/2024/02.10.2024/6R/100MEDIA/DSCF0460.JPG,DSCF0460.JPG,6R/100MEDIA,0,Other_Amphibian,0.3911,1643.3,2280.3,1835.2,2448.1
/srv/shared_leopard_toad/2024/02.10.2024/6R/100MEDIA/DSCF0460.JPG,DSCF0460.JPG,6R/100MEDIA,0,Other_Amphibian,0.2037,240.0,3.0,349.5,86.1
/srv/shared_leopard_toad/2024/02.10.2024/6R/100MEDIA/DSCF0392.JPG,DSCF0392.JPG,6R/100MEDIA,0,Other_Amphibian,0.6870,3275.9,2089.3,3433.6,2251.8
/srv/shared_leopard_toad/2024/02.10.2024/6R/100MEDIA/DSCF0392.JPG,DSCF0392.JPG,6R/100MEDIA,2,Western_Leopard_Toad,0.3264,3275.9,2089.3,3433.6,2251.8
/srv/shared_leopard_toad/2024/02.10.2024/6R/100MEDIA/DSCF0392.JPG,DSCF0392.JPG,6R/100MEDIA,0,Other_Amphibian,0.3264,3276.2,2088.0,3433.3,2250.5
/srv/shared_leopard_toad/2024/02.10.2024/6R/100MEDIA/DSCF0465.JPG,DSCF0465.JPG,6R/100MEDIA,0,Other_Amphibian,0.2837,1641.0,2279.6,1837.5,2448.7
/srv/shared_leopard_toad/2024/02.10.2024/6R/100MEDIA/DSCF0450.JPG,DSCF0450.JPG,6R/100MEDIA,0,Other_Amphibian,0.3650,1643.0,2280.3,1835.5,2448.1
/srv/shared_leopard_toad/2024/02.10.2024/6R/100MEDIA/DSCF0444.JPG,DSCF0444.JPG,6R/100MEDIA,0,Other_Amphibian,0.2852,1642.3,2280.1,1838.5,2448.3
/srv/shared_leopard_toad/2024/02.10.2024/6R/100MEDIA/DSCF0084.JPG,DSCF0084.JPG,6R/100MEDIA,0,Other_Amphibian,0.2272,1632.0,2276.3,1830.7,2449.5
/srv/shared_leopard_toad/2024/02.10.2024/6R/100MEDIA/DSCF0520.JPG,DSCF0520.JPG,6R/100MEDIA,0,Other_Amphibian,0.9390,1246.3,2305.9,1429.0,2455.4
/srv/shared_leopard_toad/2024/02.10.2024/6R/100MEDIA/DSCF0950.JPG,DSCF0950.JPG,6R/100MEDIA,0,Other_Amphibian,0.9141,2043.3,2164.7,2213.7,2320.7
/srv/shared_leopard_toad/2024/02.10.2024/6R/100MEDIA/DSCF0950.JPG,DSCF0950.JPG,6R/100MEDIA,2,Western_Leopard_Toad,0.2827,2043.3,2164.7,2213.7,2320.7
/srv/shared_leopard_toad/2024/02.10.2024/6R/100MEDIA/DSCF0447.JPG,DSCF0447.JPG,6R/100MEDIA,0,Other_Amphibian,0.3755,1641.7,2281.7,1836.8,2449.2
/srv/shared_leopard_toad/2024/02.10.2024/6R/100MEDIA/DSCF0201.JPG,DSCF0201.JPG,6R/100MEDIA,0,Other_Amphibian,0.2252,1629.4,2274.1,1833.4,2449.2
/srv/shared_leopard_toad/2024/02.10.2024/6R/100MEDIA/DSCF0992.JPG,DSCF0992.JPG,6R/100MEDIA,0,Other_Amphibian,0.8882,2081.9,2136.5,2224.6,2321.1
/srv/shared_leopard_toad/2024/02.10.2024/6R/100MEDIA/DSCF0992.JPG,DSCF0992.JPG,6R/100MEDIA,0,Other_Amphibian,0.3174,2081.4,2136.0,2225.1,2321.6
/srv/shared_leopard_toad/2024/02.10.2024/6R/100MEDIA/DSCF0513.JPG,DSCF0513.JPG,6R/100MEDIA,0,Other_Amphibian,0.8091,197.3,1029.2,373.9,1204.6
