image_path,image_name,subfolder,class_id,class_name,confidence,xmin,ymin,xmax,ymax
/srv/shared_leopard_toad/2024/18.11.2024/3R/103MEDIA/DSCF0541.JPG,DSCF0541.JPG,3R/103MEDIA,0,Other_Amphibian,0.2332,1134.7,1493.9,1200.8,1579.0
/srv/shared_leopard_toad/2024/18.11.2024/3R/103MEDIA/DSCF0279.JPG,DSCF0279.JPG,3R/103MEDIA,0,Other_Amphibian,0.8862,1467.0,1876.1,1579.5,1999.3
/srv/shared_leopard_toad/2024/18.11.2024/3R/103MEDIA/DSCF0514.JPG,DSCF0514.JPG,3R/103MEDIA,0,Other_Amphibian,0.2039,1137.6,1493.8,1202.4,1579.1
/srv/shared_leopard_toad/2024/18.11.2024/3R/103MEDIA/DSCF0679.JPG,DSCF0679.JPG,3R/103MEDIA,0,Other_Amphibian,0.2090,126.1,3.0,208.3,86.7
/srv/shared_leopard_toad/2024/18.11.2024/3R/103MEDIA/DSCF0752.JPG,DSCF0752.JPG,3R/103MEDIA,2,Western_Leopard_Toad,0.3125,2960.1,1549.8,3074.4,1652.3
/srv/shared_leopard_toad/2024/18.11.2024/3R/103MEDIA/DSCF0390.JPG,DSCF0390.JPG,3R/103MEDIA,2,Western_Leopard_Toad,0.9355,1449.4,2029.0,1574.6,2157.7
/srv/shared_leopard_toad/2024/18.11.2024/3R/103MEDIA/DSCF0051.JPG,DSCF0051.JPG,3R/103MEDIA,0,Other_Amphibian,0.2452,2480.9,869.2,2536.6,939.4
/srv/shared_leopard_toad/2024/18.11.2024/3R/103MEDIA/DSCF0490.JPG,DSCF0490.JPG,3R/103MEDIA,0,Other_Amphibian,0.2147,1136.1,1494.7,1199.4,1578.2
/srv/shared_leopard_toad/2024/18.11.2024/3R/103MEDIA/DSCF0394.JPG,DSCF0394.JPG,3R/103MEDIA,0,Other_Amphibian,0.2111,2521.8,1919.3,2635.2,2072.5
/srv/shared_leopard_toad/2024/18.11.2024/3R/103MEDIA/DSCF0699.JPG,DSCF0699.JPG,3R/103MEDIA,2,Western_Leopard_Toad,0.7949,3076.9,1089.0,3223.1,1228.4
/srv/shared_leopard_toad/2024/18.11.2024/3R/103MEDIA/DSCF0699.JPG,DSCF0699.JPG,3R/103MEDIA,0,Other_Amphibian,0.3645,3076.9,1089.0,3223.1,1228.4
/srv/shared_leopard_toad/2024/18.11.2024/3R/103MEDIA/DSCF0559.JPG,DSCF0559.JPG,3R/103MEDIA,0,Other_Amphibian,0.2009,1133.6,1493.7,1199.7,1579.3
/srv/shared_leopard_toad/2024/18.11.2024/3R/103MEDIA/DSCF0033.JPG,DSCF0033.JPG,3R/103MEDIA,0,Other_Amphibian,0.8867,3145.7,1748.3,3257.8,1904.3
/srv/shared_leopard_toad/2024/18.11.2024/3R/103MEDIA/DSCF0700.JPG,DSCF0700.JPG,3R/103MEDIA,2,Western_Leopard_Toad,0.8774,3081.7,1087.5,3227.3,1231.1
/srv/shared_leopard_toad/2024/18.11.2024/3R/103MEDIA/DSCF0700.JPG,DSCF0700.JPG,3R/103MEDIA,0,Other_Amphibian,0.3481,3081.7,1087.5,3227.3,1231.1
/srv/shared_leopard_toad/2024/18.11.2024/3R/103MEDIA/DSCF0044.JPG,DSCF0044.JPG,3R/103MEDIA,0,Other_Amphibian,0.2440,2480.7,870.8,2536.8,940.4
/srv/shared_leopard_toad/2024/18.11.2024/3R/103MEDIA/DSCF0505.JPG,DSCF0505.JPG,3R/103MEDIA,0,Other_Amphibian,0.2294,1134.8,1494.7,1198.4,1578.2
/srv/shared_leopard_toad/2024/18.11.2024/3R/103MEDIA/DSCF0998.JPG,DSCF0998.JPG,3R/103MEDIA,0,Other_Amphibian,0.2125,2664.0,1435.2,2740.5,1501.0
/srv/shared_leopard_toad/2024/18.11.2024/3R/103MEDIA/DSCF0008.JPG,DSCF0008.JPG,3R/103MEDIA,0,Other_Amphibian,0.2045,2479.1,868.3,2533.9,940.2
/srv/shared_leopard_toad/2024/18.11.2024/3R/103MEDIA/DSCF0532.JPG,DSCF0532.JPG,3R/103MEDIA,0,Other_Amphibian,0.3064,1136.8,1493.8,1203.2,1579.2
/srv/shared_leopard_toad/2024/18.11.2024/3R/103MEDIA/DSCF0697.JPG,DSCF0697.JPG,3R/103MEDIA,0,Other_Amphibian,0.2090,3059.7,1088.9,3217.8,1219.6
/srv/shared_leopard_toad/2024/18.11.2024/3R/103MEDIA/DSCF0036.JPG,DSCF0036.JPG,3R/103MEDIA,0,Other_Amphibian,0.2012,2480.9,871.0,2536.6,941.4
/srv/shared_leopard_toad/2024/18.11.2024/3R/103MEDIA/DSCF0040.JPG,DSCF0040.JPG,3R/103MEDIA,0,Other_Amphibian,0.2367,2480.7,869.1,2536.8,942.0
/srv/shared_leopard_toad/2024/18.11.2024/3R/103MEDIA/DSCF0096.JPG,DSCF0096.JPG,3R/103MEDIA,0,Other_Amphibian,0.8809,2878.2,1824.4,2998.8,1952.2
/srv/shared_leopard_toad/2024/18.11.2024/3R/103MEDIA/DSCF0704.JPG,DSCF0704.JPG,3R/103MEDIA,2,Western_Leopard_Toad,0.4294,3079.6,1090.1,3220.4,1226.0
/srv/shared_leopard_toad/2024/18.11.2024/3R/103MEDIA/DSCF0704.JPG,DSCF0704.JPG,3R/103MEDIA,0,Other_Amphibian,0.3757,3079.6,1090.1,3220.4,1226.0
/srv/shared_leopard_toad/2024/18.11.2024/3R/103MEDIA/DSCF0097.JPG,DSCF0097.JPG,3R/103MEDIA,0,Other_Amphibian,0.6504,2877.3,1824.2,2999.7,1960.1
/srv/shared_leopard_toad/2024/18.11.2024/3R/103MEDIA/DSCF0523.JPG,DSCF0523.JPG,3R/103MEDIA,0,Other_Amphibian,0.2268,1133.8,1494.9,1199.4,1578.1
/srv/shared_leopard_toad/2024/18.11.2024/3R/103MEDIA/DSCF0745.JPG,DSCF0745.JPG,3R/103MEDIA,0,Other_Amphibian,0.2021,1691.9,1909.9,1793.4,2018.6
/srv/shared_leopard_toad/2024/18.11.2024/3R/103MEDIA/DSCF0095.JPG,DSCF0095.JPG,3R/103MEDIA,0,Other_Amphibian,0.7417,2722.6,1659.9,2866.4,1807.9
/srv/shared_leopard_toad/2024/18.11.2024/3R/103MEDIA/DSCF0387.JPG,DSCF0387.JPG,3R/103MEDIA,2,Western_Leopard_Toad,0.9375,1443.9,2006.3,1571.1,2145.0
/srv/shared_leopard_toad/2024/18.11.2024/3R/103MEDIA/DSCF0387.JPG,DSCF0387.JPG,3R/103MEDIA,0,Other_Amphibian,0.2278,1443.9,2006.3,1571.1,2145.0
/srv/shared_leopard_toad/2024/18.11.2024/3R/103MEDIA/DSCF0991.JPG,DSCF0991.JPG,3R/103MEDIA,0,Other_Amphibian,0.2280,2662.2,1435.8,2737.8,1503.0
/srv/shared_leopard_toad/2024/18.11.2024/3R/103MEDIA/DSCF0018.JPG,DSCF0018.JPG,3R/103MEDIA,0,Other_Amphibian,0.2242,2481.2,870.8,2536.3,941.5
/srv/shared_leopard_toad/2024/18.11.2024/3R/103MEDIA/DSCF0278.JPG,DSCF0278.JPG,3R/103MEDIA,0,Other_Amphibian,0.7227,1314.8,1977.3,1475.2,2110.7
/srv/shared_leopard_toad/2024/18.11.2024/3R/103MEDIA/DSCF0099.JPG,DSCF0099.JPG,3R/103MEDIA,0,Other_Amphibian,0.2534,2873.8,1824.2,2998.7,1957.5
/srv/shared_leopard_toad/2024/18.11.2024/3R/103MEDIA/DSCF0538.JPG,DSCF0538.JPG,3R/103MEDIA,0,Other_Amphibian,0.2322,1136.5,1493.9,1203.5,1579.0
/srv/shared_leopard_toad/2024/18.11.2024/3R/103MEDIA/DSCF0545.JPG,DSCF0545.JPG,3R/103MEDIA,0,Other_Amphibian,0.2079,1136.0,1495.7,1199.5,1579.8
/srv/shared_leopard_toad/2024/18.11.2024/3R/103MEDIA/DSCF0705.JPG,DSCF0705.JPG,3R/103MEDIA,2,Western_Leopard_Toad,0.5205,3081.0,1091.7,3223.5,1232.0
/srv/shared_leopard_toad/2024/18.11.2024/3R/103MEDIA/DSCF0705.JPG,DSCF0705.JPG,3R/103MEDIA,0,Other_Amphibian,0.2944,3081.0,1091.7,3223.5,1232.0
/srv/shared_leopard_toad/2024/18.11.2024/3R/103MEDIA/DSCF0277.JPG,DSCF0277.JPG,3R/103MEDIA,0,Other_Amphibian,0.7993,1314.5,1973.9,1471.0,2109.0
/srv/shared_leopard_toad/2024/18.11.2024/3R/103MEDIA/DSCF0277.JPG,DSCF0277.JPG,3R/103MEDIA,2,Western_Leopard_Toad,0.2546,1314.5,1973.9,1471.0,2109.0
/srv/shared_leopard_toad/2024/18.11.2024/3R/103MEDIA/DSCF0747.JPG,DSCF0747.JPG,3R/103MEDIA,2,Western_Leopard_Toad,0.2932,2962.7,1551.6,3071.8,1653.0
/srv/shared_leopard_toad/2024/18.11.2024/3R/103MEDIA/DSCF0747.JPG,DSCF0747.JPG,3R/103MEDIA,0,Other_Amphibian,0.2374,1694.0,1912.1,1793.5,2018.9
/srv/shared_leopard_toad/2024/18.11.2024/3R/103MEDIA/DSCF0996.JPG,DSCF0996.JPG,3R/103MEDIA,0,Other_Amphibian,0.2615,2661.8,1434.2,2738.2,1499.5
/srv/shared_leopard_toad/2024/18.11.2024/3R/103MEDIA/DSCF0996.JPG,DSCF0996.JPG,3R/103MEDIA,0,Other_Amphibian,0.2394,2661.9,1434.0,2738.1,1499.7
/srv/shared_leopard_toad/2024/18.11.2024/3R/103MEDIA/DSCF0098.JPG,DSCF0098.JPG,3R/103MEDIA,0,Other_Amphibian,0.3530,2876.1,1824.9,2996.4,1959.3
/srv/shared_leopard_toad/2024/18.11.2024/3R/103MEDIA/DSCF0961.JPG,DSCF0961.JPG,3R/103MEDIA,2,Western_Leopard_Toad,0.8086,1664.6,2180.1,1818.4,2353.4
/srv/shared_leopard_toad/2024/18.11.2024/3R/103MEDIA/DSCF0389.JPG,DSCF0389.JPG,3R/103MEDIA,2,Western_Leopard_Toad,0.8711,1460.0,1995.9,1575.2,2147.7
/srv/shared_leopard_toad/2024/18.11.2024/3R/103MEDIA/DSCF0389.JPG,DSCF0389.JPG,3R/103MEDIA,0,Other_Amphibian,0.5093,1460.0,1995.9,1575.2,2147.7
/srv/shared_leopard_toad/2024/18.11.2024/3R/103MEDIA/DSCF0687.JPG,DSCF0687.JPG,3R/103MEDIA,0,Other_Amphibian,0.9258,1692.6,1720.5,1808.4,1868.8
/srv/shared_leopard_toad/2024/18.11.2024/3R/103MEDIA/DSCF0639.JPG,DSCF0639.JPG,3R/103MEDIA,0,Other_Amphibian,0.2717,3067.0,454.9,3228.5,641.1
/srv/shared_leopard_toad/2024/18.11.2024/3R/103MEDIA/DSCF0275.JPG,DSCF0275.JPG,3R/103MEDIA,0,Other_Amphibian,0.7510,1314.6,1974.0,1470.9,2108.9
/srv/shared_leopard_toad/2024/18.11.2024/3R/103MEDIA/DSCF0756.JPG,DSCF0756.JPG,3R/103MEDIA,0,Other_Amphibian,0.6646,2639.5,1329.2,2729.0,1445.0
/srv/shared_leopard_toad/2024/18.11.2024/3R/103MEDIA/DSCF0756.JPG,DSCF0756.JPG,3R/103MEDIA,2,Western_Leopard_Toad,0.5522,2639.5,1329.2,2729.0,1445.0
/srv/shared_leopard_toad/2024/18.11.2024/3R/103MEDIA/DSCF0976.JPG,DSCF0976.JPG,3R/103MEDIA,2,Western_Leopard_Toad,0.8198,2906.2,253.4,3006.8,361.4
/srv/shared_leopard_toad/2024/18.11.2024/3R/103MEDIA/DSCF0976.JPG,DSCF0976.JPG,3R/103MEDIA,0,Other_Amphibian,0.3857,2906.2,253.4,3006.8,361.4
/srv/shared_leopard_toad/2024/18.11.2024/3R/103MEDIA/DSCF0749.JPG,DSCF0749.JPG,3R/103MEDIA,2,Western_Leopard_Toad,0.4368,2962.2,1549.0,3072.3,1653.0
/srv/shared_leopard_toad/2024/18.11.2024/3R/103MEDIA/DSCF0032.JPG,DSCF0032.JPG,3R/103MEDIA,0,Other_Amphibian,0.7646,3151.4,1710.8,3292.6,1812.7
/srv/shared_leopard_toad/2024/18.11.2024/3R/103MEDIA/DSCF0032.JPG,DSCF0032.JPG,3R/103MEDIA,2,Western_Leopard_Toad,0.4915,3151.4,1710.8,3292.6,1812.7
/srv/shared_leopard_toad/2024/18.11.2024/3R/103MEDIA/DSCF0569.JPG,DSCF0569.JPG,3R/103MEDIA,0,Other_Amphibian,0.3025,1132.6,1501.2,1196.2,1579.3
/srv/shared_leopard_toad/2024/18.11.2024/3R/103MEDIA/DSCF0276.JPG,DSCF0276.JPG,3R/103MEDIA,0,Other_Amphibian,0.8140,1314.5,1972.9,1468.8,2107.5
/srv/shared_leopard_toad/2024/18.11.2024/3R/103MEDIA/DSCF0276.JPG,DSCF0276.JPG,3R/103MEDIA,2,Western_Leopard_Toad,0.3020,1314.5,1972.9,1468.8,2107.5
/srv/shared_leopard_toad/2024/18.11.2024/3R/103MEDIA/DSCF0066.JPG,DSCF0066.JPG,3R/103MEDIA,0,Other_Amphibian,0.2401,2481.1,869.1,2536.4,939.5
/srv/shared_leopard_toad/2024/18.11.2024/3R/103MEDIA/DSCF0034.JPG,DSCF0034.JPG,3R/103MEDIA,0,Other_Amphibian,0.8682,3146.7,1747.4,3256.8,1905.2
/srv/shared_leopard_toad/2024/18.11.2024/3R/103MEDIA/DSCF0035.JPG,DSCF0035.JPG,3R/103MEDIA,0,Other_Amphibian,0.8550,3148.1,1745.9,3259.9,1901.6
/srv/shared_leopard_toad/2024/18.11.2024/3R/103MEDIA/DSCF0522.JPG,DSCF0522.JPG,3R/103MEDIA,0,Other_Amphibian,0.2234,1135.1,1494.4,1200.4,1578.6
/srv/shared_leopard_toad/2024/18.11.2024/3R/103MEDIA/DSCF0975.JPG,DSCF0975.JPG,3R/103MEDIA,0,Other_Amphibian,0.6831,2906.8,252.1,3006.2,360.5
/srv/shared_leopard_toad/2024/18.11.2024/3R/103MEDIA/DSCF0975.JPG,DSCF0975.JPG,3R/103MEDIA,2,Western_Leopard_Toad,0.5674,2906.8,252.1,3006.2,360.5
/srv/shared_leopard_toad/2024/18.11.2024/3R/103MEDIA/DSCF0388.JPG,DSCF0388.JPG,3R/103MEDIA,2,Western_Leopard_Toad,0.8828,1460.7,1995.5,1574.5,2148.2
/srv/shared_leopard_toad/2024/18.11.2024/3R/103MEDIA/DSCF0388.JPG,DSCF0388.JPG,3R/103MEDIA,0,Other_Amphibian,0.4749,1460.7,1995.5,1574.5,2148.2
/srv/shared_leopard_toad/2024/18.11.2024/3R/103MEDIA/DSCF0092.JPG,DSCF0092.JPG,3R/103MEDIA,0,Other_Amphibian,0.2224,2481.2,869.5,2536.3,939.1
/srv/shared_leopard_toad/2024/18.11.2024/3R/103MEDIA/DSCF0100.JPG,DSCF0100.JPG,3R/103MEDIA,0,Other_Amphibian,0.8115,2875.5,1825.5,2997.0,1958.7
/srv/shared_leopard_toad/2024/18.11.2024/3R/103MEDIA/DSCF0047.JPG,DSCF0047.JPG,3R/103MEDIA,0,Other_Amphibian,0.2007,2480.4,870.4,2537.1,940.7
/srv/shared_leopard_toad/2024/18.11.2024/3R/103MEDIA/DSCF0064.JPG,DSCF0064.JPG,3R/103MEDIA,0,Other_Amphibian,0.2153,2482.3,870.8,2535.2,940.3
/srv/shared_leopard_toad/2024/18.11.2024/3R/103MEDIA/DSCF0746.JPG,DSCF0746.JPG,3R/103MEDIA,2,Western_Leopard_Toad,0.8047,2919.4,1498.8,3020.6,1619.7
/srv/shared_leopard_toad/2024/18.11.2024/3R/103MEDIA/DSCF0746.JPG,DSCF0746.JPG,3R/103MEDIA,0,Other_Amphibian,0.3862,2919.4,1498.8,3020.6,1619.7
/srv/shared_leopard_toad/2024/18.11.2024/3R/103MEDIA/DSCF0105.JPG,DSCF0105.JPG,3R/103MEDIA,0,Other_Amphibian,0.7432,3061.3,1964.4,3148.7,2080.5
/srv/shared_leopard_toad/2024/18.11.2024/3R/103MEDIA/DSCF0688.JPG,DSCF0688.JPG,3R/103MEDIA,0,Other_Amphibian,0.9258,1693.5,1721.0,1807.5,1868.3
/srv/shared_leopard_toad/2024/18.11.2024/3R/103MEDIA/DSCF0855.JPG,DSCF0855.JPG,3R/103MEDIA,0,Other_Amphibian,0.2202,3235.0,1620.8,3321.5,1702.7
/srv/shared_leopard_toad/2024/18.11.2024/3R/103MEDIA/DSCF0701.JPG,DSCF0701.JPG,3R/103MEDIA,0,Other_Amphibian,0.3857,3080.1,1089.9,3219.9,1228.8
/srv/shared_leopard_toad/2024/18.11.2024/3R/103MEDIA/DSCF0701.JPG,DSCF0701.JPG,3R/103MEDIA,2,Western_Leopard_Toad,0.3843,3080.1,1089.9,3219.9,1228.8
/srv/shared_leopard_toad/2024/18.11.2024/3R/103MEDIA/DSCF0638.JPG,DSCF0638.JPG,3R/103MEDIA,0,Other_Amphibian,0.2686,3071.2,463.8,3233.2,639.2
/srv/shared_leopard_toad/2024/18.11.2024/3R/103MEDIA/DSCF0702.JPG,DSCF0702.JPG,3R/103MEDIA,2,Western_Leopard_Toad,0.3955,3083.2,1090.1,3225.8,1227.3
/srv/shared_leopard_toad/2024/18.11.2024/3R/103MEDIA/DSCF0702.JPG,DSCF0702.JPG,3R/103MEDIA,0,Other_Amphibian,0.3103,3083.2,1090.1,3225.8,1227.3
/srv/shared_leopard_toad/2024/18.11.2024/3R/107MEDIA/DSCF0012.JPG,DSCF0012.JPG,3R/107MEDIA,0,Other_Amphibian,0.2625,112.4,1530.4,194.7,1626.1
/srv/shared_leopard_toad/2024/18.11.2024/3R/107MEDIA/DSCF0001.JPG,DSCF0001.JPG,3R/107MEDIA,0,Other_Amphibian,0.3069,111.5,1527.4,196.2,1626.5
/srv/shared_leopard_toad/2024/18.11.2024/3R/107MEDIA/DSCF0298.JPG,DSCF0298.JPG,3R/107MEDIA,0,Other_Amphibian,0.2698,2475.1,955.8,2560.4,1033.7
/srv/shared_leopard_toad/2024/18.11.2024/3R/107MEDIA/DSCF0164.JPG,DSCF0164.JPG,3R/107MEDIA,2,Western_Leopard_Toad,0.2607,1884.7,1270.8,2021.3,1432.6
/srv/shared_leopard_toad/2024/18.11.2024/3R/107MEDIA/DSCF0008.JPG,DSCF0008.JPG,3R/107MEDIA,0,Other_Amphibian,0.3066,109.8,1529.0,195.6,1627.5
/srv/shared_leopard_toad/2024/18.11.2024/3R/107MEDIA/DSCF0155.JPG,DSCF0155.JPG,3R/107MEDIA,2,Western_Leopard_Toad,0.2754,1883.6,1267.8,2022.4,1433.0
/srv/shared_leopard_toad/2024/18.11.2024/3R/107MEDIA/DSCF0006.JPG,DSCF0006.JPG,3R/107MEDIA,0,Other_Amphibian,0.2133,110.2,1529.2,194.1,1627.2
/srv/shared_leopard_toad/2024/18.11.2024/3R/107MEDIA/DSCF0057.JPG,DSCF0057.JPG,3R/107MEDIA,0,Other_Amphibian,0.2133,104.4,1525.3,195.4,1626.1
/srv/shared_leopard_toad/2024/18.11.2024/3R/107MEDIA/DSCF0063.JPG,DSCF0063.JPG,3R/107MEDIA,0,Other_Amphibian,0.3259,101.9,1523.9,195.1,1624.9
/srv/shared_leopard_toad/2024/18.11.2024/3R/107MEDIA/DSCF0264.JPG,DSCF0264.JPG,3R/107MEDIA,2,Western_Leopard_Toad,0.2715,1884.1,1272.0,2021.9,1433.9
/srv/shared_leopard_toad/2024/18.11.2024/3R/107MEDIA/DSCF0320.JPG,DSCF0320.JPG,3R/107MEDIA,0,Other_Amphibian,0.2142,2475.2,956.6,2560.3,1035.5
/srv/shared_leopard_toad/2024/18.11.2024/3R/107MEDIA/DSCF0582.JPG,DSCF0582.JPG,3R/107MEDIA,0,Other_Amphibian,0.7568,3037.7,1666.7,3167.8,1813.8
/srv/shared_leopard_toad/2024/18.11.2024/3R/107MEDIA/DSCF0582.JPG,DSCF0582.JPG,3R/107MEDIA,2,Western_Leopard_Toad,0.4172,3037.7,1666.7,3167.8,1813.8
/srv/shared_leopard_toad/2024/18.11.2024/3R/107MEDIA/DSCF0252.JPG,DSCF0252.JPG,3R/107MEDIA,2,Western_Leopard_Toad,0.3818,1881.9,1271.7,2019.6,1434.2
/srv/shared_leopard_toad/2024/18.11.2024/3R/107MEDIA/DSCF0196.JPG,DSCF0196.JPG,3R/107MEDIA,2,Western_Leopard_Toad,0.2576,1881.8,1269.6,2024.2,1433.8
/srv/shared_leopard_toad/2024/18.11.2024/3R/107MEDIA/DSCF0660.JPG,DSCF0660.JPG,3R/107MEDIA,0,Other_Amphibian,0.2462,3044.3,1098.3,3098.2,1164.7
/srv/shared_leopard_toad/2024/18.11.2024/3R/107MEDIA/DSCF0031.JPG,DSCF0031.JPG,3R/107MEDIA,0,Other_Amphibian,0.2119,112.0,1529.7,195.2,1624.2
/srv/shared_leopard_toad/2024/18.11.2024/3R/107MEDIA/DSCF0018.JPG,DSCF0018.JPG,3R/107MEDIA,0,Other_Amphibian,0.3052,112.0,1530.6,194.6,1625.9
/srv/shared_leopard_toad/2024/18.11.2024/3R/107MEDIA/DSCF0099.JPG,DSCF0099.JPG,3R/107MEDIA,0,Other_Amphibian,0.2133,104.5,1523.7,195.9,1625.2
/srv/shared_leopard_toad/2024/18.11.2024/3R/107MEDIA/DSCF0015.JPG,DSCF0015.JPG,3R/107MEDIA,0,Other_Amphibian,0.3008,109.9,1529.9,195.0,1626.5
/srv/shared_leopard_toad/2024/18.11.2024/3R/107MEDIA/DSCF0319.JPG,DSCF0319.JPG,3R/107MEDIA,2,Western_Leopard_Toad,0.2612,1884.9,1269.1,2021.1,1434.3
/srv/shared_leopard_toad/2024/18.11.2024/3R/107MEDIA/DSCF0013.JPG,DSCF0013.JPG,3R/107MEDIA,0,Other_Amphibian,0.2119,111.0,1531.5,194.5,1627.5
/srv/shared_leopard_toad/2024/18.11.2024/3R/107MEDIA/DSCF0108.JPG,DSCF0108.JPG,3R/107MEDIA,0,Other_Amphibian,0.2289,103.2,1523.3,196.0,1625.5
/srv/shared_leopard_toad/2024/18.11.2024/3R/107MEDIA/DSCF0079.JPG,DSCF0079.JPG,3R/107MEDIA,0,Other_Amphibian,0.2272,103.6,1523.5,195.7,1625.4
/srv/shared_leopard_toad/2024/18.11.2024/3R/107MEDIA/DSCF0214.JPG,DSCF0214.JPG,3R/107MEDIA,2,Western_Leopard_Toad,0.2808,1882.4,1271.6,2023.6,1434.3
/srv/shared_leopard_toad/2024/18.11.2024/3R/107MEDIA/DSCF0587.JPG,DSCF0587.JPG,3R/107MEDIA,0,Other_Amphibian,0.3022,4230.0,2040.5,4311.0,2128.5
/srv/shared_leopard_toad/2024/18.11.2024/3R/107MEDIA/DSCF0265.JPG,DSCF0265.JPG,3R/107MEDIA,0,Other_Amphibian,0.2094,102.9,1524.7,197.5,1626.7
/srv/shared_leopard_toad/2024/18.11.2024/3R/107MEDIA/DSCF0017.JPG,DSCF0017.JPG,3R/107MEDIA,0,Other_Amphibian,0.3457,113.1,1532.9,196.0,1628.6
/srv/shared_leopard_toad/2024/18.11.2024/3R/107MEDIA/DSCF0316.JPG,DSCF0316.JPG,3R/107MEDIA,0,Other_Amphibian,0.2167,2473.9,955.6,2561.6,1033.9
/srv/shared_leopard_toad/2024/18.11.2024/3R/107MEDIA/DSCF0126.JPG,DSCF0126.JPG,3R/107MEDIA,0,Other_Amphibian,0.2637,101.2,1524.1,195.3,1624.7
/srv/shared_leopard_toad/2024/18.11.2024/3R/107MEDIA/DSCF0249.JPG,DSCF0249.JPG,3R/107MEDIA,2,Western_Leopard_Toad,0.3594,1884.7,1270.0,2021.3,1433.4
/srv/shared_leopard_toad/2024/18.11.2024/3R/107MEDIA/DSCF0093.JPG,DSCF0093.JPG,3R/107MEDIA,0,Other_Amphibian,0.3264,104.4,1523.5,197.1,1625.4
/srv/shared_leopard_toad/2024/18.11.2024/3R/107MEDIA/DSCF0083.JPG,DSCF0083.JPG,3R/107MEDIA,0,Other_Amphibian,0.2211,103.3,1522.9,197.7,1626.0
/srv/shared_leopard_toad/2024/18.11.2024/3R/107MEDIA/DSCF0028.JPG,DSCF0028.JPG,3R/107MEDIA,0,Other_Amphibian,0.2942,109.9,1529.3,196.1,1627.2
/srv/shared_leopard_toad/2024/18.11.2024/3R/107MEDIA/DSCF0176.JPG,DSCF0176.JPG,3R/107MEDIA,2,Western_Leopard_Toad,0.4741,1884.2,1269.7,2021.8,1433.6
/srv/shared_leopard_toad/2024/18.11.2024/3R/107MEDIA/DSCF0453.JPG,DSCF0453.JPG,3R/107MEDIA,0,Other_Amphibian,0.6079,2785.4,500.7,2898.1,666.2
/srv/shared_leopard_toad/2024/18.11.2024/3R/107MEDIA/DSCF0453.JPG,DSCF0453.JPG,3R/107MEDIA,0,Other_Amphibian,0.2781,2788.2,504.6,2899.8,662.3
/srv/shared_leopard_toad/2024/18.11.2024/3R/107MEDIA/DSCF0021.JPG,DSCF0021.JPG,3R/107MEDIA,0,Other_Amphibian,0.2426,112.7,1529.0,195.9,1625.0
/srv/shared_leopard_toad/2024/18.11.2024/3R/107MEDIA/DSCF0227.JPG,DSCF0227.JPG,3R/107MEDIA,2,Western_Leopard_Toad,0.3213,1883.9,1272.3,2022.1,1436.2
/srv/shared_leopard_toad/2024/18.11.2024/3R/107MEDIA/DSCF0019.JPG,DSCF0019.JPG,3R/107MEDIA,0,Other_Amphibian,0.2222,112.3,1529.6,194.8,1626.9
/srv/shared_leopard_toad/2024/18.11.2024/3R/107MEDIA/DSCF0160.JPG,DSCF0160.JPG,3R/107MEDIA,2,Western_Leopard_Toad,0.2642,1883.2,1268.0,2022.8,1432.8
/srv/shared_leopard_toad/2024/18.11.2024/3R/107MEDIA/DSCF0172.JPG,DSCF0172.JPG,3R/107MEDIA,2,Western_Leopard_Toad,0.3804,1881.9,1268.9,2019.6,1434.4
/srv/shared_leopard_toad/2024/18.11.2024/3R/107MEDIA/DSCF0321.JPG,DSCF0321.JPG,3R/107MEDIA,2,Western_Leopard_Toad,0.2739,1883.0,1271.0,2023.0,1434.9
/srv/shared_leopard_toad/2024/18.11.2024/3R/107MEDIA/DSCF0329.JPG,DSCF0329.JPG,3R/107MEDIA,2,Western_Leopard_Toad,0.2563,1883.1,1273.5,2022.9,1435.0
/srv/shared_leopard_toad/2024/18.11.2024/3R/107MEDIA/DSCF0261.JPG,DSCF0261.JPG,3R/107MEDIA,0,Other_Amphibian,0.2108,2474.4,956.7,2561.1,1035.4
/srv/shared_leopard_toad/2024/18.11.2024/3R/107MEDIA/DSCF0326.JPG,DSCF0326.JPG,3R/107MEDIA,2,Western_Leopard_Toad,0.2517,1883.6,1272.7,2022.4,1435.8
/srv/shared_leopard_toad/2024/18.11.2024/3R/107MEDIA/DSCF0010.JPG,DSCF0010.JPG,3R/107MEDIA,0,Other_Amphibian,0.2004,112.8,1528.4,195.7,1625.5
/srv/shared_leopard_toad/2024/18.11.2024/3R/107MEDIA/DSCF0242.JPG,DSCF0242.JPG,3R/107MEDIA,2,Western_Leopard_Toad,0.2976,1885.2,1271.2,2020.8,1434.7
/srv/shared_leopard_toad/2024/18.11.2024/3R/107MEDIA/DSCF0272.JPG,DSCF0272.JPG,3R/107MEDIA,2,Western_Leopard_Toad,0.3154,1882.3,1274.6,2023.7,1436.4
/srv/shared_leopard_toad/2024/18.11.2024/3R/107MEDIA/DSCF0272.JPG,DSCF0272.JPG,3R/107MEDIA,0,Other_Amphibian,0.2020,1882.3,1274.6,2023.7,1436.4
/srv/shared_leopard_toad/2024/18.11.2024/3R/107MEDIA/DSCF0016.JPG,DSCF0016.JPG,3R/107MEDIA,0,Other_Amphibian,0.2551,109.2,1529.6,196.2,1626.9
/srv/shared_leopard_toad/2024/18.11.2024/3R/107MEDIA/DSCF0029.JPG,DSCF0029.JPG,3R/107MEDIA,0,Other_Amphibian,0.2246,112.4,1532.8,196.7,1626.2
/srv/shared_leopard_toad/2024/18.11.2024/3R/107MEDIA/DSCF0865.JPG,DSCF0865.JPG,3R/107MEDIA,0,Other_Amphibian,0.2908,4548.2,252.8,4600.3,362.9
/srv/shared_leopard_toad/2024/18.11.2024/3R/107MEDIA/DSCF0085.JPG,DSCF0085.JPG,3R/107MEDIA,0,Other_Amphibian,0.2040,104.4,1524.1,194.8,1624.7
/srv/shared_leopard_toad/2024/18.11.2024/3R/107MEDIA/DSCF0109.JPG,DSCF0109.JPG,3R/107MEDIA,0,Other_Amphibian,0.2198,106.3,1523.5,195.8,1625.3
/srv/shared_leopard_toad/2024/18.11.2024/3R/107MEDIA/DSCF0328.JPG,DSCF0328.JPG,3R/107MEDIA,2,Western_Leopard_Toad,0.2539,1881.7,1272.1,2015.3,1436.3
/srv/shared_leopard_toad/2024/18.11.2024/3R/107MEDIA/DSCF0210.JPG,DSCF0210.JPG,3R/107MEDIA,2,Western_Leopard_Toad,0.3655,1880.8,1269.7,2016.2,1436.2
/srv/shared_leopard_toad/2024/18.11.2024/3R/107MEDIA/DSCF0322.JPG,DSCF0322.JPG,3R/107MEDIA,0,Other_Amphibian,0.3198,2478.3,953.8,2566.2,1033.3
/srv/shared_leopard_toad/2024/18.11.2024/3R/107MEDIA/DSCF0014.JPG,DSCF0014.JPG,3R/107MEDIA,0,Other_Amphibian,0.2805,110.8,1529.3,195.8,1627.2
/srv/shared_leopard_toad/2024/18.11.2024/3R/105MEDIA/DSCF0537.JPG,DSCF0537.JPG,3R/105MEDIA,0,Other_Amphibian,0.2595,4527.9,1806.4,4611.6,1985.4
/srv/shared_leopard_toad/2024/18.11.2024/3R/105MEDIA/DSCF0358.JPG,DSCF0358.JPG,3R/105MEDIA,2,Western_Leopard_Toad,0.7939,674.8,1156.4,772.0,1288.8
/srv/shared_leopard_toad/2024/18.11.2024/3R/105MEDIA/DSCF0012.JPG,DSCF0012.JPG,3R/105MEDIA,2,Western_Leopard_Toad,0.4795,1886.8,1269.7,2032.7,1431.2
/srv/shared_leopard_toad/2024/18.11.2024/3R/105MEDIA/DSCF0012.JPG,DSCF0012.JPG,3R/105MEDIA,0,Other_Amphibian,0.3420,1886.8,1269.7,2032.7,1431.2
/srv/shared_leopard_toad/2024/18.11.2024/3R/105MEDIA/DSCF0012.JPG,DSCF0012.JPG,3R/105MEDIA,1,Small_Mammal,0.3096,1886.8,1269.7,2032.7,1431.2
/srv/shared_leopard_toad/2024/18.11.2024/3R/105MEDIA/DSCF0488.JPG,DSCF0488.JPG,3R/105MEDIA,2,Western_Leopard_Toad,0.5615,675.5,1152.2,770.1,1287.9
/srv/shared_leopard_toad/2024/18.11.2024/3R/105MEDIA/DSCF0541.JPG,DSCF0541.JPG,3R/105MEDIA,0,Other_Amphibian,0.4592,4532.9,1808.3,4611.1,1993.6
/srv/shared_leopard_toad/2024/18.11.2024/3R/105MEDIA/DSCF0541.JPG,DSCF0541.JPG,3R/105MEDIA,2,Western_Leopard_Toad,0.3564,4532.9,1808.3,4611.1,1993.6
/srv/shared_leopard_toad/2024/18.11.2024/3R/105MEDIA/DSCF0519.JPG,DSCF0519.JPG,3R/105MEDIA,0,Other_Amphibian,0.2029,4529.2,1789.0,4610.2,1990.2
/srv/shared_leopard_toad/2024/18.11.2024/3R/105MEDIA/DSCF0466.JPG,DSCF0466.JPG,3R/105MEDIA,2,Western_Leopard_Toad,0.3503,674.4,1162.4,766.7,1289.1
/srv/shared_leopard_toad/2024/18.11.2024/3R/105MEDIA/DSCF0443.JPG,DSCF0443.JPG,3R/105MEDIA,2,Western_Leopard_Toad,0.2500,676.7,1163.4,764.5,1288.1
/srv/shared_leopard_toad/2024/18.11.2024/3R/105MEDIA/DSCF0911.JPG,DSCF0911.JPG,3R/105MEDIA,2,Western_Leopard_Toad,0.4302,677.8,1165.7,776.8,1294.7
/srv/shared_leopard_toad/2024/18.11.2024/3R/105MEDIA/DSCF0911.JPG,DSCF0911.JPG,3R/105MEDIA,2,Western_Leopard_Toad,0.3635,679.3,1167.0,775.3,1294.6
/srv/shared_leopard_toad/2024/18.11.2024/3R/105MEDIA/DSCF0279.JPG,DSCF0279.JPG,3R/105MEDIA,2,Western_Leopard_Toad,0.5273,677.1,1162.4,769.7,1287.9
/srv/shared_leopard_toad/2024/18.11.2024/3R/105MEDIA/DSCF0464.JPG,DSCF0464.JPG,3R/105MEDIA,2,Western_Leopard_Toad,0.6167,673.8,1155.2,770.7,1287.4
/srv/shared_leopard_toad/2024/18.11.2024/3R/105MEDIA/DSCF0455.JPG,DSCF0455.JPG,3R/105MEDIA,2,Western_Leopard_Toad,0.4839,676.7,1157.8,766.7,1284.9
/srv/shared_leopard_toad/2024/18.11.2024/3R/105MEDIA/DSCF0407.JPG,DSCF0407.JPG,3R/105MEDIA,2,Western_Leopard_Toad,0.2749,672.2,1160.4,766.7,1289.9
/srv/shared_leopard_toad/2024/18.11.2024/3R/105MEDIA/DSCF0416.JPG,DSCF0416.JPG,3R/105MEDIA,2,Western_Leopard_Toad,0.3564,674.2,1158.1,770.3,1289.6
/srv/shared_leopard_toad/2024/18.11.2024/3R/105MEDIA/DSCF0922.JPG,DSCF0922.JPG,3R/105MEDIA,2,Western_Leopard_Toad,0.3555,673.1,1167.9,772.5,1289.9
/srv/shared_leopard_toad/2024/18.11.2024/3R/105MEDIA/DSCF0678.JPG,DSCF0678.JPG,3R/105MEDIA,0,Other_Amphibian,0.3066,2471.1,951.2,2559.9,1032.1
/srv/shared_leopard_toad/2024/18.11.2024/3R/105MEDIA/DSCF0651.JPG,DSCF0651.JPG,3R/105MEDIA,0,Other_Amphibian,0.2225,4503.7,1792.7,4608.8,1940.9
/srv/shared_leopard_toad/2024/18.11.2024/3R/105MEDIA/DSCF0651.JPG,DSCF0651.JPG,3R/105MEDIA,0,Other_Amphibian,0.2224,2473.8,949.1,2561.7,1030.3
/srv/shared_leopard_toad/2024/18.11.2024/3R/105MEDIA/DSCF0514.JPG,DSCF0514.JPG,3R/105MEDIA,0,Other_Amphibian,0.2125,4515.9,1801.2,4605.6,1988.1
/srv/shared_leopard_toad/2024/18.11.2024/3R/105MEDIA/DSCF0767.JPG,DSCF0767.JPG,3R/105MEDIA,2,Western_Leopard_Toad,0.2893,676.0,1163.8,770.8,1292.8
/srv/shared_leopard_toad/2024/18.11.2024/3R/105MEDIA/DSCF0141.JPG,DSCF0141.JPG,3R/105MEDIA,2,Western_Leopard_Toad,0.2534,1893.0,1271.9,2026.5,1434.0
/srv/shared_leopard_toad/2024/18.11.2024/3R/105MEDIA/DSCF0543.JPG,DSCF0543.JPG,3R/105MEDIA,0,Other_Amphibian,0.3181,4529.9,1808.3,4609.6,1996.2
/srv/shared_leopard_toad/2024/18.11.2024/3R/105MEDIA/DSCF0543.JPG,DSCF0543.JPG,3R/105MEDIA,2,Western_Leopard_Toad,0.2598,4529.9,1808.3,4609.6,1996.2
/srv/shared_leopard_toad/2024/18.11.2024/3R/105MEDIA/DSCF0325.JPG,DSCF0325.JPG,3R/105MEDIA,2,Western_Leopard_Toad,0.4021,677.0,1163.7,769.8,1287.8
/srv/shared_leopard_toad/2024/18.11.2024/3R/105MEDIA/DSCF0107.JPG,DSCF0107.JPG,3R/105MEDIA,2,Western_Leopard_Toad,0.2927,1890.8,1270.0,2024.2,1433.4
/srv/shared_leopard_toad/2024/18.11.2024/3R/105MEDIA/DSCF0562.JPG,DSCF0562.JPG,3R/105MEDIA,0,Other_Amphibian,0.2795,4528.5,1792.8,4611.0,1981.3
/srv/shared_leopard_toad/2024/18.11.2024/3R/105MEDIA/DSCF0446.JPG,DSCF0446.JPG,3R/105MEDIA,2,Western_Leopard_Toad,0.2605,678.0,1161.8,767.6,1285.9
/srv/shared_leopard_toad/2024/18.11.2024/3R/105MEDIA/DSCF0512.JPG,DSCF0512.JPG,3R/105MEDIA,0,Other_Amphibian,0.2629,4524.8,1784.8,4610.2,1979.2
/srv/shared_leopard_toad/2024/18.11.2024/3R/105MEDIA/DSCF0430.JPG,DSCF0430.JPG,3R/105MEDIA,2,Western_Leopard_Toad,0.2703,1888.6,1271.2,2035.4,1434.7
/srv/shared_leopard_toad/2024/18.11.2024/3R/105MEDIA/DSCF0430.JPG,DSCF0430.JPG,3R/105MEDIA,0,Other_Amphibian,0.2489,1888.6,1271.2,2035.4,1434.7
/srv/shared_leopard_toad/2024/18.11.2024/3R/105MEDIA/DSCF0221.JPG,DSCF0221.JPG,3R/105MEDIA,2,Western_Leopard_Toad,0.5869,677.4,1166.6,769.3,1288.8
/srv/shared_leopard_toad/2024/18.11.2024/3R/105MEDIA/DSCF0442.JPG,DSCF0442.JPG,3R/105MEDIA,2,Western_Leopard_Toad,0.3396,677.3,1157.1,766.1,1288.1
/srv/shared_leopard_toad/2024/18.11.2024/3R/105MEDIA/DSCF0667.JPG,DSCF0667.JPG,3R/105MEDIA,0,Other_Amphibian,0.2325,2476.4,950.0,2563.6,1030.7
/srv/shared_leopard_toad/2024/18.11.2024/3R/105MEDIA/DSCF0812.JPG,DSCF0812.JPG,3R/105MEDIA,2,Western_Leopard_Toad,0.4165,682.2,1184.1,772.4,1292.8
/srv/shared_leopard_toad/2024/18.11.2024/3R/105MEDIA/DSCF0311.JPG,DSCF0311.JPG,3R/105MEDIA,2,Western_Leopard_Toad,0.3916,677.0,1160.8,767.5,1286.9
/srv/shared_leopard_toad/2024/18.11.2024/3R/105MEDIA/DSCF0362.JPG,DSCF0362.JPG,3R/105MEDIA,2,Western_Leopard_Toad,0.7075,674.4,1157.6,766.7,1287.6
/srv/shared_leopard_toad/2024/18.11.2024/3R/105MEDIA/DSCF0565.JPG,DSCF0565.JPG,3R/105MEDIA,0,Other_Amphibian,0.2837,4530.3,1798.9,4609.2,1982.8
/srv/shared_leopard_toad/2024/18.11.2024/3R/105MEDIA/DSCF0668.JPG,DSCF0668.JPG,3R/105MEDIA,0,Other_Amphibian,0.4111,2476.4,950.9,2563.6,1032.4
/srv/shared_leopard_toad/2024/18.11.2024/3R/105MEDIA/DSCF0061.JPG,DSCF0061.JPG,3R/105MEDIA,2,Western_Leopard_Toad,0.2661,1892.8,1269.1,2026.7,1434.3
/srv/shared_leopard_toad/2024/18.11.2024/3R/105MEDIA/DSCF0679.JPG,DSCF0679.JPG,3R/105MEDIA,0,Other_Amphibian,0.4539,2474.3,951.8,2561.2,1031.4
/srv/shared_leopard_toad/2024/18.11.2024/3R/105MEDIA/DSCF0752.JPG,DSCF0752.JPG,3R/105MEDIA,2,Western_Leopard_Toad,0.5088,675.2,1160.3,771.5,1290.0
/srv/shared_leopard_toad/2024/18.11.2024/3R/105MEDIA/DSCF0734.JPG,DSCF0734.JPG,3R/105MEDIA,2,Western_Leopard_Toad,0.3225,675.7,1166.1,771.0,1291.8
/srv/shared_leopard_toad/2024/18.11.2024/3R/105MEDIA/DSCF0734.JPG,DSCF0734.JPG,3R/105MEDIA,0,Other_Amphibian,0.2664,2472.5,948.8,2558.5,1033.1
/srv/shared_leopard_toad/2024/18.11.2024/3R/105MEDIA/DSCF0518.JPG,DSCF0518.JPG,3R/105MEDIA,0,Other_Amphibian,0.2971,4529.7,1803.8,4609.8,2003.2
/srv/shared_leopard_toad/2024/18.11.2024/3R/105MEDIA/DSCF0777.JPG,DSCF0777.JPG,3R/105MEDIA,2,Western_Leopard_Toad,0.3743,676.2,1167.6,772.8,1292.8
/srv/shared_leopard_toad/2024/18.11.2024/3R/105MEDIA/DSCF0273.JPG,DSCF0273.JPG,3R/105MEDIA,2,Western_Leopard_Toad,0.2808,674.4,1165.9,766.7,1290.7
/srv/shared_leopard_toad/2024/18.11.2024/3R/105MEDIA/DSCF0038.JPG,DSCF0038.JPG,3R/105MEDIA,2,Western_Leopard_Toad,0.8530,1888.0,1266.7,2047.2,1431.6
/srv/shared_leopard_toad/2024/18.11.2024/3R/105MEDIA/DSCF0038.JPG,DSCF0038.JPG,3R/105MEDIA,1,Small_Mammal,0.2656,1888.0,1266.7,2047.2,1431.6
/srv/shared_leopard_toad/2024/18.11.2024/3R/105MEDIA/DSCF0560.JPG,DSCF0560.JPG,3R/105MEDIA,0,Other_Amphibian,0.3411,4529.1,1798.5,4610.4,1985.8
/srv/shared_leopard_toad/2024/18.11.2024/3R/105MEDIA/DSCF0720.JPG,DSCF0720.JPG,3R/105MEDIA,2,Western_Leopard_Toad,0.5430,679.9,1164.7,777.0,1290.6
/srv/shared_leopard_toad/2024/18.11.2024/3R/105MEDIA/DSCF0720.JPG,DSCF0720.JPG,3R/105MEDIA,0,Other_Amphibian,0.2085,2472.8,948.7,2558.2,1033.2
/srv/shared_leopard_toad/2024/18.11.2024/3R/105MEDIA/DSCF0339.JPG,DSCF0339.JPG,3R/105MEDIA,2,Western_Leopard_Toad,0.8003,676.1,1156.0,771.8,1289.2
/srv/shared_leopard_toad/2024/18.11.2024/3R/105MEDIA/DSCF0336.JPG,DSCF0336.JPG,3R/105MEDIA,2,Western_Leopard_Toad,0.4734,674.9,1157.6,769.6,1287.6
/srv/shared_leopard_toad/2024/18.11.2024/3R/105MEDIA/DSCF0461.JPG,DSCF0461.JPG,3R/105MEDIA,2,Western_Leopard_Toad,0.4255,677.5,1164.5,768.2,1285.8
/srv/shared_leopard_toad/2024/18.11.2024/3R/105MEDIA/DSCF0458.JPG,DSCF0458.JPG,3R/105MEDIA,2,Western_Leopard_Toad,0.6743,677.0,1155.4,770.9,1286.0
/srv/shared_leopard_toad/2024/18.11.2024/3R/105MEDIA/DSCF0344.JPG,DSCF0344.JPG,3R/105MEDIA,2,Western_Leopard_Toad,0.4482,677.2,1156.7,771.8,1288.4
/srv/shared_leopard_toad/2024/18.11.2024/3R/105MEDIA/DSCF0712.JPG,DSCF0712.JPG,3R/105MEDIA,0,Other_Amphibian,0.3801,2472.4,950.4,2558.6,1032.8
/srv/shared_leopard_toad/2024/18.11.2024/3R/105MEDIA/DSCF0501.JPG,DSCF0501.JPG,3R/105MEDIA,2,Western_Leopard_Toad,0.2637,676.7,1157.8,767.8,1287.3
/srv/shared_leopard_toad/2024/18.11.2024/3R/105MEDIA/DSCF0233.JPG,DSCF0233.JPG,3R/105MEDIA,2,Western_Leopard_Toad,0.3584,674.1,1165.8,765.9,1290.8
/srv/shared_leopard_toad/2024/18.11.2024/3R/105MEDIA/DSCF0233.JPG,DSCF0233.JPG,3R/105MEDIA,2,Western_Leopard_Toad,0.3362,675.7,1166.8,765.4,1289.8
/srv/shared_leopard_toad/2024/18.11.2024/3R/105MEDIA/DSCF0489.JPG,DSCF0489.JPG,3R/105MEDIA,2,Western_Leopard_Toad,0.3918,675.3,1155.8,768.1,1289.4
/srv/shared_leopard_toad/2024/18.11.2024/3R/105MEDIA/DSCF0553.JPG,DSCF0553.JPG,3R/105MEDIA,0,Other_Amphibian,0.2588,4533.6,1797.3,4610.4,1989.4
/srv/shared_leopard_toad/2024/18.11.2024/3R/105MEDIA/DSCF0350.JPG,DSCF0350.JPG,3R/105MEDIA,2,Western_Leopard_Toad,0.3884,676.0,1155.5,770.8,1289.7
/srv/shared_leopard_toad/2024/18.11.2024/3R/105MEDIA/DSCF0390.JPG,DSCF0390.JPG,3R/105MEDIA,2,Western_Leopard_Toad,0.6646,675.1,1158.9,772.8,1288.8
/srv/shared_leopard_toad/2024/18.11.2024/3R/105MEDIA/DSCF0539.JPG,DSCF0539.JPG,3R/105MEDIA,0,Other_Amphibian,0.3792,4525.3,1806.0,4609.7,1990.9
/srv/shared_leopard_toad/2024/18.11.2024/3R/105MEDIA/DSCF0051.JPG,DSCF0051.JPG,3R/105MEDIA,2,Western_Leopard_Toad,0.4294,1894.8,1268.3,2047.2,1432.5
/srv/shared_leopard_toad/2024/18.11.2024/3R/105MEDIA/DSCF0429.JPG,DSCF0429.JPG,3R/105MEDIA,2,Western_Leopard_Toad,0.3582,675.8,1153.6,768.7,1287.8
/srv/shared_leopard_toad/2024/18.11.2024/3R/105MEDIA/DSCF0431.JPG,DSCF0431.JPG,3R/105MEDIA,2,Western_Leopard_Toad,0.3525,676.4,1161.9,769.2,1288.3
/srv/shared_leopard_toad/2024/18.11.2024/3R/105MEDIA/DSCF0834.JPG,DSCF0834.JPG,3R/105MEDIA,0,Other_Amphibian,0.2581,2474.7,950.1,2560.8,1033.1
/srv/shared_leopard_toad/2024/18.11.2024/3R/105MEDIA/DSCF0341.JPG,DSCF0341.JPG,3R/105MEDIA,2,Western_Leopard_Toad,0.5537,677.0,1157.3,769.8,1287.9
/srv/shared_leopard_toad/2024/18.11.2024/3R/105MEDIA/DSCF0574.JPG,DSCF0574.JPG,3R/105MEDIA,0,Other_Amphibian,0.3059,4526.9,1795.8,4612.6,1980.8
/srv/shared_leopard_toad/2024/18.11.2024/3R/105MEDIA/DSCF0795.JPG,DSCF0795.JPG,3R/105MEDIA,2,Western_Leopard_Toad,0.6787,675.5,1161.1,772.4,1290.4
/srv/shared_leopard_toad/2024/18.11.2024/3R/105MEDIA/DSCF0393.JPG,DSCF0393.JPG,3R/105MEDIA,2,Western_Leopard_Toad,0.2529,677.2,1158.6,767.3,1289.1
/srv/shared_leopard_toad/2024/18.11.2024/3R/105MEDIA/DSCF0403.JPG,DSCF0403.JPG,3R/105MEDIA,2,Western_Leopard_Toad,0.3433,675.6,1158.0,768.9,1289.7
/srv/shared_leopard_toad/2024/18.11.2024/3R/105MEDIA/DSCF0369.JPG,DSCF0369.JPG,3R/105MEDIA,2,Western_Leopard_Toad,0.2876,675.5,1154.4,770.1,1290.8
/srv/shared_leopard_toad/2024/18.11.2024/3R/105MEDIA/DSCF0422.JPG,DSCF0422.JPG,3R/105MEDIA,2,Western_Leopard_Toad,0.3938,675.2,1161.3,770.4,1288.9
/srv/shared_leopard_toad/2024/18.11.2024/3R/105MEDIA/DSCF0422.JPG,DSCF0422.JPG,3R/105MEDIA,2,Western_Leopard_Toad,0.2527,1889.3,1271.0,2039.2,1434.9
/srv/shared_leopard_toad/2024/18.11.2024/3R/105MEDIA/DSCF0549.JPG,DSCF0549.JPG,3R/105MEDIA,0,Other_Amphibian,0.4019,4525.3,1800.3,4609.7,1996.6
/srv/shared_leopard_toad/2024/18.11.2024/3R/105MEDIA/DSCF0549.JPG,DSCF0549.JPG,3R/105MEDIA,2,Western_Leopard_Toad,0.3647,4525.3,1800.3,4609.7,1996.6
/srv/shared_leopard_toad/2024/18.11.2024/3R/105MEDIA/DSCF0353.JPG,DSCF0353.JPG,3R/105MEDIA,2,Western_Leopard_Toad,0.4080,677.8,1158.0,766.7,1287.2
/srv/shared_leopard_toad/2024/18.11.2024/3R/105MEDIA/DSCF0353.JPG,DSCF0353.JPG,3R/105MEDIA,0,Other_Amphibian,0.2563,1791.3,434.3,1849.2,493.4
/srv/shared_leopard_toad/2024/18.11.2024/3R/105MEDIA/DSCF0394.JPG,DSCF0394.JPG,3R/105MEDIA,2,Western_Leopard_Toad,0.5059,677.0,1162.8,768.6,1288.7
/srv/shared_leopard_toad/2024/18.11.2024/3R/105MEDIA/DSCF0759.JPG,DSCF0759.JPG,3R/105MEDIA,0,Other_Amphibian,0.3105,2472.7,948.4,2558.3,1033.5
/srv/shared_leopard_toad/2024/18.11.2024/3R/105MEDIA/DSCF0759.JPG,DSCF0759.JPG,3R/105MEDIA,2,Western_Leopard_Toad,0.2622,675.7,1164.1,773.3,1291.2
/srv/shared_leopard_toad/2024/18.11.2024/3R/105MEDIA/DSCF0476.JPG,DSCF0476.JPG,3R/105MEDIA,2,Western_Leopard_Toad,0.5537,677.7,1158.7,767.9,1286.5
/srv/shared_leopard_toad/2024/18.11.2024/3R/105MEDIA/DSCF0713.JPG,DSCF0713.JPG,3R/105MEDIA,0,Other_Amphibian,0.3357,2471.9,949.9,2559.1,1033.3
/srv/shared_leopard_toad/2024/18.11.2024/3R/105MEDIA/DSCF0699.JPG,DSCF0699.JPG,3R/105MEDIA,0,Other_Amphibian,0.3027,2477.0,951.3,2563.0,1032.0
/srv/shared_leopard_toad/2024/18.11.2024/3R/105MEDIA/DSCF0146.JPG,DSCF0146.JPG,3R/105MEDIA,2,Western_Leopard_Toad,0.2913,1895.1,1270.0,2028.9,1433.4
/srv/shared_leopard_toad/2024/18.11.2024/3R/105MEDIA/DSCF0566.JPG,DSCF0566.JPG,3R/105MEDIA,0,Other_Amphibian,0.2218,4528.2,1795.6,4611.3,1983.6
/srv/shared_leopard_toad/2024/18.11.2024/3R/105MEDIA/DSCF0559.JPG,DSCF0559.JPG,3R/105MEDIA,0,Other_Amphibian,0.3579,4528.2,1806.0,4611.3,1988.3
/srv/shared_leopard_toad/2024/18.11.2024/3R/105MEDIA/DSCF0368.JPG,DSCF0368.JPG,3R/105MEDIA,2,Western_Leopard_Toad,0.6387,674.0,1155.5,767.1,1288.4
/srv/shared_leopard_toad/2024/18.11.2024/3R/105MEDIA/DSCF0656.JPG,DSCF0656.JPG,3R/105MEDIA,0,Other_Amphibian,0.3953,2470.4,949.9,2560.6,1033.4
/srv/shared_leopard_toad/2024/18.11.2024/3R/105MEDIA/DSCF0994.JPG,DSCF0994.JPG,3R/105MEDIA,0,Other_Amphibian,0.2295,2470.5,952.5,2556.0,1034.6
/srv/shared_leopard_toad/2024/18.11.2024/3R/105MEDIA/DSCF0366.JPG,DSCF0366.JPG,3R/105MEDIA,2,Western_Leopard_Toad,0.5342,673.8,1153.8,771.9,1288.9
/srv/shared_leopard_toad/2024/18.11.2024/3R/105MEDIA/DSCF0366.JPG,DSCF0366.JPG,3R/105MEDIA,2,Western_Leopard_Toad,0.4836,674.6,1156.4,768.7,1288.8
/srv/shared_leopard_toad/2024/18.11.2024/3R/105MEDIA/DSCF0439.JPG,DSCF0439.JPG,3R/105MEDIA,2,Western_Leopard_Toad,0.4807,674.3,1153.4,770.2,1290.5
/srv/shared_leopard_toad/2024/18.11.2024/3R/105MEDIA/DSCF0755.JPG,DSCF0755.JPG,3R/105MEDIA,0,Other_Amphibian,0.2622,2472.5,948.9,2558.5,1033.1
/srv/shared_leopard_toad/2024/18.11.2024/3R/105MEDIA/DSCF0251.JPG,DSCF0251.JPG,3R/105MEDIA,2,Western_Leopard_Toad,0.2771,679.0,1163.2,766.6,1289.6
/srv/shared_leopard_toad/2024/18.11.2024/3R/105MEDIA/DSCF0372.JPG,DSCF0372.JPG,3R/105MEDIA,2,Western_Leopard_Toad,0.3357,675.9,1161.0,767.5,1290.5
/srv/shared_leopard_toad/2024/18.11.2024/3R/105MEDIA/DSCF0342.JPG,DSCF0342.JPG,3R/105MEDIA,2,Western_Leopard_Toad,0.6953,675.6,1155.4,773.4,1289.8
/srv/shared_leopard_toad/2024/18.11.2024/3R/105MEDIA/DSCF0342.JPG,DSCF0342.JPG,3R/105MEDIA,2,Western_Leopard_Toad,0.3843,676.9,1156.5,772.1,1288.7
/srv/shared_leopard_toad/2024/18.11.2024/3R/105MEDIA/DSCF0033.JPG,DSCF0033.JPG,3R/105MEDIA,2,Western_Leopard_Toad,0.8672,1885.4,1268.2,2038.6,1432.7
/srv/shared_leopard_toad/2024/18.11.2024/3R/105MEDIA/DSCF0033.JPG,DSCF0033.JPG,3R/105MEDIA,1,Small_Mammal,0.2496,1885.4,1268.2,2038.6,1432.7
/srv/shared_leopard_toad/2024/18.11.2024/3R/105MEDIA/DSCF0033.JPG,DSCF0033.JPG,3R/105MEDIA,0,Other_Amphibian,0.2084,1885.4,1268.2,2038.6,1432.7
/srv/shared_leopard_toad/2024/18.11.2024/3R/105MEDIA/DSCF0487.JPG,DSCF0487.JPG,3R/105MEDIA,2,Western_Leopard_Toad,0.4495,673.9,1157.4,769.4,1292.8
/srv/shared_leopard_toad/2024/18.11.2024/3R/105MEDIA/DSCF0709.JPG,DSCF0709.JPG,3R/105MEDIA,0,Other_Amphibian,0.3462,2475.1,948.7,2560.4,1032.0
/srv/shared_leopard_toad/2024/18.11.2024/3R/105MEDIA/DSCF0670.JPG,DSCF0670.JPG,3R/105MEDIA,0,Other_Amphibian,0.4199,2473.6,950.0,2561.9,1032.0
/srv/shared_leopard_toad/2024/18.11.2024/3R/105MEDIA/DSCF0676.JPG,DSCF0676.JPG,3R/105MEDIA,0,Other_Amphibian,0.4246,2473.8,950.1,2561.7,1030.6
/srv/shared_leopard_toad/2024/18.11.2024/3R/105MEDIA/DSCF0531.JPG,DSCF0531.JPG,3R/105MEDIA,0,Other_Amphibian,0.6265,4529.1,1806.1,4610.4,1990.7
/srv/shared_leopard_toad/2024/18.11.2024/3R/105MEDIA/DSCF0531.JPG,DSCF0531.JPG,3R/105MEDIA,2,Western_Leopard_Toad,0.3225,4529.1,1806.1,4610.4,1990.7
/srv/shared_leopard_toad/2024/18.11.2024/3R/105MEDIA/DSCF0700.JPG,DSCF0700.JPG,3R/105MEDIA,0,Other_Amphibian,0.3511,2474.4,951.0,2561.1,1032.2
/srv/shared_leopard_toad/2024/18.11.2024/3R/105MEDIA/DSCF0139.JPG,DSCF0139.JPG,3R/105MEDIA,2,Western_Leopard_Toad,0.3577,1891.4,1270.8,2023.6,1432.6
/srv/shared_leopard_toad/2024/18.11.2024/3R/105MEDIA/DSCF0923.JPG,DSCF0923.JPG,3R/105MEDIA,2,Western_Leopard_Toad,0.2859,673.6,1168.7,773.2,1291.6
/srv/shared_leopard_toad/2024/18.11.2024/3R/105MEDIA/DSCF0936.JPG,DSCF0936.JPG,3R/105MEDIA,2,Western_Leopard_Toad,0.2749,673.2,1164.0,772.4,1288.8
/srv/shared_leopard_toad/2024/18.11.2024/3R/105MEDIA/DSCF0324.JPG,DSCF0324.JPG,3R/105MEDIA,2,Western_Leopard_Toad,0.2974,675.9,1155.9,769.7,1289.3
/srv/shared_leopard_toad/2024/18.11.2024/3R/105MEDIA/DSCF0524.JPG,DSCF0524.JPG,3R/105MEDIA,0,Other_Amphibian,0.4426,4527.8,1806.0,4611.7,1996.0
/srv/shared_leopard_toad/2024/18.11.2024/3R/105MEDIA/DSCF0524.JPG,DSCF0524.JPG,3R/105MEDIA,2,Western_Leopard_Toad,0.3040,4527.8,1806.0,4611.7,1996.0
/srv/shared_leopard_toad/2024/18.11.2024/3R/105MEDIA/DSCF0044.JPG,DSCF0044.JPG,3R/105MEDIA,2,Western_Leopard_Toad,0.7778,1885.9,1270.0,2038.1,1433.4
/srv/shared_leopard_toad/2024/18.11.2024/3R/105MEDIA/DSCF0044.JPG,DSCF0044.JPG,3R/105MEDIA,2,Western_Leopard_Toad,0.6577,1887.3,1268.7,2036.7,1432.1
/srv/shared_leopard_toad/2024/18.11.2024/3R/105MEDIA/DSCF0044.JPG,DSCF0044.JPG,3R/105MEDIA,0,Other_Amphibian,0.2815,1885.9,1270.0,2038.1,1433.4
/srv/shared_leopard_toad/2024/18.11.2024/3R/105MEDIA/DSCF0044.JPG,DSCF0044.JPG,3R/105MEDIA,0,Other_Amphibian,0.2211,1887.3,1268.7,2036.7,1432.1
/srv/shared_leopard_toad/2024/18.11.2024/3R/105MEDIA/DSCF0486.JPG,DSCF0486.JPG,3R/105MEDIA,2,Western_Leopard_Toad,0.5635,677.0,1153.4,769.8,1288.0
/srv/shared_leopard_toad/2024/18.11.2024/3R/105MEDIA/DSCF0026.JPG,DSCF0026.JPG,3R/105MEDIA,2,Western_Leopard_Toad,0.8247,1887.1,1269.1,2041.4,1434.3
/srv/shared_leopard_toad/2024/18.11.2024/3R/105MEDIA/DSCF0026.JPG,DSCF0026.JPG,3R/105MEDIA,2,Western_Leopard_Toad,0.3376,1885.7,1268.3,2042.8,1432.5
/srv/shared_leopard_toad/2024/18.11.2024/3R/105MEDIA/DSCF0026.JPG,DSCF0026.JPG,3R/105MEDIA,0,Other_Amphibian,0.2306,1887.1,1269.1,2041.4,1434.3
/srv/shared_leopard_toad/2024/18.11.2024/3R/105MEDIA/DSCF0026.JPG,DSCF0026.JPG,3R/105MEDIA,1,Small_Mammal,0.2161,1887.1,1269.1,2041.4,1434.3
/srv/shared_leopard_toad/2024/18.11.2024/3R/105MEDIA/DSCF0526.JPG,DSCF0526.JPG,3R/105MEDIA,0,Other_Amphibian,0.2119,4532.9,1801.2,4611.1,1995.7
/srv/shared_leopard_toad/2024/18.11.2024/3R/105MEDIA/DSCF0380.JPG,DSCF0380.JPG,3R/105MEDIA,2,Western_Leopard_Toad,0.3982,674.4,1173.9,766.7,1290.3
/srv/shared_leopard_toad/2024/18.11.2024/3R/105MEDIA/DSCF0568.JPG,DSCF0568.JPG,3R/105MEDIA,0,Other_Amphibian,0.3523,4529.1,1796.1,4610.4,1988.1
/srv/shared_leopard_toad/2024/18.11.2024/3R/105MEDIA/DSCF0982.JPG,DSCF0982.JPG,3R/105MEDIA,2,Western_Leopard_Toad,0.4255,673.7,1162.6,770.8,1289.0
/srv/shared_leopard_toad/2024/18.11.2024/3R/105MEDIA/DSCF0409.JPG,DSCF0409.JPG,3R/105MEDIA,2,Western_Leopard_Toad,0.3125,673.9,1155.4,770.6,1288.5
/srv/shared_leopard_toad/2024/18.11.2024/3R/105MEDIA/DSCF0343.JPG,DSCF0343.JPG,3R/105MEDIA,2,Western_Leopard_Toad,0.6182,677.6,1156.5,771.4,1287.4
/srv/shared_leopard_toad/2024/18.11.2024/3R/105MEDIA/DSCF0402.JPG,DSCF0402.JPG,3R/105MEDIA,2,Western_Leopard_Toad,0.5820,676.5,1162.0,771.4,1289.6
/srv/shared_leopard_toad/2024/18.11.2024/3R/105MEDIA/DSCF0572.JPG,DSCF0572.JPG,3R/105MEDIA,0,Other_Amphibian,0.3389,4531.4,1803.5,4608.1,1990.8
/srv/shared_leopard_toad/2024/18.11.2024/3R/105MEDIA/DSCF0301.JPG,DSCF0301.JPG,3R/105MEDIA,2,Western_Leopard_Toad,0.2825,673.9,1158.0,767.2,1289.7
/srv/shared_leopard_toad/2024/18.11.2024/3R/105MEDIA/DSCF0544.JPG,DSCF0544.JPG,3R/105MEDIA,0,Other_Amphibian,0.3101,4532.3,1805.8,4611.7,1991.1
/srv/shared_leopard_toad/2024/18.11.2024/3R/105MEDIA/DSCF0924.JPG,DSCF0924.JPG,3R/105MEDIA,2,Western_Leopard_Toad,0.3047,674.4,1165.7,770.1,1290.9
/srv/shared_leopard_toad/2024/18.11.2024/3R/105MEDIA/DSCF0736.JPG,DSCF0736.JPG,3R/105MEDIA,0,Other_Amphibian,0.3472,2472.3,949.2,2558.7,1032.8
/srv/shared_leopard_toad/2024/18.11.2024/3R/105MEDIA/DSCF0943.JPG,DSCF0943.JPG,3R/105MEDIA,2,Western_Leopard_Toad,0.3459,674.3,1165.5,772.4,1289.8
/srv/shared_leopard_toad/2024/18.11.2024/3R/105MEDIA/DSCF0917.JPG,DSCF0917.JPG,3R/105MEDIA,2,Western_Leopard_Toad,0.5664,673.8,1167.5,774.1,1292.9
/srv/shared_leopard_toad/2024/18.11.2024/3R/105MEDIA/DSCF0505.JPG,DSCF0505.JPG,3R/105MEDIA,2,Western_Leopard_Toad,0.4409,675.6,1159.5,765.6,1290.7
/srv/shared_leopard_toad/2024/18.11.2024/3R/105MEDIA/DSCF0505.JPG,DSCF0505.JPG,3R/105MEDIA,0,Other_Amphibian,0.2322,4518.8,1808.3,4607.2,1996.2
/srv/shared_leopard_toad/2024/18.11.2024/3R/105MEDIA/DSCF0672.JPG,DSCF0672.JPG,3R/105MEDIA,0,Other_Amphibian,0.2246,2477.0,950.6,2563.0,1031.3
/srv/shared_leopard_toad/2024/18.11.2024/3R/105MEDIA/DSCF0662.JPG,DSCF0662.JPG,3R/105MEDIA,0,Other_Amphibian,0.3459,2473.4,949.9,2562.1,1032.1
/srv/shared_leopard_toad/2024/18.11.2024/3R/105MEDIA/DSCF0433.JPG,DSCF0433.JPG,3R/105MEDIA,2,Western_Leopard_Toad,0.3123,1888.9,1270.3,2035.1,1433.1
/srv/shared_leopard_toad/2024/18.11.2024/3R/105MEDIA/DSCF0385.JPG,DSCF0385.JPG,3R/105MEDIA,2,Western_Leopard_Toad,0.6162,672.2,1154.2,769.0,1288.4
/srv/shared_leopard_toad/2024/18.11.2024/3R/105MEDIA/DSCF0151.JPG,DSCF0151.JPG,3R/105MEDIA,2,Western_Leopard_Toad,0.2908,1892.0,1269.7,2023.0,1433.6
/srv/shared_leopard_toad/2024/18.11.2024/3R/105MEDIA/DSCF0426.JPG,DSCF0426.JPG,3R/105MEDIA,2,Western_Leopard_Toad,0.2932,676.7,1165.2,766.7,1290.1
/srv/shared_leopard_toad/2024/18.11.2024/3R/105MEDIA/DSCF0534.JPG,DSCF0534.JPG,3R/105MEDIA,0,Other_Amphibian,0.4683,4527.3,1803.3,4612.2,1993.6
/srv/shared_leopard_toad/2024/18.11.2024/3R/105MEDIA/DSCF0534.JPG,DSCF0534.JPG,3R/105MEDIA,2,Western_Leopard_Toad,0.3262,4527.3,1803.3,4612.2,1993.6
/srv/shared_leopard_toad/2024/18.11.2024/3R/105MEDIA/DSCF0041.JPG,DSCF0041.JPG,3R/105MEDIA,2,Western_Leopard_Toad,0.8770,1884.3,1265.5,2039.7,1430.3
/srv/shared_leopard_toad/2024/18.11.2024/3R/105MEDIA/DSCF0041.JPG,DSCF0041.JPG,3R/105MEDIA,2,Western_Leopard_Toad,0.6089,1884.9,1265.6,2039.1,1430.2
/srv/shared_leopard_toad/2024/18.11.2024/3R/105MEDIA/DSCF0970.JPG,DSCF0970.JPG,3R/105MEDIA,2,Western_Leopard_Toad,0.3137,675.5,1163.6,772.4,1291.7
/srv/shared_leopard_toad/2024/18.11.2024/3R/105MEDIA/DSCF0509.JPG,DSCF0509.JPG,3R/105MEDIA,0,Other_Amphibian,0.2080,4519.4,1808.0,4606.6,1993.9
/srv/shared_leopard_toad/2024/18.11.2024/3R/105MEDIA/DSCF0732.JPG,DSCF0732.JPG,3R/105MEDIA,0,Other_Amphibian,0.4844,2472.0,949.9,2559.0,1033.4
/srv/shared_leopard_toad/2024/18.11.2024/3R/105MEDIA/DSCF0781.JPG,DSCF0781.JPG,3R/105MEDIA,2,Western_Leopard_Toad,0.4001,676.1,1164.7,771.8,1293.2
/srv/shared_leopard_toad/2024/18.11.2024/3R/105MEDIA/DSCF0925.JPG,DSCF0925.JPG,3R/105MEDIA,0,Other_Amphibian,0.3022,2471.2,952.1,2555.3,1034.9
/srv/shared_leopard_toad/2024/18.11.2024/3R/105MEDIA/DSCF0419.JPG,DSCF0419.JPG,3R/105MEDIA,2,Western_Leopard_Toad,0.2817,1888.5,1269.9,2035.5,1433.5
/srv/shared_leopard_toad/2024/18.11.2024/3R/105MEDIA/DSCF0419.JPG,DSCF0419.JPG,3R/105MEDIA,0,Other_Amphibian,0.2319,1888.5,1269.9,2035.5,1433.5
/srv/shared_leopard_toad/2024/18.11.2024/3R/105MEDIA/DSCF0419.JPG,DSCF0419.JPG,3R/105MEDIA,0,Other_Amphibian,0.2047,1886.8,1270.6,2037.2,1432.8
/srv/shared_leopard_toad/2024/18.11.2024/3R/105MEDIA/DSCF0528.JPG,DSCF0528.JPG,3R/105MEDIA,0,Other_Amphibian,0.6665,4527.8,1807.9,4611.7,1986.5
/srv/shared_leopard_toad/2024/18.11.2024/3R/105MEDIA/DSCF0008.JPG,DSCF0008.JPG,3R/105MEDIA,1,Small_Mammal,0.2051,1885.9,1269.0,2047.1,1431.8
/srv/shared_leopard_toad/2024/18.11.2024/3R/105MEDIA/DSCF0564.JPG,DSCF0564.JPG,3R/105MEDIA,0,Other_Amphibian,0.2678,4530.3,1795.1,4609.2,1984.0
/srv/shared_leopard_toad/2024/18.11.2024/3R/105MEDIA/DSCF0303.JPG,DSCF0303.JPG,3R/105MEDIA,2,Western_Leopard_Toad,0.6636,674.6,1160.7,771.0,1287.1
/srv/shared_leopard_toad/2024/18.11.2024/3R/105MEDIA/DSCF0155.JPG,DSCF0155.JPG,3R/105MEDIA,2,Western_Leopard_Toad,0.2578,674.9,1156.4,766.3,1288.8
/srv/shared_leopard_toad/2024/18.11.2024/3R/105MEDIA/DSCF0515.JPG,DSCF0515.JPG,3R/105MEDIA,0,Other_Amphibian,0.2771,4518.9,1798.5,4607.1,1983.2
/srv/shared_leopard_toad/2024/18.11.2024/3R/105MEDIA/DSCF0837.JPG,DSCF0837.JPG,3R/105MEDIA,2,Western_Leopard_Toad,0.5679,674.8,1167.1,769.7,1288.2
/srv/shared_leopard_toad/2024/18.11.2024/3R/105MEDIA/DSCF0661.JPG,DSCF0661.JPG,3R/105MEDIA,0,Other_Amphibian,0.4246,2476.4,949.9,2563.6,1032.0
/srv/shared_leopard_toad/2024/18.11.2024/3R/105MEDIA/DSCF0722.JPG,DSCF0722.JPG,3R/105MEDIA,0,Other_Amphibian,0.2405,2474.9,950.4,2560.6,1032.8
/srv/shared_leopard_toad/2024/18.11.2024/3R/105MEDIA/DSCF0006.JPG,DSCF0006.JPG,3R/105MEDIA,2,Western_Leopard_Toad,0.4419,1886.6,1268.7,2055.4,1432.1
/srv/shared_leopard_toad/2024/18.11.2024/3R/105MEDIA/DSCF0006.JPG,DSCF0006.JPG,3R/105MEDIA,1,Small_Mammal,0.3992,1886.6,1268.7,2055.4,1432.1
/srv/shared_leopard_toad/2024/18.11.2024/3R/105MEDIA/DSCF0006.JPG,DSCF0006.JPG,3R/105MEDIA,0,Other_Amphibian,0.2937,1886.6,1268.7,2055.4,1432.1
/srv/shared_leopard_toad/2024/18.11.2024/3R/105MEDIA/DSCF0451.JPG,DSCF0451.JPG,3R/105MEDIA,2,Western_Leopard_Toad,0.2700,676.3,1158.5,767.1,1289.2
/srv/shared_leopard_toad/2024/18.11.2024/3R/105MEDIA/DSCF0532.JPG,DSCF0532.JPG,3R/105MEDIA,0,Other_Amphibian,0.3467,4532.1,1804.6,4611.9,1992.3
/srv/shared_leopard_toad/2024/18.11.2024/3R/105MEDIA/DSCF0290.JPG,DSCF0290.JPG,3R/105MEDIA,2,Western_Leopard_Toad,0.6006,675.6,1161.3,765.5,1286.5
/srv/shared_leopard_toad/2024/18.11.2024/3R/105MEDIA/DSCF0556.JPG,DSCF0556.JPG,3R/105MEDIA,0,Other_Amphibian,0.2418,4529.1,1798.9,4610.4,1990.4
/srv/shared_leopard_toad/2024/18.11.2024/3R/105MEDIA/DSCF0057.JPG,DSCF0057.JPG,3R/105MEDIA,2,Western_Leopard_Toad,0.3435,1892.9,1268.9,2049.1,1432.0
/srv/shared_leopard_toad/2024/18.11.2024/3R/105MEDIA/DSCF0758.JPG,DSCF0758.JPG,3R/105MEDIA,2,Western_Leopard_Toad,0.3787,676.1,1163.5,769.6,1288.0
/srv/shared_leopard_toad/2024/18.11.2024/3R/105MEDIA/DSCF0652.JPG,DSCF0652.JPG,3R/105MEDIA,0,Other_Amphibian,0.3184,2473.6,948.7,2561.9,1030.8
/srv/shared_leopard_toad/2024/18.11.2024/3R/105MEDIA/DSCF0652.JPG,DSCF0652.JPG,3R/105MEDIA,0,Other_Amphibian,0.2322,4499.6,1791.3,4608.4,1924.6
/srv/shared_leopard_toad/2024/18.11.2024/3R/105MEDIA/DSCF0346.JPG,DSCF0346.JPG,3R/105MEDIA,2,Western_Leopard_Toad,0.4919,678.0,1159.4,768.8,1288.4
/srv/shared_leopard_toad/2024/18.11.2024/3R/105MEDIA/DSCF0723.JPG,DSCF0723.JPG,3R/105MEDIA,2,Western_Leopard_Toad,0.3279,676.2,1163.3,771.7,1289.5
/srv/shared_leopard_toad/2024/18.11.2024/3R/105MEDIA/DSCF0723.JPG,DSCF0723.JPG,3R/105MEDIA,0,Other_Amphibian,0.3267,2472.1,948.7,2558.9,1032.0
/srv/shared_leopard_toad/2024/18.11.2024/3R/105MEDIA/DSCF0878.JPG,DSCF0878.JPG,3R/105MEDIA,0,Other_Amphibian,0.2705,2467.9,951.8,2554.1,1035.2
/srv/shared_leopard_toad/2024/18.11.2024/3R/105MEDIA/DSCF0432.JPG,DSCF0432.JPG,3R/105MEDIA,2,Western_Leopard_Toad,0.3357,676.2,1159.3,769.5,1291.0
/srv/shared_leopard_toad/2024/18.11.2024/3R/105MEDIA/DSCF0697.JPG,DSCF0697.JPG,3R/105MEDIA,2,Western_Leopard_Toad,0.2900,677.4,1162.8,770.5,1288.7
/srv/shared_leopard_toad/2024/18.11.2024/3R/105MEDIA/DSCF0697.JPG,DSCF0697.JPG,3R/105MEDIA,0,Other_Amphibian,0.2360,2474.6,951.0,2560.9,1032.2
/srv/shared_leopard_toad/2024/18.11.2024/3R/105MEDIA/DSCF0761.JPG,DSCF0761.JPG,3R/105MEDIA,0,Other_Amphibian,0.2386,2473.1,950.6,2557.9,1033.9
/srv/shared_leopard_toad/2024/18.11.2024/3R/105MEDIA/DSCF0945.JPG,DSCF0945.JPG,3R/105MEDIA,2,Western_Leopard_Toad,0.3701,675.2,1163.2,771.6,1289.6
/srv/shared_leopard_toad/2024/18.11.2024/3R/105MEDIA/DSCF0063.JPG,DSCF0063.JPG,3R/105MEDIA,2,Western_Leopard_Toad,0.3376,1893.1,1269.9,2021.9,1433.5
/srv/shared_leopard_toad/2024/18.11.2024/3R/105MEDIA/DSCF0063.JPG,DSCF0063.JPG,3R/105MEDIA,0,Other_Amphibian,0.2104,1893.1,1269.9,2021.9,1433.5
/srv/shared_leopard_toad/2024/18.11.2024/3R/105MEDIA/DSCF0412.JPG,DSCF0412.JPG,3R/105MEDIA,2,Western_Leopard_Toad,0.5234,675.8,1158.2,769.9,1287.0
/srv/shared_leopard_toad/2024/18.11.2024/3R/105MEDIA/DSCF0412.JPG,DSCF0412.JPG,3R/105MEDIA,2,Western_Leopard_Toad,0.3301,1888.4,1269.4,2031.1,1434.0
/srv/shared_leopard_toad/2024/18.11.2024/3R/105MEDIA/DSCF0412.JPG,DSCF0412.JPG,3R/105MEDIA,0,Other_Amphibian,0.2009,1888.4,1269.4,2031.1,1434.0
/srv/shared_leopard_toad/2024/18.11.2024/3R/105MEDIA/DSCF0152.JPG,DSCF0152.JPG,3R/105MEDIA,2,Western_Leopard_Toad,0.3000,1892.6,1271.2,2022.4,1434.7
/srv/shared_leopard_toad/2024/18.11.2024/3R/105MEDIA/DSCF0405.JPG,DSCF0405.JPG,3R/105MEDIA,2,Western_Leopard_Toad,0.3721,676.3,1159.6,771.6,1288.1
/srv/shared_leopard_toad/2024/18.11.2024/3R/105MEDIA/DSCF0989.JPG,DSCF0989.JPG,3R/105MEDIA,0,Other_Amphibian,0.2588,2471.7,952.4,2554.8,1033.3
/srv/shared_leopard_toad/2024/18.11.2024/3R/105MEDIA/DSCF0036.JPG,DSCF0036.JPG,3R/105MEDIA,2,Western_Leopard_Toad,0.8481,1885.8,1269.7,2038.2,1433.6
/srv/shared_leopard_toad/2024/18.11.2024/3R/105MEDIA/DSCF0036.JPG,DSCF0036.JPG,3R/105MEDIA,0,Other_Amphibian,0.2625,1885.8,1269.7,2038.2,1433.6
/srv/shared_leopard_toad/2024/18.11.2024/3R/105MEDIA/DSCF0036.JPG,DSCF0036.JPG,3R/105MEDIA,1,Small_Mammal,0.2576,1885.8,1269.7,2038.2,1433.6
/srv/shared_leopard_toad/2024/18.11.2024/3R/105MEDIA/DSCF0052.JPG,DSCF0052.JPG,3R/105MEDIA,2,Western_Leopard_Toad,0.5049,1893.5,1268.7,2039.5,1432.1
/srv/shared_leopard_toad/2024/18.11.2024/3R/105MEDIA/DSCF0052.JPG,DSCF0052.JPG,3R/105MEDIA,0,Other_Amphibian,0.2881,364.1,-0.5,503.9,161.0
/srv/shared_leopard_toad/2024/18.11.2024/3R/105MEDIA/DSCF0653.JPG,DSCF0653.JPG,3R/105MEDIA,0,Other_Amphibian,0.2659,2473.6,950.0,2561.9,1032.0
/srv/shared_leopard_toad/2024/18.11.2024/3R/105MEDIA/DSCF0754.JPG,DSCF0754.JPG,3R/105MEDIA,0,Other_Amphibian,0.3721,2471.6,947.7,2559.4,1033.0
/srv/shared_leopard_toad/2024/18.11.2024/3R/105MEDIA/DSCF0040.JPG,DSCF0040.JPG,3R/105MEDIA,2,Western_Leopard_Toad,0.8511,1888.2,1268.7,2044.8,1432.1
/srv/shared_leopard_toad/2024/18.11.2024/3R/105MEDIA/DSCF0040.JPG,DSCF0040.JPG,3R/105MEDIA,0,Other_Amphibian,0.2666,1888.2,1268.7,2044.8,1432.1
/srv/shared_leopard_toad/2024/18.11.2024/3R/105MEDIA/DSCF0040.JPG,DSCF0040.JPG,3R/105MEDIA,1,Small_Mammal,0.2661,1888.2,1268.7,2044.8,1432.1
/srv/shared_leopard_toad/2024/18.11.2024/3R/105MEDIA/DSCF0729.JPG,DSCF0729.JPG,3R/105MEDIA,0,Other_Amphibian,0.3298,2472.5,948.0,2558.5,1032.8
/srv/shared_leopard_toad/2024/18.11.2024/3R/105MEDIA/DSCF0315.JPG,DSCF0315.JPG,3R/105MEDIA,2,Western_Leopard_Toad,0.5781,675.8,1162.5,767.6,1287.7
/srv/shared_leopard_toad/2024/18.11.2024/3R/105MEDIA/DSCF0288.JPG,DSCF0288.JPG,3R/105MEDIA,2,Western_Leopard_Toad,0.2825,675.0,1162.1,765.0,1290.7
/srv/shared_leopard_toad/2024/18.11.2024/3R/105MEDIA/DSCF0045.JPG,DSCF0045.JPG,3R/105MEDIA,2,Western_Leopard_Toad,0.8237,1886.3,1266.1,2042.2,1429.7
/srv/shared_leopard_toad/2024/18.11.2024/3R/105MEDIA/DSCF0045.JPG,DSCF0045.JPG,3R/105MEDIA,1,Small_Mammal,0.3342,1886.3,1266.1,2042.2,1429.7
/srv/shared_leopard_toad/2024/18.11.2024/3R/105MEDIA/DSCF0264.JPG,DSCF0264.JPG,3R/105MEDIA,2,Western_Leopard_Toad,0.3748,676.5,1161.1,768.0,1289.2
/srv/shared_leopard_toad/2024/18.11.2024/3R/105MEDIA/DSCF0504.JPG,DSCF0504.JPG,3R/105MEDIA,2,Western_Leopard_Toad,0.3853,678.0,1163.2,766.5,1289.6
/srv/shared_leopard_toad/2024/18.11.2024/3R/105MEDIA/DSCF0271.JPG,DSCF0271.JPG,3R/105MEDIA,2,Western_Leopard_Toad,0.5625,669.6,1154.5,771.5,1293.2
/srv/shared_leopard_toad/2024/18.11.2024/3R/105MEDIA/DSCF0659.JPG,DSCF0659.JPG,3R/105MEDIA,0,Other_Amphibian,0.2622,2473.7,949.9,2561.8,1032.0
/srv/shared_leopard_toad/2024/18.11.2024/3R/105MEDIA/DSCF0659.JPG,DSCF0659.JPG,3R/105MEDIA,0,Other_Amphibian,0.2339,4498.6,1798.9,4609.4,1922.0
/srv/shared_leopard_toad/2024/18.11.2024/3R/105MEDIA/DSCF0053.JPG,DSCF0053.JPG,3R/105MEDIA,2,Western_Leopard_Toad,0.5635,1893.5,1269.1,2039.5,1434.3
/srv/shared_leopard_toad/2024/18.11.2024/3R/105MEDIA/DSCF0740.JPG,DSCF0740.JPG,3R/105MEDIA,2,Western_Leopard_Toad,0.4465,679.4,1164.6,775.2,1290.7
/srv/shared_leopard_toad/2024/18.11.2024/3R/105MEDIA/DSCF0740.JPG,DSCF0740.JPG,3R/105MEDIA,0,Other_Amphibian,0.2477,2470.4,948.8,2556.1,1034.4
/srv/shared_leopard_toad/2024/18.11.2024/3R/105MEDIA/DSCF0384.JPG,DSCF0384.JPG,3R/105MEDIA,2,Western_Leopard_Toad,0.6665,673.9,1154.4,772.8,1289.5
/srv/shared_leopard_toad/2024/18.11.2024/3R/105MEDIA/DSCF0384.JPG,DSCF0384.JPG,3R/105MEDIA,2,Western_Leopard_Toad,0.2971,674.8,1154.2,769.7,1285.9
/srv/shared_leopard_toad/2024/18.11.2024/3R/105MEDIA/DSCF0149.JPG,DSCF0149.JPG,3R/105MEDIA,2,Western_Leopard_Toad,0.2969,1892.8,1271.9,2026.7,1434.0
/srv/shared_leopard_toad/2024/18.11.2024/3R/105MEDIA/DSCF0149.JPG,DSCF0149.JPG,3R/105MEDIA,0,Other_Amphibian,0.2070,1892.8,1271.9,2026.7,1434.0
/srv/shared_leopard_toad/2024/18.11.2024/3R/105MEDIA/DSCF0930.JPG,DSCF0930.JPG,3R/105MEDIA,2,Western_Leopard_Toad,0.3621,675.6,1167.9,773.4,1288.7
/srv/shared_leopard_toad/2024/18.11.2024/3R/105MEDIA/DSCF0731.JPG,DSCF0731.JPG,3R/105MEDIA,0,Other_Amphibian,0.3193,2472.4,948.0,2558.6,1034.0
/srv/shared_leopard_toad/2024/18.11.2024/3R/105MEDIA/DSCF0479.JPG,DSCF0479.JPG,3R/105MEDIA,2,Western_Leopard_Toad,0.3472,674.3,1157.5,766.8,1290.2
/srv/shared_leopard_toad/2024/18.11.2024/3R/105MEDIA/DSCF0307.JPG,DSCF0307.JPG,3R/105MEDIA,2,Western_Leopard_Toad,0.2532,678.4,1165.8,767.2,1289.5
/srv/shared_leopard_toad/2024/18.11.2024/3R/105MEDIA/DSCF0716.JPG,DSCF0716.JPG,3R/105MEDIA,0,Other_Amphibian,0.3081,2472.9,948.7,2558.1,1032.0
/srv/shared_leopard_toad/2024/18.11.2024/3R/105MEDIA/DSCF0963.JPG,DSCF0963.JPG,3R/105MEDIA,2,Western_Leopard_Toad,0.2756,675.0,1167.7,769.5,1288.8
/srv/shared_leopard_toad/2024/18.11.2024/3R/105MEDIA/DSCF0663.JPG,DSCF0663.JPG,3R/105MEDIA,0,Other_Amphibian,0.3115,2473.5,949.1,2562.0,1031.6
/srv/shared_leopard_toad/2024/18.11.2024/3R/105MEDIA/DSCF0246.JPG,DSCF0246.JPG,3R/105MEDIA,2,Western_Leopard_Toad,0.4614,675.0,1163.0,766.1,1289.8
/srv/shared_leopard_toad/2024/18.11.2024/3R/105MEDIA/DSCF0378.JPG,DSCF0378.JPG,3R/105MEDIA,2,Western_Leopard_Toad,0.6792,675.6,1161.2,770.0,1289.0
/srv/shared_leopard_toad/2024/18.11.2024/3R/105MEDIA/DSCF0704.JPG,DSCF0704.JPG,3R/105MEDIA,0,Other_Amphibian,0.2017,2474.4,951.6,2561.1,1031.6
/srv/shared_leopard_toad/2024/18.11.2024/3R/105MEDIA/DSCF0148.JPG,DSCF0148.JPG,3R/105MEDIA,2,Western_Leopard_Toad,0.2800,1893.8,1268.3,2030.2,1432.5
/srv/shared_leopard_toad/2024/18.11.2024/3R/105MEDIA/DSCF0738.JPG,DSCF0738.JPG,3R/105MEDIA,0,Other_Amphibian,0.2234,2472.8,948.0,2558.2,1033.9
/srv/shared_leopard_toad/2024/18.11.2024/3R/105MEDIA/DSCF0739.JPG,DSCF0739.JPG,3R/105MEDIA,0,Other_Amphibian,0.4553,2469.8,947.7,2556.7,1033.0
/srv/shared_leopard_toad/2024/18.11.2024/3R/105MEDIA/DSCF0856.JPG,DSCF0856.JPG,3R/105MEDIA,0,Other_Amphibian,0.2666,2470.1,949.1,2556.4,1035.4
/srv/shared_leopard_toad/2024/18.11.2024/3R/105MEDIA/DSCF0097.JPG,DSCF0097.JPG,3R/105MEDIA,2,Western_Leopard_Toad,0.3381,1892.2,1269.7,2022.8,1433.6
/srv/shared_leopard_toad/2024/18.11.2024/3R/105MEDIA/DSCF0788.JPG,DSCF0788.JPG,3R/105MEDIA,2,Western_Leopard_Toad,0.4746,676.2,1165.7,772.8,1289.6
/srv/shared_leopard_toad/2024/18.11.2024/3R/105MEDIA/DSCF0721.JPG,DSCF0721.JPG,3R/105MEDIA,2,Western_Leopard_Toad,0.3193,678.2,1163.8,776.5,1292.8
/srv/shared_leopard_toad/2024/18.11.2024/3R/105MEDIA/DSCF0927.JPG,DSCF0927.JPG,3R/105MEDIA,2,Western_Leopard_Toad,0.2920,675.5,1165.6,771.3,1291.0
/srv/shared_leopard_toad/2024/18.11.2024/3R/105MEDIA/DSCF0536.JPG,DSCF0536.JPG,3R/105MEDIA,0,Other_Amphibian,0.3828,4528.9,1805.6,4610.6,1993.8
/srv/shared_leopard_toad/2024/18.11.2024/3R/105MEDIA/DSCF0448.JPG,DSCF0448.JPG,3R/105MEDIA,2,Western_Leopard_Toad,0.2732,676.3,1156.6,767.0,1288.6
/srv/shared_leopard_toad/2024/18.11.2024/3R/105MEDIA/DSCF0683.JPG,DSCF0683.JPG,3R/105MEDIA,0,Other_Amphibian,0.3171,2476.6,950.9,2563.4,1031.0
/srv/shared_leopard_toad/2024/18.11.2024/3R/105MEDIA/DSCF0449.JPG,DSCF0449.JPG,3R/105MEDIA,2,Western_Leopard_Toad,0.3228,678.3,1157.7,767.3,1287.5
/srv/shared_leopard_toad/2024/18.11.2024/3R/105MEDIA/DSCF0888.JPG,DSCF0888.JPG,3R/105MEDIA,0,Other_Amphibian,0.2039,2470.4,953.2,2556.1,1036.4
/srv/shared_leopard_toad/2024/18.11.2024/3R/105MEDIA/DSCF0287.JPG,DSCF0287.JPG,3R/105MEDIA,2,Western_Leopard_Toad,0.2656,676.1,1167.5,763.9,1290.4
/srv/shared_leopard_toad/2024/18.11.2024/3R/105MEDIA/DSCF0494.JPG,DSCF0494.JPG,3R/105MEDIA,2,Western_Leopard_Toad,0.3186,678.0,1156.1,766.5,1286.5
/srv/shared_leopard_toad/2024/18.11.2024/3R/105MEDIA/DSCF0908.JPG,DSCF0908.JPG,3R/105MEDIA,2,Western_Leopard_Toad,0.3538,676.2,1167.0,770.6,1288.3
/srv/shared_leopard_toad/2024/18.11.2024/3R/105MEDIA/DSCF0386.JPG,DSCF0386.JPG,3R/105MEDIA,2,Western_Leopard_Toad,0.6787,673.5,1157.7,771.0,1290.1
/srv/shared_leopard_toad/2024/18.11.2024/3R/105MEDIA/DSCF0023.JPG,DSCF0023.JPG,3R/105MEDIA,2,Western_Leopard_Toad,0.5552,1887.3,1267.5,2054.7,1433.3
/srv/shared_leopard_toad/2024/18.11.2024/3R/105MEDIA/DSCF0023.JPG,DSCF0023.JPG,3R/105MEDIA,1,Small_Mammal,0.2888,1887.3,1267.5,2054.7,1433.3
/srv/shared_leopard_toad/2024/18.11.2024/3R/105MEDIA/DSCF0023.JPG,DSCF0023.JPG,3R/105MEDIA,0,Other_Amphibian,0.2384,1887.3,1267.5,2054.7,1433.3
/srv/shared_leopard_toad/2024/18.11.2024/3R/105MEDIA/DSCF0399.JPG,DSCF0399.JPG,3R/105MEDIA,2,Western_Leopard_Toad,0.3464,1888.5,1275.0,2035.5,1433.4
/srv/shared_leopard_toad/2024/18.11.2024/3R/105MEDIA/DSCF0399.JPG,DSCF0399.JPG,3R/105MEDIA,0,Other_Amphibian,0.3311,1888.5,1275.0,2035.5,1433.4
/srv/shared_leopard_toad/2024/18.11.2024/3R/105MEDIA/DSCF0399.JPG,DSCF0399.JPG,3R/105MEDIA,2,Western_Leopard_Toad,0.3052,674.3,1159.8,766.8,1290.5
/srv/shared_leopard_toad/2024/18.11.2024/3R/105MEDIA/DSCF0399.JPG,DSCF0399.JPG,3R/105MEDIA,1,Small_Mammal,0.2103,1888.5,1275.0,2035.5,1433.4
/srv/shared_leopard_toad/2024/18.11.2024/3R/105MEDIA/DSCF0567.JPG,DSCF0567.JPG,3R/105MEDIA,0,Other_Amphibian,0.4795,4528.0,1798.0,4611.5,1986.2
/srv/shared_leopard_toad/2024/18.11.2024/3R/105MEDIA/DSCF0872.JPG,DSCF0872.JPG,3R/105MEDIA,2,Western_Leopard_Toad,0.2986,677.3,1177.2,770.6,1293.3
/srv/shared_leopard_toad/2024/18.11.2024/3R/105MEDIA/DSCF0499.JPG,DSCF0499.JPG,3R/105MEDIA,2,Western_Leopard_Toad,0.3206,675.9,1156.1,767.5,1289.0
/srv/shared_leopard_toad/2024/18.11.2024/3R/105MEDIA/DSCF0900.JPG,DSCF0900.JPG,3R/105MEDIA,2,Western_Leopard_Toad,0.4541,673.3,1170.3,773.5,1291.4
/srv/shared_leopard_toad/2024/18.11.2024/3R/105MEDIA/DSCF0768.JPG,DSCF0768.JPG,3R/105MEDIA,2,Western_Leopard_Toad,0.3330,677.6,1169.0,771.4,1291.4
/srv/shared_leopard_toad/2024/18.11.2024/3R/105MEDIA/DSCF0335.JPG,DSCF0335.JPG,3R/105MEDIA,2,Western_Leopard_Toad,0.4114,675.5,1158.0,769.0,1289.7
/srv/shared_leopard_toad/2024/18.11.2024/3R/105MEDIA/DSCF0523.JPG,DSCF0523.JPG,3R/105MEDIA,0,Other_Amphibian,0.3491,4528.6,1804.8,4610.9,1997.2
/srv/shared_leopard_toad/2024/18.11.2024/3R/105MEDIA/DSCF0655.JPG,DSCF0655.JPG,3R/105MEDIA,0,Other_Amphibian,0.3904,2473.4,950.1,2562.1,1031.9
/srv/shared_leopard_toad/2024/18.11.2024/3R/105MEDIA/DSCF0965.JPG,DSCF0965.JPG,3R/105MEDIA,2,Western_Leopard_Toad,0.3311,675.1,1165.9,772.8,1290.7
/srv/shared_leopard_toad/2024/18.11.2024/3R/105MEDIA/DSCF0750.JPG,DSCF0750.JPG,3R/105MEDIA,2,Western_Leopard_Toad,0.3879,674.4,1161.2,774.6,1289.0
/srv/shared_leopard_toad/2024/18.11.2024/3R/105MEDIA/DSCF0750.JPG,DSCF0750.JPG,3R/105MEDIA,2,Western_Leopard_Toad,0.2537,674.3,1161.2,774.7,1289.0
/srv/shared_leopard_toad/2024/18.11.2024/3R/105MEDIA/DSCF0223.JPG,DSCF0223.JPG,3R/105MEDIA,2,Western_Leopard_Toad,0.2712,675.8,1161.3,768.7,1290.3
/srv/shared_leopard_toad/2024/18.11.2024/3R/105MEDIA/DSCF0669.JPG,DSCF0669.JPG,3R/105MEDIA,0,Other_Amphibian,0.4663,2473.7,951.0,2561.8,1032.2
/srv/shared_leopard_toad/2024/18.11.2024/3R/105MEDIA/DSCF0745.JPG,DSCF0745.JPG,3R/105MEDIA,0,Other_Amphibian,0.3643,2470.4,948.8,2556.1,1033.1
/srv/shared_leopard_toad/2024/18.11.2024/3R/105MEDIA/DSCF0753.JPG,DSCF0753.JPG,3R/105MEDIA,2,Western_Leopard_Toad,0.5303,673.7,1160.2,774.2,1292.6
/srv/shared_leopard_toad/2024/18.11.2024/3R/105MEDIA/DSCF0753.JPG,DSCF0753.JPG,3R/105MEDIA,2,Western_Leopard_Toad,0.4265,673.8,1161.4,774.0,1293.9
/srv/shared_leopard_toad/2024/18.11.2024/3R/105MEDIA/DSCF0363.JPG,DSCF0363.JPG,3R/105MEDIA,2,Western_Leopard_Toad,0.3232,674.8,1156.4,766.3,1288.8
/srv/shared_leopard_toad/2024/18.11.2024/3R/105MEDIA/DSCF0823.JPG,DSCF0823.JPG,3R/105MEDIA,2,Western_Leopard_Toad,0.4531,674.7,1164.3,770.9,1291.0
/srv/shared_leopard_toad/2024/18.11.2024/3R/105MEDIA/DSCF0154.JPG,DSCF0154.JPG,3R/105MEDIA,2,Western_Leopard_Toad,0.3027,1895.2,1271.4,2028.8,1434.5
/srv/shared_leopard_toad/2024/18.11.2024/3R/105MEDIA/DSCF0376.JPG,DSCF0376.JPG,3R/105MEDIA,2,Western_Leopard_Toad,0.3833,675.4,1157.7,770.3,1290.1
/srv/shared_leopard_toad/2024/18.11.2024/3R/105MEDIA/DSCF0478.JPG,DSCF0478.JPG,3R/105MEDIA,2,Western_Leopard_Toad,0.2629,675.3,1157.6,768.1,1292.7
/srv/shared_leopard_toad/2024/18.11.2024/3R/105MEDIA/DSCF0666.JPG,DSCF0666.JPG,3R/105MEDIA,0,Other_Amphibian,0.4028,2476.3,951.8,2563.7,1031.4
/srv/shared_leopard_toad/2024/18.11.2024/3R/105MEDIA/DSCF0280.JPG,DSCF0280.JPG,3R/105MEDIA,2,Western_Leopard_Toad,0.4448,673.0,1153.8,768.1,1288.9
/srv/shared_leopard_toad/2024/18.11.2024/3R/105MEDIA/DSCF0049.JPG,DSCF0049.JPG,3R/105MEDIA,2,Western_Leopard_Toad,0.8594,1884.2,1269.9,2039.8,1433.5
/srv/shared_leopard_toad/2024/18.11.2024/3R/105MEDIA/DSCF0049.JPG,DSCF0049.JPG,3R/105MEDIA,1,Small_Mammal,0.2778,1884.2,1269.9,2039.8,1433.5
/srv/shared_leopard_toad/2024/18.11.2024/3R/105MEDIA/DSCF0065.JPG,DSCF0065.JPG,3R/105MEDIA,2,Western_Leopard_Toad,0.3545,1892.2,1267.8,2022.8,1433.0
/srv/shared_leopard_toad/2024/18.11.2024/3R/105MEDIA/DSCF0414.JPG,DSCF0414.JPG,3R/105MEDIA,2,Western_Leopard_Toad,0.4426,675.8,1161.1,769.9,1290.4
/srv/shared_leopard_toad/2024/18.11.2024/3R/105MEDIA/DSCF0820.JPG,DSCF0820.JPG,3R/105MEDIA,2,Western_Leopard_Toad,0.5068,676.4,1169.9,772.6,1293.0
/srv/shared_leopard_toad/2024/18.11.2024/3R/105MEDIA/DSCF0782.JPG,DSCF0782.JPG,3R/105MEDIA,0,Other_Amphibian,0.2319,2470.9,950.7,2555.6,1035.0
/srv/shared_leopard_toad/2024/18.11.2024/3R/105MEDIA/DSCF0110.JPG,DSCF0110.JPG,3R/105MEDIA,2,Western_Leopard_Toad,0.3987,1890.7,1267.4,2028.8,1430.9
/srv/shared_leopard_toad/2024/18.11.2024/3R/105MEDIA/DSCF0421.JPG,DSCF0421.JPG,3R/105MEDIA,2,Western_Leopard_Toad,0.3347,1887.5,1270.1,2036.5,1433.2
/srv/shared_leopard_toad/2024/18.11.2024/3R/105MEDIA/DSCF0421.JPG,DSCF0421.JPG,3R/105MEDIA,2,Western_Leopard_Toad,0.2920,676.7,1159.5,767.8,1290.7
/srv/shared_leopard_toad/2024/18.11.2024/3R/105MEDIA/DSCF0421.JPG,DSCF0421.JPG,3R/105MEDIA,0,Other_Amphibian,0.2520,1887.5,1270.1,2036.5,1433.2
/srv/shared_leopard_toad/2024/18.11.2024/3R/105MEDIA/DSCF0907.JPG,DSCF0907.JPG,3R/105MEDIA,2,Western_Leopard_Toad,0.5215,675.1,1162.2,772.8,1290.5
/srv/shared_leopard_toad/2024/18.11.2024/3R/105MEDIA/DSCF0533.JPG,DSCF0533.JPG,3R/105MEDIA,0,Other_Amphibian,0.3938,4529.1,1806.5,4610.4,1995.4
/srv/shared_leopard_toad/2024/18.11.2024/3R/105MEDIA/DSCF0533.JPG,DSCF0533.JPG,3R/105MEDIA,2,Western_Leopard_Toad,0.2522,4529.1,1806.5,4610.4,1995.4
/srv/shared_leopard_toad/2024/18.11.2024/3R/105MEDIA/DSCF0503.JPG,DSCF0503.JPG,3R/105MEDIA,2,Western_Leopard_Toad,0.3179,677.5,1157.7,765.8,1287.5
/srv/shared_leopard_toad/2024/18.11.2024/3R/105MEDIA/DSCF0418.JPG,DSCF0418.JPG,3R/105MEDIA,2,Western_Leopard_Toad,0.3225,1888.9,1270.6,2035.1,1432.8
/srv/shared_leopard_toad/2024/18.11.2024/3R/105MEDIA/DSCF0418.JPG,DSCF0418.JPG,3R/105MEDIA,0,Other_Amphibian,0.2134,1888.9,1270.6,2035.1,1432.8
/srv/shared_leopard_toad/2024/18.11.2024/3R/105MEDIA/DSCF0030.JPG,DSCF0030.JPG,3R/105MEDIA,2,Western_Leopard_Toad,0.8770,1887.6,1268.7,2036.4,1432.1
/srv/shared_leopard_toad/2024/18.11.2024/3R/105MEDIA/DSCF0030.JPG,DSCF0030.JPG,3R/105MEDIA,1,Small_Mammal,0.2480,1887.6,1268.7,2036.4,1432.1
/srv/shared_leopard_toad/2024/18.11.2024/3R/105MEDIA/DSCF0030.JPG,DSCF0030.JPG,3R/105MEDIA,0,Other_Amphibian,0.2213,1887.6,1268.7,2036.4,1432.1
/srv/shared_leopard_toad/2024/18.11.2024/3R/105MEDIA/DSCF0483.JPG,DSCF0483.JPG,3R/105MEDIA,2,Western_Leopard_Toad,0.5063,672.7,1153.4,768.4,1289.3
/srv/shared_leopard_toad/2024/18.11.2024/3R/105MEDIA/DSCF0121.JPG,DSCF0121.JPG,3R/105MEDIA,2,Western_Leopard_Toad,0.2917,1891.7,1270.8,2023.3,1435.1
/srv/shared_leopard_toad/2024/18.11.2024/3R/105MEDIA/DSCF0686.JPG,DSCF0686.JPG,3R/105MEDIA,0,Other_Amphibian,0.2886,2473.9,950.8,2561.6,1031.2
/srv/shared_leopard_toad/2024/18.11.2024/3R/105MEDIA/DSCF0790.JPG,DSCF0790.JPG,3R/105MEDIA,2,Western_Leopard_Toad,0.5996,675.6,1163.8,773.4,1289.0
/srv/shared_leopard_toad/2024/18.11.2024/3R/105MEDIA/DSCF0333.JPG,DSCF0333.JPG,3R/105MEDIA,2,Western_Leopard_Toad,0.8384,2617.8,1498.6,2759.7,1640.1
/srv/shared_leopard_toad/2024/18.11.2024/3R/105MEDIA/DSCF0333.JPG,DSCF0333.JPG,3R/105MEDIA,0,Other_Amphibian,0.2286,2617.8,1498.6,2759.7,1640.1
/srv/shared_leopard_toad/2024/18.11.2024/3R/105MEDIA/DSCF0482.JPG,DSCF0482.JPG,3R/105MEDIA,2,Western_Leopard_Toad,0.4761,674.3,1154.2,772.4,1289.7
/srv/shared_leopard_toad/2024/18.11.2024/3R/105MEDIA/DSCF0805.JPG,DSCF0805.JPG,3R/105MEDIA,2,Western_Leopard_Toad,0.5942,675.5,1164.6,773.5,1290.7
/srv/shared_leopard_toad/2024/18.11.2024/3R/105MEDIA/DSCF0113.JPG,DSCF0113.JPG,3R/105MEDIA,2,Western_Leopard_Toad,0.5054,1891.1,1267.7,2023.9,1433.2
/srv/shared_leopard_toad/2024/18.11.2024/3R/105MEDIA/DSCF0113.JPG,DSCF0113.JPG,3R/105MEDIA,0,Other_Amphibian,0.2520,1891.1,1267.7,2023.9,1433.2
/srv/shared_leopard_toad/2024/18.11.2024/3R/105MEDIA/DSCF0962.JPG,DSCF0962.JPG,3R/105MEDIA,0,Other_Amphibian,0.2344,2470.8,951.8,2555.7,1034.0
/srv/shared_leopard_toad/2024/18.11.2024/3R/105MEDIA/DSCF0867.JPG,DSCF0867.JPG,3R/105MEDIA,0,Other_Amphibian,0.2703,2470.3,950.2,2556.2,1035.6
/srv/shared_leopard_toad/2024/18.11.2024/3R/105MEDIA/DSCF0548.JPG,DSCF0548.JPG,3R/105MEDIA,0,Other_Amphibian,0.2827,4529.1,1807.2,4610.4,1992.2
/srv/shared_leopard_toad/2024/18.11.2024/3R/105MEDIA/DSCF0786.JPG,DSCF0786.JPG,3R/105MEDIA,2,Western_Leopard_Toad,0.2739,673.6,1166.2,774.3,1294.2
/srv/shared_leopard_toad/2024/18.11.2024/3R/105MEDIA/DSCF0554.JPG,DSCF0554.JPG,3R/105MEDIA,0,Other_Amphibian,0.2808,4524.9,1792.4,4610.1,1979.2
/srv/shared_leopard_toad/2024/18.11.2024/3R/105MEDIA/DSCF0942.JPG,DSCF0942.JPG,3R/105MEDIA,2,Western_Leopard_Toad,0.5249,674.7,1166.6,774.3,1288.7
/srv/shared_leopard_toad/2024/18.11.2024/3R/105MEDIA/DSCF0130.JPG,DSCF0130.JPG,3R/105MEDIA,2,Western_Leopard_Toad,0.4480,1887.8,1268.7,2027.2,1432.1
/srv/shared_leopard_toad/2024/18.11.2024/3R/105MEDIA/DSCF0742.JPG,DSCF0742.JPG,3R/105MEDIA,2,Western_Leopard_Toad,0.2639,677.6,1168.5,771.4,1291.9
/srv/shared_leopard_toad/2024/18.11.2024/3R/105MEDIA/DSCF0966.JPG,DSCF0966.JPG,3R/105MEDIA,0,Other_Amphibian,0.2242,2471.5,952.5,2555.0,1034.6
/srv/shared_leopard_toad/2024/18.11.2024/3R/105MEDIA/DSCF0031.JPG,DSCF0031.JPG,3R/105MEDIA,2,Western_Leopard_Toad,0.8169,1887.3,1269.3,2036.7,1434.1
/srv/shared_leopard_toad/2024/18.11.2024/3R/105MEDIA/DSCF0031.JPG,DSCF0031.JPG,3R/105MEDIA,0,Other_Amphibian,0.2834,1887.3,1269.3,2036.7,1434.1
/srv/shared_leopard_toad/2024/18.11.2024/3R/105MEDIA/DSCF0031.JPG,DSCF0031.JPG,3R/105MEDIA,1,Small_Mammal,0.2576,1887.3,1269.3,2036.7,1434.1
/srv/shared_leopard_toad/2024/18.11.2024/3R/105MEDIA/DSCF0516.JPG,DSCF0516.JPG,3R/105MEDIA,0,Other_Amphibian,0.2382,4518.1,1806.3,4607.9,1993.1
/srv/shared_leopard_toad/2024/18.11.2024/3R/105MEDIA/DSCF0058.JPG,DSCF0058.JPG,3R/105MEDIA,2,Western_Leopard_Toad,0.4580,1893.1,1267.2,2044.4,1433.6
/srv/shared_leopard_toad/2024/18.11.2024/3R/105MEDIA/DSCF0169.JPG,DSCF0169.JPG,3R/105MEDIA,2,Western_Leopard_Toad,0.3284,1891.6,1269.9,2023.4,1433.5
/srv/shared_leopard_toad/2024/18.11.2024/3R/105MEDIA/DSCF0706.JPG,DSCF0706.JPG,3R/105MEDIA,2,Western_Leopard_Toad,0.3445,678.7,1161.1,775.9,1290.4
/srv/shared_leopard_toad/2024/18.11.2024/3R/105MEDIA/DSCF0706.JPG,DSCF0706.JPG,3R/105MEDIA,0,Other_Amphibian,0.2064,2473.1,951.5,2557.9,1034.3
/srv/shared_leopard_toad/2024/18.11.2024/3R/105MEDIA/DSCF0525.JPG,DSCF0525.JPG,3R/105MEDIA,0,Other_Amphibian,0.3362,4527.9,1806.5,4611.6,1987.8
/srv/shared_leopard_toad/2024/18.11.2024/3R/105MEDIA/DSCF0757.JPG,DSCF0757.JPG,3R/105MEDIA,0,Other_Amphibian,0.2864,2472.4,948.5,2558.6,1033.5
/srv/shared_leopard_toad/2024/18.11.2024/3R/105MEDIA/DSCF0144.JPG,DSCF0144.JPG,3R/105MEDIA,2,Western_Leopard_Toad,0.3191,1891.9,1270.3,2023.1,1433.1
/srv/shared_leopard_toad/2024/18.11.2024/3R/105MEDIA/DSCF0144.JPG,DSCF0144.JPG,3R/105MEDIA,0,Other_Amphibian,0.2510,1891.9,1270.3,2023.1,1433.1
/srv/shared_leopard_toad/2024/18.11.2024/3R/105MEDIA/DSCF0904.JPG,DSCF0904.JPG,3R/105MEDIA,2,Western_Leopard_Toad,0.2620,674.1,1170.8,772.7,1292.1
/srv/shared_leopard_toad/2024/18.11.2024/3R/105MEDIA/DSCF0238.JPG,DSCF0238.JPG,3R/105MEDIA,2,Western_Leopard_Toad,0.3701,676.9,1165.5,764.2,1289.8
/srv/shared_leopard_toad/2024/18.11.2024/3R/105MEDIA/DSCF0735.JPG,DSCF0735.JPG,3R/105MEDIA,0,Other_Amphibian,0.2864,2469.9,947.6,2556.6,1033.1
/srv/shared_leopard_toad/2024/18.11.2024/3R/105MEDIA/DSCF0551.JPG,DSCF0551.JPG,3R/105MEDIA,0,Other_Amphibian,0.3093,4527.4,1798.1,4612.1,1981.0
/srv/shared_leopard_toad/2024/18.11.2024/3R/105MEDIA/DSCF0748.JPG,DSCF0748.JPG,3R/105MEDIA,2,Western_Leopard_Toad,0.3479,678.9,1163.0,775.7,1292.3
/srv/shared_leopard_toad/2024/18.11.2024/3R/105MEDIA/DSCF0299.JPG,DSCF0299.JPG,3R/105MEDIA,2,Western_Leopard_Toad,0.3418,676.2,1165.8,765.0,1286.9
/srv/shared_leopard_toad/2024/18.11.2024/3R/105MEDIA/DSCF0345.JPG,DSCF0345.JPG,3R/105MEDIA,2,Western_Leopard_Toad,0.6025,676.3,1156.5,771.6,1288.7
/srv/shared_leopard_toad/2024/18.11.2024/3R/105MEDIA/DSCF0293.JPG,DSCF0293.JPG,3R/105MEDIA,2,Western_Leopard_Toad,0.3357,675.8,1160.3,765.3,1290.0
/srv/shared_leopard_toad/2024/18.11.2024/3R/105MEDIA/DSCF0020.JPG,DSCF0020.JPG,3R/105MEDIA,2,Western_Leopard_Toad,0.6982,1886.6,1267.4,2041.9,1430.9
/srv/shared_leopard_toad/2024/18.11.2024/3R/105MEDIA/DSCF0020.JPG,DSCF0020.JPG,3R/105MEDIA,1,Small_Mammal,0.3066,1886.6,1267.4,2041.9,1430.9
/srv/shared_leopard_toad/2024/18.11.2024/3R/105MEDIA/DSCF0020.JPG,DSCF0020.JPG,3R/105MEDIA,0,Other_Amphibian,0.2839,1886.6,1267.4,2041.9,1430.9
/srv/shared_leopard_toad/2024/18.11.2024/3R/105MEDIA/DSCF0018.JPG,DSCF0018.JPG,3R/105MEDIA,2,Western_Leopard_Toad,0.5220,1887.5,1268.4,2045.5,1429.9
/srv/shared_leopard_toad/2024/18.11.2024/3R/105MEDIA/DSCF0018.JPG,DSCF0018.JPG,3R/105MEDIA,1,Small_Mammal,0.2568,1887.5,1268.4,2045.5,1429.9
/srv/shared_leopard_toad/2024/18.11.2024/3R/105MEDIA/DSCF0527.JPG,DSCF0527.JPG,3R/105MEDIA,0,Other_Amphibian,0.2644,4532.1,1799.2,4611.9,1997.6
/srv/shared_leopard_toad/2024/18.11.2024/3R/105MEDIA/DSCF0360.JPG,DSCF0360.JPG,3R/105MEDIA,2,Western_Leopard_Toad,0.4690,678.1,1157.7,768.6,1286.2
/srv/shared_leopard_toad/2024/18.11.2024/3R/105MEDIA/DSCF0206.JPG,DSCF0206.JPG,3R/105MEDIA,2,Western_Leopard_Toad,0.3062,675.6,1167.2,768.9,1288.1
/srv/shared_leopard_toad/2024/18.11.2024/3R/105MEDIA/DSCF0902.JPG,DSCF0902.JPG,3R/105MEDIA,2,Western_Leopard_Toad,0.3215,674.7,1169.8,770.9,1293.2
/srv/shared_leopard_toad/2024/18.11.2024/3R/105MEDIA/DSCF0902.JPG,DSCF0902.JPG,3R/105MEDIA,0,Other_Amphibian,0.2106,2470.1,950.2,2556.4,1034.3
/srv/shared_leopard_toad/2024/18.11.2024/3R/105MEDIA/DSCF0059.JPG,DSCF0059.JPG,3R/105MEDIA,2,Western_Leopard_Toad,0.3464,1893.0,1269.1,2049.0,1434.3
/srv/shared_leopard_toad/2024/18.11.2024/3R/105MEDIA/DSCF0791.JPG,DSCF0791.JPG,3R/105MEDIA,2,Western_Leopard_Toad,0.2549,672.6,1165.7,768.5,1294.7
/srv/shared_leopard_toad/2024/18.11.2024/3R/105MEDIA/DSCF0558.JPG,DSCF0558.JPG,3R/105MEDIA,0,Other_Amphibian,0.3054,4529.6,1802.6,4609.9,1994.3
/srv/shared_leopard_toad/2024/18.11.2024/3R/105MEDIA/DSCF0689.JPG,DSCF0689.JPG,3R/105MEDIA,0,Other_Amphibian,0.2272,2475.9,950.4,2564.1,1031.6
/srv/shared_leopard_toad/2024/18.11.2024/3R/105MEDIA/DSCF0278.JPG,DSCF0278.JPG,3R/105MEDIA,2,Western_Leopard_Toad,0.5830,676.5,1165.4,768.0,1289.9
/srv/shared_leopard_toad/2024/18.11.2024/3R/105MEDIA/DSCF0278.JPG,DSCF0278.JPG,3R/105MEDIA,2,Western_Leopard_Toad,0.4185,676.7,1164.3,767.8,1288.4
/srv/shared_leopard_toad/2024/18.11.2024/3R/105MEDIA/DSCF0050.JPG,DSCF0050.JPG,3R/105MEDIA,2,Western_Leopard_Toad,0.8569,1885.8,1268.3,2033.7,1432.5
/srv/shared_leopard_toad/2024/18.11.2024/3R/105MEDIA/DSCF0050.JPG,DSCF0050.JPG,3R/105MEDIA,0,Other_Amphibian,0.2920,1885.8,1268.3,2033.7,1432.5
/srv/shared_leopard_toad/2024/18.11.2024/3R/105MEDIA/DSCF0050.JPG,DSCF0050.JPG,3R/105MEDIA,1,Small_Mammal,0.2778,1885.8,1268.3,2033.7,1432.5
/srv/shared_leopard_toad/2024/18.11.2024/3R/105MEDIA/DSCF0099.JPG,DSCF0099.JPG,3R/105MEDIA,2,Western_Leopard_Toad,0.3503,1892.2,1264.3,2045.2,1431.5
/srv/shared_leopard_toad/2024/18.11.2024/3R/105MEDIA/DSCF0463.JPG,DSCF0463.JPG,3R/105MEDIA,2,Western_Leopard_Toad,0.2615,676.2,1155.3,770.6,1289.9
/srv/shared_leopard_toad/2024/18.11.2024/3R/105MEDIA/DSCF0909.JPG,DSCF0909.JPG,3R/105MEDIA,2,Western_Leopard_Toad,0.3103,676.2,1166.3,771.7,1291.5
/srv/shared_leopard_toad/2024/18.11.2024/3R/105MEDIA/DSCF0760.JPG,DSCF0760.JPG,3R/105MEDIA,2,Western_Leopard_Toad,0.3826,675.4,1161.6,771.4,1288.7
/srv/shared_leopard_toad/2024/18.11.2024/3R/105MEDIA/DSCF0222.JPG,DSCF0222.JPG,3R/105MEDIA,2,Western_Leopard_Toad,0.4529,673.7,1155.3,772.0,1289.9
/srv/shared_leopard_toad/2024/18.11.2024/3R/105MEDIA/DSCF0903.JPG,DSCF0903.JPG,3R/105MEDIA,2,Western_Leopard_Toad,0.4792,675.1,1167.1,772.8,1290.7
/srv/shared_leopard_toad/2024/18.11.2024/3R/105MEDIA/DSCF0025.JPG,DSCF0025.JPG,3R/105MEDIA,2,Western_Leopard_Toad,0.7563,1887.7,1268.2,2047.6,1432.7
/srv/shared_leopard_toad/2024/18.11.2024/3R/105MEDIA/DSCF0025.JPG,DSCF0025.JPG,3R/105MEDIA,1,Small_Mammal,0.2588,1887.7,1268.2,2047.6,1432.7
/srv/shared_leopard_toad/2024/18.11.2024/3R/105MEDIA/DSCF0025.JPG,DSCF0025.JPG,3R/105MEDIA,0,Other_Amphibian,0.2460,1887.7,1268.2,2047.6,1432.7
/srv/shared_leopard_toad/2024/18.11.2024/3R/105MEDIA/DSCF0997.JPG,DSCF0997.JPG,3R/105MEDIA,0,Other_Amphibian,0.2795,2470.7,953.8,2555.8,1035.8
/srv/shared_leopard_toad/2024/18.11.2024/3R/105MEDIA/DSCF0381.JPG,DSCF0381.JPG,3R/105MEDIA,2,Western_Leopard_Toad,0.5903,675.2,1161.4,764.8,1290.1
/srv/shared_leopard_toad/2024/18.11.2024/3R/105MEDIA/DSCF0365.JPG,DSCF0365.JPG,3R/105MEDIA,2,Western_Leopard_Toad,0.6743,675.0,1156.1,770.7,1287.8
/srv/shared_leopard_toad/2024/18.11.2024/3R/105MEDIA/DSCF0693.JPG,DSCF0693.JPG,3R/105MEDIA,0,Other_Amphibian,0.3560,2476.2,950.0,2563.8,1033.2
/srv/shared_leopard_toad/2024/18.11.2024/3R/105MEDIA/DSCF0741.JPG,DSCF0741.JPG,3R/105MEDIA,2,Western_Leopard_Toad,0.3142,675.5,1163.0,772.4,1292.3
/srv/shared_leopard_toad/2024/18.11.2024/3R/105MEDIA/DSCF0741.JPG,DSCF0741.JPG,3R/105MEDIA,2,Western_Leopard_Toad,0.2607,675.0,1162.9,771.8,1292.4
/srv/shared_leopard_toad/2024/18.11.2024/3R/105MEDIA/DSCF0538.JPG,DSCF0538.JPG,3R/105MEDIA,0,Other_Amphibian,0.3376,4532.3,1806.4,4611.7,1990.5
/srv/shared_leopard_toad/2024/18.11.2024/3R/105MEDIA/DSCF0538.JPG,DSCF0538.JPG,3R/105MEDIA,2,Western_Leopard_Toad,0.2581,4532.3,1806.4,4611.7,1990.5
/srv/shared_leopard_toad/2024/18.11.2024/3R/105MEDIA/DSCF0913.JPG,DSCF0913.JPG,3R/105MEDIA,2,Western_Leopard_Toad,0.6113,675.7,1169.9,773.3,1287.9
/srv/shared_leopard_toad/2024/18.11.2024/3R/105MEDIA/DSCF0454.JPG,DSCF0454.JPG,3R/105MEDIA,2,Western_Leopard_Toad,0.2935,676.5,1162.6,768.0,1289.0
/srv/shared_leopard_toad/2024/18.11.2024/3R/105MEDIA/DSCF0947.JPG,DSCF0947.JPG,3R/105MEDIA,2,Western_Leopard_Toad,0.3037,676.8,1167.3,772.2,1289.3
/srv/shared_leopard_toad/2024/18.11.2024/3R/105MEDIA/DSCF0824.JPG,DSCF0824.JPG,3R/105MEDIA,2,Western_Leopard_Toad,0.3169,677.0,1164.1,768.6,1288.6
/srv/shared_leopard_toad/2024/18.11.2024/3R/105MEDIA/DSCF0133.JPG,DSCF0133.JPG,3R/105MEDIA,2,Western_Leopard_Toad,0.3101,1890.0,1270.0,2025.0,1433.4
/srv/shared_leopard_toad/2024/18.11.2024/3R/105MEDIA/DSCF0685.JPG,DSCF0685.JPG,3R/105MEDIA,0,Other_Amphibian,0.4717,2473.8,950.1,2561.7,1031.9
/srv/shared_leopard_toad/2024/18.11.2024/3R/105MEDIA/DSCF0685.JPG,DSCF0685.JPG,3R/105MEDIA,2,Western_Leopard_Toad,0.3706,677.1,1159.4,771.9,1290.9
/srv/shared_leopard_toad/2024/18.11.2024/3R/105MEDIA/DSCF0685.JPG,DSCF0685.JPG,3R/105MEDIA,2,Western_Leopard_Toad,0.2854,675.9,1158.8,773.1,1291.5
/srv/shared_leopard_toad/2024/18.11.2024/3R/105MEDIA/DSCF0209.JPG,DSCF0209.JPG,3R/105MEDIA,2,Western_Leopard_Toad,0.2622,677.6,1161.4,768.1,1288.8
/srv/shared_leopard_toad/2024/18.11.2024/3R/105MEDIA/DSCF0725.JPG,DSCF0725.JPG,3R/105MEDIA,2,Western_Leopard_Toad,0.2913,675.1,1161.8,770.6,1289.7
/srv/shared_leopard_toad/2024/18.11.2024/3R/105MEDIA/DSCF0725.JPG,DSCF0725.JPG,3R/105MEDIA,0,Other_Amphibian,0.2086,2472.4,949.5,2558.6,1032.5
/srv/shared_leopard_toad/2024/18.11.2024/3R/105MEDIA/DSCF0550.JPG,DSCF0550.JPG,3R/105MEDIA,0,Other_Amphibian,0.4749,4525.0,1801.9,4610.0,1987.4
/srv/shared_leopard_toad/2024/18.11.2024/3R/105MEDIA/DSCF0550.JPG,DSCF0550.JPG,3R/105MEDIA,2,Western_Leopard_Toad,0.2778,4525.0,1801.9,4610.0,1987.4
/srv/shared_leopard_toad/2024/18.11.2024/3R/105MEDIA/DSCF0690.JPG,DSCF0690.JPG,3R/105MEDIA,0,Other_Amphibian,0.2203,2476.3,950.8,2563.7,1032.4
/srv/shared_leopard_toad/2024/18.11.2024/3R/105MEDIA/DSCF0918.JPG,DSCF0918.JPG,3R/105MEDIA,2,Western_Leopard_Toad,0.6396,676.2,1162.2,775.1,1290.5
/srv/shared_leopard_toad/2024/18.11.2024/3R/105MEDIA/DSCF0240.JPG,DSCF0240.JPG,3R/105MEDIA,2,Western_Leopard_Toad,0.5200,674.3,1162.2,766.9,1289.3
/srv/shared_leopard_toad/2024/18.11.2024/3R/105MEDIA/DSCF0714.JPG,DSCF0714.JPG,3R/105MEDIA,0,Other_Amphibian,0.2871,2471.9,952.0,2559.1,1033.8
/srv/shared_leopard_toad/2024/18.11.2024/3R/105MEDIA/DSCF0302.JPG,DSCF0302.JPG,3R/105MEDIA,2,Western_Leopard_Toad,0.7026,677.7,1164.7,767.9,1286.8
/srv/shared_leopard_toad/2024/18.11.2024/3R/105MEDIA/DSCF0232.JPG,DSCF0232.JPG,3R/105MEDIA,2,Western_Leopard_Toad,0.2891,677.4,1167.7,767.1,1288.8
/srv/shared_leopard_toad/2024/18.11.2024/3R/105MEDIA/DSCF0545.JPG,DSCF0545.JPG,3R/105MEDIA,0,Other_Amphibian,0.3694,4533.3,1809.6,4610.7,1994.9
/srv/shared_leopard_toad/2024/18.11.2024/3R/105MEDIA/DSCF0377.JPG,DSCF0377.JPG,3R/105MEDIA,2,Western_Leopard_Toad,0.5415,675.0,1156.1,769.5,1289.0
/srv/shared_leopard_toad/2024/18.11.2024/3R/105MEDIA/DSCF0705.JPG,DSCF0705.JPG,3R/105MEDIA,0,Other_Amphibian,0.2411,2474.4,951.6,2561.1,1032.9
/srv/shared_leopard_toad/2024/18.11.2024/3R/105MEDIA/DSCF0813.JPG,DSCF0813.JPG,3R/105MEDIA,2,Western_Leopard_Toad,0.3408,677.3,1165.7,770.6,1292.1
/srv/shared_leopard_toad/2024/18.11.2024/3R/105MEDIA/DSCF0048.JPG,DSCF0048.JPG,3R/105MEDIA,2,Western_Leopard_Toad,0.8779,1883.4,1269.6,2031.6,1433.8
/srv/shared_leopard_toad/2024/18.11.2024/3R/105MEDIA/DSCF0048.JPG,DSCF0048.JPG,3R/105MEDIA,1,Small_Mammal,0.2744,1883.4,1269.6,2031.6,1433.8
/srv/shared_leopard_toad/2024/18.11.2024/3R/105MEDIA/DSCF0048.JPG,DSCF0048.JPG,3R/105MEDIA,0,Other_Amphibian,0.2515,1883.4,1269.6,2031.6,1433.8
/srv/shared_leopard_toad/2024/18.11.2024/3R/105MEDIA/DSCF0319.JPG,DSCF0319.JPG,3R/105MEDIA,2,Western_Leopard_Toad,0.4360,675.2,1160.6,768.2,1289.6
/srv/shared_leopard_toad/2024/18.11.2024/3R/105MEDIA/DSCF0323.JPG,DSCF0323.JPG,3R/105MEDIA,2,Western_Leopard_Toad,0.3489,673.0,1158.4,768.1,1289.3
/srv/shared_leopard_toad/2024/18.11.2024/3R/105MEDIA/DSCF0013.JPG,DSCF0013.JPG,3R/105MEDIA,1,Small_Mammal,0.2034,1884.9,1268.9,2048.1,1432.0
/srv/shared_leopard_toad/2024/18.11.2024/3R/105MEDIA/DSCF0876.JPG,DSCF0876.JPG,3R/105MEDIA,2,Western_Leopard_Toad,0.4849,676.1,1171.2,772.9,1293.0
/srv/shared_leopard_toad/2024/18.11.2024/3R/105MEDIA/DSCF0108.JPG,DSCF0108.JPG,3R/105MEDIA,2,Western_Leopard_Toad,0.2927,1889.7,1269.3,2025.3,1434.1
/srv/shared_leopard_toad/2024/18.11.2024/3R/105MEDIA/DSCF0108.JPG,DSCF0108.JPG,3R/105MEDIA,2,Western_Leopard_Toad,0.2612,1889.8,1269.4,2029.7,1434.0
/srv/shared_leopard_toad/2024/18.11.2024/3R/105MEDIA/DSCF0277.JPG,DSCF0277.JPG,3R/105MEDIA,2,Western_Leopard_Toad,0.3545,674.8,1156.6,766.3,1288.6
/srv/shared_leopard_toad/2024/18.11.2024/3R/105MEDIA/DSCF0901.JPG,DSCF0901.JPG,3R/105MEDIA,2,Western_Leopard_Toad,0.3096,675.4,1167.5,772.5,1292.9
/srv/shared_leopard_toad/2024/18.11.2024/3R/105MEDIA/DSCF0747.JPG,DSCF0747.JPG,3R/105MEDIA,2,Western_Leopard_Toad,0.3909,679.7,1166.0,777.2,1291.9
/srv/shared_leopard_toad/2024/18.11.2024/3R/105MEDIA/DSCF0692.JPG,DSCF0692.JPG,3R/105MEDIA,2,Western_Leopard_Toad,0.6172,677.8,1158.6,779.1,1291.7
/srv/shared_leopard_toad/2024/18.11.2024/3R/105MEDIA/DSCF0542.JPG,DSCF0542.JPG,3R/105MEDIA,0,Other_Amphibian,0.5308,4529.6,1806.8,4609.9,1990.0
/srv/shared_leopard_toad/2024/18.11.2024/3R/105MEDIA/DSCF0542.JPG,DSCF0542.JPG,3R/105MEDIA,2,Western_Leopard_Toad,0.2847,4529.6,1806.8,4609.9,1990.0
/srv/shared_leopard_toad/2024/18.11.2024/3R/105MEDIA/DSCF0708.JPG,DSCF0708.JPG,3R/105MEDIA,0,Other_Amphibian,0.3076,2475.0,951.6,2560.5,1034.2
/srv/shared_leopard_toad/2024/18.11.2024/3R/105MEDIA/DSCF0119.JPG,DSCF0119.JPG,3R/105MEDIA,2,Western_Leopard_Toad,0.2825,1889.5,1269.7,2021.0,1433.6
/srv/shared_leopard_toad/2024/18.11.2024/3R/105MEDIA/DSCF0408.JPG,DSCF0408.JPG,3R/105MEDIA,2,Western_Leopard_Toad,0.2969,1886.9,1275.0,2032.6,1433.4
/srv/shared_leopard_toad/2024/18.11.2024/3R/105MEDIA/DSCF0408.JPG,DSCF0408.JPG,3R/105MEDIA,0,Other_Amphibian,0.2837,1886.9,1275.0,2032.6,1433.4
/srv/shared_leopard_toad/2024/18.11.2024/3R/105MEDIA/DSCF0408.JPG,DSCF0408.JPG,3R/105MEDIA,2,Western_Leopard_Toad,0.2627,675.3,1160.6,769.2,1289.6
/srv/shared_leopard_toad/2024/18.11.2024/3R/105MEDIA/DSCF0804.JPG,DSCF0804.JPG,3R/105MEDIA,2,Western_Leopard_Toad,0.3354,674.2,1162.5,771.5,1290.3
/srv/shared_leopard_toad/2024/18.11.2024/3R/105MEDIA/DSCF0915.JPG,DSCF0915.JPG,3R/105MEDIA,2,Western_Leopard_Toad,0.4797,675.6,1168.1,772.2,1289.7
/srv/shared_leopard_toad/2024/18.11.2024/3R/105MEDIA/DSCF0425.JPG,DSCF0425.JPG,3R/105MEDIA,2,Western_Leopard_Toad,0.5342,673.1,1156.4,771.4,1288.8
/srv/shared_leopard_toad/2024/18.11.2024/3R/105MEDIA/DSCF0420.JPG,DSCF0420.JPG,3R/105MEDIA,2,Western_Leopard_Toad,0.4556,674.6,1157.3,769.9,1287.9
/srv/shared_leopard_toad/2024/18.11.2024/3R/105MEDIA/DSCF0398.JPG,DSCF0398.JPG,3R/105MEDIA,2,Western_Leopard_Toad,0.3765,674.2,1156.9,771.5,1288.3
/srv/shared_leopard_toad/2024/18.11.2024/3R/105MEDIA/DSCF0205.JPG,DSCF0205.JPG,3R/105MEDIA,2,Western_Leopard_Toad,0.5078,675.9,1158.3,769.7,1286.9
/srv/shared_leopard_toad/2024/18.11.2024/3R/105MEDIA/DSCF0540.JPG,DSCF0540.JPG,3R/105MEDIA,0,Other_Amphibian,0.5312,4528.6,1807.5,4610.9,1994.4
/srv/shared_leopard_toad/2024/18.11.2024/3R/105MEDIA/DSCF0540.JPG,DSCF0540.JPG,3R/105MEDIA,2,Western_Leopard_Toad,0.2754,4528.6,1807.5,4610.9,1994.4
/srv/shared_leopard_toad/2024/18.11.2024/3R/105MEDIA/DSCF0111.JPG,DSCF0111.JPG,3R/105MEDIA,2,Western_Leopard_Toad,0.2581,1891.6,1269.4,2023.4,1434.0
/srv/shared_leopard_toad/2024/18.11.2024/3R/105MEDIA/DSCF0349.JPG,DSCF0349.JPG,3R/105MEDIA,2,Western_Leopard_Toad,0.7085,677.4,1159.9,768.2,1287.8
/srv/shared_leopard_toad/2024/18.11.2024/3R/105MEDIA/DSCF0555.JPG,DSCF0555.JPG,3R/105MEDIA,0,Other_Amphibian,0.3235,4529.4,1797.0,4610.1,1982.2
/srv/shared_leopard_toad/2024/18.11.2024/3R/105MEDIA/DSCF0695.JPG,DSCF0695.JPG,3R/105MEDIA,0,Other_Amphibian,0.2075,2476.9,951.3,2563.1,1032.0
/srv/shared_leopard_toad/2024/18.11.2024/3R/105MEDIA/DSCF0764.JPG,DSCF0764.JPG,3R/105MEDIA,0,Other_Amphibian,0.3198,2473.2,948.0,2557.8,1032.7
/srv/shared_leopard_toad/2024/18.11.2024/3R/105MEDIA/DSCF0229.JPG,DSCF0229.JPG,3R/105MEDIA,2,Western_Leopard_Toad,0.5967,674.9,1162.5,766.3,1287.7
/srv/shared_leopard_toad/2024/18.11.2024/3R/105MEDIA/DSCF0953.JPG,DSCF0953.JPG,3R/105MEDIA,0,Other_Amphibian,0.2153,2470.9,952.4,2555.6,1034.6
/srv/shared_leopard_toad/2024/18.11.2024/3R/105MEDIA/DSCF0657.JPG,DSCF0657.JPG,3R/105MEDIA,0,Other_Amphibian,0.2063,4502.4,1797.2,4610.1,1926.2
/srv/shared_leopard_toad/2024/18.11.2024/3R/105MEDIA/DSCF0163.JPG,DSCF0163.JPG,3R/105MEDIA,2,Western_Leopard_Toad,0.2830,1892.0,1270.9,2023.0,1432.5
/srv/shared_leopard_toad/2024/18.11.2024/3R/105MEDIA/DSCF0711.JPG,DSCF0711.JPG,3R/105MEDIA,2,Western_Leopard_Toad,0.4211,680.4,1163.7,774.2,1289.1
/srv/shared_leopard_toad/2024/18.11.2024/3R/105MEDIA/DSCF0711.JPG,DSCF0711.JPG,3R/105MEDIA,0,Other_Amphibian,0.4023,2471.9,949.9,2559.1,1033.3
/srv/shared_leopard_toad/2024/18.11.2024/3R/105MEDIA/DSCF0563.JPG,DSCF0563.JPG,3R/105MEDIA,0,Other_Amphibian,0.3777,4528.3,1798.8,4611.2,1982.9
/srv/shared_leopard_toad/2024/18.11.2024/3R/105MEDIA/DSCF0470.JPG,DSCF0470.JPG,3R/105MEDIA,2,Western_Leopard_Toad,0.6577,676.7,1157.7,772.3,1286.2
/srv/shared_leopard_toad/2024/18.11.2024/3R/105MEDIA/DSCF0710.JPG,DSCF0710.JPG,3R/105MEDIA,0,Other_Amphibian,0.2134,2474.4,948.3,2561.1,1032.4
/srv/shared_leopard_toad/2024/18.11.2024/3R/105MEDIA/DSCF0406.JPG,DSCF0406.JPG,3R/105MEDIA,2,Western_Leopard_Toad,0.5293,672.3,1155.4,768.9,1288.5
/srv/shared_leopard_toad/2024/18.11.2024/3R/105MEDIA/DSCF0406.JPG,DSCF0406.JPG,3R/105MEDIA,2,Western_Leopard_Toad,0.3533,1887.5,1272.7,2036.5,1433.2
/srv/shared_leopard_toad/2024/18.11.2024/3R/105MEDIA/DSCF0406.JPG,DSCF0406.JPG,3R/105MEDIA,0,Other_Amphibian,0.3215,1887.5,1272.7,2036.5,1433.2
/srv/shared_leopard_toad/2024/18.11.2024/3R/105MEDIA/DSCF0022.JPG,DSCF0022.JPG,3R/105MEDIA,2,Western_Leopard_Toad,0.5996,1885.7,1265.3,2047.3,1430.5
/srv/shared_leopard_toad/2024/18.11.2024/3R/105MEDIA/DSCF0022.JPG,DSCF0022.JPG,3R/105MEDIA,1,Small_Mammal,0.3406,1885.7,1265.3,2047.3,1430.5
/srv/shared_leopard_toad/2024/18.11.2024/3R/105MEDIA/DSCF0022.JPG,DSCF0022.JPG,3R/105MEDIA,0,Other_Amphibian,0.2217,1885.7,1265.3,2047.3,1430.5
/srv/shared_leopard_toad/2024/18.11.2024/3R/105MEDIA/DSCF0389.JPG,DSCF0389.JPG,3R/105MEDIA,2,Western_Leopard_Toad,0.5576,675.2,1163.8,769.3,1289.0
/srv/shared_leopard_toad/2024/18.11.2024/3R/105MEDIA/DSCF0379.JPG,DSCF0379.JPG,3R/105MEDIA,2,Western_Leopard_Toad,0.7217,674.8,1156.1,768.6,1287.8
/srv/shared_leopard_toad/2024/18.11.2024/3R/105MEDIA/DSCF0395.JPG,DSCF0395.JPG,3R/105MEDIA,2,Western_Leopard_Toad,0.2886,676.5,1160.5,771.4,1289.8
/srv/shared_leopard_toad/2024/18.11.2024/3R/105MEDIA/DSCF0011.JPG,DSCF0011.JPG,3R/105MEDIA,1,Small_Mammal,0.2700,1886.4,1269.6,2046.6,1433.8
/srv/shared_leopard_toad/2024/18.11.2024/3R/105MEDIA/DSCF0011.JPG,DSCF0011.JPG,3R/105MEDIA,2,Western_Leopard_Toad,0.2522,1886.4,1269.6,2046.6,1433.8
/srv/shared_leopard_toad/2024/18.11.2024/3R/105MEDIA/DSCF0011.JPG,DSCF0011.JPG,3R/105MEDIA,0,Other_Amphibian,0.2358,1886.4,1269.6,2046.6,1433.8
/srv/shared_leopard_toad/2024/18.11.2024/3R/105MEDIA/DSCF0570.JPG,DSCF0570.JPG,3R/105MEDIA,0,Other_Amphibian,0.2549,4529.1,1794.7,4610.4,1984.4
/srv/shared_leopard_toad/2024/18.11.2024/3R/105MEDIA/DSCF0999.JPG,DSCF0999.JPG,3R/105MEDIA,2,Western_Leopard_Toad,0.3821,675.8,1162.8,773.2,1287.5
/srv/shared_leopard_toad/2024/18.11.2024/3R/105MEDIA/DSCF0687.JPG,DSCF0687.JPG,3R/105MEDIA,0,Other_Amphibian,0.3528,2473.5,950.6,2562.0,1032.7
/srv/shared_leopard_toad/2024/18.11.2024/3R/105MEDIA/DSCF0370.JPG,DSCF0370.JPG,3R/105MEDIA,2,Western_Leopard_Toad,0.2671,675.4,1158.4,768.0,1291.8
/srv/shared_leopard_toad/2024/18.11.2024/3R/105MEDIA/DSCF0289.JPG,DSCF0289.JPG,3R/105MEDIA,2,Western_Leopard_Toad,0.5376,675.0,1161.1,768.3,1286.6
/srv/shared_leopard_toad/2024/18.11.2024/3R/105MEDIA/DSCF0289.JPG,DSCF0289.JPG,3R/105MEDIA,0,Other_Amphibian,0.4971,2350.7,1613.8,2414.8,1707.2
/srv/shared_leopard_toad/2024/18.11.2024/3R/105MEDIA/DSCF0718.JPG,DSCF0718.JPG,3R/105MEDIA,0,Other_Amphibian,0.2561,2474.8,950.5,2560.7,1032.8
/srv/shared_leopard_toad/2024/18.11.2024/3R/105MEDIA/DSCF0017.JPG,DSCF0017.JPG,3R/105MEDIA,2,Western_Leopard_Toad,0.3779,1886.4,1268.3,2046.6,1432.5
/srv/shared_leopard_toad/2024/18.11.2024/3R/105MEDIA/DSCF0726.JPG,DSCF0726.JPG,3R/105MEDIA,0,Other_Amphibian,0.3118,2472.6,949.1,2558.4,1032.9
/srv/shared_leopard_toad/2024/18.11.2024/3R/105MEDIA/DSCF0783.JPG,DSCF0783.JPG,3R/105MEDIA,2,Western_Leopard_Toad,0.5845,674.0,1160.4,775.0,1289.9
/srv/shared_leopard_toad/2024/18.11.2024/3R/105MEDIA/DSCF0783.JPG,DSCF0783.JPG,3R/105MEDIA,2,Western_Leopard_Toad,0.3191,674.8,1162.2,773.1,1290.5
/srv/shared_leopard_toad/2024/18.11.2024/3R/105MEDIA/DSCF0440.JPG,DSCF0440.JPG,3R/105MEDIA,2,Western_Leopard_Toad,0.5352,677.0,1155.2,768.6,1287.4
/srv/shared_leopard_toad/2024/18.11.2024/3R/105MEDIA/DSCF0703.JPG,DSCF0703.JPG,3R/105MEDIA,0,Other_Amphibian,0.2959,2476.8,951.3,2563.2,1031.9
/srv/shared_leopard_toad/2024/18.11.2024/3R/105MEDIA/DSCF0571.JPG,DSCF0571.JPG,3R/105MEDIA,0,Other_Amphibian,0.2285,4530.5,1797.8,4609.0,1986.4
/srv/shared_leopard_toad/2024/18.11.2024/3R/105MEDIA/DSCF0375.JPG,DSCF0375.JPG,3R/105MEDIA,2,Western_Leopard_Toad,0.4370,672.8,1155.7,771.8,1292.0
/srv/shared_leopard_toad/2024/18.11.2024/3R/105MEDIA/DSCF0929.JPG,DSCF0929.JPG,3R/105MEDIA,2,Western_Leopard_Toad,0.2588,674.8,1167.4,770.8,1289.2
/srv/shared_leopard_toad/2024/18.11.2024/3R/105MEDIA/DSCF0337.JPG,DSCF0337.JPG,3R/105MEDIA,2,Western_Leopard_Toad,0.7046,676.4,1156.7,771.5,1288.4
/srv/shared_leopard_toad/2024/18.11.2024/3R/105MEDIA/DSCF0316.JPG,DSCF0316.JPG,3R/105MEDIA,2,Western_Leopard_Toad,0.3059,676.8,1163.8,763.2,1289.0
/srv/shared_leopard_toad/2024/18.11.2024/3R/105MEDIA/DSCF0043.JPG,DSCF0043.JPG,3R/105MEDIA,2,Western_Leopard_Toad,0.7446,1884.4,1269.3,2039.6,1434.1
/srv/shared_leopard_toad/2024/18.11.2024/3R/105MEDIA/DSCF0043.JPG,DSCF0043.JPG,3R/105MEDIA,0,Other_Amphibian,0.2405,1884.4,1269.3,2039.6,1434.1
/srv/shared_leopard_toad/2024/18.11.2024/3R/105MEDIA/DSCF0043.JPG,DSCF0043.JPG,3R/105MEDIA,1,Small_Mammal,0.2148,1884.4,1269.3,2039.6,1434.1
/srv/shared_leopard_toad/2024/18.11.2024/3R/105MEDIA/DSCF0275.JPG,DSCF0275.JPG,3R/105MEDIA,2,Western_Leopard_Toad,0.4900,675.9,1156.3,765.2,1288.9
/srv/shared_leopard_toad/2024/18.11.2024/3R/105MEDIA/DSCF0530.JPG,DSCF0530.JPG,3R/105MEDIA,0,Other_Amphibian,0.4219,4531.8,1804.8,4612.2,1992.1
/srv/shared_leopard_toad/2024/18.11.2024/3R/105MEDIA/DSCF0530.JPG,DSCF0530.JPG,3R/105MEDIA,2,Western_Leopard_Toad,0.3330,4531.8,1804.8,4612.2,1992.1
/srv/shared_leopard_toad/2024/18.11.2024/3R/105MEDIA/DSCF0654.JPG,DSCF0654.JPG,3R/105MEDIA,0,Other_Amphibian,0.2983,2474.0,950.3,2561.5,1031.6
/srv/shared_leopard_toad/2024/18.11.2024/3R/105MEDIA/DSCF0521.JPG,DSCF0521.JPG,3R/105MEDIA,0,Other_Amphibian,0.2418,4526.9,1799.8,4612.6,1989.5
/srv/shared_leopard_toad/2024/18.11.2024/3R/105MEDIA/DSCF0457.JPG,DSCF0457.JPG,3R/105MEDIA,2,Western_Leopard_Toad,0.2893,676.3,1158.6,770.4,1289.1
/srv/shared_leopard_toad/2024/18.11.2024/3R/105MEDIA/DSCF0126.JPG,DSCF0126.JPG,3R/105MEDIA,2,Western_Leopard_Toad,0.4011,1889.7,1268.3,2025.3,1432.5
/srv/shared_leopard_toad/2024/18.11.2024/3R/105MEDIA/DSCF0971.JPG,DSCF0971.JPG,3R/105MEDIA,2,Western_Leopard_Toad,0.3328,672.4,1165.3,768.7,1287.5
/srv/shared_leopard_toad/2024/18.11.2024/3R/105MEDIA/DSCF0456.JPG,DSCF0456.JPG,3R/105MEDIA,2,Western_Leopard_Toad,0.4219,677.7,1157.3,769.1,1287.9
/srv/shared_leopard_toad/2024/18.11.2024/3R/105MEDIA/DSCF0799.JPG,DSCF0799.JPG,3R/105MEDIA,2,Western_Leopard_Toad,0.3491,676.8,1167.1,772.2,1293.3
/srv/shared_leopard_toad/2024/18.11.2024/3R/105MEDIA/DSCF0355.JPG,DSCF0355.JPG,3R/105MEDIA,2,Western_Leopard_Toad,0.5337,673.7,1155.0,770.8,1288.9
/srv/shared_leopard_toad/2024/18.11.2024/3R/105MEDIA/DSCF0682.JPG,DSCF0682.JPG,3R/105MEDIA,0,Other_Amphibian,0.3298,2473.9,951.0,2561.6,1032.2
/srv/shared_leopard_toad/2024/18.11.2024/3R/105MEDIA/DSCF0535.JPG,DSCF0535.JPG,3R/105MEDIA,0,Other_Amphibian,0.4128,4528.1,1807.5,4611.4,1994.4
/srv/shared_leopard_toad/2024/18.11.2024/3R/105MEDIA/DSCF0285.JPG,DSCF0285.JPG,3R/105MEDIA,2,Western_Leopard_Toad,0.3113,675.6,1158.5,765.6,1289.2
/srv/shared_leopard_toad/2024/18.11.2024/3R/105MEDIA/DSCF0787.JPG,DSCF0787.JPG,3R/105MEDIA,2,Western_Leopard_Toad,0.5552,674.5,1161.1,773.4,1290.4
/srv/shared_leopard_toad/2024/18.11.2024/3R/105MEDIA/DSCF0787.JPG,DSCF0787.JPG,3R/105MEDIA,2,Western_Leopard_Toad,0.3191,675.8,1164.7,770.9,1293.2
/srv/shared_leopard_toad/2024/18.11.2024/3R/105MEDIA/DSCF0756.JPG,DSCF0756.JPG,3R/105MEDIA,0,Other_Amphibian,0.3918,2472.5,947.2,2558.5,1033.5
/srv/shared_leopard_toad/2024/18.11.2024/3R/105MEDIA/DSCF0517.JPG,DSCF0517.JPG,3R/105MEDIA,0,Other_Amphibian,0.3469,4529.4,1808.3,4610.1,1996.2
/srv/shared_leopard_toad/2024/18.11.2024/3R/105MEDIA/DSCF0517.JPG,DSCF0517.JPG,3R/105MEDIA,2,Western_Leopard_Toad,0.2612,4529.4,1808.3,4610.1,1996.2
/srv/shared_leopard_toad/2024/18.11.2024/3R/105MEDIA/DSCF0674.JPG,DSCF0674.JPG,3R/105MEDIA,0,Other_Amphibian,0.3132,2477.0,952.8,2563.0,1031.7
/srv/shared_leopard_toad/2024/18.11.2024/3R/105MEDIA/DSCF0120.JPG,DSCF0120.JPG,3R/105MEDIA,2,Western_Leopard_Toad,0.3733,1890.7,1266.3,2019.8,1432.1
/srv/shared_leopard_toad/2024/18.11.2024/3R/105MEDIA/DSCF0715.JPG,DSCF0715.JPG,3R/105MEDIA,0,Other_Amphibian,0.2451,2473.2,949.7,2557.8,1032.3
/srv/shared_leopard_toad/2024/18.11.2024/3R/105MEDIA/DSCF0364.JPG,DSCF0364.JPG,3R/105MEDIA,2,Western_Leopard_Toad,0.7905,674.5,1156.3,768.9,1288.9
/srv/shared_leopard_toad/2024/18.11.2024/3R/105MEDIA/DSCF0477.JPG,DSCF0477.JPG,3R/105MEDIA,2,Western_Leopard_Toad,0.3823,672.1,1154.9,769.0,1290.3
/srv/shared_leopard_toad/2024/18.11.2024/3R/105MEDIA/DSCF0441.JPG,DSCF0441.JPG,3R/105MEDIA,2,Western_Leopard_Toad,0.4111,675.6,1156.6,768.9,1288.6
/srv/shared_leopard_toad/2024/18.11.2024/3R/105MEDIA/DSCF0976.JPG,DSCF0976.JPG,3R/105MEDIA,0,Other_Amphibian,0.2195,2469.2,953.8,2552.8,1035.8
/srv/shared_leopard_toad/2024/18.11.2024/3R/105MEDIA/DSCF0698.JPG,DSCF0698.JPG,3R/105MEDIA,0,Other_Amphibian,0.2053,2473.9,952.4,2561.6,1033.3
/srv/shared_leopard_toad/2024/18.11.2024/3R/105MEDIA/DSCF0475.JPG,DSCF0475.JPG,3R/105MEDIA,2,Western_Leopard_Toad,0.6387,672.7,1154.1,772.9,1288.5
/srv/shared_leopard_toad/2024/18.11.2024/3R/105MEDIA/DSCF0480.JPG,DSCF0480.JPG,3R/105MEDIA,2,Western_Leopard_Toad,0.2673,674.1,1156.7,770.4,1288.4
/srv/shared_leopard_toad/2024/18.11.2024/3R/105MEDIA/DSCF0737.JPG,DSCF0737.JPG,3R/105MEDIA,0,Other_Amphibian,0.3306,2470.6,950.6,2555.9,1035.1
/srv/shared_leopard_toad/2024/18.11.2024/3R/105MEDIA/DSCF0330.JPG,DSCF0330.JPG,3R/105MEDIA,2,Western_Leopard_Toad,0.3115,678.2,1162.1,767.4,1290.7
/srv/shared_leopard_toad/2024/18.11.2024/3R/105MEDIA/DSCF0428.JPG,DSCF0428.JPG,3R/105MEDIA,2,Western_Leopard_Toad,0.5400,677.3,1166.1,769.4,1289.2
/srv/shared_leopard_toad/2024/18.11.2024/3R/105MEDIA/DSCF0749.JPG,DSCF0749.JPG,3R/105MEDIA,0,Other_Amphibian,0.2908,2470.9,948.2,2555.6,1033.8
/srv/shared_leopard_toad/2024/18.11.2024/3R/105MEDIA/DSCF0749.JPG,DSCF0749.JPG,3R/105MEDIA,2,Western_Leopard_Toad,0.2900,681.3,1166.7,777.9,1293.6
/srv/shared_leopard_toad/2024/18.11.2024/3R/105MEDIA/DSCF0684.JPG,DSCF0684.JPG,3R/105MEDIA,0,Other_Amphibian,0.4026,2476.6,951.2,2563.4,1032.1
/srv/shared_leopard_toad/2024/18.11.2024/3R/105MEDIA/DSCF0546.JPG,DSCF0546.JPG,3R/105MEDIA,0,Other_Amphibian,0.3887,4528.6,1805.0,4610.9,1994.4
/srv/shared_leopard_toad/2024/18.11.2024/3R/105MEDIA/DSCF0743.JPG,DSCF0743.JPG,3R/105MEDIA,0,Other_Amphibian,0.2145,2472.7,949.5,2558.3,1035.0
/srv/shared_leopard_toad/2024/18.11.2024/3R/105MEDIA/DSCF0046.JPG,DSCF0046.JPG,3R/105MEDIA,2,Western_Leopard_Toad,0.9072,1886.9,1265.5,2037.1,1430.3
/srv/shared_leopard_toad/2024/18.11.2024/3R/105MEDIA/DSCF0071.JPG,DSCF0071.JPG,3R/105MEDIA,2,Western_Leopard_Toad,0.3867,1892.9,1265.5,2031.1,1432.8
/srv/shared_leopard_toad/2024/18.11.2024/3R/105MEDIA/DSCF0028.JPG,DSCF0028.JPG,3R/105MEDIA,2,Western_Leopard_Toad,0.8345,1887.0,1268.0,2037.0,1432.8
/srv/shared_leopard_toad/2024/18.11.2024/3R/105MEDIA/DSCF0028.JPG,DSCF0028.JPG,3R/105MEDIA,0,Other_Amphibian,0.2800,1887.0,1268.0,2037.0,1432.8
/srv/shared_leopard_toad/2024/18.11.2024/3R/105MEDIA/DSCF0028.JPG,DSCF0028.JPG,3R/105MEDIA,1,Small_Mammal,0.2646,1887.0,1268.0,2037.0,1432.8
/srv/shared_leopard_toad/2024/18.11.2024/3R/105MEDIA/DSCF0969.JPG,DSCF0969.JPG,3R/105MEDIA,2,Western_Leopard_Toad,0.3188,674.5,1163.8,771.1,1289.0
/srv/shared_leopard_toad/2024/18.11.2024/3R/105MEDIA/DSCF0032.JPG,DSCF0032.JPG,3R/105MEDIA,2,Western_Leopard_Toad,0.7651,1890.0,1269.3,2043.0,1434.1
/srv/shared_leopard_toad/2024/18.11.2024/3R/105MEDIA/DSCF0032.JPG,DSCF0032.JPG,3R/105MEDIA,0,Other_Amphibian,0.3420,1890.0,1269.3,2043.0,1434.1
/srv/shared_leopard_toad/2024/18.11.2024/3R/105MEDIA/DSCF0032.JPG,DSCF0032.JPG,3R/105MEDIA,1,Small_Mammal,0.2620,1890.0,1269.3,2043.0,1434.1
/srv/shared_leopard_toad/2024/18.11.2024/3R/105MEDIA/DSCF0905.JPG,DSCF0905.JPG,3R/105MEDIA,2,Western_Leopard_Toad,0.5679,675.8,1165.3,775.4,1290.0
/srv/shared_leopard_toad/2024/18.11.2024/3R/105MEDIA/DSCF0306.JPG,DSCF0306.JPG,3R/105MEDIA,2,Western_Leopard_Toad,0.5664,674.9,1162.9,766.3,1288.6
/srv/shared_leopard_toad/2024/18.11.2024/3R/105MEDIA/DSCF0932.JPG,DSCF0932.JPG,3R/105MEDIA,2,Western_Leopard_Toad,0.3887,677.5,1166.2,773.8,1289.1
/srv/shared_leopard_toad/2024/18.11.2024/3R/105MEDIA/DSCF0928.JPG,DSCF0928.JPG,3R/105MEDIA,2,Western_Leopard_Toad,0.6733,674.6,1162.8,773.3,1288.7
/srv/shared_leopard_toad/2024/18.11.2024/3R/105MEDIA/DSCF0960.JPG,DSCF0960.JPG,3R/105MEDIA,0,Other_Amphibian,0.2200,2471.6,953.8,2554.9,1035.8
/srv/shared_leopard_toad/2024/18.11.2024/3R/105MEDIA/DSCF0770.JPG,DSCF0770.JPG,3R/105MEDIA,0,Other_Amphibian,0.2666,2472.4,949.7,2558.6,1034.8
/srv/shared_leopard_toad/2024/18.11.2024/3R/105MEDIA/DSCF0413.JPG,DSCF0413.JPG,3R/105MEDIA,2,Western_Leopard_Toad,0.2681,675.7,1158.9,772.1,1286.3
/srv/shared_leopard_toad/2024/18.11.2024/3R/105MEDIA/DSCF0438.JPG,DSCF0438.JPG,3R/105MEDIA,2,Western_Leopard_Toad,0.6055,677.3,1156.1,770.6,1286.5
/srv/shared_leopard_toad/2024/18.11.2024/3R/105MEDIA/DSCF0453.JPG,DSCF0453.JPG,3R/105MEDIA,2,Western_Leopard_Toad,0.7217,675.5,1153.4,771.2,1286.7
/srv/shared_leopard_toad/2024/18.11.2024/3R/105MEDIA/DSCF0021.JPG,DSCF0021.JPG,3R/105MEDIA,2,Western_Leopard_Toad,0.3638,1885.4,1267.2,2049.8,1431.1
/srv/shared_leopard_toad/2024/18.11.2024/3R/105MEDIA/DSCF0021.JPG,DSCF0021.JPG,3R/105MEDIA,1,Small_Mammal,0.2297,1885.4,1267.2,2049.8,1431.1
/srv/shared_leopard_toad/2024/18.11.2024/3R/105MEDIA/DSCF0227.JPG,DSCF0227.JPG,3R/105MEDIA,2,Western_Leopard_Toad,0.5278,676.7,1166.6,764.5,1288.7
/srv/shared_leopard_toad/2024/18.11.2024/3R/105MEDIA/DSCF0054.JPG,DSCF0054.JPG,3R/105MEDIA,2,Western_Leopard_Toad,0.6006,1892.2,1265.9,2049.8,1429.8
/srv/shared_leopard_toad/2024/18.11.2024/3R/105MEDIA/DSCF0054.JPG,DSCF0054.JPG,3R/105MEDIA,1,Small_Mammal,0.2064,1892.2,1265.9,2049.8,1429.8
/srv/shared_leopard_toad/2024/18.11.2024/3R/105MEDIA/DSCF0397.JPG,DSCF0397.JPG,3R/105MEDIA,2,Western_Leopard_Toad,0.4697,674.8,1159.3,768.6,1291.0
/srv/shared_leopard_toad/2024/18.11.2024/3R/105MEDIA/DSCF0334.JPG,DSCF0334.JPG,3R/105MEDIA,2,Western_Leopard_Toad,0.5742,673.2,1156.1,771.3,1286.5
/srv/shared_leopard_toad/2024/18.11.2024/3R/105MEDIA/DSCF0815.JPG,DSCF0815.JPG,3R/105MEDIA,2,Western_Leopard_Toad,0.4282,674.8,1164.1,772.0,1293.8
/srv/shared_leopard_toad/2024/18.11.2024/3R/105MEDIA/DSCF0300.JPG,DSCF0300.JPG,3R/105MEDIA,2,Western_Leopard_Toad,0.5361,676.5,1169.8,772.5,1286.7
/srv/shared_leopard_toad/2024/18.11.2024/3R/105MEDIA/DSCF0696.JPG,DSCF0696.JPG,3R/105MEDIA,0,Other_Amphibian,0.3464,2476.8,950.3,2563.2,1031.6
/srv/shared_leopard_toad/2024/18.11.2024/3R/105MEDIA/DSCF0136.JPG,DSCF0136.JPG,3R/105MEDIA,2,Western_Leopard_Toad,0.4675,1890.7,1271.0,2024.3,1432.3
/srv/shared_leopard_toad/2024/18.11.2024/3R/105MEDIA/DSCF0136.JPG,DSCF0136.JPG,3R/105MEDIA,0,Other_Amphibian,0.2656,1890.7,1271.0,2024.3,1432.3
/srv/shared_leopard_toad/2024/18.11.2024/3R/105MEDIA/DSCF0946.JPG,DSCF0946.JPG,3R/105MEDIA,2,Western_Leopard_Toad,0.4214,675.5,1162.4,772.3,1287.9
/srv/shared_leopard_toad/2024/18.11.2024/3R/105MEDIA/DSCF0974.JPG,DSCF0974.JPG,3R/105MEDIA,2,Western_Leopard_Toad,0.2700,675.6,1169.6,773.4,1290.7
/srv/shared_leopard_toad/2024/18.11.2024/3R/105MEDIA/DSCF0122.JPG,DSCF0122.JPG,3R/105MEDIA,2,Western_Leopard_Toad,0.3867,1889.1,1269.6,2016.9,1433.8
/srv/shared_leopard_toad/2024/18.11.2024/3R/105MEDIA/DSCF0733.JPG,DSCF0733.JPG,3R/105MEDIA,2,Western_Leopard_Toad,0.5005,676.5,1161.3,772.5,1288.9
/srv/shared_leopard_toad/2024/18.11.2024/3R/105MEDIA/DSCF0294.JPG,DSCF0294.JPG,3R/105MEDIA,2,Western_Leopard_Toad,0.5698,675.1,1162.4,764.9,1287.9
/srv/shared_leopard_toad/2024/18.11.2024/3R/105MEDIA/DSCF0415.JPG,DSCF0415.JPG,3R/105MEDIA,2,Western_Leopard_Toad,0.3440,1889.6,1269.9,2034.4,1433.5
/srv/shared_leopard_toad/2024/18.11.2024/3R/105MEDIA/DSCF0771.JPG,DSCF0771.JPG,3R/105MEDIA,2,Western_Leopard_Toad,0.3857,676.7,1166.6,772.3,1288.8
/srv/shared_leopard_toad/2024/18.11.2024/3R/105MEDIA/DSCF0771.JPG,DSCF0771.JPG,3R/105MEDIA,0,Other_Amphibian,0.2507,2472.6,950.2,2558.4,1034.3
/srv/shared_leopard_toad/2024/18.11.2024/3R/105MEDIA/DSCF0977.JPG,DSCF0977.JPG,3R/105MEDIA,2,Western_Leopard_Toad,0.2571,675.1,1167.8,770.6,1290.0
/srv/shared_leopard_toad/2024/18.11.2024/3R/105MEDIA/DSCF0552.JPG,DSCF0552.JPG,3R/105MEDIA,0,Other_Amphibian,0.3411,4532.7,1800.2,4611.3,1984.0
/srv/shared_leopard_toad/2024/18.11.2024/3R/105MEDIA/DSCF0575.JPG,DSCF0575.JPG,3R/105MEDIA,0,Other_Amphibian,0.2338,4529.7,1791.3,4609.8,1975.2
/srv/shared_leopard_toad/2024/18.11.2024/3R/105MEDIA/DSCF0019.JPG,DSCF0019.JPG,3R/105MEDIA,2,Western_Leopard_Toad,0.6880,1887.5,1267.4,2045.5,1430.9
/srv/shared_leopard_toad/2024/18.11.2024/3R/105MEDIA/DSCF0019.JPG,DSCF0019.JPG,3R/105MEDIA,1,Small_Mammal,0.3010,1887.5,1267.4,2045.5,1430.9
/srv/shared_leopard_toad/2024/18.11.2024/3R/105MEDIA/DSCF0034.JPG,DSCF0034.JPG,3R/105MEDIA,2,Western_Leopard_Toad,0.7095,1887.9,1267.4,2056.4,1430.9
/srv/shared_leopard_toad/2024/18.11.2024/3R/105MEDIA/DSCF0034.JPG,DSCF0034.JPG,3R/105MEDIA,1,Small_Mammal,0.2957,1887.9,1267.4,2056.4,1430.9
/srv/shared_leopard_toad/2024/18.11.2024/3R/105MEDIA/DSCF0818.JPG,DSCF0818.JPG,3R/105MEDIA,0,Other_Amphibian,0.2180,2473.2,950.6,2557.8,1033.9
/srv/shared_leopard_toad/2024/18.11.2024/3R/105MEDIA/DSCF0452.JPG,DSCF0452.JPG,3R/105MEDIA,2,Western_Leopard_Toad,0.2859,675.8,1157.8,767.6,1289.9
/srv/shared_leopard_toad/2024/18.11.2024/3R/105MEDIA/DSCF0382.JPG,DSCF0382.JPG,3R/105MEDIA,2,Western_Leopard_Toad,0.5405,676.3,1155.9,767.0,1289.3
/srv/shared_leopard_toad/2024/18.11.2024/3R/105MEDIA/DSCF0162.JPG,DSCF0162.JPG,3R/105MEDIA,2,Western_Leopard_Toad,0.3140,1893.8,1268.3,2021.2,1432.5
/srv/shared_leopard_toad/2024/18.11.2024/3R/105MEDIA/DSCF0162.JPG,DSCF0162.JPG,3R/105MEDIA,0,Other_Amphibian,0.2035,1893.8,1268.3,2021.2,1432.5
/srv/shared_leopard_toad/2024/18.11.2024/3R/105MEDIA/DSCF0274.JPG,DSCF0274.JPG,3R/105MEDIA,2,Western_Leopard_Toad,0.6807,674.4,1163.3,765.6,1289.5
/srv/shared_leopard_toad/2024/18.11.2024/3R/105MEDIA/DSCF0797.JPG,DSCF0797.JPG,3R/105MEDIA,2,Western_Leopard_Toad,0.4905,674.3,1161.9,772.4,1290.9
/srv/shared_leopard_toad/2024/18.11.2024/3R/105MEDIA/DSCF0797.JPG,DSCF0797.JPG,3R/105MEDIA,2,Western_Leopard_Toad,0.4492,672.8,1162.9,772.8,1292.4
/srv/shared_leopard_toad/2024/18.11.2024/3R/105MEDIA/DSCF0557.JPG,DSCF0557.JPG,3R/105MEDIA,0,Other_Amphibian,0.3057,4530.3,1803.4,4609.2,1988.4
/srv/shared_leopard_toad/2024/18.11.2024/3R/105MEDIA/DSCF0766.JPG,DSCF0766.JPG,3R/105MEDIA,2,Western_Leopard_Toad,0.3147,675.3,1161.6,773.7,1289.9
/srv/shared_leopard_toad/2024/18.11.2024/3R/105MEDIA/DSCF0035.JPG,DSCF0035.JPG,3R/105MEDIA,2,Western_Leopard_Toad,0.8726,1888.7,1268.5,2053.3,1432.4
/srv/shared_leopard_toad/2024/18.11.2024/3R/105MEDIA/DSCF0035.JPG,DSCF0035.JPG,3R/105MEDIA,1,Small_Mammal,0.2959,1888.7,1268.5,2053.3,1432.4
/srv/shared_leopard_toad/2024/18.11.2024/3R/105MEDIA/DSCF0035.JPG,DSCF0035.JPG,3R/105MEDIA,0,Other_Amphibian,0.2313,1888.7,1268.5,2053.3,1432.4
/srv/shared_leopard_toad/2024/18.11.2024/3R/105MEDIA/DSCF0004.JPG,DSCF0004.JPG,3R/105MEDIA,2,Western_Leopard_Toad,0.2583,1882.4,1270.1,2041.6,1433.2
/srv/shared_leopard_toad/2024/18.11.2024/3R/105MEDIA/DSCF0004.JPG,DSCF0004.JPG,3R/105MEDIA,1,Small_Mammal,0.2070,1882.4,1270.1,2041.6,1433.2
/srv/shared_leopard_toad/2024/18.11.2024/3R/105MEDIA/DSCF0159.JPG,DSCF0159.JPG,3R/105MEDIA,2,Western_Leopard_Toad,0.2529,1890.8,1269.0,2024.2,1431.8
/srv/shared_leopard_toad/2024/18.11.2024/3R/105MEDIA/DSCF0313.JPG,DSCF0313.JPG,3R/105MEDIA,2,Western_Leopard_Toad,0.3416,675.8,1163.9,770.9,1287.6
/srv/shared_leopard_toad/2024/18.11.2024/3R/105MEDIA/DSCF0297.JPG,DSCF0297.JPG,3R/105MEDIA,2,Western_Leopard_Toad,0.3586,675.0,1155.6,771.8,1288.3
/srv/shared_leopard_toad/2024/18.11.2024/3R/105MEDIA/DSCF0719.JPG,DSCF0719.JPG,3R/105MEDIA,0,Other_Amphibian,0.3743,2474.9,948.8,2560.6,1031.9
/srv/shared_leopard_toad/2024/18.11.2024/3R/105MEDIA/DSCF0424.JPG,DSCF0424.JPG,3R/105MEDIA,0,Other_Amphibian,0.2301,1885.9,1270.1,2038.1,1433.2
/srv/shared_leopard_toad/2024/18.11.2024/3R/105MEDIA/DSCF0897.JPG,DSCF0897.JPG,3R/105MEDIA,0,Other_Amphibian,0.2708,2471.2,951.0,2555.3,1034.7
/srv/shared_leopard_toad/2024/18.11.2024/3R/105MEDIA/DSCF0352.JPG,DSCF0352.JPG,3R/105MEDIA,2,Western_Leopard_Toad,0.3799,678.9,1161.6,768.9,1288.7
/srv/shared_leopard_toad/2024/18.11.2024/3R/105MEDIA/DSCF0793.JPG,DSCF0793.JPG,3R/105MEDIA,2,Western_Leopard_Toad,0.3608,677.2,1165.3,774.0,1291.3
/srv/shared_leopard_toad/2024/18.11.2024/3R/105MEDIA/DSCF0793.JPG,DSCF0793.JPG,3R/105MEDIA,2,Western_Leopard_Toad,0.3337,678.2,1165.3,773.0,1290.0
/srv/shared_leopard_toad/2024/18.11.2024/3R/105MEDIA/DSCF0547.JPG,DSCF0547.JPG,3R/105MEDIA,0,Other_Amphibian,0.2832,4532.4,1807.6,4611.6,1989.2
/srv/shared_leopard_toad/2024/18.11.2024/3R/105MEDIA/DSCF0161.JPG,DSCF0161.JPG,3R/105MEDIA,2,Western_Leopard_Toad,0.2661,1892.6,1270.3,2026.9,1433.1
/srv/shared_leopard_toad/2024/18.11.2024/3R/105MEDIA/DSCF0321.JPG,DSCF0321.JPG,3R/105MEDIA,2,Western_Leopard_Toad,0.7280,678.9,1163.8,769.0,1287.7
/srv/shared_leopard_toad/2024/18.11.2024/3R/105MEDIA/DSCF0919.JPG,DSCF0919.JPG,3R/105MEDIA,2,Western_Leopard_Toad,0.4702,673.5,1163.8,774.4,1294.0
/srv/shared_leopard_toad/2024/18.11.2024/3R/105MEDIA/DSCF0845.JPG,DSCF0845.JPG,3R/105MEDIA,2,Western_Leopard_Toad,0.2644,675.2,1166.9,771.6,1293.5
/srv/shared_leopard_toad/2024/18.11.2024/3R/105MEDIA/DSCF0751.JPG,DSCF0751.JPG,3R/105MEDIA,0,Other_Amphibian,0.3230,2472.9,946.5,2558.1,1033.0
/srv/shared_leopard_toad/2024/18.11.2024/3R/105MEDIA/DSCF0803.JPG,DSCF0803.JPG,3R/105MEDIA,2,Western_Leopard_Toad,0.2642,673.7,1163.7,773.1,1294.1
/srv/shared_leopard_toad/2024/18.11.2024/3R/105MEDIA/DSCF0228.JPG,DSCF0228.JPG,3R/105MEDIA,2,Western_Leopard_Toad,0.2605,674.5,1168.4,764.4,1292.0
/srv/shared_leopard_toad/2024/18.11.2024/3R/105MEDIA/DSCF0680.JPG,DSCF0680.JPG,3R/105MEDIA,0,Other_Amphibian,0.2173,2476.7,950.9,2563.3,1031.0
/srv/shared_leopard_toad/2024/18.11.2024/3R/105MEDIA/DSCF0115.JPG,DSCF0115.JPG,3R/105MEDIA,2,Western_Leopard_Toad,0.5386,1890.2,1267.7,2024.8,1433.2
/srv/shared_leopard_toad/2024/18.11.2024/3R/105MEDIA/DSCF0115.JPG,DSCF0115.JPG,3R/105MEDIA,0,Other_Amphibian,0.2040,1890.2,1267.7,2024.8,1433.2
/srv/shared_leopard_toad/2024/18.11.2024/3R/105MEDIA/DSCF0462.JPG,DSCF0462.JPG,3R/105MEDIA,2,Western_Leopard_Toad,0.6191,674.2,1155.2,770.3,1287.4
/srv/shared_leopard_toad/2024/18.11.2024/3R/105MEDIA/DSCF0037.JPG,DSCF0037.JPG,3R/105MEDIA,2,Western_Leopard_Toad,0.8882,1886.6,1268.0,2037.4,1432.8
/srv/shared_leopard_toad/2024/18.11.2024/3R/105MEDIA/DSCF0037.JPG,DSCF0037.JPG,3R/105MEDIA,0,Other_Amphibian,0.2395,1886.6,1268.0,2037.4,1432.8
/srv/shared_leopard_toad/2024/18.11.2024/3R/105MEDIA/DSCF0037.JPG,DSCF0037.JPG,3R/105MEDIA,1,Small_Mammal,0.2104,1886.6,1268.0,2037.4,1432.8
/srv/shared_leopard_toad/2024/18.11.2024/3R/105MEDIA/DSCF0056.JPG,DSCF0056.JPG,3R/105MEDIA,2,Western_Leopard_Toad,0.6479,1893.5,1269.6,2044.0,1433.8
/srv/shared_leopard_toad/2024/18.11.2024/3R/105MEDIA/DSCF0522.JPG,DSCF0522.JPG,3R/105MEDIA,0,Other_Amphibian,0.2805,4528.2,1799.6,4611.3,1997.3
/srv/shared_leopard_toad/2024/18.11.2024/3R/105MEDIA/DSCF0561.JPG,DSCF0561.JPG,3R/105MEDIA,0,Other_Amphibian,0.4419,4529.7,1795.7,4609.8,1986.0
/srv/shared_leopard_toad/2024/18.11.2024/3R/105MEDIA/DSCF0561.JPG,DSCF0561.JPG,3R/105MEDIA,2,Western_Leopard_Toad,0.2595,4529.7,1795.7,4609.8,1986.0
/srv/shared_leopard_toad/2024/18.11.2024/3R/105MEDIA/DSCF0436.JPG,DSCF0436.JPG,3R/105MEDIA,2,Western_Leopard_Toad,0.8003,674.3,1153.5,770.2,1286.6
/srv/shared_leopard_toad/2024/18.11.2024/3R/105MEDIA/DSCF0829.JPG,DSCF0829.JPG,3R/105MEDIA,2,Western_Leopard_Toad,0.4463,676.7,1169.4,771.2,1293.5
/srv/shared_leopard_toad/2024/18.11.2024/3R/105MEDIA/DSCF0137.JPG,DSCF0137.JPG,3R/105MEDIA,2,Western_Leopard_Toad,0.4304,1891.8,1268.7,2027.7,1432.1
/srv/shared_leopard_toad/2024/18.11.2024/3R/105MEDIA/DSCF0137.JPG,DSCF0137.JPG,3R/105MEDIA,0,Other_Amphibian,0.2238,1891.8,1268.7,2027.7,1432.1
/srv/shared_leopard_toad/2024/18.11.2024/3R/105MEDIA/DSCF0471.JPG,DSCF0471.JPG,3R/105MEDIA,2,Western_Leopard_Toad,0.3171,672.4,1159.0,768.8,1288.7
/srv/shared_leopard_toad/2024/18.11.2024/3R/105MEDIA/DSCF0882.JPG,DSCF0882.JPG,3R/105MEDIA,0,Other_Amphibian,0.2340,2471.2,951.5,2555.3,1034.3
/srv/shared_leopard_toad/2024/18.11.2024/3R/105MEDIA/DSCF0261.JPG,DSCF0261.JPG,3R/105MEDIA,2,Western_Leopard_Toad,0.3945,677.9,1161.1,776.7,1289.2
/srv/shared_leopard_toad/2024/18.11.2024/3R/105MEDIA/DSCF0062.JPG,DSCF0062.JPG,3R/105MEDIA,2,Western_Leopard_Toad,0.3291,1891.6,1269.3,2032.4,1431.5
/srv/shared_leopard_toad/2024/18.11.2024/3R/105MEDIA/DSCF0809.JPG,DSCF0809.JPG,3R/105MEDIA,0,Other_Amphibian,0.2142,2473.2,950.4,2557.8,1034.1
/srv/shared_leopard_toad/2024/18.11.2024/3R/105MEDIA/DSCF0796.JPG,DSCF0796.JPG,3R/105MEDIA,2,Western_Leopard_Toad,0.5923,675.3,1162.7,772.6,1288.8
/srv/shared_leopard_toad/2024/18.11.2024/3R/105MEDIA/DSCF0495.JPG,DSCF0495.JPG,3R/105MEDIA,2,Western_Leopard_Toad,0.3198,676.8,1156.6,767.7,1288.6
/srv/shared_leopard_toad/2024/18.11.2024/3R/105MEDIA/DSCF0175.JPG,DSCF0175.JPG,3R/105MEDIA,2,Western_Leopard_Toad,0.2661,1892.4,1271.7,2022.6,1434.2
/srv/shared_leopard_toad/2024/18.11.2024/3R/105MEDIA/DSCF0951.JPG,DSCF0951.JPG,3R/105MEDIA,2,Western_Leopard_Toad,0.2681,674.9,1165.7,770.7,1292.1
/srv/shared_leopard_toad/2024/18.11.2024/3R/105MEDIA/DSCF0573.JPG,DSCF0573.JPG,3R/105MEDIA,0,Other_Amphibian,0.2261,4529.9,1798.3,4609.6,1991.0
/srv/shared_leopard_toad/2024/18.11.2024/3R/105MEDIA/DSCF0332.JPG,DSCF0332.JPG,3R/105MEDIA,2,Western_Leopard_Toad,0.8066,675.9,1153.5,772.0,1287.9
/srv/shared_leopard_toad/2024/18.11.2024/3R/105MEDIA/DSCF0920.JPG,DSCF0920.JPG,3R/105MEDIA,0,Other_Amphibian,0.5454,2468.1,950.7,2553.9,1035.0
/srv/shared_leopard_toad/2024/18.11.2024/3R/105MEDIA/DSCF0920.JPG,DSCF0920.JPG,3R/105MEDIA,2,Western_Leopard_Toad,0.3447,673.9,1167.6,771.7,1292.8
/srv/shared_leopard_toad/2024/18.11.2024/3R/105MEDIA/DSCF0039.JPG,DSCF0039.JPG,3R/105MEDIA,2,Western_Leopard_Toad,0.8564,1887.6,1268.9,2036.4,1432.0
/srv/shared_leopard_toad/2024/18.11.2024/3R/105MEDIA/DSCF0039.JPG,DSCF0039.JPG,3R/105MEDIA,0,Other_Amphibian,0.3032,1887.6,1268.9,2036.4,1432.0
/srv/shared_leopard_toad/2024/18.11.2024/3R/105MEDIA/DSCF0039.JPG,DSCF0039.JPG,3R/105MEDIA,1,Small_Mammal,0.2502,1887.6,1268.9,2036.4,1432.0
/srv/shared_leopard_toad/2024/18.11.2024/3R/105MEDIA/DSCF0968.JPG,DSCF0968.JPG,3R/105MEDIA,2,Western_Leopard_Toad,0.2822,674.3,1162.2,772.4,1288.1
/srv/shared_leopard_toad/2024/18.11.2024/3R/105MEDIA/DSCF0401.JPG,DSCF0401.JPG,3R/105MEDIA,2,Western_Leopard_Toad,0.4380,674.3,1156.7,770.2,1288.4
/srv/shared_leopard_toad/2024/18.11.2024/3R/105MEDIA/DSCF0948.JPG,DSCF0948.JPG,3R/105MEDIA,0,Other_Amphibian,0.2351,2471.6,952.8,2554.9,1034.3
/srv/shared_leopard_toad/2024/18.11.2024/3R/105MEDIA/DSCF0491.JPG,DSCF0491.JPG,3R/105MEDIA,2,Western_Leopard_Toad,0.4304,679.3,1158.5,767.4,1289.2
/srv/shared_leopard_toad/2024/18.11.2024/3R/105MEDIA/DSCF0984.JPG,DSCF0984.JPG,3R/105MEDIA,0,Other_Amphibian,0.2090,2471.6,952.6,2554.9,1034.4
/srv/shared_leopard_toad/2024/18.11.2024/3R/105MEDIA/DSCF0042.JPG,DSCF0042.JPG,3R/105MEDIA,2,Western_Leopard_Toad,0.8311,1885.4,1270.5,2038.6,1432.9
/srv/shared_leopard_toad/2024/18.11.2024/3R/105MEDIA/DSCF0042.JPG,DSCF0042.JPG,3R/105MEDIA,1,Small_Mammal,0.3010,1885.4,1270.5,2038.6,1432.9
/srv/shared_leopard_toad/2024/18.11.2024/3R/105MEDIA/DSCF0042.JPG,DSCF0042.JPG,3R/105MEDIA,0,Other_Amphibian,0.2603,1885.4,1270.5,2038.6,1432.9
/srv/shared_leopard_toad/2024/18.11.2024/3R/105MEDIA/DSCF0921.JPG,DSCF0921.JPG,3R/105MEDIA,2,Western_Leopard_Toad,0.2520,674.2,1168.1,771.5,1292.3
/srv/shared_leopard_toad/2024/18.11.2024/3R/105MEDIA/DSCF0529.JPG,DSCF0529.JPG,3R/105MEDIA,0,Other_Amphibian,0.3416,4533.9,1800.8,4610.1,1993.5
/srv/shared_leopard_toad/2024/18.11.2024/3R/105MEDIA/DSCF0529.JPG,DSCF0529.JPG,3R/105MEDIA,2,Western_Leopard_Toad,0.3005,4533.9,1800.8,4610.1,1993.5
/srv/shared_leopard_toad/2024/18.11.2024/3R/105MEDIA/DSCF0010.JPG,DSCF0010.JPG,3R/105MEDIA,2,Western_Leopard_Toad,0.2979,1883.5,1269.7,2040.5,1433.6
/srv/shared_leopard_toad/2024/18.11.2024/3R/105MEDIA/DSCF0010.JPG,DSCF0010.JPG,3R/105MEDIA,1,Small_Mammal,0.2032,1883.5,1269.7,2040.5,1433.6
/srv/shared_leopard_toad/2024/18.11.2024/3R/105MEDIA/DSCF0348.JPG,DSCF0348.JPG,3R/105MEDIA,2,Western_Leopard_Toad,0.5913,676.3,1157.0,770.4,1288.2
/srv/shared_leopard_toad/2024/18.11.2024/3R/105MEDIA/DSCF0217.JPG,DSCF0217.JPG,3R/105MEDIA,2,Western_Leopard_Toad,0.4275,675.2,1160.4,765.9,1287.3
/srv/shared_leopard_toad/2024/18.11.2024/3R/105MEDIA/DSCF0383.JPG,DSCF0383.JPG,3R/105MEDIA,2,Western_Leopard_Toad,0.5981,675.2,1159.2,768.2,1288.5
/srv/shared_leopard_toad/2024/18.11.2024/3R/105MEDIA/DSCF0047.JPG,DSCF0047.JPG,3R/105MEDIA,2,Western_Leopard_Toad,0.8687,1886.1,1269.6,2037.9,1433.8
/srv/shared_leopard_toad/2024/18.11.2024/3R/105MEDIA/DSCF0047.JPG,DSCF0047.JPG,3R/105MEDIA,0,Other_Amphibian,0.2996,1886.1,1269.6,2037.9,1433.8
/srv/shared_leopard_toad/2024/18.11.2024/3R/105MEDIA/DSCF0047.JPG,DSCF0047.JPG,3R/105MEDIA,1,Small_Mammal,0.2786,1886.1,1269.6,2037.9,1433.8
/srv/shared_leopard_toad/2024/18.11.2024/3R/105MEDIA/DSCF0213.JPG,DSCF0213.JPG,3R/105MEDIA,2,Western_Leopard_Toad,0.4961,673.9,1154.9,771.8,1289.0
/srv/shared_leopard_toad/2024/18.11.2024/3R/105MEDIA/DSCF0935.JPG,DSCF0935.JPG,3R/105MEDIA,0,Other_Amphibian,0.2800,2470.4,951.8,2556.1,1035.3
/srv/shared_leopard_toad/2024/18.11.2024/3R/105MEDIA/DSCF0055.JPG,DSCF0055.JPG,3R/105MEDIA,2,Western_Leopard_Toad,0.4629,1893.2,1267.2,2044.3,1433.6
/srv/shared_leopard_toad/2024/18.11.2024/3R/105MEDIA/DSCF0400.JPG,DSCF0400.JPG,3R/105MEDIA,0,Other_Amphibian,0.3247,1888.3,1275.9,2035.7,1435.1
/srv/shared_leopard_toad/2024/18.11.2024/3R/105MEDIA/DSCF0400.JPG,DSCF0400.JPG,3R/105MEDIA,2,Western_Leopard_Toad,0.2893,1888.3,1275.9,2035.7,1435.1
/srv/shared_leopard_toad/2024/18.11.2024/3R/105MEDIA/DSCF0400.JPG,DSCF0400.JPG,3R/105MEDIA,2,Western_Leopard_Toad,0.2759,677.2,1161.3,767.2,1288.9
/srv/shared_leopard_toad/2024/18.11.2024/3R/105MEDIA/DSCF0926.JPG,DSCF0926.JPG,3R/105MEDIA,0,Other_Amphibian,0.3445,2470.3,952.9,2556.2,1036.7
/srv/shared_leopard_toad/2024/18.11.2024/3R/105MEDIA/DSCF0926.JPG,DSCF0926.JPG,3R/105MEDIA,2,Western_Leopard_Toad,0.3330,675.5,1164.8,769.0,1290.5
/srv/shared_leopard_toad/2024/18.11.2024/3R/105MEDIA/DSCF0658.JPG,DSCF0658.JPG,3R/105MEDIA,0,Other_Amphibian,0.3792,2473.6,948.9,2561.9,1031.8
/srv/shared_leopard_toad/2024/18.11.2024/3R/105MEDIA/DSCF0064.JPG,DSCF0064.JPG,3R/105MEDIA,2,Western_Leopard_Toad,0.4065,1890.8,1268.6,2024.2,1432.2
/srv/shared_leopard_toad/2024/18.11.2024/3R/105MEDIA/DSCF0225.JPG,DSCF0225.JPG,3R/105MEDIA,2,Western_Leopard_Toad,0.5317,677.1,1166.0,768.5,1289.4
/srv/shared_leopard_toad/2024/18.11.2024/3R/105MEDIA/DSCF0225.JPG,DSCF0225.JPG,3R/105MEDIA,2,Western_Leopard_Toad,0.3816,677.2,1167.5,767.3,1289.1
/srv/shared_leopard_toad/2024/18.11.2024/3R/105MEDIA/DSCF0354.JPG,DSCF0354.JPG,3R/105MEDIA,2,Western_Leopard_Toad,0.2529,677.4,1160.5,770.5,1291.0
/srv/shared_leopard_toad/2024/18.11.2024/3R/105MEDIA/DSCF0459.JPG,DSCF0459.JPG,3R/105MEDIA,2,Western_Leopard_Toad,0.4006,676.9,1159.7,769.9,1290.6
/srv/shared_leopard_toad/2024/18.11.2024/3R/105MEDIA/DSCF0746.JPG,DSCF0746.JPG,3R/105MEDIA,0,Other_Amphibian,0.3137,2472.8,949.5,2558.2,1033.8
/srv/shared_leopard_toad/2024/18.11.2024/3R/105MEDIA/DSCF0763.JPG,DSCF0763.JPG,3R/105MEDIA,0,Other_Amphibian,0.2031,2472.8,949.5,2558.2,1035.0
/srv/shared_leopard_toad/2024/18.11.2024/3R/105MEDIA/DSCF0081.JPG,DSCF0081.JPG,3R/105MEDIA,2,Western_Leopard_Toad,0.2739,1893.0,1268.4,2026.5,1435.0
/srv/shared_leopard_toad/2024/18.11.2024/3R/105MEDIA/DSCF0241.JPG,DSCF0241.JPG,3R/105MEDIA,2,Western_Leopard_Toad,0.2637,677.3,1163.3,763.8,1289.5
/srv/shared_leopard_toad/2024/18.11.2024/3R/105MEDIA/DSCF0029.JPG,DSCF0029.JPG,3R/105MEDIA,2,Western_Leopard_Toad,0.7837,1888.3,1266.9,2046.9,1431.4
/srv/shared_leopard_toad/2024/18.11.2024/3R/105MEDIA/DSCF0029.JPG,DSCF0029.JPG,3R/105MEDIA,1,Small_Mammal,0.2888,1888.3,1266.9,2046.9,1431.4
/srv/shared_leopard_toad/2024/18.11.2024/3R/105MEDIA/DSCF0029.JPG,DSCF0029.JPG,3R/105MEDIA,0,Other_Amphibian,0.2659,1888.3,1266.9,2046.9,1431.4
/srv/shared_leopard_toad/2024/18.11.2024/3R/105MEDIA/DSCF0728.JPG,DSCF0728.JPG,3R/105MEDIA,0,Other_Amphibian,0.3599,2472.4,949.5,2558.6,1032.5
/srv/shared_leopard_toad/2024/18.11.2024/3R/105MEDIA/DSCF0664.JPG,DSCF0664.JPG,3R/105MEDIA,0,Other_Amphibian,0.2708,2476.5,950.2,2563.5,1031.7
/srv/shared_leopard_toad/2024/18.11.2024/3R/105MEDIA/DSCF0468.JPG,DSCF0468.JPG,3R/105MEDIA,2,Western_Leopard_Toad,0.4277,676.1,1158.6,769.6,1289.1
/srv/shared_leopard_toad/2024/18.11.2024/3R/105MEDIA/DSCF0105.JPG,DSCF0105.JPG,3R/105MEDIA,2,Western_Leopard_Toad,0.2690,1891.3,1269.3,2028.2,1431.5
/srv/shared_leopard_toad/2024/18.11.2024/3R/105MEDIA/DSCF0116.JPG,DSCF0116.JPG,3R/105MEDIA,2,Western_Leopard_Toad,0.3101,1890.0,1268.1,2020.5,1435.3
/srv/shared_leopard_toad/2024/18.11.2024/3R/105MEDIA/DSCF0987.JPG,DSCF0987.JPG,3R/105MEDIA,2,Western_Leopard_Toad,0.4353,674.2,1163.5,772.6,1288.0
/srv/shared_leopard_toad/2024/18.11.2024/3R/105MEDIA/DSCF0027.JPG,DSCF0027.JPG,3R/105MEDIA,2,Western_Leopard_Toad,0.8643,1890.2,1266.6,2045.0,1431.7
/srv/shared_leopard_toad/2024/18.11.2024/3R/105MEDIA/DSCF0027.JPG,DSCF0027.JPG,3R/105MEDIA,1,Small_Mammal,0.2578,1890.2,1266.6,2045.0,1431.7
/srv/shared_leopard_toad/2024/18.11.2024/3R/105MEDIA/DSCF0367.JPG,DSCF0367.JPG,3R/105MEDIA,2,Western_Leopard_Toad,0.4089,676.6,1155.9,770.1,1291.8
/srv/shared_leopard_toad/2024/18.11.2024/3R/105MEDIA/DSCF0331.JPG,DSCF0331.JPG,3R/105MEDIA,2,Western_Leopard_Toad,0.2959,677.2,1157.4,769.5,1287.8
/srv/shared_leopard_toad/2024/18.11.2024/3R/105MEDIA/DSCF0990.JPG,DSCF0990.JPG,3R/105MEDIA,2,Western_Leopard_Toad,0.2944,675.4,1163.7,770.2,1289.1
/srv/shared_leopard_toad/2024/18.11.2024/3R/105MEDIA/DSCF0941.JPG,DSCF0941.JPG,3R/105MEDIA,2,Western_Leopard_Toad,0.3503,674.9,1164.9,770.7,1287.9
/srv/shared_leopard_toad/2024/18.11.2024/3R/105MEDIA/DSCF0688.JPG,DSCF0688.JPG,3R/105MEDIA,0,Other_Amphibian,0.2216,2476.9,949.5,2563.1,1031.2
/srv/shared_leopard_toad/2024/18.11.2024/3R/105MEDIA/DSCF0347.JPG,DSCF0347.JPG,3R/105MEDIA,2,Western_Leopard_Toad,0.3462,672.9,1154.3,768.2,1290.9
/srv/shared_leopard_toad/2024/18.11.2024/3R/105MEDIA/DSCF0357.JPG,DSCF0357.JPG,3R/105MEDIA,2,Western_Leopard_Toad,0.5537,673.9,1157.7,765.0,1287.5
/srv/shared_leopard_toad/2024/18.11.2024/3R/105MEDIA/DSCF0843.JPG,DSCF0843.JPG,3R/105MEDIA,2,Western_Leopard_Toad,0.3679,676.7,1165.2,771.2,1291.4
/srv/shared_leopard_toad/2024/18.11.2024/3R/105MEDIA/DSCF0309.JPG,DSCF0309.JPG,3R/105MEDIA,2,Western_Leopard_Toad,0.7197,676.7,1161.9,770.0,1288.3
/srv/shared_leopard_toad/2024/18.11.2024/3R/105MEDIA/DSCF0497.JPG,DSCF0497.JPG,3R/105MEDIA,2,Western_Leopard_Toad,0.2961,677.2,1154.9,766.2,1289.0
/srv/shared_leopard_toad/2024/18.11.2024/3R/105MEDIA/DSCF0340.JPG,DSCF0340.JPG,3R/105MEDIA,2,Western_Leopard_Toad,0.6987,676.3,1158.4,770.5,1289.3
/srv/shared_leopard_toad/2024/18.11.2024/3R/105MEDIA/DSCF0024.JPG,DSCF0024.JPG,3R/105MEDIA,2,Western_Leopard_Toad,0.5430,1887.3,1269.3,2050.2,1434.1
/srv/shared_leopard_toad/2024/18.11.2024/3R/105MEDIA/DSCF0024.JPG,DSCF0024.JPG,3R/105MEDIA,1,Small_Mammal,0.2139,1887.3,1269.3,2050.2,1434.1
/srv/shared_leopard_toad/2024/18.11.2024/3R/105MEDIA/DSCF0852.JPG,DSCF0852.JPG,3R/105MEDIA,0,Other_Amphibian,0.2612,2471.1,949.4,2555.4,1035.1
/srv/shared_leopard_toad/2024/18.11.2024/3R/105MEDIA/DSCF0318.JPG,DSCF0318.JPG,3R/105MEDIA,2,Western_Leopard_Toad,0.3606,677.0,1165.2,767.5,1287.6
/srv/shared_leopard_toad/2024/18.11.2024/3R/105MEDIA/DSCF0392.JPG,DSCF0392.JPG,3R/105MEDIA,2,Western_Leopard_Toad,0.4990,676.2,1159.3,770.6,1291.0
/srv/shared_leopard_toad/2024/18.11.2024/3R/105MEDIA/DSCF0493.JPG,DSCF0493.JPG,3R/105MEDIA,2,Western_Leopard_Toad,0.3579,676.1,1153.7,769.6,1290.3
/srv/shared_leopard_toad/2024/18.11.2024/3R/105MEDIA/DSCF0235.JPG,DSCF0235.JPG,3R/105MEDIA,2,Western_Leopard_Toad,0.4097,676.5,1163.7,768.0,1289.1
/srv/shared_leopard_toad/2024/18.11.2024/3R/105MEDIA/DSCF0671.JPG,DSCF0671.JPG,3R/105MEDIA,0,Other_Amphibian,0.2045,2474.8,951.1,2560.7,1032.1
/srv/shared_leopard_toad/2024/18.11.2024/3R/105MEDIA/DSCF0328.JPG,DSCF0328.JPG,3R/105MEDIA,2,Western_Leopard_Toad,0.5332,675.2,1157.5,765.9,1287.7
/srv/shared_leopard_toad/2024/18.11.2024/3R/105MEDIA/DSCF0310.JPG,DSCF0310.JPG,3R/105MEDIA,2,Western_Leopard_Toad,0.3589,675.6,1162.3,765.5,1289.2
/srv/shared_leopard_toad/2024/18.11.2024/3R/105MEDIA/DSCF0374.JPG,DSCF0374.JPG,3R/105MEDIA,2,Western_Leopard_Toad,0.6396,678.0,1161.0,769.9,1289.3
/srv/shared_leopard_toad/2024/18.11.2024/3R/105MEDIA/DSCF0371.JPG,DSCF0371.JPG,3R/105MEDIA,2,Western_Leopard_Toad,0.3699,676.6,1154.9,769.0,1287.8
/srv/shared_leopard_toad/2024/18.11.2024/3R/105MEDIA/DSCF0701.JPG,DSCF0701.JPG,3R/105MEDIA,0,Other_Amphibian,0.3250,2474.4,952.8,2561.1,1032.9
/srv/shared_leopard_toad/2024/18.11.2024/3R/105MEDIA/DSCF0317.JPG,DSCF0317.JPG,3R/105MEDIA,2,Western_Leopard_Toad,0.3154,674.3,1159.4,770.2,1290.9
/srv/shared_leopard_toad/2024/18.11.2024/3R/105MEDIA/DSCF0210.JPG,DSCF0210.JPG,3R/105MEDIA,2,Western_Leopard_Toad,0.3508,676.7,1163.5,767.8,1288.0
/srv/shared_leopard_toad/2024/18.11.2024/3R/105MEDIA/DSCF0210.JPG,DSCF0210.JPG,3R/105MEDIA,2,Western_Leopard_Toad,0.2739,675.5,1163.1,767.9,1289.7
/srv/shared_leopard_toad/2024/18.11.2024/3R/105MEDIA/DSCF0234.JPG,DSCF0234.JPG,3R/105MEDIA,2,Western_Leopard_Toad,0.4470,673.9,1165.8,767.2,1289.5
/srv/shared_leopard_toad/2024/18.11.2024/3R/105MEDIA/DSCF0465.JPG,DSCF0465.JPG,3R/105MEDIA,2,Western_Leopard_Toad,0.3728,674.2,1157.3,767.0,1290.4
/srv/shared_leopard_toad/2024/18.11.2024/3R/105MEDIA/DSCF0677.JPG,DSCF0677.JPG,3R/105MEDIA,0,Other_Amphibian,0.4646,2474.4,951.6,2561.1,1031.6
/srv/shared_leopard_toad/2024/18.11.2024/3R/105MEDIA/DSCF0444.JPG,DSCF0444.JPG,3R/105MEDIA,2,Western_Leopard_Toad,0.6050,676.0,1156.6,773.0,1288.6
/srv/shared_leopard_toad/2024/18.11.2024/3R/105MEDIA/DSCF0485.JPG,DSCF0485.JPG,3R/105MEDIA,2,Western_Leopard_Toad,0.5156,676.2,1155.9,769.4,1289.3
/srv/shared_leopard_toad/2024/18.11.2024/3R/105MEDIA/DSCF0236.JPG,DSCF0236.JPG,3R/105MEDIA,2,Western_Leopard_Toad,0.4504,674.3,1161.8,766.9,1288.4
/srv/shared_leopard_toad/2024/18.11.2024/3R/105MEDIA/DSCF0322.JPG,DSCF0322.JPG,3R/105MEDIA,2,Western_Leopard_Toad,0.3564,676.7,1160.4,767.8,1289.9
/srv/shared_leopard_toad/2024/18.11.2024/3R/105MEDIA/DSCF0124.JPG,DSCF0124.JPG,3R/105MEDIA,2,Western_Leopard_Toad,0.2542,1890.7,1270.7,2024.3,1435.2
/srv/shared_leopard_toad/2024/18.11.2024/3R/105MEDIA/DSCF0014.JPG,DSCF0014.JPG,3R/105MEDIA,2,Western_Leopard_Toad,0.2766,1884.3,1269.0,2039.7,1431.8
/srv/shared_leopard_toad/2024/18.11.2024/3R/105MEDIA/DSCF0014.JPG,DSCF0014.JPG,3R/105MEDIA,1,Small_Mammal,0.2375,1884.3,1269.0,2039.7,1431.8
/srv/shared_leopard_toad/2024/18.11.2024/3R/105MEDIA/DSCF0014.JPG,DSCF0014.JPG,3R/105MEDIA,0,Other_Amphibian,0.2064,1884.3,1269.0,2039.7,1431.8
/srv/shared_leopard_toad/2024/18.11.2024/3R/105MEDIA/DSCF0520.JPG,DSCF0520.JPG,3R/105MEDIA,0,Other_Amphibian,0.5640,4526.8,1808.9,4612.7,1990.5
/srv/shared_leopard_toad/2024/18.11.2024/3R/105MEDIA/DSCF0520.JPG,DSCF0520.JPG,3R/105MEDIA,2,Western_Leopard_Toad,0.3132,4526.8,1808.9,4612.7,1990.5
/srv/shared_leopard_toad/2024/18.11.2024/3R/105MEDIA/DSCF0744.JPG,DSCF0744.JPG,3R/105MEDIA,2,Western_Leopard_Toad,0.3154,676.2,1163.0,771.7,1289.8
/srv/shared_leopard_toad/2024/18.11.2024/3R/105MEDIA/DSCF0359.JPG,DSCF0359.JPG,3R/105MEDIA,2,Western_Leopard_Toad,0.7378,676.3,1157.7,769.3,1290.1
/srv/shared_leopard_toad/2024/18.11.2024/3R/105MEDIA/DSCF0359.JPG,DSCF0359.JPG,3R/105MEDIA,2,Western_Leopard_Toad,0.6792,674.4,1157.2,770.1,1290.5
/srv/shared_leopard_toad/2024/18.11.2024/3R/105MEDIA/DSCF0009.JPG,DSCF0009.JPG,3R/105MEDIA,2,Western_Leopard_Toad,0.3711,1883.1,1269.0,2040.9,1431.8
/srv/shared_leopard_toad/2024/18.11.2024/3R/105MEDIA/DSCF0009.JPG,DSCF0009.JPG,3R/105MEDIA,1,Small_Mammal,0.3047,1883.1,1269.0,2040.9,1431.8
/srv/shared_leopard_toad/2024/18.11.2024/3R/105MEDIA/DSCF0009.JPG,DSCF0009.JPG,3R/105MEDIA,0,Other_Amphibian,0.2686,1883.1,1269.0,2040.9,1431.8
/srv/shared_leopard_toad/2024/18.11.2024/3R/105MEDIA/DSCF0950.JPG,DSCF0950.JPG,3R/105MEDIA,2,Western_Leopard_Toad,0.4331,675.1,1161.5,771.7,1286.2
/srv/shared_leopard_toad/2024/18.11.2024/3R/105MEDIA/DSCF0447.JPG,DSCF0447.JPG,3R/105MEDIA,2,Western_Leopard_Toad,0.2598,674.1,1155.2,767.0,1290.0
/srv/shared_leopard_toad/2024/18.11.2024/3R/105MEDIA/DSCF0717.JPG,DSCF0717.JPG,3R/105MEDIA,0,Other_Amphibian,0.2732,2474.8,948.6,2560.7,1032.1
/srv/shared_leopard_toad/2024/18.11.2024/3R/105MEDIA/DSCF0410.JPG,DSCF0410.JPG,3R/105MEDIA,0,Other_Amphibian,0.2603,1890.1,1274.2,2033.9,1434.3
/srv/shared_leopard_toad/2024/18.11.2024/3R/105MEDIA/DSCF0361.JPG,DSCF0361.JPG,3R/105MEDIA,2,Western_Leopard_Toad,0.6074,675.5,1157.1,767.9,1288.1
/srv/shared_leopard_toad/2024/18.11.2024/3R/105MEDIA/DSCF0201.JPG,DSCF0201.JPG,3R/105MEDIA,2,Western_Leopard_Toad,0.3677,673.7,1157.0,767.4,1288.2
/srv/shared_leopard_toad/2024/18.11.2024/3R/105MEDIA/DSCF0762.JPG,DSCF0762.JPG,3R/105MEDIA,0,Other_Amphibian,0.2119,2472.5,948.8,2558.5,1033.1
/srv/shared_leopard_toad/2024/18.11.2024/3R/105MEDIA/DSCF0707.JPG,DSCF0707.JPG,3R/105MEDIA,2,Western_Leopard_Toad,0.2822,676.6,1163.1,772.4,1289.7
/srv/shared_leopard_toad/2024/18.11.2024/3R/105MEDIA/DSCF0707.JPG,DSCF0707.JPG,3R/105MEDIA,0,Other_Amphibian,0.2737,2474.4,949.8,2561.1,1033.5
/srv/shared_leopard_toad/2024/18.11.2024/3R/104MEDIA/DSCF0404.JPG,DSCF0404.JPG,3R/104MEDIA,0,Other_Amphibian,0.2683,1852.7,144.7,1945.3,210.6
/srv/shared_leopard_toad/2024/18.11.2024/3R/104MEDIA/DSCF0358.JPG,DSCF0358.JPG,3R/104MEDIA,0,Other_Amphibian,0.3301,1854.0,142.9,1944.0,212.5
/srv/shared_leopard_toad/2024/18.11.2024/3R/104MEDIA/DSCF0358.JPG,DSCF0358.JPG,3R/104MEDIA,0,Other_Amphibian,0.2793,1853.6,142.3,1944.4,212.4
/srv/shared_leopard_toad/2024/18.11.2024/3R/104MEDIA/DSCF0012.JPG,DSCF0012.JPG,3R/104MEDIA,0,Other_Amphibian,0.2013,2663.7,1434.9,2740.8,1503.9
/srv/shared_leopard_toad/2024/18.11.2024/3R/104MEDIA/DSCF0541.JPG,DSCF0541.JPG,3R/104MEDIA,2,Western_Leopard_Toad,0.5781,1884.2,1267.4,2021.8,1430.9
/srv/shared_leopard_toad/2024/18.11.2024/3R/104MEDIA/DSCF0519.JPG,DSCF0519.JPG,3R/104MEDIA,0,Other_Amphibian,0.6836,2006.8,635.7,2126.4,762.8
/srv/shared_leopard_toad/2024/18.11.2024/3R/104MEDIA/DSCF0589.JPG,DSCF0589.JPG,3R/104MEDIA,2,Western_Leopard_Toad,0.3152,1882.3,1265.6,2041.7,1430.2
/srv/shared_leopard_toad/2024/18.11.2024/3R/104MEDIA/DSCF0911.JPG,DSCF0911.JPG,3R/104MEDIA,2,Western_Leopard_Toad,0.3096,1884.9,1271.0,2043.6,1432.3
/srv/shared_leopard_toad/2024/18.11.2024/3R/104MEDIA/DSCF0455.JPG,DSCF0455.JPG,3R/104MEDIA,0,Other_Amphibian,0.3826,2125.1,711.1,2188.2,821.6
/srv/shared_leopard_toad/2024/18.11.2024/3R/104MEDIA/DSCF0922.JPG,DSCF0922.JPG,3R/104MEDIA,2,Western_Leopard_Toad,0.2510,1885.2,1266.7,2047.8,1429.1
/srv/shared_leopard_toad/2024/18.11.2024/3R/104MEDIA/DSCF0922.JPG,DSCF0922.JPG,3R/104MEDIA,1,Small_Mammal,0.2148,1885.2,1266.7,2047.8,1429.1
/srv/shared_leopard_toad/2024/18.11.2024/3R/104MEDIA/DSCF0678.JPG,DSCF0678.JPG,3R/104MEDIA,2,Western_Leopard_Toad,0.7134,1883.7,1266.3,2040.3,1429.4
/srv/shared_leopard_toad/2024/18.11.2024/3R/104MEDIA/DSCF0678.JPG,DSCF0678.JPG,3R/104MEDIA,1,Small_Mammal,0.2820,1883.7,1266.3,2040.3,1429.4
/srv/shared_leopard_toad/2024/18.11.2024/3R/104MEDIA/DSCF0678.JPG,DSCF0678.JPG,3R/104MEDIA,0,Other_Amphibian,0.2438,1883.7,1266.3,2040.3,1429.4
/srv/shared_leopard_toad/2024/18.11.2024/3R/104MEDIA/DSCF0651.JPG,DSCF0651.JPG,3R/104MEDIA,2,Western_Leopard_Toad,0.7012,1885.7,1266.6,2047.3,1431.7
/srv/shared_leopard_toad/2024/18.11.2024/3R/104MEDIA/DSCF0651.JPG,DSCF0651.JPG,3R/104MEDIA,1,Small_Mammal,0.3079,1885.7,1266.6,2047.3,1431.7
/srv/shared_leopard_toad/2024/18.11.2024/3R/104MEDIA/DSCF0767.JPG,DSCF0767.JPG,3R/104MEDIA,2,Western_Leopard_Toad,0.7251,1883.9,1265.9,2040.1,1432.4
/srv/shared_leopard_toad/2024/18.11.2024/3R/104MEDIA/DSCF0767.JPG,DSCF0767.JPG,3R/104MEDIA,1,Small_Mammal,0.2448,1883.9,1265.9,2040.1,1432.4
/srv/shared_leopard_toad/2024/18.11.2024/3R/104MEDIA/DSCF0774.JPG,DSCF0774.JPG,3R/104MEDIA,2,Western_Leopard_Toad,0.4192,1884.0,1268.4,2049.0,1429.9
/srv/shared_leopard_toad/2024/18.11.2024/3R/104MEDIA/DSCF0774.JPG,DSCF0774.JPG,3R/104MEDIA,1,Small_Mammal,0.2527,1884.0,1268.4,2049.0,1429.9
/srv/shared_leopard_toad/2024/18.11.2024/3R/104MEDIA/DSCF0298.JPG,DSCF0298.JPG,3R/104MEDIA,0,Other_Amphibian,0.2441,1849.1,146.2,1942.1,212.9
/srv/shared_leopard_toad/2024/18.11.2024/3R/104MEDIA/DSCF0298.JPG,DSCF0298.JPG,3R/104MEDIA,0,Other_Amphibian,0.2124,1852.6,146.5,1945.4,213.3
/srv/shared_leopard_toad/2024/18.11.2024/3R/104MEDIA/DSCF0784.JPG,DSCF0784.JPG,3R/104MEDIA,2,Western_Leopard_Toad,0.5664,1881.8,1267.0,2042.2,1431.3
/srv/shared_leopard_toad/2024/18.11.2024/3R/104MEDIA/DSCF0543.JPG,DSCF0543.JPG,3R/104MEDIA,2,Western_Leopard_Toad,0.3701,1887.8,1267.0,2027.2,1428.8
/srv/shared_leopard_toad/2024/18.11.2024/3R/104MEDIA/DSCF0325.JPG,DSCF0325.JPG,3R/104MEDIA,0,Other_Amphibian,0.2756,1851.5,143.2,1946.5,212.8
/srv/shared_leopard_toad/2024/18.11.2024/3R/104MEDIA/DSCF0325.JPG,DSCF0325.JPG,3R/104MEDIA,0,Other_Amphibian,0.2593,1852.1,143.8,1945.9,212.8
/srv/shared_leopard_toad/2024/18.11.2024/3R/104MEDIA/DSCF0650.JPG,DSCF0650.JPG,3R/104MEDIA,2,Western_Leopard_Toad,0.8208,1886.1,1266.4,2046.9,1431.9
/srv/shared_leopard_toad/2024/18.11.2024/3R/104MEDIA/DSCF0650.JPG,DSCF0650.JPG,3R/104MEDIA,1,Small_Mammal,0.2053,1886.1,1266.4,2046.9,1431.9
/srv/shared_leopard_toad/2024/18.11.2024/3R/104MEDIA/DSCF0446.JPG,DSCF0446.JPG,3R/104MEDIA,0,Other_Amphibian,0.4619,2120.1,676.9,2217.9,821.6
/srv/shared_leopard_toad/2024/18.11.2024/3R/104MEDIA/DSCF0446.JPG,DSCF0446.JPG,3R/104MEDIA,2,Western_Leopard_Toad,0.4443,2120.1,676.9,2217.9,821.6
/srv/shared_leopard_toad/2024/18.11.2024/3R/104MEDIA/DSCF0765.JPG,DSCF0765.JPG,3R/104MEDIA,2,Western_Leopard_Toad,0.7852,1884.2,1268.9,2039.8,1432.0
/srv/shared_leopard_toad/2024/18.11.2024/3R/104MEDIA/DSCF0765.JPG,DSCF0765.JPG,3R/104MEDIA,1,Small_Mammal,0.2920,1884.2,1268.9,2039.8,1432.0
/srv/shared_leopard_toad/2024/18.11.2024/3R/104MEDIA/DSCF0765.JPG,DSCF0765.JPG,3R/104MEDIA,0,Other_Amphibian,0.2205,1884.2,1268.9,2039.8,1432.0
/srv/shared_leopard_toad/2024/18.11.2024/3R/104MEDIA/DSCF0594.JPG,DSCF0594.JPG,3R/104MEDIA,2,Western_Leopard_Toad,0.3933,1885.2,1266.9,2047.8,1431.4
/srv/shared_leopard_toad/2024/18.11.2024/3R/104MEDIA/DSCF0956.JPG,DSCF0956.JPG,3R/104MEDIA,2,Western_Leopard_Toad,0.3481,1887.6,1267.4,2045.4,1430.9
/srv/shared_leopard_toad/2024/18.11.2024/3R/104MEDIA/DSCF0956.JPG,DSCF0956.JPG,3R/104MEDIA,1,Small_Mammal,0.2224,1887.6,1267.4,2045.4,1430.9
/srv/shared_leopard_toad/2024/18.11.2024/3R/104MEDIA/DSCF0667.JPG,DSCF0667.JPG,3R/104MEDIA,2,Western_Leopard_Toad,0.5039,1883.0,1266.3,2041.0,1432.1
/srv/shared_leopard_toad/2024/18.11.2024/3R/104MEDIA/DSCF0812.JPG,DSCF0812.JPG,3R/104MEDIA,2,Western_Leopard_Toad,0.6411,1884.0,1266.4,2049.0,1431.9
/srv/shared_leopard_toad/2024/18.11.2024/3R/104MEDIA/DSCF0812.JPG,DSCF0812.JPG,3R/104MEDIA,1,Small_Mammal,0.2522,1884.0,1266.4,2049.0,1431.9
/srv/shared_leopard_toad/2024/18.11.2024/3R/104MEDIA/DSCF0362.JPG,DSCF0362.JPG,3R/104MEDIA,0,Other_Amphibian,0.4653,1855.9,143.3,1946.6,213.9
/srv/shared_leopard_toad/2024/18.11.2024/3R/104MEDIA/DSCF0362.JPG,DSCF0362.JPG,3R/104MEDIA,0,Other_Amphibian,0.2109,1855.2,143.1,1947.3,214.1
/srv/shared_leopard_toad/2024/18.11.2024/3R/104MEDIA/DSCF0868.JPG,DSCF0868.JPG,3R/104MEDIA,2,Western_Leopard_Toad,0.5767,1886.0,1267.4,2047.0,1430.9
/srv/shared_leopard_toad/2024/18.11.2024/3R/104MEDIA/DSCF0868.JPG,DSCF0868.JPG,3R/104MEDIA,1,Small_Mammal,0.2251,1886.0,1267.4,2047.0,1430.9
/srv/shared_leopard_toad/2024/18.11.2024/3R/104MEDIA/DSCF0668.JPG,DSCF0668.JPG,3R/104MEDIA,2,Western_Leopard_Toad,0.8652,1885.6,1265.9,2049.7,1432.4
/srv/shared_leopard_toad/2024/18.11.2024/3R/104MEDIA/DSCF0668.JPG,DSCF0668.JPG,3R/104MEDIA,1,Small_Mammal,0.2493,1885.6,1265.9,2049.7,1432.4
/srv/shared_leopard_toad/2024/18.11.2024/3R/104MEDIA/DSCF0679.JPG,DSCF0679.JPG,3R/104MEDIA,2,Western_Leopard_Toad,0.5967,1883.4,1266.6,2051.9,1431.7
/srv/shared_leopard_toad/2024/18.11.2024/3R/104MEDIA/DSCF0679.JPG,DSCF0679.JPG,3R/104MEDIA,1,Small_Mammal,0.2307,1883.4,1266.6,2051.9,1431.7
/srv/shared_leopard_toad/2024/18.11.2024/3R/104MEDIA/DSCF0752.JPG,DSCF0752.JPG,3R/104MEDIA,2,Western_Leopard_Toad,0.4990,1884.8,1267.2,2050.5,1431.1
/srv/shared_leopard_toad/2024/18.11.2024/3R/104MEDIA/DSCF0752.JPG,DSCF0752.JPG,3R/104MEDIA,1,Small_Mammal,0.2325,1884.8,1267.2,2050.5,1431.1
/srv/shared_leopard_toad/2024/18.11.2024/3R/104MEDIA/DSCF0640.JPG,DSCF0640.JPG,3R/104MEDIA,2,Western_Leopard_Toad,0.2803,1881.9,1268.6,2042.1,1432.2
/srv/shared_leopard_toad/2024/18.11.2024/3R/104MEDIA/DSCF0734.JPG,DSCF0734.JPG,3R/104MEDIA,2,Western_Leopard_Toad,0.4558,1884.2,1266.3,2051.1,1432.1
/srv/shared_leopard_toad/2024/18.11.2024/3R/104MEDIA/DSCF0891.JPG,DSCF0891.JPG,3R/104MEDIA,2,Western_Leopard_Toad,0.5337,1884.0,1268.2,2044.5,1430.1
/srv/shared_leopard_toad/2024/18.11.2024/3R/104MEDIA/DSCF0891.JPG,DSCF0891.JPG,3R/104MEDIA,1,Small_Mammal,0.2422,1884.0,1268.2,2044.5,1430.1
/srv/shared_leopard_toad/2024/18.11.2024/3R/104MEDIA/DSCF0636.JPG,DSCF0636.JPG,3R/104MEDIA,2,Western_Leopard_Toad,0.3086,1884.3,1266.9,2039.7,1431.4
/srv/shared_leopard_toad/2024/18.11.2024/3R/104MEDIA/DSCF0827.JPG,DSCF0827.JPG,3R/104MEDIA,2,Western_Leopard_Toad,0.5742,1885.9,1265.6,2049.4,1430.2
/srv/shared_leopard_toad/2024/18.11.2024/3R/104MEDIA/DSCF0827.JPG,DSCF0827.JPG,3R/104MEDIA,1,Small_Mammal,0.3105,1885.9,1265.6,2049.4,1430.2
/srv/shared_leopard_toad/2024/18.11.2024/3R/104MEDIA/DSCF0802.JPG,DSCF0802.JPG,3R/104MEDIA,2,Western_Leopard_Toad,0.4780,1883.6,1266.9,2040.4,1431.4
/srv/shared_leopard_toad/2024/18.11.2024/3R/104MEDIA/DSCF0802.JPG,DSCF0802.JPG,3R/104MEDIA,1,Small_Mammal,0.2434,1883.6,1266.9,2040.4,1431.4
/srv/shared_leopard_toad/2024/18.11.2024/3R/104MEDIA/DSCF0720.JPG,DSCF0720.JPG,3R/104MEDIA,2,Western_Leopard_Toad,0.6797,1883.9,1267.4,2053.6,1430.9
/srv/shared_leopard_toad/2024/18.11.2024/3R/104MEDIA/DSCF0720.JPG,DSCF0720.JPG,3R/104MEDIA,1,Small_Mammal,0.2798,1883.9,1267.4,2053.6,1430.9
/srv/shared_leopard_toad/2024/18.11.2024/3R/104MEDIA/DSCF0339.JPG,DSCF0339.JPG,3R/104MEDIA,0,Other_Amphibian,0.2507,1854.5,142.0,1943.5,209.5
/srv/shared_leopard_toad/2024/18.11.2024/3R/104MEDIA/DSCF0339.JPG,DSCF0339.JPG,3R/104MEDIA,0,Other_Amphibian,0.2021,1853.5,140.6,1944.5,210.3
/srv/shared_leopard_toad/2024/18.11.2024/3R/104MEDIA/DSCF0983.JPG,DSCF0983.JPG,3R/104MEDIA,1,Small_Mammal,0.2004,1888.0,1267.0,2054.0,1428.8
/srv/shared_leopard_toad/2024/18.11.2024/3R/104MEDIA/DSCF0344.JPG,DSCF0344.JPG,3R/104MEDIA,0,Other_Amphibian,0.3477,1851.7,144.5,1946.3,214.6
/srv/shared_leopard_toad/2024/18.11.2024/3R/104MEDIA/DSCF0344.JPG,DSCF0344.JPG,3R/104MEDIA,0,Other_Amphibian,0.3335,1851.6,144.9,1946.4,214.9
/srv/shared_leopard_toad/2024/18.11.2024/3R/104MEDIA/DSCF0712.JPG,DSCF0712.JPG,3R/104MEDIA,2,Western_Leopard_Toad,0.5269,1882.5,1268.4,2041.5,1429.9
/srv/shared_leopard_toad/2024/18.11.2024/3R/104MEDIA/DSCF0712.JPG,DSCF0712.JPG,3R/104MEDIA,1,Small_Mammal,0.2747,1882.5,1268.4,2041.5,1429.9
/srv/shared_leopard_toad/2024/18.11.2024/3R/104MEDIA/DSCF0712.JPG,DSCF0712.JPG,3R/104MEDIA,0,Other_Amphibian,0.2051,1882.5,1268.4,2041.5,1429.9
/srv/shared_leopard_toad/2024/18.11.2024/3R/104MEDIA/DSCF0350.JPG,DSCF0350.JPG,3R/104MEDIA,0,Other_Amphibian,0.3467,1851.9,141.1,1946.1,212.9
/srv/shared_leopard_toad/2024/18.11.2024/3R/104MEDIA/DSCF0350.JPG,DSCF0350.JPG,3R/104MEDIA,0,Other_Amphibian,0.3340,1852.0,141.8,1946.0,212.9
/srv/shared_leopard_toad/2024/18.11.2024/3R/104MEDIA/DSCF0286.JPG,DSCF0286.JPG,3R/104MEDIA,0,Other_Amphibian,0.2473,1851.4,142.1,1946.6,215.1
/srv/shared_leopard_toad/2024/18.11.2024/3R/104MEDIA/DSCF0286.JPG,DSCF0286.JPG,3R/104MEDIA,0,Other_Amphibian,0.2063,1851.3,143.1,1946.7,215.4
/srv/shared_leopard_toad/2024/18.11.2024/3R/104MEDIA/DSCF0834.JPG,DSCF0834.JPG,3R/104MEDIA,2,Western_Leopard_Toad,0.5781,1885.6,1266.5,2051.9,1429.3
/srv/shared_leopard_toad/2024/18.11.2024/3R/104MEDIA/DSCF0834.JPG,DSCF0834.JPG,3R/104MEDIA,1,Small_Mammal,0.2795,1885.6,1266.5,2051.9,1429.3
/srv/shared_leopard_toad/2024/18.11.2024/3R/104MEDIA/DSCF0822.JPG,DSCF0822.JPG,3R/104MEDIA,2,Western_Leopard_Toad,0.5161,1884.3,1267.2,2050.9,1431.1
/srv/shared_leopard_toad/2024/18.11.2024/3R/104MEDIA/DSCF0822.JPG,DSCF0822.JPG,3R/104MEDIA,1,Small_Mammal,0.2391,1884.3,1267.2,2050.9,1431.1
/srv/shared_leopard_toad/2024/18.11.2024/3R/104MEDIA/DSCF0792.JPG,DSCF0792.JPG,3R/104MEDIA,2,Western_Leopard_Toad,0.4998,1885.9,1266.5,2065.1,1429.3
/srv/shared_leopard_toad/2024/18.11.2024/3R/104MEDIA/DSCF0792.JPG,DSCF0792.JPG,3R/104MEDIA,1,Small_Mammal,0.3359,1885.9,1266.5,2065.1,1429.3
/srv/shared_leopard_toad/2024/18.11.2024/3R/104MEDIA/DSCF0341.JPG,DSCF0341.JPG,3R/104MEDIA,0,Other_Amphibian,0.2028,1851.8,145.5,1946.2,210.5
/srv/shared_leopard_toad/2024/18.11.2024/3R/104MEDIA/DSCF0304.JPG,DSCF0304.JPG,3R/104MEDIA,0,Other_Amphibian,0.3391,1854.7,144.3,1943.3,212.2
/srv/shared_leopard_toad/2024/18.11.2024/3R/104MEDIA/DSCF0304.JPG,DSCF0304.JPG,3R/104MEDIA,0,Other_Amphibian,0.2803,1854.2,143.9,1943.8,212.7
/srv/shared_leopard_toad/2024/18.11.2024/3R/104MEDIA/DSCF0681.JPG,DSCF0681.JPG,3R/104MEDIA,2,Western_Leopard_Toad,0.4563,1885.1,1264.2,2050.2,1429.0
/srv/shared_leopard_toad/2024/18.11.2024/3R/104MEDIA/DSCF0681.JPG,DSCF0681.JPG,3R/104MEDIA,1,Small_Mammal,0.2925,1885.1,1264.2,2050.2,1429.0
/srv/shared_leopard_toad/2024/18.11.2024/3R/104MEDIA/DSCF0681.JPG,DSCF0681.JPG,3R/104MEDIA,0,Other_Amphibian,0.2156,1885.1,1264.2,2050.2,1429.0
/srv/shared_leopard_toad/2024/18.11.2024/3R/104MEDIA/DSCF0592.JPG,DSCF0592.JPG,3R/104MEDIA,2,Western_Leopard_Toad,0.3882,1883.9,1266.1,2040.1,1429.7
/srv/shared_leopard_toad/2024/18.11.2024/3R/104MEDIA/DSCF0795.JPG,DSCF0795.JPG,3R/104MEDIA,2,Western_Leopard_Toad,0.4375,1884.2,1266.3,2051.1,1427.0
/srv/shared_leopard_toad/2024/18.11.2024/3R/104MEDIA/DSCF0795.JPG,DSCF0795.JPG,3R/104MEDIA,2,Western_Leopard_Toad,0.2759,679.5,1167.5,768.3,1287.8
/srv/shared_leopard_toad/2024/18.11.2024/3R/104MEDIA/DSCF0795.JPG,DSCF0795.JPG,3R/104MEDIA,1,Small_Mammal,0.2137,1884.2,1266.3,2051.1,1427.0
/srv/shared_leopard_toad/2024/18.11.2024/3R/104MEDIA/DSCF0393.JPG,DSCF0393.JPG,3R/104MEDIA,0,Other_Amphibian,0.5327,1856.1,142.7,1946.4,212.7
/srv/shared_leopard_toad/2024/18.11.2024/3R/104MEDIA/DSCF0393.JPG,DSCF0393.JPG,3R/104MEDIA,0,Other_Amphibian,0.3491,1855.7,142.6,1946.8,212.7
/srv/shared_leopard_toad/2024/18.11.2024/3R/104MEDIA/DSCF0780.JPG,DSCF0780.JPG,3R/104MEDIA,2,Western_Leopard_Toad,0.6548,1882.5,1266.6,2046.0,1431.7
/srv/shared_leopard_toad/2024/18.11.2024/3R/104MEDIA/DSCF0780.JPG,DSCF0780.JPG,3R/104MEDIA,1,Small_Mammal,0.2249,1882.5,1266.6,2046.0,1431.7
/srv/shared_leopard_toad/2024/18.11.2024/3R/104MEDIA/DSCF0986.JPG,DSCF0986.JPG,3R/104MEDIA,1,Small_Mammal,0.2981,1886.3,1268.6,2048.9,1432.2
/srv/shared_leopard_toad/2024/18.11.2024/3R/104MEDIA/DSCF0986.JPG,DSCF0986.JPG,3R/104MEDIA,2,Western_Leopard_Toad,0.2979,1886.3,1268.6,2048.9,1432.2
/srv/shared_leopard_toad/2024/18.11.2024/3R/104MEDIA/DSCF0986.JPG,DSCF0986.JPG,3R/104MEDIA,0,Other_Amphibian,0.2494,1886.3,1268.6,2048.9,1432.2
/srv/shared_leopard_toad/2024/18.11.2024/3R/104MEDIA/DSCF0403.JPG,DSCF0403.JPG,3R/104MEDIA,0,Other_Amphibian,0.3533,1854.6,143.2,1943.4,212.8
/srv/shared_leopard_toad/2024/18.11.2024/3R/104MEDIA/DSCF0403.JPG,DSCF0403.JPG,3R/104MEDIA,0,Other_Amphibian,0.3291,1854.2,143.0,1943.8,212.9
/srv/shared_leopard_toad/2024/18.11.2024/3R/104MEDIA/DSCF0369.JPG,DSCF0369.JPG,3R/104MEDIA,0,Other_Amphibian,0.3879,1855.0,144.3,1943.0,212.2
/srv/shared_leopard_toad/2024/18.11.2024/3R/104MEDIA/DSCF0369.JPG,DSCF0369.JPG,3R/104MEDIA,0,Other_Amphibian,0.3293,1853.9,144.2,1944.1,212.4
/srv/shared_leopard_toad/2024/18.11.2024/3R/104MEDIA/DSCF0895.JPG,DSCF0895.JPG,3R/104MEDIA,2,Western_Leopard_Toad,0.4980,1885.6,1266.1,2029.4,1429.7
/srv/shared_leopard_toad/2024/18.11.2024/3R/104MEDIA/DSCF0549.JPG,DSCF0549.JPG,3R/104MEDIA,2,Western_Leopard_Toad,0.3618,1888.0,1266.0,2027.0,1427.3
/srv/shared_leopard_toad/2024/18.11.2024/3R/104MEDIA/DSCF0817.JPG,DSCF0817.JPG,3R/104MEDIA,2,Western_Leopard_Toad,0.4414,1885.9,1265.8,2038.1,1430.0
/srv/shared_leopard_toad/2024/18.11.2024/3R/104MEDIA/DSCF0649.JPG,DSCF0649.JPG,3R/104MEDIA,2,Western_Leopard_Toad,0.3347,1881.4,1267.2,2042.6,1433.6
/srv/shared_leopard_toad/2024/18.11.2024/3R/104MEDIA/DSCF0899.JPG,DSCF0899.JPG,3R/104MEDIA,2,Western_Leopard_Toad,0.4958,1885.5,1267.8,2038.5,1430.6
/srv/shared_leopard_toad/2024/18.11.2024/3R/104MEDIA/DSCF0899.JPG,DSCF0899.JPG,3R/104MEDIA,1,Small_Mammal,0.2079,1885.5,1267.8,2038.5,1430.6
/srv/shared_leopard_toad/2024/18.11.2024/3R/104MEDIA/DSCF0353.JPG,DSCF0353.JPG,3R/104MEDIA,0,Other_Amphibian,0.3066,1854.4,144.7,1943.6,211.9
/srv/shared_leopard_toad/2024/18.11.2024/3R/104MEDIA/DSCF0353.JPG,DSCF0353.JPG,3R/104MEDIA,0,Other_Amphibian,0.2629,1853.8,145.0,1944.2,212.2
/srv/shared_leopard_toad/2024/18.11.2024/3R/104MEDIA/DSCF0394.JPG,DSCF0394.JPG,3R/104MEDIA,0,Other_Amphibian,0.4287,1852.8,143.0,1945.2,213.6
/srv/shared_leopard_toad/2024/18.11.2024/3R/104MEDIA/DSCF0394.JPG,DSCF0394.JPG,3R/104MEDIA,0,Other_Amphibian,0.2881,1852.1,143.0,1945.9,213.6
/srv/shared_leopard_toad/2024/18.11.2024/3R/104MEDIA/DSCF0759.JPG,DSCF0759.JPG,3R/104MEDIA,2,Western_Leopard_Toad,0.8857,1883.9,1264.5,2044.6,1428.7
/srv/shared_leopard_toad/2024/18.11.2024/3R/104MEDIA/DSCF0759.JPG,DSCF0759.JPG,3R/104MEDIA,1,Small_Mammal,0.2625,1883.9,1264.5,2044.6,1428.7
/srv/shared_leopard_toad/2024/18.11.2024/3R/104MEDIA/DSCF0713.JPG,DSCF0713.JPG,3R/104MEDIA,2,Western_Leopard_Toad,0.6304,1885.9,1267.6,2047.1,1430.7
/srv/shared_leopard_toad/2024/18.11.2024/3R/104MEDIA/DSCF0713.JPG,DSCF0713.JPG,3R/104MEDIA,1,Small_Mammal,0.2610,1885.9,1267.6,2047.1,1430.7
/srv/shared_leopard_toad/2024/18.11.2024/3R/104MEDIA/DSCF0699.JPG,DSCF0699.JPG,3R/104MEDIA,2,Western_Leopard_Toad,0.4768,1881.6,1266.9,2042.4,1431.4
/srv/shared_leopard_toad/2024/18.11.2024/3R/104MEDIA/DSCF0699.JPG,DSCF0699.JPG,3R/104MEDIA,1,Small_Mammal,0.2100,1881.6,1266.9,2042.4,1431.4
/srv/shared_leopard_toad/2024/18.11.2024/3R/104MEDIA/DSCF0559.JPG,DSCF0559.JPG,3R/104MEDIA,0,Other_Amphibian,0.6592,868.7,936.5,959.4,1027.8
/srv/shared_leopard_toad/2024/18.11.2024/3R/104MEDIA/DSCF0445.JPG,DSCF0445.JPG,3R/104MEDIA,2,Western_Leopard_Toad,0.3926,2121.0,679.3,2217.0,823.0
/srv/shared_leopard_toad/2024/18.11.2024/3R/104MEDIA/DSCF0445.JPG,DSCF0445.JPG,3R/104MEDIA,0,Other_Amphibian,0.3804,2121.0,679.3,2217.0,823.0
/srv/shared_leopard_toad/2024/18.11.2024/3R/104MEDIA/DSCF0368.JPG,DSCF0368.JPG,3R/104MEDIA,0,Other_Amphibian,0.3423,1853.8,143.1,1944.2,212.9
/srv/shared_leopard_toad/2024/18.11.2024/3R/104MEDIA/DSCF0368.JPG,DSCF0368.JPG,3R/104MEDIA,0,Other_Amphibian,0.3137,1853.4,143.4,1944.6,213.2
/srv/shared_leopard_toad/2024/18.11.2024/3R/104MEDIA/DSCF0656.JPG,DSCF0656.JPG,3R/104MEDIA,2,Western_Leopard_Toad,0.4377,1884.3,1266.7,2039.7,1431.6
/srv/shared_leopard_toad/2024/18.11.2024/3R/104MEDIA/DSCF0994.JPG,DSCF0994.JPG,3R/104MEDIA,2,Western_Leopard_Toad,0.8677,1889.9,1265.3,2034.1,1430.5
/srv/shared_leopard_toad/2024/18.11.2024/3R/104MEDIA/DSCF0994.JPG,DSCF0994.JPG,3R/104MEDIA,1,Small_Mammal,0.3076,1889.9,1265.3,2034.1,1430.5
/srv/shared_leopard_toad/2024/18.11.2024/3R/104MEDIA/DSCF0994.JPG,DSCF0994.JPG,3R/104MEDIA,0,Other_Amphibian,0.2783,1889.9,1265.3,2034.1,1430.5
/srv/shared_leopard_toad/2024/18.11.2024/3R/104MEDIA/DSCF0366.JPG,DSCF0366.JPG,3R/104MEDIA,0,Other_Amphibian,0.3125,1853.1,142.6,1944.9,210.2
/srv/shared_leopard_toad/2024/18.11.2024/3R/104MEDIA/DSCF0366.JPG,DSCF0366.JPG,3R/104MEDIA,0,Other_Amphibian,0.2422,1852.3,142.4,1945.7,210.4
/srv/shared_leopard_toad/2024/18.11.2024/3R/104MEDIA/DSCF0755.JPG,DSCF0755.JPG,3R/104MEDIA,2,Western_Leopard_Toad,0.4329,1884.7,1267.9,2050.6,1430.4
/srv/shared_leopard_toad/2024/18.11.2024/3R/104MEDIA/DSCF0755.JPG,DSCF0755.JPG,3R/104MEDIA,1,Small_Mammal,0.2213,1884.7,1267.9,2050.6,1430.4
/srv/shared_leopard_toad/2024/18.11.2024/3R/104MEDIA/DSCF0372.JPG,DSCF0372.JPG,3R/104MEDIA,0,Other_Amphibian,0.3186,1851.8,145.5,1941.7,211.7
/srv/shared_leopard_toad/2024/18.11.2024/3R/104MEDIA/DSCF0372.JPG,DSCF0372.JPG,3R/104MEDIA,0,Other_Amphibian,0.2466,1854.5,145.5,1943.5,211.7
/srv/shared_leopard_toad/2024/18.11.2024/3R/104MEDIA/DSCF0342.JPG,DSCF0342.JPG,3R/104MEDIA,0,Other_Amphibian,0.3921,1855.3,143.9,1947.2,213.3
/srv/shared_leopard_toad/2024/18.11.2024/3R/104MEDIA/DSCF0342.JPG,DSCF0342.JPG,3R/104MEDIA,0,Other_Amphibian,0.2644,1852.6,143.8,1945.4,213.4
/srv/shared_leopard_toad/2024/18.11.2024/3R/104MEDIA/DSCF0979.JPG,DSCF0979.JPG,3R/104MEDIA,2,Western_Leopard_Toad,0.3376,1886.9,1267.4,2046.1,1430.9
/srv/shared_leopard_toad/2024/18.11.2024/3R/104MEDIA/DSCF0979.JPG,DSCF0979.JPG,3R/104MEDIA,1,Small_Mammal,0.2113,1886.9,1267.4,2046.1,1430.9
/srv/shared_leopard_toad/2024/18.11.2024/3R/104MEDIA/DSCF0880.JPG,DSCF0880.JPG,3R/104MEDIA,2,Western_Leopard_Toad,0.5664,1885.7,1267.4,2047.3,1430.9
/srv/shared_leopard_toad/2024/18.11.2024/3R/104MEDIA/DSCF0880.JPG,DSCF0880.JPG,3R/104MEDIA,1,Small_Mammal,0.2238,1885.7,1267.4,2047.3,1430.9
/srv/shared_leopard_toad/2024/18.11.2024/3R/104MEDIA/DSCF0709.JPG,DSCF0709.JPG,3R/104MEDIA,2,Western_Leopard_Toad,0.7383,1882.5,1266.7,2041.5,1431.6
/srv/shared_leopard_toad/2024/18.11.2024/3R/104MEDIA/DSCF0709.JPG,DSCF0709.JPG,3R/104MEDIA,1,Small_Mammal,0.2167,1882.5,1266.7,2041.5,1431.6
/srv/shared_leopard_toad/2024/18.11.2024/3R/104MEDIA/DSCF0670.JPG,DSCF0670.JPG,3R/104MEDIA,2,Western_Leopard_Toad,0.7622,1885.7,1267.0,2047.3,1431.3
/srv/shared_leopard_toad/2024/18.11.2024/3R/104MEDIA/DSCF0670.JPG,DSCF0670.JPG,3R/104MEDIA,1,Small_Mammal,0.2391,1885.7,1267.0,2047.3,1431.3
/srv/shared_leopard_toad/2024/18.11.2024/3R/104MEDIA/DSCF0676.JPG,DSCF0676.JPG,3R/104MEDIA,2,Western_Leopard_Toad,0.7065,1884.5,1265.8,2044.0,1430.0
/srv/shared_leopard_toad/2024/18.11.2024/3R/104MEDIA/DSCF0676.JPG,DSCF0676.JPG,3R/104MEDIA,1,Small_Mammal,0.2234,1884.5,1265.8,2044.0,1430.0
/srv/shared_leopard_toad/2024/18.11.2024/3R/104MEDIA/DSCF0700.JPG,DSCF0700.JPG,3R/104MEDIA,2,Western_Leopard_Toad,0.6904,1883.2,1266.1,2040.8,1429.7
/srv/shared_leopard_toad/2024/18.11.2024/3R/104MEDIA/DSCF0700.JPG,DSCF0700.JPG,3R/104MEDIA,1,Small_Mammal,0.2061,1883.2,1266.1,2040.8,1429.7
/srv/shared_leopard_toad/2024/18.11.2024/3R/104MEDIA/DSCF0923.JPG,DSCF0923.JPG,3R/104MEDIA,2,Western_Leopard_Toad,0.2637,1886.0,1266.2,2047.0,1429.6
/srv/shared_leopard_toad/2024/18.11.2024/3R/104MEDIA/DSCF0936.JPG,DSCF0936.JPG,3R/104MEDIA,2,Western_Leopard_Toad,0.4771,1884.4,1268.7,2039.6,1432.1
/srv/shared_leopard_toad/2024/18.11.2024/3R/104MEDIA/DSCF0936.JPG,DSCF0936.JPG,3R/104MEDIA,1,Small_Mammal,0.2480,1884.4,1268.7,2039.6,1432.1
/srv/shared_leopard_toad/2024/18.11.2024/3R/104MEDIA/DSCF0324.JPG,DSCF0324.JPG,3R/104MEDIA,0,Other_Amphibian,0.3003,1853.5,140.9,1944.5,211.3
/srv/shared_leopard_toad/2024/18.11.2024/3R/104MEDIA/DSCF0324.JPG,DSCF0324.JPG,3R/104MEDIA,0,Other_Amphibian,0.2289,1852.6,140.3,1945.4,211.8
/srv/shared_leopard_toad/2024/18.11.2024/3R/104MEDIA/DSCF0866.JPG,DSCF0866.JPG,3R/104MEDIA,2,Western_Leopard_Toad,0.6309,1885.1,1267.4,2052.4,1430.9
/srv/shared_leopard_toad/2024/18.11.2024/3R/104MEDIA/DSCF0866.JPG,DSCF0866.JPG,3R/104MEDIA,1,Small_Mammal,0.3218,1885.1,1267.4,2052.4,1430.9
/srv/shared_leopard_toad/2024/18.11.2024/3R/104MEDIA/DSCF0866.JPG,DSCF0866.JPG,3R/104MEDIA,0,Other_Amphibian,0.2629,1885.1,1267.4,2052.4,1430.9
/srv/shared_leopard_toad/2024/18.11.2024/3R/104MEDIA/DSCF0730.JPG,DSCF0730.JPG,3R/104MEDIA,2,Western_Leopard_Toad,0.8311,1883.6,1266.1,2040.4,1429.7
/srv/shared_leopard_toad/2024/18.11.2024/3R/104MEDIA/DSCF0730.JPG,DSCF0730.JPG,3R/104MEDIA,1,Small_Mammal,0.2399,1883.6,1266.1,2040.4,1429.7
/srv/shared_leopard_toad/2024/18.11.2024/3R/104MEDIA/DSCF0581.JPG,DSCF0581.JPG,3R/104MEDIA,2,Western_Leopard_Toad,0.3489,1884.7,1267.8,2039.3,1430.6
/srv/shared_leopard_toad/2024/18.11.2024/3R/104MEDIA/DSCF0380.JPG,DSCF0380.JPG,3R/104MEDIA,0,Other_Amphibian,0.5811,1859.6,140.1,1947.4,212.0
/srv/shared_leopard_toad/2024/18.11.2024/3R/104MEDIA/DSCF0854.JPG,DSCF0854.JPG,3R/104MEDIA,2,Western_Leopard_Toad,0.7412,1886.0,1267.6,2047.0,1430.7
/srv/shared_leopard_toad/2024/18.11.2024/3R/104MEDIA/DSCF0854.JPG,DSCF0854.JPG,3R/104MEDIA,1,Small_Mammal,0.3184,1886.0,1267.6,2047.0,1430.7
/srv/shared_leopard_toad/2024/18.11.2024/3R/104MEDIA/DSCF0854.JPG,DSCF0854.JPG,3R/104MEDIA,0,Other_Amphibian,0.2177,1886.0,1267.6,2047.0,1430.7
/srv/shared_leopard_toad/2024/18.11.2024/3R/104MEDIA/DSCF0851.JPG,DSCF0851.JPG,3R/104MEDIA,2,Western_Leopard_Toad,0.5420,1884.4,1267.9,2048.6,1430.4
/srv/shared_leopard_toad/2024/18.11.2024/3R/104MEDIA/DSCF0851.JPG,DSCF0851.JPG,3R/104MEDIA,1,Small_Mammal,0.3013,1884.4,1267.9,2048.6,1430.4
/srv/shared_leopard_toad/2024/18.11.2024/3R/104MEDIA/DSCF0851.JPG,DSCF0851.JPG,3R/104MEDIA,0,Other_Amphibian,0.2229,1884.4,1267.9,2048.6,1430.4
/srv/shared_leopard_toad/2024/18.11.2024/3R/104MEDIA/DSCF0343.JPG,DSCF0343.JPG,3R/104MEDIA,0,Other_Amphibian,0.3542,1852.2,143.2,1945.8,213.4
/srv/shared_leopard_toad/2024/18.11.2024/3R/104MEDIA/DSCF0343.JPG,DSCF0343.JPG,3R/104MEDIA,0,Other_Amphibian,0.3098,1852.1,143.9,1945.9,213.9
/srv/shared_leopard_toad/2024/18.11.2024/3R/104MEDIA/DSCF0906.JPG,DSCF0906.JPG,3R/104MEDIA,2,Western_Leopard_Toad,0.4253,1887.6,1269.1,2045.4,1429.2
/srv/shared_leopard_toad/2024/18.11.2024/3R/104MEDIA/DSCF0906.JPG,DSCF0906.JPG,3R/104MEDIA,1,Small_Mammal,0.2490,1887.6,1269.1,2045.4,1429.2
/srv/shared_leopard_toad/2024/18.11.2024/3R/104MEDIA/DSCF0906.JPG,DSCF0906.JPG,3R/104MEDIA,0,Other_Amphibian,0.2179,1887.6,1269.1,2045.4,1429.2
/srv/shared_leopard_toad/2024/18.11.2024/3R/104MEDIA/DSCF0402.JPG,DSCF0402.JPG,3R/104MEDIA,0,Other_Amphibian,0.2739,1855.0,144.2,1943.0,210.5
/srv/shared_leopard_toad/2024/18.11.2024/3R/104MEDIA/DSCF0402.JPG,DSCF0402.JPG,3R/104MEDIA,0,Other_Amphibian,0.2217,1853.8,144.2,1944.2,211.1
/srv/shared_leopard_toad/2024/18.11.2024/3R/104MEDIA/DSCF0301.JPG,DSCF0301.JPG,3R/104MEDIA,0,Other_Amphibian,0.3528,1852.4,142.7,1945.6,213.3
/srv/shared_leopard_toad/2024/18.11.2024/3R/104MEDIA/DSCF0301.JPG,DSCF0301.JPG,3R/104MEDIA,0,Other_Amphibian,0.3135,1852.2,143.1,1945.8,213.5
/srv/shared_leopard_toad/2024/18.11.2024/3R/104MEDIA/DSCF0544.JPG,DSCF0544.JPG,3R/104MEDIA,2,Western_Leopard_Toad,0.5605,1887.2,1266.8,2027.8,1429.0
/srv/shared_leopard_toad/2024/18.11.2024/3R/104MEDIA/DSCF0769.JPG,DSCF0769.JPG,3R/104MEDIA,2,Western_Leopard_Toad,0.8906,1887.3,1265.2,2045.7,1430.6
/srv/shared_leopard_toad/2024/18.11.2024/3R/104MEDIA/DSCF0769.JPG,DSCF0769.JPG,3R/104MEDIA,1,Small_Mammal,0.2483,1887.3,1265.2,2045.7,1430.6
/srv/shared_leopard_toad/2024/18.11.2024/3R/104MEDIA/DSCF0596.JPG,DSCF0596.JPG,3R/104MEDIA,2,Western_Leopard_Toad,0.5195,1885.2,1267.8,2038.8,1430.6
/srv/shared_leopard_toad/2024/18.11.2024/3R/104MEDIA/DSCF0924.JPG,DSCF0924.JPG,3R/104MEDIA,2,Western_Leopard_Toad,0.4436,1887.3,1264.3,2045.7,1426.4
/srv/shared_leopard_toad/2024/18.11.2024/3R/104MEDIA/DSCF0871.JPG,DSCF0871.JPG,3R/104MEDIA,2,Western_Leopard_Toad,0.5127,1884.4,1268.4,2048.6,1429.9
/srv/shared_leopard_toad/2024/18.11.2024/3R/104MEDIA/DSCF0871.JPG,DSCF0871.JPG,3R/104MEDIA,1,Small_Mammal,0.2676,1884.4,1268.4,2048.6,1429.9
/srv/shared_leopard_toad/2024/18.11.2024/3R/104MEDIA/DSCF0944.JPG,DSCF0944.JPG,3R/104MEDIA,2,Western_Leopard_Toad,0.3999,1885.2,1267.8,2047.8,1427.9
/srv/shared_leopard_toad/2024/18.11.2024/3R/104MEDIA/DSCF0944.JPG,DSCF0944.JPG,3R/104MEDIA,2,Western_Leopard_Toad,0.3474,1884.7,1268.2,2048.3,1427.6
/srv/shared_leopard_toad/2024/18.11.2024/3R/104MEDIA/DSCF0944.JPG,DSCF0944.JPG,3R/104MEDIA,1,Small_Mammal,0.2356,1885.2,1267.8,2047.8,1427.9
/srv/shared_leopard_toad/2024/18.11.2024/3R/104MEDIA/DSCF0944.JPG,DSCF0944.JPG,3R/104MEDIA,1,Small_Mammal,0.2257,1884.7,1268.2,2048.3,1427.6
/srv/shared_leopard_toad/2024/18.11.2024/3R/104MEDIA/DSCF0944.JPG,DSCF0944.JPG,3R/104MEDIA,0,Other_Amphibian,0.2106,1885.2,1267.8,2047.8,1427.9
/srv/shared_leopard_toad/2024/18.11.2024/3R/104MEDIA/DSCF0944.JPG,DSCF0944.JPG,3R/104MEDIA,0,Other_Amphibian,0.2076,1884.7,1268.2,2048.3,1427.6
/srv/shared_leopard_toad/2024/18.11.2024/3R/104MEDIA/DSCF0580.JPG,DSCF0580.JPG,3R/104MEDIA,2,Western_Leopard_Toad,0.5127,1884.9,1264.7,2030.1,1428.6
/srv/shared_leopard_toad/2024/18.11.2024/3R/104MEDIA/DSCF0736.JPG,DSCF0736.JPG,3R/104MEDIA,2,Western_Leopard_Toad,0.8892,1885.9,1266.1,2049.4,1432.2
/srv/shared_leopard_toad/2024/18.11.2024/3R/104MEDIA/DSCF0736.JPG,DSCF0736.JPG,3R/104MEDIA,1,Small_Mammal,0.2180,1885.9,1266.1,2049.4,1432.2
/srv/shared_leopard_toad/2024/18.11.2024/3R/104MEDIA/DSCF0943.JPG,DSCF0943.JPG,3R/104MEDIA,2,Western_Leopard_Toad,0.4592,1887.3,1270.3,2036.7,1433.1
/srv/shared_leopard_toad/2024/18.11.2024/3R/104MEDIA/DSCF0943.JPG,DSCF0943.JPG,3R/104MEDIA,1,Small_Mammal,0.2076,1887.3,1270.3,2036.7,1433.1
/srv/shared_leopard_toad/2024/18.11.2024/3R/104MEDIA/DSCF0873.JPG,DSCF0873.JPG,3R/104MEDIA,2,Western_Leopard_Toad,0.5835,1882.4,1267.4,2041.6,1430.9
/srv/shared_leopard_toad/2024/18.11.2024/3R/104MEDIA/DSCF0873.JPG,DSCF0873.JPG,3R/104MEDIA,1,Small_Mammal,0.2340,1882.4,1267.4,2041.6,1430.9
/srv/shared_leopard_toad/2024/18.11.2024/3R/104MEDIA/DSCF0917.JPG,DSCF0917.JPG,3R/104MEDIA,2,Western_Leopard_Toad,0.5103,1887.3,1268.1,2045.7,1430.2
/srv/shared_leopard_toad/2024/18.11.2024/3R/104MEDIA/DSCF0917.JPG,DSCF0917.JPG,3R/104MEDIA,1,Small_Mammal,0.2876,1887.3,1268.1,2045.7,1430.2
/srv/shared_leopard_toad/2024/18.11.2024/3R/104MEDIA/DSCF0672.JPG,DSCF0672.JPG,3R/104MEDIA,2,Western_Leopard_Toad,0.5781,1885.1,1267.8,2043.4,1433.0
/srv/shared_leopard_toad/2024/18.11.2024/3R/104MEDIA/DSCF0672.JPG,DSCF0672.JPG,3R/104MEDIA,1,Small_Mammal,0.2235,1885.1,1267.8,2043.4,1433.0
/srv/shared_leopard_toad/2024/18.11.2024/3R/104MEDIA/DSCF0662.JPG,DSCF0662.JPG,3R/104MEDIA,2,Western_Leopard_Toad,0.6870,1886.1,1267.9,2037.9,1430.4
/srv/shared_leopard_toad/2024/18.11.2024/3R/104MEDIA/DSCF0662.JPG,DSCF0662.JPG,3R/104MEDIA,1,Small_Mammal,0.2683,1886.1,1267.9,2037.9,1430.4
/srv/shared_leopard_toad/2024/18.11.2024/3R/104MEDIA/DSCF0998.JPG,DSCF0998.JPG,3R/104MEDIA,1,Small_Mammal,0.2009,1882.3,1267.8,2041.7,1433.0
/srv/shared_leopard_toad/2024/18.11.2024/3R/104MEDIA/DSCF0308.JPG,DSCF0308.JPG,3R/104MEDIA,0,Other_Amphibian,0.2932,1852.3,143.6,1945.7,213.6
/srv/shared_leopard_toad/2024/18.11.2024/3R/104MEDIA/DSCF0308.JPG,DSCF0308.JPG,3R/104MEDIA,0,Other_Amphibian,0.2556,1852.6,144.6,1945.4,213.9
/srv/shared_leopard_toad/2024/18.11.2024/3R/104MEDIA/DSCF0312.JPG,DSCF0312.JPG,3R/104MEDIA,0,Other_Amphibian,0.2240,102.8,1528.9,186.9,1630.1
/srv/shared_leopard_toad/2024/18.11.2024/3R/104MEDIA/DSCF0385.JPG,DSCF0385.JPG,3R/104MEDIA,0,Other_Amphibian,0.2603,1853.1,144.1,1944.9,211.2
/srv/shared_leopard_toad/2024/18.11.2024/3R/104MEDIA/DSCF0385.JPG,DSCF0385.JPG,3R/104MEDIA,0,Other_Amphibian,0.2101,1852.5,144.3,1945.5,211.7
/srv/shared_leopard_toad/2024/18.11.2024/3R/104MEDIA/DSCF0970.JPG,DSCF0970.JPG,3R/104MEDIA,2,Western_Leopard_Toad,0.4375,1886.1,1267.8,2051.4,1427.9
/srv/shared_leopard_toad/2024/18.11.2024/3R/104MEDIA/DSCF0970.JPG,DSCF0970.JPG,3R/104MEDIA,1,Small_Mammal,0.2629,1886.1,1267.8,2051.4,1427.9
/srv/shared_leopard_toad/2024/18.11.2024/3R/104MEDIA/DSCF0732.JPG,DSCF0732.JPG,3R/104MEDIA,2,Western_Leopard_Toad,0.7739,1882.4,1266.3,2041.6,1432.1
/srv/shared_leopard_toad/2024/18.11.2024/3R/104MEDIA/DSCF0781.JPG,DSCF0781.JPG,3R/104MEDIA,2,Western_Leopard_Toad,0.7720,1887.3,1267.2,2045.7,1431.1
/srv/shared_leopard_toad/2024/18.11.2024/3R/104MEDIA/DSCF0781.JPG,DSCF0781.JPG,3R/104MEDIA,1,Small_Mammal,0.2771,1887.3,1267.2,2045.7,1431.1
/srv/shared_leopard_toad/2024/18.11.2024/3R/104MEDIA/DSCF0781.JPG,DSCF0781.JPG,3R/104MEDIA,0,Other_Amphibian,0.2152,1887.3,1267.2,2045.7,1431.1
/srv/shared_leopard_toad/2024/18.11.2024/3R/104MEDIA/DSCF0634.JPG,DSCF0634.JPG,3R/104MEDIA,2,Western_Leopard_Toad,0.2932,1882.3,1265.2,2032.7,1430.6
/srv/shared_leopard_toad/2024/18.11.2024/3R/104MEDIA/DSCF0896.JPG,DSCF0896.JPG,3R/104MEDIA,2,Western_Leopard_Toad,0.3240,1887.3,1269.8,2045.7,1431.1
/srv/shared_leopard_toad/2024/18.11.2024/3R/104MEDIA/DSCF0896.JPG,DSCF0896.JPG,3R/104MEDIA,1,Small_Mammal,0.2263,1887.3,1269.8,2045.7,1431.1
/srv/shared_leopard_toad/2024/18.11.2024/3R/104MEDIA/DSCF0925.JPG,DSCF0925.JPG,3R/104MEDIA,2,Western_Leopard_Toad,0.3606,1887.4,1267.8,2047.9,1430.6
/srv/shared_leopard_toad/2024/18.11.2024/3R/104MEDIA/DSCF0925.JPG,DSCF0925.JPG,3R/104MEDIA,1,Small_Mammal,0.2140,1887.4,1267.8,2047.9,1430.6
/srv/shared_leopard_toad/2024/18.11.2024/3R/104MEDIA/DSCF0837.JPG,DSCF0837.JPG,3R/104MEDIA,2,Western_Leopard_Toad,0.7290,1885.9,1267.9,2049.4,1430.4
/srv/shared_leopard_toad/2024/18.11.2024/3R/104MEDIA/DSCF0837.JPG,DSCF0837.JPG,3R/104MEDIA,1,Small_Mammal,0.3105,1885.9,1267.9,2049.4,1430.4
/srv/shared_leopard_toad/2024/18.11.2024/3R/104MEDIA/DSCF0853.JPG,DSCF0853.JPG,3R/104MEDIA,2,Western_Leopard_Toad,0.3235,1884.7,1266.2,2052.8,1429.6
/srv/shared_leopard_toad/2024/18.11.2024/3R/104MEDIA/DSCF0661.JPG,DSCF0661.JPG,3R/104MEDIA,2,Western_Leopard_Toad,0.4377,1882.9,1266.7,2052.4,1431.6
/srv/shared_leopard_toad/2024/18.11.2024/3R/104MEDIA/DSCF0858.JPG,DSCF0858.JPG,3R/104MEDIA,2,Western_Leopard_Toad,0.7119,1885.7,1265.5,2047.3,1430.3
/srv/shared_leopard_toad/2024/18.11.2024/3R/104MEDIA/DSCF0858.JPG,DSCF0858.JPG,3R/104MEDIA,1,Small_Mammal,0.2778,1885.7,1265.5,2047.3,1430.3
/srv/shared_leopard_toad/2024/18.11.2024/3R/104MEDIA/DSCF0722.JPG,DSCF0722.JPG,3R/104MEDIA,2,Western_Leopard_Toad,0.5566,1882.9,1267.2,2052.4,1431.1
/srv/shared_leopard_toad/2024/18.11.2024/3R/104MEDIA/DSCF0722.JPG,DSCF0722.JPG,3R/104MEDIA,1,Small_Mammal,0.2238,1882.9,1267.2,2052.4,1431.1
/srv/shared_leopard_toad/2024/18.11.2024/3R/104MEDIA/DSCF0988.JPG,DSCF0988.JPG,3R/104MEDIA,1,Small_Mammal,0.2314,1885.2,1267.5,2047.8,1433.3
/srv/shared_leopard_toad/2024/18.11.2024/3R/104MEDIA/DSCF0608.JPG,DSCF0608.JPG,3R/104MEDIA,2,Western_Leopard_Toad,0.3625,1881.7,1266.9,2046.8,1431.4
/srv/shared_leopard_toad/2024/18.11.2024/3R/104MEDIA/DSCF0608.JPG,DSCF0608.JPG,3R/104MEDIA,1,Small_Mammal,0.2086,1881.7,1266.9,2046.8,1431.4
/srv/shared_leopard_toad/2024/18.11.2024/3R/104MEDIA/DSCF0451.JPG,DSCF0451.JPG,3R/104MEDIA,0,Other_Amphibian,0.3350,2124.1,703.9,2202.6,827.5
/srv/shared_leopard_toad/2024/18.11.2024/3R/104MEDIA/DSCF0290.JPG,DSCF0290.JPG,3R/104MEDIA,0,Other_Amphibian,0.5459,1859.3,142.5,1947.7,212.2
/srv/shared_leopard_toad/2024/18.11.2024/3R/104MEDIA/DSCF0862.JPG,DSCF0862.JPG,3R/104MEDIA,2,Western_Leopard_Toad,0.4971,1882.6,1267.4,2052.6,1430.9
/srv/shared_leopard_toad/2024/18.11.2024/3R/104MEDIA/DSCF0758.JPG,DSCF0758.JPG,3R/104MEDIA,2,Western_Leopard_Toad,0.6318,1883.9,1267.9,2040.1,1430.4
/srv/shared_leopard_toad/2024/18.11.2024/3R/104MEDIA/DSCF0758.JPG,DSCF0758.JPG,3R/104MEDIA,1,Small_Mammal,0.2350,1883.9,1267.9,2040.1,1430.4
/srv/shared_leopard_toad/2024/18.11.2024/3R/104MEDIA/DSCF0652.JPG,DSCF0652.JPG,3R/104MEDIA,2,Western_Leopard_Toad,0.6362,1884.2,1266.3,2039.8,1429.4
/srv/shared_leopard_toad/2024/18.11.2024/3R/104MEDIA/DSCF0652.JPG,DSCF0652.JPG,3R/104MEDIA,1,Small_Mammal,0.2217,1884.2,1266.3,2039.8,1429.4
/srv/shared_leopard_toad/2024/18.11.2024/3R/104MEDIA/DSCF0723.JPG,DSCF0723.JPG,3R/104MEDIA,2,Western_Leopard_Toad,0.7900,1886.4,1265.9,2046.6,1429.8
/srv/shared_leopard_toad/2024/18.11.2024/3R/104MEDIA/DSCF0723.JPG,DSCF0723.JPG,3R/104MEDIA,1,Small_Mammal,0.2756,1886.4,1265.9,2046.6,1429.8
/srv/shared_leopard_toad/2024/18.11.2024/3R/104MEDIA/DSCF0723.JPG,DSCF0723.JPG,3R/104MEDIA,0,Other_Amphibian,0.2332,1886.4,1265.9,2046.6,1429.8
/srv/shared_leopard_toad/2024/18.11.2024/3R/104MEDIA/DSCF0878.JPG,DSCF0878.JPG,3R/104MEDIA,2,Western_Leopard_Toad,0.9253,1885.2,1265.9,2029.8,1429.8
/srv/shared_leopard_toad/2024/18.11.2024/3R/104MEDIA/DSCF0864.JPG,DSCF0864.JPG,3R/104MEDIA,2,Western_Leopard_Toad,0.4849,1885.4,1267.6,2047.6,1430.7
/srv/shared_leopard_toad/2024/18.11.2024/3R/104MEDIA/DSCF0864.JPG,DSCF0864.JPG,3R/104MEDIA,1,Small_Mammal,0.2751,1885.4,1267.6,2047.6,1430.7
/srv/shared_leopard_toad/2024/18.11.2024/3R/104MEDIA/DSCF0697.JPG,DSCF0697.JPG,3R/104MEDIA,2,Western_Leopard_Toad,0.6851,1886.0,1267.4,2047.0,1430.9
/srv/shared_leopard_toad/2024/18.11.2024/3R/104MEDIA/DSCF0697.JPG,DSCF0697.JPG,3R/104MEDIA,1,Small_Mammal,0.3071,1886.0,1267.4,2047.0,1430.9
/srv/shared_leopard_toad/2024/18.11.2024/3R/104MEDIA/DSCF0761.JPG,DSCF0761.JPG,3R/104MEDIA,2,Western_Leopard_Toad,0.7773,1883.9,1267.0,2040.1,1431.3
/srv/shared_leopard_toad/2024/18.11.2024/3R/104MEDIA/DSCF0761.JPG,DSCF0761.JPG,3R/104MEDIA,1,Small_Mammal,0.3079,1883.9,1267.0,2040.1,1431.3
/srv/shared_leopard_toad/2024/18.11.2024/3R/104MEDIA/DSCF0833.JPG,DSCF0833.JPG,3R/104MEDIA,2,Western_Leopard_Toad,0.6797,1885.4,1265.9,2049.8,1429.8
/srv/shared_leopard_toad/2024/18.11.2024/3R/104MEDIA/DSCF0833.JPG,DSCF0833.JPG,3R/104MEDIA,1,Small_Mammal,0.2715,1885.4,1265.9,2049.8,1429.8
/srv/shared_leopard_toad/2024/18.11.2024/3R/104MEDIA/DSCF0945.JPG,DSCF0945.JPG,3R/104MEDIA,2,Western_Leopard_Toad,0.6499,1888.9,1267.9,2046.4,1430.4
/srv/shared_leopard_toad/2024/18.11.2024/3R/104MEDIA/DSCF0945.JPG,DSCF0945.JPG,3R/104MEDIA,1,Small_Mammal,0.2837,1888.9,1267.9,2046.4,1430.4
/srv/shared_leopard_toad/2024/18.11.2024/3R/104MEDIA/DSCF0405.JPG,DSCF0405.JPG,3R/104MEDIA,0,Other_Amphibian,0.2240,1852.4,146.0,1945.6,213.7
/srv/shared_leopard_toad/2024/18.11.2024/3R/104MEDIA/DSCF0405.JPG,DSCF0405.JPG,3R/104MEDIA,0,Other_Amphibian,0.2056,1851.2,145.8,1946.8,214.0
/srv/shared_leopard_toad/2024/18.11.2024/3R/104MEDIA/DSCF0653.JPG,DSCF0653.JPG,3R/104MEDIA,2,Western_Leopard_Toad,0.2937,1883.7,1267.0,2040.3,1431.3
/srv/shared_leopard_toad/2024/18.11.2024/3R/104MEDIA/DSCF0754.JPG,DSCF0754.JPG,3R/104MEDIA,2,Western_Leopard_Toad,0.6729,1885.3,1267.4,2056.7,1428.4
/srv/shared_leopard_toad/2024/18.11.2024/3R/104MEDIA/DSCF0754.JPG,DSCF0754.JPG,3R/104MEDIA,1,Small_Mammal,0.3308,1885.3,1267.4,2056.7,1428.4
/srv/shared_leopard_toad/2024/18.11.2024/3R/104MEDIA/DSCF0838.JPG,DSCF0838.JPG,3R/104MEDIA,2,Western_Leopard_Toad,0.6318,1884.2,1266.4,2039.8,1431.9
/srv/shared_leopard_toad/2024/18.11.2024/3R/104MEDIA/DSCF0838.JPG,DSCF0838.JPG,3R/104MEDIA,1,Small_Mammal,0.2064,1884.2,1266.4,2039.8,1431.9
/srv/shared_leopard_toad/2024/18.11.2024/3R/104MEDIA/DSCF0729.JPG,DSCF0729.JPG,3R/104MEDIA,2,Western_Leopard_Toad,0.7925,1885.5,1264.1,2058.8,1426.6
/srv/shared_leopard_toad/2024/18.11.2024/3R/104MEDIA/DSCF0729.JPG,DSCF0729.JPG,3R/104MEDIA,1,Small_Mammal,0.2798,1885.5,1264.1,2058.8,1426.6
/srv/shared_leopard_toad/2024/18.11.2024/3R/104MEDIA/DSCF0288.JPG,DSCF0288.JPG,3R/104MEDIA,0,Other_Amphibian,0.3040,1852.5,140.9,1945.5,210.0
/srv/shared_leopard_toad/2024/18.11.2024/3R/104MEDIA/DSCF0288.JPG,DSCF0288.JPG,3R/104MEDIA,0,Other_Amphibian,0.2588,1852.0,140.4,1946.0,210.5
/srv/shared_leopard_toad/2024/18.11.2024/3R/104MEDIA/DSCF0848.JPG,DSCF0848.JPG,3R/104MEDIA,2,Western_Leopard_Toad,0.6274,1883.1,1265.5,2040.9,1430.3
/srv/shared_leopard_toad/2024/18.11.2024/3R/104MEDIA/DSCF0848.JPG,DSCF0848.JPG,3R/104MEDIA,1,Small_Mammal,0.2695,1883.1,1265.5,2040.9,1430.3
/srv/shared_leopard_toad/2024/18.11.2024/3R/104MEDIA/DSCF0284.JPG,DSCF0284.JPG,3R/104MEDIA,0,Other_Amphibian,0.3564,1850.3,141.4,1947.7,212.1
/srv/shared_leopard_toad/2024/18.11.2024/3R/104MEDIA/DSCF0284.JPG,DSCF0284.JPG,3R/104MEDIA,0,Other_Amphibian,0.3025,1850.4,141.1,1947.6,212.3
/srv/shared_leopard_toad/2024/18.11.2024/3R/104MEDIA/DSCF0637.JPG,DSCF0637.JPG,3R/104MEDIA,2,Western_Leopard_Toad,0.6587,1883.5,1265.3,2036.0,1430.5
/srv/shared_leopard_toad/2024/18.11.2024/3R/104MEDIA/DSCF0637.JPG,DSCF0637.JPG,3R/104MEDIA,1,Small_Mammal,0.2090,1883.5,1265.3,2036.0,1430.5
/srv/shared_leopard_toad/2024/18.11.2024/3R/104MEDIA/DSCF0861.JPG,DSCF0861.JPG,3R/104MEDIA,2,Western_Leopard_Toad,0.5518,1884.5,1269.0,2050.7,1431.8
/srv/shared_leopard_toad/2024/18.11.2024/3R/104MEDIA/DSCF0861.JPG,DSCF0861.JPG,3R/104MEDIA,1,Small_Mammal,0.2086,1884.5,1269.0,2050.7,1431.8
/srv/shared_leopard_toad/2024/18.11.2024/3R/104MEDIA/DSCF0648.JPG,DSCF0648.JPG,3R/104MEDIA,2,Western_Leopard_Toad,0.5117,1883.5,1267.0,2040.5,1431.3
/srv/shared_leopard_toad/2024/18.11.2024/3R/104MEDIA/DSCF0659.JPG,DSCF0659.JPG,3R/104MEDIA,2,Western_Leopard_Toad,0.2788,1883.5,1266.9,2040.5,1431.4
/srv/shared_leopard_toad/2024/18.11.2024/3R/104MEDIA/DSCF0740.JPG,DSCF0740.JPG,3R/104MEDIA,2,Western_Leopard_Toad,0.8408,1887.0,1265.6,2046.0,1430.2
/srv/shared_leopard_toad/2024/18.11.2024/3R/104MEDIA/DSCF0740.JPG,DSCF0740.JPG,3R/104MEDIA,1,Small_Mammal,0.2747,1887.0,1265.6,2046.0,1430.2
/srv/shared_leopard_toad/2024/18.11.2024/3R/104MEDIA/DSCF0384.JPG,DSCF0384.JPG,3R/104MEDIA,0,Other_Amphibian,0.3108,1856.8,143.7,1945.7,212.8
/srv/shared_leopard_toad/2024/18.11.2024/3R/104MEDIA/DSCF0955.JPG,DSCF0955.JPG,3R/104MEDIA,2,Western_Leopard_Toad,0.4014,1885.5,1269.9,2038.5,1430.9
/srv/shared_leopard_toad/2024/18.11.2024/3R/104MEDIA/DSCF0955.JPG,DSCF0955.JPG,3R/104MEDIA,2,Western_Leopard_Toad,0.2969,1884.7,1271.5,2039.3,1431.9
/srv/shared_leopard_toad/2024/18.11.2024/3R/104MEDIA/DSCF0955.JPG,DSCF0955.JPG,3R/104MEDIA,1,Small_Mammal,0.2104,1885.5,1269.9,2038.5,1430.9
/srv/shared_leopard_toad/2024/18.11.2024/3R/104MEDIA/DSCF0731.JPG,DSCF0731.JPG,3R/104MEDIA,2,Western_Leopard_Toad,0.6396,1884.0,1266.4,2051.2,1431.9
/srv/shared_leopard_toad/2024/18.11.2024/3R/104MEDIA/DSCF0731.JPG,DSCF0731.JPG,3R/104MEDIA,1,Small_Mammal,0.2269,1884.0,1266.4,2051.2,1431.9
/srv/shared_leopard_toad/2024/18.11.2024/3R/104MEDIA/DSCF0898.JPG,DSCF0898.JPG,3R/104MEDIA,2,Western_Leopard_Toad,0.3379,1885.7,1268.9,2049.5,1429.4
/srv/shared_leopard_toad/2024/18.11.2024/3R/104MEDIA/DSCF0898.JPG,DSCF0898.JPG,3R/104MEDIA,1,Small_Mammal,0.2163,1885.7,1268.9,2049.5,1429.4
/srv/shared_leopard_toad/2024/18.11.2024/3R/104MEDIA/DSCF0307.JPG,DSCF0307.JPG,3R/104MEDIA,0,Other_Amphibian,0.3691,1850.5,140.5,1947.5,212.9
/srv/shared_leopard_toad/2024/18.11.2024/3R/104MEDIA/DSCF0307.JPG,DSCF0307.JPG,3R/104MEDIA,0,Other_Amphibian,0.2617,1850.6,140.3,1947.4,213.1
/srv/shared_leopard_toad/2024/18.11.2024/3R/104MEDIA/DSCF0582.JPG,DSCF0582.JPG,3R/104MEDIA,2,Western_Leopard_Toad,0.6035,1883.7,1266.1,2031.3,1432.2
/srv/shared_leopard_toad/2024/18.11.2024/3R/104MEDIA/DSCF0716.JPG,DSCF0716.JPG,3R/104MEDIA,2,Western_Leopard_Toad,0.5132,1883.7,1267.2,2051.6,1431.1
/srv/shared_leopard_toad/2024/18.11.2024/3R/104MEDIA/DSCF0963.JPG,DSCF0963.JPG,3R/104MEDIA,2,Western_Leopard_Toad,0.4680,1889.2,1270.3,2034.8,1433.1
/srv/shared_leopard_toad/2024/18.11.2024/3R/104MEDIA/DSCF0663.JPG,DSCF0663.JPG,3R/104MEDIA,2,Western_Leopard_Toad,0.6118,1885.6,1265.0,2049.7,1430.8
/srv/shared_leopard_toad/2024/18.11.2024/3R/104MEDIA/DSCF0931.JPG,DSCF0931.JPG,3R/104MEDIA,2,Western_Leopard_Toad,0.4175,1888.1,1268.1,2044.9,1430.2
/srv/shared_leopard_toad/2024/18.11.2024/3R/104MEDIA/DSCF0931.JPG,DSCF0931.JPG,3R/104MEDIA,1,Small_Mammal,0.2238,1888.1,1268.1,2044.9,1430.2
/srv/shared_leopard_toad/2024/18.11.2024/3R/104MEDIA/DSCF0378.JPG,DSCF0378.JPG,3R/104MEDIA,0,Other_Amphibian,0.4202,1856.9,143.8,1945.6,212.8
/srv/shared_leopard_toad/2024/18.11.2024/3R/104MEDIA/DSCF0378.JPG,DSCF0378.JPG,3R/104MEDIA,0,Other_Amphibian,0.2266,1853.3,143.9,1944.7,213.4
/srv/shared_leopard_toad/2024/18.11.2024/3R/104MEDIA/DSCF0704.JPG,DSCF0704.JPG,3R/104MEDIA,2,Western_Leopard_Toad,0.7266,1882.3,1268.2,2041.7,1432.7
/srv/shared_leopard_toad/2024/18.11.2024/3R/104MEDIA/DSCF0704.JPG,DSCF0704.JPG,3R/104MEDIA,1,Small_Mammal,0.2313,1882.3,1268.2,2041.7,1432.7
/srv/shared_leopard_toad/2024/18.11.2024/3R/104MEDIA/DSCF0842.JPG,DSCF0842.JPG,3R/104MEDIA,2,Western_Leopard_Toad,0.5415,1885.1,1268.0,2038.9,1432.8
/srv/shared_leopard_toad/2024/18.11.2024/3R/104MEDIA/DSCF0738.JPG,DSCF0738.JPG,3R/104MEDIA,2,Western_Leopard_Toad,0.6772,1885.2,1267.0,2038.8,1431.3
/srv/shared_leopard_toad/2024/18.11.2024/3R/104MEDIA/DSCF0739.JPG,DSCF0739.JPG,3R/104MEDIA,2,Western_Leopard_Toad,0.5693,1883.4,1265.9,2051.9,1429.8
/srv/shared_leopard_toad/2024/18.11.2024/3R/104MEDIA/DSCF0739.JPG,DSCF0739.JPG,3R/104MEDIA,1,Small_Mammal,0.2581,1883.4,1265.9,2051.9,1429.8
/srv/shared_leopard_toad/2024/18.11.2024/3R/104MEDIA/DSCF0875.JPG,DSCF0875.JPG,3R/104MEDIA,2,Western_Leopard_Toad,0.5161,1883.0,1267.2,2041.0,1431.1
/srv/shared_leopard_toad/2024/18.11.2024/3R/104MEDIA/DSCF0875.JPG,DSCF0875.JPG,3R/104MEDIA,1,Small_Mammal,0.2167,1883.0,1267.2,2041.0,1431.1
/srv/shared_leopard_toad/2024/18.11.2024/3R/104MEDIA/DSCF0875.JPG,DSCF0875.JPG,3R/104MEDIA,0,Other_Amphibian,0.2113,1853.8,151.3,1944.2,209.7
/srv/shared_leopard_toad/2024/18.11.2024/3R/104MEDIA/DSCF0576.JPG,DSCF0576.JPG,3R/104MEDIA,2,Western_Leopard_Toad,0.2952,1884.2,1266.2,2039.8,1429.6
/srv/shared_leopard_toad/2024/18.11.2024/3R/104MEDIA/DSCF0856.JPG,DSCF0856.JPG,3R/104MEDIA,2,Western_Leopard_Toad,0.6963,1885.2,1266.8,2029.8,1429.0
/srv/shared_leopard_toad/2024/18.11.2024/3R/104MEDIA/DSCF0856.JPG,DSCF0856.JPG,3R/104MEDIA,1,Small_Mammal,0.2301,1885.2,1266.8,2029.8,1429.0
/srv/shared_leopard_toad/2024/18.11.2024/3R/104MEDIA/DSCF0607.JPG,DSCF0607.JPG,3R/104MEDIA,2,Western_Leopard_Toad,0.2881,1882.4,1265.9,2064.1,1432.4
/srv/shared_leopard_toad/2024/18.11.2024/3R/104MEDIA/DSCF0396.JPG,DSCF0396.JPG,3R/104MEDIA,0,Other_Amphibian,0.3606,1857.2,144.1,1945.3,212.4
/srv/shared_leopard_toad/2024/18.11.2024/3R/104MEDIA/DSCF0396.JPG,DSCF0396.JPG,3R/104MEDIA,0,Other_Amphibian,0.2563,1853.6,143.7,1944.4,212.9
/srv/shared_leopard_toad/2024/18.11.2024/3R/104MEDIA/DSCF0788.JPG,DSCF0788.JPG,3R/104MEDIA,2,Western_Leopard_Toad,0.4946,1883.9,1268.6,2044.6,1432.2
/srv/shared_leopard_toad/2024/18.11.2024/3R/104MEDIA/DSCF0788.JPG,DSCF0788.JPG,3R/104MEDIA,1,Small_Mammal,0.2124,1883.9,1268.6,2044.6,1432.2
/srv/shared_leopard_toad/2024/18.11.2024/3R/104MEDIA/DSCF0721.JPG,DSCF0721.JPG,3R/104MEDIA,2,Western_Leopard_Toad,0.8511,1887.1,1266.1,2048.1,1432.2
/srv/shared_leopard_toad/2024/18.11.2024/3R/104MEDIA/DSCF0721.JPG,DSCF0721.JPG,3R/104MEDIA,1,Small_Mammal,0.2925,1887.1,1266.1,2048.1,1432.2
/srv/shared_leopard_toad/2024/18.11.2024/3R/104MEDIA/DSCF0927.JPG,DSCF0927.JPG,3R/104MEDIA,2,Western_Leopard_Toad,0.4009,1886.6,1268.4,2050.9,1429.9
/srv/shared_leopard_toad/2024/18.11.2024/3R/104MEDIA/DSCF0927.JPG,DSCF0927.JPG,3R/104MEDIA,1,Small_Mammal,0.2449,1886.6,1268.4,2050.9,1429.9
/srv/shared_leopard_toad/2024/18.11.2024/3R/104MEDIA/DSCF0683.JPG,DSCF0683.JPG,3R/104MEDIA,2,Western_Leopard_Toad,0.6636,1883.9,1265.5,2040.1,1430.3
/srv/shared_leopard_toad/2024/18.11.2024/3R/104MEDIA/DSCF0683.JPG,DSCF0683.JPG,3R/104MEDIA,1,Small_Mammal,0.2832,1883.9,1265.5,2040.1,1430.3
/srv/shared_leopard_toad/2024/18.11.2024/3R/104MEDIA/DSCF0683.JPG,DSCF0683.JPG,3R/104MEDIA,0,Other_Amphibian,0.2559,1883.9,1265.5,2040.1,1430.3
/srv/shared_leopard_toad/2024/18.11.2024/3R/104MEDIA/DSCF0888.JPG,DSCF0888.JPG,3R/104MEDIA,2,Western_Leopard_Toad,0.5684,1885.2,1267.9,2047.8,1430.4
/srv/shared_leopard_toad/2024/18.11.2024/3R/104MEDIA/DSCF0888.JPG,DSCF0888.JPG,3R/104MEDIA,1,Small_Mammal,0.2556,1885.2,1267.9,2047.8,1430.4
/srv/shared_leopard_toad/2024/18.11.2024/3R/104MEDIA/DSCF0287.JPG,DSCF0287.JPG,3R/104MEDIA,0,Other_Amphibian,0.2085,1852.8,141.1,1945.2,211.0
/srv/shared_leopard_toad/2024/18.11.2024/3R/104MEDIA/DSCF0908.JPG,DSCF0908.JPG,3R/104MEDIA,2,Western_Leopard_Toad,0.3352,1886.2,1269.8,2049.0,1431.1
/srv/shared_leopard_toad/2024/18.11.2024/3R/104MEDIA/DSCF0908.JPG,DSCF0908.JPG,3R/104MEDIA,1,Small_Mammal,0.2104,1886.2,1269.8,2049.0,1431.1
/srv/shared_leopard_toad/2024/18.11.2024/3R/104MEDIA/DSCF0386.JPG,DSCF0386.JPG,3R/104MEDIA,0,Other_Amphibian,0.3337,1859.8,143.8,1947.2,212.8
/srv/shared_leopard_toad/2024/18.11.2024/3R/104MEDIA/DSCF0399.JPG,DSCF0399.JPG,3R/104MEDIA,0,Other_Amphibian,0.2793,1852.9,143.5,1945.1,211.8
/srv/shared_leopard_toad/2024/18.11.2024/3R/104MEDIA/DSCF0399.JPG,DSCF0399.JPG,3R/104MEDIA,0,Other_Amphibian,0.2617,1852.5,143.3,1945.5,212.0
/srv/shared_leopard_toad/2024/18.11.2024/3R/104MEDIA/DSCF0567.JPG,DSCF0567.JPG,3R/104MEDIA,2,Western_Leopard_Toad,0.2539,1881.5,1266.9,2042.5,1431.4
/srv/shared_leopard_toad/2024/18.11.2024/3R/104MEDIA/DSCF0872.JPG,DSCF0872.JPG,3R/104MEDIA,2,Western_Leopard_Toad,0.5972,1881.5,1267.4,2042.5,1430.9
/srv/shared_leopard_toad/2024/18.11.2024/3R/104MEDIA/DSCF0872.JPG,DSCF0872.JPG,3R/104MEDIA,1,Small_Mammal,0.2266,1881.5,1267.4,2042.5,1430.9
/srv/shared_leopard_toad/2024/18.11.2024/3R/104MEDIA/DSCF0892.JPG,DSCF0892.JPG,3R/104MEDIA,2,Western_Leopard_Toad,0.4878,1886.5,1269.0,2033.0,1431.8
/srv/shared_leopard_toad/2024/18.11.2024/3R/104MEDIA/DSCF0892.JPG,DSCF0892.JPG,3R/104MEDIA,0,Other_Amphibian,0.3152,1886.5,1269.0,2033.0,1431.8
/srv/shared_leopard_toad/2024/18.11.2024/3R/104MEDIA/DSCF0892.JPG,DSCF0892.JPG,3R/104MEDIA,1,Small_Mammal,0.2471,1886.5,1269.0,2033.0,1431.8
/srv/shared_leopard_toad/2024/18.11.2024/3R/104MEDIA/DSCF0900.JPG,DSCF0900.JPG,3R/104MEDIA,2,Western_Leopard_Toad,0.6294,1884.9,1267.6,2039.1,1430.7
/srv/shared_leopard_toad/2024/18.11.2024/3R/104MEDIA/DSCF0900.JPG,DSCF0900.JPG,3R/104MEDIA,1,Small_Mammal,0.2177,1884.9,1267.6,2039.1,1430.7
/srv/shared_leopard_toad/2024/18.11.2024/3R/104MEDIA/DSCF0768.JPG,DSCF0768.JPG,3R/104MEDIA,2,Western_Leopard_Toad,0.7720,1885.1,1267.4,2038.9,1430.9
/srv/shared_leopard_toad/2024/18.11.2024/3R/104MEDIA/DSCF0768.JPG,DSCF0768.JPG,3R/104MEDIA,0,Other_Amphibian,0.2776,1885.1,1267.4,2038.9,1430.9
/srv/shared_leopard_toad/2024/18.11.2024/3R/104MEDIA/DSCF0768.JPG,DSCF0768.JPG,3R/104MEDIA,1,Small_Mammal,0.2458,1885.1,1267.4,2038.9,1430.9
/srv/shared_leopard_toad/2024/18.11.2024/3R/104MEDIA/DSCF0335.JPG,DSCF0335.JPG,3R/104MEDIA,0,Other_Amphibian,0.3223,1852.1,143.0,1945.9,212.3
/srv/shared_leopard_toad/2024/18.11.2024/3R/104MEDIA/DSCF0335.JPG,DSCF0335.JPG,3R/104MEDIA,0,Other_Amphibian,0.2600,1851.3,142.7,1946.7,212.7
/srv/shared_leopard_toad/2024/18.11.2024/3R/104MEDIA/DSCF0877.JPG,DSCF0877.JPG,3R/104MEDIA,2,Western_Leopard_Toad,0.4207,1883.4,1265.3,2049.6,1430.5
/srv/shared_leopard_toad/2024/18.11.2024/3R/104MEDIA/DSCF0890.JPG,DSCF0890.JPG,3R/104MEDIA,2,Western_Leopard_Toad,0.5654,1888.3,1265.8,2035.7,1430.0
/srv/shared_leopard_toad/2024/18.11.2024/3R/104MEDIA/DSCF0890.JPG,DSCF0890.JPG,3R/104MEDIA,1,Small_Mammal,0.2280,1888.3,1265.8,2035.7,1430.0
/srv/shared_leopard_toad/2024/18.11.2024/3R/104MEDIA/DSCF0655.JPG,DSCF0655.JPG,3R/104MEDIA,2,Western_Leopard_Toad,0.2515,1882.4,1267.8,2041.6,1433.0
/srv/shared_leopard_toad/2024/18.11.2024/3R/104MEDIA/DSCF0750.JPG,DSCF0750.JPG,3R/104MEDIA,2,Western_Leopard_Toad,0.7988,1887.0,1266.5,2055.0,1429.3
/srv/shared_leopard_toad/2024/18.11.2024/3R/104MEDIA/DSCF0750.JPG,DSCF0750.JPG,3R/104MEDIA,1,Small_Mammal,0.2194,1887.0,1266.5,2055.0,1429.3
/srv/shared_leopard_toad/2024/18.11.2024/3R/104MEDIA/DSCF0669.JPG,DSCF0669.JPG,3R/104MEDIA,2,Western_Leopard_Toad,0.5908,1886.6,1268.3,2046.4,1432.5
/srv/shared_leopard_toad/2024/18.11.2024/3R/104MEDIA/DSCF0745.JPG,DSCF0745.JPG,3R/104MEDIA,2,Western_Leopard_Toad,0.7529,1882.7,1267.8,2041.3,1433.0
/srv/shared_leopard_toad/2024/18.11.2024/3R/104MEDIA/DSCF0745.JPG,DSCF0745.JPG,3R/104MEDIA,1,Small_Mammal,0.2179,1882.7,1267.8,2041.3,1433.0
/srv/shared_leopard_toad/2024/18.11.2024/3R/104MEDIA/DSCF0601.JPG,DSCF0601.JPG,3R/104MEDIA,2,Western_Leopard_Toad,0.3723,1884.2,1265.4,2057.8,1427.9
/srv/shared_leopard_toad/2024/18.11.2024/3R/104MEDIA/DSCF0601.JPG,DSCF0601.JPG,3R/104MEDIA,1,Small_Mammal,0.2356,1884.2,1265.4,2057.8,1427.9
/srv/shared_leopard_toad/2024/18.11.2024/3R/104MEDIA/DSCF0753.JPG,DSCF0753.JPG,3R/104MEDIA,2,Western_Leopard_Toad,0.7837,1884.4,1267.4,2039.6,1430.9
/srv/shared_leopard_toad/2024/18.11.2024/3R/104MEDIA/DSCF0753.JPG,DSCF0753.JPG,3R/104MEDIA,1,Small_Mammal,0.2388,1884.4,1267.4,2039.6,1430.9
/srv/shared_leopard_toad/2024/18.11.2024/3R/104MEDIA/DSCF0363.JPG,DSCF0363.JPG,3R/104MEDIA,0,Other_Amphibian,0.2235,1855.7,146.0,1946.8,213.1
/srv/shared_leopard_toad/2024/18.11.2024/3R/104MEDIA/DSCF0823.JPG,DSCF0823.JPG,3R/104MEDIA,2,Western_Leopard_Toad,0.4778,1885.2,1265.6,2047.8,1430.2
/srv/shared_leopard_toad/2024/18.11.2024/3R/104MEDIA/DSCF0823.JPG,DSCF0823.JPG,3R/104MEDIA,1,Small_Mammal,0.2306,1885.2,1265.6,2047.8,1430.2
/srv/shared_leopard_toad/2024/18.11.2024/3R/104MEDIA/DSCF0376.JPG,DSCF0376.JPG,3R/104MEDIA,0,Other_Amphibian,0.2415,1854.2,144.0,1943.8,210.7
/srv/shared_leopard_toad/2024/18.11.2024/3R/104MEDIA/DSCF0376.JPG,DSCF0376.JPG,3R/104MEDIA,0,Other_Amphibian,0.2181,1853.4,143.6,1944.6,211.1
/srv/shared_leopard_toad/2024/18.11.2024/3R/104MEDIA/DSCF0577.JPG,DSCF0577.JPG,3R/104MEDIA,2,Western_Leopard_Toad,0.6001,1882.8,1265.5,2041.2,1430.3
/srv/shared_leopard_toad/2024/18.11.2024/3R/104MEDIA/DSCF0577.JPG,DSCF0577.JPG,3R/104MEDIA,1,Small_Mammal,0.2386,1882.8,1265.5,2041.2,1430.3
/srv/shared_leopard_toad/2024/18.11.2024/3R/104MEDIA/DSCF0666.JPG,DSCF0666.JPG,3R/104MEDIA,2,Western_Leopard_Toad,0.5737,1885.7,1267.4,2047.3,1430.9
/srv/shared_leopard_toad/2024/18.11.2024/3R/104MEDIA/DSCF0666.JPG,DSCF0666.JPG,3R/104MEDIA,1,Small_Mammal,0.2905,1885.7,1267.4,2047.3,1430.9
/srv/shared_leopard_toad/2024/18.11.2024/3R/104MEDIA/DSCF0629.JPG,DSCF0629.JPG,3R/104MEDIA,2,Western_Leopard_Toad,0.2573,1880.6,1265.7,2043.4,1427.5
/srv/shared_leopard_toad/2024/18.11.2024/3R/104MEDIA/DSCF0675.JPG,DSCF0675.JPG,3R/104MEDIA,2,Western_Leopard_Toad,0.8164,1886.1,1267.2,2046.9,1431.1
/srv/shared_leopard_toad/2024/18.11.2024/3R/104MEDIA/DSCF0675.JPG,DSCF0675.JPG,3R/104MEDIA,1,Small_Mammal,0.3018,1886.1,1267.2,2046.9,1431.1
/srv/shared_leopard_toad/2024/18.11.2024/3R/104MEDIA/DSCF0675.JPG,DSCF0675.JPG,3R/104MEDIA,0,Other_Amphibian,0.2371,1886.1,1267.2,2046.9,1431.1
/srv/shared_leopard_toad/2024/18.11.2024/3R/104MEDIA/DSCF0635.JPG,DSCF0635.JPG,3R/104MEDIA,2,Western_Leopard_Toad,0.3354,1885.4,1266.3,2038.6,1432.1
/srv/shared_leopard_toad/2024/18.11.2024/3R/104MEDIA/DSCF0820.JPG,DSCF0820.JPG,3R/104MEDIA,2,Western_Leopard_Toad,0.4585,1885.1,1266.1,2050.2,1432.2
/srv/shared_leopard_toad/2024/18.11.2024/3R/104MEDIA/DSCF0820.JPG,DSCF0820.JPG,3R/104MEDIA,1,Small_Mammal,0.2161,1885.1,1266.1,2050.2,1432.2
/srv/shared_leopard_toad/2024/18.11.2024/3R/104MEDIA/DSCF0782.JPG,DSCF0782.JPG,3R/104MEDIA,2,Western_Leopard_Toad,0.3105,1884.0,1267.4,2051.2,1430.9
/srv/shared_leopard_toad/2024/18.11.2024/3R/104MEDIA/DSCF0907.JPG,DSCF0907.JPG,3R/104MEDIA,2,Western_Leopard_Toad,0.3762,1887.5,1269.7,2045.5,1431.2
/srv/shared_leopard_toad/2024/18.11.2024/3R/104MEDIA/DSCF0907.JPG,DSCF0907.JPG,3R/104MEDIA,1,Small_Mammal,0.2441,1887.5,1269.7,2045.5,1431.2
/srv/shared_leopard_toad/2024/18.11.2024/3R/104MEDIA/DSCF0885.JPG,DSCF0885.JPG,3R/104MEDIA,2,Western_Leopard_Toad,0.5068,1881.6,1265.5,2042.4,1430.3
/srv/shared_leopard_toad/2024/18.11.2024/3R/104MEDIA/DSCF0885.JPG,DSCF0885.JPG,3R/104MEDIA,1,Small_Mammal,0.2605,1881.6,1265.5,2042.4,1430.3
/srv/shared_leopard_toad/2024/18.11.2024/3R/104MEDIA/DSCF0211.JPG,DSCF0211.JPG,3R/104MEDIA,0,Other_Amphibian,0.2032,787.1,1629.7,856.5,1739.4
/srv/shared_leopard_toad/2024/18.11.2024/3R/104MEDIA/DSCF0621.JPG,DSCF0621.JPG,3R/104MEDIA,2,Western_Leopard_Toad,0.4421,1881.6,1266.9,2042.4,1431.4
/srv/shared_leopard_toad/2024/18.11.2024/3R/104MEDIA/DSCF0937.JPG,DSCF0937.JPG,3R/104MEDIA,2,Western_Leopard_Toad,0.5850,1886.8,1267.6,2037.2,1430.7
/srv/shared_leopard_toad/2024/18.11.2024/3R/104MEDIA/DSCF0937.JPG,DSCF0937.JPG,3R/104MEDIA,1,Small_Mammal,0.2568,1886.8,1267.6,2037.2,1430.7
/srv/shared_leopard_toad/2024/18.11.2024/3R/104MEDIA/DSCF0937.JPG,DSCF0937.JPG,3R/104MEDIA,0,Other_Amphibian,0.2212,1886.8,1267.6,2037.2,1430.7
/srv/shared_leopard_toad/2024/18.11.2024/3R/104MEDIA/DSCF0686.JPG,DSCF0686.JPG,3R/104MEDIA,2,Western_Leopard_Toad,0.8174,1885.1,1265.0,2043.4,1430.8
/srv/shared_leopard_toad/2024/18.11.2024/3R/104MEDIA/DSCF0686.JPG,DSCF0686.JPG,3R/104MEDIA,1,Small_Mammal,0.2460,1885.1,1265.0,2043.4,1430.8
/srv/shared_leopard_toad/2024/18.11.2024/3R/104MEDIA/DSCF0790.JPG,DSCF0790.JPG,3R/104MEDIA,2,Western_Leopard_Toad,0.7974,1883.5,1266.3,2040.5,1429.4
/srv/shared_leopard_toad/2024/18.11.2024/3R/104MEDIA/DSCF0790.JPG,DSCF0790.JPG,3R/104MEDIA,1,Small_Mammal,0.3250,1883.5,1266.3,2040.5,1429.4
/srv/shared_leopard_toad/2024/18.11.2024/3R/104MEDIA/DSCF0790.JPG,DSCF0790.JPG,3R/104MEDIA,0,Other_Amphibian,0.2386,1883.5,1266.3,2040.5,1429.4
/srv/shared_leopard_toad/2024/18.11.2024/3R/104MEDIA/DSCF0333.JPG,DSCF0333.JPG,3R/104MEDIA,0,Other_Amphibian,0.2325,1853.1,143.3,1944.9,211.4
/srv/shared_leopard_toad/2024/18.11.2024/3R/104MEDIA/DSCF0805.JPG,DSCF0805.JPG,3R/104MEDIA,2,Western_Leopard_Toad,0.4575,1886.6,1264.8,2046.4,1428.4
/srv/shared_leopard_toad/2024/18.11.2024/3R/104MEDIA/DSCF0387.JPG,DSCF0387.JPG,3R/104MEDIA,0,Other_Amphibian,0.2239,1853.4,145.9,1944.6,213.3
/srv/shared_leopard_toad/2024/18.11.2024/3R/104MEDIA/DSCF0387.JPG,DSCF0387.JPG,3R/104MEDIA,0,Other_Amphibian,0.2129,1852.9,145.9,1945.1,213.3
/srv/shared_leopard_toad/2024/18.11.2024/3R/104MEDIA/DSCF0962.JPG,DSCF0962.JPG,3R/104MEDIA,2,Western_Leopard_Toad,0.5518,1886.8,1268.1,2041.7,1430.2
/srv/shared_leopard_toad/2024/18.11.2024/3R/104MEDIA/DSCF0962.JPG,DSCF0962.JPG,3R/104MEDIA,1,Small_Mammal,0.3079,1886.8,1268.1,2041.7,1430.2
/srv/shared_leopard_toad/2024/18.11.2024/3R/104MEDIA/DSCF0962.JPG,DSCF0962.JPG,3R/104MEDIA,0,Other_Amphibian,0.2847,1886.8,1268.1,2041.7,1430.2
/srv/shared_leopard_toad/2024/18.11.2024/3R/104MEDIA/DSCF0867.JPG,DSCF0867.JPG,3R/104MEDIA,2,Western_Leopard_Toad,0.5737,1885.9,1266.8,2049.4,1429.0
/srv/shared_leopard_toad/2024/18.11.2024/3R/104MEDIA/DSCF0867.JPG,DSCF0867.JPG,3R/104MEDIA,1,Small_Mammal,0.2673,1885.9,1266.8,2049.4,1429.0
/srv/shared_leopard_toad/2024/18.11.2024/3R/104MEDIA/DSCF0874.JPG,DSCF0874.JPG,3R/104MEDIA,2,Western_Leopard_Toad,0.3655,1884.3,1266.9,2048.7,1431.4
/srv/shared_leopard_toad/2024/18.11.2024/3R/104MEDIA/DSCF0548.JPG,DSCF0548.JPG,3R/104MEDIA,2,Western_Leopard_Toad,0.3684,1883.9,1266.9,2022.1,1431.4
/srv/shared_leopard_toad/2024/18.11.2024/3R/104MEDIA/DSCF0786.JPG,DSCF0786.JPG,3R/104MEDIA,2,Western_Leopard_Toad,0.8369,1885.4,1266.3,2038.6,1429.4
/srv/shared_leopard_toad/2024/18.11.2024/3R/104MEDIA/DSCF0786.JPG,DSCF0786.JPG,3R/104MEDIA,1,Small_Mammal,0.2637,1885.4,1266.3,2038.6,1429.4
/srv/shared_leopard_toad/2024/18.11.2024/3R/104MEDIA/DSCF0786.JPG,DSCF0786.JPG,3R/104MEDIA,0,Other_Amphibian,0.2401,1885.4,1266.3,2038.6,1429.4
/srv/shared_leopard_toad/2024/18.11.2024/3R/104MEDIA/DSCF0660.JPG,DSCF0660.JPG,3R/104MEDIA,2,Western_Leopard_Toad,0.6733,1886.0,1268.7,2047.0,1432.1
/srv/shared_leopard_toad/2024/18.11.2024/3R/104MEDIA/DSCF0660.JPG,DSCF0660.JPG,3R/104MEDIA,1,Small_Mammal,0.3613,1886.0,1268.7,2047.0,1432.1
/srv/shared_leopard_toad/2024/18.11.2024/3R/104MEDIA/DSCF0660.JPG,DSCF0660.JPG,3R/104MEDIA,0,Other_Amphibian,0.2588,1886.0,1268.7,2047.0,1432.1
/srv/shared_leopard_toad/2024/18.11.2024/3R/104MEDIA/DSCF0942.JPG,DSCF0942.JPG,3R/104MEDIA,2,Western_Leopard_Toad,0.3452,1886.3,1267.8,2042.2,1430.6
/srv/shared_leopard_toad/2024/18.11.2024/3R/104MEDIA/DSCF0991.JPG,DSCF0991.JPG,3R/104MEDIA,1,Small_Mammal,0.3022,1887.5,1268.3,2054.5,1432.5
/srv/shared_leopard_toad/2024/18.11.2024/3R/104MEDIA/DSCF0991.JPG,DSCF0991.JPG,3R/104MEDIA,2,Western_Leopard_Toad,0.2759,1887.5,1268.3,2054.5,1432.5
/srv/shared_leopard_toad/2024/18.11.2024/3R/104MEDIA/DSCF0991.JPG,DSCF0991.JPG,3R/104MEDIA,0,Other_Amphibian,0.2213,1887.5,1268.3,2054.5,1432.5
/srv/shared_leopard_toad/2024/18.11.2024/3R/104MEDIA/DSCF0691.JPG,DSCF0691.JPG,3R/104MEDIA,2,Western_Leopard_Toad,0.4092,1884.2,1268.2,2048.8,1432.7
/srv/shared_leopard_toad/2024/18.11.2024/3R/104MEDIA/DSCF0742.JPG,DSCF0742.JPG,3R/104MEDIA,2,Western_Leopard_Toad,0.5679,1884.9,1268.4,2048.1,1429.9
/srv/shared_leopard_toad/2024/18.11.2024/3R/104MEDIA/DSCF0632.JPG,DSCF0632.JPG,3R/104MEDIA,2,Western_Leopard_Toad,0.3408,1883.2,1265.3,2031.8,1430.5
/srv/shared_leopard_toad/2024/18.11.2024/3R/104MEDIA/DSCF0841.JPG,DSCF0841.JPG,3R/104MEDIA,2,Western_Leopard_Toad,0.5371,1884.0,1267.4,2051.2,1430.9
/srv/shared_leopard_toad/2024/18.11.2024/3R/104MEDIA/DSCF0841.JPG,DSCF0841.JPG,3R/104MEDIA,1,Small_Mammal,0.2712,1884.0,1267.4,2051.2,1430.9
/srv/shared_leopard_toad/2024/18.11.2024/3R/104MEDIA/DSCF0391.JPG,DSCF0391.JPG,3R/104MEDIA,0,Other_Amphibian,0.3186,1854.8,145.5,1943.2,212.4
/srv/shared_leopard_toad/2024/18.11.2024/3R/104MEDIA/DSCF0391.JPG,DSCF0391.JPG,3R/104MEDIA,0,Other_Amphibian,0.2786,1853.3,145.1,1944.7,212.8
/srv/shared_leopard_toad/2024/18.11.2024/3R/104MEDIA/DSCF0706.JPG,DSCF0706.JPG,3R/104MEDIA,2,Western_Leopard_Toad,0.6816,1884.7,1266.7,2039.3,1431.6
/srv/shared_leopard_toad/2024/18.11.2024/3R/104MEDIA/DSCF0798.JPG,DSCF0798.JPG,3R/104MEDIA,2,Western_Leopard_Toad,0.7495,1884.8,1267.4,2030.2,1430.9
/srv/shared_leopard_toad/2024/18.11.2024/3R/104MEDIA/DSCF0798.JPG,DSCF0798.JPG,3R/104MEDIA,0,Other_Amphibian,0.2175,1884.8,1267.4,2030.2,1430.9
/srv/shared_leopard_toad/2024/18.11.2024/3R/104MEDIA/DSCF0798.JPG,DSCF0798.JPG,3R/104MEDIA,1,Small_Mammal,0.2175,1884.8,1267.4,2030.2,1430.9
/srv/shared_leopard_toad/2024/18.11.2024/3R/104MEDIA/DSCF0757.JPG,DSCF0757.JPG,3R/104MEDIA,2,Western_Leopard_Toad,0.8594,1886.3,1266.2,2048.9,1429.6
/srv/shared_leopard_toad/2024/18.11.2024/3R/104MEDIA/DSCF0757.JPG,DSCF0757.JPG,3R/104MEDIA,1,Small_Mammal,0.2566,1886.3,1266.2,2048.9,1429.6
/srv/shared_leopard_toad/2024/18.11.2024/3R/104MEDIA/DSCF0904.JPG,DSCF0904.JPG,3R/104MEDIA,2,Western_Leopard_Toad,0.4243,1886.4,1269.9,2051.1,1430.9
/srv/shared_leopard_toad/2024/18.11.2024/3R/104MEDIA/DSCF0904.JPG,DSCF0904.JPG,3R/104MEDIA,1,Small_Mammal,0.2344,1886.4,1269.9,2051.1,1430.9
/srv/shared_leopard_toad/2024/18.11.2024/3R/104MEDIA/DSCF0735.JPG,DSCF0735.JPG,3R/104MEDIA,2,Western_Leopard_Toad,0.3748,1883.7,1267.0,2053.8,1431.3
/srv/shared_leopard_toad/2024/18.11.2024/3R/104MEDIA/DSCF0613.JPG,DSCF0613.JPG,3R/104MEDIA,2,Western_Leopard_Toad,0.2986,1881.8,1266.4,2042.2,1431.9
/srv/shared_leopard_toad/2024/18.11.2024/3R/104MEDIA/DSCF0748.JPG,DSCF0748.JPG,3R/104MEDIA,2,Western_Leopard_Toad,0.7241,1883.6,1266.6,2040.4,1431.7
/srv/shared_leopard_toad/2024/18.11.2024/3R/104MEDIA/DSCF0748.JPG,DSCF0748.JPG,3R/104MEDIA,1,Small_Mammal,0.2274,1883.6,1266.6,2040.4,1431.7
/srv/shared_leopard_toad/2024/18.11.2024/3R/104MEDIA/DSCF0299.JPG,DSCF0299.JPG,3R/104MEDIA,0,Other_Amphibian,0.3938,1853.1,142.6,1944.9,213.4
/srv/shared_leopard_toad/2024/18.11.2024/3R/104MEDIA/DSCF0299.JPG,DSCF0299.JPG,3R/104MEDIA,0,Other_Amphibian,0.3738,1853.6,142.7,1944.4,213.3
/srv/shared_leopard_toad/2024/18.11.2024/3R/104MEDIA/DSCF0816.JPG,DSCF0816.JPG,3R/104MEDIA,2,Western_Leopard_Toad,0.4294,1884.7,1265.9,2057.3,1432.5
/srv/shared_leopard_toad/2024/18.11.2024/3R/104MEDIA/DSCF0816.JPG,DSCF0816.JPG,3R/104MEDIA,1,Small_Mammal,0.2065,1884.7,1265.9,2057.3,1432.5
/srv/shared_leopard_toad/2024/18.11.2024/3R/104MEDIA/DSCF0293.JPG,DSCF0293.JPG,3R/104MEDIA,0,Other_Amphibian,0.3252,1853.2,141.5,1944.8,211.9
/srv/shared_leopard_toad/2024/18.11.2024/3R/104MEDIA/DSCF0293.JPG,DSCF0293.JPG,3R/104MEDIA,0,Other_Amphibian,0.2842,1852.5,141.0,1945.5,212.4
/srv/shared_leopard_toad/2024/18.11.2024/3R/104MEDIA/DSCF0794.JPG,DSCF0794.JPG,3R/104MEDIA,2,Western_Leopard_Toad,0.5049,1883.5,1267.4,2040.5,1430.9
/srv/shared_leopard_toad/2024/18.11.2024/3R/104MEDIA/DSCF0794.JPG,DSCF0794.JPG,3R/104MEDIA,1,Small_Mammal,0.2039,1883.5,1267.4,2040.5,1430.9
/srv/shared_leopard_toad/2024/18.11.2024/3R/104MEDIA/DSCF0338.JPG,DSCF0338.JPG,3R/104MEDIA,0,Other_Amphibian,0.2172,1850.8,146.0,1947.2,213.7
/srv/shared_leopard_toad/2024/18.11.2024/3R/104MEDIA/DSCF0338.JPG,DSCF0338.JPG,3R/104MEDIA,0,Other_Amphibian,0.2026,1851.3,146.7,1946.7,214.3
/srv/shared_leopard_toad/2024/18.11.2024/3R/104MEDIA/DSCF0940.JPG,DSCF0940.JPG,3R/104MEDIA,2,Western_Leopard_Toad,0.3203,1887.3,1267.1,2048.0,1428.7
/srv/shared_leopard_toad/2024/18.11.2024/3R/104MEDIA/DSCF0902.JPG,DSCF0902.JPG,3R/104MEDIA,2,Western_Leopard_Toad,0.2944,1883.2,1269.0,2040.8,1431.8
/srv/shared_leopard_toad/2024/18.11.2024/3R/104MEDIA/DSCF0778.JPG,DSCF0778.JPG,3R/104MEDIA,2,Western_Leopard_Toad,0.4744,1886.5,1267.6,2048.8,1430.7
/srv/shared_leopard_toad/2024/18.11.2024/3R/104MEDIA/DSCF0778.JPG,DSCF0778.JPG,3R/104MEDIA,1,Small_Mammal,0.2162,1886.5,1267.6,2048.8,1430.7
/srv/shared_leopard_toad/2024/18.11.2024/3R/104MEDIA/DSCF0883.JPG,DSCF0883.JPG,3R/104MEDIA,2,Western_Leopard_Toad,0.6538,1884.0,1266.2,2044.5,1429.6
/srv/shared_leopard_toad/2024/18.11.2024/3R/104MEDIA/DSCF0883.JPG,DSCF0883.JPG,3R/104MEDIA,1,Small_Mammal,0.2603,1884.0,1266.2,2044.5,1429.6
/srv/shared_leopard_toad/2024/18.11.2024/3R/104MEDIA/DSCF0791.JPG,DSCF0791.JPG,3R/104MEDIA,2,Western_Leopard_Toad,0.5679,1885.0,1269.2,2052.5,1431.7
/srv/shared_leopard_toad/2024/18.11.2024/3R/104MEDIA/DSCF0791.JPG,DSCF0791.JPG,3R/104MEDIA,1,Small_Mammal,0.2534,1885.0,1269.2,2052.5,1431.7
/srv/shared_leopard_toad/2024/18.11.2024/3R/104MEDIA/DSCF0826.JPG,DSCF0826.JPG,3R/104MEDIA,2,Western_Leopard_Toad,0.7441,1884.2,1266.5,2044.3,1429.3
/srv/shared_leopard_toad/2024/18.11.2024/3R/104MEDIA/DSCF0826.JPG,DSCF0826.JPG,3R/104MEDIA,1,Small_Mammal,0.2800,1884.2,1266.5,2044.3,1429.3
/srv/shared_leopard_toad/2024/18.11.2024/3R/104MEDIA/DSCF0826.JPG,DSCF0826.JPG,3R/104MEDIA,0,Other_Amphibian,0.2130,1884.2,1266.5,2044.3,1429.3
/srv/shared_leopard_toad/2024/18.11.2024/3R/104MEDIA/DSCF0775.JPG,DSCF0775.JPG,3R/104MEDIA,2,Western_Leopard_Toad,0.5605,1883.7,1268.6,2049.3,1432.2
/srv/shared_leopard_toad/2024/18.11.2024/3R/104MEDIA/DSCF0775.JPG,DSCF0775.JPG,3R/104MEDIA,1,Small_Mammal,0.2035,1883.7,1268.6,2049.3,1432.2
/srv/shared_leopard_toad/2024/18.11.2024/3R/104MEDIA/DSCF0811.JPG,DSCF0811.JPG,3R/104MEDIA,2,Western_Leopard_Toad,0.5435,1886.1,1265.4,2055.9,1427.9
/srv/shared_leopard_toad/2024/18.11.2024/3R/104MEDIA/DSCF0811.JPG,DSCF0811.JPG,3R/104MEDIA,1,Small_Mammal,0.2612,1886.1,1265.4,2055.9,1427.9
/srv/shared_leopard_toad/2024/18.11.2024/3R/104MEDIA/DSCF0689.JPG,DSCF0689.JPG,3R/104MEDIA,2,Western_Leopard_Toad,0.5820,1884.3,1267.2,2050.9,1431.1
/srv/shared_leopard_toad/2024/18.11.2024/3R/104MEDIA/DSCF0689.JPG,DSCF0689.JPG,3R/104MEDIA,1,Small_Mammal,0.2493,1884.3,1267.2,2050.9,1431.1
/srv/shared_leopard_toad/2024/18.11.2024/3R/104MEDIA/DSCF0645.JPG,DSCF0645.JPG,3R/104MEDIA,2,Western_Leopard_Toad,0.9229,1889.4,1266.8,2034.6,1434.0
/srv/shared_leopard_toad/2024/18.11.2024/3R/104MEDIA/DSCF0327.JPG,DSCF0327.JPG,3R/104MEDIA,0,Other_Amphibian,0.5713,1854.7,142.9,1947.8,213.7
/srv/shared_leopard_toad/2024/18.11.2024/3R/104MEDIA/DSCF0327.JPG,DSCF0327.JPG,3R/104MEDIA,0,Other_Amphibian,0.2480,1853.9,142.9,1948.6,213.7
/srv/shared_leopard_toad/2024/18.11.2024/3R/104MEDIA/DSCF0727.JPG,DSCF0727.JPG,3R/104MEDIA,2,Western_Leopard_Toad,0.9004,1886.3,1265.5,2048.9,1430.3
/srv/shared_leopard_toad/2024/18.11.2024/3R/104MEDIA/DSCF0727.JPG,DSCF0727.JPG,3R/104MEDIA,1,Small_Mammal,0.2134,1886.3,1265.5,2048.9,1430.3
/srv/shared_leopard_toad/2024/18.11.2024/3R/104MEDIA/DSCF0909.JPG,DSCF0909.JPG,3R/104MEDIA,2,Western_Leopard_Toad,0.3596,1884.9,1268.1,2039.1,1430.2
/srv/shared_leopard_toad/2024/18.11.2024/3R/104MEDIA/DSCF0840.JPG,DSCF0840.JPG,3R/104MEDIA,2,Western_Leopard_Toad,0.7319,1885.4,1267.4,2049.8,1430.9
/srv/shared_leopard_toad/2024/18.11.2024/3R/104MEDIA/DSCF0840.JPG,DSCF0840.JPG,3R/104MEDIA,1,Small_Mammal,0.3550,1885.4,1267.4,2049.8,1430.9
/srv/shared_leopard_toad/2024/18.11.2024/3R/104MEDIA/DSCF0964.JPG,DSCF0964.JPG,3R/104MEDIA,2,Western_Leopard_Toad,0.5269,1886.9,1269.9,2037.1,1430.9
/srv/shared_leopard_toad/2024/18.11.2024/3R/104MEDIA/DSCF0964.JPG,DSCF0964.JPG,3R/104MEDIA,1,Small_Mammal,0.2522,1886.9,1269.9,2037.1,1430.9
/srv/shared_leopard_toad/2024/18.11.2024/3R/104MEDIA/DSCF0314.JPG,DSCF0314.JPG,3R/104MEDIA,0,Other_Amphibian,0.2886,1852.9,142.7,1945.1,212.0
/srv/shared_leopard_toad/2024/18.11.2024/3R/104MEDIA/DSCF0314.JPG,DSCF0314.JPG,3R/104MEDIA,0,Other_Amphibian,0.2313,1851.8,142.3,1946.2,212.4
/srv/shared_leopard_toad/2024/18.11.2024/3R/104MEDIA/DSCF0760.JPG,DSCF0760.JPG,3R/104MEDIA,2,Western_Leopard_Toad,0.6738,1886.1,1265.5,2049.2,1430.3
/srv/shared_leopard_toad/2024/18.11.2024/3R/104MEDIA/DSCF0760.JPG,DSCF0760.JPG,3R/104MEDIA,1,Small_Mammal,0.2451,1886.1,1265.5,2049.2,1430.3
/srv/shared_leopard_toad/2024/18.11.2024/3R/104MEDIA/DSCF0222.JPG,DSCF0222.JPG,3R/104MEDIA,0,Other_Amphibian,0.2113,110.3,1540.7,186.7,1631.0
/srv/shared_leopard_toad/2024/18.11.2024/3R/104MEDIA/DSCF0593.JPG,DSCF0593.JPG,3R/104MEDIA,2,Western_Leopard_Toad,0.2898,1884.2,1266.8,2051.1,1429.0
/srv/shared_leopard_toad/2024/18.11.2024/3R/104MEDIA/DSCF0903.JPG,DSCF0903.JPG,3R/104MEDIA,2,Western_Leopard_Toad,0.4429,1885.4,1267.2,2047.6,1431.1
/srv/shared_leopard_toad/2024/18.11.2024/3R/104MEDIA/DSCF0903.JPG,DSCF0903.JPG,3R/104MEDIA,1,Small_Mammal,0.2202,1885.4,1267.2,2047.6,1431.1
/srv/shared_leopard_toad/2024/18.11.2024/3R/104MEDIA/DSCF0889.JPG,DSCF0889.JPG,3R/104MEDIA,2,Western_Leopard_Toad,0.5767,1883.2,1266.1,2040.8,1429.7
/srv/shared_leopard_toad/2024/18.11.2024/3R/104MEDIA/DSCF0889.JPG,DSCF0889.JPG,3R/104MEDIA,1,Small_Mammal,0.2769,1883.2,1266.1,2040.8,1429.7
/srv/shared_leopard_toad/2024/18.11.2024/3R/104MEDIA/DSCF0724.JPG,DSCF0724.JPG,3R/104MEDIA,2,Western_Leopard_Toad,0.7959,1885.4,1266.9,2049.8,1431.4
/srv/shared_leopard_toad/2024/18.11.2024/3R/104MEDIA/DSCF0724.JPG,DSCF0724.JPG,3R/104MEDIA,1,Small_Mammal,0.2325,1885.4,1266.9,2049.8,1431.4
/srv/shared_leopard_toad/2024/18.11.2024/3R/104MEDIA/DSCF0619.JPG,DSCF0619.JPG,3R/104MEDIA,2,Western_Leopard_Toad,0.2698,1880.2,1266.3,2039.3,1432.1
/srv/shared_leopard_toad/2024/18.11.2024/3R/104MEDIA/DSCF0381.JPG,DSCF0381.JPG,3R/104MEDIA,0,Other_Amphibian,0.3179,1854.2,143.9,1943.8,212.0
/srv/shared_leopard_toad/2024/18.11.2024/3R/104MEDIA/DSCF0365.JPG,DSCF0365.JPG,3R/104MEDIA,0,Other_Amphibian,0.2034,1853.8,145.3,1944.2,210.6
/srv/shared_leopard_toad/2024/18.11.2024/3R/104MEDIA/DSCF0693.JPG,DSCF0693.JPG,3R/104MEDIA,2,Western_Leopard_Toad,0.4607,1885.9,1267.6,2047.1,1430.7
/srv/shared_leopard_toad/2024/18.11.2024/3R/104MEDIA/DSCF0693.JPG,DSCF0693.JPG,3R/104MEDIA,1,Small_Mammal,0.2391,1885.9,1267.6,2047.1,1430.7
/srv/shared_leopard_toad/2024/18.11.2024/3R/104MEDIA/DSCF0741.JPG,DSCF0741.JPG,3R/104MEDIA,2,Western_Leopard_Toad,0.8838,1887.5,1266.1,2045.5,1429.7
/srv/shared_leopard_toad/2024/18.11.2024/3R/104MEDIA/DSCF0741.JPG,DSCF0741.JPG,3R/104MEDIA,1,Small_Mammal,0.2351,1887.5,1266.1,2045.5,1429.7
/srv/shared_leopard_toad/2024/18.11.2024/3R/104MEDIA/DSCF0947.JPG,DSCF0947.JPG,3R/104MEDIA,2,Western_Leopard_Toad,0.4443,1887.2,1269.9,2036.8,1430.9
/srv/shared_leopard_toad/2024/18.11.2024/3R/104MEDIA/DSCF0947.JPG,DSCF0947.JPG,3R/104MEDIA,1,Small_Mammal,0.2175,1887.2,1269.9,2036.8,1430.9
/srv/shared_leopard_toad/2024/18.11.2024/3R/104MEDIA/DSCF0772.JPG,DSCF0772.JPG,3R/104MEDIA,2,Western_Leopard_Toad,0.6924,1882.8,1267.2,2041.2,1431.1
/srv/shared_leopard_toad/2024/18.11.2024/3R/104MEDIA/DSCF0772.JPG,DSCF0772.JPG,3R/104MEDIA,1,Small_Mammal,0.2471,1882.8,1267.2,2041.2,1431.1
/srv/shared_leopard_toad/2024/18.11.2024/3R/104MEDIA/DSCF0844.JPG,DSCF0844.JPG,3R/104MEDIA,2,Western_Leopard_Toad,0.7207,1884.8,1267.4,2052.7,1430.9
/srv/shared_leopard_toad/2024/18.11.2024/3R/104MEDIA/DSCF0844.JPG,DSCF0844.JPG,3R/104MEDIA,1,Small_Mammal,0.2524,1884.8,1267.4,2052.7,1430.9
/srv/shared_leopard_toad/2024/18.11.2024/3R/104MEDIA/DSCF0824.JPG,DSCF0824.JPG,3R/104MEDIA,2,Western_Leopard_Toad,0.7046,1885.7,1264.2,2042.8,1429.0
/srv/shared_leopard_toad/2024/18.11.2024/3R/104MEDIA/DSCF0886.JPG,DSCF0886.JPG,3R/104MEDIA,2,Western_Leopard_Toad,0.6509,1886.3,1268.1,2048.9,1430.2
/srv/shared_leopard_toad/2024/18.11.2024/3R/104MEDIA/DSCF0886.JPG,DSCF0886.JPG,3R/104MEDIA,1,Small_Mammal,0.2727,1886.3,1268.1,2048.9,1430.2
/srv/shared_leopard_toad/2024/18.11.2024/3R/104MEDIA/DSCF0773.JPG,DSCF0773.JPG,3R/104MEDIA,2,Western_Leopard_Toad,0.7402,1886.3,1267.6,2055.7,1430.7
/srv/shared_leopard_toad/2024/18.11.2024/3R/104MEDIA/DSCF0773.JPG,DSCF0773.JPG,3R/104MEDIA,1,Small_Mammal,0.2888,1886.3,1267.6,2055.7,1430.7
/srv/shared_leopard_toad/2024/18.11.2024/3R/104MEDIA/DSCF0849.JPG,DSCF0849.JPG,3R/104MEDIA,2,Western_Leopard_Toad,0.6660,1886.6,1266.1,2046.4,1429.7
/srv/shared_leopard_toad/2024/18.11.2024/3R/104MEDIA/DSCF0849.JPG,DSCF0849.JPG,3R/104MEDIA,1,Small_Mammal,0.3171,1886.6,1266.1,2046.4,1429.7
/srv/shared_leopard_toad/2024/18.11.2024/3R/104MEDIA/DSCF0916.JPG,DSCF0916.JPG,3R/104MEDIA,2,Western_Leopard_Toad,0.3147,1886.8,1268.1,2046.2,1430.2
/srv/shared_leopard_toad/2024/18.11.2024/3R/104MEDIA/DSCF0685.JPG,DSCF0685.JPG,3R/104MEDIA,2,Western_Leopard_Toad,0.7109,1886.2,1265.6,2037.8,1430.2
/srv/shared_leopard_toad/2024/18.11.2024/3R/104MEDIA/DSCF0685.JPG,DSCF0685.JPG,3R/104MEDIA,1,Small_Mammal,0.2184,1886.2,1265.6,2037.8,1430.2
/srv/shared_leopard_toad/2024/18.11.2024/3R/104MEDIA/DSCF0725.JPG,DSCF0725.JPG,3R/104MEDIA,2,Western_Leopard_Toad,0.8257,1884.9,1268.3,2050.3,1432.5
/srv/shared_leopard_toad/2024/18.11.2024/3R/104MEDIA/DSCF0725.JPG,DSCF0725.JPG,3R/104MEDIA,1,Small_Mammal,0.2268,1884.9,1268.3,2050.3,1432.5
/srv/shared_leopard_toad/2024/18.11.2024/3R/104MEDIA/DSCF0550.JPG,DSCF0550.JPG,3R/104MEDIA,2,Western_Leopard_Toad,0.2942,1886.0,1269.3,2029.0,1431.5
/srv/shared_leopard_toad/2024/18.11.2024/3R/104MEDIA/DSCF0633.JPG,DSCF0633.JPG,3R/104MEDIA,2,Western_Leopard_Toad,0.2869,1884.2,1266.1,2053.3,1429.7
/srv/shared_leopard_toad/2024/18.11.2024/3R/104MEDIA/DSCF0839.JPG,DSCF0839.JPG,3R/104MEDIA,2,Western_Leopard_Toad,0.7549,1886.1,1267.4,2049.2,1430.9
/srv/shared_leopard_toad/2024/18.11.2024/3R/104MEDIA/DSCF0839.JPG,DSCF0839.JPG,3R/104MEDIA,1,Small_Mammal,0.3345,1886.1,1267.4,2049.2,1430.9
/srv/shared_leopard_toad/2024/18.11.2024/3R/104MEDIA/DSCF0690.JPG,DSCF0690.JPG,3R/104MEDIA,2,Western_Leopard_Toad,0.8296,1886.6,1265.9,2055.4,1432.4
/srv/shared_leopard_toad/2024/18.11.2024/3R/104MEDIA/DSCF0690.JPG,DSCF0690.JPG,3R/104MEDIA,1,Small_Mammal,0.2502,1886.6,1265.9,2055.4,1432.4
/srv/shared_leopard_toad/2024/18.11.2024/3R/104MEDIA/DSCF0918.JPG,DSCF0918.JPG,3R/104MEDIA,1,Small_Mammal,0.2805,1887.5,1266.7,2054.5,1426.5
/srv/shared_leopard_toad/2024/18.11.2024/3R/104MEDIA/DSCF0918.JPG,DSCF0918.JPG,3R/104MEDIA,2,Western_Leopard_Toad,0.2690,1887.5,1266.7,2054.5,1426.5
/srv/shared_leopard_toad/2024/18.11.2024/3R/104MEDIA/DSCF0714.JPG,DSCF0714.JPG,3R/104MEDIA,2,Western_Leopard_Toad,0.5483,1886.3,1266.6,2055.7,1431.7
/srv/shared_leopard_toad/2024/18.11.2024/3R/104MEDIA/DSCF0714.JPG,DSCF0714.JPG,3R/104MEDIA,1,Small_Mammal,0.2607,1886.3,1266.6,2055.7,1431.7
/srv/shared_leopard_toad/2024/18.11.2024/3R/104MEDIA/DSCF0801.JPG,DSCF0801.JPG,3R/104MEDIA,2,Western_Leopard_Toad,0.5977,1886.3,1268.7,2046.7,1432.1
/srv/shared_leopard_toad/2024/18.11.2024/3R/104MEDIA/DSCF0801.JPG,DSCF0801.JPG,3R/104MEDIA,1,Small_Mammal,0.2637,1886.3,1268.7,2046.7,1432.1
/srv/shared_leopard_toad/2024/18.11.2024/3R/104MEDIA/DSCF0545.JPG,DSCF0545.JPG,3R/104MEDIA,2,Western_Leopard_Toad,0.3032,1887.2,1268.4,2027.8,1429.9
/srv/shared_leopard_toad/2024/18.11.2024/3R/104MEDIA/DSCF0377.JPG,DSCF0377.JPG,3R/104MEDIA,0,Other_Amphibian,0.5107,1857.2,143.5,1945.3,212.5
/srv/shared_leopard_toad/2024/18.11.2024/3R/104MEDIA/DSCF0377.JPG,DSCF0377.JPG,3R/104MEDIA,0,Other_Amphibian,0.4333,1853.9,143.0,1944.1,212.3
/srv/shared_leopard_toad/2024/18.11.2024/3R/104MEDIA/DSCF0705.JPG,DSCF0705.JPG,3R/104MEDIA,2,Western_Leopard_Toad,0.7241,1886.8,1266.1,2046.2,1429.7
/srv/shared_leopard_toad/2024/18.11.2024/3R/104MEDIA/DSCF0705.JPG,DSCF0705.JPG,3R/104MEDIA,1,Small_Mammal,0.2949,1886.8,1266.1,2046.2,1429.7
/srv/shared_leopard_toad/2024/18.11.2024/3R/104MEDIA/DSCF0705.JPG,DSCF0705.JPG,3R/104MEDIA,0,Other_Amphibian,0.2363,1886.8,1266.1,2046.2,1429.7
/srv/shared_leopard_toad/2024/18.11.2024/3R/104MEDIA/DSCF0813.JPG,DSCF0813.JPG,3R/104MEDIA,2,Western_Leopard_Toad,0.5034,1885.7,1267.4,2047.3,1430.9
/srv/shared_leopard_toad/2024/18.11.2024/3R/104MEDIA/DSCF0813.JPG,DSCF0813.JPG,3R/104MEDIA,1,Small_Mammal,0.2218,1885.7,1267.4,2047.3,1430.9
/srv/shared_leopard_toad/2024/18.11.2024/3R/104MEDIA/DSCF0830.JPG,DSCF0830.JPG,3R/104MEDIA,2,Western_Leopard_Toad,0.7031,1884.7,1265.6,2057.3,1430.2
/srv/shared_leopard_toad/2024/18.11.2024/3R/104MEDIA/DSCF0830.JPG,DSCF0830.JPG,3R/104MEDIA,1,Small_Mammal,0.3000,1884.7,1265.6,2057.3,1430.2
/srv/shared_leopard_toad/2024/18.11.2024/3R/104MEDIA/DSCF0319.JPG,DSCF0319.JPG,3R/104MEDIA,0,Other_Amphibian,0.2084,1853.6,142.5,1944.4,212.8
/srv/shared_leopard_toad/2024/18.11.2024/3R/104MEDIA/DSCF0319.JPG,DSCF0319.JPG,3R/104MEDIA,0,Other_Amphibian,0.2034,108.1,1531.2,184.9,1632.8
/srv/shared_leopard_toad/2024/18.11.2024/3R/104MEDIA/DSCF0643.JPG,DSCF0643.JPG,3R/104MEDIA,2,Western_Leopard_Toad,0.4185,1882.6,1265.2,2036.9,1430.6
/srv/shared_leopard_toad/2024/18.11.2024/3R/104MEDIA/DSCF0643.JPG,DSCF0643.JPG,3R/104MEDIA,1,Small_Mammal,0.2292,1882.6,1265.2,2036.9,1430.6
/srv/shared_leopard_toad/2024/18.11.2024/3R/104MEDIA/DSCF0323.JPG,DSCF0323.JPG,3R/104MEDIA,0,Other_Amphibian,0.3362,1854.2,145.0,1943.8,213.5
/srv/shared_leopard_toad/2024/18.11.2024/3R/104MEDIA/DSCF0323.JPG,DSCF0323.JPG,3R/104MEDIA,0,Other_Amphibian,0.2391,1852.9,144.8,1945.1,213.7
/srv/shared_leopard_toad/2024/18.11.2024/3R/104MEDIA/DSCF0876.JPG,DSCF0876.JPG,3R/104MEDIA,2,Western_Leopard_Toad,0.5986,1885.1,1266.9,2047.9,1431.4
/srv/shared_leopard_toad/2024/18.11.2024/3R/104MEDIA/DSCF0876.JPG,DSCF0876.JPG,3R/104MEDIA,1,Small_Mammal,0.2474,1885.1,1266.9,2047.9,1431.4
/srv/shared_leopard_toad/2024/18.11.2024/3R/104MEDIA/DSCF0277.JPG,DSCF0277.JPG,3R/104MEDIA,0,Other_Amphibian,0.3350,1850.4,137.8,1947.6,210.5
/srv/shared_leopard_toad/2024/18.11.2024/3R/104MEDIA/DSCF0277.JPG,DSCF0277.JPG,3R/104MEDIA,0,Other_Amphibian,0.2913,1850.4,136.7,1947.6,210.4
/srv/shared_leopard_toad/2024/18.11.2024/3R/104MEDIA/DSCF0747.JPG,DSCF0747.JPG,3R/104MEDIA,2,Western_Leopard_Toad,0.5532,1885.2,1267.4,2047.8,1430.9
/srv/shared_leopard_toad/2024/18.11.2024/3R/104MEDIA/DSCF0747.JPG,DSCF0747.JPG,3R/104MEDIA,1,Small_Mammal,0.2428,1885.2,1267.4,2047.8,1430.9
/srv/shared_leopard_toad/2024/18.11.2024/3R/104MEDIA/DSCF0692.JPG,DSCF0692.JPG,3R/104MEDIA,2,Western_Leopard_Toad,0.2944,1884.0,1266.1,2040.0,1429.7
/srv/shared_leopard_toad/2024/18.11.2024/3R/104MEDIA/DSCF0542.JPG,DSCF0542.JPG,3R/104MEDIA,2,Western_Leopard_Toad,0.3528,1886.7,1267.6,2028.3,1430.7
/srv/shared_leopard_toad/2024/18.11.2024/3R/104MEDIA/DSCF0708.JPG,DSCF0708.JPG,3R/104MEDIA,2,Western_Leopard_Toad,0.8101,1885.1,1268.2,2050.2,1432.7
/srv/shared_leopard_toad/2024/18.11.2024/3R/104MEDIA/DSCF0708.JPG,DSCF0708.JPG,3R/104MEDIA,1,Small_Mammal,0.2394,1885.1,1268.2,2050.2,1432.7
/srv/shared_leopard_toad/2024/18.11.2024/3R/104MEDIA/DSCF0846.JPG,DSCF0846.JPG,3R/104MEDIA,2,Western_Leopard_Toad,0.5093,1884.8,1268.1,2050.5,1430.2
/srv/shared_leopard_toad/2024/18.11.2024/3R/104MEDIA/DSCF0846.JPG,DSCF0846.JPG,3R/104MEDIA,1,Small_Mammal,0.2490,1884.8,1268.1,2050.5,1430.2
/srv/shared_leopard_toad/2024/18.11.2024/3R/104MEDIA/DSCF0961.JPG,DSCF0961.JPG,3R/104MEDIA,2,Western_Leopard_Toad,0.5498,1887.4,1268.2,2047.9,1430.1
/srv/shared_leopard_toad/2024/18.11.2024/3R/104MEDIA/DSCF0961.JPG,DSCF0961.JPG,3R/104MEDIA,1,Small_Mammal,0.3306,1887.4,1268.2,2047.9,1430.1
/srv/shared_leopard_toad/2024/18.11.2024/3R/104MEDIA/DSCF0961.JPG,DSCF0961.JPG,3R/104MEDIA,0,Other_Amphibian,0.2335,1887.4,1268.2,2047.9,1430.1
/srv/shared_leopard_toad/2024/18.11.2024/3R/104MEDIA/DSCF0804.JPG,DSCF0804.JPG,3R/104MEDIA,2,Western_Leopard_Toad,0.6230,1884.7,1266.6,2043.8,1431.7
/srv/shared_leopard_toad/2024/18.11.2024/3R/104MEDIA/DSCF0804.JPG,DSCF0804.JPG,3R/104MEDIA,1,Small_Mammal,0.2175,1884.7,1266.6,2043.8,1431.7
/srv/shared_leopard_toad/2024/18.11.2024/3R/104MEDIA/DSCF0825.JPG,DSCF0825.JPG,3R/104MEDIA,2,Western_Leopard_Toad,0.5288,1885.5,1265.5,2043.0,1430.3
/srv/shared_leopard_toad/2024/18.11.2024/3R/104MEDIA/DSCF0825.JPG,DSCF0825.JPG,3R/104MEDIA,1,Small_Mammal,0.2438,1885.5,1265.5,2043.0,1430.3
/srv/shared_leopard_toad/2024/18.11.2024/3R/104MEDIA/DSCF0915.JPG,DSCF0915.JPG,3R/104MEDIA,2,Western_Leopard_Toad,0.5605,1887.4,1267.9,2047.9,1430.4
/srv/shared_leopard_toad/2024/18.11.2024/3R/104MEDIA/DSCF0915.JPG,DSCF0915.JPG,3R/104MEDIA,1,Small_Mammal,0.2394,1887.4,1267.9,2047.9,1430.4
/srv/shared_leopard_toad/2024/18.11.2024/3R/104MEDIA/DSCF0398.JPG,DSCF0398.JPG,3R/104MEDIA,0,Other_Amphibian,0.4160,1859.4,144.4,1947.6,212.8
/srv/shared_leopard_toad/2024/18.11.2024/3R/104MEDIA/DSCF0398.JPG,DSCF0398.JPG,3R/104MEDIA,0,Other_Amphibian,0.2595,1856.2,144.4,1946.3,212.8
/srv/shared_leopard_toad/2024/18.11.2024/3R/104MEDIA/DSCF0618.JPG,DSCF0618.JPG,3R/104MEDIA,2,Western_Leopard_Toad,0.3015,1883.0,1268.7,2054.5,1432.1
/srv/shared_leopard_toad/2024/18.11.2024/3R/104MEDIA/DSCF0584.JPG,DSCF0584.JPG,3R/104MEDIA,2,Western_Leopard_Toad,0.3127,1883.0,1266.3,2045.5,1429.4
/srv/shared_leopard_toad/2024/18.11.2024/3R/104MEDIA/DSCF0586.JPG,DSCF0586.JPG,3R/104MEDIA,2,Western_Leopard_Toad,0.3770,1882.5,1268.5,2037.0,1432.4
/srv/shared_leopard_toad/2024/18.11.2024/3R/104MEDIA/DSCF0349.JPG,DSCF0349.JPG,3R/104MEDIA,0,Other_Amphibian,0.2595,1853.2,145.9,1944.8,211.9
/srv/shared_leopard_toad/2024/18.11.2024/3R/104MEDIA/DSCF0349.JPG,DSCF0349.JPG,3R/104MEDIA,0,Other_Amphibian,0.2281,1852.2,145.7,1945.8,212.2
/srv/shared_leopard_toad/2024/18.11.2024/3R/104MEDIA/DSCF0828.JPG,DSCF0828.JPG,3R/104MEDIA,2,Western_Leopard_Toad,0.4741,1884.9,1267.2,2043.6,1431.1
/srv/shared_leopard_toad/2024/18.11.2024/3R/104MEDIA/DSCF0828.JPG,DSCF0828.JPG,3R/104MEDIA,1,Small_Mammal,0.2037,1884.9,1267.2,2043.6,1431.1
/srv/shared_leopard_toad/2024/18.11.2024/3R/104MEDIA/DSCF0695.JPG,DSCF0695.JPG,3R/104MEDIA,2,Western_Leopard_Toad,0.5757,1886.1,1267.4,2055.9,1430.9
/srv/shared_leopard_toad/2024/18.11.2024/3R/104MEDIA/DSCF0695.JPG,DSCF0695.JPG,3R/104MEDIA,1,Small_Mammal,0.2306,1886.1,1267.4,2055.9,1430.9
/srv/shared_leopard_toad/2024/18.11.2024/3R/104MEDIA/DSCF0764.JPG,DSCF0764.JPG,3R/104MEDIA,2,Western_Leopard_Toad,0.8296,1883.7,1268.2,2040.3,1430.1
/srv/shared_leopard_toad/2024/18.11.2024/3R/104MEDIA/DSCF0764.JPG,DSCF0764.JPG,3R/104MEDIA,1,Small_Mammal,0.2644,1883.7,1268.2,2040.3,1430.1
/srv/shared_leopard_toad/2024/18.11.2024/3R/104MEDIA/DSCF0764.JPG,DSCF0764.JPG,3R/104MEDIA,0,Other_Amphibian,0.2095,1883.7,1268.2,2040.3,1430.1
/srv/shared_leopard_toad/2024/18.11.2024/3R/104MEDIA/DSCF0953.JPG,DSCF0953.JPG,3R/104MEDIA,2,Western_Leopard_Toad,0.4666,1887.3,1268.5,2041.2,1429.8
/srv/shared_leopard_toad/2024/18.11.2024/3R/104MEDIA/DSCF0953.JPG,DSCF0953.JPG,3R/104MEDIA,1,Small_Mammal,0.2695,1887.3,1268.5,2041.2,1429.8
/srv/shared_leopard_toad/2024/18.11.2024/3R/104MEDIA/DSCF0953.JPG,DSCF0953.JPG,3R/104MEDIA,0,Other_Amphibian,0.2217,1887.3,1268.5,2041.2,1429.8
/srv/shared_leopard_toad/2024/18.11.2024/3R/104MEDIA/DSCF0657.JPG,DSCF0657.JPG,3R/104MEDIA,2,Western_Leopard_Toad,0.5435,1881.9,1266.8,2042.1,1434.0
/srv/shared_leopard_toad/2024/18.11.2024/3R/104MEDIA/DSCF0657.JPG,DSCF0657.JPG,3R/104MEDIA,1,Small_Mammal,0.2034,1881.9,1266.8,2042.1,1434.0
/srv/shared_leopard_toad/2024/18.11.2024/3R/104MEDIA/DSCF0587.JPG,DSCF0587.JPG,3R/104MEDIA,2,Western_Leopard_Toad,0.3003,1882.7,1268.2,2041.3,1432.7
/srv/shared_leopard_toad/2024/18.11.2024/3R/104MEDIA/DSCF0711.JPG,DSCF0711.JPG,3R/104MEDIA,2,Western_Leopard_Toad,0.6309,1883.2,1266.6,2040.8,1431.7
/srv/shared_leopard_toad/2024/18.11.2024/3R/104MEDIA/DSCF0283.JPG,DSCF0283.JPG,3R/104MEDIA,0,Other_Amphibian,0.2761,1853.1,140.5,1944.9,211.7
/srv/shared_leopard_toad/2024/18.11.2024/3R/104MEDIA/DSCF0283.JPG,DSCF0283.JPG,3R/104MEDIA,0,Other_Amphibian,0.2739,1852.8,139.4,1945.2,211.5
/srv/shared_leopard_toad/2024/18.11.2024/3R/104MEDIA/DSCF0869.JPG,DSCF0869.JPG,3R/104MEDIA,2,Western_Leopard_Toad,0.5986,1884.7,1269.2,2050.6,1431.7
/srv/shared_leopard_toad/2024/18.11.2024/3R/104MEDIA/DSCF0869.JPG,DSCF0869.JPG,3R/104MEDIA,1,Small_Mammal,0.2578,1884.7,1269.2,2050.6,1431.7
/srv/shared_leopard_toad/2024/18.11.2024/3R/104MEDIA/DSCF0710.JPG,DSCF0710.JPG,3R/104MEDIA,2,Western_Leopard_Toad,0.7021,1883.7,1265.9,2044.8,1432.4
/srv/shared_leopard_toad/2024/18.11.2024/3R/104MEDIA/DSCF0710.JPG,DSCF0710.JPG,3R/104MEDIA,1,Small_Mammal,0.2410,1883.7,1265.9,2044.8,1432.4
/srv/shared_leopard_toad/2024/18.11.2024/3R/104MEDIA/DSCF0863.JPG,DSCF0863.JPG,3R/104MEDIA,2,Western_Leopard_Toad,0.5479,1885.4,1266.7,2047.6,1431.6
/srv/shared_leopard_toad/2024/18.11.2024/3R/104MEDIA/DSCF0863.JPG,DSCF0863.JPG,3R/104MEDIA,1,Small_Mammal,0.2800,1885.4,1266.7,2047.6,1431.6
/srv/shared_leopard_toad/2024/18.11.2024/3R/104MEDIA/DSCF0850.JPG,DSCF0850.JPG,3R/104MEDIA,2,Western_Leopard_Toad,0.5449,1882.1,1268.3,2041.9,1432.5
/srv/shared_leopard_toad/2024/18.11.2024/3R/104MEDIA/DSCF0850.JPG,DSCF0850.JPG,3R/104MEDIA,1,Small_Mammal,0.2108,1882.1,1268.3,2041.9,1432.5
/srv/shared_leopard_toad/2024/18.11.2024/3R/104MEDIA/DSCF0389.JPG,DSCF0389.JPG,3R/104MEDIA,0,Other_Amphibian,0.2230,1853.5,145.7,1944.5,212.8
/srv/shared_leopard_toad/2024/18.11.2024/3R/104MEDIA/DSCF0395.JPG,DSCF0395.JPG,3R/104MEDIA,0,Other_Amphibian,0.3286,1859.5,145.7,1947.5,214.0
/srv/shared_leopard_toad/2024/18.11.2024/3R/104MEDIA/DSCF0395.JPG,DSCF0395.JPG,3R/104MEDIA,0,Other_Amphibian,0.2534,1854.0,146.2,1944.0,214.2
/srv/shared_leopard_toad/2024/18.11.2024/3R/104MEDIA/DSCF0785.JPG,DSCF0785.JPG,3R/104MEDIA,2,Western_Leopard_Toad,0.3098,1882.5,1269.4,2050.5,1434.0
/srv/shared_leopard_toad/2024/18.11.2024/3R/104MEDIA/DSCF0999.JPG,DSCF0999.JPG,3R/104MEDIA,2,Western_Leopard_Toad,0.2847,1884.9,1268.8,2048.1,1434.6
/srv/shared_leopard_toad/2024/18.11.2024/3R/104MEDIA/DSCF0999.JPG,DSCF0999.JPG,3R/104MEDIA,1,Small_Mammal,0.2673,1884.9,1268.8,2048.1,1434.6
/srv/shared_leopard_toad/2024/18.11.2024/3R/104MEDIA/DSCF0687.JPG,DSCF0687.JPG,3R/104MEDIA,2,Western_Leopard_Toad,0.4646,1886.0,1268.5,2047.0,1432.4
/srv/shared_leopard_toad/2024/18.11.2024/3R/104MEDIA/DSCF0687.JPG,DSCF0687.JPG,3R/104MEDIA,1,Small_Mammal,0.2388,1886.0,1268.5,2047.0,1432.4
/srv/shared_leopard_toad/2024/18.11.2024/3R/104MEDIA/DSCF0894.JPG,DSCF0894.JPG,3R/104MEDIA,2,Western_Leopard_Toad,0.3911,1885.4,1267.8,2047.6,1430.6
/srv/shared_leopard_toad/2024/18.11.2024/3R/104MEDIA/DSCF0894.JPG,DSCF0894.JPG,3R/104MEDIA,1,Small_Mammal,0.2366,1885.4,1267.8,2047.6,1430.6
/srv/shared_leopard_toad/2024/18.11.2024/3R/104MEDIA/DSCF0370.JPG,DSCF0370.JPG,3R/104MEDIA,0,Other_Amphibian,0.3018,1854.0,144.0,1944.0,210.0
/srv/shared_leopard_toad/2024/18.11.2024/3R/104MEDIA/DSCF0370.JPG,DSCF0370.JPG,3R/104MEDIA,0,Other_Amphibian,0.2534,1853.2,143.0,1944.8,210.4
/srv/shared_leopard_toad/2024/18.11.2024/3R/104MEDIA/DSCF0289.JPG,DSCF0289.JPG,3R/104MEDIA,0,Other_Amphibian,0.2379,1848.6,143.1,1944.9,214.1
/srv/shared_leopard_toad/2024/18.11.2024/3R/104MEDIA/DSCF0718.JPG,DSCF0718.JPG,3R/104MEDIA,2,Western_Leopard_Toad,0.5596,1886.6,1268.5,2037.4,1432.4
/srv/shared_leopard_toad/2024/18.11.2024/3R/104MEDIA/DSCF0718.JPG,DSCF0718.JPG,3R/104MEDIA,1,Small_Mammal,0.2152,1886.6,1268.5,2037.4,1432.4
/srv/shared_leopard_toad/2024/18.11.2024/3R/104MEDIA/DSCF0726.JPG,DSCF0726.JPG,3R/104MEDIA,2,Western_Leopard_Toad,0.7534,1884.9,1265.3,2050.3,1430.5
/srv/shared_leopard_toad/2024/18.11.2024/3R/104MEDIA/DSCF0726.JPG,DSCF0726.JPG,3R/104MEDIA,1,Small_Mammal,0.2502,1884.9,1265.3,2050.3,1430.5
/srv/shared_leopard_toad/2024/18.11.2024/3R/104MEDIA/DSCF0783.JPG,DSCF0783.JPG,3R/104MEDIA,2,Western_Leopard_Toad,0.3984,1884.5,1267.6,2050.7,1430.7
/srv/shared_leopard_toad/2024/18.11.2024/3R/104MEDIA/DSCF0857.JPG,DSCF0857.JPG,3R/104MEDIA,2,Western_Leopard_Toad,0.6450,1886.0,1267.8,2047.0,1430.6
/srv/shared_leopard_toad/2024/18.11.2024/3R/104MEDIA/DSCF0857.JPG,DSCF0857.JPG,3R/104MEDIA,1,Small_Mammal,0.2622,1886.0,1267.8,2047.0,1430.6
/srv/shared_leopard_toad/2024/18.11.2024/3R/104MEDIA/DSCF0703.JPG,DSCF0703.JPG,3R/104MEDIA,2,Western_Leopard_Toad,0.7207,1885.7,1265.6,2049.5,1430.2
/srv/shared_leopard_toad/2024/18.11.2024/3R/104MEDIA/DSCF0703.JPG,DSCF0703.JPG,3R/104MEDIA,1,Small_Mammal,0.2576,1885.7,1265.6,2049.5,1430.2
/srv/shared_leopard_toad/2024/18.11.2024/3R/104MEDIA/DSCF0779.JPG,DSCF0779.JPG,3R/104MEDIA,2,Western_Leopard_Toad,0.8579,1885.9,1266.9,2047.1,1431.4
/srv/shared_leopard_toad/2024/18.11.2024/3R/104MEDIA/DSCF0779.JPG,DSCF0779.JPG,3R/104MEDIA,1,Small_Mammal,0.2737,1885.9,1266.9,2047.1,1431.4
/srv/shared_leopard_toad/2024/18.11.2024/3R/104MEDIA/DSCF0881.JPG,DSCF0881.JPG,3R/104MEDIA,2,Western_Leopard_Toad,0.7056,1884.0,1267.4,2051.2,1430.9
/srv/shared_leopard_toad/2024/18.11.2024/3R/104MEDIA/DSCF0881.JPG,DSCF0881.JPG,3R/104MEDIA,1,Small_Mammal,0.2681,1884.0,1267.4,2051.2,1430.9
/srv/shared_leopard_toad/2024/18.11.2024/3R/104MEDIA/DSCF0958.JPG,DSCF0958.JPG,3R/104MEDIA,2,Western_Leopard_Toad,0.5063,1885.9,1269.2,2038.1,1431.7
/srv/shared_leopard_toad/2024/18.11.2024/3R/104MEDIA/DSCF0958.JPG,DSCF0958.JPG,3R/104MEDIA,0,Other_Amphibian,0.2871,1885.9,1269.2,2038.1,1431.7
/srv/shared_leopard_toad/2024/18.11.2024/3R/104MEDIA/DSCF0958.JPG,DSCF0958.JPG,3R/104MEDIA,1,Small_Mammal,0.2600,1885.9,1269.2,2038.1,1431.7
/srv/shared_leopard_toad/2024/18.11.2024/3R/104MEDIA/DSCF0375.JPG,DSCF0375.JPG,3R/104MEDIA,0,Other_Amphibian,0.4133,1858.9,140.8,1948.1,211.4
/srv/shared_leopard_toad/2024/18.11.2024/3R/104MEDIA/DSCF0929.JPG,DSCF0929.JPG,3R/104MEDIA,2,Western_Leopard_Toad,0.6138,1888.5,1266.9,2044.5,1431.4
/srv/shared_leopard_toad/2024/18.11.2024/3R/104MEDIA/DSCF0929.JPG,DSCF0929.JPG,3R/104MEDIA,1,Small_Mammal,0.2507,1888.5,1266.9,2044.5,1431.4
/srv/shared_leopard_toad/2024/18.11.2024/3R/104MEDIA/DSCF0337.JPG,DSCF0337.JPG,3R/104MEDIA,0,Other_Amphibian,0.3081,1852.9,144.1,1945.1,213.7
/srv/shared_leopard_toad/2024/18.11.2024/3R/104MEDIA/DSCF0337.JPG,DSCF0337.JPG,3R/104MEDIA,0,Other_Amphibian,0.2812,1852.1,143.6,1945.9,213.6
/srv/shared_leopard_toad/2024/18.11.2024/3R/104MEDIA/DSCF0316.JPG,DSCF0316.JPG,3R/104MEDIA,0,Other_Amphibian,0.5059,1856.2,145.6,1946.3,212.2
/srv/shared_leopard_toad/2024/18.11.2024/3R/104MEDIA/DSCF0316.JPG,DSCF0316.JPG,3R/104MEDIA,0,Other_Amphibian,0.3921,1855.3,145.9,1947.2,212.6
/srv/shared_leopard_toad/2024/18.11.2024/3R/104MEDIA/DSCF0654.JPG,DSCF0654.JPG,3R/104MEDIA,2,Western_Leopard_Toad,0.4846,1883.7,1265.9,2044.8,1432.4
/srv/shared_leopard_toad/2024/18.11.2024/3R/104MEDIA/DSCF0654.JPG,DSCF0654.JPG,3R/104MEDIA,1,Small_Mammal,0.2058,1883.7,1265.9,2044.8,1432.4
/srv/shared_leopard_toad/2024/18.11.2024/3R/104MEDIA/DSCF0887.JPG,DSCF0887.JPG,3R/104MEDIA,2,Western_Leopard_Toad,0.2856,1884.2,1266.8,2051.1,1429.0
/srv/shared_leopard_toad/2024/18.11.2024/3R/104MEDIA/DSCF0521.JPG,DSCF0521.JPG,3R/104MEDIA,0,Other_Amphibian,0.2379,2012.3,637.2,2109.7,757.5
/srv/shared_leopard_toad/2024/18.11.2024/3R/104MEDIA/DSCF0954.JPG,DSCF0954.JPG,3R/104MEDIA,1,Small_Mammal,0.2023,1886.2,1266.4,2049.0,1426.8
/srv/shared_leopard_toad/2024/18.11.2024/3R/104MEDIA/DSCF0799.JPG,DSCF0799.JPG,3R/104MEDIA,0,Other_Amphibian,0.5293,4135.4,-4.1,4239.1,36.1
/srv/shared_leopard_toad/2024/18.11.2024/3R/104MEDIA/DSCF0799.JPG,DSCF0799.JPG,3R/104MEDIA,2,Western_Leopard_Toad,0.3052,1884.0,1266.8,2049.0,1429.0
/srv/shared_leopard_toad/2024/18.11.2024/3R/104MEDIA/DSCF0355.JPG,DSCF0355.JPG,3R/104MEDIA,0,Other_Amphibian,0.3931,1859.7,144.3,1947.3,212.9
/srv/shared_leopard_toad/2024/18.11.2024/3R/104MEDIA/DSCF0355.JPG,DSCF0355.JPG,3R/104MEDIA,0,Other_Amphibian,0.2325,1856.5,144.1,1946.0,213.2
/srv/shared_leopard_toad/2024/18.11.2024/3R/104MEDIA/DSCF0682.JPG,DSCF0682.JPG,3R/104MEDIA,2,Western_Leopard_Toad,0.6943,1885.1,1263.3,2038.9,1429.9
/srv/shared_leopard_toad/2024/18.11.2024/3R/104MEDIA/DSCF0682.JPG,DSCF0682.JPG,3R/104MEDIA,1,Small_Mammal,0.2269,1885.1,1263.3,2038.9,1429.9
/srv/shared_leopard_toad/2024/18.11.2024/3R/104MEDIA/DSCF0682.JPG,DSCF0682.JPG,3R/104MEDIA,0,Other_Amphibian,0.2040,1885.1,1263.3,2038.9,1429.9
/srv/shared_leopard_toad/2024/18.11.2024/3R/104MEDIA/DSCF0285.JPG,DSCF0285.JPG,3R/104MEDIA,0,Other_Amphibian,0.3225,1853.2,140.8,1944.8,213.3
/srv/shared_leopard_toad/2024/18.11.2024/3R/104MEDIA/DSCF0285.JPG,DSCF0285.JPG,3R/104MEDIA,0,Other_Amphibian,0.2935,1852.6,139.4,1945.4,212.8
/srv/shared_leopard_toad/2024/18.11.2024/3R/104MEDIA/DSCF0787.JPG,DSCF0787.JPG,3R/104MEDIA,2,Western_Leopard_Toad,0.3760,1882.9,1267.8,2052.4,1430.6
/srv/shared_leopard_toad/2024/18.11.2024/3R/104MEDIA/DSCF0787.JPG,DSCF0787.JPG,3R/104MEDIA,1,Small_Mammal,0.2177,1882.9,1267.8,2052.4,1430.6
/srv/shared_leopard_toad/2024/18.11.2024/3R/104MEDIA/DSCF0756.JPG,DSCF0756.JPG,3R/104MEDIA,2,Western_Leopard_Toad,0.7148,1881.6,1267.8,2042.4,1430.6
/srv/shared_leopard_toad/2024/18.11.2024/3R/104MEDIA/DSCF0756.JPG,DSCF0756.JPG,3R/104MEDIA,1,Small_Mammal,0.2449,1881.6,1267.8,2042.4,1430.6
/srv/shared_leopard_toad/2024/18.11.2024/3R/104MEDIA/DSCF0756.JPG,DSCF0756.JPG,3R/104MEDIA,0,Other_Amphibian,0.2023,1881.6,1267.8,2042.4,1430.6
/srv/shared_leopard_toad/2024/18.11.2024/3R/104MEDIA/DSCF0281.JPG,DSCF0281.JPG,3R/104MEDIA,0,Other_Amphibian,0.2114,1847.8,142.3,1943.5,212.4
/srv/shared_leopard_toad/2024/18.11.2024/3R/104MEDIA/DSCF0281.JPG,DSCF0281.JPG,3R/104MEDIA,0,Other_Amphibian,0.2043,1849.4,143.1,1944.1,212.3
/srv/shared_leopard_toad/2024/18.11.2024/3R/104MEDIA/DSCF0674.JPG,DSCF0674.JPG,3R/104MEDIA,2,Western_Leopard_Toad,0.4194,1883.5,1264.7,2051.7,1431.1
/srv/shared_leopard_toad/2024/18.11.2024/3R/104MEDIA/DSCF0674.JPG,DSCF0674.JPG,3R/104MEDIA,1,Small_Mammal,0.2023,1883.5,1264.7,2051.7,1431.1
/srv/shared_leopard_toad/2024/18.11.2024/3R/104MEDIA/DSCF0597.JPG,DSCF0597.JPG,3R/104MEDIA,2,Western_Leopard_Toad,0.6240,1881.3,1268.1,2033.7,1430.2
/srv/shared_leopard_toad/2024/18.11.2024/3R/104MEDIA/DSCF0597.JPG,DSCF0597.JPG,3R/104MEDIA,1,Small_Mammal,0.2134,1881.3,1268.1,2033.7,1430.2
/srv/shared_leopard_toad/2024/18.11.2024/3R/104MEDIA/DSCF0715.JPG,DSCF0715.JPG,3R/104MEDIA,2,Western_Leopard_Toad,0.8447,1882.3,1268.3,2041.7,1432.5
/srv/shared_leopard_toad/2024/18.11.2024/3R/104MEDIA/DSCF0364.JPG,DSCF0364.JPG,3R/104MEDIA,0,Other_Amphibian,0.4685,1857.6,141.1,1949.4,211.7
/srv/shared_leopard_toad/2024/18.11.2024/3R/104MEDIA/DSCF0673.JPG,DSCF0673.JPG,3R/104MEDIA,2,Western_Leopard_Toad,0.5708,1883.1,1266.9,2040.9,1431.4
/srv/shared_leopard_toad/2024/18.11.2024/3R/104MEDIA/DSCF0673.JPG,DSCF0673.JPG,3R/104MEDIA,1,Small_Mammal,0.2367,1883.1,1266.9,2040.9,1431.4
/srv/shared_leopard_toad/2024/18.11.2024/3R/104MEDIA/DSCF0810.JPG,DSCF0810.JPG,3R/104MEDIA,2,Western_Leopard_Toad,0.6782,1883.0,1265.6,2041.0,1430.2
/srv/shared_leopard_toad/2024/18.11.2024/3R/104MEDIA/DSCF0810.JPG,DSCF0810.JPG,3R/104MEDIA,1,Small_Mammal,0.2224,1883.0,1265.6,2041.0,1430.2
/srv/shared_leopard_toad/2024/18.11.2024/3R/104MEDIA/DSCF0814.JPG,DSCF0814.JPG,3R/104MEDIA,2,Western_Leopard_Toad,0.4705,1883.7,1266.0,2058.3,1427.3
/srv/shared_leopard_toad/2024/18.11.2024/3R/104MEDIA/DSCF0814.JPG,DSCF0814.JPG,3R/104MEDIA,1,Small_Mammal,0.3093,1883.7,1266.0,2058.3,1427.3
/srv/shared_leopard_toad/2024/18.11.2024/3R/104MEDIA/DSCF0698.JPG,DSCF0698.JPG,3R/104MEDIA,2,Western_Leopard_Toad,0.8481,1887.3,1266.1,2045.7,1429.7
/srv/shared_leopard_toad/2024/18.11.2024/3R/104MEDIA/DSCF0698.JPG,DSCF0698.JPG,3R/104MEDIA,1,Small_Mammal,0.2776,1887.3,1266.1,2045.7,1429.7
/srv/shared_leopard_toad/2024/18.11.2024/3R/104MEDIA/DSCF0698.JPG,DSCF0698.JPG,3R/104MEDIA,0,Other_Amphibian,0.2028,1887.3,1266.1,2045.7,1429.7
/srv/shared_leopard_toad/2024/18.11.2024/3R/104MEDIA/DSCF0737.JPG,DSCF0737.JPG,3R/104MEDIA,2,Western_Leopard_Toad,0.7554,1885.7,1265.7,2047.3,1432.6
/srv/shared_leopard_toad/2024/18.11.2024/3R/104MEDIA/DSCF0737.JPG,DSCF0737.JPG,3R/104MEDIA,1,Small_Mammal,0.2081,1885.7,1265.7,2047.3,1432.6
/srv/shared_leopard_toad/2024/18.11.2024/3R/104MEDIA/DSCF0749.JPG,DSCF0749.JPG,3R/104MEDIA,2,Western_Leopard_Toad,0.6094,1885.5,1267.2,2047.5,1431.1
/srv/shared_leopard_toad/2024/18.11.2024/3R/104MEDIA/DSCF0749.JPG,DSCF0749.JPG,3R/104MEDIA,1,Small_Mammal,0.2661,1885.5,1267.2,2047.5,1431.1
/srv/shared_leopard_toad/2024/18.11.2024/3R/104MEDIA/DSCF0684.JPG,DSCF0684.JPG,3R/104MEDIA,2,Western_Leopard_Toad,0.7671,1887.1,1264.2,2041.4,1429.0
/srv/shared_leopard_toad/2024/18.11.2024/3R/104MEDIA/DSCF0684.JPG,DSCF0684.JPG,3R/104MEDIA,1,Small_Mammal,0.2362,1887.1,1264.2,2041.4,1429.0
/srv/shared_leopard_toad/2024/18.11.2024/3R/104MEDIA/DSCF0546.JPG,DSCF0546.JPG,3R/104MEDIA,2,Western_Leopard_Toad,0.4946,1886.3,1268.8,2028.7,1429.5
/srv/shared_leopard_toad/2024/18.11.2024/3R/104MEDIA/DSCF0296.JPG,DSCF0296.JPG,3R/104MEDIA,0,Other_Amphibian,0.2576,1849.0,144.8,1942.3,213.1
/srv/shared_leopard_toad/2024/18.11.2024/3R/104MEDIA/DSCF0296.JPG,DSCF0296.JPG,3R/104MEDIA,0,Other_Amphibian,0.2413,1850.4,144.5,1943.1,212.7
/srv/shared_leopard_toad/2024/18.11.2024/3R/104MEDIA/DSCF0743.JPG,DSCF0743.JPG,3R/104MEDIA,2,Western_Leopard_Toad,0.6025,1885.0,1267.2,2052.5,1431.1
/srv/shared_leopard_toad/2024/18.11.2024/3R/104MEDIA/DSCF0743.JPG,DSCF0743.JPG,3R/104MEDIA,1,Small_Mammal,0.2534,1885.0,1267.2,2052.5,1431.1
/srv/shared_leopard_toad/2024/18.11.2024/3R/104MEDIA/DSCF0694.JPG,DSCF0694.JPG,3R/104MEDIA,2,Western_Leopard_Toad,0.7651,1883.6,1267.7,2040.4,1433.2
/srv/shared_leopard_toad/2024/18.11.2024/3R/104MEDIA/DSCF0694.JPG,DSCF0694.JPG,3R/104MEDIA,1,Small_Mammal,0.2095,1883.6,1267.7,2040.4,1433.2
/srv/shared_leopard_toad/2024/18.11.2024/3R/104MEDIA/DSCF0969.JPG,DSCF0969.JPG,3R/104MEDIA,2,Western_Leopard_Toad,0.3345,1884.8,1268.7,2050.5,1432.1
/srv/shared_leopard_toad/2024/18.11.2024/3R/104MEDIA/DSCF0969.JPG,DSCF0969.JPG,3R/104MEDIA,1,Small_Mammal,0.2152,1884.8,1268.7,2050.5,1432.1
/srv/shared_leopard_toad/2024/18.11.2024/3R/104MEDIA/DSCF0598.JPG,DSCF0598.JPG,3R/104MEDIA,2,Western_Leopard_Toad,0.3484,1884.4,1266.1,2048.6,1429.7
/srv/shared_leopard_toad/2024/18.11.2024/3R/104MEDIA/DSCF0905.JPG,DSCF0905.JPG,3R/104MEDIA,2,Western_Leopard_Toad,0.4282,1885.1,1268.7,2038.9,1429.6
/srv/shared_leopard_toad/2024/18.11.2024/3R/104MEDIA/DSCF0905.JPG,DSCF0905.JPG,3R/104MEDIA,1,Small_Mammal,0.2163,1885.1,1268.7,2038.9,1429.6
/srv/shared_leopard_toad/2024/18.11.2024/3R/104MEDIA/DSCF0960.JPG,DSCF0960.JPG,3R/104MEDIA,2,Western_Leopard_Toad,0.3872,1887.3,1266.3,2045.7,1429.4
/srv/shared_leopard_toad/2024/18.11.2024/3R/104MEDIA/DSCF0960.JPG,DSCF0960.JPG,3R/104MEDIA,1,Small_Mammal,0.3203,1887.3,1266.3,2045.7,1429.4
/srv/shared_leopard_toad/2024/18.11.2024/3R/104MEDIA/DSCF0770.JPG,DSCF0770.JPG,3R/104MEDIA,2,Western_Leopard_Toad,0.8047,1886.8,1266.1,2037.2,1429.7
/srv/shared_leopard_toad/2024/18.11.2024/3R/104MEDIA/DSCF0770.JPG,DSCF0770.JPG,3R/104MEDIA,1,Small_Mammal,0.2798,1886.8,1266.1,2037.2,1429.7
/srv/shared_leopard_toad/2024/18.11.2024/3R/104MEDIA/DSCF0770.JPG,DSCF0770.JPG,3R/104MEDIA,0,Other_Amphibian,0.2225,1886.8,1266.1,2037.2,1429.7
/srv/shared_leopard_toad/2024/18.11.2024/3R/104MEDIA/DSCF0291.JPG,DSCF0291.JPG,3R/104MEDIA,0,Other_Amphibian,0.2690,1851.8,142.2,1946.2,209.9
/srv/shared_leopard_toad/2024/18.11.2024/3R/104MEDIA/DSCF0397.JPG,DSCF0397.JPG,3R/104MEDIA,0,Other_Amphibian,0.3630,1860.0,143.0,1947.0,211.1
/srv/shared_leopard_toad/2024/18.11.2024/3R/104MEDIA/DSCF0397.JPG,DSCF0397.JPG,3R/104MEDIA,0,Other_Amphibian,0.2847,1859.6,142.3,1947.4,211.1
/srv/shared_leopard_toad/2024/18.11.2024/3R/104MEDIA/DSCF0334.JPG,DSCF0334.JPG,3R/104MEDIA,0,Other_Amphibian,0.2891,1857.3,142.7,1945.2,210.7
/srv/shared_leopard_toad/2024/18.11.2024/3R/104MEDIA/DSCF0815.JPG,DSCF0815.JPG,3R/104MEDIA,2,Western_Leopard_Toad,0.8003,1886.1,1266.4,2046.9,1431.9
/srv/shared_leopard_toad/2024/18.11.2024/3R/104MEDIA/DSCF0815.JPG,DSCF0815.JPG,3R/104MEDIA,1,Small_Mammal,0.2803,1886.1,1266.4,2046.9,1431.9
/srv/shared_leopard_toad/2024/18.11.2024/3R/104MEDIA/DSCF0696.JPG,DSCF0696.JPG,3R/104MEDIA,2,Western_Leopard_Toad,0.4475,1884.8,1268.6,2050.5,1432.2
/srv/shared_leopard_toad/2024/18.11.2024/3R/104MEDIA/DSCF0696.JPG,DSCF0696.JPG,3R/104MEDIA,1,Small_Mammal,0.2096,1884.8,1268.6,2050.5,1432.2
/srv/shared_leopard_toad/2024/18.11.2024/3R/104MEDIA/DSCF0946.JPG,DSCF0946.JPG,3R/104MEDIA,2,Western_Leopard_Toad,0.8652,1888.0,1257.3,2040.5,1428.3
/srv/shared_leopard_toad/2024/18.11.2024/3R/104MEDIA/DSCF0946.JPG,DSCF0946.JPG,3R/104MEDIA,1,Small_Mammal,0.2793,1888.0,1257.3,2040.5,1428.3
/srv/shared_leopard_toad/2024/18.11.2024/3R/104MEDIA/DSCF0946.JPG,DSCF0946.JPG,3R/104MEDIA,0,Other_Amphibian,0.2549,1888.0,1257.3,2040.5,1428.3
/srv/shared_leopard_toad/2024/18.11.2024/3R/104MEDIA/DSCF0569.JPG,DSCF0569.JPG,3R/104MEDIA,2,Western_Leopard_Toad,0.4402,1886.2,1264.8,2037.8,1428.4
/srv/shared_leopard_toad/2024/18.11.2024/3R/104MEDIA/DSCF0733.JPG,DSCF0733.JPG,3R/104MEDIA,2,Western_Leopard_Toad,0.6753,1884.3,1266.4,2039.7,1431.9
/srv/shared_leopard_toad/2024/18.11.2024/3R/104MEDIA/DSCF0733.JPG,DSCF0733.JPG,3R/104MEDIA,1,Small_Mammal,0.2106,1884.3,1266.4,2039.7,1431.9
/srv/shared_leopard_toad/2024/18.11.2024/3R/104MEDIA/DSCF0831.JPG,DSCF0831.JPG,3R/104MEDIA,2,Western_Leopard_Toad,0.5630,1884.9,1267.9,2048.1,1430.4
/srv/shared_leopard_toad/2024/18.11.2024/3R/104MEDIA/DSCF0831.JPG,DSCF0831.JPG,3R/104MEDIA,1,Small_Mammal,0.2578,1884.9,1267.9,2048.1,1430.4
/srv/shared_leopard_toad/2024/18.11.2024/3R/104MEDIA/DSCF0276.JPG,DSCF0276.JPG,3R/104MEDIA,0,Other_Amphibian,0.3435,1851.9,143.1,1946.1,210.4
/srv/shared_leopard_toad/2024/18.11.2024/3R/104MEDIA/DSCF0276.JPG,DSCF0276.JPG,3R/104MEDIA,0,Other_Amphibian,0.2700,1851.2,142.8,1946.8,210.7
/srv/shared_leopard_toad/2024/18.11.2024/3R/104MEDIA/DSCF0771.JPG,DSCF0771.JPG,3R/104MEDIA,2,Western_Leopard_Toad,0.5161,1885.9,1266.9,2047.1,1431.4
/srv/shared_leopard_toad/2024/18.11.2024/3R/104MEDIA/DSCF0771.JPG,DSCF0771.JPG,3R/104MEDIA,1,Small_Mammal,0.2368,1885.9,1266.9,2047.1,1431.4
/srv/shared_leopard_toad/2024/18.11.2024/3R/104MEDIA/DSCF0977.JPG,DSCF0977.JPG,3R/104MEDIA,2,Western_Leopard_Toad,0.3252,1885.1,1271.6,2038.9,1431.7
/srv/shared_leopard_toad/2024/18.11.2024/3R/104MEDIA/DSCF0977.JPG,DSCF0977.JPG,3R/104MEDIA,1,Small_Mammal,0.2255,1885.1,1271.6,2038.9,1431.7
/srv/shared_leopard_toad/2024/18.11.2024/3R/104MEDIA/DSCF0977.JPG,DSCF0977.JPG,3R/104MEDIA,0,Other_Amphibian,0.2186,1885.1,1271.6,2038.9,1431.7
/srv/shared_leopard_toad/2024/18.11.2024/3R/104MEDIA/DSCF0806.JPG,DSCF0806.JPG,3R/104MEDIA,2,Western_Leopard_Toad,0.7046,1885.4,1265.2,2043.1,1430.6
/srv/shared_leopard_toad/2024/18.11.2024/3R/104MEDIA/DSCF0806.JPG,DSCF0806.JPG,3R/104MEDIA,1,Small_Mammal,0.2242,1885.4,1265.2,2043.1,1430.6
/srv/shared_leopard_toad/2024/18.11.2024/3R/104MEDIA/DSCF0552.JPG,DSCF0552.JPG,3R/104MEDIA,2,Western_Leopard_Toad,0.4954,1887.2,1267.9,2027.8,1430.4
/srv/shared_leopard_toad/2024/18.11.2024/3R/104MEDIA/DSCF0818.JPG,DSCF0818.JPG,3R/104MEDIA,2,Western_Leopard_Toad,0.4744,1883.0,1266.7,2041.0,1429.1
/srv/shared_leopard_toad/2024/18.11.2024/3R/104MEDIA/DSCF0452.JPG,DSCF0452.JPG,3R/104MEDIA,0,Other_Amphibian,0.3452,2122.8,704.0,2206.2,828.7
/srv/shared_leopard_toad/2024/18.11.2024/3R/104MEDIA/DSCF0952.JPG,DSCF0952.JPG,3R/104MEDIA,2,Western_Leopard_Toad,0.5137,1887.9,1269.2,2036.1,1431.7
/srv/shared_leopard_toad/2024/18.11.2024/3R/104MEDIA/DSCF0952.JPG,DSCF0952.JPG,3R/104MEDIA,1,Small_Mammal,0.2371,1887.9,1269.2,2036.1,1431.7
/srv/shared_leopard_toad/2024/18.11.2024/3R/104MEDIA/DSCF0382.JPG,DSCF0382.JPG,3R/104MEDIA,0,Other_Amphibian,0.2220,1853.1,145.3,1944.9,209.4
/srv/shared_leopard_toad/2024/18.11.2024/3R/104MEDIA/DSCF0797.JPG,DSCF0797.JPG,3R/104MEDIA,2,Western_Leopard_Toad,0.6572,1882.7,1267.2,2041.3,1431.1
/srv/shared_leopard_toad/2024/18.11.2024/3R/104MEDIA/DSCF0797.JPG,DSCF0797.JPG,3R/104MEDIA,1,Small_Mammal,0.2249,1882.7,1267.2,2041.3,1431.1
/srv/shared_leopard_toad/2024/18.11.2024/3R/104MEDIA/DSCF0665.JPG,DSCF0665.JPG,3R/104MEDIA,2,Western_Leopard_Toad,0.4131,1881.5,1268.0,2042.5,1432.8
/srv/shared_leopard_toad/2024/18.11.2024/3R/104MEDIA/DSCF0630.JPG,DSCF0630.JPG,3R/104MEDIA,2,Western_Leopard_Toad,0.2820,1881.8,1268.5,2033.2,1432.4
/srv/shared_leopard_toad/2024/18.11.2024/3R/104MEDIA/DSCF0776.JPG,DSCF0776.JPG,3R/104MEDIA,2,Western_Leopard_Toad,0.5811,1883.7,1267.4,2040.3,1430.9
/srv/shared_leopard_toad/2024/18.11.2024/3R/104MEDIA/DSCF0957.JPG,DSCF0957.JPG,3R/104MEDIA,2,Western_Leopard_Toad,0.5938,1886.1,1269.2,2037.9,1431.7
/srv/shared_leopard_toad/2024/18.11.2024/3R/104MEDIA/DSCF0957.JPG,DSCF0957.JPG,3R/104MEDIA,1,Small_Mammal,0.2812,1886.1,1269.2,2037.9,1431.7
/srv/shared_leopard_toad/2024/18.11.2024/3R/104MEDIA/DSCF0957.JPG,DSCF0957.JPG,3R/104MEDIA,0,Other_Amphibian,0.2012,1886.1,1269.2,2037.9,1431.7
/srv/shared_leopard_toad/2024/18.11.2024/3R/104MEDIA/DSCF0766.JPG,DSCF0766.JPG,3R/104MEDIA,2,Western_Leopard_Toad,0.4788,1886.1,1266.7,2046.9,1431.6
/srv/shared_leopard_toad/2024/18.11.2024/3R/104MEDIA/DSCF0766.JPG,DSCF0766.JPG,3R/104MEDIA,1,Small_Mammal,0.2208,1886.1,1266.7,2046.9,1431.6
/srv/shared_leopard_toad/2024/18.11.2024/3R/104MEDIA/DSCF0313.JPG,DSCF0313.JPG,3R/104MEDIA,0,Other_Amphibian,0.2896,1852.5,144.5,1945.5,212.1
/srv/shared_leopard_toad/2024/18.11.2024/3R/104MEDIA/DSCF0313.JPG,DSCF0313.JPG,3R/104MEDIA,0,Other_Amphibian,0.2815,1852.1,144.5,1945.9,212.8
/srv/shared_leopard_toad/2024/18.11.2024/3R/104MEDIA/DSCF0297.JPG,DSCF0297.JPG,3R/104MEDIA,0,Other_Amphibian,0.2598,1854.0,145.0,1944.0,212.2
/srv/shared_leopard_toad/2024/18.11.2024/3R/104MEDIA/DSCF0297.JPG,DSCF0297.JPG,3R/104MEDIA,0,Other_Amphibian,0.2230,1853.1,144.3,1944.9,212.2
/srv/shared_leopard_toad/2024/18.11.2024/3R/104MEDIA/DSCF0719.JPG,DSCF0719.JPG,3R/104MEDIA,2,Western_Leopard_Toad,0.7881,1885.9,1268.3,2038.1,1432.5
/srv/shared_leopard_toad/2024/18.11.2024/3R/104MEDIA/DSCF0719.JPG,DSCF0719.JPG,3R/104MEDIA,1,Small_Mammal,0.2123,1885.9,1268.3,2038.1,1432.5
/srv/shared_leopard_toad/2024/18.11.2024/3R/104MEDIA/DSCF0897.JPG,DSCF0897.JPG,3R/104MEDIA,2,Western_Leopard_Toad,0.4053,1884.7,1269.2,2039.3,1431.7
/srv/shared_leopard_toad/2024/18.11.2024/3R/104MEDIA/DSCF0897.JPG,DSCF0897.JPG,3R/104MEDIA,1,Small_Mammal,0.2089,1884.7,1269.2,2039.3,1431.7
/srv/shared_leopard_toad/2024/18.11.2024/3R/104MEDIA/DSCF0352.JPG,DSCF0352.JPG,3R/104MEDIA,0,Other_Amphibian,0.2817,1852.3,144.1,1945.7,213.7
/srv/shared_leopard_toad/2024/18.11.2024/3R/104MEDIA/DSCF0352.JPG,DSCF0352.JPG,3R/104MEDIA,0,Other_Amphibian,0.2179,1851.5,143.8,1946.5,214.0
/srv/shared_leopard_toad/2024/18.11.2024/3R/104MEDIA/DSCF0879.JPG,DSCF0879.JPG,3R/104MEDIA,2,Western_Leopard_Toad,0.5181,1886.3,1264.9,2046.7,1428.3
/srv/shared_leopard_toad/2024/18.11.2024/3R/104MEDIA/DSCF0879.JPG,DSCF0879.JPG,3R/104MEDIA,1,Small_Mammal,0.2244,1886.3,1264.9,2046.7,1428.3
/srv/shared_leopard_toad/2024/18.11.2024/3R/104MEDIA/DSCF0646.JPG,DSCF0646.JPG,3R/104MEDIA,2,Western_Leopard_Toad,0.3843,1884.2,1266.1,2044.3,1429.7
/srv/shared_leopard_toad/2024/18.11.2024/3R/104MEDIA/DSCF0646.JPG,DSCF0646.JPG,3R/104MEDIA,1,Small_Mammal,0.2167,1884.2,1266.1,2044.3,1429.7
/srv/shared_leopard_toad/2024/18.11.2024/3R/104MEDIA/DSCF0859.JPG,DSCF0859.JPG,3R/104MEDIA,2,Western_Leopard_Toad,0.7529,1884.3,1266.2,2050.9,1429.6
/srv/shared_leopard_toad/2024/18.11.2024/3R/104MEDIA/DSCF0859.JPG,DSCF0859.JPG,3R/104MEDIA,1,Small_Mammal,0.2881,1884.3,1266.2,2050.9,1429.6
/srv/shared_leopard_toad/2024/18.11.2024/3R/104MEDIA/DSCF0547.JPG,DSCF0547.JPG,3R/104MEDIA,2,Western_Leopard_Toad,0.3101,1883.9,1269.9,2022.1,1430.9
/srv/shared_leopard_toad/2024/18.11.2024/3R/104MEDIA/DSCF0845.JPG,DSCF0845.JPG,3R/104MEDIA,2,Western_Leopard_Toad,0.8120,1885.5,1266.2,2029.5,1429.6
/srv/shared_leopard_toad/2024/18.11.2024/3R/104MEDIA/DSCF0845.JPG,DSCF0845.JPG,3R/104MEDIA,0,Other_Amphibian,0.2378,1885.5,1266.2,2029.5,1429.6
/srv/shared_leopard_toad/2024/18.11.2024/3R/104MEDIA/DSCF0845.JPG,DSCF0845.JPG,3R/104MEDIA,1,Small_Mammal,0.2222,1885.5,1266.2,2029.5,1429.6
/srv/shared_leopard_toad/2024/18.11.2024/3R/104MEDIA/DSCF0751.JPG,DSCF0751.JPG,3R/104MEDIA,2,Western_Leopard_Toad,0.7056,1885.7,1268.0,2047.3,1432.8
/srv/shared_leopard_toad/2024/18.11.2024/3R/104MEDIA/DSCF0751.JPG,DSCF0751.JPG,3R/104MEDIA,1,Small_Mammal,0.2068,1885.7,1268.0,2047.3,1432.8
/srv/shared_leopard_toad/2024/18.11.2024/3R/104MEDIA/DSCF0578.JPG,DSCF0578.JPG,3R/104MEDIA,2,Western_Leopard_Toad,0.8711,1884.5,1262.6,2030.5,1428.1
/srv/shared_leopard_toad/2024/18.11.2024/3R/104MEDIA/DSCF0578.JPG,DSCF0578.JPG,3R/104MEDIA,1,Small_Mammal,0.2032,1884.5,1262.6,2030.5,1428.1
/srv/shared_leopard_toad/2024/18.11.2024/3R/104MEDIA/DSCF0847.JPG,DSCF0847.JPG,3R/104MEDIA,2,Western_Leopard_Toad,0.3689,1882.9,1267.1,2052.4,1428.7
/srv/shared_leopard_toad/2024/18.11.2024/3R/104MEDIA/DSCF0847.JPG,DSCF0847.JPG,3R/104MEDIA,1,Small_Mammal,0.2537,1882.9,1267.1,2052.4,1428.7
/srv/shared_leopard_toad/2024/18.11.2024/3R/104MEDIA/DSCF0803.JPG,DSCF0803.JPG,3R/104MEDIA,2,Western_Leopard_Toad,0.6885,1885.9,1266.1,2038.1,1429.7
/srv/shared_leopard_toad/2024/18.11.2024/3R/104MEDIA/DSCF0803.JPG,DSCF0803.JPG,3R/104MEDIA,1,Small_Mammal,0.2800,1885.9,1266.1,2038.1,1429.7
/srv/shared_leopard_toad/2024/18.11.2024/3R/104MEDIA/DSCF0803.JPG,DSCF0803.JPG,3R/104MEDIA,0,Other_Amphibian,0.2469,1885.9,1266.1,2038.1,1429.7
/srv/shared_leopard_toad/2024/18.11.2024/3R/104MEDIA/DSCF0819.JPG,DSCF0819.JPG,3R/104MEDIA,2,Western_Leopard_Toad,0.3342,1884.7,1267.4,2048.3,1430.9
/srv/shared_leopard_toad/2024/18.11.2024/3R/104MEDIA/DSCF0819.JPG,DSCF0819.JPG,3R/104MEDIA,2,Western_Leopard_Toad,0.2751,677.0,1158.2,767.5,1287.0
/srv/shared_leopard_toad/2024/18.11.2024/3R/104MEDIA/DSCF0680.JPG,DSCF0680.JPG,3R/104MEDIA,2,Western_Leopard_Toad,0.6694,1884.2,1267.4,2039.8,1430.9
/srv/shared_leopard_toad/2024/18.11.2024/3R/104MEDIA/DSCF0680.JPG,DSCF0680.JPG,3R/104MEDIA,1,Small_Mammal,0.2487,1884.2,1267.4,2039.8,1430.9
/srv/shared_leopard_toad/2024/18.11.2024/3R/104MEDIA/DSCF0616.JPG,DSCF0616.JPG,3R/104MEDIA,2,Western_Leopard_Toad,0.3455,1883.2,1267.7,2040.8,1433.2
/srv/shared_leopard_toad/2024/18.11.2024/3R/104MEDIA/DSCF0829.JPG,DSCF0829.JPG,3R/104MEDIA,2,Western_Leopard_Toad,0.5356,1884.7,1265.2,2050.6,1430.6
/srv/shared_leopard_toad/2024/18.11.2024/3R/104MEDIA/DSCF0829.JPG,DSCF0829.JPG,3R/104MEDIA,1,Small_Mammal,0.2637,1884.7,1265.2,2050.6,1430.6
/srv/shared_leopard_toad/2024/18.11.2024/3R/104MEDIA/DSCF0821.JPG,DSCF0821.JPG,3R/104MEDIA,2,Western_Leopard_Toad,0.7314,1885.5,1263.9,2043.0,1429.4
/srv/shared_leopard_toad/2024/18.11.2024/3R/104MEDIA/DSCF0821.JPG,DSCF0821.JPG,3R/104MEDIA,1,Small_Mammal,0.2448,1885.5,1263.9,2043.0,1429.4
/srv/shared_leopard_toad/2024/18.11.2024/3R/104MEDIA/DSCF0609.JPG,DSCF0609.JPG,3R/104MEDIA,2,Western_Leopard_Toad,0.3765,1883.5,1267.7,2040.5,1433.2
/srv/shared_leopard_toad/2024/18.11.2024/3R/104MEDIA/DSCF0609.JPG,DSCF0609.JPG,3R/104MEDIA,0,Other_Amphibian,0.2024,1883.5,1267.7,2040.5,1433.2
/srv/shared_leopard_toad/2024/18.11.2024/3R/104MEDIA/DSCF0329.JPG,DSCF0329.JPG,3R/104MEDIA,0,Other_Amphibian,0.3423,1852.7,141.9,1949.8,212.2
/srv/shared_leopard_toad/2024/18.11.2024/3R/104MEDIA/DSCF0329.JPG,DSCF0329.JPG,3R/104MEDIA,0,Other_Amphibian,0.2610,1850.1,141.4,1947.9,212.6
/srv/shared_leopard_toad/2024/18.11.2024/3R/104MEDIA/DSCF0882.JPG,DSCF0882.JPG,3R/104MEDIA,2,Western_Leopard_Toad,0.5898,1884.0,1268.1,2035.5,1430.2
/srv/shared_leopard_toad/2024/18.11.2024/3R/104MEDIA/DSCF0326.JPG,DSCF0326.JPG,3R/104MEDIA,0,Other_Amphibian,0.3740,1856.3,144.3,1946.2,211.7
/srv/shared_leopard_toad/2024/18.11.2024/3R/104MEDIA/DSCF0809.JPG,DSCF0809.JPG,3R/104MEDIA,2,Western_Leopard_Toad,0.7788,1885.1,1266.6,2052.4,1431.7
/srv/shared_leopard_toad/2024/18.11.2024/3R/104MEDIA/DSCF0809.JPG,DSCF0809.JPG,3R/104MEDIA,1,Small_Mammal,0.2744,1885.1,1266.6,2052.4,1431.7
/srv/shared_leopard_toad/2024/18.11.2024/3R/104MEDIA/DSCF0590.JPG,DSCF0590.JPG,3R/104MEDIA,2,Western_Leopard_Toad,0.4475,1884.2,1266.1,2051.1,1429.7
/srv/shared_leopard_toad/2024/18.11.2024/3R/104MEDIA/DSCF0590.JPG,DSCF0590.JPG,3R/104MEDIA,1,Small_Mammal,0.2024,1884.2,1266.1,2051.1,1429.7
/srv/shared_leopard_toad/2024/18.11.2024/3R/104MEDIA/DSCF0934.JPG,DSCF0934.JPG,3R/104MEDIA,2,Western_Leopard_Toad,0.4546,1888.0,1267.9,2056.2,1430.4
/srv/shared_leopard_toad/2024/18.11.2024/3R/104MEDIA/DSCF0934.JPG,DSCF0934.JPG,3R/104MEDIA,1,Small_Mammal,0.2332,1888.0,1267.9,2056.2,1430.4
/srv/shared_leopard_toad/2024/18.11.2024/3R/104MEDIA/DSCF0951.JPG,DSCF0951.JPG,3R/104MEDIA,2,Western_Leopard_Toad,0.5254,1887.0,1269.8,2037.0,1431.1
/srv/shared_leopard_toad/2024/18.11.2024/3R/104MEDIA/DSCF0951.JPG,DSCF0951.JPG,3R/104MEDIA,1,Small_Mammal,0.2113,1887.0,1269.8,2037.0,1431.1
/srv/shared_leopard_toad/2024/18.11.2024/3R/104MEDIA/DSCF0647.JPG,DSCF0647.JPG,3R/104MEDIA,2,Western_Leopard_Toad,0.4131,1884.5,1265.4,2044.0,1432.9
/srv/shared_leopard_toad/2024/18.11.2024/3R/104MEDIA/DSCF0573.JPG,DSCF0573.JPG,3R/104MEDIA,2,Western_Leopard_Toad,0.5527,1886.8,1267.8,2037.2,1430.6
/srv/shared_leopard_toad/2024/18.11.2024/3R/104MEDIA/DSCF0914.JPG,DSCF0914.JPG,3R/104MEDIA,2,Western_Leopard_Toad,0.4182,1886.4,1267.8,2046.6,1430.6
/srv/shared_leopard_toad/2024/18.11.2024/3R/104MEDIA/DSCF0332.JPG,DSCF0332.JPG,3R/104MEDIA,0,Other_Amphibian,0.2290,1659.3,1662.4,1819.2,1863.6
/srv/shared_leopard_toad/2024/18.11.2024/3R/104MEDIA/DSCF0332.JPG,DSCF0332.JPG,3R/104MEDIA,0,Other_Amphibian,0.2175,1854.6,146.6,1947.9,209.4
/srv/shared_leopard_toad/2024/18.11.2024/3R/104MEDIA/DSCF0388.JPG,DSCF0388.JPG,3R/104MEDIA,0,Other_Amphibian,0.2920,1853.3,144.9,1944.7,212.3
/srv/shared_leopard_toad/2024/18.11.2024/3R/104MEDIA/DSCF0388.JPG,DSCF0388.JPG,3R/104MEDIA,0,Other_Amphibian,0.2878,1854.1,144.9,1943.9,211.7
/srv/shared_leopard_toad/2024/18.11.2024/3R/104MEDIA/DSCF0920.JPG,DSCF0920.JPG,3R/104MEDIA,2,Western_Leopard_Toad,0.2986,1884.9,1267.6,2039.1,1430.7
/srv/shared_leopard_toad/2024/18.11.2024/3R/104MEDIA/DSCF0401.JPG,DSCF0401.JPG,3R/104MEDIA,0,Other_Amphibian,0.4827,1857.5,143.7,1945.0,212.9
/srv/shared_leopard_toad/2024/18.11.2024/3R/104MEDIA/DSCF0401.JPG,DSCF0401.JPG,3R/104MEDIA,0,Other_Amphibian,0.3792,1855.0,143.9,1943.0,212.7
/srv/shared_leopard_toad/2024/18.11.2024/3R/104MEDIA/DSCF0948.JPG,DSCF0948.JPG,3R/104MEDIA,2,Western_Leopard_Toad,0.4351,1887.6,1268.5,2036.4,1429.8
/srv/shared_leopard_toad/2024/18.11.2024/3R/104MEDIA/DSCF0948.JPG,DSCF0948.JPG,3R/104MEDIA,1,Small_Mammal,0.2075,1887.6,1268.5,2036.4,1429.8
/srv/shared_leopard_toad/2024/18.11.2024/3R/104MEDIA/DSCF0599.JPG,DSCF0599.JPG,3R/104MEDIA,2,Western_Leopard_Toad,0.2842,1882.4,1265.8,2041.6,1430.0
/srv/shared_leopard_toad/2024/18.11.2024/3R/104MEDIA/DSCF0921.JPG,DSCF0921.JPG,3R/104MEDIA,2,Western_Leopard_Toad,0.2549,1887.7,1267.4,2047.6,1428.4
/srv/shared_leopard_toad/2024/18.11.2024/3R/104MEDIA/DSCF0835.JPG,DSCF0835.JPG,3R/104MEDIA,2,Western_Leopard_Toad,0.8228,1885.9,1266.3,2038.1,1427.0
/srv/shared_leopard_toad/2024/18.11.2024/3R/104MEDIA/DSCF0835.JPG,DSCF0835.JPG,3R/104MEDIA,1,Small_Mammal,0.2185,1885.9,1266.3,2038.1,1427.0
/srv/shared_leopard_toad/2024/18.11.2024/3R/104MEDIA/DSCF0348.JPG,DSCF0348.JPG,3R/104MEDIA,0,Other_Amphibian,0.3354,1853.6,143.6,1944.4,212.4
/srv/shared_leopard_toad/2024/18.11.2024/3R/104MEDIA/DSCF0348.JPG,DSCF0348.JPG,3R/104MEDIA,0,Other_Amphibian,0.2467,1852.4,143.5,1945.6,213.1
/srv/shared_leopard_toad/2024/18.11.2024/3R/104MEDIA/DSCF0383.JPG,DSCF0383.JPG,3R/104MEDIA,0,Other_Amphibian,0.3264,1858.7,142.1,1948.3,212.0
/srv/shared_leopard_toad/2024/18.11.2024/3R/104MEDIA/DSCF0935.JPG,DSCF0935.JPG,3R/104MEDIA,2,Western_Leopard_Toad,0.3440,1889.2,1269.8,2043.8,1431.1
/srv/shared_leopard_toad/2024/18.11.2024/3R/104MEDIA/DSCF0935.JPG,DSCF0935.JPG,3R/104MEDIA,1,Small_Mammal,0.2080,1889.2,1269.8,2043.8,1431.1
/srv/shared_leopard_toad/2024/18.11.2024/3R/104MEDIA/DSCF0631.JPG,DSCF0631.JPG,3R/104MEDIA,2,Western_Leopard_Toad,0.2571,1881.4,1266.1,2033.6,1432.2
/srv/shared_leopard_toad/2024/18.11.2024/3R/104MEDIA/DSCF0400.JPG,DSCF0400.JPG,3R/104MEDIA,0,Other_Amphibian,0.2382,1856.2,145.6,1946.3,211.0
/srv/shared_leopard_toad/2024/18.11.2024/3R/104MEDIA/DSCF0658.JPG,DSCF0658.JPG,3R/104MEDIA,2,Western_Leopard_Toad,0.4934,1881.8,1268.2,2042.2,1432.7
/srv/shared_leopard_toad/2024/18.11.2024/3R/104MEDIA/DSCF0658.JPG,DSCF0658.JPG,3R/104MEDIA,1,Small_Mammal,0.2109,1881.8,1268.2,2042.2,1432.7
/srv/shared_leopard_toad/2024/18.11.2024/3R/104MEDIA/DSCF0606.JPG,DSCF0606.JPG,3R/104MEDIA,2,Western_Leopard_Toad,0.3794,1881.9,1265.2,2053.3,1433.1
/srv/shared_leopard_toad/2024/18.11.2024/3R/104MEDIA/DSCF0351.JPG,DSCF0351.JPG,3R/104MEDIA,0,Other_Amphibian,0.3333,1853.2,143.0,1944.8,213.6
/srv/shared_leopard_toad/2024/18.11.2024/3R/104MEDIA/DSCF0351.JPG,DSCF0351.JPG,3R/104MEDIA,0,Other_Amphibian,0.2559,1852.6,142.7,1945.4,213.9
/srv/shared_leopard_toad/2024/18.11.2024/3R/104MEDIA/DSCF0354.JPG,DSCF0354.JPG,3R/104MEDIA,0,Other_Amphibian,0.2769,1855.8,142.4,1946.7,209.1
/srv/shared_leopard_toad/2024/18.11.2024/3R/104MEDIA/DSCF0354.JPG,DSCF0354.JPG,3R/104MEDIA,0,Other_Amphibian,0.2095,1852.2,141.5,1945.8,209.4
/srv/shared_leopard_toad/2024/18.11.2024/3R/104MEDIA/DSCF0620.JPG,DSCF0620.JPG,3R/104MEDIA,2,Western_Leopard_Toad,0.3394,1883.7,1265.9,2049.3,1432.5
/srv/shared_leopard_toad/2024/18.11.2024/3R/104MEDIA/DSCF0746.JPG,DSCF0746.JPG,3R/104MEDIA,2,Western_Leopard_Toad,0.2998,1883.2,1268.2,2054.2,1432.7
/srv/shared_leopard_toad/2024/18.11.2024/3R/104MEDIA/DSCF0763.JPG,DSCF0763.JPG,3R/104MEDIA,2,Western_Leopard_Toad,0.7339,1885.4,1268.6,2047.6,1432.2
/srv/shared_leopard_toad/2024/18.11.2024/3R/104MEDIA/DSCF0763.JPG,DSCF0763.JPG,3R/104MEDIA,1,Small_Mammal,0.2358,1885.4,1268.6,2047.6,1432.2
/srv/shared_leopard_toad/2024/18.11.2024/3R/104MEDIA/DSCF0728.JPG,DSCF0728.JPG,3R/104MEDIA,2,Western_Leopard_Toad,0.5449,1886.8,1266.9,2046.2,1431.4
/srv/shared_leopard_toad/2024/18.11.2024/3R/104MEDIA/DSCF0664.JPG,DSCF0664.JPG,3R/104MEDIA,2,Western_Leopard_Toad,0.7432,1885.9,1266.7,2047.1,1431.6
/srv/shared_leopard_toad/2024/18.11.2024/3R/104MEDIA/DSCF0664.JPG,DSCF0664.JPG,3R/104MEDIA,1,Small_Mammal,0.2460,1885.9,1266.7,2047.1,1431.6
/srv/shared_leopard_toad/2024/18.11.2024/3R/104MEDIA/DSCF0865.JPG,DSCF0865.JPG,3R/104MEDIA,2,Western_Leopard_Toad,0.6797,1885.9,1266.3,2049.4,1429.4
/srv/shared_leopard_toad/2024/18.11.2024/3R/104MEDIA/DSCF0865.JPG,DSCF0865.JPG,3R/104MEDIA,1,Small_Mammal,0.2881,1885.9,1266.3,2049.4,1429.4
/srv/shared_leopard_toad/2024/18.11.2024/3R/104MEDIA/DSCF0808.JPG,DSCF0808.JPG,3R/104MEDIA,2,Western_Leopard_Toad,0.5835,1883.1,1268.5,2040.9,1432.4
/srv/shared_leopard_toad/2024/18.11.2024/3R/104MEDIA/DSCF0808.JPG,DSCF0808.JPG,3R/104MEDIA,1,Small_Mammal,0.2302,1883.1,1268.5,2040.9,1432.4
/srv/shared_leopard_toad/2024/18.11.2024/3R/104MEDIA/DSCF0987.JPG,DSCF0987.JPG,3R/104MEDIA,1,Small_Mammal,0.2247,1885.1,1270.0,2038.9,1433.4
/srv/shared_leopard_toad/2024/18.11.2024/3R/104MEDIA/DSCF0800.JPG,DSCF0800.JPG,3R/104MEDIA,2,Western_Leopard_Toad,0.3079,1885.0,1264.1,2057.0,1426.6
/srv/shared_leopard_toad/2024/18.11.2024/3R/104MEDIA/DSCF0800.JPG,DSCF0800.JPG,3R/104MEDIA,1,Small_Mammal,0.2474,1885.0,1264.1,2057.0,1426.6
/srv/shared_leopard_toad/2024/18.11.2024/3R/104MEDIA/DSCF0367.JPG,DSCF0367.JPG,3R/104MEDIA,0,Other_Amphibian,0.3291,1853.3,143.4,1944.7,211.9
/srv/shared_leopard_toad/2024/18.11.2024/3R/104MEDIA/DSCF0367.JPG,DSCF0367.JPG,3R/104MEDIA,0,Other_Amphibian,0.2900,1852.9,143.1,1945.1,212.2
/srv/shared_leopard_toad/2024/18.11.2024/3R/104MEDIA/DSCF0832.JPG,DSCF0832.JPG,3R/104MEDIA,2,Western_Leopard_Toad,0.4158,1883.4,1267.6,2051.9,1430.7
/srv/shared_leopard_toad/2024/18.11.2024/3R/104MEDIA/DSCF0832.JPG,DSCF0832.JPG,3R/104MEDIA,1,Small_Mammal,0.2273,1883.4,1267.6,2051.9,1430.7
/srv/shared_leopard_toad/2024/18.11.2024/3R/104MEDIA/DSCF0331.JPG,DSCF0331.JPG,3R/104MEDIA,0,Other_Amphibian,0.4321,1859.4,142.0,1947.6,213.3
/srv/shared_leopard_toad/2024/18.11.2024/3R/104MEDIA/DSCF0990.JPG,DSCF0990.JPG,3R/104MEDIA,1,Small_Mammal,0.2227,1885.9,1268.2,2051.6,1432.7
/srv/shared_leopard_toad/2024/18.11.2024/3R/104MEDIA/DSCF0789.JPG,DSCF0789.JPG,3R/104MEDIA,2,Western_Leopard_Toad,0.5942,1884.9,1266.2,2050.3,1429.6
/srv/shared_leopard_toad/2024/18.11.2024/3R/104MEDIA/DSCF0789.JPG,DSCF0789.JPG,3R/104MEDIA,1,Small_Mammal,0.2627,1884.9,1266.2,2050.3,1429.6
/srv/shared_leopard_toad/2024/18.11.2024/3R/104MEDIA/DSCF0941.JPG,DSCF0941.JPG,3R/104MEDIA,2,Western_Leopard_Toad,0.3494,1885.6,1270.2,2038.4,1430.6
/srv/shared_leopard_toad/2024/18.11.2024/3R/104MEDIA/DSCF0688.JPG,DSCF0688.JPG,3R/104MEDIA,2,Western_Leopard_Toad,0.7393,1884.0,1267.4,2049.0,1430.9
/srv/shared_leopard_toad/2024/18.11.2024/3R/104MEDIA/DSCF0688.JPG,DSCF0688.JPG,3R/104MEDIA,1,Small_Mammal,0.2732,1884.0,1267.4,2049.0,1430.9
/srv/shared_leopard_toad/2024/18.11.2024/3R/104MEDIA/DSCF0347.JPG,DSCF0347.JPG,3R/104MEDIA,0,Other_Amphibian,0.4009,1858.6,143.3,1948.4,212.7
/srv/shared_leopard_toad/2024/18.11.2024/3R/104MEDIA/DSCF0347.JPG,DSCF0347.JPG,3R/104MEDIA,0,Other_Amphibian,0.2147,1853.3,142.8,1944.7,213.2
/srv/shared_leopard_toad/2024/18.11.2024/3R/104MEDIA/DSCF0357.JPG,DSCF0357.JPG,3R/104MEDIA,0,Other_Amphibian,0.2242,1853.9,144.3,1944.1,212.3
/srv/shared_leopard_toad/2024/18.11.2024/3R/104MEDIA/DSCF0843.JPG,DSCF0843.JPG,3R/104MEDIA,2,Western_Leopard_Toad,0.5630,1883.7,1266.4,2040.3,1431.9
/srv/shared_leopard_toad/2024/18.11.2024/3R/104MEDIA/DSCF0843.JPG,DSCF0843.JPG,3R/104MEDIA,1,Small_Mammal,0.2032,1883.7,1266.4,2040.3,1431.9
/srv/shared_leopard_toad/2024/18.11.2024/3R/104MEDIA/DSCF0910.JPG,DSCF0910.JPG,3R/104MEDIA,2,Western_Leopard_Toad,0.3191,1884.7,1268.5,2050.6,1429.8
/srv/shared_leopard_toad/2024/18.11.2024/3R/104MEDIA/DSCF0910.JPG,DSCF0910.JPG,3R/104MEDIA,1,Small_Mammal,0.2153,1884.7,1268.5,2050.6,1429.8
/srv/shared_leopard_toad/2024/18.11.2024/3R/104MEDIA/DSCF0340.JPG,DSCF0340.JPG,3R/104MEDIA,0,Other_Amphibian,0.4182,1854.4,142.8,1948.1,211.9
/srv/shared_leopard_toad/2024/18.11.2024/3R/104MEDIA/DSCF0340.JPG,DSCF0340.JPG,3R/104MEDIA,0,Other_Amphibian,0.2368,1851.6,142.5,1946.4,212.2
/srv/shared_leopard_toad/2024/18.11.2024/3R/104MEDIA/DSCF0611.JPG,DSCF0611.JPG,3R/104MEDIA,2,Western_Leopard_Toad,0.4470,1885.5,1267.2,2029.5,1431.1
/srv/shared_leopard_toad/2024/18.11.2024/3R/104MEDIA/DSCF0855.JPG,DSCF0855.JPG,3R/104MEDIA,2,Western_Leopard_Toad,0.7515,1886.3,1265.3,2046.7,1430.5
/srv/shared_leopard_toad/2024/18.11.2024/3R/104MEDIA/DSCF0855.JPG,DSCF0855.JPG,3R/104MEDIA,1,Small_Mammal,0.3071,1886.3,1265.3,2046.7,1430.5
/srv/shared_leopard_toad/2024/18.11.2024/3R/104MEDIA/DSCF0852.JPG,DSCF0852.JPG,3R/104MEDIA,2,Western_Leopard_Toad,0.4272,1885.3,1266.7,2050.0,1431.6
/srv/shared_leopard_toad/2024/18.11.2024/3R/104MEDIA/DSCF0939.JPG,DSCF0939.JPG,3R/104MEDIA,2,Western_Leopard_Toad,0.4004,1886.2,1268.9,2037.8,1432.0
/srv/shared_leopard_toad/2024/18.11.2024/3R/104MEDIA/DSCF0392.JPG,DSCF0392.JPG,3R/104MEDIA,0,Other_Amphibian,0.4053,1859.5,143.3,1947.5,211.4
/srv/shared_leopard_toad/2024/18.11.2024/3R/104MEDIA/DSCF0617.JPG,DSCF0617.JPG,3R/104MEDIA,2,Western_Leopard_Toad,0.3501,1882.9,1267.6,2052.4,1430.7
/srv/shared_leopard_toad/2024/18.11.2024/3R/104MEDIA/DSCF0671.JPG,DSCF0671.JPG,3R/104MEDIA,2,Western_Leopard_Toad,0.5742,1883.5,1267.4,2054.0,1430.9
/srv/shared_leopard_toad/2024/18.11.2024/3R/104MEDIA/DSCF0671.JPG,DSCF0671.JPG,3R/104MEDIA,1,Small_Mammal,0.2325,1883.5,1267.4,2054.0,1430.9
/srv/shared_leopard_toad/2024/18.11.2024/3R/104MEDIA/DSCF0328.JPG,DSCF0328.JPG,3R/104MEDIA,0,Other_Amphibian,0.2075,1851.8,144.0,1946.2,214.5
/srv/shared_leopard_toad/2024/18.11.2024/3R/104MEDIA/DSCF0595.JPG,DSCF0595.JPG,3R/104MEDIA,2,Western_Leopard_Toad,0.4263,1884.7,1267.2,2048.3,1431.1
/srv/shared_leopard_toad/2024/18.11.2024/3R/104MEDIA/DSCF0310.JPG,DSCF0310.JPG,3R/104MEDIA,0,Other_Amphibian,0.2474,1851.1,143.4,1946.9,214.5
/srv/shared_leopard_toad/2024/18.11.2024/3R/104MEDIA/DSCF0374.JPG,DSCF0374.JPG,3R/104MEDIA,0,Other_Amphibian,0.3684,1854.5,144.8,1943.5,213.7
/srv/shared_leopard_toad/2024/18.11.2024/3R/104MEDIA/DSCF0374.JPG,DSCF0374.JPG,3R/104MEDIA,0,Other_Amphibian,0.2915,1853.6,144.7,1944.4,213.8
/srv/shared_leopard_toad/2024/18.11.2024/3R/104MEDIA/DSCF0371.JPG,DSCF0371.JPG,3R/104MEDIA,0,Other_Amphibian,0.3572,1858.3,142.4,1948.7,211.6
/srv/shared_leopard_toad/2024/18.11.2024/3R/104MEDIA/DSCF0371.JPG,DSCF0371.JPG,3R/104MEDIA,0,Other_Amphibian,0.2233,1853.1,141.9,1944.9,212.1
/srv/shared_leopard_toad/2024/18.11.2024/3R/104MEDIA/DSCF0701.JPG,DSCF0701.JPG,3R/104MEDIA,2,Western_Leopard_Toad,0.6318,1883.9,1266.2,2053.6,1429.6
/srv/shared_leopard_toad/2024/18.11.2024/3R/104MEDIA/DSCF0701.JPG,DSCF0701.JPG,3R/104MEDIA,1,Small_Mammal,0.2893,1883.9,1266.2,2053.6,1429.6
/srv/shared_leopard_toad/2024/18.11.2024/3R/104MEDIA/DSCF0893.JPG,DSCF0893.JPG,3R/104MEDIA,2,Western_Leopard_Toad,0.3423,1882.5,1269.5,2041.5,1431.3
/srv/shared_leopard_toad/2024/18.11.2024/3R/104MEDIA/DSCF0860.JPG,DSCF0860.JPG,3R/104MEDIA,2,Western_Leopard_Toad,0.8359,1886.3,1265.6,2048.9,1430.2
/srv/shared_leopard_toad/2024/18.11.2024/3R/104MEDIA/DSCF0860.JPG,DSCF0860.JPG,3R/104MEDIA,1,Small_Mammal,0.2583,1886.3,1265.6,2048.9,1430.2
/srv/shared_leopard_toad/2024/18.11.2024/3R/104MEDIA/DSCF0677.JPG,DSCF0677.JPG,3R/104MEDIA,2,Western_Leopard_Toad,0.7617,1884.5,1264.8,2050.7,1430.9
/srv/shared_leopard_toad/2024/18.11.2024/3R/104MEDIA/DSCF0677.JPG,DSCF0677.JPG,3R/104MEDIA,1,Small_Mammal,0.2705,1884.5,1264.8,2050.7,1430.9
/srv/shared_leopard_toad/2024/18.11.2024/3R/104MEDIA/DSCF0884.JPG,DSCF0884.JPG,3R/104MEDIA,2,Western_Leopard_Toad,0.5483,1886.4,1267.8,2046.6,1430.6
/srv/shared_leopard_toad/2024/18.11.2024/3R/104MEDIA/DSCF0884.JPG,DSCF0884.JPG,3R/104MEDIA,1,Small_Mammal,0.2551,1886.4,1267.8,2046.6,1430.6
/srv/shared_leopard_toad/2024/18.11.2024/3R/104MEDIA/DSCF0356.JPG,DSCF0356.JPG,3R/104MEDIA,0,Other_Amphibian,0.3254,1858.6,145.0,1948.4,212.2
/srv/shared_leopard_toad/2024/18.11.2024/3R/104MEDIA/DSCF0638.JPG,DSCF0638.JPG,3R/104MEDIA,2,Western_Leopard_Toad,0.2661,1881.0,1267.5,2034.0,1433.3
/srv/shared_leopard_toad/2024/18.11.2024/3R/104MEDIA/DSCF0836.JPG,DSCF0836.JPG,3R/104MEDIA,2,Western_Leopard_Toad,0.5938,1885.6,1264.9,2056.4,1428.3
/srv/shared_leopard_toad/2024/18.11.2024/3R/104MEDIA/DSCF0836.JPG,DSCF0836.JPG,3R/104MEDIA,1,Small_Mammal,0.2957,1885.6,1264.9,2056.4,1428.3
/srv/shared_leopard_toad/2024/18.11.2024/3R/104MEDIA/DSCF0520.JPG,DSCF0520.JPG,3R/104MEDIA,0,Other_Amphibian,0.7124,2008.5,637.6,2127.0,759.7
/srv/shared_leopard_toad/2024/18.11.2024/3R/104MEDIA/DSCF0744.JPG,DSCF0744.JPG,3R/104MEDIA,2,Western_Leopard_Toad,0.5454,1881.5,1268.5,2042.5,1432.4
/srv/shared_leopard_toad/2024/18.11.2024/3R/104MEDIA/DSCF0744.JPG,DSCF0744.JPG,3R/104MEDIA,1,Small_Mammal,0.2139,1881.5,1268.5,2042.5,1432.4
/srv/shared_leopard_toad/2024/18.11.2024/3R/104MEDIA/DSCF0359.JPG,DSCF0359.JPG,3R/104MEDIA,0,Other_Amphibian,0.2600,1855.7,142.9,1946.8,211.1
/srv/shared_leopard_toad/2024/18.11.2024/3R/104MEDIA/DSCF0950.JPG,DSCF0950.JPG,3R/104MEDIA,2,Western_Leopard_Toad,0.3335,1885.9,1267.9,2038.1,1430.4
/srv/shared_leopard_toad/2024/18.11.2024/3R/104MEDIA/DSCF0447.JPG,DSCF0447.JPG,3R/104MEDIA,2,Western_Leopard_Toad,0.3677,2121.7,677.8,2216.3,820.7
/srv/shared_leopard_toad/2024/18.11.2024/3R/104MEDIA/DSCF0447.JPG,DSCF0447.JPG,3R/104MEDIA,0,Other_Amphibian,0.3525,2121.7,677.8,2216.3,820.7
/srv/shared_leopard_toad/2024/18.11.2024/3R/104MEDIA/DSCF0702.JPG,DSCF0702.JPG,3R/104MEDIA,2,Western_Leopard_Toad,0.7681,1883.6,1266.9,2040.4,1431.4
/srv/shared_leopard_toad/2024/18.11.2024/3R/104MEDIA/DSCF0717.JPG,DSCF0717.JPG,3R/104MEDIA,2,Western_Leopard_Toad,0.6982,1884.9,1266.4,2050.3,1431.9
/srv/shared_leopard_toad/2024/18.11.2024/3R/104MEDIA/DSCF0717.JPG,DSCF0717.JPG,3R/104MEDIA,1,Small_Mammal,0.2438,1884.9,1266.4,2050.3,1431.9
/srv/shared_leopard_toad/2024/18.11.2024/3R/104MEDIA/DSCF0642.JPG,DSCF0642.JPG,3R/104MEDIA,2,Western_Leopard_Toad,0.2971,1886.9,1265.1,2046.1,1428.2
/srv/shared_leopard_toad/2024/18.11.2024/3R/104MEDIA/DSCF0762.JPG,DSCF0762.JPG,3R/104MEDIA,2,Western_Leopard_Toad,0.7480,1887.4,1265.5,2047.9,1430.3
/srv/shared_leopard_toad/2024/18.11.2024/3R/104MEDIA/DSCF0762.JPG,DSCF0762.JPG,3R/104MEDIA,1,Small_Mammal,0.2720,1887.4,1265.5,2047.9,1430.3
/srv/shared_leopard_toad/2024/18.11.2024/3R/104MEDIA/DSCF0992.JPG,DSCF0992.JPG,3R/104MEDIA,1,Small_Mammal,0.2355,1883.8,1269.7,2049.2,1433.6
/srv/shared_leopard_toad/2024/18.11.2024/3R/104MEDIA/DSCF0707.JPG,DSCF0707.JPG,3R/104MEDIA,2,Western_Leopard_Toad,0.5073,1883.0,1267.0,2052.2,1431.3
/srv/shared_leopard_toad/2024/18.11.2024/3R/102MEDIA/DSCF0891.JPG,DSCF0891.JPG,3R/102MEDIA,0,Other_Amphibian,0.4211,2167.1,1171.6,2281.1,1307.7
/srv/shared_leopard_toad/2024/18.11.2024/3R/102MEDIA/DSCF0233.JPG,DSCF0233.JPG,3R/102MEDIA,0,Other_Amphibian,0.5913,2829.2,301.7,2912.8,392.5
/srv/shared_leopard_toad/2024/18.11.2024/3R/102MEDIA/DSCF0233.JPG,DSCF0233.JPG,3R/102MEDIA,0,Other_Amphibian,0.4500,2829.1,302.3,2912.9,392.5
/srv/shared_leopard_toad/2024/18.11.2024/3R/102MEDIA/DSCF0792.JPG,DSCF0792.JPG,3R/102MEDIA,0,Other_Amphibian,0.2607,45.3,211.7,102.4,303.1
/srv/shared_leopard_toad/2024/18.11.2024/3R/102MEDIA/DSCF0880.JPG,DSCF0880.JPG,3R/102MEDIA,0,Other_Amphibian,0.2886,27.3,203.1,102.3,292.0
/srv/shared_leopard_toad/2024/18.11.2024/3R/102MEDIA/DSCF0870.JPG,DSCF0870.JPG,3R/102MEDIA,0,Other_Amphibian,0.4277,25.7,201.9,106.4,294.2
/srv/shared_leopard_toad/2024/18.11.2024/3R/102MEDIA/DSCF0866.JPG,DSCF0866.JPG,3R/102MEDIA,0,Other_Amphibian,0.2905,27.2,199.8,106.4,291.9
/srv/shared_leopard_toad/2024/18.11.2024/3R/102MEDIA/DSCF0873.JPG,DSCF0873.JPG,3R/102MEDIA,0,Other_Amphibian,0.2061,26.5,202.3,105.6,291.9
/srv/shared_leopard_toad/2024/18.11.2024/3R/102MEDIA/DSCF0998.JPG,DSCF0998.JPG,3R/102MEDIA,2,Western_Leopard_Toad,0.6123,2694.8,1488.0,2853.7,1615.3
/srv/shared_leopard_toad/2024/18.11.2024/3R/102MEDIA/DSCF0862.JPG,DSCF0862.JPG,3R/102MEDIA,0,Other_Amphibian,0.4666,25.9,200.0,107.8,293.3
/srv/shared_leopard_toad/2024/18.11.2024/3R/102MEDIA/DSCF0864.JPG,DSCF0864.JPG,3R/102MEDIA,0,Other_Amphibian,0.2607,31.0,202.9,106.8,294.9
/srv/shared_leopard_toad/2024/18.11.2024/3R/102MEDIA/DSCF0861.JPG,DSCF0861.JPG,3R/102MEDIA,0,Other_Amphibian,0.3210,26.6,200.8,107.0,295.4
/srv/shared_leopard_toad/2024/18.11.2024/3R/102MEDIA/DSCF0898.JPG,DSCF0898.JPG,3R/102MEDIA,0,Other_Amphibian,0.3726,14.4,200.6,101.5,294.5
/srv/shared_leopard_toad/2024/18.11.2024/3R/102MEDIA/DSCF0888.JPG,DSCF0888.JPG,3R/102MEDIA,0,Other_Amphibian,0.6416,2168.4,1173.6,2279.8,1307.0
/srv/shared_leopard_toad/2024/18.11.2024/3R/102MEDIA/DSCF0399.JPG,DSCF0399.JPG,3R/102MEDIA,0,Other_Amphibian,0.4883,1962.6,1737.1,2051.4,1877.6
/srv/shared_leopard_toad/2024/18.11.2024/3R/102MEDIA/DSCF0872.JPG,DSCF0872.JPG,3R/102MEDIA,0,Other_Amphibian,0.2319,27.7,202.0,106.5,293.2
/srv/shared_leopard_toad/2024/18.11.2024/3R/102MEDIA/DSCF0892.JPG,DSCF0892.JPG,3R/102MEDIA,0,Other_Amphibian,0.5337,2166.5,1172.4,2279.5,1307.0
/srv/shared_leopard_toad/2024/18.11.2024/3R/102MEDIA/DSCF0877.JPG,DSCF0877.JPG,3R/102MEDIA,0,Other_Amphibian,0.2729,22.9,204.2,106.7,294.5
/srv/shared_leopard_toad/2024/18.11.2024/3R/102MEDIA/DSCF0890.JPG,DSCF0890.JPG,3R/102MEDIA,0,Other_Amphibian,0.5708,2168.7,1175.4,2279.5,1307.8
/srv/shared_leopard_toad/2024/18.11.2024/3R/102MEDIA/DSCF0629.JPG,DSCF0629.JPG,3R/102MEDIA,1,Small_Mammal,0.8521,39.4,16.5,2093.6,2455.3
/srv/shared_leopard_toad/2024/18.11.2024/3R/102MEDIA/DSCF0629.JPG,DSCF0629.JPG,3R/102MEDIA,1,Small_Mammal,0.5659,36.0,-94.9,2281.5,2479.4
/srv/shared_leopard_toad/2024/18.11.2024/3R/102MEDIA/DSCF0629.JPG,DSCF0629.JPG,3R/102MEDIA,1,Small_Mammal,0.4609,-3.4,1176.7,2018.2,2432.8
/srv/shared_leopard_toad/2024/18.11.2024/3R/102MEDIA/DSCF0629.JPG,DSCF0629.JPG,3R/102MEDIA,1,Small_Mammal,0.3005,-10.7,749.9,2159.4,2431.9
/srv/shared_leopard_toad/2024/18.11.2024/3R/102MEDIA/DSCF0629.JPG,DSCF0629.JPG,3R/102MEDIA,1,Small_Mammal,0.2925,15.2,1042.9,2035.7,2430.0
/srv/shared_leopard_toad/2024/18.11.2024/3R/102MEDIA/DSCF0629.JPG,DSCF0629.JPG,3R/102MEDIA,1,Small_Mammal,0.2256,-218.8,13.9,2215.7,2427.5
/srv/shared_leopard_toad/2024/18.11.2024/3R/102MEDIA/DSCF0885.JPG,DSCF0885.JPG,3R/102MEDIA,0,Other_Amphibian,0.2306,2170.6,1177.1,2279.9,1306.1
/srv/shared_leopard_toad/2024/18.11.2024/3R/102MEDIA/DSCF0867.JPG,DSCF0867.JPG,3R/102MEDIA,0,Other_Amphibian,0.4121,25.8,200.3,106.8,293.0
/srv/shared_leopard_toad/2024/18.11.2024/3R/102MEDIA/DSCF0883.JPG,DSCF0883.JPG,3R/102MEDIA,0,Other_Amphibian,0.6377,2164.4,1169.0,2281.6,1310.3
/srv/shared_leopard_toad/2024/18.11.2024/3R/102MEDIA/DSCF0889.JPG,DSCF0889.JPG,3R/102MEDIA,0,Other_Amphibian,0.7070,2167.5,1173.0,2280.7,1307.6
/srv/shared_leopard_toad/2024/18.11.2024/3R/102MEDIA/DSCF0997.JPG,DSCF0997.JPG,3R/102MEDIA,2,Western_Leopard_Toad,0.8467,2694.7,1487.3,2853.8,1616.0
/srv/shared_leopard_toad/2024/18.11.2024/3R/102MEDIA/DSCF0913.JPG,DSCF0913.JPG,3R/102MEDIA,0,Other_Amphibian,0.2463,22.3,203.8,102.4,293.3
/srv/shared_leopard_toad/2024/18.11.2024/3R/102MEDIA/DSCF0886.JPG,DSCF0886.JPG,3R/102MEDIA,0,Other_Amphibian,0.3594,2169.5,1173.2,2281.0,1306.1
/srv/shared_leopard_toad/2024/18.11.2024/3R/102MEDIA/DSCF0996.JPG,DSCF0996.JPG,3R/102MEDIA,2,Western_Leopard_Toad,0.2964,2691.8,1491.2,2852.2,1619.7
/srv/shared_leopard_toad/2024/18.11.2024/3R/102MEDIA/DSCF0869.JPG,DSCF0869.JPG,3R/102MEDIA,0,Other_Amphibian,0.3752,27.0,201.7,106.7,292.5
/srv/shared_leopard_toad/2024/18.11.2024/3R/102MEDIA/DSCF0863.JPG,DSCF0863.JPG,3R/102MEDIA,0,Other_Amphibian,0.3848,25.7,202.2,106.4,294.9
/srv/shared_leopard_toad/2024/18.11.2024/3R/102MEDIA/DSCF0887.JPG,DSCF0887.JPG,3R/102MEDIA,0,Other_Amphibian,0.6167,2166.9,1172.8,2279.1,1307.9
/srv/shared_leopard_toad/2024/18.11.2024/3R/102MEDIA/DSCF0905.JPG,DSCF0905.JPG,3R/102MEDIA,2,Western_Leopard_Toad,0.9160,3724.3,1907.9,3840.2,2048.4
/srv/shared_leopard_toad/2024/18.11.2024/3R/102MEDIA/DSCF0905.JPG,DSCF0905.JPG,3R/102MEDIA,0,Other_Amphibian,0.2153,3724.3,1907.9,3840.2,2048.4
/srv/shared_leopard_toad/2024/18.11.2024/3R/102MEDIA/DSCF0630.JPG,DSCF0630.JPG,3R/102MEDIA,1,Small_Mammal,0.2230,39.9,595.5,1827.6,2429.4
/srv/shared_leopard_toad/2024/18.11.2024/3R/102MEDIA/DSCF0269.JPG,DSCF0269.JPG,3R/102MEDIA,2,Western_Leopard_Toad,0.4475,1801.1,2221.7,1929.4,2370.0
/srv/shared_leopard_toad/2024/18.11.2024/3R/102MEDIA/DSCF0859.JPG,DSCF0859.JPG,3R/102MEDIA,0,Other_Amphibian,0.5742,24.8,199.1,105.8,293.5
/srv/shared_leopard_toad/2024/18.11.2024/3R/102MEDIA/DSCF0865.JPG,DSCF0865.JPG,3R/102MEDIA,0,Other_Amphibian,0.3892,26.6,202.3,105.5,292.9
/srv/shared_leopard_toad/2024/18.11.2024/3R/102MEDIA/DSCF0860.JPG,DSCF0860.JPG,3R/102MEDIA,0,Other_Amphibian,0.2130,28.3,203.2,106.9,298.0
/srv/shared_leopard_toad/2024/18.11.2024/3R/102MEDIA/DSCF0884.JPG,DSCF0884.JPG,3R/102MEDIA,0,Other_Amphibian,0.4785,2168.3,1173.0,2280.0,1308.9
/srv/shared_leopard_toad/2024/18.11.2024/3R/102MEDIA/DSCF0992.JPG,DSCF0992.JPG,3R/102MEDIA,0,Other_Amphibian,0.2292,22.0,201.4,103.6,293.8
/srv/shared_leopard_toad/2024/18.11.2024/3R/108MEDIA/DSCF0993.JPG,DSCF0993.JPG,3R/108MEDIA,0,Other_Amphibian,0.8789,1766.3,1757.1,1860.7,1860.0
/srv/shared_leopard_toad/2024/18.11.2024/3R/108MEDIA/DSCF0650.JPG,DSCF0650.JPG,3R/108MEDIA,0,Other_Amphibian,0.9048,1762.1,1712.5,1891.9,1846.4
/srv/shared_leopard_toad/2024/18.11.2024/3R/108MEDIA/DSCF0956.JPG,DSCF0956.JPG,3R/108MEDIA,0,Other_Amphibian,0.6704,1791.2,1725.9,1880.8,1817.9
/srv/shared_leopard_toad/2024/18.11.2024/3R/108MEDIA/DSCF0187.JPG,DSCF0187.JPG,3R/108MEDIA,0,Other_Amphibian,0.4214,3184.4,1709.6,3273.1,1813.9
/srv/shared_leopard_toad/2024/18.11.2024/3R/108MEDIA/DSCF0980.JPG,DSCF0980.JPG,3R/108MEDIA,0,Other_Amphibian,0.7231,1791.8,1725.4,1880.2,1818.3
/srv/shared_leopard_toad/2024/18.11.2024/3R/108MEDIA/DSCF0193.JPG,DSCF0193.JPG,3R/108MEDIA,2,Western_Leopard_Toad,0.2595,1891.3,1268.1,2055.2,1435.3
/srv/shared_leopard_toad/2024/18.11.2024/3R/108MEDIA/DSCF0983.JPG,DSCF0983.JPG,3R/108MEDIA,0,Other_Amphibian,0.8364,1767.3,1758.5,1855.2,1861.2
/srv/shared_leopard_toad/2024/18.11.2024/3R/108MEDIA/DSCF0501.JPG,DSCF0501.JPG,3R/108MEDIA,0,Other_Amphibian,0.4500,1893.4,1272.7,2048.6,1430.7
/srv/shared_leopard_toad/2024/18.11.2024/3R/108MEDIA/DSCF0501.JPG,DSCF0501.JPG,3R/108MEDIA,2,Western_Leopard_Toad,0.4224,1893.4,1272.7,2048.6,1430.7
/srv/shared_leopard_toad/2024/18.11.2024/3R/108MEDIA/DSCF0185.JPG,DSCF0185.JPG,3R/108MEDIA,0,Other_Amphibian,0.4407,3186.6,1714.6,3275.4,1814.0
/srv/shared_leopard_toad/2024/18.11.2024/3R/108MEDIA/DSCF0051.JPG,DSCF0051.JPG,3R/108MEDIA,0,Other_Amphibian,0.4700,2700.2,832.5,2758.3,895.1
/srv/shared_leopard_toad/2024/18.11.2024/3R/108MEDIA/DSCF0807.JPG,DSCF0807.JPG,3R/108MEDIA,0,Other_Amphibian,0.2124,4509.5,-5.0,4607.5,49.8
/srv/shared_leopard_toad/2024/18.11.2024/3R/108MEDIA/DSCF0986.JPG,DSCF0986.JPG,3R/108MEDIA,0,Other_Amphibian,0.8354,1767.1,1755.9,1855.4,1858.8
/srv/shared_leopard_toad/2024/18.11.2024/3R/108MEDIA/DSCF0981.JPG,DSCF0981.JPG,3R/108MEDIA,0,Other_Amphibian,0.7778,1791.2,1723.9,1880.8,1817.4
/srv/shared_leopard_toad/2024/18.11.2024/3R/108MEDIA/DSCF0649.JPG,DSCF0649.JPG,3R/108MEDIA,0,Other_Amphibian,0.9238,1784.9,1711.6,1923.1,1832.2
/srv/shared_leopard_toad/2024/18.11.2024/3R/108MEDIA/DSCF0994.JPG,DSCF0994.JPG,3R/108MEDIA,0,Other_Amphibian,0.8667,1766.4,1757.6,1860.6,1859.6
/srv/shared_leopard_toad/2024/18.11.2024/3R/108MEDIA/DSCF0250.JPG,DSCF0250.JPG,3R/108MEDIA,2,Western_Leopard_Toad,0.2842,1891.3,1266.2,2059.7,1434.7
/srv/shared_leopard_toad/2024/18.11.2024/3R/108MEDIA/DSCF0979.JPG,DSCF0979.JPG,3R/108MEDIA,0,Other_Amphibian,0.7314,1794.7,1723.6,1884.0,1817.6
/srv/shared_leopard_toad/2024/18.11.2024/3R/108MEDIA/DSCF0531.JPG,DSCF0531.JPG,3R/108MEDIA,0,Other_Amphibian,0.8232,2162.2,584.5,2259.0,676.7
/srv/shared_leopard_toad/2024/18.11.2024/3R/108MEDIA/DSCF0982.JPG,DSCF0982.JPG,3R/108MEDIA,0,Other_Amphibian,0.7368,1792.1,1726.6,1879.9,1817.2
/srv/shared_leopard_toad/2024/18.11.2024/3R/108MEDIA/DSCF0409.JPG,DSCF0409.JPG,3R/108MEDIA,0,Other_Amphibian,0.2332,1533.3,757.0,1643.7,859.2
/srv/shared_leopard_toad/2024/18.11.2024/3R/108MEDIA/DSCF0184.JPG,DSCF0184.JPG,3R/108MEDIA,0,Other_Amphibian,0.6333,3186.0,1717.5,3276.0,1816.1
/srv/shared_leopard_toad/2024/18.11.2024/3R/108MEDIA/DSCF0944.JPG,DSCF0944.JPG,3R/108MEDIA,0,Other_Amphibian,0.8828,1795.6,1726.4,1894.4,1825.0
/srv/shared_leopard_toad/2024/18.11.2024/3R/108MEDIA/DSCF0949.JPG,DSCF0949.JPG,3R/108MEDIA,0,Other_Amphibian,0.6294,1794.7,1725.9,1881.8,1817.9
/srv/shared_leopard_toad/2024/18.11.2024/3R/108MEDIA/DSCF0943.JPG,DSCF0943.JPG,3R/108MEDIA,0,Other_Amphibian,0.8877,1795.1,1728.0,1894.9,1825.9
/srv/shared_leopard_toad/2024/18.11.2024/3R/108MEDIA/DSCF0143.JPG,DSCF0143.JPG,3R/108MEDIA,2,Western_Leopard_Toad,0.2646,1894.1,1265.9,2063.6,1435.0
/srv/shared_leopard_toad/2024/18.11.2024/3R/108MEDIA/DSCF0998.JPG,DSCF0998.JPG,3R/108MEDIA,0,Other_Amphibian,0.8662,1767.6,1757.6,1861.7,1859.6
/srv/shared_leopard_toad/2024/18.11.2024/3R/108MEDIA/DSCF0041.JPG,DSCF0041.JPG,3R/108MEDIA,0,Other_Amphibian,0.6826,2041.8,757.0,2116.2,828.9
/srv/shared_leopard_toad/2024/18.11.2024/3R/108MEDIA/DSCF0970.JPG,DSCF0970.JPG,3R/108MEDIA,0,Other_Amphibian,0.7046,1793.2,1723.9,1883.2,1817.4
/srv/shared_leopard_toad/2024/18.11.2024/3R/108MEDIA/DSCF0509.JPG,DSCF0509.JPG,3R/108MEDIA,2,Western_Leopard_Toad,0.3213,1895.3,1268.6,2042.2,1437.4
/srv/shared_leopard_toad/2024/18.11.2024/3R/108MEDIA/DSCF0509.JPG,DSCF0509.JPG,3R/108MEDIA,0,Other_Amphibian,0.2925,1895.3,1268.6,2042.2,1437.4
/srv/shared_leopard_toad/2024/18.11.2024/3R/108MEDIA/DSCF0644.JPG,DSCF0644.JPG,3R/108MEDIA,0,Other_Amphibian,0.9282,1800.8,1752.1,1927.4,1890.3
/srv/shared_leopard_toad/2024/18.11.2024/3R/108MEDIA/DSCF0644.JPG,DSCF0644.JPG,3R/108MEDIA,0,Other_Amphibian,0.8931,1802.2,1750.6,1928.3,1889.3
/srv/shared_leopard_toad/2024/18.11.2024/3R/108MEDIA/DSCF0220.JPG,DSCF0220.JPG,3R/108MEDIA,2,Western_Leopard_Toad,0.2913,1893.0,1267.9,2058.0,1435.5
/srv/shared_leopard_toad/2024/18.11.2024/3R/108MEDIA/DSCF0515.JPG,DSCF0515.JPG,3R/108MEDIA,0,Other_Amphibian,0.8184,1775.1,1762.2,1908.1,1915.7
/srv/shared_leopard_toad/2024/18.11.2024/3R/108MEDIA/DSCF0515.JPG,DSCF0515.JPG,3R/108MEDIA,2,Western_Leopard_Toad,0.4670,1775.1,1762.2,1908.1,1915.7
/srv/shared_leopard_toad/2024/18.11.2024/3R/108MEDIA/DSCF0988.JPG,DSCF0988.JPG,3R/108MEDIA,0,Other_Amphibian,0.8169,1765.5,1756.2,1852.5,1858.4
/srv/shared_leopard_toad/2024/18.11.2024/3R/108MEDIA/DSCF0959.JPG,DSCF0959.JPG,3R/108MEDIA,0,Other_Amphibian,0.7358,1794.2,1725.4,1884.6,1818.3
/srv/shared_leopard_toad/2024/18.11.2024/3R/108MEDIA/DSCF0532.JPG,DSCF0532.JPG,3R/108MEDIA,0,Other_Amphibian,0.7544,2163.9,585.4,2259.6,675.8
/srv/shared_leopard_toad/2024/18.11.2024/3R/108MEDIA/DSCF0945.JPG,DSCF0945.JPG,3R/108MEDIA,0,Other_Amphibian,0.8804,1795.6,1726.8,1894.4,1824.5
/srv/shared_leopard_toad/2024/18.11.2024/3R/108MEDIA/DSCF0945.JPG,DSCF0945.JPG,3R/108MEDIA,0,Other_Amphibian,0.8579,1796.3,1728.2,1893.7,1825.7
/srv/shared_leopard_toad/2024/18.11.2024/3R/108MEDIA/DSCF0989.JPG,DSCF0989.JPG,3R/108MEDIA,0,Other_Amphibian,0.8691,1766.5,1756.1,1860.5,1858.6
/srv/shared_leopard_toad/2024/18.11.2024/3R/108MEDIA/DSCF0052.JPG,DSCF0052.JPG,3R/108MEDIA,0,Other_Amphibian,0.2125,2698.6,836.3,2755.4,896.4
/srv/shared_leopard_toad/2024/18.11.2024/3R/108MEDIA/DSCF0189.JPG,DSCF0189.JPG,3R/108MEDIA,0,Other_Amphibian,0.6768,3188.8,1731.1,3273.2,1815.2
/srv/shared_leopard_toad/2024/18.11.2024/3R/108MEDIA/DSCF0648.JPG,DSCF0648.JPG,3R/108MEDIA,0,Other_Amphibian,0.9238,1783.5,1711.4,1922.2,1832.3
/srv/shared_leopard_toad/2024/18.11.2024/3R/108MEDIA/DSCF0053.JPG,DSCF0053.JPG,3R/108MEDIA,0,Other_Amphibian,0.3101,2698.1,835.7,2755.9,896.9
/srv/shared_leopard_toad/2024/18.11.2024/3R/108MEDIA/DSCF0955.JPG,DSCF0955.JPG,3R/108MEDIA,0,Other_Amphibian,0.6333,1793.2,1725.4,1883.3,1818.4
/srv/shared_leopard_toad/2024/18.11.2024/3R/108MEDIA/DSCF0149.JPG,DSCF0149.JPG,3R/108MEDIA,2,Western_Leopard_Toad,0.2598,1894.2,1268.5,2056.8,1434.9
/srv/shared_leopard_toad/2024/18.11.2024/3R/108MEDIA/DSCF0963.JPG,DSCF0963.JPG,3R/108MEDIA,0,Other_Amphibian,0.7729,1793.4,1725.2,1883.1,1818.5
/srv/shared_leopard_toad/2024/18.11.2024/3R/108MEDIA/DSCF0978.JPG,DSCF0978.JPG,3R/108MEDIA,0,Other_Amphibian,0.6816,1793.1,1723.2,1883.4,1818.0
/srv/shared_leopard_toad/2024/18.11.2024/3R/108MEDIA/DSCF0499.JPG,DSCF0499.JPG,3R/108MEDIA,2,Western_Leopard_Toad,0.4578,1890.9,1265.3,2033.1,1430.5
/srv/shared_leopard_toad/2024/18.11.2024/3R/108MEDIA/DSCF0499.JPG,DSCF0499.JPG,3R/108MEDIA,0,Other_Amphibian,0.3608,1890.9,1265.3,2033.1,1430.5
/srv/shared_leopard_toad/2024/18.11.2024/3R/108MEDIA/DSCF0965.JPG,DSCF0965.JPG,3R/108MEDIA,0,Other_Amphibian,0.6655,1793.2,1723.7,1883.2,1817.5
/srv/shared_leopard_toad/2024/18.11.2024/3R/108MEDIA/DSCF0186.JPG,DSCF0186.JPG,3R/108MEDIA,0,Other_Amphibian,0.4561,3186.8,1709.6,3275.2,1813.9
/srv/shared_leopard_toad/2024/18.11.2024/3R/108MEDIA/DSCF0186.JPG,DSCF0186.JPG,3R/108MEDIA,0,Other_Amphibian,0.2039,3186.0,1711.0,3271.5,1815.0
/srv/shared_leopard_toad/2024/18.11.2024/3R/108MEDIA/DSCF0962.JPG,DSCF0962.JPG,3R/108MEDIA,0,Other_Amphibian,0.7231,1792.8,1723.6,1883.7,1817.6
/srv/shared_leopard_toad/2024/18.11.2024/3R/108MEDIA/DSCF0991.JPG,DSCF0991.JPG,3R/108MEDIA,0,Other_Amphibian,0.8745,1766.0,1757.1,1861.0,1860.0
/srv/shared_leopard_toad/2024/18.11.2024/3R/108MEDIA/DSCF0966.JPG,DSCF0966.JPG,3R/108MEDIA,0,Other_Amphibian,0.7324,1791.9,1725.6,1880.1,1818.1
/srv/shared_leopard_toad/2024/18.11.2024/3R/108MEDIA/DSCF0985.JPG,DSCF0985.JPG,3R/108MEDIA,0,Other_Amphibian,0.8350,1765.0,1756.5,1853.0,1858.1
/srv/shared_leopard_toad/2024/18.11.2024/3R/108MEDIA/DSCF0516.JPG,DSCF0516.JPG,3R/108MEDIA,2,Western_Leopard_Toad,0.7954,1780.3,1763.6,1916.4,1916.8
/srv/shared_leopard_toad/2024/18.11.2024/3R/108MEDIA/DSCF0516.JPG,DSCF0516.JPG,3R/108MEDIA,0,Other_Amphibian,0.6074,1780.3,1763.6,1916.4,1916.8
/srv/shared_leopard_toad/2024/18.11.2024/3R/108MEDIA/DSCF0500.JPG,DSCF0500.JPG,3R/108MEDIA,2,Western_Leopard_Toad,0.5430,1892.5,1261.3,2042.7,1432.0
/srv/shared_leopard_toad/2024/18.11.2024/3R/108MEDIA/DSCF0500.JPG,DSCF0500.JPG,3R/108MEDIA,0,Other_Amphibian,0.2211,1892.5,1261.3,2042.7,1432.0
/srv/shared_leopard_toad/2024/18.11.2024/3R/108MEDIA/DSCF0182.JPG,DSCF0182.JPG,3R/108MEDIA,2,Western_Leopard_Toad,0.3086,1892.4,1266.7,2058.6,1434.2
/srv/shared_leopard_toad/2024/18.11.2024/3R/108MEDIA/DSCF0360.JPG,DSCF0360.JPG,3R/108MEDIA,0,Other_Amphibian,0.2297,114.8,1547.8,198.8,1628.9
/srv/shared_leopard_toad/2024/18.11.2024/3R/108MEDIA/DSCF0278.JPG,DSCF0278.JPG,3R/108MEDIA,2,Western_Leopard_Toad,0.2947,1894.4,1268.6,2056.6,1434.7
/srv/shared_leopard_toad/2024/18.11.2024/3R/108MEDIA/DSCF0645.JPG,DSCF0645.JPG,3R/108MEDIA,0,Other_Amphibian,0.9092,1799.7,1747.7,1926.3,1866.9
/srv/shared_leopard_toad/2024/18.11.2024/3R/108MEDIA/DSCF0964.JPG,DSCF0964.JPG,3R/108MEDIA,0,Other_Amphibian,0.7021,1792.3,1723.7,1884.2,1817.5
/srv/shared_leopard_toad/2024/18.11.2024/3R/108MEDIA/DSCF0967.JPG,DSCF0967.JPG,3R/108MEDIA,0,Other_Amphibian,0.7778,1791.8,1725.4,1880.2,1818.4
/srv/shared_leopard_toad/2024/18.11.2024/3R/108MEDIA/DSCF0997.JPG,DSCF0997.JPG,3R/108MEDIA,0,Other_Amphibian,0.8726,1766.3,1757.2,1860.7,1860.0
/srv/shared_leopard_toad/2024/18.11.2024/3R/108MEDIA/DSCF0188.JPG,DSCF0188.JPG,3R/108MEDIA,0,Other_Amphibian,0.4512,3182.3,1707.2,3270.7,1813.8
/srv/shared_leopard_toad/2024/18.11.2024/3R/108MEDIA/DSCF0188.JPG,DSCF0188.JPG,3R/108MEDIA,0,Other_Amphibian,0.3823,3186.3,1707.4,3271.2,1813.5
/srv/shared_leopard_toad/2024/18.11.2024/3R/108MEDIA/DSCF0947.JPG,DSCF0947.JPG,3R/108MEDIA,0,Other_Amphibian,0.8950,1795.4,1727.7,1894.6,1826.1
/srv/shared_leopard_toad/2024/18.11.2024/3R/108MEDIA/DSCF0996.JPG,DSCF0996.JPG,3R/108MEDIA,0,Other_Amphibian,0.8647,1767.8,1756.2,1861.5,1858.4
/srv/shared_leopard_toad/2024/18.11.2024/3R/108MEDIA/DSCF0961.JPG,DSCF0961.JPG,3R/108MEDIA,0,Other_Amphibian,0.7300,1790.9,1726.0,1881.1,1817.8
/srv/shared_leopard_toad/2024/18.11.2024/3R/108MEDIA/DSCF0205.JPG,DSCF0205.JPG,3R/108MEDIA,2,Western_Leopard_Toad,0.2673,1893.6,1268.1,2057.4,1435.3
/srv/shared_leopard_toad/2024/18.11.2024/3R/108MEDIA/DSCF0229.JPG,DSCF0229.JPG,3R/108MEDIA,2,Western_Leopard_Toad,0.2935,1892.5,1267.6,2058.5,1435.8
/srv/shared_leopard_toad/2024/18.11.2024/3R/108MEDIA/DSCF0953.JPG,DSCF0953.JPG,3R/108MEDIA,0,Other_Amphibian,0.5293,1794.5,1725.6,1882.0,1818.2
/srv/shared_leopard_toad/2024/18.11.2024/3R/108MEDIA/DSCF0198.JPG,DSCF0198.JPG,3R/108MEDIA,2,Western_Leopard_Toad,0.2678,1893.4,1268.9,2057.6,1434.4
/srv/shared_leopard_toad/2024/18.11.2024/3R/108MEDIA/DSCF0999.JPG,DSCF0999.JPG,3R/108MEDIA,0,Other_Amphibian,0.8745,1765.9,1755.9,1861.1,1858.7
/srv/shared_leopard_toad/2024/18.11.2024/3R/108MEDIA/DSCF0894.JPG,DSCF0894.JPG,3R/108MEDIA,0,Other_Amphibian,0.2993,2410.2,2144.2,2575.8,2275.4
/srv/shared_leopard_toad/2024/18.11.2024/3R/108MEDIA/DSCF0958.JPG,DSCF0958.JPG,3R/108MEDIA,0,Other_Amphibian,0.6372,1793.2,1725.6,1883.2,1818.1
/srv/shared_leopard_toad/2024/18.11.2024/3R/108MEDIA/DSCF0972.JPG,DSCF0972.JPG,3R/108MEDIA,0,Other_Amphibian,0.5635,1793.6,1723.0,1882.9,1818.2
/srv/shared_leopard_toad/2024/18.11.2024/3R/108MEDIA/DSCF0971.JPG,DSCF0971.JPG,3R/108MEDIA,0,Other_Amphibian,0.7017,1793.0,1723.3,1883.5,1817.9
/srv/shared_leopard_toad/2024/18.11.2024/3R/108MEDIA/DSCF0954.JPG,DSCF0954.JPG,3R/108MEDIA,0,Other_Amphibian,0.4766,1794.3,1726.6,1882.2,1817.2
/srv/shared_leopard_toad/2024/18.11.2024/3R/108MEDIA/DSCF0199.JPG,DSCF0199.JPG,3R/108MEDIA,2,Western_Leopard_Toad,0.2695,1894.2,1269.7,2056.8,1433.6
/srv/shared_leopard_toad/2024/18.11.2024/3R/108MEDIA/DSCF0281.JPG,DSCF0281.JPG,3R/108MEDIA,2,Western_Leopard_Toad,0.2556,1892.9,1265.1,2064.9,1433.2
/srv/shared_leopard_toad/2024/18.11.2024/3R/108MEDIA/DSCF0976.JPG,DSCF0976.JPG,3R/108MEDIA,0,Other_Amphibian,0.6958,1792.9,1725.0,1883.6,1818.7
/srv/shared_leopard_toad/2024/18.11.2024/3R/108MEDIA/DSCF0969.JPG,DSCF0969.JPG,3R/108MEDIA,0,Other_Amphibian,0.7183,1791.1,1725.4,1880.9,1818.3
/srv/shared_leopard_toad/2024/18.11.2024/3R/108MEDIA/DSCF0131.JPG,DSCF0131.JPG,3R/108MEDIA,2,Western_Leopard_Toad,0.2788,1893.6,1266.7,2057.4,1434.2
/srv/shared_leopard_toad/2024/18.11.2024/3R/108MEDIA/DSCF0498.JPG,DSCF0498.JPG,3R/108MEDIA,2,Western_Leopard_Toad,0.5781,1889.3,1267.2,2030.2,1433.6
/srv/shared_leopard_toad/2024/18.11.2024/3R/108MEDIA/DSCF0498.JPG,DSCF0498.JPG,3R/108MEDIA,0,Other_Amphibian,0.3894,1889.3,1267.2,2030.2,1433.6
/srv/shared_leopard_toad/2024/18.11.2024/3R/108MEDIA/DSCF0498.JPG,DSCF0498.JPG,3R/108MEDIA,1,Small_Mammal,0.2190,1889.3,1267.2,2030.2,1433.6
/srv/shared_leopard_toad/2024/18.11.2024/3R/108MEDIA/DSCF0960.JPG,DSCF0960.JPG,3R/108MEDIA,0,Other_Amphibian,0.6602,1793.7,1726.2,1882.8,1817.5
/srv/shared_leopard_toad/2024/18.11.2024/3R/108MEDIA/DSCF0054.JPG,DSCF0054.JPG,3R/108MEDIA,0,Other_Amphibian,0.3149,2700.6,834.1,2757.9,896.0
/srv/shared_leopard_toad/2024/18.11.2024/3R/108MEDIA/DSCF0946.JPG,DSCF0946.JPG,3R/108MEDIA,0,Other_Amphibian,0.8853,1796.0,1727.7,1894.0,1826.2
/srv/shared_leopard_toad/2024/18.11.2024/3R/108MEDIA/DSCF0974.JPG,DSCF0974.JPG,3R/108MEDIA,0,Other_Amphibian,0.7397,1791.1,1725.7,1880.9,1818.0
/srv/shared_leopard_toad/2024/18.11.2024/3R/108MEDIA/DSCF0977.JPG,DSCF0977.JPG,3R/108MEDIA,0,Other_Amphibian,0.6509,1791.2,1721.5,1880.8,1817.2
/srv/shared_leopard_toad/2024/18.11.2024/3R/108MEDIA/DSCF0952.JPG,DSCF0952.JPG,3R/108MEDIA,0,Other_Amphibian,0.6992,1792.4,1725.3,1879.6,1818.5
/srv/shared_leopard_toad/2024/18.11.2024/3R/108MEDIA/DSCF0957.JPG,DSCF0957.JPG,3R/108MEDIA,0,Other_Amphibian,0.7524,1793.1,1725.8,1883.4,1818.0
/srv/shared_leopard_toad/2024/18.11.2024/3R/108MEDIA/DSCF0496.JPG,DSCF0496.JPG,3R/108MEDIA,2,Western_Leopard_Toad,0.4399,1890.7,1265.7,2037.8,1437.7
/srv/shared_leopard_toad/2024/18.11.2024/3R/108MEDIA/DSCF0496.JPG,DSCF0496.JPG,3R/108MEDIA,0,Other_Amphibian,0.2064,1890.7,1265.7,2037.8,1437.7
/srv/shared_leopard_toad/2024/18.11.2024/3R/108MEDIA/DSCF0995.JPG,DSCF0995.JPG,3R/108MEDIA,0,Other_Amphibian,0.8701,1766.1,1757.2,1860.9,1860.0
/srv/shared_leopard_toad/2024/18.11.2024/3R/108MEDIA/DSCF0646.JPG,DSCF0646.JPG,3R/108MEDIA,0,Other_Amphibian,0.9229,1784.9,1711.6,1923.1,1832.2
/srv/shared_leopard_toad/2024/18.11.2024/3R/108MEDIA/DSCF0228.JPG,DSCF0228.JPG,3R/108MEDIA,2,Western_Leopard_Toad,0.2644,1893.9,1270.5,2057.1,1435.4
/srv/shared_leopard_toad/2024/18.11.2024/3R/108MEDIA/DSCF0056.JPG,DSCF0056.JPG,3R/108MEDIA,0,Other_Amphibian,0.3713,2700.8,834.4,2757.7,897.0
/srv/shared_leopard_toad/2024/18.11.2024/3R/108MEDIA/DSCF0522.JPG,DSCF0522.JPG,3R/108MEDIA,0,Other_Amphibian,0.2925,2465.9,1953.5,2569.6,2061.1
/srv/shared_leopard_toad/2024/18.11.2024/3R/108MEDIA/DSCF0975.JPG,DSCF0975.JPG,3R/108MEDIA,0,Other_Amphibian,0.7485,1793.7,1725.4,1882.8,1818.3
/srv/shared_leopard_toad/2024/18.11.2024/3R/108MEDIA/DSCF0951.JPG,DSCF0951.JPG,3R/108MEDIA,0,Other_Amphibian,0.6797,1792.1,1726.0,1879.9,1817.8
/srv/shared_leopard_toad/2024/18.11.2024/3R/108MEDIA/DSCF0647.JPG,DSCF0647.JPG,3R/108MEDIA,0,Other_Amphibian,0.9204,1784.5,1712.0,1923.5,1831.8
/srv/shared_leopard_toad/2024/18.11.2024/3R/108MEDIA/DSCF0968.JPG,DSCF0968.JPG,3R/108MEDIA,0,Other_Amphibian,0.6880,1793.0,1723.5,1883.5,1817.7
/srv/shared_leopard_toad/2024/18.11.2024/3R/108MEDIA/DSCF0948.JPG,DSCF0948.JPG,3R/108MEDIA,0,Other_Amphibian,0.8911,1795.8,1726.8,1894.2,1824.5
/srv/shared_leopard_toad/2024/18.11.2024/3R/108MEDIA/DSCF0948.JPG,DSCF0948.JPG,3R/108MEDIA,0,Other_Amphibian,0.6475,1796.5,1727.0,1893.5,1824.3
/srv/shared_leopard_toad/2024/18.11.2024/3R/108MEDIA/DSCF0973.JPG,DSCF0973.JPG,3R/108MEDIA,0,Other_Amphibian,0.8154,1792.4,1723.4,1884.1,1817.8
/srv/shared_leopard_toad/2024/18.11.2024/3R/108MEDIA/DSCF0984.JPG,DSCF0984.JPG,3R/108MEDIA,0,Other_Amphibian,0.8564,1766.2,1756.8,1851.8,1857.8
/srv/shared_leopard_toad/2024/18.11.2024/3R/108MEDIA/DSCF0242.JPG,DSCF0242.JPG,3R/108MEDIA,2,Western_Leopard_Toad,0.2756,1892.7,1267.2,2058.3,1433.6
/srv/shared_leopard_toad/2024/18.11.2024/3R/108MEDIA/DSCF0055.JPG,DSCF0055.JPG,3R/108MEDIA,0,Other_Amphibian,0.2378,2700.8,836.2,2757.7,895.1
/srv/shared_leopard_toad/2024/18.11.2024/3R/108MEDIA/DSCF0987.JPG,DSCF0987.JPG,3R/108MEDIA,0,Other_Amphibian,0.8311,1765.9,1757.5,1852.1,1859.7
/srv/shared_leopard_toad/2024/18.11.2024/3R/108MEDIA/DSCF0990.JPG,DSCF0990.JPG,3R/108MEDIA,0,Other_Amphibian,0.8657,1767.9,1755.7,1863.6,1859.0
/srv/shared_leopard_toad/2024/18.11.2024/3R/108MEDIA/DSCF0789.JPG,DSCF0789.JPG,3R/108MEDIA,0,Other_Amphibian,0.4917,1835.3,124.3,1926.7,192.9
/srv/shared_leopard_toad/2024/18.11.2024/3R/108MEDIA/DSCF0789.JPG,DSCF0789.JPG,3R/108MEDIA,0,Other_Amphibian,0.4810,1834.1,125.7,1927.9,193.9
/srv/shared_leopard_toad/2024/18.11.2024/3R/108MEDIA/DSCF0497.JPG,DSCF0497.JPG,3R/108MEDIA,2,Western_Leopard_Toad,0.6240,1890.5,1270.1,2029.0,1435.9
/srv/shared_leopard_toad/2024/18.11.2024/3R/108MEDIA/DSCF0497.JPG,DSCF0497.JPG,3R/108MEDIA,0,Other_Amphibian,0.4651,1890.5,1270.1,2029.0,1435.9
/srv/shared_leopard_toad/2024/18.11.2024/3R/108MEDIA/DSCF0200.JPG,DSCF0200.JPG,3R/108MEDIA,2,Western_Leopard_Toad,0.3162,1891.8,1266.2,2059.2,1434.7
/srv/shared_leopard_toad/2024/18.11.2024/3R/108MEDIA/DSCF0950.JPG,DSCF0950.JPG,3R/108MEDIA,0,Other_Amphibian,0.7090,1793.4,1725.3,1883.1,1818.5
/srv/shared_leopard_toad/2024/18.11.2024/3R/108MEDIA/DSCF0992.JPG,DSCF0992.JPG,3R/108MEDIA,0,Other_Amphibian,0.8696,1766.7,1757.9,1860.3,1859.3
/srv/shared_leopard_toad/2024/18.11.2024/3R/110MEDIA/DSCF0537.JPG,DSCF0537.JPG,3R/110MEDIA,2,Western_Leopard_Toad,0.3462,1888.6,1273.5,2026.4,1429.8
/srv/shared_leopard_toad/2024/18.11.2024/3R/110MEDIA/DSCF0541.JPG,DSCF0541.JPG,3R/110MEDIA,2,Western_Leopard_Toad,0.2859,1886.6,1273.9,2023.9,1432.0
/srv/shared_leopard_toad/2024/18.11.2024/3R/110MEDIA/DSCF0911.JPG,DSCF0911.JPG,3R/110MEDIA,2,Western_Leopard_Toad,0.3445,1890.4,1271.2,2024.6,1432.2
/srv/shared_leopard_toad/2024/18.11.2024/3R/110MEDIA/DSCF0464.JPG,DSCF0464.JPG,3R/110MEDIA,2,Western_Leopard_Toad,0.2908,1887.1,1274.5,2023.4,1434.0
/srv/shared_leopard_toad/2024/18.11.2024/3R/110MEDIA/DSCF0514.JPG,DSCF0514.JPG,3R/110MEDIA,2,Western_Leopard_Toad,0.3994,1888.9,1272.4,2026.1,1428.5
/srv/shared_leopard_toad/2024/18.11.2024/3R/110MEDIA/DSCF0933.JPG,DSCF0933.JPG,3R/110MEDIA,2,Western_Leopard_Toad,0.2590,1888.7,1272.7,2026.3,1433.2
/srv/shared_leopard_toad/2024/18.11.2024/3R/110MEDIA/DSCF0562.JPG,DSCF0562.JPG,3R/110MEDIA,2,Western_Leopard_Toad,0.2842,1887.2,1274.2,2023.3,1431.7
/srv/shared_leopard_toad/2024/18.11.2024/3R/110MEDIA/DSCF0512.JPG,DSCF0512.JPG,3R/110MEDIA,2,Western_Leopard_Toad,0.3528,1888.3,1271.8,2026.7,1429.0
/srv/shared_leopard_toad/2024/18.11.2024/3R/110MEDIA/DSCF0765.JPG,DSCF0765.JPG,3R/110MEDIA,2,Western_Leopard_Toad,0.3918,1888.9,1276.6,2026.1,1434.3
/srv/shared_leopard_toad/2024/18.11.2024/3R/110MEDIA/DSCF0667.JPG,DSCF0667.JPG,3R/110MEDIA,2,Western_Leopard_Toad,0.3103,1885.8,1275.6,2024.7,1432.8
/srv/shared_leopard_toad/2024/18.11.2024/3R/110MEDIA/DSCF0868.JPG,DSCF0868.JPG,3R/110MEDIA,2,Western_Leopard_Toad,0.4597,1891.0,1271.7,2024.0,1434.2
/srv/shared_leopard_toad/2024/18.11.2024/3R/110MEDIA/DSCF0668.JPG,DSCF0668.JPG,3R/110MEDIA,2,Western_Leopard_Toad,0.2869,1888.3,1275.1,2026.7,1430.8
/srv/shared_leopard_toad/2024/18.11.2024/3R/110MEDIA/DSCF0640.JPG,DSCF0640.JPG,3R/110MEDIA,2,Western_Leopard_Toad,0.3601,1886.3,1275.0,2024.2,1433.4
/srv/shared_leopard_toad/2024/18.11.2024/3R/110MEDIA/DSCF0623.JPG,DSCF0623.JPG,3R/110MEDIA,2,Western_Leopard_Toad,0.2600,1887.8,1273.5,2027.2,1432.4
/srv/shared_leopard_toad/2024/18.11.2024/3R/110MEDIA/DSCF0827.JPG,DSCF0827.JPG,3R/110MEDIA,2,Western_Leopard_Toad,0.2510,1883.4,1271.4,2022.6,1434.5
/srv/shared_leopard_toad/2024/18.11.2024/3R/110MEDIA/DSCF0560.JPG,DSCF0560.JPG,3R/110MEDIA,2,Western_Leopard_Toad,0.4490,1886.7,1272.7,2023.8,1430.7
/srv/shared_leopard_toad/2024/18.11.2024/3R/110MEDIA/DSCF0720.JPG,DSCF0720.JPG,3R/110MEDIA,2,Western_Leopard_Toad,0.2939,1888.0,1274.5,2027.0,1431.4
/srv/shared_leopard_toad/2024/18.11.2024/3R/110MEDIA/DSCF0712.JPG,DSCF0712.JPG,3R/110MEDIA,2,Western_Leopard_Toad,0.3479,1885.5,1274.5,2025.0,1434.0
/srv/shared_leopard_toad/2024/18.11.2024/3R/110MEDIA/DSCF0489.JPG,DSCF0489.JPG,3R/110MEDIA,2,Western_Leopard_Toad,0.3667,1888.4,1272.3,2026.6,1428.6
/srv/shared_leopard_toad/2024/18.11.2024/3R/110MEDIA/DSCF0834.JPG,DSCF0834.JPG,3R/110MEDIA,2,Western_Leopard_Toad,0.3010,1887.8,1270.5,2027.2,1432.9
/srv/shared_leopard_toad/2024/18.11.2024/3R/110MEDIA/DSCF0822.JPG,DSCF0822.JPG,3R/110MEDIA,2,Western_Leopard_Toad,0.2917,1885.4,1270.5,2025.1,1432.9
/srv/shared_leopard_toad/2024/18.11.2024/3R/110MEDIA/DSCF0807.JPG,DSCF0807.JPG,3R/110MEDIA,2,Western_Leopard_Toad,0.6187,1887.1,1268.9,2027.9,1432.0
/srv/shared_leopard_toad/2024/18.11.2024/3R/110MEDIA/DSCF0507.JPG,DSCF0507.JPG,3R/110MEDIA,2,Western_Leopard_Toad,0.3379,1886.7,1273.7,2023.8,1429.7
/srv/shared_leopard_toad/2024/18.11.2024/3R/110MEDIA/DSCF0592.JPG,DSCF0592.JPG,3R/110MEDIA,2,Western_Leopard_Toad,0.3218,1889.8,1274.6,2025.2,1431.3
/srv/shared_leopard_toad/2024/18.11.2024/3R/110MEDIA/DSCF0549.JPG,DSCF0549.JPG,3R/110MEDIA,2,Western_Leopard_Toad,0.2612,1886.0,1274.1,2024.5,1431.8
/srv/shared_leopard_toad/2024/18.11.2024/3R/110MEDIA/DSCF0912.JPG,DSCF0912.JPG,3R/110MEDIA,2,Western_Leopard_Toad,0.5576,1890.0,1272.5,2025.0,1430.9
/srv/shared_leopard_toad/2024/18.11.2024/3R/110MEDIA/DSCF0899.JPG,DSCF0899.JPG,3R/110MEDIA,2,Western_Leopard_Toad,0.4092,1889.7,1273.1,2025.3,1432.8
/srv/shared_leopard_toad/2024/18.11.2024/3R/110MEDIA/DSCF0713.JPG,DSCF0713.JPG,3R/110MEDIA,2,Western_Leopard_Toad,0.5552,1885.9,1274.8,2024.6,1433.7
/srv/shared_leopard_toad/2024/18.11.2024/3R/110MEDIA/DSCF0699.JPG,DSCF0699.JPG,3R/110MEDIA,2,Western_Leopard_Toad,0.3882,1885.6,1273.3,2024.9,1432.6
/srv/shared_leopard_toad/2024/18.11.2024/3R/110MEDIA/DSCF0566.JPG,DSCF0566.JPG,3R/110MEDIA,2,Western_Leopard_Toad,0.3867,1888.8,1272.3,2026.2,1428.6
/srv/shared_leopard_toad/2024/18.11.2024/3R/110MEDIA/DSCF0559.JPG,DSCF0559.JPG,3R/110MEDIA,2,Western_Leopard_Toad,0.3533,1889.1,1274.2,2025.9,1434.3
/srv/shared_leopard_toad/2024/18.11.2024/3R/110MEDIA/DSCF0368.JPG,DSCF0368.JPG,3R/110MEDIA,0,Other_Amphibian,0.9170,1816.9,1703.4,1958.6,1850.5
/srv/shared_leopard_toad/2024/18.11.2024/3R/110MEDIA/DSCF0755.JPG,DSCF0755.JPG,3R/110MEDIA,2,Western_Leopard_Toad,0.3318,1887.6,1275.0,2027.4,1433.4
/srv/shared_leopard_toad/2024/18.11.2024/3R/110MEDIA/DSCF0880.JPG,DSCF0880.JPG,3R/110MEDIA,2,Western_Leopard_Toad,0.4812,1889.7,1271.0,2025.3,1432.3
/srv/shared_leopard_toad/2024/18.11.2024/3R/110MEDIA/DSCF0938.JPG,DSCF0938.JPG,3R/110MEDIA,2,Western_Leopard_Toad,0.5151,1889.6,1273.1,2025.4,1432.8
/srv/shared_leopard_toad/2024/18.11.2024/3R/110MEDIA/DSCF0487.JPG,DSCF0487.JPG,3R/110MEDIA,2,Western_Leopard_Toad,0.2542,1889.3,1272.9,2025.7,1430.4
/srv/shared_leopard_toad/2024/18.11.2024/3R/110MEDIA/DSCF0709.JPG,DSCF0709.JPG,3R/110MEDIA,2,Western_Leopard_Toad,0.2776,1885.6,1275.4,2024.9,1433.1
/srv/shared_leopard_toad/2024/18.11.2024/3R/110MEDIA/DSCF0870.JPG,DSCF0870.JPG,3R/110MEDIA,2,Western_Leopard_Toad,0.2908,1889.3,1272.5,2025.7,1433.4
/srv/shared_leopard_toad/2024/18.11.2024/3R/110MEDIA/DSCF0700.JPG,DSCF0700.JPG,3R/110MEDIA,2,Western_Leopard_Toad,0.4331,1888.4,1273.9,2026.6,1434.5
/srv/shared_leopard_toad/2024/18.11.2024/3R/110MEDIA/DSCF0936.JPG,DSCF0936.JPG,3R/110MEDIA,2,Western_Leopard_Toad,0.2847,1889.6,1273.9,2025.4,1434.5
/srv/shared_leopard_toad/2024/18.11.2024/3R/110MEDIA/DSCF0524.JPG,DSCF0524.JPG,3R/110MEDIA,2,Western_Leopard_Toad,0.4407,1889.2,1270.6,2025.8,1427.7
/srv/shared_leopard_toad/2024/18.11.2024/3R/110MEDIA/DSCF0866.JPG,DSCF0866.JPG,3R/110MEDIA,2,Western_Leopard_Toad,0.3110,1890.4,1271.4,2024.6,1434.5
/srv/shared_leopard_toad/2024/18.11.2024/3R/110MEDIA/DSCF0581.JPG,DSCF0581.JPG,3R/110MEDIA,2,Western_Leopard_Toad,0.3335,1888.4,1272.9,2026.6,1430.4
/srv/shared_leopard_toad/2024/18.11.2024/3R/110MEDIA/DSCF0486.JPG,DSCF0486.JPG,3R/110MEDIA,2,Western_Leopard_Toad,0.3235,1889.4,1272.8,2025.6,1430.6
/srv/shared_leopard_toad/2024/18.11.2024/3R/110MEDIA/DSCF0526.JPG,DSCF0526.JPG,3R/110MEDIA,2,Western_Leopard_Toad,0.5273,1888.8,1273.1,2026.2,1430.3
/srv/shared_leopard_toad/2024/18.11.2024/3R/110MEDIA/DSCF0854.JPG,DSCF0854.JPG,3R/110MEDIA,2,Western_Leopard_Toad,0.2605,1887.1,1271.2,2018.9,1434.7
/srv/shared_leopard_toad/2024/18.11.2024/3R/110MEDIA/DSCF0851.JPG,DSCF0851.JPG,3R/110MEDIA,2,Western_Leopard_Toad,0.3704,1887.0,1272.0,2019.0,1433.9
/srv/shared_leopard_toad/2024/18.11.2024/3R/110MEDIA/DSCF0906.JPG,DSCF0906.JPG,3R/110MEDIA,2,Western_Leopard_Toad,0.4470,1890.2,1271.4,2024.8,1434.5
/srv/shared_leopard_toad/2024/18.11.2024/3R/110MEDIA/DSCF0924.JPG,DSCF0924.JPG,3R/110MEDIA,2,Western_Leopard_Toad,0.7080,1889.3,1270.6,2025.7,1432.8
/srv/shared_leopard_toad/2024/18.11.2024/3R/110MEDIA/DSCF0944.JPG,DSCF0944.JPG,3R/110MEDIA,2,Western_Leopard_Toad,0.4973,1890.4,1272.5,2024.6,1433.4
/srv/shared_leopard_toad/2024/18.11.2024/3R/110MEDIA/DSCF0580.JPG,DSCF0580.JPG,3R/110MEDIA,2,Western_Leopard_Toad,0.2881,1888.6,1273.1,2026.4,1430.3
/srv/shared_leopard_toad/2024/18.11.2024/3R/110MEDIA/DSCF0949.JPG,DSCF0949.JPG,3R/110MEDIA,2,Western_Leopard_Toad,0.5112,1890.6,1272.5,2024.4,1433.4
/srv/shared_leopard_toad/2024/18.11.2024/3R/110MEDIA/DSCF0736.JPG,DSCF0736.JPG,3R/110MEDIA,2,Western_Leopard_Toad,0.4360,1887.5,1275.0,2027.5,1433.4
/srv/shared_leopard_toad/2024/18.11.2024/3R/110MEDIA/DSCF0943.JPG,DSCF0943.JPG,3R/110MEDIA,2,Western_Leopard_Toad,0.3430,1888.1,1272.0,2022.4,1433.9
/srv/shared_leopard_toad/2024/18.11.2024/3R/110MEDIA/DSCF0662.JPG,DSCF0662.JPG,3R/110MEDIA,2,Western_Leopard_Toad,0.2859,1888.3,1273.8,2026.7,1432.1
/srv/shared_leopard_toad/2024/18.11.2024/3R/110MEDIA/DSCF0041.JPG,DSCF0041.JPG,3R/110MEDIA,2,Western_Leopard_Toad,0.2671,3084.6,551.5,3228.9,659.1
/srv/shared_leopard_toad/2024/18.11.2024/3R/110MEDIA/DSCF0509.JPG,DSCF0509.JPG,3R/110MEDIA,2,Western_Leopard_Toad,0.3484,1888.3,1272.9,2026.7,1430.4
/srv/shared_leopard_toad/2024/18.11.2024/3R/110MEDIA/DSCF0634.JPG,DSCF0634.JPG,3R/110MEDIA,2,Western_Leopard_Toad,0.2832,1885.3,1273.7,2025.2,1432.3
/srv/shared_leopard_toad/2024/18.11.2024/3R/110MEDIA/DSCF0896.JPG,DSCF0896.JPG,3R/110MEDIA,2,Western_Leopard_Toad,0.4001,1888.6,1273.1,2026.4,1432.8
/srv/shared_leopard_toad/2024/18.11.2024/3R/110MEDIA/DSCF0925.JPG,DSCF0925.JPG,3R/110MEDIA,2,Western_Leopard_Toad,0.6509,1888.9,1270.2,2026.1,1430.6
/srv/shared_leopard_toad/2024/18.11.2024/3R/110MEDIA/DSCF0925.JPG,DSCF0925.JPG,3R/110MEDIA,1,Small_Mammal,0.2069,1888.9,1270.2,2026.1,1430.6
/srv/shared_leopard_toad/2024/18.11.2024/3R/110MEDIA/DSCF0661.JPG,DSCF0661.JPG,3R/110MEDIA,2,Western_Leopard_Toad,0.3711,1886.4,1274.4,2024.1,1431.5
/srv/shared_leopard_toad/2024/18.11.2024/3R/110MEDIA/DSCF0858.JPG,DSCF0858.JPG,3R/110MEDIA,2,Western_Leopard_Toad,0.5659,1889.5,1270.5,2021.0,1432.9
/srv/shared_leopard_toad/2024/18.11.2024/3R/110MEDIA/DSCF0722.JPG,DSCF0722.JPG,3R/110MEDIA,2,Western_Leopard_Toad,0.2705,1887.9,1273.2,2027.1,1432.7
/srv/shared_leopard_toad/2024/18.11.2024/3R/110MEDIA/DSCF0556.JPG,DSCF0556.JPG,3R/110MEDIA,2,Western_Leopard_Toad,0.2832,1889.4,1272.8,2025.6,1430.6
/srv/shared_leopard_toad/2024/18.11.2024/3R/110MEDIA/DSCF0862.JPG,DSCF0862.JPG,3R/110MEDIA,2,Western_Leopard_Toad,0.5278,1890.0,1269.1,2025.0,1434.3
/srv/shared_leopard_toad/2024/18.11.2024/3R/110MEDIA/DSCF0758.JPG,DSCF0758.JPG,3R/110MEDIA,2,Western_Leopard_Toad,0.4766,1889.8,1276.1,2025.2,1432.4
/srv/shared_leopard_toad/2024/18.11.2024/3R/110MEDIA/DSCF0723.JPG,DSCF0723.JPG,3R/110MEDIA,2,Western_Leopard_Toad,0.2683,1885.8,1273.8,2024.7,1432.1
/srv/shared_leopard_toad/2024/18.11.2024/3R/110MEDIA/DSCF0878.JPG,DSCF0878.JPG,3R/110MEDIA,2,Western_Leopard_Toad,0.4854,1889.3,1269.5,2025.7,1431.3
/srv/shared_leopard_toad/2024/18.11.2024/3R/110MEDIA/DSCF0864.JPG,DSCF0864.JPG,3R/110MEDIA,2,Western_Leopard_Toad,0.2754,1889.8,1271.6,2025.2,1434.3
/srv/shared_leopard_toad/2024/18.11.2024/3R/110MEDIA/DSCF0697.JPG,DSCF0697.JPG,3R/110MEDIA,2,Western_Leopard_Toad,0.4304,1889.2,1273.1,2025.8,1432.8
/srv/shared_leopard_toad/2024/18.11.2024/3R/110MEDIA/DSCF0761.JPG,DSCF0761.JPG,3R/110MEDIA,2,Western_Leopard_Toad,0.2534,1887.9,1273.2,2027.1,1432.7
/srv/shared_leopard_toad/2024/18.11.2024/3R/110MEDIA/DSCF0833.JPG,DSCF0833.JPG,3R/110MEDIA,2,Western_Leopard_Toad,0.3792,1887.8,1271.4,2027.2,1434.5
/srv/shared_leopard_toad/2024/18.11.2024/3R/110MEDIA/DSCF0945.JPG,DSCF0945.JPG,3R/110MEDIA,2,Western_Leopard_Toad,0.4976,1889.4,1272.4,2025.6,1436.0
/srv/shared_leopard_toad/2024/18.11.2024/3R/110MEDIA/DSCF0653.JPG,DSCF0653.JPG,3R/110MEDIA,2,Western_Leopard_Toad,0.3198,1888.0,1275.8,2027.0,1432.6
/srv/shared_leopard_toad/2024/18.11.2024/3R/110MEDIA/DSCF0754.JPG,DSCF0754.JPG,3R/110MEDIA,2,Western_Leopard_Toad,0.3511,1888.7,1274.8,2026.3,1433.7
/srv/shared_leopard_toad/2024/18.11.2024/3R/110MEDIA/DSCF0729.JPG,DSCF0729.JPG,3R/110MEDIA,2,Western_Leopard_Toad,0.3877,1889.1,1275.8,2025.9,1435.2
/srv/shared_leopard_toad/2024/18.11.2024/3R/110MEDIA/DSCF0848.JPG,DSCF0848.JPG,3R/110MEDIA,2,Western_Leopard_Toad,0.4495,1887.2,1275.3,2018.8,1435.7
/srv/shared_leopard_toad/2024/18.11.2024/3R/110MEDIA/DSCF0861.JPG,DSCF0861.JPG,3R/110MEDIA,2,Western_Leopard_Toad,0.3701,1890.1,1272.0,2024.9,1433.9
/srv/shared_leopard_toad/2024/18.11.2024/3R/110MEDIA/DSCF0659.JPG,DSCF0659.JPG,3R/110MEDIA,2,Western_Leopard_Toad,0.3975,1885.0,1275.9,2025.5,1432.5
/srv/shared_leopard_toad/2024/18.11.2024/3R/110MEDIA/DSCF0096.JPG,DSCF0096.JPG,3R/110MEDIA,2,Western_Leopard_Toad,0.7134,2992.0,2276.3,3123.5,2444.5
/srv/shared_leopard_toad/2024/18.11.2024/3R/110MEDIA/DSCF0096.JPG,DSCF0096.JPG,3R/110MEDIA,0,Other_Amphibian,0.2094,2992.0,2276.3,3123.5,2444.5
/srv/shared_leopard_toad/2024/18.11.2024/3R/110MEDIA/DSCF0502.JPG,DSCF0502.JPG,3R/110MEDIA,2,Western_Leopard_Toad,0.3076,1886.9,1273.1,2023.6,1432.8
/srv/shared_leopard_toad/2024/18.11.2024/3R/110MEDIA/DSCF0930.JPG,DSCF0930.JPG,3R/110MEDIA,2,Western_Leopard_Toad,0.5249,1889.3,1272.7,2025.7,1433.2
/srv/shared_leopard_toad/2024/18.11.2024/3R/110MEDIA/DSCF0731.JPG,DSCF0731.JPG,3R/110MEDIA,2,Western_Leopard_Toad,0.3271,1888.8,1273.8,2026.2,1432.1
/srv/shared_leopard_toad/2024/18.11.2024/3R/110MEDIA/DSCF0898.JPG,DSCF0898.JPG,3R/110MEDIA,2,Western_Leopard_Toad,0.4634,1890.2,1272.3,2024.8,1433.6
/srv/shared_leopard_toad/2024/18.11.2024/3R/110MEDIA/DSCF0582.JPG,DSCF0582.JPG,3R/110MEDIA,2,Western_Leopard_Toad,0.3279,1888.8,1272.8,2026.2,1430.6
/srv/shared_leopard_toad/2024/18.11.2024/3R/110MEDIA/DSCF0716.JPG,DSCF0716.JPG,3R/110MEDIA,2,Western_Leopard_Toad,0.2761,1884.1,1273.3,2021.9,1432.6
/srv/shared_leopard_toad/2024/18.11.2024/3R/110MEDIA/DSCF0931.JPG,DSCF0931.JPG,3R/110MEDIA,2,Western_Leopard_Toad,0.5737,1889.1,1272.5,2025.9,1433.4
/srv/shared_leopard_toad/2024/18.11.2024/3R/110MEDIA/DSCF0704.JPG,DSCF0704.JPG,3R/110MEDIA,2,Western_Leopard_Toad,0.3391,1886.6,1274.5,2023.9,1434.0
/srv/shared_leopard_toad/2024/18.11.2024/3R/110MEDIA/DSCF0738.JPG,DSCF0738.JPG,3R/110MEDIA,2,Western_Leopard_Toad,0.4038,1888.8,1273.9,2026.2,1432.0
/srv/shared_leopard_toad/2024/18.11.2024/3R/110MEDIA/DSCF0739.JPG,DSCF0739.JPG,3R/110MEDIA,2,Western_Leopard_Toad,0.3525,1887.9,1273.1,2027.1,1432.8
/srv/shared_leopard_toad/2024/18.11.2024/3R/110MEDIA/DSCF0875.JPG,DSCF0875.JPG,3R/110MEDIA,2,Western_Leopard_Toad,0.4102,1890.0,1269.2,2025.0,1431.7
/srv/shared_leopard_toad/2024/18.11.2024/3R/110MEDIA/DSCF0097.JPG,DSCF0097.JPG,3R/110MEDIA,2,Western_Leopard_Toad,0.7461,2961.5,2076.2,3077.5,2226.9
/srv/shared_leopard_toad/2024/18.11.2024/3R/110MEDIA/DSCF0097.JPG,DSCF0097.JPG,3R/110MEDIA,0,Other_Amphibian,0.6392,2961.5,2076.2,3077.5,2226.9
/srv/shared_leopard_toad/2024/18.11.2024/3R/110MEDIA/DSCF0927.JPG,DSCF0927.JPG,3R/110MEDIA,2,Western_Leopard_Toad,0.4226,1890.6,1272.7,2024.4,1433.2
/srv/shared_leopard_toad/2024/18.11.2024/3R/110MEDIA/DSCF0888.JPG,DSCF0888.JPG,3R/110MEDIA,2,Western_Leopard_Toad,0.3960,1890.4,1268.5,2024.6,1432.4
/srv/shared_leopard_toad/2024/18.11.2024/3R/110MEDIA/DSCF0908.JPG,DSCF0908.JPG,3R/110MEDIA,2,Western_Leopard_Toad,0.3059,1890.7,1272.7,2024.3,1433.2
/srv/shared_leopard_toad/2024/18.11.2024/3R/110MEDIA/DSCF0567.JPG,DSCF0567.JPG,3R/110MEDIA,2,Western_Leopard_Toad,0.3049,1888.7,1273.3,2026.3,1430.1
/srv/shared_leopard_toad/2024/18.11.2024/3R/110MEDIA/DSCF0872.JPG,DSCF0872.JPG,3R/110MEDIA,2,Western_Leopard_Toad,0.4094,1890.1,1270.5,2024.9,1432.9
/srv/shared_leopard_toad/2024/18.11.2024/3R/110MEDIA/DSCF0892.JPG,DSCF0892.JPG,3R/110MEDIA,2,Western_Leopard_Toad,0.3386,1890.4,1270.8,2024.6,1432.6
/srv/shared_leopard_toad/2024/18.11.2024/3R/110MEDIA/DSCF0900.JPG,DSCF0900.JPG,3R/110MEDIA,2,Western_Leopard_Toad,0.5083,1889.7,1272.2,2025.3,1433.7
/srv/shared_leopard_toad/2024/18.11.2024/3R/110MEDIA/DSCF0877.JPG,DSCF0877.JPG,3R/110MEDIA,2,Western_Leopard_Toad,0.5430,1889.3,1267.4,2025.7,1433.5
/srv/shared_leopard_toad/2024/18.11.2024/3R/110MEDIA/DSCF0890.JPG,DSCF0890.JPG,3R/110MEDIA,2,Western_Leopard_Toad,0.4456,1890.1,1269.4,2024.9,1434.0
/srv/shared_leopard_toad/2024/18.11.2024/3R/110MEDIA/DSCF0750.JPG,DSCF0750.JPG,3R/110MEDIA,2,Western_Leopard_Toad,0.3911,1888.1,1272.7,2026.9,1433.2
/srv/shared_leopard_toad/2024/18.11.2024/3R/110MEDIA/DSCF0823.JPG,DSCF0823.JPG,3R/110MEDIA,2,Western_Leopard_Toad,0.4363,1882.9,1272.3,2023.1,1433.6
/srv/shared_leopard_toad/2024/18.11.2024/3R/110MEDIA/DSCF0666.JPG,DSCF0666.JPG,3R/110MEDIA,2,Western_Leopard_Toad,0.3037,1888.6,1273.8,2026.4,1432.1
/srv/shared_leopard_toad/2024/18.11.2024/3R/110MEDIA/DSCF0629.JPG,DSCF0629.JPG,3R/110MEDIA,2,Western_Leopard_Toad,0.3013,1887.9,1274.4,2027.1,1431.5
/srv/shared_leopard_toad/2024/18.11.2024/3R/110MEDIA/DSCF0675.JPG,DSCF0675.JPG,3R/110MEDIA,2,Western_Leopard_Toad,0.2710,1887.1,1273.9,2027.9,1432.0
/srv/shared_leopard_toad/2024/18.11.2024/3R/110MEDIA/DSCF0635.JPG,DSCF0635.JPG,3R/110MEDIA,2,Western_Leopard_Toad,0.3140,1886.7,1275.4,2023.8,1433.1
/srv/shared_leopard_toad/2024/18.11.2024/3R/110MEDIA/DSCF0907.JPG,DSCF0907.JPG,3R/110MEDIA,2,Western_Leopard_Toad,0.4495,1890.2,1271.9,2024.8,1434.0
/srv/shared_leopard_toad/2024/18.11.2024/3R/110MEDIA/DSCF0533.JPG,DSCF0533.JPG,3R/110MEDIA,2,Western_Leopard_Toad,0.2847,1889.1,1272.9,2025.9,1430.4
/srv/shared_leopard_toad/2024/18.11.2024/3R/110MEDIA/DSCF0511.JPG,DSCF0511.JPG,3R/110MEDIA,2,Western_Leopard_Toad,0.3716,1888.4,1272.7,2026.6,1430.7
/srv/shared_leopard_toad/2024/18.11.2024/3R/110MEDIA/DSCF0503.JPG,DSCF0503.JPG,3R/110MEDIA,2,Western_Leopard_Toad,0.4341,1889.3,1273.7,2025.7,1432.3
/srv/shared_leopard_toad/2024/18.11.2024/3R/110MEDIA/DSCF0885.JPG,DSCF0885.JPG,3R/110MEDIA,2,Western_Leopard_Toad,0.6172,1889.8,1270.6,2025.2,1432.8
/srv/shared_leopard_toad/2024/18.11.2024/3R/110MEDIA/DSCF0937.JPG,DSCF0937.JPG,3R/110MEDIA,2,Western_Leopard_Toad,0.5718,1889.8,1271.0,2025.2,1432.3
/srv/shared_leopard_toad/2024/18.11.2024/3R/110MEDIA/DSCF0686.JPG,DSCF0686.JPG,3R/110MEDIA,2,Western_Leopard_Toad,0.2542,1886.6,1272.9,2023.9,1433.0
/srv/shared_leopard_toad/2024/18.11.2024/3R/110MEDIA/DSCF0867.JPG,DSCF0867.JPG,3R/110MEDIA,2,Western_Leopard_Toad,0.4729,1889.8,1270.1,2025.2,1433.2
/srv/shared_leopard_toad/2024/18.11.2024/3R/110MEDIA/DSCF0874.JPG,DSCF0874.JPG,3R/110MEDIA,2,Western_Leopard_Toad,0.6187,1889.7,1270.8,2025.3,1432.6
/srv/shared_leopard_toad/2024/18.11.2024/3R/110MEDIA/DSCF0548.JPG,DSCF0548.JPG,3R/110MEDIA,2,Western_Leopard_Toad,0.2510,1889.6,1273.4,2025.4,1430.0
/srv/shared_leopard_toad/2024/18.11.2024/3R/110MEDIA/DSCF0554.JPG,DSCF0554.JPG,3R/110MEDIA,2,Western_Leopard_Toad,0.4919,1889.2,1273.8,2025.8,1429.6
/srv/shared_leopard_toad/2024/18.11.2024/3R/110MEDIA/DSCF0942.JPG,DSCF0942.JPG,3R/110MEDIA,2,Western_Leopard_Toad,0.4246,1889.2,1272.7,2025.8,1433.2
/srv/shared_leopard_toad/2024/18.11.2024/3R/110MEDIA/DSCF0691.JPG,DSCF0691.JPG,3R/110MEDIA,2,Western_Leopard_Toad,0.5688,1886.2,1272.6,2024.3,1433.3
/srv/shared_leopard_toad/2024/18.11.2024/3R/110MEDIA/DSCF0632.JPG,DSCF0632.JPG,3R/110MEDIA,2,Western_Leopard_Toad,0.3040,1887.4,1275.8,2027.6,1432.6
/srv/shared_leopard_toad/2024/18.11.2024/3R/110MEDIA/DSCF0841.JPG,DSCF0841.JPG,3R/110MEDIA,2,Western_Leopard_Toad,0.4026,1888.6,1270.5,2026.4,1432.9
/srv/shared_leopard_toad/2024/18.11.2024/3R/110MEDIA/DSCF0516.JPG,DSCF0516.JPG,3R/110MEDIA,2,Western_Leopard_Toad,0.3918,1888.4,1272.0,2026.6,1428.9
/srv/shared_leopard_toad/2024/18.11.2024/3R/110MEDIA/DSCF0500.JPG,DSCF0500.JPG,3R/110MEDIA,2,Western_Leopard_Toad,0.3135,1887.5,1273.5,2023.0,1429.8
/srv/shared_leopard_toad/2024/18.11.2024/3R/110MEDIA/DSCF0525.JPG,DSCF0525.JPG,3R/110MEDIA,2,Western_Leopard_Toad,0.2673,1887.5,1274.4,2023.0,1431.5
/srv/shared_leopard_toad/2024/18.11.2024/3R/110MEDIA/DSCF0904.JPG,DSCF0904.JPG,3R/110MEDIA,2,Western_Leopard_Toad,0.3125,1889.7,1269.7,2025.3,1431.2
/srv/shared_leopard_toad/2024/18.11.2024/3R/110MEDIA/DSCF0735.JPG,DSCF0735.JPG,3R/110MEDIA,2,Western_Leopard_Toad,0.3870,1886.2,1273.3,2024.3,1435.1
/srv/shared_leopard_toad/2024/18.11.2024/3R/110MEDIA/DSCF0816.JPG,DSCF0816.JPG,3R/110MEDIA,2,Western_Leopard_Toad,0.6611,1887.4,1269.2,2027.6,1431.7
/srv/shared_leopard_toad/2024/18.11.2024/3R/110MEDIA/DSCF0940.JPG,DSCF0940.JPG,3R/110MEDIA,2,Western_Leopard_Toad,0.4924,1890.6,1271.7,2024.4,1434.2
/srv/shared_leopard_toad/2024/18.11.2024/3R/110MEDIA/DSCF0902.JPG,DSCF0902.JPG,3R/110MEDIA,2,Western_Leopard_Toad,0.5483,1890.4,1271.9,2024.6,1434.0
/srv/shared_leopard_toad/2024/18.11.2024/3R/110MEDIA/DSCF0883.JPG,DSCF0883.JPG,3R/110MEDIA,2,Western_Leopard_Toad,0.2666,1885.9,1270.1,2020.1,1433.2
/srv/shared_leopard_toad/2024/18.11.2024/3R/110MEDIA/DSCF0826.JPG,DSCF0826.JPG,3R/110MEDIA,2,Western_Leopard_Toad,0.2551,1884.9,1271.4,2021.1,1434.5
/srv/shared_leopard_toad/2024/18.11.2024/3R/110MEDIA/DSCF0689.JPG,DSCF0689.JPG,3R/110MEDIA,2,Western_Leopard_Toad,0.3521,1888.9,1272.0,2026.1,1433.9
/srv/shared_leopard_toad/2024/18.11.2024/3R/110MEDIA/DSCF0727.JPG,DSCF0727.JPG,3R/110MEDIA,2,Western_Leopard_Toad,0.4507,1885.9,1276.3,2024.6,1434.7
/srv/shared_leopard_toad/2024/18.11.2024/3R/110MEDIA/DSCF0909.JPG,DSCF0909.JPG,3R/110MEDIA,2,Western_Leopard_Toad,0.4712,1890.4,1272.3,2024.6,1433.6
/srv/shared_leopard_toad/2024/18.11.2024/3R/110MEDIA/DSCF0840.JPG,DSCF0840.JPG,3R/110MEDIA,2,Western_Leopard_Toad,0.3086,1883.4,1269.7,2022.6,1433.6
/srv/shared_leopard_toad/2024/18.11.2024/3R/110MEDIA/DSCF0593.JPG,DSCF0593.JPG,3R/110MEDIA,2,Western_Leopard_Toad,0.3052,1888.4,1273.7,2026.6,1432.3
/srv/shared_leopard_toad/2024/18.11.2024/3R/110MEDIA/DSCF0588.JPG,DSCF0588.JPG,3R/110MEDIA,2,Western_Leopard_Toad,0.4946,1888.8,1274.5,2026.2,1431.4
/srv/shared_leopard_toad/2024/18.11.2024/3R/110MEDIA/DSCF0903.JPG,DSCF0903.JPG,3R/110MEDIA,2,Western_Leopard_Toad,0.4336,1887.9,1272.3,2022.6,1433.6
/srv/shared_leopard_toad/2024/18.11.2024/3R/110MEDIA/DSCF0889.JPG,DSCF0889.JPG,3R/110MEDIA,2,Western_Leopard_Toad,0.4146,1890.6,1271.0,2024.4,1434.9
/srv/shared_leopard_toad/2024/18.11.2024/3R/110MEDIA/DSCF0724.JPG,DSCF0724.JPG,3R/110MEDIA,2,Western_Leopard_Toad,0.2949,1888.1,1273.8,2026.9,1432.1
/srv/shared_leopard_toad/2024/18.11.2024/3R/110MEDIA/DSCF0693.JPG,DSCF0693.JPG,3R/110MEDIA,2,Western_Leopard_Toad,0.3896,1886.9,1272.7,2023.6,1430.7
/srv/shared_leopard_toad/2024/18.11.2024/3R/110MEDIA/DSCF0741.JPG,DSCF0741.JPG,3R/110MEDIA,2,Western_Leopard_Toad,0.4126,1888.0,1275.4,2027.0,1433.1
/srv/shared_leopard_toad/2024/18.11.2024/3R/110MEDIA/DSCF0913.JPG,DSCF0913.JPG,3R/110MEDIA,2,Western_Leopard_Toad,0.2588,1888.0,1272.3,2022.5,1433.6
/srv/shared_leopard_toad/2024/18.11.2024/3R/110MEDIA/DSCF0947.JPG,DSCF0947.JPG,3R/110MEDIA,2,Western_Leopard_Toad,0.6108,1889.7,1273.3,2025.3,1432.6
/srv/shared_leopard_toad/2024/18.11.2024/3R/110MEDIA/DSCF0844.JPG,DSCF0844.JPG,3R/110MEDIA,2,Western_Leopard_Toad,0.3972,1885.1,1269.7,2025.4,1433.6
/srv/shared_leopard_toad/2024/18.11.2024/3R/110MEDIA/DSCF0824.JPG,DSCF0824.JPG,3R/110MEDIA,2,Western_Leopard_Toad,0.4343,1888.1,1271.0,2026.9,1434.9
/srv/shared_leopard_toad/2024/18.11.2024/3R/110MEDIA/DSCF0886.JPG,DSCF0886.JPG,3R/110MEDIA,2,Western_Leopard_Toad,0.3398,1888.2,1271.0,2022.3,1432.3
/srv/shared_leopard_toad/2024/18.11.2024/3R/110MEDIA/DSCF0849.JPG,DSCF0849.JPG,3R/110MEDIA,2,Western_Leopard_Toad,0.5625,1886.6,1272.3,2019.4,1433.6
/srv/shared_leopard_toad/2024/18.11.2024/3R/110MEDIA/DSCF0916.JPG,DSCF0916.JPG,3R/110MEDIA,2,Western_Leopard_Toad,0.5229,1890.5,1272.1,2024.5,1431.3
/srv/shared_leopard_toad/2024/18.11.2024/3R/110MEDIA/DSCF0685.JPG,DSCF0685.JPG,3R/110MEDIA,2,Western_Leopard_Toad,0.2549,1888.3,1275.8,2026.7,1432.6
/srv/shared_leopard_toad/2024/18.11.2024/3R/110MEDIA/DSCF0725.JPG,DSCF0725.JPG,3R/110MEDIA,2,Western_Leopard_Toad,0.3369,1886.4,1274.5,2024.1,1431.4
/srv/shared_leopard_toad/2024/18.11.2024/3R/110MEDIA/DSCF0550.JPG,DSCF0550.JPG,3R/110MEDIA,2,Western_Leopard_Toad,0.3430,1889.1,1274.4,2025.9,1431.5
/srv/shared_leopard_toad/2024/18.11.2024/3R/110MEDIA/DSCF0612.JPG,DSCF0612.JPG,3R/110MEDIA,2,Western_Leopard_Toad,0.2642,1887.8,1274.6,2027.2,1431.3
/srv/shared_leopard_toad/2024/18.11.2024/3R/110MEDIA/DSCF0690.JPG,DSCF0690.JPG,3R/110MEDIA,2,Western_Leopard_Toad,0.3308,1886.4,1272.6,2024.1,1433.3
/srv/shared_leopard_toad/2024/18.11.2024/3R/110MEDIA/DSCF0918.JPG,DSCF0918.JPG,3R/110MEDIA,2,Western_Leopard_Toad,0.4182,1889.1,1271.4,2025.9,1432.0
/srv/shared_leopard_toad/2024/18.11.2024/3R/110MEDIA/DSCF0714.JPG,DSCF0714.JPG,3R/110MEDIA,2,Western_Leopard_Toad,0.3816,1885.6,1272.9,2024.9,1433.0
/srv/shared_leopard_toad/2024/18.11.2024/3R/110MEDIA/DSCF0545.JPG,DSCF0545.JPG,3R/110MEDIA,2,Western_Leopard_Toad,0.2732,1887.5,1273.7,2023.0,1429.7
/srv/shared_leopard_toad/2024/18.11.2024/3R/110MEDIA/DSCF0705.JPG,DSCF0705.JPG,3R/110MEDIA,2,Western_Leopard_Toad,0.3909,1889.1,1275.2,2025.9,1433.2
/srv/shared_leopard_toad/2024/18.11.2024/3R/110MEDIA/DSCF0813.JPG,DSCF0813.JPG,3R/110MEDIA,2,Western_Leopard_Toad,0.4299,1887.9,1270.3,2027.1,1433.1
/srv/shared_leopard_toad/2024/18.11.2024/3R/110MEDIA/DSCF0510.JPG,DSCF0510.JPG,3R/110MEDIA,2,Western_Leopard_Toad,0.6543,1889.6,1273.9,2025.4,1432.0
/srv/shared_leopard_toad/2024/18.11.2024/3R/110MEDIA/DSCF0643.JPG,DSCF0643.JPG,3R/110MEDIA,2,Western_Leopard_Toad,0.3931,1886.4,1275.2,2024.1,1433.2
/srv/shared_leopard_toad/2024/18.11.2024/3R/110MEDIA/DSCF0876.JPG,DSCF0876.JPG,3R/110MEDIA,2,Western_Leopard_Toad,0.3606,1891.0,1271.4,2024.0,1434.5
/srv/shared_leopard_toad/2024/18.11.2024/3R/110MEDIA/DSCF0901.JPG,DSCF0901.JPG,3R/110MEDIA,2,Western_Leopard_Toad,0.3667,1888.6,1273.1,2026.4,1432.8
/srv/shared_leopard_toad/2024/18.11.2024/3R/110MEDIA/DSCF0747.JPG,DSCF0747.JPG,3R/110MEDIA,2,Western_Leopard_Toad,0.3225,1886.2,1274.2,2024.3,1431.7
/srv/shared_leopard_toad/2024/18.11.2024/3R/110MEDIA/DSCF0610.JPG,DSCF0610.JPG,3R/110MEDIA,2,Western_Leopard_Toad,0.2803,1888.3,1276.3,2026.7,1432.1
/srv/shared_leopard_toad/2024/18.11.2024/3R/110MEDIA/DSCF0542.JPG,DSCF0542.JPG,3R/110MEDIA,2,Western_Leopard_Toad,0.5293,1888.6,1274.5,2026.4,1431.4
/srv/shared_leopard_toad/2024/18.11.2024/3R/110MEDIA/DSCF0846.JPG,DSCF0846.JPG,3R/110MEDIA,2,Western_Leopard_Toad,0.3887,1889.6,1272.0,2025.4,1433.9
/srv/shared_leopard_toad/2024/18.11.2024/3R/110MEDIA/DSCF0098.JPG,DSCF0098.JPG,3R/110MEDIA,2,Western_Leopard_Toad,0.8892,2960.9,2069.3,3082.6,2223.7
/srv/shared_leopard_toad/2024/18.11.2024/3R/110MEDIA/DSCF0098.JPG,DSCF0098.JPG,3R/110MEDIA,0,Other_Amphibian,0.3047,2960.9,2069.3,3082.6,2223.7
/srv/shared_leopard_toad/2024/18.11.2024/3R/110MEDIA/DSCF0825.JPG,DSCF0825.JPG,3R/110MEDIA,2,Western_Leopard_Toad,0.4695,1887.4,1270.5,2027.6,1435.4
/srv/shared_leopard_toad/2024/18.11.2024/3R/110MEDIA/DSCF0915.JPG,DSCF0915.JPG,3R/110MEDIA,2,Western_Leopard_Toad,0.5176,1889.7,1272.9,2025.3,1433.0
/srv/shared_leopard_toad/2024/18.11.2024/3R/110MEDIA/DSCF0627.JPG,DSCF0627.JPG,3R/110MEDIA,2,Western_Leopard_Toad,0.3040,1888.4,1274.5,2026.6,1434.0
/srv/shared_leopard_toad/2024/18.11.2024/3R/110MEDIA/DSCF0540.JPG,DSCF0540.JPG,3R/110MEDIA,2,Western_Leopard_Toad,0.5615,1886.6,1273.1,2023.9,1430.3
/srv/shared_leopard_toad/2024/18.11.2024/3R/110MEDIA/DSCF0618.JPG,DSCF0618.JPG,3R/110MEDIA,2,Western_Leopard_Toad,0.4082,1886.2,1274.2,2024.3,1434.3
/srv/shared_leopard_toad/2024/18.11.2024/3R/110MEDIA/DSCF0828.JPG,DSCF0828.JPG,3R/110MEDIA,2,Western_Leopard_Toad,0.4517,1883.8,1272.7,2022.2,1435.8
/srv/shared_leopard_toad/2024/18.11.2024/3R/110MEDIA/DSCF0695.JPG,DSCF0695.JPG,3R/110MEDIA,2,Western_Leopard_Toad,0.3726,1889.2,1273.9,2025.8,1432.0
/srv/shared_leopard_toad/2024/18.11.2024/3R/110MEDIA/DSCF0764.JPG,DSCF0764.JPG,3R/110MEDIA,2,Western_Leopard_Toad,0.4141,1886.0,1274.6,2024.5,1433.8
/srv/shared_leopard_toad/2024/18.11.2024/3R/110MEDIA/DSCF0657.JPG,DSCF0657.JPG,3R/110MEDIA,2,Western_Leopard_Toad,0.3186,1888.4,1273.9,2026.6,1432.0
/srv/shared_leopard_toad/2024/18.11.2024/3R/110MEDIA/DSCF0563.JPG,DSCF0563.JPG,3R/110MEDIA,2,Western_Leopard_Toad,0.2512,1886.7,1273.7,2023.8,1429.7
/srv/shared_leopard_toad/2024/18.11.2024/3R/110MEDIA/DSCF0710.JPG,DSCF0710.JPG,3R/110MEDIA,2,Western_Leopard_Toad,0.3035,1888.4,1273.7,2026.6,1432.3
/srv/shared_leopard_toad/2024/18.11.2024/3R/110MEDIA/DSCF0863.JPG,DSCF0863.JPG,3R/110MEDIA,2,Western_Leopard_Toad,0.4192,1889.7,1268.6,2025.3,1432.2
/srv/shared_leopard_toad/2024/18.11.2024/3R/110MEDIA/DSCF0850.JPG,DSCF0850.JPG,3R/110MEDIA,2,Western_Leopard_Toad,0.3318,1887.5,1272.8,2018.5,1435.6
/srv/shared_leopard_toad/2024/18.11.2024/3R/110MEDIA/DSCF0687.JPG,DSCF0687.JPG,3R/110MEDIA,2,Western_Leopard_Toad,0.2751,1887.4,1273.9,2027.6,1432.0
/srv/shared_leopard_toad/2024/18.11.2024/3R/110MEDIA/DSCF0894.JPG,DSCF0894.JPG,3R/110MEDIA,2,Western_Leopard_Toad,0.3582,1889.7,1270.8,2025.3,1432.6
/srv/shared_leopard_toad/2024/18.11.2024/3R/110MEDIA/DSCF0726.JPG,DSCF0726.JPG,3R/110MEDIA,2,Western_Leopard_Toad,0.3386,1885.9,1274.5,2024.6,1434.0
/srv/shared_leopard_toad/2024/18.11.2024/3R/110MEDIA/DSCF0440.JPG,DSCF0440.JPG,3R/110MEDIA,0,Other_Amphibian,0.2869,3405.3,1422.8,3470.7,1505.9
/srv/shared_leopard_toad/2024/18.11.2024/3R/110MEDIA/DSCF0857.JPG,DSCF0857.JPG,3R/110MEDIA,2,Western_Leopard_Toad,0.4934,1887.1,1273.7,2018.9,1434.7
/srv/shared_leopard_toad/2024/18.11.2024/3R/110MEDIA/DSCF0881.JPG,DSCF0881.JPG,3R/110MEDIA,2,Western_Leopard_Toad,0.3201,1891.5,1270.3,2023.5,1433.1
/srv/shared_leopard_toad/2024/18.11.2024/3R/110MEDIA/DSCF0571.JPG,DSCF0571.JPG,3R/110MEDIA,2,Western_Leopard_Toad,0.2695,1887.1,1273.4,2023.4,1430.0
/srv/shared_leopard_toad/2024/18.11.2024/3R/110MEDIA/DSCF0929.JPG,DSCF0929.JPG,3R/110MEDIA,2,Western_Leopard_Toad,0.5952,1889.8,1272.6,2025.2,1433.3
/srv/shared_leopard_toad/2024/18.11.2024/3R/110MEDIA/DSCF0492.JPG,DSCF0492.JPG,3R/110MEDIA,2,Western_Leopard_Toad,0.4294,1888.7,1274.2,2026.3,1429.1
/srv/shared_leopard_toad/2024/18.11.2024/3R/110MEDIA/DSCF0887.JPG,DSCF0887.JPG,3R/110MEDIA,2,Western_Leopard_Toad,0.2612,1889.8,1270.1,2025.2,1433.2
/srv/shared_leopard_toad/2024/18.11.2024/3R/110MEDIA/DSCF0093.JPG,DSCF0093.JPG,3R/110MEDIA,0,Other_Amphibian,0.8232,3555.4,1526.4,3676.1,1683.2
/srv/shared_leopard_toad/2024/18.11.2024/3R/110MEDIA/DSCF0756.JPG,DSCF0756.JPG,3R/110MEDIA,2,Western_Leopard_Toad,0.3840,1887.1,1275.5,2023.4,1433.0
/srv/shared_leopard_toad/2024/18.11.2024/3R/110MEDIA/DSCF0517.JPG,DSCF0517.JPG,3R/110MEDIA,2,Western_Leopard_Toad,0.3076,1889.4,1275.8,2025.6,1432.6
/srv/shared_leopard_toad/2024/18.11.2024/3R/110MEDIA/DSCF0674.JPG,DSCF0674.JPG,3R/110MEDIA,2,Western_Leopard_Toad,0.3335,1886.6,1274.9,2023.9,1431.0
/srv/shared_leopard_toad/2024/18.11.2024/3R/110MEDIA/DSCF0597.JPG,DSCF0597.JPG,3R/110MEDIA,2,Western_Leopard_Toad,0.3069,1888.1,1274.6,2026.9,1431.3
/srv/shared_leopard_toad/2024/18.11.2024/3R/110MEDIA/DSCF0715.JPG,DSCF0715.JPG,3R/110MEDIA,2,Western_Leopard_Toad,0.3728,1885.9,1274.3,2024.6,1434.1
/srv/shared_leopard_toad/2024/18.11.2024/3R/110MEDIA/DSCF0673.JPG,DSCF0673.JPG,3R/110MEDIA,2,Western_Leopard_Toad,0.3235,1887.6,1275.6,2027.4,1432.8
/srv/shared_leopard_toad/2024/18.11.2024/3R/110MEDIA/DSCF0698.JPG,DSCF0698.JPG,3R/110MEDIA,2,Western_Leopard_Toad,0.3669,1887.8,1273.1,2027.2,1435.3
/srv/shared_leopard_toad/2024/18.11.2024/3R/110MEDIA/DSCF0737.JPG,DSCF0737.JPG,3R/110MEDIA,2,Western_Leopard_Toad,0.3174,1888.0,1275.6,2027.0,1432.8
/srv/shared_leopard_toad/2024/18.11.2024/3R/110MEDIA/DSCF0749.JPG,DSCF0749.JPG,3R/110MEDIA,2,Western_Leopard_Toad,0.4583,1886.0,1275.0,2024.5,1433.4
/srv/shared_leopard_toad/2024/18.11.2024/3R/110MEDIA/DSCF0684.JPG,DSCF0684.JPG,3R/110MEDIA,2,Western_Leopard_Toad,0.2690,1885.8,1273.8,2024.7,1432.1
/srv/shared_leopard_toad/2024/18.11.2024/3R/110MEDIA/DSCF0546.JPG,DSCF0546.JPG,3R/110MEDIA,2,Western_Leopard_Toad,0.5269,1889.1,1272.5,2025.9,1430.9
/srv/shared_leopard_toad/2024/18.11.2024/3R/110MEDIA/DSCF0743.JPG,DSCF0743.JPG,3R/110MEDIA,2,Western_Leopard_Toad,0.3298,1888.6,1274.5,2026.4,1431.4
/srv/shared_leopard_toad/2024/18.11.2024/3R/110MEDIA/DSCF0694.JPG,DSCF0694.JPG,3R/110MEDIA,2,Western_Leopard_Toad,0.5825,1888.8,1271.6,2026.2,1429.3
/srv/shared_leopard_toad/2024/18.11.2024/3R/110MEDIA/DSCF0598.JPG,DSCF0598.JPG,3R/110MEDIA,2,Western_Leopard_Toad,0.2747,1888.8,1274.9,2026.2,1431.0
/srv/shared_leopard_toad/2024/18.11.2024/3R/110MEDIA/DSCF0905.JPG,DSCF0905.JPG,3R/110MEDIA,2,Western_Leopard_Toad,0.3870,1889.6,1272.5,2025.4,1433.4
/srv/shared_leopard_toad/2024/18.11.2024/3R/110MEDIA/DSCF0932.JPG,DSCF0932.JPG,3R/110MEDIA,2,Western_Leopard_Toad,0.4648,1889.6,1272.3,2025.4,1433.6
/srv/shared_leopard_toad/2024/18.11.2024/3R/110MEDIA/DSCF0498.JPG,DSCF0498.JPG,3R/110MEDIA,2,Western_Leopard_Toad,0.3586,1888.6,1274.5,2026.4,1431.4
/srv/shared_leopard_toad/2024/18.11.2024/3R/110MEDIA/DSCF0928.JPG,DSCF0928.JPG,3R/110MEDIA,2,Western_Leopard_Toad,0.3342,1889.4,1272.0,2025.6,1433.9
/srv/shared_leopard_toad/2024/18.11.2024/3R/110MEDIA/DSCF0815.JPG,DSCF0815.JPG,3R/110MEDIA,2,Western_Leopard_Toad,0.3545,1887.9,1271.7,2027.1,1434.2
/srv/shared_leopard_toad/2024/18.11.2024/3R/110MEDIA/DSCF0696.JPG,DSCF0696.JPG,3R/110MEDIA,2,Western_Leopard_Toad,0.5625,1889.2,1272.4,2025.8,1431.0
/srv/shared_leopard_toad/2024/18.11.2024/3R/110MEDIA/DSCF0946.JPG,DSCF0946.JPG,3R/110MEDIA,2,Western_Leopard_Toad,0.3125,1888.8,1274.0,2026.2,1434.4
/srv/shared_leopard_toad/2024/18.11.2024/3R/110MEDIA/DSCF0831.JPG,DSCF0831.JPG,3R/110MEDIA,2,Western_Leopard_Toad,0.4468,1884.2,1270.6,2021.8,1432.8
/srv/shared_leopard_toad/2024/18.11.2024/3R/110MEDIA/DSCF0552.JPG,DSCF0552.JPG,3R/110MEDIA,2,Western_Leopard_Toad,0.2654,1888.9,1272.4,2026.1,1431.0
/srv/shared_leopard_toad/2024/18.11.2024/3R/110MEDIA/DSCF0575.JPG,DSCF0575.JPG,3R/110MEDIA,2,Western_Leopard_Toad,0.2607,1888.4,1273.3,2026.6,1430.1
/srv/shared_leopard_toad/2024/18.11.2024/3R/110MEDIA/DSCF0818.JPG,DSCF0818.JPG,3R/110MEDIA,2,Western_Leopard_Toad,0.4819,1888.7,1270.5,2026.3,1432.9
/srv/shared_leopard_toad/2024/18.11.2024/3R/110MEDIA/DSCF0630.JPG,DSCF0630.JPG,3R/110MEDIA,2,Western_Leopard_Toad,0.4524,1888.0,1275.4,2027.0,1433.1
/srv/shared_leopard_toad/2024/18.11.2024/3R/110MEDIA/DSCF0557.JPG,DSCF0557.JPG,3R/110MEDIA,2,Western_Leopard_Toad,0.3723,1889.3,1273.7,2025.7,1429.7
/srv/shared_leopard_toad/2024/18.11.2024/3R/110MEDIA/DSCF0496.JPG,DSCF0496.JPG,3R/110MEDIA,2,Western_Leopard_Toad,0.3086,1884.2,1272.8,2021.8,1430.6
/srv/shared_leopard_toad/2024/18.11.2024/3R/110MEDIA/DSCF0897.JPG,DSCF0897.JPG,3R/110MEDIA,2,Western_Leopard_Toad,0.3950,1889.8,1269.7,2025.2,1433.6
/srv/shared_leopard_toad/2024/18.11.2024/3R/110MEDIA/DSCF0879.JPG,DSCF0879.JPG,3R/110MEDIA,2,Western_Leopard_Toad,0.3667,1890.0,1271.2,2025.0,1434.7
/srv/shared_leopard_toad/2024/18.11.2024/3R/110MEDIA/DSCF0859.JPG,DSCF0859.JPG,3R/110MEDIA,2,Western_Leopard_Toad,0.2993,1890.2,1270.1,2024.8,1433.2
/srv/shared_leopard_toad/2024/18.11.2024/3R/110MEDIA/DSCF0547.JPG,DSCF0547.JPG,3R/110MEDIA,2,Western_Leopard_Toad,0.2681,1889.2,1273.7,2025.8,1429.7
/srv/shared_leopard_toad/2024/18.11.2024/3R/110MEDIA/DSCF0845.JPG,DSCF0845.JPG,3R/110MEDIA,2,Western_Leopard_Toad,0.2510,1890.5,1272.0,2024.5,1433.9
/srv/shared_leopard_toad/2024/18.11.2024/3R/110MEDIA/DSCF0751.JPG,DSCF0751.JPG,3R/110MEDIA,2,Western_Leopard_Toad,0.3730,1885.9,1274.9,2024.6,1433.5
/srv/shared_leopard_toad/2024/18.11.2024/3R/110MEDIA/DSCF0819.JPG,DSCF0819.JPG,3R/110MEDIA,2,Western_Leopard_Toad,0.2791,1884.2,1270.3,2021.8,1433.1
/srv/shared_leopard_toad/2024/18.11.2024/3R/110MEDIA/DSCF0522.JPG,DSCF0522.JPG,3R/110MEDIA,2,Western_Leopard_Toad,0.3845,1889.1,1273.3,2025.9,1430.1
/srv/shared_leopard_toad/2024/18.11.2024/3R/110MEDIA/DSCF0616.JPG,DSCF0616.JPG,3R/110MEDIA,2,Western_Leopard_Toad,0.2939,1887.6,1274.9,2027.4,1433.5
/srv/shared_leopard_toad/2024/18.11.2024/3R/110MEDIA/DSCF0829.JPG,DSCF0829.JPG,3R/110MEDIA,2,Western_Leopard_Toad,0.4448,1886.4,1271.7,2024.1,1434.2
/srv/shared_leopard_toad/2024/18.11.2024/3R/110MEDIA/DSCF0821.JPG,DSCF0821.JPG,3R/110MEDIA,2,Western_Leopard_Toad,0.4470,1883.0,1269.9,2023.0,1433.5
/srv/shared_leopard_toad/2024/18.11.2024/3R/110MEDIA/DSCF0882.JPG,DSCF0882.JPG,3R/110MEDIA,2,Western_Leopard_Toad,0.2771,1891.4,1271.2,2023.6,1432.2
/srv/shared_leopard_toad/2024/18.11.2024/3R/110MEDIA/DSCF0495.JPG,DSCF0495.JPG,3R/110MEDIA,2,Western_Leopard_Toad,0.3508,1889.1,1272.7,2025.9,1430.7
/srv/shared_leopard_toad/2024/18.11.2024/3R/110MEDIA/DSCF0934.JPG,DSCF0934.JPG,3R/110MEDIA,2,Western_Leopard_Toad,0.3877,1889.7,1271.0,2025.3,1429.9
/srv/shared_leopard_toad/2024/18.11.2024/3R/110MEDIA/DSCF0647.JPG,DSCF0647.JPG,3R/110MEDIA,2,Western_Leopard_Toad,0.3140,1888.6,1275.9,2026.4,1432.5
/srv/shared_leopard_toad/2024/18.11.2024/3R/110MEDIA/DSCF0573.JPG,DSCF0573.JPG,3R/110MEDIA,2,Western_Leopard_Toad,0.3962,1888.9,1273.7,2026.1,1429.7
/srv/shared_leopard_toad/2024/18.11.2024/3R/110MEDIA/DSCF0914.JPG,DSCF0914.JPG,3R/110MEDIA,2,Western_Leopard_Toad,0.6382,1889.1,1271.5,2025.9,1431.9
/srv/shared_leopard_toad/2024/18.11.2024/3R/110MEDIA/DSCF0920.JPG,DSCF0920.JPG,3R/110MEDIA,2,Western_Leopard_Toad,0.6748,1888.7,1272.9,2026.3,1433.0
/srv/shared_leopard_toad/2024/18.11.2024/3R/110MEDIA/DSCF0948.JPG,DSCF0948.JPG,3R/110MEDIA,2,Western_Leopard_Toad,0.3933,1888.9,1271.7,2026.1,1434.2
/srv/shared_leopard_toad/2024/18.11.2024/3R/110MEDIA/DSCF0599.JPG,DSCF0599.JPG,3R/110MEDIA,2,Western_Leopard_Toad,0.2571,1885.8,1275.4,2024.7,1430.6
/srv/shared_leopard_toad/2024/18.11.2024/3R/110MEDIA/DSCF0921.JPG,DSCF0921.JPG,3R/110MEDIA,2,Western_Leopard_Toad,0.6235,1890.0,1269.8,2025.0,1431.1
/srv/shared_leopard_toad/2024/18.11.2024/3R/110MEDIA/DSCF0835.JPG,DSCF0835.JPG,3R/110MEDIA,2,Western_Leopard_Toad,0.4143,1883.8,1270.0,2022.2,1433.4
/srv/shared_leopard_toad/2024/18.11.2024/3R/110MEDIA/DSCF0935.JPG,DSCF0935.JPG,3R/110MEDIA,2,Western_Leopard_Toad,0.4143,1890.0,1271.8,2025.0,1431.6
/srv/shared_leopard_toad/2024/18.11.2024/3R/110MEDIA/DSCF0631.JPG,DSCF0631.JPG,3R/110MEDIA,2,Western_Leopard_Toad,0.2502,1885.3,1275.5,2025.2,1433.0
/srv/shared_leopard_toad/2024/18.11.2024/3R/110MEDIA/DSCF0926.JPG,DSCF0926.JPG,3R/110MEDIA,2,Western_Leopard_Toad,0.3772,1889.7,1271.4,2025.3,1432.0
/srv/shared_leopard_toad/2024/18.11.2024/3R/110MEDIA/DSCF0658.JPG,DSCF0658.JPG,3R/110MEDIA,2,Western_Leopard_Toad,0.2795,1888.4,1275.2,2026.6,1433.2
/srv/shared_leopard_toad/2024/18.11.2024/3R/110MEDIA/DSCF0728.JPG,DSCF0728.JPG,3R/110MEDIA,2,Western_Leopard_Toad,0.4705,1885.5,1275.9,2025.0,1435.1
/srv/shared_leopard_toad/2024/18.11.2024/3R/110MEDIA/DSCF0105.JPG,DSCF0105.JPG,3R/110MEDIA,0,Other_Amphibian,0.8452,1966.4,1564.3,2083.6,1696.0
/srv/shared_leopard_toad/2024/18.11.2024/3R/110MEDIA/DSCF0865.JPG,DSCF0865.JPG,3R/110MEDIA,2,Western_Leopard_Toad,0.3816,1890.1,1270.5,2024.9,1432.9
/srv/shared_leopard_toad/2024/18.11.2024/3R/110MEDIA/DSCF0832.JPG,DSCF0832.JPG,3R/110MEDIA,2,Western_Leopard_Toad,0.2737,1883.9,1272.4,2022.1,1436.0
/srv/shared_leopard_toad/2024/18.11.2024/3R/110MEDIA/DSCF0941.JPG,DSCF0941.JPG,3R/110MEDIA,2,Western_Leopard_Toad,0.6484,1889.3,1271.7,2025.7,1434.2
/srv/shared_leopard_toad/2024/18.11.2024/3R/110MEDIA/DSCF0688.JPG,DSCF0688.JPG,3R/110MEDIA,2,Western_Leopard_Toad,0.5181,1886.2,1273.9,2024.3,1434.5
/srv/shared_leopard_toad/2024/18.11.2024/3R/110MEDIA/DSCF0347.JPG,DSCF0347.JPG,3R/110MEDIA,2,Western_Leopard_Toad,0.3154,1885.5,1273.3,2020.5,1432.6
/srv/shared_leopard_toad/2024/18.11.2024/3R/110MEDIA/DSCF0497.JPG,DSCF0497.JPG,3R/110MEDIA,2,Western_Leopard_Toad,0.5215,1886.4,1274.1,2024.1,1431.8
/srv/shared_leopard_toad/2024/18.11.2024/3R/110MEDIA/DSCF0611.JPG,DSCF0611.JPG,3R/110MEDIA,2,Western_Leopard_Toad,0.3220,1886.0,1273.3,2024.5,1432.6
/srv/shared_leopard_toad/2024/18.11.2024/3R/110MEDIA/DSCF0855.JPG,DSCF0855.JPG,3R/110MEDIA,2,Western_Leopard_Toad,0.4053,1889.4,1272.2,2021.1,1433.7
/srv/shared_leopard_toad/2024/18.11.2024/3R/110MEDIA/DSCF0852.JPG,DSCF0852.JPG,3R/110MEDIA,2,Western_Leopard_Toad,0.4604,1888.9,1271.2,2021.6,1432.2
/srv/shared_leopard_toad/2024/18.11.2024/3R/110MEDIA/DSCF0318.JPG,DSCF0318.JPG,3R/110MEDIA,2,Western_Leopard_Toad,0.3337,1889.7,1272.7,2025.3,1433.2
/srv/shared_leopard_toad/2024/18.11.2024/3R/110MEDIA/DSCF0939.JPG,DSCF0939.JPG,3R/110MEDIA,2,Western_Leopard_Toad,0.6353,1888.1,1270.9,2026.9,1432.5
/srv/shared_leopard_toad/2024/18.11.2024/3R/110MEDIA/DSCF0671.JPG,DSCF0671.JPG,3R/110MEDIA,2,Western_Leopard_Toad,0.2754,1886.4,1274.2,2024.1,1431.7
/srv/shared_leopard_toad/2024/18.11.2024/3R/110MEDIA/DSCF0595.JPG,DSCF0595.JPG,3R/110MEDIA,2,Western_Leopard_Toad,0.2988,1888.3,1274.4,2026.7,1431.5
/srv/shared_leopard_toad/2024/18.11.2024/3R/110MEDIA/DSCF0701.JPG,DSCF0701.JPG,3R/110MEDIA,2,Western_Leopard_Toad,0.3269,1884.7,1274.6,2021.3,1433.8
/srv/shared_leopard_toad/2024/18.11.2024/3R/110MEDIA/DSCF0893.JPG,DSCF0893.JPG,3R/110MEDIA,2,Western_Leopard_Toad,0.4724,1890.7,1273.5,2024.3,1435.0
/srv/shared_leopard_toad/2024/18.11.2024/3R/110MEDIA/DSCF0860.JPG,DSCF0860.JPG,3R/110MEDIA,2,Western_Leopard_Toad,0.2563,1890.6,1271.2,2024.4,1432.2
/srv/shared_leopard_toad/2024/18.11.2024/3R/110MEDIA/DSCF0677.JPG,DSCF0677.JPG,3R/110MEDIA,2,Western_Leopard_Toad,0.3835,1887.4,1275.0,2027.6,1433.4
/srv/shared_leopard_toad/2024/18.11.2024/3R/110MEDIA/DSCF0884.JPG,DSCF0884.JPG,3R/110MEDIA,2,Western_Leopard_Toad,0.4973,1889.7,1270.6,2025.3,1432.8
/srv/shared_leopard_toad/2024/18.11.2024/3R/110MEDIA/DSCF0520.JPG,DSCF0520.JPG,3R/110MEDIA,2,Western_Leopard_Toad,0.3562,1887.1,1271.6,2023.4,1429.3
/srv/shared_leopard_toad/2024/18.11.2024/3R/110MEDIA/DSCF0744.JPG,DSCF0744.JPG,3R/110MEDIA,2,Western_Leopard_Toad,0.2842,1888.8,1274.6,2026.2,1433.8
/srv/shared_leopard_toad/2024/18.11.2024/3R/110MEDIA/DSCF0579.JPG,DSCF0579.JPG,3R/110MEDIA,2,Western_Leopard_Toad,0.3877,1888.4,1272.5,2026.6,1430.9
/srv/shared_leopard_toad/2024/18.11.2024/3R/110MEDIA/DSCF0642.JPG,DSCF0642.JPG,3R/110MEDIA,2,Western_Leopard_Toad,0.4104,1887.2,1275.0,2027.8,1433.4
/srv/shared_leopard_toad/2024/18.11.2024/3R/110MEDIA/DSCF0762.JPG,DSCF0762.JPG,3R/110MEDIA,2,Western_Leopard_Toad,0.5039,1886.2,1275.0,2024.3,1433.4
/srv/shared_leopard_toad/2024/18.11.2024/3R/110MEDIA/DSCF0513.JPG,DSCF0513.JPG,3R/110MEDIA,2,Western_Leopard_Toad,0.5532,1889.4,1271.1,2025.6,1429.7
/srv/shared_leopard_toad/2024/18.11.2024/3R/110MEDIA/DSCF0707.JPG,DSCF0707.JPG,3R/110MEDIA,2,Western_Leopard_Toad,0.5264,1888.3,1275.5,2026.7,1433.0
/srv/shared_leopard_toad/2024/18.11.2024/3R/101MEDIA/DSCF0146.JPG,DSCF0146.JPG,3R/101MEDIA,0,Other_Amphibian,0.7310,1362.6,1975.1,1488.2,2105.3
/srv/shared_leopard_toad/2024/18.11.2024/3R/101MEDIA/DSCF0146.JPG,DSCF0146.JPG,3R/101MEDIA,2,Western_Leopard_Toad,0.4102,1362.6,1975.1,1488.2,2105.3
/srv/shared_leopard_toad/2024/18.11.2024/3R/101MEDIA/DSCF0979.JPG,DSCF0979.JPG,3R/101MEDIA,0,Other_Amphibian,0.2252,2350.1,2083.0,2446.9,2159.4
/srv/shared_leopard_toad/2024/18.11.2024/3R/101MEDIA/DSCF0143.JPG,DSCF0143.JPG,3R/101MEDIA,0,Other_Amphibian,0.8198,1363.7,1975.7,1487.0,2104.7
/srv/shared_leopard_toad/2024/18.11.2024/3R/101MEDIA/DSCF0143.JPG,DSCF0143.JPG,3R/101MEDIA,2,Western_Leopard_Toad,0.2654,1363.7,1975.7,1487.0,2104.7
/srv/shared_leopard_toad/2024/18.11.2024/3R/101MEDIA/DSCF0145.JPG,DSCF0145.JPG,3R/101MEDIA,0,Other_Amphibian,0.8008,1363.3,1975.7,1487.5,2104.7
/srv/shared_leopard_toad/2024/18.11.2024/3R/101MEDIA/DSCF0145.JPG,DSCF0145.JPG,3R/101MEDIA,2,Western_Leopard_Toad,0.3123,1363.3,1975.7,1487.5,2104.7
/srv/shared_leopard_toad/2024/18.11.2024/3R/101MEDIA/DSCF0145.JPG,DSCF0145.JPG,3R/101MEDIA,1,Small_Mammal,0.2017,1363.3,1975.7,1487.5,2104.7
/srv/shared_leopard_toad/2024/18.11.2024/3R/101MEDIA/DSCF0144.JPG,DSCF0144.JPG,3R/101MEDIA,0,Other_Amphibian,0.7754,1362.2,1975.3,1488.6,2105.1
/srv/shared_leopard_toad/2024/18.11.2024/3R/101MEDIA/DSCF0144.JPG,DSCF0144.JPG,3R/101MEDIA,2,Western_Leopard_Toad,0.3828,1362.2,1975.3,1488.6,2105.1
/srv/shared_leopard_toad/2024/18.11.2024/3R/101MEDIA/DSCF0144.JPG,DSCF0144.JPG,3R/101MEDIA,1,Small_Mammal,0.2075,1362.2,1975.3,1488.6,2105.1
/srv/shared_leopard_toad/2024/18.11.2024/3R/101MEDIA/DSCF0545.JPG,DSCF0545.JPG,3R/101MEDIA,0,Other_Amphibian,0.3215,2396.8,1744.4,2485.7,1839.9
/srv/shared_leopard_toad/2024/18.11.2024/3R/101MEDIA/DSCF0972.JPG,DSCF0972.JPG,3R/101MEDIA,2,Western_Leopard_Toad,0.3259,2093.8,2184.2,2239.7,2323.9
/srv/shared_leopard_toad/2024/18.11.2024/3R/101MEDIA/DSCF0972.JPG,DSCF0972.JPG,3R/101MEDIA,0,Other_Amphibian,0.3005,2093.8,2184.2,2239.7,2323.9
/srv/shared_leopard_toad/2024/18.11.2024/3R/101MEDIA/DSCF0142.JPG,DSCF0142.JPG,3R/101MEDIA,0,Other_Amphibian,0.7861,1361.6,1975.1,1489.2,2105.3
/srv/shared_leopard_toad/2024/18.11.2024/3R/101MEDIA/DSCF0142.JPG,DSCF0142.JPG,3R/101MEDIA,2,Western_Leopard_Toad,0.3755,1361.6,1975.1,1489.2,2105.3
/srv/shared_leopard_toad/2024/18.11.2024/3R/106MEDIA/DSCF0135.JPG,DSCF0135.JPG,3R/106MEDIA,2,Western_Leopard_Toad,0.2654,1888.4,1263.6,2026.6,1434.7
/srv/shared_leopard_toad/2024/18.11.2024/3R/106MEDIA/DSCF0404.JPG,DSCF0404.JPG,3R/106MEDIA,2,Western_Leopard_Toad,0.3804,1885.5,1265.9,2020.5,1435.0
/srv/shared_leopard_toad/2024/18.11.2024/3R/106MEDIA/DSCF0404.JPG,DSCF0404.JPG,3R/106MEDIA,2,Western_Leopard_Toad,0.3586,1887.0,1266.3,2019.0,1434.5
/srv/shared_leopard_toad/2024/18.11.2024/3R/106MEDIA/DSCF0993.JPG,DSCF0993.JPG,3R/106MEDIA,0,Other_Amphibian,0.3235,110.3,1527.0,195.7,1624.4
/srv/shared_leopard_toad/2024/18.11.2024/3R/106MEDIA/DSCF0358.JPG,DSCF0358.JPG,3R/106MEDIA,2,Western_Leopard_Toad,0.4116,1883.7,1265.2,2017.8,1433.1
/srv/shared_leopard_toad/2024/18.11.2024/3R/106MEDIA/DSCF0358.JPG,DSCF0358.JPG,3R/106MEDIA,2,Western_Leopard_Toad,0.3501,1885.1,1265.5,2016.4,1432.8
/srv/shared_leopard_toad/2024/18.11.2024/3R/106MEDIA/DSCF0012.JPG,DSCF0012.JPG,3R/106MEDIA,2,Western_Leopard_Toad,0.5083,673.6,1162.8,773.2,1288.7
/srv/shared_leopard_toad/2024/18.11.2024/3R/106MEDIA/DSCF0012.JPG,DSCF0012.JPG,3R/106MEDIA,0,Other_Amphibian,0.2607,2471.2,951.8,2555.3,1034.0
/srv/shared_leopard_toad/2024/18.11.2024/3R/106MEDIA/DSCF0488.JPG,DSCF0488.JPG,3R/106MEDIA,2,Western_Leopard_Toad,0.2605,1883.6,1265.5,2017.9,1432.8
/srv/shared_leopard_toad/2024/18.11.2024/3R/106MEDIA/DSCF0541.JPG,DSCF0541.JPG,3R/106MEDIA,2,Western_Leopard_Toad,0.4941,1886.3,1263.0,2019.7,1430.2
/srv/shared_leopard_toad/2024/18.11.2024/3R/106MEDIA/DSCF0443.JPG,DSCF0443.JPG,3R/106MEDIA,2,Western_Leopard_Toad,0.3586,1886.3,1264.1,2019.7,1431.7
/srv/shared_leopard_toad/2024/18.11.2024/3R/106MEDIA/DSCF0173.JPG,DSCF0173.JPG,3R/106MEDIA,2,Western_Leopard_Toad,0.2964,1886.1,1266.8,2019.9,1434.0
/srv/shared_leopard_toad/2024/18.11.2024/3R/106MEDIA/DSCF0173.JPG,DSCF0173.JPG,3R/106MEDIA,2,Western_Leopard_Toad,0.2815,1884.9,1267.6,2021.1,1435.8
/srv/shared_leopard_toad/2024/18.11.2024/3R/106MEDIA/DSCF0001.JPG,DSCF0001.JPG,3R/106MEDIA,2,Western_Leopard_Toad,0.2527,675.6,1164.3,771.1,1288.4
/srv/shared_leopard_toad/2024/18.11.2024/3R/106MEDIA/DSCF0407.JPG,DSCF0407.JPG,3R/106MEDIA,2,Western_Leopard_Toad,0.4756,1886.2,1265.2,2019.8,1433.1
/srv/shared_leopard_toad/2024/18.11.2024/3R/106MEDIA/DSCF0678.JPG,DSCF0678.JPG,3R/106MEDIA,2,Western_Leopard_Toad,0.4038,1884.2,1269.1,2021.8,1434.3
/srv/shared_leopard_toad/2024/18.11.2024/3R/106MEDIA/DSCF0514.JPG,DSCF0514.JPG,3R/106MEDIA,2,Western_Leopard_Toad,0.4973,1886.6,1264.3,2019.4,1431.5
/srv/shared_leopard_toad/2024/18.11.2024/3R/106MEDIA/DSCF0774.JPG,DSCF0774.JPG,3R/106MEDIA,2,Western_Leopard_Toad,0.3948,1885.3,1269.3,2020.7,1434.1
/srv/shared_leopard_toad/2024/18.11.2024/3R/106MEDIA/DSCF0784.JPG,DSCF0784.JPG,3R/106MEDIA,2,Western_Leopard_Toad,0.3694,1883.8,1266.6,2022.2,1431.7
/srv/shared_leopard_toad/2024/18.11.2024/3R/106MEDIA/DSCF0417.JPG,DSCF0417.JPG,3R/106MEDIA,2,Western_Leopard_Toad,0.5586,1886.3,1265.1,2019.7,1433.2
/srv/shared_leopard_toad/2024/18.11.2024/3R/106MEDIA/DSCF0446.JPG,DSCF0446.JPG,3R/106MEDIA,2,Western_Leopard_Toad,0.3384,1887.1,1265.4,2018.9,1432.9
/srv/shared_leopard_toad/2024/18.11.2024/3R/106MEDIA/DSCF0512.JPG,DSCF0512.JPG,3R/106MEDIA,2,Western_Leopard_Toad,0.4280,1886.7,1263.6,2019.3,1432.1
/srv/shared_leopard_toad/2024/18.11.2024/3R/106MEDIA/DSCF0282.JPG,DSCF0282.JPG,3R/106MEDIA,2,Western_Leopard_Toad,0.4487,1885.7,1266.3,2020.3,1432.1
/srv/shared_leopard_toad/2024/18.11.2024/3R/106MEDIA/DSCF0430.JPG,DSCF0430.JPG,3R/106MEDIA,2,Western_Leopard_Toad,0.4172,1885.9,1265.7,2020.1,1432.6
/srv/shared_leopard_toad/2024/18.11.2024/3R/106MEDIA/DSCF0430.JPG,DSCF0430.JPG,3R/106MEDIA,2,Western_Leopard_Toad,0.3079,1885.2,1265.9,2016.3,1432.4
/srv/shared_leopard_toad/2024/18.11.2024/3R/106MEDIA/DSCF0594.JPG,DSCF0594.JPG,3R/106MEDIA,2,Western_Leopard_Toad,0.5015,1885.5,1265.4,2020.5,1432.9
/srv/shared_leopard_toad/2024/18.11.2024/3R/106MEDIA/DSCF0667.JPG,DSCF0667.JPG,3R/106MEDIA,2,Western_Leopard_Toad,0.3088,1887.9,1268.2,2022.6,1435.1
/srv/shared_leopard_toad/2024/18.11.2024/3R/106MEDIA/DSCF0311.JPG,DSCF0311.JPG,3R/106MEDIA,2,Western_Leopard_Toad,0.3013,1887.6,1265.9,2022.9,1432.5
/srv/shared_leopard_toad/2024/18.11.2024/3R/106MEDIA/DSCF0311.JPG,DSCF0311.JPG,3R/106MEDIA,0,Other_Amphibian,0.2527,366.6,9.0,487.8,152.1
/srv/shared_leopard_toad/2024/18.11.2024/3R/106MEDIA/DSCF0362.JPG,DSCF0362.JPG,3R/106MEDIA,2,Western_Leopard_Toad,0.4773,1885.6,1266.3,2020.4,1434.5
/srv/shared_leopard_toad/2024/18.11.2024/3R/106MEDIA/DSCF0565.JPG,DSCF0565.JPG,3R/106MEDIA,0,Other_Amphibian,0.3799,2164.6,542.6,2265.7,633.8
/srv/shared_leopard_toad/2024/18.11.2024/3R/106MEDIA/DSCF0565.JPG,DSCF0565.JPG,3R/106MEDIA,0,Other_Amphibian,0.2622,2165.0,543.2,2265.3,632.6
/srv/shared_leopard_toad/2024/18.11.2024/3R/106MEDIA/DSCF0868.JPG,DSCF0868.JPG,3R/106MEDIA,2,Western_Leopard_Toad,0.3479,1885.4,1273.8,2029.6,1432.1
/srv/shared_leopard_toad/2024/18.11.2024/3R/106MEDIA/DSCF0668.JPG,DSCF0668.JPG,3R/106MEDIA,2,Western_Leopard_Toad,0.4041,1885.9,1268.3,2020.1,1432.5
/srv/shared_leopard_toad/2024/18.11.2024/3R/106MEDIA/DSCF0187.JPG,DSCF0187.JPG,3R/106MEDIA,2,Western_Leopard_Toad,0.4390,1887.1,1264.1,2023.4,1434.2
/srv/shared_leopard_toad/2024/18.11.2024/3R/106MEDIA/DSCF0061.JPG,DSCF0061.JPG,3R/106MEDIA,2,Western_Leopard_Toad,0.3137,1889.2,1264.9,2025.8,1433.4
/srv/shared_leopard_toad/2024/18.11.2024/3R/106MEDIA/DSCF0980.JPG,DSCF0980.JPG,3R/106MEDIA,0,Other_Amphibian,0.3315,111.6,1530.2,195.6,1626.2
/srv/shared_leopard_toad/2024/18.11.2024/3R/106MEDIA/DSCF0679.JPG,DSCF0679.JPG,3R/106MEDIA,2,Western_Leopard_Toad,0.3196,1884.8,1269.3,2021.2,1434.1
/srv/shared_leopard_toad/2024/18.11.2024/3R/106MEDIA/DSCF0193.JPG,DSCF0193.JPG,3R/106MEDIA,2,Western_Leopard_Toad,0.2771,1886.6,1266.8,2023.9,1434.0
/srv/shared_leopard_toad/2024/18.11.2024/3R/106MEDIA/DSCF0777.JPG,DSCF0777.JPG,3R/106MEDIA,2,Western_Leopard_Toad,0.5132,1884.3,1267.8,2021.7,1430.6
/srv/shared_leopard_toad/2024/18.11.2024/3R/106MEDIA/DSCF0167.JPG,DSCF0167.JPG,3R/106MEDIA,2,Western_Leopard_Toad,0.4111,1887.2,1264.1,2023.3,1434.2
/srv/shared_leopard_toad/2024/18.11.2024/3R/106MEDIA/DSCF0038.JPG,DSCF0038.JPG,3R/106MEDIA,2,Western_Leopard_Toad,0.3347,674.3,1162.8,773.5,1289.9
/srv/shared_leopard_toad/2024/18.11.2024/3R/106MEDIA/DSCF0891.JPG,DSCF0891.JPG,3R/106MEDIA,2,Western_Leopard_Toad,0.2700,1883.5,1271.9,2027.0,1434.0
/srv/shared_leopard_toad/2024/18.11.2024/3R/106MEDIA/DSCF0089.JPG,DSCF0089.JPG,3R/106MEDIA,2,Western_Leopard_Toad,0.4783,1888.6,1265.2,2026.4,1433.1
/srv/shared_leopard_toad/2024/18.11.2024/3R/106MEDIA/DSCF0827.JPG,DSCF0827.JPG,3R/106MEDIA,2,Western_Leopard_Toad,0.4250,1883.8,1266.9,2022.2,1431.4
/srv/shared_leopard_toad/2024/18.11.2024/3R/106MEDIA/DSCF0560.JPG,DSCF0560.JPG,3R/106MEDIA,0,Other_Amphibian,0.2058,2172.0,541.6,2274.0,632.3
/srv/shared_leopard_toad/2024/18.11.2024/3R/106MEDIA/DSCF0802.JPG,DSCF0802.JPG,3R/106MEDIA,2,Western_Leopard_Toad,0.3721,1883.1,1269.4,2018.4,1434.0
/srv/shared_leopard_toad/2024/18.11.2024/3R/106MEDIA/DSCF0720.JPG,DSCF0720.JPG,3R/106MEDIA,2,Western_Leopard_Toad,0.5127,1883.9,1268.5,2022.1,1432.4
/srv/shared_leopard_toad/2024/18.11.2024/3R/106MEDIA/DSCF0339.JPG,DSCF0339.JPG,3R/106MEDIA,2,Western_Leopard_Toad,0.5029,1884.7,1264.0,2021.3,1431.8
/srv/shared_leopard_toad/2024/18.11.2024/3R/106MEDIA/DSCF0339.JPG,DSCF0339.JPG,3R/106MEDIA,2,Western_Leopard_Toad,0.3301,1886.5,1264.3,2019.5,1431.5
/srv/shared_leopard_toad/2024/18.11.2024/3R/106MEDIA/DSCF0983.JPG,DSCF0983.JPG,3R/106MEDIA,0,Other_Amphibian,0.2585,112.3,1528.3,194.8,1623.1
/srv/shared_leopard_toad/2024/18.11.2024/3R/106MEDIA/DSCF0501.JPG,DSCF0501.JPG,3R/106MEDIA,2,Western_Leopard_Toad,0.3472,1886.9,1267.1,2019.1,1433.7
/srv/shared_leopard_toad/2024/18.11.2024/3R/106MEDIA/DSCF0553.JPG,DSCF0553.JPG,3R/106MEDIA,0,Other_Amphibian,0.5518,2175.2,546.1,2266.3,634.7
/srv/shared_leopard_toad/2024/18.11.2024/3R/106MEDIA/DSCF0077.JPG,DSCF0077.JPG,3R/106MEDIA,2,Western_Leopard_Toad,0.2573,1885.7,1265.1,2020.3,1433.2
/srv/shared_leopard_toad/2024/18.11.2024/3R/106MEDIA/DSCF0350.JPG,DSCF0350.JPG,3R/106MEDIA,2,Western_Leopard_Toad,0.4124,1884.2,1265.1,2017.3,1433.2
/srv/shared_leopard_toad/2024/18.11.2024/3R/106MEDIA/DSCF0539.JPG,DSCF0539.JPG,3R/106MEDIA,2,Western_Leopard_Toad,0.3503,1883.8,1264.9,2017.7,1433.4
/srv/shared_leopard_toad/2024/18.11.2024/3R/106MEDIA/DSCF0539.JPG,DSCF0539.JPG,3R/106MEDIA,2,Western_Leopard_Toad,0.3093,1887.1,1265.4,2018.9,1432.9
/srv/shared_leopard_toad/2024/18.11.2024/3R/106MEDIA/DSCF0051.JPG,DSCF0051.JPG,3R/106MEDIA,2,Western_Leopard_Toad,0.2791,1885.7,1266.7,2020.3,1434.2
/srv/shared_leopard_toad/2024/18.11.2024/3R/106MEDIA/DSCF0286.JPG,DSCF0286.JPG,3R/106MEDIA,2,Western_Leopard_Toad,0.4475,1885.2,1265.9,2020.8,1432.4
/srv/shared_leopard_toad/2024/18.11.2024/3R/106MEDIA/DSCF0429.JPG,DSCF0429.JPG,3R/106MEDIA,2,Western_Leopard_Toad,0.4543,1885.9,1264.4,2020.1,1431.3
/srv/shared_leopard_toad/2024/18.11.2024/3R/106MEDIA/DSCF0431.JPG,DSCF0431.JPG,3R/106MEDIA,2,Western_Leopard_Toad,0.4341,1886.9,1265.7,2019.1,1432.6
/srv/shared_leopard_toad/2024/18.11.2024/3R/106MEDIA/DSCF0834.JPG,DSCF0834.JPG,3R/106MEDIA,2,Western_Leopard_Toad,0.4163,1883.9,1268.6,2022.1,1432.2
/srv/shared_leopard_toad/2024/18.11.2024/3R/106MEDIA/DSCF0822.JPG,DSCF0822.JPG,3R/106MEDIA,2,Western_Leopard_Toad,0.4368,1882.7,1270.5,2018.8,1432.9
/srv/shared_leopard_toad/2024/18.11.2024/3R/106MEDIA/DSCF0822.JPG,DSCF0822.JPG,3R/106MEDIA,0,Other_Amphibian,0.2100,1882.7,1270.5,2018.8,1432.9
/srv/shared_leopard_toad/2024/18.11.2024/3R/106MEDIA/DSCF0807.JPG,DSCF0807.JPG,3R/106MEDIA,2,Western_Leopard_Toad,0.2905,1884.8,1269.0,2021.2,1431.8
/srv/shared_leopard_toad/2024/18.11.2024/3R/106MEDIA/DSCF0341.JPG,DSCF0341.JPG,3R/106MEDIA,2,Western_Leopard_Toad,0.3765,1886.3,1264.4,2019.7,1431.3
/srv/shared_leopard_toad/2024/18.11.2024/3R/106MEDIA/DSCF0304.JPG,DSCF0304.JPG,3R/106MEDIA,2,Western_Leopard_Toad,0.2961,1887.1,1264.4,2023.4,1431.3
/srv/shared_leopard_toad/2024/18.11.2024/3R/106MEDIA/DSCF0681.JPG,DSCF0681.JPG,3R/106MEDIA,2,Western_Leopard_Toad,0.3503,1884.8,1270.1,2021.2,1433.2
/srv/shared_leopard_toad/2024/18.11.2024/3R/106MEDIA/DSCF0574.JPG,DSCF0574.JPG,3R/106MEDIA,2,Western_Leopard_Toad,0.3748,1884.9,1265.7,2021.1,1432.6
/srv/shared_leopard_toad/2024/18.11.2024/3R/106MEDIA/DSCF0574.JPG,DSCF0574.JPG,3R/106MEDIA,2,Western_Leopard_Toad,0.2537,1883.8,1267.2,2017.7,1433.6
/srv/shared_leopard_toad/2024/18.11.2024/3R/106MEDIA/DSCF0266.JPG,DSCF0266.JPG,3R/106MEDIA,2,Western_Leopard_Toad,0.3352,1886.0,1267.1,2020.0,1433.7
/srv/shared_leopard_toad/2024/18.11.2024/3R/106MEDIA/DSCF0393.JPG,DSCF0393.JPG,3R/106MEDIA,2,Western_Leopard_Toad,0.6699,1886.5,1265.7,2019.5,1432.6
/srv/shared_leopard_toad/2024/18.11.2024/3R/106MEDIA/DSCF0780.JPG,DSCF0780.JPG,3R/106MEDIA,2,Western_Leopard_Toad,0.3958,1884.6,1270.0,2021.4,1433.4
/srv/shared_leopard_toad/2024/18.11.2024/3R/106MEDIA/DSCF0986.JPG,DSCF0986.JPG,3R/106MEDIA,0,Other_Amphibian,0.3093,111.8,1527.0,194.8,1624.4
/srv/shared_leopard_toad/2024/18.11.2024/3R/106MEDIA/DSCF0981.JPG,DSCF0981.JPG,3R/106MEDIA,0,Other_Amphibian,0.2090,112.0,1529.7,194.6,1624.2
/srv/shared_leopard_toad/2024/18.11.2024/3R/106MEDIA/DSCF0403.JPG,DSCF0403.JPG,3R/106MEDIA,2,Western_Leopard_Toad,0.4255,1885.2,1265.7,2020.8,1432.6
/srv/shared_leopard_toad/2024/18.11.2024/3R/106MEDIA/DSCF0369.JPG,DSCF0369.JPG,3R/106MEDIA,2,Western_Leopard_Toad,0.3284,1884.4,1264.1,2021.6,1431.7
/srv/shared_leopard_toad/2024/18.11.2024/3R/106MEDIA/DSCF0369.JPG,DSCF0369.JPG,3R/106MEDIA,2,Western_Leopard_Toad,0.3218,1886.3,1265.4,2019.7,1432.9
/srv/shared_leopard_toad/2024/18.11.2024/3R/106MEDIA/DSCF0649.JPG,DSCF0649.JPG,3R/106MEDIA,2,Western_Leopard_Toad,0.2668,1884.2,1266.8,2021.8,1434.0
/srv/shared_leopard_toad/2024/18.11.2024/3R/106MEDIA/DSCF0353.JPG,DSCF0353.JPG,3R/106MEDIA,2,Western_Leopard_Toad,0.5234,1886.2,1264.0,2019.8,1431.8
/srv/shared_leopard_toad/2024/18.11.2024/3R/106MEDIA/DSCF0394.JPG,DSCF0394.JPG,3R/106MEDIA,2,Western_Leopard_Toad,0.7646,1886.6,1265.1,2019.4,1433.2
/srv/shared_leopard_toad/2024/18.11.2024/3R/106MEDIA/DSCF0759.JPG,DSCF0759.JPG,3R/106MEDIA,2,Western_Leopard_Toad,0.3452,1884.4,1266.7,2021.6,1431.6
/srv/shared_leopard_toad/2024/18.11.2024/3R/106MEDIA/DSCF0759.JPG,DSCF0759.JPG,3R/106MEDIA,0,Other_Amphibian,0.2051,1847.5,149.1,1941.5,210.7
/srv/shared_leopard_toad/2024/18.11.2024/3R/106MEDIA/DSCF0713.JPG,DSCF0713.JPG,3R/106MEDIA,2,Western_Leopard_Toad,0.5962,1884.8,1267.7,2021.2,1433.2
/srv/shared_leopard_toad/2024/18.11.2024/3R/106MEDIA/DSCF0368.JPG,DSCF0368.JPG,3R/106MEDIA,2,Western_Leopard_Toad,0.6948,1885.9,1267.0,2020.1,1433.9
/srv/shared_leopard_toad/2024/18.11.2024/3R/106MEDIA/DSCF0366.JPG,DSCF0366.JPG,3R/106MEDIA,2,Western_Leopard_Toad,0.4470,1885.2,1265.4,2020.8,1432.9
/srv/shared_leopard_toad/2024/18.11.2024/3R/106MEDIA/DSCF0372.JPG,DSCF0372.JPG,3R/106MEDIA,2,Western_Leopard_Toad,0.4629,1885.7,1265.2,2020.3,1433.1
/srv/shared_leopard_toad/2024/18.11.2024/3R/106MEDIA/DSCF0342.JPG,DSCF0342.JPG,3R/106MEDIA,2,Western_Leopard_Toad,0.4495,1886.3,1261.9,2037.7,1431.3
/srv/shared_leopard_toad/2024/18.11.2024/3R/106MEDIA/DSCF0305.JPG,DSCF0305.JPG,3R/106MEDIA,2,Western_Leopard_Toad,0.3147,1885.9,1265.7,2020.1,1432.6
/srv/shared_leopard_toad/2024/18.11.2024/3R/106MEDIA/DSCF0487.JPG,DSCF0487.JPG,3R/106MEDIA,0,Other_Amphibian,0.6782,2187.5,649.1,2276.5,738.0
/srv/shared_leopard_toad/2024/18.11.2024/3R/106MEDIA/DSCF0709.JPG,DSCF0709.JPG,3R/106MEDIA,2,Western_Leopard_Toad,0.4934,1885.2,1268.5,2020.8,1432.4
/srv/shared_leopard_toad/2024/18.11.2024/3R/106MEDIA/DSCF0168.JPG,DSCF0168.JPG,3R/106MEDIA,2,Western_Leopard_Toad,0.3120,1888.7,1266.0,2026.3,1434.8
/srv/shared_leopard_toad/2024/18.11.2024/3R/106MEDIA/DSCF0670.JPG,DSCF0670.JPG,3R/106MEDIA,2,Western_Leopard_Toad,0.3970,1884.3,1268.7,2021.7,1432.1
/srv/shared_leopard_toad/2024/18.11.2024/3R/106MEDIA/DSCF0676.JPG,DSCF0676.JPG,3R/106MEDIA,2,Western_Leopard_Toad,0.2925,1885.1,1267.8,2020.9,1433.0
/srv/shared_leopard_toad/2024/18.11.2024/3R/106MEDIA/DSCF0531.JPG,DSCF0531.JPG,3R/106MEDIA,0,Other_Amphibian,0.8018,1555.9,2043.7,1666.1,2183.4
/srv/shared_leopard_toad/2024/18.11.2024/3R/106MEDIA/DSCF0531.JPG,DSCF0531.JPG,3R/106MEDIA,2,Western_Leopard_Toad,0.4885,1555.9,2043.7,1666.1,2183.4
/srv/shared_leopard_toad/2024/18.11.2024/3R/106MEDIA/DSCF0411.JPG,DSCF0411.JPG,3R/106MEDIA,2,Western_Leopard_Toad,0.7749,1885.7,1264.1,2020.3,1431.7
/srv/shared_leopard_toad/2024/18.11.2024/3R/106MEDIA/DSCF0230.JPG,DSCF0230.JPG,3R/106MEDIA,2,Western_Leopard_Toad,0.2966,1885.1,1263.6,2020.9,1434.7
/srv/shared_leopard_toad/2024/18.11.2024/3R/106MEDIA/DSCF0923.JPG,DSCF0923.JPG,3R/106MEDIA,0,Other_Amphibian,0.2438,717.6,2136.5,797.7,2255.2
/srv/shared_leopard_toad/2024/18.11.2024/3R/106MEDIA/DSCF0324.JPG,DSCF0324.JPG,3R/106MEDIA,2,Western_Leopard_Toad,0.5024,1883.5,1266.3,2018.0,1432.1
/srv/shared_leopard_toad/2024/18.11.2024/3R/106MEDIA/DSCF0524.JPG,DSCF0524.JPG,3R/106MEDIA,2,Western_Leopard_Toad,0.4817,1884.4,1267.1,2017.1,1433.7
/srv/shared_leopard_toad/2024/18.11.2024/3R/106MEDIA/DSCF0026.JPG,DSCF0026.JPG,3R/106MEDIA,2,Western_Leopard_Toad,0.2671,675.2,1168.4,772.7,1289.5
/srv/shared_leopard_toad/2024/18.11.2024/3R/106MEDIA/DSCF0568.JPG,DSCF0568.JPG,3R/106MEDIA,0,Other_Amphibian,0.3882,2198.8,478.8,2305.7,584.3
/srv/shared_leopard_toad/2024/18.11.2024/3R/106MEDIA/DSCF0854.JPG,DSCF0854.JPG,3R/106MEDIA,2,Western_Leopard_Toad,0.4082,1884.6,1271.2,2021.4,1432.2
/srv/shared_leopard_toad/2024/18.11.2024/3R/106MEDIA/DSCF0409.JPG,DSCF0409.JPG,3R/106MEDIA,2,Western_Leopard_Toad,0.6514,1885.2,1264.1,2020.8,1431.7
/srv/shared_leopard_toad/2024/18.11.2024/3R/106MEDIA/DSCF0851.JPG,DSCF0851.JPG,3R/106MEDIA,2,Western_Leopard_Toad,0.6567,1885.9,1269.8,2029.1,1431.1
/srv/shared_leopard_toad/2024/18.11.2024/3R/106MEDIA/DSCF0343.JPG,DSCF0343.JPG,3R/106MEDIA,2,Western_Leopard_Toad,0.4714,1886.5,1267.1,2019.5,1433.7
/srv/shared_leopard_toad/2024/18.11.2024/3R/106MEDIA/DSCF0402.JPG,DSCF0402.JPG,3R/106MEDIA,2,Western_Leopard_Toad,0.3347,1887.2,1265.5,2018.8,1432.8
/srv/shared_leopard_toad/2024/18.11.2024/3R/106MEDIA/DSCF0301.JPG,DSCF0301.JPG,3R/106MEDIA,2,Western_Leopard_Toad,0.3193,1886.3,1265.9,2019.7,1432.5
/srv/shared_leopard_toad/2024/18.11.2024/3R/106MEDIA/DSCF0769.JPG,DSCF0769.JPG,3R/106MEDIA,2,Western_Leopard_Toad,0.4524,1882.9,1268.2,2023.1,1432.7
/srv/shared_leopard_toad/2024/18.11.2024/3R/106MEDIA/DSCF0184.JPG,DSCF0184.JPG,3R/106MEDIA,0,Other_Amphibian,0.2161,367.5,8.4,482.4,151.2
/srv/shared_leopard_toad/2024/18.11.2024/3R/106MEDIA/DSCF0373.JPG,DSCF0373.JPG,3R/106MEDIA,2,Western_Leopard_Toad,0.5234,1886.0,1266.7,2020.0,1434.2
/srv/shared_leopard_toad/2024/18.11.2024/3R/106MEDIA/DSCF0871.JPG,DSCF0871.JPG,3R/106MEDIA,2,Western_Leopard_Toad,0.5122,1883.5,1271.6,2027.0,1431.7
/srv/shared_leopard_toad/2024/18.11.2024/3R/106MEDIA/DSCF0060.JPG,DSCF0060.JPG,3R/106MEDIA,2,Western_Leopard_Toad,0.4124,1886.5,1265.5,2019.5,1432.8
/srv/shared_leopard_toad/2024/18.11.2024/3R/106MEDIA/DSCF0060.JPG,DSCF0060.JPG,3R/106MEDIA,0,Other_Amphibian,0.2091,1886.5,1265.5,2019.5,1432.8
/srv/shared_leopard_toad/2024/18.11.2024/3R/106MEDIA/DSCF0736.JPG,DSCF0736.JPG,3R/106MEDIA,0,Other_Amphibian,0.2163,1846.3,151.5,1940.5,209.5
/srv/shared_leopard_toad/2024/18.11.2024/3R/106MEDIA/DSCF0943.JPG,DSCF0943.JPG,3R/106MEDIA,0,Other_Amphibian,0.2632,720.0,2137.9,795.3,2251.3
/srv/shared_leopard_toad/2024/18.11.2024/3R/106MEDIA/DSCF0672.JPG,DSCF0672.JPG,3R/106MEDIA,2,Western_Leopard_Toad,0.6455,1885.1,1269.2,2020.9,1431.7
/srv/shared_leopard_toad/2024/18.11.2024/3R/106MEDIA/DSCF0672.JPG,DSCF0672.JPG,3R/106MEDIA,0,Other_Amphibian,0.2013,1885.1,1269.2,2020.9,1431.7
/srv/shared_leopard_toad/2024/18.11.2024/3R/106MEDIA/DSCF0662.JPG,DSCF0662.JPG,3R/106MEDIA,0,Other_Amphibian,0.5933,2485.5,864.1,2554.5,945.7
/srv/shared_leopard_toad/2024/18.11.2024/3R/106MEDIA/DSCF0998.JPG,DSCF0998.JPG,3R/106MEDIA,0,Other_Amphibian,0.2722,111.0,1527.1,194.4,1624.3
/srv/shared_leopard_toad/2024/18.11.2024/3R/106MEDIA/DSCF0308.JPG,DSCF0308.JPG,3R/106MEDIA,2,Western_Leopard_Toad,0.4526,1884.9,1264.3,2021.1,1431.5
/srv/shared_leopard_toad/2024/18.11.2024/3R/106MEDIA/DSCF0433.JPG,DSCF0433.JPG,3R/106MEDIA,2,Western_Leopard_Toad,0.5635,1887.5,1264.3,2018.5,1431.5
/srv/shared_leopard_toad/2024/18.11.2024/3R/106MEDIA/DSCF0433.JPG,DSCF0433.JPG,3R/106MEDIA,0,Other_Amphibian,0.2220,1887.5,1264.3,2018.5,1431.5
/srv/shared_leopard_toad/2024/18.11.2024/3R/106MEDIA/DSCF0312.JPG,DSCF0312.JPG,3R/106MEDIA,2,Western_Leopard_Toad,0.3831,1885.9,1264.8,2020.1,1433.6
/srv/shared_leopard_toad/2024/18.11.2024/3R/106MEDIA/DSCF0385.JPG,DSCF0385.JPG,3R/106MEDIA,2,Western_Leopard_Toad,0.5415,1886.9,1266.1,2019.1,1432.2
/srv/shared_leopard_toad/2024/18.11.2024/3R/106MEDIA/DSCF0426.JPG,DSCF0426.JPG,3R/106MEDIA,2,Western_Leopard_Toad,0.5972,1886.3,1265.9,2019.7,1432.5
/srv/shared_leopard_toad/2024/18.11.2024/3R/106MEDIA/DSCF0534.JPG,DSCF0534.JPG,3R/106MEDIA,2,Western_Leopard_Toad,0.3804,1884.4,1264.3,2017.1,1434.0
/srv/shared_leopard_toad/2024/18.11.2024/3R/106MEDIA/DSCF0041.JPG,DSCF0041.JPG,3R/106MEDIA,0,Other_Amphibian,0.8550,3808.7,1918.2,3908.8,2033.1
/srv/shared_leopard_toad/2024/18.11.2024/3R/106MEDIA/DSCF0509.JPG,DSCF0509.JPG,3R/106MEDIA,2,Western_Leopard_Toad,0.3132,1884.6,1265.2,2016.9,1433.1
/srv/shared_leopard_toad/2024/18.11.2024/3R/106MEDIA/DSCF0732.JPG,DSCF0732.JPG,3R/106MEDIA,0,Other_Amphibian,0.2573,1848.0,148.0,1941.0,209.9
/srv/shared_leopard_toad/2024/18.11.2024/3R/106MEDIA/DSCF0419.JPG,DSCF0419.JPG,3R/106MEDIA,2,Western_Leopard_Toad,0.5161,1886.3,1265.9,2019.7,1432.4
/srv/shared_leopard_toad/2024/18.11.2024/3R/106MEDIA/DSCF0528.JPG,DSCF0528.JPG,3R/106MEDIA,2,Western_Leopard_Toad,0.4231,1887.0,1265.9,2019.0,1432.5
/srv/shared_leopard_toad/2024/18.11.2024/3R/106MEDIA/DSCF0008.JPG,DSCF0008.JPG,3R/106MEDIA,2,Western_Leopard_Toad,0.4260,674.1,1167.7,773.8,1288.8
/srv/shared_leopard_toad/2024/18.11.2024/3R/106MEDIA/DSCF0564.JPG,DSCF0564.JPG,3R/106MEDIA,2,Western_Leopard_Toad,0.2874,1886.0,1265.5,2020.0,1432.8
/srv/shared_leopard_toad/2024/18.11.2024/3R/106MEDIA/DSCF0303.JPG,DSCF0303.JPG,3R/106MEDIA,2,Western_Leopard_Toad,0.5874,1885.7,1265.7,2020.3,1432.6
/srv/shared_leopard_toad/2024/18.11.2024/3R/106MEDIA/DSCF0155.JPG,DSCF0155.JPG,3R/106MEDIA,2,Western_Leopard_Toad,0.3494,1885.9,1265.4,2020.1,1432.9
/srv/shared_leopard_toad/2024/18.11.2024/3R/106MEDIA/DSCF0644.JPG,DSCF0644.JPG,3R/106MEDIA,2,Western_Leopard_Toad,0.2534,1884.2,1267.5,2021.8,1433.3
/srv/shared_leopard_toad/2024/18.11.2024/3R/106MEDIA/DSCF0220.JPG,DSCF0220.JPG,3R/106MEDIA,2,Western_Leopard_Toad,0.3672,1889.4,1265.5,2025.6,1432.8
/srv/shared_leopard_toad/2024/18.11.2024/3R/106MEDIA/DSCF0837.JPG,DSCF0837.JPG,3R/106MEDIA,2,Western_Leopard_Toad,0.6597,1886.7,1276.5,2019.3,1431.9
/srv/shared_leopard_toad/2024/18.11.2024/3R/106MEDIA/DSCF0837.JPG,DSCF0837.JPG,3R/106MEDIA,0,Other_Amphibian,0.3757,1886.7,1276.5,2019.3,1431.9
/srv/shared_leopard_toad/2024/18.11.2024/3R/106MEDIA/DSCF0853.JPG,DSCF0853.JPG,3R/106MEDIA,2,Western_Leopard_Toad,0.5767,1883.8,1269.2,2026.7,1431.7
/srv/shared_leopard_toad/2024/18.11.2024/3R/106MEDIA/DSCF0853.JPG,DSCF0853.JPG,3R/106MEDIA,0,Other_Amphibian,0.2617,1883.8,1269.2,2026.7,1431.7
/srv/shared_leopard_toad/2024/18.11.2024/3R/106MEDIA/DSCF0853.JPG,DSCF0853.JPG,3R/106MEDIA,1,Small_Mammal,0.2108,1883.8,1269.2,2026.7,1431.7
/srv/shared_leopard_toad/2024/18.11.2024/3R/106MEDIA/DSCF0661.JPG,DSCF0661.JPG,3R/106MEDIA,0,Other_Amphibian,0.5850,2486.7,863.4,2557.8,945.2
/srv/shared_leopard_toad/2024/18.11.2024/3R/106MEDIA/DSCF0858.JPG,DSCF0858.JPG,3R/106MEDIA,2,Western_Leopard_Toad,0.4800,1883.0,1271.2,2023.0,1432.2
/srv/shared_leopard_toad/2024/18.11.2024/3R/106MEDIA/DSCF0722.JPG,DSCF0722.JPG,3R/106MEDIA,0,Other_Amphibian,0.3137,2253.6,462.3,2345.4,547.7
/srv/shared_leopard_toad/2024/18.11.2024/3R/106MEDIA/DSCF0988.JPG,DSCF0988.JPG,3R/106MEDIA,0,Other_Amphibian,0.2512,111.7,1529.0,194.3,1625.0
/srv/shared_leopard_toad/2024/18.11.2024/3R/106MEDIA/DSCF0006.JPG,DSCF0006.JPG,3R/106MEDIA,2,Western_Leopard_Toad,0.4905,673.9,1164.7,771.8,1290.6
/srv/shared_leopard_toad/2024/18.11.2024/3R/106MEDIA/DSCF0532.JPG,DSCF0532.JPG,3R/106MEDIA,0,Other_Amphibian,0.7778,1557.5,2043.0,1666.7,2179.1
/srv/shared_leopard_toad/2024/18.11.2024/3R/106MEDIA/DSCF0532.JPG,DSCF0532.JPG,3R/106MEDIA,2,Western_Leopard_Toad,0.5562,1557.5,2043.0,1666.7,2179.1
/srv/shared_leopard_toad/2024/18.11.2024/3R/106MEDIA/DSCF0556.JPG,DSCF0556.JPG,3R/106MEDIA,0,Other_Amphibian,0.3093,2173.1,543.9,2272.9,634.4
/srv/shared_leopard_toad/2024/18.11.2024/3R/106MEDIA/DSCF0862.JPG,DSCF0862.JPG,3R/106MEDIA,2,Western_Leopard_Toad,0.2837,1881.9,1271.7,2024.1,1434.2
/srv/shared_leopard_toad/2024/18.11.2024/3R/106MEDIA/DSCF0758.JPG,DSCF0758.JPG,3R/106MEDIA,2,Western_Leopard_Toad,0.4534,1884.2,1268.2,2021.8,1432.7
/srv/shared_leopard_toad/2024/18.11.2024/3R/106MEDIA/DSCF0758.JPG,DSCF0758.JPG,3R/106MEDIA,0,Other_Amphibian,0.2310,1884.2,1268.2,2021.8,1432.7
/srv/shared_leopard_toad/2024/18.11.2024/3R/106MEDIA/DSCF0652.JPG,DSCF0652.JPG,3R/106MEDIA,2,Western_Leopard_Toad,0.4663,1881.5,1269.1,2020.0,1434.3
/srv/shared_leopard_toad/2024/18.11.2024/3R/106MEDIA/DSCF0258.JPG,DSCF0258.JPG,3R/106MEDIA,2,Western_Leopard_Toad,0.3657,1886.9,1265.5,2019.1,1432.8
/srv/shared_leopard_toad/2024/18.11.2024/3R/106MEDIA/DSCF0346.JPG,DSCF0346.JPG,3R/106MEDIA,2,Western_Leopard_Toad,0.2776,1884.5,1266.5,2017.0,1434.3
/srv/shared_leopard_toad/2024/18.11.2024/3R/106MEDIA/DSCF0723.JPG,DSCF0723.JPG,3R/106MEDIA,0,Other_Amphibian,0.2255,1850.6,147.9,1942.9,209.9
/srv/shared_leopard_toad/2024/18.11.2024/3R/106MEDIA/DSCF0878.JPG,DSCF0878.JPG,3R/106MEDIA,2,Western_Leopard_Toad,0.3066,1881.1,1273.5,2024.9,1432.4
/srv/shared_leopard_toad/2024/18.11.2024/3R/106MEDIA/DSCF0432.JPG,DSCF0432.JPG,3R/106MEDIA,2,Western_Leopard_Toad,0.4338,1885.9,1265.5,2020.1,1432.8
/srv/shared_leopard_toad/2024/18.11.2024/3R/106MEDIA/DSCF0174.JPG,DSCF0174.JPG,3R/106MEDIA,2,Western_Leopard_Toad,0.3220,1888.4,1264.1,2026.6,1434.2
/srv/shared_leopard_toad/2024/18.11.2024/3R/106MEDIA/DSCF0864.JPG,DSCF0864.JPG,3R/106MEDIA,2,Western_Leopard_Toad,0.3188,1882.6,1271.5,2023.4,1431.9
/srv/shared_leopard_toad/2024/18.11.2024/3R/106MEDIA/DSCF0697.JPG,DSCF0697.JPG,3R/106MEDIA,2,Western_Leopard_Toad,0.3254,1884.4,1268.2,2021.6,1432.7
/srv/shared_leopard_toad/2024/18.11.2024/3R/106MEDIA/DSCF0117.JPG,DSCF0117.JPG,3R/106MEDIA,2,Western_Leopard_Toad,0.3147,1885.5,1265.1,2020.5,1433.2
/srv/shared_leopard_toad/2024/18.11.2024/3R/106MEDIA/DSCF0833.JPG,DSCF0833.JPG,3R/106MEDIA,2,Western_Leopard_Toad,0.4197,1884.7,1270.3,2021.3,1433.1
/srv/shared_leopard_toad/2024/18.11.2024/3R/106MEDIA/DSCF0833.JPG,DSCF0833.JPG,3R/106MEDIA,2,Western_Leopard_Toad,0.4111,1883.1,1270.6,2022.9,1432.8
/srv/shared_leopard_toad/2024/18.11.2024/3R/106MEDIA/DSCF0152.JPG,DSCF0152.JPG,3R/106MEDIA,2,Western_Leopard_Toad,0.2927,676.5,1167.8,774.8,1287.5
/srv/shared_leopard_toad/2024/18.11.2024/3R/106MEDIA/DSCF0152.JPG,DSCF0152.JPG,3R/106MEDIA,2,Western_Leopard_Toad,0.2886,1886.6,1267.6,2019.4,1435.8
/srv/shared_leopard_toad/2024/18.11.2024/3R/106MEDIA/DSCF0036.JPG,DSCF0036.JPG,3R/106MEDIA,2,Western_Leopard_Toad,0.3484,675.1,1169.5,770.6,1287.1
/srv/shared_leopard_toad/2024/18.11.2024/3R/106MEDIA/DSCF0754.JPG,DSCF0754.JPG,3R/106MEDIA,2,Western_Leopard_Toad,0.3425,1886.0,1268.5,2020.0,1432.4
/srv/shared_leopard_toad/2024/18.11.2024/3R/106MEDIA/DSCF0754.JPG,DSCF0754.JPG,3R/106MEDIA,2,Western_Leopard_Toad,0.3235,1884.4,1267.4,2021.6,1430.9
/srv/shared_leopard_toad/2024/18.11.2024/3R/106MEDIA/DSCF0838.JPG,DSCF0838.JPG,3R/106MEDIA,2,Western_Leopard_Toad,0.4478,1883.6,1271.0,2022.4,1432.3
/srv/shared_leopard_toad/2024/18.11.2024/3R/106MEDIA/DSCF0040.JPG,DSCF0040.JPG,3R/106MEDIA,0,Other_Amphibian,0.2098,2471.5,952.4,2555.0,1034.6
/srv/shared_leopard_toad/2024/18.11.2024/3R/106MEDIA/DSCF0315.JPG,DSCF0315.JPG,3R/106MEDIA,2,Western_Leopard_Toad,0.4763,1885.9,1265.1,2020.1,1433.2
/srv/shared_leopard_toad/2024/18.11.2024/3R/106MEDIA/DSCF0315.JPG,DSCF0315.JPG,3R/106MEDIA,2,Western_Leopard_Toad,0.3303,1883.9,1264.6,2022.1,1433.7
/srv/shared_leopard_toad/2024/18.11.2024/3R/106MEDIA/DSCF0288.JPG,DSCF0288.JPG,3R/106MEDIA,2,Western_Leopard_Toad,0.4727,1883.7,1263.6,2017.8,1432.1
/srv/shared_leopard_toad/2024/18.11.2024/3R/106MEDIA/DSCF0423.JPG,DSCF0423.JPG,3R/106MEDIA,2,Western_Leopard_Toad,0.3606,1886.6,1265.4,2019.4,1432.9
/srv/shared_leopard_toad/2024/18.11.2024/3R/106MEDIA/DSCF0264.JPG,DSCF0264.JPG,3R/106MEDIA,2,Western_Leopard_Toad,0.3965,1885.2,1267.4,2020.8,1433.5
/srv/shared_leopard_toad/2024/18.11.2024/3R/106MEDIA/DSCF0284.JPG,DSCF0284.JPG,3R/106MEDIA,2,Western_Leopard_Toad,0.3743,1886.5,1266.1,2019.5,1432.2
/srv/shared_leopard_toad/2024/18.11.2024/3R/106MEDIA/DSCF0271.JPG,DSCF0271.JPG,3R/106MEDIA,2,Western_Leopard_Toad,0.3135,1886.2,1264.3,2019.8,1431.5
/srv/shared_leopard_toad/2024/18.11.2024/3R/106MEDIA/DSCF0271.JPG,DSCF0271.JPG,3R/106MEDIA,2,Western_Leopard_Toad,0.2500,1882.7,1266.7,2018.8,1434.2
/srv/shared_leopard_toad/2024/18.11.2024/3R/106MEDIA/DSCF0861.JPG,DSCF0861.JPG,3R/106MEDIA,2,Western_Leopard_Toad,0.2874,1882.1,1271.8,2028.4,1431.6
/srv/shared_leopard_toad/2024/18.11.2024/3R/106MEDIA/DSCF0861.JPG,DSCF0861.JPG,3R/106MEDIA,2,Western_Leopard_Toad,0.2776,1882.2,1273.2,2023.8,1432.7
/srv/shared_leopard_toad/2024/18.11.2024/3R/106MEDIA/DSCF0659.JPG,DSCF0659.JPG,3R/106MEDIA,2,Western_Leopard_Toad,0.3486,1885.2,1267.4,2020.8,1433.5
/srv/shared_leopard_toad/2024/18.11.2024/3R/106MEDIA/DSCF0295.JPG,DSCF0295.JPG,3R/106MEDIA,2,Western_Leopard_Toad,0.2666,1887.2,1267.2,2018.8,1433.6
/srv/shared_leopard_toad/2024/18.11.2024/3R/106MEDIA/DSCF0053.JPG,DSCF0053.JPG,3R/106MEDIA,0,Other_Amphibian,0.2390,2471.3,952.1,2555.2,1034.9
/srv/shared_leopard_toad/2024/18.11.2024/3R/106MEDIA/DSCF0740.JPG,DSCF0740.JPG,3R/106MEDIA,2,Western_Leopard_Toad,0.3025,1888.1,1267.4,2026.9,1430.9
/srv/shared_leopard_toad/2024/18.11.2024/3R/106MEDIA/DSCF0384.JPG,DSCF0384.JPG,3R/106MEDIA,2,Western_Leopard_Toad,0.3130,1885.7,1264.8,2020.3,1430.9
/srv/shared_leopard_toad/2024/18.11.2024/3R/106MEDIA/DSCF0731.JPG,DSCF0731.JPG,3R/106MEDIA,2,Western_Leopard_Toad,0.2771,1885.6,1267.0,2024.9,1431.3
/srv/shared_leopard_toad/2024/18.11.2024/3R/106MEDIA/DSCF0479.JPG,DSCF0479.JPG,3R/106MEDIA,2,Western_Leopard_Toad,0.3115,1884.6,1265.2,2016.9,1433.1
/srv/shared_leopard_toad/2024/18.11.2024/3R/106MEDIA/DSCF0247.JPG,DSCF0247.JPG,3R/106MEDIA,2,Western_Leopard_Toad,0.3542,1888.1,1264.6,2022.4,1433.7
/srv/shared_leopard_toad/2024/18.11.2024/3R/106MEDIA/DSCF0247.JPG,DSCF0247.JPG,3R/106MEDIA,0,Other_Amphibian,0.2563,366.9,9.1,481.4,153.5
/srv/shared_leopard_toad/2024/18.11.2024/3R/106MEDIA/DSCF0307.JPG,DSCF0307.JPG,3R/106MEDIA,2,Western_Leopard_Toad,0.4163,1886.0,1264.4,2020.0,1431.3
/srv/shared_leopard_toad/2024/18.11.2024/3R/106MEDIA/DSCF0268.JPG,DSCF0268.JPG,3R/106MEDIA,2,Western_Leopard_Toad,0.2717,1886.0,1266.3,2020.0,1432.1
/srv/shared_leopard_toad/2024/18.11.2024/3R/106MEDIA/DSCF0716.JPG,DSCF0716.JPG,3R/106MEDIA,2,Western_Leopard_Toad,0.2913,1884.7,1268.5,2021.3,1432.4
/srv/shared_leopard_toad/2024/18.11.2024/3R/106MEDIA/DSCF0716.JPG,DSCF0716.JPG,3R/106MEDIA,2,Western_Leopard_Toad,0.2832,1883.4,1268.2,2022.6,1432.7
/srv/shared_leopard_toad/2024/18.11.2024/3R/106MEDIA/DSCF0663.JPG,DSCF0663.JPG,3R/106MEDIA,0,Other_Amphibian,0.5420,2485.9,868.4,2554.1,949.1
/srv/shared_leopard_toad/2024/18.11.2024/3R/106MEDIA/DSCF0106.JPG,DSCF0106.JPG,3R/106MEDIA,2,Western_Leopard_Toad,0.2957,1885.6,1264.9,2020.4,1433.4
/srv/shared_leopard_toad/2024/18.11.2024/3R/106MEDIA/DSCF0978.JPG,DSCF0978.JPG,3R/106MEDIA,0,Other_Amphibian,0.2615,111.1,1526.1,195.4,1622.8
/srv/shared_leopard_toad/2024/18.11.2024/3R/106MEDIA/DSCF0704.JPG,DSCF0704.JPG,3R/106MEDIA,2,Western_Leopard_Toad,0.4089,1886.4,1268.5,2024.1,1432.4
/srv/shared_leopard_toad/2024/18.11.2024/3R/106MEDIA/DSCF0148.JPG,DSCF0148.JPG,3R/106MEDIA,2,Western_Leopard_Toad,0.2771,1884.8,1264.9,2021.2,1433.4
/srv/shared_leopard_toad/2024/18.11.2024/3R/106MEDIA/DSCF0842.JPG,DSCF0842.JPG,3R/106MEDIA,2,Western_Leopard_Toad,0.4304,1883.0,1271.2,2023.0,1432.2
/srv/shared_leopard_toad/2024/18.11.2024/3R/106MEDIA/DSCF0739.JPG,DSCF0739.JPG,3R/106MEDIA,2,Western_Leopard_Toad,0.3376,1884.4,1267.8,2026.1,1430.6
/srv/shared_leopard_toad/2024/18.11.2024/3R/106MEDIA/DSCF0875.JPG,DSCF0875.JPG,3R/106MEDIA,2,Western_Leopard_Toad,0.3103,1882.2,1272.6,2023.8,1433.3
/srv/shared_leopard_toad/2024/18.11.2024/3R/106MEDIA/DSCF0856.JPG,DSCF0856.JPG,3R/106MEDIA,2,Western_Leopard_Toad,0.5132,1883.1,1270.6,2022.9,1432.8
/srv/shared_leopard_toad/2024/18.11.2024/3R/106MEDIA/DSCF0721.JPG,DSCF0721.JPG,3R/106MEDIA,2,Western_Leopard_Toad,0.3123,1885.2,1268.0,2020.8,1432.8
/srv/shared_leopard_toad/2024/18.11.2024/3R/106MEDIA/DSCF0536.JPG,DSCF0536.JPG,3R/106MEDIA,2,Western_Leopard_Toad,0.2622,1885.6,1264.0,2020.4,1431.8
/srv/shared_leopard_toad/2024/18.11.2024/3R/106MEDIA/DSCF0494.JPG,DSCF0494.JPG,3R/106MEDIA,2,Western_Leopard_Toad,0.3298,1885.5,1266.7,2016.0,1434.2
/srv/shared_leopard_toad/2024/18.11.2024/3R/106MEDIA/DSCF0386.JPG,DSCF0386.JPG,3R/106MEDIA,2,Western_Leopard_Toad,0.4583,1889.7,1263.2,2025.3,1430.1
/srv/shared_leopard_toad/2024/18.11.2024/3R/106MEDIA/DSCF0386.JPG,DSCF0386.JPG,3R/106MEDIA,0,Other_Amphibian,0.2220,1889.7,1263.2,2025.3,1430.1
/srv/shared_leopard_toad/2024/18.11.2024/3R/106MEDIA/DSCF0134.JPG,DSCF0134.JPG,3R/106MEDIA,2,Western_Leopard_Toad,0.2981,1888.0,1264.3,2022.5,1434.0
/srv/shared_leopard_toad/2024/18.11.2024/3R/106MEDIA/DSCF0399.JPG,DSCF0399.JPG,3R/106MEDIA,2,Western_Leopard_Toad,0.2881,1886.1,1263.8,2019.9,1432.0
/srv/shared_leopard_toad/2024/18.11.2024/3R/106MEDIA/DSCF0872.JPG,DSCF0872.JPG,3R/106MEDIA,2,Western_Leopard_Toad,0.3098,1881.2,1272.7,2024.8,1433.2
/srv/shared_leopard_toad/2024/18.11.2024/3R/106MEDIA/DSCF0892.JPG,DSCF0892.JPG,3R/106MEDIA,2,Western_Leopard_Toad,0.4675,1881.5,1269.3,2024.5,1431.5
/srv/shared_leopard_toad/2024/18.11.2024/3R/106MEDIA/DSCF0892.JPG,DSCF0892.JPG,3R/106MEDIA,0,Other_Amphibian,0.2054,1881.5,1269.3,2024.5,1431.5
/srv/shared_leopard_toad/2024/18.11.2024/3R/106MEDIA/DSCF0768.JPG,DSCF0768.JPG,3R/106MEDIA,2,Western_Leopard_Toad,0.2771,1885.9,1269.3,2024.6,1431.5
/srv/shared_leopard_toad/2024/18.11.2024/3R/106MEDIA/DSCF0877.JPG,DSCF0877.JPG,3R/106MEDIA,2,Western_Leopard_Toad,0.3748,1882.1,1272.7,2023.9,1433.2
/srv/shared_leopard_toad/2024/18.11.2024/3R/106MEDIA/DSCF0523.JPG,DSCF0523.JPG,3R/106MEDIA,2,Western_Leopard_Toad,0.2820,1886.3,1265.9,2019.7,1432.4
/srv/shared_leopard_toad/2024/18.11.2024/3R/106MEDIA/DSCF0890.JPG,DSCF0890.JPG,3R/106MEDIA,2,Western_Leopard_Toad,0.3855,1883.6,1272.6,2026.9,1433.3
/srv/shared_leopard_toad/2024/18.11.2024/3R/106MEDIA/DSCF0890.JPG,DSCF0890.JPG,3R/106MEDIA,0,Other_Amphibian,0.2037,1883.6,1272.6,2026.9,1433.3
/srv/shared_leopard_toad/2024/18.11.2024/3R/106MEDIA/DSCF0223.JPG,DSCF0223.JPG,3R/106MEDIA,2,Western_Leopard_Toad,0.2644,1888.9,1266.7,2026.1,1434.2
/srv/shared_leopard_toad/2024/18.11.2024/3R/106MEDIA/DSCF0745.JPG,DSCF0745.JPG,3R/106MEDIA,2,Western_Leopard_Toad,0.4634,1884.4,1268.0,2021.6,1432.8
/srv/shared_leopard_toad/2024/18.11.2024/3R/106MEDIA/DSCF0745.JPG,DSCF0745.JPG,3R/106MEDIA,0,Other_Amphibian,0.2120,1849.5,149.6,1941.8,209.5
/srv/shared_leopard_toad/2024/18.11.2024/3R/106MEDIA/DSCF0601.JPG,DSCF0601.JPG,3R/106MEDIA,2,Western_Leopard_Toad,0.3584,1885.9,1267.0,2020.1,1431.3
/srv/shared_leopard_toad/2024/18.11.2024/3R/106MEDIA/DSCF0753.JPG,DSCF0753.JPG,3R/106MEDIA,2,Western_Leopard_Toad,0.3989,1884.4,1268.2,2021.6,1432.7
/srv/shared_leopard_toad/2024/18.11.2024/3R/106MEDIA/DSCF0095.JPG,DSCF0095.JPG,3R/106MEDIA,2,Western_Leopard_Toad,0.2922,673.9,1169.8,775.1,1290.6
/srv/shared_leopard_toad/2024/18.11.2024/3R/106MEDIA/DSCF0363.JPG,DSCF0363.JPG,3R/106MEDIA,2,Western_Leopard_Toad,0.5088,1885.5,1267.4,2020.5,1433.5
/srv/shared_leopard_toad/2024/18.11.2024/3R/106MEDIA/DSCF0823.JPG,DSCF0823.JPG,3R/106MEDIA,2,Western_Leopard_Toad,0.3660,1885.7,1269.0,2020.3,1431.8
/srv/shared_leopard_toad/2024/18.11.2024/3R/106MEDIA/DSCF0154.JPG,DSCF0154.JPG,3R/106MEDIA,2,Western_Leopard_Toad,0.3025,676.2,1173.2,772.8,1288.4
/srv/shared_leopard_toad/2024/18.11.2024/3R/106MEDIA/DSCF0376.JPG,DSCF0376.JPG,3R/106MEDIA,2,Western_Leopard_Toad,0.4043,1887.0,1267.4,2019.0,1433.5
/srv/shared_leopard_toad/2024/18.11.2024/3R/106MEDIA/DSCF0376.JPG,DSCF0376.JPG,3R/106MEDIA,2,Western_Leopard_Toad,0.3777,1885.7,1267.5,2020.3,1433.3
/srv/shared_leopard_toad/2024/18.11.2024/3R/106MEDIA/DSCF0186.JPG,DSCF0186.JPG,3R/106MEDIA,2,Western_Leopard_Toad,0.6025,1886.1,1264.9,2019.9,1433.4
/srv/shared_leopard_toad/2024/18.11.2024/3R/106MEDIA/DSCF0280.JPG,DSCF0280.JPG,3R/106MEDIA,2,Western_Leopard_Toad,0.2500,1885.5,1266.7,2020.5,1434.2
/srv/shared_leopard_toad/2024/18.11.2024/3R/106MEDIA/DSCF0675.JPG,DSCF0675.JPG,3R/106MEDIA,2,Western_Leopard_Toad,0.4143,1886.0,1269.1,2020.0,1434.3
/srv/shared_leopard_toad/2024/18.11.2024/3R/106MEDIA/DSCF0675.JPG,DSCF0675.JPG,3R/106MEDIA,2,Western_Leopard_Toad,0.2815,1884.4,1268.3,2021.6,1432.5
/srv/shared_leopard_toad/2024/18.11.2024/3R/106MEDIA/DSCF0414.JPG,DSCF0414.JPG,3R/106MEDIA,2,Western_Leopard_Toad,0.4578,1885.9,1263.6,2020.1,1432.1
/srv/shared_leopard_toad/2024/18.11.2024/3R/106MEDIA/DSCF0074.JPG,DSCF0074.JPG,3R/106MEDIA,2,Western_Leopard_Toad,0.2681,1887.8,1265.1,2027.2,1433.2
/srv/shared_leopard_toad/2024/18.11.2024/3R/106MEDIA/DSCF0074.JPG,DSCF0074.JPG,3R/106MEDIA,0,Other_Amphibian,0.2039,2470.7,952.5,2555.8,1034.6
/srv/shared_leopard_toad/2024/18.11.2024/3R/106MEDIA/DSCF0421.JPG,DSCF0421.JPG,3R/106MEDIA,2,Western_Leopard_Toad,0.4680,1887.2,1265.5,2018.8,1432.8
/srv/shared_leopard_toad/2024/18.11.2024/3R/106MEDIA/DSCF0511.JPG,DSCF0511.JPG,3R/106MEDIA,2,Western_Leopard_Toad,0.2693,1886.9,1266.2,2019.1,1434.7
/srv/shared_leopard_toad/2024/18.11.2024/3R/106MEDIA/DSCF0885.JPG,DSCF0885.JPG,3R/106MEDIA,2,Western_Leopard_Toad,0.4822,1881.4,1271.6,2024.6,1431.7
/srv/shared_leopard_toad/2024/18.11.2024/3R/106MEDIA/DSCF0885.JPG,DSCF0885.JPG,3R/106MEDIA,0,Other_Amphibian,0.2010,1881.4,1271.6,2024.6,1431.7
/srv/shared_leopard_toad/2024/18.11.2024/3R/106MEDIA/DSCF0418.JPG,DSCF0418.JPG,3R/106MEDIA,2,Western_Leopard_Toad,0.3806,1887.1,1266.7,2018.9,1434.2
/srv/shared_leopard_toad/2024/18.11.2024/3R/106MEDIA/DSCF0418.JPG,DSCF0418.JPG,3R/106MEDIA,2,Western_Leopard_Toad,0.3574,1885.9,1265.4,2020.1,1432.9
/srv/shared_leopard_toad/2024/18.11.2024/3R/106MEDIA/DSCF0937.JPG,DSCF0937.JPG,3R/106MEDIA,0,Other_Amphibian,0.2717,719.3,2137.8,796.1,2251.4
/srv/shared_leopard_toad/2024/18.11.2024/3R/106MEDIA/DSCF0686.JPG,DSCF0686.JPG,3R/106MEDIA,2,Western_Leopard_Toad,0.3887,1883.9,1267.7,2022.1,1433.2
/srv/shared_leopard_toad/2024/18.11.2024/3R/106MEDIA/DSCF0333.JPG,DSCF0333.JPG,3R/106MEDIA,2,Western_Leopard_Toad,0.2703,1886.3,1267.4,2019.7,1433.5
/srv/shared_leopard_toad/2024/18.11.2024/3R/106MEDIA/DSCF0482.JPG,DSCF0482.JPG,3R/106MEDIA,2,Western_Leopard_Toad,0.2866,1886.7,1266.5,2019.3,1434.3
/srv/shared_leopard_toad/2024/18.11.2024/3R/106MEDIA/DSCF0113.JPG,DSCF0113.JPG,3R/106MEDIA,2,Western_Leopard_Toad,0.4084,1888.9,1264.9,2026.1,1433.4
/srv/shared_leopard_toad/2024/18.11.2024/3R/106MEDIA/DSCF0387.JPG,DSCF0387.JPG,3R/106MEDIA,2,Western_Leopard_Toad,0.5308,1885.9,1265.9,2020.1,1432.4
/srv/shared_leopard_toad/2024/18.11.2024/3R/106MEDIA/DSCF0867.JPG,DSCF0867.JPG,3R/106MEDIA,2,Western_Leopard_Toad,0.3201,1883.1,1271.8,2027.4,1431.6
/srv/shared_leopard_toad/2024/18.11.2024/3R/106MEDIA/DSCF0548.JPG,DSCF0548.JPG,3R/106MEDIA,2,Western_Leopard_Toad,0.3455,1885.0,1266.8,2016.5,1434.0
/srv/shared_leopard_toad/2024/18.11.2024/3R/106MEDIA/DSCF0786.JPG,DSCF0786.JPG,3R/106MEDIA,2,Western_Leopard_Toad,0.3418,1883.4,1268.6,2022.6,1432.2
/srv/shared_leopard_toad/2024/18.11.2024/3R/106MEDIA/DSCF0091.JPG,DSCF0091.JPG,3R/106MEDIA,2,Western_Leopard_Toad,0.2642,673.3,1166.6,774.6,1288.8
/srv/shared_leopard_toad/2024/18.11.2024/3R/106MEDIA/DSCF0660.JPG,DSCF0660.JPG,3R/106MEDIA,0,Other_Amphibian,0.7314,2486.3,864.1,2558.2,945.7
/srv/shared_leopard_toad/2024/18.11.2024/3R/106MEDIA/DSCF0660.JPG,DSCF0660.JPG,3R/106MEDIA,2,Western_Leopard_Toad,0.2874,1884.9,1266.3,2021.1,1432.1
/srv/shared_leopard_toad/2024/18.11.2024/3R/106MEDIA/DSCF0554.JPG,DSCF0554.JPG,3R/106MEDIA,2,Western_Leopard_Toad,0.3542,1883.4,1266.5,2018.1,1434.3
/srv/shared_leopard_toad/2024/18.11.2024/3R/106MEDIA/DSCF0554.JPG,DSCF0554.JPG,3R/106MEDIA,0,Other_Amphibian,0.3240,2172.4,545.9,2264.6,634.9
/srv/shared_leopard_toad/2024/18.11.2024/3R/106MEDIA/DSCF0130.JPG,DSCF0130.JPG,3R/106MEDIA,2,Western_Leopard_Toad,0.2578,1885.1,1265.2,2020.9,1433.1
/srv/shared_leopard_toad/2024/18.11.2024/3R/106MEDIA/DSCF0691.JPG,DSCF0691.JPG,3R/106MEDIA,2,Western_Leopard_Toad,0.2505,1883.4,1269.4,2022.6,1434.0
/srv/shared_leopard_toad/2024/18.11.2024/3R/106MEDIA/DSCF0031.JPG,DSCF0031.JPG,3R/106MEDIA,2,Western_Leopard_Toad,0.3811,673.3,1161.7,773.5,1288.6
/srv/shared_leopard_toad/2024/18.11.2024/3R/106MEDIA/DSCF0985.JPG,DSCF0985.JPG,3R/106MEDIA,0,Other_Amphibian,0.2166,112.6,1526.7,193.9,1622.2
/srv/shared_leopard_toad/2024/18.11.2024/3R/106MEDIA/DSCF0841.JPG,DSCF0841.JPG,3R/106MEDIA,2,Western_Leopard_Toad,0.4275,1883.0,1269.3,2023.0,1431.5
/srv/shared_leopard_toad/2024/18.11.2024/3R/106MEDIA/DSCF0391.JPG,DSCF0391.JPG,3R/106MEDIA,2,Western_Leopard_Toad,0.4270,1886.7,1267.0,2019.3,1433.9
/srv/shared_leopard_toad/2024/18.11.2024/3R/106MEDIA/DSCF0516.JPG,DSCF0516.JPG,3R/106MEDIA,2,Western_Leopard_Toad,0.2615,1886.7,1267.2,2019.3,1433.6
/srv/shared_leopard_toad/2024/18.11.2024/3R/106MEDIA/DSCF0191.JPG,DSCF0191.JPG,3R/106MEDIA,2,Western_Leopard_Toad,0.3662,1889.6,1264.1,2025.4,1434.2
/srv/shared_leopard_toad/2024/18.11.2024/3R/106MEDIA/DSCF0169.JPG,DSCF0169.JPG,3R/106MEDIA,2,Western_Leopard_Toad,0.3005,1886.6,1264.4,2019.4,1433.9
/srv/shared_leopard_toad/2024/18.11.2024/3R/106MEDIA/DSCF0798.JPG,DSCF0798.JPG,3R/106MEDIA,2,Western_Leopard_Toad,0.3557,1884.2,1267.4,2021.8,1430.9
/srv/shared_leopard_toad/2024/18.11.2024/3R/106MEDIA/DSCF0757.JPG,DSCF0757.JPG,3R/106MEDIA,2,Western_Leopard_Toad,0.3806,1885.5,1267.4,2025.0,1430.9
/srv/shared_leopard_toad/2024/18.11.2024/3R/106MEDIA/DSCF0757.JPG,DSCF0757.JPG,3R/106MEDIA,0,Other_Amphibian,0.2462,1847.6,149.0,1941.4,210.7
/srv/shared_leopard_toad/2024/18.11.2024/3R/106MEDIA/DSCF0735.JPG,DSCF0735.JPG,3R/106MEDIA,2,Western_Leopard_Toad,0.2695,1883.8,1268.5,2022.2,1432.4
/srv/shared_leopard_toad/2024/18.11.2024/3R/106MEDIA/DSCF0748.JPG,DSCF0748.JPG,3R/106MEDIA,2,Western_Leopard_Toad,0.3435,1883.4,1268.5,2022.6,1432.4
/srv/shared_leopard_toad/2024/18.11.2024/3R/106MEDIA/DSCF0192.JPG,DSCF0192.JPG,3R/106MEDIA,2,Western_Leopard_Toad,0.3413,1884.8,1267.2,2021.2,1433.6
/srv/shared_leopard_toad/2024/18.11.2024/3R/106MEDIA/DSCF0299.JPG,DSCF0299.JPG,3R/106MEDIA,2,Western_Leopard_Toad,0.3945,1883.9,1264.1,2022.1,1431.7
/srv/shared_leopard_toad/2024/18.11.2024/3R/106MEDIA/DSCF0345.JPG,DSCF0345.JPG,3R/106MEDIA,2,Western_Leopard_Toad,0.3000,1886.2,1265.5,2019.8,1432.8
/srv/shared_leopard_toad/2024/18.11.2024/3R/106MEDIA/DSCF0293.JPG,DSCF0293.JPG,3R/106MEDIA,2,Western_Leopard_Toad,0.3523,1886.7,1267.2,2019.3,1433.6
/srv/shared_leopard_toad/2024/18.11.2024/3R/106MEDIA/DSCF0020.JPG,DSCF0020.JPG,3R/106MEDIA,2,Western_Leopard_Toad,0.5645,676.3,1167.4,774.9,1289.2
/srv/shared_leopard_toad/2024/18.11.2024/3R/106MEDIA/DSCF0195.JPG,DSCF0195.JPG,3R/106MEDIA,2,Western_Leopard_Toad,0.3386,1885.5,1264.9,2020.5,1433.4
/srv/shared_leopard_toad/2024/18.11.2024/3R/106MEDIA/DSCF0794.JPG,DSCF0794.JPG,3R/106MEDIA,2,Western_Leopard_Toad,0.2771,1885.1,1269.0,2020.9,1431.8
/srv/shared_leopard_toad/2024/18.11.2024/3R/106MEDIA/DSCF0338.JPG,DSCF0338.JPG,3R/106MEDIA,2,Western_Leopard_Toad,0.3438,1886.2,1267.5,2019.8,1433.3
/srv/shared_leopard_toad/2024/18.11.2024/3R/106MEDIA/DSCF0360.JPG,DSCF0360.JPG,3R/106MEDIA,2,Western_Leopard_Toad,0.3298,1885.9,1267.2,2020.1,1433.6
/srv/shared_leopard_toad/2024/18.11.2024/3R/106MEDIA/DSCF0206.JPG,DSCF0206.JPG,3R/106MEDIA,2,Western_Leopard_Toad,0.3667,1886.8,1264.1,2023.7,1434.2
/srv/shared_leopard_toad/2024/18.11.2024/3R/106MEDIA/DSCF0791.JPG,DSCF0791.JPG,3R/106MEDIA,2,Western_Leopard_Toad,0.3594,1883.1,1270.5,2018.4,1432.9
/srv/shared_leopard_toad/2024/18.11.2024/3R/106MEDIA/DSCF0558.JPG,DSCF0558.JPG,3R/106MEDIA,0,Other_Amphibian,0.4724,2173.3,544.1,2272.7,631.7
/srv/shared_leopard_toad/2024/18.11.2024/3R/106MEDIA/DSCF0826.JPG,DSCF0826.JPG,3R/106MEDIA,2,Western_Leopard_Toad,0.6616,1883.5,1268.9,2022.5,1432.0
/srv/shared_leopard_toad/2024/18.11.2024/3R/106MEDIA/DSCF0775.JPG,DSCF0775.JPG,3R/106MEDIA,2,Western_Leopard_Toad,0.4788,1884.6,1268.7,2021.4,1432.1
/srv/shared_leopard_toad/2024/18.11.2024/3R/106MEDIA/DSCF0689.JPG,DSCF0689.JPG,3R/106MEDIA,2,Western_Leopard_Toad,0.6533,1883.8,1268.0,2022.2,1432.8
/srv/shared_leopard_toad/2024/18.11.2024/3R/106MEDIA/DSCF0645.JPG,DSCF0645.JPG,3R/106MEDIA,2,Western_Leopard_Toad,0.2517,1883.2,1268.8,2022.8,1434.6
/srv/shared_leopard_toad/2024/18.11.2024/3R/106MEDIA/DSCF0099.JPG,DSCF0099.JPG,3R/106MEDIA,2,Western_Leopard_Toad,0.4885,1888.0,1264.6,2027.0,1433.7
/srv/shared_leopard_toad/2024/18.11.2024/3R/106MEDIA/DSCF0327.JPG,DSCF0327.JPG,3R/106MEDIA,2,Western_Leopard_Toad,0.3279,1886.2,1266.7,2019.8,1434.2
/srv/shared_leopard_toad/2024/18.11.2024/3R/106MEDIA/DSCF0727.JPG,DSCF0727.JPG,3R/106MEDIA,0,Other_Amphibian,0.2233,1850.8,146.8,1942.7,209.2
/srv/shared_leopard_toad/2024/18.11.2024/3R/106MEDIA/DSCF0840.JPG,DSCF0840.JPG,3R/106MEDIA,2,Western_Leopard_Toad,0.6089,1883.8,1270.1,2022.2,1433.2
/srv/shared_leopard_toad/2024/18.11.2024/3R/106MEDIA/DSCF0964.JPG,DSCF0964.JPG,3R/106MEDIA,0,Other_Amphibian,0.2703,723.8,2138.2,796.0,2245.9
/srv/shared_leopard_toad/2024/18.11.2024/3R/106MEDIA/DSCF0222.JPG,DSCF0222.JPG,3R/106MEDIA,2,Western_Leopard_Toad,0.5435,1886.6,1266.5,2019.4,1434.3
/srv/shared_leopard_toad/2024/18.11.2024/3R/106MEDIA/DSCF0724.JPG,DSCF0724.JPG,3R/106MEDIA,2,Western_Leopard_Toad,0.5034,1886.7,1268.9,2023.8,1432.0
/srv/shared_leopard_toad/2024/18.11.2024/3R/106MEDIA/DSCF0997.JPG,DSCF0997.JPG,3R/106MEDIA,0,Other_Amphibian,0.2440,110.7,1527.5,194.2,1623.9
/srv/shared_leopard_toad/2024/18.11.2024/3R/106MEDIA/DSCF0381.JPG,DSCF0381.JPG,3R/106MEDIA,2,Western_Leopard_Toad,0.6465,1884.6,1264.8,2021.4,1430.9
/srv/shared_leopard_toad/2024/18.11.2024/3R/106MEDIA/DSCF0365.JPG,DSCF0365.JPG,3R/106MEDIA,2,Western_Leopard_Toad,0.3689,1886.0,1266.3,2020.0,1434.5
/srv/shared_leopard_toad/2024/18.11.2024/3R/106MEDIA/DSCF0365.JPG,DSCF0365.JPG,3R/106MEDIA,2,Western_Leopard_Toad,0.3557,1887.4,1265.4,2018.6,1432.9
/srv/shared_leopard_toad/2024/18.11.2024/3R/106MEDIA/DSCF0947.JPG,DSCF0947.JPG,3R/106MEDIA,0,Other_Amphibian,0.2190,722.4,2139.2,797.4,2252.5
/srv/shared_leopard_toad/2024/18.11.2024/3R/106MEDIA/DSCF0824.JPG,DSCF0824.JPG,3R/106MEDIA,2,Western_Leopard_Toad,0.3716,1884.2,1270.5,2021.8,1432.9
/srv/shared_leopard_toad/2024/18.11.2024/3R/106MEDIA/DSCF0773.JPG,DSCF0773.JPG,3R/106MEDIA,2,Western_Leopard_Toad,0.5479,1884.2,1269.6,2021.8,1433.8
/srv/shared_leopard_toad/2024/18.11.2024/3R/106MEDIA/DSCF0849.JPG,DSCF0849.JPG,3R/106MEDIA,2,Western_Leopard_Toad,0.7212,1884.9,1269.2,2030.1,1431.7
/srv/shared_leopard_toad/2024/18.11.2024/3R/106MEDIA/DSCF0849.JPG,DSCF0849.JPG,3R/106MEDIA,0,Other_Amphibian,0.2346,1884.9,1269.2,2030.1,1431.7
/srv/shared_leopard_toad/2024/18.11.2024/3R/106MEDIA/DSCF0849.JPG,DSCF0849.JPG,3R/106MEDIA,1,Small_Mammal,0.2137,1884.9,1269.2,2030.1,1431.7
/srv/shared_leopard_toad/2024/18.11.2024/3R/106MEDIA/DSCF0209.JPG,DSCF0209.JPG,3R/106MEDIA,2,Western_Leopard_Toad,0.4070,1887.5,1264.9,2023.0,1433.4
/srv/shared_leopard_toad/2024/18.11.2024/3R/106MEDIA/DSCF0725.JPG,DSCF0725.JPG,3R/106MEDIA,2,Western_Leopard_Toad,0.3252,1884.3,1266.7,2021.7,1431.6
/srv/shared_leopard_toad/2024/18.11.2024/3R/106MEDIA/DSCF0550.JPG,DSCF0550.JPG,3R/106MEDIA,2,Western_Leopard_Toad,0.2998,1886.9,1264.3,2019.1,1431.5
/srv/shared_leopard_toad/2024/18.11.2024/3R/106MEDIA/DSCF0612.JPG,DSCF0612.JPG,3R/106MEDIA,2,Western_Leopard_Toad,0.3479,1883.6,1266.3,2017.9,1432.1
/srv/shared_leopard_toad/2024/18.11.2024/3R/106MEDIA/DSCF0839.JPG,DSCF0839.JPG,3R/106MEDIA,2,Western_Leopard_Toad,0.4688,1882.6,1274.6,2023.4,1433.8
/srv/shared_leopard_toad/2024/18.11.2024/3R/106MEDIA/DSCF0076.JPG,DSCF0076.JPG,3R/106MEDIA,2,Western_Leopard_Toad,0.2832,1887.2,1264.9,2023.3,1433.4
/srv/shared_leopard_toad/2024/18.11.2024/3R/106MEDIA/DSCF0240.JPG,DSCF0240.JPG,3R/106MEDIA,2,Western_Leopard_Toad,0.2668,1889.3,1264.4,2025.7,1433.9
/srv/shared_leopard_toad/2024/18.11.2024/3R/106MEDIA/DSCF0714.JPG,DSCF0714.JPG,3R/106MEDIA,2,Western_Leopard_Toad,0.4941,1887.9,1266.6,2027.1,1431.7
/srv/shared_leopard_toad/2024/18.11.2024/3R/106MEDIA/DSCF0232.JPG,DSCF0232.JPG,3R/106MEDIA,2,Western_Leopard_Toad,0.2874,1886.7,1267.8,2019.3,1435.6
/srv/shared_leopard_toad/2024/18.11.2024/3R/106MEDIA/DSCF0545.JPG,DSCF0545.JPG,3R/106MEDIA,2,Western_Leopard_Toad,0.2917,1886.3,1264.3,2019.7,1431.5
/srv/shared_leopard_toad/2024/18.11.2024/3R/106MEDIA/DSCF0377.JPG,DSCF0377.JPG,3R/106MEDIA,2,Western_Leopard_Toad,0.3240,1888.4,1265.5,2026.6,1432.8
/srv/shared_leopard_toad/2024/18.11.2024/3R/106MEDIA/DSCF0813.JPG,DSCF0813.JPG,3R/106MEDIA,2,Western_Leopard_Toad,0.2915,1884.9,1267.9,2021.1,1430.4
/srv/shared_leopard_toad/2024/18.11.2024/3R/106MEDIA/DSCF0830.JPG,DSCF0830.JPG,3R/106MEDIA,2,Western_Leopard_Toad,0.3152,1883.5,1269.3,2022.5,1434.1
/srv/shared_leopard_toad/2024/18.11.2024/3R/106MEDIA/DSCF0830.JPG,DSCF0830.JPG,3R/106MEDIA,2,Western_Leopard_Toad,0.3010,1884.8,1267.7,2021.2,1433.2
/srv/shared_leopard_toad/2024/18.11.2024/3R/106MEDIA/DSCF0267.JPG,DSCF0267.JPG,3R/106MEDIA,2,Western_Leopard_Toad,0.3525,1886.9,1265.9,2019.1,1432.4
/srv/shared_leopard_toad/2024/18.11.2024/3R/106MEDIA/DSCF0319.JPG,DSCF0319.JPG,3R/106MEDIA,2,Western_Leopard_Toad,0.2676,1884.9,1264.4,2021.1,1431.3
/srv/shared_leopard_toad/2024/18.11.2024/3R/106MEDIA/DSCF0150.JPG,DSCF0150.JPG,3R/106MEDIA,2,Western_Leopard_Toad,0.3301,1888.2,1266.5,2022.3,1434.3
/srv/shared_leopard_toad/2024/18.11.2024/3R/106MEDIA/DSCF0150.JPG,DSCF0150.JPG,3R/106MEDIA,0,Other_Amphibian,0.2352,2903.2,1491.7,3041.3,1629.3
/srv/shared_leopard_toad/2024/18.11.2024/3R/106MEDIA/DSCF0643.JPG,DSCF0643.JPG,3R/106MEDIA,2,Western_Leopard_Toad,0.3103,1885.3,1269.7,2020.7,1433.6
/srv/shared_leopard_toad/2024/18.11.2024/3R/106MEDIA/DSCF0323.JPG,DSCF0323.JPG,3R/106MEDIA,2,Western_Leopard_Toad,0.3010,1886.0,1265.1,2020.0,1433.2
/srv/shared_leopard_toad/2024/18.11.2024/3R/106MEDIA/DSCF0876.JPG,DSCF0876.JPG,3R/106MEDIA,2,Western_Leopard_Toad,0.4590,1886.7,1272.1,2028.3,1431.3
/srv/shared_leopard_toad/2024/18.11.2024/3R/106MEDIA/DSCF0876.JPG,DSCF0876.JPG,3R/106MEDIA,0,Other_Amphibian,0.2556,1886.7,1272.1,2028.3,1431.3
/srv/shared_leopard_toad/2024/18.11.2024/3R/106MEDIA/DSCF0108.JPG,DSCF0108.JPG,3R/106MEDIA,2,Western_Leopard_Toad,0.4446,1885.3,1264.8,2020.7,1433.6
/srv/shared_leopard_toad/2024/18.11.2024/3R/106MEDIA/DSCF0277.JPG,DSCF0277.JPG,3R/106MEDIA,2,Western_Leopard_Toad,0.4226,1887.2,1265.9,2018.8,1432.5
/srv/shared_leopard_toad/2024/18.11.2024/3R/106MEDIA/DSCF0153.JPG,DSCF0153.JPG,3R/106MEDIA,2,Western_Leopard_Toad,0.2617,1887.3,1264.3,2023.2,1434.0
/srv/shared_leopard_toad/2024/18.11.2024/3R/106MEDIA/DSCF0747.JPG,DSCF0747.JPG,3R/106MEDIA,0,Other_Amphibian,0.2114,1848.3,150.7,1940.7,210.3
/srv/shared_leopard_toad/2024/18.11.2024/3R/106MEDIA/DSCF0708.JPG,DSCF0708.JPG,3R/106MEDIA,0,Other_Amphibian,0.3843,1477.2,2247.1,1609.8,2362.3
/srv/shared_leopard_toad/2024/18.11.2024/3R/106MEDIA/DSCF0708.JPG,DSCF0708.JPG,3R/106MEDIA,0,Other_Amphibian,0.2239,1478.5,2245.6,1608.5,2363.8
/srv/shared_leopard_toad/2024/18.11.2024/3R/106MEDIA/DSCF0408.JPG,DSCF0408.JPG,3R/106MEDIA,2,Western_Leopard_Toad,0.5679,1886.0,1264.7,2020.0,1431.1
/srv/shared_leopard_toad/2024/18.11.2024/3R/106MEDIA/DSCF0846.JPG,DSCF0846.JPG,3R/106MEDIA,2,Western_Leopard_Toad,0.2971,1883.8,1270.8,2022.2,1432.6
/srv/shared_leopard_toad/2024/18.11.2024/3R/106MEDIA/DSCF0846.JPG,DSCF0846.JPG,3R/106MEDIA,2,Western_Leopard_Toad,0.2700,1882.4,1269.9,2023.6,1430.9
/srv/shared_leopard_toad/2024/18.11.2024/3R/106MEDIA/DSCF0098.JPG,DSCF0098.JPG,3R/106MEDIA,2,Western_Leopard_Toad,0.2751,1888.9,1266.8,2026.1,1434.0
/srv/shared_leopard_toad/2024/18.11.2024/3R/106MEDIA/DSCF0961.JPG,DSCF0961.JPG,3R/106MEDIA,0,Other_Amphibian,0.2124,722.7,2139.2,794.9,2252.5
/srv/shared_leopard_toad/2024/18.11.2024/3R/106MEDIA/DSCF0214.JPG,DSCF0214.JPG,3R/106MEDIA,2,Western_Leopard_Toad,0.4517,1886.1,1265.5,2019.9,1432.8
/srv/shared_leopard_toad/2024/18.11.2024/3R/106MEDIA/DSCF0825.JPG,DSCF0825.JPG,3R/106MEDIA,2,Western_Leopard_Toad,0.4363,1886.3,1268.9,2024.2,1432.0
/srv/shared_leopard_toad/2024/18.11.2024/3R/106MEDIA/DSCF0627.JPG,DSCF0627.JPG,3R/106MEDIA,2,Western_Leopard_Toad,0.2942,1885.2,1265.7,2020.8,1432.6
/srv/shared_leopard_toad/2024/18.11.2024/3R/106MEDIA/DSCF0425.JPG,DSCF0425.JPG,3R/106MEDIA,2,Western_Leopard_Toad,0.6572,1886.2,1266.3,2019.8,1432.1
/srv/shared_leopard_toad/2024/18.11.2024/3R/106MEDIA/DSCF0425.JPG,DSCF0425.JPG,3R/106MEDIA,0,Other_Amphibian,0.2119,1886.2,1266.3,2019.8,1432.1
/srv/shared_leopard_toad/2024/18.11.2024/3R/106MEDIA/DSCF0420.JPG,DSCF0420.JPG,3R/106MEDIA,2,Western_Leopard_Toad,0.3208,1887.6,1267.0,2018.4,1433.9
/srv/shared_leopard_toad/2024/18.11.2024/3R/106MEDIA/DSCF0420.JPG,DSCF0420.JPG,3R/106MEDIA,2,Western_Leopard_Toad,0.2610,1886.5,1265.4,2019.5,1432.9
/srv/shared_leopard_toad/2024/18.11.2024/3R/106MEDIA/DSCF0398.JPG,DSCF0398.JPG,3R/106MEDIA,2,Western_Leopard_Toad,0.6890,1886.1,1265.9,2019.9,1432.4
/srv/shared_leopard_toad/2024/18.11.2024/3R/106MEDIA/DSCF0398.JPG,DSCF0398.JPG,3R/106MEDIA,0,Other_Amphibian,0.2031,1886.1,1265.9,2019.9,1432.4
/srv/shared_leopard_toad/2024/18.11.2024/3R/106MEDIA/DSCF0584.JPG,DSCF0584.JPG,3R/106MEDIA,2,Western_Leopard_Toad,0.6172,1884.9,1268.5,2021.1,1432.4
/srv/shared_leopard_toad/2024/18.11.2024/3R/106MEDIA/DSCF0111.JPG,DSCF0111.JPG,3R/106MEDIA,2,Western_Leopard_Toad,0.4365,1889.2,1264.8,2025.8,1433.6
/srv/shared_leopard_toad/2024/18.11.2024/3R/106MEDIA/DSCF0263.JPG,DSCF0263.JPG,3R/106MEDIA,2,Western_Leopard_Toad,0.2681,1887.9,1264.1,2027.1,1431.7
/srv/shared_leopard_toad/2024/18.11.2024/3R/106MEDIA/DSCF0586.JPG,DSCF0586.JPG,3R/106MEDIA,2,Western_Leopard_Toad,0.5288,1884.8,1264.6,2021.2,1431.2
/srv/shared_leopard_toad/2024/18.11.2024/3R/106MEDIA/DSCF0349.JPG,DSCF0349.JPG,3R/106MEDIA,2,Western_Leopard_Toad,0.2825,1885.1,1264.0,2016.4,1431.8
/srv/shared_leopard_toad/2024/18.11.2024/3R/106MEDIA/DSCF0828.JPG,DSCF0828.JPG,3R/106MEDIA,2,Western_Leopard_Toad,0.5649,1884.4,1269.2,2021.6,1431.7
/srv/shared_leopard_toad/2024/18.11.2024/3R/106MEDIA/DSCF0555.JPG,DSCF0555.JPG,3R/106MEDIA,0,Other_Amphibian,0.6177,2174.9,543.6,2273.3,634.0
/srv/shared_leopard_toad/2024/18.11.2024/3R/106MEDIA/DSCF0695.JPG,DSCF0695.JPG,3R/106MEDIA,2,Western_Leopard_Toad,0.3032,1884.1,1269.7,2021.9,1433.6
/srv/shared_leopard_toad/2024/18.11.2024/3R/106MEDIA/DSCF0764.JPG,DSCF0764.JPG,3R/106MEDIA,2,Western_Leopard_Toad,0.3032,1882.9,1268.6,2023.1,1432.2
/srv/shared_leopard_toad/2024/18.11.2024/3R/106MEDIA/DSCF0229.JPG,DSCF0229.JPG,3R/106MEDIA,0,Other_Amphibian,0.3435,1389.9,1325.0,1463.1,1396.1
/srv/shared_leopard_toad/2024/18.11.2024/3R/106MEDIA/DSCF0283.JPG,DSCF0283.JPG,3R/106MEDIA,2,Western_Leopard_Toad,0.3560,1884.9,1263.0,2021.1,1430.2
/srv/shared_leopard_toad/2024/18.11.2024/3R/106MEDIA/DSCF0406.JPG,DSCF0406.JPG,3R/106MEDIA,2,Western_Leopard_Toad,0.6084,1886.9,1263.6,2019.1,1432.1
/srv/shared_leopard_toad/2024/18.11.2024/3R/106MEDIA/DSCF0850.JPG,DSCF0850.JPG,3R/106MEDIA,2,Western_Leopard_Toad,0.6309,1882.4,1270.8,2023.6,1432.6
/srv/shared_leopard_toad/2024/18.11.2024/3R/106MEDIA/DSCF0850.JPG,DSCF0850.JPG,3R/106MEDIA,0,Other_Amphibian,0.2203,1882.4,1270.8,2023.6,1432.6
/srv/shared_leopard_toad/2024/18.11.2024/3R/106MEDIA/DSCF0389.JPG,DSCF0389.JPG,3R/106MEDIA,2,Western_Leopard_Toad,0.3867,1885.2,1264.9,2016.3,1433.4
/srv/shared_leopard_toad/2024/18.11.2024/3R/106MEDIA/DSCF0379.JPG,DSCF0379.JPG,3R/106MEDIA,2,Western_Leopard_Toad,0.4722,1886.9,1265.5,2019.1,1432.8
/srv/shared_leopard_toad/2024/18.11.2024/3R/106MEDIA/DSCF0395.JPG,DSCF0395.JPG,3R/106MEDIA,2,Western_Leopard_Toad,0.4707,1886.3,1265.1,2019.7,1433.2
/srv/shared_leopard_toad/2024/18.11.2024/3R/106MEDIA/DSCF0395.JPG,DSCF0395.JPG,3R/106MEDIA,2,Western_Leopard_Toad,0.3027,1882.4,1264.4,2019.1,1433.9
/srv/shared_leopard_toad/2024/18.11.2024/3R/106MEDIA/DSCF0999.JPG,DSCF0999.JPG,3R/106MEDIA,0,Other_Amphibian,0.3982,112.3,1528.5,194.8,1625.4
/srv/shared_leopard_toad/2024/18.11.2024/3R/106MEDIA/DSCF0687.JPG,DSCF0687.JPG,3R/106MEDIA,2,Western_Leopard_Toad,0.5264,1884.1,1268.5,2021.9,1432.4
/srv/shared_leopard_toad/2024/18.11.2024/3R/106MEDIA/DSCF0289.JPG,DSCF0289.JPG,3R/106MEDIA,2,Western_Leopard_Toad,0.2825,1885.6,1265.9,2020.4,1432.5
/srv/shared_leopard_toad/2024/18.11.2024/3R/106MEDIA/DSCF0440.JPG,DSCF0440.JPG,3R/106MEDIA,2,Western_Leopard_Toad,0.2578,1886.2,1264.9,2019.8,1433.4
/srv/shared_leopard_toad/2024/18.11.2024/3R/106MEDIA/DSCF0857.JPG,DSCF0857.JPG,3R/106MEDIA,2,Western_Leopard_Toad,0.5293,1881.5,1268.6,2024.5,1432.2
/srv/shared_leopard_toad/2024/18.11.2024/3R/106MEDIA/DSCF0703.JPG,DSCF0703.JPG,3R/106MEDIA,2,Western_Leopard_Toad,0.3003,1884.9,1269.7,2021.1,1433.6
/srv/shared_leopard_toad/2024/18.11.2024/3R/106MEDIA/DSCF0703.JPG,DSCF0703.JPG,3R/106MEDIA,2,Western_Leopard_Toad,0.2566,1883.6,1268.5,2022.4,1432.4
/srv/shared_leopard_toad/2024/18.11.2024/3R/106MEDIA/DSCF0881.JPG,DSCF0881.JPG,3R/106MEDIA,2,Western_Leopard_Toad,0.5991,1886.0,1270.8,2029.0,1432.6
/srv/shared_leopard_toad/2024/18.11.2024/3R/106MEDIA/DSCF0881.JPG,DSCF0881.JPG,3R/106MEDIA,0,Other_Amphibian,0.2625,1886.0,1270.8,2029.0,1432.6
/srv/shared_leopard_toad/2024/18.11.2024/3R/106MEDIA/DSCF0881.JPG,DSCF0881.JPG,3R/106MEDIA,1,Small_Mammal,0.2004,1886.0,1270.8,2029.0,1432.6
/srv/shared_leopard_toad/2024/18.11.2024/3R/106MEDIA/DSCF0375.JPG,DSCF0375.JPG,3R/106MEDIA,2,Western_Leopard_Toad,0.5249,1885.1,1263.8,2020.9,1432.0
/srv/shared_leopard_toad/2024/18.11.2024/3R/106MEDIA/DSCF0375.JPG,DSCF0375.JPG,3R/106MEDIA,2,Western_Leopard_Toad,0.3699,1886.6,1265.5,2019.4,1432.8
/srv/shared_leopard_toad/2024/18.11.2024/3R/106MEDIA/DSCF0337.JPG,DSCF0337.JPG,3R/106MEDIA,2,Western_Leopard_Toad,0.4575,1885.7,1264.1,2020.3,1431.7
/srv/shared_leopard_toad/2024/18.11.2024/3R/106MEDIA/DSCF0639.JPG,DSCF0639.JPG,3R/106MEDIA,2,Western_Leopard_Toad,0.2561,1883.6,1265.5,2017.9,1432.8
/srv/shared_leopard_toad/2024/18.11.2024/3R/106MEDIA/DSCF0972.JPG,DSCF0972.JPG,3R/106MEDIA,0,Other_Amphibian,0.2637,109.6,1526.4,194.7,1622.5
/srv/shared_leopard_toad/2024/18.11.2024/3R/106MEDIA/DSCF0316.JPG,DSCF0316.JPG,3R/106MEDIA,2,Western_Leopard_Toad,0.4043,1886.3,1265.4,2019.7,1432.9
/srv/shared_leopard_toad/2024/18.11.2024/3R/106MEDIA/DSCF0275.JPG,DSCF0275.JPG,3R/106MEDIA,2,Western_Leopard_Toad,0.2690,1885.7,1265.5,2020.3,1432.8
/srv/shared_leopard_toad/2024/18.11.2024/3R/106MEDIA/DSCF0275.JPG,DSCF0275.JPG,3R/106MEDIA,2,Western_Leopard_Toad,0.2549,1886.9,1264.4,2019.1,1431.3
/srv/shared_leopard_toad/2024/18.11.2024/3R/106MEDIA/DSCF0603.JPG,DSCF0603.JPG,3R/106MEDIA,2,Western_Leopard_Toad,0.2871,1884.8,1265.5,2021.2,1432.8
/srv/shared_leopard_toad/2024/18.11.2024/3R/106MEDIA/DSCF0492.JPG,DSCF0492.JPG,3R/106MEDIA,2,Western_Leopard_Toad,0.3438,1883.8,1264.1,2017.7,1431.7
/srv/shared_leopard_toad/2024/18.11.2024/3R/106MEDIA/DSCF0530.JPG,DSCF0530.JPG,3R/106MEDIA,2,Western_Leopard_Toad,0.3564,1885.0,1266.7,2016.5,1434.2
/srv/shared_leopard_toad/2024/18.11.2024/3R/106MEDIA/DSCF0887.JPG,DSCF0887.JPG,3R/106MEDIA,2,Western_Leopard_Toad,0.2974,1883.1,1269.3,2027.4,1431.5
/srv/shared_leopard_toad/2024/18.11.2024/3R/106MEDIA/DSCF0887.JPG,DSCF0887.JPG,3R/106MEDIA,2,Western_Leopard_Toad,0.2646,1883.0,1270.6,2023.0,1432.8
/srv/shared_leopard_toad/2024/18.11.2024/3R/106MEDIA/DSCF0457.JPG,DSCF0457.JPG,3R/106MEDIA,2,Western_Leopard_Toad,0.3027,1886.0,1266.7,2020.0,1434.2
/srv/shared_leopard_toad/2024/18.11.2024/3R/106MEDIA/DSCF0799.JPG,DSCF0799.JPG,3R/106MEDIA,2,Western_Leopard_Toad,0.2949,1883.8,1267.2,2022.2,1431.1
/srv/shared_leopard_toad/2024/18.11.2024/3R/106MEDIA/DSCF0093.JPG,DSCF0093.JPG,3R/106MEDIA,2,Western_Leopard_Toad,0.3049,1888.8,1264.6,2026.2,1433.7
/srv/shared_leopard_toad/2024/18.11.2024/3R/106MEDIA/DSCF0355.JPG,DSCF0355.JPG,3R/106MEDIA,2,Western_Leopard_Toad,0.4653,1885.5,1265.2,2020.5,1433.1
/srv/shared_leopard_toad/2024/18.11.2024/3R/106MEDIA/DSCF0285.JPG,DSCF0285.JPG,3R/106MEDIA,2,Western_Leopard_Toad,0.5181,1885.9,1265.1,2020.1,1433.2
/srv/shared_leopard_toad/2024/18.11.2024/3R/106MEDIA/DSCF0787.JPG,DSCF0787.JPG,3R/106MEDIA,2,Western_Leopard_Toad,0.3149,1884.6,1268.9,2021.4,1432.0
/srv/shared_leopard_toad/2024/18.11.2024/3R/106MEDIA/DSCF0199.JPG,DSCF0199.JPG,3R/106MEDIA,2,Western_Leopard_Toad,0.2783,1887.2,1264.9,2023.3,1433.4
/srv/shared_leopard_toad/2024/18.11.2024/3R/106MEDIA/DSCF0517.JPG,DSCF0517.JPG,3R/106MEDIA,2,Western_Leopard_Toad,0.3477,1887.0,1267.4,2019.0,1433.5
/srv/shared_leopard_toad/2024/18.11.2024/3R/106MEDIA/DSCF0674.JPG,DSCF0674.JPG,3R/106MEDIA,2,Western_Leopard_Toad,0.2529,1886.0,1267.7,2020.0,1433.2
/srv/shared_leopard_toad/2024/18.11.2024/3R/106MEDIA/DSCF0120.JPG,DSCF0120.JPG,3R/106MEDIA,2,Western_Leopard_Toad,0.3354,1887.6,1264.9,2022.9,1433.4
/srv/shared_leopard_toad/2024/18.11.2024/3R/106MEDIA/DSCF0715.JPG,DSCF0715.JPG,3R/106MEDIA,2,Western_Leopard_Toad,0.3154,1884.8,1269.7,2021.2,1433.6
/srv/shared_leopard_toad/2024/18.11.2024/3R/106MEDIA/DSCF0715.JPG,DSCF0715.JPG,3R/106MEDIA,2,Western_Leopard_Toad,0.2573,1883.8,1268.7,2022.2,1432.1
/srv/shared_leopard_toad/2024/18.11.2024/3R/106MEDIA/DSCF0673.JPG,DSCF0673.JPG,3R/106MEDIA,2,Western_Leopard_Toad,0.2502,1883.6,1269.3,2022.4,1434.1
/srv/shared_leopard_toad/2024/18.11.2024/3R/106MEDIA/DSCF0477.JPG,DSCF0477.JPG,3R/106MEDIA,2,Western_Leopard_Toad,0.2676,1885.6,1264.4,2020.4,1431.3
/srv/shared_leopard_toad/2024/18.11.2024/3R/106MEDIA/DSCF0810.JPG,DSCF0810.JPG,3R/106MEDIA,0,Other_Amphibian,0.2434,1849.1,152.2,1944.4,208.8
/srv/shared_leopard_toad/2024/18.11.2024/3R/106MEDIA/DSCF0814.JPG,DSCF0814.JPG,3R/106MEDIA,0,Other_Amphibian,0.2064,1846.6,148.1,1942.4,209.1
/srv/shared_leopard_toad/2024/18.11.2024/3R/106MEDIA/DSCF0475.JPG,DSCF0475.JPG,3R/106MEDIA,2,Western_Leopard_Toad,0.3872,1886.3,1264.0,2019.7,1431.8
/srv/shared_leopard_toad/2024/18.11.2024/3R/106MEDIA/DSCF0737.JPG,DSCF0737.JPG,3R/106MEDIA,0,Other_Amphibian,0.2168,1850.0,149.2,1943.5,210.6
/srv/shared_leopard_toad/2024/18.11.2024/3R/106MEDIA/DSCF0330.JPG,DSCF0330.JPG,3R/106MEDIA,2,Western_Leopard_Toad,0.5454,1885.7,1265.5,2020.3,1432.8
/srv/shared_leopard_toad/2024/18.11.2024/3R/106MEDIA/DSCF0428.JPG,DSCF0428.JPG,3R/106MEDIA,2,Western_Leopard_Toad,0.3967,1886.3,1263.8,2019.7,1432.0
/srv/shared_leopard_toad/2024/18.11.2024/3R/106MEDIA/DSCF0684.JPG,DSCF0684.JPG,3R/106MEDIA,2,Western_Leopard_Toad,0.3557,1884.7,1268.2,2021.3,1432.7
/srv/shared_leopard_toad/2024/18.11.2024/3R/106MEDIA/DSCF0546.JPG,DSCF0546.JPG,3R/106MEDIA,2,Western_Leopard_Toad,0.4299,1884.2,1266.8,2017.3,1434.0
/srv/shared_leopard_toad/2024/18.11.2024/3R/106MEDIA/DSCF0177.JPG,DSCF0177.JPG,3R/106MEDIA,2,Western_Leopard_Toad,0.3811,1886.2,1265.9,2019.8,1435.0
/srv/shared_leopard_toad/2024/18.11.2024/3R/106MEDIA/DSCF0296.JPG,DSCF0296.JPG,3R/106MEDIA,2,Western_Leopard_Toad,0.2700,1885.7,1265.7,2020.3,1432.6
/srv/shared_leopard_toad/2024/18.11.2024/3R/106MEDIA/DSCF0427.JPG,DSCF0427.JPG,3R/106MEDIA,2,Western_Leopard_Toad,0.4893,1886.2,1265.9,2019.8,1432.4
/srv/shared_leopard_toad/2024/18.11.2024/3R/106MEDIA/DSCF0743.JPG,DSCF0743.JPG,3R/106MEDIA,2,Western_Leopard_Toad,0.3787,1884.8,1267.4,2025.7,1430.9
/srv/shared_leopard_toad/2024/18.11.2024/3R/106MEDIA/DSCF0743.JPG,DSCF0743.JPG,3R/106MEDIA,2,Western_Leopard_Toad,0.2512,1883.9,1270.0,2022.1,1433.4
/srv/shared_leopard_toad/2024/18.11.2024/3R/106MEDIA/DSCF0080.JPG,DSCF0080.JPG,3R/106MEDIA,2,Western_Leopard_Toad,0.3330,1883.9,1266.5,2022.1,1434.3
/srv/shared_leopard_toad/2024/18.11.2024/3R/106MEDIA/DSCF0598.JPG,DSCF0598.JPG,3R/106MEDIA,2,Western_Leopard_Toad,0.2524,1884.4,1266.1,2021.6,1432.2
/srv/shared_leopard_toad/2024/18.11.2024/3R/106MEDIA/DSCF0306.JPG,DSCF0306.JPG,3R/106MEDIA,2,Western_Leopard_Toad,0.3906,1885.7,1265.5,2020.3,1432.8
/srv/shared_leopard_toad/2024/18.11.2024/3R/106MEDIA/DSCF0131.JPG,DSCF0131.JPG,3R/106MEDIA,0,Other_Amphibian,0.2203,2410.4,882.8,2490.1,997.9
/srv/shared_leopard_toad/2024/18.11.2024/3R/106MEDIA/DSCF0770.JPG,DSCF0770.JPG,3R/106MEDIA,2,Western_Leopard_Toad,0.2812,1883.4,1269.7,2022.6,1433.6
/srv/shared_leopard_toad/2024/18.11.2024/3R/106MEDIA/DSCF0413.JPG,DSCF0413.JPG,3R/106MEDIA,2,Western_Leopard_Toad,0.5659,1886.3,1263.2,2019.7,1432.6
/srv/shared_leopard_toad/2024/18.11.2024/3R/106MEDIA/DSCF0413.JPG,DSCF0413.JPG,3R/106MEDIA,0,Other_Amphibian,0.2004,1886.3,1263.2,2019.7,1432.6
/srv/shared_leopard_toad/2024/18.11.2024/3R/106MEDIA/DSCF0291.JPG,DSCF0291.JPG,3R/106MEDIA,2,Western_Leopard_Toad,0.2568,1886.1,1267.1,2019.9,1433.7
/srv/shared_leopard_toad/2024/18.11.2024/3R/106MEDIA/DSCF0397.JPG,DSCF0397.JPG,3R/106MEDIA,2,Western_Leopard_Toad,0.6494,1886.7,1265.2,2019.3,1433.1
/srv/shared_leopard_toad/2024/18.11.2024/3R/106MEDIA/DSCF0397.JPG,DSCF0397.JPG,3R/106MEDIA,2,Western_Leopard_Toad,0.3113,1883.1,1264.6,2018.4,1433.7
/srv/shared_leopard_toad/2024/18.11.2024/3R/106MEDIA/DSCF0334.JPG,DSCF0334.JPG,3R/106MEDIA,2,Western_Leopard_Toad,0.4451,1886.6,1265.9,2019.4,1432.5
/srv/shared_leopard_toad/2024/18.11.2024/3R/106MEDIA/DSCF0815.JPG,DSCF0815.JPG,3R/106MEDIA,2,Western_Leopard_Toad,0.3767,1883.8,1269.3,2022.2,1431.5
/srv/shared_leopard_toad/2024/18.11.2024/3R/106MEDIA/DSCF0300.JPG,DSCF0300.JPG,3R/106MEDIA,2,Western_Leopard_Toad,0.2732,1886.1,1265.5,2019.9,1432.8
/srv/shared_leopard_toad/2024/18.11.2024/3R/106MEDIA/DSCF0300.JPG,DSCF0300.JPG,3R/106MEDIA,2,Western_Leopard_Toad,0.2664,1884.4,1264.1,2021.6,1431.7
/srv/shared_leopard_toad/2024/18.11.2024/3R/106MEDIA/DSCF0974.JPG,DSCF0974.JPG,3R/106MEDIA,0,Other_Amphibian,0.2189,110.1,1526.4,193.6,1622.5
/srv/shared_leopard_toad/2024/18.11.2024/3R/106MEDIA/DSCF0204.JPG,DSCF0204.JPG,3R/106MEDIA,2,Western_Leopard_Toad,0.3247,1885.9,1265.5,2020.1,1435.3
/srv/shared_leopard_toad/2024/18.11.2024/3R/106MEDIA/DSCF0122.JPG,DSCF0122.JPG,3R/106MEDIA,2,Western_Leopard_Toad,0.3267,1885.7,1265.2,2020.3,1433.1
/srv/shared_leopard_toad/2024/18.11.2024/3R/106MEDIA/DSCF0733.JPG,DSCF0733.JPG,3R/106MEDIA,2,Western_Leopard_Toad,0.2656,1883.6,1268.6,2022.4,1432.2
/srv/shared_leopard_toad/2024/18.11.2024/3R/106MEDIA/DSCF0831.JPG,DSCF0831.JPG,3R/106MEDIA,2,Western_Leopard_Toad,0.3501,1887.8,1268.2,2027.2,1432.7
/srv/shared_leopard_toad/2024/18.11.2024/3R/106MEDIA/DSCF0294.JPG,DSCF0294.JPG,3R/106MEDIA,2,Western_Leopard_Toad,0.3386,1886.9,1266.1,2019.1,1432.2
/srv/shared_leopard_toad/2024/18.11.2024/3R/106MEDIA/DSCF0276.JPG,DSCF0276.JPG,3R/106MEDIA,2,Western_Leopard_Toad,0.2783,1885.9,1263.0,2020.1,1430.2
/srv/shared_leopard_toad/2024/18.11.2024/3R/106MEDIA/DSCF0415.JPG,DSCF0415.JPG,3R/106MEDIA,2,Western_Leopard_Toad,0.7603,1886.0,1264.4,2020.0,1431.3
/srv/shared_leopard_toad/2024/18.11.2024/3R/106MEDIA/DSCF0415.JPG,DSCF0415.JPG,3R/106MEDIA,0,Other_Amphibian,0.2666,1886.0,1264.4,2020.0,1431.3
/srv/shared_leopard_toad/2024/18.11.2024/3R/106MEDIA/DSCF0771.JPG,DSCF0771.JPG,3R/106MEDIA,2,Western_Leopard_Toad,0.4277,1885.9,1270.9,2024.6,1432.5
/srv/shared_leopard_toad/2024/18.11.2024/3R/106MEDIA/DSCF0552.JPG,DSCF0552.JPG,3R/106MEDIA,0,Other_Amphibian,0.3271,2179.4,547.0,2266.6,635.1
/srv/shared_leopard_toad/2024/18.11.2024/3R/106MEDIA/DSCF0575.JPG,DSCF0575.JPG,3R/106MEDIA,2,Western_Leopard_Toad,0.2798,1886.7,1266.4,2019.3,1431.9
/srv/shared_leopard_toad/2024/18.11.2024/3R/106MEDIA/DSCF0160.JPG,DSCF0160.JPG,3R/106MEDIA,2,Western_Leopard_Toad,0.2925,1885.7,1265.9,2020.3,1435.0
/srv/shared_leopard_toad/2024/18.11.2024/3R/106MEDIA/DSCF0034.JPG,DSCF0034.JPG,3R/106MEDIA,2,Western_Leopard_Toad,0.4185,674.3,1168.2,774.7,1288.4
/srv/shared_leopard_toad/2024/18.11.2024/3R/106MEDIA/DSCF0818.JPG,DSCF0818.JPG,3R/106MEDIA,2,Western_Leopard_Toad,0.3435,1885.8,1267.6,2024.7,1430.7
/srv/shared_leopard_toad/2024/18.11.2024/3R/106MEDIA/DSCF0583.JPG,DSCF0583.JPG,3R/106MEDIA,2,Western_Leopard_Toad,0.2952,1884.9,1268.3,2021.1,1432.5
/srv/shared_leopard_toad/2024/18.11.2024/3R/106MEDIA/DSCF0382.JPG,DSCF0382.JPG,3R/106MEDIA,2,Western_Leopard_Toad,0.2529,1885.5,1266.5,2020.5,1434.3
/srv/shared_leopard_toad/2024/18.11.2024/3R/106MEDIA/DSCF0467.JPG,DSCF0467.JPG,3R/106MEDIA,2,Western_Leopard_Toad,0.2888,1886.9,1264.1,2019.1,1431.7
/srv/shared_leopard_toad/2024/18.11.2024/3R/106MEDIA/DSCF0274.JPG,DSCF0274.JPG,3R/106MEDIA,2,Western_Leopard_Toad,0.5308,1885.1,1264.8,2020.9,1430.9
/srv/shared_leopard_toad/2024/18.11.2024/3R/106MEDIA/DSCF0630.JPG,DSCF0630.JPG,3R/106MEDIA,2,Western_Leopard_Toad,0.3455,1884.4,1265.7,2021.6,1432.6
/srv/shared_leopard_toad/2024/18.11.2024/3R/106MEDIA/DSCF0776.JPG,DSCF0776.JPG,3R/106MEDIA,2,Western_Leopard_Toad,0.4390,1885.4,1267.0,2025.1,1431.3
/srv/shared_leopard_toad/2024/18.11.2024/3R/106MEDIA/DSCF0557.JPG,DSCF0557.JPG,3R/106MEDIA,0,Other_Amphibian,0.3872,2174.0,543.5,2272.0,632.3
/srv/shared_leopard_toad/2024/18.11.2024/3R/106MEDIA/DSCF0766.JPG,DSCF0766.JPG,3R/106MEDIA,2,Western_Leopard_Toad,0.2639,1884.9,1267.6,2021.1,1430.7
/srv/shared_leopard_toad/2024/18.11.2024/3R/106MEDIA/DSCF0496.JPG,DSCF0496.JPG,3R/106MEDIA,2,Western_Leopard_Toad,0.2664,1884.9,1266.3,2016.6,1434.5
/srv/shared_leopard_toad/2024/18.11.2024/3R/106MEDIA/DSCF0035.JPG,DSCF0035.JPG,3R/106MEDIA,2,Western_Leopard_Toad,0.2932,675.6,1168.3,773.4,1288.3
/srv/shared_leopard_toad/2024/18.11.2024/3R/106MEDIA/DSCF0995.JPG,DSCF0995.JPG,3R/106MEDIA,0,Other_Amphibian,0.3030,113.6,1530.2,195.5,1626.2
/srv/shared_leopard_toad/2024/18.11.2024/3R/106MEDIA/DSCF0269.JPG,DSCF0269.JPG,3R/106MEDIA,2,Western_Leopard_Toad,0.5879,1885.9,1265.9,2020.1,1432.5
/srv/shared_leopard_toad/2024/18.11.2024/3R/106MEDIA/DSCF0004.JPG,DSCF0004.JPG,3R/106MEDIA,2,Western_Leopard_Toad,0.3960,675.2,1166.4,770.4,1286.4
/srv/shared_leopard_toad/2024/18.11.2024/3R/106MEDIA/DSCF0434.JPG,DSCF0434.JPG,3R/106MEDIA,2,Western_Leopard_Toad,0.4038,1886.9,1266.5,2019.1,1434.3
/srv/shared_leopard_toad/2024/18.11.2024/3R/106MEDIA/DSCF0159.JPG,DSCF0159.JPG,3R/106MEDIA,2,Western_Leopard_Toad,0.3003,1887.2,1264.8,2023.3,1433.6
/srv/shared_leopard_toad/2024/18.11.2024/3R/106MEDIA/DSCF0313.JPG,DSCF0313.JPG,3R/106MEDIA,2,Western_Leopard_Toad,0.3025,1885.9,1265.5,2020.1,1432.8
/srv/shared_leopard_toad/2024/18.11.2024/3R/106MEDIA/DSCF0297.JPG,DSCF0297.JPG,3R/106MEDIA,2,Western_Leopard_Toad,0.2605,1886.1,1265.7,2019.9,1432.6
/srv/shared_leopard_toad/2024/18.11.2024/3R/106MEDIA/DSCF0424.JPG,DSCF0424.JPG,3R/106MEDIA,2,Western_Leopard_Toad,0.6084,1885.6,1262.5,2024.9,1430.7
/srv/shared_leopard_toad/2024/18.11.2024/3R/106MEDIA/DSCF0424.JPG,DSCF0424.JPG,3R/106MEDIA,2,Western_Leopard_Toad,0.4631,1884.9,1264.0,2021.1,1431.8
/srv/shared_leopard_toad/2024/18.11.2024/3R/106MEDIA/DSCF0352.JPG,DSCF0352.JPG,3R/106MEDIA,2,Western_Leopard_Toad,0.8003,1885.3,1265.2,2020.7,1433.1
/srv/shared_leopard_toad/2024/18.11.2024/3R/106MEDIA/DSCF0628.JPG,DSCF0628.JPG,3R/106MEDIA,2,Western_Leopard_Toad,0.3103,1886.0,1265.8,2020.0,1430.0
/srv/shared_leopard_toad/2024/18.11.2024/3R/106MEDIA/DSCF0793.JPG,DSCF0793.JPG,3R/106MEDIA,2,Western_Leopard_Toad,0.4277,1887.3,1268.1,2023.2,1430.2
/srv/shared_leopard_toad/2024/18.11.2024/3R/106MEDIA/DSCF0793.JPG,DSCF0793.JPG,3R/106MEDIA,0,Other_Amphibian,0.2607,1887.3,1268.1,2023.2,1430.2
/srv/shared_leopard_toad/2024/18.11.2024/3R/106MEDIA/DSCF0646.JPG,DSCF0646.JPG,3R/106MEDIA,2,Western_Leopard_Toad,0.4255,1884.9,1267.5,2021.1,1433.3
/srv/shared_leopard_toad/2024/18.11.2024/3R/106MEDIA/DSCF0859.JPG,DSCF0859.JPG,3R/106MEDIA,2,Western_Leopard_Toad,0.6665,1883.1,1270.3,2022.9,1433.1
/srv/shared_leopard_toad/2024/18.11.2024/3R/106MEDIA/DSCF0859.JPG,DSCF0859.JPG,3R/106MEDIA,0,Other_Amphibian,0.2212,1883.1,1270.3,2022.9,1433.1
/srv/shared_leopard_toad/2024/18.11.2024/3R/106MEDIA/DSCF0547.JPG,DSCF0547.JPG,3R/106MEDIA,2,Western_Leopard_Toad,0.2612,1885.7,1265.9,2015.8,1432.5
/srv/shared_leopard_toad/2024/18.11.2024/3R/106MEDIA/DSCF0161.JPG,DSCF0161.JPG,3R/106MEDIA,2,Western_Leopard_Toad,0.3469,1889.1,1264.6,2025.9,1433.7
/srv/shared_leopard_toad/2024/18.11.2024/3R/106MEDIA/DSCF0321.JPG,DSCF0321.JPG,3R/106MEDIA,0,Other_Amphibian,0.2366,369.1,7.2,497.2,151.6
/srv/shared_leopard_toad/2024/18.11.2024/3R/106MEDIA/DSCF0002.JPG,DSCF0002.JPG,3R/106MEDIA,0,Other_Amphibian,0.2230,2468.8,953.5,2553.2,1036.1
/srv/shared_leopard_toad/2024/18.11.2024/3R/106MEDIA/DSCF0845.JPG,DSCF0845.JPG,3R/106MEDIA,2,Western_Leopard_Toad,0.4429,1883.0,1271.5,2023.0,1431.9
/srv/shared_leopard_toad/2024/18.11.2024/3R/106MEDIA/DSCF0751.JPG,DSCF0751.JPG,3R/106MEDIA,2,Western_Leopard_Toad,0.2605,1885.1,1269.4,2020.9,1434.0
/srv/shared_leopard_toad/2024/18.11.2024/3R/106MEDIA/DSCF0847.JPG,DSCF0847.JPG,3R/106MEDIA,2,Western_Leopard_Toad,0.5117,1882.7,1269.3,2023.3,1431.5
/srv/shared_leopard_toad/2024/18.11.2024/3R/106MEDIA/DSCF0253.JPG,DSCF0253.JPG,3R/106MEDIA,2,Western_Leopard_Toad,0.4797,1886.5,1266.0,2019.5,1434.8
/srv/shared_leopard_toad/2024/18.11.2024/3R/106MEDIA/DSCF0218.JPG,DSCF0218.JPG,3R/106MEDIA,2,Western_Leopard_Toad,0.2927,1886.7,1267.0,2019.3,1436.4
/srv/shared_leopard_toad/2024/18.11.2024/3R/106MEDIA/DSCF0435.JPG,DSCF0435.JPG,3R/106MEDIA,2,Western_Leopard_Toad,0.5991,1885.7,1265.1,2020.3,1433.2
/srv/shared_leopard_toad/2024/18.11.2024/3R/106MEDIA/DSCF0435.JPG,DSCF0435.JPG,3R/106MEDIA,0,Other_Amphibian,0.2090,1885.7,1265.1,2020.3,1433.2
/srv/shared_leopard_toad/2024/18.11.2024/3R/106MEDIA/DSCF0680.JPG,DSCF0680.JPG,3R/106MEDIA,2,Western_Leopard_Toad,0.4314,1889.2,1267.0,2025.8,1431.3
/srv/shared_leopard_toad/2024/18.11.2024/3R/106MEDIA/DSCF0260.JPG,DSCF0260.JPG,3R/106MEDIA,2,Western_Leopard_Toad,0.3210,1886.1,1265.9,2019.9,1435.0
/srv/shared_leopard_toad/2024/18.11.2024/3R/106MEDIA/DSCF0260.JPG,DSCF0260.JPG,3R/106MEDIA,0,Other_Amphibian,0.2156,367.6,11.5,482.3,150.5
/srv/shared_leopard_toad/2024/18.11.2024/3R/106MEDIA/DSCF0115.JPG,DSCF0115.JPG,3R/106MEDIA,2,Western_Leopard_Toad,0.4243,1885.3,1265.4,2020.7,1432.9
/srv/shared_leopard_toad/2024/18.11.2024/3R/106MEDIA/DSCF0056.JPG,DSCF0056.JPG,3R/106MEDIA,0,Other_Amphibian,0.3540,2470.3,951.1,2556.2,1034.6
/srv/shared_leopard_toad/2024/18.11.2024/3R/106MEDIA/DSCF0624.JPG,DSCF0624.JPG,3R/106MEDIA,2,Western_Leopard_Toad,0.3667,1883.6,1265.5,2022.4,1430.3
/srv/shared_leopard_toad/2024/18.11.2024/3R/106MEDIA/DSCF0561.JPG,DSCF0561.JPG,3R/106MEDIA,2,Western_Leopard_Toad,0.2542,1883.5,1266.1,2018.0,1432.2
/srv/shared_leopard_toad/2024/18.11.2024/3R/106MEDIA/DSCF0436.JPG,DSCF0436.JPG,3R/106MEDIA,2,Western_Leopard_Toad,0.3518,1887.6,1266.8,2018.4,1434.0
/srv/shared_leopard_toad/2024/18.11.2024/3R/106MEDIA/DSCF0616.JPG,DSCF0616.JPG,3R/106MEDIA,2,Western_Leopard_Toad,0.3042,1885.2,1265.9,2020.8,1432.4
/srv/shared_leopard_toad/2024/18.11.2024/3R/106MEDIA/DSCF0829.JPG,DSCF0829.JPG,3R/106MEDIA,2,Western_Leopard_Toad,0.4731,1883.1,1269.3,2022.9,1431.5
/srv/shared_leopard_toad/2024/18.11.2024/3R/106MEDIA/DSCF0829.JPG,DSCF0829.JPG,3R/106MEDIA,2,Western_Leopard_Toad,0.3474,1882.3,1270.3,2019.2,1433.1
/srv/shared_leopard_toad/2024/18.11.2024/3R/106MEDIA/DSCF0239.JPG,DSCF0239.JPG,3R/106MEDIA,2,Western_Leopard_Toad,0.3977,1889.3,1264.9,2025.7,1433.4
/srv/shared_leopard_toad/2024/18.11.2024/3R/106MEDIA/DSCF0329.JPG,DSCF0329.JPG,3R/106MEDIA,2,Western_Leopard_Toad,0.7598,1886.3,1266.4,2019.7,1431.9
/srv/shared_leopard_toad/2024/18.11.2024/3R/106MEDIA/DSCF0329.JPG,DSCF0329.JPG,3R/106MEDIA,0,Other_Amphibian,0.2059,1886.3,1266.4,2019.7,1431.9
/srv/shared_leopard_toad/2024/18.11.2024/3R/106MEDIA/DSCF0882.JPG,DSCF0882.JPG,3R/106MEDIA,2,Western_Leopard_Toad,0.2705,1882.1,1273.1,2023.9,1432.8
/srv/shared_leopard_toad/2024/18.11.2024/3R/106MEDIA/DSCF0261.JPG,DSCF0261.JPG,3R/106MEDIA,2,Western_Leopard_Toad,0.3298,1886.3,1265.5,2019.7,1432.8
/srv/shared_leopard_toad/2024/18.11.2024/3R/106MEDIA/DSCF0326.JPG,DSCF0326.JPG,3R/106MEDIA,2,Western_Leopard_Toad,0.2842,1883.1,1264.9,2018.4,1433.4
/srv/shared_leopard_toad/2024/18.11.2024/3R/106MEDIA/DSCF0796.JPG,DSCF0796.JPG,3R/106MEDIA,2,Western_Leopard_Toad,0.3044,1884.6,1268.3,2021.4,1432.5
/srv/shared_leopard_toad/2024/18.11.2024/3R/106MEDIA/DSCF0590.JPG,DSCF0590.JPG,3R/106MEDIA,2,Western_Leopard_Toad,0.3999,1885.2,1264.8,2020.8,1430.9
/srv/shared_leopard_toad/2024/18.11.2024/3R/106MEDIA/DSCF0175.JPG,DSCF0175.JPG,3R/106MEDIA,2,Western_Leopard_Toad,0.2798,1885.5,1265.2,2020.5,1433.1
/srv/shared_leopard_toad/2024/18.11.2024/3R/106MEDIA/DSCF0647.JPG,DSCF0647.JPG,3R/106MEDIA,2,Western_Leopard_Toad,0.3052,1882.2,1267.7,2019.3,1433.2
/srv/shared_leopard_toad/2024/18.11.2024/3R/106MEDIA/DSCF0332.JPG,DSCF0332.JPG,3R/106MEDIA,2,Western_Leopard_Toad,0.3611,1886.5,1264.6,2019.5,1431.2
/srv/shared_leopard_toad/2024/18.11.2024/3R/106MEDIA/DSCF0388.JPG,DSCF0388.JPG,3R/106MEDIA,2,Western_Leopard_Toad,0.7056,1886.6,1264.6,2019.4,1431.2
/srv/shared_leopard_toad/2024/18.11.2024/3R/106MEDIA/DSCF0070.JPG,DSCF0070.JPG,3R/106MEDIA,2,Western_Leopard_Toad,0.2617,1888.4,1266.3,2026.6,1432.1
/srv/shared_leopard_toad/2024/18.11.2024/3R/106MEDIA/DSCF0070.JPG,DSCF0070.JPG,3R/106MEDIA,0,Other_Amphibian,0.2200,2473.8,950.6,2557.2,1033.9
/srv/shared_leopard_toad/2024/18.11.2024/3R/106MEDIA/DSCF0401.JPG,DSCF0401.JPG,3R/106MEDIA,2,Western_Leopard_Toad,0.3362,1886.7,1266.8,2019.3,1434.0
/srv/shared_leopard_toad/2024/18.11.2024/3R/106MEDIA/DSCF0984.JPG,DSCF0984.JPG,3R/106MEDIA,0,Other_Amphibian,0.2776,115.0,1528.3,194.7,1623.1
/srv/shared_leopard_toad/2024/18.11.2024/3R/106MEDIA/DSCF0042.JPG,DSCF0042.JPG,3R/106MEDIA,2,Western_Leopard_Toad,0.2595,1886.3,1266.3,2019.7,1432.1
/srv/shared_leopard_toad/2024/18.11.2024/3R/106MEDIA/DSCF0010.JPG,DSCF0010.JPG,3R/106MEDIA,0,Other_Amphibian,0.2075,2469.4,951.8,2552.6,1034.0
/srv/shared_leopard_toad/2024/18.11.2024/3R/106MEDIA/DSCF0835.JPG,DSCF0835.JPG,3R/106MEDIA,2,Western_Leopard_Toad,0.3904,1884.1,1269.0,2021.9,1431.8
/srv/shared_leopard_toad/2024/18.11.2024/3R/106MEDIA/DSCF0348.JPG,DSCF0348.JPG,3R/106MEDIA,2,Western_Leopard_Toad,0.3982,1884.3,1264.6,2021.7,1431.2
/srv/shared_leopard_toad/2024/18.11.2024/3R/106MEDIA/DSCF0217.JPG,DSCF0217.JPG,3R/106MEDIA,2,Western_Leopard_Toad,0.4341,1885.2,1267.9,2020.8,1435.5
/srv/shared_leopard_toad/2024/18.11.2024/3R/106MEDIA/DSCF0094.JPG,DSCF0094.JPG,3R/106MEDIA,2,Western_Leopard_Toad,0.2688,674.4,1168.9,776.9,1292.8
/srv/shared_leopard_toad/2024/18.11.2024/3R/106MEDIA/DSCF0190.JPG,DSCF0190.JPG,3R/106MEDIA,2,Western_Leopard_Toad,0.4668,1889.1,1263.3,2025.9,1432.5
/srv/shared_leopard_toad/2024/18.11.2024/3R/106MEDIA/DSCF0383.JPG,DSCF0383.JPG,3R/106MEDIA,2,Western_Leopard_Toad,0.3210,1884.6,1267.2,2016.9,1433.6
/srv/shared_leopard_toad/2024/18.11.2024/3R/106MEDIA/DSCF0213.JPG,DSCF0213.JPG,3R/106MEDIA,2,Western_Leopard_Toad,0.2856,1888.2,1265.9,2022.3,1435.0
/srv/shared_leopard_toad/2024/18.11.2024/3R/106MEDIA/DSCF0400.JPG,DSCF0400.JPG,3R/106MEDIA,2,Western_Leopard_Toad,0.4851,1885.3,1265.1,2020.7,1433.2
/srv/shared_leopard_toad/2024/18.11.2024/3R/106MEDIA/DSCF0351.JPG,DSCF0351.JPG,3R/106MEDIA,2,Western_Leopard_Toad,0.3132,1884.7,1267.0,2016.8,1433.9
/srv/shared_leopard_toad/2024/18.11.2024/3R/106MEDIA/DSCF0351.JPG,DSCF0351.JPG,3R/106MEDIA,2,Western_Leopard_Toad,0.2710,1885.7,1265.4,2020.3,1432.9
/srv/shared_leopard_toad/2024/18.11.2024/3R/106MEDIA/DSCF0225.JPG,DSCF0225.JPG,3R/106MEDIA,2,Western_Leopard_Toad,0.3799,1885.6,1264.4,2020.4,1433.9
/srv/shared_leopard_toad/2024/18.11.2024/3R/106MEDIA/DSCF0354.JPG,DSCF0354.JPG,3R/106MEDIA,2,Western_Leopard_Toad,0.4153,1884.2,1265.4,2017.3,1432.9
/srv/shared_leopard_toad/2024/18.11.2024/3R/106MEDIA/DSCF0272.JPG,DSCF0272.JPG,3R/106MEDIA,2,Western_Leopard_Toad,0.2585,1888.0,1266.1,2027.0,1432.2
/srv/shared_leopard_toad/2024/18.11.2024/3R/106MEDIA/DSCF0459.JPG,DSCF0459.JPG,3R/106MEDIA,2,Western_Leopard_Toad,0.3220,1886.3,1264.0,2019.7,1431.8
/srv/shared_leopard_toad/2024/18.11.2024/3R/106MEDIA/DSCF0620.JPG,DSCF0620.JPG,3R/106MEDIA,2,Western_Leopard_Toad,0.4058,1883.5,1267.1,2018.0,1433.7
/srv/shared_leopard_toad/2024/18.11.2024/3R/106MEDIA/DSCF0746.JPG,DSCF0746.JPG,3R/106MEDIA,2,Western_Leopard_Toad,0.3228,1883.6,1267.8,2022.4,1430.6
/srv/shared_leopard_toad/2024/18.11.2024/3R/106MEDIA/DSCF0763.JPG,DSCF0763.JPG,3R/106MEDIA,2,Western_Leopard_Toad,0.2771,1884.6,1270.0,2021.4,1433.4
/srv/shared_leopard_toad/2024/18.11.2024/3R/106MEDIA/DSCF0591.JPG,DSCF0591.JPG,3R/106MEDIA,2,Western_Leopard_Toad,0.2717,1887.2,1266.3,2027.8,1432.1
/srv/shared_leopard_toad/2024/18.11.2024/3R/106MEDIA/DSCF0081.JPG,DSCF0081.JPG,3R/106MEDIA,2,Western_Leopard_Toad,0.3083,1888.3,1264.8,2026.7,1433.6
/srv/shared_leopard_toad/2024/18.11.2024/3R/106MEDIA/DSCF0101.JPG,DSCF0101.JPG,3R/106MEDIA,2,Western_Leopard_Toad,0.3101,1888.8,1265.7,2026.2,1432.6
/srv/shared_leopard_toad/2024/18.11.2024/3R/106MEDIA/DSCF0728.JPG,DSCF0728.JPG,3R/106MEDIA,2,Western_Leopard_Toad,0.3547,1884.2,1268.6,2021.8,1432.2
/srv/shared_leopard_toad/2024/18.11.2024/3R/106MEDIA/DSCF0116.JPG,DSCF0116.JPG,3R/106MEDIA,2,Western_Leopard_Toad,0.2544,1887.4,1266.8,2027.6,1434.0
/srv/shared_leopard_toad/2024/18.11.2024/3R/106MEDIA/DSCF0865.JPG,DSCF0865.JPG,3R/106MEDIA,2,Western_Leopard_Toad,0.3840,1882.3,1272.2,2028.2,1433.7
/srv/shared_leopard_toad/2024/18.11.2024/3R/106MEDIA/DSCF0027.JPG,DSCF0027.JPG,3R/106MEDIA,2,Western_Leopard_Toad,0.3547,674.7,1167.5,773.2,1287.8
/srv/shared_leopard_toad/2024/18.11.2024/3R/106MEDIA/DSCF0367.JPG,DSCF0367.JPG,3R/106MEDIA,2,Western_Leopard_Toad,0.3040,1886.1,1267.9,2019.9,1435.5
/srv/shared_leopard_toad/2024/18.11.2024/3R/106MEDIA/DSCF0331.JPG,DSCF0331.JPG,3R/106MEDIA,2,Western_Leopard_Toad,0.2734,1884.8,1264.1,2021.2,1431.7
/srv/shared_leopard_toad/2024/18.11.2024/3R/106MEDIA/DSCF0990.JPG,DSCF0990.JPG,3R/106MEDIA,0,Other_Amphibian,0.3093,112.6,1526.9,194.5,1624.5
/srv/shared_leopard_toad/2024/18.11.2024/3R/106MEDIA/DSCF0789.JPG,DSCF0789.JPG,3R/106MEDIA,2,Western_Leopard_Toad,0.5195,1886.0,1269.9,2020.0,1430.9
/srv/shared_leopard_toad/2024/18.11.2024/3R/106MEDIA/DSCF0789.JPG,DSCF0789.JPG,3R/106MEDIA,0,Other_Amphibian,0.2139,1886.0,1269.9,2020.0,1430.9
/srv/shared_leopard_toad/2024/18.11.2024/3R/106MEDIA/DSCF0688.JPG,DSCF0688.JPG,3R/106MEDIA,2,Western_Leopard_Toad,0.3652,1884.2,1267.8,2021.8,1433.0
/srv/shared_leopard_toad/2024/18.11.2024/3R/106MEDIA/DSCF0347.JPG,DSCF0347.JPG,3R/106MEDIA,2,Western_Leopard_Toad,0.2810,1885.1,1265.5,2020.9,1432.8
/srv/shared_leopard_toad/2024/18.11.2024/3R/106MEDIA/DSCF0109.JPG,DSCF0109.JPG,3R/106MEDIA,2,Western_Leopard_Toad,0.2903,1889.2,1263.2,2025.8,1432.6
/srv/shared_leopard_toad/2024/18.11.2024/3R/106MEDIA/DSCF0843.JPG,DSCF0843.JPG,3R/106MEDIA,2,Western_Leopard_Toad,0.4373,1883.2,1271.0,2022.8,1432.3
/srv/shared_leopard_toad/2024/18.11.2024/3R/106MEDIA/DSCF0497.JPG,DSCF0497.JPG,3R/106MEDIA,2,Western_Leopard_Toad,0.4382,1884.4,1266.3,2017.1,1434.5
/srv/shared_leopard_toad/2024/18.11.2024/3R/106MEDIA/DSCF0340.JPG,DSCF0340.JPG,3R/106MEDIA,2,Western_Leopard_Toad,0.3220,1885.6,1265.4,2020.4,1432.9
/srv/shared_leopard_toad/2024/18.11.2024/3R/106MEDIA/DSCF0855.JPG,DSCF0855.JPG,3R/106MEDIA,2,Western_Leopard_Toad,0.6455,1881.5,1270.6,2024.5,1432.8
/srv/shared_leopard_toad/2024/18.11.2024/3R/106MEDIA/DSCF0855.JPG,DSCF0855.JPG,3R/106MEDIA,1,Small_Mammal,0.2089,1881.5,1270.6,2024.5,1432.8
/srv/shared_leopard_toad/2024/18.11.2024/3R/106MEDIA/DSCF0024.JPG,DSCF0024.JPG,3R/106MEDIA,2,Western_Leopard_Toad,0.3430,676.9,1170.4,771.0,1289.9
/srv/shared_leopard_toad/2024/18.11.2024/3R/106MEDIA/DSCF0852.JPG,DSCF0852.JPG,3R/106MEDIA,2,Western_Leopard_Toad,0.4397,1882.6,1268.9,2023.4,1432.0
/srv/shared_leopard_toad/2024/18.11.2024/3R/106MEDIA/DSCF0852.JPG,DSCF0852.JPG,3R/106MEDIA,2,Western_Leopard_Toad,0.2505,1881.0,1270.1,2025.0,1433.2
/srv/shared_leopard_toad/2024/18.11.2024/3R/106MEDIA/DSCF0318.JPG,DSCF0318.JPG,3R/106MEDIA,2,Western_Leopard_Toad,0.5713,1885.9,1267.4,2020.1,1433.5
/srv/shared_leopard_toad/2024/18.11.2024/3R/106MEDIA/DSCF0392.JPG,DSCF0392.JPG,3R/106MEDIA,2,Western_Leopard_Toad,0.5269,1885.1,1264.4,2020.9,1431.3
/srv/shared_leopard_toad/2024/18.11.2024/3R/106MEDIA/DSCF0235.JPG,DSCF0235.JPG,3R/106MEDIA,2,Western_Leopard_Toad,0.2646,1885.1,1266.8,2020.9,1434.0
/srv/shared_leopard_toad/2024/18.11.2024/3R/106MEDIA/DSCF0671.JPG,DSCF0671.JPG,3R/106MEDIA,2,Western_Leopard_Toad,0.4705,1886.2,1267.7,2019.8,1433.2
/srv/shared_leopard_toad/2024/18.11.2024/3R/106MEDIA/DSCF0671.JPG,DSCF0671.JPG,3R/106MEDIA,2,Western_Leopard_Toad,0.3186,1884.9,1268.2,2021.1,1432.7
/srv/shared_leopard_toad/2024/18.11.2024/3R/106MEDIA/DSCF0202.JPG,DSCF0202.JPG,3R/106MEDIA,2,Western_Leopard_Toad,0.3062,1884.9,1265.7,2021.1,1435.1
/srv/shared_leopard_toad/2024/18.11.2024/3R/106MEDIA/DSCF0226.JPG,DSCF0226.JPG,3R/106MEDIA,2,Western_Leopard_Toad,0.2549,1887.9,1266.8,2022.6,1434.0
/srv/shared_leopard_toad/2024/18.11.2024/3R/106MEDIA/DSCF0310.JPG,DSCF0310.JPG,3R/106MEDIA,2,Western_Leopard_Toad,0.3535,1887.4,1266.7,2018.6,1434.2
/srv/shared_leopard_toad/2024/18.11.2024/3R/106MEDIA/DSCF0374.JPG,DSCF0374.JPG,3R/106MEDIA,2,Western_Leopard_Toad,0.6846,1884.6,1264.0,2021.4,1431.8
/srv/shared_leopard_toad/2024/18.11.2024/3R/106MEDIA/DSCF0317.JPG,DSCF0317.JPG,3R/106MEDIA,2,Western_Leopard_Toad,0.6685,1885.7,1265.4,2020.3,1432.9
/srv/shared_leopard_toad/2024/18.11.2024/3R/106MEDIA/DSCF0860.JPG,DSCF0860.JPG,3R/106MEDIA,2,Western_Leopard_Toad,0.3376,1886.3,1270.5,2028.7,1432.9
/srv/shared_leopard_toad/2024/18.11.2024/3R/106MEDIA/DSCF0860.JPG,DSCF0860.JPG,3R/106MEDIA,0,Other_Amphibian,0.2490,1850.5,148.5,1943.0,209.3
/srv/shared_leopard_toad/2024/18.11.2024/3R/106MEDIA/DSCF0860.JPG,DSCF0860.JPG,3R/106MEDIA,0,Other_Amphibian,0.2100,1851.2,149.0,1942.3,209.5
/srv/shared_leopard_toad/2024/18.11.2024/3R/106MEDIA/DSCF0450.JPG,DSCF0450.JPG,3R/106MEDIA,2,Western_Leopard_Toad,0.2788,1886.2,1264.7,2019.8,1431.1
/srv/shared_leopard_toad/2024/18.11.2024/3R/106MEDIA/DSCF0677.JPG,DSCF0677.JPG,3R/106MEDIA,2,Western_Leopard_Toad,0.4326,1884.4,1266.3,2021.6,1432.1
/srv/shared_leopard_toad/2024/18.11.2024/3R/106MEDIA/DSCF0356.JPG,DSCF0356.JPG,3R/106MEDIA,2,Western_Leopard_Toad,0.2666,1886.2,1264.3,2019.8,1431.5
/srv/shared_leopard_toad/2024/18.11.2024/3R/106MEDIA/DSCF0236.JPG,DSCF0236.JPG,3R/106MEDIA,2,Western_Leopard_Toad,0.3350,1885.1,1267.6,2020.9,1435.8
/srv/shared_leopard_toad/2024/18.11.2024/3R/106MEDIA/DSCF0322.JPG,DSCF0322.JPG,3R/106MEDIA,2,Western_Leopard_Toad,0.4126,1885.1,1265.7,2020.9,1432.6
/srv/shared_leopard_toad/2024/18.11.2024/3R/106MEDIA/DSCF0322.JPG,DSCF0322.JPG,3R/106MEDIA,2,Western_Leopard_Toad,0.2961,1884.6,1267.2,2016.9,1433.6
/srv/shared_leopard_toad/2024/18.11.2024/3R/106MEDIA/DSCF0836.JPG,DSCF0836.JPG,3R/106MEDIA,2,Western_Leopard_Toad,0.5444,1884.4,1268.2,2021.6,1432.7
/srv/shared_leopard_toad/2024/18.11.2024/3R/106MEDIA/DSCF0836.JPG,DSCF0836.JPG,3R/106MEDIA,2,Western_Leopard_Toad,0.4141,1883.0,1269.4,2023.0,1434.0
/srv/shared_leopard_toad/2024/18.11.2024/3R/106MEDIA/DSCF0520.JPG,DSCF0520.JPG,3R/106MEDIA,2,Western_Leopard_Toad,0.5005,1886.2,1262.9,2019.8,1430.4
/srv/shared_leopard_toad/2024/18.11.2024/3R/106MEDIA/DSCF0200.JPG,DSCF0200.JPG,3R/106MEDIA,2,Western_Leopard_Toad,0.3464,1886.0,1264.9,2020.0,1433.4
/srv/shared_leopard_toad/2024/18.11.2024/3R/106MEDIA/DSCF0744.JPG,DSCF0744.JPG,3R/106MEDIA,2,Western_Leopard_Toad,0.3550,1884.9,1270.5,2021.1,1432.9
/srv/shared_leopard_toad/2024/18.11.2024/3R/106MEDIA/DSCF0359.JPG,DSCF0359.JPG,3R/106MEDIA,2,Western_Leopard_Toad,0.7031,1885.3,1265.2,2020.7,1433.1
/srv/shared_leopard_toad/2024/18.11.2024/3R/106MEDIA/DSCF0009.JPG,DSCF0009.JPG,3R/106MEDIA,0,Other_Amphibian,0.2698,2471.4,951.0,2555.1,1034.7
/srv/shared_leopard_toad/2024/18.11.2024/3R/106MEDIA/DSCF0447.JPG,DSCF0447.JPG,3R/106MEDIA,2,Western_Leopard_Toad,0.2646,1883.5,1265.2,2018.0,1433.1
/srv/shared_leopard_toad/2024/18.11.2024/3R/106MEDIA/DSCF0702.JPG,DSCF0702.JPG,3R/106MEDIA,2,Western_Leopard_Toad,0.2820,1884.8,1268.9,2021.2,1432.0
/srv/shared_leopard_toad/2024/18.11.2024/3R/106MEDIA/DSCF0717.JPG,DSCF0717.JPG,3R/106MEDIA,2,Western_Leopard_Toad,0.4211,1886.8,1269.7,2023.7,1433.6
/srv/shared_leopard_toad/2024/18.11.2024/3R/106MEDIA/DSCF0410.JPG,DSCF0410.JPG,3R/106MEDIA,2,Western_Leopard_Toad,0.3442,1886.3,1263.6,2019.7,1429.7
/srv/shared_leopard_toad/2024/18.11.2024/3R/106MEDIA/DSCF0762.JPG,DSCF0762.JPG,3R/106MEDIA,2,Western_Leopard_Toad,0.2712,1883.8,1266.6,2022.2,1431.7
/srv/shared_leopard_toad/2024/18.11.2024/3R/106MEDIA/DSCF0992.JPG,DSCF0992.JPG,3R/106MEDIA,0,Other_Amphibian,0.2896,109.2,1528.1,195.1,1625.8
/srv/shared_leopard_toad/2024/18.11.2024/3R/109MEDIA/DSCF0012.JPG,DSCF0012.JPG,3R/109MEDIA,0,Other_Amphibian,0.5957,1777.4,1722.2,1858.6,1831.7
/srv/shared_leopard_toad/2024/18.11.2024/3R/109MEDIA/DSCF0519.JPG,DSCF0519.JPG,3R/109MEDIA,0,Other_Amphibian,0.5708,3043.3,1685.6,3198.2,1822.7
/srv/shared_leopard_toad/2024/18.11.2024/3R/109MEDIA/DSCF0519.JPG,DSCF0519.JPG,3R/109MEDIA,2,Western_Leopard_Toad,0.3472,3043.3,1685.6,3198.2,1822.7
/srv/shared_leopard_toad/2024/18.11.2024/3R/109MEDIA/DSCF0455.JPG,DSCF0455.JPG,3R/109MEDIA,0,Other_Amphibian,0.2433,2414.3,1477.2,2522.2,1575.5
/srv/shared_leopard_toad/2024/18.11.2024/3R/109MEDIA/DSCF0001.JPG,DSCF0001.JPG,3R/109MEDIA,0,Other_Amphibian,0.8862,1766.6,1756.3,1860.4,1858.3
/srv/shared_leopard_toad/2024/18.11.2024/3R/109MEDIA/DSCF0650.JPG,DSCF0650.JPG,3R/109MEDIA,0,Other_Amphibian,0.8394,1598.4,2010.6,1715.8,2138.2
/srv/shared_leopard_toad/2024/18.11.2024/3R/109MEDIA/DSCF0107.JPG,DSCF0107.JPG,3R/109MEDIA,0,Other_Amphibian,0.6108,2418.9,2090.1,2571.6,2238.3
/srv/shared_leopard_toad/2024/18.11.2024/3R/109MEDIA/DSCF0221.JPG,DSCF0221.JPG,3R/109MEDIA,0,Other_Amphibian,0.8394,1713.4,1856.1,1850.6,1986.3
/srv/shared_leopard_toad/2024/18.11.2024/3R/109MEDIA/DSCF0311.JPG,DSCF0311.JPG,3R/109MEDIA,2,Western_Leopard_Toad,0.9526,3568.1,1889.7,3739.9,2092.0
/srv/shared_leopard_toad/2024/18.11.2024/3R/109MEDIA/DSCF0061.JPG,DSCF0061.JPG,3R/109MEDIA,0,Other_Amphibian,0.8384,1782.1,1723.3,1871.9,1833.1
/srv/shared_leopard_toad/2024/18.11.2024/3R/109MEDIA/DSCF0038.JPG,DSCF0038.JPG,3R/109MEDIA,0,Other_Amphibian,0.8569,1781.6,1721.4,1872.4,1832.5
/srv/shared_leopard_toad/2024/18.11.2024/3R/109MEDIA/DSCF0458.JPG,DSCF0458.JPG,3R/109MEDIA,0,Other_Amphibian,0.3274,2418.0,1480.9,2527.5,1574.4
/srv/shared_leopard_toad/2024/18.11.2024/3R/109MEDIA/DSCF0051.JPG,DSCF0051.JPG,3R/109MEDIA,0,Other_Amphibian,0.8682,1781.8,1722.1,1872.2,1831.8
/srv/shared_leopard_toad/2024/18.11.2024/3R/109MEDIA/DSCF0003.JPG,DSCF0003.JPG,3R/109MEDIA,0,Other_Amphibian,0.8809,1766.2,1756.8,1860.8,1860.4
/srv/shared_leopard_toad/2024/18.11.2024/3R/109MEDIA/DSCF0549.JPG,DSCF0549.JPG,3R/109MEDIA,0,Other_Amphibian,0.6602,834.8,1525.7,915.8,1615.6
/srv/shared_leopard_toad/2024/18.11.2024/3R/109MEDIA/DSCF0067.JPG,DSCF0067.JPG,3R/109MEDIA,2,Western_Leopard_Toad,0.9365,1711.7,1811.0,1989.6,2041.6
/srv/shared_leopard_toad/2024/18.11.2024/3R/109MEDIA/DSCF0251.JPG,DSCF0251.JPG,3R/109MEDIA,2,Western_Leopard_Toad,0.2603,1262.4,1413.7,1392.6,1550.4
/srv/shared_leopard_toad/2024/18.11.2024/3R/109MEDIA/DSCF0033.JPG,DSCF0033.JPG,3R/109MEDIA,0,Other_Amphibian,0.8735,1780.1,1724.5,1873.9,1829.4
/srv/shared_leopard_toad/2024/18.11.2024/3R/109MEDIA/DSCF0007.JPG,DSCF0007.JPG,3R/109MEDIA,0,Other_Amphibian,0.7715,1776.3,1722.6,1859.7,1831.3
/srv/shared_leopard_toad/2024/18.11.2024/3R/109MEDIA/DSCF0044.JPG,DSCF0044.JPG,3R/109MEDIA,0,Other_Amphibian,0.9121,1760.4,1860.3,1902.6,1992.3
/srv/shared_leopard_toad/2024/18.11.2024/3R/109MEDIA/DSCF0044.JPG,DSCF0044.JPG,3R/109MEDIA,0,Other_Amphibian,0.4988,1782.1,1723.3,1871.9,1830.6
/srv/shared_leopard_toad/2024/18.11.2024/3R/109MEDIA/DSCF0026.JPG,DSCF0026.JPG,3R/109MEDIA,0,Other_Amphibian,0.8438,1781.9,1724.0,1876.6,1829.9
/srv/shared_leopard_toad/2024/18.11.2024/3R/109MEDIA/DSCF0060.JPG,DSCF0060.JPG,3R/109MEDIA,0,Other_Amphibian,0.8657,1781.5,1723.0,1872.5,1830.9
/srv/shared_leopard_toad/2024/18.11.2024/3R/109MEDIA/DSCF0041.JPG,DSCF0041.JPG,3R/109MEDIA,0,Other_Amphibian,0.9155,1760.3,1859.1,1902.7,1993.5
/srv/shared_leopard_toad/2024/18.11.2024/3R/109MEDIA/DSCF0041.JPG,DSCF0041.JPG,3R/109MEDIA,0,Other_Amphibian,0.3989,1784.0,1722.0,1870.0,1829.3
/srv/shared_leopard_toad/2024/18.11.2024/3R/109MEDIA/DSCF0008.JPG,DSCF0008.JPG,3R/109MEDIA,0,Other_Amphibian,0.8008,1778.5,1721.9,1864.3,1832.0
/srv/shared_leopard_toad/2024/18.11.2024/3R/109MEDIA/DSCF0006.JPG,DSCF0006.JPG,3R/109MEDIA,0,Other_Amphibian,0.7070,1777.6,1722.8,1858.4,1831.1
/srv/shared_leopard_toad/2024/18.11.2024/3R/109MEDIA/DSCF0057.JPG,DSCF0057.JPG,3R/109MEDIA,0,Other_Amphibian,0.8013,1782.2,1722.4,1871.8,1834.0
/srv/shared_leopard_toad/2024/18.11.2024/3R/109MEDIA/DSCF0063.JPG,DSCF0063.JPG,3R/109MEDIA,2,Western_Leopard_Toad,0.9331,1711.8,1812.5,1987.2,2042.6
/srv/shared_leopard_toad/2024/18.11.2024/3R/109MEDIA/DSCF0036.JPG,DSCF0036.JPG,3R/109MEDIA,0,Other_Amphibian,0.8604,1780.8,1725.8,1873.2,1830.6
/srv/shared_leopard_toad/2024/18.11.2024/3R/109MEDIA/DSCF0052.JPG,DSCF0052.JPG,3R/109MEDIA,0,Other_Amphibian,0.8174,1781.8,1722.2,1872.2,1831.7
/srv/shared_leopard_toad/2024/18.11.2024/3R/109MEDIA/DSCF0040.JPG,DSCF0040.JPG,3R/109MEDIA,0,Other_Amphibian,0.9180,1761.8,1859.3,1901.2,1990.7
/srv/shared_leopard_toad/2024/18.11.2024/3R/109MEDIA/DSCF0040.JPG,DSCF0040.JPG,3R/109MEDIA,0,Other_Amphibian,0.3333,1782.9,1721.6,1871.1,1829.7
/srv/shared_leopard_toad/2024/18.11.2024/3R/109MEDIA/DSCF0045.JPG,DSCF0045.JPG,3R/109MEDIA,0,Other_Amphibian,0.8955,1757.9,1859.8,1900.6,1992.7
/srv/shared_leopard_toad/2024/18.11.2024/3R/109MEDIA/DSCF0045.JPG,DSCF0045.JPG,3R/109MEDIA,0,Other_Amphibian,0.4519,1783.2,1721.7,1870.8,1829.6
/srv/shared_leopard_toad/2024/18.11.2024/3R/109MEDIA/DSCF0053.JPG,DSCF0053.JPG,3R/109MEDIA,0,Other_Amphibian,0.8496,1781.1,1722.8,1872.9,1833.6
/srv/shared_leopard_toad/2024/18.11.2024/3R/109MEDIA/DSCF0106.JPG,DSCF0106.JPG,3R/109MEDIA,0,Other_Amphibian,0.6938,2417.4,2088.0,2573.1,2242.9
/srv/shared_leopard_toad/2024/18.11.2024/3R/109MEDIA/DSCF0072.JPG,DSCF0072.JPG,3R/109MEDIA,2,Western_Leopard_Toad,0.9111,2057.7,2141.0,2248.8,2283.6
/srv/shared_leopard_toad/2024/18.11.2024/3R/109MEDIA/DSCF0072.JPG,DSCF0072.JPG,3R/109MEDIA,0,Other_Amphibian,0.2759,2057.7,2141.0,2248.8,2283.6
/srv/shared_leopard_toad/2024/18.11.2024/3R/109MEDIA/DSCF0072.JPG,DSCF0072.JPG,3R/109MEDIA,1,Small_Mammal,0.2283,2057.7,2141.0,2248.8,2283.6
/srv/shared_leopard_toad/2024/18.11.2024/3R/109MEDIA/DSCF0023.JPG,DSCF0023.JPG,3R/109MEDIA,0,Other_Amphibian,0.8574,1780.0,1723.3,1874.0,1830.6
/srv/shared_leopard_toad/2024/18.11.2024/3R/109MEDIA/DSCF0223.JPG,DSCF0223.JPG,3R/109MEDIA,0,Other_Amphibian,0.9160,1720.2,1860.2,1855.0,1979.7
/srv/shared_leopard_toad/2024/18.11.2024/3R/109MEDIA/DSCF0049.JPG,DSCF0049.JPG,3R/109MEDIA,0,Other_Amphibian,0.8472,1781.8,1721.7,1872.2,1832.2
/srv/shared_leopard_toad/2024/18.11.2024/3R/109MEDIA/DSCF0065.JPG,DSCF0065.JPG,3R/109MEDIA,2,Western_Leopard_Toad,0.9551,1711.7,1811.8,1989.6,2040.7
/srv/shared_leopard_toad/2024/18.11.2024/3R/109MEDIA/DSCF0030.JPG,DSCF0030.JPG,3R/109MEDIA,0,Other_Amphibian,0.8506,1781.6,1721.4,1872.4,1832.4
/srv/shared_leopard_toad/2024/18.11.2024/3R/109MEDIA/DSCF0874.JPG,DSCF0874.JPG,3R/109MEDIA,0,Other_Amphibian,0.2170,3883.2,879.6,3969.3,968.2
/srv/shared_leopard_toad/2024/18.11.2024/3R/109MEDIA/DSCF0031.JPG,DSCF0031.JPG,3R/109MEDIA,0,Other_Amphibian,0.8677,1780.3,1724.7,1873.7,1829.2
/srv/shared_leopard_toad/2024/18.11.2024/3R/109MEDIA/DSCF0058.JPG,DSCF0058.JPG,3R/109MEDIA,0,Other_Amphibian,0.8364,1782.7,1722.1,1871.3,1831.8
/srv/shared_leopard_toad/2024/18.11.2024/3R/109MEDIA/DSCF0020.JPG,DSCF0020.JPG,3R/109MEDIA,0,Other_Amphibian,0.8550,1777.1,1722.7,1863.4,1831.2
/srv/shared_leopard_toad/2024/18.11.2024/3R/109MEDIA/DSCF0018.JPG,DSCF0018.JPG,3R/109MEDIA,0,Other_Amphibian,0.5278,1777.5,1722.3,1858.5,1831.6
/srv/shared_leopard_toad/2024/18.11.2024/3R/109MEDIA/DSCF0059.JPG,DSCF0059.JPG,3R/109MEDIA,0,Other_Amphibian,0.8550,1782.0,1721.7,1872.0,1832.2
/srv/shared_leopard_toad/2024/18.11.2024/3R/109MEDIA/DSCF0050.JPG,DSCF0050.JPG,3R/109MEDIA,0,Other_Amphibian,0.8560,1780.9,1721.6,1873.1,1832.3
/srv/shared_leopard_toad/2024/18.11.2024/3R/109MEDIA/DSCF0605.JPG,DSCF0605.JPG,3R/109MEDIA,0,Other_Amphibian,0.6406,2414.9,2096.3,2575.6,2239.7
/srv/shared_leopard_toad/2024/18.11.2024/3R/109MEDIA/DSCF0314.JPG,DSCF0314.JPG,3R/109MEDIA,2,Western_Leopard_Toad,0.7837,3575.5,1848.5,3759.5,2016.7
/srv/shared_leopard_toad/2024/18.11.2024/3R/109MEDIA/DSCF0222.JPG,DSCF0222.JPG,3R/109MEDIA,0,Other_Amphibian,0.9092,1721.0,1860.0,1854.3,1977.3
/srv/shared_leopard_toad/2024/18.11.2024/3R/109MEDIA/DSCF0025.JPG,DSCF0025.JPG,3R/109MEDIA,0,Other_Amphibian,0.8179,1779.9,1722.9,1874.1,1831.0
/srv/shared_leopard_toad/2024/18.11.2024/3R/109MEDIA/DSCF0454.JPG,DSCF0454.JPG,3R/109MEDIA,0,Other_Amphibian,0.2004,2415.3,1478.5,2525.7,1574.2
/srv/shared_leopard_toad/2024/18.11.2024/3R/109MEDIA/DSCF0015.JPG,DSCF0015.JPG,3R/109MEDIA,0,Other_Amphibian,0.5112,1779.4,1720.7,1861.1,1830.6
/srv/shared_leopard_toad/2024/18.11.2024/3R/109MEDIA/DSCF0048.JPG,DSCF0048.JPG,3R/109MEDIA,0,Other_Amphibian,0.8325,1781.4,1721.2,1872.6,1832.6
/srv/shared_leopard_toad/2024/18.11.2024/3R/109MEDIA/DSCF0013.JPG,DSCF0013.JPG,3R/109MEDIA,0,Other_Amphibian,0.8057,1777.0,1722.3,1859.0,1831.6
/srv/shared_leopard_toad/2024/18.11.2024/3R/109MEDIA/DSCF0022.JPG,DSCF0022.JPG,3R/109MEDIA,0,Other_Amphibian,0.8628,1779.8,1724.0,1874.2,1829.9
/srv/shared_leopard_toad/2024/18.11.2024/3R/109MEDIA/DSCF0011.JPG,DSCF0011.JPG,3R/109MEDIA,0,Other_Amphibian,0.7759,1777.4,1720.7,1858.6,1830.6
/srv/shared_leopard_toad/2024/18.11.2024/3R/109MEDIA/DSCF0073.JPG,DSCF0073.JPG,3R/109MEDIA,2,Western_Leopard_Toad,0.4478,2045.8,2150.5,2242.7,2266.5
/srv/shared_leopard_toad/2024/18.11.2024/3R/109MEDIA/DSCF0073.JPG,DSCF0073.JPG,3R/109MEDIA,0,Other_Amphibian,0.3528,2045.8,2150.5,2242.7,2266.5
/srv/shared_leopard_toad/2024/18.11.2024/3R/109MEDIA/DSCF0017.JPG,DSCF0017.JPG,3R/109MEDIA,0,Other_Amphibian,0.7080,1777.5,1721.2,1858.5,1832.7
/srv/shared_leopard_toad/2024/18.11.2024/3R/109MEDIA/DSCF0104.JPG,DSCF0104.JPG,3R/109MEDIA,0,Other_Amphibian,0.4480,2416.1,2089.1,2578.9,2249.5
/srv/shared_leopard_toad/2024/18.11.2024/3R/109MEDIA/DSCF0043.JPG,DSCF0043.JPG,3R/109MEDIA,0,Other_Amphibian,0.9043,1760.3,1859.8,1902.7,1992.7
/srv/shared_leopard_toad/2024/18.11.2024/3R/109MEDIA/DSCF0043.JPG,DSCF0043.JPG,3R/109MEDIA,0,Other_Amphibian,0.2993,1783.7,1721.6,1870.3,1827.2
/srv/shared_leopard_toad/2024/18.11.2024/3R/109MEDIA/DSCF0457.JPG,DSCF0457.JPG,3R/109MEDIA,0,Other_Amphibian,0.2634,2413.6,1479.8,2522.9,1572.9
/srv/shared_leopard_toad/2024/18.11.2024/3R/109MEDIA/DSCF0249.JPG,DSCF0249.JPG,3R/109MEDIA,2,Western_Leopard_Toad,0.4067,1281.1,1426.5,1409.9,1560.4
/srv/shared_leopard_toad/2024/18.11.2024/3R/109MEDIA/DSCF0046.JPG,DSCF0046.JPG,3R/109MEDIA,0,Other_Amphibian,0.8530,1781.6,1722.6,1872.4,1831.3
/srv/shared_leopard_toad/2024/18.11.2024/3R/109MEDIA/DSCF0028.JPG,DSCF0028.JPG,3R/109MEDIA,0,Other_Amphibian,0.8813,1780.1,1714.2,1873.9,1829.6
/srv/shared_leopard_toad/2024/18.11.2024/3R/109MEDIA/DSCF0032.JPG,DSCF0032.JPG,3R/109MEDIA,0,Other_Amphibian,0.8682,1780.1,1724.4,1873.9,1829.5
/srv/shared_leopard_toad/2024/18.11.2024/3R/109MEDIA/DSCF0021.JPG,DSCF0021.JPG,3R/109MEDIA,0,Other_Amphibian,0.8262,1778.7,1721.4,1864.0,1832.5
/srv/shared_leopard_toad/2024/18.11.2024/3R/109MEDIA/DSCF0054.JPG,DSCF0054.JPG,3R/109MEDIA,0,Other_Amphibian,0.8320,1781.6,1721.2,1872.4,1832.6
/srv/shared_leopard_toad/2024/18.11.2024/3R/109MEDIA/DSCF0066.JPG,DSCF0066.JPG,3R/109MEDIA,2,Western_Leopard_Toad,0.9282,1708.7,1810.2,1988.1,2042.4
/srv/shared_leopard_toad/2024/18.11.2024/3R/109MEDIA/DSCF0019.JPG,DSCF0019.JPG,3R/109MEDIA,0,Other_Amphibian,0.8457,1777.0,1722.3,1859.0,1831.6
/srv/shared_leopard_toad/2024/18.11.2024/3R/109MEDIA/DSCF0034.JPG,DSCF0034.JPG,3R/109MEDIA,0,Other_Amphibian,0.8750,1780.1,1724.8,1873.9,1829.1
/srv/shared_leopard_toad/2024/18.11.2024/3R/109MEDIA/DSCF0005.JPG,DSCF0005.JPG,3R/109MEDIA,0,Other_Amphibian,0.8672,1766.6,1756.4,1860.4,1858.2
/srv/shared_leopard_toad/2024/18.11.2024/3R/109MEDIA/DSCF0452.JPG,DSCF0452.JPG,3R/109MEDIA,0,Other_Amphibian,0.2244,2413.3,1474.8,2523.2,1575.4
/srv/shared_leopard_toad/2024/18.11.2024/3R/109MEDIA/DSCF0035.JPG,DSCF0035.JPG,3R/109MEDIA,0,Other_Amphibian,0.8652,1780.3,1724.7,1873.7,1829.2
/srv/shared_leopard_toad/2024/18.11.2024/3R/109MEDIA/DSCF0004.JPG,DSCF0004.JPG,3R/109MEDIA,0,Other_Amphibian,0.8730,1766.6,1757.5,1860.4,1859.7
/srv/shared_leopard_toad/2024/18.11.2024/3R/109MEDIA/DSCF0002.JPG,DSCF0002.JPG,3R/109MEDIA,0,Other_Amphibian,0.8711,1766.2,1756.6,1860.8,1858.0
/srv/shared_leopard_toad/2024/18.11.2024/3R/109MEDIA/DSCF0037.JPG,DSCF0037.JPG,3R/109MEDIA,0,Other_Amphibian,0.8701,1780.9,1724.8,1873.1,1829.1
/srv/shared_leopard_toad/2024/18.11.2024/3R/109MEDIA/DSCF0056.JPG,DSCF0056.JPG,3R/109MEDIA,0,Other_Amphibian,0.7979,1784.1,1722.5,1874.4,1831.4
/srv/shared_leopard_toad/2024/18.11.2024/3R/109MEDIA/DSCF0062.JPG,DSCF0062.JPG,3R/109MEDIA,2,Western_Leopard_Toad,0.9546,1708.0,1817.5,1986.5,2060.4
/srv/shared_leopard_toad/2024/18.11.2024/3R/109MEDIA/DSCF0103.JPG,DSCF0103.JPG,3R/109MEDIA,0,Other_Amphibian,0.5913,2418.6,2088.3,2576.4,2240.1
/srv/shared_leopard_toad/2024/18.11.2024/3R/109MEDIA/DSCF0039.JPG,DSCF0039.JPG,3R/109MEDIA,0,Other_Amphibian,0.8350,1781.4,1723.0,1872.6,1833.5
/srv/shared_leopard_toad/2024/18.11.2024/3R/109MEDIA/DSCF0042.JPG,DSCF0042.JPG,3R/109MEDIA,0,Other_Amphibian,0.9097,1759.8,1859.7,1900.9,1992.8
/srv/shared_leopard_toad/2024/18.11.2024/3R/109MEDIA/DSCF0042.JPG,DSCF0042.JPG,3R/109MEDIA,0,Other_Amphibian,0.4641,1783.7,1721.2,1870.3,1827.6
/srv/shared_leopard_toad/2024/18.11.2024/3R/109MEDIA/DSCF0010.JPG,DSCF0010.JPG,3R/109MEDIA,0,Other_Amphibian,0.7578,1778.1,1722.7,1857.9,1831.2
/srv/shared_leopard_toad/2024/18.11.2024/3R/109MEDIA/DSCF0047.JPG,DSCF0047.JPG,3R/109MEDIA,0,Other_Amphibian,0.8472,1782.0,1722.6,1872.0,1831.3
/srv/shared_leopard_toad/2024/18.11.2024/3R/109MEDIA/DSCF0055.JPG,DSCF0055.JPG,3R/109MEDIA,0,Other_Amphibian,0.8530,1782.1,1721.6,1871.9,1832.3
/srv/shared_leopard_toad/2024/18.11.2024/3R/109MEDIA/DSCF0064.JPG,DSCF0064.JPG,3R/109MEDIA,2,Western_Leopard_Toad,0.9424,1709.5,1812.1,1989.5,2043.0
/srv/shared_leopard_toad/2024/18.11.2024/3R/109MEDIA/DSCF0225.JPG,DSCF0225.JPG,3R/109MEDIA,0,Other_Amphibian,0.2240,2907.7,2240.6,3023.3,2353.6
/srv/shared_leopard_toad/2024/18.11.2024/3R/109MEDIA/DSCF0224.JPG,DSCF0224.JPG,3R/109MEDIA,0,Other_Amphibian,0.5405,2893.4,2240.2,3019.6,2354.1
/srv/shared_leopard_toad/2024/18.11.2024/3R/109MEDIA/DSCF0016.JPG,DSCF0016.JPG,3R/109MEDIA,0,Other_Amphibian,0.7075,1777.4,1720.9,1858.6,1830.4
/srv/shared_leopard_toad/2024/18.11.2024/3R/109MEDIA/DSCF0029.JPG,DSCF0029.JPG,3R/109MEDIA,0,Other_Amphibian,0.8877,1778.8,1712.0,1875.2,1831.8
/srv/shared_leopard_toad/2024/18.11.2024/3R/109MEDIA/DSCF0105.JPG,DSCF0105.JPG,3R/109MEDIA,0,Other_Amphibian,0.6489,2420.2,2088.7,2574.8,2237.2
/srv/shared_leopard_toad/2024/18.11.2024/3R/109MEDIA/DSCF0027.JPG,DSCF0027.JPG,3R/109MEDIA,0,Other_Amphibian,0.8887,1779.2,1710.3,1874.8,1828.4
/srv/shared_leopard_toad/2024/18.11.2024/3R/109MEDIA/DSCF0024.JPG,DSCF0024.JPG,3R/109MEDIA,0,Other_Amphibian,0.8403,1782.8,1723.7,1877.9,1830.2
/srv/shared_leopard_toad/2024/18.11.2024/3R/109MEDIA/DSCF0671.JPG,DSCF0671.JPG,3R/109MEDIA,0,Other_Amphibian,0.8911,1665.5,1808.7,1804.0,1957.8
/srv/shared_leopard_toad/2024/18.11.2024/3R/109MEDIA/DSCF0310.JPG,DSCF0310.JPG,3R/109MEDIA,2,Western_Leopard_Toad,0.8965,3564.6,1888.4,3738.9,2100.9
/srv/shared_leopard_toad/2024/18.11.2024/3R/109MEDIA/DSCF0450.JPG,DSCF0450.JPG,3R/109MEDIA,0,Other_Amphibian,0.2952,2415.2,1476.6,2525.8,1576.1
/srv/shared_leopard_toad/2024/18.11.2024/3R/109MEDIA/DSCF0014.JPG,DSCF0014.JPG,3R/109MEDIA,0,Other_Amphibian,0.6504,1777.5,1721.9,1858.5,1832.0
/srv/shared_leopard_toad/2024/18.11.2024/3R/109MEDIA/DSCF0009.JPG,DSCF0009.JPG,3R/109MEDIA,0,Other_Amphibian,0.7705,1776.6,1721.6,1859.4,1832.3
/srv/shared_leopard_toad/2024/18.11.2024/3R/100MEDIA/DSCF0215.JPG,DSCF0215.JPG,3R/100MEDIA,2,Western_Leopard_Toad,0.7051,1886.8,1255.4,2037.2,1422.6
/srv/shared_leopard_toad/2024/18.11.2024/3R/100MEDIA/DSCF0279.JPG,DSCF0279.JPG,3R/100MEDIA,2,Western_Leopard_Toad,0.2747,1885.4,1259.4,2038.6,1426.3
/srv/shared_leopard_toad/2024/18.11.2024/3R/100MEDIA/DSCF0282.JPG,DSCF0282.JPG,3R/100MEDIA,2,Western_Leopard_Toad,0.3674,1884.9,1258.0,2039.1,1425.2
/srv/shared_leopard_toad/2024/18.11.2024/3R/100MEDIA/DSCF0221.JPG,DSCF0221.JPG,3R/100MEDIA,2,Western_Leopard_Toad,0.4290,1886.9,1261.7,2037.1,1426.5
/srv/shared_leopard_toad/2024/18.11.2024/3R/100MEDIA/DSCF0273.JPG,DSCF0273.JPG,3R/100MEDIA,2,Western_Leopard_Toad,0.5869,1887.0,1258.8,2037.0,1424.3
/srv/shared_leopard_toad/2024/18.11.2024/3R/100MEDIA/DSCF0233.JPG,DSCF0233.JPG,3R/100MEDIA,2,Western_Leopard_Toad,0.6841,1886.9,1255.6,2037.1,1422.5
/srv/shared_leopard_toad/2024/18.11.2024/3R/100MEDIA/DSCF0286.JPG,DSCF0286.JPG,3R/100MEDIA,2,Western_Leopard_Toad,0.6646,1887.2,1256.5,2036.8,1426.6
/srv/shared_leopard_toad/2024/18.11.2024/3R/100MEDIA/DSCF0266.JPG,DSCF0266.JPG,3R/100MEDIA,2,Western_Leopard_Toad,0.8838,1886.3,1254.8,2037.7,1423.3
/srv/shared_leopard_toad/2024/18.11.2024/3R/100MEDIA/DSCF0251.JPG,DSCF0251.JPG,3R/100MEDIA,2,Western_Leopard_Toad,0.7544,1885.8,1253.8,2038.2,1424.2
/srv/shared_leopard_toad/2024/18.11.2024/3R/100MEDIA/DSCF0250.JPG,DSCF0250.JPG,3R/100MEDIA,2,Western_Leopard_Toad,0.7510,1886.6,1257.1,2037.4,1423.5
/srv/shared_leopard_toad/2024/18.11.2024/3R/100MEDIA/DSCF0230.JPG,DSCF0230.JPG,3R/100MEDIA,2,Western_Leopard_Toad,0.8208,1886.1,1254.3,2037.9,1423.7
/srv/shared_leopard_toad/2024/18.11.2024/3R/100MEDIA/DSCF0256.JPG,DSCF0256.JPG,3R/100MEDIA,2,Western_Leopard_Toad,0.7837,1886.9,1256.7,2037.1,1423.9
/srv/shared_leopard_toad/2024/18.11.2024/3R/100MEDIA/DSCF0524.JPG,DSCF0524.JPG,3R/100MEDIA,2,Western_Leopard_Toad,0.9580,1976.0,1741.5,2103.3,1901.0
/srv/shared_leopard_toad/2024/18.11.2024/3R/100MEDIA/DSCF0237.JPG,DSCF0237.JPG,3R/100MEDIA,2,Western_Leopard_Toad,0.4590,1885.8,1255.6,2038.2,1425.0
/srv/shared_leopard_toad/2024/18.11.2024/3R/100MEDIA/DSCF0254.JPG,DSCF0254.JPG,3R/100MEDIA,2,Western_Leopard_Toad,0.7905,1886.6,1258.0,2037.4,1422.6
/srv/shared_leopard_toad/2024/18.11.2024/3R/100MEDIA/DSCF0220.JPG,DSCF0220.JPG,3R/100MEDIA,2,Western_Leopard_Toad,0.7305,1887.8,1255.4,2036.2,1422.6
/srv/shared_leopard_toad/2024/18.11.2024/3R/100MEDIA/DSCF0258.JPG,DSCF0258.JPG,3R/100MEDIA,2,Western_Leopard_Toad,0.5156,1885.2,1255.1,2038.8,1425.5
/srv/shared_leopard_toad/2024/18.11.2024/3R/100MEDIA/DSCF0248.JPG,DSCF0248.JPG,3R/100MEDIA,2,Western_Leopard_Toad,0.5508,1887.6,1258.5,2036.4,1424.6
/srv/shared_leopard_toad/2024/18.11.2024/3R/100MEDIA/DSCF0264.JPG,DSCF0264.JPG,3R/100MEDIA,2,Western_Leopard_Toad,0.8120,1886.6,1255.9,2037.4,1424.7
/srv/shared_leopard_toad/2024/18.11.2024/3R/100MEDIA/DSCF0284.JPG,DSCF0284.JPG,3R/100MEDIA,2,Western_Leopard_Toad,0.3345,1885.2,1258.7,2038.8,1426.9
/srv/shared_leopard_toad/2024/18.11.2024/3R/100MEDIA/DSCF0955.JPG,DSCF0955.JPG,3R/100MEDIA,2,Western_Leopard_Toad,0.6069,1597.2,2169.2,1741.8,2290.8
/srv/shared_leopard_toad/2024/18.11.2024/3R/100MEDIA/DSCF0231.JPG,DSCF0231.JPG,3R/100MEDIA,2,Western_Leopard_Toad,0.7690,1887.2,1257.0,2036.8,1423.6
/srv/shared_leopard_toad/2024/18.11.2024/3R/100MEDIA/DSCF0247.JPG,DSCF0247.JPG,3R/100MEDIA,2,Western_Leopard_Toad,0.5176,1885.8,1256.2,2038.2,1424.4
/srv/shared_leopard_toad/2024/18.11.2024/3R/100MEDIA/DSCF0268.JPG,DSCF0268.JPG,3R/100MEDIA,2,Western_Leopard_Toad,0.8477,1886.1,1256.4,2037.9,1424.2
/srv/shared_leopard_toad/2024/18.11.2024/3R/100MEDIA/DSCF0246.JPG,DSCF0246.JPG,3R/100MEDIA,2,Western_Leopard_Toad,0.8057,1886.5,1254.5,2037.5,1421.1
/srv/shared_leopard_toad/2024/18.11.2024/3R/100MEDIA/DSCF0252.JPG,DSCF0252.JPG,3R/100MEDIA,2,Western_Leopard_Toad,0.7642,1887.3,1252.9,2041.2,1422.6
/srv/shared_leopard_toad/2024/18.11.2024/3R/100MEDIA/DSCF0927.JPG,DSCF0927.JPG,3R/100MEDIA,0,Other_Amphibian,0.4546,2895.8,1440.6,2976.8,1523.5
/srv/shared_leopard_toad/2024/18.11.2024/3R/100MEDIA/DSCF0927.JPG,DSCF0927.JPG,3R/100MEDIA,0,Other_Amphibian,0.4312,1796.9,1376.5,1897.6,1461.0
/srv/shared_leopard_toad/2024/18.11.2024/3R/100MEDIA/DSCF0262.JPG,DSCF0262.JPG,3R/100MEDIA,2,Western_Leopard_Toad,0.6934,1885.5,1256.5,2038.5,1424.1
/srv/shared_leopard_toad/2024/18.11.2024/3R/100MEDIA/DSCF0223.JPG,DSCF0223.JPG,3R/100MEDIA,2,Western_Leopard_Toad,0.7695,1887.0,1254.9,2037.0,1420.7
/srv/shared_leopard_toad/2024/18.11.2024/3R/100MEDIA/DSCF0511.JPG,DSCF0511.JPG,3R/100MEDIA,2,Western_Leopard_Toad,0.9570,1498.9,2135.8,1774.8,2448.3
/srv/shared_leopard_toad/2024/18.11.2024/3R/100MEDIA/DSCF0503.JPG,DSCF0503.JPG,3R/100MEDIA,0,Other_Amphibian,0.3320,3409.0,1474.2,3543.5,1611.4
/srv/shared_leopard_toad/2024/18.11.2024/3R/100MEDIA/DSCF0503.JPG,DSCF0503.JPG,3R/100MEDIA,2,Western_Leopard_Toad,0.2568,3409.0,1474.2,3543.5,1611.4
/srv/shared_leopard_toad/2024/18.11.2024/3R/100MEDIA/DSCF0483.JPG,DSCF0483.JPG,3R/100MEDIA,0,Other_Amphibian,0.9292,2406.6,2163.0,2529.9,2304.7
/srv/shared_leopard_toad/2024/18.11.2024/3R/100MEDIA/DSCF0482.JPG,DSCF0482.JPG,3R/100MEDIA,0,Other_Amphibian,0.9102,2352.5,2177.7,2503.0,2302.6
/srv/shared_leopard_toad/2024/18.11.2024/3R/100MEDIA/DSCF0238.JPG,DSCF0238.JPG,3R/100MEDIA,2,Western_Leopard_Toad,0.9233,1887.9,1257.5,2036.1,1425.6
/srv/shared_leopard_toad/2024/18.11.2024/3R/100MEDIA/DSCF0278.JPG,DSCF0278.JPG,3R/100MEDIA,2,Western_Leopard_Toad,0.5903,1886.2,1258.5,2037.8,1424.6
/srv/shared_leopard_toad/2024/18.11.2024/3R/100MEDIA/DSCF0216.JPG,DSCF0216.JPG,3R/100MEDIA,2,Western_Leopard_Toad,0.4275,1886.6,1256.4,2037.4,1424.2
/srv/shared_leopard_toad/2024/18.11.2024/3R/100MEDIA/DSCF0222.JPG,DSCF0222.JPG,3R/100MEDIA,2,Western_Leopard_Toad,0.4897,1885.9,1259.9,2038.1,1425.7
/srv/shared_leopard_toad/2024/18.11.2024/3R/100MEDIA/DSCF0240.JPG,DSCF0240.JPG,3R/100MEDIA,2,Western_Leopard_Toad,0.3779,1887.0,1255.1,2037.0,1423.0
/srv/shared_leopard_toad/2024/18.11.2024/3R/100MEDIA/DSCF0232.JPG,DSCF0232.JPG,3R/100MEDIA,2,Western_Leopard_Toad,0.5977,1886.3,1254.9,2037.7,1423.1
/srv/shared_leopard_toad/2024/18.11.2024/3R/100MEDIA/DSCF0267.JPG,DSCF0267.JPG,3R/100MEDIA,2,Western_Leopard_Toad,0.7827,1886.2,1256.1,2037.8,1427.1
/srv/shared_leopard_toad/2024/18.11.2024/3R/100MEDIA/DSCF0150.JPG,DSCF0150.JPG,3R/100MEDIA,0,Other_Amphibian,0.2852,4138.0,-2.3,4263.5,39.6
/srv/shared_leopard_toad/2024/18.11.2024/3R/100MEDIA/DSCF0277.JPG,DSCF0277.JPG,3R/100MEDIA,2,Western_Leopard_Toad,0.5366,1885.2,1256.4,2038.8,1424.2
/srv/shared_leopard_toad/2024/18.11.2024/3R/100MEDIA/DSCF0263.JPG,DSCF0263.JPG,3R/100MEDIA,2,Western_Leopard_Toad,0.4604,1884.4,1256.7,2039.6,1426.4
/srv/shared_leopard_toad/2024/18.11.2024/3R/100MEDIA/DSCF0229.JPG,DSCF0229.JPG,3R/100MEDIA,2,Western_Leopard_Toad,0.9243,1888.0,1258.7,2036.0,1426.9
/srv/shared_leopard_toad/2024/18.11.2024/3R/100MEDIA/DSCF0265.JPG,DSCF0265.JPG,3R/100MEDIA,2,Western_Leopard_Toad,0.8262,1885.8,1256.7,2038.2,1423.9
/srv/shared_leopard_toad/2024/18.11.2024/3R/100MEDIA/DSCF0275.JPG,DSCF0275.JPG,3R/100MEDIA,2,Western_Leopard_Toad,0.2825,1886.5,1257.0,2037.5,1423.6
/srv/shared_leopard_toad/2024/18.11.2024/3R/100MEDIA/DSCF0245.JPG,DSCF0245.JPG,3R/100MEDIA,2,Western_Leopard_Toad,0.8550,1886.9,1255.7,2037.1,1424.9
/srv/shared_leopard_toad/2024/18.11.2024/3R/100MEDIA/DSCF0249.JPG,DSCF0249.JPG,3R/100MEDIA,2,Western_Leopard_Toad,0.8232,1886.8,1255.6,2037.2,1425.0
/srv/shared_leopard_toad/2024/18.11.2024/3R/100MEDIA/DSCF0281.JPG,DSCF0281.JPG,3R/100MEDIA,2,Western_Leopard_Toad,0.3303,1885.8,1256.5,2038.2,1426.6
/srv/shared_leopard_toad/2024/18.11.2024/3R/100MEDIA/DSCF0255.JPG,DSCF0255.JPG,3R/100MEDIA,2,Western_Leopard_Toad,0.9116,1886.3,1258.0,2037.7,1422.6
/srv/shared_leopard_toad/2024/18.11.2024/3R/100MEDIA/DSCF0219.JPG,DSCF0219.JPG,3R/100MEDIA,2,Western_Leopard_Toad,0.8135,1886.8,1258.7,2037.2,1424.5
/srv/shared_leopard_toad/2024/18.11.2024/3R/100MEDIA/DSCF0227.JPG,DSCF0227.JPG,3R/100MEDIA,2,Western_Leopard_Toad,0.7642,1887.0,1257.2,2037.0,1423.4
/srv/shared_leopard_toad/2024/18.11.2024/3R/100MEDIA/DSCF0122.JPG,DSCF0122.JPG,3R/100MEDIA,2,Western_Leopard_Toad,0.4280,1883.9,1268.7,2022.1,1422.0
/srv/shared_leopard_toad/2024/18.11.2024/3R/100MEDIA/DSCF0257.JPG,DSCF0257.JPG,3R/100MEDIA,2,Western_Leopard_Toad,0.8345,1887.2,1257.3,2036.8,1425.8
/srv/shared_leopard_toad/2024/18.11.2024/3R/100MEDIA/DSCF0274.JPG,DSCF0274.JPG,3R/100MEDIA,2,Western_Leopard_Toad,0.2932,1886.1,1258.9,2037.9,1426.8
/srv/shared_leopard_toad/2024/18.11.2024/3R/100MEDIA/DSCF0259.JPG,DSCF0259.JPG,3R/100MEDIA,2,Western_Leopard_Toad,0.7246,1884.7,1254.8,2039.3,1425.8
/srv/shared_leopard_toad/2024/18.11.2024/3R/100MEDIA/DSCF0269.JPG,DSCF0269.JPG,3R/100MEDIA,2,Western_Leopard_Toad,0.8384,1885.8,1256.5,2038.2,1424.1
/srv/shared_leopard_toad/2024/18.11.2024/3R/100MEDIA/DSCF0228.JPG,DSCF0228.JPG,3R/100MEDIA,2,Western_Leopard_Toad,0.7183,1885.6,1254.8,2038.4,1423.3
/srv/shared_leopard_toad/2024/18.11.2024/3R/100MEDIA/DSCF0253.JPG,DSCF0253.JPG,3R/100MEDIA,2,Western_Leopard_Toad,0.7915,1886.2,1257.2,2037.8,1426.0
/srv/shared_leopard_toad/2024/18.11.2024/3R/100MEDIA/DSCF0218.JPG,DSCF0218.JPG,3R/100MEDIA,2,Western_Leopard_Toad,0.7007,1886.8,1258.3,2037.2,1424.9
/srv/shared_leopard_toad/2024/18.11.2024/3R/100MEDIA/DSCF0260.JPG,DSCF0260.JPG,3R/100MEDIA,2,Western_Leopard_Toad,0.6079,1887.0,1256.5,2037.0,1424.1
/srv/shared_leopard_toad/2024/18.11.2024/3R/100MEDIA/DSCF0239.JPG,DSCF0239.JPG,3R/100MEDIA,2,Western_Leopard_Toad,0.6245,1887.0,1256.2,2037.0,1424.4
/srv/shared_leopard_toad/2024/18.11.2024/3R/100MEDIA/DSCF0261.JPG,DSCF0261.JPG,3R/100MEDIA,2,Western_Leopard_Toad,0.7432,1886.8,1256.8,2037.2,1421.3
/srv/shared_leopard_toad/2024/18.11.2024/3R/100MEDIA/DSCF0203.JPG,DSCF0203.JPG,3R/100MEDIA,0,Other_Amphibian,0.4038,2540.4,1582.0,2634.6,1673.2
/srv/shared_leopard_toad/2024/18.11.2024/3R/100MEDIA/DSCF0244.JPG,DSCF0244.JPG,3R/100MEDIA,2,Western_Leopard_Toad,0.4570,1885.9,1255.9,2038.1,1424.7
/srv/shared_leopard_toad/2024/18.11.2024/3R/100MEDIA/DSCF0217.JPG,DSCF0217.JPG,3R/100MEDIA,2,Western_Leopard_Toad,0.6230,1886.5,1254.5,2037.5,1423.6
/srv/shared_leopard_toad/2024/18.11.2024/3R/100MEDIA/DSCF0242.JPG,DSCF0242.JPG,3R/100MEDIA,2,Western_Leopard_Toad,0.6689,1886.6,1257.6,2037.4,1423.0
/srv/shared_leopard_toad/2024/18.11.2024/3R/100MEDIA/DSCF0225.JPG,DSCF0225.JPG,3R/100MEDIA,2,Western_Leopard_Toad,0.7192,1886.1,1257.2,2037.9,1423.4
/srv/shared_leopard_toad/2024/18.11.2024/3R/100MEDIA/DSCF0272.JPG,DSCF0272.JPG,3R/100MEDIA,2,Western_Leopard_Toad,0.2932,1886.6,1257.0,2037.4,1423.6
/srv/shared_leopard_toad/2024/18.11.2024/3R/100MEDIA/DSCF0224.JPG,DSCF0224.JPG,3R/100MEDIA,2,Western_Leopard_Toad,0.7407,1885.8,1256.2,2038.2,1424.4
/srv/shared_leopard_toad/2024/18.11.2024/3R/100MEDIA/DSCF0241.JPG,DSCF0241.JPG,3R/100MEDIA,2,Western_Leopard_Toad,0.8789,1886.8,1256.2,2037.2,1424.4
/srv/shared_leopard_toad/2024/18.11.2024/3R/100MEDIA/DSCF0235.JPG,DSCF0235.JPG,3R/100MEDIA,2,Western_Leopard_Toad,0.7603,1885.8,1256.8,2038.2,1423.7
/srv/shared_leopard_toad/2024/18.11.2024/3R/100MEDIA/DSCF0202.JPG,DSCF0202.JPG,3R/100MEDIA,0,Other_Amphibian,0.5415,2537.9,1580.8,2632.6,1674.3
/srv/shared_leopard_toad/2024/18.11.2024/3R/100MEDIA/DSCF0226.JPG,DSCF0226.JPG,3R/100MEDIA,2,Western_Leopard_Toad,0.6245,1886.3,1257.2,2037.7,1423.4
/srv/shared_leopard_toad/2024/18.11.2024/3R/100MEDIA/DSCF0234.JPG,DSCF0234.JPG,3R/100MEDIA,2,Western_Leopard_Toad,0.8843,1886.9,1257.6,2037.1,1423.0
/srv/shared_leopard_toad/2024/18.11.2024/3R/100MEDIA/DSCF0893.JPG,DSCF0893.JPG,3R/100MEDIA,0,Other_Amphibian,0.5322,2806.5,168.3,2926.5,297.1
/srv/shared_leopard_toad/2024/18.11.2024/3R/100MEDIA/DSCF0893.JPG,DSCF0893.JPG,3R/100MEDIA,2,Western_Leopard_Toad,0.3774,2806.5,168.3,2926.5,297.1
/srv/shared_leopard_toad/2024/18.11.2024/3R/100MEDIA/DSCF0270.JPG,DSCF0270.JPG,3R/100MEDIA,2,Western_Leopard_Toad,0.6104,1886.5,1257.1,2037.5,1423.5
/srv/shared_leopard_toad/2024/18.11.2024/3R/100MEDIA/DSCF0236.JPG,DSCF0236.JPG,3R/100MEDIA,2,Western_Leopard_Toad,0.5801,1885.8,1257.8,2038.2,1425.3
/srv/shared_leopard_toad/2024/18.11.2024/3R/100MEDIA/DSCF0124.JPG,DSCF0124.JPG,3R/100MEDIA,2,Western_Leopard_Toad,0.2952,1881.7,1268.5,2019.8,1422.2
/srv/shared_leopard_toad/2024/18.11.2024/3R/100MEDIA/DSCF0243.JPG,DSCF0243.JPG,3R/100MEDIA,2,Western_Leopard_Toad,0.8145,1885.9,1255.8,2038.1,1422.2
