image_path,image_name,subfolder,class_id,class_name,confidence,xmin,ymin,xmax,ymax
/srv/shared_leopard_toad/2024/18.11.2024/4Z/112MEDIA/DSCF0537.JPG,DSCF0537.JPG,4Z/112MEDIA,2,Western_Leopard_Toad,0.2612,3428.5,2243.8,3654.5,2446.6
/srv/shared_leopard_toad/2024/18.11.2024/4Z/112MEDIA/DSCF0488.JPG,DSCF0488.JPG,4Z/112MEDIA,2,Western_Leopard_Toad,0.5098,3431.6,2251.4,3646.9,2446.6
/srv/shared_leopard_toad/2024/18.11.2024/4Z/112MEDIA/DSCF0339.JPG,DSCF0339.JPG,4Z/112MEDIA,2,Western_Leopard_Toad,0.2737,4446.0,231.8,4608.0,859.2
/srv/shared_leopard_toad/2024/18.11.2024/4Z/112MEDIA/DSCF0507.JPG,DSCF0507.JPG,4Z/112MEDIA,2,Western_Leopard_Toad,0.3186,3428.8,2247.8,3649.7,2447.6
/srv/shared_leopard_toad/2024/18.11.2024/4Z/112MEDIA/DSCF0526.JPG,DSCF0526.JPG,4Z/112MEDIA,2,Western_Leopard_Toad,0.3010,3430.8,2244.3,3643.2,2446.1
/srv/shared_leopard_toad/2024/18.11.2024/4Z/112MEDIA/DSCF0508.JPG,DSCF0508.JPG,4Z/112MEDIA,2,Western_Leopard_Toad,0.2849,3429.6,2250.7,3648.9,2447.3
/srv/shared_leopard_toad/2024/18.11.2024/4Z/112MEDIA/DSCF0511.JPG,DSCF0511.JPG,4Z/112MEDIA,2,Western_Leopard_Toad,0.2703,3427.9,2251.5,3641.6,2446.5
/srv/shared_leopard_toad/2024/18.11.2024/4Z/112MEDIA/DSCF0333.JPG,DSCF0333.JPG,4Z/112MEDIA,2,Western_Leopard_Toad,0.2581,4454.7,232.6,4608.3,863.5
/srv/shared_leopard_toad/2024/18.11.2024/4Z/112MEDIA/DSCF0169.JPG,DSCF0169.JPG,4Z/112MEDIA,2,Western_Leopard_Toad,0.2627,4453.5,245.4,4609.5,835.5
/srv/shared_leopard_toad/2024/18.11.2024/4Z/112MEDIA/DSCF0086.JPG,DSCF0086.JPG,4Z/112MEDIA,0,Other_Amphibian,0.8843,1444.8,2254.3,1595.0,2431.0
/srv/shared_leopard_toad/2024/18.11.2024/4Z/112MEDIA/DSCF0086.JPG,DSCF0086.JPG,4Z/112MEDIA,2,Western_Leopard_Toad,0.2632,1444.8,2254.3,1595.0,2431.0
/srv/shared_leopard_toad/2024/18.11.2024/4Z/112MEDIA/DSCF0088.JPG,DSCF0088.JPG,4Z/112MEDIA,0,Other_Amphibian,0.8916,1442.5,2259.2,1588.2,2431.2
/srv/shared_leopard_toad/2024/18.11.2024/4Z/112MEDIA/DSCF0088.JPG,DSCF0088.JPG,4Z/112MEDIA,2,Western_Leopard_Toad,0.4758,1442.5,2259.2,1588.2,2431.2
/srv/shared_leopard_toad/2024/18.11.2024/4Z/112MEDIA/DSCF0087.JPG,DSCF0087.JPG,4Z/112MEDIA,0,Other_Amphibian,0.9229,1445.3,2259.5,1587.7,2428.3
/srv/shared_leopard_toad/2024/18.11.2024/4Z/112MEDIA/DSCF0087.JPG,DSCF0087.JPG,4Z/112MEDIA,2,Western_Leopard_Toad,0.2556,1445.3,2259.5,1587.7,2428.3
/srv/shared_leopard_toad/2024/18.11.2024/4Z/112MEDIA/DSCF0229.JPG,DSCF0229.JPG,4Z/112MEDIA,2,Western_Leopard_Toad,0.2654,4449.5,227.8,4609.0,891.0
/srv/shared_leopard_toad/2024/18.11.2024/4Z/112MEDIA/DSCF0337.JPG,DSCF0337.JPG,4Z/112MEDIA,2,Western_Leopard_Toad,0.3032,4450.1,232.2,4608.4,870.8
/srv/shared_leopard_toad/2024/18.11.2024/4Z/112MEDIA/DSCF0521.JPG,DSCF0521.JPG,4Z/112MEDIA,2,Western_Leopard_Toad,0.2888,3429.9,2247.1,3635.1,2445.8
/srv/shared_leopard_toad/2024/18.11.2024/4Z/112MEDIA/DSCF0674.JPG,DSCF0674.JPG,4Z/112MEDIA,0,Other_Amphibian,0.6069,1144.6,1878.5,1271.9,2019.6
/srv/shared_leopard_toad/2024/18.11.2024/4Z/112MEDIA/DSCF0291.JPG,DSCF0291.JPG,4Z/112MEDIA,2,Western_Leopard_Toad,0.2593,4449.7,236.2,4608.8,854.8
/srv/shared_leopard_toad/2024/18.11.2024/4Z/112MEDIA/DSCF0227.JPG,DSCF0227.JPG,4Z/112MEDIA,2,Western_Leopard_Toad,0.3176,4453.0,239.2,4610.0,841.0
/srv/shared_leopard_toad/2024/18.11.2024/4Z/112MEDIA/DSCF0092.JPG,DSCF0092.JPG,4Z/112MEDIA,2,Western_Leopard_Toad,0.2642,4449.5,246.3,4609.0,846.5
/srv/shared_leopard_toad/2024/18.11.2024/4Z/112MEDIA/DSCF0235.JPG,DSCF0235.JPG,4Z/112MEDIA,2,Western_Leopard_Toad,0.2808,4456.3,244.3,4611.2,833.4
/srv/shared_leopard_toad/2024/18.11.2024/4Z/112MEDIA/DSCF0084.JPG,DSCF0084.JPG,4Z/112MEDIA,2,Western_Leopard_Toad,0.9316,1416.6,2288.3,1600.7,2445.1
/srv/shared_leopard_toad/2024/18.11.2024/4Z/112MEDIA/DSCF0201.JPG,DSCF0201.JPG,4Z/112MEDIA,2,Western_Leopard_Toad,0.3164,4449.8,244.1,4608.7,833.6
/srv/shared_leopard_toad/2024/18.11.2024/4Z/103MEDIA/DSCF0774.JPG,DSCF0774.JPG,4Z/103MEDIA,2,Western_Leopard_Toad,0.4038,4493.6,223.5,4605.4,578.9
/srv/shared_leopard_toad/2024/18.11.2024/4Z/103MEDIA/DSCF0956.JPG,DSCF0956.JPG,4Z/103MEDIA,0,Other_Amphibian,0.2673,2213.1,1948.8,2340.9,2073.3
/srv/shared_leopard_toad/2024/18.11.2024/4Z/103MEDIA/DSCF0574.JPG,DSCF0574.JPG,4Z/103MEDIA,2,Western_Leopard_Toad,0.7056,1316.3,35.3,1507.4,270.1
/srv/shared_leopard_toad/2024/18.11.2024/4Z/103MEDIA/DSCF0981.JPG,DSCF0981.JPG,4Z/103MEDIA,0,Other_Amphibian,0.2310,2212.1,1945.6,2341.9,2071.5
/srv/shared_leopard_toad/2024/18.11.2024/4Z/103MEDIA/DSCF0949.JPG,DSCF0949.JPG,4Z/103MEDIA,0,Other_Amphibian,0.3176,2210.4,1948.7,2339.1,2073.4
/srv/shared_leopard_toad/2024/18.11.2024/4Z/103MEDIA/DSCF0716.JPG,DSCF0716.JPG,4Z/103MEDIA,2,Western_Leopard_Toad,0.5732,3030.4,1009.7,3229.1,1182.3
/srv/shared_leopard_toad/2024/18.11.2024/4Z/103MEDIA/DSCF0716.JPG,DSCF0716.JPG,4Z/103MEDIA,2,Western_Leopard_Toad,0.4558,3029.5,1010.8,3230.0,1183.8
/srv/shared_leopard_toad/2024/18.11.2024/4Z/103MEDIA/DSCF0965.JPG,DSCF0965.JPG,4Z/103MEDIA,0,Other_Amphibian,0.2340,2210.8,1952.1,2338.7,2075.1
/srv/shared_leopard_toad/2024/18.11.2024/4Z/103MEDIA/DSCF0775.JPG,DSCF0775.JPG,4Z/103MEDIA,2,Western_Leopard_Toad,0.4473,4492.2,262.2,4606.8,575.0
/srv/shared_leopard_toad/2024/18.11.2024/4Z/103MEDIA/DSCF0964.JPG,DSCF0964.JPG,4Z/103MEDIA,0,Other_Amphibian,0.2676,2211.5,1949.3,2338.0,2072.9
/srv/shared_leopard_toad/2024/18.11.2024/4Z/103MEDIA/DSCF0365.JPG,DSCF0365.JPG,4Z/103MEDIA,2,Western_Leopard_Toad,0.2556,4503.1,1074.8,4609.4,1264.1
/srv/shared_leopard_toad/2024/18.11.2024/4Z/103MEDIA/DSCF0772.JPG,DSCF0772.JPG,4Z/103MEDIA,2,Western_Leopard_Toad,0.4604,4489.8,246.6,4604.7,571.6
/srv/shared_leopard_toad/2024/18.11.2024/4Z/103MEDIA/DSCF0773.JPG,DSCF0773.JPG,4Z/103MEDIA,2,Western_Leopard_Toad,0.3462,4488.6,237.6,4601.4,571.7
/srv/shared_leopard_toad/2024/18.11.2024/4Z/103MEDIA/DSCF0961.JPG,DSCF0961.JPG,4Z/103MEDIA,0,Other_Amphibian,0.3208,2212.1,1944.6,2341.9,2072.5
/srv/shared_leopard_toad/2024/18.11.2024/4Z/103MEDIA/DSCF0953.JPG,DSCF0953.JPG,4Z/103MEDIA,0,Other_Amphibian,0.2646,2210.3,1952.8,2339.2,2074.4
/srv/shared_leopard_toad/2024/18.11.2024/4Z/103MEDIA/DSCF0958.JPG,DSCF0958.JPG,4Z/103MEDIA,0,Other_Amphibian,0.3374,2212.7,1949.3,2341.3,2072.9
/srv/shared_leopard_toad/2024/18.11.2024/4Z/103MEDIA/DSCF0972.JPG,DSCF0972.JPG,4Z/103MEDIA,0,Other_Amphibian,0.2959,2213.1,1949.7,2340.9,2072.4
/srv/shared_leopard_toad/2024/18.11.2024/4Z/103MEDIA/DSCF0946.JPG,DSCF0946.JPG,4Z/103MEDIA,0,Other_Amphibian,0.2664,2213.3,1951.0,2340.7,2073.7
/srv/shared_leopard_toad/2024/18.11.2024/4Z/103MEDIA/DSCF0974.JPG,DSCF0974.JPG,4Z/103MEDIA,0,Other_Amphibian,0.2651,2211.7,1953.2,2337.8,2074.0
/srv/shared_leopard_toad/2024/18.11.2024/4Z/103MEDIA/DSCF0771.JPG,DSCF0771.JPG,4Z/103MEDIA,2,Western_Leopard_Toad,0.3533,4490.9,231.0,4603.6,571.4
/srv/shared_leopard_toad/2024/18.11.2024/4Z/103MEDIA/DSCF0977.JPG,DSCF0977.JPG,4Z/103MEDIA,0,Other_Amphibian,0.2747,2212.1,1947.2,2341.9,2072.4
/srv/shared_leopard_toad/2024/18.11.2024/4Z/103MEDIA/DSCF0952.JPG,DSCF0952.JPG,4Z/103MEDIA,0,Other_Amphibian,0.2109,2209.5,1955.7,2335.5,2076.6
/srv/shared_leopard_toad/2024/18.11.2024/4Z/103MEDIA/DSCF0776.JPG,DSCF0776.JPG,4Z/103MEDIA,2,Western_Leopard_Toad,0.5537,4495.1,232.9,4612.9,597.4
/srv/shared_leopard_toad/2024/18.11.2024/4Z/103MEDIA/DSCF0719.JPG,DSCF0719.JPG,4Z/103MEDIA,2,Western_Leopard_Toad,0.4919,3028.7,1006.8,3230.8,1195.4
/srv/shared_leopard_toad/2024/18.11.2024/4Z/103MEDIA/DSCF0975.JPG,DSCF0975.JPG,4Z/103MEDIA,0,Other_Amphibian,0.2061,2214.0,1949.3,2340.0,2072.9
/srv/shared_leopard_toad/2024/18.11.2024/4Z/103MEDIA/DSCF0948.JPG,DSCF0948.JPG,4Z/103MEDIA,0,Other_Amphibian,0.2051,2212.9,1948.1,2341.1,2074.0
/srv/shared_leopard_toad/2024/18.11.2024/4Z/103MEDIA/DSCF0973.JPG,DSCF0973.JPG,4Z/103MEDIA,0,Other_Amphibian,0.2382,2212.5,1950.4,2341.5,2074.3
/srv/shared_leopard_toad/2024/18.11.2024/4Z/103MEDIA/DSCF0865.JPG,DSCF0865.JPG,4Z/103MEDIA,2,Western_Leopard_Toad,0.2754,4267.0,200.9,4611.5,651.5
/srv/shared_leopard_toad/2024/18.11.2024/4Z/103MEDIA/DSCF0855.JPG,DSCF0855.JPG,4Z/103MEDIA,2,Western_Leopard_Toad,0.9004,2310.0,538.1,2590.5,812.3
/srv/shared_leopard_toad/2024/18.11.2024/4Z/103MEDIA/DSCF0855.JPG,DSCF0855.JPG,4Z/103MEDIA,0,Other_Amphibian,0.3660,2310.0,538.1,2590.5,812.3
/srv/shared_leopard_toad/2024/18.11.2024/4Z/103MEDIA/DSCF0950.JPG,DSCF0950.JPG,4Z/103MEDIA,0,Other_Amphibian,0.3091,2211.8,1949.0,2337.7,2073.1
/srv/shared_leopard_toad/2024/18.11.2024/4Z/103MEDIA/DSCF0717.JPG,DSCF0717.JPG,4Z/103MEDIA,2,Western_Leopard_Toad,0.5479,3029.8,1009.3,3229.7,1192.9
/srv/shared_leopard_toad/2024/18.11.2024/4Z/103MEDIA/DSCF0707.JPG,DSCF0707.JPG,4Z/103MEDIA,2,Western_Leopard_Toad,0.2502,4475.0,228.3,4601.5,860.2
/srv/shared_leopard_toad/2024/18.11.2024/4Z/111MEDIA/DSCF0572.JPG,DSCF0572.JPG,4Z/111MEDIA,0,Other_Amphibian,0.4182,1370.1,2121.5,1527.9,2242.4
/srv/shared_leopard_toad/2024/18.11.2024/4Z/111MEDIA/DSCF0503.JPG,DSCF0503.JPG,4Z/111MEDIA,0,Other_Amphibian,0.2137,2006.8,2126.6,2099.4,2224.6
/srv/shared_leopard_toad/2024/18.11.2024/4Z/111MEDIA/DSCF0727.JPG,DSCF0727.JPG,4Z/111MEDIA,0,Other_Amphibian,0.9272,2698.4,388.0,2868.1,567.6
/srv/shared_leopard_toad/2024/18.11.2024/4Z/111MEDIA/DSCF0337.JPG,DSCF0337.JPG,4Z/111MEDIA,0,Other_Amphibian,0.2006,2028.0,2126.6,2107.5,2224.6
/srv/shared_leopard_toad/2024/18.11.2024/4Z/111MEDIA/DSCF0242.JPG,DSCF0242.JPG,4Z/111MEDIA,2,Western_Leopard_Toad,0.3501,4509.2,2323.2,4612.3,2448.2
/srv/shared_leopard_toad/2024/18.11.2024/4Z/111MEDIA/DSCF0064.JPG,DSCF0064.JPG,4Z/111MEDIA,2,Western_Leopard_Toad,0.3511,4455.3,453.9,4603.2,790.9
/srv/shared_leopard_toad/2024/18.11.2024/4Z/107MEDIA/DSCF0911.JPG,DSCF0911.JPG,4Z/107MEDIA,2,Western_Leopard_Toad,0.3008,2804.9,2205.7,2982.1,2446.8
/srv/shared_leopard_toad/2024/18.11.2024/4Z/107MEDIA/DSCF0678.JPG,DSCF0678.JPG,4Z/107MEDIA,2,Western_Leopard_Toad,0.2820,2801.5,2202.0,2990.0,2447.9
/srv/shared_leopard_toad/2024/18.11.2024/4Z/107MEDIA/DSCF0651.JPG,DSCF0651.JPG,4Z/107MEDIA,2,Western_Leopard_Toad,0.2639,2805.3,2203.8,2986.2,2446.1
/srv/shared_leopard_toad/2024/18.11.2024/4Z/107MEDIA/DSCF0514.JPG,DSCF0514.JPG,4Z/107MEDIA,2,Western_Leopard_Toad,0.3044,2378.0,2197.4,2968.0,2449.9
/srv/shared_leopard_toad/2024/18.11.2024/4Z/107MEDIA/DSCF0784.JPG,DSCF0784.JPG,4Z/107MEDIA,2,Western_Leopard_Toad,0.2705,2804.9,2202.0,2986.6,2447.9
/srv/shared_leopard_toad/2024/18.11.2024/4Z/107MEDIA/DSCF0784.JPG,DSCF0784.JPG,4Z/107MEDIA,2,Western_Leopard_Toad,0.2520,2809.2,2204.4,2986.8,2448.0
/srv/shared_leopard_toad/2024/18.11.2024/4Z/107MEDIA/DSCF0933.JPG,DSCF0933.JPG,4Z/107MEDIA,2,Western_Leopard_Toad,0.3735,2804.1,2202.0,2978.4,2447.9
/srv/shared_leopard_toad/2024/18.11.2024/4Z/107MEDIA/DSCF0562.JPG,DSCF0562.JPG,4Z/107MEDIA,2,Western_Leopard_Toad,0.8320,2384.7,2198.7,2979.3,2451.2
/srv/shared_leopard_toad/2024/18.11.2024/4Z/107MEDIA/DSCF0956.JPG,DSCF0956.JPG,4Z/107MEDIA,2,Western_Leopard_Toad,0.2874,4453.6,273.8,4604.9,879.8
/srv/shared_leopard_toad/2024/18.11.2024/4Z/107MEDIA/DSCF0812.JPG,DSCF0812.JPG,4Z/107MEDIA,2,Western_Leopard_Toad,0.2581,2802.2,2201.8,2989.3,2448.1
/srv/shared_leopard_toad/2024/18.11.2024/4Z/107MEDIA/DSCF0679.JPG,DSCF0679.JPG,4Z/107MEDIA,2,Western_Leopard_Toad,0.4534,2802.7,2201.6,2984.3,2448.3
/srv/shared_leopard_toad/2024/18.11.2024/4Z/107MEDIA/DSCF0777.JPG,DSCF0777.JPG,4Z/107MEDIA,2,Western_Leopard_Toad,0.2708,4460.5,265.6,4607.0,881.0
/srv/shared_leopard_toad/2024/18.11.2024/4Z/107MEDIA/DSCF0560.JPG,DSCF0560.JPG,4Z/107MEDIA,2,Western_Leopard_Toad,0.6758,2383.6,2198.3,2975.9,2451.6
/srv/shared_leopard_toad/2024/18.11.2024/4Z/107MEDIA/DSCF0822.JPG,DSCF0822.JPG,4Z/107MEDIA,2,Western_Leopard_Toad,0.3022,2802.0,2202.3,2989.5,2447.6
/srv/shared_leopard_toad/2024/18.11.2024/4Z/107MEDIA/DSCF0792.JPG,DSCF0792.JPG,4Z/107MEDIA,2,Western_Leopard_Toad,0.2781,2807.6,2202.3,2983.9,2447.6
/srv/shared_leopard_toad/2024/18.11.2024/4Z/107MEDIA/DSCF0807.JPG,DSCF0807.JPG,4Z/107MEDIA,2,Western_Leopard_Toad,0.2539,2802.7,2202.5,2984.3,2447.4
/srv/shared_leopard_toad/2024/18.11.2024/4Z/107MEDIA/DSCF0895.JPG,DSCF0895.JPG,4Z/107MEDIA,2,Western_Leopard_Toad,0.2937,2806.1,2202.9,2985.4,2447.0
/srv/shared_leopard_toad/2024/18.11.2024/4Z/107MEDIA/DSCF0899.JPG,DSCF0899.JPG,4Z/107MEDIA,2,Western_Leopard_Toad,0.5005,2804.7,2195.5,2982.3,2444.3
/srv/shared_leopard_toad/2024/18.11.2024/4Z/107MEDIA/DSCF0713.JPG,DSCF0713.JPG,4Z/107MEDIA,2,Western_Leopard_Toad,0.3127,2804.2,2204.8,2982.8,2447.6
/srv/shared_leopard_toad/2024/18.11.2024/4Z/107MEDIA/DSCF0559.JPG,DSCF0559.JPG,4Z/107MEDIA,2,Western_Leopard_Toad,0.8423,2381.3,2198.9,2978.2,2451.0
/srv/shared_leopard_toad/2024/18.11.2024/4Z/107MEDIA/DSCF0880.JPG,DSCF0880.JPG,4Z/107MEDIA,2,Western_Leopard_Toad,0.3018,2806.9,2203.1,2980.1,2446.8
/srv/shared_leopard_toad/2024/18.11.2024/4Z/107MEDIA/DSCF0670.JPG,DSCF0670.JPG,4Z/107MEDIA,2,Western_Leopard_Toad,0.2542,2803.7,2197.8,2983.3,2447.1
/srv/shared_leopard_toad/2024/18.11.2024/4Z/107MEDIA/DSCF0700.JPG,DSCF0700.JPG,4Z/107MEDIA,2,Western_Leopard_Toad,0.2573,2806.7,2201.8,2989.3,2448.1
/srv/shared_leopard_toad/2024/18.11.2024/4Z/107MEDIA/DSCF0936.JPG,DSCF0936.JPG,4Z/107MEDIA,2,Western_Leopard_Toad,0.2810,2804.4,2205.4,2978.1,2447.0
/srv/shared_leopard_toad/2024/18.11.2024/4Z/107MEDIA/DSCF0866.JPG,DSCF0866.JPG,4Z/107MEDIA,2,Western_Leopard_Toad,0.2759,2802.9,2202.7,2984.1,2447.2
/srv/shared_leopard_toad/2024/18.11.2024/4Z/107MEDIA/DSCF0526.JPG,DSCF0526.JPG,4Z/107MEDIA,2,Western_Leopard_Toad,0.3660,2786.8,2194.9,2973.2,2447.4
/srv/shared_leopard_toad/2024/18.11.2024/4Z/107MEDIA/DSCF0854.JPG,DSCF0854.JPG,4Z/107MEDIA,2,Western_Leopard_Toad,0.2563,2802.0,2203.8,2980.5,2446.1
/srv/shared_leopard_toad/2024/18.11.2024/4Z/107MEDIA/DSCF0906.JPG,DSCF0906.JPG,4Z/107MEDIA,2,Western_Leopard_Toad,0.2500,2804.4,2199.9,2978.1,2447.5
/srv/shared_leopard_toad/2024/18.11.2024/4Z/107MEDIA/DSCF0769.JPG,DSCF0769.JPG,4Z/107MEDIA,2,Western_Leopard_Toad,0.2830,4463.4,266.9,4608.6,872.2
/srv/shared_leopard_toad/2024/18.11.2024/4Z/107MEDIA/DSCF0924.JPG,DSCF0924.JPG,4Z/107MEDIA,2,Western_Leopard_Toad,0.3367,2806.0,2202.0,2981.0,2447.9
/srv/shared_leopard_toad/2024/18.11.2024/4Z/107MEDIA/DSCF0924.JPG,DSCF0924.JPG,4Z/107MEDIA,2,Western_Leopard_Toad,0.3169,2803.4,2199.0,2983.6,2448.4
/srv/shared_leopard_toad/2024/18.11.2024/4Z/107MEDIA/DSCF0871.JPG,DSCF0871.JPG,4Z/107MEDIA,2,Western_Leopard_Toad,0.2646,2808.3,2207.3,2983.2,2447.6
/srv/shared_leopard_toad/2024/18.11.2024/4Z/107MEDIA/DSCF0662.JPG,DSCF0662.JPG,4Z/107MEDIA,2,Western_Leopard_Toad,0.2849,2799.9,2203.3,2982.6,2446.6
/srv/shared_leopard_toad/2024/18.11.2024/4Z/107MEDIA/DSCF0634.JPG,DSCF0634.JPG,4Z/107MEDIA,2,Western_Leopard_Toad,0.4587,2798.9,2201.6,2979.1,2448.3
/srv/shared_leopard_toad/2024/18.11.2024/4Z/107MEDIA/DSCF0634.JPG,DSCF0634.JPG,4Z/107MEDIA,2,Western_Leopard_Toad,0.2520,2797.2,2199.4,2980.8,2448.0
/srv/shared_leopard_toad/2024/18.11.2024/4Z/107MEDIA/DSCF0896.JPG,DSCF0896.JPG,4Z/107MEDIA,2,Western_Leopard_Toad,0.2583,4460.1,254.7,4607.4,875.5
/srv/shared_leopard_toad/2024/18.11.2024/4Z/107MEDIA/DSCF0925.JPG,DSCF0925.JPG,4Z/107MEDIA,2,Western_Leopard_Toad,0.2949,2804.1,2204.2,2982.9,2448.3
/srv/shared_leopard_toad/2024/18.11.2024/4Z/107MEDIA/DSCF0988.JPG,DSCF0988.JPG,4Z/107MEDIA,2,Western_Leopard_Toad,0.2791,4464.8,255.8,4607.2,881.3
/srv/shared_leopard_toad/2024/18.11.2024/4Z/107MEDIA/DSCF0006.JPG,DSCF0006.JPG,4Z/107MEDIA,2,Western_Leopard_Toad,0.3040,4514.0,2360.2,4607.5,2449.1
/srv/shared_leopard_toad/2024/18.11.2024/4Z/107MEDIA/DSCF0959.JPG,DSCF0959.JPG,4Z/107MEDIA,2,Western_Leopard_Toad,0.2739,4462.7,269.1,4609.3,875.0
/srv/shared_leopard_toad/2024/18.11.2024/4Z/107MEDIA/DSCF0290.JPG,DSCF0290.JPG,4Z/107MEDIA,0,Other_Amphibian,0.8467,2361.0,909.1,2598.0,1095.6
/srv/shared_leopard_toad/2024/18.11.2024/4Z/107MEDIA/DSCF0758.JPG,DSCF0758.JPG,4Z/107MEDIA,2,Western_Leopard_Toad,0.3066,2804.6,2200.1,2986.9,2449.9
/srv/shared_leopard_toad/2024/18.11.2024/4Z/107MEDIA/DSCF0652.JPG,DSCF0652.JPG,4Z/107MEDIA,2,Western_Leopard_Toad,0.3083,2803.9,2203.3,2983.1,2446.6
/srv/shared_leopard_toad/2024/18.11.2024/4Z/107MEDIA/DSCF0864.JPG,DSCF0864.JPG,4Z/107MEDIA,2,Western_Leopard_Toad,0.3965,2804.9,2204.4,2977.6,2448.0
/srv/shared_leopard_toad/2024/18.11.2024/4Z/107MEDIA/DSCF0754.JPG,DSCF0754.JPG,4Z/107MEDIA,2,Western_Leopard_Toad,0.2537,2806.3,2202.5,2985.2,2447.4
/srv/shared_leopard_toad/2024/18.11.2024/4Z/107MEDIA/DSCF0189.JPG,DSCF0189.JPG,4Z/107MEDIA,2,Western_Leopard_Toad,0.2932,2379.4,2196.7,2980.1,2448.2
/srv/shared_leopard_toad/2024/18.11.2024/4Z/107MEDIA/DSCF0848.JPG,DSCF0848.JPG,4Z/107MEDIA,2,Western_Leopard_Toad,0.2576,2801.0,2205.9,2977.0,2446.5
/srv/shared_leopard_toad/2024/18.11.2024/4Z/107MEDIA/DSCF0648.JPG,DSCF0648.JPG,4Z/107MEDIA,2,Western_Leopard_Toad,0.2954,2801.8,2202.7,2980.7,2447.2
/srv/shared_leopard_toad/2024/18.11.2024/4Z/107MEDIA/DSCF0842.JPG,DSCF0842.JPG,4Z/107MEDIA,2,Western_Leopard_Toad,0.2681,2802.8,2201.8,2979.7,2448.1
/srv/shared_leopard_toad/2024/18.11.2024/4Z/107MEDIA/DSCF0927.JPG,DSCF0927.JPG,4Z/107MEDIA,2,Western_Leopard_Toad,0.2656,2803.2,2202.9,2983.8,2447.0
/srv/shared_leopard_toad/2024/18.11.2024/4Z/107MEDIA/DSCF0683.JPG,DSCF0683.JPG,4Z/107MEDIA,2,Western_Leopard_Toad,0.2725,2803.4,2202.3,2988.1,2447.6
/srv/shared_leopard_toad/2024/18.11.2024/4Z/107MEDIA/DSCF0399.JPG,DSCF0399.JPG,4Z/107MEDIA,2,Western_Leopard_Toad,0.2734,2785.4,2196.3,2970.1,2446.1
/srv/shared_leopard_toad/2024/18.11.2024/4Z/107MEDIA/DSCF0892.JPG,DSCF0892.JPG,4Z/107MEDIA,2,Western_Leopard_Toad,0.2646,2803.4,2201.4,2988.1,2448.5
/srv/shared_leopard_toad/2024/18.11.2024/4Z/107MEDIA/DSCF0900.JPG,DSCF0900.JPG,4Z/107MEDIA,2,Western_Leopard_Toad,0.3499,2803.5,2195.2,2983.5,2444.6
/srv/shared_leopard_toad/2024/18.11.2024/4Z/107MEDIA/DSCF0750.JPG,DSCF0750.JPG,4Z/107MEDIA,2,Western_Leopard_Toad,0.2932,2806.9,2204.6,2980.1,2447.9
/srv/shared_leopard_toad/2024/18.11.2024/4Z/107MEDIA/DSCF0753.JPG,DSCF0753.JPG,4Z/107MEDIA,2,Western_Leopard_Toad,0.3457,2805.1,2203.3,2986.4,2446.6
/srv/shared_leopard_toad/2024/18.11.2024/4Z/107MEDIA/DSCF0753.JPG,DSCF0753.JPG,4Z/107MEDIA,2,Western_Leopard_Toad,0.2629,4460.3,265.5,4607.2,876.1
/srv/shared_leopard_toad/2024/18.11.2024/4Z/107MEDIA/DSCF0805.JPG,DSCF0805.JPG,4Z/107MEDIA,2,Western_Leopard_Toad,0.3926,2799.4,2202.5,2983.1,2447.4
/srv/shared_leopard_toad/2024/18.11.2024/4Z/107MEDIA/DSCF0867.JPG,DSCF0867.JPG,4Z/107MEDIA,2,Western_Leopard_Toad,0.2539,2805.1,2200.5,2986.4,2446.8
/srv/shared_leopard_toad/2024/18.11.2024/4Z/107MEDIA/DSCF0867.JPG,DSCF0867.JPG,4Z/107MEDIA,2,Western_Leopard_Toad,0.2534,2803.5,2201.4,2983.5,2448.5
/srv/shared_leopard_toad/2024/18.11.2024/4Z/107MEDIA/DSCF0660.JPG,DSCF0660.JPG,4Z/107MEDIA,2,Western_Leopard_Toad,0.2639,2801.5,2200.9,2985.5,2449.0
/srv/shared_leopard_toad/2024/18.11.2024/4Z/107MEDIA/DSCF0169.JPG,DSCF0169.JPG,4Z/107MEDIA,2,Western_Leopard_Toad,0.3291,2380.5,2196.4,2974.5,2448.4
/srv/shared_leopard_toad/2024/18.11.2024/4Z/107MEDIA/DSCF0798.JPG,DSCF0798.JPG,4Z/107MEDIA,0,Other_Amphibian,0.6455,2758.4,5.4,2974.6,196.3
/srv/shared_leopard_toad/2024/18.11.2024/4Z/107MEDIA/DSCF0816.JPG,DSCF0816.JPG,4Z/107MEDIA,2,Western_Leopard_Toad,0.3267,2807.2,2202.0,2979.8,2447.9
/srv/shared_leopard_toad/2024/18.11.2024/4Z/107MEDIA/DSCF0816.JPG,DSCF0816.JPG,4Z/107MEDIA,2,Western_Leopard_Toad,0.2993,2803.1,2201.2,2979.4,2448.7
/srv/shared_leopard_toad/2024/18.11.2024/4Z/107MEDIA/DSCF0775.JPG,DSCF0775.JPG,4Z/107MEDIA,2,Western_Leopard_Toad,0.4463,2802.5,2196.7,2989.0,2445.6
/srv/shared_leopard_toad/2024/18.11.2024/4Z/107MEDIA/DSCF0811.JPG,DSCF0811.JPG,4Z/107MEDIA,2,Western_Leopard_Toad,0.4250,2803.9,2198.8,2978.6,2448.6
/srv/shared_leopard_toad/2024/18.11.2024/4Z/107MEDIA/DSCF0811.JPG,DSCF0811.JPG,4Z/107MEDIA,2,Western_Leopard_Toad,0.3303,2806.9,2196.3,2980.1,2446.1
/srv/shared_leopard_toad/2024/18.11.2024/4Z/107MEDIA/DSCF0889.JPG,DSCF0889.JPG,4Z/107MEDIA,2,Western_Leopard_Toad,0.3464,2801.0,2201.8,2981.5,2448.1
/srv/shared_leopard_toad/2024/18.11.2024/4Z/107MEDIA/DSCF0693.JPG,DSCF0693.JPG,4Z/107MEDIA,2,Western_Leopard_Toad,0.3638,2804.2,2197.5,2982.8,2447.3
/srv/shared_leopard_toad/2024/18.11.2024/4Z/107MEDIA/DSCF0693.JPG,DSCF0693.JPG,4Z/107MEDIA,2,Western_Leopard_Toad,0.2549,2801.5,2195.4,2985.5,2446.9
/srv/shared_leopard_toad/2024/18.11.2024/4Z/107MEDIA/DSCF0913.JPG,DSCF0913.JPG,4Z/107MEDIA,2,Western_Leopard_Toad,0.3154,2800.6,2201.6,2981.9,2448.3
/srv/shared_leopard_toad/2024/18.11.2024/4Z/107MEDIA/DSCF0772.JPG,DSCF0772.JPG,4Z/107MEDIA,2,Western_Leopard_Toad,0.3557,2805.1,2200.5,2986.4,2446.8
/srv/shared_leopard_toad/2024/18.11.2024/4Z/107MEDIA/DSCF0824.JPG,DSCF0824.JPG,4Z/107MEDIA,2,Western_Leopard_Toad,0.2886,2802.2,2205.0,2975.8,2447.4
/srv/shared_leopard_toad/2024/18.11.2024/4Z/107MEDIA/DSCF0849.JPG,DSCF0849.JPG,4Z/107MEDIA,2,Western_Leopard_Toad,0.3945,2801.8,2203.5,2980.7,2446.4
/srv/shared_leopard_toad/2024/18.11.2024/4Z/107MEDIA/DSCF0725.JPG,DSCF0725.JPG,4Z/107MEDIA,2,Western_Leopard_Toad,0.3301,2805.6,2203.8,2985.9,2448.7
/srv/shared_leopard_toad/2024/18.11.2024/4Z/107MEDIA/DSCF0015.JPG,DSCF0015.JPG,4Z/107MEDIA,2,Western_Leopard_Toad,0.2903,4516.4,2361.6,4609.6,2450.3
/srv/shared_leopard_toad/2024/18.11.2024/4Z/107MEDIA/DSCF0839.JPG,DSCF0839.JPG,4Z/107MEDIA,2,Western_Leopard_Toad,0.3945,2802.2,2199.9,2984.8,2447.5
/srv/shared_leopard_toad/2024/18.11.2024/4Z/107MEDIA/DSCF0690.JPG,DSCF0690.JPG,4Z/107MEDIA,2,Western_Leopard_Toad,0.2874,2804.6,2201.4,2982.4,2448.5
/srv/shared_leopard_toad/2024/18.11.2024/4Z/107MEDIA/DSCF0705.JPG,DSCF0705.JPG,4Z/107MEDIA,2,Western_Leopard_Toad,0.3286,2801.1,2201.4,2990.4,2448.5
/srv/shared_leopard_toad/2024/18.11.2024/4Z/107MEDIA/DSCF0813.JPG,DSCF0813.JPG,4Z/107MEDIA,2,Western_Leopard_Toad,0.3984,2803.7,2202.5,2983.3,2447.4
/srv/shared_leopard_toad/2024/18.11.2024/4Z/107MEDIA/DSCF0813.JPG,DSCF0813.JPG,4Z/107MEDIA,2,Western_Leopard_Toad,0.2502,2807.3,2203.8,2984.2,2448.7
/srv/shared_leopard_toad/2024/18.11.2024/4Z/107MEDIA/DSCF0996.JPG,DSCF0996.JPG,4Z/107MEDIA,2,Western_Leopard_Toad,0.2542,4463.2,249.8,4608.8,880.4
/srv/shared_leopard_toad/2024/18.11.2024/4Z/107MEDIA/DSCF0846.JPG,DSCF0846.JPG,4Z/107MEDIA,2,Western_Leopard_Toad,0.4050,2805.9,2204.8,2976.6,2447.6
/srv/shared_leopard_toad/2024/18.11.2024/4Z/107MEDIA/DSCF0804.JPG,DSCF0804.JPG,4Z/107MEDIA,2,Western_Leopard_Toad,0.3213,2802.1,2204.8,2980.4,2447.6
/srv/shared_leopard_toad/2024/18.11.2024/4Z/107MEDIA/DSCF0915.JPG,DSCF0915.JPG,4Z/107MEDIA,2,Western_Leopard_Toad,0.4182,2806.0,2201.0,2981.0,2446.4
/srv/shared_leopard_toad/2024/18.11.2024/4Z/107MEDIA/DSCF0828.JPG,DSCF0828.JPG,4Z/107MEDIA,2,Western_Leopard_Toad,0.5435,2800.3,2202.9,2982.2,2447.0
/srv/shared_leopard_toad/2024/18.11.2024/4Z/107MEDIA/DSCF0764.JPG,DSCF0764.JPG,4Z/107MEDIA,2,Western_Leopard_Toad,0.2708,2801.5,2201.8,2985.5,2448.1
/srv/shared_leopard_toad/2024/18.11.2024/4Z/107MEDIA/DSCF0953.JPG,DSCF0953.JPG,4Z/107MEDIA,2,Western_Leopard_Toad,0.3354,2801.6,2197.6,2980.9,2444.7
/srv/shared_leopard_toad/2024/18.11.2024/4Z/107MEDIA/DSCF0711.JPG,DSCF0711.JPG,4Z/107MEDIA,2,Western_Leopard_Toad,0.3987,2803.9,2204.4,2987.6,2448.0
/srv/shared_leopard_toad/2024/18.11.2024/4Z/107MEDIA/DSCF0710.JPG,DSCF0710.JPG,4Z/107MEDIA,2,Western_Leopard_Toad,0.2612,2806.0,2198.8,2985.5,2448.6
/srv/shared_leopard_toad/2024/18.11.2024/4Z/107MEDIA/DSCF0289.JPG,DSCF0289.JPG,4Z/107MEDIA,0,Other_Amphibian,0.8530,2353.6,898.3,2596.4,1103.9
/srv/shared_leopard_toad/2024/18.11.2024/4Z/107MEDIA/DSCF0726.JPG,DSCF0726.JPG,4Z/107MEDIA,2,Western_Leopard_Toad,0.2817,2803.2,2202.7,2983.8,2447.2
/srv/shared_leopard_toad/2024/18.11.2024/4Z/107MEDIA/DSCF0703.JPG,DSCF0703.JPG,4Z/107MEDIA,2,Western_Leopard_Toad,0.3760,2803.7,2194.1,2987.8,2445.7
/srv/shared_leopard_toad/2024/18.11.2024/4Z/107MEDIA/DSCF0703.JPG,DSCF0703.JPG,4Z/107MEDIA,2,Western_Leopard_Toad,0.2861,2798.2,2194.9,2984.3,2447.4
/srv/shared_leopard_toad/2024/18.11.2024/4Z/107MEDIA/DSCF0779.JPG,DSCF0779.JPG,4Z/107MEDIA,2,Western_Leopard_Toad,0.3184,2802.5,2201.2,2984.5,2448.7
/srv/shared_leopard_toad/2024/18.11.2024/4Z/107MEDIA/DSCF0799.JPG,DSCF0799.JPG,4Z/107MEDIA,2,Western_Leopard_Toad,0.3147,4456.1,259.9,4606.9,874.7
/srv/shared_leopard_toad/2024/18.11.2024/4Z/107MEDIA/DSCF0682.JPG,DSCF0682.JPG,4Z/107MEDIA,2,Western_Leopard_Toad,0.3857,2805.5,2200.5,2990.5,2446.8
/srv/shared_leopard_toad/2024/18.11.2024/4Z/107MEDIA/DSCF0787.JPG,DSCF0787.JPG,4Z/107MEDIA,2,Western_Leopard_Toad,0.2710,2806.0,2204.6,2981.0,2447.9
/srv/shared_leopard_toad/2024/18.11.2024/4Z/107MEDIA/DSCF0166.JPG,DSCF0166.JPG,4Z/107MEDIA,2,Western_Leopard_Toad,0.2502,2382.2,2199.3,2972.8,2448.1
/srv/shared_leopard_toad/2024/18.11.2024/4Z/107MEDIA/DSCF0291.JPG,DSCF0291.JPG,4Z/107MEDIA,0,Other_Amphibian,0.8281,2355.8,908.7,2598.7,1096.0
/srv/shared_leopard_toad/2024/18.11.2024/4Z/107MEDIA/DSCF0815.JPG,DSCF0815.JPG,4Z/107MEDIA,2,Western_Leopard_Toad,0.3799,2807.2,2201.8,2984.3,2448.1
/srv/shared_leopard_toad/2024/18.11.2024/4Z/107MEDIA/DSCF0806.JPG,DSCF0806.JPG,4Z/107MEDIA,2,Western_Leopard_Toad,0.3450,2806.2,2202.5,2980.8,2447.4
/srv/shared_leopard_toad/2024/18.11.2024/4Z/107MEDIA/DSCF0818.JPG,DSCF0818.JPG,4Z/107MEDIA,2,Western_Leopard_Toad,0.3079,2804.9,2204.8,2982.1,2447.6
/srv/shared_leopard_toad/2024/18.11.2024/4Z/107MEDIA/DSCF0957.JPG,DSCF0957.JPG,4Z/107MEDIA,2,Western_Leopard_Toad,0.3384,2802.0,2200.1,2976.0,2447.2
/srv/shared_leopard_toad/2024/18.11.2024/4Z/107MEDIA/DSCF0957.JPG,DSCF0957.JPG,4Z/107MEDIA,2,Western_Leopard_Toad,0.2908,2804.4,2197.1,2978.1,2445.2
/srv/shared_leopard_toad/2024/18.11.2024/4Z/107MEDIA/DSCF0879.JPG,DSCF0879.JPG,4Z/107MEDIA,2,Western_Leopard_Toad,0.4783,2802.7,2204.6,2979.8,2447.9
/srv/shared_leopard_toad/2024/18.11.2024/4Z/107MEDIA/DSCF0859.JPG,DSCF0859.JPG,4Z/107MEDIA,2,Western_Leopard_Toad,0.3289,2805.6,2205.4,2985.9,2447.0
/srv/shared_leopard_toad/2024/18.11.2024/4Z/107MEDIA/DSCF0819.JPG,DSCF0819.JPG,4Z/107MEDIA,2,Western_Leopard_Toad,0.2678,2801.2,2202.3,2981.2,2447.6
/srv/shared_leopard_toad/2024/18.11.2024/4Z/107MEDIA/DSCF0819.JPG,DSCF0819.JPG,4Z/107MEDIA,2,Western_Leopard_Toad,0.2664,2803.9,2202.3,2983.1,2447.6
/srv/shared_leopard_toad/2024/18.11.2024/4Z/107MEDIA/DSCF0680.JPG,DSCF0680.JPG,4Z/107MEDIA,2,Western_Leopard_Toad,0.3279,4463.9,261.5,4608.1,868.1
/srv/shared_leopard_toad/2024/18.11.2024/4Z/107MEDIA/DSCF0561.JPG,DSCF0561.JPG,4Z/107MEDIA,2,Western_Leopard_Toad,0.4321,2384.4,2199.7,2975.1,2450.2
/srv/shared_leopard_toad/2024/18.11.2024/4Z/107MEDIA/DSCF0809.JPG,DSCF0809.JPG,4Z/107MEDIA,2,Western_Leopard_Toad,0.3276,2803.4,2201.6,2979.1,2448.3
/srv/shared_leopard_toad/2024/18.11.2024/4Z/107MEDIA/DSCF0975.JPG,DSCF0975.JPG,4Z/107MEDIA,2,Western_Leopard_Toad,0.2737,4456.3,257.4,4606.7,876.0
/srv/shared_leopard_toad/2024/18.11.2024/4Z/107MEDIA/DSCF0914.JPG,DSCF0914.JPG,4Z/107MEDIA,2,Western_Leopard_Toad,0.4224,2803.6,2199.3,2978.9,2445.6
/srv/shared_leopard_toad/2024/18.11.2024/4Z/107MEDIA/DSCF0948.JPG,DSCF0948.JPG,4Z/107MEDIA,2,Western_Leopard_Toad,0.3123,2804.9,2202.9,2982.1,2447.0
/srv/shared_leopard_toad/2024/18.11.2024/4Z/107MEDIA/DSCF0010.JPG,DSCF0010.JPG,4Z/107MEDIA,2,Western_Leopard_Toad,0.2654,4513.4,2362.3,4608.1,2449.6
/srv/shared_leopard_toad/2024/18.11.2024/4Z/107MEDIA/DSCF0935.JPG,DSCF0935.JPG,4Z/107MEDIA,2,Western_Leopard_Toad,0.6152,2802.5,2201.4,2984.5,2448.5
/srv/shared_leopard_toad/2024/18.11.2024/4Z/107MEDIA/DSCF0664.JPG,DSCF0664.JPG,4Z/107MEDIA,2,Western_Leopard_Toad,0.2546,2799.4,2201.6,2992.1,2448.3
/srv/shared_leopard_toad/2024/18.11.2024/4Z/107MEDIA/DSCF0865.JPG,DSCF0865.JPG,4Z/107MEDIA,2,Western_Leopard_Toad,0.3862,2803.2,2202.3,2983.8,2447.6
/srv/shared_leopard_toad/2024/18.11.2024/4Z/107MEDIA/DSCF0808.JPG,DSCF0808.JPG,4Z/107MEDIA,2,Western_Leopard_Toad,0.2751,2802.9,2205.0,2979.6,2447.4
/srv/shared_leopard_toad/2024/18.11.2024/4Z/107MEDIA/DSCF0832.JPG,DSCF0832.JPG,4Z/107MEDIA,2,Western_Leopard_Toad,0.2588,2804.9,2204.2,2977.6,2448.3
/srv/shared_leopard_toad/2024/18.11.2024/4Z/107MEDIA/DSCF0941.JPG,DSCF0941.JPG,4Z/107MEDIA,2,Western_Leopard_Toad,0.3032,2805.1,2203.8,2977.4,2446.1
/srv/shared_leopard_toad/2024/18.11.2024/4Z/107MEDIA/DSCF0855.JPG,DSCF0855.JPG,4Z/107MEDIA,2,Western_Leopard_Toad,0.3406,2801.2,2203.3,2981.2,2446.6
/srv/shared_leopard_toad/2024/18.11.2024/4Z/107MEDIA/DSCF0939.JPG,DSCF0939.JPG,4Z/107MEDIA,2,Western_Leopard_Toad,0.4241,2800.1,2199.4,2986.9,2448.0
/srv/shared_leopard_toad/2024/18.11.2024/4Z/107MEDIA/DSCF0939.JPG,DSCF0939.JPG,4Z/107MEDIA,2,Western_Leopard_Toad,0.2871,2802.5,2199.4,2989.0,2448.0
/srv/shared_leopard_toad/2024/18.11.2024/4Z/107MEDIA/DSCF0374.JPG,DSCF0374.JPG,4Z/107MEDIA,2,Western_Leopard_Toad,0.3809,2384.7,2197.3,2974.8,2450.1
/srv/shared_leopard_toad/2024/18.11.2024/4Z/107MEDIA/DSCF0701.JPG,DSCF0701.JPG,4Z/107MEDIA,2,Western_Leopard_Toad,0.5742,2801.3,2194.1,2985.7,2445.7
/srv/shared_leopard_toad/2024/18.11.2024/4Z/107MEDIA/DSCF0677.JPG,DSCF0677.JPG,4Z/107MEDIA,2,Western_Leopard_Toad,0.4517,2800.4,2202.3,2982.1,2447.6
/srv/shared_leopard_toad/2024/18.11.2024/4Z/107MEDIA/DSCF0014.JPG,DSCF0014.JPG,4Z/107MEDIA,2,Western_Leopard_Toad,0.2607,4512.3,2360.9,4609.2,2451.0
/srv/shared_leopard_toad/2024/18.11.2024/4Z/107MEDIA/DSCF0836.JPG,DSCF0836.JPG,4Z/107MEDIA,2,Western_Leopard_Toad,0.2532,2807.8,2204.4,2979.2,2448.0
/srv/shared_leopard_toad/2024/18.11.2024/4Z/107MEDIA/DSCF0744.JPG,DSCF0744.JPG,4Z/107MEDIA,2,Western_Leopard_Toad,0.2588,2805.1,2200.9,2986.4,2449.0
/srv/shared_leopard_toad/2024/18.11.2024/4Z/107MEDIA/DSCF0950.JPG,DSCF0950.JPG,4Z/107MEDIA,2,Western_Leopard_Toad,0.2595,2801.2,2202.0,2981.2,2447.9
/srv/shared_leopard_toad/2024/18.11.2024/4Z/107MEDIA/DSCF0702.JPG,DSCF0702.JPG,4Z/107MEDIA,2,Western_Leopard_Toad,0.2571,2806.6,2202.5,2984.9,2447.4
/srv/shared_leopard_toad/2024/18.11.2024/4Z/107MEDIA/DSCF0762.JPG,DSCF0762.JPG,4Z/107MEDIA,2,Western_Leopard_Toad,0.2561,2802.2,2204.8,2984.8,2447.6
/srv/shared_leopard_toad/2024/18.11.2024/4Z/107MEDIA/DSCF0707.JPG,DSCF0707.JPG,4Z/107MEDIA,2,Western_Leopard_Toad,0.2900,2805.0,2199.3,2982.0,2448.1
/srv/shared_leopard_toad/2024/18.11.2024/4Z/105MEDIA/DSCF0012.JPG,DSCF0012.JPG,4Z/105MEDIA,0,Other_Amphibian,0.6787,3165.2,471.4,3364.3,695.5
/srv/shared_leopard_toad/2024/18.11.2024/4Z/105MEDIA/DSCF0488.JPG,DSCF0488.JPG,4Z/105MEDIA,0,Other_Amphibian,0.2189,3154.0,468.5,3389.0,702.8
/srv/shared_leopard_toad/2024/18.11.2024/4Z/105MEDIA/DSCF0001.JPG,DSCF0001.JPG,4Z/105MEDIA,0,Other_Amphibian,0.2810,3165.8,472.9,3363.8,696.6
/srv/shared_leopard_toad/2024/18.11.2024/4Z/105MEDIA/DSCF0407.JPG,DSCF0407.JPG,4Z/105MEDIA,0,Other_Amphibian,0.2998,3154.6,469.8,3388.4,704.1
/srv/shared_leopard_toad/2024/18.11.2024/4Z/105MEDIA/DSCF0417.JPG,DSCF0417.JPG,4Z/105MEDIA,0,Other_Amphibian,0.2313,3149.2,465.2,3389.3,704.2
/srv/shared_leopard_toad/2024/18.11.2024/4Z/105MEDIA/DSCF0107.JPG,DSCF0107.JPG,4Z/105MEDIA,0,Other_Amphibian,0.2466,3159.7,468.1,3387.8,697.5
/srv/shared_leopard_toad/2024/18.11.2024/4Z/105MEDIA/DSCF0430.JPG,DSCF0430.JPG,4Z/105MEDIA,0,Other_Amphibian,0.3013,3155.8,470.2,3391.7,703.7
/srv/shared_leopard_toad/2024/18.11.2024/4Z/105MEDIA/DSCF0311.JPG,DSCF0311.JPG,4Z/105MEDIA,0,Other_Amphibian,0.3103,3146.6,469.8,3387.4,704.1
/srv/shared_leopard_toad/2024/18.11.2024/4Z/105MEDIA/DSCF0187.JPG,DSCF0187.JPG,4Z/105MEDIA,0,Other_Amphibian,0.2234,3136.9,466.9,3388.1,702.5
/srv/shared_leopard_toad/2024/18.11.2024/4Z/105MEDIA/DSCF0061.JPG,DSCF0061.JPG,4Z/105MEDIA,0,Other_Amphibian,0.2922,3160.5,467.4,3387.0,697.6
/srv/shared_leopard_toad/2024/18.11.2024/4Z/105MEDIA/DSCF0193.JPG,DSCF0193.JPG,4Z/105MEDIA,0,Other_Amphibian,0.2805,3139.9,467.9,3389.6,706.0
/srv/shared_leopard_toad/2024/18.11.2024/4Z/105MEDIA/DSCF0167.JPG,DSCF0167.JPG,4Z/105MEDIA,0,Other_Amphibian,0.2185,3141.7,468.7,3387.8,702.7
/srv/shared_leopard_toad/2024/18.11.2024/4Z/105MEDIA/DSCF0038.JPG,DSCF0038.JPG,4Z/105MEDIA,0,Other_Amphibian,0.3481,3162.7,469.7,3366.8,693.4
/srv/shared_leopard_toad/2024/18.11.2024/4Z/105MEDIA/DSCF0164.JPG,DSCF0164.JPG,4Z/105MEDIA,0,Other_Amphibian,0.2352,3140.4,469.2,3389.1,704.7
/srv/shared_leopard_toad/2024/18.11.2024/4Z/105MEDIA/DSCF0077.JPG,DSCF0077.JPG,4Z/105MEDIA,0,Other_Amphibian,0.2673,3163.9,467.3,3388.1,695.1
/srv/shared_leopard_toad/2024/18.11.2024/4Z/105MEDIA/DSCF0350.JPG,DSCF0350.JPG,4Z/105MEDIA,0,Other_Amphibian,0.2158,3144.9,468.7,3384.6,702.7
/srv/shared_leopard_toad/2024/18.11.2024/4Z/105MEDIA/DSCF0051.JPG,DSCF0051.JPG,4Z/105MEDIA,0,Other_Amphibian,0.3618,3163.2,468.9,3388.8,694.2
/srv/shared_leopard_toad/2024/18.11.2024/4Z/105MEDIA/DSCF0429.JPG,DSCF0429.JPG,4Z/105MEDIA,0,Other_Amphibian,0.4436,3153.4,467.1,3389.6,702.3
/srv/shared_leopard_toad/2024/18.11.2024/4Z/105MEDIA/DSCF0429.JPG,DSCF0429.JPG,4Z/105MEDIA,0,Other_Amphibian,0.2292,1127.0,2228.6,1312.0,2365.6
/srv/shared_leopard_toad/2024/18.11.2024/4Z/105MEDIA/DSCF0431.JPG,DSCF0431.JPG,4Z/105MEDIA,0,Other_Amphibian,0.4089,3158.9,470.2,3393.1,703.7
/srv/shared_leopard_toad/2024/18.11.2024/4Z/105MEDIA/DSCF0207.JPG,DSCF0207.JPG,4Z/105MEDIA,0,Other_Amphibian,0.2039,3144.9,469.5,3389.1,704.3
/srv/shared_leopard_toad/2024/18.11.2024/4Z/105MEDIA/DSCF0393.JPG,DSCF0393.JPG,4Z/105MEDIA,0,Other_Amphibian,0.3374,3143.5,466.3,3386.0,708.2
/srv/shared_leopard_toad/2024/18.11.2024/4Z/105MEDIA/DSCF0403.JPG,DSCF0403.JPG,4Z/105MEDIA,0,Other_Amphibian,0.2225,3151.5,467.4,3387.0,703.9
/srv/shared_leopard_toad/2024/18.11.2024/4Z/105MEDIA/DSCF0422.JPG,DSCF0422.JPG,4Z/105MEDIA,0,Other_Amphibian,0.2274,3153.4,467.1,3389.6,702.3
/srv/shared_leopard_toad/2024/18.11.2024/4Z/105MEDIA/DSCF0394.JPG,DSCF0394.JPG,4Z/105MEDIA,0,Other_Amphibian,0.3083,3155.6,466.3,3387.4,703.1
/srv/shared_leopard_toad/2024/18.11.2024/4Z/105MEDIA/DSCF0146.JPG,DSCF0146.JPG,4Z/105MEDIA,0,Other_Amphibian,0.2930,3138.8,467.0,3386.2,703.1
/srv/shared_leopard_toad/2024/18.11.2024/4Z/105MEDIA/DSCF0445.JPG,DSCF0445.JPG,4Z/105MEDIA,0,Other_Amphibian,0.2161,3154.6,467.9,3388.4,706.0
/srv/shared_leopard_toad/2024/18.11.2024/4Z/105MEDIA/DSCF0366.JPG,DSCF0366.JPG,4Z/105MEDIA,0,Other_Amphibian,0.2433,3140.6,469.3,3388.9,704.6
/srv/shared_leopard_toad/2024/18.11.2024/4Z/105MEDIA/DSCF0067.JPG,DSCF0067.JPG,4Z/105MEDIA,0,Other_Amphibian,0.3862,3163.9,468.0,3388.1,693.2
/srv/shared_leopard_toad/2024/18.11.2024/4Z/105MEDIA/DSCF0251.JPG,DSCF0251.JPG,4Z/105MEDIA,0,Other_Amphibian,0.2896,3140.6,468.3,3388.9,705.6
/srv/shared_leopard_toad/2024/18.11.2024/4Z/105MEDIA/DSCF0372.JPG,DSCF0372.JPG,4Z/105MEDIA,0,Other_Amphibian,0.2896,3150.0,468.3,3388.5,701.8
/srv/shared_leopard_toad/2024/18.11.2024/4Z/105MEDIA/DSCF0305.JPG,DSCF0305.JPG,4Z/105MEDIA,0,Other_Amphibian,0.2240,3147.8,468.5,3386.2,702.8
/srv/shared_leopard_toad/2024/18.11.2024/4Z/105MEDIA/DSCF0033.JPG,DSCF0033.JPG,4Z/105MEDIA,0,Other_Amphibian,0.4021,3165.8,473.1,3368.2,692.5
/srv/shared_leopard_toad/2024/18.11.2024/4Z/105MEDIA/DSCF0168.JPG,DSCF0168.JPG,4Z/105MEDIA,0,Other_Amphibian,0.3052,3145.6,466.3,3388.4,703.1
/srv/shared_leopard_toad/2024/18.11.2024/4Z/105MEDIA/DSCF0411.JPG,DSCF0411.JPG,4Z/105MEDIA,0,Other_Amphibian,0.2007,3159.6,468.8,3392.4,700.7
/srv/shared_leopard_toad/2024/18.11.2024/4Z/105MEDIA/DSCF0044.JPG,DSCF0044.JPG,4Z/105MEDIA,0,Other_Amphibian,0.4590,3166.5,471.8,3367.5,693.9
/srv/shared_leopard_toad/2024/18.11.2024/4Z/105MEDIA/DSCF0026.JPG,DSCF0026.JPG,4Z/105MEDIA,0,Other_Amphibian,0.5781,3166.3,470.3,3367.7,695.3
/srv/shared_leopard_toad/2024/18.11.2024/4Z/105MEDIA/DSCF0409.JPG,DSCF0409.JPG,4Z/105MEDIA,0,Other_Amphibian,0.3711,3156.3,466.1,3391.2,700.8
/srv/shared_leopard_toad/2024/18.11.2024/4Z/105MEDIA/DSCF0301.JPG,DSCF0301.JPG,4Z/105MEDIA,0,Other_Amphibian,0.2278,3147.3,469.3,3386.7,702.0
/srv/shared_leopard_toad/2024/18.11.2024/4Z/105MEDIA/DSCF0373.JPG,DSCF0373.JPG,4Z/105MEDIA,0,Other_Amphibian,0.2034,3145.6,468.5,3388.4,705.3
/srv/shared_leopard_toad/2024/18.11.2024/4Z/105MEDIA/DSCF0662.JPG,DSCF0662.JPG,4Z/105MEDIA,0,Other_Amphibian,0.2140,3153.6,468.7,3389.4,705.2
/srv/shared_leopard_toad/2024/18.11.2024/4Z/105MEDIA/DSCF0308.JPG,DSCF0308.JPG,4Z/105MEDIA,0,Other_Amphibian,0.2448,3146.0,466.7,3388.0,702.7
/srv/shared_leopard_toad/2024/18.11.2024/4Z/105MEDIA/DSCF0151.JPG,DSCF0151.JPG,4Z/105MEDIA,0,Other_Amphibian,0.2256,3141.3,467.9,3388.2,706.0
/srv/shared_leopard_toad/2024/18.11.2024/4Z/105MEDIA/DSCF0041.JPG,DSCF0041.JPG,4Z/105MEDIA,0,Other_Amphibian,0.3845,3165.4,471.4,3368.6,694.3
/srv/shared_leopard_toad/2024/18.11.2024/4Z/105MEDIA/DSCF0254.JPG,DSCF0254.JPG,4Z/105MEDIA,0,Other_Amphibian,0.2015,3137.6,466.0,3387.4,704.1
/srv/shared_leopard_toad/2024/18.11.2024/4Z/105MEDIA/DSCF0157.JPG,DSCF0157.JPG,4Z/105MEDIA,0,Other_Amphibian,0.3364,3141.7,468.7,3387.8,705.2
/srv/shared_leopard_toad/2024/18.11.2024/4Z/105MEDIA/DSCF0419.JPG,DSCF0419.JPG,4Z/105MEDIA,0,Other_Amphibian,0.2437,3151.3,469.2,3387.2,702.2
/srv/shared_leopard_toad/2024/18.11.2024/4Z/105MEDIA/DSCF0155.JPG,DSCF0155.JPG,4Z/105MEDIA,0,Other_Amphibian,0.2886,3142.4,468.9,3387.1,705.0
/srv/shared_leopard_toad/2024/18.11.2024/4Z/105MEDIA/DSCF0125.JPG,DSCF0125.JPG,4Z/105MEDIA,0,Other_Amphibian,0.4021,3163.2,466.3,3388.8,696.2
/srv/shared_leopard_toad/2024/18.11.2024/4Z/105MEDIA/DSCF0057.JPG,DSCF0057.JPG,4Z/105MEDIA,0,Other_Amphibian,0.4265,3164.1,467.7,3387.9,696.6
/srv/shared_leopard_toad/2024/18.11.2024/4Z/105MEDIA/DSCF0174.JPG,DSCF0174.JPG,4Z/105MEDIA,0,Other_Amphibian,0.2771,3142.2,467.6,3387.3,703.7
/srv/shared_leopard_toad/2024/18.11.2024/4Z/105MEDIA/DSCF0036.JPG,DSCF0036.JPG,4Z/105MEDIA,0,Other_Amphibian,0.4189,3163.7,470.8,3365.8,694.2
/srv/shared_leopard_toad/2024/18.11.2024/4Z/105MEDIA/DSCF0052.JPG,DSCF0052.JPG,4Z/105MEDIA,0,Other_Amphibian,0.4797,3163.0,467.1,3389.0,694.1
/srv/shared_leopard_toad/2024/18.11.2024/4Z/105MEDIA/DSCF0189.JPG,DSCF0189.JPG,4Z/105MEDIA,0,Other_Amphibian,0.2081,3140.6,466.8,3388.9,703.3
/srv/shared_leopard_toad/2024/18.11.2024/4Z/105MEDIA/DSCF0171.JPG,DSCF0171.JPG,4Z/105MEDIA,0,Other_Amphibian,0.2355,3137.8,467.3,3387.2,706.6
/srv/shared_leopard_toad/2024/18.11.2024/4Z/105MEDIA/DSCF0040.JPG,DSCF0040.JPG,4Z/105MEDIA,0,Other_Amphibian,0.4089,3162.9,472.2,3366.6,693.5
/srv/shared_leopard_toad/2024/18.11.2024/4Z/105MEDIA/DSCF0288.JPG,DSCF0288.JPG,4Z/105MEDIA,0,Other_Amphibian,0.2629,3146.9,466.3,3387.1,703.1
/srv/shared_leopard_toad/2024/18.11.2024/4Z/105MEDIA/DSCF0045.JPG,DSCF0045.JPG,4Z/105MEDIA,0,Other_Amphibian,0.4077,3165.8,469.5,3368.2,696.1
/srv/shared_leopard_toad/2024/18.11.2024/4Z/105MEDIA/DSCF0145.JPG,DSCF0145.JPG,4Z/105MEDIA,0,Other_Amphibian,0.2612,3144.0,468.5,3390.0,702.8
/srv/shared_leopard_toad/2024/18.11.2024/4Z/105MEDIA/DSCF0271.JPG,DSCF0271.JPG,4Z/105MEDIA,0,Other_Amphibian,0.2249,3146.9,469.2,3387.1,704.7
/srv/shared_leopard_toad/2024/18.11.2024/4Z/105MEDIA/DSCF0295.JPG,DSCF0295.JPG,4Z/105MEDIA,0,Other_Amphibian,0.2017,3147.1,465.8,3386.9,701.1
/srv/shared_leopard_toad/2024/18.11.2024/4Z/105MEDIA/DSCF0053.JPG,DSCF0053.JPG,4Z/105MEDIA,0,Other_Amphibian,0.3870,3164.5,471.2,3387.5,698.2
/srv/shared_leopard_toad/2024/18.11.2024/4Z/105MEDIA/DSCF0502.JPG,DSCF0502.JPG,4Z/105MEDIA,0,Other_Amphibian,0.2108,3150.7,468.7,3392.3,707.7
/srv/shared_leopard_toad/2024/18.11.2024/4Z/105MEDIA/DSCF0231.JPG,DSCF0231.JPG,4Z/105MEDIA,0,Other_Amphibian,0.2263,3147.1,469.2,3391.4,700.2
/srv/shared_leopard_toad/2024/18.11.2024/4Z/105MEDIA/DSCF0246.JPG,DSCF0246.JPG,4Z/105MEDIA,0,Other_Amphibian,0.2123,3145.6,469.7,3388.4,701.6
/srv/shared_leopard_toad/2024/18.11.2024/4Z/105MEDIA/DSCF0148.JPG,DSCF0148.JPG,4Z/105MEDIA,0,Other_Amphibian,0.2034,3139.5,469.5,3385.5,704.3
/srv/shared_leopard_toad/2024/18.11.2024/4Z/105MEDIA/DSCF0252.JPG,DSCF0252.JPG,4Z/105MEDIA,0,Other_Amphibian,0.4326,3144.0,468.3,3390.0,703.1
/srv/shared_leopard_toad/2024/18.11.2024/4Z/105MEDIA/DSCF0472.JPG,DSCF0472.JPG,4Z/105MEDIA,2,Western_Leopard_Toad,0.4167,4460.8,300.0,4602.2,877.7
/srv/shared_leopard_toad/2024/18.11.2024/4Z/105MEDIA/DSCF0472.JPG,DSCF0472.JPG,4Z/105MEDIA,2,Western_Leopard_Toad,0.2754,4464.8,363.4,4602.7,884.5
/srv/shared_leopard_toad/2024/18.11.2024/4Z/105MEDIA/DSCF0888.JPG,DSCF0888.JPG,4Z/105MEDIA,1,Small_Mammal,0.2150,4338.4,0.6,4612.1,2443.3
/srv/shared_leopard_toad/2024/18.11.2024/4Z/105MEDIA/DSCF0888.JPG,DSCF0888.JPG,4Z/105MEDIA,1,Small_Mammal,0.2108,4363.9,14.6,4613.6,2477.5
/srv/shared_leopard_toad/2024/18.11.2024/4Z/105MEDIA/DSCF0386.JPG,DSCF0386.JPG,4Z/105MEDIA,0,Other_Amphibian,0.2211,3151.1,466.6,3387.4,703.5
/srv/shared_leopard_toad/2024/18.11.2024/4Z/105MEDIA/DSCF0023.JPG,DSCF0023.JPG,4Z/105MEDIA,0,Other_Amphibian,0.2173,3166.5,471.1,3367.5,694.5
/srv/shared_leopard_toad/2024/18.11.2024/4Z/105MEDIA/DSCF0399.JPG,DSCF0399.JPG,4Z/105MEDIA,0,Other_Amphibian,0.2874,3155.8,468.2,3387.2,701.2
/srv/shared_leopard_toad/2024/18.11.2024/4Z/105MEDIA/DSCF0158.JPG,DSCF0158.JPG,4Z/105MEDIA,0,Other_Amphibian,0.2791,3141.0,468.9,3388.5,705.0
/srv/shared_leopard_toad/2024/18.11.2024/4Z/105MEDIA/DSCF0474.JPG,DSCF0474.JPG,4Z/105MEDIA,2,Western_Leopard_Toad,0.2930,4463.6,286.8,4603.9,893.4
/srv/shared_leopard_toad/2024/18.11.2024/4Z/105MEDIA/DSCF0335.JPG,DSCF0335.JPG,4Z/105MEDIA,0,Other_Amphibian,0.2021,3146.4,467.3,3387.6,702.1
/srv/shared_leopard_toad/2024/18.11.2024/4Z/105MEDIA/DSCF0095.JPG,DSCF0095.JPG,4Z/105MEDIA,0,Other_Amphibian,0.4966,3164.3,468.0,3387.7,695.1
/srv/shared_leopard_toad/2024/18.11.2024/4Z/105MEDIA/DSCF0363.JPG,DSCF0363.JPG,4Z/105MEDIA,0,Other_Amphibian,0.2133,3146.9,467.4,3387.1,702.7
/srv/shared_leopard_toad/2024/18.11.2024/4Z/105MEDIA/DSCF0154.JPG,DSCF0154.JPG,4Z/105MEDIA,0,Other_Amphibian,0.3000,3140.6,465.7,3388.9,703.8
/srv/shared_leopard_toad/2024/18.11.2024/4Z/105MEDIA/DSCF0376.JPG,DSCF0376.JPG,4Z/105MEDIA,0,Other_Amphibian,0.2384,3141.9,466.1,3387.6,703.4
/srv/shared_leopard_toad/2024/18.11.2024/4Z/105MEDIA/DSCF0065.JPG,DSCF0065.JPG,4Z/105MEDIA,0,Other_Amphibian,0.2483,3164.1,468.3,3387.9,694.8
/srv/shared_leopard_toad/2024/18.11.2024/4Z/105MEDIA/DSCF0414.JPG,DSCF0414.JPG,4Z/105MEDIA,0,Other_Amphibian,0.4036,3156.7,468.4,3390.8,706.1
/srv/shared_leopard_toad/2024/18.11.2024/4Z/105MEDIA/DSCF0074.JPG,DSCF0074.JPG,4Z/105MEDIA,0,Other_Amphibian,0.3672,3162.4,466.9,3389.6,694.3
/srv/shared_leopard_toad/2024/18.11.2024/4Z/105MEDIA/DSCF0418.JPG,DSCF0418.JPG,4Z/105MEDIA,0,Other_Amphibian,0.2096,3155.8,464.6,3391.7,702.3
/srv/shared_leopard_toad/2024/18.11.2024/4Z/105MEDIA/DSCF0211.JPG,DSCF0211.JPG,4Z/105MEDIA,0,Other_Amphibian,0.2319,3136.5,467.9,3388.5,703.5
/srv/shared_leopard_toad/2024/18.11.2024/4Z/105MEDIA/DSCF0030.JPG,DSCF0030.JPG,4Z/105MEDIA,0,Other_Amphibian,0.2502,3164.4,471.0,3369.6,694.7
/srv/shared_leopard_toad/2024/18.11.2024/4Z/105MEDIA/DSCF0113.JPG,DSCF0113.JPG,4Z/105MEDIA,0,Other_Amphibian,0.2401,3164.9,469.5,3387.1,692.9
/srv/shared_leopard_toad/2024/18.11.2024/4Z/105MEDIA/DSCF0031.JPG,DSCF0031.JPG,4Z/105MEDIA,0,Other_Amphibian,0.2054,3163.1,472.8,3366.4,694.1
/srv/shared_leopard_toad/2024/18.11.2024/4Z/105MEDIA/DSCF0391.JPG,DSCF0391.JPG,4Z/105MEDIA,0,Other_Amphibian,0.2434,3154.6,467.9,3388.4,703.5
/srv/shared_leopard_toad/2024/18.11.2024/4Z/105MEDIA/DSCF0191.JPG,DSCF0191.JPG,4Z/105MEDIA,0,Other_Amphibian,0.2913,3141.9,468.7,3387.6,705.2
/srv/shared_leopard_toad/2024/18.11.2024/4Z/105MEDIA/DSCF0058.JPG,DSCF0058.JPG,4Z/105MEDIA,0,Other_Amphibian,0.2205,3163.0,468.9,3389.0,695.5
/srv/shared_leopard_toad/2024/18.11.2024/4Z/105MEDIA/DSCF0169.JPG,DSCF0169.JPG,4Z/105MEDIA,0,Other_Amphibian,0.2637,3140.4,467.1,3389.1,702.3
/srv/shared_leopard_toad/2024/18.11.2024/4Z/105MEDIA/DSCF0192.JPG,DSCF0192.JPG,4Z/105MEDIA,0,Other_Amphibian,0.2820,3137.8,469.3,3387.2,704.6
/srv/shared_leopard_toad/2024/18.11.2024/4Z/105MEDIA/DSCF0114.JPG,DSCF0114.JPG,4Z/105MEDIA,0,Other_Amphibian,0.2346,3163.6,470.3,3388.4,694.7
/srv/shared_leopard_toad/2024/18.11.2024/4Z/105MEDIA/DSCF0299.JPG,DSCF0299.JPG,4Z/105MEDIA,0,Other_Amphibian,0.2578,3144.4,467.7,3389.6,701.7
/srv/shared_leopard_toad/2024/18.11.2024/4Z/105MEDIA/DSCF0020.JPG,DSCF0020.JPG,4Z/105MEDIA,0,Other_Amphibian,0.4849,3165.8,468.9,3368.2,696.7
/srv/shared_leopard_toad/2024/18.11.2024/4Z/105MEDIA/DSCF0195.JPG,DSCF0195.JPG,4Z/105MEDIA,0,Other_Amphibian,0.2375,3140.4,465.5,3389.1,704.6
/srv/shared_leopard_toad/2024/18.11.2024/4Z/105MEDIA/DSCF0018.JPG,DSCF0018.JPG,4Z/105MEDIA,0,Other_Amphibian,0.2954,3165.4,470.6,3368.6,695.1
/srv/shared_leopard_toad/2024/18.11.2024/4Z/105MEDIA/DSCF0338.JPG,DSCF0338.JPG,4Z/105MEDIA,0,Other_Amphibian,0.2103,3146.2,466.8,3387.8,703.3
/srv/shared_leopard_toad/2024/18.11.2024/4Z/105MEDIA/DSCF0826.JPG,DSCF0826.JPG,4Z/105MEDIA,0,Other_Amphibian,0.2001,3161.7,470.4,3390.3,699.0
/srv/shared_leopard_toad/2024/18.11.2024/4Z/105MEDIA/DSCF0088.JPG,DSCF0088.JPG,4Z/105MEDIA,0,Other_Amphibian,0.2010,3163.2,470.6,3388.8,696.3
/srv/shared_leopard_toad/2024/18.11.2024/4Z/105MEDIA/DSCF0216.JPG,DSCF0216.JPG,4Z/105MEDIA,0,Other_Amphibian,0.2023,3140.6,466.9,3388.9,702.5
/srv/shared_leopard_toad/2024/18.11.2024/4Z/105MEDIA/DSCF0327.JPG,DSCF0327.JPG,4Z/105MEDIA,0,Other_Amphibian,0.3230,3144.4,465.2,3385.1,700.4
/srv/shared_leopard_toad/2024/18.11.2024/4Z/105MEDIA/DSCF0025.JPG,DSCF0025.JPG,4Z/105MEDIA,0,Other_Amphibian,0.5913,3164.3,475.2,3365.2,694.2
/srv/shared_leopard_toad/2024/18.11.2024/4Z/105MEDIA/DSCF0365.JPG,DSCF0365.JPG,4Z/105MEDIA,0,Other_Amphibian,0.2651,3142.6,468.6,3386.9,705.9
/srv/shared_leopard_toad/2024/18.11.2024/4Z/105MEDIA/DSCF0844.JPG,DSCF0844.JPG,4Z/105MEDIA,0,Other_Amphibian,0.2252,3152.0,472.3,3391.0,702.2
/srv/shared_leopard_toad/2024/18.11.2024/4Z/105MEDIA/DSCF0181.JPG,DSCF0181.JPG,4Z/105MEDIA,0,Other_Amphibian,0.2198,3137.8,469.5,3387.2,704.3
/srv/shared_leopard_toad/2024/18.11.2024/4Z/105MEDIA/DSCF0015.JPG,DSCF0015.JPG,4Z/105MEDIA,0,Other_Amphibian,0.5557,3166.9,470.7,3367.1,694.9
/srv/shared_leopard_toad/2024/18.11.2024/4Z/105MEDIA/DSCF0076.JPG,DSCF0076.JPG,4Z/105MEDIA,0,Other_Amphibian,0.2959,3159.9,466.9,3387.6,695.5
/srv/shared_leopard_toad/2024/18.11.2024/4Z/105MEDIA/DSCF0232.JPG,DSCF0232.JPG,4Z/105MEDIA,0,Other_Amphibian,0.2551,3138.3,469.5,3386.7,704.3
/srv/shared_leopard_toad/2024/18.11.2024/4Z/105MEDIA/DSCF0150.JPG,DSCF0150.JPG,4Z/105MEDIA,0,Other_Amphibian,0.2971,3143.0,469.9,3386.5,703.9
/srv/shared_leopard_toad/2024/18.11.2024/4Z/105MEDIA/DSCF0013.JPG,DSCF0013.JPG,4Z/105MEDIA,0,Other_Amphibian,0.2864,3164.6,471.1,3364.9,694.5
/srv/shared_leopard_toad/2024/18.11.2024/4Z/105MEDIA/DSCF0108.JPG,DSCF0108.JPG,4Z/105MEDIA,0,Other_Amphibian,0.2595,3163.0,471.8,3389.0,697.6
/srv/shared_leopard_toad/2024/18.11.2024/4Z/105MEDIA/DSCF0079.JPG,DSCF0079.JPG,4Z/105MEDIA,0,Other_Amphibian,0.3928,3163.4,469.3,3388.6,695.1
/srv/shared_leopard_toad/2024/18.11.2024/4Z/105MEDIA/DSCF0408.JPG,DSCF0408.JPG,4Z/105MEDIA,0,Other_Amphibian,0.2440,3154.9,466.7,3388.1,702.7
/srv/shared_leopard_toad/2024/18.11.2024/4Z/105MEDIA/DSCF0469.JPG,DSCF0469.JPG,4Z/105MEDIA,2,Western_Leopard_Toad,0.3433,4461.8,283.8,4605.8,874.9
/srv/shared_leopard_toad/2024/18.11.2024/4Z/105MEDIA/DSCF0469.JPG,DSCF0469.JPG,4Z/105MEDIA,0,Other_Amphibian,0.2140,3150.9,469.5,3387.6,705.0
/srv/shared_leopard_toad/2024/18.11.2024/4Z/105MEDIA/DSCF0205.JPG,DSCF0205.JPG,4Z/105MEDIA,0,Other_Amphibian,0.2830,3140.8,466.9,3388.7,702.5
/srv/shared_leopard_toad/2024/18.11.2024/4Z/105MEDIA/DSCF0112.JPG,DSCF0112.JPG,4Z/105MEDIA,0,Other_Amphibian,0.2927,3164.3,468.8,3387.7,696.9
/srv/shared_leopard_toad/2024/18.11.2024/4Z/105MEDIA/DSCF0111.JPG,DSCF0111.JPG,4Z/105MEDIA,0,Other_Amphibian,0.2795,3162.2,467.9,3389.8,696.5
/srv/shared_leopard_toad/2024/18.11.2024/4Z/105MEDIA/DSCF0265.JPG,DSCF0265.JPG,4Z/105MEDIA,0,Other_Amphibian,0.2242,3150.0,467.3,3388.5,702.1
/srv/shared_leopard_toad/2024/18.11.2024/4Z/105MEDIA/DSCF0022.JPG,DSCF0022.JPG,4Z/105MEDIA,0,Other_Amphibian,0.4714,3163.5,471.4,3366.0,695.5
/srv/shared_leopard_toad/2024/18.11.2024/4Z/105MEDIA/DSCF0198.JPG,DSCF0198.JPG,4Z/105MEDIA,0,Other_Amphibian,0.2448,3139.2,468.3,3390.3,701.8
/srv/shared_leopard_toad/2024/18.11.2024/4Z/105MEDIA/DSCF0379.JPG,DSCF0379.JPG,4Z/105MEDIA,0,Other_Amphibian,0.2588,3147.3,469.3,3386.7,704.6
/srv/shared_leopard_toad/2024/18.11.2024/4Z/105MEDIA/DSCF0395.JPG,DSCF0395.JPG,4Z/105MEDIA,0,Other_Amphibian,0.2693,3155.1,466.3,3387.9,703.1
/srv/shared_leopard_toad/2024/18.11.2024/4Z/105MEDIA/DSCF0017.JPG,DSCF0017.JPG,4Z/105MEDIA,0,Other_Amphibian,0.5405,3168.2,474.0,3365.8,696.1
/srv/shared_leopard_toad/2024/18.11.2024/4Z/105MEDIA/DSCF0075.JPG,DSCF0075.JPG,4Z/105MEDIA,0,Other_Amphibian,0.2510,3162.0,466.9,3390.0,694.3
/srv/shared_leopard_toad/2024/18.11.2024/4Z/105MEDIA/DSCF0043.JPG,DSCF0043.JPG,4Z/105MEDIA,0,Other_Amphibian,0.3833,3162.0,470.4,3367.5,694.6
/srv/shared_leopard_toad/2024/18.11.2024/4Z/105MEDIA/DSCF0249.JPG,DSCF0249.JPG,4Z/105MEDIA,0,Other_Amphibian,0.2177,3136.2,469.3,3388.8,704.6
/srv/shared_leopard_toad/2024/18.11.2024/4Z/105MEDIA/DSCF0083.JPG,DSCF0083.JPG,4Z/105MEDIA,0,Other_Amphibian,0.4280,3157.8,468.9,3389.7,696.7
/srv/shared_leopard_toad/2024/18.11.2024/4Z/105MEDIA/DSCF0199.JPG,DSCF0199.JPG,4Z/105MEDIA,0,Other_Amphibian,0.2998,3140.8,467.4,3388.7,703.9
/srv/shared_leopard_toad/2024/18.11.2024/4Z/105MEDIA/DSCF0597.JPG,DSCF0597.JPG,4Z/105MEDIA,2,Western_Leopard_Toad,0.2654,4523.3,2355.6,4607.2,2448.7
/srv/shared_leopard_toad/2024/18.11.2024/4Z/105MEDIA/DSCF0480.JPG,DSCF0480.JPG,4Z/105MEDIA,0,Other_Amphibian,0.2299,3149.8,466.1,3388.7,703.4
/srv/shared_leopard_toad/2024/18.11.2024/4Z/105MEDIA/DSCF0428.JPG,DSCF0428.JPG,4Z/105MEDIA,0,Other_Amphibian,0.2571,3156.5,469.5,3391.0,704.3
/srv/shared_leopard_toad/2024/18.11.2024/4Z/105MEDIA/DSCF0177.JPG,DSCF0177.JPG,4Z/105MEDIA,0,Other_Amphibian,0.2734,3144.2,470.5,3389.8,704.0
/srv/shared_leopard_toad/2024/18.11.2024/4Z/105MEDIA/DSCF0296.JPG,DSCF0296.JPG,4Z/105MEDIA,0,Other_Amphibian,0.2771,3150.7,467.3,3387.8,702.1
/srv/shared_leopard_toad/2024/18.11.2024/4Z/105MEDIA/DSCF0427.JPG,DSCF0427.JPG,4Z/105MEDIA,0,Other_Amphibian,0.4651,3154.9,468.3,3388.1,703.1
/srv/shared_leopard_toad/2024/18.11.2024/4Z/105MEDIA/DSCF0071.JPG,DSCF0071.JPG,4Z/105MEDIA,0,Other_Amphibian,0.3308,3161.3,466.7,3390.7,697.7
/srv/shared_leopard_toad/2024/18.11.2024/4Z/105MEDIA/DSCF0028.JPG,DSCF0028.JPG,4Z/105MEDIA,0,Other_Amphibian,0.3467,3164.5,469.1,3365.0,694.0
/srv/shared_leopard_toad/2024/18.11.2024/4Z/105MEDIA/DSCF0032.JPG,DSCF0032.JPG,4Z/105MEDIA,0,Other_Amphibian,0.3176,3163.1,471.6,3366.4,693.4
/srv/shared_leopard_toad/2024/18.11.2024/4Z/105MEDIA/DSCF0131.JPG,DSCF0131.JPG,4Z/105MEDIA,0,Other_Amphibian,0.2120,3162.0,468.5,3390.0,695.9
/srv/shared_leopard_toad/2024/18.11.2024/4Z/105MEDIA/DSCF0102.JPG,DSCF0102.JPG,4Z/105MEDIA,0,Other_Amphibian,0.4783,3163.9,468.4,3388.1,694.1
/srv/shared_leopard_toad/2024/18.11.2024/4Z/105MEDIA/DSCF0021.JPG,DSCF0021.JPG,4Z/105MEDIA,0,Other_Amphibian,0.3943,3168.0,478.3,3366.0,696.2
/srv/shared_leopard_toad/2024/18.11.2024/4Z/105MEDIA/DSCF0054.JPG,DSCF0054.JPG,4Z/105MEDIA,0,Other_Amphibian,0.2113,3159.5,467.8,3388.0,697.2
/srv/shared_leopard_toad/2024/18.11.2024/4Z/105MEDIA/DSCF0397.JPG,DSCF0397.JPG,4Z/105MEDIA,0,Other_Amphibian,0.2002,3153.8,465.8,3389.2,703.6
/srv/shared_leopard_toad/2024/18.11.2024/4Z/105MEDIA/DSCF0481.JPG,DSCF0481.JPG,4Z/105MEDIA,0,Other_Amphibian,0.2115,3151.8,468.5,3386.7,705.3
/srv/shared_leopard_toad/2024/18.11.2024/4Z/105MEDIA/DSCF0815.JPG,DSCF0815.JPG,4Z/105MEDIA,0,Other_Amphibian,0.2318,3160.7,477.5,3391.3,697.0
/srv/shared_leopard_toad/2024/18.11.2024/4Z/105MEDIA/DSCF0136.JPG,DSCF0136.JPG,4Z/105MEDIA,0,Other_Amphibian,0.2864,3163.0,472.5,3389.0,697.0
/srv/shared_leopard_toad/2024/18.11.2024/4Z/105MEDIA/DSCF0122.JPG,DSCF0122.JPG,4Z/105MEDIA,0,Other_Amphibian,0.2018,3162.2,468.9,3389.8,694.2
/srv/shared_leopard_toad/2024/18.11.2024/4Z/105MEDIA/DSCF0276.JPG,DSCF0276.JPG,4Z/105MEDIA,0,Other_Amphibian,0.2157,3144.7,467.6,3389.3,703.7
/srv/shared_leopard_toad/2024/18.11.2024/4Z/105MEDIA/DSCF0415.JPG,DSCF0415.JPG,4Z/105MEDIA,0,Other_Amphibian,0.2157,3155.1,468.0,3387.9,705.8
/srv/shared_leopard_toad/2024/18.11.2024/4Z/105MEDIA/DSCF0142.JPG,DSCF0142.JPG,4Z/105MEDIA,0,Other_Amphibian,0.3149,3136.2,468.5,3388.8,705.3
/srv/shared_leopard_toad/2024/18.11.2024/4Z/105MEDIA/DSCF0179.JPG,DSCF0179.JPG,4Z/105MEDIA,0,Other_Amphibian,0.2417,3136.0,468.5,3389.0,702.8
/srv/shared_leopard_toad/2024/18.11.2024/4Z/105MEDIA/DSCF0019.JPG,DSCF0019.JPG,4Z/105MEDIA,0,Other_Amphibian,0.5469,3165.6,468.7,3368.4,694.4
/srv/shared_leopard_toad/2024/18.11.2024/4Z/105MEDIA/DSCF0005.JPG,DSCF0005.JPG,4Z/105MEDIA,0,Other_Amphibian,0.3242,3165.4,470.3,3364.1,695.3
/srv/shared_leopard_toad/2024/18.11.2024/4Z/105MEDIA/DSCF0172.JPG,DSCF0172.JPG,4Z/105MEDIA,0,Other_Amphibian,0.3203,3136.0,466.1,3389.0,707.7
/srv/shared_leopard_toad/2024/18.11.2024/4Z/105MEDIA/DSCF0257.JPG,DSCF0257.JPG,4Z/105MEDIA,0,Other_Amphibian,0.2690,3143.2,467.3,3390.8,702.1
/srv/shared_leopard_toad/2024/18.11.2024/4Z/105MEDIA/DSCF0467.JPG,DSCF0467.JPG,4Z/105MEDIA,0,Other_Amphibian,0.2249,3151.3,465.2,3387.2,704.2
/srv/shared_leopard_toad/2024/18.11.2024/4Z/105MEDIA/DSCF0259.JPG,DSCF0259.JPG,4Z/105MEDIA,0,Other_Amphibian,0.2651,3151.1,466.4,3387.4,703.7
/srv/shared_leopard_toad/2024/18.11.2024/4Z/105MEDIA/DSCF0665.JPG,DSCF0665.JPG,4Z/105MEDIA,0,Other_Amphibian,0.2012,3157.6,467.4,3389.9,702.7
/srv/shared_leopard_toad/2024/18.11.2024/4Z/105MEDIA/DSCF0035.JPG,DSCF0035.JPG,4Z/105MEDIA,0,Other_Amphibian,0.6714,3167.3,472.9,3366.7,696.6
/srv/shared_leopard_toad/2024/18.11.2024/4Z/105MEDIA/DSCF0159.JPG,DSCF0159.JPG,4Z/105MEDIA,0,Other_Amphibian,0.2086,3137.8,467.0,3387.2,704.3
/srv/shared_leopard_toad/2024/18.11.2024/4Z/105MEDIA/DSCF0313.JPG,DSCF0313.JPG,4Z/105MEDIA,0,Other_Amphibian,0.7227,3150.9,468.4,3387.6,701.1
/srv/shared_leopard_toad/2024/18.11.2024/4Z/105MEDIA/DSCF0313.JPG,DSCF0313.JPG,4Z/105MEDIA,2,Western_Leopard_Toad,0.2703,3150.9,468.4,3387.6,701.1
/srv/shared_leopard_toad/2024/18.11.2024/4Z/105MEDIA/DSCF0297.JPG,DSCF0297.JPG,4Z/105MEDIA,0,Other_Amphibian,0.2179,3146.4,467.6,3387.6,706.2
/srv/shared_leopard_toad/2024/18.11.2024/4Z/105MEDIA/DSCF0424.JPG,DSCF0424.JPG,4Z/105MEDIA,0,Other_Amphibian,0.2445,3157.4,465.2,3390.1,701.7
/srv/shared_leopard_toad/2024/18.11.2024/4Z/105MEDIA/DSCF0170.JPG,DSCF0170.JPG,4Z/105MEDIA,0,Other_Amphibian,0.2285,3141.7,469.2,3387.8,700.2
/srv/shared_leopard_toad/2024/18.11.2024/4Z/105MEDIA/DSCF0352.JPG,DSCF0352.JPG,4Z/105MEDIA,0,Other_Amphibian,0.2527,3142.8,468.7,3386.7,705.2
/srv/shared_leopard_toad/2024/18.11.2024/4Z/105MEDIA/DSCF0879.JPG,DSCF0879.JPG,4Z/105MEDIA,0,Other_Amphibian,0.2255,3151.6,468.1,3391.4,698.8
/srv/shared_leopard_toad/2024/18.11.2024/4Z/105MEDIA/DSCF0161.JPG,DSCF0161.JPG,4Z/105MEDIA,0,Other_Amphibian,0.2185,3141.0,469.5,3388.5,704.3
/srv/shared_leopard_toad/2024/18.11.2024/4Z/105MEDIA/DSCF0228.JPG,DSCF0228.JPG,4Z/105MEDIA,0,Other_Amphibian,0.3772,3140.8,466.7,3388.7,702.7
/srv/shared_leopard_toad/2024/18.11.2024/4Z/105MEDIA/DSCF0253.JPG,DSCF0253.JPG,4Z/105MEDIA,0,Other_Amphibian,0.3926,3138.5,467.4,3386.5,706.5
/srv/shared_leopard_toad/2024/18.11.2024/4Z/105MEDIA/DSCF0218.JPG,DSCF0218.JPG,4Z/105MEDIA,0,Other_Amphibian,0.2190,3142.6,466.7,3391.4,702.7
/srv/shared_leopard_toad/2024/18.11.2024/4Z/105MEDIA/DSCF0260.JPG,DSCF0260.JPG,4Z/105MEDIA,0,Other_Amphibian,0.2438,3146.0,469.8,3388.0,704.1
/srv/shared_leopard_toad/2024/18.11.2024/4Z/105MEDIA/DSCF0056.JPG,DSCF0056.JPG,4Z/105MEDIA,0,Other_Amphibian,0.2644,3160.3,469.5,3387.2,693.6
/srv/shared_leopard_toad/2024/18.11.2024/4Z/105MEDIA/DSCF0484.JPG,DSCF0484.JPG,4Z/105MEDIA,0,Other_Amphibian,0.2268,3151.8,467.6,3386.7,703.7
/srv/shared_leopard_toad/2024/18.11.2024/4Z/105MEDIA/DSCF0329.JPG,DSCF0329.JPG,4Z/105MEDIA,0,Other_Amphibian,0.3701,3147.1,468.9,3386.9,705.0
/srv/shared_leopard_toad/2024/18.11.2024/4Z/105MEDIA/DSCF0062.JPG,DSCF0062.JPG,4Z/105MEDIA,0,Other_Amphibian,0.4678,3162.8,468.9,3389.2,695.5
/srv/shared_leopard_toad/2024/18.11.2024/4Z/105MEDIA/DSCF0326.JPG,DSCF0326.JPG,4Z/105MEDIA,0,Other_Amphibian,0.3167,3147.1,470.2,3386.9,703.7
/srv/shared_leopard_toad/2024/18.11.2024/4Z/105MEDIA/DSCF0175.JPG,DSCF0175.JPG,4Z/105MEDIA,0,Other_Amphibian,0.2629,3145.1,469.5,3388.9,704.3
/srv/shared_leopard_toad/2024/18.11.2024/4Z/105MEDIA/DSCF0039.JPG,DSCF0039.JPG,4Z/105MEDIA,0,Other_Amphibian,0.3484,3165.2,470.0,3368.8,695.0
/srv/shared_leopard_toad/2024/18.11.2024/4Z/105MEDIA/DSCF0070.JPG,DSCF0070.JPG,4Z/105MEDIA,0,Other_Amphibian,0.4221,3163.0,467.6,3389.0,695.5
/srv/shared_leopard_toad/2024/18.11.2024/4Z/105MEDIA/DSCF0100.JPG,DSCF0100.JPG,4Z/105MEDIA,0,Other_Amphibian,0.3948,3164.5,468.4,3387.5,694.7
/srv/shared_leopard_toad/2024/18.11.2024/4Z/105MEDIA/DSCF0042.JPG,DSCF0042.JPG,4Z/105MEDIA,0,Other_Amphibian,0.3120,3164.3,470.9,3369.7,692.2
/srv/shared_leopard_toad/2024/18.11.2024/4Z/105MEDIA/DSCF0348.JPG,DSCF0348.JPG,4Z/105MEDIA,0,Other_Amphibian,0.2976,3144.4,470.3,3389.6,704.2
/srv/shared_leopard_toad/2024/18.11.2024/4Z/105MEDIA/DSCF0244.JPG,DSCF0244.JPG,4Z/105MEDIA,0,Other_Amphibian,0.2864,3138.3,469.1,3386.7,701.0
/srv/shared_leopard_toad/2024/18.11.2024/4Z/105MEDIA/DSCF0217.JPG,DSCF0217.JPG,4Z/105MEDIA,0,Other_Amphibian,0.2239,3136.0,466.3,3389.0,703.1
/srv/shared_leopard_toad/2024/18.11.2024/4Z/105MEDIA/DSCF0190.JPG,DSCF0190.JPG,4Z/105MEDIA,0,Other_Amphibian,0.2026,3141.9,469.5,3387.6,704.3
/srv/shared_leopard_toad/2024/18.11.2024/4Z/105MEDIA/DSCF0383.JPG,DSCF0383.JPG,4Z/105MEDIA,0,Other_Amphibian,0.2415,3145.6,469.3,3388.4,704.6
/srv/shared_leopard_toad/2024/18.11.2024/4Z/105MEDIA/DSCF0213.JPG,DSCF0213.JPG,4Z/105MEDIA,0,Other_Amphibian,0.2177,3137.8,469.6,3387.2,704.9
/srv/shared_leopard_toad/2024/18.11.2024/4Z/105MEDIA/DSCF0055.JPG,DSCF0055.JPG,4Z/105MEDIA,0,Other_Amphibian,0.2883,3163.2,467.2,3388.8,697.8
/srv/shared_leopard_toad/2024/18.11.2024/4Z/105MEDIA/DSCF0197.JPG,DSCF0197.JPG,4Z/105MEDIA,0,Other_Amphibian,0.2778,3141.0,468.5,3388.5,702.8
/srv/shared_leopard_toad/2024/18.11.2024/4Z/105MEDIA/DSCF0064.JPG,DSCF0064.JPG,4Z/105MEDIA,0,Other_Amphibian,0.2893,3161.5,470.6,3390.5,695.1
/srv/shared_leopard_toad/2024/18.11.2024/4Z/105MEDIA/DSCF0225.JPG,DSCF0225.JPG,4Z/105MEDIA,0,Other_Amphibian,0.4763,3139.4,467.6,3390.1,703.7
/srv/shared_leopard_toad/2024/18.11.2024/4Z/105MEDIA/DSCF0016.JPG,DSCF0016.JPG,4Z/105MEDIA,0,Other_Amphibian,0.2917,3166.2,473.8,3367.8,695.6
/srv/shared_leopard_toad/2024/18.11.2024/4Z/105MEDIA/DSCF0029.JPG,DSCF0029.JPG,4Z/105MEDIA,0,Other_Amphibian,0.5059,3165.8,470.3,3368.2,695.3
/srv/shared_leopard_toad/2024/18.11.2024/4Z/105MEDIA/DSCF0027.JPG,DSCF0027.JPG,4Z/105MEDIA,0,Other_Amphibian,0.3416,3165.2,469.7,3368.8,695.9
/srv/shared_leopard_toad/2024/18.11.2024/4Z/105MEDIA/DSCF0367.JPG,DSCF0367.JPG,4Z/105MEDIA,0,Other_Amphibian,0.2471,3146.9,468.0,3387.1,701.5
/srv/shared_leopard_toad/2024/18.11.2024/4Z/105MEDIA/DSCF0331.JPG,DSCF0331.JPG,4Z/105MEDIA,0,Other_Amphibian,0.3054,3146.2,467.0,3387.8,704.3
/srv/shared_leopard_toad/2024/18.11.2024/4Z/105MEDIA/DSCF0082.JPG,DSCF0082.JPG,4Z/105MEDIA,0,Other_Amphibian,0.2620,3161.1,467.6,3390.9,697.4
/srv/shared_leopard_toad/2024/18.11.2024/4Z/105MEDIA/DSCF0357.JPG,DSCF0357.JPG,4Z/105MEDIA,0,Other_Amphibian,0.3037,3148.2,467.6,3385.8,702.4
/srv/shared_leopard_toad/2024/18.11.2024/4Z/105MEDIA/DSCF0024.JPG,DSCF0024.JPG,4Z/105MEDIA,0,Other_Amphibian,0.2153,3162.6,470.3,3366.9,694.7
/srv/shared_leopard_toad/2024/18.11.2024/4Z/105MEDIA/DSCF0852.JPG,DSCF0852.JPG,4Z/105MEDIA,0,Other_Amphibian,0.2761,3156.5,468.4,3391.0,701.1
/srv/shared_leopard_toad/2024/18.11.2024/4Z/105MEDIA/DSCF0318.JPG,DSCF0318.JPG,4Z/105MEDIA,0,Other_Amphibian,0.2544,3145.3,469.5,3388.7,704.3
/srv/shared_leopard_toad/2024/18.11.2024/4Z/105MEDIA/DSCF0328.JPG,DSCF0328.JPG,4Z/105MEDIA,0,Other_Amphibian,0.2323,3142.4,467.9,3387.1,706.0
/srv/shared_leopard_toad/2024/18.11.2024/4Z/105MEDIA/DSCF0226.JPG,DSCF0226.JPG,4Z/105MEDIA,0,Other_Amphibian,0.2225,3141.3,465.8,3388.2,704.3
/srv/shared_leopard_toad/2024/18.11.2024/4Z/105MEDIA/DSCF0374.JPG,DSCF0374.JPG,4Z/105MEDIA,0,Other_Amphibian,0.3186,3145.8,466.4,3388.2,705.0
/srv/shared_leopard_toad/2024/18.11.2024/4Z/105MEDIA/DSCF0317.JPG,DSCF0317.JPG,4Z/105MEDIA,0,Other_Amphibian,0.2094,3144.9,465.4,3389.1,704.0
/srv/shared_leopard_toad/2024/18.11.2024/4Z/105MEDIA/DSCF0210.JPG,DSCF0210.JPG,4Z/105MEDIA,0,Other_Amphibian,0.2644,3140.1,469.8,3389.4,704.1
/srv/shared_leopard_toad/2024/18.11.2024/4Z/105MEDIA/DSCF0084.JPG,DSCF0084.JPG,4Z/105MEDIA,0,Other_Amphibian,0.3721,3162.8,467.5,3389.2,695.6
/srv/shared_leopard_toad/2024/18.11.2024/4Z/105MEDIA/DSCF0124.JPG,DSCF0124.JPG,4Z/105MEDIA,0,Other_Amphibian,0.4568,3162.2,467.1,3389.8,696.0
/srv/shared_leopard_toad/2024/18.11.2024/4Z/105MEDIA/DSCF0200.JPG,DSCF0200.JPG,4Z/105MEDIA,0,Other_Amphibian,0.2255,3141.7,467.4,3387.8,703.9
/srv/shared_leopard_toad/2024/18.11.2024/4Z/105MEDIA/DSCF0447.JPG,DSCF0447.JPG,4Z/105MEDIA,0,Other_Amphibian,0.2307,3154.9,474.0,3388.1,706.2
/srv/shared_leopard_toad/2024/18.11.2024/4Z/105MEDIA/DSCF0140.JPG,DSCF0140.JPG,4Z/105MEDIA,0,Other_Amphibian,0.2925,3140.6,469.2,3388.9,704.7
/srv/shared_leopard_toad/2024/18.11.2024/4Z/105MEDIA/DSCF0243.JPG,DSCF0243.JPG,4Z/105MEDIA,0,Other_Amphibian,0.2252,3140.4,467.9,3389.1,702.2
/srv/shared_leopard_toad/2024/18.11.2024/4Z/105MEDIA/DSCF0361.JPG,DSCF0361.JPG,4Z/105MEDIA,0,Other_Amphibian,0.2703,3140.6,467.4,3388.9,706.5
/srv/shared_leopard_toad/2024/18.11.2024/4Z/104MEDIA/DSCF0993.JPG,DSCF0993.JPG,4Z/104MEDIA,0,Other_Amphibian,0.2158,3167.3,471.4,3366.7,693.6
/srv/shared_leopard_toad/2024/18.11.2024/4Z/104MEDIA/DSCF0358.JPG,DSCF0358.JPG,4Z/104MEDIA,0,Other_Amphibian,0.3030,3165.2,469.3,3368.8,695.1
/srv/shared_leopard_toad/2024/18.11.2024/4Z/104MEDIA/DSCF0541.JPG,DSCF0541.JPG,4Z/104MEDIA,0,Other_Amphibian,0.2351,3166.0,473.4,3368.0,696.0
/srv/shared_leopard_toad/2024/18.11.2024/4Z/104MEDIA/DSCF0519.JPG,DSCF0519.JPG,4Z/104MEDIA,0,Other_Amphibian,0.4653,3162.6,469.9,3366.9,695.7
/srv/shared_leopard_toad/2024/18.11.2024/4Z/104MEDIA/DSCF0589.JPG,DSCF0589.JPG,4Z/104MEDIA,0,Other_Amphibian,0.4028,3162.4,468.0,3367.1,695.1
/srv/shared_leopard_toad/2024/18.11.2024/4Z/104MEDIA/DSCF0466.JPG,DSCF0466.JPG,4Z/104MEDIA,0,Other_Amphibian,0.7046,3166.7,468.0,3371.8,694.5
/srv/shared_leopard_toad/2024/18.11.2024/4Z/104MEDIA/DSCF0443.JPG,DSCF0443.JPG,4Z/104MEDIA,0,Other_Amphibian,0.2827,3166.5,469.7,3372.0,694.7
/srv/shared_leopard_toad/2024/18.11.2024/4Z/104MEDIA/DSCF0464.JPG,DSCF0464.JPG,4Z/104MEDIA,0,Other_Amphibian,0.2142,3164.6,469.0,3369.4,696.0
/srv/shared_leopard_toad/2024/18.11.2024/4Z/104MEDIA/DSCF0455.JPG,DSCF0455.JPG,4Z/104MEDIA,0,Other_Amphibian,0.5010,3166.9,467.6,3371.6,692.9
/srv/shared_leopard_toad/2024/18.11.2024/4Z/104MEDIA/DSCF0416.JPG,DSCF0416.JPG,4Z/104MEDIA,0,Other_Amphibian,0.2812,3165.2,469.6,3368.8,695.4
/srv/shared_leopard_toad/2024/18.11.2024/4Z/104MEDIA/DSCF0922.JPG,DSCF0922.JPG,4Z/104MEDIA,0,Other_Amphibian,0.4365,3166.0,469.9,3368.0,692.5
/srv/shared_leopard_toad/2024/18.11.2024/4Z/104MEDIA/DSCF0678.JPG,DSCF0678.JPG,4Z/104MEDIA,0,Other_Amphibian,0.3733,3165.4,471.8,3368.6,697.6
/srv/shared_leopard_toad/2024/18.11.2024/4Z/104MEDIA/DSCF0514.JPG,DSCF0514.JPG,4Z/104MEDIA,0,Other_Amphibian,0.2502,3164.6,470.2,3369.4,695.5
/srv/shared_leopard_toad/2024/18.11.2024/4Z/104MEDIA/DSCF0767.JPG,DSCF0767.JPG,4Z/104MEDIA,0,Other_Amphibian,0.4929,3173.6,470.1,3369.4,694.3
/srv/shared_leopard_toad/2024/18.11.2024/4Z/104MEDIA/DSCF0774.JPG,DSCF0774.JPG,4Z/104MEDIA,0,Other_Amphibian,0.3972,3169.5,468.5,3369.0,697.1
/srv/shared_leopard_toad/2024/18.11.2024/4Z/104MEDIA/DSCF0298.JPG,DSCF0298.JPG,4Z/104MEDIA,0,Other_Amphibian,0.2307,3168.4,470.7,3370.1,694.9
/srv/shared_leopard_toad/2024/18.11.2024/4Z/104MEDIA/DSCF0784.JPG,DSCF0784.JPG,4Z/104MEDIA,0,Other_Amphibian,0.6860,3168.4,471.2,3365.6,695.7
/srv/shared_leopard_toad/2024/18.11.2024/4Z/104MEDIA/DSCF0417.JPG,DSCF0417.JPG,4Z/104MEDIA,0,Other_Amphibian,0.4746,3168.6,469.9,3369.9,695.7
/srv/shared_leopard_toad/2024/18.11.2024/4Z/104MEDIA/DSCF0543.JPG,DSCF0543.JPG,4Z/104MEDIA,0,Other_Amphibian,0.3208,3164.8,468.7,3369.2,695.7
/srv/shared_leopard_toad/2024/18.11.2024/4Z/104MEDIA/DSCF0650.JPG,DSCF0650.JPG,4Z/104MEDIA,0,Other_Amphibian,0.3699,3168.6,470.8,3369.9,694.2
/srv/shared_leopard_toad/2024/18.11.2024/4Z/104MEDIA/DSCF0562.JPG,DSCF0562.JPG,4Z/104MEDIA,0,Other_Amphibian,0.4048,3165.0,471.0,3369.0,695.9
/srv/shared_leopard_toad/2024/18.11.2024/4Z/104MEDIA/DSCF0446.JPG,DSCF0446.JPG,4Z/104MEDIA,0,Other_Amphibian,0.2372,3169.3,470.3,3373.7,694.0
/srv/shared_leopard_toad/2024/18.11.2024/4Z/104MEDIA/DSCF0765.JPG,DSCF0765.JPG,4Z/104MEDIA,0,Other_Amphibian,0.3289,3171.9,470.8,3366.6,696.1
/srv/shared_leopard_toad/2024/18.11.2024/4Z/104MEDIA/DSCF0594.JPG,DSCF0594.JPG,4Z/104MEDIA,0,Other_Amphibian,0.6182,3164.6,469.3,3369.4,696.3
/srv/shared_leopard_toad/2024/18.11.2024/4Z/104MEDIA/DSCF0667.JPG,DSCF0667.JPG,4Z/104MEDIA,0,Other_Amphibian,0.5645,3169.1,471.0,3369.4,695.9
/srv/shared_leopard_toad/2024/18.11.2024/4Z/104MEDIA/DSCF0812.JPG,DSCF0812.JPG,4Z/104MEDIA,0,Other_Amphibian,0.7373,3170.5,470.6,3368.0,696.3
/srv/shared_leopard_toad/2024/18.11.2024/4Z/104MEDIA/DSCF0362.JPG,DSCF0362.JPG,4Z/104MEDIA,0,Other_Amphibian,0.2203,3165.6,467.5,3368.4,693.7
/srv/shared_leopard_toad/2024/18.11.2024/4Z/104MEDIA/DSCF0565.JPG,DSCF0565.JPG,4Z/104MEDIA,0,Other_Amphibian,0.5190,3168.2,469.5,3370.3,696.1
/srv/shared_leopard_toad/2024/18.11.2024/4Z/104MEDIA/DSCF0868.JPG,DSCF0868.JPG,4Z/104MEDIA,0,Other_Amphibian,0.7104,3166.3,470.2,3367.7,695.5
/srv/shared_leopard_toad/2024/18.11.2024/4Z/104MEDIA/DSCF0668.JPG,DSCF0668.JPG,4Z/104MEDIA,0,Other_Amphibian,0.5342,3168.4,468.5,3370.1,698.4
/srv/shared_leopard_toad/2024/18.11.2024/4Z/104MEDIA/DSCF0980.JPG,DSCF0980.JPG,4Z/104MEDIA,0,Other_Amphibian,0.2415,3165.0,469.8,3369.0,697.1
/srv/shared_leopard_toad/2024/18.11.2024/4Z/104MEDIA/DSCF0679.JPG,DSCF0679.JPG,4Z/104MEDIA,0,Other_Amphibian,0.2235,3168.2,466.9,3370.3,694.3
/srv/shared_leopard_toad/2024/18.11.2024/4Z/104MEDIA/DSCF0752.JPG,DSCF0752.JPG,4Z/104MEDIA,0,Other_Amphibian,0.3298,3165.4,468.3,3368.6,696.1
/srv/shared_leopard_toad/2024/18.11.2024/4Z/104MEDIA/DSCF0640.JPG,DSCF0640.JPG,4Z/104MEDIA,0,Other_Amphibian,0.3887,3163.6,469.3,3370.4,695.1
/srv/shared_leopard_toad/2024/18.11.2024/4Z/104MEDIA/DSCF0623.JPG,DSCF0623.JPG,4Z/104MEDIA,0,Other_Amphibian,0.6025,3166.9,468.1,3367.1,697.5
/srv/shared_leopard_toad/2024/18.11.2024/4Z/104MEDIA/DSCF0518.JPG,DSCF0518.JPG,4Z/104MEDIA,0,Other_Amphibian,0.2793,3164.3,469.1,3369.7,695.3
/srv/shared_leopard_toad/2024/18.11.2024/4Z/104MEDIA/DSCF0777.JPG,DSCF0777.JPG,4Z/104MEDIA,0,Other_Amphibian,0.6929,3170.1,469.7,3368.4,695.9
/srv/shared_leopard_toad/2024/18.11.2024/4Z/104MEDIA/DSCF0038.JPG,DSCF0038.JPG,4Z/104MEDIA,2,Western_Leopard_Toad,0.2693,4481.8,249.0,4608.2,667.3
/srv/shared_leopard_toad/2024/18.11.2024/4Z/104MEDIA/DSCF0891.JPG,DSCF0891.JPG,4Z/104MEDIA,0,Other_Amphibian,0.4170,3166.3,470.1,3367.7,694.3
/srv/shared_leopard_toad/2024/18.11.2024/4Z/104MEDIA/DSCF0636.JPG,DSCF0636.JPG,4Z/104MEDIA,0,Other_Amphibian,0.2260,3168.4,470.0,3370.1,695.0
/srv/shared_leopard_toad/2024/18.11.2024/4Z/104MEDIA/DSCF0827.JPG,DSCF0827.JPG,4Z/104MEDIA,0,Other_Amphibian,0.6704,3168.2,470.3,3365.8,696.6
/srv/shared_leopard_toad/2024/18.11.2024/4Z/104MEDIA/DSCF0560.JPG,DSCF0560.JPG,4Z/104MEDIA,0,Other_Amphibian,0.5229,3165.2,471.0,3368.8,694.7
/srv/shared_leopard_toad/2024/18.11.2024/4Z/104MEDIA/DSCF0802.JPG,DSCF0802.JPG,4Z/104MEDIA,0,Other_Amphibian,0.8354,3169.5,468.9,3369.0,695.5
/srv/shared_leopard_toad/2024/18.11.2024/4Z/104MEDIA/DSCF0720.JPG,DSCF0720.JPG,4Z/104MEDIA,0,Other_Amphibian,0.2133,3164.1,469.0,3369.9,696.0
/srv/shared_leopard_toad/2024/18.11.2024/4Z/104MEDIA/DSCF0164.JPG,DSCF0164.JPG,4Z/104MEDIA,2,Western_Leopard_Toad,0.2839,4523.5,2322.9,4611.5,2451.0
/srv/shared_leopard_toad/2024/18.11.2024/4Z/104MEDIA/DSCF0458.JPG,DSCF0458.JPG,4Z/104MEDIA,0,Other_Amphibian,0.3306,3167.1,468.3,3371.4,696.1
/srv/shared_leopard_toad/2024/18.11.2024/4Z/104MEDIA/DSCF0712.JPG,DSCF0712.JPG,4Z/104MEDIA,0,Other_Amphibian,0.6182,3169.5,471.0,3369.0,695.9
/srv/shared_leopard_toad/2024/18.11.2024/4Z/104MEDIA/DSCF0501.JPG,DSCF0501.JPG,4Z/104MEDIA,0,Other_Amphibian,0.2595,3166.3,470.1,3367.7,694.3
/srv/shared_leopard_toad/2024/18.11.2024/4Z/104MEDIA/DSCF0489.JPG,DSCF0489.JPG,4Z/104MEDIA,0,Other_Amphibian,0.3484,3166.5,472.9,3367.5,694.0
/srv/shared_leopard_toad/2024/18.11.2024/4Z/104MEDIA/DSCF0553.JPG,DSCF0553.JPG,4Z/104MEDIA,0,Other_Amphibian,0.2441,3162.6,469.0,3366.9,696.0
/srv/shared_leopard_toad/2024/18.11.2024/4Z/104MEDIA/DSCF0077.JPG,DSCF0077.JPG,4Z/104MEDIA,2,Western_Leopard_Toad,0.2612,4498.3,1071.0,4609.7,1255.2
/srv/shared_leopard_toad/2024/18.11.2024/4Z/104MEDIA/DSCF0539.JPG,DSCF0539.JPG,4Z/104MEDIA,0,Other_Amphibian,0.4014,3166.2,469.9,3367.8,695.7
/srv/shared_leopard_toad/2024/18.11.2024/4Z/104MEDIA/DSCF0051.JPG,DSCF0051.JPG,4Z/104MEDIA,2,Western_Leopard_Toad,0.2698,4480.2,241.9,4609.8,666.8
/srv/shared_leopard_toad/2024/18.11.2024/4Z/104MEDIA/DSCF0292.JPG,DSCF0292.JPG,4Z/104MEDIA,0,Other_Amphibian,0.2268,3165.2,469.9,3368.8,695.7
/srv/shared_leopard_toad/2024/18.11.2024/4Z/104MEDIA/DSCF0834.JPG,DSCF0834.JPG,4Z/104MEDIA,0,Other_Amphibian,0.6978,3168.0,469.9,3366.0,694.4
/srv/shared_leopard_toad/2024/18.11.2024/4Z/104MEDIA/DSCF0822.JPG,DSCF0822.JPG,4Z/104MEDIA,0,Other_Amphibian,0.5366,3174.7,471.2,3368.3,695.7
/srv/shared_leopard_toad/2024/18.11.2024/4Z/104MEDIA/DSCF0792.JPG,DSCF0792.JPG,4Z/104MEDIA,0,Other_Amphibian,0.5498,3169.9,470.5,3368.6,693.9
/srv/shared_leopard_toad/2024/18.11.2024/4Z/104MEDIA/DSCF0807.JPG,DSCF0807.JPG,4Z/104MEDIA,0,Other_Amphibian,0.6382,3170.6,471.2,3367.9,695.7
/srv/shared_leopard_toad/2024/18.11.2024/4Z/104MEDIA/DSCF0341.JPG,DSCF0341.JPG,4Z/104MEDIA,0,Other_Amphibian,0.2334,3165.6,468.3,3368.4,694.8
/srv/shared_leopard_toad/2024/18.11.2024/4Z/104MEDIA/DSCF0304.JPG,DSCF0304.JPG,4Z/104MEDIA,0,Other_Amphibian,0.2437,3163.9,469.8,3370.1,697.1
/srv/shared_leopard_toad/2024/18.11.2024/4Z/104MEDIA/DSCF0507.JPG,DSCF0507.JPG,4Z/104MEDIA,0,Other_Amphibian,0.3311,3168.6,468.8,3369.9,696.2
/srv/shared_leopard_toad/2024/18.11.2024/4Z/104MEDIA/DSCF0681.JPG,DSCF0681.JPG,4Z/104MEDIA,0,Other_Amphibian,0.2269,3168.2,467.8,3370.3,697.2
/srv/shared_leopard_toad/2024/18.11.2024/4Z/104MEDIA/DSCF0592.JPG,DSCF0592.JPG,4Z/104MEDIA,0,Other_Amphibian,0.5498,3163.5,467.9,3370.5,696.5
/srv/shared_leopard_toad/2024/18.11.2024/4Z/104MEDIA/DSCF0574.JPG,DSCF0574.JPG,4Z/104MEDIA,0,Other_Amphibian,0.2891,3168.0,469.9,3370.5,697.0
/srv/shared_leopard_toad/2024/18.11.2024/4Z/104MEDIA/DSCF0795.JPG,DSCF0795.JPG,4Z/104MEDIA,0,Other_Amphibian,0.4656,3171.0,471.0,3367.5,695.9
/srv/shared_leopard_toad/2024/18.11.2024/4Z/104MEDIA/DSCF0780.JPG,DSCF0780.JPG,4Z/104MEDIA,0,Other_Amphibian,0.4592,3171.7,471.0,3366.8,695.9
/srv/shared_leopard_toad/2024/18.11.2024/4Z/104MEDIA/DSCF0981.JPG,DSCF0981.JPG,4Z/104MEDIA,2,Western_Leopard_Toad,0.2588,4457.7,227.7,4605.3,863.3
/srv/shared_leopard_toad/2024/18.11.2024/4Z/104MEDIA/DSCF0369.JPG,DSCF0369.JPG,4Z/104MEDIA,0,Other_Amphibian,0.2549,3162.6,467.9,3366.9,696.5
/srv/shared_leopard_toad/2024/18.11.2024/4Z/104MEDIA/DSCF0549.JPG,DSCF0549.JPG,4Z/104MEDIA,0,Other_Amphibian,0.3425,3167.6,471.0,3370.9,695.9
/srv/shared_leopard_toad/2024/18.11.2024/4Z/104MEDIA/DSCF0817.JPG,DSCF0817.JPG,4Z/104MEDIA,0,Other_Amphibian,0.6221,3174.9,468.7,3368.1,695.7
/srv/shared_leopard_toad/2024/18.11.2024/4Z/104MEDIA/DSCF0649.JPG,DSCF0649.JPG,4Z/104MEDIA,0,Other_Amphibian,0.3694,3165.0,470.3,3369.0,695.3
/srv/shared_leopard_toad/2024/18.11.2024/4Z/104MEDIA/DSCF0759.JPG,DSCF0759.JPG,4Z/104MEDIA,0,Other_Amphibian,0.3958,3167.4,470.5,3366.6,693.9
/srv/shared_leopard_toad/2024/18.11.2024/4Z/104MEDIA/DSCF0476.JPG,DSCF0476.JPG,4Z/104MEDIA,0,Other_Amphibian,0.4231,3164.6,468.2,3369.4,696.8
/srv/shared_leopard_toad/2024/18.11.2024/4Z/104MEDIA/DSCF0713.JPG,DSCF0713.JPG,4Z/104MEDIA,0,Other_Amphibian,0.4336,3165.2,471.0,3368.8,694.7
/srv/shared_leopard_toad/2024/18.11.2024/4Z/104MEDIA/DSCF0699.JPG,DSCF0699.JPG,4Z/104MEDIA,0,Other_Amphibian,0.3306,3168.4,469.6,3370.1,695.4
/srv/shared_leopard_toad/2024/18.11.2024/4Z/104MEDIA/DSCF0566.JPG,DSCF0566.JPG,4Z/104MEDIA,0,Other_Amphibian,0.4844,3165.6,468.5,3368.4,695.9
/srv/shared_leopard_toad/2024/18.11.2024/4Z/104MEDIA/DSCF0445.JPG,DSCF0445.JPG,4Z/104MEDIA,0,Other_Amphibian,0.5513,3167.9,470.3,3370.6,695.3
/srv/shared_leopard_toad/2024/18.11.2024/4Z/104MEDIA/DSCF0656.JPG,DSCF0656.JPG,4Z/104MEDIA,0,Other_Amphibian,0.7163,3167.4,470.3,3366.6,694.7
/srv/shared_leopard_toad/2024/18.11.2024/4Z/104MEDIA/DSCF0994.JPG,DSCF0994.JPG,4Z/104MEDIA,0,Other_Amphibian,0.2421,3163.7,470.1,3365.8,694.3
/srv/shared_leopard_toad/2024/18.11.2024/4Z/104MEDIA/DSCF0366.JPG,DSCF0366.JPG,4Z/104MEDIA,0,Other_Amphibian,0.2323,3165.4,468.7,3368.6,695.7
/srv/shared_leopard_toad/2024/18.11.2024/4Z/104MEDIA/DSCF0342.JPG,DSCF0342.JPG,4Z/104MEDIA,0,Other_Amphibian,0.2068,3167.6,468.4,3370.9,694.7
/srv/shared_leopard_toad/2024/18.11.2024/4Z/104MEDIA/DSCF0487.JPG,DSCF0487.JPG,4Z/104MEDIA,0,Other_Amphibian,0.4102,3166.3,471.0,3367.7,694.7
/srv/shared_leopard_toad/2024/18.11.2024/4Z/104MEDIA/DSCF0709.JPG,DSCF0709.JPG,4Z/104MEDIA,0,Other_Amphibian,0.2198,3166.0,469.7,3368.0,693.4
/srv/shared_leopard_toad/2024/18.11.2024/4Z/104MEDIA/DSCF0670.JPG,DSCF0670.JPG,4Z/104MEDIA,0,Other_Amphibian,0.2388,3166.1,468.6,3372.4,696.4
/srv/shared_leopard_toad/2024/18.11.2024/4Z/104MEDIA/DSCF0870.JPG,DSCF0870.JPG,4Z/104MEDIA,0,Other_Amphibian,0.5898,3167.1,471.8,3366.9,693.2
/srv/shared_leopard_toad/2024/18.11.2024/4Z/104MEDIA/DSCF0531.JPG,DSCF0531.JPG,4Z/104MEDIA,0,Other_Amphibian,0.6226,3167.4,468.9,3371.1,696.7
/srv/shared_leopard_toad/2024/18.11.2024/4Z/104MEDIA/DSCF0411.JPG,DSCF0411.JPG,4Z/104MEDIA,0,Other_Amphibian,0.2194,3165.2,470.2,3368.8,695.5
/srv/shared_leopard_toad/2024/18.11.2024/4Z/104MEDIA/DSCF0700.JPG,DSCF0700.JPG,4Z/104MEDIA,0,Other_Amphibian,0.6924,3169.0,471.8,3369.5,695.1
/srv/shared_leopard_toad/2024/18.11.2024/4Z/104MEDIA/DSCF0324.JPG,DSCF0324.JPG,4Z/104MEDIA,0,Other_Amphibian,0.2700,3165.6,469.9,3368.4,695.1
/srv/shared_leopard_toad/2024/18.11.2024/4Z/104MEDIA/DSCF0524.JPG,DSCF0524.JPG,4Z/104MEDIA,0,Other_Amphibian,0.3008,3163.1,468.9,3370.9,696.7
/srv/shared_leopard_toad/2024/18.11.2024/4Z/104MEDIA/DSCF0866.JPG,DSCF0866.JPG,4Z/104MEDIA,0,Other_Amphibian,0.4910,3167.1,468.0,3366.9,695.1
/srv/shared_leopard_toad/2024/18.11.2024/4Z/104MEDIA/DSCF0581.JPG,DSCF0581.JPG,4Z/104MEDIA,0,Other_Amphibian,0.2759,3163.9,467.8,3370.1,697.2
/srv/shared_leopard_toad/2024/18.11.2024/4Z/104MEDIA/DSCF0486.JPG,DSCF0486.JPG,4Z/104MEDIA,0,Other_Amphibian,0.5483,3168.4,467.7,3370.1,694.7
/srv/shared_leopard_toad/2024/18.11.2024/4Z/104MEDIA/DSCF0526.JPG,DSCF0526.JPG,4Z/104MEDIA,0,Other_Amphibian,0.2520,3164.3,468.5,3369.7,695.9
/srv/shared_leopard_toad/2024/18.11.2024/4Z/104MEDIA/DSCF0568.JPG,DSCF0568.JPG,4Z/104MEDIA,0,Other_Amphibian,0.5049,3168.0,469.2,3370.5,696.5
/srv/shared_leopard_toad/2024/18.11.2024/4Z/104MEDIA/DSCF0854.JPG,DSCF0854.JPG,4Z/104MEDIA,0,Other_Amphibian,0.6230,3166.3,470.2,3367.7,695.5
/srv/shared_leopard_toad/2024/18.11.2024/4Z/104MEDIA/DSCF0851.JPG,DSCF0851.JPG,4Z/104MEDIA,0,Other_Amphibian,0.7529,3166.2,470.2,3367.8,695.5
/srv/shared_leopard_toad/2024/18.11.2024/4Z/104MEDIA/DSCF0572.JPG,DSCF0572.JPG,4Z/104MEDIA,0,Other_Amphibian,0.2844,3167.6,469.2,3370.9,696.5
/srv/shared_leopard_toad/2024/18.11.2024/4Z/104MEDIA/DSCF0544.JPG,DSCF0544.JPG,4Z/104MEDIA,0,Other_Amphibian,0.5889,3165.2,469.4,3368.8,695.6
/srv/shared_leopard_toad/2024/18.11.2024/4Z/104MEDIA/DSCF0769.JPG,DSCF0769.JPG,4Z/104MEDIA,0,Other_Amphibian,0.2874,3170.5,470.3,3368.0,695.3
/srv/shared_leopard_toad/2024/18.11.2024/4Z/104MEDIA/DSCF0596.JPG,DSCF0596.JPG,4Z/104MEDIA,0,Other_Amphibian,0.4768,3167.4,468.8,3371.1,696.2
/srv/shared_leopard_toad/2024/18.11.2024/4Z/104MEDIA/DSCF0924.JPG,DSCF0924.JPG,4Z/104MEDIA,0,Other_Amphibian,0.3933,3169.9,468.5,3368.6,695.9
/srv/shared_leopard_toad/2024/18.11.2024/4Z/104MEDIA/DSCF0871.JPG,DSCF0871.JPG,4Z/104MEDIA,0,Other_Amphibian,0.4290,3166.3,470.3,3367.7,695.3
/srv/shared_leopard_toad/2024/18.11.2024/4Z/104MEDIA/DSCF0944.JPG,DSCF0944.JPG,4Z/104MEDIA,0,Other_Amphibian,0.2944,3169.0,469.7,3369.5,695.9
/srv/shared_leopard_toad/2024/18.11.2024/4Z/104MEDIA/DSCF0580.JPG,DSCF0580.JPG,4Z/104MEDIA,0,Other_Amphibian,0.6484,3161.0,469.4,3368.5,695.6
/srv/shared_leopard_toad/2024/18.11.2024/4Z/104MEDIA/DSCF0949.JPG,DSCF0949.JPG,4Z/104MEDIA,0,Other_Amphibian,0.2113,3169.3,472.8,3369.2,697.3
/srv/shared_leopard_toad/2024/18.11.2024/4Z/104MEDIA/DSCF0943.JPG,DSCF0943.JPG,4Z/104MEDIA,0,Other_Amphibian,0.2556,3167.9,473.0,3370.6,696.4
/srv/shared_leopard_toad/2024/18.11.2024/4Z/104MEDIA/DSCF0873.JPG,DSCF0873.JPG,4Z/104MEDIA,0,Other_Amphibian,0.6265,3168.6,473.7,3365.4,695.8
/srv/shared_leopard_toad/2024/18.11.2024/4Z/104MEDIA/DSCF0917.JPG,DSCF0917.JPG,4Z/104MEDIA,0,Other_Amphibian,0.2211,3165.8,469.3,3368.2,693.8
/srv/shared_leopard_toad/2024/18.11.2024/4Z/104MEDIA/DSCF0505.JPG,DSCF0505.JPG,4Z/104MEDIA,0,Other_Amphibian,0.2791,3164.1,468.9,3369.9,694.2
/srv/shared_leopard_toad/2024/18.11.2024/4Z/104MEDIA/DSCF0672.JPG,DSCF0672.JPG,4Z/104MEDIA,0,Other_Amphibian,0.6914,3165.0,469.4,3369.0,695.6
/srv/shared_leopard_toad/2024/18.11.2024/4Z/104MEDIA/DSCF0534.JPG,DSCF0534.JPG,4Z/104MEDIA,0,Other_Amphibian,0.5835,3165.2,469.9,3368.8,695.7
/srv/shared_leopard_toad/2024/18.11.2024/4Z/104MEDIA/DSCF0041.JPG,DSCF0041.JPG,4Z/104MEDIA,2,Western_Leopard_Toad,0.2734,4482.2,235.9,4607.8,660.8
/srv/shared_leopard_toad/2024/18.11.2024/4Z/104MEDIA/DSCF0970.JPG,DSCF0970.JPG,4Z/104MEDIA,0,Other_Amphibian,0.2588,3168.6,470.3,3369.9,695.3
/srv/shared_leopard_toad/2024/18.11.2024/4Z/104MEDIA/DSCF0509.JPG,DSCF0509.JPG,4Z/104MEDIA,0,Other_Amphibian,0.2629,3166.3,469.5,3372.2,696.1
/srv/shared_leopard_toad/2024/18.11.2024/4Z/104MEDIA/DSCF0781.JPG,DSCF0781.JPG,4Z/104MEDIA,0,Other_Amphibian,0.5010,3171.4,470.3,3367.1,694.7
/srv/shared_leopard_toad/2024/18.11.2024/4Z/104MEDIA/DSCF0634.JPG,DSCF0634.JPG,4Z/104MEDIA,0,Other_Amphibian,0.4482,3165.8,469.5,3368.2,696.1
/srv/shared_leopard_toad/2024/18.11.2024/4Z/104MEDIA/DSCF0528.JPG,DSCF0528.JPG,4Z/104MEDIA,0,Other_Amphibian,0.4919,3165.2,467.5,3368.8,696.9
/srv/shared_leopard_toad/2024/18.11.2024/4Z/104MEDIA/DSCF0564.JPG,DSCF0564.JPG,4Z/104MEDIA,0,Other_Amphibian,0.6021,3169.3,469.3,3369.2,696.3
/srv/shared_leopard_toad/2024/18.11.2024/4Z/104MEDIA/DSCF0303.JPG,DSCF0303.JPG,4Z/104MEDIA,0,Other_Amphibian,0.2166,3166.3,468.0,3367.7,695.1
/srv/shared_leopard_toad/2024/18.11.2024/4Z/104MEDIA/DSCF0644.JPG,DSCF0644.JPG,4Z/104MEDIA,0,Other_Amphibian,0.3469,3164.8,468.7,3369.2,694.4
/srv/shared_leopard_toad/2024/18.11.2024/4Z/104MEDIA/DSCF0837.JPG,DSCF0837.JPG,4Z/104MEDIA,0,Other_Amphibian,0.5161,3169.9,469.3,3368.6,693.8
/srv/shared_leopard_toad/2024/18.11.2024/4Z/104MEDIA/DSCF0853.JPG,DSCF0853.JPG,4Z/104MEDIA,0,Other_Amphibian,0.4949,3167.1,472.5,3366.9,697.0
/srv/shared_leopard_toad/2024/18.11.2024/4Z/104MEDIA/DSCF0661.JPG,DSCF0661.JPG,4Z/104MEDIA,0,Other_Amphibian,0.3337,3166.2,468.3,3367.8,696.1
/srv/shared_leopard_toad/2024/18.11.2024/4Z/104MEDIA/DSCF0858.JPG,DSCF0858.JPG,4Z/104MEDIA,0,Other_Amphibian,0.4084,3166.9,470.6,3367.1,695.1
/srv/shared_leopard_toad/2024/18.11.2024/4Z/104MEDIA/DSCF0722.JPG,DSCF0722.JPG,4Z/104MEDIA,0,Other_Amphibian,0.2426,3166.9,469.7,3367.1,695.9
/srv/shared_leopard_toad/2024/18.11.2024/4Z/104MEDIA/DSCF0959.JPG,DSCF0959.JPG,4Z/104MEDIA,0,Other_Amphibian,0.3159,3168.2,467.8,3370.3,697.2
/srv/shared_leopard_toad/2024/18.11.2024/4Z/104MEDIA/DSCF0608.JPG,DSCF0608.JPG,4Z/104MEDIA,0,Other_Amphibian,0.2778,3166.3,469.6,3367.7,695.4
/srv/shared_leopard_toad/2024/18.11.2024/4Z/104MEDIA/DSCF0451.JPG,DSCF0451.JPG,4Z/104MEDIA,0,Other_Amphibian,0.3210,3168.8,469.6,3374.2,695.4
/srv/shared_leopard_toad/2024/18.11.2024/4Z/104MEDIA/DSCF0532.JPG,DSCF0532.JPG,4Z/104MEDIA,0,Other_Amphibian,0.3269,3167.2,469.5,3371.3,694.8
/srv/shared_leopard_toad/2024/18.11.2024/4Z/104MEDIA/DSCF0556.JPG,DSCF0556.JPG,4Z/104MEDIA,0,Other_Amphibian,0.3196,3163.9,471.4,3370.1,695.5
/srv/shared_leopard_toad/2024/18.11.2024/4Z/104MEDIA/DSCF0862.JPG,DSCF0862.JPG,4Z/104MEDIA,0,Other_Amphibian,0.4111,3166.9,471.5,3367.1,694.1
/srv/shared_leopard_toad/2024/18.11.2024/4Z/104MEDIA/DSCF0758.JPG,DSCF0758.JPG,4Z/104MEDIA,0,Other_Amphibian,0.4519,3170.8,467.9,3367.7,695.2
/srv/shared_leopard_toad/2024/18.11.2024/4Z/104MEDIA/DSCF0615.JPG,DSCF0615.JPG,4Z/104MEDIA,0,Other_Amphibian,0.4990,3161.6,469.6,3367.9,695.4
/srv/shared_leopard_toad/2024/18.11.2024/4Z/104MEDIA/DSCF0723.JPG,DSCF0723.JPG,4Z/104MEDIA,0,Other_Amphibian,0.2744,3165.6,471.2,3368.4,698.2
/srv/shared_leopard_toad/2024/18.11.2024/4Z/104MEDIA/DSCF0878.JPG,DSCF0878.JPG,4Z/104MEDIA,0,Other_Amphibian,0.2260,3164.1,469.3,3369.9,695.1
/srv/shared_leopard_toad/2024/18.11.2024/4Z/104MEDIA/DSCF0864.JPG,DSCF0864.JPG,4Z/104MEDIA,0,Other_Amphibian,0.6328,3165.0,469.0,3369.0,697.9
/srv/shared_leopard_toad/2024/18.11.2024/4Z/104MEDIA/DSCF0697.JPG,DSCF0697.JPG,4Z/104MEDIA,0,Other_Amphibian,0.2908,3165.4,470.3,3368.6,694.7
/srv/shared_leopard_toad/2024/18.11.2024/4Z/104MEDIA/DSCF0761.JPG,DSCF0761.JPG,4Z/104MEDIA,0,Other_Amphibian,0.8135,3167.3,471.0,3366.7,694.7
/srv/shared_leopard_toad/2024/18.11.2024/4Z/104MEDIA/DSCF0833.JPG,DSCF0833.JPG,4Z/104MEDIA,0,Other_Amphibian,0.6587,3169.9,472.4,3368.6,694.5
/srv/shared_leopard_toad/2024/18.11.2024/4Z/104MEDIA/DSCF0945.JPG,DSCF0945.JPG,4Z/104MEDIA,0,Other_Amphibian,0.2108,3169.1,471.6,3369.4,697.8
/srv/shared_leopard_toad/2024/18.11.2024/4Z/104MEDIA/DSCF0036.JPG,DSCF0036.JPG,4Z/104MEDIA,2,Western_Leopard_Toad,0.2568,4480.5,242.7,4609.5,666.0
/srv/shared_leopard_toad/2024/18.11.2024/4Z/104MEDIA/DSCF0653.JPG,DSCF0653.JPG,4Z/104MEDIA,0,Other_Amphibian,0.7266,3165.4,468.7,3368.6,694.4
/srv/shared_leopard_toad/2024/18.11.2024/4Z/104MEDIA/DSCF0754.JPG,DSCF0754.JPG,4Z/104MEDIA,0,Other_Amphibian,0.3513,3166.2,470.3,3367.8,695.3
/srv/shared_leopard_toad/2024/18.11.2024/4Z/104MEDIA/DSCF0838.JPG,DSCF0838.JPG,4Z/104MEDIA,0,Other_Amphibian,0.8032,3170.5,469.3,3368.0,695.1
/srv/shared_leopard_toad/2024/18.11.2024/4Z/104MEDIA/DSCF0729.JPG,DSCF0729.JPG,4Z/104MEDIA,0,Other_Amphibian,0.2659,3166.2,469.7,3367.8,695.9
/srv/shared_leopard_toad/2024/18.11.2024/4Z/104MEDIA/DSCF0315.JPG,DSCF0315.JPG,4Z/104MEDIA,0,Other_Amphibian,0.2766,3166.2,466.9,3367.8,695.5
/srv/shared_leopard_toad/2024/18.11.2024/4Z/104MEDIA/DSCF0045.JPG,DSCF0045.JPG,4Z/104MEDIA,2,Western_Leopard_Toad,0.3186,4481.2,236.7,4608.8,660.0
/srv/shared_leopard_toad/2024/18.11.2024/4Z/104MEDIA/DSCF0264.JPG,DSCF0264.JPG,4Z/104MEDIA,0,Other_Amphibian,0.3037,3162.0,469.0,3372.0,700.4
/srv/shared_leopard_toad/2024/18.11.2024/4Z/104MEDIA/DSCF0848.JPG,DSCF0848.JPG,4Z/104MEDIA,0,Other_Amphibian,0.4441,3167.1,469.1,3366.9,695.3
/srv/shared_leopard_toad/2024/18.11.2024/4Z/104MEDIA/DSCF0504.JPG,DSCF0504.JPG,4Z/104MEDIA,0,Other_Amphibian,0.2498,3166.3,469.1,3372.2,694.0
/srv/shared_leopard_toad/2024/18.11.2024/4Z/104MEDIA/DSCF0637.JPG,DSCF0637.JPG,4Z/104MEDIA,0,Other_Amphibian,0.2089,3165.0,467.3,3369.0,695.1
/srv/shared_leopard_toad/2024/18.11.2024/4Z/104MEDIA/DSCF0861.JPG,DSCF0861.JPG,4Z/104MEDIA,0,Other_Amphibian,0.2152,3166.3,468.1,3367.7,696.3
/srv/shared_leopard_toad/2024/18.11.2024/4Z/104MEDIA/DSCF0648.JPG,DSCF0648.JPG,4Z/104MEDIA,0,Other_Amphibian,0.4646,3166.2,468.9,3367.8,695.5
/srv/shared_leopard_toad/2024/18.11.2024/4Z/104MEDIA/DSCF0659.JPG,DSCF0659.JPG,4Z/104MEDIA,0,Other_Amphibian,0.3301,3164.4,469.5,3369.6,696.1
/srv/shared_leopard_toad/2024/18.11.2024/4Z/104MEDIA/DSCF0740.JPG,DSCF0740.JPG,4Z/104MEDIA,0,Other_Amphibian,0.4753,3166.3,469.5,3367.7,696.1
/srv/shared_leopard_toad/2024/18.11.2024/4Z/104MEDIA/DSCF0955.JPG,DSCF0955.JPG,4Z/104MEDIA,0,Other_Amphibian,0.2063,3169.7,470.3,3368.8,695.3
/srv/shared_leopard_toad/2024/18.11.2024/4Z/104MEDIA/DSCF0502.JPG,DSCF0502.JPG,4Z/104MEDIA,0,Other_Amphibian,0.4006,3164.6,468.9,3369.4,696.7
/srv/shared_leopard_toad/2024/18.11.2024/4Z/104MEDIA/DSCF0930.JPG,DSCF0930.JPG,4Z/104MEDIA,0,Other_Amphibian,0.3750,3166.3,469.9,3367.7,695.7
/srv/shared_leopard_toad/2024/18.11.2024/4Z/104MEDIA/DSCF0731.JPG,DSCF0731.JPG,4Z/104MEDIA,0,Other_Amphibian,0.3333,3168.2,467.5,3370.3,695.6
/srv/shared_leopard_toad/2024/18.11.2024/4Z/104MEDIA/DSCF0479.JPG,DSCF0479.JPG,4Z/104MEDIA,0,Other_Amphibian,0.5874,3165.6,469.4,3368.4,695.6
/srv/shared_leopard_toad/2024/18.11.2024/4Z/104MEDIA/DSCF0268.JPG,DSCF0268.JPG,4Z/104MEDIA,0,Other_Amphibian,0.3027,3160.5,466.8,3373.5,698.2
/srv/shared_leopard_toad/2024/18.11.2024/4Z/104MEDIA/DSCF0582.JPG,DSCF0582.JPG,4Z/104MEDIA,0,Other_Amphibian,0.5762,3165.4,470.6,3368.6,695.1
/srv/shared_leopard_toad/2024/18.11.2024/4Z/104MEDIA/DSCF0716.JPG,DSCF0716.JPG,4Z/104MEDIA,0,Other_Amphibian,0.2009,3166.0,468.0,3368.0,695.1
/srv/shared_leopard_toad/2024/18.11.2024/4Z/104MEDIA/DSCF0663.JPG,DSCF0663.JPG,4Z/104MEDIA,0,Other_Amphibian,0.3562,3167.9,470.4,3370.6,694.6
/srv/shared_leopard_toad/2024/18.11.2024/4Z/104MEDIA/DSCF0931.JPG,DSCF0931.JPG,4Z/104MEDIA,0,Other_Amphibian,0.2798,3166.3,471.1,3367.7,694.5
/srv/shared_leopard_toad/2024/18.11.2024/4Z/104MEDIA/DSCF0106.JPG,DSCF0106.JPG,4Z/104MEDIA,0,Other_Amphibian,0.2708,4508.3,1075.6,4608.7,1258.2
/srv/shared_leopard_toad/2024/18.11.2024/4Z/104MEDIA/DSCF0978.JPG,DSCF0978.JPG,4Z/104MEDIA,0,Other_Amphibian,0.3521,3168.6,468.8,3369.9,696.2
/srv/shared_leopard_toad/2024/18.11.2024/4Z/104MEDIA/DSCF0378.JPG,DSCF0378.JPG,4Z/104MEDIA,0,Other_Amphibian,0.2108,3164.4,468.5,3369.6,697.1
/srv/shared_leopard_toad/2024/18.11.2024/4Z/104MEDIA/DSCF0704.JPG,DSCF0704.JPG,4Z/104MEDIA,0,Other_Amphibian,0.3469,3164.1,470.7,3369.9,694.4
/srv/shared_leopard_toad/2024/18.11.2024/4Z/104MEDIA/DSCF0842.JPG,DSCF0842.JPG,4Z/104MEDIA,0,Other_Amphibian,0.4121,3171.9,469.1,3366.6,695.3
/srv/shared_leopard_toad/2024/18.11.2024/4Z/104MEDIA/DSCF0738.JPG,DSCF0738.JPG,4Z/104MEDIA,0,Other_Amphibian,0.3926,3165.0,469.7,3369.0,695.9
/srv/shared_leopard_toad/2024/18.11.2024/4Z/104MEDIA/DSCF0739.JPG,DSCF0739.JPG,4Z/104MEDIA,0,Other_Amphibian,0.3713,3166.7,469.4,3367.3,695.6
/srv/shared_leopard_toad/2024/18.11.2024/4Z/104MEDIA/DSCF0875.JPG,DSCF0875.JPG,4Z/104MEDIA,0,Other_Amphibian,0.5752,3165.4,469.4,3368.6,695.6
/srv/shared_leopard_toad/2024/18.11.2024/4Z/104MEDIA/DSCF0576.JPG,DSCF0576.JPG,4Z/104MEDIA,0,Other_Amphibian,0.4807,3168.2,471.8,3370.3,695.1
/srv/shared_leopard_toad/2024/18.11.2024/4Z/104MEDIA/DSCF0856.JPG,DSCF0856.JPG,4Z/104MEDIA,0,Other_Amphibian,0.7036,3166.7,469.9,3367.3,694.4
/srv/shared_leopard_toad/2024/18.11.2024/4Z/104MEDIA/DSCF0607.JPG,DSCF0607.JPG,4Z/104MEDIA,0,Other_Amphibian,0.4004,3164.3,468.8,3369.7,696.9
/srv/shared_leopard_toad/2024/18.11.2024/4Z/104MEDIA/DSCF0472.JPG,DSCF0472.JPG,4Z/104MEDIA,0,Other_Amphibian,0.3115,3164.8,469.2,3369.2,695.8
/srv/shared_leopard_toad/2024/18.11.2024/4Z/104MEDIA/DSCF0788.JPG,DSCF0788.JPG,4Z/104MEDIA,0,Other_Amphibian,0.7627,3167.1,469.3,3366.9,696.3
/srv/shared_leopard_toad/2024/18.11.2024/4Z/104MEDIA/DSCF0721.JPG,DSCF0721.JPG,4Z/104MEDIA,0,Other_Amphibian,0.3672,3165.4,469.3,3368.6,696.3
/srv/shared_leopard_toad/2024/18.11.2024/4Z/104MEDIA/DSCF0536.JPG,DSCF0536.JPG,4Z/104MEDIA,0,Other_Amphibian,0.2527,3164.6,467.2,3369.4,695.3
/srv/shared_leopard_toad/2024/18.11.2024/4Z/104MEDIA/DSCF0448.JPG,DSCF0448.JPG,4Z/104MEDIA,0,Other_Amphibian,0.2527,3167.1,468.7,3371.4,694.4
/srv/shared_leopard_toad/2024/18.11.2024/4Z/104MEDIA/DSCF0683.JPG,DSCF0683.JPG,4Z/104MEDIA,0,Other_Amphibian,0.2135,3162.7,469.9,3371.3,695.1
/srv/shared_leopard_toad/2024/18.11.2024/4Z/104MEDIA/DSCF0287.JPG,DSCF0287.JPG,4Z/104MEDIA,0,Other_Amphibian,0.3333,3161.6,468.9,3367.9,696.7
/srv/shared_leopard_toad/2024/18.11.2024/4Z/104MEDIA/DSCF0567.JPG,DSCF0567.JPG,4Z/104MEDIA,0,Other_Amphibian,0.7651,3165.6,469.2,3368.4,696.5
/srv/shared_leopard_toad/2024/18.11.2024/4Z/104MEDIA/DSCF0872.JPG,DSCF0872.JPG,4Z/104MEDIA,0,Other_Amphibian,0.5312,3166.3,471.6,3367.7,695.3
/srv/shared_leopard_toad/2024/18.11.2024/4Z/104MEDIA/DSCF0892.JPG,DSCF0892.JPG,4Z/104MEDIA,0,Other_Amphibian,0.3508,3166.2,470.7,3367.8,694.9
/srv/shared_leopard_toad/2024/18.11.2024/4Z/104MEDIA/DSCF0900.JPG,DSCF0900.JPG,4Z/104MEDIA,0,Other_Amphibian,0.2115,3161.0,471.0,3368.5,694.7
/srv/shared_leopard_toad/2024/18.11.2024/4Z/104MEDIA/DSCF0768.JPG,DSCF0768.JPG,4Z/104MEDIA,0,Other_Amphibian,0.6167,3170.5,471.0,3368.0,694.7
/srv/shared_leopard_toad/2024/18.11.2024/4Z/104MEDIA/DSCF0877.JPG,DSCF0877.JPG,4Z/104MEDIA,0,Other_Amphibian,0.3401,3164.4,471.0,3369.6,695.9
/srv/shared_leopard_toad/2024/18.11.2024/4Z/104MEDIA/DSCF0523.JPG,DSCF0523.JPG,4Z/104MEDIA,0,Other_Amphibian,0.2534,3164.1,469.5,3369.9,696.1
/srv/shared_leopard_toad/2024/18.11.2024/4Z/104MEDIA/DSCF0655.JPG,DSCF0655.JPG,4Z/104MEDIA,0,Other_Amphibian,0.2510,3164.3,469.0,3369.7,696.0
/srv/shared_leopard_toad/2024/18.11.2024/4Z/104MEDIA/DSCF0669.JPG,DSCF0669.JPG,4Z/104MEDIA,0,Other_Amphibian,0.3000,3166.0,469.7,3368.0,695.9
/srv/shared_leopard_toad/2024/18.11.2024/4Z/104MEDIA/DSCF0601.JPG,DSCF0601.JPG,4Z/104MEDIA,0,Other_Amphibian,0.4785,3165.2,470.3,3368.8,696.6
/srv/shared_leopard_toad/2024/18.11.2024/4Z/104MEDIA/DSCF0753.JPG,DSCF0753.JPG,4Z/104MEDIA,0,Other_Amphibian,0.3740,3166.2,468.0,3367.8,694.5
/srv/shared_leopard_toad/2024/18.11.2024/4Z/104MEDIA/DSCF0823.JPG,DSCF0823.JPG,4Z/104MEDIA,0,Other_Amphibian,0.7324,3174.3,469.9,3368.7,695.7
/srv/shared_leopard_toad/2024/18.11.2024/4Z/104MEDIA/DSCF0577.JPG,DSCF0577.JPG,4Z/104MEDIA,0,Other_Amphibian,0.3574,3165.8,468.4,3368.2,696.6
/srv/shared_leopard_toad/2024/18.11.2024/4Z/104MEDIA/DSCF0666.JPG,DSCF0666.JPG,4Z/104MEDIA,0,Other_Amphibian,0.5933,3164.4,467.8,3369.6,697.2
/srv/shared_leopard_toad/2024/18.11.2024/4Z/104MEDIA/DSCF0629.JPG,DSCF0629.JPG,4Z/104MEDIA,0,Other_Amphibian,0.4697,3165.4,468.3,3368.6,694.8
/srv/shared_leopard_toad/2024/18.11.2024/4Z/104MEDIA/DSCF0675.JPG,DSCF0675.JPG,4Z/104MEDIA,0,Other_Amphibian,0.4871,3167.6,468.9,3370.9,695.5
/srv/shared_leopard_toad/2024/18.11.2024/4Z/104MEDIA/DSCF0049.JPG,DSCF0049.JPG,4Z/104MEDIA,2,Western_Leopard_Toad,0.3550,4485.2,235.2,4609.3,664.6
/srv/shared_leopard_toad/2024/18.11.2024/4Z/104MEDIA/DSCF0635.JPG,DSCF0635.JPG,4Z/104MEDIA,0,Other_Amphibian,0.3962,3164.8,469.9,3369.2,695.7
/srv/shared_leopard_toad/2024/18.11.2024/4Z/104MEDIA/DSCF0820.JPG,DSCF0820.JPG,4Z/104MEDIA,0,Other_Amphibian,0.4629,3175.2,470.6,3367.8,695.1
/srv/shared_leopard_toad/2024/18.11.2024/4Z/104MEDIA/DSCF0782.JPG,DSCF0782.JPG,4Z/104MEDIA,0,Other_Amphibian,0.5425,3172.1,470.3,3370.9,696.6
/srv/shared_leopard_toad/2024/18.11.2024/4Z/104MEDIA/DSCF0533.JPG,DSCF0533.JPG,4Z/104MEDIA,0,Other_Amphibian,0.5972,3164.3,468.1,3369.7,696.3
/srv/shared_leopard_toad/2024/18.11.2024/4Z/104MEDIA/DSCF0511.JPG,DSCF0511.JPG,4Z/104MEDIA,0,Other_Amphibian,0.2974,3165.6,468.1,3368.4,696.3
/srv/shared_leopard_toad/2024/18.11.2024/4Z/104MEDIA/DSCF0503.JPG,DSCF0503.JPG,4Z/104MEDIA,0,Other_Amphibian,0.2598,3168.6,469.1,3369.9,695.3
/srv/shared_leopard_toad/2024/18.11.2024/4Z/104MEDIA/DSCF0885.JPG,DSCF0885.JPG,4Z/104MEDIA,0,Other_Amphibian,0.2729,3161.4,468.9,3368.1,695.5
/srv/shared_leopard_toad/2024/18.11.2024/4Z/104MEDIA/DSCF0622.JPG,DSCF0622.JPG,4Z/104MEDIA,0,Other_Amphibian,0.2031,3162.9,468.0,3371.1,695.1
/srv/shared_leopard_toad/2024/18.11.2024/4Z/104MEDIA/DSCF0418.JPG,DSCF0418.JPG,4Z/104MEDIA,0,Other_Amphibian,0.4624,3165.6,471.0,3368.4,694.7
/srv/shared_leopard_toad/2024/18.11.2024/4Z/104MEDIA/DSCF0621.JPG,DSCF0621.JPG,4Z/104MEDIA,0,Other_Amphibian,0.3242,3166.3,469.2,3367.7,696.5
/srv/shared_leopard_toad/2024/18.11.2024/4Z/104MEDIA/DSCF0483.JPG,DSCF0483.JPG,4Z/104MEDIA,0,Other_Amphibian,0.2688,3165.0,468.8,3369.0,696.2
/srv/shared_leopard_toad/2024/18.11.2024/4Z/104MEDIA/DSCF0686.JPG,DSCF0686.JPG,4Z/104MEDIA,0,Other_Amphibian,0.4314,3167.4,468.3,3371.1,694.8
/srv/shared_leopard_toad/2024/18.11.2024/4Z/104MEDIA/DSCF0790.JPG,DSCF0790.JPG,4Z/104MEDIA,0,Other_Amphibian,0.4519,3173.3,470.8,3369.7,696.1
/srv/shared_leopard_toad/2024/18.11.2024/4Z/104MEDIA/DSCF0333.JPG,DSCF0333.JPG,4Z/104MEDIA,0,Other_Amphibian,0.2124,3165.8,467.9,3368.2,695.2
/srv/shared_leopard_toad/2024/18.11.2024/4Z/104MEDIA/DSCF0805.JPG,DSCF0805.JPG,4Z/104MEDIA,0,Other_Amphibian,0.8931,3170.1,469.5,3368.4,693.6
/srv/shared_leopard_toad/2024/18.11.2024/4Z/104MEDIA/DSCF0805.JPG,DSCF0805.JPG,4Z/104MEDIA,2,Western_Leopard_Toad,0.2573,3170.1,469.5,3368.4,693.6
/srv/shared_leopard_toad/2024/18.11.2024/4Z/104MEDIA/DSCF0962.JPG,DSCF0962.JPG,4Z/104MEDIA,0,Other_Amphibian,0.2266,3167.9,470.2,3370.6,695.5
/srv/shared_leopard_toad/2024/18.11.2024/4Z/104MEDIA/DSCF0867.JPG,DSCF0867.JPG,4Z/104MEDIA,0,Other_Amphibian,0.4277,3170.1,469.5,3368.4,696.1
/srv/shared_leopard_toad/2024/18.11.2024/4Z/104MEDIA/DSCF0548.JPG,DSCF0548.JPG,4Z/104MEDIA,0,Other_Amphibian,0.3796,3165.8,471.0,3368.2,695.9
/srv/shared_leopard_toad/2024/18.11.2024/4Z/104MEDIA/DSCF0786.JPG,DSCF0786.JPG,4Z/104MEDIA,0,Other_Amphibian,0.4573,3169.5,469.2,3369.0,695.8
/srv/shared_leopard_toad/2024/18.11.2024/4Z/104MEDIA/DSCF0554.JPG,DSCF0554.JPG,4Z/104MEDIA,0,Other_Amphibian,0.4873,3166.5,470.6,3367.5,695.1
/srv/shared_leopard_toad/2024/18.11.2024/4Z/104MEDIA/DSCF0691.JPG,DSCF0691.JPG,4Z/104MEDIA,0,Other_Amphibian,0.2539,3160.8,468.3,3368.7,696.1
/srv/shared_leopard_toad/2024/18.11.2024/4Z/104MEDIA/DSCF0742.JPG,DSCF0742.JPG,4Z/104MEDIA,0,Other_Amphibian,0.2554,3164.6,469.4,3369.4,695.6
/srv/shared_leopard_toad/2024/18.11.2024/4Z/104MEDIA/DSCF0632.JPG,DSCF0632.JPG,4Z/104MEDIA,0,Other_Amphibian,0.2786,3166.0,470.2,3368.0,696.7
/srv/shared_leopard_toad/2024/18.11.2024/4Z/104MEDIA/DSCF0841.JPG,DSCF0841.JPG,4Z/104MEDIA,0,Other_Amphibian,0.4502,3170.2,470.2,3368.2,695.5
/srv/shared_leopard_toad/2024/18.11.2024/4Z/104MEDIA/DSCF0391.JPG,DSCF0391.JPG,4Z/104MEDIA,0,Other_Amphibian,0.2434,3165.8,467.5,3368.2,695.6
/srv/shared_leopard_toad/2024/18.11.2024/4Z/104MEDIA/DSCF0516.JPG,DSCF0516.JPG,4Z/104MEDIA,0,Other_Amphibian,0.3799,3168.2,469.3,3370.3,696.3
/srv/shared_leopard_toad/2024/18.11.2024/4Z/104MEDIA/DSCF0500.JPG,DSCF0500.JPG,4Z/104MEDIA,0,Other_Amphibian,0.2012,3168.2,469.6,3370.3,695.4
/srv/shared_leopard_toad/2024/18.11.2024/4Z/104MEDIA/DSCF0706.JPG,DSCF0706.JPG,4Z/104MEDIA,0,Other_Amphibian,0.2074,3165.0,470.3,3369.0,695.3
/srv/shared_leopard_toad/2024/18.11.2024/4Z/104MEDIA/DSCF0525.JPG,DSCF0525.JPG,4Z/104MEDIA,0,Other_Amphibian,0.3831,3164.1,468.9,3369.9,696.7
/srv/shared_leopard_toad/2024/18.11.2024/4Z/104MEDIA/DSCF0798.JPG,DSCF0798.JPG,4Z/104MEDIA,0,Other_Amphibian,0.7578,3171.9,473.2,3366.6,693.7
/srv/shared_leopard_toad/2024/18.11.2024/4Z/104MEDIA/DSCF0757.JPG,DSCF0757.JPG,4Z/104MEDIA,0,Other_Amphibian,0.4512,3170.5,468.9,3368.0,695.5
/srv/shared_leopard_toad/2024/18.11.2024/4Z/104MEDIA/DSCF0735.JPG,DSCF0735.JPG,4Z/104MEDIA,0,Other_Amphibian,0.2544,3166.3,468.8,3367.7,696.2
/srv/shared_leopard_toad/2024/18.11.2024/4Z/104MEDIA/DSCF0551.JPG,DSCF0551.JPG,4Z/104MEDIA,0,Other_Amphibian,0.3938,3168.4,470.2,3370.1,696.7
/srv/shared_leopard_toad/2024/18.11.2024/4Z/104MEDIA/DSCF0299.JPG,DSCF0299.JPG,4Z/104MEDIA,0,Other_Amphibian,0.2651,3165.2,470.3,3368.8,696.6
/srv/shared_leopard_toad/2024/18.11.2024/4Z/104MEDIA/DSCF0816.JPG,DSCF0816.JPG,4Z/104MEDIA,0,Other_Amphibian,0.5781,3170.5,470.7,3368.0,694.4
/srv/shared_leopard_toad/2024/18.11.2024/4Z/104MEDIA/DSCF0345.JPG,DSCF0345.JPG,4Z/104MEDIA,0,Other_Amphibian,0.2220,3165.0,470.3,3369.0,694.7
/srv/shared_leopard_toad/2024/18.11.2024/4Z/104MEDIA/DSCF0293.JPG,DSCF0293.JPG,4Z/104MEDIA,0,Other_Amphibian,0.2455,3168.0,469.9,3370.5,697.0
/srv/shared_leopard_toad/2024/18.11.2024/4Z/104MEDIA/DSCF0794.JPG,DSCF0794.JPG,4Z/104MEDIA,0,Other_Amphibian,0.6440,3170.5,469.6,3368.0,695.4
/srv/shared_leopard_toad/2024/18.11.2024/4Z/104MEDIA/DSCF0527.JPG,DSCF0527.JPG,4Z/104MEDIA,0,Other_Amphibian,0.4583,3165.6,469.5,3368.4,696.1
/srv/shared_leopard_toad/2024/18.11.2024/4Z/104MEDIA/DSCF0940.JPG,DSCF0940.JPG,4Z/104MEDIA,0,Other_Amphibian,0.3125,3169.0,472.9,3369.5,696.6
/srv/shared_leopard_toad/2024/18.11.2024/4Z/104MEDIA/DSCF0778.JPG,DSCF0778.JPG,4Z/104MEDIA,0,Other_Amphibian,0.5693,3170.8,470.0,3367.7,695.0
/srv/shared_leopard_toad/2024/18.11.2024/4Z/104MEDIA/DSCF0791.JPG,DSCF0791.JPG,4Z/104MEDIA,0,Other_Amphibian,0.2268,3167.3,469.1,3366.7,695.3
/srv/shared_leopard_toad/2024/18.11.2024/4Z/104MEDIA/DSCF0558.JPG,DSCF0558.JPG,4Z/104MEDIA,0,Other_Amphibian,0.2411,3164.8,471.2,3369.2,698.2
/srv/shared_leopard_toad/2024/18.11.2024/4Z/104MEDIA/DSCF0826.JPG,DSCF0826.JPG,4Z/104MEDIA,0,Other_Amphibian,0.6821,3174.0,471.0,3369.0,694.0
/srv/shared_leopard_toad/2024/18.11.2024/4Z/104MEDIA/DSCF0775.JPG,DSCF0775.JPG,4Z/104MEDIA,0,Other_Amphibian,0.4568,3167.4,471.6,3366.6,695.3
/srv/shared_leopard_toad/2024/18.11.2024/4Z/104MEDIA/DSCF0811.JPG,DSCF0811.JPG,4Z/104MEDIA,0,Other_Amphibian,0.3420,3169.8,468.3,3364.2,694.8
/srv/shared_leopard_toad/2024/18.11.2024/4Z/104MEDIA/DSCF0689.JPG,DSCF0689.JPG,4Z/104MEDIA,0,Other_Amphibian,0.3879,3166.3,469.9,3367.7,695.1
/srv/shared_leopard_toad/2024/18.11.2024/4Z/104MEDIA/DSCF0278.JPG,DSCF0278.JPG,4Z/104MEDIA,0,Other_Amphibian,0.3433,3163.5,467.6,3370.5,695.5
/srv/shared_leopard_toad/2024/18.11.2024/4Z/104MEDIA/DSCF0625.JPG,DSCF0625.JPG,4Z/104MEDIA,0,Other_Amphibian,0.4436,3168.0,472.6,3370.5,697.5
/srv/shared_leopard_toad/2024/18.11.2024/4Z/104MEDIA/DSCF0645.JPG,DSCF0645.JPG,4Z/104MEDIA,0,Other_Amphibian,0.2590,3165.2,468.3,3368.8,694.8
/srv/shared_leopard_toad/2024/18.11.2024/4Z/104MEDIA/DSCF0099.JPG,DSCF0099.JPG,4Z/104MEDIA,2,Western_Leopard_Toad,0.2537,4504.8,1076.3,4607.7,1252.4
/srv/shared_leopard_toad/2024/18.11.2024/4Z/104MEDIA/DSCF0463.JPG,DSCF0463.JPG,4Z/104MEDIA,0,Other_Amphibian,0.5015,3165.4,471.4,3368.6,695.5
/srv/shared_leopard_toad/2024/18.11.2024/4Z/104MEDIA/DSCF0327.JPG,DSCF0327.JPG,4Z/104MEDIA,0,Other_Amphibian,0.2227,3165.8,467.6,3368.2,695.5
/srv/shared_leopard_toad/2024/18.11.2024/4Z/104MEDIA/DSCF0727.JPG,DSCF0727.JPG,4Z/104MEDIA,0,Other_Amphibian,0.3103,3165.4,468.5,3368.6,695.9
/srv/shared_leopard_toad/2024/18.11.2024/4Z/104MEDIA/DSCF0840.JPG,DSCF0840.JPG,4Z/104MEDIA,0,Other_Amphibian,0.8770,3169.1,469.0,3369.4,696.0
/srv/shared_leopard_toad/2024/18.11.2024/4Z/104MEDIA/DSCF0605.JPG,DSCF0605.JPG,4Z/104MEDIA,0,Other_Amphibian,0.3333,3165.2,469.9,3368.8,695.1
/srv/shared_leopard_toad/2024/18.11.2024/4Z/104MEDIA/DSCF0314.JPG,DSCF0314.JPG,4Z/104MEDIA,0,Other_Amphibian,0.2344,3166.0,467.3,3368.0,695.1
/srv/shared_leopard_toad/2024/18.11.2024/4Z/104MEDIA/DSCF0760.JPG,DSCF0760.JPG,4Z/104MEDIA,0,Other_Amphibian,0.5332,3172.1,468.8,3370.9,693.7
/srv/shared_leopard_toad/2024/18.11.2024/4Z/104MEDIA/DSCF0593.JPG,DSCF0593.JPG,4Z/104MEDIA,0,Other_Amphibian,0.2771,3163.9,468.4,3370.1,696.6
/srv/shared_leopard_toad/2024/18.11.2024/4Z/104MEDIA/DSCF0588.JPG,DSCF0588.JPG,4Z/104MEDIA,0,Other_Amphibian,0.4238,3164.8,470.2,3369.2,695.5
/srv/shared_leopard_toad/2024/18.11.2024/4Z/104MEDIA/DSCF0903.JPG,DSCF0903.JPG,4Z/104MEDIA,0,Other_Amphibian,0.2483,3162.4,468.7,3367.1,695.7
/srv/shared_leopard_toad/2024/18.11.2024/4Z/104MEDIA/DSCF0619.JPG,DSCF0619.JPG,4Z/104MEDIA,0,Other_Amphibian,0.6533,3166.0,470.6,3368.0,696.3
/srv/shared_leopard_toad/2024/18.11.2024/4Z/104MEDIA/DSCF0693.JPG,DSCF0693.JPG,4Z/104MEDIA,0,Other_Amphibian,0.4690,3165.2,470.2,3368.8,695.5
/srv/shared_leopard_toad/2024/18.11.2024/4Z/104MEDIA/DSCF0538.JPG,DSCF0538.JPG,4Z/104MEDIA,0,Other_Amphibian,0.4321,3168.4,468.0,3370.1,697.0
/srv/shared_leopard_toad/2024/18.11.2024/4Z/104MEDIA/DSCF0454.JPG,DSCF0454.JPG,4Z/104MEDIA,0,Other_Amphibian,0.2113,3165.2,469.7,3368.8,694.7
/srv/shared_leopard_toad/2024/18.11.2024/4Z/104MEDIA/DSCF0947.JPG,DSCF0947.JPG,4Z/104MEDIA,0,Other_Amphibian,0.2881,3168.6,469.5,3369.9,696.1
/srv/shared_leopard_toad/2024/18.11.2024/4Z/104MEDIA/DSCF0772.JPG,DSCF0772.JPG,4Z/104MEDIA,0,Other_Amphibian,0.7559,3170.6,469.2,3367.9,695.8
/srv/shared_leopard_toad/2024/18.11.2024/4Z/104MEDIA/DSCF0844.JPG,DSCF0844.JPG,4Z/104MEDIA,0,Other_Amphibian,0.7749,3167.6,469.7,3366.4,694.7
/srv/shared_leopard_toad/2024/18.11.2024/4Z/104MEDIA/DSCF0824.JPG,DSCF0824.JPG,4Z/104MEDIA,0,Other_Amphibian,0.6641,3173.6,471.2,3369.4,695.7
/srv/shared_leopard_toad/2024/18.11.2024/4Z/104MEDIA/DSCF0886.JPG,DSCF0886.JPG,4Z/104MEDIA,0,Other_Amphibian,0.2281,3165.0,469.0,3369.0,696.0
/srv/shared_leopard_toad/2024/18.11.2024/4Z/104MEDIA/DSCF0773.JPG,DSCF0773.JPG,4Z/104MEDIA,0,Other_Amphibian,0.7554,3168.2,468.3,3365.8,696.1
/srv/shared_leopard_toad/2024/18.11.2024/4Z/104MEDIA/DSCF0849.JPG,DSCF0849.JPG,4Z/104MEDIA,0,Other_Amphibian,0.8018,3170.8,470.5,3367.7,692.6
/srv/shared_leopard_toad/2024/18.11.2024/4Z/104MEDIA/DSCF0685.JPG,DSCF0685.JPG,4Z/104MEDIA,0,Other_Amphibian,0.2020,3163.5,469.8,3370.5,699.7
/srv/shared_leopard_toad/2024/18.11.2024/4Z/104MEDIA/DSCF0725.JPG,DSCF0725.JPG,4Z/104MEDIA,0,Other_Amphibian,0.3027,3166.7,469.3,3367.3,695.1
/srv/shared_leopard_toad/2024/18.11.2024/4Z/104MEDIA/DSCF0550.JPG,DSCF0550.JPG,4Z/104MEDIA,0,Other_Amphibian,0.4561,3165.0,470.3,3369.0,695.3
/srv/shared_leopard_toad/2024/18.11.2024/4Z/104MEDIA/DSCF0612.JPG,DSCF0612.JPG,4Z/104MEDIA,2,Western_Leopard_Toad,0.9375,1841.4,2102.6,2055.6,2377.7
/srv/shared_leopard_toad/2024/18.11.2024/4Z/104MEDIA/DSCF0612.JPG,DSCF0612.JPG,4Z/104MEDIA,0,Other_Amphibian,0.7031,3166.5,469.8,3367.5,697.1
/srv/shared_leopard_toad/2024/18.11.2024/4Z/104MEDIA/DSCF0633.JPG,DSCF0633.JPG,4Z/104MEDIA,0,Other_Amphibian,0.2793,3166.2,468.8,3367.8,696.2
/srv/shared_leopard_toad/2024/18.11.2024/4Z/104MEDIA/DSCF0626.JPG,DSCF0626.JPG,4Z/104MEDIA,0,Other_Amphibian,0.6958,3164.8,470.8,3369.2,696.1
/srv/shared_leopard_toad/2024/18.11.2024/4Z/104MEDIA/DSCF0839.JPG,DSCF0839.JPG,4Z/104MEDIA,0,Other_Amphibian,0.7241,3171.0,469.2,3367.5,693.3
/srv/shared_leopard_toad/2024/18.11.2024/4Z/104MEDIA/DSCF0690.JPG,DSCF0690.JPG,4Z/104MEDIA,0,Other_Amphibian,0.2781,3166.2,468.3,3367.8,694.8
/srv/shared_leopard_toad/2024/18.11.2024/4Z/104MEDIA/DSCF0714.JPG,DSCF0714.JPG,4Z/104MEDIA,0,Other_Amphibian,0.5337,3164.6,468.8,3369.4,696.2
/srv/shared_leopard_toad/2024/18.11.2024/4Z/104MEDIA/DSCF0801.JPG,DSCF0801.JPG,4Z/104MEDIA,0,Other_Amphibian,0.2886,3171.2,469.9,3367.3,695.1
/srv/shared_leopard_toad/2024/18.11.2024/4Z/104MEDIA/DSCF0545.JPG,DSCF0545.JPG,4Z/104MEDIA,0,Other_Amphibian,0.3906,3162.6,468.9,3366.9,695.5
/srv/shared_leopard_toad/2024/18.11.2024/4Z/104MEDIA/DSCF0705.JPG,DSCF0705.JPG,4Z/104MEDIA,0,Other_Amphibian,0.3625,3164.3,470.6,3369.7,695.1
/srv/shared_leopard_toad/2024/18.11.2024/4Z/104MEDIA/DSCF0813.JPG,DSCF0813.JPG,4Z/104MEDIA,0,Other_Amphibian,0.7271,3173.3,468.9,3369.7,695.5
/srv/shared_leopard_toad/2024/18.11.2024/4Z/104MEDIA/DSCF0830.JPG,DSCF0830.JPG,4Z/104MEDIA,0,Other_Amphibian,0.7158,3170.2,470.4,3368.2,694.6
/srv/shared_leopard_toad/2024/18.11.2024/4Z/104MEDIA/DSCF0510.JPG,DSCF0510.JPG,4Z/104MEDIA,0,Other_Amphibian,0.2825,3162.9,467.6,3366.6,695.5
/srv/shared_leopard_toad/2024/18.11.2024/4Z/104MEDIA/DSCF0643.JPG,DSCF0643.JPG,4Z/104MEDIA,0,Other_Amphibian,0.2925,3165.0,468.9,3369.0,694.2
/srv/shared_leopard_toad/2024/18.11.2024/4Z/104MEDIA/DSCF0323.JPG,DSCF0323.JPG,4Z/104MEDIA,0,Other_Amphibian,0.3728,3165.6,468.5,3368.4,695.9
/srv/shared_leopard_toad/2024/18.11.2024/4Z/104MEDIA/DSCF0876.JPG,DSCF0876.JPG,4Z/104MEDIA,0,Other_Amphibian,0.2306,3166.2,470.2,3367.8,695.5
/srv/shared_leopard_toad/2024/18.11.2024/4Z/104MEDIA/DSCF0277.JPG,DSCF0277.JPG,4Z/104MEDIA,0,Other_Amphibian,0.2113,3163.1,468.8,3370.9,696.9
/srv/shared_leopard_toad/2024/18.11.2024/4Z/104MEDIA/DSCF0901.JPG,DSCF0901.JPG,4Z/104MEDIA,0,Other_Amphibian,0.3621,3166.9,469.6,3367.1,695.4
/srv/shared_leopard_toad/2024/18.11.2024/4Z/104MEDIA/DSCF0996.JPG,DSCF0996.JPG,4Z/104MEDIA,0,Other_Amphibian,0.3438,3164.8,470.2,3364.7,695.5
/srv/shared_leopard_toad/2024/18.11.2024/4Z/104MEDIA/DSCF0610.JPG,DSCF0610.JPG,4Z/104MEDIA,2,Western_Leopard_Toad,0.9331,1842.8,2101.7,2054.2,2373.5
/srv/shared_leopard_toad/2024/18.11.2024/4Z/104MEDIA/DSCF0692.JPG,DSCF0692.JPG,4Z/104MEDIA,0,Other_Amphibian,0.6665,3165.4,470.3,3368.6,695.3
/srv/shared_leopard_toad/2024/18.11.2024/4Z/104MEDIA/DSCF0542.JPG,DSCF0542.JPG,4Z/104MEDIA,0,Other_Amphibian,0.4993,3165.4,470.2,3368.6,696.7
/srv/shared_leopard_toad/2024/18.11.2024/4Z/104MEDIA/DSCF0846.JPG,DSCF0846.JPG,4Z/104MEDIA,0,Other_Amphibian,0.4404,3167.1,470.6,3366.9,695.1
/srv/shared_leopard_toad/2024/18.11.2024/4Z/104MEDIA/DSCF0804.JPG,DSCF0804.JPG,4Z/104MEDIA,0,Other_Amphibian,0.7632,3171.0,470.7,3367.5,694.4
/srv/shared_leopard_toad/2024/18.11.2024/4Z/104MEDIA/DSCF0825.JPG,DSCF0825.JPG,4Z/104MEDIA,0,Other_Amphibian,0.4558,3174.3,471.8,3368.7,695.1
/srv/shared_leopard_toad/2024/18.11.2024/4Z/104MEDIA/DSCF0627.JPG,DSCF0627.JPG,4Z/104MEDIA,0,Other_Amphibian,0.3499,3162.2,471.6,3367.3,695.3
/srv/shared_leopard_toad/2024/18.11.2024/4Z/104MEDIA/DSCF0540.JPG,DSCF0540.JPG,4Z/104MEDIA,0,Other_Amphibian,0.3699,3166.0,468.5,3368.0,697.1
/srv/shared_leopard_toad/2024/18.11.2024/4Z/104MEDIA/DSCF0618.JPG,DSCF0618.JPG,4Z/104MEDIA,0,Other_Amphibian,0.6021,3166.9,470.3,3367.1,696.6
/srv/shared_leopard_toad/2024/18.11.2024/4Z/104MEDIA/DSCF0584.JPG,DSCF0584.JPG,4Z/104MEDIA,0,Other_Amphibian,0.4243,3165.6,470.3,3368.4,695.3
/srv/shared_leopard_toad/2024/18.11.2024/4Z/104MEDIA/DSCF0586.JPG,DSCF0586.JPG,4Z/104MEDIA,0,Other_Amphibian,0.4500,3165.8,469.5,3368.2,696.1
/srv/shared_leopard_toad/2024/18.11.2024/4Z/104MEDIA/DSCF0828.JPG,DSCF0828.JPG,4Z/104MEDIA,0,Other_Amphibian,0.6523,3170.5,469.9,3368.0,695.1
/srv/shared_leopard_toad/2024/18.11.2024/4Z/104MEDIA/DSCF0555.JPG,DSCF0555.JPG,4Z/104MEDIA,0,Other_Amphibian,0.2671,3166.7,469.3,3371.8,696.3
/srv/shared_leopard_toad/2024/18.11.2024/4Z/104MEDIA/DSCF0695.JPG,DSCF0695.JPG,4Z/104MEDIA,0,Other_Amphibian,0.3967,3163.9,468.4,3370.1,697.3
/srv/shared_leopard_toad/2024/18.11.2024/4Z/104MEDIA/DSCF0764.JPG,DSCF0764.JPG,4Z/104MEDIA,0,Other_Amphibian,0.4167,3170.8,470.3,3367.7,695.3
/srv/shared_leopard_toad/2024/18.11.2024/4Z/104MEDIA/DSCF0657.JPG,DSCF0657.JPG,4Z/104MEDIA,0,Other_Amphibian,0.3892,3167.9,469.3,3370.6,693.8
/srv/shared_leopard_toad/2024/18.11.2024/4Z/104MEDIA/DSCF0587.JPG,DSCF0587.JPG,4Z/104MEDIA,0,Other_Amphibian,0.4011,3164.8,469.3,3369.2,695.1
/srv/shared_leopard_toad/2024/18.11.2024/4Z/104MEDIA/DSCF0711.JPG,DSCF0711.JPG,4Z/104MEDIA,0,Other_Amphibian,0.4424,3167.6,472.2,3370.9,694.7
/srv/shared_leopard_toad/2024/18.11.2024/4Z/104MEDIA/DSCF0563.JPG,DSCF0563.JPG,4Z/104MEDIA,0,Other_Amphibian,0.4197,3165.8,468.5,3368.2,695.9
/srv/shared_leopard_toad/2024/18.11.2024/4Z/104MEDIA/DSCF0283.JPG,DSCF0283.JPG,4Z/104MEDIA,0,Other_Amphibian,0.2793,3164.1,468.0,3369.9,694.5
/srv/shared_leopard_toad/2024/18.11.2024/4Z/104MEDIA/DSCF0869.JPG,DSCF0869.JPG,4Z/104MEDIA,0,Other_Amphibian,0.4158,3165.6,467.6,3368.4,695.5
/srv/shared_leopard_toad/2024/18.11.2024/4Z/104MEDIA/DSCF0470.JPG,DSCF0470.JPG,4Z/104MEDIA,0,Other_Amphibian,0.2487,3165.6,470.6,3368.4,696.3
/srv/shared_leopard_toad/2024/18.11.2024/4Z/104MEDIA/DSCF0710.JPG,DSCF0710.JPG,4Z/104MEDIA,0,Other_Amphibian,0.2549,3163.1,470.6,3370.9,696.3
/srv/shared_leopard_toad/2024/18.11.2024/4Z/104MEDIA/DSCF0863.JPG,DSCF0863.JPG,4Z/104MEDIA,0,Other_Amphibian,0.6646,3167.6,472.2,3366.4,693.5
/srv/shared_leopard_toad/2024/18.11.2024/4Z/104MEDIA/DSCF0265.JPG,DSCF0265.JPG,4Z/104MEDIA,0,Other_Amphibian,0.2233,3161.0,467.0,3373.0,698.0
/srv/shared_leopard_toad/2024/18.11.2024/4Z/104MEDIA/DSCF0850.JPG,DSCF0850.JPG,4Z/104MEDIA,0,Other_Amphibian,0.4539,3166.2,468.9,3367.8,695.5
/srv/shared_leopard_toad/2024/18.11.2024/4Z/104MEDIA/DSCF0389.JPG,DSCF0389.JPG,4Z/104MEDIA,0,Other_Amphibian,0.2654,3165.6,469.3,3368.4,696.3
/srv/shared_leopard_toad/2024/18.11.2024/4Z/104MEDIA/DSCF0570.JPG,DSCF0570.JPG,4Z/104MEDIA,0,Other_Amphibian,0.2612,3164.4,470.0,3369.6,695.0
/srv/shared_leopard_toad/2024/18.11.2024/4Z/104MEDIA/DSCF0785.JPG,DSCF0785.JPG,4Z/104MEDIA,0,Other_Amphibian,0.3345,3172.7,467.9,3370.3,695.2
/srv/shared_leopard_toad/2024/18.11.2024/4Z/104MEDIA/DSCF0687.JPG,DSCF0687.JPG,4Z/104MEDIA,0,Other_Amphibian,0.3135,3165.6,468.9,3368.4,696.7
/srv/shared_leopard_toad/2024/18.11.2024/4Z/104MEDIA/DSCF0718.JPG,DSCF0718.JPG,4Z/104MEDIA,0,Other_Amphibian,0.2166,3166.2,468.0,3367.8,695.1
/srv/shared_leopard_toad/2024/18.11.2024/4Z/104MEDIA/DSCF0783.JPG,DSCF0783.JPG,4Z/104MEDIA,0,Other_Amphibian,0.6631,3172.5,470.7,3370.5,693.6
/srv/shared_leopard_toad/2024/18.11.2024/4Z/104MEDIA/DSCF0440.JPG,DSCF0440.JPG,4Z/104MEDIA,0,Other_Amphibian,0.2878,3169.1,470.4,3373.9,694.6
/srv/shared_leopard_toad/2024/18.11.2024/4Z/104MEDIA/DSCF0857.JPG,DSCF0857.JPG,4Z/104MEDIA,0,Other_Amphibian,0.6182,3166.7,470.7,3367.3,693.6
/srv/shared_leopard_toad/2024/18.11.2024/4Z/104MEDIA/DSCF0703.JPG,DSCF0703.JPG,4Z/104MEDIA,0,Other_Amphibian,0.4873,3166.9,471.0,3371.6,695.9
/srv/shared_leopard_toad/2024/18.11.2024/4Z/104MEDIA/DSCF0779.JPG,DSCF0779.JPG,4Z/104MEDIA,0,Other_Amphibian,0.4683,3168.9,473.6,3365.1,696.5
/srv/shared_leopard_toad/2024/18.11.2024/4Z/104MEDIA/DSCF0881.JPG,DSCF0881.JPG,4Z/104MEDIA,0,Other_Amphibian,0.2549,3168.8,468.4,3369.7,694.7
/srv/shared_leopard_toad/2024/18.11.2024/4Z/104MEDIA/DSCF0571.JPG,DSCF0571.JPG,4Z/104MEDIA,0,Other_Amphibian,0.2360,3165.6,470.2,3368.4,695.5
/srv/shared_leopard_toad/2024/18.11.2024/4Z/104MEDIA/DSCF0958.JPG,DSCF0958.JPG,4Z/104MEDIA,0,Other_Amphibian,0.3804,3167.9,471.9,3370.6,698.2
/srv/shared_leopard_toad/2024/18.11.2024/4Z/104MEDIA/DSCF0375.JPG,DSCF0375.JPG,4Z/104MEDIA,0,Other_Amphibian,0.2163,3169.7,473.4,3368.8,696.0
/srv/shared_leopard_toad/2024/18.11.2024/4Z/104MEDIA/DSCF0639.JPG,DSCF0639.JPG,4Z/104MEDIA,0,Other_Amphibian,0.3086,3166.3,470.8,3367.7,696.1
/srv/shared_leopard_toad/2024/18.11.2024/4Z/104MEDIA/DSCF0104.JPG,DSCF0104.JPG,4Z/104MEDIA,0,Other_Amphibian,0.2111,4505.9,1080.3,4606.6,1258.6
/srv/shared_leopard_toad/2024/18.11.2024/4Z/104MEDIA/DSCF0603.JPG,DSCF0603.JPG,4Z/104MEDIA,0,Other_Amphibian,0.7236,3164.6,470.3,3369.4,696.6
/srv/shared_leopard_toad/2024/18.11.2024/4Z/104MEDIA/DSCF0492.JPG,DSCF0492.JPG,4Z/104MEDIA,0,Other_Amphibian,0.2367,3164.1,470.6,3369.9,695.1
/srv/shared_leopard_toad/2024/18.11.2024/4Z/104MEDIA/DSCF0530.JPG,DSCF0530.JPG,4Z/104MEDIA,0,Other_Amphibian,0.4985,3169.3,469.2,3369.2,695.8
/srv/shared_leopard_toad/2024/18.11.2024/4Z/104MEDIA/DSCF0654.JPG,DSCF0654.JPG,4Z/104MEDIA,0,Other_Amphibian,0.3562,3162.6,468.3,3366.9,696.1
/srv/shared_leopard_toad/2024/18.11.2024/4Z/104MEDIA/DSCF0521.JPG,DSCF0521.JPG,4Z/104MEDIA,0,Other_Amphibian,0.5684,3166.9,470.0,3367.1,695.0
/srv/shared_leopard_toad/2024/18.11.2024/4Z/104MEDIA/DSCF0456.JPG,DSCF0456.JPG,4Z/104MEDIA,0,Other_Amphibian,0.4124,3169.7,469.9,3373.3,695.1
/srv/shared_leopard_toad/2024/18.11.2024/4Z/104MEDIA/DSCF0799.JPG,DSCF0799.JPG,4Z/104MEDIA,0,Other_Amphibian,0.7485,3170.6,470.0,3367.9,695.0
/srv/shared_leopard_toad/2024/18.11.2024/4Z/104MEDIA/DSCF0355.JPG,DSCF0355.JPG,4Z/104MEDIA,0,Other_Amphibian,0.2463,3163.9,469.4,3370.1,695.6
/srv/shared_leopard_toad/2024/18.11.2024/4Z/104MEDIA/DSCF0682.JPG,DSCF0682.JPG,4Z/104MEDIA,0,Other_Amphibian,0.4490,3164.3,468.1,3369.7,697.5
/srv/shared_leopard_toad/2024/18.11.2024/4Z/104MEDIA/DSCF0535.JPG,DSCF0535.JPG,4Z/104MEDIA,0,Other_Amphibian,0.4460,3165.8,469.7,3368.2,694.7
/srv/shared_leopard_toad/2024/18.11.2024/4Z/104MEDIA/DSCF0787.JPG,DSCF0787.JPG,4Z/104MEDIA,0,Other_Amphibian,0.5352,3170.5,469.2,3368.0,695.8
/srv/shared_leopard_toad/2024/18.11.2024/4Z/104MEDIA/DSCF0756.JPG,DSCF0756.JPG,4Z/104MEDIA,0,Other_Amphibian,0.2690,3162.2,471.8,3367.3,695.1
/srv/shared_leopard_toad/2024/18.11.2024/4Z/104MEDIA/DSCF0517.JPG,DSCF0517.JPG,4Z/104MEDIA,0,Other_Amphibian,0.3384,3162.2,469.2,3367.3,696.5
/srv/shared_leopard_toad/2024/18.11.2024/4Z/104MEDIA/DSCF0614.JPG,DSCF0614.JPG,4Z/104MEDIA,0,Other_Amphibian,0.4885,3164.8,468.6,3369.2,696.4
/srv/shared_leopard_toad/2024/18.11.2024/4Z/104MEDIA/DSCF0674.JPG,DSCF0674.JPG,4Z/104MEDIA,0,Other_Amphibian,0.3804,3166.2,470.6,3367.8,695.1
/srv/shared_leopard_toad/2024/18.11.2024/4Z/104MEDIA/DSCF0597.JPG,DSCF0597.JPG,4Z/104MEDIA,0,Other_Amphibian,0.5884,3165.0,469.4,3369.0,695.6
/srv/shared_leopard_toad/2024/18.11.2024/4Z/104MEDIA/DSCF0715.JPG,DSCF0715.JPG,4Z/104MEDIA,0,Other_Amphibian,0.3127,3166.3,468.5,3367.7,695.9
/srv/shared_leopard_toad/2024/18.11.2024/4Z/104MEDIA/DSCF0673.JPG,DSCF0673.JPG,4Z/104MEDIA,0,Other_Amphibian,0.4114,3165.0,469.3,3369.0,696.3
/srv/shared_leopard_toad/2024/18.11.2024/4Z/104MEDIA/DSCF0477.JPG,DSCF0477.JPG,4Z/104MEDIA,0,Other_Amphibian,0.2434,3165.8,472.9,3368.2,694.0
/srv/shared_leopard_toad/2024/18.11.2024/4Z/104MEDIA/DSCF0441.JPG,DSCF0441.JPG,4Z/104MEDIA,0,Other_Amphibian,0.4485,3168.6,469.7,3369.9,694.7
/srv/shared_leopard_toad/2024/18.11.2024/4Z/104MEDIA/DSCF0810.JPG,DSCF0810.JPG,4Z/104MEDIA,0,Other_Amphibian,0.6372,3171.0,471.2,3367.5,695.7
/srv/shared_leopard_toad/2024/18.11.2024/4Z/104MEDIA/DSCF0976.JPG,DSCF0976.JPG,4Z/104MEDIA,0,Other_Amphibian,0.2861,3166.3,469.6,3367.7,695.4
/srv/shared_leopard_toad/2024/18.11.2024/4Z/104MEDIA/DSCF0814.JPG,DSCF0814.JPG,4Z/104MEDIA,0,Other_Amphibian,0.4778,3169.1,472.6,3364.9,694.4
/srv/shared_leopard_toad/2024/18.11.2024/4Z/104MEDIA/DSCF0480.JPG,DSCF0480.JPG,4Z/104MEDIA,0,Other_Amphibian,0.3140,3168.8,468.3,3369.7,696.1
/srv/shared_leopard_toad/2024/18.11.2024/4Z/104MEDIA/DSCF0749.JPG,DSCF0749.JPG,4Z/104MEDIA,0,Other_Amphibian,0.4065,3165.0,468.4,3369.0,696.6
/srv/shared_leopard_toad/2024/18.11.2024/4Z/104MEDIA/DSCF0684.JPG,DSCF0684.JPG,4Z/104MEDIA,0,Other_Amphibian,0.3867,3164.8,470.2,3369.2,695.5
/srv/shared_leopard_toad/2024/18.11.2024/4Z/104MEDIA/DSCF0546.JPG,DSCF0546.JPG,4Z/104MEDIA,0,Other_Amphibian,0.5947,3165.4,469.0,3368.6,696.0
/srv/shared_leopard_toad/2024/18.11.2024/4Z/104MEDIA/DSCF0296.JPG,DSCF0296.JPG,4Z/104MEDIA,0,Other_Amphibian,0.4558,3162.7,468.2,3366.8,696.8
/srv/shared_leopard_toad/2024/18.11.2024/4Z/104MEDIA/DSCF0743.JPG,DSCF0743.JPG,4Z/104MEDIA,0,Other_Amphibian,0.2101,3168.6,469.2,3369.9,693.3
/srv/shared_leopard_toad/2024/18.11.2024/4Z/104MEDIA/DSCF0694.JPG,DSCF0694.JPG,4Z/104MEDIA,0,Other_Amphibian,0.2786,3167.6,471.2,3366.4,695.7
/srv/shared_leopard_toad/2024/18.11.2024/4Z/104MEDIA/DSCF0969.JPG,DSCF0969.JPG,4Z/104MEDIA,0,Other_Amphibian,0.2908,3169.0,469.7,3369.5,695.9
/srv/shared_leopard_toad/2024/18.11.2024/4Z/104MEDIA/DSCF0598.JPG,DSCF0598.JPG,4Z/104MEDIA,0,Other_Amphibian,0.5278,3163.9,468.6,3370.1,696.4
/srv/shared_leopard_toad/2024/18.11.2024/4Z/104MEDIA/DSCF0905.JPG,DSCF0905.JPG,4Z/104MEDIA,0,Other_Amphibian,0.2573,3166.7,470.6,3367.3,695.1
/srv/shared_leopard_toad/2024/18.11.2024/4Z/104MEDIA/DSCF0306.JPG,DSCF0306.JPG,4Z/104MEDIA,0,Other_Amphibian,0.2002,3167.6,468.7,3370.9,695.7
/srv/shared_leopard_toad/2024/18.11.2024/4Z/104MEDIA/DSCF0473.JPG,DSCF0473.JPG,4Z/104MEDIA,0,Other_Amphibian,0.2462,3170.7,469.5,3372.3,694.8
/srv/shared_leopard_toad/2024/18.11.2024/4Z/104MEDIA/DSCF0498.JPG,DSCF0498.JPG,4Z/104MEDIA,0,Other_Amphibian,0.3977,3165.0,468.0,3369.0,697.0
/srv/shared_leopard_toad/2024/18.11.2024/4Z/104MEDIA/DSCF0928.JPG,DSCF0928.JPG,4Z/104MEDIA,0,Other_Amphibian,0.2471,3166.5,468.0,3367.5,694.5
/srv/shared_leopard_toad/2024/18.11.2024/4Z/104MEDIA/DSCF0960.JPG,DSCF0960.JPG,4Z/104MEDIA,0,Other_Amphibian,0.4448,3170.1,471.6,3368.4,695.3
/srv/shared_leopard_toad/2024/18.11.2024/4Z/104MEDIA/DSCF0770.JPG,DSCF0770.JPG,4Z/104MEDIA,0,Other_Amphibian,0.4463,3172.1,471.0,3370.9,695.9
/srv/shared_leopard_toad/2024/18.11.2024/4Z/104MEDIA/DSCF0438.JPG,DSCF0438.JPG,4Z/104MEDIA,0,Other_Amphibian,0.2351,3165.4,467.6,3368.6,694.9
/srv/shared_leopard_toad/2024/18.11.2024/4Z/104MEDIA/DSCF0453.JPG,DSCF0453.JPG,4Z/104MEDIA,0,Other_Amphibian,0.2803,3167.1,467.6,3371.4,695.5
/srv/shared_leopard_toad/2024/18.11.2024/4Z/104MEDIA/DSCF0481.JPG,DSCF0481.JPG,4Z/104MEDIA,0,Other_Amphibian,0.3857,3164.1,472.2,3369.9,697.2
/srv/shared_leopard_toad/2024/18.11.2024/4Z/104MEDIA/DSCF0815.JPG,DSCF0815.JPG,4Z/104MEDIA,0,Other_Amphibian,0.6313,3171.6,469.3,3366.9,695.1
/srv/shared_leopard_toad/2024/18.11.2024/4Z/104MEDIA/DSCF0696.JPG,DSCF0696.JPG,4Z/104MEDIA,0,Other_Amphibian,0.3179,3164.8,466.8,3369.2,693.8
/srv/shared_leopard_toad/2024/18.11.2024/4Z/104MEDIA/DSCF0946.JPG,DSCF0946.JPG,4Z/104MEDIA,0,Other_Amphibian,0.2101,3167.9,470.3,3370.6,695.3
/srv/shared_leopard_toad/2024/18.11.2024/4Z/104MEDIA/DSCF0569.JPG,DSCF0569.JPG,4Z/104MEDIA,0,Other_Amphibian,0.3906,3165.6,467.7,3368.4,696.6
/srv/shared_leopard_toad/2024/18.11.2024/4Z/104MEDIA/DSCF0733.JPG,DSCF0733.JPG,4Z/104MEDIA,0,Other_Amphibian,0.4224,3165.8,469.5,3368.2,693.6
/srv/shared_leopard_toad/2024/18.11.2024/4Z/104MEDIA/DSCF0831.JPG,DSCF0831.JPG,4Z/104MEDIA,0,Other_Amphibian,0.7036,3170.6,470.6,3367.9,696.3
/srv/shared_leopard_toad/2024/18.11.2024/4Z/104MEDIA/DSCF0294.JPG,DSCF0294.JPG,4Z/104MEDIA,0,Other_Amphibian,0.2954,3165.2,467.6,3368.8,695.5
/srv/shared_leopard_toad/2024/18.11.2024/4Z/104MEDIA/DSCF0771.JPG,DSCF0771.JPG,4Z/104MEDIA,0,Other_Amphibian,0.4731,3172.7,471.2,3370.3,695.7
/srv/shared_leopard_toad/2024/18.11.2024/4Z/104MEDIA/DSCF0806.JPG,DSCF0806.JPG,4Z/104MEDIA,0,Other_Amphibian,0.3511,3169.9,470.7,3368.6,694.9
/srv/shared_leopard_toad/2024/18.11.2024/4Z/104MEDIA/DSCF0552.JPG,DSCF0552.JPG,4Z/104MEDIA,0,Other_Amphibian,0.7134,3166.3,471.6,3367.7,695.3
/srv/shared_leopard_toad/2024/18.11.2024/4Z/104MEDIA/DSCF0575.JPG,DSCF0575.JPG,4Z/104MEDIA,0,Other_Amphibian,0.5205,3165.2,469.4,3368.8,695.6
/srv/shared_leopard_toad/2024/18.11.2024/4Z/104MEDIA/DSCF0818.JPG,DSCF0818.JPG,4Z/104MEDIA,0,Other_Amphibian,0.6987,3170.6,467.5,3367.9,693.7
/srv/shared_leopard_toad/2024/18.11.2024/4Z/104MEDIA/DSCF0583.JPG,DSCF0583.JPG,4Z/104MEDIA,0,Other_Amphibian,0.2325,3162.0,470.3,3372.0,695.3
/srv/shared_leopard_toad/2024/18.11.2024/4Z/104MEDIA/DSCF0452.JPG,DSCF0452.JPG,4Z/104MEDIA,0,Other_Amphibian,0.4150,3165.8,469.9,3372.8,695.1
/srv/shared_leopard_toad/2024/18.11.2024/4Z/104MEDIA/DSCF0467.JPG,DSCF0467.JPG,4Z/104MEDIA,0,Other_Amphibian,0.3774,3168.9,468.5,3374.1,695.9
/srv/shared_leopard_toad/2024/18.11.2024/4Z/104MEDIA/DSCF0259.JPG,DSCF0259.JPG,4Z/104MEDIA,0,Other_Amphibian,0.3799,3161.7,469.5,3372.3,701.8
/srv/shared_leopard_toad/2024/18.11.2024/4Z/104MEDIA/DSCF0797.JPG,DSCF0797.JPG,4Z/104MEDIA,0,Other_Amphibian,0.5107,3173.8,470.4,3369.2,694.6
/srv/shared_leopard_toad/2024/18.11.2024/4Z/104MEDIA/DSCF0665.JPG,DSCF0665.JPG,4Z/104MEDIA,0,Other_Amphibian,0.3274,3165.0,468.4,3369.0,694.7
/srv/shared_leopard_toad/2024/18.11.2024/4Z/104MEDIA/DSCF0630.JPG,DSCF0630.JPG,4Z/104MEDIA,0,Other_Amphibian,0.3032,3166.2,469.7,3367.8,695.9
/srv/shared_leopard_toad/2024/18.11.2024/4Z/104MEDIA/DSCF0776.JPG,DSCF0776.JPG,4Z/104MEDIA,0,Other_Amphibian,0.5732,3168.6,470.6,3369.9,696.3
/srv/shared_leopard_toad/2024/18.11.2024/4Z/104MEDIA/DSCF0557.JPG,DSCF0557.JPG,4Z/104MEDIA,0,Other_Amphibian,0.4990,3164.8,469.4,3369.2,695.6
/srv/shared_leopard_toad/2024/18.11.2024/4Z/104MEDIA/DSCF0766.JPG,DSCF0766.JPG,4Z/104MEDIA,0,Other_Amphibian,0.3193,3168.6,469.5,3365.4,696.1
/srv/shared_leopard_toad/2024/18.11.2024/4Z/104MEDIA/DSCF0496.JPG,DSCF0496.JPG,4Z/104MEDIA,0,Other_Amphibian,0.3342,3166.2,470.8,3367.8,694.2
/srv/shared_leopard_toad/2024/18.11.2024/4Z/104MEDIA/DSCF0995.JPG,DSCF0995.JPG,4Z/104MEDIA,0,Other_Amphibian,0.2452,3167.4,471.1,3366.6,694.5
/srv/shared_leopard_toad/2024/18.11.2024/4Z/104MEDIA/DSCF0719.JPG,DSCF0719.JPG,4Z/104MEDIA,0,Other_Amphibian,0.2812,3166.3,470.6,3367.7,696.3
/srv/shared_leopard_toad/2024/18.11.2024/4Z/104MEDIA/DSCF0628.JPG,DSCF0628.JPG,4Z/104MEDIA,0,Other_Amphibian,0.3303,3164.3,468.9,3369.7,696.7
/srv/shared_leopard_toad/2024/18.11.2024/4Z/104MEDIA/DSCF0793.JPG,DSCF0793.JPG,4Z/104MEDIA,0,Other_Amphibian,0.8145,3170.5,470.1,3368.0,694.3
/srv/shared_leopard_toad/2024/18.11.2024/4Z/104MEDIA/DSCF0646.JPG,DSCF0646.JPG,4Z/104MEDIA,0,Other_Amphibian,0.4033,3169.7,469.7,3368.8,695.9
/srv/shared_leopard_toad/2024/18.11.2024/4Z/104MEDIA/DSCF0859.JPG,DSCF0859.JPG,4Z/104MEDIA,0,Other_Amphibian,0.4905,3166.7,471.8,3367.3,695.1
/srv/shared_leopard_toad/2024/18.11.2024/4Z/104MEDIA/DSCF0547.JPG,DSCF0547.JPG,4Z/104MEDIA,0,Other_Amphibian,0.2595,3165.8,469.6,3368.2,695.4
/srv/shared_leopard_toad/2024/18.11.2024/4Z/104MEDIA/DSCF0845.JPG,DSCF0845.JPG,4Z/104MEDIA,0,Other_Amphibian,0.5835,3170.5,469.5,3368.0,693.6
/srv/shared_leopard_toad/2024/18.11.2024/4Z/104MEDIA/DSCF0751.JPG,DSCF0751.JPG,4Z/104MEDIA,0,Other_Amphibian,0.4053,3167.2,470.6,3371.3,695.1
/srv/shared_leopard_toad/2024/18.11.2024/4Z/104MEDIA/DSCF0578.JPG,DSCF0578.JPG,4Z/104MEDIA,0,Other_Amphibian,0.3511,3164.1,468.9,3369.9,696.7
/srv/shared_leopard_toad/2024/18.11.2024/4Z/104MEDIA/DSCF0847.JPG,DSCF0847.JPG,4Z/104MEDIA,0,Other_Amphibian,0.6851,3166.5,469.9,3367.5,694.4
/srv/shared_leopard_toad/2024/18.11.2024/4Z/104MEDIA/DSCF0803.JPG,DSCF0803.JPG,4Z/104MEDIA,0,Other_Amphibian,0.6104,3170.5,469.6,3368.0,695.4
/srv/shared_leopard_toad/2024/18.11.2024/4Z/104MEDIA/DSCF0585.JPG,DSCF0585.JPG,4Z/104MEDIA,0,Other_Amphibian,0.5728,3164.4,468.8,3369.6,696.9
/srv/shared_leopard_toad/2024/18.11.2024/4Z/104MEDIA/DSCF0819.JPG,DSCF0819.JPG,4Z/104MEDIA,0,Other_Amphibian,0.7900,3171.0,470.3,3367.5,695.3
/srv/shared_leopard_toad/2024/18.11.2024/4Z/104MEDIA/DSCF0819.JPG,DSCF0819.JPG,4Z/104MEDIA,2,Western_Leopard_Toad,0.2703,3171.0,470.3,3367.5,695.3
/srv/shared_leopard_toad/2024/18.11.2024/4Z/104MEDIA/DSCF0462.JPG,DSCF0462.JPG,4Z/104MEDIA,0,Other_Amphibian,0.5098,3166.9,469.3,3371.6,695.1
/srv/shared_leopard_toad/2024/18.11.2024/4Z/104MEDIA/DSCF0522.JPG,DSCF0522.JPG,4Z/104MEDIA,0,Other_Amphibian,0.2147,3165.9,470.3,3372.6,692.9
/srv/shared_leopard_toad/2024/18.11.2024/4Z/104MEDIA/DSCF0641.JPG,DSCF0641.JPG,4Z/104MEDIA,0,Other_Amphibian,0.3359,3168.4,470.2,3370.1,696.7
/srv/shared_leopard_toad/2024/18.11.2024/4Z/104MEDIA/DSCF0624.JPG,DSCF0624.JPG,4Z/104MEDIA,0,Other_Amphibian,0.3779,3164.4,470.3,3369.6,694.7
/srv/shared_leopard_toad/2024/18.11.2024/4Z/104MEDIA/DSCF0561.JPG,DSCF0561.JPG,4Z/104MEDIA,0,Other_Amphibian,0.4294,3165.4,469.0,3368.6,696.0
/srv/shared_leopard_toad/2024/18.11.2024/4Z/104MEDIA/DSCF0616.JPG,DSCF0616.JPG,4Z/104MEDIA,0,Other_Amphibian,0.5322,3167.6,468.9,3370.9,696.7
/srv/shared_leopard_toad/2024/18.11.2024/4Z/104MEDIA/DSCF0829.JPG,DSCF0829.JPG,4Z/104MEDIA,0,Other_Amphibian,0.8955,3171.9,471.2,3371.1,693.8
/srv/shared_leopard_toad/2024/18.11.2024/4Z/104MEDIA/DSCF0821.JPG,DSCF0821.JPG,4Z/104MEDIA,0,Other_Amphibian,0.7061,3174.3,469.7,3368.7,694.7
/srv/shared_leopard_toad/2024/18.11.2024/4Z/104MEDIA/DSCF0471.JPG,DSCF0471.JPG,4Z/104MEDIA,0,Other_Amphibian,0.4204,3161.8,469.5,3367.7,696.1
/srv/shared_leopard_toad/2024/18.11.2024/4Z/104MEDIA/DSCF0609.JPG,DSCF0609.JPG,4Z/104MEDIA,2,Western_Leopard_Toad,0.9204,1842.0,2102.0,2055.0,2375.7
/srv/shared_leopard_toad/2024/18.11.2024/4Z/104MEDIA/DSCF0609.JPG,DSCF0609.JPG,4Z/104MEDIA,0,Other_Amphibian,0.4729,3163.1,466.5,3370.9,696.6
/srv/shared_leopard_toad/2024/18.11.2024/4Z/104MEDIA/DSCF0329.JPG,DSCF0329.JPG,4Z/104MEDIA,0,Other_Amphibian,0.2347,3162.4,471.0,3367.1,698.4
/srv/shared_leopard_toad/2024/18.11.2024/4Z/104MEDIA/DSCF0261.JPG,DSCF0261.JPG,4Z/104MEDIA,0,Other_Amphibian,0.4819,3158.9,470.0,3370.6,699.4
/srv/shared_leopard_toad/2024/18.11.2024/4Z/104MEDIA/DSCF0326.JPG,DSCF0326.JPG,4Z/104MEDIA,0,Other_Amphibian,0.2302,3168.0,468.8,3370.5,696.2
/srv/shared_leopard_toad/2024/18.11.2024/4Z/104MEDIA/DSCF0809.JPG,DSCF0809.JPG,4Z/104MEDIA,0,Other_Amphibian,0.7573,3172.7,470.7,3370.3,694.9
/srv/shared_leopard_toad/2024/18.11.2024/4Z/104MEDIA/DSCF0796.JPG,DSCF0796.JPG,4Z/104MEDIA,0,Other_Amphibian,0.7354,3172.7,470.4,3370.3,694.6
/srv/shared_leopard_toad/2024/18.11.2024/4Z/104MEDIA/DSCF0495.JPG,DSCF0495.JPG,4Z/104MEDIA,0,Other_Amphibian,0.4023,3164.6,470.2,3369.4,695.5
/srv/shared_leopard_toad/2024/18.11.2024/4Z/104MEDIA/DSCF0951.JPG,DSCF0951.JPG,4Z/104MEDIA,0,Other_Amphibian,0.3679,3168.4,471.2,3370.1,698.2
/srv/shared_leopard_toad/2024/18.11.2024/4Z/104MEDIA/DSCF0647.JPG,DSCF0647.JPG,4Z/104MEDIA,0,Other_Amphibian,0.2976,3165.0,469.2,3369.0,695.8
/srv/shared_leopard_toad/2024/18.11.2024/4Z/104MEDIA/DSCF0573.JPG,DSCF0573.JPG,4Z/104MEDIA,0,Other_Amphibian,0.3530,3164.4,469.4,3369.6,695.6
/srv/shared_leopard_toad/2024/18.11.2024/4Z/104MEDIA/DSCF0920.JPG,DSCF0920.JPG,4Z/104MEDIA,0,Other_Amphibian,0.2133,3161.0,471.4,3368.5,694.3
/srv/shared_leopard_toad/2024/18.11.2024/4Z/104MEDIA/DSCF0968.JPG,DSCF0968.JPG,4Z/104MEDIA,0,Other_Amphibian,0.2289,3167.9,469.7,3370.6,695.9
/srv/shared_leopard_toad/2024/18.11.2024/4Z/104MEDIA/DSCF0100.JPG,DSCF0100.JPG,4Z/104MEDIA,0,Other_Amphibian,0.2100,4504.0,1081.6,4608.5,1257.3
/srv/shared_leopard_toad/2024/18.11.2024/4Z/104MEDIA/DSCF0401.JPG,DSCF0401.JPG,4Z/104MEDIA,0,Other_Amphibian,0.2335,3165.4,469.4,3368.6,695.6
/srv/shared_leopard_toad/2024/18.11.2024/4Z/104MEDIA/DSCF0973.JPG,DSCF0973.JPG,4Z/104MEDIA,0,Other_Amphibian,0.2269,3167.1,469.5,3366.9,696.1
/srv/shared_leopard_toad/2024/18.11.2024/4Z/104MEDIA/DSCF0599.JPG,DSCF0599.JPG,4Z/104MEDIA,0,Other_Amphibian,0.3125,3164.8,467.7,3369.2,696.6
/srv/shared_leopard_toad/2024/18.11.2024/4Z/104MEDIA/DSCF0491.JPG,DSCF0491.JPG,4Z/104MEDIA,0,Other_Amphibian,0.3633,3166.0,470.8,3368.0,696.1
/srv/shared_leopard_toad/2024/18.11.2024/4Z/104MEDIA/DSCF0600.JPG,DSCF0600.JPG,4Z/104MEDIA,0,Other_Amphibian,0.2144,3162.0,471.4,3372.0,698.0
/srv/shared_leopard_toad/2024/18.11.2024/4Z/104MEDIA/DSCF0835.JPG,DSCF0835.JPG,4Z/104MEDIA,0,Other_Amphibian,0.7515,3171.4,471.8,3367.1,695.1
/srv/shared_leopard_toad/2024/18.11.2024/4Z/104MEDIA/DSCF0383.JPG,DSCF0383.JPG,4Z/104MEDIA,0,Other_Amphibian,0.2352,3163.3,469.0,3370.7,696.0
/srv/shared_leopard_toad/2024/18.11.2024/4Z/104MEDIA/DSCF0631.JPG,DSCF0631.JPG,4Z/104MEDIA,0,Other_Amphibian,0.5132,3166.2,470.2,3367.8,695.5
/srv/shared_leopard_toad/2024/18.11.2024/4Z/104MEDIA/DSCF0400.JPG,DSCF0400.JPG,4Z/104MEDIA,0,Other_Amphibian,0.2869,3166.0,470.4,3368.0,694.6
/srv/shared_leopard_toad/2024/18.11.2024/4Z/104MEDIA/DSCF0658.JPG,DSCF0658.JPG,4Z/104MEDIA,0,Other_Amphibian,0.5205,3169.1,468.4,3369.4,694.7
/srv/shared_leopard_toad/2024/18.11.2024/4Z/104MEDIA/DSCF0606.JPG,DSCF0606.JPG,4Z/104MEDIA,0,Other_Amphibian,0.2959,3164.1,469.2,3369.9,696.5
/srv/shared_leopard_toad/2024/18.11.2024/4Z/104MEDIA/DSCF0351.JPG,DSCF0351.JPG,4Z/104MEDIA,0,Other_Amphibian,0.2549,3165.6,467.3,3368.4,693.9
/srv/shared_leopard_toad/2024/18.11.2024/4Z/104MEDIA/DSCF0354.JPG,DSCF0354.JPG,4Z/104MEDIA,0,Other_Amphibian,0.2903,3168.8,468.9,3369.7,696.7
/srv/shared_leopard_toad/2024/18.11.2024/4Z/104MEDIA/DSCF0620.JPG,DSCF0620.JPG,4Z/104MEDIA,0,Other_Amphibian,0.2285,3165.0,471.6,3369.0,697.8
/srv/shared_leopard_toad/2024/18.11.2024/4Z/104MEDIA/DSCF0746.JPG,DSCF0746.JPG,4Z/104MEDIA,0,Other_Amphibian,0.3376,3165.6,466.5,3368.4,696.6
/srv/shared_leopard_toad/2024/18.11.2024/4Z/104MEDIA/DSCF0763.JPG,DSCF0763.JPG,4Z/104MEDIA,0,Other_Amphibian,0.3953,3169.1,471.0,3364.9,694.0
/srv/shared_leopard_toad/2024/18.11.2024/4Z/104MEDIA/DSCF0591.JPG,DSCF0591.JPG,4Z/104MEDIA,0,Other_Amphibian,0.3723,3161.6,468.8,3367.9,696.9
/srv/shared_leopard_toad/2024/18.11.2024/4Z/104MEDIA/DSCF0664.JPG,DSCF0664.JPG,4Z/104MEDIA,0,Other_Amphibian,0.3911,3166.0,469.1,3368.0,695.3
/srv/shared_leopard_toad/2024/18.11.2024/4Z/104MEDIA/DSCF0468.JPG,DSCF0468.JPG,4Z/104MEDIA,0,Other_Amphibian,0.4104,3164.2,469.7,3374.3,694.7
/srv/shared_leopard_toad/2024/18.11.2024/4Z/104MEDIA/DSCF0865.JPG,DSCF0865.JPG,4Z/104MEDIA,0,Other_Amphibian,0.6953,3165.6,469.7,3368.4,694.7
/srv/shared_leopard_toad/2024/18.11.2024/4Z/104MEDIA/DSCF0808.JPG,DSCF0808.JPG,4Z/104MEDIA,0,Other_Amphibian,0.7476,3171.2,471.8,3367.3,693.2
/srv/shared_leopard_toad/2024/18.11.2024/4Z/104MEDIA/DSCF0800.JPG,DSCF0800.JPG,4Z/104MEDIA,0,Other_Amphibian,0.7070,3171.2,468.8,3367.3,693.7
/srv/shared_leopard_toad/2024/18.11.2024/4Z/104MEDIA/DSCF0367.JPG,DSCF0367.JPG,4Z/104MEDIA,0,Other_Amphibian,0.2129,3165.8,469.2,3368.2,695.8
/srv/shared_leopard_toad/2024/18.11.2024/4Z/104MEDIA/DSCF0832.JPG,DSCF0832.JPG,4Z/104MEDIA,0,Other_Amphibian,0.5459,3168.6,470.1,3365.4,694.3
/srv/shared_leopard_toad/2024/18.11.2024/4Z/104MEDIA/DSCF0331.JPG,DSCF0331.JPG,4Z/104MEDIA,0,Other_Amphibian,0.3247,3165.4,469.6,3368.6,695.4
/srv/shared_leopard_toad/2024/18.11.2024/4Z/104MEDIA/DSCF0789.JPG,DSCF0789.JPG,4Z/104MEDIA,0,Other_Amphibian,0.6489,3169.9,469.1,3368.6,694.0
/srv/shared_leopard_toad/2024/18.11.2024/4Z/104MEDIA/DSCF0941.JPG,DSCF0941.JPG,4Z/104MEDIA,0,Other_Amphibian,0.2325,3167.6,468.1,3370.9,697.5
/srv/shared_leopard_toad/2024/18.11.2024/4Z/104MEDIA/DSCF0602.JPG,DSCF0602.JPG,4Z/104MEDIA,0,Other_Amphibian,0.3210,3165.0,468.4,3369.0,694.7
/srv/shared_leopard_toad/2024/18.11.2024/4Z/104MEDIA/DSCF0688.JPG,DSCF0688.JPG,4Z/104MEDIA,0,Other_Amphibian,0.3591,3164.4,469.9,3369.6,695.1
/srv/shared_leopard_toad/2024/18.11.2024/4Z/104MEDIA/DSCF0357.JPG,DSCF0357.JPG,4Z/104MEDIA,0,Other_Amphibian,0.2021,3167.9,469.9,3370.6,695.7
/srv/shared_leopard_toad/2024/18.11.2024/4Z/104MEDIA/DSCF0843.JPG,DSCF0843.JPG,4Z/104MEDIA,0,Other_Amphibian,0.2646,3170.8,470.7,3367.7,694.9
/srv/shared_leopard_toad/2024/18.11.2024/4Z/104MEDIA/DSCF0910.JPG,DSCF0910.JPG,4Z/104MEDIA,0,Other_Amphibian,0.6191,3166.2,469.1,3367.8,695.3
/srv/shared_leopard_toad/2024/18.11.2024/4Z/104MEDIA/DSCF0497.JPG,DSCF0497.JPG,4Z/104MEDIA,0,Other_Amphibian,0.2573,3164.1,468.7,3369.9,694.4
/srv/shared_leopard_toad/2024/18.11.2024/4Z/104MEDIA/DSCF0611.JPG,DSCF0611.JPG,4Z/104MEDIA,2,Western_Leopard_Toad,0.9458,1841.6,2103.0,2055.4,2374.8
/srv/shared_leopard_toad/2024/18.11.2024/4Z/104MEDIA/DSCF0611.JPG,DSCF0611.JPG,4Z/104MEDIA,0,Other_Amphibian,0.6831,3165.2,469.9,3368.8,695.7
/srv/shared_leopard_toad/2024/18.11.2024/4Z/104MEDIA/DSCF0855.JPG,DSCF0855.JPG,4Z/104MEDIA,0,Other_Amphibian,0.6426,3165.6,470.1,3368.4,694.3
/srv/shared_leopard_toad/2024/18.11.2024/4Z/104MEDIA/DSCF0024.JPG,DSCF0024.JPG,4Z/104MEDIA,2,Western_Leopard_Toad,0.4619,4486.2,227.8,4608.3,665.7
/srv/shared_leopard_toad/2024/18.11.2024/4Z/104MEDIA/DSCF0852.JPG,DSCF0852.JPG,4Z/104MEDIA,0,Other_Amphibian,0.7368,3166.5,469.4,3367.5,695.6
/srv/shared_leopard_toad/2024/18.11.2024/4Z/104MEDIA/DSCF0318.JPG,DSCF0318.JPG,4Z/104MEDIA,0,Other_Amphibian,0.3298,3161.0,467.7,3368.5,697.9
/srv/shared_leopard_toad/2024/18.11.2024/4Z/104MEDIA/DSCF0617.JPG,DSCF0617.JPG,4Z/104MEDIA,0,Other_Amphibian,0.3428,3165.0,470.3,3369.0,695.3
/srv/shared_leopard_toad/2024/18.11.2024/4Z/104MEDIA/DSCF0671.JPG,DSCF0671.JPG,4Z/104MEDIA,0,Other_Amphibian,0.2471,3165.6,469.3,3368.4,696.3
/srv/shared_leopard_toad/2024/18.11.2024/4Z/104MEDIA/DSCF0328.JPG,DSCF0328.JPG,4Z/104MEDIA,0,Other_Amphibian,0.2378,3165.0,469.7,3369.0,694.7
/srv/shared_leopard_toad/2024/18.11.2024/4Z/104MEDIA/DSCF0595.JPG,DSCF0595.JPG,4Z/104MEDIA,0,Other_Amphibian,0.5210,3164.8,470.2,3369.2,695.5
/srv/shared_leopard_toad/2024/18.11.2024/4Z/104MEDIA/DSCF0701.JPG,DSCF0701.JPG,4Z/104MEDIA,0,Other_Amphibian,0.5347,3166.3,471.8,3367.7,693.9
/srv/shared_leopard_toad/2024/18.11.2024/4Z/104MEDIA/DSCF0317.JPG,DSCF0317.JPG,4Z/104MEDIA,0,Other_Amphibian,0.4241,3166.2,468.1,3367.8,694.4
/srv/shared_leopard_toad/2024/18.11.2024/4Z/104MEDIA/DSCF0893.JPG,DSCF0893.JPG,4Z/104MEDIA,0,Other_Amphibian,0.3823,3164.8,467.5,3369.2,695.6
/srv/shared_leopard_toad/2024/18.11.2024/4Z/104MEDIA/DSCF0860.JPG,DSCF0860.JPG,4Z/104MEDIA,0,Other_Amphibian,0.6279,3165.8,470.6,3368.2,696.3
/srv/shared_leopard_toad/2024/18.11.2024/4Z/104MEDIA/DSCF0465.JPG,DSCF0465.JPG,4Z/104MEDIA,0,Other_Amphibian,0.2346,3167.2,470.7,3371.3,694.9
/srv/shared_leopard_toad/2024/18.11.2024/4Z/104MEDIA/DSCF0604.JPG,DSCF0604.JPG,4Z/104MEDIA,0,Other_Amphibian,0.4919,3165.2,466.9,3368.8,695.5
/srv/shared_leopard_toad/2024/18.11.2024/4Z/104MEDIA/DSCF0450.JPG,DSCF0450.JPG,4Z/104MEDIA,0,Other_Amphibian,0.5015,3168.4,469.1,3374.6,694.0
/srv/shared_leopard_toad/2024/18.11.2024/4Z/104MEDIA/DSCF0677.JPG,DSCF0677.JPG,4Z/104MEDIA,0,Other_Amphibian,0.3530,3163.5,470.6,3366.0,695.1
/srv/shared_leopard_toad/2024/18.11.2024/4Z/104MEDIA/DSCF0356.JPG,DSCF0356.JPG,4Z/104MEDIA,0,Other_Amphibian,0.3311,3164.6,469.4,3369.4,695.6
/srv/shared_leopard_toad/2024/18.11.2024/4Z/104MEDIA/DSCF0444.JPG,DSCF0444.JPG,4Z/104MEDIA,0,Other_Amphibian,0.5298,3168.4,469.0,3370.1,696.0
/srv/shared_leopard_toad/2024/18.11.2024/4Z/104MEDIA/DSCF0638.JPG,DSCF0638.JPG,4Z/104MEDIA,0,Other_Amphibian,0.2949,3164.8,469.3,3369.2,695.1
/srv/shared_leopard_toad/2024/18.11.2024/4Z/104MEDIA/DSCF0836.JPG,DSCF0836.JPG,4Z/104MEDIA,0,Other_Amphibian,0.5283,3171.6,470.1,3366.9,694.3
/srv/shared_leopard_toad/2024/18.11.2024/4Z/104MEDIA/DSCF0520.JPG,DSCF0520.JPG,4Z/104MEDIA,0,Other_Amphibian,0.3069,3164.8,470.7,3369.2,693.6
/srv/shared_leopard_toad/2024/18.11.2024/4Z/104MEDIA/DSCF0744.JPG,DSCF0744.JPG,4Z/104MEDIA,0,Other_Amphibian,0.2028,3164.3,468.3,3369.7,696.1
/srv/shared_leopard_toad/2024/18.11.2024/4Z/104MEDIA/DSCF0950.JPG,DSCF0950.JPG,4Z/104MEDIA,0,Other_Amphibian,0.3154,3167.4,473.0,3371.1,696.4
/srv/shared_leopard_toad/2024/18.11.2024/4Z/104MEDIA/DSCF0447.JPG,DSCF0447.JPG,4Z/104MEDIA,0,Other_Amphibian,0.4092,3164.3,468.6,3369.7,696.4
/srv/shared_leopard_toad/2024/18.11.2024/4Z/104MEDIA/DSCF0717.JPG,DSCF0717.JPG,4Z/104MEDIA,0,Other_Amphibian,0.2426,3166.0,469.7,3368.0,693.4
/srv/shared_leopard_toad/2024/18.11.2024/4Z/104MEDIA/DSCF0410.JPG,DSCF0410.JPG,4Z/104MEDIA,0,Other_Amphibian,0.3115,3164.8,468.0,3369.2,697.0
/srv/shared_leopard_toad/2024/18.11.2024/4Z/104MEDIA/DSCF0579.JPG,DSCF0579.JPG,4Z/104MEDIA,0,Other_Amphibian,0.5771,3164.3,471.4,3369.7,695.5
/srv/shared_leopard_toad/2024/18.11.2024/4Z/104MEDIA/DSCF0506.JPG,DSCF0506.JPG,4Z/104MEDIA,0,Other_Amphibian,0.4771,3168.6,469.7,3369.9,694.7
/srv/shared_leopard_toad/2024/18.11.2024/4Z/104MEDIA/DSCF0361.JPG,DSCF0361.JPG,4Z/104MEDIA,0,Other_Amphibian,0.3779,3166.2,468.8,3367.8,696.2
/srv/shared_leopard_toad/2024/18.11.2024/4Z/104MEDIA/DSCF0642.JPG,DSCF0642.JPG,4Z/104MEDIA,0,Other_Amphibian,0.2651,3165.8,468.0,3368.2,695.1
/srv/shared_leopard_toad/2024/18.11.2024/4Z/104MEDIA/DSCF0762.JPG,DSCF0762.JPG,4Z/104MEDIA,0,Other_Amphibian,0.6626,3170.5,468.4,3368.0,694.7
/srv/shared_leopard_toad/2024/18.11.2024/4Z/104MEDIA/DSCF0992.JPG,DSCF0992.JPG,4Z/104MEDIA,0,Other_Amphibian,0.2854,3165.4,472.0,3364.1,694.9
/srv/shared_leopard_toad/2024/18.11.2024/4Z/104MEDIA/DSCF0707.JPG,DSCF0707.JPG,4Z/104MEDIA,0,Other_Amphibian,0.3032,3165.0,469.9,3369.0,695.7
/srv/shared_leopard_toad/2024/18.11.2024/4Z/102MEDIA/DSCF0911.JPG,DSCF0911.JPG,4Z/102MEDIA,2,Western_Leopard_Toad,0.7324,1219.7,988.4,1415.0,1188.5
/srv/shared_leopard_toad/2024/18.11.2024/4Z/102MEDIA/DSCF0812.JPG,DSCF0812.JPG,4Z/102MEDIA,2,Western_Leopard_Toad,0.6567,4524.2,2331.9,4610.8,2449.7
/srv/shared_leopard_toad/2024/18.11.2024/4Z/102MEDIA/DSCF0868.JPG,DSCF0868.JPG,4Z/102MEDIA,0,Other_Amphibian,0.2654,4504.4,1059.5,4608.1,1255.3
/srv/shared_leopard_toad/2024/18.11.2024/4Z/102MEDIA/DSCF0868.JPG,DSCF0868.JPG,4Z/102MEDIA,0,Other_Amphibian,0.2362,4507.7,1070.9,4609.3,1262.9
/srv/shared_leopard_toad/2024/18.11.2024/4Z/102MEDIA/DSCF0802.JPG,DSCF0802.JPG,4Z/102MEDIA,2,Western_Leopard_Toad,0.5400,4528.0,2332.2,4611.5,2449.3
/srv/shared_leopard_toad/2024/18.11.2024/4Z/102MEDIA/DSCF0834.JPG,DSCF0834.JPG,4Z/102MEDIA,2,Western_Leopard_Toad,0.3750,4526.0,2318.7,4613.5,2452.7
/srv/shared_leopard_toad/2024/18.11.2024/4Z/102MEDIA/DSCF0822.JPG,DSCF0822.JPG,4Z/102MEDIA,2,Western_Leopard_Toad,0.2998,4532.6,2322.3,4611.4,2449.1
/srv/shared_leopard_toad/2024/18.11.2024/4Z/102MEDIA/DSCF0792.JPG,DSCF0792.JPG,4Z/102MEDIA,2,Western_Leopard_Toad,0.2590,4532.6,2307.3,4611.4,2451.4
/srv/shared_leopard_toad/2024/18.11.2024/4Z/102MEDIA/DSCF0807.JPG,DSCF0807.JPG,4Z/102MEDIA,2,Western_Leopard_Toad,0.4043,4532.0,2327.4,4612.0,2451.6
/srv/shared_leopard_toad/2024/18.11.2024/4Z/102MEDIA/DSCF0795.JPG,DSCF0795.JPG,4Z/102MEDIA,2,Western_Leopard_Toad,0.5273,4527.2,2327.8,4612.3,2451.2
/srv/shared_leopard_toad/2024/18.11.2024/4Z/102MEDIA/DSCF0817.JPG,DSCF0817.JPG,4Z/102MEDIA,2,Western_Leopard_Toad,0.4141,4532.4,2317.8,4611.6,2451.1
/srv/shared_leopard_toad/2024/18.11.2024/4Z/102MEDIA/DSCF0713.JPG,DSCF0713.JPG,4Z/102MEDIA,0,Other_Amphibian,0.2203,4503.9,1082.7,4608.6,1260.0
/srv/shared_leopard_toad/2024/18.11.2024/4Z/102MEDIA/DSCF0880.JPG,DSCF0880.JPG,4Z/102MEDIA,0,Other_Amphibian,0.2009,4502.0,1074.3,4610.5,1249.4
/srv/shared_leopard_toad/2024/18.11.2024/4Z/102MEDIA/DSCF0866.JPG,DSCF0866.JPG,4Z/102MEDIA,0,Other_Amphibian,0.2076,4507.9,1070.6,4609.1,1268.3
/srv/shared_leopard_toad/2024/18.11.2024/4Z/102MEDIA/DSCF0871.JPG,DSCF0871.JPG,4Z/102MEDIA,0,Other_Amphibian,0.2922,4508.4,1070.6,4608.6,1256.8
/srv/shared_leopard_toad/2024/18.11.2024/4Z/102MEDIA/DSCF0873.JPG,DSCF0873.JPG,4Z/102MEDIA,0,Other_Amphibian,0.2646,4510.0,1068.2,4611.5,1256.8
/srv/shared_leopard_toad/2024/18.11.2024/4Z/102MEDIA/DSCF0837.JPG,DSCF0837.JPG,4Z/102MEDIA,2,Western_Leopard_Toad,0.3826,4532.3,2323.8,4611.7,2450.2
/srv/shared_leopard_toad/2024/18.11.2024/4Z/102MEDIA/DSCF0878.JPG,DSCF0878.JPG,4Z/102MEDIA,0,Other_Amphibian,0.2007,4510.3,1074.1,4611.2,1261.0
/srv/shared_leopard_toad/2024/18.11.2024/4Z/102MEDIA/DSCF0716.JPG,DSCF0716.JPG,4Z/102MEDIA,0,Other_Amphibian,0.2322,4502.6,1080.9,4605.4,1260.5
/srv/shared_leopard_toad/2024/18.11.2024/4Z/102MEDIA/DSCF0927.JPG,DSCF0927.JPG,4Z/102MEDIA,2,Western_Leopard_Toad,0.2502,2203.2,249.7,2440.8,474.2
/srv/shared_leopard_toad/2024/18.11.2024/4Z/102MEDIA/DSCF0908.JPG,DSCF0908.JPG,4Z/102MEDIA,2,Western_Leopard_Toad,0.8237,1220.4,989.8,1414.3,1189.6
/srv/shared_leopard_toad/2024/18.11.2024/4Z/102MEDIA/DSCF0023.JPG,DSCF0023.JPG,4Z/102MEDIA,2,Western_Leopard_Toad,0.9648,3490.3,1493.1,4105.7,2053.2
/srv/shared_leopard_toad/2024/18.11.2024/4Z/102MEDIA/DSCF0872.JPG,DSCF0872.JPG,4Z/102MEDIA,0,Other_Amphibian,0.2683,4507.6,1076.5,4609.4,1262.4
/srv/shared_leopard_toad/2024/18.11.2024/4Z/102MEDIA/DSCF0877.JPG,DSCF0877.JPG,4Z/102MEDIA,0,Other_Amphibian,0.2301,4505.3,1070.6,4611.7,1258.2
/srv/shared_leopard_toad/2024/18.11.2024/4Z/102MEDIA/DSCF0655.JPG,DSCF0655.JPG,4Z/102MEDIA,0,Other_Amphibian,0.2106,418.5,330.6,502.8,425.6
/srv/shared_leopard_toad/2024/18.11.2024/4Z/102MEDIA/DSCF0907.JPG,DSCF0907.JPG,4Z/102MEDIA,2,Western_Leopard_Toad,0.5063,1219.1,991.1,1415.6,1190.9
/srv/shared_leopard_toad/2024/18.11.2024/4Z/102MEDIA/DSCF0962.JPG,DSCF0962.JPG,4Z/102MEDIA,2,Western_Leopard_Toad,0.9443,1349.4,952.7,2122.3,1682.3
/srv/shared_leopard_toad/2024/18.11.2024/4Z/102MEDIA/DSCF0874.JPG,DSCF0874.JPG,4Z/102MEDIA,0,Other_Amphibian,0.2264,4507.5,1075.3,4609.5,1263.6
/srv/shared_leopard_toad/2024/18.11.2024/4Z/102MEDIA/DSCF0841.JPG,DSCF0841.JPG,4Z/102MEDIA,2,Western_Leopard_Toad,0.3337,4523.9,2319.4,4611.1,2452.0
/srv/shared_leopard_toad/2024/18.11.2024/4Z/102MEDIA/DSCF0798.JPG,DSCF0798.JPG,4Z/102MEDIA,2,Western_Leopard_Toad,0.6226,4527.4,2331.0,4612.1,2450.5
/srv/shared_leopard_toad/2024/18.11.2024/4Z/102MEDIA/DSCF0794.JPG,DSCF0794.JPG,4Z/102MEDIA,2,Western_Leopard_Toad,0.4141,4523.4,2324.9,4611.6,2454.1
/srv/shared_leopard_toad/2024/18.11.2024/4Z/102MEDIA/DSCF0791.JPG,DSCF0791.JPG,4Z/102MEDIA,2,Western_Leopard_Toad,0.4790,4526.4,2319.4,4613.1,2452.0
/srv/shared_leopard_toad/2024/18.11.2024/4Z/102MEDIA/DSCF0811.JPG,DSCF0811.JPG,4Z/102MEDIA,2,Western_Leopard_Toad,0.4495,4526.7,2320.8,4612.8,2453.2
/srv/shared_leopard_toad/2024/18.11.2024/4Z/102MEDIA/DSCF0909.JPG,DSCF0909.JPG,4Z/102MEDIA,2,Western_Leopard_Toad,0.5713,1219.3,988.7,1413.2,1188.2
/srv/shared_leopard_toad/2024/18.11.2024/4Z/102MEDIA/DSCF0909.JPG,DSCF0909.JPG,4Z/102MEDIA,2,Western_Leopard_Toad,0.5146,1218.6,988.1,1413.9,1188.7
/srv/shared_leopard_toad/2024/18.11.2024/4Z/102MEDIA/DSCF0824.JPG,DSCF0824.JPG,4Z/102MEDIA,2,Western_Leopard_Toad,0.4639,4526.6,2328.4,4612.9,2450.6
/srv/shared_leopard_toad/2024/18.11.2024/4Z/102MEDIA/DSCF0801.JPG,DSCF0801.JPG,4Z/102MEDIA,2,Western_Leopard_Toad,0.5801,4527.4,2332.3,4612.1,2451.8
/srv/shared_leopard_toad/2024/18.11.2024/4Z/102MEDIA/DSCF0830.JPG,DSCF0830.JPG,4Z/102MEDIA,2,Western_Leopard_Toad,0.3999,4530.7,2310.4,4613.3,2450.9
/srv/shared_leopard_toad/2024/18.11.2024/4Z/102MEDIA/DSCF0876.JPG,DSCF0876.JPG,4Z/102MEDIA,0,Other_Amphibian,0.2386,4509.5,1073.5,4612.0,1252.7
/srv/shared_leopard_toad/2024/18.11.2024/4Z/102MEDIA/DSCF0804.JPG,DSCF0804.JPG,4Z/102MEDIA,2,Western_Leopard_Toad,0.4397,4527.1,2328.9,4612.4,2452.6
/srv/shared_leopard_toad/2024/18.11.2024/4Z/102MEDIA/DSCF0869.JPG,DSCF0869.JPG,4Z/102MEDIA,0,Other_Amphibian,0.2512,4508.8,1073.2,4608.2,1265.6
/srv/shared_leopard_toad/2024/18.11.2024/4Z/102MEDIA/DSCF0022.JPG,DSCF0022.JPG,4Z/102MEDIA,2,Western_Leopard_Toad,0.9648,3492.8,1492.3,4103.2,2056.5
/srv/shared_leopard_toad/2024/18.11.2024/4Z/102MEDIA/DSCF0857.JPG,DSCF0857.JPG,4Z/102MEDIA,2,Western_Leopard_Toad,0.2578,4527.7,2316.8,4611.8,2449.5
/srv/shared_leopard_toad/2024/18.11.2024/4Z/102MEDIA/DSCF0958.JPG,DSCF0958.JPG,4Z/102MEDIA,2,Western_Leopard_Toad,0.9604,3494.4,382.2,3980.1,994.8
/srv/shared_leopard_toad/2024/18.11.2024/4Z/102MEDIA/DSCF0799.JPG,DSCF0799.JPG,4Z/102MEDIA,2,Western_Leopard_Toad,0.4712,4527.6,2327.7,4611.9,2451.3
/srv/shared_leopard_toad/2024/18.11.2024/4Z/102MEDIA/DSCF0715.JPG,DSCF0715.JPG,4Z/102MEDIA,0,Other_Amphibian,0.2830,4505.5,1084.4,4607.0,1257.0
/srv/shared_leopard_toad/2024/18.11.2024/4Z/102MEDIA/DSCF0810.JPG,DSCF0810.JPG,4Z/102MEDIA,2,Western_Leopard_Toad,0.3428,4528.5,2319.4,4611.0,2452.0
/srv/shared_leopard_toad/2024/18.11.2024/4Z/102MEDIA/DSCF0814.JPG,DSCF0814.JPG,4Z/102MEDIA,2,Western_Leopard_Toad,0.5039,4531.4,2327.1,4612.6,2451.9
/srv/shared_leopard_toad/2024/18.11.2024/4Z/102MEDIA/DSCF0028.JPG,DSCF0028.JPG,4Z/102MEDIA,2,Western_Leopard_Toad,0.9678,3356.7,1801.3,4068.3,2420.8
/srv/shared_leopard_toad/2024/18.11.2024/4Z/102MEDIA/DSCF0815.JPG,DSCF0815.JPG,4Z/102MEDIA,2,Western_Leopard_Toad,0.4822,4523.4,2332.2,4611.6,2451.9
/srv/shared_leopard_toad/2024/18.11.2024/4Z/102MEDIA/DSCF0818.JPG,DSCF0818.JPG,4Z/102MEDIA,2,Western_Leopard_Toad,0.4717,4528.8,2320.5,4610.7,2450.9
/srv/shared_leopard_toad/2024/18.11.2024/4Z/102MEDIA/DSCF0797.JPG,DSCF0797.JPG,4Z/102MEDIA,2,Western_Leopard_Toad,0.5396,4526.4,2330.5,4613.1,2451.0
/srv/shared_leopard_toad/2024/18.11.2024/4Z/102MEDIA/DSCF0995.JPG,DSCF0995.JPG,4Z/102MEDIA,2,Western_Leopard_Toad,0.3208,551.7,1786.4,802.8,2076.3
/srv/shared_leopard_toad/2024/18.11.2024/4Z/102MEDIA/DSCF0719.JPG,DSCF0719.JPG,4Z/102MEDIA,0,Other_Amphibian,0.2035,4506.8,1080.2,4605.8,1262.5
/srv/shared_leopard_toad/2024/18.11.2024/4Z/102MEDIA/DSCF0793.JPG,DSCF0793.JPG,4Z/102MEDIA,2,Western_Leopard_Toad,0.3809,4528.8,2317.2,4610.7,2451.6
/srv/shared_leopard_toad/2024/18.11.2024/4Z/102MEDIA/DSCF0847.JPG,DSCF0847.JPG,4Z/102MEDIA,2,Western_Leopard_Toad,0.3013,4528.1,2319.9,4611.4,2451.6
/srv/shared_leopard_toad/2024/18.11.2024/4Z/102MEDIA/DSCF0803.JPG,DSCF0803.JPG,4Z/102MEDIA,2,Western_Leopard_Toad,0.5278,4527.5,2328.0,4612.0,2451.0
/srv/shared_leopard_toad/2024/18.11.2024/4Z/102MEDIA/DSCF0821.JPG,DSCF0821.JPG,4Z/102MEDIA,2,Western_Leopard_Toad,0.4141,4528.9,2324.1,4610.6,2452.4
/srv/shared_leopard_toad/2024/18.11.2024/4Z/102MEDIA/DSCF0809.JPG,DSCF0809.JPG,4Z/102MEDIA,2,Western_Leopard_Toad,0.4604,4529.4,2334.1,4610.1,2449.9
/srv/shared_leopard_toad/2024/18.11.2024/4Z/102MEDIA/DSCF0796.JPG,DSCF0796.JPG,4Z/102MEDIA,2,Western_Leopard_Toad,0.3877,4529.2,2323.8,4610.2,2452.6
/srv/shared_leopard_toad/2024/18.11.2024/4Z/102MEDIA/DSCF0591.JPG,DSCF0591.JPG,4Z/102MEDIA,2,Western_Leopard_Toad,0.4543,581.8,1787.4,805.3,2088.0
/srv/shared_leopard_toad/2024/18.11.2024/4Z/102MEDIA/DSCF0029.JPG,DSCF0029.JPG,4Z/102MEDIA,2,Western_Leopard_Toad,0.9678,3353.9,1800.5,4071.1,2419.1
/srv/shared_leopard_toad/2024/18.11.2024/4Z/102MEDIA/DSCF0808.JPG,DSCF0808.JPG,4Z/102MEDIA,2,Western_Leopard_Toad,0.4250,4532.6,2327.7,4611.4,2451.3
/srv/shared_leopard_toad/2024/18.11.2024/4Z/102MEDIA/DSCF0800.JPG,DSCF0800.JPG,4Z/102MEDIA,2,Western_Leopard_Toad,0.3770,4523.6,2319.1,4611.4,2452.3
/srv/shared_leopard_toad/2024/18.11.2024/4Z/102MEDIA/DSCF0910.JPG,DSCF0910.JPG,4Z/102MEDIA,2,Western_Leopard_Toad,0.5840,1218.6,988.4,1413.9,1188.5
/srv/shared_leopard_toad/2024/18.11.2024/4Z/102MEDIA/DSCF0910.JPG,DSCF0910.JPG,4Z/102MEDIA,2,Western_Leopard_Toad,0.4241,1219.1,988.5,1413.4,1188.3
/srv/shared_leopard_toad/2024/18.11.2024/4Z/102MEDIA/DSCF0855.JPG,DSCF0855.JPG,4Z/102MEDIA,2,Western_Leopard_Toad,0.2793,4526.5,2326.9,4608.5,2452.1
/srv/shared_leopard_toad/2024/18.11.2024/4Z/102MEDIA/DSCF0860.JPG,DSCF0860.JPG,4Z/102MEDIA,0,Other_Amphibian,0.2119,4506.5,1057.1,4610.5,1248.9
/srv/shared_leopard_toad/2024/18.11.2024/4Z/108MEDIA/DSCF0404.JPG,DSCF0404.JPG,4Z/108MEDIA,2,Western_Leopard_Toad,0.2737,4523.9,2336.3,4611.1,2450.3
/srv/shared_leopard_toad/2024/18.11.2024/4Z/108MEDIA/DSCF0589.JPG,DSCF0589.JPG,4Z/108MEDIA,2,Western_Leopard_Toad,0.3010,4457.8,227.8,4609.7,870.8
/srv/shared_leopard_toad/2024/18.11.2024/4Z/108MEDIA/DSCF0678.JPG,DSCF0678.JPG,4Z/108MEDIA,2,Western_Leopard_Toad,0.3276,2804.2,2217.5,2942.3,2450.2
/srv/shared_leopard_toad/2024/18.11.2024/4Z/108MEDIA/DSCF0678.JPG,DSCF0678.JPG,4Z/108MEDIA,2,Western_Leopard_Toad,0.2573,4451.7,229.2,4606.8,863.6
/srv/shared_leopard_toad/2024/18.11.2024/4Z/108MEDIA/DSCF0767.JPG,DSCF0767.JPG,4Z/108MEDIA,2,Western_Leopard_Toad,0.2954,2803.8,2213.9,2942.7,2448.7
/srv/shared_leopard_toad/2024/18.11.2024/4Z/108MEDIA/DSCF0774.JPG,DSCF0774.JPG,4Z/108MEDIA,2,Western_Leopard_Toad,0.3323,2804.7,2213.5,2941.8,2449.1
/srv/shared_leopard_toad/2024/18.11.2024/4Z/108MEDIA/DSCF0784.JPG,DSCF0784.JPG,4Z/108MEDIA,2,Western_Leopard_Toad,0.2764,4458.8,253.0,4608.7,855.7
/srv/shared_leopard_toad/2024/18.11.2024/4Z/108MEDIA/DSCF0650.JPG,DSCF0650.JPG,4Z/108MEDIA,2,Western_Leopard_Toad,0.3840,4454.6,244.1,4608.4,874.7
/srv/shared_leopard_toad/2024/18.11.2024/4Z/108MEDIA/DSCF0562.JPG,DSCF0562.JPG,4Z/108MEDIA,2,Western_Leopard_Toad,0.3337,4459.9,247.3,4607.6,869.0
/srv/shared_leopard_toad/2024/18.11.2024/4Z/108MEDIA/DSCF0765.JPG,DSCF0765.JPG,4Z/108MEDIA,2,Western_Leopard_Toad,0.2776,4458.8,249.0,4608.7,872.3
/srv/shared_leopard_toad/2024/18.11.2024/4Z/108MEDIA/DSCF0565.JPG,DSCF0565.JPG,4Z/108MEDIA,2,Western_Leopard_Toad,0.3052,4461.9,245.1,4610.1,889.6
/srv/shared_leopard_toad/2024/18.11.2024/4Z/108MEDIA/DSCF0868.JPG,DSCF0868.JPG,4Z/108MEDIA,2,Western_Leopard_Toad,0.3005,2804.0,2213.3,2942.5,2449.3
/srv/shared_leopard_toad/2024/18.11.2024/4Z/108MEDIA/DSCF0868.JPG,DSCF0868.JPG,4Z/108MEDIA,2,Western_Leopard_Toad,0.2690,4451.6,256.9,4611.4,827.1
/srv/shared_leopard_toad/2024/18.11.2024/4Z/108MEDIA/DSCF0679.JPG,DSCF0679.JPG,4Z/108MEDIA,2,Western_Leopard_Toad,0.3062,2800.4,2212.4,2941.6,2450.2
/srv/shared_leopard_toad/2024/18.11.2024/4Z/108MEDIA/DSCF0752.JPG,DSCF0752.JPG,4Z/108MEDIA,2,Western_Leopard_Toad,0.5142,4444.7,251.9,4604.8,868.2
/srv/shared_leopard_toad/2024/18.11.2024/4Z/108MEDIA/DSCF0640.JPG,DSCF0640.JPG,4Z/108MEDIA,2,Western_Leopard_Toad,0.3525,4461.5,254.2,4610.5,863.9
/srv/shared_leopard_toad/2024/18.11.2024/4Z/108MEDIA/DSCF0734.JPG,DSCF0734.JPG,4Z/108MEDIA,2,Western_Leopard_Toad,0.3210,2803.9,2211.1,2942.6,2448.9
/srv/shared_leopard_toad/2024/18.11.2024/4Z/108MEDIA/DSCF0777.JPG,DSCF0777.JPG,4Z/108MEDIA,2,Western_Leopard_Toad,0.2847,2803.8,2212.4,2942.7,2450.2
/srv/shared_leopard_toad/2024/18.11.2024/4Z/108MEDIA/DSCF0802.JPG,DSCF0802.JPG,4Z/108MEDIA,2,Western_Leopard_Toad,0.4180,2803.8,2207.3,2942.7,2450.2
/srv/shared_leopard_toad/2024/18.11.2024/4Z/108MEDIA/DSCF0720.JPG,DSCF0720.JPG,4Z/108MEDIA,2,Western_Leopard_Toad,0.3403,2801.4,2210.5,2940.6,2449.5
/srv/shared_leopard_toad/2024/18.11.2024/4Z/108MEDIA/DSCF0720.JPG,DSCF0720.JPG,4Z/108MEDIA,2,Western_Leopard_Toad,0.2505,4458.9,253.3,4608.6,859.8
/srv/shared_leopard_toad/2024/18.11.2024/4Z/108MEDIA/DSCF0194.JPG,DSCF0194.JPG,4Z/108MEDIA,2,Western_Leopard_Toad,0.3936,2803.3,2202.0,2979.2,2447.9
/srv/shared_leopard_toad/2024/18.11.2024/4Z/108MEDIA/DSCF0712.JPG,DSCF0712.JPG,4Z/108MEDIA,2,Western_Leopard_Toad,0.3540,4458.8,253.6,4608.7,860.2
/srv/shared_leopard_toad/2024/18.11.2024/4Z/108MEDIA/DSCF0712.JPG,DSCF0712.JPG,4Z/108MEDIA,2,Western_Leopard_Toad,0.3076,2803.0,2210.5,2943.5,2449.5
/srv/shared_leopard_toad/2024/18.11.2024/4Z/108MEDIA/DSCF0792.JPG,DSCF0792.JPG,4Z/108MEDIA,2,Western_Leopard_Toad,0.3052,2803.0,2207.6,2943.5,2449.9
/srv/shared_leopard_toad/2024/18.11.2024/4Z/108MEDIA/DSCF0792.JPG,DSCF0792.JPG,4Z/108MEDIA,2,Western_Leopard_Toad,0.2900,4458.0,245.1,4609.5,865.5
/srv/shared_leopard_toad/2024/18.11.2024/4Z/108MEDIA/DSCF0807.JPG,DSCF0807.JPG,4Z/108MEDIA,2,Western_Leopard_Toad,0.2539,2803.8,2210.7,2942.7,2449.3
/srv/shared_leopard_toad/2024/18.11.2024/4Z/108MEDIA/DSCF0681.JPG,DSCF0681.JPG,4Z/108MEDIA,2,Western_Leopard_Toad,0.2703,4453.5,253.4,4605.0,869.8
/srv/shared_leopard_toad/2024/18.11.2024/4Z/108MEDIA/DSCF0981.JPG,DSCF0981.JPG,4Z/108MEDIA,2,Western_Leopard_Toad,0.2969,2804.3,2212.6,2942.2,2449.9
/srv/shared_leopard_toad/2024/18.11.2024/4Z/108MEDIA/DSCF0817.JPG,DSCF0817.JPG,4Z/108MEDIA,2,Western_Leopard_Toad,0.3127,4458.0,257.6,4609.5,855.6
/srv/shared_leopard_toad/2024/18.11.2024/4Z/108MEDIA/DSCF0476.JPG,DSCF0476.JPG,4Z/108MEDIA,2,Western_Leopard_Toad,0.4541,4460.8,247.9,4611.2,877.2
/srv/shared_leopard_toad/2024/18.11.2024/4Z/108MEDIA/DSCF0713.JPG,DSCF0713.JPG,4Z/108MEDIA,2,Western_Leopard_Toad,0.3015,4458.0,232.6,4609.5,860.3
/srv/shared_leopard_toad/2024/18.11.2024/4Z/108MEDIA/DSCF0713.JPG,DSCF0713.JPG,4Z/108MEDIA,2,Western_Leopard_Toad,0.2642,2796.8,2212.2,2940.8,2450.3
/srv/shared_leopard_toad/2024/18.11.2024/4Z/108MEDIA/DSCF0699.JPG,DSCF0699.JPG,4Z/108MEDIA,2,Western_Leopard_Toad,0.3059,4455.1,250.1,4607.9,868.1
/srv/shared_leopard_toad/2024/18.11.2024/4Z/108MEDIA/DSCF0559.JPG,DSCF0559.JPG,4Z/108MEDIA,2,Western_Leopard_Toad,0.4436,4463.0,251.4,4609.0,876.9
/srv/shared_leopard_toad/2024/18.11.2024/4Z/108MEDIA/DSCF0656.JPG,DSCF0656.JPG,4Z/108MEDIA,2,Western_Leopard_Toad,0.4421,4453.5,251.2,4609.5,864.4
/srv/shared_leopard_toad/2024/18.11.2024/4Z/108MEDIA/DSCF0755.JPG,DSCF0755.JPG,4Z/108MEDIA,2,Western_Leopard_Toad,0.3452,4452.1,236.2,4606.4,864.9
/srv/shared_leopard_toad/2024/18.11.2024/4Z/108MEDIA/DSCF0755.JPG,DSCF0755.JPG,4Z/108MEDIA,2,Western_Leopard_Toad,0.3179,2804.2,2212.9,2942.3,2449.7
/srv/shared_leopard_toad/2024/18.11.2024/4Z/108MEDIA/DSCF0880.JPG,DSCF0880.JPG,4Z/108MEDIA,2,Western_Leopard_Toad,0.2581,2800.3,2208.4,2941.7,2449.1
/srv/shared_leopard_toad/2024/18.11.2024/4Z/108MEDIA/DSCF0487.JPG,DSCF0487.JPG,4Z/108MEDIA,2,Western_Leopard_Toad,0.2864,4455.0,253.3,4608.0,864.9
/srv/shared_leopard_toad/2024/18.11.2024/4Z/108MEDIA/DSCF0709.JPG,DSCF0709.JPG,4Z/108MEDIA,2,Western_Leopard_Toad,0.3306,4453.5,238.9,4609.5,871.7
/srv/shared_leopard_toad/2024/18.11.2024/4Z/108MEDIA/DSCF0676.JPG,DSCF0676.JPG,4Z/108MEDIA,2,Western_Leopard_Toad,0.3557,2800.1,2210.1,2941.9,2449.9
/srv/shared_leopard_toad/2024/18.11.2024/4Z/108MEDIA/DSCF0411.JPG,DSCF0411.JPG,4Z/108MEDIA,2,Western_Leopard_Toad,0.3413,4522.4,2336.1,4608.1,2450.4
/srv/shared_leopard_toad/2024/18.11.2024/4Z/108MEDIA/DSCF0866.JPG,DSCF0866.JPG,4Z/108MEDIA,2,Western_Leopard_Toad,0.3044,2800.7,2212.4,2941.3,2447.6
/srv/shared_leopard_toad/2024/18.11.2024/4Z/108MEDIA/DSCF0730.JPG,DSCF0730.JPG,4Z/108MEDIA,2,Western_Leopard_Toad,0.3093,2801.4,2210.5,2940.6,2449.5
/srv/shared_leopard_toad/2024/18.11.2024/4Z/108MEDIA/DSCF0854.JPG,DSCF0854.JPG,4Z/108MEDIA,2,Western_Leopard_Toad,0.3450,2804.0,2217.1,2942.5,2450.6
/srv/shared_leopard_toad/2024/18.11.2024/4Z/108MEDIA/DSCF0769.JPG,DSCF0769.JPG,4Z/108MEDIA,2,Western_Leopard_Toad,0.3455,2803.5,2209.9,2943.0,2450.2
/srv/shared_leopard_toad/2024/18.11.2024/4Z/108MEDIA/DSCF0944.JPG,DSCF0944.JPG,4Z/108MEDIA,2,Western_Leopard_Toad,0.2849,2800.6,2213.7,2941.4,2448.9
/srv/shared_leopard_toad/2024/18.11.2024/4Z/108MEDIA/DSCF0736.JPG,DSCF0736.JPG,4Z/108MEDIA,2,Western_Leopard_Toad,0.2710,4456.5,195.5,4611.0,875.2
/srv/shared_leopard_toad/2024/18.11.2024/4Z/108MEDIA/DSCF0736.JPG,DSCF0736.JPG,4Z/108MEDIA,2,Western_Leopard_Toad,0.2703,2803.4,2213.5,2943.1,2449.1
/srv/shared_leopard_toad/2024/18.11.2024/4Z/108MEDIA/DSCF0943.JPG,DSCF0943.JPG,4Z/108MEDIA,2,Western_Leopard_Toad,0.3525,4455.6,264.2,4607.4,844.5
/srv/shared_leopard_toad/2024/18.11.2024/4Z/108MEDIA/DSCF0943.JPG,DSCF0943.JPG,4Z/108MEDIA,2,Western_Leopard_Toad,0.2556,2804.0,2217.1,2942.5,2450.6
/srv/shared_leopard_toad/2024/18.11.2024/4Z/108MEDIA/DSCF0143.JPG,DSCF0143.JPG,4Z/108MEDIA,2,Western_Leopard_Toad,0.2808,4457.0,269.7,4606.0,878.8
/srv/shared_leopard_toad/2024/18.11.2024/4Z/108MEDIA/DSCF0896.JPG,DSCF0896.JPG,4Z/108MEDIA,2,Western_Leopard_Toad,0.2966,2803.8,2216.2,2942.7,2451.4
/srv/shared_leopard_toad/2024/18.11.2024/4Z/108MEDIA/DSCF0644.JPG,DSCF0644.JPG,4Z/108MEDIA,2,Western_Leopard_Toad,0.2842,4453.2,251.5,4609.8,890.1
/srv/shared_leopard_toad/2024/18.11.2024/4Z/108MEDIA/DSCF0837.JPG,DSCF0837.JPG,4Z/108MEDIA,2,Western_Leopard_Toad,0.2510,4451.8,190.2,4611.2,874.2
/srv/shared_leopard_toad/2024/18.11.2024/4Z/108MEDIA/DSCF0853.JPG,DSCF0853.JPG,4Z/108MEDIA,2,Western_Leopard_Toad,0.3635,4451.7,250.8,4606.8,867.4
/srv/shared_leopard_toad/2024/18.11.2024/4Z/108MEDIA/DSCF0853.JPG,DSCF0853.JPG,4Z/108MEDIA,2,Western_Leopard_Toad,0.3201,1186.6,1624.4,1364.9,1792.8
/srv/shared_leopard_toad/2024/18.11.2024/4Z/108MEDIA/DSCF0959.JPG,DSCF0959.JPG,4Z/108MEDIA,2,Western_Leopard_Toad,0.9072,2422.8,191.9,2702.7,451.0
/srv/shared_leopard_toad/2024/18.11.2024/4Z/108MEDIA/DSCF0862.JPG,DSCF0862.JPG,4Z/108MEDIA,2,Western_Leopard_Toad,0.3630,2801.5,2208.6,2940.5,2448.9
/srv/shared_leopard_toad/2024/18.11.2024/4Z/108MEDIA/DSCF0758.JPG,DSCF0758.JPG,4Z/108MEDIA,2,Western_Leopard_Toad,0.3030,4457.5,257.9,4610.0,867.3
/srv/shared_leopard_toad/2024/18.11.2024/4Z/108MEDIA/DSCF0758.JPG,DSCF0758.JPG,4Z/108MEDIA,2,Western_Leopard_Toad,0.2549,2803.8,2210.7,2942.7,2449.3
/srv/shared_leopard_toad/2024/18.11.2024/4Z/108MEDIA/DSCF0652.JPG,DSCF0652.JPG,4Z/108MEDIA,2,Western_Leopard_Toad,0.3235,4453.8,235.2,4609.2,873.4
/srv/shared_leopard_toad/2024/18.11.2024/4Z/108MEDIA/DSCF0697.JPG,DSCF0697.JPG,4Z/108MEDIA,2,Western_Leopard_Toad,0.2952,4455.4,245.5,4607.6,873.3
/srv/shared_leopard_toad/2024/18.11.2024/4Z/108MEDIA/DSCF0761.JPG,DSCF0761.JPG,4Z/108MEDIA,2,Western_Leopard_Toad,0.3376,2800.2,2209.9,2941.8,2450.2
/srv/shared_leopard_toad/2024/18.11.2024/4Z/108MEDIA/DSCF0833.JPG,DSCF0833.JPG,4Z/108MEDIA,2,Western_Leopard_Toad,0.2944,2802.4,2212.0,2944.1,2448.0
/srv/shared_leopard_toad/2024/18.11.2024/4Z/108MEDIA/DSCF0945.JPG,DSCF0945.JPG,4Z/108MEDIA,2,Western_Leopard_Toad,0.2549,2804.2,2212.6,2942.3,2447.4
/srv/shared_leopard_toad/2024/18.11.2024/4Z/108MEDIA/DSCF0838.JPG,DSCF0838.JPG,4Z/108MEDIA,2,Western_Leopard_Toad,0.3035,2804.3,2216.7,2942.2,2451.0
/srv/shared_leopard_toad/2024/18.11.2024/4Z/108MEDIA/DSCF0729.JPG,DSCF0729.JPG,4Z/108MEDIA,2,Western_Leopard_Toad,0.2605,2803.9,2210.5,2942.6,2449.5
/srv/shared_leopard_toad/2024/18.11.2024/4Z/108MEDIA/DSCF0861.JPG,DSCF0861.JPG,4Z/108MEDIA,2,Western_Leopard_Toad,0.3086,2803.3,2210.1,2943.2,2449.9
/srv/shared_leopard_toad/2024/18.11.2024/4Z/108MEDIA/DSCF0659.JPG,DSCF0659.JPG,4Z/108MEDIA,2,Western_Leopard_Toad,0.3418,2804.2,2217.3,2942.3,2450.3
/srv/shared_leopard_toad/2024/18.11.2024/4Z/108MEDIA/DSCF0731.JPG,DSCF0731.JPG,4Z/108MEDIA,2,Western_Leopard_Toad,0.3342,4458.2,254.1,4609.3,892.6
/srv/shared_leopard_toad/2024/18.11.2024/4Z/108MEDIA/DSCF0731.JPG,DSCF0731.JPG,4Z/108MEDIA,2,Western_Leopard_Toad,0.3027,2802.0,2210.1,2944.5,2449.9
/srv/shared_leopard_toad/2024/18.11.2024/4Z/108MEDIA/DSCF0716.JPG,DSCF0716.JPG,4Z/108MEDIA,2,Western_Leopard_Toad,0.3362,2804.0,2216.8,2942.5,2450.8
/srv/shared_leopard_toad/2024/18.11.2024/4Z/108MEDIA/DSCF0704.JPG,DSCF0704.JPG,4Z/108MEDIA,2,Western_Leopard_Toad,0.3125,4458.9,238.3,4608.6,867.9
/srv/shared_leopard_toad/2024/18.11.2024/4Z/108MEDIA/DSCF0842.JPG,DSCF0842.JPG,4Z/108MEDIA,2,Western_Leopard_Toad,0.2688,2804.0,2212.6,2942.5,2449.9
/srv/shared_leopard_toad/2024/18.11.2024/4Z/108MEDIA/DSCF0842.JPG,DSCF0842.JPG,4Z/108MEDIA,2,Western_Leopard_Toad,0.2622,4450.2,252.2,4608.3,856.5
/srv/shared_leopard_toad/2024/18.11.2024/4Z/108MEDIA/DSCF0738.JPG,DSCF0738.JPG,4Z/108MEDIA,2,Western_Leopard_Toad,0.3086,4456.1,245.8,4606.9,869.8
/srv/shared_leopard_toad/2024/18.11.2024/4Z/108MEDIA/DSCF0738.JPG,DSCF0738.JPG,4Z/108MEDIA,2,Western_Leopard_Toad,0.2549,2803.8,2213.0,2942.7,2449.5
/srv/shared_leopard_toad/2024/18.11.2024/4Z/108MEDIA/DSCF0739.JPG,DSCF0739.JPG,4Z/108MEDIA,2,Western_Leopard_Toad,0.3293,2803.5,2212.4,2943.0,2450.2
/srv/shared_leopard_toad/2024/18.11.2024/4Z/108MEDIA/DSCF0856.JPG,DSCF0856.JPG,4Z/108MEDIA,2,Western_Leopard_Toad,0.3960,4453.2,232.7,4609.8,858.3
/srv/shared_leopard_toad/2024/18.11.2024/4Z/108MEDIA/DSCF0856.JPG,DSCF0856.JPG,4Z/108MEDIA,2,Western_Leopard_Toad,0.2617,2803.3,2218.7,2943.2,2448.9
/srv/shared_leopard_toad/2024/18.11.2024/4Z/108MEDIA/DSCF0721.JPG,DSCF0721.JPG,4Z/108MEDIA,2,Western_Leopard_Toad,0.2554,2800.7,2210.1,2941.3,2449.9
/srv/shared_leopard_toad/2024/18.11.2024/4Z/108MEDIA/DSCF0683.JPG,DSCF0683.JPG,4Z/108MEDIA,2,Western_Leopard_Toad,0.4436,2799.9,2211.0,2942.1,2449.1
/srv/shared_leopard_toad/2024/18.11.2024/4Z/108MEDIA/DSCF0399.JPG,DSCF0399.JPG,4Z/108MEDIA,2,Western_Leopard_Toad,0.2627,4525.6,2336.5,4609.4,2447.5
/srv/shared_leopard_toad/2024/18.11.2024/4Z/108MEDIA/DSCF0892.JPG,DSCF0892.JPG,4Z/108MEDIA,2,Western_Leopard_Toad,0.2520,2801.4,2209.2,2940.6,2448.3
/srv/shared_leopard_toad/2024/18.11.2024/4Z/108MEDIA/DSCF0768.JPG,DSCF0768.JPG,4Z/108MEDIA,2,Western_Leopard_Toad,0.3728,2800.3,2210.1,2941.7,2449.9
/srv/shared_leopard_toad/2024/18.11.2024/4Z/108MEDIA/DSCF0890.JPG,DSCF0890.JPG,4Z/108MEDIA,2,Western_Leopard_Toad,0.2781,2805.8,2217.5,2945.2,2450.2
/srv/shared_leopard_toad/2024/18.11.2024/4Z/108MEDIA/DSCF0655.JPG,DSCF0655.JPG,4Z/108MEDIA,2,Western_Leopard_Toad,0.5117,2800.1,2217.1,2941.9,2450.6
/srv/shared_leopard_toad/2024/18.11.2024/4Z/108MEDIA/DSCF0750.JPG,DSCF0750.JPG,4Z/108MEDIA,2,Western_Leopard_Toad,0.4541,2802.2,2209.7,2944.3,2450.3
/srv/shared_leopard_toad/2024/18.11.2024/4Z/108MEDIA/DSCF0745.JPG,DSCF0745.JPG,4Z/108MEDIA,2,Western_Leopard_Toad,0.3462,2803.6,2210.3,2942.9,2449.7
/srv/shared_leopard_toad/2024/18.11.2024/4Z/108MEDIA/DSCF0601.JPG,DSCF0601.JPG,4Z/108MEDIA,2,Western_Leopard_Toad,0.3647,4451.3,241.6,4607.2,862.0
/srv/shared_leopard_toad/2024/18.11.2024/4Z/108MEDIA/DSCF0753.JPG,DSCF0753.JPG,4Z/108MEDIA,2,Western_Leopard_Toad,0.3694,4453.9,250.4,4609.1,876.0
/srv/shared_leopard_toad/2024/18.11.2024/4Z/108MEDIA/DSCF0577.JPG,DSCF0577.JPG,4Z/108MEDIA,2,Western_Leopard_Toad,0.2612,4458.5,264.2,4609.0,871.7
/srv/shared_leopard_toad/2024/18.11.2024/4Z/108MEDIA/DSCF0478.JPG,DSCF0478.JPG,4Z/108MEDIA,2,Western_Leopard_Toad,0.3821,4457.2,255.5,4605.8,886.1
/srv/shared_leopard_toad/2024/18.11.2024/4Z/108MEDIA/DSCF0666.JPG,DSCF0666.JPG,4Z/108MEDIA,2,Western_Leopard_Toad,0.4082,2800.1,2211.0,2941.9,2449.1
/srv/shared_leopard_toad/2024/18.11.2024/4Z/108MEDIA/DSCF0675.JPG,DSCF0675.JPG,4Z/108MEDIA,2,Western_Leopard_Toad,0.2681,2800.2,2210.3,2941.8,2449.7
/srv/shared_leopard_toad/2024/18.11.2024/4Z/108MEDIA/DSCF0907.JPG,DSCF0907.JPG,4Z/108MEDIA,2,Western_Leopard_Toad,0.2654,2804.4,2216.2,2942.1,2451.4
/srv/shared_leopard_toad/2024/18.11.2024/4Z/108MEDIA/DSCF0418.JPG,DSCF0418.JPG,4Z/108MEDIA,2,Western_Leopard_Toad,0.2681,4522.9,2335.9,4607.6,2448.1
/srv/shared_leopard_toad/2024/18.11.2024/4Z/108MEDIA/DSCF0686.JPG,DSCF0686.JPG,4Z/108MEDIA,2,Western_Leopard_Toad,0.2820,4457.8,239.8,4609.7,861.3
/srv/shared_leopard_toad/2024/18.11.2024/4Z/108MEDIA/DSCF0790.JPG,DSCF0790.JPG,4Z/108MEDIA,2,Western_Leopard_Toad,0.2832,2801.2,2217.5,2940.8,2450.2
/srv/shared_leopard_toad/2024/18.11.2024/4Z/108MEDIA/DSCF0790.JPG,DSCF0790.JPG,4Z/108MEDIA,2,Western_Leopard_Toad,0.2717,4461.3,260.4,4610.7,850.8
/srv/shared_leopard_toad/2024/18.11.2024/4Z/108MEDIA/DSCF0867.JPG,DSCF0867.JPG,4Z/108MEDIA,2,Western_Leopard_Toad,0.2979,2799.8,2207.3,2942.2,2450.2
/srv/shared_leopard_toad/2024/18.11.2024/4Z/108MEDIA/DSCF0660.JPG,DSCF0660.JPG,4Z/108MEDIA,2,Western_Leopard_Toad,0.4187,2802.3,2212.9,2944.2,2449.7
/srv/shared_leopard_toad/2024/18.11.2024/4Z/108MEDIA/DSCF0554.JPG,DSCF0554.JPG,4Z/108MEDIA,2,Western_Leopard_Toad,0.3638,4461.3,233.7,4610.7,867.4
/srv/shared_leopard_toad/2024/18.11.2024/4Z/108MEDIA/DSCF0942.JPG,DSCF0942.JPG,4Z/108MEDIA,2,Western_Leopard_Toad,0.2590,2803.6,2208.0,2942.9,2449.5
/srv/shared_leopard_toad/2024/18.11.2024/4Z/108MEDIA/DSCF0691.JPG,DSCF0691.JPG,4Z/108MEDIA,2,Western_Leopard_Toad,0.3557,2803.4,2211.0,2943.1,2449.1
/srv/shared_leopard_toad/2024/18.11.2024/4Z/108MEDIA/DSCF0742.JPG,DSCF0742.JPG,4Z/108MEDIA,2,Western_Leopard_Toad,0.2534,2802.2,2208.8,2944.3,2448.7
/srv/shared_leopard_toad/2024/18.11.2024/4Z/108MEDIA/DSCF0966.JPG,DSCF0966.JPG,4Z/108MEDIA,2,Western_Leopard_Toad,0.2881,2804.4,2211.0,2942.1,2449.1
/srv/shared_leopard_toad/2024/18.11.2024/4Z/108MEDIA/DSCF0632.JPG,DSCF0632.JPG,4Z/108MEDIA,2,Western_Leopard_Toad,0.3049,4455.8,227.8,4611.7,875.8
/srv/shared_leopard_toad/2024/18.11.2024/4Z/108MEDIA/DSCF0841.JPG,DSCF0841.JPG,4Z/108MEDIA,2,Western_Leopard_Toad,0.2747,4450.4,265.3,4608.1,865.5
/srv/shared_leopard_toad/2024/18.11.2024/4Z/108MEDIA/DSCF0706.JPG,DSCF0706.JPG,4Z/108MEDIA,2,Western_Leopard_Toad,0.2654,2803.6,2210.3,2942.9,2449.7
/srv/shared_leopard_toad/2024/18.11.2024/4Z/108MEDIA/DSCF0757.JPG,DSCF0757.JPG,4Z/108MEDIA,2,Western_Leopard_Toad,0.3379,4463.7,54.7,4612.8,869.2
/srv/shared_leopard_toad/2024/18.11.2024/4Z/108MEDIA/DSCF0757.JPG,DSCF0757.JPG,4Z/108MEDIA,2,Western_Leopard_Toad,0.2847,2804.2,2217.1,2942.3,2450.6
/srv/shared_leopard_toad/2024/18.11.2024/4Z/108MEDIA/DSCF0735.JPG,DSCF0735.JPG,4Z/108MEDIA,2,Western_Leopard_Toad,0.3279,2801.6,2210.1,2940.4,2449.9
/srv/shared_leopard_toad/2024/18.11.2024/4Z/108MEDIA/DSCF0794.JPG,DSCF0794.JPG,4Z/108MEDIA,2,Western_Leopard_Toad,0.2869,2803.0,2211.1,2943.5,2448.9
/srv/shared_leopard_toad/2024/18.11.2024/4Z/108MEDIA/DSCF0902.JPG,DSCF0902.JPG,4Z/108MEDIA,2,Western_Leopard_Toad,0.3440,2804.9,2211.0,2941.6,2449.1
/srv/shared_leopard_toad/2024/18.11.2024/4Z/108MEDIA/DSCF0778.JPG,DSCF0778.JPG,4Z/108MEDIA,2,Western_Leopard_Toad,0.4226,2800.1,2212.9,2941.9,2449.7
/srv/shared_leopard_toad/2024/18.11.2024/4Z/108MEDIA/DSCF0791.JPG,DSCF0791.JPG,4Z/108MEDIA,2,Western_Leopard_Toad,0.3213,2803.6,2210.5,2942.9,2449.5
/srv/shared_leopard_toad/2024/18.11.2024/4Z/108MEDIA/DSCF0826.JPG,DSCF0826.JPG,4Z/108MEDIA,2,Western_Leopard_Toad,0.4514,2803.3,2211.8,2943.2,2450.8
/srv/shared_leopard_toad/2024/18.11.2024/4Z/108MEDIA/DSCF0811.JPG,DSCF0811.JPG,4Z/108MEDIA,2,Western_Leopard_Toad,0.3433,2803.0,2207.6,2943.5,2449.9
/srv/shared_leopard_toad/2024/18.11.2024/4Z/108MEDIA/DSCF0689.JPG,DSCF0689.JPG,4Z/108MEDIA,2,Western_Leopard_Toad,0.2612,2802.7,2211.6,2943.8,2448.4
/srv/shared_leopard_toad/2024/18.11.2024/4Z/108MEDIA/DSCF0689.JPG,DSCF0689.JPG,4Z/108MEDIA,2,Western_Leopard_Toad,0.2542,4451.4,238.4,4607.1,870.3
/srv/shared_leopard_toad/2024/18.11.2024/4Z/108MEDIA/DSCF0727.JPG,DSCF0727.JPG,4Z/108MEDIA,2,Western_Leopard_Toad,0.4407,4459.2,251.9,4608.3,873.3
/srv/shared_leopard_toad/2024/18.11.2024/4Z/108MEDIA/DSCF0727.JPG,DSCF0727.JPG,4Z/108MEDIA,2,Western_Leopard_Toad,0.2791,2804.3,2213.5,2942.2,2449.1
/srv/shared_leopard_toad/2024/18.11.2024/4Z/108MEDIA/DSCF0840.JPG,DSCF0840.JPG,4Z/108MEDIA,2,Western_Leopard_Toad,0.2905,4449.8,258.0,4608.7,838.0
/srv/shared_leopard_toad/2024/18.11.2024/4Z/108MEDIA/DSCF0967.JPG,DSCF0967.JPG,4Z/108MEDIA,2,Western_Leopard_Toad,0.3347,2800.4,2208.0,2941.6,2449.5
/srv/shared_leopard_toad/2024/18.11.2024/4Z/108MEDIA/DSCF0760.JPG,DSCF0760.JPG,4Z/108MEDIA,2,Western_Leopard_Toad,0.2690,2803.1,2210.5,2943.4,2449.5
/srv/shared_leopard_toad/2024/18.11.2024/4Z/108MEDIA/DSCF0903.JPG,DSCF0903.JPG,4Z/108MEDIA,2,Western_Leopard_Toad,0.2705,2803.6,2210.5,2942.9,2449.5
/srv/shared_leopard_toad/2024/18.11.2024/4Z/108MEDIA/DSCF0889.JPG,DSCF0889.JPG,4Z/108MEDIA,2,Western_Leopard_Toad,0.3413,2797.9,2208.0,2939.6,2449.5
/srv/shared_leopard_toad/2024/18.11.2024/4Z/108MEDIA/DSCF0889.JPG,DSCF0889.JPG,4Z/108MEDIA,2,Western_Leopard_Toad,0.2905,2799.1,2209.2,2938.4,2448.3
/srv/shared_leopard_toad/2024/18.11.2024/4Z/108MEDIA/DSCF0724.JPG,DSCF0724.JPG,4Z/108MEDIA,2,Western_Leopard_Toad,0.3738,2802.7,2210.3,2943.8,2449.7
/srv/shared_leopard_toad/2024/18.11.2024/4Z/108MEDIA/DSCF0025.JPG,DSCF0025.JPG,4Z/108MEDIA,2,Western_Leopard_Toad,0.3091,4461.5,278.3,4606.0,882.3
/srv/shared_leopard_toad/2024/18.11.2024/4Z/108MEDIA/DSCF0741.JPG,DSCF0741.JPG,4Z/108MEDIA,2,Western_Leopard_Toad,0.3855,2801.1,2208.6,2940.9,2448.9
/srv/shared_leopard_toad/2024/18.11.2024/4Z/108MEDIA/DSCF0947.JPG,DSCF0947.JPG,4Z/108MEDIA,2,Western_Leopard_Toad,0.2756,2803.4,2208.2,2943.1,2449.3
/srv/shared_leopard_toad/2024/18.11.2024/4Z/108MEDIA/DSCF0772.JPG,DSCF0772.JPG,4Z/108MEDIA,2,Western_Leopard_Toad,0.2546,2801.5,2212.9,2940.5,2449.7
/srv/shared_leopard_toad/2024/18.11.2024/4Z/108MEDIA/DSCF0844.JPG,DSCF0844.JPG,4Z/108MEDIA,2,Western_Leopard_Toad,0.3550,2803.0,2212.6,2943.5,2449.9
/srv/shared_leopard_toad/2024/18.11.2024/4Z/108MEDIA/DSCF0824.JPG,DSCF0824.JPG,4Z/108MEDIA,2,Western_Leopard_Toad,0.2588,2804.9,2216.7,2941.6,2451.0
/srv/shared_leopard_toad/2024/18.11.2024/4Z/108MEDIA/DSCF0612.JPG,DSCF0612.JPG,4Z/108MEDIA,2,Western_Leopard_Toad,0.9473,1725.7,2291.8,1901.3,2446.7
/srv/shared_leopard_toad/2024/18.11.2024/4Z/108MEDIA/DSCF0918.JPG,DSCF0918.JPG,4Z/108MEDIA,2,Western_Leopard_Toad,0.2871,2804.7,2213.7,2941.8,2448.9
/srv/shared_leopard_toad/2024/18.11.2024/4Z/108MEDIA/DSCF0714.JPG,DSCF0714.JPG,4Z/108MEDIA,2,Western_Leopard_Toad,0.3179,2802.7,2208.0,2943.8,2449.5
/srv/shared_leopard_toad/2024/18.11.2024/4Z/108MEDIA/DSCF0714.JPG,DSCF0714.JPG,4Z/108MEDIA,2,Western_Leopard_Toad,0.2646,4459.4,261.4,4608.1,868.9
/srv/shared_leopard_toad/2024/18.11.2024/4Z/108MEDIA/DSCF0545.JPG,DSCF0545.JPG,4Z/108MEDIA,2,Western_Leopard_Toad,0.2559,4447.7,252.7,4606.3,870.6
/srv/shared_leopard_toad/2024/18.11.2024/4Z/108MEDIA/DSCF0705.JPG,DSCF0705.JPG,4Z/108MEDIA,2,Western_Leopard_Toad,0.4236,4459.5,244.6,4608.0,885.6
/srv/shared_leopard_toad/2024/18.11.2024/4Z/108MEDIA/DSCF0813.JPG,DSCF0813.JPG,4Z/108MEDIA,2,Western_Leopard_Toad,0.2708,2807.4,2213.0,2943.6,2449.5
/srv/shared_leopard_toad/2024/18.11.2024/4Z/108MEDIA/DSCF0830.JPG,DSCF0830.JPG,4Z/108MEDIA,2,Western_Leopard_Toad,0.9590,1895.4,2304.5,2069.1,2449.2
/srv/shared_leopard_toad/2024/18.11.2024/4Z/108MEDIA/DSCF0830.JPG,DSCF0830.JPG,4Z/108MEDIA,0,Other_Amphibian,0.2310,1895.4,2304.5,2069.1,2449.2
/srv/shared_leopard_toad/2024/18.11.2024/4Z/108MEDIA/DSCF0747.JPG,DSCF0747.JPG,4Z/108MEDIA,2,Western_Leopard_Toad,0.4839,4461.0,240.2,4611.0,873.6
/srv/shared_leopard_toad/2024/18.11.2024/4Z/108MEDIA/DSCF0804.JPG,DSCF0804.JPG,4Z/108MEDIA,2,Western_Leopard_Toad,0.3755,2801.1,2212.0,2940.9,2450.6
/srv/shared_leopard_toad/2024/18.11.2024/4Z/108MEDIA/DSCF0420.JPG,DSCF0420.JPG,4Z/108MEDIA,2,Western_Leopard_Toad,0.2825,4521.7,2334.6,4608.8,2449.4
/srv/shared_leopard_toad/2024/18.11.2024/4Z/108MEDIA/DSCF0618.JPG,DSCF0618.JPG,4Z/108MEDIA,2,Western_Leopard_Toad,0.3926,4462.7,236.8,4609.3,862.4
/srv/shared_leopard_toad/2024/18.11.2024/4Z/108MEDIA/DSCF0586.JPG,DSCF0586.JPG,4Z/108MEDIA,2,Western_Leopard_Toad,0.3938,4463.9,69.9,4612.6,871.1
/srv/shared_leopard_toad/2024/18.11.2024/4Z/108MEDIA/DSCF0828.JPG,DSCF0828.JPG,4Z/108MEDIA,2,Western_Leopard_Toad,0.3044,2804.0,2210.3,2942.5,2449.7
/srv/shared_leopard_toad/2024/18.11.2024/4Z/108MEDIA/DSCF0869.JPG,DSCF0869.JPG,4Z/108MEDIA,2,Western_Leopard_Toad,0.2725,2805.1,2217.5,2941.4,2450.2
/srv/shared_leopard_toad/2024/18.11.2024/4Z/108MEDIA/DSCF0470.JPG,DSCF0470.JPG,4Z/108MEDIA,2,Western_Leopard_Toad,0.2759,4451.0,232.2,4607.5,903.7
/srv/shared_leopard_toad/2024/18.11.2024/4Z/108MEDIA/DSCF0710.JPG,DSCF0710.JPG,4Z/108MEDIA,2,Western_Leopard_Toad,0.3699,2803.4,2210.1,2943.1,2449.9
/srv/shared_leopard_toad/2024/18.11.2024/4Z/108MEDIA/DSCF0850.JPG,DSCF0850.JPG,4Z/108MEDIA,2,Western_Leopard_Toad,0.2744,2804.0,2216.7,2942.5,2451.0
/srv/shared_leopard_toad/2024/18.11.2024/4Z/108MEDIA/DSCF0999.JPG,DSCF0999.JPG,4Z/108MEDIA,2,Western_Leopard_Toad,0.2576,2802.2,2208.0,2944.3,2449.5
/srv/shared_leopard_toad/2024/18.11.2024/4Z/108MEDIA/DSCF0894.JPG,DSCF0894.JPG,4Z/108MEDIA,2,Western_Leopard_Toad,0.2710,2804.9,2219.6,2941.6,2450.6
/srv/shared_leopard_toad/2024/18.11.2024/4Z/108MEDIA/DSCF0726.JPG,DSCF0726.JPG,4Z/108MEDIA,2,Western_Leopard_Toad,0.3342,2800.3,2208.8,2941.7,2448.7
/srv/shared_leopard_toad/2024/18.11.2024/4Z/108MEDIA/DSCF0783.JPG,DSCF0783.JPG,4Z/108MEDIA,2,Western_Leopard_Toad,0.3079,2800.6,2210.7,2941.4,2449.3
/srv/shared_leopard_toad/2024/18.11.2024/4Z/108MEDIA/DSCF0857.JPG,DSCF0857.JPG,4Z/108MEDIA,2,Western_Leopard_Toad,0.3152,2803.4,2213.3,2943.1,2449.3
/srv/shared_leopard_toad/2024/18.11.2024/4Z/108MEDIA/DSCF0703.JPG,DSCF0703.JPG,4Z/108MEDIA,2,Western_Leopard_Toad,0.2915,2805.2,2216.8,2941.3,2450.8
/srv/shared_leopard_toad/2024/18.11.2024/4Z/108MEDIA/DSCF0779.JPG,DSCF0779.JPG,4Z/108MEDIA,2,Western_Leopard_Toad,0.4124,2800.1,2210.7,2941.9,2449.3
/srv/shared_leopard_toad/2024/18.11.2024/4Z/108MEDIA/DSCF0779.JPG,DSCF0779.JPG,4Z/108MEDIA,2,Western_Leopard_Toad,0.2974,2799.9,2216.2,2942.1,2451.4
/srv/shared_leopard_toad/2024/18.11.2024/4Z/108MEDIA/DSCF0929.JPG,DSCF0929.JPG,4Z/108MEDIA,2,Western_Leopard_Toad,0.2878,2803.5,2213.3,2943.0,2449.3
/srv/shared_leopard_toad/2024/18.11.2024/4Z/108MEDIA/DSCF0639.JPG,DSCF0639.JPG,4Z/108MEDIA,2,Western_Leopard_Toad,0.2744,4459.6,242.8,4612.4,860.8
/srv/shared_leopard_toad/2024/18.11.2024/4Z/108MEDIA/DSCF0972.JPG,DSCF0972.JPG,4Z/108MEDIA,2,Western_Leopard_Toad,0.2515,4458.4,256.1,4609.1,827.2
/srv/shared_leopard_toad/2024/18.11.2024/4Z/108MEDIA/DSCF0654.JPG,DSCF0654.JPG,4Z/108MEDIA,2,Western_Leopard_Toad,0.3840,4457.2,244.1,4610.2,864.6
/srv/shared_leopard_toad/2024/18.11.2024/4Z/108MEDIA/DSCF0654.JPG,DSCF0654.JPG,4Z/108MEDIA,2,Western_Leopard_Toad,0.3230,2800.1,2214.5,2941.9,2450.6
/srv/shared_leopard_toad/2024/18.11.2024/4Z/108MEDIA/DSCF0654.JPG,DSCF0654.JPG,4Z/108MEDIA,2,Western_Leopard_Toad,0.3201,2798.6,2212.6,2943.4,2449.9
/srv/shared_leopard_toad/2024/18.11.2024/4Z/108MEDIA/DSCF0799.JPG,DSCF0799.JPG,4Z/108MEDIA,2,Western_Leopard_Toad,0.3284,2800.9,2210.5,2941.1,2449.5
/srv/shared_leopard_toad/2024/18.11.2024/4Z/108MEDIA/DSCF0682.JPG,DSCF0682.JPG,4Z/108MEDIA,2,Western_Leopard_Toad,0.3630,2803.4,2210.3,2943.1,2449.7
/srv/shared_leopard_toad/2024/18.11.2024/4Z/108MEDIA/DSCF0787.JPG,DSCF0787.JPG,4Z/108MEDIA,2,Western_Leopard_Toad,0.3218,4455.4,268.9,4607.6,861.3
/srv/shared_leopard_toad/2024/18.11.2024/4Z/108MEDIA/DSCF0673.JPG,DSCF0673.JPG,4Z/108MEDIA,2,Western_Leopard_Toad,0.2520,2799.9,2210.5,2942.1,2449.5
/srv/shared_leopard_toad/2024/18.11.2024/4Z/108MEDIA/DSCF0810.JPG,DSCF0810.JPG,4Z/108MEDIA,2,Western_Leopard_Toad,0.3552,2800.6,2207.8,2941.4,2449.7
/srv/shared_leopard_toad/2024/18.11.2024/4Z/108MEDIA/DSCF0814.JPG,DSCF0814.JPG,4Z/108MEDIA,2,Western_Leopard_Toad,0.2808,2803.9,2213.0,2942.6,2449.5
/srv/shared_leopard_toad/2024/18.11.2024/4Z/108MEDIA/DSCF0475.JPG,DSCF0475.JPG,4Z/108MEDIA,2,Western_Leopard_Toad,0.3662,4455.0,243.9,4608.0,893.8
/srv/shared_leopard_toad/2024/18.11.2024/4Z/108MEDIA/DSCF0737.JPG,DSCF0737.JPG,4Z/108MEDIA,2,Western_Leopard_Toad,0.2820,4457.5,204.7,4610.0,873.6
/srv/shared_leopard_toad/2024/18.11.2024/4Z/108MEDIA/DSCF0749.JPG,DSCF0749.JPG,4Z/108MEDIA,2,Western_Leopard_Toad,0.3235,4458.7,252.5,4608.8,866.3
/srv/shared_leopard_toad/2024/18.11.2024/4Z/108MEDIA/DSCF0684.JPG,DSCF0684.JPG,4Z/108MEDIA,2,Western_Leopard_Toad,0.3093,2806.4,2217.3,2944.6,2450.3
/srv/shared_leopard_toad/2024/18.11.2024/4Z/108MEDIA/DSCF0743.JPG,DSCF0743.JPG,4Z/108MEDIA,2,Western_Leopard_Toad,0.3687,4448.5,242.1,4605.5,876.8
/srv/shared_leopard_toad/2024/18.11.2024/4Z/108MEDIA/DSCF0905.JPG,DSCF0905.JPG,4Z/108MEDIA,2,Western_Leopard_Toad,0.4082,2803.3,2211.0,2943.2,2449.1
/srv/shared_leopard_toad/2024/18.11.2024/4Z/108MEDIA/DSCF0960.JPG,DSCF0960.JPG,4Z/108MEDIA,2,Western_Leopard_Toad,0.3735,4450.5,256.0,4608.0,850.8
/srv/shared_leopard_toad/2024/18.11.2024/4Z/108MEDIA/DSCF0815.JPG,DSCF0815.JPG,4Z/108MEDIA,2,Western_Leopard_Toad,0.3347,2803.6,2213.5,2942.9,2449.1
/srv/shared_leopard_toad/2024/18.11.2024/4Z/108MEDIA/DSCF0815.JPG,DSCF0815.JPG,4Z/108MEDIA,2,Western_Leopard_Toad,0.3035,4454.2,262.1,4608.8,867.4
/srv/shared_leopard_toad/2024/18.11.2024/4Z/108MEDIA/DSCF0136.JPG,DSCF0136.JPG,4Z/108MEDIA,2,Western_Leopard_Toad,0.3149,4464.0,280.5,4608.0,873.1
/srv/shared_leopard_toad/2024/18.11.2024/4Z/108MEDIA/DSCF0733.JPG,DSCF0733.JPG,4Z/108MEDIA,2,Western_Leopard_Toad,0.2700,4456.5,253.8,4606.5,870.1
/srv/shared_leopard_toad/2024/18.11.2024/4Z/108MEDIA/DSCF0831.JPG,DSCF0831.JPG,4Z/108MEDIA,2,Western_Leopard_Toad,0.9541,1894.3,2303.4,2070.2,2450.2
/srv/shared_leopard_toad/2024/18.11.2024/4Z/108MEDIA/DSCF0831.JPG,DSCF0831.JPG,4Z/108MEDIA,0,Other_Amphibian,0.2800,1894.3,2303.4,2070.2,2450.2
/srv/shared_leopard_toad/2024/18.11.2024/4Z/108MEDIA/DSCF0771.JPG,DSCF0771.JPG,4Z/108MEDIA,2,Western_Leopard_Toad,0.3020,4459.5,222.4,4608.0,883.7
/srv/shared_leopard_toad/2024/18.11.2024/4Z/108MEDIA/DSCF0806.JPG,DSCF0806.JPG,4Z/108MEDIA,2,Western_Leopard_Toad,0.3071,4454.4,254.4,4608.6,875.2
/srv/shared_leopard_toad/2024/18.11.2024/4Z/108MEDIA/DSCF0818.JPG,DSCF0818.JPG,4Z/108MEDIA,2,Western_Leopard_Toad,0.2761,2801.5,2213.3,2940.5,2449.3
/srv/shared_leopard_toad/2024/18.11.2024/4Z/108MEDIA/DSCF0952.JPG,DSCF0952.JPG,4Z/108MEDIA,2,Western_Leopard_Toad,0.2991,4447.1,256.4,4606.9,844.6
/srv/shared_leopard_toad/2024/18.11.2024/4Z/108MEDIA/DSCF0797.JPG,DSCF0797.JPG,4Z/108MEDIA,2,Western_Leopard_Toad,0.2502,2801.4,2213.0,2940.6,2449.5
/srv/shared_leopard_toad/2024/18.11.2024/4Z/108MEDIA/DSCF0665.JPG,DSCF0665.JPG,4Z/108MEDIA,2,Western_Leopard_Toad,0.3550,2802.4,2213.5,2944.1,2449.1
/srv/shared_leopard_toad/2024/18.11.2024/4Z/108MEDIA/DSCF0630.JPG,DSCF0630.JPG,4Z/108MEDIA,2,Western_Leopard_Toad,0.2737,4460.5,238.4,4611.5,872.8
/srv/shared_leopard_toad/2024/18.11.2024/4Z/108MEDIA/DSCF0957.JPG,DSCF0957.JPG,4Z/108MEDIA,2,Western_Leopard_Toad,0.3267,2803.5,2208.0,2943.0,2449.5
/srv/shared_leopard_toad/2024/18.11.2024/4Z/108MEDIA/DSCF0766.JPG,DSCF0766.JPG,4Z/108MEDIA,2,Western_Leopard_Toad,0.3333,2800.7,2213.3,2941.3,2449.3
/srv/shared_leopard_toad/2024/18.11.2024/4Z/108MEDIA/DSCF0719.JPG,DSCF0719.JPG,4Z/108MEDIA,2,Western_Leopard_Toad,0.3240,2803.6,2212.4,2942.9,2450.2
/srv/shared_leopard_toad/2024/18.11.2024/4Z/108MEDIA/DSCF0793.JPG,DSCF0793.JPG,4Z/108MEDIA,2,Western_Leopard_Toad,0.2988,2800.9,2209.9,2941.1,2450.2
/srv/shared_leopard_toad/2024/18.11.2024/4Z/108MEDIA/DSCF0859.JPG,DSCF0859.JPG,4Z/108MEDIA,2,Western_Leopard_Toad,0.2881,4454.2,259.9,4608.8,860.2
/srv/shared_leopard_toad/2024/18.11.2024/4Z/108MEDIA/DSCF0845.JPG,DSCF0845.JPG,4Z/108MEDIA,2,Western_Leopard_Toad,0.2969,2800.6,2211.0,2941.4,2449.1
/srv/shared_leopard_toad/2024/18.11.2024/4Z/108MEDIA/DSCF0847.JPG,DSCF0847.JPG,4Z/108MEDIA,2,Western_Leopard_Toad,0.3428,2801.1,2215.6,2940.9,2449.5
/srv/shared_leopard_toad/2024/18.11.2024/4Z/108MEDIA/DSCF0803.JPG,DSCF0803.JPG,4Z/108MEDIA,2,Western_Leopard_Toad,0.2952,2804.6,2213.0,2941.9,2449.5
/srv/shared_leopard_toad/2024/18.11.2024/4Z/108MEDIA/DSCF0819.JPG,DSCF0819.JPG,4Z/108MEDIA,2,Western_Leopard_Toad,0.3706,2800.3,2208.2,2941.7,2449.3
/srv/shared_leopard_toad/2024/18.11.2024/4Z/108MEDIA/DSCF0680.JPG,DSCF0680.JPG,4Z/108MEDIA,2,Western_Leopard_Toad,0.2732,2802.8,2208.2,2943.7,2449.3
/srv/shared_leopard_toad/2024/18.11.2024/4Z/108MEDIA/DSCF0561.JPG,DSCF0561.JPG,4Z/108MEDIA,2,Western_Leopard_Toad,0.2556,4461.8,240.6,4610.2,872.5
/srv/shared_leopard_toad/2024/18.11.2024/4Z/108MEDIA/DSCF0616.JPG,DSCF0616.JPG,4Z/108MEDIA,2,Western_Leopard_Toad,0.2793,4457.5,249.2,4610.0,859.5
/srv/shared_leopard_toad/2024/18.11.2024/4Z/108MEDIA/DSCF0829.JPG,DSCF0829.JPG,4Z/108MEDIA,2,Western_Leopard_Toad,0.3518,2802.2,2210.5,2939.8,2449.5
/srv/shared_leopard_toad/2024/18.11.2024/4Z/108MEDIA/DSCF0821.JPG,DSCF0821.JPG,4Z/108MEDIA,2,Western_Leopard_Toad,0.3274,2803.5,2210.1,2943.0,2449.9
/srv/shared_leopard_toad/2024/18.11.2024/4Z/108MEDIA/DSCF0809.JPG,DSCF0809.JPG,4Z/108MEDIA,2,Western_Leopard_Toad,0.3152,2804.3,2215.4,2942.2,2452.2
/srv/shared_leopard_toad/2024/18.11.2024/4Z/108MEDIA/DSCF0809.JPG,DSCF0809.JPG,4Z/108MEDIA,2,Western_Leopard_Toad,0.2703,4456.8,265.5,4610.7,843.2
/srv/shared_leopard_toad/2024/18.11.2024/4Z/108MEDIA/DSCF0796.JPG,DSCF0796.JPG,4Z/108MEDIA,2,Western_Leopard_Toad,0.3860,4455.6,252.7,4607.4,871.2
/srv/shared_leopard_toad/2024/18.11.2024/4Z/108MEDIA/DSCF0796.JPG,DSCF0796.JPG,4Z/108MEDIA,2,Western_Leopard_Toad,0.3333,2804.2,2210.7,2942.3,2449.3
/srv/shared_leopard_toad/2024/18.11.2024/4Z/108MEDIA/DSCF0647.JPG,DSCF0647.JPG,4Z/108MEDIA,2,Western_Leopard_Toad,0.3926,4460.3,242.4,4611.7,861.3
/srv/shared_leopard_toad/2024/18.11.2024/4Z/108MEDIA/DSCF0920.JPG,DSCF0920.JPG,4Z/108MEDIA,2,Western_Leopard_Toad,0.3513,2803.3,2212.9,2943.2,2449.7
/srv/shared_leopard_toad/2024/18.11.2024/4Z/108MEDIA/DSCF0968.JPG,DSCF0968.JPG,4Z/108MEDIA,2,Western_Leopard_Toad,0.2588,2800.7,2208.4,2941.3,2449.1
/srv/shared_leopard_toad/2024/18.11.2024/4Z/108MEDIA/DSCF0491.JPG,DSCF0491.JPG,4Z/108MEDIA,2,Western_Leopard_Toad,0.3376,4448.7,254.9,4605.3,884.2
/srv/shared_leopard_toad/2024/18.11.2024/4Z/108MEDIA/DSCF0600.JPG,DSCF0600.JPG,4Z/108MEDIA,2,Western_Leopard_Toad,0.2573,4457.1,235.7,4610.4,873.0
/srv/shared_leopard_toad/2024/18.11.2024/4Z/108MEDIA/DSCF0835.JPG,DSCF0835.JPG,4Z/108MEDIA,2,Western_Leopard_Toad,0.3706,2801.2,2213.3,2940.8,2449.3
/srv/shared_leopard_toad/2024/18.11.2024/4Z/108MEDIA/DSCF0631.JPG,DSCF0631.JPG,4Z/108MEDIA,2,Western_Leopard_Toad,0.2595,2801.8,2213.0,2940.2,2449.5
/srv/shared_leopard_toad/2024/18.11.2024/4Z/108MEDIA/DSCF0926.JPG,DSCF0926.JPG,4Z/108MEDIA,2,Western_Leopard_Toad,0.2808,2803.5,2213.3,2943.0,2449.3
/srv/shared_leopard_toad/2024/18.11.2024/4Z/108MEDIA/DSCF0926.JPG,DSCF0926.JPG,4Z/108MEDIA,2,Western_Leopard_Toad,0.2583,4451.3,261.8,4607.2,836.7
/srv/shared_leopard_toad/2024/18.11.2024/4Z/108MEDIA/DSCF0746.JPG,DSCF0746.JPG,4Z/108MEDIA,2,Western_Leopard_Toad,0.2803,2802.6,2209.9,2943.9,2450.2
/srv/shared_leopard_toad/2024/18.11.2024/4Z/108MEDIA/DSCF0728.JPG,DSCF0728.JPG,4Z/108MEDIA,2,Western_Leopard_Toad,0.2864,4454.7,231.0,4608.3,867.6
/srv/shared_leopard_toad/2024/18.11.2024/4Z/108MEDIA/DSCF0664.JPG,DSCF0664.JPG,4Z/108MEDIA,2,Western_Leopard_Toad,0.3591,2803.3,2210.3,2943.2,2449.7
/srv/shared_leopard_toad/2024/18.11.2024/4Z/108MEDIA/DSCF0664.JPG,DSCF0664.JPG,4Z/108MEDIA,2,Western_Leopard_Toad,0.2891,2802.4,2215.4,2944.1,2452.2
/srv/shared_leopard_toad/2024/18.11.2024/4Z/108MEDIA/DSCF0808.JPG,DSCF0808.JPG,4Z/108MEDIA,2,Western_Leopard_Toad,0.2839,2803.3,2213.3,2943.2,2449.3
/srv/shared_leopard_toad/2024/18.11.2024/4Z/108MEDIA/DSCF0832.JPG,DSCF0832.JPG,4Z/108MEDIA,2,Western_Leopard_Toad,0.9478,1893.3,2304.3,2071.2,2449.3
/srv/shared_leopard_toad/2024/18.11.2024/4Z/108MEDIA/DSCF0832.JPG,DSCF0832.JPG,4Z/108MEDIA,0,Other_Amphibian,0.3677,1893.3,2304.3,2071.2,2449.3
/srv/shared_leopard_toad/2024/18.11.2024/4Z/108MEDIA/DSCF0082.JPG,DSCF0082.JPG,4Z/108MEDIA,2,Western_Leopard_Toad,0.3035,2806.5,2202.5,2985.0,2447.4
/srv/shared_leopard_toad/2024/18.11.2024/4Z/108MEDIA/DSCF0789.JPG,DSCF0789.JPG,4Z/108MEDIA,2,Western_Leopard_Toad,0.4697,2799.7,2205.4,2942.3,2449.5
/srv/shared_leopard_toad/2024/18.11.2024/4Z/108MEDIA/DSCF0941.JPG,DSCF0941.JPG,4Z/108MEDIA,2,Western_Leopard_Toad,0.2590,2800.2,2208.4,2941.8,2449.1
/srv/shared_leopard_toad/2024/18.11.2024/4Z/108MEDIA/DSCF0843.JPG,DSCF0843.JPG,4Z/108MEDIA,2,Western_Leopard_Toad,0.3296,4457.0,249.2,4610.5,864.6
/srv/shared_leopard_toad/2024/18.11.2024/4Z/108MEDIA/DSCF0843.JPG,DSCF0843.JPG,4Z/108MEDIA,2,Western_Leopard_Toad,0.3059,2800.6,2208.6,2941.4,2448.9
/srv/shared_leopard_toad/2024/18.11.2024/4Z/108MEDIA/DSCF0611.JPG,DSCF0611.JPG,4Z/108MEDIA,2,Western_Leopard_Toad,0.2781,4455.9,198.1,4611.6,866.3
/srv/shared_leopard_toad/2024/18.11.2024/4Z/108MEDIA/DSCF0855.JPG,DSCF0855.JPG,4Z/108MEDIA,2,Western_Leopard_Toad,0.4636,2800.3,2213.0,2941.7,2449.5
/srv/shared_leopard_toad/2024/18.11.2024/4Z/108MEDIA/DSCF0852.JPG,DSCF0852.JPG,4Z/108MEDIA,2,Western_Leopard_Toad,0.3032,2799.9,2210.5,2942.1,2447.0
/srv/shared_leopard_toad/2024/18.11.2024/4Z/108MEDIA/DSCF0701.JPG,DSCF0701.JPG,4Z/108MEDIA,2,Western_Leopard_Toad,0.4050,4454.6,254.9,4608.4,875.3
/srv/shared_leopard_toad/2024/18.11.2024/4Z/108MEDIA/DSCF0701.JPG,DSCF0701.JPG,4Z/108MEDIA,2,Western_Leopard_Toad,0.2654,2802.6,2211.1,2943.9,2448.9
/srv/shared_leopard_toad/2024/18.11.2024/4Z/108MEDIA/DSCF0884.JPG,DSCF0884.JPG,4Z/108MEDIA,2,Western_Leopard_Toad,0.2695,2803.0,2210.7,2943.5,2449.3
/srv/shared_leopard_toad/2024/18.11.2024/4Z/108MEDIA/DSCF0836.JPG,DSCF0836.JPG,4Z/108MEDIA,2,Western_Leopard_Toad,0.2664,4450.5,251.7,4608.0,879.1
/srv/shared_leopard_toad/2024/18.11.2024/4Z/108MEDIA/DSCF0717.JPG,DSCF0717.JPG,4Z/108MEDIA,2,Western_Leopard_Toad,0.3677,2802.8,2212.2,2943.7,2450.3
/srv/shared_leopard_toad/2024/18.11.2024/4Z/108MEDIA/DSCF0992.JPG,DSCF0992.JPG,4Z/108MEDIA,2,Western_Leopard_Toad,0.3210,2803.6,2210.5,2942.9,2449.5
/srv/shared_leopard_toad/2024/18.11.2024/4Z/108MEDIA/DSCF0707.JPG,DSCF0707.JPG,4Z/108MEDIA,2,Western_Leopard_Toad,0.3042,4451.8,236.4,4606.7,864.7
/srv/shared_leopard_toad/2024/18.11.2024/4Z/110MEDIA/DSCF0891.JPG,DSCF0891.JPG,4Z/110MEDIA,0,Other_Amphibian,0.5513,4327.6,504.9,4451.9,648.8
/srv/shared_leopard_toad/2024/18.11.2024/4Z/110MEDIA/DSCF0006.JPG,DSCF0006.JPG,4Z/110MEDIA,2,Western_Leopard_Toad,0.2593,4450.5,187.6,4608.0,855.2
/srv/shared_leopard_toad/2024/18.11.2024/4Z/110MEDIA/DSCF0888.JPG,DSCF0888.JPG,4Z/110MEDIA,2,Western_Leopard_Toad,0.6475,4323.0,490.0,4470.0,639.6
/srv/shared_leopard_toad/2024/18.11.2024/4Z/110MEDIA/DSCF0888.JPG,DSCF0888.JPG,4Z/110MEDIA,0,Other_Amphibian,0.2378,4323.0,490.0,4470.0,639.6
/srv/shared_leopard_toad/2024/18.11.2024/4Z/110MEDIA/DSCF0072.JPG,DSCF0072.JPG,4Z/110MEDIA,2,Western_Leopard_Toad,0.3628,4455.0,296.6,4608.0,826.6
/srv/shared_leopard_toad/2024/18.11.2024/4Z/110MEDIA/DSCF0892.JPG,DSCF0892.JPG,4Z/110MEDIA,0,Other_Amphibian,0.6733,4326.9,502.9,4452.6,646.3
/srv/shared_leopard_toad/2024/18.11.2024/4Z/110MEDIA/DSCF0892.JPG,DSCF0892.JPG,4Z/110MEDIA,2,Western_Leopard_Toad,0.2566,4326.9,502.9,4452.6,646.3
/srv/shared_leopard_toad/2024/18.11.2024/4Z/110MEDIA/DSCF0890.JPG,DSCF0890.JPG,4Z/110MEDIA,2,Western_Leopard_Toad,0.2703,4324.7,492.2,4468.3,642.4
/srv/shared_leopard_toad/2024/18.11.2024/4Z/110MEDIA/DSCF0018.JPG,DSCF0018.JPG,4Z/110MEDIA,2,Western_Leopard_Toad,0.2976,4451.3,261.4,4607.2,880.2
/srv/shared_leopard_toad/2024/18.11.2024/4Z/110MEDIA/DSCF0974.JPG,DSCF0974.JPG,4Z/110MEDIA,2,Western_Leopard_Toad,0.2605,4456.1,288.1,4606.9,827.6
/srv/shared_leopard_toad/2024/18.11.2024/4Z/110MEDIA/DSCF0069.JPG,DSCF0069.JPG,4Z/110MEDIA,2,Western_Leopard_Toad,0.3132,4454.4,294.4,4604.1,839.0
/srv/shared_leopard_toad/2024/18.11.2024/4Z/101MEDIA/DSCF0767.JPG,DSCF0767.JPG,4Z/101MEDIA,2,Western_Leopard_Toad,0.2595,4504.9,1070.2,4612.1,1263.6
/srv/shared_leopard_toad/2024/18.11.2024/4Z/101MEDIA/DSCF0752.JPG,DSCF0752.JPG,4Z/101MEDIA,2,Western_Leopard_Toad,0.8491,2543.6,1272.7,2739.4,1448.4
/srv/shared_leopard_toad/2024/18.11.2024/4Z/101MEDIA/DSCF0752.JPG,DSCF0752.JPG,4Z/101MEDIA,0,Other_Amphibian,0.4285,2543.6,1272.7,2739.4,1448.4
/srv/shared_leopard_toad/2024/18.11.2024/4Z/101MEDIA/DSCF0636.JPG,DSCF0636.JPG,4Z/101MEDIA,0,Other_Amphibian,0.2886,394.7,326.7,504.2,463.1
/srv/shared_leopard_toad/2024/18.11.2024/4Z/101MEDIA/DSCF0390.JPG,DSCF0390.JPG,4Z/101MEDIA,2,Western_Leopard_Toad,0.3491,4530.3,2325.7,4609.2,2450.7
/srv/shared_leopard_toad/2024/18.11.2024/4Z/101MEDIA/DSCF0341.JPG,DSCF0341.JPG,4Z/101MEDIA,0,Other_Amphibian,0.2098,4511.7,1078.3,4609.8,1270.7
/srv/shared_leopard_toad/2024/18.11.2024/4Z/101MEDIA/DSCF0759.JPG,DSCF0759.JPG,4Z/101MEDIA,0,Other_Amphibian,0.4763,2546.9,1239.8,2704.6,1418.1
/srv/shared_leopard_toad/2024/18.11.2024/4Z/101MEDIA/DSCF0366.JPG,DSCF0366.JPG,4Z/101MEDIA,2,Western_Leopard_Toad,0.2791,4524.9,2308.3,4610.1,2450.4
/srv/shared_leopard_toad/2024/18.11.2024/4Z/101MEDIA/DSCF0033.JPG,DSCF0033.JPG,4Z/101MEDIA,0,Other_Amphibian,0.2103,4506.8,1078.8,4610.2,1260.1
/srv/shared_leopard_toad/2024/18.11.2024/4Z/101MEDIA/DSCF0343.JPG,DSCF0343.JPG,4Z/101MEDIA,0,Other_Amphibian,0.2073,4508.1,1077.2,4608.9,1269.3
/srv/shared_leopard_toad/2024/18.11.2024/4Z/101MEDIA/DSCF0944.JPG,DSCF0944.JPG,4Z/101MEDIA,2,Western_Leopard_Toad,0.8330,3439.4,263.8,3607.6,430.4
/srv/shared_leopard_toad/2024/18.11.2024/4Z/101MEDIA/DSCF0944.JPG,DSCF0944.JPG,4Z/101MEDIA,0,Other_Amphibian,0.2123,3439.4,263.8,3607.6,430.4
/srv/shared_leopard_toad/2024/18.11.2024/4Z/101MEDIA/DSCF0943.JPG,DSCF0943.JPG,4Z/101MEDIA,0,Other_Amphibian,0.8286,3452.1,303.8,3648.9,461.9
/srv/shared_leopard_toad/2024/18.11.2024/4Z/101MEDIA/DSCF0943.JPG,DSCF0943.JPG,4Z/101MEDIA,2,Western_Leopard_Toad,0.3723,3452.1,303.8,3648.9,461.9
/srv/shared_leopard_toad/2024/18.11.2024/4Z/101MEDIA/DSCF0758.JPG,DSCF0758.JPG,4Z/101MEDIA,0,Other_Amphibian,0.9106,2554.7,1241.5,2710.3,1416.3
/srv/shared_leopard_toad/2024/18.11.2024/4Z/101MEDIA/DSCF0758.JPG,DSCF0758.JPG,4Z/101MEDIA,2,Western_Leopard_Toad,0.3152,2554.7,1241.5,2710.3,1416.3
/srv/shared_leopard_toad/2024/18.11.2024/4Z/101MEDIA/DSCF0945.JPG,DSCF0945.JPG,4Z/101MEDIA,2,Western_Leopard_Toad,0.9551,3430.7,254.5,3589.3,428.3
/srv/shared_leopard_toad/2024/18.11.2024/4Z/101MEDIA/DSCF0945.JPG,DSCF0945.JPG,4Z/101MEDIA,0,Other_Amphibian,0.2303,3430.7,254.5,3589.3,428.3
/srv/shared_leopard_toad/2024/18.11.2024/4Z/101MEDIA/DSCF0754.JPG,DSCF0754.JPG,4Z/101MEDIA,2,Western_Leopard_Toad,0.9434,2545.5,1271.2,2737.5,1447.3
/srv/shared_leopard_toad/2024/18.11.2024/4Z/101MEDIA/DSCF0754.JPG,DSCF0754.JPG,4Z/101MEDIA,0,Other_Amphibian,0.2064,2545.5,1271.2,2737.5,1447.3
/srv/shared_leopard_toad/2024/18.11.2024/4Z/101MEDIA/DSCF0479.JPG,DSCF0479.JPG,4Z/101MEDIA,0,Other_Amphibian,0.2050,4505.4,1074.4,4607.1,1259.4
/srv/shared_leopard_toad/2024/18.11.2024/4Z/101MEDIA/DSCF0472.JPG,DSCF0472.JPG,4Z/101MEDIA,0,Other_Amphibian,0.3179,4505.6,1076.6,4606.9,1258.5
/srv/shared_leopard_toad/2024/18.11.2024/4Z/101MEDIA/DSCF0474.JPG,DSCF0474.JPG,4Z/101MEDIA,0,Other_Amphibian,0.2051,4505.9,1074.8,4606.6,1269.2
/srv/shared_leopard_toad/2024/18.11.2024/4Z/101MEDIA/DSCF0335.JPG,DSCF0335.JPG,4Z/101MEDIA,0,Other_Amphibian,0.2294,4505.3,1078.5,4607.2,1264.1
/srv/shared_leopard_toad/2024/18.11.2024/4Z/101MEDIA/DSCF0750.JPG,DSCF0750.JPG,4Z/101MEDIA,2,Western_Leopard_Toad,0.8979,2544.7,1272.0,2738.3,1446.5
/srv/shared_leopard_toad/2024/18.11.2024/4Z/101MEDIA/DSCF0750.JPG,DSCF0750.JPG,4Z/101MEDIA,0,Other_Amphibian,0.4099,2544.7,1272.0,2738.3,1446.5
/srv/shared_leopard_toad/2024/18.11.2024/4Z/101MEDIA/DSCF0745.JPG,DSCF0745.JPG,4Z/101MEDIA,2,Western_Leopard_Toad,0.9053,2544.7,1272.2,2738.3,1448.9
/srv/shared_leopard_toad/2024/18.11.2024/4Z/101MEDIA/DSCF0745.JPG,DSCF0745.JPG,4Z/101MEDIA,0,Other_Amphibian,0.2277,2544.7,1272.2,2738.3,1448.9
/srv/shared_leopard_toad/2024/18.11.2024/4Z/101MEDIA/DSCF0753.JPG,DSCF0753.JPG,4Z/101MEDIA,2,Western_Leopard_Toad,0.8394,2544.5,1271.1,2738.5,1447.5
/srv/shared_leopard_toad/2024/18.11.2024/4Z/101MEDIA/DSCF0753.JPG,DSCF0753.JPG,4Z/101MEDIA,0,Other_Amphibian,0.5151,2544.5,1271.1,2738.5,1447.5
/srv/shared_leopard_toad/2024/18.11.2024/4Z/101MEDIA/DSCF0387.JPG,DSCF0387.JPG,4Z/101MEDIA,2,Western_Leopard_Toad,0.3440,4528.3,2308.1,4611.2,2450.6
/srv/shared_leopard_toad/2024/18.11.2024/4Z/101MEDIA/DSCF0942.JPG,DSCF0942.JPG,4Z/101MEDIA,0,Other_Amphibian,0.7085,3454.9,304.0,3650.6,461.7
/srv/shared_leopard_toad/2024/18.11.2024/4Z/101MEDIA/DSCF0942.JPG,DSCF0942.JPG,4Z/101MEDIA,2,Western_Leopard_Toad,0.4758,3454.9,304.0,3650.6,461.7
/srv/shared_leopard_toad/2024/18.11.2024/4Z/101MEDIA/DSCF0757.JPG,DSCF0757.JPG,4Z/101MEDIA,0,Other_Amphibian,0.9233,2553.8,1242.3,2711.2,1415.5
/srv/shared_leopard_toad/2024/18.11.2024/4Z/101MEDIA/DSCF0748.JPG,DSCF0748.JPG,4Z/101MEDIA,2,Western_Leopard_Toad,0.8501,2545.5,1268.8,2737.5,1449.8
/srv/shared_leopard_toad/2024/18.11.2024/4Z/101MEDIA/DSCF0114.JPG,DSCF0114.JPG,4Z/101MEDIA,0,Other_Amphibian,0.2311,3083.8,214.8,3252.2,452.9
/srv/shared_leopard_toad/2024/18.11.2024/4Z/101MEDIA/DSCF0360.JPG,DSCF0360.JPG,4Z/101MEDIA,2,Western_Leopard_Toad,0.4099,4525.8,2312.8,4613.7,2448.5
/srv/shared_leopard_toad/2024/18.11.2024/4Z/101MEDIA/DSCF0454.JPG,DSCF0454.JPG,4Z/101MEDIA,2,Western_Leopard_Toad,0.3638,4525.7,2320.9,4609.3,2453.1
/srv/shared_leopard_toad/2024/18.11.2024/4Z/101MEDIA/DSCF0377.JPG,DSCF0377.JPG,4Z/101MEDIA,2,Western_Leopard_Toad,0.2673,4525.5,2288.8,4614.0,2452.2
/srv/shared_leopard_toad/2024/18.11.2024/4Z/101MEDIA/DSCF0323.JPG,DSCF0323.JPG,4Z/101MEDIA,0,Other_Amphibian,0.2061,4504.4,1079.2,4608.1,1259.7
/srv/shared_leopard_toad/2024/18.11.2024/4Z/101MEDIA/DSCF0747.JPG,DSCF0747.JPG,4Z/101MEDIA,2,Western_Leopard_Toad,0.8960,2544.5,1274.1,2738.5,1447.0
/srv/shared_leopard_toad/2024/18.11.2024/4Z/101MEDIA/DSCF0747.JPG,DSCF0747.JPG,4Z/101MEDIA,0,Other_Amphibian,0.3057,2544.5,1274.1,2738.5,1447.0
/srv/shared_leopard_toad/2024/18.11.2024/4Z/101MEDIA/DSCF0586.JPG,DSCF0586.JPG,4Z/101MEDIA,0,Other_Amphibian,0.2861,395.7,328.9,503.2,467.1
/srv/shared_leopard_toad/2024/18.11.2024/4Z/101MEDIA/DSCF0953.JPG,DSCF0953.JPG,4Z/101MEDIA,2,Western_Leopard_Toad,0.2764,4498.3,1072.1,4609.7,1256.7
/srv/shared_leopard_toad/2024/18.11.2024/4Z/101MEDIA/DSCF0389.JPG,DSCF0389.JPG,4Z/101MEDIA,2,Western_Leopard_Toad,0.3716,4532.0,2316.1,4612.0,2450.2
/srv/shared_leopard_toad/2024/18.11.2024/4Z/101MEDIA/DSCF0379.JPG,DSCF0379.JPG,4Z/101MEDIA,2,Western_Leopard_Toad,0.3376,4527.0,2310.4,4612.5,2450.9
/srv/shared_leopard_toad/2024/18.11.2024/4Z/101MEDIA/DSCF0756.JPG,DSCF0756.JPG,4Z/101MEDIA,0,Other_Amphibian,0.8843,2552.6,1245.0,2703.4,1415.4
/srv/shared_leopard_toad/2024/18.11.2024/4Z/101MEDIA/DSCF0477.JPG,DSCF0477.JPG,4Z/101MEDIA,0,Other_Amphibian,0.2024,4502.4,1080.1,4605.6,1262.6
/srv/shared_leopard_toad/2024/18.11.2024/4Z/101MEDIA/DSCF0475.JPG,DSCF0475.JPG,4Z/101MEDIA,0,Other_Amphibian,0.2059,4505.0,1073.5,4607.5,1260.3
/srv/shared_leopard_toad/2024/18.11.2024/4Z/101MEDIA/DSCF0480.JPG,DSCF0480.JPG,4Z/101MEDIA,0,Other_Amphibian,0.2474,4506.1,1075.1,4606.4,1253.7
/srv/shared_leopard_toad/2024/18.11.2024/4Z/101MEDIA/DSCF0749.JPG,DSCF0749.JPG,4Z/101MEDIA,2,Western_Leopard_Toad,0.8828,2545.1,1267.0,2737.9,1446.5
/srv/shared_leopard_toad/2024/18.11.2024/4Z/101MEDIA/DSCF0749.JPG,DSCF0749.JPG,4Z/101MEDIA,0,Other_Amphibian,0.2800,2545.1,1267.0,2737.9,1446.5
/srv/shared_leopard_toad/2024/18.11.2024/4Z/101MEDIA/DSCF0334.JPG,DSCF0334.JPG,4Z/101MEDIA,0,Other_Amphibian,0.2327,4506.4,1077.7,4606.1,1265.0
/srv/shared_leopard_toad/2024/18.11.2024/4Z/101MEDIA/DSCF0481.JPG,DSCF0481.JPG,4Z/101MEDIA,0,Other_Amphibian,0.3025,4506.2,1076.7,4610.8,1249.6
/srv/shared_leopard_toad/2024/18.11.2024/4Z/101MEDIA/DSCF0300.JPG,DSCF0300.JPG,4Z/101MEDIA,0,Other_Amphibian,0.2181,4506.5,1081.4,4610.5,1257.5
/srv/shared_leopard_toad/2024/18.11.2024/4Z/101MEDIA/DSCF0162.JPG,DSCF0162.JPG,4Z/101MEDIA,0,Other_Amphibian,0.3940,3084.5,519.4,3332.5,745.6
/srv/shared_leopard_toad/2024/18.11.2024/4Z/101MEDIA/DSCF0751.JPG,DSCF0751.JPG,4Z/101MEDIA,2,Western_Leopard_Toad,0.9194,2545.1,1270.8,2737.9,1445.3
/srv/shared_leopard_toad/2024/18.11.2024/4Z/101MEDIA/DSCF0751.JPG,DSCF0751.JPG,4Z/101MEDIA,0,Other_Amphibian,0.2788,2545.1,1270.8,2737.9,1445.3
/srv/shared_leopard_toad/2024/18.11.2024/4Z/101MEDIA/DSCF0484.JPG,DSCF0484.JPG,4Z/101MEDIA,0,Other_Amphibian,0.2058,4503.1,1072.7,4609.4,1258.6
/srv/shared_leopard_toad/2024/18.11.2024/4Z/101MEDIA/DSCF0329.JPG,DSCF0329.JPG,4Z/101MEDIA,0,Other_Amphibian,0.2314,4509.6,1080.2,4607.4,1262.5
/srv/shared_leopard_toad/2024/18.11.2024/4Z/101MEDIA/DSCF0326.JPG,DSCF0326.JPG,4Z/101MEDIA,0,Other_Amphibian,0.2147,4508.6,1078.4,4608.4,1264.3
/srv/shared_leopard_toad/2024/18.11.2024/4Z/101MEDIA/DSCF0746.JPG,DSCF0746.JPG,4Z/101MEDIA,2,Western_Leopard_Toad,0.9453,2544.5,1269.5,2738.5,1449.1
/srv/shared_leopard_toad/2024/18.11.2024/4Z/101MEDIA/DSCF0468.JPG,DSCF0468.JPG,4Z/101MEDIA,0,Other_Amphibian,0.2069,4509.0,1074.2,4608.0,1274.8
/srv/shared_leopard_toad/2024/18.11.2024/4Z/101MEDIA/DSCF0340.JPG,DSCF0340.JPG,4Z/101MEDIA,0,Other_Amphibian,0.2029,4508.8,1081.9,4608.2,1272.2
/srv/shared_leopard_toad/2024/18.11.2024/4Z/101MEDIA/DSCF0328.JPG,DSCF0328.JPG,4Z/101MEDIA,0,Other_Amphibian,0.2969,4511.0,1081.4,4610.5,1254.9
/srv/shared_leopard_toad/2024/18.11.2024/4Z/101MEDIA/DSCF0374.JPG,DSCF0374.JPG,4Z/101MEDIA,2,Western_Leopard_Toad,0.2656,4527.4,2288.1,4612.1,2452.9
/srv/shared_leopard_toad/2024/18.11.2024/4Z/106MEDIA/DSCF0980.JPG,DSCF0980.JPG,4Z/106MEDIA,2,Western_Leopard_Toad,0.2703,4514.3,2362.4,4607.2,2449.5
/srv/shared_leopard_toad/2024/18.11.2024/4Z/106MEDIA/DSCF0891.JPG,DSCF0891.JPG,4Z/106MEDIA,2,Western_Leopard_Toad,0.5122,2786.3,2193.6,2964.7,2446.1
/srv/shared_leopard_toad/2024/18.11.2024/4Z/106MEDIA/DSCF0089.JPG,DSCF0089.JPG,4Z/106MEDIA,0,Other_Amphibian,0.2654,3153.4,470.7,3389.6,710.1
/srv/shared_leopard_toad/2024/18.11.2024/4Z/106MEDIA/DSCF0895.JPG,DSCF0895.JPG,4Z/106MEDIA,2,Western_Leopard_Toad,0.5806,2787.8,2196.3,2967.8,2446.1
/srv/shared_leopard_toad/2024/18.11.2024/4Z/106MEDIA/DSCF0899.JPG,DSCF0899.JPG,4Z/106MEDIA,2,Western_Leopard_Toad,0.6851,2790.2,2196.0,2969.8,2446.3
/srv/shared_leopard_toad/2024/18.11.2024/4Z/106MEDIA/DSCF0118.JPG,DSCF0118.JPG,4Z/106MEDIA,0,Other_Amphibian,0.2773,3148.7,467.6,3389.8,708.8
/srv/shared_leopard_toad/2024/18.11.2024/4Z/106MEDIA/DSCF0896.JPG,DSCF0896.JPG,4Z/106MEDIA,2,Western_Leopard_Toad,0.5430,2786.4,2193.6,2969.1,2446.1
/srv/shared_leopard_toad/2024/18.11.2024/4Z/106MEDIA/DSCF0117.JPG,DSCF0117.JPG,4Z/106MEDIA,0,Other_Amphibian,0.2426,3146.4,471.8,3387.6,709.1
/srv/shared_leopard_toad/2024/18.11.2024/4Z/106MEDIA/DSCF0504.JPG,DSCF0504.JPG,4Z/106MEDIA,0,Other_Amphibian,0.2031,2031.6,2127.9,2108.4,2228.4
/srv/shared_leopard_toad/2024/18.11.2024/4Z/106MEDIA/DSCF0096.JPG,DSCF0096.JPG,4Z/106MEDIA,0,Other_Amphibian,0.2211,3149.2,471.0,3389.3,709.1
/srv/shared_leopard_toad/2024/18.11.2024/4Z/106MEDIA/DSCF0898.JPG,DSCF0898.JPG,4Z/106MEDIA,2,Western_Leopard_Toad,0.7520,2788.7,2193.9,2971.3,2445.9
/srv/shared_leopard_toad/2024/18.11.2024/4Z/106MEDIA/DSCF0716.JPG,DSCF0716.JPG,4Z/106MEDIA,0,Other_Amphibian,0.8789,3403.3,228.1,3571.7,409.1
/srv/shared_leopard_toad/2024/18.11.2024/4Z/106MEDIA/DSCF0246.JPG,DSCF0246.JPG,4Z/106MEDIA,0,Other_Amphibian,0.2600,2031.8,2126.6,2108.2,2227.2
/srv/shared_leopard_toad/2024/18.11.2024/4Z/106MEDIA/DSCF0888.JPG,DSCF0888.JPG,4Z/106MEDIA,2,Western_Leopard_Toad,0.2874,2790.2,2199.4,2969.8,2448.0
/srv/shared_leopard_toad/2024/18.11.2024/4Z/106MEDIA/DSCF0072.JPG,DSCF0072.JPG,4Z/106MEDIA,0,Other_Amphibian,0.2068,3146.2,469.2,3387.8,708.5
/srv/shared_leopard_toad/2024/18.11.2024/4Z/106MEDIA/DSCF0892.JPG,DSCF0892.JPG,4Z/106MEDIA,2,Western_Leopard_Toad,0.4341,2785.2,2196.7,2965.8,2445.6
/srv/shared_leopard_toad/2024/18.11.2024/4Z/106MEDIA/DSCF0900.JPG,DSCF0900.JPG,4Z/106MEDIA,2,Western_Leopard_Toad,0.8008,2788.8,2197.5,2966.7,2447.3
/srv/shared_leopard_toad/2024/18.11.2024/4Z/106MEDIA/DSCF0127.JPG,DSCF0127.JPG,4Z/106MEDIA,0,Other_Amphibian,0.2739,3153.0,466.6,3390.0,707.2
/srv/shared_leopard_toad/2024/18.11.2024/4Z/106MEDIA/DSCF0885.JPG,DSCF0885.JPG,4Z/106MEDIA,2,Western_Leopard_Toad,0.3135,2781.7,2192.3,2973.8,2447.5
/srv/shared_leopard_toad/2024/18.11.2024/4Z/106MEDIA/DSCF0904.JPG,DSCF0904.JPG,4Z/106MEDIA,2,Western_Leopard_Toad,0.8447,2783.8,2196.0,2967.2,2446.3
/srv/shared_leopard_toad/2024/18.11.2024/4Z/106MEDIA/DSCF0902.JPG,DSCF0902.JPG,4Z/106MEDIA,2,Western_Leopard_Toad,0.8408,2787.8,2197.8,2967.8,2447.1
/srv/shared_leopard_toad/2024/18.11.2024/4Z/106MEDIA/DSCF0883.JPG,DSCF0883.JPG,4Z/106MEDIA,2,Western_Leopard_Toad,0.3047,2787.3,2196.7,2968.2,2445.6
/srv/shared_leopard_toad/2024/18.11.2024/4Z/106MEDIA/DSCF0903.JPG,DSCF0903.JPG,4Z/106MEDIA,2,Western_Leopard_Toad,0.7969,2785.5,2195.4,2965.5,2446.9
/srv/shared_leopard_toad/2024/18.11.2024/4Z/106MEDIA/DSCF0068.JPG,DSCF0068.JPG,4Z/106MEDIA,0,Other_Amphibian,0.2605,3146.9,466.8,3387.1,710.9
/srv/shared_leopard_toad/2024/18.11.2024/4Z/106MEDIA/DSCF0901.JPG,DSCF0901.JPG,4Z/106MEDIA,2,Western_Leopard_Toad,0.7939,2790.1,2199.9,2965.4,2447.5
/srv/shared_leopard_toad/2024/18.11.2024/4Z/106MEDIA/DSCF0894.JPG,DSCF0894.JPG,4Z/106MEDIA,2,Western_Leopard_Toad,0.6836,2788.9,2196.0,2966.6,2446.3
/srv/shared_leopard_toad/2024/18.11.2024/4Z/106MEDIA/DSCF0881.JPG,DSCF0881.JPG,4Z/106MEDIA,2,Western_Leopard_Toad,0.3154,2784.9,2196.9,2966.1,2445.4
/srv/shared_leopard_toad/2024/18.11.2024/4Z/106MEDIA/DSCF0972.JPG,DSCF0972.JPG,4Z/106MEDIA,2,Western_Leopard_Toad,0.2996,4512.4,2362.3,4609.1,2449.6
/srv/shared_leopard_toad/2024/18.11.2024/4Z/106MEDIA/DSCF0083.JPG,DSCF0083.JPG,4Z/106MEDIA,0,Other_Amphibian,0.2311,3143.2,468.2,3390.8,707.6
/srv/shared_leopard_toad/2024/18.11.2024/4Z/106MEDIA/DSCF0046.JPG,DSCF0046.JPG,4Z/106MEDIA,0,Other_Amphibian,0.2676,3153.8,469.2,3389.2,705.3
/srv/shared_leopard_toad/2024/18.11.2024/4Z/106MEDIA/DSCF0905.JPG,DSCF0905.JPG,4Z/106MEDIA,2,Western_Leopard_Toad,0.8252,2787.3,2199.3,2968.2,2448.1
/srv/shared_leopard_toad/2024/18.11.2024/4Z/106MEDIA/DSCF0719.JPG,DSCF0719.JPG,4Z/106MEDIA,0,Other_Amphibian,0.3772,3416.3,231.8,3608.2,393.7
/srv/shared_leopard_toad/2024/18.11.2024/4Z/106MEDIA/DSCF0897.JPG,DSCF0897.JPG,4Z/106MEDIA,2,Western_Leopard_Toad,0.8115,2786.9,2196.3,2968.6,2446.1
/srv/shared_leopard_toad/2024/18.11.2024/4Z/106MEDIA/DSCF0893.JPG,DSCF0893.JPG,4Z/106MEDIA,2,Western_Leopard_Toad,0.5273,2786.8,2194.4,2968.7,2445.4
/srv/shared_leopard_toad/2024/18.11.2024/4Z/106MEDIA/DSCF0084.JPG,DSCF0084.JPG,4Z/106MEDIA,0,Other_Amphibian,0.2234,3147.3,469.8,3386.7,709.1
/srv/shared_leopard_toad/2024/18.11.2024/4Z/106MEDIA/DSCF0124.JPG,DSCF0124.JPG,4Z/106MEDIA,0,Other_Amphibian,0.2297,3144.9,467.1,3389.1,707.4
/srv/shared_leopard_toad/2024/18.11.2024/4Z/106MEDIA/DSCF0717.JPG,DSCF0717.JPG,4Z/106MEDIA,0,Other_Amphibian,0.8838,3399.3,224.4,3571.2,409.0
/srv/shared_leopard_toad/2024/18.11.2024/4Z/109MEDIA/DSCF0012.JPG,DSCF0012.JPG,4Z/109MEDIA,2,Western_Leopard_Toad,0.3503,2803.6,2211.1,2942.9,2448.9
/srv/shared_leopard_toad/2024/18.11.2024/4Z/109MEDIA/DSCF0416.JPG,DSCF0416.JPG,4Z/109MEDIA,2,Western_Leopard_Toad,0.3398,4450.7,256.0,4607.8,835.0
/srv/shared_leopard_toad/2024/18.11.2024/4Z/109MEDIA/DSCF0651.JPG,DSCF0651.JPG,4Z/109MEDIA,0,Other_Amphibian,0.8667,4339.3,513.5,4462.7,642.0
/srv/shared_leopard_toad/2024/18.11.2024/4Z/109MEDIA/DSCF0298.JPG,DSCF0298.JPG,4Z/109MEDIA,2,Western_Leopard_Toad,0.2776,4448.9,258.5,4609.6,840.7
/srv/shared_leopard_toad/2024/18.11.2024/4Z/109MEDIA/DSCF0650.JPG,DSCF0650.JPG,4Z/109MEDIA,0,Other_Amphibian,0.8711,4337.2,513.1,4460.3,640.5
/srv/shared_leopard_toad/2024/18.11.2024/4Z/109MEDIA/DSCF0107.JPG,DSCF0107.JPG,4Z/109MEDIA,2,Western_Leopard_Toad,0.4121,2814.5,2259.3,3485.5,2451.4
/srv/shared_leopard_toad/2024/18.11.2024/4Z/109MEDIA/DSCF0980.JPG,DSCF0980.JPG,4Z/109MEDIA,2,Western_Leopard_Toad,0.2629,4453.1,78.8,4614.4,858.4
/srv/shared_leopard_toad/2024/18.11.2024/4Z/109MEDIA/DSCF0501.JPG,DSCF0501.JPG,4Z/109MEDIA,2,Western_Leopard_Toad,0.2520,4448.6,259.3,4605.4,851.9
/srv/shared_leopard_toad/2024/18.11.2024/4Z/109MEDIA/DSCF0390.JPG,DSCF0390.JPG,4Z/109MEDIA,2,Western_Leopard_Toad,0.3035,4450.7,235.7,4607.8,845.1
/srv/shared_leopard_toad/2024/18.11.2024/4Z/109MEDIA/DSCF0304.JPG,DSCF0304.JPG,4Z/109MEDIA,2,Western_Leopard_Toad,0.3230,4449.8,260.9,4608.7,845.9
/srv/shared_leopard_toad/2024/18.11.2024/4Z/109MEDIA/DSCF0266.JPG,DSCF0266.JPG,4Z/109MEDIA,2,Western_Leopard_Toad,0.2808,4450.5,258.8,4608.0,829.6
/srv/shared_leopard_toad/2024/18.11.2024/4Z/109MEDIA/DSCF0207.JPG,DSCF0207.JPG,4Z/109MEDIA,2,Western_Leopard_Toad,0.2563,4455.1,250.4,4607.9,843.7
/srv/shared_leopard_toad/2024/18.11.2024/4Z/109MEDIA/DSCF0369.JPG,DSCF0369.JPG,4Z/109MEDIA,2,Western_Leopard_Toad,0.2756,4448.7,240.8,4609.8,831.8
/srv/shared_leopard_toad/2024/18.11.2024/4Z/109MEDIA/DSCF0422.JPG,DSCF0422.JPG,4Z/109MEDIA,2,Western_Leopard_Toad,0.3542,4452.3,249.3,4606.2,844.2
/srv/shared_leopard_toad/2024/18.11.2024/4Z/109MEDIA/DSCF0649.JPG,DSCF0649.JPG,4Z/109MEDIA,0,Other_Amphibian,0.8931,4333.9,513.3,4459.1,640.4
/srv/shared_leopard_toad/2024/18.11.2024/4Z/109MEDIA/DSCF0366.JPG,DSCF0366.JPG,4Z/109MEDIA,2,Western_Leopard_Toad,0.5400,4453.1,250.6,4609.9,837.8
/srv/shared_leopard_toad/2024/18.11.2024/4Z/109MEDIA/DSCF0250.JPG,DSCF0250.JPG,4Z/109MEDIA,2,Western_Leopard_Toad,0.2598,4448.0,269.1,4606.0,859.2
/srv/shared_leopard_toad/2024/18.11.2024/4Z/109MEDIA/DSCF0670.JPG,DSCF0670.JPG,4Z/109MEDIA,0,Other_Amphibian,0.2759,3397.2,583.3,3789.3,974.7
/srv/shared_leopard_toad/2024/18.11.2024/4Z/109MEDIA/DSCF0581.JPG,DSCF0581.JPG,4Z/109MEDIA,2,Western_Leopard_Toad,0.5552,1113.5,1988.8,1303.0,2210.6
/srv/shared_leopard_toad/2024/18.11.2024/4Z/109MEDIA/DSCF0851.JPG,DSCF0851.JPG,4Z/109MEDIA,2,Western_Leopard_Toad,0.4001,2802.1,2211.4,2953.4,2446.1
/srv/shared_leopard_toad/2024/18.11.2024/4Z/109MEDIA/DSCF0343.JPG,DSCF0343.JPG,4Z/109MEDIA,2,Western_Leopard_Toad,0.3513,4446.0,241.7,4608.0,836.6
/srv/shared_leopard_toad/2024/18.11.2024/4Z/109MEDIA/DSCF0237.JPG,DSCF0237.JPG,4Z/109MEDIA,2,Western_Leopard_Toad,0.2949,4451.8,259.3,4606.7,839.3
/srv/shared_leopard_toad/2024/18.11.2024/4Z/109MEDIA/DSCF0385.JPG,DSCF0385.JPG,4Z/109MEDIA,2,Western_Leopard_Toad,0.2737,4453.0,248.2,4610.0,822.5
/srv/shared_leopard_toad/2024/18.11.2024/4Z/109MEDIA/DSCF0837.JPG,DSCF0837.JPG,4Z/109MEDIA,2,Western_Leopard_Toad,0.2681,2799.8,2211.1,2951.2,2446.4
/srv/shared_leopard_toad/2024/18.11.2024/4Z/109MEDIA/DSCF0853.JPG,DSCF0853.JPG,4Z/109MEDIA,2,Western_Leopard_Toad,0.4578,2804.2,2214.1,2951.3,2448.4
/srv/shared_leopard_toad/2024/18.11.2024/4Z/109MEDIA/DSCF0853.JPG,DSCF0853.JPG,4Z/109MEDIA,2,Western_Leopard_Toad,0.4521,2801.5,2210.5,2954.0,2447.0
/srv/shared_leopard_toad/2024/18.11.2024/4Z/109MEDIA/DSCF0858.JPG,DSCF0858.JPG,4Z/109MEDIA,2,Western_Leopard_Toad,0.5562,2802.1,2215.2,2948.9,2447.4
/srv/shared_leopard_toad/2024/18.11.2024/4Z/109MEDIA/DSCF0858.JPG,DSCF0858.JPG,4Z/109MEDIA,2,Western_Leopard_Toad,0.2959,2799.3,2211.0,2951.7,2446.5
/srv/shared_leopard_toad/2024/18.11.2024/4Z/109MEDIA/DSCF0652.JPG,DSCF0652.JPG,4Z/109MEDIA,0,Other_Amphibian,0.8975,4337.1,512.2,4460.4,639.5
/srv/shared_leopard_toad/2024/18.11.2024/4Z/109MEDIA/DSCF0248.JPG,DSCF0248.JPG,4Z/109MEDIA,0,Other_Amphibian,0.8677,3603.0,263.7,3826.5,466.5
/srv/shared_leopard_toad/2024/18.11.2024/4Z/109MEDIA/DSCF0248.JPG,DSCF0248.JPG,4Z/109MEDIA,2,Western_Leopard_Toad,0.4658,3603.0,263.7,3826.5,466.5
/srv/shared_leopard_toad/2024/18.11.2024/4Z/109MEDIA/DSCF0052.JPG,DSCF0052.JPG,4Z/109MEDIA,2,Western_Leopard_Toad,0.2664,4449.7,269.9,4608.8,839.4
/srv/shared_leopard_toad/2024/18.11.2024/4Z/109MEDIA/DSCF0653.JPG,DSCF0653.JPG,4Z/109MEDIA,0,Other_Amphibian,0.8569,4336.9,512.1,4460.6,641.6
/srv/shared_leopard_toad/2024/18.11.2024/4Z/109MEDIA/DSCF0838.JPG,DSCF0838.JPG,4Z/109MEDIA,2,Western_Leopard_Toad,0.2722,2801.4,2214.8,2949.6,2447.8
/srv/shared_leopard_toad/2024/18.11.2024/4Z/109MEDIA/DSCF0040.JPG,DSCF0040.JPG,4Z/109MEDIA,2,Western_Leopard_Toad,0.2717,2803.4,2208.6,2943.1,2448.9
/srv/shared_leopard_toad/2024/18.11.2024/4Z/109MEDIA/DSCF0288.JPG,DSCF0288.JPG,4Z/109MEDIA,2,Western_Leopard_Toad,0.2764,4445.6,246.3,4608.4,854.8
/srv/shared_leopard_toad/2024/18.11.2024/4Z/109MEDIA/DSCF0264.JPG,DSCF0264.JPG,4Z/109MEDIA,0,Other_Amphibian,0.2871,3399.5,577.3,3791.5,969.3
/srv/shared_leopard_toad/2024/18.11.2024/4Z/109MEDIA/DSCF0848.JPG,DSCF0848.JPG,4Z/109MEDIA,2,Western_Leopard_Toad,0.5063,2801.8,2211.0,2953.7,2446.5
/srv/shared_leopard_toad/2024/18.11.2024/4Z/109MEDIA/DSCF0648.JPG,DSCF0648.JPG,4Z/109MEDIA,0,Other_Amphibian,0.9087,4332.1,511.6,4456.4,640.1
/srv/shared_leopard_toad/2024/18.11.2024/4Z/109MEDIA/DSCF0659.JPG,DSCF0659.JPG,4Z/109MEDIA,0,Other_Amphibian,0.4182,3405.1,570.6,3781.4,962.0
/srv/shared_leopard_toad/2024/18.11.2024/4Z/109MEDIA/DSCF0246.JPG,DSCF0246.JPG,4Z/109MEDIA,2,Western_Leopard_Toad,0.2673,4456.0,251.4,4607.0,835.2
/srv/shared_leopard_toad/2024/18.11.2024/4Z/109MEDIA/DSCF0842.JPG,DSCF0842.JPG,4Z/109MEDIA,2,Western_Leopard_Toad,0.3916,2802.0,2213.5,2953.5,2446.5
/srv/shared_leopard_toad/2024/18.11.2024/4Z/109MEDIA/DSCF0856.JPG,DSCF0856.JPG,4Z/109MEDIA,2,Western_Leopard_Toad,0.3247,2802.9,2212.6,2952.6,2447.4
/srv/shared_leopard_toad/2024/18.11.2024/4Z/109MEDIA/DSCF0607.JPG,DSCF0607.JPG,4Z/109MEDIA,2,Western_Leopard_Toad,0.2549,4446.0,233.7,4608.0,837.1
/srv/shared_leopard_toad/2024/18.11.2024/4Z/109MEDIA/DSCF0577.JPG,DSCF0577.JPG,4Z/109MEDIA,0,Other_Amphibian,0.2091,3391.6,572.4,3785.9,972.9
/srv/shared_leopard_toad/2024/18.11.2024/4Z/109MEDIA/DSCF0666.JPG,DSCF0666.JPG,4Z/109MEDIA,0,Other_Amphibian,0.4626,3403.7,578.1,3782.8,969.8
/srv/shared_leopard_toad/2024/18.11.2024/4Z/109MEDIA/DSCF0675.JPG,DSCF0675.JPG,4Z/109MEDIA,0,Other_Amphibian,0.2449,3392.2,576.5,3780.8,970.1
/srv/shared_leopard_toad/2024/18.11.2024/4Z/109MEDIA/DSCF0065.JPG,DSCF0065.JPG,4Z/109MEDIA,2,Western_Leopard_Toad,0.3005,2801.4,2198.6,2949.6,2446.2
/srv/shared_leopard_toad/2024/18.11.2024/4Z/109MEDIA/DSCF0091.JPG,DSCF0091.JPG,4Z/109MEDIA,0,Other_Amphibian,0.2428,2028.3,2128.3,2107.2,2228.0
/srv/shared_leopard_toad/2024/18.11.2024/4Z/109MEDIA/DSCF0632.JPG,DSCF0632.JPG,4Z/109MEDIA,0,Other_Amphibian,0.2211,3398.3,571.3,3783.7,974.1
/srv/shared_leopard_toad/2024/18.11.2024/4Z/109MEDIA/DSCF0841.JPG,DSCF0841.JPG,4Z/109MEDIA,2,Western_Leopard_Toad,0.3806,2802.2,2213.0,2953.3,2447.0
/srv/shared_leopard_toad/2024/18.11.2024/4Z/109MEDIA/DSCF0391.JPG,DSCF0391.JPG,4Z/109MEDIA,2,Western_Leopard_Toad,0.5498,4449.9,243.8,4608.6,823.8
/srv/shared_leopard_toad/2024/18.11.2024/4Z/109MEDIA/DSCF0299.JPG,DSCF0299.JPG,4Z/109MEDIA,2,Western_Leopard_Toad,0.2932,4454.9,267.8,4608.1,830.7
/srv/shared_leopard_toad/2024/18.11.2024/4Z/109MEDIA/DSCF0345.JPG,DSCF0345.JPG,4Z/109MEDIA,2,Western_Leopard_Toad,0.2808,4456.3,222.3,4611.2,830.7
/srv/shared_leopard_toad/2024/18.11.2024/4Z/109MEDIA/DSCF0020.JPG,DSCF0020.JPG,4Z/109MEDIA,2,Western_Leopard_Toad,0.2903,2802.6,2208.6,2943.9,2448.9
/srv/shared_leopard_toad/2024/18.11.2024/4Z/109MEDIA/DSCF0195.JPG,DSCF0195.JPG,4Z/109MEDIA,2,Western_Leopard_Toad,0.2786,4445.4,257.7,4608.6,853.5
/srv/shared_leopard_toad/2024/18.11.2024/4Z/109MEDIA/DSCF0050.JPG,DSCF0050.JPG,4Z/109MEDIA,2,Western_Leopard_Toad,0.2703,2804.2,2213.3,2942.3,2449.3
/srv/shared_leopard_toad/2024/18.11.2024/4Z/109MEDIA/DSCF0840.JPG,DSCF0840.JPG,4Z/109MEDIA,2,Western_Leopard_Toad,0.3542,2802.2,2213.3,2953.3,2446.8
/srv/shared_leopard_toad/2024/18.11.2024/4Z/109MEDIA/DSCF0025.JPG,DSCF0025.JPG,4Z/109MEDIA,2,Western_Leopard_Toad,0.2947,4454.4,261.4,4608.6,849.2
/srv/shared_leopard_toad/2024/18.11.2024/4Z/109MEDIA/DSCF0538.JPG,DSCF0538.JPG,4Z/109MEDIA,0,Other_Amphibian,0.2571,3398.2,570.0,3788.3,975.3
/srv/shared_leopard_toad/2024/18.11.2024/4Z/109MEDIA/DSCF0844.JPG,DSCF0844.JPG,4Z/109MEDIA,2,Western_Leopard_Toad,0.3857,2802.0,2213.5,2953.5,2446.5
/srv/shared_leopard_toad/2024/18.11.2024/4Z/109MEDIA/DSCF0849.JPG,DSCF0849.JPG,4Z/109MEDIA,2,Western_Leopard_Toad,0.4390,2802.0,2213.7,2953.5,2446.4
/srv/shared_leopard_toad/2024/18.11.2024/4Z/109MEDIA/DSCF0633.JPG,DSCF0633.JPG,4Z/109MEDIA,0,Other_Amphibian,0.2017,3396.7,567.8,3785.3,968.7
/srv/shared_leopard_toad/2024/18.11.2024/4Z/109MEDIA/DSCF0076.JPG,DSCF0076.JPG,4Z/109MEDIA,2,Western_Leopard_Toad,0.9526,920.0,-6.0,1629.3,652.7
/srv/shared_leopard_toad/2024/18.11.2024/4Z/109MEDIA/DSCF0377.JPG,DSCF0377.JPG,4Z/109MEDIA,2,Western_Leopard_Toad,0.2849,4456.8,239.8,4610.7,822.0
/srv/shared_leopard_toad/2024/18.11.2024/4Z/109MEDIA/DSCF0323.JPG,DSCF0323.JPG,4Z/109MEDIA,2,Western_Leopard_Toad,0.2896,4446.5,262.0,4607.5,844.8
/srv/shared_leopard_toad/2024/18.11.2024/4Z/109MEDIA/DSCF0408.JPG,DSCF0408.JPG,4Z/109MEDIA,2,Western_Leopard_Toad,0.3330,4457.0,217.5,4610.5,827.2
/srv/shared_leopard_toad/2024/18.11.2024/4Z/109MEDIA/DSCF0846.JPG,DSCF0846.JPG,4Z/109MEDIA,2,Western_Leopard_Toad,0.3557,2801.7,2209.7,2953.8,2447.8
/srv/shared_leopard_toad/2024/18.11.2024/4Z/109MEDIA/DSCF0098.JPG,DSCF0098.JPG,4Z/109MEDIA,2,Western_Leopard_Toad,0.2622,2797.7,2196.9,2948.8,2448.0
/srv/shared_leopard_toad/2024/18.11.2024/4Z/109MEDIA/DSCF0627.JPG,DSCF0627.JPG,4Z/109MEDIA,2,Western_Leopard_Toad,0.3250,4453.8,252.5,4609.2,856.8
/srv/shared_leopard_toad/2024/18.11.2024/4Z/109MEDIA/DSCF0349.JPG,DSCF0349.JPG,4Z/109MEDIA,2,Western_Leopard_Toad,0.2874,4456.3,243.8,4611.2,837.1
/srv/shared_leopard_toad/2024/18.11.2024/4Z/109MEDIA/DSCF0406.JPG,DSCF0406.JPG,4Z/109MEDIA,2,Western_Leopard_Toad,0.2646,4455.4,246.3,4607.6,826.3
/srv/shared_leopard_toad/2024/18.11.2024/4Z/109MEDIA/DSCF0863.JPG,DSCF0863.JPG,4Z/109MEDIA,2,Western_Leopard_Toad,0.2524,2800.7,2208.6,2950.3,2443.8
/srv/shared_leopard_toad/2024/18.11.2024/4Z/109MEDIA/DSCF0850.JPG,DSCF0850.JPG,4Z/109MEDIA,2,Western_Leopard_Toad,0.2974,2799.0,2208.6,2952.0,2446.4
/srv/shared_leopard_toad/2024/18.11.2024/4Z/109MEDIA/DSCF0850.JPG,DSCF0850.JPG,4Z/109MEDIA,2,Western_Leopard_Toad,0.2769,2802.5,2215.8,2948.5,2449.3
/srv/shared_leopard_toad/2024/18.11.2024/4Z/109MEDIA/DSCF0395.JPG,DSCF0395.JPG,4Z/109MEDIA,2,Western_Leopard_Toad,0.2761,4450.5,235.1,4608.0,829.3
/srv/shared_leopard_toad/2024/18.11.2024/4Z/109MEDIA/DSCF0857.JPG,DSCF0857.JPG,4Z/109MEDIA,2,Western_Leopard_Toad,0.4331,2802.4,2215.2,2953.1,2447.4
/srv/shared_leopard_toad/2024/18.11.2024/4Z/109MEDIA/DSCF0075.JPG,DSCF0075.JPG,4Z/109MEDIA,2,Western_Leopard_Toad,0.9614,2768.6,154.2,3391.9,676.0
/srv/shared_leopard_toad/2024/18.11.2024/4Z/109MEDIA/DSCF0972.JPG,DSCF0972.JPG,4Z/109MEDIA,2,Western_Leopard_Toad,0.2549,4457.8,262.5,4609.7,841.2
/srv/shared_leopard_toad/2024/18.11.2024/4Z/109MEDIA/DSCF0654.JPG,DSCF0654.JPG,4Z/109MEDIA,0,Other_Amphibian,0.4114,4186.3,403.0,4305.2,532.9
/srv/shared_leopard_toad/2024/18.11.2024/4Z/109MEDIA/DSCF0355.JPG,DSCF0355.JPG,4Z/109MEDIA,2,Western_Leopard_Toad,0.3611,4449.0,245.2,4609.5,824.2
/srv/shared_leopard_toad/2024/18.11.2024/4Z/109MEDIA/DSCF0071.JPG,DSCF0071.JPG,4Z/109MEDIA,2,Western_Leopard_Toad,0.2578,2801.4,2198.8,2949.6,2448.6
/srv/shared_leopard_toad/2024/18.11.2024/4Z/109MEDIA/DSCF0028.JPG,DSCF0028.JPG,4Z/109MEDIA,2,Western_Leopard_Toad,0.2512,2802.2,2209.1,2944.3,2448.4
/srv/shared_leopard_toad/2024/18.11.2024/4Z/109MEDIA/DSCF0080.JPG,DSCF0080.JPG,4Z/109MEDIA,2,Western_Leopard_Toad,0.3013,2801.7,2198.4,2949.3,2449.0
/srv/shared_leopard_toad/2024/18.11.2024/4Z/109MEDIA/DSCF0212.JPG,DSCF0212.JPG,4Z/109MEDIA,0,Other_Amphibian,0.2490,3405.8,583.3,3798.7,965.8
/srv/shared_leopard_toad/2024/18.11.2024/4Z/109MEDIA/DSCF0453.JPG,DSCF0453.JPG,4Z/109MEDIA,2,Western_Leopard_Toad,0.2622,4446.6,251.1,4607.4,834.8
/srv/shared_leopard_toad/2024/18.11.2024/4Z/109MEDIA/DSCF0021.JPG,DSCF0021.JPG,4Z/109MEDIA,2,Western_Leopard_Toad,0.2520,2804.7,2216.8,2941.8,2450.8
/srv/shared_leopard_toad/2024/18.11.2024/4Z/109MEDIA/DSCF0054.JPG,DSCF0054.JPG,4Z/109MEDIA,2,Western_Leopard_Toad,0.2654,4446.2,264.2,4607.8,829.3
/srv/shared_leopard_toad/2024/18.11.2024/4Z/109MEDIA/DSCF0382.JPG,DSCF0382.JPG,4Z/109MEDIA,2,Western_Leopard_Toad,0.3210,4450.4,241.1,4608.1,831.5
/srv/shared_leopard_toad/2024/18.11.2024/4Z/109MEDIA/DSCF0665.JPG,DSCF0665.JPG,4Z/109MEDIA,0,Other_Amphibian,0.2096,3396.0,578.1,3786.0,966.0
/srv/shared_leopard_toad/2024/18.11.2024/4Z/109MEDIA/DSCF0004.JPG,DSCF0004.JPG,4Z/109MEDIA,2,Western_Leopard_Toad,0.4031,4458.8,270.8,4608.7,852.4
/srv/shared_leopard_toad/2024/18.11.2024/4Z/109MEDIA/DSCF0352.JPG,DSCF0352.JPG,4Z/109MEDIA,2,Western_Leopard_Toad,0.4561,4452.8,250.4,4610.2,817.8
/srv/shared_leopard_toad/2024/18.11.2024/4Z/109MEDIA/DSCF0646.JPG,DSCF0646.JPG,4Z/109MEDIA,0,Other_Amphibian,0.9038,4334.4,511.0,4458.6,643.2
/srv/shared_leopard_toad/2024/18.11.2024/4Z/109MEDIA/DSCF0002.JPG,DSCF0002.JPG,4Z/109MEDIA,2,Western_Leopard_Toad,0.3301,4454.4,262.0,4608.6,830.9
/srv/shared_leopard_toad/2024/18.11.2024/4Z/109MEDIA/DSCF0845.JPG,DSCF0845.JPG,4Z/109MEDIA,2,Western_Leopard_Toad,0.4858,2802.8,2213.3,2952.7,2446.8
/srv/shared_leopard_toad/2024/18.11.2024/4Z/109MEDIA/DSCF0847.JPG,DSCF0847.JPG,4Z/109MEDIA,2,Western_Leopard_Toad,0.5386,2802.9,2211.1,2952.6,2446.4
/srv/shared_leopard_toad/2024/18.11.2024/4Z/109MEDIA/DSCF0260.JPG,DSCF0260.JPG,4Z/109MEDIA,2,Western_Leopard_Toad,0.3354,4448.5,264.7,4610.0,838.3
/srv/shared_leopard_toad/2024/18.11.2024/4Z/109MEDIA/DSCF0647.JPG,DSCF0647.JPG,4Z/109MEDIA,0,Other_Amphibian,0.9087,4331.6,511.9,4456.9,642.3
/srv/shared_leopard_toad/2024/18.11.2024/4Z/109MEDIA/DSCF0081.JPG,DSCF0081.JPG,4Z/109MEDIA,2,Western_Leopard_Toad,0.2668,2798.6,2193.5,2947.9,2446.3
/srv/shared_leopard_toad/2024/18.11.2024/4Z/109MEDIA/DSCF0016.JPG,DSCF0016.JPG,4Z/109MEDIA,2,Western_Leopard_Toad,0.3416,2801.2,2207.8,2940.8,2449.7
/srv/shared_leopard_toad/2024/18.11.2024/4Z/109MEDIA/DSCF0664.JPG,DSCF0664.JPG,4Z/109MEDIA,0,Other_Amphibian,0.2374,3397.1,586.9,3784.9,977.4
/srv/shared_leopard_toad/2024/18.11.2024/4Z/109MEDIA/DSCF0367.JPG,DSCF0367.JPG,4Z/109MEDIA,2,Western_Leopard_Toad,0.4270,4459.8,221.5,4612.2,854.3
/srv/shared_leopard_toad/2024/18.11.2024/4Z/109MEDIA/DSCF0357.JPG,DSCF0357.JPG,4Z/109MEDIA,2,Western_Leopard_Toad,0.5767,4450.1,257.4,4608.4,831.0
/srv/shared_leopard_toad/2024/18.11.2024/4Z/109MEDIA/DSCF0843.JPG,DSCF0843.JPG,4Z/109MEDIA,2,Western_Leopard_Toad,0.2659,2802.0,2213.9,2953.5,2446.1
/srv/shared_leopard_toad/2024/18.11.2024/4Z/109MEDIA/DSCF0855.JPG,DSCF0855.JPG,4Z/109MEDIA,2,Western_Leopard_Toad,0.4055,2801.2,2213.5,2949.8,2446.5
/srv/shared_leopard_toad/2024/18.11.2024/4Z/109MEDIA/DSCF0852.JPG,DSCF0852.JPG,4Z/109MEDIA,2,Western_Leopard_Toad,0.3340,2804.3,2212.6,2951.2,2447.4
/srv/shared_leopard_toad/2024/18.11.2024/4Z/109MEDIA/DSCF0852.JPG,DSCF0852.JPG,4Z/109MEDIA,2,Western_Leopard_Toad,0.3093,2801.1,2208.0,2954.4,2447.0
/srv/shared_leopard_toad/2024/18.11.2024/4Z/109MEDIA/DSCF0671.JPG,DSCF0671.JPG,4Z/109MEDIA,0,Other_Amphibian,0.2375,3397.1,581.6,3784.9,962.5
/srv/shared_leopard_toad/2024/18.11.2024/4Z/109MEDIA/DSCF0328.JPG,DSCF0328.JPG,4Z/109MEDIA,2,Western_Leopard_Toad,0.3433,4449.0,266.3,4609.5,845.0
/srv/shared_leopard_toad/2024/18.11.2024/4Z/109MEDIA/DSCF0310.JPG,DSCF0310.JPG,4Z/109MEDIA,0,Other_Amphibian,0.3088,3395.5,580.0,3795.5,965.4
/srv/shared_leopard_toad/2024/18.11.2024/4Z/109MEDIA/DSCF0410.JPG,DSCF0410.JPG,4Z/109MEDIA,2,Western_Leopard_Toad,0.2639,4451.1,238.7,4607.4,809.8
/srv/shared_leopard_toad/2024/18.11.2024/4Z/109MEDIA/DSCF0361.JPG,DSCF0361.JPG,4Z/109MEDIA,2,Western_Leopard_Toad,0.2717,4449.8,247.7,4608.7,817.9
/srv/shared_leopard_toad/2024/18.11.2024/4Z/100MEDIA/DSCF0051.JPG,DSCF0051.JPG,4Z/100MEDIA,0,Other_Amphibian,0.2037,4185.3,-3.2,4432.2,88.6
/srv/shared_leopard_toad/2024/18.11.2024/4Z/100MEDIA/DSCF0041.JPG,DSCF0041.JPG,4Z/100MEDIA,0,Other_Amphibian,0.2179,4193.4,-3.1,4437.6,90.4
/srv/shared_leopard_toad/2024/18.11.2024/4Z/100MEDIA/DSCF0072.JPG,DSCF0072.JPG,4Z/100MEDIA,0,Other_Amphibian,0.3289,4513.5,1073.2,4608.0,1255.5
/srv/shared_leopard_toad/2024/18.11.2024/4Z/100MEDIA/DSCF0223.JPG,DSCF0223.JPG,4Z/100MEDIA,2,Western_Leopard_Toad,0.6201,3489.7,605.9,3656.3,769.8
/srv/shared_leopard_toad/2024/18.11.2024/4Z/100MEDIA/DSCF0223.JPG,DSCF0223.JPG,4Z/100MEDIA,0,Other_Amphibian,0.3713,3489.7,605.9,3656.3,769.8
/srv/shared_leopard_toad/2024/18.11.2024/4Z/100MEDIA/DSCF0059.JPG,DSCF0059.JPG,4Z/100MEDIA,2,Western_Leopard_Toad,0.2556,4523.9,2322.6,4611.1,2451.4
/srv/shared_leopard_toad/2024/18.11.2024/4Z/100MEDIA/DSCF0222.JPG,DSCF0222.JPG,4Z/100MEDIA,2,Western_Leopard_Toad,0.6846,3489.8,606.7,3651.8,770.3
/srv/shared_leopard_toad/2024/18.11.2024/4Z/100MEDIA/DSCF0222.JPG,DSCF0222.JPG,4Z/100MEDIA,0,Other_Amphibian,0.3264,3489.8,606.7,3651.8,770.3
/srv/shared_leopard_toad/2024/18.11.2024/4Z/100MEDIA/DSCF0073.JPG,DSCF0073.JPG,4Z/100MEDIA,0,Other_Amphibian,0.2314,4514.7,1071.8,4606.8,1267.0
/srv/shared_leopard_toad/2024/18.11.2024/4Z/100MEDIA/DSCF0043.JPG,DSCF0043.JPG,4Z/100MEDIA,0,Other_Amphibian,0.2133,4189.7,-3.6,4441.3,89.0
/srv/shared_leopard_toad/2024/18.11.2024/4Z/100MEDIA/DSCF0552.JPG,DSCF0552.JPG,4Z/100MEDIA,0,Other_Amphibian,0.3201,2750.4,2163.5,2987.1,2387.7
/srv/shared_leopard_toad/2024/18.11.2024/4Z/100MEDIA/DSCF0064.JPG,DSCF0064.JPG,4Z/100MEDIA,2,Western_Leopard_Toad,0.2561,4525.0,2319.3,4610.0,2452.1
