image_path,image_name,subfolder,class_id,class_name,confidence,xmin,ymin,xmax,ymax
/srv/shared_leopard_toad/2025/Documents/25.08-01.09.2025/3R/103MEDIA/DSCF0012.JPG,DSCF0012.JPG,3R/103MEDIA,0,Other_Amphibian,0.4822,702.8,757.9,853.9,912.1
/srv/shared_leopard_toad/2025/Documents/25.08-01.09.2025/3R/103MEDIA/DSCF0922.JPG,DSCF0922.JPG,3R/103MEDIA,0,Other_Amphibian,0.6772,825.3,563.2,911.1,652.7
/srv/shared_leopard_toad/2025/Documents/25.08-01.09.2025/3R/103MEDIA/DSCF0922.JPG,DSCF0922.JPG,3R/103MEDIA,0,Other_Amphibian,0.4421,827.6,561.5,914.1,651.5
/srv/shared_leopard_toad/2025/Documents/25.08-01.09.2025/3R/103MEDIA/DSCF0827.JPG,DSCF0827.JPG,3R/103MEDIA,0,Other_Amphibian,0.7471,1476.5,1035.7,1579.0,1162.9
/srv/shared_leopard_toad/2025/Documents/25.08-01.09.2025/3R/103MEDIA/DSCF0431.JPG,DSCF0431.JPG,3R/103MEDIA,0,Other_Amphibian,0.3123,688.7,0.9,885.0,125.9
/srv/shared_leopard_toad/2025/Documents/25.08-01.09.2025/3R/103MEDIA/DSCF0507.JPG,DSCF0507.JPG,3R/103MEDIA,2,Western_Leopard_Toad,0.2561,883.4,1624.8,1157.5,2007.6
/srv/shared_leopard_toad/2025/Documents/25.08-01.09.2025/3R/103MEDIA/DSCF0899.JPG,DSCF0899.JPG,3R/103MEDIA,0,Other_Amphibian,0.2588,874.7,636.5,957.6,720.4
/srv/shared_leopard_toad/2025/Documents/25.08-01.09.2025/3R/103MEDIA/DSCF0007.JPG,DSCF0007.JPG,3R/103MEDIA,0,Other_Amphibian,0.4802,709.9,760.7,853.2,912.3
/srv/shared_leopard_toad/2025/Documents/25.08-01.09.2025/3R/103MEDIA/DSCF0923.JPG,DSCF0923.JPG,3R/103MEDIA,0,Other_Amphibian,0.7275,810.7,544.0,899.5,644.6
/srv/shared_leopard_toad/2025/Documents/25.08-01.09.2025/3R/103MEDIA/DSCF0324.JPG,DSCF0324.JPG,3R/103MEDIA,0,Other_Amphibian,0.2466,388.5,353.4,465.9,480.9
/srv/shared_leopard_toad/2025/Documents/25.08-01.09.2025/3R/103MEDIA/DSCF0044.JPG,DSCF0044.JPG,3R/103MEDIA,0,Other_Amphibian,0.2156,1899.4,1675.4,2061.8,1865.4
/srv/shared_leopard_toad/2025/Documents/25.08-01.09.2025/3R/103MEDIA/DSCF0026.JPG,DSCF0026.JPG,3R/103MEDIA,0,Other_Amphibian,0.2283,706.8,759.5,851.2,912.0
/srv/shared_leopard_toad/2025/Documents/25.08-01.09.2025/3R/103MEDIA/DSCF0580.JPG,DSCF0580.JPG,3R/103MEDIA,0,Other_Amphibian,0.4312,326.2,506.6,400.3,612.6
/srv/shared_leopard_toad/2025/Documents/25.08-01.09.2025/3R/103MEDIA/DSCF0534.JPG,DSCF0534.JPG,3R/103MEDIA,2,Western_Leopard_Toad,0.3052,883.3,1628.3,1152.4,2010.0
/srv/shared_leopard_toad/2025/Documents/25.08-01.09.2025/3R/103MEDIA/DSCF0896.JPG,DSCF0896.JPG,3R/103MEDIA,0,Other_Amphibian,0.7197,877.6,640.9,948.1,738.2
/srv/shared_leopard_toad/2025/Documents/25.08-01.09.2025/3R/103MEDIA/DSCF0925.JPG,DSCF0925.JPG,3R/103MEDIA,0,Other_Amphibian,0.4392,786.2,462.9,875.4,564.7
/srv/shared_leopard_toad/2025/Documents/25.08-01.09.2025/3R/103MEDIA/DSCF0008.JPG,DSCF0008.JPG,3R/103MEDIA,0,Other_Amphibian,0.3772,705.3,763.2,851.4,912.7
/srv/shared_leopard_toad/2025/Documents/25.08-01.09.2025/3R/103MEDIA/DSCF0006.JPG,DSCF0006.JPG,3R/103MEDIA,0,Other_Amphibian,0.3943,709.5,762.7,853.7,913.2
/srv/shared_leopard_toad/2025/Documents/25.08-01.09.2025/3R/103MEDIA/DSCF0036.JPG,DSCF0036.JPG,3R/103MEDIA,0,Other_Amphibian,0.2627,1898.8,1673.2,2065.0,1867.6
/srv/shared_leopard_toad/2025/Documents/25.08-01.09.2025/3R/103MEDIA/DSCF0740.JPG,DSCF0740.JPG,3R/103MEDIA,0,Other_Amphibian,0.8271,3243.8,900.5,3355.4,1041.2
/srv/shared_leopard_toad/2025/Documents/25.08-01.09.2025/3R/103MEDIA/DSCF0930.JPG,DSCF0930.JPG,3R/103MEDIA,0,Other_Amphibian,0.8130,817.2,287.6,904.8,386.5
/srv/shared_leopard_toad/2025/Documents/25.08-01.09.2025/3R/103MEDIA/DSCF0898.JPG,DSCF0898.JPG,3R/103MEDIA,0,Other_Amphibian,0.5830,876.3,636.2,957.3,720.1
/srv/shared_leopard_toad/2025/Documents/25.08-01.09.2025/3R/103MEDIA/DSCF0931.JPG,DSCF0931.JPG,3R/103MEDIA,0,Other_Amphibian,0.5225,823.3,253.6,907.8,338.5
/srv/shared_leopard_toad/2025/Documents/25.08-01.09.2025/3R/103MEDIA/DSCF0576.JPG,DSCF0576.JPG,3R/103MEDIA,0,Other_Amphibian,0.6826,431.2,335.8,528.9,443.8
/srv/shared_leopard_toad/2025/Documents/25.08-01.09.2025/3R/103MEDIA/DSCF0023.JPG,DSCF0023.JPG,3R/103MEDIA,0,Other_Amphibian,0.2311,707.8,762.7,852.8,913.2
/srv/shared_leopard_toad/2025/Documents/25.08-01.09.2025/3R/103MEDIA/DSCF0900.JPG,DSCF0900.JPG,3R/103MEDIA,0,Other_Amphibian,0.2629,869.4,634.9,962.8,711.7
/srv/shared_leopard_toad/2025/Documents/25.08-01.09.2025/3R/103MEDIA/DSCF0768.JPG,DSCF0768.JPG,3R/103MEDIA,0,Other_Amphibian,0.7915,3231.6,880.2,3330.9,995.0
/srv/shared_leopard_toad/2025/Documents/25.08-01.09.2025/3R/103MEDIA/DSCF0820.JPG,DSCF0820.JPG,3R/103MEDIA,0,Other_Amphibian,0.3323,1541.9,13.4,1631.8,118.5
/srv/shared_leopard_toad/2025/Documents/25.08-01.09.2025/3R/103MEDIA/DSCF0907.JPG,DSCF0907.JPG,3R/103MEDIA,0,Other_Amphibian,0.3323,854.6,608.4,934.4,688.1
/srv/shared_leopard_toad/2025/Documents/25.08-01.09.2025/3R/103MEDIA/DSCF0030.JPG,DSCF0030.JPG,3R/103MEDIA,0,Other_Amphibian,0.4951,685.2,744.4,846.4,903.5
/srv/shared_leopard_toad/2025/Documents/25.08-01.09.2025/3R/103MEDIA/DSCF0333.JPG,DSCF0333.JPG,3R/103MEDIA,0,Other_Amphibian,0.8521,959.9,225.2,1049.5,331.5
/srv/shared_leopard_toad/2025/Documents/25.08-01.09.2025/3R/103MEDIA/DSCF0020.JPG,DSCF0020.JPG,3R/103MEDIA,0,Other_Amphibian,0.4260,710.5,766.5,852.7,912.3
/srv/shared_leopard_toad/2025/Documents/25.08-01.09.2025/3R/103MEDIA/DSCF0018.JPG,DSCF0018.JPG,3R/103MEDIA,0,Other_Amphibian,0.2612,711.4,764.9,853.1,911.0
/srv/shared_leopard_toad/2025/Documents/25.08-01.09.2025/3R/103MEDIA/DSCF0909.JPG,DSCF0909.JPG,3R/103MEDIA,0,Other_Amphibian,0.2069,863.4,613.5,941.3,694.0
/srv/shared_leopard_toad/2025/Documents/25.08-01.09.2025/3R/103MEDIA/DSCF0588.JPG,DSCF0588.JPG,3R/103MEDIA,2,Western_Leopard_Toad,0.2756,-13.1,1225.1,50.5,1409.1
/srv/shared_leopard_toad/2025/Documents/25.08-01.09.2025/3R/103MEDIA/DSCF0025.JPG,DSCF0025.JPG,3R/103MEDIA,0,Other_Amphibian,0.3259,706.4,764.8,850.3,911.1
/srv/shared_leopard_toad/2025/Documents/25.08-01.09.2025/3R/103MEDIA/DSCF0913.JPG,DSCF0913.JPG,3R/103MEDIA,0,Other_Amphibian,0.2876,863.7,614.9,937.0,695.5
/srv/shared_leopard_toad/2025/Documents/25.08-01.09.2025/3R/103MEDIA/DSCF0916.JPG,DSCF0916.JPG,3R/103MEDIA,0,Other_Amphibian,0.3269,861.1,611.1,937.0,695.6
/srv/shared_leopard_toad/2025/Documents/25.08-01.09.2025/3R/103MEDIA/DSCF0015.JPG,DSCF0015.JPG,3R/103MEDIA,0,Other_Amphibian,0.4609,712.1,763.5,853.7,912.4
/srv/shared_leopard_toad/2025/Documents/25.08-01.09.2025/3R/103MEDIA/DSCF0013.JPG,DSCF0013.JPG,3R/103MEDIA,0,Other_Amphibian,0.4343,711.4,762.8,854.4,913.1
/srv/shared_leopard_toad/2025/Documents/25.08-01.09.2025/3R/103MEDIA/DSCF0901.JPG,DSCF0901.JPG,3R/103MEDIA,0,Other_Amphibian,0.4390,868.4,630.4,958.6,701.4
/srv/shared_leopard_toad/2025/Documents/25.08-01.09.2025/3R/103MEDIA/DSCF0915.JPG,DSCF0915.JPG,3R/103MEDIA,0,Other_Amphibian,0.5552,862.8,616.0,936.7,699.6
/srv/shared_leopard_toad/2025/Documents/25.08-01.09.2025/3R/103MEDIA/DSCF0586.JPG,DSCF0586.JPG,3R/103MEDIA,0,Other_Amphibian,0.6021,188.2,621.4,257.7,719.4
/srv/shared_leopard_toad/2025/Documents/25.08-01.09.2025/3R/103MEDIA/DSCF0022.JPG,DSCF0022.JPG,3R/103MEDIA,0,Other_Amphibian,0.3066,707.2,764.5,850.7,911.4
/srv/shared_leopard_toad/2025/Documents/25.08-01.09.2025/3R/103MEDIA/DSCF0011.JPG,DSCF0011.JPG,3R/103MEDIA,0,Other_Amphibian,0.5347,701.9,762.2,852.1,912.2
/srv/shared_leopard_toad/2025/Documents/25.08-01.09.2025/3R/103MEDIA/DSCF0017.JPG,DSCF0017.JPG,3R/103MEDIA,0,Other_Amphibian,0.4099,710.6,765.1,852.6,912.3
/srv/shared_leopard_toad/2025/Documents/25.08-01.09.2025/3R/103MEDIA/DSCF0929.JPG,DSCF0929.JPG,3R/103MEDIA,0,Other_Amphibian,0.2023,801.1,339.2,880.3,428.6
/srv/shared_leopard_toad/2025/Documents/25.08-01.09.2025/3R/103MEDIA/DSCF0337.JPG,DSCF0337.JPG,3R/103MEDIA,0,Other_Amphibian,0.2954,794.8,226.6,865.6,297.2
/srv/shared_leopard_toad/2025/Documents/25.08-01.09.2025/3R/103MEDIA/DSCF0028.JPG,DSCF0028.JPG,3R/103MEDIA,0,Other_Amphibian,0.2993,694.1,745.2,850.7,908.5
/srv/shared_leopard_toad/2025/Documents/25.08-01.09.2025/3R/103MEDIA/DSCF0437.JPG,DSCF0437.JPG,3R/103MEDIA,0,Other_Amphibian,0.2874,1068.7,467.0,1215.0,567.4
/srv/shared_leopard_toad/2025/Documents/25.08-01.09.2025/3R/103MEDIA/DSCF0905.JPG,DSCF0905.JPG,3R/103MEDIA,0,Other_Amphibian,0.3635,855.6,611.7,932.1,689.9
/srv/shared_leopard_toad/2025/Documents/25.08-01.09.2025/3R/103MEDIA/DSCF0021.JPG,DSCF0021.JPG,3R/103MEDIA,0,Other_Amphibian,0.3398,703.5,764.2,851.8,911.7
/srv/shared_leopard_toad/2025/Documents/25.08-01.09.2025/3R/103MEDIA/DSCF0575.JPG,DSCF0575.JPG,3R/103MEDIA,0,Other_Amphibian,0.5552,478.9,304.2,575.7,414.1
/srv/shared_leopard_toad/2025/Documents/25.08-01.09.2025/3R/103MEDIA/DSCF0019.JPG,DSCF0019.JPG,3R/103MEDIA,0,Other_Amphibian,0.4446,709.5,766.1,853.7,911.3
/srv/shared_leopard_toad/2025/Documents/25.08-01.09.2025/3R/103MEDIA/DSCF0583.JPG,DSCF0583.JPG,3R/103MEDIA,0,Other_Amphibian,0.3989,115.7,1022.1,182.5,1127.8
/srv/shared_leopard_toad/2025/Documents/25.08-01.09.2025/3R/103MEDIA/DSCF0005.JPG,DSCF0005.JPG,3R/103MEDIA,0,Other_Amphibian,0.3643,711.0,763.5,852.2,912.4
/srv/shared_leopard_toad/2025/Documents/25.08-01.09.2025/3R/103MEDIA/DSCF0434.JPG,DSCF0434.JPG,3R/103MEDIA,0,Other_Amphibian,0.3105,987.8,297.7,1131.9,566.8
/srv/shared_leopard_toad/2025/Documents/25.08-01.09.2025/3R/103MEDIA/DSCF0897.JPG,DSCF0897.JPG,3R/103MEDIA,0,Other_Amphibian,0.7422,874.3,640.4,951.4,729.1
/srv/shared_leopard_toad/2025/Documents/25.08-01.09.2025/3R/103MEDIA/DSCF0578.JPG,DSCF0578.JPG,3R/103MEDIA,0,Other_Amphibian,0.8604,362.5,410.3,454.5,525.8
/srv/shared_leopard_toad/2025/Documents/25.08-01.09.2025/3R/103MEDIA/DSCF0435.JPG,DSCF0435.JPG,3R/103MEDIA,0,Other_Amphibian,0.7559,1051.8,406.5,1221.4,581.3
/srv/shared_leopard_toad/2025/Documents/25.08-01.09.2025/3R/103MEDIA/DSCF0037.JPG,DSCF0037.JPG,3R/103MEDIA,0,Other_Amphibian,0.3948,1904.6,1674.6,2064.4,1866.2
/srv/shared_leopard_toad/2025/Documents/25.08-01.09.2025/3R/103MEDIA/DSCF0934.JPG,DSCF0934.JPG,3R/103MEDIA,0,Other_Amphibian,0.4309,929.2,112.4,1002.8,203.6
/srv/shared_leopard_toad/2025/Documents/25.08-01.09.2025/3R/103MEDIA/DSCF0914.JPG,DSCF0914.JPG,3R/103MEDIA,0,Other_Amphibian,0.4014,864.0,615.7,936.8,694.7
/srv/shared_leopard_toad/2025/Documents/25.08-01.09.2025/3R/103MEDIA/DSCF0914.JPG,DSCF0914.JPG,3R/103MEDIA,0,Other_Amphibian,0.2452,862.5,615.3,935.6,695.9
/srv/shared_leopard_toad/2025/Documents/25.08-01.09.2025/3R/103MEDIA/DSCF0921.JPG,DSCF0921.JPG,3R/103MEDIA,0,Other_Amphibian,0.3816,845.1,573.6,939.9,671.8
/srv/shared_leopard_toad/2025/Documents/25.08-01.09.2025/3R/103MEDIA/DSCF0010.JPG,DSCF0010.JPG,3R/103MEDIA,0,Other_Amphibian,0.3047,703.9,762.1,851.4,912.3
/srv/shared_leopard_toad/2025/Documents/25.08-01.09.2025/3R/103MEDIA/DSCF0935.JPG,DSCF0935.JPG,3R/103MEDIA,0,Other_Amphibian,0.7490,923.8,52.8,995.1,158.5
/srv/shared_leopard_toad/2025/Documents/25.08-01.09.2025/3R/103MEDIA/DSCF0016.JPG,DSCF0016.JPG,3R/103MEDIA,0,Other_Amphibian,0.2148,703.4,760.3,851.9,909.7
/srv/shared_leopard_toad/2025/Documents/25.08-01.09.2025/3R/103MEDIA/DSCF0029.JPG,DSCF0029.JPG,3R/103MEDIA,0,Other_Amphibian,0.4695,696.7,728.8,850.7,907.2
/srv/shared_leopard_toad/2025/Documents/25.08-01.09.2025/3R/103MEDIA/DSCF0027.JPG,DSCF0027.JPG,3R/103MEDIA,0,Other_Amphibian,0.2150,709.0,756.3,855.5,912.2
/srv/shared_leopard_toad/2025/Documents/25.08-01.09.2025/3R/103MEDIA/DSCF0910.JPG,DSCF0910.JPG,3R/103MEDIA,0,Other_Amphibian,0.4250,863.4,616.0,939.9,698.2
/srv/shared_leopard_toad/2025/Documents/25.08-01.09.2025/3R/103MEDIA/DSCF0024.JPG,DSCF0024.JPG,3R/103MEDIA,0,Other_Amphibian,0.2920,705.7,763.8,852.3,912.1
/srv/shared_leopard_toad/2025/Documents/25.08-01.09.2025/3R/103MEDIA/DSCF0014.JPG,DSCF0014.JPG,3R/103MEDIA,0,Other_Amphibian,0.3113,709.7,763.8,853.5,912.1
/srv/shared_leopard_toad/2025/Documents/25.08-01.09.2025/3R/103MEDIA/DSCF0009.JPG,DSCF0009.JPG,3R/103MEDIA,0,Other_Amphibian,0.5034,703.1,763.4,852.2,912.5
/srv/shared_leopard_toad/2025/Documents/25.08-01.09.2025/3R/105MEDIA/DSCF0537.JPG,DSCF0537.JPG,3R/105MEDIA,0,Other_Amphibian,0.2391,863.3,417.5,968.9,527.5
/srv/shared_leopard_toad/2025/Documents/25.08-01.09.2025/3R/105MEDIA/DSCF0541.JPG,DSCF0541.JPG,3R/105MEDIA,0,Other_Amphibian,0.8008,952.3,221.0,1034.9,313.1
/srv/shared_leopard_toad/2025/Documents/25.08-01.09.2025/3R/105MEDIA/DSCF0001.JPG,DSCF0001.JPG,3R/105MEDIA,2,Western_Leopard_Toad,0.9092,4756.3,1133.9,4971.9,1343.8
/srv/shared_leopard_toad/2025/Documents/25.08-01.09.2025/3R/105MEDIA/DSCF0107.JPG,DSCF0107.JPG,3R/105MEDIA,2,Western_Leopard_Toad,0.5488,4756.7,1130.9,4971.5,1343.9
/srv/shared_leopard_toad/2025/Documents/25.08-01.09.2025/3R/105MEDIA/DSCF0512.JPG,DSCF0512.JPG,3R/105MEDIA,0,Other_Amphibian,0.5229,804.2,585.9,906.0,678.0
/srv/shared_leopard_toad/2025/Documents/25.08-01.09.2025/3R/105MEDIA/DSCF0038.JPG,DSCF0038.JPG,3R/105MEDIA,2,Western_Leopard_Toad,0.3345,4754.4,1143.7,4968.6,1348.7
/srv/shared_leopard_toad/2025/Documents/25.08-01.09.2025/3R/105MEDIA/DSCF0089.JPG,DSCF0089.JPG,3R/105MEDIA,2,Western_Leopard_Toad,0.8403,4759.5,1137.2,4968.7,1344.9
/srv/shared_leopard_toad/2025/Documents/25.08-01.09.2025/3R/105MEDIA/DSCF0501.JPG,DSCF0501.JPG,3R/105MEDIA,0,Other_Amphibian,0.8784,855.3,259.6,959.9,383.5
/srv/shared_leopard_toad/2025/Documents/25.08-01.09.2025/3R/105MEDIA/DSCF0077.JPG,DSCF0077.JPG,3R/105MEDIA,2,Western_Leopard_Toad,0.2944,4758.3,1138.7,4964.7,1344.9
/srv/shared_leopard_toad/2025/Documents/25.08-01.09.2025/3R/105MEDIA/DSCF0390.JPG,DSCF0390.JPG,3R/105MEDIA,0,Other_Amphibian,0.3367,765.4,1.2,934.3,122.5
/srv/shared_leopard_toad/2025/Documents/25.08-01.09.2025/3R/105MEDIA/DSCF0185.JPG,DSCF0185.JPG,3R/105MEDIA,0,Other_Amphibian,0.2473,5188.6,-0.4,5374.4,101.9
/srv/shared_leopard_toad/2025/Documents/25.08-01.09.2025/3R/105MEDIA/DSCF0051.JPG,DSCF0051.JPG,3R/105MEDIA,2,Western_Leopard_Toad,0.6084,4755.1,1145.0,4962.6,1344.5
/srv/shared_leopard_toad/2025/Documents/25.08-01.09.2025/3R/105MEDIA/DSCF0304.JPG,DSCF0304.JPG,3R/105MEDIA,2,Western_Leopard_Toad,0.3293,4752.5,1130.6,4975.8,1341.2
/srv/shared_leopard_toad/2025/Documents/25.08-01.09.2025/3R/105MEDIA/DSCF0067.JPG,DSCF0067.JPG,3R/105MEDIA,2,Western_Leopard_Toad,0.3281,4759.0,1136.9,4969.3,1343.8
/srv/shared_leopard_toad/2025/Documents/25.08-01.09.2025/3R/105MEDIA/DSCF0033.JPG,DSCF0033.JPG,3R/105MEDIA,0,Other_Amphibian,0.2598,5179.3,0.3,5373.2,107.2
/srv/shared_leopard_toad/2025/Documents/25.08-01.09.2025/3R/105MEDIA/DSCF0007.JPG,DSCF0007.JPG,3R/105MEDIA,2,Western_Leopard_Toad,0.3779,4756.2,1140.6,4966.8,1344.5
/srv/shared_leopard_toad/2025/Documents/25.08-01.09.2025/3R/105MEDIA/DSCF0139.JPG,DSCF0139.JPG,3R/105MEDIA,0,Other_Amphibian,0.2556,5183.5,-0.1,5374.3,103.6
/srv/shared_leopard_toad/2025/Documents/25.08-01.09.2025/3R/105MEDIA/DSCF0044.JPG,DSCF0044.JPG,3R/105MEDIA,2,Western_Leopard_Toad,0.4885,4759.8,1140.0,4968.5,1348.0
/srv/shared_leopard_toad/2025/Documents/25.08-01.09.2025/3R/105MEDIA/DSCF0026.JPG,DSCF0026.JPG,3R/105MEDIA,2,Western_Leopard_Toad,0.5864,4756.3,1142.6,4966.7,1341.0
/srv/shared_leopard_toad/2025/Documents/25.08-01.09.2025/3R/105MEDIA/DSCF0118.JPG,DSCF0118.JPG,3R/105MEDIA,2,Western_Leopard_Toad,0.3076,4754.9,1134.0,4973.3,1345.1
/srv/shared_leopard_toad/2025/Documents/25.08-01.09.2025/3R/105MEDIA/DSCF0060.JPG,DSCF0060.JPG,3R/105MEDIA,2,Western_Leopard_Toad,0.2986,4755.4,1138.2,4972.9,1349.8
/srv/shared_leopard_toad/2025/Documents/25.08-01.09.2025/3R/105MEDIA/DSCF0041.JPG,DSCF0041.JPG,3R/105MEDIA,2,Western_Leopard_Toad,0.3787,4755.9,1140.4,4967.1,1341.7
/srv/shared_leopard_toad/2025/Documents/25.08-01.09.2025/3R/105MEDIA/DSCF0125.JPG,DSCF0125.JPG,3R/105MEDIA,2,Western_Leopard_Toad,0.5625,4760.2,1131.0,4973.3,1340.8
/srv/shared_leopard_toad/2025/Documents/25.08-01.09.2025/3R/105MEDIA/DSCF0057.JPG,DSCF0057.JPG,3R/105MEDIA,2,Western_Leopard_Toad,0.8452,4757.6,1141.8,4970.7,1338.8
/srv/shared_leopard_toad/2025/Documents/25.08-01.09.2025/3R/105MEDIA/DSCF0117.JPG,DSCF0117.JPG,3R/105MEDIA,2,Western_Leopard_Toad,0.5542,4755.2,1131.8,4973.1,1345.9
/srv/shared_leopard_toad/2025/Documents/25.08-01.09.2025/3R/105MEDIA/DSCF0063.JPG,DSCF0063.JPG,3R/105MEDIA,2,Western_Leopard_Toad,0.6890,4757.3,1138.3,4965.7,1339.3
/srv/shared_leopard_toad/2025/Documents/25.08-01.09.2025/3R/105MEDIA/DSCF0152.JPG,DSCF0152.JPG,3R/105MEDIA,2,Western_Leopard_Toad,0.4036,4759.4,1127.7,4974.1,1347.0
/srv/shared_leopard_toad/2025/Documents/25.08-01.09.2025/3R/105MEDIA/DSCF0315.JPG,DSCF0315.JPG,3R/105MEDIA,2,Western_Leopard_Toad,0.3169,4758.3,1133.5,4980.4,1341.2
/srv/shared_leopard_toad/2025/Documents/25.08-01.09.2025/3R/105MEDIA/DSCF0045.JPG,DSCF0045.JPG,3R/105MEDIA,0,Other_Amphibian,0.2688,5173.6,1.0,5373.6,114.9
/srv/shared_leopard_toad/2025/Documents/25.08-01.09.2025/3R/105MEDIA/DSCF0096.JPG,DSCF0096.JPG,3R/105MEDIA,2,Western_Leopard_Toad,0.8882,4756.3,1139.1,4966.7,1343.0
/srv/shared_leopard_toad/2025/Documents/25.08-01.09.2025/3R/105MEDIA/DSCF0502.JPG,DSCF0502.JPG,3R/105MEDIA,0,Other_Amphibian,0.7446,857.5,272.4,943.3,405.0
/srv/shared_leopard_toad/2025/Documents/25.08-01.09.2025/3R/105MEDIA/DSCF0106.JPG,DSCF0106.JPG,3R/105MEDIA,2,Western_Leopard_Toad,0.7544,4755.9,1145.4,4967.1,1347.1
/srv/shared_leopard_toad/2025/Documents/25.08-01.09.2025/3R/105MEDIA/DSCF0536.JPG,DSCF0536.JPG,3R/105MEDIA,0,Other_Amphibian,0.3054,867.6,476.8,967.3,574.5
/srv/shared_leopard_toad/2025/Documents/25.08-01.09.2025/3R/105MEDIA/DSCF0072.JPG,DSCF0072.JPG,3R/105MEDIA,2,Western_Leopard_Toad,0.4768,4759.4,1135.6,4968.9,1345.1
/srv/shared_leopard_toad/2025/Documents/25.08-01.09.2025/3R/105MEDIA/DSCF0072.JPG,DSCF0072.JPG,3R/105MEDIA,2,Western_Leopard_Toad,0.3325,886.6,1694.7,1065.1,1970.1
/srv/shared_leopard_toad/2025/Documents/25.08-01.09.2025/3R/105MEDIA/DSCF0134.JPG,DSCF0134.JPG,3R/105MEDIA,2,Western_Leopard_Toad,0.4248,4762.8,1130.6,4975.9,1338.2
/srv/shared_leopard_toad/2025/Documents/25.08-01.09.2025/3R/105MEDIA/DSCF0095.JPG,DSCF0095.JPG,3R/105MEDIA,2,Western_Leopard_Toad,0.7544,4756.7,1133.3,4971.5,1347.4
/srv/shared_leopard_toad/2025/Documents/25.08-01.09.2025/3R/105MEDIA/DSCF0049.JPG,DSCF0049.JPG,3R/105MEDIA,2,Western_Leopard_Toad,0.3010,4755.3,1147.6,4962.5,1344.9
/srv/shared_leopard_toad/2025/Documents/25.08-01.09.2025/3R/105MEDIA/DSCF0065.JPG,DSCF0065.JPG,3R/105MEDIA,2,Western_Leopard_Toad,0.8320,4754.7,1147.4,4963.1,1345.1
/srv/shared_leopard_toad/2025/Documents/25.08-01.09.2025/3R/105MEDIA/DSCF0110.JPG,DSCF0110.JPG,3R/105MEDIA,2,Western_Leopard_Toad,0.2925,878.9,1617.9,1072.8,1967.2
/srv/shared_leopard_toad/2025/Documents/25.08-01.09.2025/3R/105MEDIA/DSCF0110.JPG,DSCF0110.JPG,3R/105MEDIA,2,Western_Leopard_Toad,0.2871,4761.2,1132.9,4972.3,1346.3
/srv/shared_leopard_toad/2025/Documents/25.08-01.09.2025/3R/105MEDIA/DSCF0533.JPG,DSCF0533.JPG,3R/105MEDIA,0,Other_Amphibian,0.4592,818.3,550.0,923.3,643.1
/srv/shared_leopard_toad/2025/Documents/25.08-01.09.2025/3R/105MEDIA/DSCF0503.JPG,DSCF0503.JPG,3R/105MEDIA,0,Other_Amphibian,0.2856,852.1,288.5,936.9,410.3
/srv/shared_leopard_toad/2025/Documents/25.08-01.09.2025/3R/105MEDIA/DSCF0113.JPG,DSCF0113.JPG,3R/105MEDIA,2,Western_Leopard_Toad,0.5254,4759.4,1136.2,4968.9,1348.8
/srv/shared_leopard_toad/2025/Documents/25.08-01.09.2025/3R/105MEDIA/DSCF0091.JPG,DSCF0091.JPG,3R/105MEDIA,2,Western_Leopard_Toad,0.6484,4756.3,1135.1,4971.9,1347.0
/srv/shared_leopard_toad/2025/Documents/25.08-01.09.2025/3R/105MEDIA/DSCF0130.JPG,DSCF0130.JPG,3R/105MEDIA,2,Western_Leopard_Toad,0.2556,4761.4,1133.1,4972.1,1344.6
/srv/shared_leopard_toad/2025/Documents/25.08-01.09.2025/3R/105MEDIA/DSCF0031.JPG,DSCF0031.JPG,3R/105MEDIA,2,Western_Leopard_Toad,0.2944,4756.2,1142.8,4966.8,1349.7
/srv/shared_leopard_toad/2025/Documents/25.08-01.09.2025/3R/105MEDIA/DSCF0058.JPG,DSCF0058.JPG,3R/105MEDIA,2,Western_Leopard_Toad,0.4636,4757.2,1142.8,4965.8,1343.8
/srv/shared_leopard_toad/2025/Documents/25.08-01.09.2025/3R/105MEDIA/DSCF0086.JPG,DSCF0086.JPG,3R/105MEDIA,2,Western_Leopard_Toad,0.4028,4758.6,1137.0,4969.7,1343.6
/srv/shared_leopard_toad/2025/Documents/25.08-01.09.2025/3R/105MEDIA/DSCF0086.JPG,DSCF0086.JPG,3R/105MEDIA,2,Western_Leopard_Toad,0.3101,889.5,1702.9,1066.1,1967.8
/srv/shared_leopard_toad/2025/Documents/25.08-01.09.2025/3R/105MEDIA/DSCF0114.JPG,DSCF0114.JPG,3R/105MEDIA,2,Western_Leopard_Toad,0.5034,4755.9,1130.3,4977.6,1344.4
/srv/shared_leopard_toad/2025/Documents/25.08-01.09.2025/3R/105MEDIA/DSCF0018.JPG,DSCF0018.JPG,3R/105MEDIA,2,Western_Leopard_Toad,0.3245,4758.1,1136.3,4970.1,1342.8
/srv/shared_leopard_toad/2025/Documents/25.08-01.09.2025/3R/105MEDIA/DSCF0059.JPG,DSCF0059.JPG,3R/105MEDIA,2,Western_Leopard_Toad,0.2808,4756.7,1140.0,4971.5,1345.1
/srv/shared_leopard_toad/2025/Documents/25.08-01.09.2025/3R/105MEDIA/DSCF0050.JPG,DSCF0050.JPG,3R/105MEDIA,2,Western_Leopard_Toad,0.5493,4755.4,1137.4,4972.9,1340.3
/srv/shared_leopard_toad/2025/Documents/25.08-01.09.2025/3R/105MEDIA/DSCF0099.JPG,DSCF0099.JPG,3R/105MEDIA,2,Western_Leopard_Toad,0.6685,4755.9,1135.9,4967.1,1343.2
/srv/shared_leopard_toad/2025/Documents/25.08-01.09.2025/3R/105MEDIA/DSCF0087.JPG,DSCF0087.JPG,3R/105MEDIA,2,Western_Leopard_Toad,0.4565,4756.2,1139.8,4966.8,1345.2
/srv/shared_leopard_toad/2025/Documents/25.08-01.09.2025/3R/105MEDIA/DSCF0025.JPG,DSCF0025.JPG,3R/105MEDIA,2,Western_Leopard_Toad,0.4224,4759.8,1142.8,4968.5,1339.3
/srv/shared_leopard_toad/2025/Documents/25.08-01.09.2025/3R/105MEDIA/DSCF0015.JPG,DSCF0015.JPG,3R/105MEDIA,2,Western_Leopard_Toad,0.2668,4754.3,1127.9,4979.2,1346.8
/srv/shared_leopard_toad/2025/Documents/25.08-01.09.2025/3R/105MEDIA/DSCF0319.JPG,DSCF0319.JPG,3R/105MEDIA,0,Other_Amphibian,0.9014,2966.7,2452.8,3207.3,2673.8
/srv/shared_leopard_toad/2025/Documents/25.08-01.09.2025/3R/105MEDIA/DSCF0150.JPG,DSCF0150.JPG,3R/105MEDIA,2,Western_Leopard_Toad,0.4336,4759.6,1128.3,4973.9,1340.5
/srv/shared_leopard_toad/2025/Documents/25.08-01.09.2025/3R/105MEDIA/DSCF0510.JPG,DSCF0510.JPG,3R/105MEDIA,0,Other_Amphibian,0.6919,837.7,549.8,921.0,660.2
/srv/shared_leopard_toad/2025/Documents/25.08-01.09.2025/3R/105MEDIA/DSCF0542.JPG,DSCF0542.JPG,3R/105MEDIA,0,Other_Amphibian,0.6606,946.0,210.9,1026.7,296.3
/srv/shared_leopard_toad/2025/Documents/25.08-01.09.2025/3R/105MEDIA/DSCF0119.JPG,DSCF0119.JPG,3R/105MEDIA,2,Western_Leopard_Toad,0.2869,4761.8,1133.1,4971.8,1346.1
/srv/shared_leopard_toad/2025/Documents/25.08-01.09.2025/3R/105MEDIA/DSCF0098.JPG,DSCF0098.JPG,3R/105MEDIA,2,Western_Leopard_Toad,0.7158,4758.6,1129.5,4974.9,1339.3
/srv/shared_leopard_toad/2025/Documents/25.08-01.09.2025/3R/105MEDIA/DSCF0112.JPG,DSCF0112.JPG,3R/105MEDIA,2,Western_Leopard_Toad,0.2961,4756.3,1125.0,4977.2,1343.9
/srv/shared_leopard_toad/2025/Documents/25.08-01.09.2025/3R/105MEDIA/DSCF0111.JPG,DSCF0111.JPG,3R/105MEDIA,2,Western_Leopard_Toad,0.6094,4754.8,1126.5,4973.5,1348.2
/srv/shared_leopard_toad/2025/Documents/25.08-01.09.2025/3R/105MEDIA/DSCF0022.JPG,DSCF0022.JPG,3R/105MEDIA,2,Western_Leopard_Toad,0.3303,888.7,1700.2,1068.2,1961.7
/srv/shared_leopard_toad/2025/Documents/25.08-01.09.2025/3R/105MEDIA/DSCF0011.JPG,DSCF0011.JPG,3R/105MEDIA,2,Western_Leopard_Toad,0.3242,4756.7,1132.2,4971.5,1342.5
/srv/shared_leopard_toad/2025/Documents/25.08-01.09.2025/3R/105MEDIA/DSCF0017.JPG,DSCF0017.JPG,3R/105MEDIA,2,Western_Leopard_Toad,0.4109,4757.2,1136.1,4976.3,1346.0
/srv/shared_leopard_toad/2025/Documents/25.08-01.09.2025/3R/105MEDIA/DSCF0075.JPG,DSCF0075.JPG,3R/105MEDIA,2,Western_Leopard_Toad,0.5303,4757.6,1136.5,4970.7,1345.6
/srv/shared_leopard_toad/2025/Documents/25.08-01.09.2025/3R/105MEDIA/DSCF0104.JPG,DSCF0104.JPG,3R/105MEDIA,2,Western_Leopard_Toad,0.7642,4756.3,1131.1,4971.9,1346.5
/srv/shared_leopard_toad/2025/Documents/25.08-01.09.2025/3R/105MEDIA/DSCF0043.JPG,DSCF0043.JPG,3R/105MEDIA,2,Western_Leopard_Toad,0.5161,4759.9,1149.3,4963.1,1343.1
/srv/shared_leopard_toad/2025/Documents/25.08-01.09.2025/3R/105MEDIA/DSCF0530.JPG,DSCF0530.JPG,3R/105MEDIA,0,Other_Amphibian,0.5146,752.6,576.0,869.7,670.2
/srv/shared_leopard_toad/2025/Documents/25.08-01.09.2025/3R/105MEDIA/DSCF0535.JPG,DSCF0535.JPG,3R/105MEDIA,0,Other_Amphibian,0.7344,875.4,515.1,977.9,621.8
/srv/shared_leopard_toad/2025/Documents/25.08-01.09.2025/3R/105MEDIA/DSCF0199.JPG,DSCF0199.JPG,3R/105MEDIA,0,Other_Amphibian,0.2180,5225.1,-5.3,5374.6,71.5
/srv/shared_leopard_toad/2025/Documents/25.08-01.09.2025/3R/105MEDIA/DSCF0032.JPG,DSCF0032.JPG,3R/105MEDIA,2,Western_Leopard_Toad,0.3665,4755.8,1147.4,4961.9,1345.1
/srv/shared_leopard_toad/2025/Documents/25.08-01.09.2025/3R/105MEDIA/DSCF0032.JPG,DSCF0032.JPG,3R/105MEDIA,2,Western_Leopard_Toad,0.2886,5065.2,-5.6,5382.3,61.8
/srv/shared_leopard_toad/2025/Documents/25.08-01.09.2025/3R/105MEDIA/DSCF0131.JPG,DSCF0131.JPG,3R/105MEDIA,2,Western_Leopard_Toad,0.3469,4758.4,1134.2,4969.9,1346.4
/srv/shared_leopard_toad/2025/Documents/25.08-01.09.2025/3R/105MEDIA/DSCF0021.JPG,DSCF0021.JPG,3R/105MEDIA,2,Western_Leopard_Toad,0.2651,4759.1,1138.7,4969.1,1349.3
/srv/shared_leopard_toad/2025/Documents/25.08-01.09.2025/3R/105MEDIA/DSCF0054.JPG,DSCF0054.JPG,3R/105MEDIA,2,Western_Leopard_Toad,0.2832,4757.6,1140.4,4970.7,1344.7
/srv/shared_leopard_toad/2025/Documents/25.08-01.09.2025/3R/105MEDIA/DSCF0142.JPG,DSCF0142.JPG,3R/105MEDIA,2,Western_Leopard_Toad,0.4475,4762.1,1135.2,4966.2,1339.5
/srv/shared_leopard_toad/2025/Documents/25.08-01.09.2025/3R/105MEDIA/DSCF0019.JPG,DSCF0019.JPG,3R/105MEDIA,2,Western_Leopard_Toad,0.3860,886.4,1697.4,1065.3,1973.3
/srv/shared_leopard_toad/2025/Documents/25.08-01.09.2025/3R/105MEDIA/DSCF0035.JPG,DSCF0035.JPG,3R/105MEDIA,2,Western_Leopard_Toad,0.5996,4757.2,1144.2,4960.5,1338.0
/srv/shared_leopard_toad/2025/Documents/25.08-01.09.2025/3R/105MEDIA/DSCF0004.JPG,DSCF0004.JPG,3R/105MEDIA,2,Western_Leopard_Toad,0.6538,4757.4,1137.4,4970.8,1347.6
/srv/shared_leopard_toad/2025/Documents/25.08-01.09.2025/3R/105MEDIA/DSCF0056.JPG,DSCF0056.JPG,3R/105MEDIA,2,Western_Leopard_Toad,0.2527,4761.1,1140.9,4967.2,1339.7
/srv/shared_leopard_toad/2025/Documents/25.08-01.09.2025/3R/105MEDIA/DSCF0062.JPG,DSCF0062.JPG,3R/105MEDIA,2,Western_Leopard_Toad,0.4761,4756.3,1141.8,4966.7,1344.7
/srv/shared_leopard_toad/2025/Documents/25.08-01.09.2025/3R/105MEDIA/DSCF0203.JPG,DSCF0203.JPG,3R/105MEDIA,0,Other_Amphibian,0.2496,5191.9,-2.1,5376.3,84.3
/srv/shared_leopard_toad/2025/Documents/25.08-01.09.2025/3R/105MEDIA/DSCF0103.JPG,DSCF0103.JPG,3R/105MEDIA,2,Western_Leopard_Toad,0.6533,4755.8,1131.2,4972.5,1343.5
/srv/shared_leopard_toad/2025/Documents/25.08-01.09.2025/3R/105MEDIA/DSCF0039.JPG,DSCF0039.JPG,3R/105MEDIA,2,Western_Leopard_Toad,0.2871,4757.6,1138.5,4970.7,1343.6
/srv/shared_leopard_toad/2025/Documents/25.08-01.09.2025/3R/105MEDIA/DSCF0100.JPG,DSCF0100.JPG,3R/105MEDIA,2,Western_Leopard_Toad,0.6299,4755.2,1135.2,4973.1,1343.9
/srv/shared_leopard_toad/2025/Documents/25.08-01.09.2025/3R/105MEDIA/DSCF0529.JPG,DSCF0529.JPG,3R/105MEDIA,0,Other_Amphibian,0.3215,745.7,582.0,839.8,672.3
/srv/shared_leopard_toad/2025/Documents/25.08-01.09.2025/3R/105MEDIA/DSCF0010.JPG,DSCF0010.JPG,3R/105MEDIA,2,Western_Leopard_Toad,0.2510,4754.5,1138.2,4973.7,1343.9
/srv/shared_leopard_toad/2025/Documents/25.08-01.09.2025/3R/105MEDIA/DSCF0078.JPG,DSCF0078.JPG,3R/105MEDIA,2,Western_Leopard_Toad,0.3035,4760.9,1140.4,4967.3,1346.2
/srv/shared_leopard_toad/2025/Documents/25.08-01.09.2025/3R/105MEDIA/DSCF0047.JPG,DSCF0047.JPG,3R/105MEDIA,2,Western_Leopard_Toad,0.3398,4755.9,1142.6,4967.1,1343.9
/srv/shared_leopard_toad/2025/Documents/25.08-01.09.2025/3R/105MEDIA/DSCF0055.JPG,DSCF0055.JPG,3R/105MEDIA,2,Western_Leopard_Toad,0.3628,4756.9,1144.8,4966.1,1341.7
/srv/shared_leopard_toad/2025/Documents/25.08-01.09.2025/3R/105MEDIA/DSCF0197.JPG,DSCF0197.JPG,3R/105MEDIA,0,Other_Amphibian,0.2603,5193.0,-0.8,5375.3,91.6
/srv/shared_leopard_toad/2025/Documents/25.08-01.09.2025/3R/105MEDIA/DSCF0064.JPG,DSCF0064.JPG,3R/105MEDIA,2,Western_Leopard_Toad,0.4797,4758.8,1142.0,4969.5,1344.5
/srv/shared_leopard_toad/2025/Documents/25.08-01.09.2025/3R/105MEDIA/DSCF0016.JPG,DSCF0016.JPG,3R/105MEDIA,2,Western_Leopard_Toad,0.2993,4757.4,1142.8,4970.8,1345.2
/srv/shared_leopard_toad/2025/Documents/25.08-01.09.2025/3R/105MEDIA/DSCF0101.JPG,DSCF0101.JPG,3R/105MEDIA,2,Western_Leopard_Toad,0.6201,4752.2,1121.0,4981.3,1337.5
/srv/shared_leopard_toad/2025/Documents/25.08-01.09.2025/3R/105MEDIA/DSCF0029.JPG,DSCF0029.JPG,3R/105MEDIA,2,Western_Leopard_Toad,0.4910,4754.0,1137.8,4969.0,1344.3
/srv/shared_leopard_toad/2025/Documents/25.08-01.09.2025/3R/105MEDIA/DSCF0105.JPG,DSCF0105.JPG,3R/105MEDIA,2,Western_Leopard_Toad,0.3945,4760.9,1136.3,4967.3,1344.3
/srv/shared_leopard_toad/2025/Documents/25.08-01.09.2025/3R/105MEDIA/DSCF0116.JPG,DSCF0116.JPG,3R/105MEDIA,2,Western_Leopard_Toad,0.5308,4757.8,1131.8,4970.4,1342.9
/srv/shared_leopard_toad/2025/Documents/25.08-01.09.2025/3R/105MEDIA/DSCF0085.JPG,DSCF0085.JPG,3R/105MEDIA,2,Western_Leopard_Toad,0.6235,4755.8,1144.2,4961.9,1343.8
/srv/shared_leopard_toad/2025/Documents/25.08-01.09.2025/3R/105MEDIA/DSCF0082.JPG,DSCF0082.JPG,3R/105MEDIA,2,Western_Leopard_Toad,0.2988,4756.2,1137.2,4972.1,1343.4
/srv/shared_leopard_toad/2025/Documents/25.08-01.09.2025/3R/105MEDIA/DSCF0109.JPG,DSCF0109.JPG,3R/105MEDIA,2,Western_Leopard_Toad,0.6411,4759.8,1134.9,4968.5,1347.2
/srv/shared_leopard_toad/2025/Documents/25.08-01.09.2025/3R/105MEDIA/DSCF0357.JPG,DSCF0357.JPG,3R/105MEDIA,2,Western_Leopard_Toad,0.2905,4760.6,1127.9,4978.1,1340.9
/srv/shared_leopard_toad/2025/Documents/25.08-01.09.2025/3R/105MEDIA/DSCF0084.JPG,DSCF0084.JPG,3R/105MEDIA,2,Western_Leopard_Toad,0.6631,4758.8,1139.6,4969.5,1345.4
/srv/shared_leopard_toad/2025/Documents/25.08-01.09.2025/3R/105MEDIA/DSCF0138.JPG,DSCF0138.JPG,3R/105MEDIA,0,Other_Amphibian,0.2050,5195.4,-2.9,5378.1,81.9
/srv/shared_leopard_toad/2025/Documents/25.08-01.09.2025/3R/105MEDIA/DSCF0009.JPG,DSCF0009.JPG,3R/105MEDIA,2,Western_Leopard_Toad,0.3977,891.4,1702.2,1066.9,1965.6
/srv/shared_leopard_toad/2025/Documents/25.08-01.09.2025/3R/104MEDIA/DSCF0404.JPG,DSCF0404.JPG,3R/104MEDIA,2,Western_Leopard_Toad,0.4102,887.7,1698.0,1068.0,1969.8
/srv/shared_leopard_toad/2025/Documents/25.08-01.09.2025/3R/104MEDIA/DSCF0993.JPG,DSCF0993.JPG,3R/104MEDIA,2,Western_Leopard_Toad,0.4480,4756.3,1135.9,4971.9,1341.7
/srv/shared_leopard_toad/2025/Documents/25.08-01.09.2025/3R/104MEDIA/DSCF0537.JPG,DSCF0537.JPG,3R/104MEDIA,2,Western_Leopard_Toad,0.7876,4751.7,1127.5,4981.8,1341.3
/srv/shared_leopard_toad/2025/Documents/25.08-01.09.2025/3R/104MEDIA/DSCF0537.JPG,DSCF0537.JPG,3R/104MEDIA,0,Other_Amphibian,0.2006,4751.7,1127.5,4981.8,1341.3
/srv/shared_leopard_toad/2025/Documents/25.08-01.09.2025/3R/104MEDIA/DSCF0358.JPG,DSCF0358.JPG,3R/104MEDIA,2,Western_Leopard_Toad,0.4302,4760.4,1133.0,4973.1,1349.1
/srv/shared_leopard_toad/2025/Documents/25.08-01.09.2025/3R/104MEDIA/DSCF0358.JPG,DSCF0358.JPG,3R/104MEDIA,2,Western_Leopard_Toad,0.3860,886.1,1701.5,1064.3,1966.3
/srv/shared_leopard_toad/2025/Documents/25.08-01.09.2025/3R/104MEDIA/DSCF0541.JPG,DSCF0541.JPG,3R/104MEDIA,2,Western_Leopard_Toad,0.3708,4754.5,1124.5,4984.2,1347.3
/srv/shared_leopard_toad/2025/Documents/25.08-01.09.2025/3R/104MEDIA/DSCF0519.JPG,DSCF0519.JPG,3R/104MEDIA,2,Western_Leopard_Toad,0.2573,885.9,1705.2,1064.4,1968.5
/srv/shared_leopard_toad/2025/Documents/25.08-01.09.2025/3R/104MEDIA/DSCF0589.JPG,DSCF0589.JPG,3R/104MEDIA,2,Western_Leopard_Toad,0.4832,4749.8,1122.0,4983.7,1346.8
/srv/shared_leopard_toad/2025/Documents/25.08-01.09.2025/3R/104MEDIA/DSCF0466.JPG,DSCF0466.JPG,3R/104MEDIA,2,Western_Leopard_Toad,0.7876,888.4,1704.4,1067.2,1966.3
/srv/shared_leopard_toad/2025/Documents/25.08-01.09.2025/3R/104MEDIA/DSCF0466.JPG,DSCF0466.JPG,3R/104MEDIA,2,Western_Leopard_Toad,0.5552,4757.7,1124.8,4981.0,1344.0
/srv/shared_leopard_toad/2025/Documents/25.08-01.09.2025/3R/104MEDIA/DSCF0443.JPG,DSCF0443.JPG,3R/104MEDIA,2,Western_Leopard_Toad,0.4685,886.6,1704.7,1065.1,1969.0
/srv/shared_leopard_toad/2025/Documents/25.08-01.09.2025/3R/104MEDIA/DSCF0443.JPG,DSCF0443.JPG,3R/104MEDIA,2,Western_Leopard_Toad,0.3589,4756.3,1133.5,4977.2,1344.1
/srv/shared_leopard_toad/2025/Documents/25.08-01.09.2025/3R/104MEDIA/DSCF0911.JPG,DSCF0911.JPG,3R/104MEDIA,2,Western_Leopard_Toad,0.3916,4756.5,1143.3,4966.5,1344.7
/srv/shared_leopard_toad/2025/Documents/25.08-01.09.2025/3R/104MEDIA/DSCF0911.JPG,DSCF0911.JPG,3R/104MEDIA,0,Other_Amphibian,0.2742,5182.6,0.6,5375.2,103.7
/srv/shared_leopard_toad/2025/Documents/25.08-01.09.2025/3R/104MEDIA/DSCF0215.JPG,DSCF0215.JPG,3R/104MEDIA,2,Western_Leopard_Toad,0.7759,887.5,1701.9,1068.1,1965.9
/srv/shared_leopard_toad/2025/Documents/25.08-01.09.2025/3R/104MEDIA/DSCF0464.JPG,DSCF0464.JPG,3R/104MEDIA,2,Western_Leopard_Toad,0.6738,4756.7,1130.5,4982.1,1344.2
/srv/shared_leopard_toad/2025/Documents/25.08-01.09.2025/3R/104MEDIA/DSCF0464.JPG,DSCF0464.JPG,3R/104MEDIA,2,Western_Leopard_Toad,0.5137,886.2,1701.3,1069.4,1966.5
/srv/shared_leopard_toad/2025/Documents/25.08-01.09.2025/3R/104MEDIA/DSCF0455.JPG,DSCF0455.JPG,3R/104MEDIA,2,Western_Leopard_Toad,0.6875,887.1,1700.6,1064.6,1973.1
/srv/shared_leopard_toad/2025/Documents/25.08-01.09.2025/3R/104MEDIA/DSCF0455.JPG,DSCF0455.JPG,3R/104MEDIA,2,Western_Leopard_Toad,0.4192,4755.7,1128.9,4977.8,1345.8
/srv/shared_leopard_toad/2025/Documents/25.08-01.09.2025/3R/104MEDIA/DSCF0407.JPG,DSCF0407.JPG,3R/104MEDIA,2,Western_Leopard_Toad,0.5142,884.4,1697.7,1067.3,1970.1
/srv/shared_leopard_toad/2025/Documents/25.08-01.09.2025/3R/104MEDIA/DSCF0416.JPG,DSCF0416.JPG,3R/104MEDIA,2,Western_Leopard_Toad,0.2839,886.4,1701.8,1065.3,1971.9
/srv/shared_leopard_toad/2025/Documents/25.08-01.09.2025/3R/104MEDIA/DSCF0922.JPG,DSCF0922.JPG,3R/104MEDIA,0,Other_Amphibian,0.2646,5184.9,0.0,5372.8,109.1
/srv/shared_leopard_toad/2025/Documents/25.08-01.09.2025/3R/104MEDIA/DSCF0774.JPG,DSCF0774.JPG,3R/104MEDIA,2,Western_Leopard_Toad,0.3164,4757.2,1130.8,4976.3,1348.4
/srv/shared_leopard_toad/2025/Documents/25.08-01.09.2025/3R/104MEDIA/DSCF0298.JPG,DSCF0298.JPG,3R/104MEDIA,2,Western_Leopard_Toad,0.4336,889.2,1701.9,1067.7,1965.9
/srv/shared_leopard_toad/2025/Documents/25.08-01.09.2025/3R/104MEDIA/DSCF0417.JPG,DSCF0417.JPG,3R/104MEDIA,2,Western_Leopard_Toad,0.3535,887.0,1699.3,1069.9,1965.5
/srv/shared_leopard_toad/2025/Documents/25.08-01.09.2025/3R/104MEDIA/DSCF0543.JPG,DSCF0543.JPG,3R/104MEDIA,2,Western_Leopard_Toad,0.4661,886.6,1702.1,1065.1,1971.6
/srv/shared_leopard_toad/2025/Documents/25.08-01.09.2025/3R/104MEDIA/DSCF0543.JPG,DSCF0543.JPG,3R/104MEDIA,2,Western_Leopard_Toad,0.2612,4752.6,1123.8,4980.9,1353.9
/srv/shared_leopard_toad/2025/Documents/25.08-01.09.2025/3R/104MEDIA/DSCF0325.JPG,DSCF0325.JPG,3R/104MEDIA,2,Western_Leopard_Toad,0.2832,888.4,1700.6,1067.2,1961.2
/srv/shared_leopard_toad/2025/Documents/25.08-01.09.2025/3R/104MEDIA/DSCF0650.JPG,DSCF0650.JPG,3R/104MEDIA,2,Western_Leopard_Toad,0.6426,4749.9,1126.9,4983.6,1347.8
/srv/shared_leopard_toad/2025/Documents/25.08-01.09.2025/3R/104MEDIA/DSCF0562.JPG,DSCF0562.JPG,3R/104MEDIA,2,Western_Leopard_Toad,0.4922,4756.4,1122.6,4982.3,1346.3
/srv/shared_leopard_toad/2025/Documents/25.08-01.09.2025/3R/104MEDIA/DSCF0562.JPG,DSCF0562.JPG,3R/104MEDIA,2,Western_Leopard_Toad,0.3484,887.3,1700.4,1068.3,1973.3
/srv/shared_leopard_toad/2025/Documents/25.08-01.09.2025/3R/104MEDIA/DSCF0446.JPG,DSCF0446.JPG,3R/104MEDIA,2,Western_Leopard_Toad,0.4580,885.5,1701.9,1066.2,1965.9
/srv/shared_leopard_toad/2025/Documents/25.08-01.09.2025/3R/104MEDIA/DSCF0446.JPG,DSCF0446.JPG,3R/104MEDIA,2,Western_Leopard_Toad,0.3027,4758.4,1139.1,4969.9,1347.5
/srv/shared_leopard_toad/2025/Documents/25.08-01.09.2025/3R/104MEDIA/DSCF0446.JPG,DSCF0446.JPG,3R/104MEDIA,0,Other_Amphibian,0.2189,5200.9,-1.8,5377.8,80.8
/srv/shared_leopard_toad/2025/Documents/25.08-01.09.2025/3R/104MEDIA/DSCF0512.JPG,DSCF0512.JPG,3R/104MEDIA,0,Other_Amphibian,0.5659,325.6,214.8,411.4,322.3
/srv/shared_leopard_toad/2025/Documents/25.08-01.09.2025/3R/104MEDIA/DSCF0512.JPG,DSCF0512.JPG,3R/104MEDIA,2,Western_Leopard_Toad,0.5532,886.3,1705.3,1065.4,1983.1
/srv/shared_leopard_toad/2025/Documents/25.08-01.09.2025/3R/104MEDIA/DSCF0430.JPG,DSCF0430.JPG,3R/104MEDIA,2,Western_Leopard_Toad,0.3840,887.8,1701.5,1069.1,1963.4
/srv/shared_leopard_toad/2025/Documents/25.08-01.09.2025/3R/104MEDIA/DSCF0594.JPG,DSCF0594.JPG,3R/104MEDIA,2,Western_Leopard_Toad,0.2881,885.2,1698.3,1066.5,1963.6
/srv/shared_leopard_toad/2025/Documents/25.08-01.09.2025/3R/104MEDIA/DSCF0442.JPG,DSCF0442.JPG,3R/104MEDIA,2,Western_Leopard_Toad,0.4351,885.5,1703.5,1066.2,1961.3
/srv/shared_leopard_toad/2025/Documents/25.08-01.09.2025/3R/104MEDIA/DSCF0667.JPG,DSCF0667.JPG,3R/104MEDIA,2,Western_Leopard_Toad,0.7544,4757.0,1138.9,4971.3,1349.1
/srv/shared_leopard_toad/2025/Documents/25.08-01.09.2025/3R/104MEDIA/DSCF0311.JPG,DSCF0311.JPG,3R/104MEDIA,2,Western_Leopard_Toad,0.5786,889.9,1701.7,1068.4,1966.0
/srv/shared_leopard_toad/2025/Documents/25.08-01.09.2025/3R/104MEDIA/DSCF0362.JPG,DSCF0362.JPG,3R/104MEDIA,2,Western_Leopard_Toad,0.2605,884.5,1704.0,1065.8,1963.7
/srv/shared_leopard_toad/2025/Documents/25.08-01.09.2025/3R/104MEDIA/DSCF0362.JPG,DSCF0362.JPG,3R/104MEDIA,0,Other_Amphibian,0.2181,5173.5,1.1,5373.8,110.4
/srv/shared_leopard_toad/2025/Documents/25.08-01.09.2025/3R/104MEDIA/DSCF0668.JPG,DSCF0668.JPG,3R/104MEDIA,2,Western_Leopard_Toad,0.3115,4755.9,1128.1,4977.6,1346.6
/srv/shared_leopard_toad/2025/Documents/25.08-01.09.2025/3R/104MEDIA/DSCF0679.JPG,DSCF0679.JPG,3R/104MEDIA,2,Western_Leopard_Toad,0.2866,4754.7,1133.8,4978.8,1346.8
/srv/shared_leopard_toad/2025/Documents/25.08-01.09.2025/3R/104MEDIA/DSCF0623.JPG,DSCF0623.JPG,3R/104MEDIA,2,Western_Leopard_Toad,0.5107,4756.2,1132.8,4977.3,1349.3
/srv/shared_leopard_toad/2025/Documents/25.08-01.09.2025/3R/104MEDIA/DSCF0518.JPG,DSCF0518.JPG,3R/104MEDIA,2,Western_Leopard_Toad,0.3110,4755.6,1124.2,4983.2,1347.5
/srv/shared_leopard_toad/2025/Documents/25.08-01.09.2025/3R/104MEDIA/DSCF0518.JPG,DSCF0518.JPG,3R/104MEDIA,2,Western_Leopard_Toad,0.2981,885.9,1701.5,1065.8,1957.5
/srv/shared_leopard_toad/2025/Documents/25.08-01.09.2025/3R/104MEDIA/DSCF0777.JPG,DSCF0777.JPG,3R/104MEDIA,2,Western_Leopard_Toad,0.4343,4752.6,1122.6,4980.9,1346.3
/srv/shared_leopard_toad/2025/Documents/25.08-01.09.2025/3R/104MEDIA/DSCF0273.JPG,DSCF0273.JPG,3R/104MEDIA,2,Western_Leopard_Toad,0.5352,885.4,1706.4,1066.3,1964.3
/srv/shared_leopard_toad/2025/Documents/25.08-01.09.2025/3R/104MEDIA/DSCF0636.JPG,DSCF0636.JPG,3R/104MEDIA,2,Western_Leopard_Toad,0.2671,4756.9,1125.1,4981.8,1349.6
/srv/shared_leopard_toad/2025/Documents/25.08-01.09.2025/3R/104MEDIA/DSCF0560.JPG,DSCF0560.JPG,3R/104MEDIA,2,Western_Leopard_Toad,0.6880,4756.6,1128.1,4976.9,1346.6
/srv/shared_leopard_toad/2025/Documents/25.08-01.09.2025/3R/104MEDIA/DSCF0339.JPG,DSCF0339.JPG,3R/104MEDIA,2,Western_Leopard_Toad,0.6655,885.4,1703.9,1066.3,1963.9
/srv/shared_leopard_toad/2025/Documents/25.08-01.09.2025/3R/104MEDIA/DSCF0983.JPG,DSCF0983.JPG,3R/104MEDIA,2,Western_Leopard_Toad,0.5635,4752.2,1138.0,4970.8,1344.1
/srv/shared_leopard_toad/2025/Documents/25.08-01.09.2025/3R/104MEDIA/DSCF0336.JPG,DSCF0336.JPG,3R/104MEDIA,2,Western_Leopard_Toad,0.5840,886.3,1698.5,1069.3,1960.4
/srv/shared_leopard_toad/2025/Documents/25.08-01.09.2025/3R/104MEDIA/DSCF0461.JPG,DSCF0461.JPG,3R/104MEDIA,2,Western_Leopard_Toad,0.7554,4752.5,1132.3,4975.8,1345.3
/srv/shared_leopard_toad/2025/Documents/25.08-01.09.2025/3R/104MEDIA/DSCF0461.JPG,DSCF0461.JPG,3R/104MEDIA,2,Western_Leopard_Toad,0.5640,885.2,1702.8,1066.5,1968.0
/srv/shared_leopard_toad/2025/Documents/25.08-01.09.2025/3R/104MEDIA/DSCF0458.JPG,DSCF0458.JPG,3R/104MEDIA,2,Western_Leopard_Toad,0.4531,4756.7,1131.2,4976.8,1343.5
/srv/shared_leopard_toad/2025/Documents/25.08-01.09.2025/3R/104MEDIA/DSCF0344.JPG,DSCF0344.JPG,3R/104MEDIA,2,Western_Leopard_Toad,0.4888,886.1,1704.7,1065.6,1969.0
/srv/shared_leopard_toad/2025/Documents/25.08-01.09.2025/3R/104MEDIA/DSCF0501.JPG,DSCF0501.JPG,3R/104MEDIA,2,Western_Leopard_Toad,0.2766,4754.7,1128.4,4978.8,1346.3
/srv/shared_leopard_toad/2025/Documents/25.08-01.09.2025/3R/104MEDIA/DSCF0489.JPG,DSCF0489.JPG,3R/104MEDIA,2,Western_Leopard_Toad,0.2810,887.4,1708.6,1064.3,1971.0
/srv/shared_leopard_toad/2025/Documents/25.08-01.09.2025/3R/104MEDIA/DSCF0553.JPG,DSCF0553.JPG,3R/104MEDIA,2,Western_Leopard_Toad,0.5142,4755.3,1127.7,4978.2,1347.0
/srv/shared_leopard_toad/2025/Documents/25.08-01.09.2025/3R/104MEDIA/DSCF0390.JPG,DSCF0390.JPG,3R/104MEDIA,2,Western_Leopard_Toad,0.5679,889.5,1701.8,1068.7,1960.0
/srv/shared_leopard_toad/2025/Documents/25.08-01.09.2025/3R/104MEDIA/DSCF0286.JPG,DSCF0286.JPG,3R/104MEDIA,2,Western_Leopard_Toad,0.5488,886.1,1701.5,1065.6,1957.5
/srv/shared_leopard_toad/2025/Documents/25.08-01.09.2025/3R/104MEDIA/DSCF0292.JPG,DSCF0292.JPG,3R/104MEDIA,2,Western_Leopard_Toad,0.5913,885.7,1699.2,1066.0,1959.8
/srv/shared_leopard_toad/2025/Documents/25.08-01.09.2025/3R/104MEDIA/DSCF0429.JPG,DSCF0429.JPG,3R/104MEDIA,2,Western_Leopard_Toad,0.4358,886.4,1703.9,1065.3,1963.9
/srv/shared_leopard_toad/2025/Documents/25.08-01.09.2025/3R/104MEDIA/DSCF0304.JPG,DSCF0304.JPG,3R/104MEDIA,2,Western_Leopard_Toad,0.3665,4760.4,1125.1,4978.3,1349.6
/srv/shared_leopard_toad/2025/Documents/25.08-01.09.2025/3R/104MEDIA/DSCF0507.JPG,DSCF0507.JPG,3R/104MEDIA,2,Western_Leopard_Toad,0.3396,886.3,1705.7,1065.4,1970.9
/srv/shared_leopard_toad/2025/Documents/25.08-01.09.2025/3R/104MEDIA/DSCF0507.JPG,DSCF0507.JPG,3R/104MEDIA,2,Western_Leopard_Toad,0.3232,4751.9,1128.2,4981.6,1349.5
/srv/shared_leopard_toad/2025/Documents/25.08-01.09.2025/3R/104MEDIA/DSCF0681.JPG,DSCF0681.JPG,3R/104MEDIA,2,Western_Leopard_Toad,0.5073,4754.8,1134.7,4973.5,1347.4
/srv/shared_leopard_toad/2025/Documents/25.08-01.09.2025/3R/104MEDIA/DSCF0592.JPG,DSCF0592.JPG,3R/104MEDIA,2,Western_Leopard_Toad,0.6206,4758.3,1129.9,4980.4,1344.8
/srv/shared_leopard_toad/2025/Documents/25.08-01.09.2025/3R/104MEDIA/DSCF0574.JPG,DSCF0574.JPG,3R/104MEDIA,2,Western_Leopard_Toad,0.5059,887.4,1702.5,1064.3,1968.3
/srv/shared_leopard_toad/2025/Documents/25.08-01.09.2025/3R/104MEDIA/DSCF0574.JPG,DSCF0574.JPG,3R/104MEDIA,2,Western_Leopard_Toad,0.2847,4749.3,1117.4,4984.2,1345.5
/srv/shared_leopard_toad/2025/Documents/25.08-01.09.2025/3R/104MEDIA/DSCF0266.JPG,DSCF0266.JPG,3R/104MEDIA,2,Western_Leopard_Toad,0.5527,891.4,1705.8,1066.9,1964.9
/srv/shared_leopard_toad/2025/Documents/25.08-01.09.2025/3R/104MEDIA/DSCF0266.JPG,DSCF0266.JPG,3R/104MEDIA,2,Western_Leopard_Toad,0.3350,4758.1,1124.1,4980.6,1350.6
/srv/shared_leopard_toad/2025/Documents/25.08-01.09.2025/3R/104MEDIA/DSCF0986.JPG,DSCF0986.JPG,3R/104MEDIA,2,Western_Leopard_Toad,0.5913,4755.6,1137.6,4972.7,1344.5
/srv/shared_leopard_toad/2025/Documents/25.08-01.09.2025/3R/104MEDIA/DSCF0490.JPG,DSCF0490.JPG,3R/104MEDIA,2,Western_Leopard_Toad,0.5913,4753.6,1133.1,4979.9,1346.1
/srv/shared_leopard_toad/2025/Documents/25.08-01.09.2025/3R/104MEDIA/DSCF0490.JPG,DSCF0490.JPG,3R/104MEDIA,2,Western_Leopard_Toad,0.4580,886.6,1704.2,1065.1,1969.5
/srv/shared_leopard_toad/2025/Documents/25.08-01.09.2025/3R/104MEDIA/DSCF0422.JPG,DSCF0422.JPG,3R/104MEDIA,2,Western_Leopard_Toad,0.4458,888.7,1702.8,1063.0,1968.0
/srv/shared_leopard_toad/2025/Documents/25.08-01.09.2025/3R/104MEDIA/DSCF0549.JPG,DSCF0549.JPG,3R/104MEDIA,2,Western_Leopard_Toad,0.5962,889.1,1699.7,1066.6,1962.2
/srv/shared_leopard_toad/2025/Documents/25.08-01.09.2025/3R/104MEDIA/DSCF0649.JPG,DSCF0649.JPG,3R/104MEDIA,2,Western_Leopard_Toad,0.6621,4753.4,1129.6,4980.1,1349.6
/srv/shared_leopard_toad/2025/Documents/25.08-01.09.2025/3R/104MEDIA/DSCF0353.JPG,DSCF0353.JPG,3R/104MEDIA,2,Western_Leopard_Toad,0.3196,887.1,1706.9,1064.6,1972.7
/srv/shared_leopard_toad/2025/Documents/25.08-01.09.2025/3R/104MEDIA/DSCF0394.JPG,DSCF0394.JPG,3R/104MEDIA,2,Western_Leopard_Toad,0.3521,886.3,1702.6,1065.4,1971.1
/srv/shared_leopard_toad/2025/Documents/25.08-01.09.2025/3R/104MEDIA/DSCF0476.JPG,DSCF0476.JPG,3R/104MEDIA,2,Western_Leopard_Toad,0.4790,885.4,1703.6,1066.3,1964.2
/srv/shared_leopard_toad/2025/Documents/25.08-01.09.2025/3R/104MEDIA/DSCF0476.JPG,DSCF0476.JPG,3R/104MEDIA,2,Western_Leopard_Toad,0.4211,4752.6,1128.1,4980.9,1346.6
/srv/shared_leopard_toad/2025/Documents/25.08-01.09.2025/3R/104MEDIA/DSCF0559.JPG,DSCF0559.JPG,3R/104MEDIA,2,Western_Leopard_Toad,0.5312,886.9,1701.6,1064.8,1960.3
/srv/shared_leopard_toad/2025/Documents/25.08-01.09.2025/3R/104MEDIA/DSCF0445.JPG,DSCF0445.JPG,3R/104MEDIA,2,Western_Leopard_Toad,0.3076,4754.0,1141.7,4969.0,1344.9
/srv/shared_leopard_toad/2025/Documents/25.08-01.09.2025/3R/104MEDIA/DSCF0445.JPG,DSCF0445.JPG,3R/104MEDIA,0,Other_Amphibian,0.2310,5200.6,-1.7,5378.1,81.7
/srv/shared_leopard_toad/2025/Documents/25.08-01.09.2025/3R/104MEDIA/DSCF0656.JPG,DSCF0656.JPG,3R/104MEDIA,2,Western_Leopard_Toad,0.3538,4756.3,1136.2,4977.2,1350.3
/srv/shared_leopard_toad/2025/Documents/25.08-01.09.2025/3R/104MEDIA/DSCF0994.JPG,DSCF0994.JPG,3R/104MEDIA,2,Western_Leopard_Toad,0.4841,4750.9,1136.3,4972.1,1345.8
/srv/shared_leopard_toad/2025/Documents/25.08-01.09.2025/3R/104MEDIA/DSCF0439.JPG,DSCF0439.JPG,3R/104MEDIA,2,Western_Leopard_Toad,0.7734,884.9,1702.2,1066.8,1965.6
/srv/shared_leopard_toad/2025/Documents/25.08-01.09.2025/3R/104MEDIA/DSCF0439.JPG,DSCF0439.JPG,3R/104MEDIA,2,Western_Leopard_Toad,0.2703,4755.8,1127.0,4982.9,1341.8
/srv/shared_leopard_toad/2025/Documents/25.08-01.09.2025/3R/104MEDIA/DSCF0372.JPG,DSCF0372.JPG,3R/104MEDIA,0,Other_Amphibian,0.2510,5174.8,1.1,5372.5,111.5
/srv/shared_leopard_toad/2025/Documents/25.08-01.09.2025/3R/104MEDIA/DSCF0250.JPG,DSCF0250.JPG,3R/104MEDIA,2,Western_Leopard_Toad,0.4294,884.9,1698.0,1066.8,1960.9
/srv/shared_leopard_toad/2025/Documents/25.08-01.09.2025/3R/104MEDIA/DSCF0250.JPG,DSCF0250.JPG,3R/104MEDIA,2,Western_Leopard_Toad,0.2920,4760.5,1138.4,4967.7,1349.6
/srv/shared_leopard_toad/2025/Documents/25.08-01.09.2025/3R/104MEDIA/DSCF0342.JPG,DSCF0342.JPG,3R/104MEDIA,2,Western_Leopard_Toad,0.4412,884.4,1702.4,1067.3,1962.4
/srv/shared_leopard_toad/2025/Documents/25.08-01.09.2025/3R/104MEDIA/DSCF0305.JPG,DSCF0305.JPG,3R/104MEDIA,2,Western_Leopard_Toad,0.6660,888.9,1704.4,1066.7,1960.4
/srv/shared_leopard_toad/2025/Documents/25.08-01.09.2025/3R/104MEDIA/DSCF0670.JPG,DSCF0670.JPG,3R/104MEDIA,2,Western_Leopard_Toad,0.5742,4754.4,1135.9,4973.9,1346.2
/srv/shared_leopard_toad/2025/Documents/25.08-01.09.2025/3R/104MEDIA/DSCF0676.JPG,DSCF0676.JPG,3R/104MEDIA,2,Western_Leopard_Toad,0.4656,4752.2,1130.9,4981.3,1343.9
/srv/shared_leopard_toad/2025/Documents/25.08-01.09.2025/3R/104MEDIA/DSCF0531.JPG,DSCF0531.JPG,3R/104MEDIA,2,Western_Leopard_Toad,0.5415,4754.9,1130.5,4978.6,1344.2
/srv/shared_leopard_toad/2025/Documents/25.08-01.09.2025/3R/104MEDIA/DSCF0411.JPG,DSCF0411.JPG,3R/104MEDIA,2,Western_Leopard_Toad,0.5557,886.7,1698.4,1068.9,1957.6
/srv/shared_leopard_toad/2025/Documents/25.08-01.09.2025/3R/104MEDIA/DSCF0923.JPG,DSCF0923.JPG,3R/104MEDIA,2,Western_Leopard_Toad,0.4814,4752.3,1137.3,4970.7,1349.2
/srv/shared_leopard_toad/2025/Documents/25.08-01.09.2025/3R/104MEDIA/DSCF0324.JPG,DSCF0324.JPG,3R/104MEDIA,2,Western_Leopard_Toad,0.2932,889.1,1709.3,1066.6,1964.4
/srv/shared_leopard_toad/2025/Documents/25.08-01.09.2025/3R/104MEDIA/DSCF0524.JPG,DSCF0524.JPG,3R/104MEDIA,2,Western_Leopard_Toad,0.3015,889.4,1705.7,1067.6,1956.2
/srv/shared_leopard_toad/2025/Documents/25.08-01.09.2025/3R/104MEDIA/DSCF0581.JPG,DSCF0581.JPG,3R/104MEDIA,2,Western_Leopard_Toad,0.6221,4755.6,1124.3,4983.2,1350.4
/srv/shared_leopard_toad/2025/Documents/25.08-01.09.2025/3R/104MEDIA/DSCF0581.JPG,DSCF0581.JPG,3R/104MEDIA,2,Western_Leopard_Toad,0.4653,885.9,1703.4,1065.8,1958.5
/srv/shared_leopard_toad/2025/Documents/25.08-01.09.2025/3R/104MEDIA/DSCF0526.JPG,DSCF0526.JPG,3R/104MEDIA,2,Western_Leopard_Toad,0.3357,4755.3,1127.4,4978.2,1344.3
/srv/shared_leopard_toad/2025/Documents/25.08-01.09.2025/3R/104MEDIA/DSCF0380.JPG,DSCF0380.JPG,3R/104MEDIA,2,Western_Leopard_Toad,0.2771,890.4,1704.0,1067.9,1955.0
/srv/shared_leopard_toad/2025/Documents/25.08-01.09.2025/3R/104MEDIA/DSCF0568.JPG,DSCF0568.JPG,3R/104MEDIA,2,Western_Leopard_Toad,0.2534,4756.3,1126.3,4982.5,1348.4
/srv/shared_leopard_toad/2025/Documents/25.08-01.09.2025/3R/104MEDIA/DSCF0343.JPG,DSCF0343.JPG,3R/104MEDIA,2,Western_Leopard_Toad,0.4961,885.0,1704.4,1065.3,1969.3
/srv/shared_leopard_toad/2025/Documents/25.08-01.09.2025/3R/104MEDIA/DSCF0572.JPG,DSCF0572.JPG,3R/104MEDIA,2,Western_Leopard_Toad,0.6108,4752.2,1123.6,4981.3,1345.2
/srv/shared_leopard_toad/2025/Documents/25.08-01.09.2025/3R/104MEDIA/DSCF0572.JPG,DSCF0572.JPG,3R/104MEDIA,2,Western_Leopard_Toad,0.4719,887.3,1704.2,1068.3,1960.6
/srv/shared_leopard_toad/2025/Documents/25.08-01.09.2025/3R/104MEDIA/DSCF0301.JPG,DSCF0301.JPG,3R/104MEDIA,2,Western_Leopard_Toad,0.7783,884.2,1703.8,1067.5,1961.1
/srv/shared_leopard_toad/2025/Documents/25.08-01.09.2025/3R/104MEDIA/DSCF0544.JPG,DSCF0544.JPG,3R/104MEDIA,2,Western_Leopard_Toad,0.4668,4751.1,1122.0,4987.7,1346.8
/srv/shared_leopard_toad/2025/Documents/25.08-01.09.2025/3R/104MEDIA/DSCF0544.JPG,DSCF0544.JPG,3R/104MEDIA,2,Western_Leopard_Toad,0.3264,890.5,1704.8,1066.4,1963.0
/srv/shared_leopard_toad/2025/Documents/25.08-01.09.2025/3R/104MEDIA/DSCF0924.JPG,DSCF0924.JPG,3R/104MEDIA,2,Western_Leopard_Toad,0.6104,4756.2,1143.9,4966.8,1339.7
/srv/shared_leopard_toad/2025/Documents/25.08-01.09.2025/3R/104MEDIA/DSCF0237.JPG,DSCF0237.JPG,3R/104MEDIA,2,Western_Leopard_Toad,0.2766,888.7,1699.8,1068.2,1956.2
/srv/shared_leopard_toad/2025/Documents/25.08-01.09.2025/3R/104MEDIA/DSCF0373.JPG,DSCF0373.JPG,3R/104MEDIA,0,Other_Amphibian,0.2263,5168.4,1.3,5373.6,110.8
/srv/shared_leopard_toad/2025/Documents/25.08-01.09.2025/3R/104MEDIA/DSCF0580.JPG,DSCF0580.JPG,3R/104MEDIA,2,Western_Leopard_Toad,0.5103,4755.4,1124.7,4983.3,1347.1
/srv/shared_leopard_toad/2025/Documents/25.08-01.09.2025/3R/104MEDIA/DSCF0917.JPG,DSCF0917.JPG,3R/104MEDIA,2,Western_Leopard_Toad,0.3296,4756.6,1140.9,4971.7,1347.1
/srv/shared_leopard_toad/2025/Documents/25.08-01.09.2025/3R/104MEDIA/DSCF0505.JPG,DSCF0505.JPG,3R/104MEDIA,2,Western_Leopard_Toad,0.4070,4756.4,1128.4,4982.3,1346.3
/srv/shared_leopard_toad/2025/Documents/25.08-01.09.2025/3R/104MEDIA/DSCF0505.JPG,DSCF0505.JPG,3R/104MEDIA,2,Western_Leopard_Toad,0.2563,885.2,1704.2,1066.5,1969.5
/srv/shared_leopard_toad/2025/Documents/25.08-01.09.2025/3R/104MEDIA/DSCF0672.JPG,DSCF0672.JPG,3R/104MEDIA,2,Western_Leopard_Toad,0.7583,4752.5,1133.8,4975.8,1348.3
/srv/shared_leopard_toad/2025/Documents/25.08-01.09.2025/3R/104MEDIA/DSCF0662.JPG,DSCF0662.JPG,3R/104MEDIA,2,Western_Leopard_Toad,0.6362,4755.7,1133.6,4977.8,1345.5
/srv/shared_leopard_toad/2025/Documents/25.08-01.09.2025/3R/104MEDIA/DSCF0998.JPG,DSCF0998.JPG,3R/104MEDIA,2,Western_Leopard_Toad,0.3752,4756.2,1132.7,4972.1,1345.0
/srv/shared_leopard_toad/2025/Documents/25.08-01.09.2025/3R/104MEDIA/DSCF0308.JPG,DSCF0308.JPG,3R/104MEDIA,2,Western_Leopard_Toad,0.4946,887.1,1706.4,1064.6,1964.3
/srv/shared_leopard_toad/2025/Documents/25.08-01.09.2025/3R/104MEDIA/DSCF0312.JPG,DSCF0312.JPG,3R/104MEDIA,2,Western_Leopard_Toad,0.4150,884.5,1699.8,1067.1,1968.0
/srv/shared_leopard_toad/2025/Documents/25.08-01.09.2025/3R/104MEDIA/DSCF0385.JPG,DSCF0385.JPG,3R/104MEDIA,2,Western_Leopard_Toad,0.4451,889.5,1699.6,1067.4,1968.2
/srv/shared_leopard_toad/2025/Documents/25.08-01.09.2025/3R/104MEDIA/DSCF0534.JPG,DSCF0534.JPG,3R/104MEDIA,2,Western_Leopard_Toad,0.4453,4757.9,1126.2,4980.9,1345.5
/srv/shared_leopard_toad/2025/Documents/25.08-01.09.2025/3R/104MEDIA/DSCF0534.JPG,DSCF0534.JPG,3R/104MEDIA,2,Western_Leopard_Toad,0.3130,888.9,1702.2,1066.7,1965.6
/srv/shared_leopard_toad/2025/Documents/25.08-01.09.2025/3R/104MEDIA/DSCF0254.JPG,DSCF0254.JPG,3R/104MEDIA,2,Western_Leopard_Toad,0.3760,887.8,1699.7,1067.8,1962.2
/srv/shared_leopard_toad/2025/Documents/25.08-01.09.2025/3R/104MEDIA/DSCF0925.JPG,DSCF0925.JPG,3R/104MEDIA,2,Western_Leopard_Toad,0.4026,4756.3,1139.8,4966.7,1345.2
/srv/shared_leopard_toad/2025/Documents/25.08-01.09.2025/3R/104MEDIA/DSCF0925.JPG,DSCF0925.JPG,3R/104MEDIA,0,Other_Amphibian,0.2274,5178.1,0.1,5374.4,108.7
/srv/shared_leopard_toad/2025/Documents/25.08-01.09.2025/3R/104MEDIA/DSCF0528.JPG,DSCF0528.JPG,3R/104MEDIA,2,Western_Leopard_Toad,0.3638,4754.3,1121.4,4979.2,1347.5
/srv/shared_leopard_toad/2025/Documents/25.08-01.09.2025/3R/104MEDIA/DSCF0564.JPG,DSCF0564.JPG,3R/104MEDIA,2,Western_Leopard_Toad,0.5591,4757.5,1124.7,4981.3,1347.1
/srv/shared_leopard_toad/2025/Documents/25.08-01.09.2025/3R/104MEDIA/DSCF0303.JPG,DSCF0303.JPG,3R/104MEDIA,2,Western_Leopard_Toad,0.3462,889.1,1701.6,1069.1,1969.2
/srv/shared_leopard_toad/2025/Documents/25.08-01.09.2025/3R/104MEDIA/DSCF0644.JPG,DSCF0644.JPG,3R/104MEDIA,2,Western_Leopard_Toad,0.5806,4752.6,1129.8,4980.9,1349.4
/srv/shared_leopard_toad/2025/Documents/25.08-01.09.2025/3R/104MEDIA/DSCF0515.JPG,DSCF0515.JPG,3R/104MEDIA,0,Other_Amphibian,0.2874,390.4,146.2,468.6,221.2
/srv/shared_leopard_toad/2025/Documents/25.08-01.09.2025/3R/104MEDIA/DSCF0837.JPG,DSCF0837.JPG,3R/104MEDIA,2,Western_Leopard_Toad,0.3254,889.2,1702.1,1067.7,1974.5
/srv/shared_leopard_toad/2025/Documents/25.08-01.09.2025/3R/104MEDIA/DSCF0661.JPG,DSCF0661.JPG,3R/104MEDIA,2,Western_Leopard_Toad,0.5000,4756.2,1128.8,4977.3,1353.3
/srv/shared_leopard_toad/2025/Documents/25.08-01.09.2025/3R/104MEDIA/DSCF0508.JPG,DSCF0508.JPG,3R/104MEDIA,2,Western_Leopard_Toad,0.4438,887.5,1703.9,1068.1,1963.9
/srv/shared_leopard_toad/2025/Documents/25.08-01.09.2025/3R/104MEDIA/DSCF0608.JPG,DSCF0608.JPG,3R/104MEDIA,2,Western_Leopard_Toad,0.2969,4753.4,1129.1,4980.1,1350.0
/srv/shared_leopard_toad/2025/Documents/25.08-01.09.2025/3R/104MEDIA/DSCF0451.JPG,DSCF0451.JPG,3R/104MEDIA,2,Western_Leopard_Toad,0.4048,886.6,1704.4,1065.1,1966.3
/srv/shared_leopard_toad/2025/Documents/25.08-01.09.2025/3R/104MEDIA/DSCF0532.JPG,DSCF0532.JPG,3R/104MEDIA,2,Western_Leopard_Toad,0.6973,4753.0,1127.3,4980.5,1344.5
/srv/shared_leopard_toad/2025/Documents/25.08-01.09.2025/3R/104MEDIA/DSCF0290.JPG,DSCF0290.JPG,3R/104MEDIA,2,Western_Leopard_Toad,0.2786,888.2,1702.7,1068.8,1965.1
/srv/shared_leopard_toad/2025/Documents/25.08-01.09.2025/3R/104MEDIA/DSCF0556.JPG,DSCF0556.JPG,3R/104MEDIA,2,Western_Leopard_Toad,0.5581,4755.3,1127.2,4978.2,1347.5
/srv/shared_leopard_toad/2025/Documents/25.08-01.09.2025/3R/104MEDIA/DSCF0652.JPG,DSCF0652.JPG,3R/104MEDIA,2,Western_Leopard_Toad,0.6963,4755.9,1134.9,4977.6,1347.2
/srv/shared_leopard_toad/2025/Documents/25.08-01.09.2025/3R/104MEDIA/DSCF0615.JPG,DSCF0615.JPG,3R/104MEDIA,2,Western_Leopard_Toad,0.7441,4757.6,1129.9,4975.9,1344.8
/srv/shared_leopard_toad/2025/Documents/25.08-01.09.2025/3R/104MEDIA/DSCF0615.JPG,DSCF0615.JPG,3R/104MEDIA,2,Western_Leopard_Toad,0.2944,884.9,1671.8,1082.6,1954.6
/srv/shared_leopard_toad/2025/Documents/25.08-01.09.2025/3R/104MEDIA/DSCF0258.JPG,DSCF0258.JPG,3R/104MEDIA,2,Western_Leopard_Toad,0.4646,889.5,1701.9,1068.7,1957.0
/srv/shared_leopard_toad/2025/Documents/25.08-01.09.2025/3R/104MEDIA/DSCF0346.JPG,DSCF0346.JPG,3R/104MEDIA,2,Western_Leopard_Toad,0.6807,884.2,1701.3,1067.5,1966.5
/srv/shared_leopard_toad/2025/Documents/25.08-01.09.2025/3R/104MEDIA/DSCF0432.JPG,DSCF0432.JPG,3R/104MEDIA,2,Western_Leopard_Toad,0.5410,886.5,1702.3,1069.1,1971.4
/srv/shared_leopard_toad/2025/Documents/25.08-01.09.2025/3R/104MEDIA/DSCF0248.JPG,DSCF0248.JPG,3R/104MEDIA,2,Western_Leopard_Toad,0.4602,887.3,1699.1,1068.3,1965.8
/srv/shared_leopard_toad/2025/Documents/25.08-01.09.2025/3R/104MEDIA/DSCF0833.JPG,DSCF0833.JPG,3R/104MEDIA,2,Western_Leopard_Toad,0.3848,4751.9,1128.9,4981.6,1345.8
/srv/shared_leopard_toad/2025/Documents/25.08-01.09.2025/3R/104MEDIA/DSCF0412.JPG,DSCF0412.JPG,3R/104MEDIA,2,Western_Leopard_Toad,0.4456,885.3,1696.2,1070.3,1968.6
/srv/shared_leopard_toad/2025/Documents/25.08-01.09.2025/3R/104MEDIA/DSCF0989.JPG,DSCF0989.JPG,3R/104MEDIA,2,Western_Leopard_Toad,0.4211,4754.9,1137.1,4973.3,1349.4
/srv/shared_leopard_toad/2025/Documents/25.08-01.09.2025/3R/104MEDIA/DSCF0653.JPG,DSCF0653.JPG,3R/104MEDIA,2,Western_Leopard_Toad,0.6318,4752.2,1124.1,4981.3,1350.6
/srv/shared_leopard_toad/2025/Documents/25.08-01.09.2025/3R/104MEDIA/DSCF0315.JPG,DSCF0315.JPG,3R/104MEDIA,2,Western_Leopard_Toad,0.5078,884.0,1704.9,1067.7,1968.8
/srv/shared_leopard_toad/2025/Documents/25.08-01.09.2025/3R/104MEDIA/DSCF0288.JPG,DSCF0288.JPG,3R/104MEDIA,2,Western_Leopard_Toad,0.4167,888.6,1701.0,1063.1,1963.8
/srv/shared_leopard_toad/2025/Documents/25.08-01.09.2025/3R/104MEDIA/DSCF0264.JPG,DSCF0264.JPG,3R/104MEDIA,2,Western_Leopard_Toad,0.8481,888.3,1701.6,1069.9,1963.2
/srv/shared_leopard_toad/2025/Documents/25.08-01.09.2025/3R/104MEDIA/DSCF0504.JPG,DSCF0504.JPG,3R/104MEDIA,2,Western_Leopard_Toad,0.2756,4755.5,1129.9,4978.0,1344.8
/srv/shared_leopard_toad/2025/Documents/25.08-01.09.2025/3R/104MEDIA/DSCF0637.JPG,DSCF0637.JPG,3R/104MEDIA,2,Western_Leopard_Toad,0.4873,4752.6,1128.1,4980.9,1346.6
/srv/shared_leopard_toad/2025/Documents/25.08-01.09.2025/3R/104MEDIA/DSCF0271.JPG,DSCF0271.JPG,3R/104MEDIA,2,Western_Leopard_Toad,0.5991,885.5,1702.5,1066.2,1968.3
/srv/shared_leopard_toad/2025/Documents/25.08-01.09.2025/3R/104MEDIA/DSCF0271.JPG,DSCF0271.JPG,3R/104MEDIA,2,Western_Leopard_Toad,0.2810,4758.3,1123.8,4980.4,1347.9
/srv/shared_leopard_toad/2025/Documents/25.08-01.09.2025/3R/104MEDIA/DSCF0659.JPG,DSCF0659.JPG,3R/104MEDIA,2,Western_Leopard_Toad,0.6182,4755.3,1126.3,4978.2,1348.4
/srv/shared_leopard_toad/2025/Documents/25.08-01.09.2025/3R/104MEDIA/DSCF0295.JPG,DSCF0295.JPG,3R/104MEDIA,2,Western_Leopard_Toad,0.3806,885.9,1700.8,1065.8,1967.0
/srv/shared_leopard_toad/2025/Documents/25.08-01.09.2025/3R/104MEDIA/DSCF0231.JPG,DSCF0231.JPG,3R/104MEDIA,2,Western_Leopard_Toad,0.4673,885.2,1702.2,1066.5,1965.6
/srv/shared_leopard_toad/2025/Documents/25.08-01.09.2025/3R/104MEDIA/DSCF0930.JPG,DSCF0930.JPG,3R/104MEDIA,2,Western_Leopard_Toad,0.2791,4757.9,1139.6,4965.1,1343.9
/srv/shared_leopard_toad/2025/Documents/25.08-01.09.2025/3R/104MEDIA/DSCF0930.JPG,DSCF0930.JPG,3R/104MEDIA,0,Other_Amphibian,0.2355,5173.3,0.7,5373.9,119.7
/srv/shared_leopard_toad/2025/Documents/25.08-01.09.2025/3R/104MEDIA/DSCF0320.JPG,DSCF0320.JPG,3R/104MEDIA,2,Western_Leopard_Toad,0.4465,885.7,1706.3,1066.0,1964.5
/srv/shared_leopard_toad/2025/Documents/25.08-01.09.2025/3R/104MEDIA/DSCF0479.JPG,DSCF0479.JPG,3R/104MEDIA,2,Western_Leopard_Toad,0.4812,885.0,1700.3,1066.7,1964.6
/srv/shared_leopard_toad/2025/Documents/25.08-01.09.2025/3R/104MEDIA/DSCF0268.JPG,DSCF0268.JPG,3R/104MEDIA,2,Western_Leopard_Toad,0.7070,888.2,1704.8,1067.4,1963.0
/srv/shared_leopard_toad/2025/Documents/25.08-01.09.2025/3R/104MEDIA/DSCF0582.JPG,DSCF0582.JPG,3R/104MEDIA,2,Western_Leopard_Toad,0.3516,4752.8,1126.7,4980.7,1348.0
/srv/shared_leopard_toad/2025/Documents/25.08-01.09.2025/3R/104MEDIA/DSCF0582.JPG,DSCF0582.JPG,3R/104MEDIA,2,Western_Leopard_Toad,0.3467,888.2,1700.7,1068.8,1964.1
/srv/shared_leopard_toad/2025/Documents/25.08-01.09.2025/3R/104MEDIA/DSCF0716.JPG,DSCF0716.JPG,3R/104MEDIA,2,Western_Leopard_Toad,0.4314,4752.2,1123.3,4986.6,1351.4
/srv/shared_leopard_toad/2025/Documents/25.08-01.09.2025/3R/104MEDIA/DSCF0663.JPG,DSCF0663.JPG,3R/104MEDIA,2,Western_Leopard_Toad,0.2883,4754.3,1135.0,4979.2,1345.6
/srv/shared_leopard_toad/2025/Documents/25.08-01.09.2025/3R/104MEDIA/DSCF0663.JPG,DSCF0663.JPG,3R/104MEDIA,0,Other_Amphibian,0.2216,5226.8,-4.0,5378.2,74.5
/srv/shared_leopard_toad/2025/Documents/25.08-01.09.2025/3R/104MEDIA/DSCF0378.JPG,DSCF0378.JPG,3R/104MEDIA,2,Western_Leopard_Toad,0.2515,885.2,1704.0,1066.5,1963.7
/srv/shared_leopard_toad/2025/Documents/25.08-01.09.2025/3R/104MEDIA/DSCF0576.JPG,DSCF0576.JPG,3R/104MEDIA,2,Western_Leopard_Toad,0.4824,4754.5,1135.7,4973.7,1347.9
/srv/shared_leopard_toad/2025/Documents/25.08-01.09.2025/3R/104MEDIA/DSCF0607.JPG,DSCF0607.JPG,3R/104MEDIA,2,Western_Leopard_Toad,0.7915,4757.4,1129.7,4976.1,1345.1
/srv/shared_leopard_toad/2025/Documents/25.08-01.09.2025/3R/104MEDIA/DSCF0252.JPG,DSCF0252.JPG,3R/104MEDIA,2,Western_Leopard_Toad,0.2795,884.7,1697.7,1067.0,1967.2
/srv/shared_leopard_toad/2025/Documents/25.08-01.09.2025/3R/104MEDIA/DSCF0472.JPG,DSCF0472.JPG,3R/104MEDIA,2,Western_Leopard_Toad,0.7041,886.7,1704.9,1068.9,1968.8
/srv/shared_leopard_toad/2025/Documents/25.08-01.09.2025/3R/104MEDIA/DSCF0788.JPG,DSCF0788.JPG,3R/104MEDIA,2,Western_Leopard_Toad,0.4521,888.6,1702.8,1067.1,1959.1
/srv/shared_leopard_toad/2025/Documents/25.08-01.09.2025/3R/104MEDIA/DSCF0927.JPG,DSCF0927.JPG,3R/104MEDIA,2,Western_Leopard_Toad,0.5908,4754.1,1139.6,4968.9,1342.5
/srv/shared_leopard_toad/2025/Documents/25.08-01.09.2025/3R/104MEDIA/DSCF0536.JPG,DSCF0536.JPG,3R/104MEDIA,2,Western_Leopard_Toad,0.3831,888.5,1702.2,1068.5,1965.6
/srv/shared_leopard_toad/2025/Documents/25.08-01.09.2025/3R/104MEDIA/DSCF0448.JPG,DSCF0448.JPG,3R/104MEDIA,2,Western_Leopard_Toad,0.7461,4755.1,1127.9,4978.4,1346.8
/srv/shared_leopard_toad/2025/Documents/25.08-01.09.2025/3R/104MEDIA/DSCF0448.JPG,DSCF0448.JPG,3R/104MEDIA,2,Western_Leopard_Toad,0.4404,886.1,1702.8,1065.6,1968.0
/srv/shared_leopard_toad/2025/Documents/25.08-01.09.2025/3R/104MEDIA/DSCF0449.JPG,DSCF0449.JPG,3R/104MEDIA,2,Western_Leopard_Toad,0.3887,4754.3,1128.5,4979.2,1343.3
/srv/shared_leopard_toad/2025/Documents/25.08-01.09.2025/3R/104MEDIA/DSCF0449.JPG,DSCF0449.JPG,3R/104MEDIA,2,Western_Leopard_Toad,0.3745,887.9,1701.0,1063.8,1963.8
/srv/shared_leopard_toad/2025/Documents/25.08-01.09.2025/3R/104MEDIA/DSCF0908.JPG,DSCF0908.JPG,3R/104MEDIA,2,Western_Leopard_Toad,0.3779,4753.1,1140.4,4969.9,1347.6
/srv/shared_leopard_toad/2025/Documents/25.08-01.09.2025/3R/104MEDIA/DSCF0908.JPG,DSCF0908.JPG,3R/104MEDIA,0,Other_Amphibian,0.2001,5207.2,-4.0,5376.8,72.3
/srv/shared_leopard_toad/2025/Documents/25.08-01.09.2025/3R/104MEDIA/DSCF0474.JPG,DSCF0474.JPG,3R/104MEDIA,2,Western_Leopard_Toad,0.3677,4753.6,1131.6,4979.9,1343.1
/srv/shared_leopard_toad/2025/Documents/25.08-01.09.2025/3R/104MEDIA/DSCF0567.JPG,DSCF0567.JPG,3R/104MEDIA,2,Western_Leopard_Toad,0.4355,4758.6,1129.2,4980.2,1348.5
/srv/shared_leopard_toad/2025/Documents/25.08-01.09.2025/3R/104MEDIA/DSCF0872.JPG,DSCF0872.JPG,3R/104MEDIA,2,Western_Leopard_Toad,0.2715,889.5,1701.0,1067.4,1957.9
/srv/shared_leopard_toad/2025/Documents/25.08-01.09.2025/3R/104MEDIA/DSCF0499.JPG,DSCF0499.JPG,3R/104MEDIA,2,Western_Leopard_Toad,0.3691,886.8,1700.8,1064.9,1969.9
/srv/shared_leopard_toad/2025/Documents/25.08-01.09.2025/3R/104MEDIA/DSCF0335.JPG,DSCF0335.JPG,3R/104MEDIA,2,Western_Leopard_Toad,0.5698,885.9,1701.0,1065.8,1966.8
/srv/shared_leopard_toad/2025/Documents/25.08-01.09.2025/3R/104MEDIA/DSCF0335.JPG,DSCF0335.JPG,3R/104MEDIA,2,Western_Leopard_Toad,0.3308,4761.0,1127.0,4977.7,1350.7
/srv/shared_leopard_toad/2025/Documents/25.08-01.09.2025/3R/104MEDIA/DSCF0523.JPG,DSCF0523.JPG,3R/104MEDIA,2,Western_Leopard_Toad,0.3792,4757.1,1131.1,4981.7,1346.5
/srv/shared_leopard_toad/2025/Documents/25.08-01.09.2025/3R/104MEDIA/DSCF0890.JPG,DSCF0890.JPG,3R/104MEDIA,2,Western_Leopard_Toad,0.3057,890.7,1702.8,1066.2,1962.0
/srv/shared_leopard_toad/2025/Documents/25.08-01.09.2025/3R/104MEDIA/DSCF0655.JPG,DSCF0655.JPG,3R/104MEDIA,2,Western_Leopard_Toad,0.4272,4749.5,1124.5,4984.0,1350.2
/srv/shared_leopard_toad/2025/Documents/25.08-01.09.2025/3R/104MEDIA/DSCF0669.JPG,DSCF0669.JPG,3R/104MEDIA,2,Western_Leopard_Toad,0.2683,4746.7,1126.0,4986.8,1348.7
/srv/shared_leopard_toad/2025/Documents/25.08-01.09.2025/3R/104MEDIA/DSCF0601.JPG,DSCF0601.JPG,3R/104MEDIA,2,Western_Leopard_Toad,0.4478,4755.2,1124.5,4983.6,1350.2
/srv/shared_leopard_toad/2025/Documents/25.08-01.09.2025/3R/104MEDIA/DSCF0363.JPG,DSCF0363.JPG,3R/104MEDIA,2,Western_Leopard_Toad,0.5269,885.4,1702.6,1066.3,1962.3
/srv/shared_leopard_toad/2025/Documents/25.08-01.09.2025/3R/104MEDIA/DSCF0376.JPG,DSCF0376.JPG,3R/104MEDIA,2,Western_Leopard_Toad,0.5547,885.5,1707.3,1066.2,1966.4
/srv/shared_leopard_toad/2025/Documents/25.08-01.09.2025/3R/104MEDIA/DSCF0577.JPG,DSCF0577.JPG,3R/104MEDIA,2,Western_Leopard_Toad,0.5610,4751.7,1128.0,4981.8,1349.7
/srv/shared_leopard_toad/2025/Documents/25.08-01.09.2025/3R/104MEDIA/DSCF0478.JPG,DSCF0478.JPG,3R/104MEDIA,2,Western_Leopard_Toad,0.5781,883.1,1702.3,1067.2,1968.4
/srv/shared_leopard_toad/2025/Documents/25.08-01.09.2025/3R/104MEDIA/DSCF0666.JPG,DSCF0666.JPG,3R/104MEDIA,2,Western_Leopard_Toad,0.4111,4755.3,1131.7,4978.2,1348.9
/srv/shared_leopard_toad/2025/Documents/25.08-01.09.2025/3R/104MEDIA/DSCF0280.JPG,DSCF0280.JPG,3R/104MEDIA,2,Western_Leopard_Toad,0.3977,888.9,1697.1,1068.0,1967.7
/srv/shared_leopard_toad/2025/Documents/25.08-01.09.2025/3R/104MEDIA/DSCF0629.JPG,DSCF0629.JPG,3R/104MEDIA,2,Western_Leopard_Toad,0.5127,4753.5,1122.0,4985.3,1346.8
/srv/shared_leopard_toad/2025/Documents/25.08-01.09.2025/3R/104MEDIA/DSCF0208.JPG,DSCF0208.JPG,3R/104MEDIA,2,Western_Leopard_Toad,0.4446,885.9,1698.0,1065.8,1960.9
/srv/shared_leopard_toad/2025/Documents/25.08-01.09.2025/3R/104MEDIA/DSCF0635.JPG,DSCF0635.JPG,3R/104MEDIA,2,Western_Leopard_Toad,0.3809,4752.2,1124.4,4981.3,1344.4
/srv/shared_leopard_toad/2025/Documents/25.08-01.09.2025/3R/104MEDIA/DSCF0421.JPG,DSCF0421.JPG,3R/104MEDIA,2,Western_Leopard_Toad,0.5122,888.6,1706.0,1067.1,1964.8
/srv/shared_leopard_toad/2025/Documents/25.08-01.09.2025/3R/104MEDIA/DSCF0907.JPG,DSCF0907.JPG,3R/104MEDIA,0,Other_Amphibian,0.2920,5183.9,1.1,5373.9,110.6
/srv/shared_leopard_toad/2025/Documents/25.08-01.09.2025/3R/104MEDIA/DSCF0533.JPG,DSCF0533.JPG,3R/104MEDIA,2,Western_Leopard_Toad,0.3672,887.7,1701.2,1069.3,1963.6
/srv/shared_leopard_toad/2025/Documents/25.08-01.09.2025/3R/104MEDIA/DSCF0533.JPG,DSCF0533.JPG,3R/104MEDIA,2,Western_Leopard_Toad,0.3335,4754.5,1125.0,4984.2,1346.7
/srv/shared_leopard_toad/2025/Documents/25.08-01.09.2025/3R/104MEDIA/DSCF0622.JPG,DSCF0622.JPG,3R/104MEDIA,2,Western_Leopard_Toad,0.5591,4757.7,1128.4,4981.0,1346.3
/srv/shared_leopard_toad/2025/Documents/25.08-01.09.2025/3R/104MEDIA/DSCF0418.JPG,DSCF0418.JPG,3R/104MEDIA,2,Western_Leopard_Toad,0.2900,886.6,1705.7,1065.1,1962.1
/srv/shared_leopard_toad/2025/Documents/25.08-01.09.2025/3R/104MEDIA/DSCF0621.JPG,DSCF0621.JPG,3R/104MEDIA,2,Western_Leopard_Toad,0.6689,4755.6,1124.0,4983.2,1347.7
/srv/shared_leopard_toad/2025/Documents/25.08-01.09.2025/3R/104MEDIA/DSCF0483.JPG,DSCF0483.JPG,3R/104MEDIA,2,Western_Leopard_Toad,0.7920,1038.6,1963.7,1218.9,2167.7
/srv/shared_leopard_toad/2025/Documents/25.08-01.09.2025/3R/104MEDIA/DSCF0483.JPG,DSCF0483.JPG,3R/104MEDIA,2,Western_Leopard_Toad,0.7329,1038.8,1962.4,1218.7,2166.0
/srv/shared_leopard_toad/2025/Documents/25.08-01.09.2025/3R/104MEDIA/DSCF0387.JPG,DSCF0387.JPG,3R/104MEDIA,2,Western_Leopard_Toad,0.2876,884.2,1698.5,1067.5,1960.4
/srv/shared_leopard_toad/2025/Documents/25.08-01.09.2025/3R/104MEDIA/DSCF0548.JPG,DSCF0548.JPG,3R/104MEDIA,2,Western_Leopard_Toad,0.5933,4755.5,1133.8,4978.0,1346.8
/srv/shared_leopard_toad/2025/Documents/25.08-01.09.2025/3R/104MEDIA/DSCF0660.JPG,DSCF0660.JPG,3R/104MEDIA,2,Western_Leopard_Toad,0.7437,4753.4,1130.8,4980.1,1346.9
/srv/shared_leopard_toad/2025/Documents/25.08-01.09.2025/3R/104MEDIA/DSCF0554.JPG,DSCF0554.JPG,3R/104MEDIA,2,Western_Leopard_Toad,0.3633,4752.6,1126.7,4980.9,1348.0
/srv/shared_leopard_toad/2025/Documents/25.08-01.09.2025/3R/104MEDIA/DSCF0991.JPG,DSCF0991.JPG,3R/104MEDIA,2,Western_Leopard_Toad,0.4348,4752.2,1137.3,4970.8,1349.2
/srv/shared_leopard_toad/2025/Documents/25.08-01.09.2025/3R/104MEDIA/DSCF0691.JPG,DSCF0691.JPG,3R/104MEDIA,2,Western_Leopard_Toad,0.3394,4756.3,1133.3,4977.2,1347.4
/srv/shared_leopard_toad/2025/Documents/25.08-01.09.2025/3R/104MEDIA/DSCF0632.JPG,DSCF0632.JPG,3R/104MEDIA,2,Western_Leopard_Toad,0.6587,4755.2,1121.3,4983.6,1344.6
/srv/shared_leopard_toad/2025/Documents/25.08-01.09.2025/3R/104MEDIA/DSCF0985.JPG,DSCF0985.JPG,3R/104MEDIA,2,Western_Leopard_Toad,0.2810,4758.2,1135.0,4975.3,1345.6
/srv/shared_leopard_toad/2025/Documents/25.08-01.09.2025/3R/104MEDIA/DSCF0525.JPG,DSCF0525.JPG,3R/104MEDIA,2,Western_Leopard_Toad,0.5327,884.2,1706.4,1066.2,1967.3
/srv/shared_leopard_toad/2025/Documents/25.08-01.09.2025/3R/104MEDIA/DSCF0238.JPG,DSCF0238.JPG,3R/104MEDIA,2,Western_Leopard_Toad,0.2715,890.2,1699.3,1066.7,1968.4
/srv/shared_leopard_toad/2025/Documents/25.08-01.09.2025/3R/104MEDIA/DSCF0613.JPG,DSCF0613.JPG,3R/104MEDIA,2,Western_Leopard_Toad,0.3079,4754.9,1121.7,4978.6,1347.1
/srv/shared_leopard_toad/2025/Documents/25.08-01.09.2025/3R/104MEDIA/DSCF0613.JPG,DSCF0613.JPG,3R/104MEDIA,1,Small_Mammal,0.2347,1739.7,423.8,2166.3,1028.4
/srv/shared_leopard_toad/2025/Documents/25.08-01.09.2025/3R/104MEDIA/DSCF0551.JPG,DSCF0551.JPG,3R/104MEDIA,2,Western_Leopard_Toad,0.5435,4749.9,1127.4,4983.6,1347.4
/srv/shared_leopard_toad/2025/Documents/25.08-01.09.2025/3R/104MEDIA/DSCF0551.JPG,DSCF0551.JPG,3R/104MEDIA,2,Western_Leopard_Toad,0.5225,883.9,1698.5,1066.5,1960.4
/srv/shared_leopard_toad/2025/Documents/25.08-01.09.2025/3R/104MEDIA/DSCF0299.JPG,DSCF0299.JPG,3R/104MEDIA,2,Western_Leopard_Toad,0.8105,886.3,1706.0,1065.4,1964.8
/srv/shared_leopard_toad/2025/Documents/25.08-01.09.2025/3R/104MEDIA/DSCF0293.JPG,DSCF0293.JPG,3R/104MEDIA,2,Western_Leopard_Toad,0.5586,884.7,1701.1,1067.0,1960.8
/srv/shared_leopard_toad/2025/Documents/25.08-01.09.2025/3R/104MEDIA/DSCF0338.JPG,DSCF0338.JPG,3R/104MEDIA,2,Western_Leopard_Toad,0.3135,884.7,1699.3,1067.0,1968.4
/srv/shared_leopard_toad/2025/Documents/25.08-01.09.2025/3R/104MEDIA/DSCF0778.JPG,DSCF0778.JPG,3R/104MEDIA,2,Western_Leopard_Toad,0.2937,4751.8,1130.6,4976.4,1347.1
/srv/shared_leopard_toad/2025/Documents/25.08-01.09.2025/3R/104MEDIA/DSCF0883.JPG,DSCF0883.JPG,3R/104MEDIA,2,Western_Leopard_Toad,0.5396,886.6,1696.2,1065.1,1968.6
/srv/shared_leopard_toad/2025/Documents/25.08-01.09.2025/3R/104MEDIA/DSCF0791.JPG,DSCF0791.JPG,3R/104MEDIA,2,Western_Leopard_Toad,0.3157,4750.4,1121.2,4972.6,1347.6
/srv/shared_leopard_toad/2025/Documents/25.08-01.09.2025/3R/104MEDIA/DSCF0558.JPG,DSCF0558.JPG,3R/104MEDIA,2,Western_Leopard_Toad,0.2522,4752.8,1121.7,4985.9,1347.1
/srv/shared_leopard_toad/2025/Documents/25.08-01.09.2025/3R/104MEDIA/DSCF0826.JPG,DSCF0826.JPG,3R/104MEDIA,2,Western_Leopard_Toad,0.6694,4754.1,1133.2,4974.1,1348.9
/srv/shared_leopard_toad/2025/Documents/25.08-01.09.2025/3R/104MEDIA/DSCF0278.JPG,DSCF0278.JPG,3R/104MEDIA,2,Western_Leopard_Toad,0.5967,886.1,1702.4,1065.6,1962.4
/srv/shared_leopard_toad/2025/Documents/25.08-01.09.2025/3R/104MEDIA/DSCF0625.JPG,DSCF0625.JPG,3R/104MEDIA,2,Western_Leopard_Toad,0.5645,4758.4,1134.2,4975.1,1346.4
/srv/shared_leopard_toad/2025/Documents/25.08-01.09.2025/3R/104MEDIA/DSCF0645.JPG,DSCF0645.JPG,3R/104MEDIA,2,Western_Leopard_Toad,0.5366,4751.5,1124.3,4982.0,1350.4
/srv/shared_leopard_toad/2025/Documents/25.08-01.09.2025/3R/104MEDIA/DSCF0216.JPG,DSCF0216.JPG,3R/104MEDIA,2,Western_Leopard_Toad,0.6445,885.4,1702.9,1064.9,1967.8
/srv/shared_leopard_toad/2025/Documents/25.08-01.09.2025/3R/104MEDIA/DSCF0463.JPG,DSCF0463.JPG,3R/104MEDIA,2,Western_Leopard_Toad,0.2937,884.9,1704.0,1066.8,1969.7
/srv/shared_leopard_toad/2025/Documents/25.08-01.09.2025/3R/104MEDIA/DSCF0463.JPG,DSCF0463.JPG,3R/104MEDIA,2,Western_Leopard_Toad,0.2546,4755.2,1130.8,4983.6,1348.4
/srv/shared_leopard_toad/2025/Documents/25.08-01.09.2025/3R/104MEDIA/DSCF0327.JPG,DSCF0327.JPG,3R/104MEDIA,2,Western_Leopard_Toad,0.6069,886.3,1704.0,1065.4,1963.7
/srv/shared_leopard_toad/2025/Documents/25.08-01.09.2025/3R/104MEDIA/DSCF0909.JPG,DSCF0909.JPG,3R/104MEDIA,2,Western_Leopard_Toad,0.2749,4752.6,1136.7,4970.4,1345.4
/srv/shared_leopard_toad/2025/Documents/25.08-01.09.2025/3R/104MEDIA/DSCF0909.JPG,DSCF0909.JPG,3R/104MEDIA,0,Other_Amphibian,0.2334,5173.6,0.4,5373.6,110.3
/srv/shared_leopard_toad/2025/Documents/25.08-01.09.2025/3R/104MEDIA/DSCF0605.JPG,DSCF0605.JPG,3R/104MEDIA,2,Western_Leopard_Toad,0.5752,4756.7,1129.9,4976.8,1349.2
/srv/shared_leopard_toad/2025/Documents/25.08-01.09.2025/3R/104MEDIA/DSCF0605.JPG,DSCF0605.JPG,3R/104MEDIA,2,Western_Leopard_Toad,0.2749,888.3,1702.0,1068.6,1959.9
/srv/shared_leopard_toad/2025/Documents/25.08-01.09.2025/3R/104MEDIA/DSCF0314.JPG,DSCF0314.JPG,3R/104MEDIA,2,Western_Leopard_Toad,0.8447,884.7,1704.2,1067.0,1969.5
/srv/shared_leopard_toad/2025/Documents/25.08-01.09.2025/3R/104MEDIA/DSCF0222.JPG,DSCF0222.JPG,3R/104MEDIA,2,Western_Leopard_Toad,0.5103,885.4,1698.1,1066.3,1966.7
/srv/shared_leopard_toad/2025/Documents/25.08-01.09.2025/3R/104MEDIA/DSCF0593.JPG,DSCF0593.JPG,3R/104MEDIA,2,Western_Leopard_Toad,0.7002,4753.0,1124.7,4980.5,1350.0
/srv/shared_leopard_toad/2025/Documents/25.08-01.09.2025/3R/104MEDIA/DSCF0588.JPG,DSCF0588.JPG,3R/104MEDIA,2,Western_Leopard_Toad,0.3345,4754.0,1125.5,4979.5,1349.2
/srv/shared_leopard_toad/2025/Documents/25.08-01.09.2025/3R/104MEDIA/DSCF0619.JPG,DSCF0619.JPG,3R/104MEDIA,2,Western_Leopard_Toad,0.3164,888.2,1703.3,1067.4,1979.2
/srv/shared_leopard_toad/2025/Documents/25.08-01.09.2025/3R/104MEDIA/DSCF0824.JPG,DSCF0824.JPG,3R/104MEDIA,2,Western_Leopard_Toad,0.5029,4754.4,1128.9,4979.1,1345.8
/srv/shared_leopard_toad/2025/Documents/25.08-01.09.2025/3R/104MEDIA/DSCF0916.JPG,DSCF0916.JPG,3R/104MEDIA,0,Other_Amphibian,0.2335,5156.8,0.9,5374.7,124.7
/srv/shared_leopard_toad/2025/Documents/25.08-01.09.2025/3R/104MEDIA/DSCF0685.JPG,DSCF0685.JPG,3R/104MEDIA,2,Western_Leopard_Toad,0.4255,4754.0,1131.7,4974.3,1347.5
/srv/shared_leopard_toad/2025/Documents/25.08-01.09.2025/3R/104MEDIA/DSCF0685.JPG,DSCF0685.JPG,3R/104MEDIA,0,Other_Amphibian,0.2494,5236.2,-4.2,5379.3,75.5
/srv/shared_leopard_toad/2025/Documents/25.08-01.09.2025/3R/104MEDIA/DSCF0209.JPG,DSCF0209.JPG,3R/104MEDIA,2,Western_Leopard_Toad,0.2747,886.1,1707.5,1065.6,1966.2
/srv/shared_leopard_toad/2025/Documents/25.08-01.09.2025/3R/104MEDIA/DSCF0550.JPG,DSCF0550.JPG,3R/104MEDIA,2,Western_Leopard_Toad,0.5586,4752.2,1120.5,4981.3,1345.3
/srv/shared_leopard_toad/2025/Documents/25.08-01.09.2025/3R/104MEDIA/DSCF0612.JPG,DSCF0612.JPG,3R/104MEDIA,2,Western_Leopard_Toad,0.4302,4753.6,1132.6,4979.9,1348.0
/srv/shared_leopard_toad/2025/Documents/25.08-01.09.2025/3R/104MEDIA/DSCF0612.JPG,DSCF0612.JPG,3R/104MEDIA,2,Western_Leopard_Toad,0.3604,886.3,1703.8,1065.4,1961.1
/srv/shared_leopard_toad/2025/Documents/25.08-01.09.2025/3R/104MEDIA/DSCF0633.JPG,DSCF0633.JPG,3R/104MEDIA,2,Western_Leopard_Toad,0.2954,4755.1,1124.5,4978.4,1350.2
/srv/shared_leopard_toad/2025/Documents/25.08-01.09.2025/3R/104MEDIA/DSCF0626.JPG,DSCF0626.JPG,3R/104MEDIA,2,Western_Leopard_Toad,0.4448,4750.2,1125.7,4983.3,1349.0
/srv/shared_leopard_toad/2025/Documents/25.08-01.09.2025/3R/104MEDIA/DSCF0240.JPG,DSCF0240.JPG,3R/104MEDIA,2,Western_Leopard_Toad,0.4204,888.7,1701.5,1066.9,1963.4
/srv/shared_leopard_toad/2025/Documents/25.08-01.09.2025/3R/104MEDIA/DSCF0302.JPG,DSCF0302.JPG,3R/104MEDIA,2,Western_Leopard_Toad,0.6079,889.1,1701.0,1066.6,1963.8
/srv/shared_leopard_toad/2025/Documents/25.08-01.09.2025/3R/104MEDIA/DSCF0232.JPG,DSCF0232.JPG,3R/104MEDIA,2,Western_Leopard_Toad,0.2976,887.7,1698.9,1068.0,1968.9
/srv/shared_leopard_toad/2025/Documents/25.08-01.09.2025/3R/104MEDIA/DSCF0545.JPG,DSCF0545.JPG,3R/104MEDIA,2,Western_Leopard_Toad,0.3513,885.9,1704.0,1065.8,1963.7
/srv/shared_leopard_toad/2025/Documents/25.08-01.09.2025/3R/104MEDIA/DSCF0267.JPG,DSCF0267.JPG,3R/104MEDIA,2,Western_Leopard_Toad,0.5337,885.2,1701.3,1066.5,1966.5
/srv/shared_leopard_toad/2025/Documents/25.08-01.09.2025/3R/104MEDIA/DSCF0267.JPG,DSCF0267.JPG,3R/104MEDIA,2,Western_Leopard_Toad,0.2590,4760.0,1132.6,4973.5,1349.5
/srv/shared_leopard_toad/2025/Documents/25.08-01.09.2025/3R/104MEDIA/DSCF0510.JPG,DSCF0510.JPG,3R/104MEDIA,2,Western_Leopard_Toad,0.3772,4755.3,1129.5,4978.2,1345.2
/srv/shared_leopard_toad/2025/Documents/25.08-01.09.2025/3R/104MEDIA/DSCF0510.JPG,DSCF0510.JPG,3R/104MEDIA,2,Western_Leopard_Toad,0.2900,885.5,1702.2,1066.2,1965.6
/srv/shared_leopard_toad/2025/Documents/25.08-01.09.2025/3R/104MEDIA/DSCF0643.JPG,DSCF0643.JPG,3R/104MEDIA,2,Western_Leopard_Toad,0.2888,4752.6,1122.6,4986.2,1346.3
/srv/shared_leopard_toad/2025/Documents/25.08-01.09.2025/3R/104MEDIA/DSCF0323.JPG,DSCF0323.JPG,3R/104MEDIA,2,Western_Leopard_Toad,0.3655,884.7,1700.5,1067.0,1967.2
/srv/shared_leopard_toad/2025/Documents/25.08-01.09.2025/3R/104MEDIA/DSCF0277.JPG,DSCF0277.JPG,3R/104MEDIA,2,Western_Leopard_Toad,0.5186,889.4,1701.5,1067.6,1963.4
/srv/shared_leopard_toad/2025/Documents/25.08-01.09.2025/3R/104MEDIA/DSCF0996.JPG,DSCF0996.JPG,3R/104MEDIA,2,Western_Leopard_Toad,0.6260,4754.1,1139.6,4968.9,1348.4
/srv/shared_leopard_toad/2025/Documents/25.08-01.09.2025/3R/104MEDIA/DSCF0610.JPG,DSCF0610.JPG,3R/104MEDIA,2,Western_Leopard_Toad,0.3008,4756.0,1128.7,4982.7,1350.4
/srv/shared_leopard_toad/2025/Documents/25.08-01.09.2025/3R/104MEDIA/DSCF0708.JPG,DSCF0708.JPG,3R/104MEDIA,2,Western_Leopard_Toad,0.3398,887.5,1700.3,1069.4,1955.7
/srv/shared_leopard_toad/2025/Documents/25.08-01.09.2025/3R/104MEDIA/DSCF0408.JPG,DSCF0408.JPG,3R/104MEDIA,2,Western_Leopard_Toad,0.2944,884.4,1703.7,1066.0,1967.1
/srv/shared_leopard_toad/2025/Documents/25.08-01.09.2025/3R/104MEDIA/DSCF0469.JPG,DSCF0469.JPG,3R/104MEDIA,2,Western_Leopard_Toad,0.5215,885.0,1706.1,1066.7,1967.6
/srv/shared_leopard_toad/2025/Documents/25.08-01.09.2025/3R/104MEDIA/DSCF0214.JPG,DSCF0214.JPG,3R/104MEDIA,2,Western_Leopard_Toad,0.7886,885.0,1701.4,1066.7,1960.5
/srv/shared_leopard_toad/2025/Documents/25.08-01.09.2025/3R/104MEDIA/DSCF0915.JPG,DSCF0915.JPG,3R/104MEDIA,2,Western_Leopard_Toad,0.6016,4759.4,1131.4,4974.1,1343.3
/srv/shared_leopard_toad/2025/Documents/25.08-01.09.2025/3R/104MEDIA/DSCF0627.JPG,DSCF0627.JPG,3R/104MEDIA,2,Western_Leopard_Toad,0.4536,4751.7,1129.0,4981.8,1348.7
/srv/shared_leopard_toad/2025/Documents/25.08-01.09.2025/3R/104MEDIA/DSCF0627.JPG,DSCF0627.JPG,3R/104MEDIA,2,Western_Leopard_Toad,0.3169,888.6,1700.7,1067.1,1964.1
/srv/shared_leopard_toad/2025/Documents/25.08-01.09.2025/3R/104MEDIA/DSCF0420.JPG,DSCF0420.JPG,3R/104MEDIA,2,Western_Leopard_Toad,0.5142,885.5,1700.4,1066.2,1958.6
/srv/shared_leopard_toad/2025/Documents/25.08-01.09.2025/3R/104MEDIA/DSCF0398.JPG,DSCF0398.JPG,3R/104MEDIA,2,Western_Leopard_Toad,0.3308,885.9,1706.1,1065.8,1967.6
/srv/shared_leopard_toad/2025/Documents/25.08-01.09.2025/3R/104MEDIA/DSCF0618.JPG,DSCF0618.JPG,3R/104MEDIA,2,Western_Leopard_Toad,0.5723,4756.7,1131.9,4976.8,1347.3
/srv/shared_leopard_toad/2025/Documents/25.08-01.09.2025/3R/104MEDIA/DSCF0618.JPG,DSCF0618.JPG,3R/104MEDIA,2,Western_Leopard_Toad,0.3354,889.9,1683.2,1073.6,1955.1
/srv/shared_leopard_toad/2025/Documents/25.08-01.09.2025/3R/104MEDIA/DSCF0584.JPG,DSCF0584.JPG,3R/104MEDIA,2,Western_Leopard_Toad,0.6284,4753.7,1119.0,4985.0,1343.9
/srv/shared_leopard_toad/2025/Documents/25.08-01.09.2025/3R/104MEDIA/DSCF0584.JPG,DSCF0584.JPG,3R/104MEDIA,2,Western_Leopard_Toad,0.2734,884.7,1701.9,1065.7,1957.0
/srv/shared_leopard_toad/2025/Documents/25.08-01.09.2025/3R/104MEDIA/DSCF0263.JPG,DSCF0263.JPG,3R/104MEDIA,2,Western_Leopard_Toad,0.8394,884.5,1702.7,1067.1,1965.1
/srv/shared_leopard_toad/2025/Documents/25.08-01.09.2025/3R/104MEDIA/DSCF0586.JPG,DSCF0586.JPG,3R/104MEDIA,2,Western_Leopard_Toad,0.5454,4754.8,1122.6,4984.0,1349.1
/srv/shared_leopard_toad/2025/Documents/25.08-01.09.2025/3R/104MEDIA/DSCF0828.JPG,DSCF0828.JPG,3R/104MEDIA,2,Western_Leopard_Toad,0.4504,887.7,1698.9,1068.0,1968.9
/srv/shared_leopard_toad/2025/Documents/25.08-01.09.2025/3R/104MEDIA/DSCF0555.JPG,DSCF0555.JPG,3R/104MEDIA,2,Western_Leopard_Toad,0.5913,4755.7,1125.9,4977.8,1345.9
/srv/shared_leopard_toad/2025/Documents/25.08-01.09.2025/3R/104MEDIA/DSCF0555.JPG,DSCF0555.JPG,3R/104MEDIA,2,Western_Leopard_Toad,0.2764,885.2,1702.3,1066.5,1968.4
/srv/shared_leopard_toad/2025/Documents/25.08-01.09.2025/3R/104MEDIA/DSCF0229.JPG,DSCF0229.JPG,3R/104MEDIA,2,Western_Leopard_Toad,0.4912,885.2,1705.4,1066.5,1962.4
/srv/shared_leopard_toad/2025/Documents/25.08-01.09.2025/3R/104MEDIA/DSCF0657.JPG,DSCF0657.JPG,3R/104MEDIA,2,Western_Leopard_Toad,0.4829,4753.7,1126.9,4985.0,1347.8
/srv/shared_leopard_toad/2025/Documents/25.08-01.09.2025/3R/104MEDIA/DSCF0563.JPG,DSCF0563.JPG,3R/104MEDIA,2,Western_Leopard_Toad,0.6064,887.5,1700.0,1068.1,1964.8
/srv/shared_leopard_toad/2025/Documents/25.08-01.09.2025/3R/104MEDIA/DSCF0563.JPG,DSCF0563.JPG,3R/104MEDIA,2,Western_Leopard_Toad,0.3955,4752.8,1130.1,4980.7,1349.0
/srv/shared_leopard_toad/2025/Documents/25.08-01.09.2025/3R/104MEDIA/DSCF0283.JPG,DSCF0283.JPG,3R/104MEDIA,2,Western_Leopard_Toad,0.5371,886.4,1699.1,1065.3,1965.8
/srv/shared_leopard_toad/2025/Documents/25.08-01.09.2025/3R/104MEDIA/DSCF0470.JPG,DSCF0470.JPG,3R/104MEDIA,2,Western_Leopard_Toad,0.7114,887.0,1698.3,1069.9,1963.6
/srv/shared_leopard_toad/2025/Documents/25.08-01.09.2025/3R/104MEDIA/DSCF0406.JPG,DSCF0406.JPG,3R/104MEDIA,2,Western_Leopard_Toad,0.5054,884.7,1701.7,1067.0,1966.0
/srv/shared_leopard_toad/2025/Documents/25.08-01.09.2025/3R/104MEDIA/DSCF0265.JPG,DSCF0265.JPG,3R/104MEDIA,2,Western_Leopard_Toad,0.6235,886.8,1702.8,1070.1,1968.0
/srv/shared_leopard_toad/2025/Documents/25.08-01.09.2025/3R/104MEDIA/DSCF0389.JPG,DSCF0389.JPG,3R/104MEDIA,2,Western_Leopard_Toad,0.4448,888.3,1702.0,1069.9,1959.9
/srv/shared_leopard_toad/2025/Documents/25.08-01.09.2025/3R/104MEDIA/DSCF0389.JPG,DSCF0389.JPG,3R/104MEDIA,0,Other_Amphibian,0.2996,459.0,63.9,530.6,151.5
/srv/shared_leopard_toad/2025/Documents/25.08-01.09.2025/3R/104MEDIA/DSCF0379.JPG,DSCF0379.JPG,3R/104MEDIA,2,Western_Leopard_Toad,0.2690,886.8,1698.7,1068.8,1972.0
/srv/shared_leopard_toad/2025/Documents/25.08-01.09.2025/3R/104MEDIA/DSCF0395.JPG,DSCF0395.JPG,3R/104MEDIA,2,Western_Leopard_Toad,0.4070,888.0,1699.8,1068.9,1956.2
/srv/shared_leopard_toad/2025/Documents/25.08-01.09.2025/3R/104MEDIA/DSCF0570.JPG,DSCF0570.JPG,3R/104MEDIA,2,Western_Leopard_Toad,0.2810,4755.6,1125.7,4983.2,1349.0
/srv/shared_leopard_toad/2025/Documents/25.08-01.09.2025/3R/104MEDIA/DSCF0999.JPG,DSCF0999.JPG,3R/104MEDIA,2,Western_Leopard_Toad,0.4465,4756.2,1137.2,4972.1,1343.4
/srv/shared_leopard_toad/2025/Documents/25.08-01.09.2025/3R/104MEDIA/DSCF0289.JPG,DSCF0289.JPG,3R/104MEDIA,2,Western_Leopard_Toad,0.4690,887.7,1702.9,1068.0,1964.8
/srv/shared_leopard_toad/2025/Documents/25.08-01.09.2025/3R/104MEDIA/DSCF0440.JPG,DSCF0440.JPG,3R/104MEDIA,2,Western_Leopard_Toad,0.2908,888.3,1704.5,1068.6,1963.3
/srv/shared_leopard_toad/2025/Documents/25.08-01.09.2025/3R/104MEDIA/DSCF0375.JPG,DSCF0375.JPG,3R/104MEDIA,2,Western_Leopard_Toad,0.5264,885.2,1704.0,1066.5,1963.7
/srv/shared_leopard_toad/2025/Documents/25.08-01.09.2025/3R/104MEDIA/DSCF0929.JPG,DSCF0929.JPG,3R/104MEDIA,2,Western_Leopard_Toad,0.3499,4754.0,1143.0,4969.0,1349.5
/srv/shared_leopard_toad/2025/Documents/25.08-01.09.2025/3R/104MEDIA/DSCF0337.JPG,DSCF0337.JPG,3R/104MEDIA,2,Western_Leopard_Toad,0.9292,149.9,1362.2,366.6,1620.4
/srv/shared_leopard_toad/2025/Documents/25.08-01.09.2025/3R/104MEDIA/DSCF0337.JPG,DSCF0337.JPG,3R/104MEDIA,0,Other_Amphibian,0.3447,149.9,1362.2,366.6,1620.4
/srv/shared_leopard_toad/2025/Documents/25.08-01.09.2025/3R/104MEDIA/DSCF0639.JPG,DSCF0639.JPG,3R/104MEDIA,2,Western_Leopard_Toad,0.5259,4751.9,1122.6,4981.6,1346.3
/srv/shared_leopard_toad/2025/Documents/25.08-01.09.2025/3R/104MEDIA/DSCF0275.JPG,DSCF0275.JPG,3R/104MEDIA,2,Western_Leopard_Toad,0.5972,884.7,1698.3,1067.0,1966.5
/srv/shared_leopard_toad/2025/Documents/25.08-01.09.2025/3R/104MEDIA/DSCF0245.JPG,DSCF0245.JPG,3R/104MEDIA,2,Western_Leopard_Toad,0.4368,886.4,1701.7,1065.3,1966.0
/srv/shared_leopard_toad/2025/Documents/25.08-01.09.2025/3R/104MEDIA/DSCF0603.JPG,DSCF0603.JPG,3R/104MEDIA,2,Western_Leopard_Toad,0.3035,4753.1,1119.9,4985.7,1348.9
/srv/shared_leopard_toad/2025/Documents/25.08-01.09.2025/3R/104MEDIA/DSCF0492.JPG,DSCF0492.JPG,3R/104MEDIA,2,Western_Leopard_Toad,0.5659,887.3,1704.4,1068.3,1966.3
/srv/shared_leopard_toad/2025/Documents/25.08-01.09.2025/3R/104MEDIA/DSCF0492.JPG,DSCF0492.JPG,3R/104MEDIA,2,Western_Leopard_Toad,0.2690,4756.7,1123.2,4982.1,1345.6
/srv/shared_leopard_toad/2025/Documents/25.08-01.09.2025/3R/104MEDIA/DSCF0530.JPG,DSCF0530.JPG,3R/104MEDIA,2,Western_Leopard_Toad,0.6265,4753.7,1124.5,4985.0,1347.3
/srv/shared_leopard_toad/2025/Documents/25.08-01.09.2025/3R/104MEDIA/DSCF0654.JPG,DSCF0654.JPG,3R/104MEDIA,2,Western_Leopard_Toad,0.6001,4754.9,1129.0,4978.6,1348.7
/srv/shared_leopard_toad/2025/Documents/25.08-01.09.2025/3R/104MEDIA/DSCF0887.JPG,DSCF0887.JPG,3R/104MEDIA,2,Western_Leopard_Toad,0.2573,4752.2,1131.0,4976.0,1346.7
/srv/shared_leopard_toad/2025/Documents/25.08-01.09.2025/3R/104MEDIA/DSCF0457.JPG,DSCF0457.JPG,3R/104MEDIA,2,Western_Leopard_Toad,0.4602,888.5,1699.4,1068.5,1971.3
/srv/shared_leopard_toad/2025/Documents/25.08-01.09.2025/3R/104MEDIA/DSCF0456.JPG,DSCF0456.JPG,3R/104MEDIA,2,Western_Leopard_Toad,0.7104,886.5,1699.5,1069.1,1962.4
/srv/shared_leopard_toad/2025/Documents/25.08-01.09.2025/3R/104MEDIA/DSCF0456.JPG,DSCF0456.JPG,3R/104MEDIA,2,Western_Leopard_Toad,0.2573,4756.4,1135.8,4982.3,1349.2
/srv/shared_leopard_toad/2025/Documents/25.08-01.09.2025/3R/104MEDIA/DSCF0249.JPG,DSCF0249.JPG,3R/104MEDIA,2,Western_Leopard_Toad,0.4231,886.1,1699.2,1065.6,1968.6
/srv/shared_leopard_toad/2025/Documents/25.08-01.09.2025/3R/104MEDIA/DSCF0355.JPG,DSCF0355.JPG,3R/104MEDIA,2,Western_Leopard_Toad,0.4983,885.2,1698.3,1066.5,1966.5
/srv/shared_leopard_toad/2025/Documents/25.08-01.09.2025/3R/104MEDIA/DSCF0682.JPG,DSCF0682.JPG,3R/104MEDIA,2,Western_Leopard_Toad,0.3096,4754.8,1137.6,4973.5,1344.5
/srv/shared_leopard_toad/2025/Documents/25.08-01.09.2025/3R/104MEDIA/DSCF0535.JPG,DSCF0535.JPG,3R/104MEDIA,2,Western_Leopard_Toad,0.5923,4754.0,1125.6,4979.5,1343.2
/srv/shared_leopard_toad/2025/Documents/25.08-01.09.2025/3R/104MEDIA/DSCF0535.JPG,DSCF0535.JPG,3R/104MEDIA,2,Western_Leopard_Toad,0.3386,888.1,1699.0,1067.6,1962.9
/srv/shared_leopard_toad/2025/Documents/25.08-01.09.2025/3R/104MEDIA/DSCF0285.JPG,DSCF0285.JPG,3R/104MEDIA,2,Western_Leopard_Toad,0.5688,887.6,1702.1,1064.1,1962.7
/srv/shared_leopard_toad/2025/Documents/25.08-01.09.2025/3R/104MEDIA/DSCF0285.JPG,DSCF0285.JPG,3R/104MEDIA,2,Western_Leopard_Toad,0.3110,4760.6,1128.1,4978.1,1346.6
/srv/shared_leopard_toad/2025/Documents/25.08-01.09.2025/3R/104MEDIA/DSCF0517.JPG,DSCF0517.JPG,3R/104MEDIA,2,Western_Leopard_Toad,0.5298,4753.4,1131.4,4980.1,1346.3
/srv/shared_leopard_toad/2025/Documents/25.08-01.09.2025/3R/104MEDIA/DSCF0517.JPG,DSCF0517.JPG,3R/104MEDIA,2,Western_Leopard_Toad,0.2786,888.2,1703.5,1067.4,1961.3
/srv/shared_leopard_toad/2025/Documents/25.08-01.09.2025/3R/104MEDIA/DSCF0281.JPG,DSCF0281.JPG,3R/104MEDIA,2,Western_Leopard_Toad,0.3113,885.7,1702.8,1066.0,1968.0
/srv/shared_leopard_toad/2025/Documents/25.08-01.09.2025/3R/104MEDIA/DSCF0614.JPG,DSCF0614.JPG,3R/104MEDIA,2,Western_Leopard_Toad,0.5752,4751.1,1122.6,4987.7,1346.3
/srv/shared_leopard_toad/2025/Documents/25.08-01.09.2025/3R/104MEDIA/DSCF0674.JPG,DSCF0674.JPG,3R/104MEDIA,2,Western_Leopard_Toad,0.3950,4754.8,1138.7,4973.5,1349.3
/srv/shared_leopard_toad/2025/Documents/25.08-01.09.2025/3R/104MEDIA/DSCF0673.JPG,DSCF0673.JPG,3R/104MEDIA,2,Western_Leopard_Toad,0.5635,4752.5,1130.2,4975.8,1347.5
/srv/shared_leopard_toad/2025/Documents/25.08-01.09.2025/3R/104MEDIA/DSCF0255.JPG,DSCF0255.JPG,3R/104MEDIA,2,Western_Leopard_Toad,0.4019,890.5,1703.9,1066.4,1963.9
/srv/shared_leopard_toad/2025/Documents/25.08-01.09.2025/3R/104MEDIA/DSCF0477.JPG,DSCF0477.JPG,3R/104MEDIA,2,Western_Leopard_Toad,0.5654,888.7,1703.5,1068.2,1961.3
/srv/shared_leopard_toad/2025/Documents/25.08-01.09.2025/3R/104MEDIA/DSCF0441.JPG,DSCF0441.JPG,3R/104MEDIA,2,Western_Leopard_Toad,0.6450,885.3,1701.0,1063.8,1966.8
/srv/shared_leopard_toad/2025/Documents/25.08-01.09.2025/3R/104MEDIA/DSCF0441.JPG,DSCF0441.JPG,3R/104MEDIA,2,Western_Leopard_Toad,0.5898,4758.1,1130.9,4980.6,1343.9
/srv/shared_leopard_toad/2025/Documents/25.08-01.09.2025/3R/104MEDIA/DSCF0475.JPG,DSCF0475.JPG,3R/104MEDIA,2,Western_Leopard_Toad,0.5962,4753.0,1133.4,4980.5,1341.4
/srv/shared_leopard_toad/2025/Documents/25.08-01.09.2025/3R/104MEDIA/DSCF0219.JPG,DSCF0219.JPG,3R/104MEDIA,2,Western_Leopard_Toad,0.7944,885.2,1701.9,1065.2,1962.9
/srv/shared_leopard_toad/2025/Documents/25.08-01.09.2025/3R/104MEDIA/DSCF0480.JPG,DSCF0480.JPG,3R/104MEDIA,2,Western_Leopard_Toad,0.7949,4754.9,1130.7,4978.6,1344.0
/srv/shared_leopard_toad/2025/Documents/25.08-01.09.2025/3R/104MEDIA/DSCF0330.JPG,DSCF0330.JPG,3R/104MEDIA,2,Western_Leopard_Toad,0.4822,4758.2,1127.8,4975.3,1354.3
/srv/shared_leopard_toad/2025/Documents/25.08-01.09.2025/3R/104MEDIA/DSCF0428.JPG,DSCF0428.JPG,3R/104MEDIA,2,Western_Leopard_Toad,0.5684,883.5,1699.8,1068.2,1965.0
/srv/shared_leopard_toad/2025/Documents/25.08-01.09.2025/3R/104MEDIA/DSCF0684.JPG,DSCF0684.JPG,3R/104MEDIA,2,Western_Leopard_Toad,0.3269,4756.7,1140.6,4966.3,1347.5
/srv/shared_leopard_toad/2025/Documents/25.08-01.09.2025/3R/104MEDIA/DSCF0684.JPG,DSCF0684.JPG,3R/104MEDIA,0,Other_Amphibian,0.2847,5188.2,0.3,5374.8,102.8
/srv/shared_leopard_toad/2025/Documents/25.08-01.09.2025/3R/104MEDIA/DSCF0546.JPG,DSCF0546.JPG,3R/104MEDIA,2,Western_Leopard_Toad,0.2666,884.9,1701.5,1066.8,1966.3
/srv/shared_leopard_toad/2025/Documents/25.08-01.09.2025/3R/104MEDIA/DSCF0296.JPG,DSCF0296.JPG,3R/104MEDIA,2,Western_Leopard_Toad,0.4980,888.1,1699.9,1067.6,1959.0
/srv/shared_leopard_toad/2025/Documents/25.08-01.09.2025/3R/104MEDIA/DSCF0743.JPG,DSCF0743.JPG,3R/104MEDIA,2,Western_Leopard_Toad,0.2642,887.7,1697.5,1069.3,1958.5
/srv/shared_leopard_toad/2025/Documents/25.08-01.09.2025/3R/104MEDIA/DSCF0028.JPG,DSCF0028.JPG,3R/104MEDIA,0,Other_Amphibian,0.3357,884.3,746.2,1046.4,886.9
/srv/shared_leopard_toad/2025/Documents/25.08-01.09.2025/3R/104MEDIA/DSCF0437.JPG,DSCF0437.JPG,3R/104MEDIA,2,Western_Leopard_Toad,0.4231,4755.4,1125.0,4983.3,1343.9
/srv/shared_leopard_toad/2025/Documents/25.08-01.09.2025/3R/104MEDIA/DSCF0598.JPG,DSCF0598.JPG,3R/104MEDIA,2,Western_Leopard_Toad,0.5122,4755.4,1123.9,4983.3,1344.9
/srv/shared_leopard_toad/2025/Documents/25.08-01.09.2025/3R/104MEDIA/DSCF0306.JPG,DSCF0306.JPG,3R/104MEDIA,2,Western_Leopard_Toad,0.7729,883.3,1702.9,1067.1,1964.8
/srv/shared_leopard_toad/2025/Documents/25.08-01.09.2025/3R/104MEDIA/DSCF0473.JPG,DSCF0473.JPG,3R/104MEDIA,2,Western_Leopard_Toad,0.2966,885.0,1707.4,1066.7,1963.4
/srv/shared_leopard_toad/2025/Documents/25.08-01.09.2025/3R/104MEDIA/DSCF0498.JPG,DSCF0498.JPG,3R/104MEDIA,2,Western_Leopard_Toad,0.5239,887.2,1705.6,1068.5,1959.2
/srv/shared_leopard_toad/2025/Documents/25.08-01.09.2025/3R/104MEDIA/DSCF0498.JPG,DSCF0498.JPG,3R/104MEDIA,2,Western_Leopard_Toad,0.2629,4757.2,1121.2,4986.8,1347.6
/srv/shared_leopard_toad/2025/Documents/25.08-01.09.2025/3R/104MEDIA/DSCF0928.JPG,DSCF0928.JPG,3R/104MEDIA,2,Western_Leopard_Toad,0.5586,4754.8,1139.4,4973.5,1353.1
/srv/shared_leopard_toad/2025/Documents/25.08-01.09.2025/3R/104MEDIA/DSCF0413.JPG,DSCF0413.JPG,3R/104MEDIA,2,Western_Leopard_Toad,0.4709,887.8,1698.3,1070.4,1963.6
/srv/shared_leopard_toad/2025/Documents/25.08-01.09.2025/3R/104MEDIA/DSCF0438.JPG,DSCF0438.JPG,3R/104MEDIA,2,Western_Leopard_Toad,0.6743,885.4,1701.3,1066.3,1966.5
/srv/shared_leopard_toad/2025/Documents/25.08-01.09.2025/3R/104MEDIA/DSCF0453.JPG,DSCF0453.JPG,3R/104MEDIA,2,Western_Leopard_Toad,0.4766,4753.2,1131.5,4980.3,1347.6
/srv/shared_leopard_toad/2025/Documents/25.08-01.09.2025/3R/104MEDIA/DSCF0291.JPG,DSCF0291.JPG,3R/104MEDIA,2,Western_Leopard_Toad,0.7485,887.8,1704.9,1069.1,1960.0
/srv/shared_leopard_toad/2025/Documents/25.08-01.09.2025/3R/104MEDIA/DSCF0397.JPG,DSCF0397.JPG,3R/104MEDIA,2,Western_Leopard_Toad,0.4868,885.7,1704.6,1066.0,1966.1
/srv/shared_leopard_toad/2025/Documents/25.08-01.09.2025/3R/104MEDIA/DSCF0300.JPG,DSCF0300.JPG,3R/104MEDIA,2,Western_Leopard_Toad,0.3679,886.1,1701.9,1065.6,1962.9
/srv/shared_leopard_toad/2025/Documents/25.08-01.09.2025/3R/104MEDIA/DSCF0569.JPG,DSCF0569.JPG,3R/104MEDIA,2,Western_Leopard_Toad,0.3721,4752.3,1129.8,4981.2,1347.8
/srv/shared_leopard_toad/2025/Documents/25.08-01.09.2025/3R/104MEDIA/DSCF0974.JPG,DSCF0974.JPG,3R/104MEDIA,2,Western_Leopard_Toad,0.2563,4758.6,1148.7,4969.7,1343.8
/srv/shared_leopard_toad/2025/Documents/25.08-01.09.2025/3R/104MEDIA/DSCF0204.JPG,DSCF0204.JPG,3R/104MEDIA,2,Western_Leopard_Toad,0.2888,888.7,1704.0,1066.9,1963.7
/srv/shared_leopard_toad/2025/Documents/25.08-01.09.2025/3R/104MEDIA/DSCF0831.JPG,DSCF0831.JPG,3R/104MEDIA,2,Western_Leopard_Toad,0.5283,886.4,1699.4,1065.3,1959.5
/srv/shared_leopard_toad/2025/Documents/25.08-01.09.2025/3R/104MEDIA/DSCF0831.JPG,DSCF0831.JPG,3R/104MEDIA,2,Western_Leopard_Toad,0.3054,4757.9,1127.4,4980.9,1347.4
/srv/shared_leopard_toad/2025/Documents/25.08-01.09.2025/3R/104MEDIA/DSCF0294.JPG,DSCF0294.JPG,3R/104MEDIA,2,Western_Leopard_Toad,0.7856,884.7,1700.4,1067.0,1964.4
/srv/shared_leopard_toad/2025/Documents/25.08-01.09.2025/3R/104MEDIA/DSCF0276.JPG,DSCF0276.JPG,3R/104MEDIA,2,Western_Leopard_Toad,0.3298,888.6,1700.0,1067.1,1961.9
/srv/shared_leopard_toad/2025/Documents/25.08-01.09.2025/3R/104MEDIA/DSCF0771.JPG,DSCF0771.JPG,3R/104MEDIA,2,Western_Leopard_Toad,0.4038,4755.1,1128.8,4978.4,1348.8
/srv/shared_leopard_toad/2025/Documents/25.08-01.09.2025/3R/104MEDIA/DSCF0552.JPG,DSCF0552.JPG,3R/104MEDIA,2,Western_Leopard_Toad,0.5107,4756.0,1123.0,4982.7,1345.8
/srv/shared_leopard_toad/2025/Documents/25.08-01.09.2025/3R/104MEDIA/DSCF0552.JPG,DSCF0552.JPG,3R/104MEDIA,2,Western_Leopard_Toad,0.3254,890.2,1700.8,1068.0,1967.0
/srv/shared_leopard_toad/2025/Documents/25.08-01.09.2025/3R/104MEDIA/DSCF0583.JPG,DSCF0583.JPG,3R/104MEDIA,2,Western_Leopard_Toad,0.5620,4753.3,1133.5,4974.9,1351.5
/srv/shared_leopard_toad/2025/Documents/25.08-01.09.2025/3R/104MEDIA/DSCF0583.JPG,DSCF0583.JPG,3R/104MEDIA,2,Western_Leopard_Toad,0.5098,886.6,1703.8,1065.1,1955.2
/srv/shared_leopard_toad/2025/Documents/25.08-01.09.2025/3R/104MEDIA/DSCF0452.JPG,DSCF0452.JPG,3R/104MEDIA,2,Western_Leopard_Toad,0.2756,4755.9,1129.5,4977.6,1345.2
/srv/shared_leopard_toad/2025/Documents/25.08-01.09.2025/3R/104MEDIA/DSCF0257.JPG,DSCF0257.JPG,3R/104MEDIA,2,Western_Leopard_Toad,0.2988,885.4,1705.5,1066.3,1965.2
/srv/shared_leopard_toad/2025/Documents/25.08-01.09.2025/3R/104MEDIA/DSCF0382.JPG,DSCF0382.JPG,3R/104MEDIA,2,Western_Leopard_Toad,0.2529,4759.4,1135.1,4974.1,1348.5
/srv/shared_leopard_toad/2025/Documents/25.08-01.09.2025/3R/104MEDIA/DSCF0467.JPG,DSCF0467.JPG,3R/104MEDIA,2,Western_Leopard_Toad,0.5361,4754.4,1128.6,4979.1,1346.2
/srv/shared_leopard_toad/2025/Documents/25.08-01.09.2025/3R/104MEDIA/DSCF0467.JPG,DSCF0467.JPG,3R/104MEDIA,2,Western_Leopard_Toad,0.3972,888.1,1705.9,1067.6,1967.8
/srv/shared_leopard_toad/2025/Documents/25.08-01.09.2025/3R/104MEDIA/DSCF0274.JPG,DSCF0274.JPG,3R/104MEDIA,2,Western_Leopard_Toad,0.4749,888.5,1704.7,1068.5,1969.0
/srv/shared_leopard_toad/2025/Documents/25.08-01.09.2025/3R/104MEDIA/DSCF0259.JPG,DSCF0259.JPG,3R/104MEDIA,2,Western_Leopard_Toad,0.4885,887.0,1698.9,1068.6,1966.0
/srv/shared_leopard_toad/2025/Documents/25.08-01.09.2025/3R/104MEDIA/DSCF0665.JPG,DSCF0665.JPG,3R/104MEDIA,2,Western_Leopard_Toad,0.5566,4757.6,1135.0,4975.9,1345.6
/srv/shared_leopard_toad/2025/Documents/25.08-01.09.2025/3R/104MEDIA/DSCF0496.JPG,DSCF0496.JPG,3R/104MEDIA,2,Western_Leopard_Toad,0.2642,4753.4,1125.9,4980.1,1345.9
/srv/shared_leopard_toad/2025/Documents/25.08-01.09.2025/3R/104MEDIA/DSCF0995.JPG,DSCF0995.JPG,3R/104MEDIA,2,Western_Leopard_Toad,0.3865,4758.4,1136.1,4969.9,1344.5
/srv/shared_leopard_toad/2025/Documents/25.08-01.09.2025/3R/104MEDIA/DSCF0269.JPG,DSCF0269.JPG,3R/104MEDIA,2,Western_Leopard_Toad,0.6582,884.5,1702.5,1065.8,1959.4
/srv/shared_leopard_toad/2025/Documents/25.08-01.09.2025/3R/104MEDIA/DSCF0434.JPG,DSCF0434.JPG,3R/104MEDIA,2,Western_Leopard_Toad,0.3416,4759.0,1131.0,4979.8,1346.7
/srv/shared_leopard_toad/2025/Documents/25.08-01.09.2025/3R/104MEDIA/DSCF0313.JPG,DSCF0313.JPG,3R/104MEDIA,2,Western_Leopard_Toad,0.4463,890.0,1703.2,1066.9,1967.5
/srv/shared_leopard_toad/2025/Documents/25.08-01.09.2025/3R/104MEDIA/DSCF0297.JPG,DSCF0297.JPG,3R/104MEDIA,2,Western_Leopard_Toad,0.8027,889.0,1700.5,1069.3,1958.4
/srv/shared_leopard_toad/2025/Documents/25.08-01.09.2025/3R/104MEDIA/DSCF0424.JPG,DSCF0424.JPG,3R/104MEDIA,2,Western_Leopard_Toad,0.3081,888.1,1696.6,1067.6,1962.4
/srv/shared_leopard_toad/2025/Documents/25.08-01.09.2025/3R/104MEDIA/DSCF0352.JPG,DSCF0352.JPG,3R/104MEDIA,2,Western_Leopard_Toad,0.4622,883.6,1699.8,1065.5,1965.0
/srv/shared_leopard_toad/2025/Documents/25.08-01.09.2025/3R/104MEDIA/DSCF0628.JPG,DSCF0628.JPG,3R/104MEDIA,2,Western_Leopard_Toad,0.7388,4753.4,1128.7,4980.1,1346.0
/srv/shared_leopard_toad/2025/Documents/25.08-01.09.2025/3R/104MEDIA/DSCF0547.JPG,DSCF0547.JPG,3R/104MEDIA,2,Western_Leopard_Toad,0.4412,887.1,1699.3,1064.6,1968.4
/srv/shared_leopard_toad/2025/Documents/25.08-01.09.2025/3R/104MEDIA/DSCF0547.JPG,DSCF0547.JPG,3R/104MEDIA,2,Western_Leopard_Toad,0.3481,4753.7,1123.2,4985.0,1345.6
/srv/shared_leopard_toad/2025/Documents/25.08-01.09.2025/3R/104MEDIA/DSCF0321.JPG,DSCF0321.JPG,3R/104MEDIA,2,Western_Leopard_Toad,0.5669,885.2,1701.5,1066.5,1966.3
/srv/shared_leopard_toad/2025/Documents/25.08-01.09.2025/3R/104MEDIA/DSCF0321.JPG,DSCF0321.JPG,3R/104MEDIA,2,Western_Leopard_Toad,0.3096,4757.5,1121.7,4981.3,1347.1
/srv/shared_leopard_toad/2025/Documents/25.08-01.09.2025/3R/104MEDIA/DSCF0919.JPG,DSCF0919.JPG,3R/104MEDIA,2,Western_Leopard_Toad,0.5981,4755.9,1140.2,4972.3,1344.9
/srv/shared_leopard_toad/2025/Documents/25.08-01.09.2025/3R/104MEDIA/DSCF0919.JPG,DSCF0919.JPG,3R/104MEDIA,0,Other_Amphibian,0.2172,5224.4,-4.1,5380.6,75.6
/srv/shared_leopard_toad/2025/Documents/25.08-01.09.2025/3R/104MEDIA/DSCF0578.JPG,DSCF0578.JPG,3R/104MEDIA,2,Western_Leopard_Toad,0.7441,4751.7,1131.5,4976.6,1347.6
/srv/shared_leopard_toad/2025/Documents/25.08-01.09.2025/3R/104MEDIA/DSCF0578.JPG,DSCF0578.JPG,3R/104MEDIA,2,Western_Leopard_Toad,0.3154,884.5,1703.5,1067.1,1961.3
/srv/shared_leopard_toad/2025/Documents/25.08-01.09.2025/3R/104MEDIA/DSCF0585.JPG,DSCF0585.JPG,3R/104MEDIA,2,Western_Leopard_Toad,0.3718,887.2,1698.1,1069.8,1957.8
/srv/shared_leopard_toad/2025/Documents/25.08-01.09.2025/3R/104MEDIA/DSCF0228.JPG,DSCF0228.JPG,3R/104MEDIA,2,Western_Leopard_Toad,0.2737,885.0,1698.5,1066.7,1960.4
/srv/shared_leopard_toad/2025/Documents/25.08-01.09.2025/3R/104MEDIA/DSCF0253.JPG,DSCF0253.JPG,3R/104MEDIA,2,Western_Leopard_Toad,0.3828,887.2,1698.0,1068.5,1969.8
/srv/shared_leopard_toad/2025/Documents/25.08-01.09.2025/3R/104MEDIA/DSCF0218.JPG,DSCF0218.JPG,3R/104MEDIA,2,Western_Leopard_Toad,0.5718,888.6,1701.6,1067.1,1963.2
/srv/shared_leopard_toad/2025/Documents/25.08-01.09.2025/3R/104MEDIA/DSCF0435.JPG,DSCF0435.JPG,3R/104MEDIA,2,Western_Leopard_Toad,0.6572,889.2,1701.6,1067.7,1960.3
/srv/shared_leopard_toad/2025/Documents/25.08-01.09.2025/3R/104MEDIA/DSCF0435.JPG,DSCF0435.JPG,3R/104MEDIA,2,Western_Leopard_Toad,0.3208,4752.6,1125.8,4986.2,1343.0
/srv/shared_leopard_toad/2025/Documents/25.08-01.09.2025/3R/104MEDIA/DSCF0680.JPG,DSCF0680.JPG,3R/104MEDIA,2,Western_Leopard_Toad,0.7227,4751.8,1132.6,4976.4,1349.5
/srv/shared_leopard_toad/2025/Documents/25.08-01.09.2025/3R/104MEDIA/DSCF0260.JPG,DSCF0260.JPG,3R/104MEDIA,2,Western_Leopard_Toad,0.2717,888.7,1702.9,1066.9,1967.8
/srv/shared_leopard_toad/2025/Documents/25.08-01.09.2025/3R/104MEDIA/DSCF0462.JPG,DSCF0462.JPG,3R/104MEDIA,2,Western_Leopard_Toad,0.3210,4759.4,1131.2,4979.4,1343.5
/srv/shared_leopard_toad/2025/Documents/25.08-01.09.2025/3R/104MEDIA/DSCF0522.JPG,DSCF0522.JPG,3R/104MEDIA,2,Western_Leopard_Toad,0.4797,887.3,1699.1,1068.3,1956.9
/srv/shared_leopard_toad/2025/Documents/25.08-01.09.2025/3R/104MEDIA/DSCF0641.JPG,DSCF0641.JPG,3R/104MEDIA,2,Western_Leopard_Toad,0.7607,4751.5,1126.5,4982.0,1348.2
/srv/shared_leopard_toad/2025/Documents/25.08-01.09.2025/3R/104MEDIA/DSCF0624.JPG,DSCF0624.JPG,3R/104MEDIA,2,Western_Leopard_Toad,0.3040,884.9,1701.0,1066.8,1957.9
/srv/shared_leopard_toad/2025/Documents/25.08-01.09.2025/3R/104MEDIA/DSCF0624.JPG,DSCF0624.JPG,3R/104MEDIA,2,Western_Leopard_Toad,0.2605,4754.8,1128.7,4984.0,1350.4
/srv/shared_leopard_toad/2025/Documents/25.08-01.09.2025/3R/104MEDIA/DSCF0561.JPG,DSCF0561.JPG,3R/104MEDIA,2,Western_Leopard_Toad,0.7754,886.6,1699.5,1070.3,1962.4
/srv/shared_leopard_toad/2025/Documents/25.08-01.09.2025/3R/104MEDIA/DSCF0616.JPG,DSCF0616.JPG,3R/104MEDIA,2,Western_Leopard_Toad,0.2830,887.5,1650.4,1085.2,1964.2
/srv/shared_leopard_toad/2025/Documents/25.08-01.09.2025/3R/104MEDIA/DSCF0616.JPG,DSCF0616.JPG,3R/104MEDIA,2,Western_Leopard_Toad,0.2720,886.9,1661.6,1080.5,1961.9
/srv/shared_leopard_toad/2025/Documents/25.08-01.09.2025/3R/104MEDIA/DSCF0484.JPG,DSCF0484.JPG,3R/104MEDIA,2,Western_Leopard_Toad,0.6187,885.5,1701.9,1066.2,1965.9
/srv/shared_leopard_toad/2025/Documents/25.08-01.09.2025/3R/104MEDIA/DSCF0471.JPG,DSCF0471.JPG,3R/104MEDIA,2,Western_Leopard_Toad,0.6875,885.7,1705.1,1066.0,1974.5
/srv/shared_leopard_toad/2025/Documents/25.08-01.09.2025/3R/104MEDIA/DSCF0471.JPG,DSCF0471.JPG,3R/104MEDIA,2,Western_Leopard_Toad,0.2737,4756.4,1131.0,4982.3,1343.7
/srv/shared_leopard_toad/2025/Documents/25.08-01.09.2025/3R/104MEDIA/DSCF0609.JPG,DSCF0609.JPG,3R/104MEDIA,2,Western_Leopard_Toad,0.5146,4754.0,1131.0,4979.5,1346.7
/srv/shared_leopard_toad/2025/Documents/25.08-01.09.2025/3R/104MEDIA/DSCF0329.JPG,DSCF0329.JPG,3R/104MEDIA,2,Western_Leopard_Toad,0.4385,885.4,1701.7,1063.6,1966.0
/srv/shared_leopard_toad/2025/Documents/25.08-01.09.2025/3R/104MEDIA/DSCF0326.JPG,DSCF0326.JPG,3R/104MEDIA,2,Western_Leopard_Toad,0.3882,888.9,1701.7,1066.7,1966.0
/srv/shared_leopard_toad/2025/Documents/25.08-01.09.2025/3R/104MEDIA/DSCF0796.JPG,DSCF0796.JPG,3R/104MEDIA,2,Western_Leopard_Toad,0.3555,887.1,1699.9,1063.3,1976.7
/srv/shared_leopard_toad/2025/Documents/25.08-01.09.2025/3R/104MEDIA/DSCF0495.JPG,DSCF0495.JPG,3R/104MEDIA,2,Western_Leopard_Toad,0.5317,4756.4,1124.5,4982.3,1347.3
/srv/shared_leopard_toad/2025/Documents/25.08-01.09.2025/3R/104MEDIA/DSCF0590.JPG,DSCF0590.JPG,3R/104MEDIA,2,Western_Leopard_Toad,0.3350,4752.4,1122.2,4986.4,1346.6
/srv/shared_leopard_toad/2025/Documents/25.08-01.09.2025/3R/104MEDIA/DSCF0914.JPG,DSCF0914.JPG,3R/104MEDIA,2,Western_Leopard_Toad,0.3020,4754.8,1131.8,4973.5,1342.9
/srv/shared_leopard_toad/2025/Documents/25.08-01.09.2025/3R/104MEDIA/DSCF0914.JPG,DSCF0914.JPG,3R/104MEDIA,0,Other_Amphibian,0.2281,5168.0,1.4,5374.0,121.3
/srv/shared_leopard_toad/2025/Documents/25.08-01.09.2025/3R/104MEDIA/DSCF0332.JPG,DSCF0332.JPG,3R/104MEDIA,2,Western_Leopard_Toad,0.2534,887.3,1708.3,1068.3,1968.4
/srv/shared_leopard_toad/2025/Documents/25.08-01.09.2025/3R/104MEDIA/DSCF0388.JPG,DSCF0388.JPG,3R/104MEDIA,0,Other_Amphibian,0.2827,514.7,183.8,602.9,263.6
/srv/shared_leopard_toad/2025/Documents/25.08-01.09.2025/3R/104MEDIA/DSCF0920.JPG,DSCF0920.JPG,3R/104MEDIA,2,Western_Leopard_Toad,0.5044,4758.7,1144.8,4964.3,1347.6
/srv/shared_leopard_toad/2025/Documents/25.08-01.09.2025/3R/104MEDIA/DSCF0401.JPG,DSCF0401.JPG,3R/104MEDIA,2,Western_Leopard_Toad,0.3020,883.6,1701.1,1068.0,1960.8
/srv/shared_leopard_toad/2025/Documents/25.08-01.09.2025/3R/104MEDIA/DSCF0599.JPG,DSCF0599.JPG,3R/104MEDIA,2,Western_Leopard_Toad,0.7646,4749.9,1123.5,4973.1,1342.4
/srv/shared_leopard_toad/2025/Documents/25.08-01.09.2025/3R/104MEDIA/DSCF0491.JPG,DSCF0491.JPG,3R/104MEDIA,2,Western_Leopard_Toad,0.4192,885.9,1702.8,1065.8,1970.9
/srv/shared_leopard_toad/2025/Documents/25.08-01.09.2025/3R/104MEDIA/DSCF0984.JPG,DSCF0984.JPG,3R/104MEDIA,2,Western_Leopard_Toad,0.3384,4754.4,1135.2,4973.9,1345.4
/srv/shared_leopard_toad/2025/Documents/25.08-01.09.2025/3R/104MEDIA/DSCF0921.JPG,DSCF0921.JPG,3R/104MEDIA,2,Western_Leopard_Toad,0.5635,4756.3,1145.2,4966.7,1347.3
/srv/shared_leopard_toad/2025/Documents/25.08-01.09.2025/3R/104MEDIA/DSCF0921.JPG,DSCF0921.JPG,3R/104MEDIA,0,Other_Amphibian,0.2487,5179.5,0.3,5373.0,110.2
/srv/shared_leopard_toad/2025/Documents/25.08-01.09.2025/3R/104MEDIA/DSCF0529.JPG,DSCF0529.JPG,3R/104MEDIA,2,Western_Leopard_Toad,0.3169,4753.1,1124.0,4985.7,1347.7
/srv/shared_leopard_toad/2025/Documents/25.08-01.09.2025/3R/104MEDIA/DSCF0348.JPG,DSCF0348.JPG,3R/104MEDIA,2,Western_Leopard_Toad,0.2944,887.8,1706.8,1069.1,1966.9
/srv/shared_leopard_toad/2025/Documents/25.08-01.09.2025/3R/104MEDIA/DSCF0217.JPG,DSCF0217.JPG,3R/104MEDIA,2,Western_Leopard_Toad,0.4424,888.8,1701.3,1069.4,1966.5
/srv/shared_leopard_toad/2025/Documents/25.08-01.09.2025/3R/104MEDIA/DSCF0242.JPG,DSCF0242.JPG,3R/104MEDIA,2,Western_Leopard_Toad,0.6294,888.2,1698.8,1067.4,1963.1
/srv/shared_leopard_toad/2025/Documents/25.08-01.09.2025/3R/104MEDIA/DSCF0242.JPG,DSCF0242.JPG,3R/104MEDIA,2,Western_Leopard_Toad,0.4048,4760.8,1131.6,4972.7,1346.1
/srv/shared_leopard_toad/2025/Documents/25.08-01.09.2025/3R/104MEDIA/DSCF0383.JPG,DSCF0383.JPG,3R/104MEDIA,2,Western_Leopard_Toad,0.3220,889.0,1703.7,1069.3,1967.1
/srv/shared_leopard_toad/2025/Documents/25.08-01.09.2025/3R/104MEDIA/DSCF0631.JPG,DSCF0631.JPG,3R/104MEDIA,2,Western_Leopard_Toad,0.8296,4754.7,1127.7,4978.8,1347.0
/srv/shared_leopard_toad/2025/Documents/25.08-01.09.2025/3R/104MEDIA/DSCF0400.JPG,DSCF0400.JPG,3R/104MEDIA,2,Western_Leopard_Toad,0.7485,886.4,1698.6,1065.3,1966.2
/srv/shared_leopard_toad/2025/Documents/25.08-01.09.2025/3R/104MEDIA/DSCF0926.JPG,DSCF0926.JPG,3R/104MEDIA,2,Western_Leopard_Toad,0.4343,4759.1,1140.6,4969.1,1347.5
/srv/shared_leopard_toad/2025/Documents/25.08-01.09.2025/3R/104MEDIA/DSCF0606.JPG,DSCF0606.JPG,3R/104MEDIA,2,Western_Leopard_Toad,0.3350,4751.1,1119.7,4987.7,1349.1
/srv/shared_leopard_toad/2025/Documents/25.08-01.09.2025/3R/104MEDIA/DSCF0351.JPG,DSCF0351.JPG,3R/104MEDIA,2,Western_Leopard_Toad,0.2666,4757.2,1137.0,4965.8,1351.1
/srv/shared_leopard_toad/2025/Documents/25.08-01.09.2025/3R/104MEDIA/DSCF0225.JPG,DSCF0225.JPG,3R/104MEDIA,2,Western_Leopard_Toad,0.4316,888.2,1700.4,1067.4,1958.6
/srv/shared_leopard_toad/2025/Documents/25.08-01.09.2025/3R/104MEDIA/DSCF0354.JPG,DSCF0354.JPG,3R/104MEDIA,2,Western_Leopard_Toad,0.3374,886.4,1703.8,1065.3,1969.9
/srv/shared_leopard_toad/2025/Documents/25.08-01.09.2025/3R/104MEDIA/DSCF0272.JPG,DSCF0272.JPG,3R/104MEDIA,2,Western_Leopard_Toad,0.6987,885.5,1702.8,1066.2,1968.0
/srv/shared_leopard_toad/2025/Documents/25.08-01.09.2025/3R/104MEDIA/DSCF0459.JPG,DSCF0459.JPG,3R/104MEDIA,2,Western_Leopard_Toad,0.4648,4754.3,1131.0,4979.2,1343.7
/srv/shared_leopard_toad/2025/Documents/25.08-01.09.2025/3R/104MEDIA/DSCF0746.JPG,DSCF0746.JPG,3R/104MEDIA,2,Western_Leopard_Toad,0.3401,886.8,1702.5,1068.8,1959.4
/srv/shared_leopard_toad/2025/Documents/25.08-01.09.2025/3R/104MEDIA/DSCF0224.JPG,DSCF0224.JPG,3R/104MEDIA,2,Western_Leopard_Toad,0.3694,886.1,1697.9,1065.6,1967.0
/srv/shared_leopard_toad/2025/Documents/25.08-01.09.2025/3R/104MEDIA/DSCF0591.JPG,DSCF0591.JPG,3R/104MEDIA,2,Western_Leopard_Toad,0.4670,4757.8,1133.0,4975.7,1350.6
/srv/shared_leopard_toad/2025/Documents/25.08-01.09.2025/3R/104MEDIA/DSCF0241.JPG,DSCF0241.JPG,3R/104MEDIA,2,Western_Leopard_Toad,0.5435,886.6,1700.4,1065.1,1958.6
/srv/shared_leopard_toad/2025/Documents/25.08-01.09.2025/3R/104MEDIA/DSCF0468.JPG,DSCF0468.JPG,3R/104MEDIA,2,Western_Leopard_Toad,0.4807,4753.4,1133.8,4980.1,1348.3
/srv/shared_leopard_toad/2025/Documents/25.08-01.09.2025/3R/104MEDIA/DSCF0468.JPG,DSCF0468.JPG,3R/104MEDIA,2,Western_Leopard_Toad,0.3381,888.1,1699.6,1067.6,1968.2
/srv/shared_leopard_toad/2025/Documents/25.08-01.09.2025/3R/104MEDIA/DSCF0987.JPG,DSCF0987.JPG,3R/104MEDIA,2,Western_Leopard_Toad,0.2927,4754.1,1132.6,4974.1,1342.1
/srv/shared_leopard_toad/2025/Documents/25.08-01.09.2025/3R/104MEDIA/DSCF0027.JPG,DSCF0027.JPG,3R/104MEDIA,0,Other_Amphibian,0.2842,799.1,543.1,1085.7,861.9
/srv/shared_leopard_toad/2025/Documents/25.08-01.09.2025/3R/104MEDIA/DSCF0367.JPG,DSCF0367.JPG,3R/104MEDIA,2,Western_Leopard_Toad,0.3013,888.6,1704.8,1069.6,1963.0
/srv/shared_leopard_toad/2025/Documents/25.08-01.09.2025/3R/104MEDIA/DSCF0832.JPG,DSCF0832.JPG,3R/104MEDIA,2,Western_Leopard_Toad,0.2607,4758.1,1126.5,4980.6,1348.2
/srv/shared_leopard_toad/2025/Documents/25.08-01.09.2025/3R/104MEDIA/DSCF0331.JPG,DSCF0331.JPG,3R/104MEDIA,2,Western_Leopard_Toad,0.3774,889.5,1705.9,1066.1,1961.9
/srv/shared_leopard_toad/2025/Documents/25.08-01.09.2025/3R/104MEDIA/DSCF0602.JPG,DSCF0602.JPG,3R/104MEDIA,2,Western_Leopard_Toad,0.3931,4754.3,1127.2,4979.2,1347.5
/srv/shared_leopard_toad/2025/Documents/25.08-01.09.2025/3R/104MEDIA/DSCF0347.JPG,DSCF0347.JPG,3R/104MEDIA,2,Western_Leopard_Toad,0.5361,4760.9,1144.8,4967.3,1347.6
/srv/shared_leopard_toad/2025/Documents/25.08-01.09.2025/3R/104MEDIA/DSCF0347.JPG,DSCF0347.JPG,3R/104MEDIA,2,Western_Leopard_Toad,0.4045,888.9,1702.4,1066.7,1962.4
/srv/shared_leopard_toad/2025/Documents/25.08-01.09.2025/3R/104MEDIA/DSCF0357.JPG,DSCF0357.JPG,3R/104MEDIA,2,Western_Leopard_Toad,0.5195,886.6,1699.5,1065.1,1965.3
/srv/shared_leopard_toad/2025/Documents/25.08-01.09.2025/3R/104MEDIA/DSCF0309.JPG,DSCF0309.JPG,3R/104MEDIA,2,Western_Leopard_Toad,0.3904,888.4,1699.8,1067.2,1968.0
/srv/shared_leopard_toad/2025/Documents/25.08-01.09.2025/3R/104MEDIA/DSCF0497.JPG,DSCF0497.JPG,3R/104MEDIA,2,Western_Leopard_Toad,0.6636,4755.3,1128.7,4978.2,1346.0
/srv/shared_leopard_toad/2025/Documents/25.08-01.09.2025/3R/104MEDIA/DSCF0497.JPG,DSCF0497.JPG,3R/104MEDIA,2,Western_Leopard_Toad,0.2925,886.3,1702.2,1065.4,1965.6
/srv/shared_leopard_toad/2025/Documents/25.08-01.09.2025/3R/104MEDIA/DSCF0340.JPG,DSCF0340.JPG,3R/104MEDIA,2,Western_Leopard_Toad,0.4438,887.1,1702.3,1064.6,1959.6
/srv/shared_leopard_toad/2025/Documents/25.08-01.09.2025/3R/104MEDIA/DSCF0611.JPG,DSCF0611.JPG,3R/104MEDIA,2,Western_Leopard_Toad,0.5068,884.7,1701.6,1065.7,1963.2
/srv/shared_leopard_toad/2025/Documents/25.08-01.09.2025/3R/104MEDIA/DSCF0611.JPG,DSCF0611.JPG,3R/104MEDIA,2,Western_Leopard_Toad,0.4973,4757.9,1126.2,4980.9,1345.5
/srv/shared_leopard_toad/2025/Documents/25.08-01.09.2025/3R/104MEDIA/DSCF0460.JPG,DSCF0460.JPG,3R/104MEDIA,2,Western_Leopard_Toad,0.6475,4756.6,1130.9,4976.9,1343.9
/srv/shared_leopard_toad/2025/Documents/25.08-01.09.2025/3R/104MEDIA/DSCF0460.JPG,DSCF0460.JPG,3R/104MEDIA,2,Western_Leopard_Toad,0.2566,887.7,1706.4,1063.9,1970.3
/srv/shared_leopard_toad/2025/Documents/25.08-01.09.2025/3R/104MEDIA/DSCF0318.JPG,DSCF0318.JPG,3R/104MEDIA,2,Western_Leopard_Toad,0.3682,888.4,1701.4,1067.2,1972.3
/srv/shared_leopard_toad/2025/Documents/25.08-01.09.2025/3R/104MEDIA/DSCF0392.JPG,DSCF0392.JPG,3R/104MEDIA,2,Western_Leopard_Toad,0.3386,885.2,1703.2,1066.5,1967.5
/srv/shared_leopard_toad/2025/Documents/25.08-01.09.2025/3R/104MEDIA/DSCF0493.JPG,DSCF0493.JPG,3R/104MEDIA,2,Western_Leopard_Toad,0.6855,4752.6,1121.5,4986.2,1344.3
/srv/shared_leopard_toad/2025/Documents/25.08-01.09.2025/3R/104MEDIA/DSCF0617.JPG,DSCF0617.JPG,3R/104MEDIA,2,Western_Leopard_Toad,0.5112,887.7,1664.1,1081.0,1953.5
/srv/shared_leopard_toad/2025/Documents/25.08-01.09.2025/3R/104MEDIA/DSCF0617.JPG,DSCF0617.JPG,3R/104MEDIA,2,Western_Leopard_Toad,0.4810,4752.8,1129.8,4980.7,1347.8
/srv/shared_leopard_toad/2025/Documents/25.08-01.09.2025/3R/104MEDIA/DSCF0671.JPG,DSCF0671.JPG,3R/104MEDIA,2,Western_Leopard_Toad,0.4480,4755.8,1137.5,4972.5,1350.5
/srv/shared_leopard_toad/2025/Documents/25.08-01.09.2025/3R/104MEDIA/DSCF0328.JPG,DSCF0328.JPG,3R/104MEDIA,2,Western_Leopard_Toad,0.3442,884.5,1702.9,1067.1,1967.8
/srv/shared_leopard_toad/2025/Documents/25.08-01.09.2025/3R/104MEDIA/DSCF0374.JPG,DSCF0374.JPG,3R/104MEDIA,2,Western_Leopard_Toad,0.4978,885.2,1704.1,1066.5,1966.6
/srv/shared_leopard_toad/2025/Documents/25.08-01.09.2025/3R/104MEDIA/DSCF0371.JPG,DSCF0371.JPG,3R/104MEDIA,2,Western_Leopard_Toad,0.2849,885.5,1703.8,1066.2,1972.9
/srv/shared_leopard_toad/2025/Documents/25.08-01.09.2025/3R/104MEDIA/DSCF0317.JPG,DSCF0317.JPG,3R/104MEDIA,2,Western_Leopard_Toad,0.6304,889.9,1702.2,1067.1,1965.6
/srv/shared_leopard_toad/2025/Documents/25.08-01.09.2025/3R/104MEDIA/DSCF0234.JPG,DSCF0234.JPG,3R/104MEDIA,2,Western_Leopard_Toad,0.4902,889.9,1700.9,1067.1,1955.1
/srv/shared_leopard_toad/2025/Documents/25.08-01.09.2025/3R/104MEDIA/DSCF0465.JPG,DSCF0465.JPG,3R/104MEDIA,2,Western_Leopard_Toad,0.3604,4753.2,1124.6,4980.3,1344.2
/srv/shared_leopard_toad/2025/Documents/25.08-01.09.2025/3R/104MEDIA/DSCF0604.JPG,DSCF0604.JPG,3R/104MEDIA,2,Western_Leopard_Toad,0.3250,4755.3,1131.3,4978.2,1347.8
/srv/shared_leopard_toad/2025/Documents/25.08-01.09.2025/3R/104MEDIA/DSCF0604.JPG,DSCF0604.JPG,3R/104MEDIA,2,Western_Leopard_Toad,0.2681,885.7,1703.8,1066.0,1955.2
/srv/shared_leopard_toad/2025/Documents/25.08-01.09.2025/3R/104MEDIA/DSCF0270.JPG,DSCF0270.JPG,3R/104MEDIA,2,Western_Leopard_Toad,0.7842,885.6,1703.8,1070.0,1961.1
/srv/shared_leopard_toad/2025/Documents/25.08-01.09.2025/3R/104MEDIA/DSCF0450.JPG,DSCF0450.JPG,3R/104MEDIA,2,Western_Leopard_Toad,0.3855,889.7,1700.4,1068.5,1961.4
/srv/shared_leopard_toad/2025/Documents/25.08-01.09.2025/3R/104MEDIA/DSCF0450.JPG,DSCF0450.JPG,3R/104MEDIA,2,Western_Leopard_Toad,0.3550,4753.8,1131.7,4979.7,1347.5
/srv/shared_leopard_toad/2025/Documents/25.08-01.09.2025/3R/104MEDIA/DSCF0677.JPG,DSCF0677.JPG,3R/104MEDIA,0,Other_Amphibian,0.2410,5178.3,1.1,5374.2,109.2
/srv/shared_leopard_toad/2025/Documents/25.08-01.09.2025/3R/104MEDIA/DSCF0444.JPG,DSCF0444.JPG,3R/104MEDIA,2,Western_Leopard_Toad,0.6362,4755.6,1136.3,4972.7,1345.8
/srv/shared_leopard_toad/2025/Documents/25.08-01.09.2025/3R/104MEDIA/DSCF0444.JPG,DSCF0444.JPG,3R/104MEDIA,2,Western_Leopard_Toad,0.3062,887.3,1701.5,1069.6,1963.4
/srv/shared_leopard_toad/2025/Documents/25.08-01.09.2025/3R/104MEDIA/DSCF0638.JPG,DSCF0638.JPG,3R/104MEDIA,2,Western_Leopard_Toad,0.3342,4755.9,1130.0,4977.6,1347.6
/srv/shared_leopard_toad/2025/Documents/25.08-01.09.2025/3R/104MEDIA/DSCF0485.JPG,DSCF0485.JPG,3R/104MEDIA,2,Western_Leopard_Toad,0.2534,888.4,1706.2,1067.2,1961.6
/srv/shared_leopard_toad/2025/Documents/25.08-01.09.2025/3R/104MEDIA/DSCF0236.JPG,DSCF0236.JPG,3R/104MEDIA,2,Western_Leopard_Toad,0.3171,886.4,1702.7,1065.3,1965.1
/srv/shared_leopard_toad/2025/Documents/25.08-01.09.2025/3R/104MEDIA/DSCF0520.JPG,DSCF0520.JPG,3R/104MEDIA,2,Western_Leopard_Toad,0.3589,885.0,1701.6,1066.7,1963.2
/srv/shared_leopard_toad/2025/Documents/25.08-01.09.2025/3R/104MEDIA/DSCF0744.JPG,DSCF0744.JPG,3R/104MEDIA,2,Western_Leopard_Toad,0.2703,887.8,1699.2,1069.1,1971.6
/srv/shared_leopard_toad/2025/Documents/25.08-01.09.2025/3R/104MEDIA/DSCF0359.JPG,DSCF0359.JPG,3R/104MEDIA,2,Western_Leopard_Toad,0.3110,885.9,1701.1,1065.8,1960.8
/srv/shared_leopard_toad/2025/Documents/25.08-01.09.2025/3R/104MEDIA/DSCF0447.JPG,DSCF0447.JPG,3R/104MEDIA,2,Western_Leopard_Toad,0.3865,4755.1,1133.4,4978.4,1345.7
/srv/shared_leopard_toad/2025/Documents/25.08-01.09.2025/3R/104MEDIA/DSCF0447.JPG,DSCF0447.JPG,3R/104MEDIA,2,Western_Leopard_Toad,0.3220,888.7,1703.5,1066.9,1961.3
/srv/shared_leopard_toad/2025/Documents/25.08-01.09.2025/3R/104MEDIA/DSCF0702.JPG,DSCF0702.JPG,3R/104MEDIA,2,Western_Leopard_Toad,0.3596,890.0,1702.0,1068.2,1959.9
/srv/shared_leopard_toad/2025/Documents/25.08-01.09.2025/3R/104MEDIA/DSCF0243.JPG,DSCF0243.JPG,3R/104MEDIA,2,Western_Leopard_Toad,0.5278,889.5,1700.0,1067.4,1964.8
/srv/shared_leopard_toad/2025/Documents/25.08-01.09.2025/3R/104MEDIA/DSCF0410.JPG,DSCF0410.JPG,3R/104MEDIA,2,Western_Leopard_Toad,0.2810,884.2,1701.0,1067.5,1963.8
/srv/shared_leopard_toad/2025/Documents/25.08-01.09.2025/3R/104MEDIA/DSCF0579.JPG,DSCF0579.JPG,3R/104MEDIA,2,Western_Leopard_Toad,0.4106,889.2,1698.6,1067.7,1966.2
/srv/shared_leopard_toad/2025/Documents/25.08-01.09.2025/3R/104MEDIA/DSCF0579.JPG,DSCF0579.JPG,3R/104MEDIA,2,Western_Leopard_Toad,0.3347,4752.8,1125.4,4980.7,1346.3
/srv/shared_leopard_toad/2025/Documents/25.08-01.09.2025/3R/104MEDIA/DSCF0506.JPG,DSCF0506.JPG,3R/104MEDIA,2,Western_Leopard_Toad,0.7500,885.9,1701.4,1065.8,1972.3
/srv/shared_leopard_toad/2025/Documents/25.08-01.09.2025/3R/104MEDIA/DSCF0506.JPG,DSCF0506.JPG,3R/104MEDIA,2,Western_Leopard_Toad,0.4563,4755.2,1122.8,4983.6,1348.9
/srv/shared_leopard_toad/2025/Documents/25.08-01.09.2025/3R/104MEDIA/DSCF0642.JPG,DSCF0642.JPG,3R/104MEDIA,2,Western_Leopard_Toad,0.7397,4754.8,1127.9,4984.0,1346.8
/srv/shared_leopard_toad/2025/Documents/25.08-01.09.2025/3R/104MEDIA/DSCF0762.JPG,DSCF0762.JPG,3R/104MEDIA,1,Small_Mammal,0.2325,1303.6,435.8,2169.2,1010.5
/srv/shared_leopard_toad/2025/Documents/25.08-01.09.2025/3R/102MEDIA/DSCF0135.JPG,DSCF0135.JPG,3R/102MEDIA,1,Small_Mammal,0.4028,1366.0,608.2,2159.4,1100.2
/srv/shared_leopard_toad/2025/Documents/25.08-01.09.2025/3R/102MEDIA/DSCF0135.JPG,DSCF0135.JPG,3R/102MEDIA,1,Small_Mammal,0.3762,1357.8,349.2,2167.6,1091.9
/srv/shared_leopard_toad/2025/Documents/25.08-01.09.2025/3R/102MEDIA/DSCF0012.JPG,DSCF0012.JPG,3R/102MEDIA,1,Small_Mammal,0.4688,1362.0,481.9,2168.6,1093.6
/srv/shared_leopard_toad/2025/Documents/25.08-01.09.2025/3R/102MEDIA/DSCF0012.JPG,DSCF0012.JPG,3R/102MEDIA,1,Small_Mammal,0.3621,1362.0,481.7,2173.8,1093.8
/srv/shared_leopard_toad/2025/Documents/25.08-01.09.2025/3R/102MEDIA/DSCF0012.JPG,DSCF0012.JPG,3R/102MEDIA,1,Small_Mammal,0.3174,1724.1,472.5,2160.9,1086.8
/srv/shared_leopard_toad/2025/Documents/25.08-01.09.2025/3R/102MEDIA/DSCF0012.JPG,DSCF0012.JPG,3R/102MEDIA,1,Small_Mammal,0.2170,1550.7,475.3,2174.2,1089.9
/srv/shared_leopard_toad/2025/Documents/25.08-01.09.2025/3R/102MEDIA/DSCF0488.JPG,DSCF0488.JPG,3R/102MEDIA,1,Small_Mammal,0.3372,1352.9,592.3,2151.5,1095.4
/srv/shared_leopard_toad/2025/Documents/25.08-01.09.2025/3R/102MEDIA/DSCF0589.JPG,DSCF0589.JPG,3R/102MEDIA,1,Small_Mammal,0.2202,1378.1,668.9,2147.2,1119.2
/srv/shared_leopard_toad/2025/Documents/25.08-01.09.2025/3R/102MEDIA/DSCF0173.JPG,DSCF0173.JPG,3R/102MEDIA,1,Small_Mammal,0.2290,1351.2,331.9,2161.0,1087.9
/srv/shared_leopard_toad/2025/Documents/25.08-01.09.2025/3R/102MEDIA/DSCF0514.JPG,DSCF0514.JPG,3R/102MEDIA,1,Small_Mammal,0.2666,1354.5,596.2,2152.5,1067.9
/srv/shared_leopard_toad/2025/Documents/25.08-01.09.2025/3R/102MEDIA/DSCF0141.JPG,DSCF0141.JPG,3R/102MEDIA,1,Small_Mammal,0.3391,1353.2,428.0,2177.4,1094.3
/srv/shared_leopard_toad/2025/Documents/25.08-01.09.2025/3R/102MEDIA/DSCF0141.JPG,DSCF0141.JPG,3R/102MEDIA,1,Small_Mammal,0.3372,1358.4,590.1,2161.7,1097.6
/srv/shared_leopard_toad/2025/Documents/25.08-01.09.2025/3R/102MEDIA/DSCF0107.JPG,DSCF0107.JPG,3R/102MEDIA,1,Small_Mammal,0.3020,1352.9,354.2,2177.8,1093.6
/srv/shared_leopard_toad/2025/Documents/25.08-01.09.2025/3R/102MEDIA/DSCF0107.JPG,DSCF0107.JPG,3R/102MEDIA,1,Small_Mammal,0.2367,1353.8,583.8,2163.7,1099.5
/srv/shared_leopard_toad/2025/Documents/25.08-01.09.2025/3R/102MEDIA/DSCF0562.JPG,DSCF0562.JPG,3R/102MEDIA,1,Small_Mammal,0.4014,1351.9,589.5,2149.9,1087.9
/srv/shared_leopard_toad/2025/Documents/25.08-01.09.2025/3R/102MEDIA/DSCF0512.JPG,DSCF0512.JPG,3R/102MEDIA,1,Small_Mammal,0.2705,1351.2,595.4,2155.8,1045.0
/srv/shared_leopard_toad/2025/Documents/25.08-01.09.2025/3R/102MEDIA/DSCF0868.JPG,DSCF0868.JPG,3R/102MEDIA,2,Western_Leopard_Toad,0.2622,2631.8,1491.1,2796.7,1713.1
/srv/shared_leopard_toad/2025/Documents/25.08-01.09.2025/3R/102MEDIA/DSCF0061.JPG,DSCF0061.JPG,3R/102MEDIA,1,Small_Mammal,0.4402,1356.8,471.9,2168.6,1088.8
/srv/shared_leopard_toad/2025/Documents/25.08-01.09.2025/3R/102MEDIA/DSCF0061.JPG,DSCF0061.JPG,3R/102MEDIA,1,Small_Mammal,0.3418,1355.5,471.9,2172.5,1088.8
/srv/shared_leopard_toad/2025/Documents/25.08-01.09.2025/3R/102MEDIA/DSCF0061.JPG,DSCF0061.JPG,3R/102MEDIA,1,Small_Mammal,0.2944,1710.4,468.3,2172.0,1088.0
/srv/shared_leopard_toad/2025/Documents/25.08-01.09.2025/3R/102MEDIA/DSCF0167.JPG,DSCF0167.JPG,3R/102MEDIA,1,Small_Mammal,0.3906,1359.4,356.2,2168.6,1092.3
/srv/shared_leopard_toad/2025/Documents/25.08-01.09.2025/3R/102MEDIA/DSCF0167.JPG,DSCF0167.JPG,3R/102MEDIA,1,Small_Mammal,0.3428,1359.8,594.1,2160.4,1099.5
/srv/shared_leopard_toad/2025/Documents/25.08-01.09.2025/3R/102MEDIA/DSCF0038.JPG,DSCF0038.JPG,3R/102MEDIA,1,Small_Mammal,0.5557,1369.9,465.9,2171.2,1091.9
/srv/shared_leopard_toad/2025/Documents/25.08-01.09.2025/3R/102MEDIA/DSCF0038.JPG,DSCF0038.JPG,3R/102MEDIA,1,Small_Mammal,0.4829,1707.6,462.2,2177.4,1088.2
/srv/shared_leopard_toad/2025/Documents/25.08-01.09.2025/3R/102MEDIA/DSCF0038.JPG,DSCF0038.JPG,3R/102MEDIA,1,Small_Mammal,0.3687,1371.6,465.1,2164.3,1091.2
/srv/shared_leopard_toad/2025/Documents/25.08-01.09.2025/3R/102MEDIA/DSCF0089.JPG,DSCF0089.JPG,3R/102MEDIA,1,Small_Mammal,0.4639,1360.7,476.2,2167.3,1096.3
/srv/shared_leopard_toad/2025/Documents/25.08-01.09.2025/3R/102MEDIA/DSCF0089.JPG,DSCF0089.JPG,3R/102MEDIA,1,Small_Mammal,0.4509,1360.4,475.8,2167.6,1098.2
/srv/shared_leopard_toad/2025/Documents/25.08-01.09.2025/3R/102MEDIA/DSCF0089.JPG,DSCF0089.JPG,3R/102MEDIA,1,Small_Mammal,0.3047,1669.2,472.7,2179.1,1092.5
/srv/shared_leopard_toad/2025/Documents/25.08-01.09.2025/3R/102MEDIA/DSCF0089.JPG,DSCF0089.JPG,3R/102MEDIA,1,Small_Mammal,0.2272,1548.4,472.1,2173.8,1097.5
/srv/shared_leopard_toad/2025/Documents/25.08-01.09.2025/3R/102MEDIA/DSCF0827.JPG,DSCF0827.JPG,3R/102MEDIA,2,Western_Leopard_Toad,0.3345,2629.8,1489.2,2793.5,1712.0
/srv/shared_leopard_toad/2025/Documents/25.08-01.09.2025/3R/102MEDIA/DSCF0720.JPG,DSCF0720.JPG,3R/102MEDIA,1,Small_Mammal,0.2346,1357.1,598.6,2134.1,1114.3
/srv/shared_leopard_toad/2025/Documents/25.08-01.09.2025/3R/102MEDIA/DSCF0164.JPG,DSCF0164.JPG,3R/102MEDIA,1,Small_Mammal,0.5337,1354.2,580.8,2163.3,1096.5
/srv/shared_leopard_toad/2025/Documents/25.08-01.09.2025/3R/102MEDIA/DSCF0164.JPG,DSCF0164.JPG,3R/102MEDIA,1,Small_Mammal,0.2128,1345.3,500.7,2169.6,1089.5
/srv/shared_leopard_toad/2025/Documents/25.08-01.09.2025/3R/102MEDIA/DSCF0553.JPG,DSCF0553.JPG,3R/102MEDIA,1,Small_Mammal,0.2496,1351.9,604.7,2155.1,1097.8
/srv/shared_leopard_toad/2025/Documents/25.08-01.09.2025/3R/102MEDIA/DSCF0077.JPG,DSCF0077.JPG,3R/102MEDIA,1,Small_Mammal,0.5581,1675.4,474.0,2167.6,1094.1
/srv/shared_leopard_toad/2025/Documents/25.08-01.09.2025/3R/102MEDIA/DSCF0077.JPG,DSCF0077.JPG,3R/102MEDIA,1,Small_Mammal,0.4561,1367.3,479.7,2173.8,1095.8
/srv/shared_leopard_toad/2025/Documents/25.08-01.09.2025/3R/102MEDIA/DSCF0077.JPG,DSCF0077.JPG,3R/102MEDIA,1,Small_Mammal,0.4341,1498.2,473.6,2187.3,1098.9
/srv/shared_leopard_toad/2025/Documents/25.08-01.09.2025/3R/102MEDIA/DSCF0077.JPG,DSCF0077.JPG,3R/102MEDIA,1,Small_Mammal,0.2145,1614.0,475.1,2173.8,1097.5
/srv/shared_leopard_toad/2025/Documents/25.08-01.09.2025/3R/102MEDIA/DSCF0185.JPG,DSCF0185.JPG,3R/102MEDIA,1,Small_Mammal,0.4302,1351.5,492.8,2171.2,1097.5
/srv/shared_leopard_toad/2025/Documents/25.08-01.09.2025/3R/102MEDIA/DSCF0185.JPG,DSCF0185.JPG,3R/102MEDIA,1,Small_Mammal,0.3416,1351.5,536.0,2166.0,1098.6
/srv/shared_leopard_toad/2025/Documents/25.08-01.09.2025/3R/102MEDIA/DSCF0539.JPG,DSCF0539.JPG,3R/102MEDIA,1,Small_Mammal,0.3010,1350.6,596.5,2156.4,1076.4
/srv/shared_leopard_toad/2025/Documents/25.08-01.09.2025/3R/102MEDIA/DSCF0051.JPG,DSCF0051.JPG,3R/102MEDIA,1,Small_Mammal,0.5879,1366.0,481.0,2159.4,1096.0
/srv/shared_leopard_toad/2025/Documents/25.08-01.09.2025/3R/102MEDIA/DSCF0051.JPG,DSCF0051.JPG,3R/102MEDIA,1,Small_Mammal,0.3938,1360.7,478.6,2162.0,1095.4
/srv/shared_leopard_toad/2025/Documents/25.08-01.09.2025/3R/102MEDIA/DSCF0051.JPG,DSCF0051.JPG,3R/102MEDIA,1,Small_Mammal,0.3708,1664.9,479.9,2167.6,1094.1
/srv/shared_leopard_toad/2025/Documents/25.08-01.09.2025/3R/102MEDIA/DSCF0807.JPG,DSCF0807.JPG,3R/102MEDIA,2,Western_Leopard_Toad,0.2878,2630.0,1490.4,2793.3,1710.8
/srv/shared_leopard_toad/2025/Documents/25.08-01.09.2025/3R/102MEDIA/DSCF0507.JPG,DSCF0507.JPG,3R/102MEDIA,1,Small_Mammal,0.2646,1355.8,591.4,2151.2,1080.1
/srv/shared_leopard_toad/2025/Documents/25.08-01.09.2025/3R/102MEDIA/DSCF0681.JPG,DSCF0681.JPG,3R/102MEDIA,1,Small_Mammal,0.2069,1350.9,595.4,2135.1,1108.5
/srv/shared_leopard_toad/2025/Documents/25.08-01.09.2025/3R/102MEDIA/DSCF0592.JPG,DSCF0592.JPG,3R/102MEDIA,1,Small_Mammal,0.4485,1358.4,596.3,2148.6,1116.5
/srv/shared_leopard_toad/2025/Documents/25.08-01.09.2025/3R/102MEDIA/DSCF0003.JPG,DSCF0003.JPG,3R/102MEDIA,1,Small_Mammal,0.4277,1358.1,481.0,2172.5,1100.4
/srv/shared_leopard_toad/2025/Documents/25.08-01.09.2025/3R/102MEDIA/DSCF0003.JPG,DSCF0003.JPG,3R/102MEDIA,1,Small_Mammal,0.3572,1358.1,482.1,2177.8,1102.3
/srv/shared_leopard_toad/2025/Documents/25.08-01.09.2025/3R/102MEDIA/DSCF0549.JPG,DSCF0549.JPG,3R/102MEDIA,1,Small_Mammal,0.3354,1350.6,591.0,2153.8,1093.8
/srv/shared_leopard_toad/2025/Documents/25.08-01.09.2025/3R/102MEDIA/DSCF0146.JPG,DSCF0146.JPG,3R/102MEDIA,1,Small_Mammal,0.3579,1356.8,458.3,2173.8,1090.6
/srv/shared_leopard_toad/2025/Documents/25.08-01.09.2025/3R/102MEDIA/DSCF0146.JPG,DSCF0146.JPG,3R/102MEDIA,1,Small_Mammal,0.3262,1356.5,584.5,2158.4,1091.4
/srv/shared_leopard_toad/2025/Documents/25.08-01.09.2025/3R/102MEDIA/DSCF0146.JPG,DSCF0146.JPG,3R/102MEDIA,1,Small_Mammal,0.2646,1713.1,479.0,2179.7,1089.1
/srv/shared_leopard_toad/2025/Documents/25.08-01.09.2025/3R/102MEDIA/DSCF0146.JPG,DSCF0146.JPG,3R/102MEDIA,1,Small_Mammal,0.2085,1531.0,488.9,2167.6,1096.9
/srv/shared_leopard_toad/2025/Documents/25.08-01.09.2025/3R/102MEDIA/DSCF0559.JPG,DSCF0559.JPG,3R/102MEDIA,1,Small_Mammal,0.2109,1350.6,601.9,2156.4,1090.3
/srv/shared_leopard_toad/2025/Documents/25.08-01.09.2025/3R/102MEDIA/DSCF0067.JPG,DSCF0067.JPG,3R/102MEDIA,1,Small_Mammal,0.5244,1370.9,476.0,2154.5,1103.9
/srv/shared_leopard_toad/2025/Documents/25.08-01.09.2025/3R/102MEDIA/DSCF0067.JPG,DSCF0067.JPG,3R/102MEDIA,1,Small_Mammal,0.4268,1667.0,477.3,2165.5,1101.1
/srv/shared_leopard_toad/2025/Documents/25.08-01.09.2025/3R/102MEDIA/DSCF0067.JPG,DSCF0067.JPG,3R/102MEDIA,1,Small_Mammal,0.2708,1577.5,476.6,2168.4,1100.4
/srv/shared_leopard_toad/2025/Documents/25.08-01.09.2025/3R/102MEDIA/DSCF0067.JPG,DSCF0067.JPG,3R/102MEDIA,1,Small_Mammal,0.2090,1439.5,475.5,2172.5,1103.0
/srv/shared_leopard_toad/2025/Documents/25.08-01.09.2025/3R/102MEDIA/DSCF0033.JPG,DSCF0033.JPG,3R/102MEDIA,1,Small_Mammal,0.6934,1706.4,468.8,2165.5,1096.3
/srv/shared_leopard_toad/2025/Documents/25.08-01.09.2025/3R/102MEDIA/DSCF0033.JPG,DSCF0033.JPG,3R/102MEDIA,1,Small_Mammal,0.5781,1386.7,471.2,2170.2,1098.4
/srv/shared_leopard_toad/2025/Documents/25.08-01.09.2025/3R/102MEDIA/DSCF0033.JPG,DSCF0033.JPG,3R/102MEDIA,1,Small_Mammal,0.4221,1422.1,471.0,2171.5,1098.6
/srv/shared_leopard_toad/2025/Documents/25.08-01.09.2025/3R/102MEDIA/DSCF0709.JPG,DSCF0709.JPG,3R/102MEDIA,1,Small_Mammal,0.2388,1365.3,706.5,2131.2,1118.5
/srv/shared_leopard_toad/2025/Documents/25.08-01.09.2025/3R/102MEDIA/DSCF0168.JPG,DSCF0168.JPG,3R/102MEDIA,1,Small_Mammal,0.2917,1354.5,365.6,2160.4,1089.5
/srv/shared_leopard_toad/2025/Documents/25.08-01.09.2025/3R/102MEDIA/DSCF0168.JPG,DSCF0168.JPG,3R/102MEDIA,1,Small_Mammal,0.2737,1356.8,599.1,2158.1,1097.5
/srv/shared_leopard_toad/2025/Documents/25.08-01.09.2025/3R/102MEDIA/DSCF0007.JPG,DSCF0007.JPG,3R/102MEDIA,1,Small_Mammal,0.4102,1359.4,470.1,2173.8,1086.2
/srv/shared_leopard_toad/2025/Documents/25.08-01.09.2025/3R/102MEDIA/DSCF0007.JPG,DSCF0007.JPG,3R/102MEDIA,1,Small_Mammal,0.4087,1363.7,485.1,2161.7,1090.4
/srv/shared_leopard_toad/2025/Documents/25.08-01.09.2025/3R/102MEDIA/DSCF0007.JPG,DSCF0007.JPG,3R/102MEDIA,1,Small_Mammal,0.3345,1694.6,453.1,2179.9,1088.4
/srv/shared_leopard_toad/2025/Documents/25.08-01.09.2025/3R/102MEDIA/DSCF0139.JPG,DSCF0139.JPG,3R/102MEDIA,1,Small_Mammal,0.5508,1357.5,485.1,2170.5,1099.3
/srv/shared_leopard_toad/2025/Documents/25.08-01.09.2025/3R/102MEDIA/DSCF0139.JPG,DSCF0139.JPG,3R/102MEDIA,1,Small_Mammal,0.3923,1354.5,568.8,2163.0,1099.7
/srv/shared_leopard_toad/2025/Documents/25.08-01.09.2025/3R/102MEDIA/DSCF0139.JPG,DSCF0139.JPG,3R/102MEDIA,1,Small_Mammal,0.2603,1625.0,481.7,2176.0,1093.8
/srv/shared_leopard_toad/2025/Documents/25.08-01.09.2025/3R/102MEDIA/DSCF0524.JPG,DSCF0524.JPG,3R/102MEDIA,1,Small_Mammal,0.3706,1354.2,594.1,2152.8,1093.6
/srv/shared_leopard_toad/2025/Documents/25.08-01.09.2025/3R/102MEDIA/DSCF0866.JPG,DSCF0866.JPG,3R/102MEDIA,2,Western_Leopard_Toad,0.4749,2632.1,1492.3,2796.4,1714.8
/srv/shared_leopard_toad/2025/Documents/25.08-01.09.2025/3R/102MEDIA/DSCF0044.JPG,DSCF0044.JPG,3R/102MEDIA,1,Small_Mammal,0.4941,1366.3,473.4,2166.9,1094.7
/srv/shared_leopard_toad/2025/Documents/25.08-01.09.2025/3R/102MEDIA/DSCF0044.JPG,DSCF0044.JPG,3R/102MEDIA,1,Small_Mammal,0.4255,1370.9,471.0,2162.3,1097.1
/srv/shared_leopard_toad/2025/Documents/25.08-01.09.2025/3R/102MEDIA/DSCF0044.JPG,DSCF0044.JPG,3R/102MEDIA,1,Small_Mammal,0.3274,1673.3,469.9,2175.0,1092.3
/srv/shared_leopard_toad/2025/Documents/25.08-01.09.2025/3R/102MEDIA/DSCF0486.JPG,DSCF0486.JPG,3R/102MEDIA,1,Small_Mammal,0.2891,1351.5,591.2,2152.8,1090.6
/srv/shared_leopard_toad/2025/Documents/25.08-01.09.2025/3R/102MEDIA/DSCF0026.JPG,DSCF0026.JPG,3R/102MEDIA,1,Small_Mammal,0.3652,1356.8,481.7,2168.6,1093.8
/srv/shared_leopard_toad/2025/Documents/25.08-01.09.2025/3R/102MEDIA/DSCF0026.JPG,DSCF0026.JPG,3R/102MEDIA,1,Small_Mammal,0.3506,1369.9,579.9,2145.0,1097.5
/srv/shared_leopard_toad/2025/Documents/25.08-01.09.2025/3R/102MEDIA/DSCF0026.JPG,DSCF0026.JPG,3R/102MEDIA,1,Small_Mammal,0.3171,1709.2,470.7,2173.2,1094.5
/srv/shared_leopard_toad/2025/Documents/25.08-01.09.2025/3R/102MEDIA/DSCF0526.JPG,DSCF0526.JPG,3R/102MEDIA,1,Small_Mammal,0.2644,1350.9,585.6,2150.9,1090.3
/srv/shared_leopard_toad/2025/Documents/25.08-01.09.2025/3R/102MEDIA/DSCF0596.JPG,DSCF0596.JPG,3R/102MEDIA,1,Small_Mammal,0.2415,1416.8,704.1,2155.8,1109.1
/srv/shared_leopard_toad/2025/Documents/25.08-01.09.2025/3R/102MEDIA/DSCF0184.JPG,DSCF0184.JPG,3R/102MEDIA,1,Small_Mammal,0.3872,1355.8,485.6,2174.8,1095.8
/srv/shared_leopard_toad/2025/Documents/25.08-01.09.2025/3R/102MEDIA/DSCF0184.JPG,DSCF0184.JPG,3R/102MEDIA,1,Small_Mammal,0.3850,1355.2,606.9,2162.3,1098.6
/srv/shared_leopard_toad/2025/Documents/25.08-01.09.2025/3R/102MEDIA/DSCF0184.JPG,DSCF0184.JPG,3R/102MEDIA,1,Small_Mammal,0.2876,1698.0,477.9,2179.1,1097.6
/srv/shared_leopard_toad/2025/Documents/25.08-01.09.2025/3R/102MEDIA/DSCF0118.JPG,DSCF0118.JPG,3R/102MEDIA,1,Small_Mammal,0.3015,1702.3,486.5,2169.6,1094.9
/srv/shared_leopard_toad/2025/Documents/25.08-01.09.2025/3R/102MEDIA/DSCF0118.JPG,DSCF0118.JPG,3R/102MEDIA,1,Small_Mammal,0.2751,1351.9,570.7,2163.0,1099.3
/srv/shared_leopard_toad/2025/Documents/25.08-01.09.2025/3R/102MEDIA/DSCF0118.JPG,DSCF0118.JPG,3R/102MEDIA,1,Small_Mammal,0.2191,1350.2,466.8,2175.1,1093.9
/srv/shared_leopard_toad/2025/Documents/25.08-01.09.2025/3R/102MEDIA/DSCF0060.JPG,DSCF0060.JPG,3R/102MEDIA,1,Small_Mammal,0.4346,1360.4,484.3,2165.0,1089.7
/srv/shared_leopard_toad/2025/Documents/25.08-01.09.2025/3R/102MEDIA/DSCF0060.JPG,DSCF0060.JPG,3R/102MEDIA,1,Small_Mammal,0.3396,1365.0,502.0,2160.4,1092.7
/srv/shared_leopard_toad/2025/Documents/25.08-01.09.2025/3R/102MEDIA/DSCF0060.JPG,DSCF0060.JPG,3R/102MEDIA,1,Small_Mammal,0.2871,1573.5,478.4,2159.2,1089.7
/srv/shared_leopard_toad/2025/Documents/25.08-01.09.2025/3R/102MEDIA/DSCF0943.JPG,DSCF0943.JPG,3R/102MEDIA,1,Small_Mammal,0.2137,1737.4,712.3,2129.2,1041.8
/srv/shared_leopard_toad/2025/Documents/25.08-01.09.2025/3R/102MEDIA/DSCF0143.JPG,DSCF0143.JPG,3R/102MEDIA,1,Small_Mammal,0.4275,1359.4,620.2,2160.7,1100.0
/srv/shared_leopard_toad/2025/Documents/25.08-01.09.2025/3R/102MEDIA/DSCF0143.JPG,DSCF0143.JPG,3R/102MEDIA,1,Small_Mammal,0.2351,1350.6,433.6,2174.8,1093.2
/srv/shared_leopard_toad/2025/Documents/25.08-01.09.2025/3R/102MEDIA/DSCF0151.JPG,DSCF0151.JPG,3R/102MEDIA,1,Small_Mammal,0.5122,1358.4,587.3,2159.1,1097.5
/srv/shared_leopard_toad/2025/Documents/25.08-01.09.2025/3R/102MEDIA/DSCF0151.JPG,DSCF0151.JPG,3R/102MEDIA,1,Small_Mammal,0.2893,1359.1,364.7,2166.3,1094.9
/srv/shared_leopard_toad/2025/Documents/25.08-01.09.2025/3R/102MEDIA/DSCF0534.JPG,DSCF0534.JPG,3R/102MEDIA,1,Small_Mammal,0.2073,1347.9,597.5,2148.6,1068.1
/srv/shared_leopard_toad/2025/Documents/25.08-01.09.2025/3R/102MEDIA/DSCF0041.JPG,DSCF0041.JPG,3R/102MEDIA,1,Small_Mammal,0.4705,1365.0,469.9,2173.5,1090.8
/srv/shared_leopard_toad/2025/Documents/25.08-01.09.2025/3R/102MEDIA/DSCF0041.JPG,DSCF0041.JPG,3R/102MEDIA,1,Small_Mammal,0.4609,1396.5,467.7,2165.6,1091.5
/srv/shared_leopard_toad/2025/Documents/25.08-01.09.2025/3R/102MEDIA/DSCF0041.JPG,DSCF0041.JPG,3R/102MEDIA,1,Small_Mammal,0.4473,1688.5,468.3,2175.5,1088.0
/srv/shared_leopard_toad/2025/Documents/25.08-01.09.2025/3R/102MEDIA/DSCF0157.JPG,DSCF0157.JPG,3R/102MEDIA,1,Small_Mammal,0.3115,1356.5,350.7,2161.0,1093.4
/srv/shared_leopard_toad/2025/Documents/25.08-01.09.2025/3R/102MEDIA/DSCF0157.JPG,DSCF0157.JPG,3R/102MEDIA,1,Small_Mammal,0.2874,1359.8,594.9,2157.8,1100.2
/srv/shared_leopard_toad/2025/Documents/25.08-01.09.2025/3R/102MEDIA/DSCF0781.JPG,DSCF0781.JPG,3R/102MEDIA,1,Small_Mammal,0.2690,1354.5,588.8,2139.4,1115.2
/srv/shared_leopard_toad/2025/Documents/25.08-01.09.2025/3R/102MEDIA/DSCF0634.JPG,DSCF0634.JPG,3R/102MEDIA,1,Small_Mammal,0.3364,1356.1,596.2,2150.9,1093.0
/srv/shared_leopard_toad/2025/Documents/25.08-01.09.2025/3R/102MEDIA/DSCF0528.JPG,DSCF0528.JPG,3R/102MEDIA,1,Small_Mammal,0.2849,1355.5,596.3,2151.5,1098.7
/srv/shared_leopard_toad/2025/Documents/25.08-01.09.2025/3R/102MEDIA/DSCF0008.JPG,DSCF0008.JPG,3R/102MEDIA,1,Small_Mammal,0.4924,1356.1,588.0,2150.9,1095.2
/srv/shared_leopard_toad/2025/Documents/25.08-01.09.2025/3R/102MEDIA/DSCF0008.JPG,DSCF0008.JPG,3R/102MEDIA,1,Small_Mammal,0.2532,1353.5,465.5,2169.2,1090.8
/srv/shared_leopard_toad/2025/Documents/25.08-01.09.2025/3R/102MEDIA/DSCF0155.JPG,DSCF0155.JPG,3R/102MEDIA,0,Other_Amphibian,0.5083,480.2,-3.2,606.6,43.4
/srv/shared_leopard_toad/2025/Documents/25.08-01.09.2025/3R/102MEDIA/DSCF0155.JPG,DSCF0155.JPG,3R/102MEDIA,1,Small_Mammal,0.2795,1352.9,352.9,2167.3,1093.4
/srv/shared_leopard_toad/2025/Documents/25.08-01.09.2025/3R/102MEDIA/DSCF0837.JPG,DSCF0837.JPG,3R/102MEDIA,2,Western_Leopard_Toad,0.6172,2630.9,1491.9,2792.4,1712.3
/srv/shared_leopard_toad/2025/Documents/25.08-01.09.2025/3R/102MEDIA/DSCF0125.JPG,DSCF0125.JPG,3R/102MEDIA,1,Small_Mammal,0.4175,1356.8,384.6,2179.1,1093.4
/srv/shared_leopard_toad/2025/Documents/25.08-01.09.2025/3R/102MEDIA/DSCF0125.JPG,DSCF0125.JPG,3R/102MEDIA,1,Small_Mammal,0.4153,1358.1,596.3,2162.0,1095.8
/srv/shared_leopard_toad/2025/Documents/25.08-01.09.2025/3R/102MEDIA/DSCF0853.JPG,DSCF0853.JPG,3R/102MEDIA,2,Western_Leopard_Toad,0.5981,2629.3,1492.6,2793.9,1711.5
/srv/shared_leopard_toad/2025/Documents/25.08-01.09.2025/3R/102MEDIA/DSCF0006.JPG,DSCF0006.JPG,3R/102MEDIA,1,Small_Mammal,0.2220,1347.0,480.3,2173.2,1074.6
/srv/shared_leopard_toad/2025/Documents/25.08-01.09.2025/3R/102MEDIA/DSCF0959.JPG,DSCF0959.JPG,3R/102MEDIA,0,Other_Amphibian,0.2629,1902.5,1668.9,2056.0,1842.4
/srv/shared_leopard_toad/2025/Documents/25.08-01.09.2025/3R/102MEDIA/DSCF0608.JPG,DSCF0608.JPG,3R/102MEDIA,1,Small_Mammal,0.2593,1359.8,622.9,2155.1,1113.5
/srv/shared_leopard_toad/2025/Documents/25.08-01.09.2025/3R/102MEDIA/DSCF0556.JPG,DSCF0556.JPG,3R/102MEDIA,1,Small_Mammal,0.3308,1346.3,588.8,2150.2,1087.1
/srv/shared_leopard_toad/2025/Documents/25.08-01.09.2025/3R/102MEDIA/DSCF0862.JPG,DSCF0862.JPG,3R/102MEDIA,2,Western_Leopard_Toad,0.5186,2630.0,1490.8,2793.3,1710.4
/srv/shared_leopard_toad/2025/Documents/25.08-01.09.2025/3R/102MEDIA/DSCF0057.JPG,DSCF0057.JPG,3R/102MEDIA,1,Small_Mammal,0.4209,1391.2,597.1,2152.5,1096.5
/srv/shared_leopard_toad/2025/Documents/25.08-01.09.2025/3R/102MEDIA/DSCF0057.JPG,DSCF0057.JPG,3R/102MEDIA,1,Small_Mammal,0.2534,1351.2,439.3,2171.5,1090.4
/srv/shared_leopard_toad/2025/Documents/25.08-01.09.2025/3R/102MEDIA/DSCF0057.JPG,DSCF0057.JPG,3R/102MEDIA,1,Small_Mammal,0.2260,1675.4,454.8,2178.1,1091.2
/srv/shared_leopard_toad/2025/Documents/25.08-01.09.2025/3R/102MEDIA/DSCF0057.JPG,DSCF0057.JPG,3R/102MEDIA,1,Small_Mammal,0.2167,1707.1,440.0,2172.7,1088.2
/srv/shared_leopard_toad/2025/Documents/25.08-01.09.2025/3R/102MEDIA/DSCF0165.JPG,DSCF0165.JPG,3R/102MEDIA,1,Small_Mammal,0.5688,1352.9,582.3,2159.4,1101.0
/srv/shared_leopard_toad/2025/Documents/25.08-01.09.2025/3R/102MEDIA/DSCF0165.JPG,DSCF0165.JPG,3R/102MEDIA,1,Small_Mammal,0.2074,1371.6,56.8,2185.3,1094.9
/srv/shared_leopard_toad/2025/Documents/25.08-01.09.2025/3R/102MEDIA/DSCF0615.JPG,DSCF0615.JPG,3R/102MEDIA,1,Small_Mammal,0.2246,1447.0,718.9,2162.3,1103.2
/srv/shared_leopard_toad/2025/Documents/25.08-01.09.2025/3R/102MEDIA/DSCF0723.JPG,DSCF0723.JPG,3R/102MEDIA,1,Small_Mammal,0.2058,1354.5,599.9,2131.5,1118.9
/srv/shared_leopard_toad/2025/Documents/25.08-01.09.2025/3R/102MEDIA/DSCF0174.JPG,DSCF0174.JPG,3R/102MEDIA,1,Small_Mammal,0.3469,1357.1,590.4,2157.8,1104.7
/srv/shared_leopard_toad/2025/Documents/25.08-01.09.2025/3R/102MEDIA/DSCF0174.JPG,DSCF0174.JPG,3R/102MEDIA,1,Small_Mammal,0.2500,1350.2,354.9,2156.8,1095.1
/srv/shared_leopard_toad/2025/Documents/25.08-01.09.2025/3R/102MEDIA/DSCF0117.JPG,DSCF0117.JPG,3R/102MEDIA,1,Small_Mammal,0.4192,1353.5,467.1,2174.5,1095.1
/srv/shared_leopard_toad/2025/Documents/25.08-01.09.2025/3R/102MEDIA/DSCF0117.JPG,DSCF0117.JPG,3R/102MEDIA,1,Small_Mammal,0.3052,1348.9,589.7,2158.1,1095.1
/srv/shared_leopard_toad/2025/Documents/25.08-01.09.2025/3R/102MEDIA/DSCF0117.JPG,DSCF0117.JPG,3R/102MEDIA,1,Small_Mammal,0.2566,1682.0,470.7,2182.0,1091.5
/srv/shared_leopard_toad/2025/Documents/25.08-01.09.2025/3R/102MEDIA/DSCF0063.JPG,DSCF0063.JPG,3R/102MEDIA,1,Small_Mammal,0.4561,1355.8,481.2,2169.6,1092.8
/srv/shared_leopard_toad/2025/Documents/25.08-01.09.2025/3R/102MEDIA/DSCF0063.JPG,DSCF0063.JPG,3R/102MEDIA,1,Small_Mammal,0.3652,1358.4,491.7,2164.3,1097.1
/srv/shared_leopard_toad/2025/Documents/25.08-01.09.2025/3R/102MEDIA/DSCF0063.JPG,DSCF0063.JPG,3R/102MEDIA,1,Small_Mammal,0.2874,1600.3,477.3,2164.0,1092.3
/srv/shared_leopard_toad/2025/Documents/25.08-01.09.2025/3R/102MEDIA/DSCF0152.JPG,DSCF0152.JPG,3R/102MEDIA,1,Small_Mammal,0.4395,1364.7,608.5,2158.1,1096.9
/srv/shared_leopard_toad/2025/Documents/25.08-01.09.2025/3R/102MEDIA/DSCF0152.JPG,DSCF0152.JPG,3R/102MEDIA,1,Small_Mammal,0.3125,1356.1,340.2,2171.9,1089.1
/srv/shared_leopard_toad/2025/Documents/25.08-01.09.2025/3R/102MEDIA/DSCF0036.JPG,DSCF0036.JPG,3R/102MEDIA,1,Small_Mammal,0.4397,1359.4,496.1,2158.1,1094.1
/srv/shared_leopard_toad/2025/Documents/25.08-01.09.2025/3R/102MEDIA/DSCF0036.JPG,DSCF0036.JPG,3R/102MEDIA,1,Small_Mammal,0.3411,1355.5,487.5,2169.9,1091.0
/srv/shared_leopard_toad/2025/Documents/25.08-01.09.2025/3R/102MEDIA/DSCF0036.JPG,DSCF0036.JPG,3R/102MEDIA,1,Small_Mammal,0.3152,1701.0,474.7,2168.2,1086.0
/srv/shared_leopard_toad/2025/Documents/25.08-01.09.2025/3R/102MEDIA/DSCF0052.JPG,DSCF0052.JPG,3R/102MEDIA,1,Small_Mammal,0.4194,1359.4,472.9,2168.6,1092.3
/srv/shared_leopard_toad/2025/Documents/25.08-01.09.2025/3R/102MEDIA/DSCF0052.JPG,DSCF0052.JPG,3R/102MEDIA,1,Small_Mammal,0.3188,1361.1,472.7,2169.6,1092.5
/srv/shared_leopard_toad/2025/Documents/25.08-01.09.2025/3R/102MEDIA/DSCF0052.JPG,DSCF0052.JPG,3R/102MEDIA,1,Small_Mammal,0.3013,1695.9,471.4,2173.3,1089.3
/srv/shared_leopard_toad/2025/Documents/25.08-01.09.2025/3R/102MEDIA/DSCF0052.JPG,DSCF0052.JPG,3R/102MEDIA,1,Small_Mammal,0.2330,1557.1,473.2,2167.8,1096.3
/srv/shared_leopard_toad/2025/Documents/25.08-01.09.2025/3R/102MEDIA/DSCF0838.JPG,DSCF0838.JPG,3R/102MEDIA,2,Western_Leopard_Toad,0.4980,2629.5,1489.2,2793.8,1712.0
/srv/shared_leopard_toad/2025/Documents/25.08-01.09.2025/3R/102MEDIA/DSCF0189.JPG,DSCF0189.JPG,3R/102MEDIA,1,Small_Mammal,0.3511,1356.8,596.9,2160.7,1098.2
/srv/shared_leopard_toad/2025/Documents/25.08-01.09.2025/3R/102MEDIA/DSCF0189.JPG,DSCF0189.JPG,3R/102MEDIA,1,Small_Mammal,0.2849,1353.2,337.8,2164.3,1088.6
/srv/shared_leopard_toad/2025/Documents/25.08-01.09.2025/3R/102MEDIA/DSCF0171.JPG,DSCF0171.JPG,3R/102MEDIA,1,Small_Mammal,0.4824,1360.4,346.1,2170.2,1095.1
/srv/shared_leopard_toad/2025/Documents/25.08-01.09.2025/3R/102MEDIA/DSCF0171.JPG,DSCF0171.JPG,3R/102MEDIA,1,Small_Mammal,0.2874,1355.5,599.3,2156.8,1098.7
/srv/shared_leopard_toad/2025/Documents/25.08-01.09.2025/3R/102MEDIA/DSCF0171.JPG,DSCF0171.JPG,3R/102MEDIA,1,Small_Mammal,0.2494,1455.9,340.7,2177.1,1090.1
/srv/shared_leopard_toad/2025/Documents/25.08-01.09.2025/3R/102MEDIA/DSCF0729.JPG,DSCF0729.JPG,3R/102MEDIA,1,Small_Mammal,0.2002,1357.5,605.9,2136.4,1114.3
/srv/shared_leopard_toad/2025/Documents/25.08-01.09.2025/3R/102MEDIA/DSCF0045.JPG,DSCF0045.JPG,3R/102MEDIA,1,Small_Mammal,0.4656,1361.4,453.1,2174.5,1088.4
/srv/shared_leopard_toad/2025/Documents/25.08-01.09.2025/3R/102MEDIA/DSCF0045.JPG,DSCF0045.JPG,3R/102MEDIA,1,Small_Mammal,0.3552,1363.0,455.3,2172.8,1090.6
/srv/shared_leopard_toad/2025/Documents/25.08-01.09.2025/3R/102MEDIA/DSCF0045.JPG,DSCF0045.JPG,3R/102MEDIA,1,Small_Mammal,0.2681,1687.2,452.6,2174.2,1089.0
/srv/shared_leopard_toad/2025/Documents/25.08-01.09.2025/3R/102MEDIA/DSCF0848.JPG,DSCF0848.JPG,3R/102MEDIA,2,Western_Leopard_Toad,0.7720,2630.0,1490.9,2793.3,1713.3
/srv/shared_leopard_toad/2025/Documents/25.08-01.09.2025/3R/102MEDIA/DSCF0145.JPG,DSCF0145.JPG,3R/102MEDIA,1,Small_Mammal,0.3508,1357.1,589.1,2160.4,1098.6
/srv/shared_leopard_toad/2025/Documents/25.08-01.09.2025/3R/102MEDIA/DSCF0145.JPG,DSCF0145.JPG,3R/102MEDIA,1,Small_Mammal,0.2754,1350.2,381.9,2167.3,1089.5
/srv/shared_leopard_toad/2025/Documents/25.08-01.09.2025/3R/102MEDIA/DSCF0861.JPG,DSCF0861.JPG,3R/102MEDIA,2,Western_Leopard_Toad,0.2537,2628.9,1489.8,2794.4,1711.4
/srv/shared_leopard_toad/2025/Documents/25.08-01.09.2025/3R/102MEDIA/DSCF0096.JPG,DSCF0096.JPG,3R/102MEDIA,1,Small_Mammal,0.3911,1359.1,481.7,2158.4,1098.2
/srv/shared_leopard_toad/2025/Documents/25.08-01.09.2025/3R/102MEDIA/DSCF0096.JPG,DSCF0096.JPG,3R/102MEDIA,1,Small_Mammal,0.3906,1359.1,485.6,2168.9,1094.3
/srv/shared_leopard_toad/2025/Documents/25.08-01.09.2025/3R/102MEDIA/DSCF0096.JPG,DSCF0096.JPG,3R/102MEDIA,1,Small_Mammal,0.3813,1699.2,482.7,2164.8,1092.8
/srv/shared_leopard_toad/2025/Documents/25.08-01.09.2025/3R/102MEDIA/DSCF0096.JPG,DSCF0096.JPG,3R/102MEDIA,1,Small_Mammal,0.2292,1594.0,479.7,2167.6,1097.3
/srv/shared_leopard_toad/2025/Documents/25.08-01.09.2025/3R/102MEDIA/DSCF0053.JPG,DSCF0053.JPG,3R/102MEDIA,1,Small_Mammal,0.4836,1380.4,480.3,2158.1,1096.7
/srv/shared_leopard_toad/2025/Documents/25.08-01.09.2025/3R/102MEDIA/DSCF0053.JPG,DSCF0053.JPG,3R/102MEDIA,1,Small_Mammal,0.4399,1364.3,478.8,2168.9,1090.8
/srv/shared_leopard_toad/2025/Documents/25.08-01.09.2025/3R/102MEDIA/DSCF0053.JPG,DSCF0053.JPG,3R/102MEDIA,1,Small_Mammal,0.2837,1668.4,475.1,2172.0,1090.1
/srv/shared_leopard_toad/2025/Documents/25.08-01.09.2025/3R/102MEDIA/DSCF0149.JPG,DSCF0149.JPG,3R/102MEDIA,1,Small_Mammal,0.4575,1359.1,475.1,2168.9,1094.5
/srv/shared_leopard_toad/2025/Documents/25.08-01.09.2025/3R/102MEDIA/DSCF0149.JPG,DSCF0149.JPG,3R/102MEDIA,1,Small_Mammal,0.3311,1357.5,568.5,2157.4,1097.1
/srv/shared_leopard_toad/2025/Documents/25.08-01.09.2025/3R/102MEDIA/DSCF0149.JPG,DSCF0149.JPG,3R/102MEDIA,1,Small_Mammal,0.2297,1624.7,470.3,2173.7,1090.4
/srv/shared_leopard_toad/2025/Documents/25.08-01.09.2025/3R/102MEDIA/DSCF0731.JPG,DSCF0731.JPG,3R/102MEDIA,1,Small_Mammal,0.2615,1354.5,594.1,2142.0,1109.8
/srv/shared_leopard_toad/2025/Documents/25.08-01.09.2025/3R/102MEDIA/DSCF0106.JPG,DSCF0106.JPG,3R/102MEDIA,1,Small_Mammal,0.2338,1349.9,370.8,2162.3,1091.7
/srv/shared_leopard_toad/2025/Documents/25.08-01.09.2025/3R/102MEDIA/DSCF0106.JPG,DSCF0106.JPG,3R/102MEDIA,1,Small_Mammal,0.2061,1355.5,602.4,2156.8,1100.0
/srv/shared_leopard_toad/2025/Documents/25.08-01.09.2025/3R/102MEDIA/DSCF0148.JPG,DSCF0148.JPG,3R/102MEDIA,1,Small_Mammal,0.3501,1355.5,601.1,2162.0,1095.4
/srv/shared_leopard_toad/2025/Documents/25.08-01.09.2025/3R/102MEDIA/DSCF0148.JPG,DSCF0148.JPG,3R/102MEDIA,1,Small_Mammal,0.3389,1350.6,368.6,2174.8,1089.5
/srv/shared_leopard_toad/2025/Documents/25.08-01.09.2025/3R/102MEDIA/DSCF0148.JPG,DSCF0148.JPG,3R/102MEDIA,1,Small_Mammal,0.2194,1374.2,34.0,2172.2,1097.8
/srv/shared_leopard_toad/2025/Documents/25.08-01.09.2025/3R/102MEDIA/DSCF0842.JPG,DSCF0842.JPG,3R/102MEDIA,2,Western_Leopard_Toad,0.3245,2630.1,1490.0,2793.2,1714.1
/srv/shared_leopard_toad/2025/Documents/25.08-01.09.2025/3R/102MEDIA/DSCF0178.JPG,DSCF0178.JPG,3R/102MEDIA,1,Small_Mammal,0.4717,1359.4,586.4,2163.3,1096.9
/srv/shared_leopard_toad/2025/Documents/25.08-01.09.2025/3R/102MEDIA/DSCF0178.JPG,DSCF0178.JPG,3R/102MEDIA,1,Small_Mammal,0.2810,1355.8,391.7,2172.2,1093.8
/srv/shared_leopard_toad/2025/Documents/25.08-01.09.2025/3R/102MEDIA/DSCF0738.JPG,DSCF0738.JPG,3R/102MEDIA,1,Small_Mammal,0.2394,1357.8,705.4,2138.7,1119.6
/srv/shared_leopard_toad/2025/Documents/25.08-01.09.2025/3R/102MEDIA/DSCF0097.JPG,DSCF0097.JPG,3R/102MEDIA,1,Small_Mammal,0.4265,1419.8,611.7,2155.5,1101.1
/srv/shared_leopard_toad/2025/Documents/25.08-01.09.2025/3R/102MEDIA/DSCF0097.JPG,DSCF0097.JPG,3R/102MEDIA,1,Small_Mammal,0.3052,1362.4,473.2,2170.9,1096.3
/srv/shared_leopard_toad/2025/Documents/25.08-01.09.2025/3R/102MEDIA/DSCF0097.JPG,DSCF0097.JPG,3R/102MEDIA,1,Small_Mammal,0.2338,1581.7,638.4,2156.3,1101.0
/srv/shared_leopard_toad/2025/Documents/25.08-01.09.2025/3R/102MEDIA/DSCF0536.JPG,DSCF0536.JPG,3R/102MEDIA,1,Small_Mammal,0.3232,1353.8,598.9,2153.2,1109.5
/srv/shared_leopard_toad/2025/Documents/25.08-01.09.2025/3R/102MEDIA/DSCF0683.JPG,DSCF0683.JPG,3R/102MEDIA,1,Small_Mammal,0.2676,1357.8,600.8,2123.0,1120.9
/srv/shared_leopard_toad/2025/Documents/25.08-01.09.2025/3R/102MEDIA/DSCF0494.JPG,DSCF0494.JPG,3R/102MEDIA,1,Small_Mammal,0.2081,1348.6,596.5,2153.2,1069.0
/srv/shared_leopard_toad/2025/Documents/25.08-01.09.2025/3R/102MEDIA/DSCF0072.JPG,DSCF0072.JPG,3R/102MEDIA,1,Small_Mammal,0.4839,1363.0,467.3,2165.0,1094.9
/srv/shared_leopard_toad/2025/Documents/25.08-01.09.2025/3R/102MEDIA/DSCF0072.JPG,DSCF0072.JPG,3R/102MEDIA,1,Small_Mammal,0.3489,1617.8,468.1,2162.2,1094.1
/srv/shared_leopard_toad/2025/Documents/25.08-01.09.2025/3R/102MEDIA/DSCF0072.JPG,DSCF0072.JPG,3R/102MEDIA,1,Small_Mammal,0.3325,1364.7,479.5,2155.5,1098.9
/srv/shared_leopard_toad/2025/Documents/25.08-01.09.2025/3R/102MEDIA/DSCF0134.JPG,DSCF0134.JPG,3R/102MEDIA,1,Small_Mammal,0.3552,1361.7,596.3,2161.0,1101.7
/srv/shared_leopard_toad/2025/Documents/25.08-01.09.2025/3R/102MEDIA/DSCF0134.JPG,DSCF0134.JPG,3R/102MEDIA,1,Small_Mammal,0.2551,1355.5,456.1,2169.9,1097.3
/srv/shared_leopard_toad/2025/Documents/25.08-01.09.2025/3R/102MEDIA/DSCF0023.JPG,DSCF0023.JPG,3R/102MEDIA,1,Small_Mammal,0.5405,1374.5,481.9,2158.7,1096.5
/srv/shared_leopard_toad/2025/Documents/25.08-01.09.2025/3R/102MEDIA/DSCF0023.JPG,DSCF0023.JPG,3R/102MEDIA,1,Small_Mammal,0.4709,1365.7,480.4,2170.2,1095.1
/srv/shared_leopard_toad/2025/Documents/25.08-01.09.2025/3R/102MEDIA/DSCF0023.JPG,DSCF0023.JPG,3R/102MEDIA,1,Small_Mammal,0.3157,1679.3,481.2,2171.5,1095.8
/srv/shared_leopard_toad/2025/Documents/25.08-01.09.2025/3R/102MEDIA/DSCF0158.JPG,DSCF0158.JPG,3R/102MEDIA,1,Small_Mammal,0.4238,1361.1,345.0,2169.6,1096.9
/srv/shared_leopard_toad/2025/Documents/25.08-01.09.2025/3R/102MEDIA/DSCF0158.JPG,DSCF0158.JPG,3R/102MEDIA,1,Small_Mammal,0.3782,1362.0,590.6,2158.1,1100.0
/srv/shared_leopard_toad/2025/Documents/25.08-01.09.2025/3R/102MEDIA/DSCF0158.JPG,DSCF0158.JPG,3R/102MEDIA,1,Small_Mammal,0.2197,1662.0,349.2,2186.3,1092.7
/srv/shared_leopard_toad/2025/Documents/25.08-01.09.2025/3R/102MEDIA/DSCF0567.JPG,DSCF0567.JPG,3R/102MEDIA,1,Small_Mammal,0.2229,1350.6,595.6,2156.4,1061.1
/srv/shared_leopard_toad/2025/Documents/25.08-01.09.2025/3R/102MEDIA/DSCF0965.JPG,DSCF0965.JPG,3R/102MEDIA,0,Other_Amphibian,0.2871,388.9,565.7,498.4,752.9
/srv/shared_leopard_toad/2025/Documents/25.08-01.09.2025/3R/102MEDIA/DSCF0745.JPG,DSCF0745.JPG,3R/102MEDIA,0,Other_Amphibian,0.8413,477.6,85.3,724.7,297.9
/srv/shared_leopard_toad/2025/Documents/25.08-01.09.2025/3R/102MEDIA/DSCF0127.JPG,DSCF0127.JPG,3R/102MEDIA,1,Small_Mammal,0.3799,1358.1,352.0,2175.1,1094.3
/srv/shared_leopard_toad/2025/Documents/25.08-01.09.2025/3R/102MEDIA/DSCF0127.JPG,DSCF0127.JPG,3R/102MEDIA,1,Small_Mammal,0.3708,1353.8,587.7,2163.7,1098.6
/srv/shared_leopard_toad/2025/Documents/25.08-01.09.2025/3R/102MEDIA/DSCF0095.JPG,DSCF0095.JPG,3R/102MEDIA,1,Small_Mammal,0.4631,1363.0,463.5,2172.8,1097.3
/srv/shared_leopard_toad/2025/Documents/25.08-01.09.2025/3R/102MEDIA/DSCF0095.JPG,DSCF0095.JPG,3R/102MEDIA,1,Small_Mammal,0.3320,1666.5,468.6,2179.1,1096.5
/srv/shared_leopard_toad/2025/Documents/25.08-01.09.2025/3R/102MEDIA/DSCF0095.JPG,DSCF0095.JPG,3R/102MEDIA,1,Small_Mammal,0.2971,1363.7,486.9,2161.7,1098.9
/srv/shared_leopard_toad/2025/Documents/25.08-01.09.2025/3R/102MEDIA/DSCF0154.JPG,DSCF0154.JPG,3R/102MEDIA,0,Other_Amphibian,0.3948,493.9,-2.8,613.9,44.4
/srv/shared_leopard_toad/2025/Documents/25.08-01.09.2025/3R/102MEDIA/DSCF0154.JPG,DSCF0154.JPG,3R/102MEDIA,1,Small_Mammal,0.3440,1362.4,613.9,2160.4,1101.9
/srv/shared_leopard_toad/2025/Documents/25.08-01.09.2025/3R/102MEDIA/DSCF0186.JPG,DSCF0186.JPG,3R/102MEDIA,1,Small_Mammal,0.3708,1705.8,482.7,2176.6,1092.8
/srv/shared_leopard_toad/2025/Documents/25.08-01.09.2025/3R/102MEDIA/DSCF0186.JPG,DSCF0186.JPG,3R/102MEDIA,1,Small_Mammal,0.3474,1346.6,572.7,2160.4,1094.3
/srv/shared_leopard_toad/2025/Documents/25.08-01.09.2025/3R/102MEDIA/DSCF0186.JPG,DSCF0186.JPG,3R/102MEDIA,1,Small_Mammal,0.2632,1346.6,497.6,2176.1,1089.7
/srv/shared_leopard_toad/2025/Documents/25.08-01.09.2025/3R/102MEDIA/DSCF0123.JPG,DSCF0123.JPG,3R/102MEDIA,1,Small_Mammal,0.2732,1356.5,602.4,2158.4,1105.9
/srv/shared_leopard_toad/2025/Documents/25.08-01.09.2025/3R/102MEDIA/DSCF0666.JPG,DSCF0666.JPG,3R/102MEDIA,1,Small_Mammal,0.2140,1356.5,595.8,2150.5,1117.0
/srv/shared_leopard_toad/2025/Documents/25.08-01.09.2025/3R/102MEDIA/DSCF0049.JPG,DSCF0049.JPG,3R/102MEDIA,1,Small_Mammal,0.4453,1360.7,456.1,2172.5,1097.3
/srv/shared_leopard_toad/2025/Documents/25.08-01.09.2025/3R/102MEDIA/DSCF0049.JPG,DSCF0049.JPG,3R/102MEDIA,1,Small_Mammal,0.3855,1363.7,458.3,2161.7,1098.0
/srv/shared_leopard_toad/2025/Documents/25.08-01.09.2025/3R/102MEDIA/DSCF0049.JPG,DSCF0049.JPG,3R/102MEDIA,1,Small_Mammal,0.3606,1673.6,450.9,2177.3,1095.1
/srv/shared_leopard_toad/2025/Documents/25.08-01.09.2025/3R/102MEDIA/DSCF0635.JPG,DSCF0635.JPG,3R/102MEDIA,1,Small_Mammal,0.2042,1349.9,595.4,2154.5,1068.7
/srv/shared_leopard_toad/2025/Documents/25.08-01.09.2025/3R/102MEDIA/DSCF0065.JPG,DSCF0065.JPG,3R/102MEDIA,1,Small_Mammal,0.4768,1363.7,479.7,2169.6,1089.9
/srv/shared_leopard_toad/2025/Documents/25.08-01.09.2025/3R/102MEDIA/DSCF0065.JPG,DSCF0065.JPG,3R/102MEDIA,1,Small_Mammal,0.4353,1648.8,475.8,2170.5,1089.3
/srv/shared_leopard_toad/2025/Documents/25.08-01.09.2025/3R/102MEDIA/DSCF0065.JPG,DSCF0065.JPG,3R/102MEDIA,1,Small_Mammal,0.3516,1392.9,571.4,2145.6,1092.7
/srv/shared_leopard_toad/2025/Documents/25.08-01.09.2025/3R/102MEDIA/DSCF0074.JPG,DSCF0074.JPG,3R/102MEDIA,1,Small_Mammal,0.3555,1358.1,368.6,2172.5,1093.9
/srv/shared_leopard_toad/2025/Documents/25.08-01.09.2025/3R/102MEDIA/DSCF0074.JPG,DSCF0074.JPG,3R/102MEDIA,1,Small_Mammal,0.2388,1353.5,552.0,2153.5,1095.8
/srv/shared_leopard_toad/2025/Documents/25.08-01.09.2025/3R/102MEDIA/DSCF0074.JPG,DSCF0074.JPG,3R/102MEDIA,1,Small_Mammal,0.2096,1542.0,383.5,2164.5,1093.0
/srv/shared_leopard_toad/2025/Documents/25.08-01.09.2025/3R/102MEDIA/DSCF0110.JPG,DSCF0110.JPG,3R/102MEDIA,1,Small_Mammal,0.3748,1352.5,345.9,2172.8,1090.8
/srv/shared_leopard_toad/2025/Documents/25.08-01.09.2025/3R/102MEDIA/DSCF0110.JPG,DSCF0110.JPG,3R/102MEDIA,1,Small_Mammal,0.2717,1350.2,587.7,2156.8,1097.1
/srv/shared_leopard_toad/2025/Documents/25.08-01.09.2025/3R/102MEDIA/DSCF0533.JPG,DSCF0533.JPG,3R/102MEDIA,1,Small_Mammal,0.2257,1353.8,594.3,2150.5,1086.0
/srv/shared_leopard_toad/2025/Documents/25.08-01.09.2025/3R/102MEDIA/DSCF0511.JPG,DSCF0511.JPG,3R/102MEDIA,1,Small_Mammal,0.2010,1349.9,601.9,2154.5,1060.7
/srv/shared_leopard_toad/2025/Documents/25.08-01.09.2025/3R/102MEDIA/DSCF0622.JPG,DSCF0622.JPG,3R/102MEDIA,1,Small_Mammal,0.2222,1356.8,675.3,2150.2,1112.8
/srv/shared_leopard_toad/2025/Documents/25.08-01.09.2025/3R/102MEDIA/DSCF0621.JPG,DSCF0621.JPG,3R/102MEDIA,1,Small_Mammal,0.2134,1376.2,690.3,2151.8,1103.7
/srv/shared_leopard_toad/2025/Documents/25.08-01.09.2025/3R/102MEDIA/DSCF0030.JPG,DSCF0030.JPG,3R/102MEDIA,1,Small_Mammal,0.5601,1371.6,469.5,2169.6,1095.6
/srv/shared_leopard_toad/2025/Documents/25.08-01.09.2025/3R/102MEDIA/DSCF0030.JPG,DSCF0030.JPG,3R/102MEDIA,1,Small_Mammal,0.5288,1368.6,468.1,2164.6,1094.1
/srv/shared_leopard_toad/2025/Documents/25.08-01.09.2025/3R/102MEDIA/DSCF0030.JPG,DSCF0030.JPG,3R/102MEDIA,1,Small_Mammal,0.4905,1698.7,468.3,2167.9,1092.5
/srv/shared_leopard_toad/2025/Documents/25.08-01.09.2025/3R/102MEDIA/DSCF0121.JPG,DSCF0121.JPG,3R/102MEDIA,1,Small_Mammal,0.3887,1354.2,383.5,2173.8,1092.3
/srv/shared_leopard_toad/2025/Documents/25.08-01.09.2025/3R/102MEDIA/DSCF0121.JPG,DSCF0121.JPG,3R/102MEDIA,1,Small_Mammal,0.3379,1350.6,574.9,2156.4,1093.6
/srv/shared_leopard_toad/2025/Documents/25.08-01.09.2025/3R/102MEDIA/DSCF0113.JPG,DSCF0113.JPG,3R/102MEDIA,1,Small_Mammal,0.3396,1356.5,405.7,2176.8,1095.2
/srv/shared_leopard_toad/2025/Documents/25.08-01.09.2025/3R/102MEDIA/DSCF0113.JPG,DSCF0113.JPG,3R/102MEDIA,1,Small_Mammal,0.3040,1363.4,521.6,2164.6,1098.2
/srv/shared_leopard_toad/2025/Documents/25.08-01.09.2025/3R/102MEDIA/DSCF0113.JPG,DSCF0113.JPG,3R/102MEDIA,1,Small_Mammal,0.2150,1684.1,459.8,2174.6,1087.7
/srv/shared_leopard_toad/2025/Documents/25.08-01.09.2025/3R/102MEDIA/DSCF0867.JPG,DSCF0867.JPG,3R/102MEDIA,2,Western_Leopard_Toad,0.2642,2631.6,1491.9,2796.9,1712.3
/srv/shared_leopard_toad/2025/Documents/25.08-01.09.2025/3R/102MEDIA/DSCF0091.JPG,DSCF0091.JPG,3R/102MEDIA,1,Small_Mammal,0.4170,1358.4,486.0,2166.9,1092.5
/srv/shared_leopard_toad/2025/Documents/25.08-01.09.2025/3R/102MEDIA/DSCF0091.JPG,DSCF0091.JPG,3R/102MEDIA,1,Small_Mammal,0.3357,1359.8,487.3,2165.6,1094.1
/srv/shared_leopard_toad/2025/Documents/25.08-01.09.2025/3R/102MEDIA/DSCF0091.JPG,DSCF0091.JPG,3R/102MEDIA,1,Small_Mammal,0.2031,1675.4,483.8,2175.5,1088.8
/srv/shared_leopard_toad/2025/Documents/25.08-01.09.2025/3R/102MEDIA/DSCF0130.JPG,DSCF0130.JPG,3R/102MEDIA,1,Small_Mammal,0.3298,1359.1,607.4,2161.0,1102.4
/srv/shared_leopard_toad/2025/Documents/25.08-01.09.2025/3R/102MEDIA/DSCF0130.JPG,DSCF0130.JPG,3R/102MEDIA,1,Small_Mammal,0.3298,1352.9,331.5,2172.5,1092.7
/srv/shared_leopard_toad/2025/Documents/25.08-01.09.2025/3R/102MEDIA/DSCF0632.JPG,DSCF0632.JPG,3R/102MEDIA,1,Small_Mammal,0.2969,1398.1,650.4,2150.9,1118.5
/srv/shared_leopard_toad/2025/Documents/25.08-01.09.2025/3R/102MEDIA/DSCF0031.JPG,DSCF0031.JPG,3R/102MEDIA,1,Small_Mammal,0.6064,1362.0,479.1,2171.2,1089.0
/srv/shared_leopard_toad/2025/Documents/25.08-01.09.2025/3R/102MEDIA/DSCF0031.JPG,DSCF0031.JPG,3R/102MEDIA,1,Small_Mammal,0.4968,1359.1,472.3,2171.5,1085.5
/srv/shared_leopard_toad/2025/Documents/25.08-01.09.2025/3R/102MEDIA/DSCF0841.JPG,DSCF0841.JPG,3R/102MEDIA,2,Western_Leopard_Toad,0.3030,2629.5,1489.4,2793.8,1711.8
/srv/shared_leopard_toad/2025/Documents/25.08-01.09.2025/3R/102MEDIA/DSCF0058.JPG,DSCF0058.JPG,3R/102MEDIA,1,Small_Mammal,0.4314,1360.1,475.8,2173.2,1092.3
/srv/shared_leopard_toad/2025/Documents/25.08-01.09.2025/3R/102MEDIA/DSCF0058.JPG,DSCF0058.JPG,3R/102MEDIA,1,Small_Mammal,0.3447,1360.7,493.5,2164.6,1095.2
/srv/shared_leopard_toad/2025/Documents/25.08-01.09.2025/3R/102MEDIA/DSCF0058.JPG,DSCF0058.JPG,3R/102MEDIA,1,Small_Mammal,0.3025,1567.5,472.9,2170.5,1092.3
/srv/shared_leopard_toad/2025/Documents/25.08-01.09.2025/3R/102MEDIA/DSCF0169.JPG,DSCF0169.JPG,3R/102MEDIA,1,Small_Mammal,0.3801,1357.8,591.2,2159.7,1101.0
/srv/shared_leopard_toad/2025/Documents/25.08-01.09.2025/3R/102MEDIA/DSCF0169.JPG,DSCF0169.JPG,3R/102MEDIA,1,Small_Mammal,0.3560,1356.8,359.4,2168.6,1095.1
/srv/shared_leopard_toad/2025/Documents/25.08-01.09.2025/3R/102MEDIA/DSCF0525.JPG,DSCF0525.JPG,3R/102MEDIA,1,Small_Mammal,0.2510,1358.1,605.0,2154.1,1103.4
/srv/shared_leopard_toad/2025/Documents/25.08-01.09.2025/3R/102MEDIA/DSCF0144.JPG,DSCF0144.JPG,3R/102MEDIA,1,Small_Mammal,0.4668,1367.3,606.1,2158.1,1102.3
/srv/shared_leopard_toad/2025/Documents/25.08-01.09.2025/3R/102MEDIA/DSCF0144.JPG,DSCF0144.JPG,3R/102MEDIA,1,Small_Mammal,0.3174,1354.8,352.9,2167.9,1093.4
/srv/shared_leopard_toad/2025/Documents/25.08-01.09.2025/3R/102MEDIA/DSCF0086.JPG,DSCF0086.JPG,3R/102MEDIA,1,Small_Mammal,0.5376,1368.6,465.7,2164.6,1095.1
/srv/shared_leopard_toad/2025/Documents/25.08-01.09.2025/3R/102MEDIA/DSCF0086.JPG,DSCF0086.JPG,3R/102MEDIA,1,Small_Mammal,0.4265,1670.6,466.6,2167.1,1094.1
/srv/shared_leopard_toad/2025/Documents/25.08-01.09.2025/3R/102MEDIA/DSCF0114.JPG,DSCF0114.JPG,3R/102MEDIA,1,Small_Mammal,0.4617,1361.1,464.9,2177.4,1097.3
/srv/shared_leopard_toad/2025/Documents/25.08-01.09.2025/3R/102MEDIA/DSCF0114.JPG,DSCF0114.JPG,3R/102MEDIA,1,Small_Mammal,0.3896,1357.5,491.0,2170.5,1097.8
/srv/shared_leopard_toad/2025/Documents/25.08-01.09.2025/3R/102MEDIA/DSCF0114.JPG,DSCF0114.JPG,3R/102MEDIA,1,Small_Mammal,0.3564,1693.3,479.3,2173.3,1096.2
/srv/shared_leopard_toad/2025/Documents/25.08-01.09.2025/3R/102MEDIA/DSCF0114.JPG,DSCF0114.JPG,3R/102MEDIA,1,Small_Mammal,0.2260,1525.8,475.8,2175.5,1098.2
/srv/shared_leopard_toad/2025/Documents/25.08-01.09.2025/3R/102MEDIA/DSCF0182.JPG,DSCF0182.JPG,3R/102MEDIA,1,Small_Mammal,0.4297,1358.8,330.4,2171.9,1089.3
/srv/shared_leopard_toad/2025/Documents/25.08-01.09.2025/3R/102MEDIA/DSCF0182.JPG,DSCF0182.JPG,3R/102MEDIA,1,Small_Mammal,0.3818,1355.5,586.6,2162.0,1095.2
/srv/shared_leopard_toad/2025/Documents/25.08-01.09.2025/3R/102MEDIA/DSCF0182.JPG,DSCF0182.JPG,3R/102MEDIA,1,Small_Mammal,0.2157,1351.9,316.4,2168.2,1081.2
/srv/shared_leopard_toad/2025/Documents/25.08-01.09.2025/3R/102MEDIA/DSCF0020.JPG,DSCF0020.JPG,3R/102MEDIA,1,Small_Mammal,0.5063,1361.7,475.8,2166.3,1096.7
/srv/shared_leopard_toad/2025/Documents/25.08-01.09.2025/3R/102MEDIA/DSCF0020.JPG,DSCF0020.JPG,3R/102MEDIA,1,Small_Mammal,0.4016,1356.8,472.7,2173.8,1092.5
/srv/shared_leopard_toad/2025/Documents/25.08-01.09.2025/3R/102MEDIA/DSCF0020.JPG,DSCF0020.JPG,3R/102MEDIA,1,Small_Mammal,0.2490,1679.8,470.5,2178.9,1090.3
/srv/shared_leopard_toad/2025/Documents/25.08-01.09.2025/3R/102MEDIA/DSCF0018.JPG,DSCF0018.JPG,3R/102MEDIA,1,Small_Mammal,0.3643,1348.9,481.2,2171.2,1084.0
/srv/shared_leopard_toad/2025/Documents/25.08-01.09.2025/3R/102MEDIA/DSCF0018.JPG,DSCF0018.JPG,3R/102MEDIA,1,Small_Mammal,0.3179,1353.2,581.8,2153.8,1088.2
/srv/shared_leopard_toad/2025/Documents/25.08-01.09.2025/3R/102MEDIA/DSCF0018.JPG,DSCF0018.JPG,3R/102MEDIA,1,Small_Mammal,0.2471,1542.5,473.2,2169.2,1087.5
/srv/shared_leopard_toad/2025/Documents/25.08-01.09.2025/3R/102MEDIA/DSCF0059.JPG,DSCF0059.JPG,3R/102MEDIA,1,Small_Mammal,0.4778,1361.1,481.7,2164.3,1093.8
/srv/shared_leopard_toad/2025/Documents/25.08-01.09.2025/3R/102MEDIA/DSCF0059.JPG,DSCF0059.JPG,3R/102MEDIA,1,Small_Mammal,0.3975,1356.5,578.8,2150.5,1092.7
/srv/shared_leopard_toad/2025/Documents/25.08-01.09.2025/3R/102MEDIA/DSCF0059.JPG,DSCF0059.JPG,3R/102MEDIA,1,Small_Mammal,0.2585,1544.2,472.5,2167.6,1092.7
/srv/shared_leopard_toad/2025/Documents/25.08-01.09.2025/3R/102MEDIA/DSCF0059.JPG,DSCF0059.JPG,3R/102MEDIA,1,Small_Mammal,0.2173,1554.8,604.8,2156.9,1097.6
/srv/shared_leopard_toad/2025/Documents/25.08-01.09.2025/3R/102MEDIA/DSCF0180.JPG,DSCF0180.JPG,3R/102MEDIA,1,Small_Mammal,0.3943,1360.7,598.2,2162.0,1096.9
/srv/shared_leopard_toad/2025/Documents/25.08-01.09.2025/3R/102MEDIA/DSCF0180.JPG,DSCF0180.JPG,3R/102MEDIA,1,Small_Mammal,0.3796,1358.1,349.9,2172.5,1091.2
/srv/shared_leopard_toad/2025/Documents/25.08-01.09.2025/3R/102MEDIA/DSCF0826.JPG,DSCF0826.JPG,3R/102MEDIA,2,Western_Leopard_Toad,0.3403,2629.0,1489.6,2794.2,1711.6
/srv/shared_leopard_toad/2025/Documents/25.08-01.09.2025/3R/102MEDIA/DSCF0088.JPG,DSCF0088.JPG,3R/102MEDIA,1,Small_Mammal,0.4521,1670.2,480.6,2175.5,1094.9
/srv/shared_leopard_toad/2025/Documents/25.08-01.09.2025/3R/102MEDIA/DSCF0088.JPG,DSCF0088.JPG,3R/102MEDIA,1,Small_Mammal,0.4131,1367.6,485.6,2168.2,1094.3
/srv/shared_leopard_toad/2025/Documents/25.08-01.09.2025/3R/102MEDIA/DSCF0088.JPG,DSCF0088.JPG,3R/102MEDIA,1,Small_Mammal,0.4126,1438.8,557.8,2160.0,1097.5
/srv/shared_leopard_toad/2025/Documents/25.08-01.09.2025/3R/102MEDIA/DSCF0625.JPG,DSCF0625.JPG,3R/102MEDIA,1,Small_Mammal,0.4729,1354.5,593.4,2152.5,1109.1
/srv/shared_leopard_toad/2025/Documents/25.08-01.09.2025/3R/102MEDIA/DSCF0645.JPG,DSCF0645.JPG,3R/102MEDIA,1,Small_Mammal,0.3223,1349.2,593.4,2147.2,1095.8
/srv/shared_leopard_toad/2025/Documents/25.08-01.09.2025/3R/102MEDIA/DSCF0050.JPG,DSCF0050.JPG,3R/102MEDIA,1,Small_Mammal,0.4590,1359.8,483.4,2173.5,1095.1
/srv/shared_leopard_toad/2025/Documents/25.08-01.09.2025/3R/102MEDIA/DSCF0050.JPG,DSCF0050.JPG,3R/102MEDIA,1,Small_Mammal,0.4387,1362.4,480.3,2168.2,1096.7
/srv/shared_leopard_toad/2025/Documents/25.08-01.09.2025/3R/102MEDIA/DSCF0050.JPG,DSCF0050.JPG,3R/102MEDIA,1,Small_Mammal,0.3657,1683.3,479.5,2170.2,1094.5
/srv/shared_leopard_toad/2025/Documents/25.08-01.09.2025/3R/102MEDIA/DSCF0099.JPG,DSCF0099.JPG,3R/102MEDIA,1,Small_Mammal,0.4922,1366.0,472.1,2159.4,1097.5
/srv/shared_leopard_toad/2025/Documents/25.08-01.09.2025/3R/102MEDIA/DSCF0099.JPG,DSCF0099.JPG,3R/102MEDIA,1,Small_Mammal,0.4329,1363.7,474.2,2166.9,1095.4
/srv/shared_leopard_toad/2025/Documents/25.08-01.09.2025/3R/102MEDIA/DSCF0099.JPG,DSCF0099.JPG,3R/102MEDIA,1,Small_Mammal,0.3401,1662.3,475.3,2170.2,1094.3
/srv/shared_leopard_toad/2025/Documents/25.08-01.09.2025/3R/102MEDIA/DSCF0840.JPG,DSCF0840.JPG,3R/102MEDIA,2,Western_Leopard_Toad,0.7686,2630.7,1493.1,2792.5,1714.0
/srv/shared_leopard_toad/2025/Documents/25.08-01.09.2025/3R/102MEDIA/DSCF0087.JPG,DSCF0087.JPG,3R/102MEDIA,1,Small_Mammal,0.3335,1357.1,343.7,2173.5,1087.1
/srv/shared_leopard_toad/2025/Documents/25.08-01.09.2025/3R/102MEDIA/DSCF0087.JPG,DSCF0087.JPG,3R/102MEDIA,1,Small_Mammal,0.3093,1367.3,626.8,2155.5,1097.8
/srv/shared_leopard_toad/2025/Documents/25.08-01.09.2025/3R/102MEDIA/DSCF0087.JPG,DSCF0087.JPG,3R/102MEDIA,1,Small_Mammal,0.2050,1348.6,321.0,2168.9,1075.9
/srv/shared_leopard_toad/2025/Documents/25.08-01.09.2025/3R/102MEDIA/DSCF0068.JPG,DSCF0068.JPG,3R/102MEDIA,1,Small_Mammal,0.2769,1354.5,461.4,2170.9,1087.5
/srv/shared_leopard_toad/2025/Documents/25.08-01.09.2025/3R/102MEDIA/DSCF0068.JPG,DSCF0068.JPG,3R/102MEDIA,1,Small_Mammal,0.2578,1392.6,633.8,2156.4,1096.7
/srv/shared_leopard_toad/2025/Documents/25.08-01.09.2025/3R/102MEDIA/DSCF0025.JPG,DSCF0025.JPG,3R/102MEDIA,1,Small_Mammal,0.5610,1367.6,480.4,2168.2,1096.5
/srv/shared_leopard_toad/2025/Documents/25.08-01.09.2025/3R/102MEDIA/DSCF0025.JPG,DSCF0025.JPG,3R/102MEDIA,1,Small_Mammal,0.4766,1365.0,480.1,2168.2,1096.9
/srv/shared_leopard_toad/2025/Documents/25.08-01.09.2025/3R/102MEDIA/DSCF0025.JPG,DSCF0025.JPG,3R/102MEDIA,1,Small_Mammal,0.3945,1699.7,475.6,2172.2,1092.5
/srv/shared_leopard_toad/2025/Documents/25.08-01.09.2025/3R/102MEDIA/DSCF0188.JPG,DSCF0188.JPG,3R/102MEDIA,1,Small_Mammal,0.3813,1352.5,596.5,2162.3,1100.0
/srv/shared_leopard_toad/2025/Documents/25.08-01.09.2025/3R/102MEDIA/DSCF0188.JPG,DSCF0188.JPG,3R/102MEDIA,1,Small_Mammal,0.2678,1353.2,491.7,2172.2,1098.6
/srv/shared_leopard_toad/2025/Documents/25.08-01.09.2025/3R/102MEDIA/DSCF0188.JPG,DSCF0188.JPG,3R/102MEDIA,1,Small_Mammal,0.2426,1696.7,490.4,2177.8,1093.9
/srv/shared_leopard_toad/2025/Documents/25.08-01.09.2025/3R/102MEDIA/DSCF0824.JPG,DSCF0824.JPG,3R/102MEDIA,2,Western_Leopard_Toad,0.3381,2629.0,1486.7,2794.2,1711.5
/srv/shared_leopard_toad/2025/Documents/25.08-01.09.2025/3R/102MEDIA/DSCF0181.JPG,DSCF0181.JPG,3R/102MEDIA,1,Small_Mammal,0.3914,1356.1,325.6,2169.2,1089.0
/srv/shared_leopard_toad/2025/Documents/25.08-01.09.2025/3R/102MEDIA/DSCF0181.JPG,DSCF0181.JPG,3R/102MEDIA,1,Small_Mammal,0.3237,1354.2,591.7,2163.3,1094.5
/srv/shared_leopard_toad/2025/Documents/25.08-01.09.2025/3R/102MEDIA/DSCF0015.JPG,DSCF0015.JPG,3R/102MEDIA,1,Small_Mammal,0.3550,1353.8,477.3,2176.8,1092.3
/srv/shared_leopard_toad/2025/Documents/25.08-01.09.2025/3R/102MEDIA/DSCF0015.JPG,DSCF0015.JPG,3R/102MEDIA,1,Small_Mammal,0.3130,1695.9,472.7,2173.3,1092.5
/srv/shared_leopard_toad/2025/Documents/25.08-01.09.2025/3R/102MEDIA/DSCF0015.JPG,DSCF0015.JPG,3R/102MEDIA,1,Small_Mammal,0.2571,1361.1,504.1,2159.1,1101.0
/srv/shared_leopard_toad/2025/Documents/25.08-01.09.2025/3R/102MEDIA/DSCF0015.JPG,DSCF0015.JPG,3R/102MEDIA,1,Small_Mammal,0.2234,1554.0,477.3,2170.9,1102.6
/srv/shared_leopard_toad/2025/Documents/25.08-01.09.2025/3R/102MEDIA/DSCF0839.JPG,DSCF0839.JPG,3R/102MEDIA,2,Western_Leopard_Toad,0.2759,2630.0,1489.4,2793.3,1711.8
/srv/shared_leopard_toad/2025/Documents/25.08-01.09.2025/3R/102MEDIA/DSCF0076.JPG,DSCF0076.JPG,3R/102MEDIA,1,Small_Mammal,0.4460,1363.7,476.7,2166.9,1095.8
/srv/shared_leopard_toad/2025/Documents/25.08-01.09.2025/3R/102MEDIA/DSCF0076.JPG,DSCF0076.JPG,3R/102MEDIA,1,Small_Mammal,0.3049,1361.1,478.0,2161.7,1098.9
/srv/shared_leopard_toad/2025/Documents/25.08-01.09.2025/3R/102MEDIA/DSCF0076.JPG,DSCF0076.JPG,3R/102MEDIA,1,Small_Mammal,0.2949,1655.4,472.1,2177.1,1093.0
/srv/shared_leopard_toad/2025/Documents/25.08-01.09.2025/3R/102MEDIA/DSCF0690.JPG,DSCF0690.JPG,3R/102MEDIA,1,Small_Mammal,0.2374,1347.6,595.6,2122.6,1111.3
/srv/shared_leopard_toad/2025/Documents/25.08-01.09.2025/3R/102MEDIA/DSCF0240.JPG,DSCF0240.JPG,3R/102MEDIA,0,Other_Amphibian,0.3372,1377.3,713.0,1478.7,832.9
/srv/shared_leopard_toad/2025/Documents/25.08-01.09.2025/3R/102MEDIA/DSCF0545.JPG,DSCF0545.JPG,3R/102MEDIA,0,Other_Amphibian,0.7451,532.8,4.3,644.6,141.4
/srv/shared_leopard_toad/2025/Documents/25.08-01.09.2025/3R/102MEDIA/DSCF0813.JPG,DSCF0813.JPG,3R/102MEDIA,2,Western_Leopard_Toad,0.4541,2630.9,1492.1,2792.4,1712.1
/srv/shared_leopard_toad/2025/Documents/25.08-01.09.2025/3R/102MEDIA/DSCF0830.JPG,DSCF0830.JPG,3R/102MEDIA,2,Western_Leopard_Toad,0.4778,2628.9,1489.4,2794.4,1711.8
/srv/shared_leopard_toad/2025/Documents/25.08-01.09.2025/3R/102MEDIA/DSCF0048.JPG,DSCF0048.JPG,3R/102MEDIA,1,Small_Mammal,0.4275,1364.0,440.0,2177.1,1095.6
/srv/shared_leopard_toad/2025/Documents/25.08-01.09.2025/3R/102MEDIA/DSCF0048.JPG,DSCF0048.JPG,3R/102MEDIA,1,Small_Mammal,0.3809,1681.1,437.4,2180.2,1092.3
/srv/shared_leopard_toad/2025/Documents/25.08-01.09.2025/3R/102MEDIA/DSCF0048.JPG,DSCF0048.JPG,3R/102MEDIA,1,Small_Mammal,0.3794,1365.0,448.9,2165.6,1097.1
/srv/shared_leopard_toad/2025/Documents/25.08-01.09.2025/3R/102MEDIA/DSCF0048.JPG,DSCF0048.JPG,3R/102MEDIA,1,Small_Mammal,0.2212,1708.2,433.0,2168.9,1092.3
/srv/shared_leopard_toad/2025/Documents/25.08-01.09.2025/3R/102MEDIA/DSCF0150.JPG,DSCF0150.JPG,3R/102MEDIA,1,Small_Mammal,0.3147,1347.9,582.7,2164.3,1094.7
/srv/shared_leopard_toad/2025/Documents/25.08-01.09.2025/3R/102MEDIA/DSCF0150.JPG,DSCF0150.JPG,3R/102MEDIA,1,Small_Mammal,0.2386,1346.3,427.3,2171.2,1089.1
/srv/shared_leopard_toad/2025/Documents/25.08-01.09.2025/3R/102MEDIA/DSCF0510.JPG,DSCF0510.JPG,3R/102MEDIA,1,Small_Mammal,0.4421,1349.2,587.9,2152.5,1089.5
/srv/shared_leopard_toad/2025/Documents/25.08-01.09.2025/3R/102MEDIA/DSCF0013.JPG,DSCF0013.JPG,3R/102MEDIA,1,Small_Mammal,0.6445,1367.6,472.7,2168.2,1092.5
/srv/shared_leopard_toad/2025/Documents/25.08-01.09.2025/3R/102MEDIA/DSCF0013.JPG,DSCF0013.JPG,3R/102MEDIA,1,Small_Mammal,0.2002,1355.2,470.5,2167.6,1090.3
/srv/shared_leopard_toad/2025/Documents/25.08-01.09.2025/3R/102MEDIA/DSCF0108.JPG,DSCF0108.JPG,3R/102MEDIA,1,Small_Mammal,0.4558,1352.9,479.7,2175.1,1095.8
/srv/shared_leopard_toad/2025/Documents/25.08-01.09.2025/3R/102MEDIA/DSCF0108.JPG,DSCF0108.JPG,3R/102MEDIA,1,Small_Mammal,0.2744,1352.9,578.8,2159.4,1095.6
/srv/shared_leopard_toad/2025/Documents/25.08-01.09.2025/3R/102MEDIA/DSCF0108.JPG,DSCF0108.JPG,3R/102MEDIA,1,Small_Mammal,0.2712,1493.0,471.0,2174.2,1094.1
/srv/shared_leopard_toad/2025/Documents/25.08-01.09.2025/3R/102MEDIA/DSCF0153.JPG,DSCF0153.JPG,3R/102MEDIA,1,Small_Mammal,0.2742,1352.5,355.9,2162.3,1090.4
/srv/shared_leopard_toad/2025/Documents/25.08-01.09.2025/3R/102MEDIA/DSCF0153.JPG,DSCF0153.JPG,3R/102MEDIA,1,Small_Mammal,0.2534,1359.8,610.6,2157.8,1102.3
/srv/shared_leopard_toad/2025/Documents/25.08-01.09.2025/3R/102MEDIA/DSCF0079.JPG,DSCF0079.JPG,3R/102MEDIA,1,Small_Mammal,0.4019,1361.7,474.5,2166.3,1093.6
/srv/shared_leopard_toad/2025/Documents/25.08-01.09.2025/3R/102MEDIA/DSCF0079.JPG,DSCF0079.JPG,3R/102MEDIA,1,Small_Mammal,0.4006,1364.0,476.7,2171.9,1092.8
/srv/shared_leopard_toad/2025/Documents/25.08-01.09.2025/3R/102MEDIA/DSCF0079.JPG,DSCF0079.JPG,3R/102MEDIA,1,Small_Mammal,0.3801,1703.1,475.3,2174.0,1085.5
/srv/shared_leopard_toad/2025/Documents/25.08-01.09.2025/3R/102MEDIA/DSCF0079.JPG,DSCF0079.JPG,3R/102MEDIA,1,Small_Mammal,0.2290,1579.4,477.9,2174.3,1097.6
/srv/shared_leopard_toad/2025/Documents/25.08-01.09.2025/3R/102MEDIA/DSCF0610.JPG,DSCF0610.JPG,3R/102MEDIA,1,Small_Mammal,0.2920,1436.2,714.1,2154.8,1110.9
/srv/shared_leopard_toad/2025/Documents/25.08-01.09.2025/3R/102MEDIA/DSCF0119.JPG,DSCF0119.JPG,3R/102MEDIA,1,Small_Mammal,0.4360,1356.5,479.0,2179.4,1096.5
/srv/shared_leopard_toad/2025/Documents/25.08-01.09.2025/3R/102MEDIA/DSCF0119.JPG,DSCF0119.JPG,3R/102MEDIA,1,Small_Mammal,0.3491,1362.0,619.8,2160.7,1101.9
/srv/shared_leopard_toad/2025/Documents/25.08-01.09.2025/3R/102MEDIA/DSCF0119.JPG,DSCF0119.JPG,3R/102MEDIA,1,Small_Mammal,0.2480,1535.6,471.0,2170.9,1094.1
/srv/shared_leopard_toad/2025/Documents/25.08-01.09.2025/3R/102MEDIA/DSCF0846.JPG,DSCF0846.JPG,3R/102MEDIA,2,Western_Leopard_Toad,0.7036,2628.9,1490.4,2794.4,1713.7
/srv/shared_leopard_toad/2025/Documents/25.08-01.09.2025/3R/102MEDIA/DSCF0098.JPG,DSCF0098.JPG,3R/102MEDIA,1,Small_Mammal,0.4824,1363.4,471.8,2164.6,1093.4
/srv/shared_leopard_toad/2025/Documents/25.08-01.09.2025/3R/102MEDIA/DSCF0098.JPG,DSCF0098.JPG,3R/102MEDIA,1,Small_Mammal,0.3843,1669.7,467.7,2178.6,1090.1
/srv/shared_leopard_toad/2025/Documents/25.08-01.09.2025/3R/102MEDIA/DSCF0098.JPG,DSCF0098.JPG,3R/102MEDIA,1,Small_Mammal,0.2822,1360.7,469.0,2167.3,1093.2
/srv/shared_leopard_toad/2025/Documents/25.08-01.09.2025/3R/102MEDIA/DSCF0825.JPG,DSCF0825.JPG,3R/102MEDIA,2,Western_Leopard_Toad,0.4128,2629.5,1490.1,2793.8,1711.1
/srv/shared_leopard_toad/2025/Documents/25.08-01.09.2025/3R/102MEDIA/DSCF0627.JPG,DSCF0627.JPG,3R/102MEDIA,1,Small_Mammal,0.3667,1352.9,594.9,2151.5,1094.3
/srv/shared_leopard_toad/2025/Documents/25.08-01.09.2025/3R/102MEDIA/DSCF0540.JPG,DSCF0540.JPG,3R/102MEDIA,1,Small_Mammal,0.3640,1348.6,592.8,2153.2,1077.2
/srv/shared_leopard_toad/2025/Documents/25.08-01.09.2025/3R/102MEDIA/DSCF0112.JPG,DSCF0112.JPG,3R/102MEDIA,1,Small_Mammal,0.5518,1358.1,466.4,2175.1,1094.3
/srv/shared_leopard_toad/2025/Documents/25.08-01.09.2025/3R/102MEDIA/DSCF0112.JPG,DSCF0112.JPG,3R/102MEDIA,1,Small_Mammal,0.4441,1698.5,469.0,2181.2,1093.2
/srv/shared_leopard_toad/2025/Documents/25.08-01.09.2025/3R/102MEDIA/DSCF0112.JPG,DSCF0112.JPG,3R/102MEDIA,1,Small_Mammal,0.2996,1351.2,471.0,2179.4,1094.1
/srv/shared_leopard_toad/2025/Documents/25.08-01.09.2025/3R/102MEDIA/DSCF0111.JPG,DSCF0111.JPG,3R/102MEDIA,1,Small_Mammal,0.5181,1356.5,343.9,2176.8,1092.1
/srv/shared_leopard_toad/2025/Documents/25.08-01.09.2025/3R/102MEDIA/DSCF0111.JPG,DSCF0111.JPG,3R/102MEDIA,1,Small_Mammal,0.3843,1360.4,613.9,2159.7,1098.9
/srv/shared_leopard_toad/2025/Documents/25.08-01.09.2025/3R/102MEDIA/DSCF0111.JPG,DSCF0111.JPG,3R/102MEDIA,1,Small_Mammal,0.2006,1349.9,317.5,2175.5,1082.3
/srv/shared_leopard_toad/2025/Documents/25.08-01.09.2025/3R/102MEDIA/DSCF0163.JPG,DSCF0163.JPG,3R/102MEDIA,1,Small_Mammal,0.4209,1357.1,362.7,2168.2,1096.9
/srv/shared_leopard_toad/2025/Documents/25.08-01.09.2025/3R/102MEDIA/DSCF0163.JPG,DSCF0163.JPG,3R/102MEDIA,1,Small_Mammal,0.3540,1353.8,587.7,2158.4,1097.1
/srv/shared_leopard_toad/2025/Documents/25.08-01.09.2025/3R/102MEDIA/DSCF0470.JPG,DSCF0470.JPG,3R/102MEDIA,0,Other_Amphibian,0.4014,759.1,0.3,937.9,179.7
/srv/shared_leopard_toad/2025/Documents/25.08-01.09.2025/3R/102MEDIA/DSCF0863.JPG,DSCF0863.JPG,3R/102MEDIA,2,Western_Leopard_Toad,0.6934,2629.3,1490.1,2793.9,1711.1
/srv/shared_leopard_toad/2025/Documents/25.08-01.09.2025/3R/102MEDIA/DSCF0128.JPG,DSCF0128.JPG,3R/102MEDIA,1,Small_Mammal,0.3042,1358.1,615.9,2159.4,1102.8
/srv/shared_leopard_toad/2025/Documents/25.08-01.09.2025/3R/102MEDIA/DSCF0128.JPG,DSCF0128.JPG,3R/102MEDIA,1,Small_Mammal,0.2109,1354.5,361.9,2160.4,1093.9
/srv/shared_leopard_toad/2025/Documents/25.08-01.09.2025/3R/102MEDIA/DSCF0850.JPG,DSCF0850.JPG,3R/102MEDIA,2,Western_Leopard_Toad,0.4141,2629.8,1490.6,2793.5,1710.6
/srv/shared_leopard_toad/2025/Documents/25.08-01.09.2025/3R/102MEDIA/DSCF0022.JPG,DSCF0022.JPG,3R/102MEDIA,1,Small_Mammal,0.4128,1359.4,477.5,2176.5,1087.7
/srv/shared_leopard_toad/2025/Documents/25.08-01.09.2025/3R/102MEDIA/DSCF0022.JPG,DSCF0022.JPG,3R/102MEDIA,1,Small_Mammal,0.3462,1359.8,484.3,2163.0,1095.6
/srv/shared_leopard_toad/2025/Documents/25.08-01.09.2025/3R/102MEDIA/DSCF0022.JPG,DSCF0022.JPG,3R/102MEDIA,1,Small_Mammal,0.3147,1687.2,468.4,2176.8,1087.9
/srv/shared_leopard_toad/2025/Documents/25.08-01.09.2025/3R/102MEDIA/DSCF0011.JPG,DSCF0011.JPG,3R/102MEDIA,1,Small_Mammal,0.4597,1364.7,461.4,2168.6,1090.4
/srv/shared_leopard_toad/2025/Documents/25.08-01.09.2025/3R/102MEDIA/DSCF0011.JPG,DSCF0011.JPG,3R/102MEDIA,1,Small_Mammal,0.3870,1676.2,451.8,2172.0,1089.7
/srv/shared_leopard_toad/2025/Documents/25.08-01.09.2025/3R/102MEDIA/DSCF0011.JPG,DSCF0011.JPG,3R/102MEDIA,1,Small_Mammal,0.2866,1362.4,457.5,2160.4,1091.4
/srv/shared_leopard_toad/2025/Documents/25.08-01.09.2025/3R/102MEDIA/DSCF0073.JPG,DSCF0073.JPG,3R/102MEDIA,1,Small_Mammal,0.6079,1363.0,475.8,2167.6,1093.8
/srv/shared_leopard_toad/2025/Documents/25.08-01.09.2025/3R/102MEDIA/DSCF0073.JPG,DSCF0073.JPG,3R/102MEDIA,1,Small_Mammal,0.3047,1665.7,473.8,2172.0,1091.4
/srv/shared_leopard_toad/2025/Documents/25.08-01.09.2025/3R/102MEDIA/DSCF0073.JPG,DSCF0073.JPG,3R/102MEDIA,1,Small_Mammal,0.2671,1352.5,470.5,2178.1,1091.7
/srv/shared_leopard_toad/2025/Documents/25.08-01.09.2025/3R/102MEDIA/DSCF0073.JPG,DSCF0073.JPG,3R/102MEDIA,1,Small_Mammal,0.2144,1549.4,472.1,2178.1,1097.5
/srv/shared_leopard_toad/2025/Documents/25.08-01.09.2025/3R/102MEDIA/DSCF0183.JPG,DSCF0183.JPG,3R/102MEDIA,1,Small_Mammal,0.4250,1350.2,580.8,2162.0,1095.1
/srv/shared_leopard_toad/2025/Documents/25.08-01.09.2025/3R/102MEDIA/DSCF0183.JPG,DSCF0183.JPG,3R/102MEDIA,1,Small_Mammal,0.2194,1347.3,455.3,2172.8,1090.6
/srv/shared_leopard_toad/2025/Documents/25.08-01.09.2025/3R/102MEDIA/DSCF0017.JPG,DSCF0017.JPG,3R/102MEDIA,1,Small_Mammal,0.4421,1362.7,482.1,2157.4,1096.3
/srv/shared_leopard_toad/2025/Documents/25.08-01.09.2025/3R/102MEDIA/DSCF0017.JPG,DSCF0017.JPG,3R/102MEDIA,1,Small_Mammal,0.4331,1357.1,472.9,2173.5,1092.3
/srv/shared_leopard_toad/2025/Documents/25.08-01.09.2025/3R/102MEDIA/DSCF0017.JPG,DSCF0017.JPG,3R/102MEDIA,1,Small_Mammal,0.2502,1682.5,466.6,2173.7,1092.7
/srv/shared_leopard_toad/2025/Documents/25.08-01.09.2025/3R/102MEDIA/DSCF0857.JPG,DSCF0857.JPG,3R/102MEDIA,2,Western_Leopard_Toad,0.6694,2629.2,1490.7,2794.1,1713.5
/srv/shared_leopard_toad/2025/Documents/25.08-01.09.2025/3R/102MEDIA/DSCF0779.JPG,DSCF0779.JPG,3R/102MEDIA,1,Small_Mammal,0.2100,1358.4,602.1,2127.6,1118.1
/srv/shared_leopard_toad/2025/Documents/25.08-01.09.2025/3R/102MEDIA/DSCF0075.JPG,DSCF0075.JPG,3R/102MEDIA,1,Small_Mammal,0.4226,1367.6,592.8,2144.6,1096.3
/srv/shared_leopard_toad/2025/Documents/25.08-01.09.2025/3R/102MEDIA/DSCF0075.JPG,DSCF0075.JPG,3R/102MEDIA,1,Small_Mammal,0.2693,1352.9,490.0,2167.3,1089.9
/srv/shared_leopard_toad/2025/Documents/25.08-01.09.2025/3R/102MEDIA/DSCF0075.JPG,DSCF0075.JPG,3R/102MEDIA,1,Small_Mammal,0.2070,1567.6,614.6,2157.3,1098.2
/srv/shared_leopard_toad/2025/Documents/25.08-01.09.2025/3R/102MEDIA/DSCF0104.JPG,DSCF0104.JPG,3R/102MEDIA,1,Small_Mammal,0.2603,1355.8,367.7,2169.6,1090.4
/srv/shared_leopard_toad/2025/Documents/25.08-01.09.2025/3R/102MEDIA/DSCF0104.JPG,DSCF0104.JPG,3R/102MEDIA,1,Small_Mammal,0.2600,1358.4,609.6,2153.8,1098.7
/srv/shared_leopard_toad/2025/Documents/25.08-01.09.2025/3R/102MEDIA/DSCF0043.JPG,DSCF0043.JPG,3R/102MEDIA,1,Small_Mammal,0.4224,1363.7,462.0,2169.6,1091.4
/srv/shared_leopard_toad/2025/Documents/25.08-01.09.2025/3R/102MEDIA/DSCF0043.JPG,DSCF0043.JPG,3R/102MEDIA,1,Small_Mammal,0.4224,1689.4,457.5,2169.4,1091.4
/srv/shared_leopard_toad/2025/Documents/25.08-01.09.2025/3R/102MEDIA/DSCF0043.JPG,DSCF0043.JPG,3R/102MEDIA,1,Small_Mammal,0.3123,1376.8,460.5,2161.7,1092.8
/srv/shared_leopard_toad/2025/Documents/25.08-01.09.2025/3R/102MEDIA/DSCF0275.JPG,DSCF0275.JPG,3R/102MEDIA,0,Other_Amphibian,0.4980,900.9,504.5,1006.1,655.3
/srv/shared_leopard_toad/2025/Documents/25.08-01.09.2025/3R/102MEDIA/DSCF0275.JPG,DSCF0275.JPG,3R/102MEDIA,0,Other_Amphibian,0.3650,902.5,504.2,1005.9,654.2
/srv/shared_leopard_toad/2025/Documents/25.08-01.09.2025/3R/102MEDIA/DSCF0530.JPG,DSCF0530.JPG,3R/102MEDIA,1,Small_Mammal,0.4019,1348.9,590.3,2147.6,1073.8
/srv/shared_leopard_toad/2025/Documents/25.08-01.09.2025/3R/102MEDIA/DSCF0132.JPG,DSCF0132.JPG,3R/102MEDIA,1,Small_Mammal,0.4082,1365.0,354.7,2170.9,1099.7
/srv/shared_leopard_toad/2025/Documents/25.08-01.09.2025/3R/102MEDIA/DSCF0132.JPG,DSCF0132.JPG,3R/102MEDIA,1,Small_Mammal,0.3379,1363.4,596.0,2156.8,1100.6
/srv/shared_leopard_toad/2025/Documents/25.08-01.09.2025/3R/102MEDIA/DSCF0126.JPG,DSCF0126.JPG,3R/102MEDIA,1,Small_Mammal,0.3298,1353.5,602.6,2161.4,1099.9
/srv/shared_leopard_toad/2025/Documents/25.08-01.09.2025/3R/102MEDIA/DSCF0126.JPG,DSCF0126.JPG,3R/102MEDIA,1,Small_Mammal,0.2388,1347.9,441.5,2174.8,1094.1
/srv/shared_leopard_toad/2025/Documents/25.08-01.09.2025/3R/102MEDIA/DSCF0093.JPG,DSCF0093.JPG,3R/102MEDIA,1,Small_Mammal,0.4570,1368.6,473.2,2167.3,1096.3
/srv/shared_leopard_toad/2025/Documents/25.08-01.09.2025/3R/102MEDIA/DSCF0093.JPG,DSCF0093.JPG,3R/102MEDIA,1,Small_Mammal,0.3904,1381.4,473.4,2159.7,1100.6
/srv/shared_leopard_toad/2025/Documents/25.08-01.09.2025/3R/102MEDIA/DSCF0093.JPG,DSCF0093.JPG,3R/102MEDIA,1,Small_Mammal,0.3772,1664.7,474.3,2175.6,1095.2
/srv/shared_leopard_toad/2025/Documents/25.08-01.09.2025/3R/102MEDIA/DSCF0083.JPG,DSCF0083.JPG,3R/102MEDIA,1,Small_Mammal,0.4114,1360.4,481.0,2159.7,1093.0
/srv/shared_leopard_toad/2025/Documents/25.08-01.09.2025/3R/102MEDIA/DSCF0083.JPG,DSCF0083.JPG,3R/102MEDIA,1,Small_Mammal,0.2957,1651.9,479.7,2170.1,1095.8
/srv/shared_leopard_toad/2025/Documents/25.08-01.09.2025/3R/102MEDIA/DSCF0083.JPG,DSCF0083.JPG,3R/102MEDIA,1,Small_Mammal,0.2917,1363.4,477.3,2154.1,1096.7
/srv/shared_leopard_toad/2025/Documents/25.08-01.09.2025/3R/102MEDIA/DSCF0682.JPG,DSCF0682.JPG,3R/102MEDIA,1,Small_Mammal,0.2632,1347.9,596.2,2124.9,1109.3
/srv/shared_leopard_toad/2025/Documents/25.08-01.09.2025/3R/102MEDIA/DSCF0535.JPG,DSCF0535.JPG,3R/102MEDIA,1,Small_Mammal,0.3921,1348.6,589.5,2153.2,1077.5
/srv/shared_leopard_toad/2025/Documents/25.08-01.09.2025/3R/102MEDIA/DSCF0787.JPG,DSCF0787.JPG,3R/102MEDIA,1,Small_Mammal,0.2386,1351.9,596.3,2139.4,1110.6
/srv/shared_leopard_toad/2025/Documents/25.08-01.09.2025/3R/102MEDIA/DSCF0597.JPG,DSCF0597.JPG,3R/102MEDIA,1,Small_Mammal,0.3030,1362.0,699.2,2145.0,1118.5
/srv/shared_leopard_toad/2025/Documents/25.08-01.09.2025/3R/102MEDIA/DSCF0120.JPG,DSCF0120.JPG,3R/102MEDIA,1,Small_Mammal,0.2686,1364.0,646.4,2158.7,1098.9
/srv/shared_leopard_toad/2025/Documents/25.08-01.09.2025/3R/102MEDIA/DSCF0120.JPG,DSCF0120.JPG,3R/102MEDIA,1,Small_Mammal,0.2090,1342.4,343.3,2177.8,1076.4
/srv/shared_leopard_toad/2025/Documents/25.08-01.09.2025/3R/102MEDIA/DSCF0166.JPG,DSCF0166.JPG,3R/102MEDIA,1,Small_Mammal,0.3860,1353.2,344.8,2172.2,1089.7
/srv/shared_leopard_toad/2025/Documents/25.08-01.09.2025/3R/102MEDIA/DSCF0166.JPG,DSCF0166.JPG,3R/102MEDIA,1,Small_Mammal,0.3606,1362.0,613.1,2163.3,1099.7
/srv/shared_leopard_toad/2025/Documents/25.08-01.09.2025/3R/102MEDIA/DSCF0177.JPG,DSCF0177.JPG,3R/102MEDIA,1,Small_Mammal,0.3967,1368.6,617.2,2156.8,1101.5
/srv/shared_leopard_toad/2025/Documents/25.08-01.09.2025/3R/102MEDIA/DSCF0177.JPG,DSCF0177.JPG,3R/102MEDIA,1,Small_Mammal,0.2235,1350.6,322.6,2180.1,1089.0
/srv/shared_leopard_toad/2025/Documents/25.08-01.09.2025/3R/102MEDIA/DSCF0743.JPG,DSCF0743.JPG,3R/102MEDIA,2,Western_Leopard_Toad,0.4314,290.6,151.2,425.4,318.4
/srv/shared_leopard_toad/2025/Documents/25.08-01.09.2025/3R/102MEDIA/DSCF0046.JPG,DSCF0046.JPG,3R/102MEDIA,1,Small_Mammal,0.4927,1682.8,478.0,2165.5,1096.0
/srv/shared_leopard_toad/2025/Documents/25.08-01.09.2025/3R/102MEDIA/DSCF0046.JPG,DSCF0046.JPG,3R/102MEDIA,1,Small_Mammal,0.4543,1365.0,484.3,2165.6,1095.6
/srv/shared_leopard_toad/2025/Documents/25.08-01.09.2025/3R/102MEDIA/DSCF0046.JPG,DSCF0046.JPG,3R/102MEDIA,1,Small_Mammal,0.4443,1472.3,478.0,2171.2,1098.9
/srv/shared_leopard_toad/2025/Documents/25.08-01.09.2025/3R/102MEDIA/DSCF0071.JPG,DSCF0071.JPG,3R/102MEDIA,1,Small_Mammal,0.4602,1365.7,454.8,2167.6,1092.7
/srv/shared_leopard_toad/2025/Documents/25.08-01.09.2025/3R/102MEDIA/DSCF0071.JPG,DSCF0071.JPG,3R/102MEDIA,1,Small_Mammal,0.3540,1376.2,459.0,2159.7,1097.3
/srv/shared_leopard_toad/2025/Documents/25.08-01.09.2025/3R/102MEDIA/DSCF0071.JPG,DSCF0071.JPG,3R/102MEDIA,1,Small_Mammal,0.3450,1657.2,459.0,2175.3,1091.4
/srv/shared_leopard_toad/2025/Documents/25.08-01.09.2025/3R/102MEDIA/DSCF0028.JPG,DSCF0028.JPG,3R/102MEDIA,1,Small_Mammal,0.4695,1358.8,451.8,2171.9,1089.7
/srv/shared_leopard_toad/2025/Documents/25.08-01.09.2025/3R/102MEDIA/DSCF0028.JPG,DSCF0028.JPG,3R/102MEDIA,1,Small_Mammal,0.3193,1359.1,591.2,2155.8,1090.6
/srv/shared_leopard_toad/2025/Documents/25.08-01.09.2025/3R/102MEDIA/DSCF0028.JPG,DSCF0028.JPG,3R/102MEDIA,1,Small_Mammal,0.3140,1545.8,458.3,2166.0,1092.1
/srv/shared_leopard_toad/2025/Documents/25.08-01.09.2025/3R/102MEDIA/DSCF0080.JPG,DSCF0080.JPG,3R/102MEDIA,1,Small_Mammal,0.5215,1363.4,475.3,2156.8,1092.8
/srv/shared_leopard_toad/2025/Documents/25.08-01.09.2025/3R/102MEDIA/DSCF0080.JPG,DSCF0080.JPG,3R/102MEDIA,1,Small_Mammal,0.4163,1475.2,475.1,2168.2,1100.4
/srv/shared_leopard_toad/2025/Documents/25.08-01.09.2025/3R/102MEDIA/DSCF0080.JPG,DSCF0080.JPG,3R/102MEDIA,1,Small_Mammal,0.4082,1672.8,471.4,2172.8,1093.8
/srv/shared_leopard_toad/2025/Documents/25.08-01.09.2025/3R/102MEDIA/DSCF0032.JPG,DSCF0032.JPG,3R/102MEDIA,1,Small_Mammal,0.5952,1366.3,481.2,2169.6,1092.8
/srv/shared_leopard_toad/2025/Documents/25.08-01.09.2025/3R/102MEDIA/DSCF0032.JPG,DSCF0032.JPG,3R/102MEDIA,1,Small_Mammal,0.5835,1706.7,472.9,2165.1,1092.3
/srv/shared_leopard_toad/2025/Documents/25.08-01.09.2025/3R/102MEDIA/DSCF0032.JPG,DSCF0032.JPG,3R/102MEDIA,1,Small_Mammal,0.2942,1365.7,476.7,2170.2,1091.4
/srv/shared_leopard_toad/2025/Documents/25.08-01.09.2025/3R/102MEDIA/DSCF0598.JPG,DSCF0598.JPG,3R/102MEDIA,1,Small_Mammal,0.3069,1395.8,703.4,2153.2,1112.8
/srv/shared_leopard_toad/2025/Documents/25.08-01.09.2025/3R/102MEDIA/DSCF0131.JPG,DSCF0131.JPG,3R/102MEDIA,1,Small_Mammal,0.4434,1356.5,586.6,2163.7,1099.7
/srv/shared_leopard_toad/2025/Documents/25.08-01.09.2025/3R/102MEDIA/DSCF0131.JPG,DSCF0131.JPG,3R/102MEDIA,1,Small_Mammal,0.3501,1357.1,348.5,2173.5,1093.4
/srv/shared_leopard_toad/2025/Documents/25.08-01.09.2025/3R/102MEDIA/DSCF0176.JPG,DSCF0176.JPG,3R/102MEDIA,1,Small_Mammal,0.4082,1361.7,336.3,2174.2,1094.5
/srv/shared_leopard_toad/2025/Documents/25.08-01.09.2025/3R/102MEDIA/DSCF0176.JPG,DSCF0176.JPG,3R/102MEDIA,1,Small_Mammal,0.3547,1355.8,592.7,2159.1,1098.0
/srv/shared_leopard_toad/2025/Documents/25.08-01.09.2025/3R/102MEDIA/DSCF0176.JPG,DSCF0176.JPG,3R/102MEDIA,1,Small_Mammal,0.2346,1470.3,327.4,2183.7,1093.8
/srv/shared_leopard_toad/2025/Documents/25.08-01.09.2025/3R/102MEDIA/DSCF0176.JPG,DSCF0176.JPG,3R/102MEDIA,1,Small_Mammal,0.2035,1527.4,603.5,2160.7,1098.9
/srv/shared_leopard_toad/2025/Documents/25.08-01.09.2025/3R/102MEDIA/DSCF0498.JPG,DSCF0498.JPG,3R/102MEDIA,1,Small_Mammal,0.2493,1350.2,594.9,2156.8,1075.1
/srv/shared_leopard_toad/2025/Documents/25.08-01.09.2025/3R/102MEDIA/DSCF0102.JPG,DSCF0102.JPG,3R/102MEDIA,1,Small_Mammal,0.4692,1367.3,471.6,2168.6,1089.1
/srv/shared_leopard_toad/2025/Documents/25.08-01.09.2025/3R/102MEDIA/DSCF0102.JPG,DSCF0102.JPG,3R/102MEDIA,1,Small_Mammal,0.4446,1694.6,473.6,2169.4,1087.1
/srv/shared_leopard_toad/2025/Documents/25.08-01.09.2025/3R/102MEDIA/DSCF0102.JPG,DSCF0102.JPG,3R/102MEDIA,1,Small_Mammal,0.3962,1457.5,469.0,2178.1,1096.2
/srv/shared_leopard_toad/2025/Documents/25.08-01.09.2025/3R/102MEDIA/DSCF0102.JPG,DSCF0102.JPG,3R/102MEDIA,1,Small_Mammal,0.2283,1588.6,476.2,2170.4,1097.8
/srv/shared_leopard_toad/2025/Documents/25.08-01.09.2025/3R/102MEDIA/DSCF0054.JPG,DSCF0054.JPG,3R/102MEDIA,1,Small_Mammal,0.5225,1363.0,471.8,2167.6,1097.8
/srv/shared_leopard_toad/2025/Documents/25.08-01.09.2025/3R/102MEDIA/DSCF0054.JPG,DSCF0054.JPG,3R/102MEDIA,1,Small_Mammal,0.3657,1359.1,470.3,2163.7,1099.3
/srv/shared_leopard_toad/2025/Documents/25.08-01.09.2025/3R/102MEDIA/DSCF0054.JPG,DSCF0054.JPG,3R/102MEDIA,1,Small_Mammal,0.2766,1669.2,474.3,2173.8,1093.8
/srv/shared_leopard_toad/2025/Documents/25.08-01.09.2025/3R/102MEDIA/DSCF0136.JPG,DSCF0136.JPG,3R/102MEDIA,1,Small_Mammal,0.4282,1358.4,595.2,2166.9,1099.9
/srv/shared_leopard_toad/2025/Documents/25.08-01.09.2025/3R/102MEDIA/DSCF0136.JPG,DSCF0136.JPG,3R/102MEDIA,1,Small_Mammal,0.3354,1356.8,420.3,2173.8,1097.6
/srv/shared_leopard_toad/2025/Documents/25.08-01.09.2025/3R/102MEDIA/DSCF0136.JPG,DSCF0136.JPG,3R/102MEDIA,1,Small_Mammal,0.3281,1411.6,598.7,2158.4,1102.3
/srv/shared_leopard_toad/2025/Documents/25.08-01.09.2025/3R/102MEDIA/DSCF0122.JPG,DSCF0122.JPG,3R/102MEDIA,1,Small_Mammal,0.3965,1360.7,471.4,2175.1,1093.8
/srv/shared_leopard_toad/2025/Documents/25.08-01.09.2025/3R/102MEDIA/DSCF0122.JPG,DSCF0122.JPG,3R/102MEDIA,1,Small_Mammal,0.3848,1358.4,580.8,2161.7,1096.5
/srv/shared_leopard_toad/2025/Documents/25.08-01.09.2025/3R/102MEDIA/DSCF0122.JPG,DSCF0122.JPG,3R/102MEDIA,1,Small_Mammal,0.2620,1691.2,482.8,2178.1,1094.1
/srv/shared_leopard_toad/2025/Documents/25.08-01.09.2025/3R/102MEDIA/DSCF0122.JPG,DSCF0122.JPG,3R/102MEDIA,1,Small_Mammal,0.2202,1529.2,508.7,2166.8,1099.3
/srv/shared_leopard_toad/2025/Documents/25.08-01.09.2025/3R/102MEDIA/DSCF0142.JPG,DSCF0142.JPG,3R/102MEDIA,1,Small_Mammal,0.3035,1362.4,605.2,2163.0,1100.2
/srv/shared_leopard_toad/2025/Documents/25.08-01.09.2025/3R/102MEDIA/DSCF0142.JPG,DSCF0142.JPG,3R/102MEDIA,1,Small_Mammal,0.2991,1351.9,354.0,2170.9,1092.3
/srv/shared_leopard_toad/2025/Documents/25.08-01.09.2025/3R/102MEDIA/DSCF0179.JPG,DSCF0179.JPG,3R/102MEDIA,1,Small_Mammal,0.4231,1360.7,355.5,2175.1,1094.5
/srv/shared_leopard_toad/2025/Documents/25.08-01.09.2025/3R/102MEDIA/DSCF0179.JPG,DSCF0179.JPG,3R/102MEDIA,1,Small_Mammal,0.4158,1366.3,611.1,2161.7,1097.3
/srv/shared_leopard_toad/2025/Documents/25.08-01.09.2025/3R/102MEDIA/DSCF0066.JPG,DSCF0066.JPG,3R/102MEDIA,1,Small_Mammal,0.3953,1358.1,481.2,2169.9,1091.4
/srv/shared_leopard_toad/2025/Documents/25.08-01.09.2025/3R/102MEDIA/DSCF0066.JPG,DSCF0066.JPG,3R/102MEDIA,1,Small_Mammal,0.3782,1360.7,485.6,2167.3,1094.3
/srv/shared_leopard_toad/2025/Documents/25.08-01.09.2025/3R/102MEDIA/DSCF0066.JPG,DSCF0066.JPG,3R/102MEDIA,1,Small_Mammal,0.2474,1702.0,482.3,2175.1,1090.3
/srv/shared_leopard_toad/2025/Documents/25.08-01.09.2025/3R/102MEDIA/DSCF0019.JPG,DSCF0019.JPG,3R/102MEDIA,1,Small_Mammal,0.5786,1363.4,476.0,2169.9,1093.6
/srv/shared_leopard_toad/2025/Documents/25.08-01.09.2025/3R/102MEDIA/DSCF0019.JPG,DSCF0019.JPG,3R/102MEDIA,1,Small_Mammal,0.4539,1360.1,476.6,2175.8,1091.5
/srv/shared_leopard_toad/2025/Documents/25.08-01.09.2025/3R/102MEDIA/DSCF0019.JPG,DSCF0019.JPG,3R/102MEDIA,1,Small_Mammal,0.4353,1728.6,472.3,2172.2,1088.4
/srv/shared_leopard_toad/2025/Documents/25.08-01.09.2025/3R/102MEDIA/DSCF0160.JPG,DSCF0160.JPG,3R/102MEDIA,1,Small_Mammal,0.9302,1463.4,443.5,2159.1,1089.1
/srv/shared_leopard_toad/2025/Documents/25.08-01.09.2025/3R/102MEDIA/DSCF0034.JPG,DSCF0034.JPG,3R/102MEDIA,1,Small_Mammal,0.4741,1371.2,474.3,2156.8,1099.7
/srv/shared_leopard_toad/2025/Documents/25.08-01.09.2025/3R/102MEDIA/DSCF0034.JPG,DSCF0034.JPG,3R/102MEDIA,1,Small_Mammal,0.4468,1694.9,465.3,2169.1,1092.5
/srv/shared_leopard_toad/2025/Documents/25.08-01.09.2025/3R/102MEDIA/DSCF0034.JPG,DSCF0034.JPG,3R/102MEDIA,1,Small_Mammal,0.3452,1354.2,475.8,2173.8,1092.3
/srv/shared_leopard_toad/2025/Documents/25.08-01.09.2025/3R/102MEDIA/DSCF0818.JPG,DSCF0818.JPG,3R/102MEDIA,2,Western_Leopard_Toad,0.3154,2628.9,1488.6,2794.4,1712.6
/srv/shared_leopard_toad/2025/Documents/25.08-01.09.2025/3R/102MEDIA/DSCF0583.JPG,DSCF0583.JPG,3R/102MEDIA,1,Small_Mammal,0.3899,1356.8,600.4,2150.2,1100.6
/srv/shared_leopard_toad/2025/Documents/25.08-01.09.2025/3R/102MEDIA/DSCF0005.JPG,DSCF0005.JPG,3R/102MEDIA,1,Small_Mammal,0.3628,1357.8,476.6,2170.2,1093.0
/srv/shared_leopard_toad/2025/Documents/25.08-01.09.2025/3R/102MEDIA/DSCF0005.JPG,DSCF0005.JPG,3R/102MEDIA,1,Small_Mammal,0.3501,1360.7,481.2,2162.0,1097.3
/srv/shared_leopard_toad/2025/Documents/25.08-01.09.2025/3R/102MEDIA/DSCF0162.JPG,DSCF0162.JPG,3R/102MEDIA,1,Small_Mammal,0.3083,1351.5,328.2,2166.0,1090.8
/srv/shared_leopard_toad/2025/Documents/25.08-01.09.2025/3R/102MEDIA/DSCF0162.JPG,DSCF0162.JPG,3R/102MEDIA,1,Small_Mammal,0.2781,1364.7,622.2,2158.1,1102.4
/srv/shared_leopard_toad/2025/Documents/25.08-01.09.2025/3R/102MEDIA/DSCF0035.JPG,DSCF0035.JPG,3R/102MEDIA,1,Small_Mammal,0.5083,1363.0,467.3,2170.2,1090.4
/srv/shared_leopard_toad/2025/Documents/25.08-01.09.2025/3R/102MEDIA/DSCF0035.JPG,DSCF0035.JPG,3R/102MEDIA,1,Small_Mammal,0.3647,1363.0,466.2,2172.8,1091.5
/srv/shared_leopard_toad/2025/Documents/25.08-01.09.2025/3R/102MEDIA/DSCF0035.JPG,DSCF0035.JPG,3R/102MEDIA,1,Small_Mammal,0.3386,1712.2,462.9,2172.8,1086.0
/srv/shared_leopard_toad/2025/Documents/25.08-01.09.2025/3R/102MEDIA/DSCF0035.JPG,DSCF0035.JPG,3R/102MEDIA,1,Small_Mammal,0.2004,1556.8,467.0,2176.0,1092.3
/srv/shared_leopard_toad/2025/Documents/25.08-01.09.2025/3R/102MEDIA/DSCF0004.JPG,DSCF0004.JPG,3R/102MEDIA,1,Small_Mammal,0.3828,1359.8,484.3,2173.5,1089.7
/srv/shared_leopard_toad/2025/Documents/25.08-01.09.2025/3R/102MEDIA/DSCF0004.JPG,DSCF0004.JPG,3R/102MEDIA,1,Small_Mammal,0.3406,1362.4,496.7,2163.0,1093.6
/srv/shared_leopard_toad/2025/Documents/25.08-01.09.2025/3R/102MEDIA/DSCF0004.JPG,DSCF0004.JPG,3R/102MEDIA,1,Small_Mammal,0.2820,1622.9,474.7,2180.7,1081.6
/srv/shared_leopard_toad/2025/Documents/25.08-01.09.2025/3R/102MEDIA/DSCF0159.JPG,DSCF0159.JPG,3R/102MEDIA,1,Small_Mammal,0.5947,1361.4,354.9,2174.5,1097.3
/srv/shared_leopard_toad/2025/Documents/25.08-01.09.2025/3R/102MEDIA/DSCF0159.JPG,DSCF0159.JPG,3R/102MEDIA,1,Small_Mammal,0.2983,1353.2,574.2,2159.1,1097.3
/srv/shared_leopard_toad/2025/Documents/25.08-01.09.2025/3R/102MEDIA/DSCF0159.JPG,DSCF0159.JPG,3R/102MEDIA,1,Small_Mammal,0.2622,1443.8,350.3,2178.8,1093.8
/srv/shared_leopard_toad/2025/Documents/25.08-01.09.2025/3R/102MEDIA/DSCF0170.JPG,DSCF0170.JPG,3R/102MEDIA,1,Small_Mammal,0.3914,1353.8,587.5,2161.0,1100.2
/srv/shared_leopard_toad/2025/Documents/25.08-01.09.2025/3R/102MEDIA/DSCF0170.JPG,DSCF0170.JPG,3R/102MEDIA,1,Small_Mammal,0.3557,1355.2,352.0,2167.6,1094.3
/srv/shared_leopard_toad/2025/Documents/25.08-01.09.2025/3R/102MEDIA/DSCF0879.JPG,DSCF0879.JPG,3R/102MEDIA,2,Western_Leopard_Toad,0.3782,2631.8,1493.6,2796.7,1710.5
/srv/shared_leopard_toad/2025/Documents/25.08-01.09.2025/3R/102MEDIA/DSCF0646.JPG,DSCF0646.JPG,3R/102MEDIA,1,Small_Mammal,0.2961,1356.5,597.1,2150.5,1111.3
/srv/shared_leopard_toad/2025/Documents/25.08-01.09.2025/3R/102MEDIA/DSCF0859.JPG,DSCF0859.JPG,3R/102MEDIA,2,Western_Leopard_Toad,0.3784,2629.6,1487.3,2793.6,1711.0
/srv/shared_leopard_toad/2025/Documents/25.08-01.09.2025/3R/102MEDIA/DSCF0161.JPG,DSCF0161.JPG,3R/102MEDIA,1,Small_Mammal,0.3206,1355.5,597.5,2162.0,1097.6
/srv/shared_leopard_toad/2025/Documents/25.08-01.09.2025/3R/102MEDIA/DSCF0161.JPG,DSCF0161.JPG,3R/102MEDIA,1,Small_Mammal,0.2391,1347.3,343.5,2172.8,1085.8
/srv/shared_leopard_toad/2025/Documents/25.08-01.09.2025/3R/102MEDIA/DSCF0002.JPG,DSCF0002.JPG,3R/102MEDIA,1,Small_Mammal,0.4197,1362.7,483.2,2170.5,1096.7
/srv/shared_leopard_toad/2025/Documents/25.08-01.09.2025/3R/102MEDIA/DSCF0002.JPG,DSCF0002.JPG,3R/102MEDIA,1,Small_Mammal,0.3533,1364.3,483.2,2168.9,1098.2
/srv/shared_leopard_toad/2025/Documents/25.08-01.09.2025/3R/102MEDIA/DSCF0002.JPG,DSCF0002.JPG,3R/102MEDIA,1,Small_Mammal,0.2482,1563.7,480.4,2174.3,1089.1
/srv/shared_leopard_toad/2025/Documents/25.08-01.09.2025/3R/102MEDIA/DSCF0002.JPG,DSCF0002.JPG,3R/102MEDIA,1,Small_Mammal,0.2104,1678.9,478.6,2174.6,1082.1
/srv/shared_leopard_toad/2025/Documents/25.08-01.09.2025/3R/102MEDIA/DSCF0845.JPG,DSCF0845.JPG,3R/102MEDIA,2,Western_Leopard_Toad,0.6797,2630.4,1490.0,2792.8,1714.1
/srv/shared_leopard_toad/2025/Documents/25.08-01.09.2025/3R/102MEDIA/DSCF0578.JPG,DSCF0578.JPG,3R/102MEDIA,1,Small_Mammal,0.3240,1350.2,589.9,2151.5,1080.1
/srv/shared_leopard_toad/2025/Documents/25.08-01.09.2025/3R/102MEDIA/DSCF0847.JPG,DSCF0847.JPG,3R/102MEDIA,2,Western_Leopard_Toad,0.2627,2629.6,1492.5,2793.6,1714.6
/srv/shared_leopard_toad/2025/Documents/25.08-01.09.2025/3R/102MEDIA/DSCF0585.JPG,DSCF0585.JPG,3R/102MEDIA,1,Small_Mammal,0.2094,1448.7,713.9,2158.1,1111.1
/srv/shared_leopard_toad/2025/Documents/25.08-01.09.2025/3R/102MEDIA/DSCF0115.JPG,DSCF0115.JPG,3R/102MEDIA,1,Small_Mammal,0.3523,1353.2,346.4,2172.2,1095.4
/srv/shared_leopard_toad/2025/Documents/25.08-01.09.2025/3R/102MEDIA/DSCF0115.JPG,DSCF0115.JPG,3R/102MEDIA,1,Small_Mammal,0.3027,1357.1,626.1,2160.4,1101.5
/srv/shared_leopard_toad/2025/Documents/25.08-01.09.2025/3R/102MEDIA/DSCF0037.JPG,DSCF0037.JPG,3R/102MEDIA,1,Small_Mammal,0.5249,1367.3,474.0,2158.1,1095.6
/srv/shared_leopard_toad/2025/Documents/25.08-01.09.2025/3R/102MEDIA/DSCF0037.JPG,DSCF0037.JPG,3R/102MEDIA,1,Small_Mammal,0.4766,1697.1,471.8,2164.3,1093.4
/srv/shared_leopard_toad/2025/Documents/25.08-01.09.2025/3R/102MEDIA/DSCF0037.JPG,DSCF0037.JPG,3R/102MEDIA,1,Small_Mammal,0.3306,1433.9,471.4,2172.8,1093.8
/srv/shared_leopard_toad/2025/Documents/25.08-01.09.2025/3R/102MEDIA/DSCF0056.JPG,DSCF0056.JPG,3R/102MEDIA,1,Small_Mammal,0.5596,1363.4,469.5,2167.3,1095.6
/srv/shared_leopard_toad/2025/Documents/25.08-01.09.2025/3R/102MEDIA/DSCF0056.JPG,DSCF0056.JPG,3R/102MEDIA,1,Small_Mammal,0.3511,1359.8,470.8,2170.9,1098.7
/srv/shared_leopard_toad/2025/Documents/25.08-01.09.2025/3R/102MEDIA/DSCF0056.JPG,DSCF0056.JPG,3R/102MEDIA,1,Small_Mammal,0.2388,1524.0,466.8,2161.5,1093.9
/srv/shared_leopard_toad/2025/Documents/25.08-01.09.2025/3R/102MEDIA/DSCF0641.JPG,DSCF0641.JPG,3R/102MEDIA,1,Small_Mammal,0.4395,1353.8,589.7,2147.9,1092.1
/srv/shared_leopard_toad/2025/Documents/25.08-01.09.2025/3R/102MEDIA/DSCF0624.JPG,DSCF0624.JPG,3R/102MEDIA,1,Small_Mammal,0.3152,1355.5,601.0,2151.5,1104.5
/srv/shared_leopard_toad/2025/Documents/25.08-01.09.2025/3R/102MEDIA/DSCF0616.JPG,DSCF0616.JPG,3R/102MEDIA,1,Small_Mammal,0.2277,1440.1,722.4,2161.4,1083.4
/srv/shared_leopard_toad/2025/Documents/25.08-01.09.2025/3R/102MEDIA/DSCF0829.JPG,DSCF0829.JPG,3R/102MEDIA,2,Western_Leopard_Toad,0.6094,2628.7,1488.4,2794.6,1712.8
/srv/shared_leopard_toad/2025/Documents/25.08-01.09.2025/3R/102MEDIA/DSCF0137.JPG,DSCF0137.JPG,3R/102MEDIA,1,Small_Mammal,0.3811,1356.5,351.8,2168.9,1094.5
/srv/shared_leopard_toad/2025/Documents/25.08-01.09.2025/3R/102MEDIA/DSCF0137.JPG,DSCF0137.JPG,3R/102MEDIA,1,Small_Mammal,0.3293,1358.1,597.1,2156.8,1099.5
/srv/shared_leopard_toad/2025/Documents/25.08-01.09.2025/3R/102MEDIA/DSCF0137.JPG,DSCF0137.JPG,3R/102MEDIA,1,Small_Mammal,0.2244,1538.6,346.6,2170.5,1091.5
/srv/shared_leopard_toad/2025/Documents/25.08-01.09.2025/3R/102MEDIA/DSCF0069.JPG,DSCF0069.JPG,3R/102MEDIA,1,Small_Mammal,0.4705,1366.0,472.1,2159.4,1097.5
/srv/shared_leopard_toad/2025/Documents/25.08-01.09.2025/3R/102MEDIA/DSCF0069.JPG,DSCF0069.JPG,3R/102MEDIA,1,Small_Mammal,0.4434,1361.1,472.7,2172.2,1092.5
/srv/shared_leopard_toad/2025/Documents/25.08-01.09.2025/3R/102MEDIA/DSCF0069.JPG,DSCF0069.JPG,3R/102MEDIA,1,Small_Mammal,0.4121,1673.6,469.9,2174.6,1092.3
/srv/shared_leopard_toad/2025/Documents/25.08-01.09.2025/3R/102MEDIA/DSCF0609.JPG,DSCF0609.JPG,3R/102MEDIA,1,Small_Mammal,0.2527,1361.7,592.1,2145.3,1108.9
/srv/shared_leopard_toad/2025/Documents/25.08-01.09.2025/3R/102MEDIA/DSCF0129.JPG,DSCF0129.JPG,3R/102MEDIA,1,Small_Mammal,0.3608,1357.1,362.5,2173.5,1097.1
/srv/shared_leopard_toad/2025/Documents/25.08-01.09.2025/3R/102MEDIA/DSCF0129.JPG,DSCF0129.JPG,3R/102MEDIA,1,Small_Mammal,0.3579,1355.5,591.0,2159.4,1101.1
/srv/shared_leopard_toad/2025/Documents/25.08-01.09.2025/3R/102MEDIA/DSCF0129.JPG,DSCF0129.JPG,3R/102MEDIA,1,Small_Mammal,0.2120,1344.3,331.3,2170.5,1083.2
/srv/shared_leopard_toad/2025/Documents/25.08-01.09.2025/3R/102MEDIA/DSCF0147.JPG,DSCF0147.JPG,3R/102MEDIA,1,Small_Mammal,0.5771,1359.4,361.0,2179.1,1097.1
/srv/shared_leopard_toad/2025/Documents/25.08-01.09.2025/3R/102MEDIA/DSCF0147.JPG,DSCF0147.JPG,3R/102MEDIA,1,Small_Mammal,0.4492,1359.8,597.6,2163.0,1100.4
/srv/shared_leopard_toad/2025/Documents/25.08-01.09.2025/3R/102MEDIA/DSCF0147.JPG,DSCF0147.JPG,3R/102MEDIA,1,Small_Mammal,0.2407,1484.1,352.5,2183.0,1097.5
/srv/shared_leopard_toad/2025/Documents/25.08-01.09.2025/3R/102MEDIA/DSCF0882.JPG,DSCF0882.JPG,3R/102MEDIA,2,Western_Leopard_Toad,0.3599,2629.0,1491.1,2794.2,1710.0
/srv/shared_leopard_toad/2025/Documents/25.08-01.09.2025/3R/102MEDIA/DSCF0062.JPG,DSCF0062.JPG,3R/102MEDIA,1,Small_Mammal,0.3330,1361.7,475.5,2168.9,1089.7
/srv/shared_leopard_toad/2025/Documents/25.08-01.09.2025/3R/102MEDIA/DSCF0062.JPG,DSCF0062.JPG,3R/102MEDIA,1,Small_Mammal,0.3047,1356.1,555.0,2145.6,1091.4
/srv/shared_leopard_toad/2025/Documents/25.08-01.09.2025/3R/102MEDIA/DSCF0062.JPG,DSCF0062.JPG,3R/102MEDIA,1,Small_Mammal,0.2595,1603.9,472.5,2165.6,1092.7
/srv/shared_leopard_toad/2025/Documents/25.08-01.09.2025/3R/102MEDIA/DSCF0495.JPG,DSCF0495.JPG,3R/102MEDIA,1,Small_Mammal,0.3152,1349.2,598.7,2147.2,1109.6
/srv/shared_leopard_toad/2025/Documents/25.08-01.09.2025/3R/102MEDIA/DSCF0175.JPG,DSCF0175.JPG,3R/102MEDIA,1,Small_Mammal,0.4851,1364.3,601.0,2163.7,1100.0
/srv/shared_leopard_toad/2025/Documents/25.08-01.09.2025/3R/102MEDIA/DSCF0175.JPG,DSCF0175.JPG,3R/102MEDIA,1,Small_Mammal,0.3118,1357.1,325.6,2176.1,1089.0
/srv/shared_leopard_toad/2025/Documents/25.08-01.09.2025/3R/102MEDIA/DSCF0103.JPG,DSCF0103.JPG,3R/102MEDIA,1,Small_Mammal,0.4402,1362.4,476.6,2168.2,1093.0
/srv/shared_leopard_toad/2025/Documents/25.08-01.09.2025/3R/102MEDIA/DSCF0103.JPG,DSCF0103.JPG,3R/102MEDIA,1,Small_Mammal,0.4136,1637.0,477.7,2171.9,1091.9
/srv/shared_leopard_toad/2025/Documents/25.08-01.09.2025/3R/102MEDIA/DSCF0103.JPG,DSCF0103.JPG,3R/102MEDIA,1,Small_Mammal,0.3701,1373.5,491.0,2157.1,1097.8
/srv/shared_leopard_toad/2025/Documents/25.08-01.09.2025/3R/102MEDIA/DSCF0070.JPG,DSCF0070.JPG,3R/102MEDIA,1,Small_Mammal,0.4683,1368.6,469.5,2167.3,1095.6
/srv/shared_leopard_toad/2025/Documents/25.08-01.09.2025/3R/102MEDIA/DSCF0070.JPG,DSCF0070.JPG,3R/102MEDIA,1,Small_Mammal,0.3906,1597.5,471.0,2164.1,1094.1
/srv/shared_leopard_toad/2025/Documents/25.08-01.09.2025/3R/102MEDIA/DSCF0070.JPG,DSCF0070.JPG,3R/102MEDIA,1,Small_Mammal,0.3596,1362.0,467.1,2163.3,1098.0
/srv/shared_leopard_toad/2025/Documents/25.08-01.09.2025/3R/102MEDIA/DSCF0070.JPG,DSCF0070.JPG,3R/102MEDIA,1,Small_Mammal,0.2581,1563.2,475.6,2169.6,1102.8
/srv/shared_leopard_toad/2025/Documents/25.08-01.09.2025/3R/102MEDIA/DSCF0092.JPG,DSCF0092.JPG,3R/102MEDIA,1,Small_Mammal,0.3333,1364.3,360.1,2171.5,1092.1
/srv/shared_leopard_toad/2025/Documents/25.08-01.09.2025/3R/102MEDIA/DSCF0092.JPG,DSCF0092.JPG,3R/102MEDIA,1,Small_Mammal,0.2852,1485.4,622.6,2168.6,1102.1
/srv/shared_leopard_toad/2025/Documents/25.08-01.09.2025/3R/102MEDIA/DSCF0092.JPG,DSCF0092.JPG,3R/102MEDIA,1,Small_Mammal,0.2135,1626.0,638.6,2161.9,1102.3
/srv/shared_leopard_toad/2025/Documents/25.08-01.09.2025/3R/102MEDIA/DSCF0100.JPG,DSCF0100.JPG,3R/102MEDIA,1,Small_Mammal,0.5522,1691.2,469.2,2170.2,1093.0
/srv/shared_leopard_toad/2025/Documents/25.08-01.09.2025/3R/102MEDIA/DSCF0100.JPG,DSCF0100.JPG,3R/102MEDIA,1,Small_Mammal,0.5112,1405.7,471.9,2166.9,1096.2
/srv/shared_leopard_toad/2025/Documents/25.08-01.09.2025/3R/102MEDIA/DSCF0100.JPG,DSCF0100.JPG,3R/102MEDIA,1,Small_Mammal,0.4941,1372.9,473.2,2170.9,1094.9
/srv/shared_leopard_toad/2025/Documents/25.08-01.09.2025/3R/102MEDIA/DSCF0401.JPG,DSCF0401.JPG,3R/102MEDIA,1,Small_Mammal,0.2035,1907.9,779.9,2153.0,1117.5
/srv/shared_leopard_toad/2025/Documents/25.08-01.09.2025/3R/102MEDIA/DSCF0599.JPG,DSCF0599.JPG,3R/102MEDIA,1,Small_Mammal,0.2812,1367.6,608.5,2155.1,1110.2
/srv/shared_leopard_toad/2025/Documents/25.08-01.09.2025/3R/102MEDIA/DSCF0600.JPG,DSCF0600.JPG,3R/102MEDIA,1,Small_Mammal,0.2156,1353.5,597.3,2153.5,1108.2
/srv/shared_leopard_toad/2025/Documents/25.08-01.09.2025/3R/102MEDIA/DSCF0042.JPG,DSCF0042.JPG,3R/102MEDIA,1,Small_Mammal,0.3899,1356.8,576.2,2147.6,1092.3
/srv/shared_leopard_toad/2025/Documents/25.08-01.09.2025/3R/102MEDIA/DSCF0042.JPG,DSCF0042.JPG,3R/102MEDIA,1,Small_Mammal,0.3042,1353.2,493.9,2166.9,1090.4
/srv/shared_leopard_toad/2025/Documents/25.08-01.09.2025/3R/102MEDIA/DSCF0042.JPG,DSCF0042.JPG,3R/102MEDIA,1,Small_Mammal,0.2469,1666.2,478.4,2174.2,1089.7
/srv/shared_leopard_toad/2025/Documents/25.08-01.09.2025/3R/102MEDIA/DSCF0529.JPG,DSCF0529.JPG,3R/102MEDIA,1,Small_Mammal,0.3188,1353.2,595.8,2153.8,1081.6
/srv/shared_leopard_toad/2025/Documents/25.08-01.09.2025/3R/102MEDIA/DSCF0010.JPG,DSCF0010.JPG,3R/102MEDIA,1,Small_Mammal,0.4639,1359.8,474.0,2170.9,1095.6
/srv/shared_leopard_toad/2025/Documents/25.08-01.09.2025/3R/102MEDIA/DSCF0010.JPG,DSCF0010.JPG,3R/102MEDIA,1,Small_Mammal,0.4600,1362.0,478.8,2160.7,1101.1
/srv/shared_leopard_toad/2025/Documents/25.08-01.09.2025/3R/102MEDIA/DSCF0010.JPG,DSCF0010.JPG,3R/102MEDIA,1,Small_Mammal,0.3433,1695.8,469.5,2168.2,1095.6
/srv/shared_leopard_toad/2025/Documents/25.08-01.09.2025/3R/102MEDIA/DSCF0078.JPG,DSCF0078.JPG,3R/102MEDIA,1,Small_Mammal,0.4656,1362.4,467.0,2170.9,1092.3
/srv/shared_leopard_toad/2025/Documents/25.08-01.09.2025/3R/102MEDIA/DSCF0078.JPG,DSCF0078.JPG,3R/102MEDIA,1,Small_Mammal,0.3032,1641.0,463.1,2175.8,1087.3
/srv/shared_leopard_toad/2025/Documents/25.08-01.09.2025/3R/102MEDIA/DSCF0078.JPG,DSCF0078.JPG,3R/102MEDIA,1,Small_Mammal,0.2998,1354.5,565.2,2152.5,1091.5
/srv/shared_leopard_toad/2025/Documents/25.08-01.09.2025/3R/102MEDIA/DSCF0156.JPG,DSCF0156.JPG,3R/102MEDIA,1,Small_Mammal,0.2666,1352.9,325.6,2164.6,1089.0
/srv/shared_leopard_toad/2025/Documents/25.08-01.09.2025/3R/102MEDIA/DSCF0156.JPG,DSCF0156.JPG,3R/102MEDIA,1,Small_Mammal,0.2494,1352.9,603.9,2159.4,1100.0
/srv/shared_leopard_toad/2025/Documents/25.08-01.09.2025/3R/102MEDIA/DSCF0094.JPG,DSCF0094.JPG,3R/102MEDIA,1,Small_Mammal,0.3762,1515.1,650.4,2167.8,1102.3
/srv/shared_leopard_toad/2025/Documents/25.08-01.09.2025/3R/102MEDIA/DSCF0094.JPG,DSCF0094.JPG,3R/102MEDIA,1,Small_Mammal,0.2944,1360.7,464.2,2169.9,1092.1
/srv/shared_leopard_toad/2025/Documents/25.08-01.09.2025/3R/102MEDIA/DSCF0094.JPG,DSCF0094.JPG,3R/102MEDIA,1,Small_Mammal,0.2605,1605.2,648.9,2159.1,1097.8
/srv/shared_leopard_toad/2025/Documents/25.08-01.09.2025/3R/102MEDIA/DSCF0047.JPG,DSCF0047.JPG,3R/102MEDIA,1,Small_Mammal,0.3682,1359.8,483.6,2163.0,1090.4
/srv/shared_leopard_toad/2025/Documents/25.08-01.09.2025/3R/102MEDIA/DSCF0047.JPG,DSCF0047.JPG,3R/102MEDIA,1,Small_Mammal,0.3367,1354.2,482.5,2171.2,1087.1
/srv/shared_leopard_toad/2025/Documents/25.08-01.09.2025/3R/102MEDIA/DSCF0047.JPG,DSCF0047.JPG,3R/102MEDIA,1,Small_Mammal,0.2634,1731.0,477.1,2164.5,1085.1
/srv/shared_leopard_toad/2025/Documents/25.08-01.09.2025/3R/102MEDIA/DSCF0631.JPG,DSCF0631.JPG,3R/102MEDIA,1,Small_Mammal,0.2397,1359.8,683.1,2152.5,1100.6
/srv/shared_leopard_toad/2025/Documents/25.08-01.09.2025/3R/102MEDIA/DSCF0055.JPG,DSCF0055.JPG,3R/102MEDIA,1,Small_Mammal,0.4045,1364.3,606.7,2155.8,1097.3
/srv/shared_leopard_toad/2025/Documents/25.08-01.09.2025/3R/102MEDIA/DSCF0055.JPG,DSCF0055.JPG,3R/102MEDIA,1,Small_Mammal,0.3066,1354.8,477.3,2170.5,1090.8
/srv/shared_leopard_toad/2025/Documents/25.08-01.09.2025/3R/102MEDIA/DSCF0658.JPG,DSCF0658.JPG,3R/102MEDIA,1,Small_Mammal,0.2189,1356.8,596.7,2145.0,1104.3
/srv/shared_leopard_toad/2025/Documents/25.08-01.09.2025/3R/102MEDIA/DSCF0606.JPG,DSCF0606.JPG,3R/102MEDIA,1,Small_Mammal,0.3296,1353.8,595.2,2150.5,1095.4
/srv/shared_leopard_toad/2025/Documents/25.08-01.09.2025/3R/102MEDIA/DSCF0064.JPG,DSCF0064.JPG,3R/102MEDIA,1,Small_Mammal,0.4736,1363.0,492.1,2165.0,1096.7
/srv/shared_leopard_toad/2025/Documents/25.08-01.09.2025/3R/102MEDIA/DSCF0064.JPG,DSCF0064.JPG,3R/102MEDIA,1,Small_Mammal,0.4316,1359.1,489.8,2168.9,1093.0
/srv/shared_leopard_toad/2025/Documents/25.08-01.09.2025/3R/102MEDIA/DSCF0064.JPG,DSCF0064.JPG,3R/102MEDIA,1,Small_Mammal,0.3164,1661.3,482.8,2171.2,1092.7
/srv/shared_leopard_toad/2025/Documents/25.08-01.09.2025/3R/102MEDIA/DSCF0064.JPG,DSCF0064.JPG,3R/102MEDIA,1,Small_Mammal,0.2103,1550.6,491.7,2166.4,1101.5
/srv/shared_leopard_toad/2025/Documents/25.08-01.09.2025/3R/102MEDIA/DSCF0746.JPG,DSCF0746.JPG,3R/102MEDIA,1,Small_Mammal,0.2056,1377.8,708.4,2129.2,1116.7
/srv/shared_leopard_toad/2025/Documents/25.08-01.09.2025/3R/102MEDIA/DSCF0081.JPG,DSCF0081.JPG,3R/102MEDIA,1,Small_Mammal,0.5479,1369.9,483.9,2155.5,1096.0
/srv/shared_leopard_toad/2025/Documents/25.08-01.09.2025/3R/102MEDIA/DSCF0081.JPG,DSCF0081.JPG,3R/102MEDIA,1,Small_Mammal,0.5312,1446.0,480.4,2160.7,1096.5
/srv/shared_leopard_toad/2025/Documents/25.08-01.09.2025/3R/102MEDIA/DSCF0081.JPG,DSCF0081.JPG,3R/102MEDIA,1,Small_Mammal,0.3438,1625.4,482.1,2154.6,1093.4
/srv/shared_leopard_toad/2025/Documents/25.08-01.09.2025/3R/102MEDIA/DSCF0016.JPG,DSCF0016.JPG,3R/102MEDIA,1,Small_Mammal,0.3975,1359.8,484.3,2170.9,1091.2
/srv/shared_leopard_toad/2025/Documents/25.08-01.09.2025/3R/102MEDIA/DSCF0016.JPG,DSCF0016.JPG,3R/102MEDIA,1,Small_Mammal,0.2971,1352.9,550.8,2151.5,1092.7
/srv/shared_leopard_toad/2025/Documents/25.08-01.09.2025/3R/102MEDIA/DSCF0016.JPG,DSCF0016.JPG,3R/102MEDIA,1,Small_Mammal,0.2651,1682.0,475.1,2174.2,1090.1
/srv/shared_leopard_toad/2025/Documents/25.08-01.09.2025/3R/102MEDIA/DSCF0101.JPG,DSCF0101.JPG,3R/102MEDIA,1,Small_Mammal,0.3940,1357.8,470.3,2167.6,1091.9
/srv/shared_leopard_toad/2025/Documents/25.08-01.09.2025/3R/102MEDIA/DSCF0101.JPG,DSCF0101.JPG,3R/102MEDIA,1,Small_Mammal,0.3293,1638.5,471.4,2167.8,1090.8
/srv/shared_leopard_toad/2025/Documents/25.08-01.09.2025/3R/102MEDIA/DSCF0101.JPG,DSCF0101.JPG,3R/102MEDIA,1,Small_Mammal,0.3037,1364.7,598.4,2147.6,1092.3
/srv/shared_leopard_toad/2025/Documents/25.08-01.09.2025/3R/102MEDIA/DSCF0029.JPG,DSCF0029.JPG,3R/102MEDIA,1,Small_Mammal,0.4902,1362.4,477.5,2165.6,1095.1
/srv/shared_leopard_toad/2025/Documents/25.08-01.09.2025/3R/102MEDIA/DSCF0029.JPG,DSCF0029.JPG,3R/102MEDIA,1,Small_Mammal,0.2700,1357.8,476.0,2167.6,1093.6
/srv/shared_leopard_toad/2025/Documents/25.08-01.09.2025/3R/102MEDIA/DSCF0029.JPG,DSCF0029.JPG,3R/102MEDIA,1,Small_Mammal,0.2561,1711.5,473.6,2165.6,1087.1
/srv/shared_leopard_toad/2025/Documents/25.08-01.09.2025/3R/102MEDIA/DSCF0728.JPG,DSCF0728.JPG,3R/102MEDIA,1,Small_Mammal,0.2197,1353.2,597.3,2132.8,1106.7
/srv/shared_leopard_toad/2025/Documents/25.08-01.09.2025/3R/102MEDIA/DSCF0105.JPG,DSCF0105.JPG,3R/102MEDIA,1,Small_Mammal,0.3904,1356.8,463.1,2168.6,1094.7
/srv/shared_leopard_toad/2025/Documents/25.08-01.09.2025/3R/102MEDIA/DSCF0105.JPG,DSCF0105.JPG,3R/102MEDIA,1,Small_Mammal,0.2837,1355.2,601.3,2151.8,1095.2
/srv/shared_leopard_toad/2025/Documents/25.08-01.09.2025/3R/102MEDIA/DSCF0105.JPG,DSCF0105.JPG,3R/102MEDIA,1,Small_Mammal,0.2266,1618.8,464.2,2171.7,1092.1
/srv/shared_leopard_toad/2025/Documents/25.08-01.09.2025/3R/102MEDIA/DSCF0116.JPG,DSCF0116.JPG,3R/102MEDIA,1,Small_Mammal,0.3525,1351.9,585.3,2163.0,1098.0
/srv/shared_leopard_toad/2025/Documents/25.08-01.09.2025/3R/102MEDIA/DSCF0865.JPG,DSCF0865.JPG,3R/102MEDIA,2,Western_Leopard_Toad,0.4031,2632.4,1490.4,2796.1,1710.8
/srv/shared_leopard_toad/2025/Documents/25.08-01.09.2025/3R/102MEDIA/DSCF0085.JPG,DSCF0085.JPG,3R/102MEDIA,1,Small_Mammal,0.5049,1367.0,483.4,2163.7,1093.6
/srv/shared_leopard_toad/2025/Documents/25.08-01.09.2025/3R/102MEDIA/DSCF0085.JPG,DSCF0085.JPG,3R/102MEDIA,1,Small_Mammal,0.4231,1395.8,492.1,2158.4,1096.7
/srv/shared_leopard_toad/2025/Documents/25.08-01.09.2025/3R/102MEDIA/DSCF0085.JPG,DSCF0085.JPG,3R/102MEDIA,1,Small_Mammal,0.3613,1631.3,482.1,2169.7,1093.4
/srv/shared_leopard_toad/2025/Documents/25.08-01.09.2025/3R/102MEDIA/DSCF0027.JPG,DSCF0027.JPG,3R/102MEDIA,1,Small_Mammal,0.4348,1359.8,473.6,2170.9,1091.5
/srv/shared_leopard_toad/2025/Documents/25.08-01.09.2025/3R/102MEDIA/DSCF0027.JPG,DSCF0027.JPG,3R/102MEDIA,1,Small_Mammal,0.4221,1364.3,476.6,2166.3,1096.0
/srv/shared_leopard_toad/2025/Documents/25.08-01.09.2025/3R/102MEDIA/DSCF0027.JPG,DSCF0027.JPG,3R/102MEDIA,1,Small_Mammal,0.3391,1702.5,474.3,2164.1,1090.8
/srv/shared_leopard_toad/2025/Documents/25.08-01.09.2025/3R/102MEDIA/DSCF0082.JPG,DSCF0082.JPG,3R/102MEDIA,1,Small_Mammal,0.4993,1364.3,469.4,2171.5,1098.7
/srv/shared_leopard_toad/2025/Documents/25.08-01.09.2025/3R/102MEDIA/DSCF0082.JPG,DSCF0082.JPG,3R/102MEDIA,1,Small_Mammal,0.3984,1415.9,579.4,2154.1,1101.0
/srv/shared_leopard_toad/2025/Documents/25.08-01.09.2025/3R/102MEDIA/DSCF0082.JPG,DSCF0082.JPG,3R/102MEDIA,1,Small_Mammal,0.3208,1582.1,470.3,2163.8,1099.3
/srv/shared_leopard_toad/2025/Documents/25.08-01.09.2025/3R/102MEDIA/DSCF0082.JPG,DSCF0082.JPG,3R/102MEDIA,1,Small_Mammal,0.2239,1585.7,642.7,2160.2,1099.7
/srv/shared_leopard_toad/2025/Documents/25.08-01.09.2025/3R/102MEDIA/DSCF0109.JPG,DSCF0109.JPG,3R/102MEDIA,1,Small_Mammal,0.4607,1360.4,591.7,2162.3,1097.5
/srv/shared_leopard_toad/2025/Documents/25.08-01.09.2025/3R/102MEDIA/DSCF0109.JPG,DSCF0109.JPG,3R/102MEDIA,1,Small_Mammal,0.3853,1354.2,388.5,2171.2,1096.2
/srv/shared_leopard_toad/2025/Documents/25.08-01.09.2025/3R/102MEDIA/DSCF0109.JPG,DSCF0109.JPG,3R/102MEDIA,1,Small_Mammal,0.2130,1511.8,353.1,2176.3,1093.2
/srv/shared_leopard_toad/2025/Documents/25.08-01.09.2025/3R/102MEDIA/DSCF0843.JPG,DSCF0843.JPG,3R/102MEDIA,2,Western_Leopard_Toad,0.4580,2630.0,1488.7,2793.3,1712.4
/srv/shared_leopard_toad/2025/Documents/25.08-01.09.2025/3R/102MEDIA/DSCF0497.JPG,DSCF0497.JPG,3R/102MEDIA,1,Small_Mammal,0.2429,1344.7,593.4,2151.8,1073.6
/srv/shared_leopard_toad/2025/Documents/25.08-01.09.2025/3R/102MEDIA/DSCF0611.JPG,DSCF0611.JPG,3R/102MEDIA,1,Small_Mammal,0.2712,1378.1,707.6,2147.2,1117.4
/srv/shared_leopard_toad/2025/Documents/25.08-01.09.2025/3R/102MEDIA/DSCF0855.JPG,DSCF0855.JPG,3R/102MEDIA,2,Western_Leopard_Toad,0.4192,2629.3,1488.9,2793.9,1712.3
/srv/shared_leopard_toad/2025/Documents/25.08-01.09.2025/3R/102MEDIA/DSCF0024.JPG,DSCF0024.JPG,3R/102MEDIA,1,Small_Mammal,0.4482,1357.8,487.3,2167.6,1092.7
/srv/shared_leopard_toad/2025/Documents/25.08-01.09.2025/3R/102MEDIA/DSCF0024.JPG,DSCF0024.JPG,3R/102MEDIA,1,Small_Mammal,0.3652,1358.4,495.4,2156.4,1094.9
/srv/shared_leopard_toad/2025/Documents/25.08-01.09.2025/3R/102MEDIA/DSCF0024.JPG,DSCF0024.JPG,3R/102MEDIA,1,Small_Mammal,0.2817,1674.9,477.7,2176.0,1091.9
/srv/shared_leopard_toad/2025/Documents/25.08-01.09.2025/3R/102MEDIA/DSCF0852.JPG,DSCF0852.JPG,3R/102MEDIA,2,Western_Leopard_Toad,0.4268,2629.2,1490.7,2794.1,1713.5
/srv/shared_leopard_toad/2025/Documents/25.08-01.09.2025/3R/102MEDIA/DSCF0493.JPG,DSCF0493.JPG,3R/102MEDIA,1,Small_Mammal,0.2661,1353.5,596.5,2153.5,1076.4
/srv/shared_leopard_toad/2025/Documents/25.08-01.09.2025/3R/102MEDIA/DSCF0595.JPG,DSCF0595.JPG,3R/102MEDIA,1,Small_Mammal,0.3010,1364.7,610.0,2158.1,1114.6
/srv/shared_leopard_toad/2025/Documents/25.08-01.09.2025/3R/102MEDIA/DSCF0860.JPG,DSCF0860.JPG,3R/102MEDIA,2,Western_Leopard_Toad,0.4656,2630.0,1489.4,2793.3,1711.8
/srv/shared_leopard_toad/2025/Documents/25.08-01.09.2025/3R/102MEDIA/DSCF0604.JPG,DSCF0604.JPG,3R/102MEDIA,1,Small_Mammal,0.2167,1371.9,701.7,2150.9,1111.5
/srv/shared_leopard_toad/2025/Documents/25.08-01.09.2025/3R/102MEDIA/DSCF0090.JPG,DSCF0090.JPG,3R/102MEDIA,1,Small_Mammal,0.4214,1364.3,479.5,2166.3,1094.5
/srv/shared_leopard_toad/2025/Documents/25.08-01.09.2025/3R/102MEDIA/DSCF0090.JPG,DSCF0090.JPG,3R/102MEDIA,1,Small_Mammal,0.3936,1370.9,577.3,2149.2,1097.1
/srv/shared_leopard_toad/2025/Documents/25.08-01.09.2025/3R/102MEDIA/DSCF0090.JPG,DSCF0090.JPG,3R/102MEDIA,1,Small_Mammal,0.3245,1578.1,476.7,2159.9,1095.8
/srv/shared_leopard_toad/2025/Documents/25.08-01.09.2025/3R/102MEDIA/DSCF0638.JPG,DSCF0638.JPG,3R/102MEDIA,1,Small_Mammal,0.2449,1360.4,602.8,2154.5,1096.7
/srv/shared_leopard_toad/2025/Documents/25.08-01.09.2025/3R/102MEDIA/DSCF0084.JPG,DSCF0084.JPG,3R/102MEDIA,1,Small_Mammal,0.3738,1385.3,589.3,2150.5,1096.9
/srv/shared_leopard_toad/2025/Documents/25.08-01.09.2025/3R/102MEDIA/DSCF0084.JPG,DSCF0084.JPG,3R/102MEDIA,1,Small_Mammal,0.3142,1651.1,484.1,2170.9,1092.8
/srv/shared_leopard_toad/2025/Documents/25.08-01.09.2025/3R/102MEDIA/DSCF0084.JPG,DSCF0084.JPG,3R/102MEDIA,1,Small_Mammal,0.2891,1355.8,445.2,2169.6,1090.4
/srv/shared_leopard_toad/2025/Documents/25.08-01.09.2025/3R/102MEDIA/DSCF0124.JPG,DSCF0124.JPG,3R/102MEDIA,1,Small_Mammal,0.3210,1359.1,369.3,2168.9,1093.2
/srv/shared_leopard_toad/2025/Documents/25.08-01.09.2025/3R/102MEDIA/DSCF0124.JPG,DSCF0124.JPG,3R/102MEDIA,1,Small_Mammal,0.2239,1357.1,571.8,2157.8,1095.2
/srv/shared_leopard_toad/2025/Documents/25.08-01.09.2025/3R/102MEDIA/DSCF0138.JPG,DSCF0138.JPG,3R/102MEDIA,1,Small_Mammal,0.2905,1358.1,604.1,2159.4,1099.9
/srv/shared_leopard_toad/2025/Documents/25.08-01.09.2025/3R/102MEDIA/DSCF0138.JPG,DSCF0138.JPG,3R/102MEDIA,1,Small_Mammal,0.2898,1348.9,355.3,2166.0,1091.0
/srv/shared_leopard_toad/2025/Documents/25.08-01.09.2025/3R/102MEDIA/DSCF0014.JPG,DSCF0014.JPG,3R/102MEDIA,1,Small_Mammal,0.4070,1362.0,486.5,2168.6,1093.4
/srv/shared_leopard_toad/2025/Documents/25.08-01.09.2025/3R/102MEDIA/DSCF0014.JPG,DSCF0014.JPG,3R/102MEDIA,1,Small_Mammal,0.3320,1361.4,494.1,2156.1,1097.6
/srv/shared_leopard_toad/2025/Documents/25.08-01.09.2025/3R/102MEDIA/DSCF0014.JPG,DSCF0014.JPG,3R/102MEDIA,1,Small_Mammal,0.2939,1636.5,481.2,2172.4,1092.8
/srv/shared_leopard_toad/2025/Documents/25.08-01.09.2025/3R/102MEDIA/DSCF0836.JPG,DSCF0836.JPG,3R/102MEDIA,2,Western_Leopard_Toad,0.6133,2629.6,1488.7,2793.6,1712.4
/srv/shared_leopard_toad/2025/Documents/25.08-01.09.2025/3R/102MEDIA/DSCF0520.JPG,DSCF0520.JPG,3R/102MEDIA,1,Small_Mammal,0.2781,1354.5,598.2,2152.5,1098.4
/srv/shared_leopard_toad/2025/Documents/25.08-01.09.2025/3R/102MEDIA/DSCF0009.JPG,DSCF0009.JPG,3R/102MEDIA,1,Small_Mammal,0.3354,1354.8,476.0,2170.5,1086.2
/srv/shared_leopard_toad/2025/Documents/25.08-01.09.2025/3R/102MEDIA/DSCF0009.JPG,DSCF0009.JPG,3R/102MEDIA,1,Small_Mammal,0.2339,1707.4,473.1,2172.4,1087.7
/srv/shared_leopard_toad/2025/Documents/25.08-01.09.2025/3R/102MEDIA/DSCF0009.JPG,DSCF0009.JPG,3R/102MEDIA,1,Small_Mammal,0.2338,1360.4,505.5,2157.1,1092.1
/srv/shared_leopard_toad/2025/Documents/25.08-01.09.2025/3R/102MEDIA/DSCF0140.JPG,DSCF0140.JPG,3R/102MEDIA,1,Small_Mammal,0.3740,1354.5,466.8,2173.5,1098.4
/srv/shared_leopard_toad/2025/Documents/25.08-01.09.2025/3R/102MEDIA/DSCF0140.JPG,DSCF0140.JPG,3R/102MEDIA,1,Small_Mammal,0.3718,1353.5,593.4,2161.4,1098.7
/srv/shared_leopard_toad/2025/Documents/25.08-01.09.2025/3R/102MEDIA/DSCF0140.JPG,DSCF0140.JPG,3R/102MEDIA,1,Small_Mammal,0.2103,1695.1,473.1,2174.2,1092.1
/srv/shared_leopard_toad/2025/Documents/25.08-01.09.2025/3R/102MEDIA/DSCF0506.JPG,DSCF0506.JPG,3R/102MEDIA,1,Small_Mammal,0.3564,1346.0,590.4,2150.5,1097.3
/srv/shared_leopard_toad/2025/Documents/25.08-01.09.2025/3R/102MEDIA/DSCF0642.JPG,DSCF0642.JPG,3R/102MEDIA,1,Small_Mammal,0.3677,1352.5,591.5,2151.8,1085.8
/srv/shared_leopard_toad/2025/Documents/25.08-01.09.2025/3R/101MEDIA/DSCF0589.JPG,DSCF0589.JPG,3R/101MEDIA,0,Other_Amphibian,0.2358,816.8,1101.7,893.3,1207.7
/srv/shared_leopard_toad/2025/Documents/25.08-01.09.2025/3R/101MEDIA/DSCF0514.JPG,DSCF0514.JPG,3R/101MEDIA,0,Other_Amphibian,0.2313,812.1,1102.8,894.1,1209.5
/srv/shared_leopard_toad/2025/Documents/25.08-01.09.2025/3R/101MEDIA/DSCF0784.JPG,DSCF0784.JPG,3R/101MEDIA,0,Other_Amphibian,0.8403,952.8,241.3,1046.2,341.5
/srv/shared_leopard_toad/2025/Documents/25.08-01.09.2025/3R/101MEDIA/DSCF0933.JPG,DSCF0933.JPG,3R/101MEDIA,0,Other_Amphibian,0.8477,149.5,5.9,275.7,164.7
/srv/shared_leopard_toad/2025/Documents/25.08-01.09.2025/3R/101MEDIA/DSCF0933.JPG,DSCF0933.JPG,3R/101MEDIA,2,Western_Leopard_Toad,0.2893,149.5,5.9,275.7,164.7
/srv/shared_leopard_toad/2025/Documents/25.08-01.09.2025/3R/101MEDIA/DSCF0543.JPG,DSCF0543.JPG,3R/101MEDIA,1,Small_Mammal,0.2542,1735.5,466.2,2133.8,1051.7
/srv/shared_leopard_toad/2025/Documents/25.08-01.09.2025/3R/101MEDIA/DSCF0562.JPG,DSCF0562.JPG,3R/101MEDIA,0,Other_Amphibian,0.2474,820.2,1102.2,897.9,1202.8
/srv/shared_leopard_toad/2025/Documents/25.08-01.09.2025/3R/101MEDIA/DSCF0594.JPG,DSCF0594.JPG,3R/101MEDIA,0,Other_Amphibian,0.2566,812.5,1102.8,893.8,1214.0
/srv/shared_leopard_toad/2025/Documents/25.08-01.09.2025/3R/101MEDIA/DSCF0956.JPG,DSCF0956.JPG,3R/101MEDIA,1,Small_Mammal,0.3220,1362.0,475.3,2179.1,1042.6
/srv/shared_leopard_toad/2025/Documents/25.08-01.09.2025/3R/101MEDIA/DSCF0956.JPG,DSCF0956.JPG,3R/101MEDIA,1,Small_Mammal,0.2180,1366.0,474.0,2183.0,1043.9
/srv/shared_leopard_toad/2025/Documents/25.08-01.09.2025/3R/101MEDIA/DSCF0812.JPG,DSCF0812.JPG,3R/101MEDIA,0,Other_Amphibian,0.3325,817.7,1081.2,905.6,1188.3
/srv/shared_leopard_toad/2025/Documents/25.08-01.09.2025/3R/101MEDIA/DSCF0980.JPG,DSCF0980.JPG,3R/101MEDIA,1,Small_Mammal,0.2307,1352.9,474.7,2177.8,1062.4
/srv/shared_leopard_toad/2025/Documents/25.08-01.09.2025/3R/101MEDIA/DSCF0193.JPG,DSCF0193.JPG,3R/101MEDIA,0,Other_Amphibian,0.6294,936.8,563.0,1004.4,659.6
/srv/shared_leopard_toad/2025/Documents/25.08-01.09.2025/3R/101MEDIA/DSCF0891.JPG,DSCF0891.JPG,3R/101MEDIA,1,Small_Mammal,0.3284,1359.4,470.5,2176.5,1075.5
/srv/shared_leopard_toad/2025/Documents/25.08-01.09.2025/3R/101MEDIA/DSCF0891.JPG,DSCF0891.JPG,3R/101MEDIA,1,Small_Mammal,0.2091,1358.1,470.8,2177.8,1070.7
/srv/shared_leopard_toad/2025/Documents/25.08-01.09.2025/3R/101MEDIA/DSCF0194.JPG,DSCF0194.JPG,3R/101MEDIA,0,Other_Amphibian,0.5210,863.3,597.8,958.5,701.6
/srv/shared_leopard_toad/2025/Documents/25.08-01.09.2025/3R/101MEDIA/DSCF0539.JPG,DSCF0539.JPG,3R/101MEDIA,0,Other_Amphibian,0.2229,814.8,1099.5,894.0,1214.3
/srv/shared_leopard_toad/2025/Documents/25.08-01.09.2025/3R/101MEDIA/DSCF0834.JPG,DSCF0834.JPG,3R/101MEDIA,0,Other_Amphibian,0.2515,817.6,1081.9,904.4,1190.6
/srv/shared_leopard_toad/2025/Documents/25.08-01.09.2025/3R/101MEDIA/DSCF0807.JPG,DSCF0807.JPG,3R/101MEDIA,0,Other_Amphibian,0.2698,817.9,1081.9,905.4,1183.1
/srv/shared_leopard_toad/2025/Documents/25.08-01.09.2025/3R/101MEDIA/DSCF0507.JPG,DSCF0507.JPG,3R/101MEDIA,0,Other_Amphibian,0.3098,816.2,1103.8,896.6,1214.4
/srv/shared_leopard_toad/2025/Documents/25.08-01.09.2025/3R/101MEDIA/DSCF0592.JPG,DSCF0592.JPG,3R/101MEDIA,0,Other_Amphibian,0.3892,812.5,1104.0,893.8,1212.7
/srv/shared_leopard_toad/2025/Documents/25.08-01.09.2025/3R/101MEDIA/DSCF0795.JPG,DSCF0795.JPG,3R/101MEDIA,0,Other_Amphibian,0.2302,821.8,1083.7,909.4,1185.8
/srv/shared_leopard_toad/2025/Documents/25.08-01.09.2025/3R/101MEDIA/DSCF0981.JPG,DSCF0981.JPG,3R/101MEDIA,1,Small_Mammal,0.2280,1354.5,469.2,2178.8,1054.6
/srv/shared_leopard_toad/2025/Documents/25.08-01.09.2025/3R/101MEDIA/DSCF0895.JPG,DSCF0895.JPG,3R/101MEDIA,1,Small_Mammal,0.2462,1359.4,451.1,2176.5,1056.5
/srv/shared_leopard_toad/2025/Documents/25.08-01.09.2025/3R/101MEDIA/DSCF0549.JPG,DSCF0549.JPG,3R/101MEDIA,0,Other_Amphibian,0.2847,814.0,1102.6,892.3,1211.2
/srv/shared_leopard_toad/2025/Documents/25.08-01.09.2025/3R/101MEDIA/DSCF0912.JPG,DSCF0912.JPG,3R/101MEDIA,1,Small_Mammal,0.2313,1353.8,475.8,2179.4,1052.4
/srv/shared_leopard_toad/2025/Documents/25.08-01.09.2025/3R/101MEDIA/DSCF0912.JPG,DSCF0912.JPG,3R/101MEDIA,1,Small_Mammal,0.2040,1359.1,477.5,2182.0,1052.2
/srv/shared_leopard_toad/2025/Documents/25.08-01.09.2025/3R/101MEDIA/DSCF0899.JPG,DSCF0899.JPG,3R/101MEDIA,1,Small_Mammal,0.2708,1355.5,475.6,2180.4,1049.7
/srv/shared_leopard_toad/2025/Documents/25.08-01.09.2025/3R/101MEDIA/DSCF0899.JPG,DSCF0899.JPG,3R/101MEDIA,1,Small_Mammal,0.2119,1359.1,476.7,2182.0,1051.5
/srv/shared_leopard_toad/2025/Documents/25.08-01.09.2025/3R/101MEDIA/DSCF0566.JPG,DSCF0566.JPG,3R/101MEDIA,0,Other_Amphibian,0.3716,812.6,1102.3,893.6,1205.6
/srv/shared_leopard_toad/2025/Documents/25.08-01.09.2025/3R/101MEDIA/DSCF0566.JPG,DSCF0566.JPG,3R/101MEDIA,0,Other_Amphibian,0.2690,813.1,1102.4,893.2,1205.5
/srv/shared_leopard_toad/2025/Documents/25.08-01.09.2025/3R/101MEDIA/DSCF0979.JPG,DSCF0979.JPG,3R/101MEDIA,1,Small_Mammal,0.3577,1352.5,476.0,2180.7,1052.2
/srv/shared_leopard_toad/2025/Documents/25.08-01.09.2025/3R/101MEDIA/DSCF0938.JPG,DSCF0938.JPG,3R/101MEDIA,1,Small_Mammal,0.2050,1356.8,475.8,2173.8,1052.4
/srv/shared_leopard_toad/2025/Documents/25.08-01.09.2025/3R/101MEDIA/DSCF0531.JPG,DSCF0531.JPG,3R/101MEDIA,0,Other_Amphibian,0.2576,819.3,1100.9,898.8,1204.0
/srv/shared_leopard_toad/2025/Documents/25.08-01.09.2025/3R/101MEDIA/DSCF0524.JPG,DSCF0524.JPG,3R/101MEDIA,0,Other_Amphibian,0.2817,2882.1,1054.4,2971.7,1184.1
/srv/shared_leopard_toad/2025/Documents/25.08-01.09.2025/3R/101MEDIA/DSCF0866.JPG,DSCF0866.JPG,3R/101MEDIA,1,Small_Mammal,0.2113,1730.4,483.2,2175.6,1040.6
/srv/shared_leopard_toad/2025/Documents/25.08-01.09.2025/3R/101MEDIA/DSCF0982.JPG,DSCF0982.JPG,3R/101MEDIA,1,Small_Mammal,0.4446,1362.0,470.3,2173.8,1065.3
/srv/shared_leopard_toad/2025/Documents/25.08-01.09.2025/3R/101MEDIA/DSCF0982.JPG,DSCF0982.JPG,3R/101MEDIA,1,Small_Mammal,0.3508,1705.4,465.9,2176.9,1056.5
/srv/shared_leopard_toad/2025/Documents/25.08-01.09.2025/3R/101MEDIA/DSCF0982.JPG,DSCF0982.JPG,3R/101MEDIA,1,Small_Mammal,0.2426,1368.3,468.3,2167.6,1061.5
/srv/shared_leopard_toad/2025/Documents/25.08-01.09.2025/3R/101MEDIA/DSCF0851.JPG,DSCF0851.JPG,3R/101MEDIA,0,Other_Amphibian,0.2311,816.6,1083.0,904.1,1186.5
/srv/shared_leopard_toad/2025/Documents/25.08-01.09.2025/3R/101MEDIA/DSCF0580.JPG,DSCF0580.JPG,3R/101MEDIA,0,Other_Amphibian,0.2673,814.5,1101.5,894.3,1204.9
/srv/shared_leopard_toad/2025/Documents/25.08-01.09.2025/3R/101MEDIA/DSCF0580.JPG,DSCF0580.JPG,3R/101MEDIA,0,Other_Amphibian,0.2059,814.7,1101.4,894.2,1205.0
/srv/shared_leopard_toad/2025/Documents/25.08-01.09.2025/3R/101MEDIA/DSCF0426.JPG,DSCF0426.JPG,3R/101MEDIA,1,Small_Mammal,0.2344,1722.7,486.7,2138.7,1069.6
/srv/shared_leopard_toad/2025/Documents/25.08-01.09.2025/3R/101MEDIA/DSCF0534.JPG,DSCF0534.JPG,3R/101MEDIA,0,Other_Amphibian,0.2028,812.9,1101.8,893.3,1212.0
/srv/shared_leopard_toad/2025/Documents/25.08-01.09.2025/3R/101MEDIA/DSCF0254.JPG,DSCF0254.JPG,3R/101MEDIA,0,Other_Amphibian,0.8623,741.4,803.1,836.2,912.7
/srv/shared_leopard_toad/2025/Documents/25.08-01.09.2025/3R/101MEDIA/DSCF0970.JPG,DSCF0970.JPG,3R/101MEDIA,1,Small_Mammal,0.3098,1354.8,474.0,2170.5,1055.7
/srv/shared_leopard_toad/2025/Documents/25.08-01.09.2025/3R/101MEDIA/DSCF0781.JPG,DSCF0781.JPG,3R/101MEDIA,0,Other_Amphibian,0.7656,948.0,32.6,1024.7,180.4
/srv/shared_leopard_toad/2025/Documents/25.08-01.09.2025/3R/101MEDIA/DSCF0528.JPG,DSCF0528.JPG,3R/101MEDIA,0,Other_Amphibian,0.3591,815.8,1101.4,894.4,1205.0
/srv/shared_leopard_toad/2025/Documents/25.08-01.09.2025/3R/101MEDIA/DSCF0515.JPG,DSCF0515.JPG,3R/101MEDIA,1,Small_Mammal,0.2842,1553.2,476.4,2163.8,1082.9
/srv/shared_leopard_toad/2025/Documents/25.08-01.09.2025/3R/101MEDIA/DSCF0515.JPG,DSCF0515.JPG,3R/101MEDIA,1,Small_Mammal,0.2776,1706.6,476.4,2141.7,1079.9
/srv/shared_leopard_toad/2025/Documents/25.08-01.09.2025/3R/101MEDIA/DSCF0837.JPG,DSCF0837.JPG,3R/101MEDIA,0,Other_Amphibian,0.2573,818.6,1083.6,903.4,1185.9
/srv/shared_leopard_toad/2025/Documents/25.08-01.09.2025/3R/101MEDIA/DSCF0853.JPG,DSCF0853.JPG,3R/101MEDIA,0,Other_Amphibian,0.3320,817.9,1082.1,904.1,1187.4
/srv/shared_leopard_toad/2025/Documents/25.08-01.09.2025/3R/101MEDIA/DSCF0833.JPG,DSCF0833.JPG,3R/101MEDIA,0,Other_Amphibian,0.3711,817.8,1083.4,902.9,1192.0
/srv/shared_leopard_toad/2025/Documents/25.08-01.09.2025/3R/101MEDIA/DSCF0838.JPG,DSCF0838.JPG,3R/101MEDIA,0,Other_Amphibian,0.4216,816.9,1082.6,903.8,1185.4
/srv/shared_leopard_toad/2025/Documents/25.08-01.09.2025/3R/101MEDIA/DSCF0848.JPG,DSCF0848.JPG,3R/101MEDIA,0,Other_Amphibian,0.2098,817.3,1082.7,903.4,1189.7
/srv/shared_leopard_toad/2025/Documents/25.08-01.09.2025/3R/101MEDIA/DSCF0582.JPG,DSCF0582.JPG,3R/101MEDIA,0,Other_Amphibian,0.2988,814.9,1102.0,895.3,1211.8
/srv/shared_leopard_toad/2025/Documents/25.08-01.09.2025/3R/101MEDIA/DSCF0582.JPG,DSCF0582.JPG,3R/101MEDIA,0,Other_Amphibian,0.2798,816.3,1102.3,895.2,1212.9
/srv/shared_leopard_toad/2025/Documents/25.08-01.09.2025/3R/101MEDIA/DSCF0963.JPG,DSCF0963.JPG,3R/101MEDIA,1,Small_Mammal,0.2949,1358.4,479.9,2177.4,1061.6
/srv/shared_leopard_toad/2025/Documents/25.08-01.09.2025/3R/101MEDIA/DSCF0963.JPG,DSCF0963.JPG,3R/101MEDIA,1,Small_Mammal,0.2063,1359.4,480.1,2179.1,1058.5
/srv/shared_leopard_toad/2025/Documents/25.08-01.09.2025/3R/101MEDIA/DSCF0931.JPG,DSCF0931.JPG,3R/101MEDIA,1,Small_Mammal,0.2583,1353.5,470.7,2179.7,1056.1
/srv/shared_leopard_toad/2025/Documents/25.08-01.09.2025/3R/101MEDIA/DSCF0931.JPG,DSCF0931.JPG,3R/101MEDIA,1,Small_Mammal,0.2181,1720.7,467.9,2174.8,1040.4
/srv/shared_leopard_toad/2025/Documents/25.08-01.09.2025/3R/101MEDIA/DSCF0856.JPG,DSCF0856.JPG,3R/101MEDIA,0,Other_Amphibian,0.2908,820.7,1083.8,903.9,1184.2
/srv/shared_leopard_toad/2025/Documents/25.08-01.09.2025/3R/101MEDIA/DSCF0252.JPG,DSCF0252.JPG,3R/101MEDIA,0,Other_Amphibian,0.5127,866.2,699.1,946.3,788.6
/srv/shared_leopard_toad/2025/Documents/25.08-01.09.2025/3R/101MEDIA/DSCF0788.JPG,DSCF0788.JPG,3R/101MEDIA,0,Other_Amphibian,0.2539,919.4,451.1,992.9,559.6
/srv/shared_leopard_toad/2025/Documents/25.08-01.09.2025/3R/101MEDIA/DSCF0788.JPG,DSCF0788.JPG,3R/101MEDIA,0,Other_Amphibian,0.2238,917.5,450.6,992.2,560.8
/srv/shared_leopard_toad/2025/Documents/25.08-01.09.2025/3R/101MEDIA/DSCF0900.JPG,DSCF0900.JPG,3R/101MEDIA,1,Small_Mammal,0.2460,1357.8,479.5,2180.7,1053.2
/srv/shared_leopard_toad/2025/Documents/25.08-01.09.2025/3R/101MEDIA/DSCF0900.JPG,DSCF0900.JPG,3R/101MEDIA,1,Small_Mammal,0.2042,1358.1,484.5,2180.4,1057.0
/srv/shared_leopard_toad/2025/Documents/25.08-01.09.2025/3R/101MEDIA/DSCF0523.JPG,DSCF0523.JPG,3R/101MEDIA,0,Other_Amphibian,0.3418,818.6,1099.4,894.2,1205.5
/srv/shared_leopard_toad/2025/Documents/25.08-01.09.2025/3R/101MEDIA/DSCF0820.JPG,DSCF0820.JPG,3R/101MEDIA,1,Small_Mammal,0.2098,1730.4,451.1,2175.6,1036.5
/srv/shared_leopard_toad/2025/Documents/25.08-01.09.2025/3R/101MEDIA/DSCF0782.JPG,DSCF0782.JPG,3R/101MEDIA,1,Small_Mammal,0.2292,1360.7,474.5,2175.1,1050.8
/srv/shared_leopard_toad/2025/Documents/25.08-01.09.2025/3R/101MEDIA/DSCF0533.JPG,DSCF0533.JPG,3R/101MEDIA,0,Other_Amphibian,0.2272,816.4,1104.0,896.5,1208.3
/srv/shared_leopard_toad/2025/Documents/25.08-01.09.2025/3R/101MEDIA/DSCF0790.JPG,DSCF0790.JPG,3R/101MEDIA,0,Other_Amphibian,0.5054,821.2,1081.5,910.0,1186.5
/srv/shared_leopard_toad/2025/Documents/25.08-01.09.2025/3R/101MEDIA/DSCF0867.JPG,DSCF0867.JPG,3R/101MEDIA,1,Small_Mammal,0.2493,1354.2,476.4,2176.5,1056.3
/srv/shared_leopard_toad/2025/Documents/25.08-01.09.2025/3R/101MEDIA/DSCF0867.JPG,DSCF0867.JPG,3R/101MEDIA,1,Small_Mammal,0.2299,1353.2,479.5,2177.4,1056.1
/srv/shared_leopard_toad/2025/Documents/25.08-01.09.2025/3R/101MEDIA/DSCF0548.JPG,DSCF0548.JPG,3R/101MEDIA,0,Other_Amphibian,0.3298,817.3,1098.3,900.8,1208.1
/srv/shared_leopard_toad/2025/Documents/25.08-01.09.2025/3R/101MEDIA/DSCF0786.JPG,DSCF0786.JPG,3R/101MEDIA,0,Other_Amphibian,0.8286,974.8,312.2,1053.0,411.7
/srv/shared_leopard_toad/2025/Documents/25.08-01.09.2025/3R/101MEDIA/DSCF0985.JPG,DSCF0985.JPG,3R/101MEDIA,1,Small_Mammal,0.2325,1356.8,466.4,2179.1,1066.3
/srv/shared_leopard_toad/2025/Documents/25.08-01.09.2025/3R/101MEDIA/DSCF0195.JPG,DSCF0195.JPG,3R/101MEDIA,0,Other_Amphibian,0.5039,828.5,676.9,908.0,771.6
/srv/shared_leopard_toad/2025/Documents/25.08-01.09.2025/3R/101MEDIA/DSCF0791.JPG,DSCF0791.JPG,3R/101MEDIA,0,Other_Amphibian,0.2216,821.3,1083.3,908.5,1181.7
/srv/shared_leopard_toad/2025/Documents/25.08-01.09.2025/3R/101MEDIA/DSCF0811.JPG,DSCF0811.JPG,3R/101MEDIA,1,Small_Mammal,0.2328,1563.8,470.7,2182.0,1085.6
/srv/shared_leopard_toad/2025/Documents/25.08-01.09.2025/3R/101MEDIA/DSCF0811.JPG,DSCF0811.JPG,3R/101MEDIA,1,Small_Mammal,0.2153,1698.0,468.3,2171.2,1073.3
/srv/shared_leopard_toad/2025/Documents/25.08-01.09.2025/3R/101MEDIA/DSCF0625.JPG,DSCF0625.JPG,3R/101MEDIA,0,Other_Amphibian,0.3201,815.7,1097.2,897.1,1204.7
/srv/shared_leopard_toad/2025/Documents/25.08-01.09.2025/3R/101MEDIA/DSCF0605.JPG,DSCF0605.JPG,3R/101MEDIA,0,Other_Amphibian,0.4475,814.4,1100.7,897.1,1204.2
/srv/shared_leopard_toad/2025/Documents/25.08-01.09.2025/3R/101MEDIA/DSCF0593.JPG,DSCF0593.JPG,3R/101MEDIA,0,Other_Amphibian,0.2334,812.8,1100.9,893.5,1208.4
/srv/shared_leopard_toad/2025/Documents/25.08-01.09.2025/3R/101MEDIA/DSCF0913.JPG,DSCF0913.JPG,3R/101MEDIA,1,Small_Mammal,0.2343,1353.2,476.0,2182.7,1052.2
/srv/shared_leopard_toad/2025/Documents/25.08-01.09.2025/3R/101MEDIA/DSCF0913.JPG,DSCF0913.JPG,3R/101MEDIA,1,Small_Mammal,0.2050,1356.8,476.0,2184.3,1052.2
/srv/shared_leopard_toad/2025/Documents/25.08-01.09.2025/3R/101MEDIA/DSCF0947.JPG,DSCF0947.JPG,3R/101MEDIA,1,Small_Mammal,0.3223,1358.1,475.5,2177.8,1055.7
/srv/shared_leopard_toad/2025/Documents/25.08-01.09.2025/3R/101MEDIA/DSCF0916.JPG,DSCF0916.JPG,3R/101MEDIA,1,Small_Mammal,0.3098,1358.4,471.4,2182.7,1067.2
/srv/shared_leopard_toad/2025/Documents/25.08-01.09.2025/3R/101MEDIA/DSCF0916.JPG,DSCF0916.JPG,3R/101MEDIA,1,Small_Mammal,0.2539,1358.4,472.1,2182.7,1065.0
/srv/shared_leopard_toad/2025/Documents/25.08-01.09.2025/3R/101MEDIA/DSCF0550.JPG,DSCF0550.JPG,3R/101MEDIA,0,Other_Amphibian,0.2874,815.5,1098.1,894.7,1199.5
/srv/shared_leopard_toad/2025/Documents/25.08-01.09.2025/3R/101MEDIA/DSCF0830.JPG,DSCF0830.JPG,3R/101MEDIA,0,Other_Amphibian,0.2554,819.4,1086.1,905.2,1181.9
/srv/shared_leopard_toad/2025/Documents/25.08-01.09.2025/3R/101MEDIA/DSCF0901.JPG,DSCF0901.JPG,3R/101MEDIA,1,Small_Mammal,0.2096,1356.5,474.3,2179.4,1046.5
/srv/shared_leopard_toad/2025/Documents/25.08-01.09.2025/3R/101MEDIA/DSCF0846.JPG,DSCF0846.JPG,3R/101MEDIA,0,Other_Amphibian,0.3701,817.4,1082.7,905.9,1189.7
/srv/shared_leopard_toad/2025/Documents/25.08-01.09.2025/3R/101MEDIA/DSCF0804.JPG,DSCF0804.JPG,3R/101MEDIA,1,Small_Mammal,0.2184,1358.1,478.8,2169.9,1050.9
/srv/shared_leopard_toad/2025/Documents/25.08-01.09.2025/3R/101MEDIA/DSCF0804.JPG,DSCF0804.JPG,3R/101MEDIA,1,Small_Mammal,0.2039,1361.1,493.4,2166.9,1060.0
/srv/shared_leopard_toad/2025/Documents/25.08-01.09.2025/3R/101MEDIA/DSCF0915.JPG,DSCF0915.JPG,3R/101MEDIA,1,Small_Mammal,0.2100,1355.2,478.6,2178.1,1058.5
/srv/shared_leopard_toad/2025/Documents/25.08-01.09.2025/3R/101MEDIA/DSCF0915.JPG,DSCF0915.JPG,3R/101MEDIA,1,Small_Mammal,0.2013,1350.6,479.3,2174.8,1053.3
/srv/shared_leopard_toad/2025/Documents/25.08-01.09.2025/3R/101MEDIA/DSCF0563.JPG,DSCF0563.JPG,3R/101MEDIA,0,Other_Amphibian,0.2074,816.8,1103.7,896.0,1207.1
/srv/shared_leopard_toad/2025/Documents/25.08-01.09.2025/3R/101MEDIA/DSCF0850.JPG,DSCF0850.JPG,3R/101MEDIA,0,Other_Amphibian,0.2346,818.1,1082.7,905.3,1189.7
/srv/shared_leopard_toad/2025/Documents/25.08-01.09.2025/3R/101MEDIA/DSCF0785.JPG,DSCF0785.JPG,3R/101MEDIA,0,Other_Amphibian,0.8735,979.7,268.5,1058.6,373.4
/srv/shared_leopard_toad/2025/Documents/25.08-01.09.2025/3R/101MEDIA/DSCF0894.JPG,DSCF0894.JPG,3R/101MEDIA,1,Small_Mammal,0.2671,1357.5,473.1,2183.7,1059.6
/srv/shared_leopard_toad/2025/Documents/25.08-01.09.2025/3R/101MEDIA/DSCF0783.JPG,DSCF0783.JPG,3R/101MEDIA,0,Other_Amphibian,0.6763,951.4,175.9,1041.0,306.6
/srv/shared_leopard_toad/2025/Documents/25.08-01.09.2025/3R/101MEDIA/DSCF0571.JPG,DSCF0571.JPG,3R/101MEDIA,0,Other_Amphibian,0.2969,816.4,1102.6,896.5,1209.7
/srv/shared_leopard_toad/2025/Documents/25.08-01.09.2025/3R/101MEDIA/DSCF0603.JPG,DSCF0603.JPG,3R/101MEDIA,0,Other_Amphibian,0.2264,817.7,1101.3,900.3,1206.6
/srv/shared_leopard_toad/2025/Documents/25.08-01.09.2025/3R/101MEDIA/DSCF0603.JPG,DSCF0603.JPG,3R/101MEDIA,0,Other_Amphibian,0.2075,818.2,1102.3,899.9,1208.6
/srv/shared_leopard_toad/2025/Documents/25.08-01.09.2025/3R/101MEDIA/DSCF0456.JPG,DSCF0456.JPG,3R/101MEDIA,1,Small_Mammal,0.2096,1738.7,472.5,2138.4,1069.0
/srv/shared_leopard_toad/2025/Documents/25.08-01.09.2025/3R/101MEDIA/DSCF0787.JPG,DSCF0787.JPG,3R/101MEDIA,0,Other_Amphibian,0.6919,947.7,384.1,1047.3,493.7
/srv/shared_leopard_toad/2025/Documents/25.08-01.09.2025/3R/101MEDIA/DSCF0787.JPG,DSCF0787.JPG,3R/101MEDIA,0,Other_Amphibian,0.2307,823.7,1083.1,908.8,1183.5
/srv/shared_leopard_toad/2025/Documents/25.08-01.09.2025/3R/101MEDIA/DSCF0787.JPG,DSCF0787.JPG,3R/101MEDIA,0,Other_Amphibian,0.2239,948.5,382.8,1047.8,492.1
/srv/shared_leopard_toad/2025/Documents/25.08-01.09.2025/3R/101MEDIA/DSCF0694.JPG,DSCF0694.JPG,3R/101MEDIA,0,Other_Amphibian,0.2512,819.6,1098.3,898.5,1199.2
/srv/shared_leopard_toad/2025/Documents/25.08-01.09.2025/3R/101MEDIA/DSCF0598.JPG,DSCF0598.JPG,3R/101MEDIA,0,Other_Amphibian,0.3386,817.9,1101.5,900.2,1206.4
/srv/shared_leopard_toad/2025/Documents/25.08-01.09.2025/3R/101MEDIA/DSCF0598.JPG,DSCF0598.JPG,3R/101MEDIA,0,Other_Amphibian,0.3242,818.2,1101.8,899.9,1207.5
/srv/shared_leopard_toad/2025/Documents/25.08-01.09.2025/3R/101MEDIA/DSCF0212.JPG,DSCF0212.JPG,3R/101MEDIA,0,Other_Amphibian,0.4666,2484.5,648.1,2613.3,793.1
/srv/shared_leopard_toad/2025/Documents/25.08-01.09.2025/3R/101MEDIA/DSCF0960.JPG,DSCF0960.JPG,3R/101MEDIA,1,Small_Mammal,0.3289,1354.2,480.4,2173.8,1056.7
/srv/shared_leopard_toad/2025/Documents/25.08-01.09.2025/3R/101MEDIA/DSCF0946.JPG,DSCF0946.JPG,3R/101MEDIA,1,Small_Mammal,0.2010,1358.1,491.1,2180.4,1050.4
/srv/shared_leopard_toad/2025/Documents/25.08-01.09.2025/3R/101MEDIA/DSCF0977.JPG,DSCF0977.JPG,3R/101MEDIA,1,Small_Mammal,0.2974,1358.1,476.6,2180.4,1047.3
/srv/shared_leopard_toad/2025/Documents/25.08-01.09.2025/3R/101MEDIA/DSCF0977.JPG,DSCF0977.JPG,3R/101MEDIA,1,Small_Mammal,0.2086,1360.1,490.8,2175.8,1050.8
/srv/shared_leopard_toad/2025/Documents/25.08-01.09.2025/3R/101MEDIA/DSCF0583.JPG,DSCF0583.JPG,3R/101MEDIA,0,Other_Amphibian,0.2769,815.3,1101.1,897.5,1209.8
/srv/shared_leopard_toad/2025/Documents/25.08-01.09.2025/3R/101MEDIA/DSCF0583.JPG,DSCF0583.JPG,3R/101MEDIA,0,Other_Amphibian,0.2218,818.4,1100.9,899.7,1210.0
/srv/shared_leopard_toad/2025/Documents/25.08-01.09.2025/3R/101MEDIA/DSCF0005.JPG,DSCF0005.JPG,3R/101MEDIA,2,Western_Leopard_Toad,0.2983,-5.1,6.2,71.7,122.3
/srv/shared_leopard_toad/2025/Documents/25.08-01.09.2025/3R/101MEDIA/DSCF0995.JPG,DSCF0995.JPG,3R/101MEDIA,1,Small_Mammal,0.2449,1350.2,466.4,2180.4,1045.6
/srv/shared_leopard_toad/2025/Documents/25.08-01.09.2025/3R/101MEDIA/DSCF0793.JPG,DSCF0793.JPG,3R/101MEDIA,0,Other_Amphibian,0.2517,821.5,1082.5,909.7,1182.5
/srv/shared_leopard_toad/2025/Documents/25.08-01.09.2025/3R/101MEDIA/DSCF0547.JPG,DSCF0547.JPG,3R/101MEDIA,0,Other_Amphibian,0.3518,814.0,1098.3,897.5,1203.6
/srv/shared_leopard_toad/2025/Documents/25.08-01.09.2025/3R/101MEDIA/DSCF0845.JPG,DSCF0845.JPG,3R/101MEDIA,0,Other_Amphibian,0.2124,816.1,1084.4,904.6,1199.8
/srv/shared_leopard_toad/2025/Documents/25.08-01.09.2025/3R/101MEDIA/DSCF0847.JPG,DSCF0847.JPG,3R/101MEDIA,0,Other_Amphibian,0.3083,817.3,1083.2,903.4,1186.3
/srv/shared_leopard_toad/2025/Documents/25.08-01.09.2025/3R/101MEDIA/DSCF0253.JPG,DSCF0253.JPG,3R/101MEDIA,0,Other_Amphibian,0.8457,802.9,730.3,903.4,839.3
/srv/shared_leopard_toad/2025/Documents/25.08-01.09.2025/3R/101MEDIA/DSCF0522.JPG,DSCF0522.JPG,3R/101MEDIA,0,Other_Amphibian,0.2264,819.0,1101.3,899.1,1199.2
/srv/shared_leopard_toad/2025/Documents/25.08-01.09.2025/3R/101MEDIA/DSCF0829.JPG,DSCF0829.JPG,3R/101MEDIA,1,Small_Mammal,0.2229,1348.9,478.8,2181.7,1049.5
/srv/shared_leopard_toad/2025/Documents/25.08-01.09.2025/3R/101MEDIA/DSCF0829.JPG,DSCF0829.JPG,3R/101MEDIA,1,Small_Mammal,0.2106,1354.8,487.8,2181.0,1053.7
/srv/shared_leopard_toad/2025/Documents/25.08-01.09.2025/3R/101MEDIA/DSCF0590.JPG,DSCF0590.JPG,3R/101MEDIA,0,Other_Amphibian,0.2332,814.2,1101.8,894.6,1207.5
/srv/shared_leopard_toad/2025/Documents/25.08-01.09.2025/3R/101MEDIA/DSCF0968.JPG,DSCF0968.JPG,3R/101MEDIA,1,Small_Mammal,0.2139,1742.7,464.7,2173.8,1033.2
/srv/shared_leopard_toad/2025/Documents/25.08-01.09.2025/3R/101MEDIA/DSCF0948.JPG,DSCF0948.JPG,3R/101MEDIA,1,Small_Mammal,0.2034,1353.2,472.7,2177.4,1052.6
/srv/shared_leopard_toad/2025/Documents/25.08-01.09.2025/3R/101MEDIA/DSCF0600.JPG,DSCF0600.JPG,3R/101MEDIA,0,Other_Amphibian,0.3811,815.4,1105.3,896.1,1207.0
/srv/shared_leopard_toad/2025/Documents/25.08-01.09.2025/3R/101MEDIA/DSCF0600.JPG,DSCF0600.JPG,3R/101MEDIA,0,Other_Amphibian,0.2332,815.4,1103.9,896.1,1205.5
/srv/shared_leopard_toad/2025/Documents/25.08-01.09.2025/3R/101MEDIA/DSCF0984.JPG,DSCF0984.JPG,3R/101MEDIA,1,Small_Mammal,0.2961,1358.4,476.0,2177.4,1049.3
/srv/shared_leopard_toad/2025/Documents/25.08-01.09.2025/3R/101MEDIA/DSCF0835.JPG,DSCF0835.JPG,3R/101MEDIA,0,Other_Amphibian,0.2910,817.9,1083.6,904.1,1185.9
/srv/shared_leopard_toad/2025/Documents/25.08-01.09.2025/3R/101MEDIA/DSCF0926.JPG,DSCF0926.JPG,3R/101MEDIA,1,Small_Mammal,0.2327,1355.5,472.5,2183.0,1042.5
/srv/shared_leopard_toad/2025/Documents/25.08-01.09.2025/3R/101MEDIA/DSCF0197.JPG,DSCF0197.JPG,3R/101MEDIA,0,Other_Amphibian,0.5034,760.3,826.0,846.2,937.0
/srv/shared_leopard_toad/2025/Documents/25.08-01.09.2025/3R/101MEDIA/DSCF0197.JPG,DSCF0197.JPG,3R/101MEDIA,0,Other_Amphibian,0.4102,759.2,825.4,847.3,936.1
/srv/shared_leopard_toad/2025/Documents/25.08-01.09.2025/3R/101MEDIA/DSCF0800.JPG,DSCF0800.JPG,3R/101MEDIA,0,Other_Amphibian,0.2161,824.1,1084.9,908.4,1183.1
/srv/shared_leopard_toad/2025/Documents/25.08-01.09.2025/3R/101MEDIA/DSCF0789.JPG,DSCF0789.JPG,3R/101MEDIA,0,Other_Amphibian,0.7603,854.5,514.2,941.0,626.4
/srv/shared_leopard_toad/2025/Documents/25.08-01.09.2025/3R/101MEDIA/DSCF0460.JPG,DSCF0460.JPG,3R/101MEDIA,2,Western_Leopard_Toad,0.2664,2612.8,1480.0,2826.2,1771.4
/srv/shared_leopard_toad/2025/Documents/25.08-01.09.2025/3R/101MEDIA/DSCF0852.JPG,DSCF0852.JPG,3R/101MEDIA,0,Other_Amphibian,0.3245,816.8,1084.1,901.3,1188.4
/srv/shared_leopard_toad/2025/Documents/25.08-01.09.2025/3R/101MEDIA/DSCF0392.JPG,DSCF0392.JPG,3R/101MEDIA,0,Other_Amphibian,0.3616,749.2,1.1,895.3,90.4
/srv/shared_leopard_toad/2025/Documents/25.08-01.09.2025/3R/101MEDIA/DSCF0595.JPG,DSCF0595.JPG,3R/101MEDIA,0,Other_Amphibian,0.3757,817.9,1099.9,900.2,1208.0
/srv/shared_leopard_toad/2025/Documents/25.08-01.09.2025/3R/101MEDIA/DSCF0893.JPG,DSCF0893.JPG,3R/101MEDIA,1,Small_Mammal,0.2040,1357.1,469.2,2181.4,1041.3
/srv/shared_leopard_toad/2025/Documents/25.08-01.09.2025/3R/101MEDIA/DSCF0604.JPG,DSCF0604.JPG,3R/101MEDIA,0,Other_Amphibian,0.5806,813.3,1101.0,895.6,1205.4
/srv/shared_leopard_toad/2025/Documents/25.08-01.09.2025/3R/101MEDIA/DSCF0836.JPG,DSCF0836.JPG,3R/101MEDIA,0,Other_Amphibian,0.3252,817.9,1082.2,902.8,1185.8
/srv/shared_leopard_toad/2025/Documents/25.08-01.09.2025/3R/101MEDIA/DSCF0717.JPG,DSCF0717.JPG,3R/101MEDIA,0,Other_Amphibian,0.2588,820.9,1096.4,899.8,1195.2
/srv/shared_leopard_toad/2025/Documents/25.08-01.09.2025/3R/100MEDIA/DSCF0404.JPG,DSCF0404.JPG,3R/100MEDIA,0,Other_Amphibian,0.7812,807.8,645.4,898.4,754.3
/srv/shared_leopard_toad/2025/Documents/25.08-01.09.2025/3R/100MEDIA/DSCF0358.JPG,DSCF0358.JPG,3R/100MEDIA,0,Other_Amphibian,0.8296,811.3,660.9,900.2,761.0
/srv/shared_leopard_toad/2025/Documents/25.08-01.09.2025/3R/100MEDIA/DSCF0012.JPG,DSCF0012.JPG,3R/100MEDIA,1,Small_Mammal,0.9341,43.3,-82.7,2432.1,2913.3
/srv/shared_leopard_toad/2025/Documents/25.08-01.09.2025/3R/100MEDIA/DSCF0012.JPG,DSCF0012.JPG,3R/100MEDIA,1,Small_Mammal,0.2881,-126.7,-77.5,2766.1,2912.5
/srv/shared_leopard_toad/2025/Documents/25.08-01.09.2025/3R/100MEDIA/DSCF0012.JPG,DSCF0012.JPG,3R/100MEDIA,1,Small_Mammal,0.2622,-126.0,-3.0,2916.4,2842.4
/srv/shared_leopard_toad/2025/Documents/25.08-01.09.2025/3R/100MEDIA/DSCF0443.JPG,DSCF0443.JPG,3R/100MEDIA,0,Other_Amphibian,0.8008,934.5,254.2,1017.1,342.0
/srv/shared_leopard_toad/2025/Documents/25.08-01.09.2025/3R/100MEDIA/DSCF0001.JPG,DSCF0001.JPG,3R/100MEDIA,1,Small_Mammal,0.6182,118.1,403.1,2575.1,2567.7
/srv/shared_leopard_toad/2025/Documents/25.08-01.09.2025/3R/100MEDIA/DSCF0001.JPG,DSCF0001.JPG,3R/100MEDIA,1,Small_Mammal,0.5776,-27.6,19.2,3119.8,2809.9
/srv/shared_leopard_toad/2025/Documents/25.08-01.09.2025/3R/100MEDIA/DSCF0001.JPG,DSCF0001.JPG,3R/100MEDIA,1,Small_Mammal,0.4893,-129.9,-22.1,3161.8,2846.8
/srv/shared_leopard_toad/2025/Documents/25.08-01.09.2025/3R/100MEDIA/DSCF0001.JPG,DSCF0001.JPG,3R/100MEDIA,1,Small_Mammal,0.4194,-153.6,-121.8,3272.1,2894.8
/srv/shared_leopard_toad/2025/Documents/25.08-01.09.2025/3R/100MEDIA/DSCF0001.JPG,DSCF0001.JPG,3R/100MEDIA,1,Small_Mammal,0.4080,-152.2,19.9,3005.6,2840.2
/srv/shared_leopard_toad/2025/Documents/25.08-01.09.2025/3R/100MEDIA/DSCF0001.JPG,DSCF0001.JPG,3R/100MEDIA,1,Small_Mammal,0.3232,-318.9,-29.5,2547.6,2900.0
/srv/shared_leopard_toad/2025/Documents/25.08-01.09.2025/3R/100MEDIA/DSCF0001.JPG,DSCF0001.JPG,3R/100MEDIA,1,Small_Mammal,0.2727,-228.4,-99.7,3102.8,2885.9
/srv/shared_leopard_toad/2025/Documents/25.08-01.09.2025/3R/100MEDIA/DSCF0001.JPG,DSCF0001.JPG,3R/100MEDIA,1,Small_Mammal,0.2153,43.3,-206.7,3190.7,2811.4
/srv/shared_leopard_toad/2025/Documents/25.08-01.09.2025/3R/100MEDIA/DSCF0407.JPG,DSCF0407.JPG,3R/100MEDIA,0,Other_Amphibian,0.4084,804.9,674.6,892.1,792.4
/srv/shared_leopard_toad/2025/Documents/25.08-01.09.2025/3R/100MEDIA/DSCF0446.JPG,DSCF0446.JPG,3R/100MEDIA,0,Other_Amphibian,0.6943,952.1,3.0,1037.6,73.3
/srv/shared_leopard_toad/2025/Documents/25.08-01.09.2025/3R/100MEDIA/DSCF0362.JPG,DSCF0362.JPG,3R/100MEDIA,0,Other_Amphibian,0.8608,811.5,658.1,900.0,761.6
/srv/shared_leopard_toad/2025/Documents/25.08-01.09.2025/3R/100MEDIA/DSCF0061.JPG,DSCF0061.JPG,3R/100MEDIA,0,Other_Amphibian,0.3018,4463.3,231.0,4624.5,415.4
/srv/shared_leopard_toad/2025/Documents/25.08-01.09.2025/3R/100MEDIA/DSCF0339.JPG,DSCF0339.JPG,3R/100MEDIA,0,Other_Amphibian,0.5376,517.9,88.7,587.9,180.9
/srv/shared_leopard_toad/2025/Documents/25.08-01.09.2025/3R/100MEDIA/DSCF0336.JPG,DSCF0336.JPG,3R/100MEDIA,0,Other_Amphibian,0.2532,527.4,100.0,592.2,191.1
/srv/shared_leopard_toad/2025/Documents/25.08-01.09.2025/3R/100MEDIA/DSCF0344.JPG,DSCF0344.JPG,3R/100MEDIA,0,Other_Amphibian,0.7930,808.2,664.7,896.7,766.1
/srv/shared_leopard_toad/2025/Documents/25.08-01.09.2025/3R/100MEDIA/DSCF0489.JPG,DSCF0489.JPG,3R/100MEDIA,0,Other_Amphibian,0.3604,467.9,417.3,519.7,487.1
/srv/shared_leopard_toad/2025/Documents/25.08-01.09.2025/3R/100MEDIA/DSCF0350.JPG,DSCF0350.JPG,3R/100MEDIA,0,Other_Amphibian,0.8311,811.5,661.3,898.7,760.6
/srv/shared_leopard_toad/2025/Documents/25.08-01.09.2025/3R/100MEDIA/DSCF0390.JPG,DSCF0390.JPG,3R/100MEDIA,0,Other_Amphibian,0.8569,811.5,654.3,900.0,760.3
/srv/shared_leopard_toad/2025/Documents/25.08-01.09.2025/3R/100MEDIA/DSCF0341.JPG,DSCF0341.JPG,3R/100MEDIA,0,Other_Amphibian,0.7651,802.0,658.0,888.5,761.7
/srv/shared_leopard_toad/2025/Documents/25.08-01.09.2025/3R/100MEDIA/DSCF0393.JPG,DSCF0393.JPG,3R/100MEDIA,0,Other_Amphibian,0.8555,811.3,655.7,900.2,763.2
/srv/shared_leopard_toad/2025/Documents/25.08-01.09.2025/3R/100MEDIA/DSCF0403.JPG,DSCF0403.JPG,3R/100MEDIA,0,Other_Amphibian,0.8174,807.0,644.4,898.0,753.1
/srv/shared_leopard_toad/2025/Documents/25.08-01.09.2025/3R/100MEDIA/DSCF0369.JPG,DSCF0369.JPG,3R/100MEDIA,0,Other_Amphibian,0.8594,811.5,657.5,900.0,761.4
/srv/shared_leopard_toad/2025/Documents/25.08-01.09.2025/3R/100MEDIA/DSCF0490.JPG,DSCF0490.JPG,3R/100MEDIA,0,Other_Amphibian,0.2477,468.4,415.6,523.2,490.3
/srv/shared_leopard_toad/2025/Documents/25.08-01.09.2025/3R/100MEDIA/DSCF0353.JPG,DSCF0353.JPG,3R/100MEDIA,0,Other_Amphibian,0.7710,812.2,660.2,899.3,758.8
/srv/shared_leopard_toad/2025/Documents/25.08-01.09.2025/3R/100MEDIA/DSCF0353.JPG,DSCF0353.JPG,3R/100MEDIA,0,Other_Amphibian,0.2045,504.6,68.7,574.3,155.8
/srv/shared_leopard_toad/2025/Documents/25.08-01.09.2025/3R/100MEDIA/DSCF0394.JPG,DSCF0394.JPG,3R/100MEDIA,0,Other_Amphibian,0.8638,810.3,654.1,899.9,760.4
/srv/shared_leopard_toad/2025/Documents/25.08-01.09.2025/3R/100MEDIA/DSCF0445.JPG,DSCF0445.JPG,3R/100MEDIA,0,Other_Amphibian,0.8813,952.4,111.4,1042.6,215.1
/srv/shared_leopard_toad/2025/Documents/25.08-01.09.2025/3R/100MEDIA/DSCF0368.JPG,DSCF0368.JPG,3R/100MEDIA,0,Other_Amphibian,0.8574,811.0,657.7,899.2,762.0
/srv/shared_leopard_toad/2025/Documents/25.08-01.09.2025/3R/100MEDIA/DSCF0366.JPG,DSCF0366.JPG,3R/100MEDIA,0,Other_Amphibian,0.8438,809.4,656.9,896.9,762.0
/srv/shared_leopard_toad/2025/Documents/25.08-01.09.2025/3R/100MEDIA/DSCF0372.JPG,DSCF0372.JPG,3R/100MEDIA,0,Other_Amphibian,0.8604,811.7,657.6,898.5,764.3
/srv/shared_leopard_toad/2025/Documents/25.08-01.09.2025/3R/100MEDIA/DSCF0342.JPG,DSCF0342.JPG,3R/100MEDIA,0,Other_Amphibian,0.7158,803.7,660.4,889.5,762.2
/srv/shared_leopard_toad/2025/Documents/25.08-01.09.2025/3R/100MEDIA/DSCF0007.JPG,DSCF0007.JPG,3R/100MEDIA,1,Small_Mammal,0.6016,6.6,34.7,2707.7,2785.5
/srv/shared_leopard_toad/2025/Documents/25.08-01.09.2025/3R/100MEDIA/DSCF0007.JPG,DSCF0007.JPG,3R/100MEDIA,1,Small_Mammal,0.4482,-1.3,-13.3,2621.1,2842.4
/srv/shared_leopard_toad/2025/Documents/25.08-01.09.2025/3R/100MEDIA/DSCF0256.JPG,DSCF0256.JPG,3R/100MEDIA,0,Other_Amphibian,0.6841,946.1,255.8,1026.5,357.7
/srv/shared_leopard_toad/2025/Documents/25.08-01.09.2025/3R/100MEDIA/DSCF0380.JPG,DSCF0380.JPG,3R/100MEDIA,0,Other_Amphibian,0.8589,811.7,656.9,899.8,759.8
/srv/shared_leopard_toad/2025/Documents/25.08-01.09.2025/3R/100MEDIA/DSCF0409.JPG,DSCF0409.JPG,3R/100MEDIA,0,Other_Amphibian,0.2922,753.0,710.4,862.7,792.7
/srv/shared_leopard_toad/2025/Documents/25.08-01.09.2025/3R/100MEDIA/DSCF0343.JPG,DSCF0343.JPG,3R/100MEDIA,0,Other_Amphibian,0.7227,806.2,662.3,896.1,761.8
/srv/shared_leopard_toad/2025/Documents/25.08-01.09.2025/3R/100MEDIA/DSCF0402.JPG,DSCF0402.JPG,3R/100MEDIA,0,Other_Amphibian,0.8062,807.6,645.3,896.1,749.4
/srv/shared_leopard_toad/2025/Documents/25.08-01.09.2025/3R/100MEDIA/DSCF0184.JPG,DSCF0184.JPG,3R/100MEDIA,0,Other_Amphibian,0.4880,843.3,700.4,923.4,788.7
/srv/shared_leopard_toad/2025/Documents/25.08-01.09.2025/3R/100MEDIA/DSCF0373.JPG,DSCF0373.JPG,3R/100MEDIA,0,Other_Amphibian,0.7715,811.3,658.4,898.9,763.5
/srv/shared_leopard_toad/2025/Documents/25.08-01.09.2025/3R/100MEDIA/DSCF0426.JPG,DSCF0426.JPG,3R/100MEDIA,0,Other_Amphibian,0.8442,1141.2,236.5,1242.3,342.3
/srv/shared_leopard_toad/2025/Documents/25.08-01.09.2025/3R/100MEDIA/DSCF0254.JPG,DSCF0254.JPG,3R/100MEDIA,0,Other_Amphibian,0.3064,1047.5,170.6,1126.0,247.6
/srv/shared_leopard_toad/2025/Documents/25.08-01.09.2025/3R/100MEDIA/DSCF0008.JPG,DSCF0008.JPG,3R/100MEDIA,1,Small_Mammal,0.7222,2968.2,1446.7,4240.0,2838.3
/srv/shared_leopard_toad/2025/Documents/25.08-01.09.2025/3R/100MEDIA/DSCF0346.JPG,DSCF0346.JPG,3R/100MEDIA,0,Other_Amphibian,0.8423,808.2,663.9,896.7,762.5
/srv/shared_leopard_toad/2025/Documents/25.08-01.09.2025/3R/100MEDIA/DSCF0405.JPG,DSCF0405.JPG,3R/100MEDIA,0,Other_Amphibian,0.7246,808.5,639.6,903.0,760.2
/srv/shared_leopard_toad/2025/Documents/25.08-01.09.2025/3R/100MEDIA/DSCF0384.JPG,DSCF0384.JPG,3R/100MEDIA,0,Other_Amphibian,0.8608,810.8,655.5,900.7,761.3
/srv/shared_leopard_toad/2025/Documents/25.08-01.09.2025/3R/100MEDIA/DSCF0930.JPG,DSCF0930.JPG,3R/100MEDIA,0,Other_Amphibian,0.9160,494.8,5.0,698.9,207.1
/srv/shared_leopard_toad/2025/Documents/25.08-01.09.2025/3R/100MEDIA/DSCF0378.JPG,DSCF0378.JPG,3R/100MEDIA,0,Other_Amphibian,0.8530,811.8,656.1,899.7,762.9
/srv/shared_leopard_toad/2025/Documents/25.08-01.09.2025/3R/100MEDIA/DSCF0386.JPG,DSCF0386.JPG,3R/100MEDIA,0,Other_Amphibian,0.8140,811.2,654.6,900.3,759.9
/srv/shared_leopard_toad/2025/Documents/25.08-01.09.2025/3R/100MEDIA/DSCF0399.JPG,DSCF0399.JPG,3R/100MEDIA,0,Other_Amphibian,0.8682,809.4,653.5,900.7,761.0
/srv/shared_leopard_toad/2025/Documents/25.08-01.09.2025/3R/100MEDIA/DSCF0335.JPG,DSCF0335.JPG,3R/100MEDIA,0,Other_Amphibian,0.2859,534.6,134.9,622.4,221.3
/srv/shared_leopard_toad/2025/Documents/25.08-01.09.2025/3R/100MEDIA/DSCF0262.JPG,DSCF0262.JPG,3R/100MEDIA,0,Other_Amphibian,0.3418,742.3,721.0,831.4,808.7
/srv/shared_leopard_toad/2025/Documents/25.08-01.09.2025/3R/100MEDIA/DSCF0363.JPG,DSCF0363.JPG,3R/100MEDIA,0,Other_Amphibian,0.8613,811.8,658.8,899.7,763.1
/srv/shared_leopard_toad/2025/Documents/25.08-01.09.2025/3R/100MEDIA/DSCF0376.JPG,DSCF0376.JPG,3R/100MEDIA,0,Other_Amphibian,0.8521,811.2,655.2,899.0,761.5
/srv/shared_leopard_toad/2025/Documents/25.08-01.09.2025/3R/100MEDIA/DSCF0186.JPG,DSCF0186.JPG,3R/100MEDIA,0,Other_Amphibian,0.3101,871.5,718.3,937.1,796.7
/srv/shared_leopard_toad/2025/Documents/25.08-01.09.2025/3R/100MEDIA/DSCF0049.JPG,DSCF0049.JPG,3R/100MEDIA,0,Other_Amphibian,0.2913,4463.1,233.9,4614.2,414.6
/srv/shared_leopard_toad/2025/Documents/25.08-01.09.2025/3R/100MEDIA/DSCF0421.JPG,DSCF0421.JPG,3R/100MEDIA,0,Other_Amphibian,0.6714,949.1,421.8,1031.4,507.7
/srv/shared_leopard_toad/2025/Documents/25.08-01.09.2025/3R/100MEDIA/DSCF0421.JPG,DSCF0421.JPG,3R/100MEDIA,0,Other_Amphibian,0.5996,948.0,421.1,1031.3,507.6
/srv/shared_leopard_toad/2025/Documents/25.08-01.09.2025/3R/100MEDIA/DSCF0333.JPG,DSCF0333.JPG,3R/100MEDIA,0,Other_Amphibian,0.8633,914.2,351.3,999.4,459.3
/srv/shared_leopard_toad/2025/Documents/25.08-01.09.2025/3R/100MEDIA/DSCF0387.JPG,DSCF0387.JPG,3R/100MEDIA,0,Other_Amphibian,0.8608,811.0,654.9,900.5,761.8
/srv/shared_leopard_toad/2025/Documents/25.08-01.09.2025/3R/100MEDIA/DSCF0391.JPG,DSCF0391.JPG,3R/100MEDIA,0,Other_Amphibian,0.8589,810.8,654.6,900.7,759.9
/srv/shared_leopard_toad/2025/Documents/25.08-01.09.2025/3R/100MEDIA/DSCF0182.JPG,DSCF0182.JPG,3R/100MEDIA,0,Other_Amphibian,0.5869,860.1,553.2,935.4,670.2
/srv/shared_leopard_toad/2025/Documents/25.08-01.09.2025/3R/100MEDIA/DSCF0182.JPG,DSCF0182.JPG,3R/100MEDIA,0,Other_Amphibian,0.4358,856.5,554.1,932.4,671.5
/srv/shared_leopard_toad/2025/Documents/25.08-01.09.2025/3R/100MEDIA/DSCF0345.JPG,DSCF0345.JPG,3R/100MEDIA,0,Other_Amphibian,0.8086,807.4,664.3,897.6,764.3
/srv/shared_leopard_toad/2025/Documents/25.08-01.09.2025/3R/100MEDIA/DSCF0338.JPG,DSCF0338.JPG,3R/100MEDIA,0,Other_Amphibian,0.5942,786.1,562.0,871.6,680.5
/srv/shared_leopard_toad/2025/Documents/25.08-01.09.2025/3R/100MEDIA/DSCF0338.JPG,DSCF0338.JPG,3R/100MEDIA,0,Other_Amphibian,0.2186,512.5,96.3,581.5,184.2
/srv/shared_leopard_toad/2025/Documents/25.08-01.09.2025/3R/100MEDIA/DSCF0360.JPG,DSCF0360.JPG,3R/100MEDIA,0,Other_Amphibian,0.8672,812.0,658.6,899.5,762.6
/srv/shared_leopard_toad/2025/Documents/25.08-01.09.2025/3R/100MEDIA/DSCF0381.JPG,DSCF0381.JPG,3R/100MEDIA,0,Other_Amphibian,0.8647,811.5,657.2,900.0,759.6
/srv/shared_leopard_toad/2025/Documents/25.08-01.09.2025/3R/100MEDIA/DSCF0365.JPG,DSCF0365.JPG,3R/100MEDIA,0,Other_Amphibian,0.8643,811.0,657.7,899.2,762.0
/srv/shared_leopard_toad/2025/Documents/25.08-01.09.2025/3R/100MEDIA/DSCF0377.JPG,DSCF0377.JPG,3R/100MEDIA,0,Other_Amphibian,0.8545,810.7,656.2,899.5,760.5
/srv/shared_leopard_toad/2025/Documents/25.08-01.09.2025/3R/100MEDIA/DSCF0408.JPG,DSCF0408.JPG,3R/100MEDIA,0,Other_Amphibian,0.6875,788.4,698.6,871.9,797.9
/srv/shared_leopard_toad/2025/Documents/25.08-01.09.2025/3R/100MEDIA/DSCF0398.JPG,DSCF0398.JPG,3R/100MEDIA,0,Other_Amphibian,0.8643,807.6,653.0,898.6,761.5
/srv/shared_leopard_toad/2025/Documents/25.08-01.09.2025/3R/100MEDIA/DSCF0349.JPG,DSCF0349.JPG,3R/100MEDIA,0,Other_Amphibian,0.8530,811.8,660.9,898.4,758.8
/srv/shared_leopard_toad/2025/Documents/25.08-01.09.2025/3R/100MEDIA/DSCF0406.JPG,DSCF0406.JPG,3R/100MEDIA,0,Other_Amphibian,0.8184,808.4,639.6,901.8,766.8
/srv/shared_leopard_toad/2025/Documents/25.08-01.09.2025/3R/100MEDIA/DSCF0389.JPG,DSCF0389.JPG,3R/100MEDIA,0,Other_Amphibian,0.8623,811.2,655.1,900.3,761.6
/srv/shared_leopard_toad/2025/Documents/25.08-01.09.2025/3R/100MEDIA/DSCF0379.JPG,DSCF0379.JPG,3R/100MEDIA,0,Other_Amphibian,0.8672,811.0,654.5,900.5,760.0
/srv/shared_leopard_toad/2025/Documents/25.08-01.09.2025/3R/100MEDIA/DSCF0395.JPG,DSCF0395.JPG,3R/100MEDIA,0,Other_Amphibian,0.8574,810.5,655.5,899.7,763.4
/srv/shared_leopard_toad/2025/Documents/25.08-01.09.2025/3R/100MEDIA/DSCF0370.JPG,DSCF0370.JPG,3R/100MEDIA,0,Other_Amphibian,0.8608,811.2,656.7,899.0,763.0
/srv/shared_leopard_toad/2025/Documents/25.08-01.09.2025/3R/100MEDIA/DSCF0375.JPG,DSCF0375.JPG,3R/100MEDIA,0,Other_Amphibian,0.8662,811.3,656.5,898.9,762.5
/srv/shared_leopard_toad/2025/Documents/25.08-01.09.2025/3R/100MEDIA/DSCF0337.JPG,DSCF0337.JPG,3R/100MEDIA,0,Other_Amphibian,0.3726,518.4,100.2,587.4,185.5
/srv/shared_leopard_toad/2025/Documents/25.08-01.09.2025/3R/100MEDIA/DSCF0355.JPG,DSCF0355.JPG,3R/100MEDIA,0,Other_Amphibian,0.8511,812.0,660.0,899.5,759.0
/srv/shared_leopard_toad/2025/Documents/25.08-01.09.2025/3R/100MEDIA/DSCF0364.JPG,DSCF0364.JPG,3R/100MEDIA,0,Other_Amphibian,0.8604,813.0,658.7,898.5,761.0
/srv/shared_leopard_toad/2025/Documents/25.08-01.09.2025/3R/100MEDIA/DSCF0255.JPG,DSCF0255.JPG,3R/100MEDIA,0,Other_Amphibian,0.6636,970.2,212.9,1055.0,330.8
/srv/shared_leopard_toad/2025/Documents/25.08-01.09.2025/3R/100MEDIA/DSCF0255.JPG,DSCF0255.JPG,3R/100MEDIA,0,Other_Amphibian,0.4812,967.6,217.1,1057.5,331.8
/srv/shared_leopard_toad/2025/Documents/25.08-01.09.2025/3R/100MEDIA/DSCF0441.JPG,DSCF0441.JPG,3R/100MEDIA,0,Other_Amphibian,0.4634,981.6,320.2,1075.1,416.9
/srv/shared_leopard_toad/2025/Documents/25.08-01.09.2025/3R/100MEDIA/DSCF0427.JPG,DSCF0427.JPG,3R/100MEDIA,0,Other_Amphibian,0.8462,1141.6,237.7,1241.9,344.0
/srv/shared_leopard_toad/2025/Documents/25.08-01.09.2025/3R/100MEDIA/DSCF0176.JPG,DSCF0176.JPG,3R/100MEDIA,0,Other_Amphibian,0.4683,992.2,239.3,1071.1,340.6
/srv/shared_leopard_toad/2025/Documents/25.08-01.09.2025/3R/100MEDIA/DSCF0397.JPG,DSCF0397.JPG,3R/100MEDIA,0,Other_Amphibian,0.8633,809.8,653.1,900.4,761.4
/srv/shared_leopard_toad/2025/Documents/25.08-01.09.2025/3R/100MEDIA/DSCF0005.JPG,DSCF0005.JPG,3R/100MEDIA,1,Small_Mammal,0.9102,26.9,61.3,2035.0,2826.9
/srv/shared_leopard_toad/2025/Documents/25.08-01.09.2025/3R/100MEDIA/DSCF0005.JPG,DSCF0005.JPG,3R/100MEDIA,1,Small_Mammal,0.5215,-9.8,-14.8,2348.7,2854.2
/srv/shared_leopard_toad/2025/Documents/25.08-01.09.2025/3R/100MEDIA/DSCF0005.JPG,DSCF0005.JPG,3R/100MEDIA,1,Small_Mammal,0.5107,-56.4,19.9,2323.1,2804.7
/srv/shared_leopard_toad/2025/Documents/25.08-01.09.2025/3R/100MEDIA/DSCF0005.JPG,DSCF0005.JPG,3R/100MEDIA,1,Small_Mammal,0.4099,-100.4,-25.1,2567.9,2871.9
/srv/shared_leopard_toad/2025/Documents/25.08-01.09.2025/3R/100MEDIA/DSCF0005.JPG,DSCF0005.JPG,3R/100MEDIA,1,Small_Mammal,0.4043,-53.2,156.5,2078.3,2843.9
/srv/shared_leopard_toad/2025/Documents/25.08-01.09.2025/3R/100MEDIA/DSCF0005.JPG,DSCF0005.JPG,3R/100MEDIA,1,Small_Mammal,0.3667,-59.1,-79.7,2768.1,2874.9
/srv/shared_leopard_toad/2025/Documents/25.08-01.09.2025/3R/100MEDIA/DSCF0005.JPG,DSCF0005.JPG,3R/100MEDIA,1,Small_Mammal,0.2759,-178.5,22.1,2543.6,2861.6
/srv/shared_leopard_toad/2025/Documents/25.08-01.09.2025/3R/100MEDIA/DSCF0005.JPG,DSCF0005.JPG,3R/100MEDIA,1,Small_Mammal,0.2742,-200.8,-0.7,2320.5,2866.7
/srv/shared_leopard_toad/2025/Documents/25.08-01.09.2025/3R/100MEDIA/DSCF0005.JPG,DSCF0005.JPG,3R/100MEDIA,1,Small_Mammal,0.2340,-213.3,-66.4,2795.0,2889.6
/srv/shared_leopard_toad/2025/Documents/25.08-01.09.2025/3R/100MEDIA/DSCF0005.JPG,DSCF0005.JPG,3R/100MEDIA,1,Small_Mammal,0.2115,-175.9,121.8,2324.4,2852.0
/srv/shared_leopard_toad/2025/Documents/25.08-01.09.2025/3R/100MEDIA/DSCF0257.JPG,DSCF0257.JPG,3R/100MEDIA,0,Other_Amphibian,0.2739,911.1,280.8,997.3,380.3
/srv/shared_leopard_toad/2025/Documents/25.08-01.09.2025/3R/100MEDIA/DSCF0382.JPG,DSCF0382.JPG,3R/100MEDIA,0,Other_Amphibian,0.8638,811.5,655.4,900.0,761.4
/srv/shared_leopard_toad/2025/Documents/25.08-01.09.2025/3R/100MEDIA/DSCF0434.JPG,DSCF0434.JPG,3R/100MEDIA,0,Other_Amphibian,0.9375,3598.6,348.0,3882.6,697.4
/srv/shared_leopard_toad/2025/Documents/25.08-01.09.2025/3R/100MEDIA/DSCF0352.JPG,DSCF0352.JPG,3R/100MEDIA,0,Other_Amphibian,0.8296,812.0,660.8,898.2,758.2
/srv/shared_leopard_toad/2025/Documents/25.08-01.09.2025/3R/100MEDIA/DSCF0002.JPG,DSCF0002.JPG,3R/100MEDIA,1,Small_Mammal,0.8052,143.7,86.4,2249.0,2823.9
/srv/shared_leopard_toad/2025/Documents/25.08-01.09.2025/3R/100MEDIA/DSCF0002.JPG,DSCF0002.JPG,3R/100MEDIA,1,Small_Mammal,0.7422,250.7,1739.0,2294.2,2850.1
/srv/shared_leopard_toad/2025/Documents/25.08-01.09.2025/3R/100MEDIA/DSCF0435.JPG,DSCF0435.JPG,3R/100MEDIA,0,Other_Amphibian,0.9370,3599.7,348.0,3881.6,697.4
/srv/shared_leopard_toad/2025/Documents/25.08-01.09.2025/3R/100MEDIA/DSCF0329.JPG,DSCF0329.JPG,3R/100MEDIA,0,Other_Amphibian,0.2920,1041.9,118.3,1126.4,216.9
/srv/shared_leopard_toad/2025/Documents/25.08-01.09.2025/3R/100MEDIA/DSCF0261.JPG,DSCF0261.JPG,3R/100MEDIA,0,Other_Amphibian,0.8125,807.6,648.5,894.8,751.2
/srv/shared_leopard_toad/2025/Documents/25.08-01.09.2025/3R/100MEDIA/DSCF0332.JPG,DSCF0332.JPG,3R/100MEDIA,0,Other_Amphibian,0.8291,935.0,295.0,1032.4,414.9
/srv/shared_leopard_toad/2025/Documents/25.08-01.09.2025/3R/100MEDIA/DSCF0332.JPG,DSCF0332.JPG,3R/100MEDIA,0,Other_Amphibian,0.3420,541.9,178.7,633.5,259.8
/srv/shared_leopard_toad/2025/Documents/25.08-01.09.2025/3R/100MEDIA/DSCF0388.JPG,DSCF0388.JPG,3R/100MEDIA,0,Other_Amphibian,0.8730,810.6,653.7,900.9,760.8
/srv/shared_leopard_toad/2025/Documents/25.08-01.09.2025/3R/100MEDIA/DSCF0401.JPG,DSCF0401.JPG,3R/100MEDIA,0,Other_Amphibian,0.8330,805.9,649.0,893.8,758.1
/srv/shared_leopard_toad/2025/Documents/25.08-01.09.2025/3R/100MEDIA/DSCF0010.JPG,DSCF0010.JPG,3R/100MEDIA,1,Small_Mammal,0.8477,710.1,563.3,3867.9,2829.8
/srv/shared_leopard_toad/2025/Documents/25.08-01.09.2025/3R/100MEDIA/DSCF0010.JPG,DSCF0010.JPG,3R/100MEDIA,1,Small_Mammal,0.2534,458.1,-11.1,4329.9,2825.4
/srv/shared_leopard_toad/2025/Documents/25.08-01.09.2025/3R/100MEDIA/DSCF0010.JPG,DSCF0010.JPG,3R/100MEDIA,1,Small_Mammal,0.2456,488.2,-58.3,4310.2,2852.0
/srv/shared_leopard_toad/2025/Documents/25.08-01.09.2025/3R/100MEDIA/DSCF0010.JPG,DSCF0010.JPG,3R/100MEDIA,1,Small_Mammal,0.2306,458.1,-70.9,4314.2,2846.8
/srv/shared_leopard_toad/2025/Documents/25.08-01.09.2025/3R/100MEDIA/DSCF0348.JPG,DSCF0348.JPG,3R/100MEDIA,0,Other_Amphibian,0.8306,811.2,662.5,897.7,761.6
/srv/shared_leopard_toad/2025/Documents/25.08-01.09.2025/3R/100MEDIA/DSCF0383.JPG,DSCF0383.JPG,3R/100MEDIA,0,Other_Amphibian,0.8604,811.3,656.3,900.2,762.6
/srv/shared_leopard_toad/2025/Documents/25.08-01.09.2025/3R/100MEDIA/DSCF0400.JPG,DSCF0400.JPG,3R/100MEDIA,0,Other_Amphibian,0.8511,808.0,652.8,896.9,761.7
/srv/shared_leopard_toad/2025/Documents/25.08-01.09.2025/3R/100MEDIA/DSCF0351.JPG,DSCF0351.JPG,3R/100MEDIA,0,Other_Amphibian,0.8345,811.8,656.8,899.7,757.8
/srv/shared_leopard_toad/2025/Documents/25.08-01.09.2025/3R/100MEDIA/DSCF0354.JPG,DSCF0354.JPG,3R/100MEDIA,0,Other_Amphibian,0.8550,811.7,660.6,899.8,761.4
/srv/shared_leopard_toad/2025/Documents/25.08-01.09.2025/3R/100MEDIA/DSCF0367.JPG,DSCF0367.JPG,3R/100MEDIA,0,Other_Amphibian,0.8423,811.5,656.7,900.0,762.2
/srv/shared_leopard_toad/2025/Documents/25.08-01.09.2025/3R/100MEDIA/DSCF0331.JPG,DSCF0331.JPG,3R/100MEDIA,0,Other_Amphibian,0.8545,949.1,232.1,1040.7,338.6
/srv/shared_leopard_toad/2025/Documents/25.08-01.09.2025/3R/100MEDIA/DSCF0082.JPG,DSCF0082.JPG,3R/100MEDIA,1,Small_Mammal,0.2266,1718.4,666.3,2140.4,1090.8
/srv/shared_leopard_toad/2025/Documents/25.08-01.09.2025/3R/100MEDIA/DSCF0347.JPG,DSCF0347.JPG,3R/100MEDIA,0,Other_Amphibian,0.8262,810.3,663.1,898.5,761.1
/srv/shared_leopard_toad/2025/Documents/25.08-01.09.2025/3R/100MEDIA/DSCF0357.JPG,DSCF0357.JPG,3R/100MEDIA,0,Other_Amphibian,0.7891,812.2,660.8,899.3,758.2
/srv/shared_leopard_toad/2025/Documents/25.08-01.09.2025/3R/100MEDIA/DSCF0340.JPG,DSCF0340.JPG,3R/100MEDIA,0,Other_Amphibian,0.6279,800.9,653.7,884.4,760.8
/srv/shared_leopard_toad/2025/Documents/25.08-01.09.2025/3R/100MEDIA/DSCF0340.JPG,DSCF0340.JPG,3R/100MEDIA,0,Other_Amphibian,0.2485,511.2,75.2,582.8,170.5
/srv/shared_leopard_toad/2025/Documents/25.08-01.09.2025/3R/100MEDIA/DSCF0392.JPG,DSCF0392.JPG,3R/100MEDIA,0,Other_Amphibian,0.8687,811.5,654.5,900.0,760.0
/srv/shared_leopard_toad/2025/Documents/25.08-01.09.2025/3R/100MEDIA/DSCF0328.JPG,DSCF0328.JPG,3R/100MEDIA,0,Other_Amphibian,0.7754,1076.7,86.5,1175.5,196.1
/srv/shared_leopard_toad/2025/Documents/25.08-01.09.2025/3R/100MEDIA/DSCF0374.JPG,DSCF0374.JPG,3R/100MEDIA,0,Other_Amphibian,0.8735,810.5,656.8,901.0,762.1
/srv/shared_leopard_toad/2025/Documents/25.08-01.09.2025/3R/100MEDIA/DSCF0371.JPG,DSCF0371.JPG,3R/100MEDIA,0,Other_Amphibian,0.8677,811.5,657.5,900.0,762.2
/srv/shared_leopard_toad/2025/Documents/25.08-01.09.2025/3R/100MEDIA/DSCF0356.JPG,DSCF0356.JPG,3R/100MEDIA,0,Other_Amphibian,0.8574,812.3,658.7,899.2,755.8
/srv/shared_leopard_toad/2025/Documents/25.08-01.09.2025/3R/100MEDIA/DSCF0444.JPG,DSCF0444.JPG,3R/100MEDIA,0,Other_Amphibian,0.8374,946.4,180.6,1034.2,290.0
/srv/shared_leopard_toad/2025/Documents/25.08-01.09.2025/3R/100MEDIA/DSCF0359.JPG,DSCF0359.JPG,3R/100MEDIA,0,Other_Amphibian,0.8564,812.3,658.0,899.2,761.7
/srv/shared_leopard_toad/2025/Documents/25.08-01.09.2025/3R/100MEDIA/DSCF0009.JPG,DSCF0009.JPG,3R/100MEDIA,1,Small_Mammal,0.9307,510.6,1010.7,2778.6,2840.2
/srv/shared_leopard_toad/2025/Documents/25.08-01.09.2025/3R/100MEDIA/DSCF0410.JPG,DSCF0410.JPG,3R/100MEDIA,0,Other_Amphibian,0.4412,679.7,725.5,774.5,830.8
/srv/shared_leopard_toad/2025/Documents/25.08-01.09.2025/3R/100MEDIA/DSCF0361.JPG,DSCF0361.JPG,3R/100MEDIA,0,Other_Amphibian,0.8594,811.5,657.6,900.0,762.1
