image_path,image_name,subfolder,class_id,class_name,confidence,xmin,ymin,xmax,ymax
/srv/shared_leopard_toad/2025/Documents/25.08-01.09.2025/3Z/103MEDIA/DSCF0404.JPG,DSCF0404.JPG,3Z/103MEDIA,0,Other_Amphibian,0.2346,2676.1,1780.8,2752.4,1895.8
/srv/shared_leopard_toad/2025/Documents/25.08-01.09.2025/3Z/103MEDIA/DSCF0537.JPG,DSCF0537.JPG,3Z/103MEDIA,0,Other_Amphibian,0.3459,2675.4,1779.8,2753.1,1896.8
/srv/shared_leopard_toad/2025/Documents/25.08-01.09.2025/3Z/103MEDIA/DSCF0519.JPG,DSCF0519.JPG,3Z/103MEDIA,0,Other_Amphibian,0.2035,2676.1,1782.0,2752.4,1894.7
/srv/shared_leopard_toad/2025/Documents/25.08-01.09.2025/3Z/103MEDIA/DSCF0911.JPG,DSCF0911.JPG,3Z/103MEDIA,0,Other_Amphibian,0.2114,2677.6,1777.1,2756.2,1893.6
/srv/shared_leopard_toad/2025/Documents/25.08-01.09.2025/3Z/103MEDIA/DSCF0455.JPG,DSCF0455.JPG,3Z/103MEDIA,0,Other_Amphibian,0.2727,2679.5,1783.3,2754.2,1896.3
/srv/shared_leopard_toad/2025/Documents/25.08-01.09.2025/3Z/103MEDIA/DSCF0922.JPG,DSCF0922.JPG,3Z/103MEDIA,0,Other_Amphibian,0.3298,2676.5,1780.4,2752.0,1893.3
/srv/shared_leopard_toad/2025/Documents/25.08-01.09.2025/3Z/103MEDIA/DSCF0651.JPG,DSCF0651.JPG,3Z/103MEDIA,0,Other_Amphibian,0.2438,2679.9,1781.9,2753.8,1894.8
/srv/shared_leopard_toad/2025/Documents/25.08-01.09.2025/3Z/103MEDIA/DSCF0767.JPG,DSCF0767.JPG,3Z/103MEDIA,0,Other_Amphibian,0.3936,2678.5,1780.5,2755.3,1896.1
/srv/shared_leopard_toad/2025/Documents/25.08-01.09.2025/3Z/103MEDIA/DSCF0774.JPG,DSCF0774.JPG,3Z/103MEDIA,0,Other_Amphibian,0.3003,2678.6,1779.8,2755.1,1893.9
/srv/shared_leopard_toad/2025/Documents/25.08-01.09.2025/3Z/103MEDIA/DSCF0784.JPG,DSCF0784.JPG,3Z/103MEDIA,0,Other_Amphibian,0.3640,2677.9,1780.6,2755.9,1896.0
/srv/shared_leopard_toad/2025/Documents/25.08-01.09.2025/3Z/103MEDIA/DSCF0650.JPG,DSCF0650.JPG,3Z/103MEDIA,0,Other_Amphibian,0.2272,2675.6,1779.1,2752.9,1894.6
/srv/shared_leopard_toad/2025/Documents/25.08-01.09.2025/3Z/103MEDIA/DSCF0765.JPG,DSCF0765.JPG,3Z/103MEDIA,0,Other_Amphibian,0.2351,2677.6,1781.3,2756.2,1895.3
/srv/shared_leopard_toad/2025/Documents/25.08-01.09.2025/3Z/103MEDIA/DSCF0667.JPG,DSCF0667.JPG,3Z/103MEDIA,0,Other_Amphibian,0.2507,2679.1,1778.9,2754.7,1894.8
/srv/shared_leopard_toad/2025/Documents/25.08-01.09.2025/3Z/103MEDIA/DSCF0812.JPG,DSCF0812.JPG,3Z/103MEDIA,0,Other_Amphibian,0.4309,2675.3,1780.3,2753.2,1893.4
/srv/shared_leopard_toad/2025/Documents/25.08-01.09.2025/3Z/103MEDIA/DSCF0668.JPG,DSCF0668.JPG,3Z/103MEDIA,0,Other_Amphibian,0.2278,2678.9,1780.1,2754.8,1893.6
/srv/shared_leopard_toad/2025/Documents/25.08-01.09.2025/3Z/103MEDIA/DSCF0640.JPG,DSCF0640.JPG,3Z/103MEDIA,0,Other_Amphibian,0.2803,2677.0,1779.0,2756.8,1894.7
/srv/shared_leopard_toad/2025/Documents/25.08-01.09.2025/3Z/103MEDIA/DSCF0623.JPG,DSCF0623.JPG,3Z/103MEDIA,0,Other_Amphibian,0.3035,2677.0,1781.8,2751.5,1894.8
/srv/shared_leopard_toad/2025/Documents/25.08-01.09.2025/3Z/103MEDIA/DSCF0734.JPG,DSCF0734.JPG,3Z/103MEDIA,0,Other_Amphibian,0.3430,2679.7,1784.6,2754.1,1895.0
/srv/shared_leopard_toad/2025/Documents/25.08-01.09.2025/3Z/103MEDIA/DSCF0777.JPG,DSCF0777.JPG,3Z/103MEDIA,0,Other_Amphibian,0.4109,2678.8,1780.6,2755.0,1893.1
/srv/shared_leopard_toad/2025/Documents/25.08-01.09.2025/3Z/103MEDIA/DSCF0891.JPG,DSCF0891.JPG,3Z/103MEDIA,0,Other_Amphibian,0.4282,2677.7,1780.4,2756.0,1893.3
/srv/shared_leopard_toad/2025/Documents/25.08-01.09.2025/3Z/103MEDIA/DSCF0636.JPG,DSCF0636.JPG,3Z/103MEDIA,0,Other_Amphibian,0.2031,2677.7,1778.8,2756.0,1894.9
/srv/shared_leopard_toad/2025/Documents/25.08-01.09.2025/3Z/103MEDIA/DSCF0827.JPG,DSCF0827.JPG,3Z/103MEDIA,0,Other_Amphibian,0.2737,2679.4,1779.9,2754.4,1893.8
/srv/shared_leopard_toad/2025/Documents/25.08-01.09.2025/3Z/103MEDIA/DSCF0802.JPG,DSCF0802.JPG,3Z/103MEDIA,0,Other_Amphibian,0.3442,2675.4,1781.1,2753.1,1892.5
/srv/shared_leopard_toad/2025/Documents/25.08-01.09.2025/3Z/103MEDIA/DSCF0712.JPG,DSCF0712.JPG,3Z/103MEDIA,0,Other_Amphibian,0.2152,2675.9,1778.5,2752.6,1895.2
/srv/shared_leopard_toad/2025/Documents/25.08-01.09.2025/3Z/103MEDIA/DSCF0501.JPG,DSCF0501.JPG,3Z/103MEDIA,0,Other_Amphibian,0.2739,2675.1,1782.9,2753.4,1896.6
/srv/shared_leopard_toad/2025/Documents/25.08-01.09.2025/3Z/103MEDIA/DSCF0489.JPG,DSCF0489.JPG,3Z/103MEDIA,0,Other_Amphibian,0.2937,2676.7,1783.3,2751.8,1896.3
/srv/shared_leopard_toad/2025/Documents/25.08-01.09.2025/3Z/103MEDIA/DSCF0822.JPG,DSCF0822.JPG,3Z/103MEDIA,0,Other_Amphibian,0.2944,2679.2,1779.9,2754.5,1893.8
/srv/shared_leopard_toad/2025/Documents/25.08-01.09.2025/3Z/103MEDIA/DSCF0792.JPG,DSCF0792.JPG,3Z/103MEDIA,0,Other_Amphibian,0.2522,2679.2,1779.8,2754.5,1893.9
/srv/shared_leopard_toad/2025/Documents/25.08-01.09.2025/3Z/103MEDIA/DSCF0807.JPG,DSCF0807.JPG,3Z/103MEDIA,0,Other_Amphibian,0.2852,2677.6,1781.8,2756.2,1894.8
/srv/shared_leopard_toad/2025/Documents/25.08-01.09.2025/3Z/103MEDIA/DSCF0304.JPG,DSCF0304.JPG,3Z/103MEDIA,0,Other_Amphibian,0.2451,2680.1,1783.2,2753.7,1899.3
/srv/shared_leopard_toad/2025/Documents/25.08-01.09.2025/3Z/103MEDIA/DSCF0681.JPG,DSCF0681.JPG,3Z/103MEDIA,0,Other_Amphibian,0.2301,2675.9,1779.8,2752.6,1893.9
/srv/shared_leopard_toad/2025/Documents/25.08-01.09.2025/3Z/103MEDIA/DSCF0592.JPG,DSCF0592.JPG,3Z/103MEDIA,0,Other_Amphibian,0.2053,2675.9,1778.3,2752.6,1895.4
/srv/shared_leopard_toad/2025/Documents/25.08-01.09.2025/3Z/103MEDIA/DSCF0795.JPG,DSCF0795.JPG,3Z/103MEDIA,0,Other_Amphibian,0.3247,2678.0,1780.8,2755.7,1892.9
/srv/shared_leopard_toad/2025/Documents/25.08-01.09.2025/3Z/103MEDIA/DSCF0780.JPG,DSCF0780.JPG,3Z/103MEDIA,0,Other_Amphibian,0.3354,2677.9,1779.4,2755.9,1894.2
/srv/shared_leopard_toad/2025/Documents/25.08-01.09.2025/3Z/103MEDIA/DSCF0986.JPG,DSCF0986.JPG,3Z/103MEDIA,0,Other_Amphibian,0.2004,2679.4,1779.4,2754.4,1894.3
/srv/shared_leopard_toad/2025/Documents/25.08-01.09.2025/3Z/103MEDIA/DSCF0981.JPG,DSCF0981.JPG,3Z/103MEDIA,0,Other_Amphibian,0.2251,2675.1,1780.7,2753.4,1893.0
/srv/shared_leopard_toad/2025/Documents/25.08-01.09.2025/3Z/103MEDIA/DSCF0895.JPG,DSCF0895.JPG,3Z/103MEDIA,0,Other_Amphibian,0.2939,2677.2,1780.8,2751.3,1892.9
/srv/shared_leopard_toad/2025/Documents/25.08-01.09.2025/3Z/103MEDIA/DSCF0817.JPG,DSCF0817.JPG,3Z/103MEDIA,0,Other_Amphibian,0.3848,2677.6,1779.1,2756.2,1894.6
/srv/shared_leopard_toad/2025/Documents/25.08-01.09.2025/3Z/103MEDIA/DSCF0912.JPG,DSCF0912.JPG,3Z/103MEDIA,0,Other_Amphibian,0.2076,2676.6,1782.3,2751.9,1894.3
/srv/shared_leopard_toad/2025/Documents/25.08-01.09.2025/3Z/103MEDIA/DSCF0899.JPG,DSCF0899.JPG,3Z/103MEDIA,0,Other_Amphibian,0.2261,2680.1,1782.3,2753.7,1894.3
/srv/shared_leopard_toad/2025/Documents/25.08-01.09.2025/3Z/103MEDIA/DSCF0759.JPG,DSCF0759.JPG,3Z/103MEDIA,0,Other_Amphibian,0.4636,2678.5,1781.1,2755.3,1892.6
/srv/shared_leopard_toad/2025/Documents/25.08-01.09.2025/3Z/103MEDIA/DSCF0713.JPG,DSCF0713.JPG,3Z/103MEDIA,0,Other_Amphibian,0.2520,2677.9,1777.0,2755.9,1896.6
/srv/shared_leopard_toad/2025/Documents/25.08-01.09.2025/3Z/103MEDIA/DSCF0699.JPG,DSCF0699.JPG,3Z/103MEDIA,0,Other_Amphibian,0.3193,2675.1,1778.9,2753.4,1894.8
/srv/shared_leopard_toad/2025/Documents/25.08-01.09.2025/3Z/103MEDIA/DSCF0566.JPG,DSCF0566.JPG,3Z/103MEDIA,0,Other_Amphibian,0.2881,2676.6,1781.8,2751.9,1894.8
/srv/shared_leopard_toad/2025/Documents/25.08-01.09.2025/3Z/103MEDIA/DSCF0559.JPG,DSCF0559.JPG,3Z/103MEDIA,0,Other_Amphibian,0.3667,2676.0,1781.7,2752.5,1895.0
/srv/shared_leopard_toad/2025/Documents/25.08-01.09.2025/3Z/103MEDIA/DSCF0445.JPG,DSCF0445.JPG,3Z/103MEDIA,0,Other_Amphibian,0.4421,2677.7,1780.5,2756.0,1896.1
/srv/shared_leopard_toad/2025/Documents/25.08-01.09.2025/3Z/103MEDIA/DSCF0656.JPG,DSCF0656.JPG,3Z/103MEDIA,0,Other_Amphibian,0.3345,2675.6,1780.8,2752.9,1895.8
/srv/shared_leopard_toad/2025/Documents/25.08-01.09.2025/3Z/103MEDIA/DSCF0994.JPG,DSCF0994.JPG,3Z/103MEDIA,0,Other_Amphibian,0.3142,2677.7,1777.9,2756.0,1895.8
/srv/shared_leopard_toad/2025/Documents/25.08-01.09.2025/3Z/103MEDIA/DSCF0755.JPG,DSCF0755.JPG,3Z/103MEDIA,0,Other_Amphibian,0.2610,2679.8,1780.1,2754.0,1893.6
/srv/shared_leopard_toad/2025/Documents/25.08-01.09.2025/3Z/103MEDIA/DSCF0979.JPG,DSCF0979.JPG,3Z/103MEDIA,0,Other_Amphibian,0.2299,2678.6,1779.2,2755.1,1894.5
/srv/shared_leopard_toad/2025/Documents/25.08-01.09.2025/3Z/103MEDIA/DSCF0305.JPG,DSCF0305.JPG,3Z/103MEDIA,0,Other_Amphibian,0.2177,2680.4,1784.4,2753.4,1898.1
/srv/shared_leopard_toad/2025/Documents/25.08-01.09.2025/3Z/103MEDIA/DSCF0880.JPG,DSCF0880.JPG,3Z/103MEDIA,0,Other_Amphibian,0.2500,2679.8,1780.2,2754.0,1893.5
/srv/shared_leopard_toad/2025/Documents/25.08-01.09.2025/3Z/103MEDIA/DSCF0709.JPG,DSCF0709.JPG,3Z/103MEDIA,0,Other_Amphibian,0.2124,2678.5,1779.4,2755.3,1894.2
/srv/shared_leopard_toad/2025/Documents/25.08-01.09.2025/3Z/103MEDIA/DSCF0670.JPG,DSCF0670.JPG,3Z/103MEDIA,0,Other_Amphibian,0.2805,2678.2,1779.5,2755.6,1894.2
/srv/shared_leopard_toad/2025/Documents/25.08-01.09.2025/3Z/103MEDIA/DSCF0676.JPG,DSCF0676.JPG,3Z/103MEDIA,0,Other_Amphibian,0.2776,2678.9,1782.2,2754.8,1894.4
/srv/shared_leopard_toad/2025/Documents/25.08-01.09.2025/3Z/103MEDIA/DSCF0531.JPG,DSCF0531.JPG,3Z/103MEDIA,0,Other_Amphibian,0.2281,2675.9,1783.7,2752.6,1895.9
/srv/shared_leopard_toad/2025/Documents/25.08-01.09.2025/3Z/103MEDIA/DSCF0411.JPG,DSCF0411.JPG,3Z/103MEDIA,0,Other_Amphibian,0.3037,2679.9,1781.5,2753.8,1895.2
/srv/shared_leopard_toad/2025/Documents/25.08-01.09.2025/3Z/103MEDIA/DSCF0700.JPG,DSCF0700.JPG,3Z/103MEDIA,0,Other_Amphibian,0.2979,2675.1,1779.0,2753.4,1894.7
/srv/shared_leopard_toad/2025/Documents/25.08-01.09.2025/3Z/103MEDIA/DSCF0936.JPG,DSCF0936.JPG,3Z/103MEDIA,0,Other_Amphibian,0.3474,2678.3,1780.3,2755.4,1893.4
/srv/shared_leopard_toad/2025/Documents/25.08-01.09.2025/3Z/103MEDIA/DSCF0581.JPG,DSCF0581.JPG,3Z/103MEDIA,0,Other_Amphibian,0.3423,2673.7,1781.2,2749.6,1895.4
/srv/shared_leopard_toad/2025/Documents/25.08-01.09.2025/3Z/103MEDIA/DSCF0982.JPG,DSCF0982.JPG,3Z/103MEDIA,0,Other_Amphibian,0.3601,2675.0,1781.1,2753.5,1892.6
/srv/shared_leopard_toad/2025/Documents/25.08-01.09.2025/3Z/103MEDIA/DSCF0854.JPG,DSCF0854.JPG,3Z/103MEDIA,0,Other_Amphibian,0.2593,2676.3,1779.5,2752.2,1894.2
/srv/shared_leopard_toad/2025/Documents/25.08-01.09.2025/3Z/103MEDIA/DSCF0906.JPG,DSCF0906.JPG,3Z/103MEDIA,0,Other_Amphibian,0.3428,2676.7,1782.1,2751.8,1894.6
/srv/shared_leopard_toad/2025/Documents/25.08-01.09.2025/3Z/103MEDIA/DSCF0544.JPG,DSCF0544.JPG,3Z/103MEDIA,0,Other_Amphibian,0.2832,2679.4,1780.3,2754.4,1893.4
/srv/shared_leopard_toad/2025/Documents/25.08-01.09.2025/3Z/103MEDIA/DSCF0769.JPG,DSCF0769.JPG,3Z/103MEDIA,0,Other_Amphibian,0.3245,2678.3,1779.8,2755.4,1893.9
/srv/shared_leopard_toad/2025/Documents/25.08-01.09.2025/3Z/103MEDIA/DSCF0596.JPG,DSCF0596.JPG,3Z/103MEDIA,0,Other_Amphibian,0.4092,2675.7,1780.7,2752.8,1893.0
/srv/shared_leopard_toad/2025/Documents/25.08-01.09.2025/3Z/103MEDIA/DSCF0871.JPG,DSCF0871.JPG,3Z/103MEDIA,0,Other_Amphibian,0.4062,2674.6,1779.4,2753.9,1894.2
/srv/shared_leopard_toad/2025/Documents/25.08-01.09.2025/3Z/103MEDIA/DSCF0944.JPG,DSCF0944.JPG,3Z/103MEDIA,0,Other_Amphibian,0.2189,2676.5,1781.9,2752.0,1894.8
/srv/shared_leopard_toad/2025/Documents/25.08-01.09.2025/3Z/103MEDIA/DSCF0949.JPG,DSCF0949.JPG,3Z/103MEDIA,0,Other_Amphibian,0.2695,2679.4,1780.9,2754.4,1892.8
/srv/shared_leopard_toad/2025/Documents/25.08-01.09.2025/3Z/103MEDIA/DSCF0736.JPG,DSCF0736.JPG,3Z/103MEDIA,0,Other_Amphibian,0.2578,2678.5,1780.1,2755.3,1893.6
/srv/shared_leopard_toad/2025/Documents/25.08-01.09.2025/3Z/103MEDIA/DSCF0505.JPG,DSCF0505.JPG,3Z/103MEDIA,0,Other_Amphibian,0.2937,2677.6,1780.3,2756.2,1896.4
/srv/shared_leopard_toad/2025/Documents/25.08-01.09.2025/3Z/103MEDIA/DSCF0662.JPG,DSCF0662.JPG,3Z/103MEDIA,0,Other_Amphibian,0.3379,2678.2,1781.0,2755.6,1895.6
/srv/shared_leopard_toad/2025/Documents/25.08-01.09.2025/3Z/103MEDIA/DSCF0308.JPG,DSCF0308.JPG,3Z/103MEDIA,0,Other_Amphibian,0.2715,2680.8,1785.6,2753.0,1897.0
/srv/shared_leopard_toad/2025/Documents/25.08-01.09.2025/3Z/103MEDIA/DSCF0426.JPG,DSCF0426.JPG,3Z/103MEDIA,0,Other_Amphibian,0.2433,2680.2,1781.2,2753.5,1895.4
/srv/shared_leopard_toad/2025/Documents/25.08-01.09.2025/3Z/103MEDIA/DSCF0732.JPG,DSCF0732.JPG,3Z/103MEDIA,0,Other_Amphibian,0.3423,2675.1,1780.1,2753.4,1893.6
/srv/shared_leopard_toad/2025/Documents/25.08-01.09.2025/3Z/103MEDIA/DSCF0515.JPG,DSCF0515.JPG,3Z/103MEDIA,0,Other_Amphibian,0.2401,2676.1,1781.2,2752.4,1895.4
/srv/shared_leopard_toad/2025/Documents/25.08-01.09.2025/3Z/103MEDIA/DSCF0837.JPG,DSCF0837.JPG,3Z/103MEDIA,0,Other_Amphibian,0.2118,2675.6,1781.1,2752.9,1892.6
/srv/shared_leopard_toad/2025/Documents/25.08-01.09.2025/3Z/103MEDIA/DSCF0722.JPG,DSCF0722.JPG,3Z/103MEDIA,0,Other_Amphibian,0.2629,2676.0,1779.4,2752.5,1894.2
/srv/shared_leopard_toad/2025/Documents/25.08-01.09.2025/3Z/103MEDIA/DSCF0988.JPG,DSCF0988.JPG,3Z/103MEDIA,0,Other_Amphibian,0.2113,2679.1,1780.9,2754.7,1892.8
/srv/shared_leopard_toad/2025/Documents/25.08-01.09.2025/3Z/103MEDIA/DSCF0508.JPG,DSCF0508.JPG,3Z/103MEDIA,0,Other_Amphibian,0.3149,2675.4,1781.3,2753.1,1895.3
/srv/shared_leopard_toad/2025/Documents/25.08-01.09.2025/3Z/103MEDIA/DSCF0758.JPG,DSCF0758.JPG,3Z/103MEDIA,0,Other_Amphibian,0.2295,2676.6,1782.8,2751.9,1893.8
/srv/shared_leopard_toad/2025/Documents/25.08-01.09.2025/3Z/103MEDIA/DSCF0652.JPG,DSCF0652.JPG,3Z/103MEDIA,0,Other_Amphibian,0.3333,2679.4,1780.2,2754.4,1893.5
/srv/shared_leopard_toad/2025/Documents/25.08-01.09.2025/3Z/103MEDIA/DSCF0615.JPG,DSCF0615.JPG,3Z/103MEDIA,0,Other_Amphibian,0.2010,2678.8,1782.5,2755.0,1897.1
/srv/shared_leopard_toad/2025/Documents/25.08-01.09.2025/3Z/103MEDIA/DSCF0878.JPG,DSCF0878.JPG,3Z/103MEDIA,0,Other_Amphibian,0.2698,2675.7,1779.5,2752.8,1894.2
/srv/shared_leopard_toad/2025/Documents/25.08-01.09.2025/3Z/103MEDIA/DSCF0864.JPG,DSCF0864.JPG,3Z/103MEDIA,0,Other_Amphibian,0.2115,2676.6,1779.9,2751.9,1893.8
/srv/shared_leopard_toad/2025/Documents/25.08-01.09.2025/3Z/103MEDIA/DSCF0697.JPG,DSCF0697.JPG,3Z/103MEDIA,0,Other_Amphibian,0.2316,2678.6,1778.9,2755.1,1894.8
/srv/shared_leopard_toad/2025/Documents/25.08-01.09.2025/3Z/103MEDIA/DSCF0833.JPG,DSCF0833.JPG,3Z/103MEDIA,0,Other_Amphibian,0.2437,2675.1,1779.7,2753.4,1894.0
/srv/shared_leopard_toad/2025/Documents/25.08-01.09.2025/3Z/103MEDIA/DSCF0945.JPG,DSCF0945.JPG,3Z/103MEDIA,0,Other_Amphibian,0.2339,2678.6,1779.5,2755.1,1894.2
/srv/shared_leopard_toad/2025/Documents/25.08-01.09.2025/3Z/103MEDIA/DSCF0412.JPG,DSCF0412.JPG,3Z/103MEDIA,0,Other_Amphibian,0.2666,2679.8,1784.3,2754.0,1898.3
/srv/shared_leopard_toad/2025/Documents/25.08-01.09.2025/3Z/103MEDIA/DSCF0405.JPG,DSCF0405.JPG,3Z/103MEDIA,0,Other_Amphibian,0.2031,2679.7,1784.6,2754.1,1897.9
/srv/shared_leopard_toad/2025/Documents/25.08-01.09.2025/3Z/103MEDIA/DSCF0653.JPG,DSCF0653.JPG,3Z/103MEDIA,0,Other_Amphibian,0.2012,2675.9,1781.6,2752.6,1895.1
/srv/shared_leopard_toad/2025/Documents/25.08-01.09.2025/3Z/103MEDIA/DSCF0838.JPG,DSCF0838.JPG,3Z/103MEDIA,0,Other_Amphibian,0.3369,2677.4,1780.9,2756.3,1895.7
/srv/shared_leopard_toad/2025/Documents/25.08-01.09.2025/3Z/103MEDIA/DSCF0729.JPG,DSCF0729.JPG,3Z/103MEDIA,0,Other_Amphibian,0.2632,2676.5,1783.0,2752.0,1893.6
/srv/shared_leopard_toad/2025/Documents/25.08-01.09.2025/3Z/103MEDIA/DSCF0504.JPG,DSCF0504.JPG,3Z/103MEDIA,0,Other_Amphibian,0.2981,2679.2,1780.8,2754.5,1895.8
/srv/shared_leopard_toad/2025/Documents/25.08-01.09.2025/3Z/103MEDIA/DSCF0637.JPG,DSCF0637.JPG,3Z/103MEDIA,0,Other_Amphibian,0.2766,2677.0,1778.6,2751.5,1892.1
/srv/shared_leopard_toad/2025/Documents/25.08-01.09.2025/3Z/103MEDIA/DSCF0861.JPG,DSCF0861.JPG,3Z/103MEDIA,0,Other_Amphibian,0.2225,2676.6,1780.4,2751.9,1893.3
/srv/shared_leopard_toad/2025/Documents/25.08-01.09.2025/3Z/103MEDIA/DSCF0648.JPG,DSCF0648.JPG,3Z/103MEDIA,0,Other_Amphibian,0.3638,2675.4,1779.7,2753.1,1894.0
/srv/shared_leopard_toad/2025/Documents/25.08-01.09.2025/3Z/103MEDIA/DSCF0659.JPG,DSCF0659.JPG,3Z/103MEDIA,0,Other_Amphibian,0.3335,2678.8,1779.8,2755.0,1893.9
/srv/shared_leopard_toad/2025/Documents/25.08-01.09.2025/3Z/103MEDIA/DSCF0740.JPG,DSCF0740.JPG,3Z/103MEDIA,0,Other_Amphibian,0.3103,2678.6,1779.5,2755.1,1894.2
/srv/shared_leopard_toad/2025/Documents/25.08-01.09.2025/3Z/103MEDIA/DSCF0955.JPG,DSCF0955.JPG,3Z/103MEDIA,2,Western_Leopard_Toad,0.4937,4539.4,2554.1,4900.1,2838.3
/srv/shared_leopard_toad/2025/Documents/25.08-01.09.2025/3Z/103MEDIA/DSCF0502.JPG,DSCF0502.JPG,3Z/103MEDIA,0,Other_Amphibian,0.2573,2675.3,1781.6,2753.2,1895.1
/srv/shared_leopard_toad/2025/Documents/25.08-01.09.2025/3Z/103MEDIA/DSCF0731.JPG,DSCF0731.JPG,3Z/103MEDIA,0,Other_Amphibian,0.3367,2676.7,1779.7,2751.8,1894.0
/srv/shared_leopard_toad/2025/Documents/25.08-01.09.2025/3Z/103MEDIA/DSCF0898.JPG,DSCF0898.JPG,3Z/103MEDIA,0,Other_Amphibian,0.2477,2678.8,1781.1,2755.0,1895.5
/srv/shared_leopard_toad/2025/Documents/25.08-01.09.2025/3Z/103MEDIA/DSCF0307.JPG,DSCF0307.JPG,3Z/103MEDIA,0,Other_Amphibian,0.2175,2679.9,1784.4,2753.8,1898.1
/srv/shared_leopard_toad/2025/Documents/25.08-01.09.2025/3Z/103MEDIA/DSCF0582.JPG,DSCF0582.JPG,3Z/103MEDIA,0,Other_Amphibian,0.3313,2676.0,1780.8,2752.5,1895.8
/srv/shared_leopard_toad/2025/Documents/25.08-01.09.2025/3Z/103MEDIA/DSCF0716.JPG,DSCF0716.JPG,3Z/103MEDIA,0,Other_Amphibian,0.3867,2678.2,1779.1,2755.6,1894.6
/srv/shared_leopard_toad/2025/Documents/25.08-01.09.2025/3Z/103MEDIA/DSCF0963.JPG,DSCF0963.JPG,3Z/103MEDIA,0,Other_Amphibian,0.2510,2676.1,1780.4,2752.4,1893.3
/srv/shared_leopard_toad/2025/Documents/25.08-01.09.2025/3Z/103MEDIA/DSCF0663.JPG,DSCF0663.JPG,3Z/103MEDIA,0,Other_Amphibian,0.2163,2677.9,1778.6,2755.9,1895.1
/srv/shared_leopard_toad/2025/Documents/25.08-01.09.2025/3Z/103MEDIA/DSCF0931.JPG,DSCF0931.JPG,3Z/103MEDIA,0,Other_Amphibian,0.2820,2676.3,1780.2,2752.2,1893.5
/srv/shared_leopard_toad/2025/Documents/25.08-01.09.2025/3Z/103MEDIA/DSCF0978.JPG,DSCF0978.JPG,3Z/103MEDIA,0,Other_Amphibian,0.3550,2675.3,1779.0,2753.2,1894.7
/srv/shared_leopard_toad/2025/Documents/25.08-01.09.2025/3Z/103MEDIA/DSCF0704.JPG,DSCF0704.JPG,3Z/103MEDIA,0,Other_Amphibian,0.2474,2676.6,1779.7,2751.9,1894.0
/srv/shared_leopard_toad/2025/Documents/25.08-01.09.2025/3Z/103MEDIA/DSCF0738.JPG,DSCF0738.JPG,3Z/103MEDIA,0,Other_Amphibian,0.3086,2676.0,1779.5,2752.5,1894.2
/srv/shared_leopard_toad/2025/Documents/25.08-01.09.2025/3Z/103MEDIA/DSCF0739.JPG,DSCF0739.JPG,3Z/103MEDIA,0,Other_Amphibian,0.3582,2678.0,1780.4,2755.7,1893.3
/srv/shared_leopard_toad/2025/Documents/25.08-01.09.2025/3Z/103MEDIA/DSCF0576.JPG,DSCF0576.JPG,3Z/103MEDIA,0,Other_Amphibian,0.2180,2676.1,1779.4,2752.4,1894.3
/srv/shared_leopard_toad/2025/Documents/25.08-01.09.2025/3Z/103MEDIA/DSCF0856.JPG,DSCF0856.JPG,3Z/103MEDIA,0,Other_Amphibian,0.2119,2675.0,1780.8,2753.5,1895.8
/srv/shared_leopard_toad/2025/Documents/25.08-01.09.2025/3Z/103MEDIA/DSCF0788.JPG,DSCF0788.JPG,3Z/103MEDIA,0,Other_Amphibian,0.2437,2675.4,1781.0,2753.1,1895.6
/srv/shared_leopard_toad/2025/Documents/25.08-01.09.2025/3Z/103MEDIA/DSCF0721.JPG,DSCF0721.JPG,3Z/103MEDIA,0,Other_Amphibian,0.2844,2678.0,1781.3,2755.7,1895.3
/srv/shared_leopard_toad/2025/Documents/25.08-01.09.2025/3Z/103MEDIA/DSCF0536.JPG,DSCF0536.JPG,3Z/103MEDIA,0,Other_Amphibian,0.2791,2677.1,1779.0,2756.6,1894.7
/srv/shared_leopard_toad/2025/Documents/25.08-01.09.2025/3Z/103MEDIA/DSCF0448.JPG,DSCF0448.JPG,3Z/103MEDIA,0,Other_Amphibian,0.3447,2676.0,1781.3,2752.5,1895.3
/srv/shared_leopard_toad/2025/Documents/25.08-01.09.2025/3Z/103MEDIA/DSCF0683.JPG,DSCF0683.JPG,3Z/103MEDIA,0,Other_Amphibian,0.4092,2679.5,1780.6,2754.2,1893.1
/srv/shared_leopard_toad/2025/Documents/25.08-01.09.2025/3Z/103MEDIA/DSCF0449.JPG,DSCF0449.JPG,3Z/103MEDIA,0,Other_Amphibian,0.2959,2674.4,1781.0,2754.1,1895.6
/srv/shared_leopard_toad/2025/Documents/25.08-01.09.2025/3Z/103MEDIA/DSCF0888.JPG,DSCF0888.JPG,3Z/103MEDIA,0,Other_Amphibian,0.2224,2675.9,1780.5,2752.6,1893.2
/srv/shared_leopard_toad/2025/Documents/25.08-01.09.2025/3Z/103MEDIA/DSCF0499.JPG,DSCF0499.JPG,3Z/103MEDIA,0,Other_Amphibian,0.2883,2675.6,1782.2,2752.9,1894.4
/srv/shared_leopard_toad/2025/Documents/25.08-01.09.2025/3Z/103MEDIA/DSCF0900.JPG,DSCF0900.JPG,3Z/103MEDIA,0,Other_Amphibian,0.2671,2672.9,1780.4,2750.3,1893.3
/srv/shared_leopard_toad/2025/Documents/25.08-01.09.2025/3Z/103MEDIA/DSCF0768.JPG,DSCF0768.JPG,3Z/103MEDIA,0,Other_Amphibian,0.3296,2677.7,1779.4,2756.0,1894.3
/srv/shared_leopard_toad/2025/Documents/25.08-01.09.2025/3Z/103MEDIA/DSCF0877.JPG,DSCF0877.JPG,3Z/103MEDIA,0,Other_Amphibian,0.3545,2676.1,1776.4,2752.4,1894.3
/srv/shared_leopard_toad/2025/Documents/25.08-01.09.2025/3Z/103MEDIA/DSCF0523.JPG,DSCF0523.JPG,3Z/103MEDIA,0,Other_Amphibian,0.3218,2676.6,1782.4,2751.9,1894.2
/srv/shared_leopard_toad/2025/Documents/25.08-01.09.2025/3Z/103MEDIA/DSCF0890.JPG,DSCF0890.JPG,3Z/103MEDIA,0,Other_Amphibian,0.2421,2678.9,1781.9,2754.8,1894.8
/srv/shared_leopard_toad/2025/Documents/25.08-01.09.2025/3Z/103MEDIA/DSCF0655.JPG,DSCF0655.JPG,3Z/103MEDIA,0,Other_Amphibian,0.3931,2675.3,1778.5,2753.2,1895.2
/srv/shared_leopard_toad/2025/Documents/25.08-01.09.2025/3Z/103MEDIA/DSCF0965.JPG,DSCF0965.JPG,3Z/103MEDIA,0,Other_Amphibian,0.2430,2677.1,1777.9,2756.6,1895.8
/srv/shared_leopard_toad/2025/Documents/25.08-01.09.2025/3Z/103MEDIA/DSCF0750.JPG,DSCF0750.JPG,3Z/103MEDIA,0,Other_Amphibian,0.2095,2678.9,1782.6,2754.8,1894.0
/srv/shared_leopard_toad/2025/Documents/25.08-01.09.2025/3Z/103MEDIA/DSCF0669.JPG,DSCF0669.JPG,3Z/103MEDIA,0,Other_Amphibian,0.2145,2679.7,1780.4,2754.1,1896.3
/srv/shared_leopard_toad/2025/Documents/25.08-01.09.2025/3Z/103MEDIA/DSCF0745.JPG,DSCF0745.JPG,3Z/103MEDIA,0,Other_Amphibian,0.4341,2679.1,1781.8,2754.7,1894.8
/srv/shared_leopard_toad/2025/Documents/25.08-01.09.2025/3Z/103MEDIA/DSCF0753.JPG,DSCF0753.JPG,3Z/103MEDIA,0,Other_Amphibian,0.4087,2678.0,1781.2,2755.7,1895.4
/srv/shared_leopard_toad/2025/Documents/25.08-01.09.2025/3Z/103MEDIA/DSCF0823.JPG,DSCF0823.JPG,3Z/103MEDIA,0,Other_Amphibian,0.2264,2678.8,1779.5,2755.0,1894.2
/srv/shared_leopard_toad/2025/Documents/25.08-01.09.2025/3Z/103MEDIA/DSCF0577.JPG,DSCF0577.JPG,3Z/103MEDIA,0,Other_Amphibian,0.2698,2676.0,1778.6,2752.5,1895.1
/srv/shared_leopard_toad/2025/Documents/25.08-01.09.2025/3Z/103MEDIA/DSCF0675.JPG,DSCF0675.JPG,3Z/103MEDIA,0,Other_Amphibian,0.3376,2678.0,1782.2,2755.7,1894.4
/srv/shared_leopard_toad/2025/Documents/25.08-01.09.2025/3Z/103MEDIA/DSCF0820.JPG,DSCF0820.JPG,3Z/103MEDIA,0,Other_Amphibian,0.2900,2678.2,1780.0,2755.6,1893.7
/srv/shared_leopard_toad/2025/Documents/25.08-01.09.2025/3Z/103MEDIA/DSCF0782.JPG,DSCF0782.JPG,3Z/103MEDIA,0,Other_Amphibian,0.3650,2679.1,1780.3,2754.7,1893.4
/srv/shared_leopard_toad/2025/Documents/25.08-01.09.2025/3Z/103MEDIA/DSCF0907.JPG,DSCF0907.JPG,3Z/103MEDIA,0,Other_Amphibian,0.2690,2679.9,1779.9,2753.8,1893.8
/srv/shared_leopard_toad/2025/Documents/25.08-01.09.2025/3Z/103MEDIA/DSCF0533.JPG,DSCF0533.JPG,3Z/103MEDIA,0,Other_Amphibian,0.2634,2675.4,1778.7,2753.1,1895.0
/srv/shared_leopard_toad/2025/Documents/25.08-01.09.2025/3Z/103MEDIA/DSCF0503.JPG,DSCF0503.JPG,3Z/103MEDIA,0,Other_Amphibian,0.2128,2676.5,1783.0,2752.0,1896.6
/srv/shared_leopard_toad/2025/Documents/25.08-01.09.2025/3Z/103MEDIA/DSCF0885.JPG,DSCF0885.JPG,3Z/103MEDIA,0,Other_Amphibian,0.2874,2675.9,1782.5,2752.6,1894.1
/srv/shared_leopard_toad/2025/Documents/25.08-01.09.2025/3Z/103MEDIA/DSCF0418.JPG,DSCF0418.JPG,3Z/103MEDIA,0,Other_Amphibian,0.2115,2677.7,1781.3,2756.0,1895.3
/srv/shared_leopard_toad/2025/Documents/25.08-01.09.2025/3Z/103MEDIA/DSCF0937.JPG,DSCF0937.JPG,3Z/103MEDIA,0,Other_Amphibian,0.2546,2677.9,1780.0,2755.9,1893.7
/srv/shared_leopard_toad/2025/Documents/25.08-01.09.2025/3Z/103MEDIA/DSCF0790.JPG,DSCF0790.JPG,3Z/103MEDIA,0,Other_Amphibian,0.3191,2675.7,1781.1,2752.8,1895.5
/srv/shared_leopard_toad/2025/Documents/25.08-01.09.2025/3Z/103MEDIA/DSCF0482.JPG,DSCF0482.JPG,3Z/103MEDIA,0,Other_Amphibian,0.2988,2679.8,1782.9,2754.0,1896.6
/srv/shared_leopard_toad/2025/Documents/25.08-01.09.2025/3Z/103MEDIA/DSCF0805.JPG,DSCF0805.JPG,3Z/103MEDIA,0,Other_Amphibian,0.2246,2678.2,1778.2,2755.6,1895.4
/srv/shared_leopard_toad/2025/Documents/25.08-01.09.2025/3Z/103MEDIA/DSCF0867.JPG,DSCF0867.JPG,3Z/103MEDIA,0,Other_Amphibian,0.2664,2675.7,1779.4,2752.8,1894.2
/srv/shared_leopard_toad/2025/Documents/25.08-01.09.2025/3Z/103MEDIA/DSCF0548.JPG,DSCF0548.JPG,3Z/103MEDIA,0,Other_Amphibian,0.2322,2679.9,1781.8,2753.8,1894.8
/srv/shared_leopard_toad/2025/Documents/25.08-01.09.2025/3Z/103MEDIA/DSCF0786.JPG,DSCF0786.JPG,3Z/103MEDIA,0,Other_Amphibian,0.3970,2679.2,1782.2,2754.5,1894.4
/srv/shared_leopard_toad/2025/Documents/25.08-01.09.2025/3Z/103MEDIA/DSCF0660.JPG,DSCF0660.JPG,3Z/103MEDIA,0,Other_Amphibian,0.3357,2677.6,1779.4,2756.2,1894.2
/srv/shared_leopard_toad/2025/Documents/25.08-01.09.2025/3Z/103MEDIA/DSCF0942.JPG,DSCF0942.JPG,3Z/103MEDIA,0,Other_Amphibian,0.2483,2675.9,1780.4,2752.6,1893.3
/srv/shared_leopard_toad/2025/Documents/25.08-01.09.2025/3Z/103MEDIA/DSCF0991.JPG,DSCF0991.JPG,3Z/103MEDIA,0,Other_Amphibian,0.2903,2678.3,1779.8,2755.4,1893.9
/srv/shared_leopard_toad/2025/Documents/25.08-01.09.2025/3Z/103MEDIA/DSCF0742.JPG,DSCF0742.JPG,3Z/103MEDIA,0,Other_Amphibian,0.2581,2678.9,1780.9,2754.8,1892.8
/srv/shared_leopard_toad/2025/Documents/25.08-01.09.2025/3Z/103MEDIA/DSCF0966.JPG,DSCF0966.JPG,3Z/103MEDIA,0,Other_Amphibian,0.3628,2678.8,1779.0,2755.0,1894.7
/srv/shared_leopard_toad/2025/Documents/25.08-01.09.2025/3Z/103MEDIA/DSCF0632.JPG,DSCF0632.JPG,3Z/103MEDIA,0,Other_Amphibian,0.2020,2677.9,1779.1,2755.9,1894.6
/srv/shared_leopard_toad/2025/Documents/25.08-01.09.2025/3Z/103MEDIA/DSCF0985.JPG,DSCF0985.JPG,3Z/103MEDIA,0,Other_Amphibian,0.2751,2678.5,1778.5,2755.3,1892.2
/srv/shared_leopard_toad/2025/Documents/25.08-01.09.2025/3Z/103MEDIA/DSCF0841.JPG,DSCF0841.JPG,3Z/103MEDIA,0,Other_Amphibian,0.2605,2676.9,1779.9,2751.6,1893.8
/srv/shared_leopard_toad/2025/Documents/25.08-01.09.2025/3Z/103MEDIA/DSCF0516.JPG,DSCF0516.JPG,3Z/103MEDIA,0,Other_Amphibian,0.3240,2677.3,1783.4,2751.2,1893.3
/srv/shared_leopard_toad/2025/Documents/25.08-01.09.2025/3Z/103MEDIA/DSCF0500.JPG,DSCF0500.JPG,3Z/103MEDIA,0,Other_Amphibian,0.3711,2676.7,1780.9,2757.1,1895.7
/srv/shared_leopard_toad/2025/Documents/25.08-01.09.2025/3Z/103MEDIA/DSCF0706.JPG,DSCF0706.JPG,3Z/103MEDIA,0,Other_Amphibian,0.2957,2675.0,1778.6,2753.5,1895.1
/srv/shared_leopard_toad/2025/Documents/25.08-01.09.2025/3Z/103MEDIA/DSCF0798.JPG,DSCF0798.JPG,3Z/103MEDIA,0,Other_Amphibian,0.4932,2675.4,1778.8,2753.1,1894.9
/srv/shared_leopard_toad/2025/Documents/25.08-01.09.2025/3Z/103MEDIA/DSCF0757.JPG,DSCF0757.JPG,3Z/103MEDIA,0,Other_Amphibian,0.2888,2678.3,1780.7,2755.4,1896.0
/srv/shared_leopard_toad/2025/Documents/25.08-01.09.2025/3Z/103MEDIA/DSCF0735.JPG,DSCF0735.JPG,3Z/103MEDIA,0,Other_Amphibian,0.2654,2678.2,1781.2,2755.6,1895.4
/srv/shared_leopard_toad/2025/Documents/25.08-01.09.2025/3Z/103MEDIA/DSCF0613.JPG,DSCF0613.JPG,3Z/103MEDIA,0,Other_Amphibian,0.2220,2679.4,1779.7,2754.4,1894.0
/srv/shared_leopard_toad/2025/Documents/25.08-01.09.2025/3Z/103MEDIA/DSCF0748.JPG,DSCF0748.JPG,3Z/103MEDIA,0,Other_Amphibian,0.3188,2678.5,1778.9,2755.3,1894.8
/srv/shared_leopard_toad/2025/Documents/25.08-01.09.2025/3Z/103MEDIA/DSCF0794.JPG,DSCF0794.JPG,3Z/103MEDIA,0,Other_Amphibian,0.5894,2677.3,1777.6,2756.5,1893.2
/srv/shared_leopard_toad/2025/Documents/25.08-01.09.2025/3Z/103MEDIA/DSCF0527.JPG,DSCF0527.JPG,3Z/103MEDIA,0,Other_Amphibian,0.2988,2676.0,1780.9,2752.5,1895.7
/srv/shared_leopard_toad/2025/Documents/25.08-01.09.2025/3Z/103MEDIA/DSCF0940.JPG,DSCF0940.JPG,3Z/103MEDIA,0,Other_Amphibian,0.2063,2675.4,1779.8,2753.1,1893.9
/srv/shared_leopard_toad/2025/Documents/25.08-01.09.2025/3Z/103MEDIA/DSCF0902.JPG,DSCF0902.JPG,3Z/103MEDIA,0,Other_Amphibian,0.2283,2678.9,1780.6,2754.8,1896.0
/srv/shared_leopard_toad/2025/Documents/25.08-01.09.2025/3Z/103MEDIA/DSCF0778.JPG,DSCF0778.JPG,3Z/103MEDIA,0,Other_Amphibian,0.2981,2675.1,1781.1,2753.4,1895.5
/srv/shared_leopard_toad/2025/Documents/25.08-01.09.2025/3Z/103MEDIA/DSCF0883.JPG,DSCF0883.JPG,3Z/103MEDIA,0,Other_Amphibian,0.2152,2676.0,1779.9,2752.5,1893.8
/srv/shared_leopard_toad/2025/Documents/25.08-01.09.2025/3Z/103MEDIA/DSCF0558.JPG,DSCF0558.JPG,3Z/103MEDIA,0,Other_Amphibian,0.2355,2676.0,1781.8,2752.5,1894.8
/srv/shared_leopard_toad/2025/Documents/25.08-01.09.2025/3Z/103MEDIA/DSCF0775.JPG,DSCF0775.JPG,3Z/103MEDIA,0,Other_Amphibian,0.4375,2676.1,1779.2,2752.4,1894.5
/srv/shared_leopard_toad/2025/Documents/25.08-01.09.2025/3Z/103MEDIA/DSCF0811.JPG,DSCF0811.JPG,3Z/103MEDIA,0,Other_Amphibian,0.3162,2676.1,1779.4,2752.4,1894.2
/srv/shared_leopard_toad/2025/Documents/25.08-01.09.2025/3Z/103MEDIA/DSCF0689.JPG,DSCF0689.JPG,3Z/103MEDIA,0,Other_Amphibian,0.3608,2675.7,1780.3,2752.8,1893.4
/srv/shared_leopard_toad/2025/Documents/25.08-01.09.2025/3Z/103MEDIA/DSCF0645.JPG,DSCF0645.JPG,3Z/103MEDIA,0,Other_Amphibian,0.2546,2678.9,1780.2,2754.8,1896.5
/srv/shared_leopard_toad/2025/Documents/25.08-01.09.2025/3Z/103MEDIA/DSCF0727.JPG,DSCF0727.JPG,3Z/103MEDIA,0,Other_Amphibian,0.2070,2678.5,1780.2,2755.3,1893.5
/srv/shared_leopard_toad/2025/Documents/25.08-01.09.2025/3Z/103MEDIA/DSCF0909.JPG,DSCF0909.JPG,3Z/103MEDIA,0,Other_Amphibian,0.4312,2677.9,1781.1,2755.9,1892.6
/srv/shared_leopard_toad/2025/Documents/25.08-01.09.2025/3Z/103MEDIA/DSCF0840.JPG,DSCF0840.JPG,3Z/103MEDIA,0,Other_Amphibian,0.4419,2675.3,1780.3,2753.2,1893.4
/srv/shared_leopard_toad/2025/Documents/25.08-01.09.2025/3Z/103MEDIA/DSCF0967.JPG,DSCF0967.JPG,3Z/103MEDIA,0,Other_Amphibian,0.2195,2678.5,1779.4,2755.3,1894.2
/srv/shared_leopard_toad/2025/Documents/25.08-01.09.2025/3Z/103MEDIA/DSCF0593.JPG,DSCF0593.JPG,3Z/103MEDIA,0,Other_Amphibian,0.2598,2676.5,1780.2,2752.0,1893.5
/srv/shared_leopard_toad/2025/Documents/25.08-01.09.2025/3Z/103MEDIA/DSCF0588.JPG,DSCF0588.JPG,3Z/103MEDIA,0,Other_Amphibian,0.2090,2676.0,1780.7,2752.5,1896.0
/srv/shared_leopard_toad/2025/Documents/25.08-01.09.2025/3Z/103MEDIA/DSCF0889.JPG,DSCF0889.JPG,3Z/103MEDIA,0,Other_Amphibian,0.3118,2675.1,1779.4,2753.4,1894.3
/srv/shared_leopard_toad/2025/Documents/25.08-01.09.2025/3Z/103MEDIA/DSCF0724.JPG,DSCF0724.JPG,3Z/103MEDIA,0,Other_Amphibian,0.2319,2679.9,1779.1,2753.8,1894.6
/srv/shared_leopard_toad/2025/Documents/25.08-01.09.2025/3Z/103MEDIA/DSCF0619.JPG,DSCF0619.JPG,3Z/103MEDIA,0,Other_Amphibian,0.2822,2676.5,1781.7,2752.0,1895.0
/srv/shared_leopard_toad/2025/Documents/25.08-01.09.2025/3Z/103MEDIA/DSCF0538.JPG,DSCF0538.JPG,3Z/103MEDIA,0,Other_Amphibian,0.2133,2678.3,1782.6,2755.4,1897.0
/srv/shared_leopard_toad/2025/Documents/25.08-01.09.2025/3Z/103MEDIA/DSCF0913.JPG,DSCF0913.JPG,3Z/103MEDIA,0,Other_Amphibian,0.2573,2679.1,1784.4,2754.7,1895.2
/srv/shared_leopard_toad/2025/Documents/25.08-01.09.2025/3Z/103MEDIA/DSCF0947.JPG,DSCF0947.JPG,3Z/103MEDIA,0,Other_Amphibian,0.2761,2679.5,1779.9,2754.2,1893.8
/srv/shared_leopard_toad/2025/Documents/25.08-01.09.2025/3Z/103MEDIA/DSCF0772.JPG,DSCF0772.JPG,3Z/103MEDIA,0,Other_Amphibian,0.2900,2678.3,1779.0,2755.4,1894.7
/srv/shared_leopard_toad/2025/Documents/25.08-01.09.2025/3Z/103MEDIA/DSCF0773.JPG,DSCF0773.JPG,3Z/103MEDIA,0,Other_Amphibian,0.3647,2676.0,1779.4,2752.5,1894.3
/srv/shared_leopard_toad/2025/Documents/25.08-01.09.2025/3Z/103MEDIA/DSCF0725.JPG,DSCF0725.JPG,3Z/103MEDIA,0,Other_Amphibian,0.3623,2678.2,1779.4,2755.6,1894.3
/srv/shared_leopard_toad/2025/Documents/25.08-01.09.2025/3Z/103MEDIA/DSCF0612.JPG,DSCF0612.JPG,3Z/103MEDIA,0,Other_Amphibian,0.2001,2678.3,1780.3,2755.4,1896.4
/srv/shared_leopard_toad/2025/Documents/25.08-01.09.2025/3Z/103MEDIA/DSCF0633.JPG,DSCF0633.JPG,3Z/103MEDIA,0,Other_Amphibian,0.2430,2678.3,1779.7,2755.4,1894.0
/srv/shared_leopard_toad/2025/Documents/25.08-01.09.2025/3Z/103MEDIA/DSCF0626.JPG,DSCF0626.JPG,3Z/103MEDIA,0,Other_Amphibian,0.2286,2676.0,1780.9,2752.5,1895.7
/srv/shared_leopard_toad/2025/Documents/25.08-01.09.2025/3Z/103MEDIA/DSCF0839.JPG,DSCF0839.JPG,3Z/103MEDIA,0,Other_Amphibian,0.3301,2675.1,1778.3,2753.4,1892.4
/srv/shared_leopard_toad/2025/Documents/25.08-01.09.2025/3Z/103MEDIA/DSCF0690.JPG,DSCF0690.JPG,3Z/103MEDIA,0,Other_Amphibian,0.2542,2678.5,1780.6,2755.3,1893.1
/srv/shared_leopard_toad/2025/Documents/25.08-01.09.2025/3Z/103MEDIA/DSCF0714.JPG,DSCF0714.JPG,3Z/103MEDIA,0,Other_Amphibian,0.2664,2679.2,1778.9,2754.5,1894.8
/srv/shared_leopard_toad/2025/Documents/25.08-01.09.2025/3Z/103MEDIA/DSCF0813.JPG,DSCF0813.JPG,3Z/103MEDIA,0,Other_Amphibian,0.3616,2677.6,1777.6,2756.2,1893.2
/srv/shared_leopard_toad/2025/Documents/25.08-01.09.2025/3Z/103MEDIA/DSCF0830.JPG,DSCF0830.JPG,3Z/103MEDIA,0,Other_Amphibian,0.2532,2678.0,1781.3,2755.7,1895.3
/srv/shared_leopard_toad/2025/Documents/25.08-01.09.2025/3Z/103MEDIA/DSCF0319.JPG,DSCF0319.JPG,3Z/103MEDIA,0,Other_Amphibian,0.2189,2680.1,1783.9,2753.7,1898.7
/srv/shared_leopard_toad/2025/Documents/25.08-01.09.2025/3Z/103MEDIA/DSCF0643.JPG,DSCF0643.JPG,3Z/103MEDIA,0,Other_Amphibian,0.2135,2679.9,1780.3,2753.8,1896.4
/srv/shared_leopard_toad/2025/Documents/25.08-01.09.2025/3Z/103MEDIA/DSCF0876.JPG,DSCF0876.JPG,3Z/103MEDIA,0,Other_Amphibian,0.4163,2678.8,1780.3,2755.0,1893.4
/srv/shared_leopard_toad/2025/Documents/25.08-01.09.2025/3Z/103MEDIA/DSCF0901.JPG,DSCF0901.JPG,3Z/103MEDIA,0,Other_Amphibian,0.2932,2679.4,1779.4,2754.4,1894.2
/srv/shared_leopard_toad/2025/Documents/25.08-01.09.2025/3Z/103MEDIA/DSCF0747.JPG,DSCF0747.JPG,3Z/103MEDIA,0,Other_Amphibian,0.2976,2678.3,1779.4,2755.4,1894.2
/srv/shared_leopard_toad/2025/Documents/25.08-01.09.2025/3Z/103MEDIA/DSCF0692.JPG,DSCF0692.JPG,3Z/103MEDIA,0,Other_Amphibian,0.2961,2675.7,1780.0,2752.8,1893.7
/srv/shared_leopard_toad/2025/Documents/25.08-01.09.2025/3Z/103MEDIA/DSCF0708.JPG,DSCF0708.JPG,3Z/103MEDIA,0,Other_Amphibian,0.2905,2675.3,1779.4,2753.2,1894.3
/srv/shared_leopard_toad/2025/Documents/25.08-01.09.2025/3Z/103MEDIA/DSCF0846.JPG,DSCF0846.JPG,3Z/103MEDIA,0,Other_Amphibian,0.2434,2676.7,1782.5,2751.8,1894.1
/srv/shared_leopard_toad/2025/Documents/25.08-01.09.2025/3Z/103MEDIA/DSCF0804.JPG,DSCF0804.JPG,3Z/103MEDIA,0,Other_Amphibian,0.2573,2677.4,1778.0,2756.3,1895.7
/srv/shared_leopard_toad/2025/Documents/25.08-01.09.2025/3Z/103MEDIA/DSCF0627.JPG,DSCF0627.JPG,3Z/103MEDIA,0,Other_Amphibian,0.2693,2677.9,1778.9,2755.9,1894.8
/srv/shared_leopard_toad/2025/Documents/25.08-01.09.2025/3Z/103MEDIA/DSCF0420.JPG,DSCF0420.JPG,3Z/103MEDIA,0,Other_Amphibian,0.3254,2675.4,1780.9,2753.1,1895.7
/srv/shared_leopard_toad/2025/Documents/25.08-01.09.2025/3Z/103MEDIA/DSCF0398.JPG,DSCF0398.JPG,3Z/103MEDIA,0,Other_Amphibian,0.3215,2677.2,1782.2,2751.3,1894.4
/srv/shared_leopard_toad/2025/Documents/25.08-01.09.2025/3Z/103MEDIA/DSCF0584.JPG,DSCF0584.JPG,3Z/103MEDIA,0,Other_Amphibian,0.2240,2676.0,1780.1,2752.5,1893.6
/srv/shared_leopard_toad/2025/Documents/25.08-01.09.2025/3Z/103MEDIA/DSCF0586.JPG,DSCF0586.JPG,3Z/103MEDIA,0,Other_Amphibian,0.2020,2678.6,1778.9,2755.1,1894.8
/srv/shared_leopard_toad/2025/Documents/25.08-01.09.2025/3Z/103MEDIA/DSCF0828.JPG,DSCF0828.JPG,3Z/103MEDIA,0,Other_Amphibian,0.4294,2677.4,1779.4,2756.3,1894.3
/srv/shared_leopard_toad/2025/Documents/25.08-01.09.2025/3Z/103MEDIA/DSCF0695.JPG,DSCF0695.JPG,3Z/103MEDIA,0,Other_Amphibian,0.3140,2676.3,1780.9,2752.2,1895.7
/srv/shared_leopard_toad/2025/Documents/25.08-01.09.2025/3Z/103MEDIA/DSCF0764.JPG,DSCF0764.JPG,3Z/103MEDIA,0,Other_Amphibian,0.2585,2679.2,1782.4,2754.5,1894.2
/srv/shared_leopard_toad/2025/Documents/25.08-01.09.2025/3Z/103MEDIA/DSCF0587.JPG,DSCF0587.JPG,3Z/103MEDIA,0,Other_Amphibian,0.2012,2675.9,1782.6,2752.6,1894.0
/srv/shared_leopard_toad/2025/Documents/25.08-01.09.2025/3Z/103MEDIA/DSCF0711.JPG,DSCF0711.JPG,3Z/103MEDIA,0,Other_Amphibian,0.3069,2676.0,1779.0,2752.5,1894.7
/srv/shared_leopard_toad/2025/Documents/25.08-01.09.2025/3Z/103MEDIA/DSCF0863.JPG,DSCF0863.JPG,3Z/103MEDIA,0,Other_Amphibian,0.4214,2676.1,1782.7,2752.4,1893.9
/srv/shared_leopard_toad/2025/Documents/25.08-01.09.2025/3Z/103MEDIA/DSCF0850.JPG,DSCF0850.JPG,3Z/103MEDIA,0,Other_Amphibian,0.2908,2679.2,1780.4,2754.5,1896.3
/srv/shared_leopard_toad/2025/Documents/25.08-01.09.2025/3Z/103MEDIA/DSCF0389.JPG,DSCF0389.JPG,3Z/103MEDIA,0,Other_Amphibian,0.2734,2676.3,1777.1,2752.2,1896.6
/srv/shared_leopard_toad/2025/Documents/25.08-01.09.2025/3Z/103MEDIA/DSCF0570.JPG,DSCF0570.JPG,3Z/103MEDIA,0,Other_Amphibian,0.2632,2678.3,1778.0,2755.4,1895.7
/srv/shared_leopard_toad/2025/Documents/25.08-01.09.2025/3Z/103MEDIA/DSCF0785.JPG,DSCF0785.JPG,3Z/103MEDIA,0,Other_Amphibian,0.3252,2678.6,1781.9,2755.1,1894.8
/srv/shared_leopard_toad/2025/Documents/25.08-01.09.2025/3Z/103MEDIA/DSCF0999.JPG,DSCF0999.JPG,3Z/103MEDIA,0,Other_Amphibian,0.3059,2678.8,1778.2,2755.0,1895.5
/srv/shared_leopard_toad/2025/Documents/25.08-01.09.2025/3Z/103MEDIA/DSCF0718.JPG,DSCF0718.JPG,3Z/103MEDIA,0,Other_Amphibian,0.3977,2675.1,1777.0,2753.4,1893.7
/srv/shared_leopard_toad/2025/Documents/25.08-01.09.2025/3Z/103MEDIA/DSCF0726.JPG,DSCF0726.JPG,3Z/103MEDIA,0,Other_Amphibian,0.3271,2677.5,1780.0,2751.0,1893.7
/srv/shared_leopard_toad/2025/Documents/25.08-01.09.2025/3Z/103MEDIA/DSCF0783.JPG,DSCF0783.JPG,3Z/103MEDIA,0,Other_Amphibian,0.3652,2677.9,1780.0,2755.9,1893.7
/srv/shared_leopard_toad/2025/Documents/25.08-01.09.2025/3Z/103MEDIA/DSCF0440.JPG,DSCF0440.JPG,3Z/103MEDIA,0,Other_Amphibian,0.3147,2675.0,1780.6,2753.5,1896.0
/srv/shared_leopard_toad/2025/Documents/25.08-01.09.2025/3Z/103MEDIA/DSCF0857.JPG,DSCF0857.JPG,3Z/103MEDIA,0,Other_Amphibian,0.2852,2676.6,1780.6,2751.9,1893.1
/srv/shared_leopard_toad/2025/Documents/25.08-01.09.2025/3Z/103MEDIA/DSCF0703.JPG,DSCF0703.JPG,3Z/103MEDIA,0,Other_Amphibian,0.3440,2675.7,1779.2,2752.8,1894.5
/srv/shared_leopard_toad/2025/Documents/25.08-01.09.2025/3Z/103MEDIA/DSCF0779.JPG,DSCF0779.JPG,3Z/103MEDIA,0,Other_Amphibian,0.2708,2676.1,1780.5,2752.4,1893.2
/srv/shared_leopard_toad/2025/Documents/25.08-01.09.2025/3Z/103MEDIA/DSCF0929.JPG,DSCF0929.JPG,3Z/103MEDIA,0,Other_Amphibian,0.3149,2677.6,1779.7,2756.2,1894.0
/srv/shared_leopard_toad/2025/Documents/25.08-01.09.2025/3Z/103MEDIA/DSCF0639.JPG,DSCF0639.JPG,3Z/103MEDIA,0,Other_Amphibian,0.2445,2678.9,1780.6,2754.8,1893.1
/srv/shared_leopard_toad/2025/Documents/25.08-01.09.2025/3Z/103MEDIA/DSCF0972.JPG,DSCF0972.JPG,3Z/103MEDIA,0,Other_Amphibian,0.3059,2679.2,1782.3,2754.5,1894.3
/srv/shared_leopard_toad/2025/Documents/25.08-01.09.2025/3Z/103MEDIA/DSCF0316.JPG,DSCF0316.JPG,3Z/103MEDIA,0,Other_Amphibian,0.2510,2680.1,1783.0,2753.7,1896.6
/srv/shared_leopard_toad/2025/Documents/25.08-01.09.2025/3Z/103MEDIA/DSCF0887.JPG,DSCF0887.JPG,3Z/103MEDIA,0,Other_Amphibian,0.2673,2675.6,1780.5,2752.9,1893.2
/srv/shared_leopard_toad/2025/Documents/25.08-01.09.2025/3Z/103MEDIA/DSCF0971.JPG,DSCF0971.JPG,3Z/103MEDIA,0,Other_Amphibian,0.3667,2676.5,1780.9,2752.0,1892.8
/srv/shared_leopard_toad/2025/Documents/25.08-01.09.2025/3Z/103MEDIA/DSCF0799.JPG,DSCF0799.JPG,3Z/103MEDIA,0,Other_Amphibian,0.2134,2678.2,1779.2,2755.6,1894.5
/srv/shared_leopard_toad/2025/Documents/25.08-01.09.2025/3Z/103MEDIA/DSCF0682.JPG,DSCF0682.JPG,3Z/103MEDIA,0,Other_Amphibian,0.5142,2677.7,1778.8,2756.0,1894.9
/srv/shared_leopard_toad/2025/Documents/25.08-01.09.2025/3Z/103MEDIA/DSCF0535.JPG,DSCF0535.JPG,3Z/103MEDIA,0,Other_Amphibian,0.2632,2676.7,1781.2,2751.8,1895.4
/srv/shared_leopard_toad/2025/Documents/25.08-01.09.2025/3Z/103MEDIA/DSCF0787.JPG,DSCF0787.JPG,3Z/103MEDIA,0,Other_Amphibian,0.3459,2678.6,1778.9,2755.1,1894.8
/srv/shared_leopard_toad/2025/Documents/25.08-01.09.2025/3Z/103MEDIA/DSCF0756.JPG,DSCF0756.JPG,3Z/103MEDIA,0,Other_Amphibian,0.2085,2679.9,1782.2,2753.8,1894.4
/srv/shared_leopard_toad/2025/Documents/25.08-01.09.2025/3Z/103MEDIA/DSCF0517.JPG,DSCF0517.JPG,3Z/103MEDIA,0,Other_Amphibian,0.2542,2675.9,1779.5,2752.6,1894.2
/srv/shared_leopard_toad/2025/Documents/25.08-01.09.2025/3Z/103MEDIA/DSCF0673.JPG,DSCF0673.JPG,3Z/103MEDIA,0,Other_Amphibian,0.3447,2677.7,1780.9,2756.0,1895.7
/srv/shared_leopard_toad/2025/Documents/25.08-01.09.2025/3Z/103MEDIA/DSCF0810.JPG,DSCF0810.JPG,3Z/103MEDIA,0,Other_Amphibian,0.2583,2677.6,1778.7,2756.2,1895.0
/srv/shared_leopard_toad/2025/Documents/25.08-01.09.2025/3Z/103MEDIA/DSCF0814.JPG,DSCF0814.JPG,3Z/103MEDIA,0,Other_Amphibian,0.2546,2680.8,1780.7,2758.2,1896.0
/srv/shared_leopard_toad/2025/Documents/25.08-01.09.2025/3Z/103MEDIA/DSCF0698.JPG,DSCF0698.JPG,3Z/103MEDIA,0,Other_Amphibian,0.3430,2678.9,1781.2,2754.8,1895.4
/srv/shared_leopard_toad/2025/Documents/25.08-01.09.2025/3Z/103MEDIA/DSCF0737.JPG,DSCF0737.JPG,3Z/103MEDIA,0,Other_Amphibian,0.2698,2679.9,1780.7,2753.8,1896.0
/srv/shared_leopard_toad/2025/Documents/25.08-01.09.2025/3Z/103MEDIA/DSCF0749.JPG,DSCF0749.JPG,3Z/103MEDIA,0,Other_Amphibian,0.2424,2678.8,1780.9,2755.0,1895.7
/srv/shared_leopard_toad/2025/Documents/25.08-01.09.2025/3Z/103MEDIA/DSCF0684.JPG,DSCF0684.JPG,3Z/103MEDIA,0,Other_Amphibian,0.3147,2678.0,1779.4,2755.7,1894.2
/srv/shared_leopard_toad/2025/Documents/25.08-01.09.2025/3Z/103MEDIA/DSCF0296.JPG,DSCF0296.JPG,3Z/103MEDIA,0,Other_Amphibian,0.2135,2679.8,1784.1,2754.0,1898.4
/srv/shared_leopard_toad/2025/Documents/25.08-01.09.2025/3Z/103MEDIA/DSCF0743.JPG,DSCF0743.JPG,3Z/103MEDIA,0,Other_Amphibian,0.4119,2676.1,1781.2,2752.4,1892.4
/srv/shared_leopard_toad/2025/Documents/25.08-01.09.2025/3Z/103MEDIA/DSCF0694.JPG,DSCF0694.JPG,3Z/103MEDIA,0,Other_Amphibian,0.3618,2679.1,1782.1,2754.7,1894.6
/srv/shared_leopard_toad/2025/Documents/25.08-01.09.2025/3Z/103MEDIA/DSCF0969.JPG,DSCF0969.JPG,3Z/103MEDIA,0,Other_Amphibian,0.3494,2678.9,1777.3,2754.8,1893.4
/srv/shared_leopard_toad/2025/Documents/25.08-01.09.2025/3Z/103MEDIA/DSCF0598.JPG,DSCF0598.JPG,3Z/103MEDIA,0,Other_Amphibian,0.2086,2678.6,1780.5,2755.1,1896.1
/srv/shared_leopard_toad/2025/Documents/25.08-01.09.2025/3Z/103MEDIA/DSCF0306.JPG,DSCF0306.JPG,3Z/103MEDIA,0,Other_Amphibian,0.2537,2679.7,1784.3,2754.1,1898.3
/srv/shared_leopard_toad/2025/Documents/25.08-01.09.2025/3Z/103MEDIA/DSCF0473.JPG,DSCF0473.JPG,3Z/103MEDIA,0,Other_Amphibian,0.2128,2680.2,1782.8,2753.5,1896.8
/srv/shared_leopard_toad/2025/Documents/25.08-01.09.2025/3Z/103MEDIA/DSCF0498.JPG,DSCF0498.JPG,3Z/103MEDIA,0,Other_Amphibian,0.2878,2676.5,1783.9,2752.0,1895.7
/srv/shared_leopard_toad/2025/Documents/25.08-01.09.2025/3Z/103MEDIA/DSCF0960.JPG,DSCF0960.JPG,3Z/103MEDIA,0,Other_Amphibian,0.2482,2675.4,1782.4,2753.1,1894.2
/srv/shared_leopard_toad/2025/Documents/25.08-01.09.2025/3Z/103MEDIA/DSCF0770.JPG,DSCF0770.JPG,3Z/103MEDIA,0,Other_Amphibian,0.2512,2678.6,1781.5,2755.1,1895.2
/srv/shared_leopard_toad/2025/Documents/25.08-01.09.2025/3Z/103MEDIA/DSCF0815.JPG,DSCF0815.JPG,3Z/103MEDIA,0,Other_Amphibian,0.2094,2678.2,1778.9,2755.6,1894.8
/srv/shared_leopard_toad/2025/Documents/25.08-01.09.2025/3Z/103MEDIA/DSCF0696.JPG,DSCF0696.JPG,3Z/103MEDIA,0,Other_Amphibian,0.3176,2675.7,1779.4,2752.8,1894.3
/srv/shared_leopard_toad/2025/Documents/25.08-01.09.2025/3Z/103MEDIA/DSCF0733.JPG,DSCF0733.JPG,3Z/103MEDIA,0,Other_Amphibian,0.2964,2678.8,1780.5,2755.0,1896.1
/srv/shared_leopard_toad/2025/Documents/25.08-01.09.2025/3Z/103MEDIA/DSCF0831.JPG,DSCF0831.JPG,3Z/103MEDIA,0,Other_Amphibian,0.3423,2679.1,1781.5,2754.7,1895.2
/srv/shared_leopard_toad/2025/Documents/25.08-01.09.2025/3Z/103MEDIA/DSCF0771.JPG,DSCF0771.JPG,3Z/103MEDIA,0,Other_Amphibian,0.3882,2678.0,1778.5,2755.7,1895.2
/srv/shared_leopard_toad/2025/Documents/25.08-01.09.2025/3Z/103MEDIA/DSCF0977.JPG,DSCF0977.JPG,3Z/103MEDIA,0,Other_Amphibian,0.2438,2680.2,1780.6,2753.5,1893.1
/srv/shared_leopard_toad/2025/Documents/25.08-01.09.2025/3Z/103MEDIA/DSCF0806.JPG,DSCF0806.JPG,3Z/103MEDIA,0,Other_Amphibian,0.2042,2678.3,1780.6,2755.4,1896.0
/srv/shared_leopard_toad/2025/Documents/25.08-01.09.2025/3Z/103MEDIA/DSCF0552.JPG,DSCF0552.JPG,3Z/103MEDIA,0,Other_Amphibian,0.2251,2675.7,1780.5,2752.8,1896.1
/srv/shared_leopard_toad/2025/Documents/25.08-01.09.2025/3Z/103MEDIA/DSCF0575.JPG,DSCF0575.JPG,3Z/103MEDIA,0,Other_Amphibian,0.2534,2675.3,1779.8,2753.2,1893.9
/srv/shared_leopard_toad/2025/Documents/25.08-01.09.2025/3Z/103MEDIA/DSCF0818.JPG,DSCF0818.JPG,3Z/103MEDIA,0,Other_Amphibian,0.3513,2678.3,1779.5,2755.4,1894.2
/srv/shared_leopard_toad/2025/Documents/25.08-01.09.2025/3Z/103MEDIA/DSCF0452.JPG,DSCF0452.JPG,3Z/103MEDIA,0,Other_Amphibian,0.2795,2676.9,1783.7,2751.6,1895.9
/srv/shared_leopard_toad/2025/Documents/25.08-01.09.2025/3Z/103MEDIA/DSCF0952.JPG,DSCF0952.JPG,3Z/103MEDIA,0,Other_Amphibian,0.2260,2678.5,1780.2,2755.3,1893.5
/srv/shared_leopard_toad/2025/Documents/25.08-01.09.2025/3Z/103MEDIA/DSCF0797.JPG,DSCF0797.JPG,3Z/103MEDIA,0,Other_Amphibian,0.2316,2675.9,1779.4,2752.6,1894.3
/srv/shared_leopard_toad/2025/Documents/25.08-01.09.2025/3Z/103MEDIA/DSCF0665.JPG,DSCF0665.JPG,3Z/103MEDIA,0,Other_Amphibian,0.3713,2678.5,1779.9,2755.3,1893.8
/srv/shared_leopard_toad/2025/Documents/25.08-01.09.2025/3Z/103MEDIA/DSCF0630.JPG,DSCF0630.JPG,3Z/103MEDIA,0,Other_Amphibian,0.2883,2675.6,1780.6,2752.9,1896.0
/srv/shared_leopard_toad/2025/Documents/25.08-01.09.2025/3Z/103MEDIA/DSCF0776.JPG,DSCF0776.JPG,3Z/103MEDIA,0,Other_Amphibian,0.3818,2676.5,1780.6,2752.0,1893.1
/srv/shared_leopard_toad/2025/Documents/25.08-01.09.2025/3Z/103MEDIA/DSCF0957.JPG,DSCF0957.JPG,3Z/103MEDIA,0,Other_Amphibian,0.2534,2678.6,1781.3,2755.1,1892.4
/srv/shared_leopard_toad/2025/Documents/25.08-01.09.2025/3Z/103MEDIA/DSCF0557.JPG,DSCF0557.JPG,3Z/103MEDIA,0,Other_Amphibian,0.3311,2675.1,1781.9,2753.4,1894.8
/srv/shared_leopard_toad/2025/Documents/25.08-01.09.2025/3Z/103MEDIA/DSCF0766.JPG,DSCF0766.JPG,3Z/103MEDIA,0,Other_Amphibian,0.3093,2675.7,1780.7,2752.8,1896.0
/srv/shared_leopard_toad/2025/Documents/25.08-01.09.2025/3Z/103MEDIA/DSCF0496.JPG,DSCF0496.JPG,3Z/103MEDIA,0,Other_Amphibian,0.2489,2676.3,1780.5,2752.2,1896.1
/srv/shared_leopard_toad/2025/Documents/25.08-01.09.2025/3Z/103MEDIA/DSCF0995.JPG,DSCF0995.JPG,3Z/103MEDIA,0,Other_Amphibian,0.3972,2675.1,1780.9,2753.4,1892.8
/srv/shared_leopard_toad/2025/Documents/25.08-01.09.2025/3Z/103MEDIA/DSCF0313.JPG,DSCF0313.JPG,3Z/103MEDIA,0,Other_Amphibian,0.2074,2676.6,1782.5,2751.9,1897.1
/srv/shared_leopard_toad/2025/Documents/25.08-01.09.2025/3Z/103MEDIA/DSCF0424.JPG,DSCF0424.JPG,3Z/103MEDIA,0,Other_Amphibian,0.3259,2678.8,1780.0,2755.0,1896.6
/srv/shared_leopard_toad/2025/Documents/25.08-01.09.2025/3Z/103MEDIA/DSCF0897.JPG,DSCF0897.JPG,3Z/103MEDIA,0,Other_Amphibian,0.2264,2677.2,1781.8,2751.3,1894.8
/srv/shared_leopard_toad/2025/Documents/25.08-01.09.2025/3Z/103MEDIA/DSCF0793.JPG,DSCF0793.JPG,3Z/103MEDIA,0,Other_Amphibian,0.2607,2679.8,1781.6,2754.0,1895.1
/srv/shared_leopard_toad/2025/Documents/25.08-01.09.2025/3Z/103MEDIA/DSCF0646.JPG,DSCF0646.JPG,3Z/103MEDIA,0,Other_Amphibian,0.3164,2679.7,1781.3,2754.1,1895.3
/srv/shared_leopard_toad/2025/Documents/25.08-01.09.2025/3Z/103MEDIA/DSCF0547.JPG,DSCF0547.JPG,3Z/103MEDIA,0,Other_Amphibian,0.2135,2675.6,1780.1,2752.9,1893.6
/srv/shared_leopard_toad/2025/Documents/25.08-01.09.2025/3Z/103MEDIA/DSCF0845.JPG,DSCF0845.JPG,3Z/103MEDIA,0,Other_Amphibian,0.2211,2679.4,1779.5,2754.4,1894.2
/srv/shared_leopard_toad/2025/Documents/25.08-01.09.2025/3Z/103MEDIA/DSCF0751.JPG,DSCF0751.JPG,3Z/103MEDIA,0,Other_Amphibian,0.3970,2677.1,1780.4,2756.6,1896.3
/srv/shared_leopard_toad/2025/Documents/25.08-01.09.2025/3Z/103MEDIA/DSCF0847.JPG,DSCF0847.JPG,3Z/103MEDIA,0,Other_Amphibian,0.4209,2675.7,1780.5,2752.8,1893.2
/srv/shared_leopard_toad/2025/Documents/25.08-01.09.2025/3Z/103MEDIA/DSCF0803.JPG,DSCF0803.JPG,3Z/103MEDIA,0,Other_Amphibian,0.3213,2678.3,1779.8,2755.4,1893.9
/srv/shared_leopard_toad/2025/Documents/25.08-01.09.2025/3Z/103MEDIA/DSCF0585.JPG,DSCF0585.JPG,3Z/103MEDIA,0,Other_Amphibian,0.2615,2675.7,1781.6,2752.8,1895.1
/srv/shared_leopard_toad/2025/Documents/25.08-01.09.2025/3Z/103MEDIA/DSCF0253.JPG,DSCF0253.JPG,3Z/103MEDIA,1,Small_Mammal,0.9478,-7.2,25.8,2548.2,2794.4
/srv/shared_leopard_toad/2025/Documents/25.08-01.09.2025/3Z/103MEDIA/DSCF0253.JPG,DSCF0253.JPG,3Z/103MEDIA,1,Small_Mammal,0.2737,-287.4,-26.6,3077.8,2864.5
/srv/shared_leopard_toad/2025/Documents/25.08-01.09.2025/3Z/103MEDIA/DSCF0253.JPG,DSCF0253.JPG,3Z/103MEDIA,1,Small_Mammal,0.2075,-223.8,-67.9,2826.5,2904.4
/srv/shared_leopard_toad/2025/Documents/25.08-01.09.2025/3Z/103MEDIA/DSCF0819.JPG,DSCF0819.JPG,3Z/103MEDIA,0,Other_Amphibian,0.3772,2677.7,1778.0,2756.0,1895.7
/srv/shared_leopard_toad/2025/Documents/25.08-01.09.2025/3Z/103MEDIA/DSCF0561.JPG,DSCF0561.JPG,3Z/103MEDIA,0,Other_Amphibian,0.3574,2676.9,1781.8,2751.6,1894.8
/srv/shared_leopard_toad/2025/Documents/25.08-01.09.2025/3Z/103MEDIA/DSCF0436.JPG,DSCF0436.JPG,3Z/103MEDIA,0,Other_Amphibian,0.2720,2678.0,1778.7,2755.7,1895.0
/srv/shared_leopard_toad/2025/Documents/25.08-01.09.2025/3Z/103MEDIA/DSCF0616.JPG,DSCF0616.JPG,3Z/103MEDIA,0,Other_Amphibian,0.2095,2675.9,1778.8,2752.6,1894.9
/srv/shared_leopard_toad/2025/Documents/25.08-01.09.2025/3Z/103MEDIA/DSCF0809.JPG,DSCF0809.JPG,3Z/103MEDIA,0,Other_Amphibian,0.4905,2675.9,1780.4,2752.6,1893.3
/srv/shared_leopard_toad/2025/Documents/25.08-01.09.2025/3Z/103MEDIA/DSCF0975.JPG,DSCF0975.JPG,3Z/103MEDIA,0,Other_Amphibian,0.4277,2675.0,1782.0,2753.5,1894.7
/srv/shared_leopard_toad/2025/Documents/25.08-01.09.2025/3Z/103MEDIA/DSCF0796.JPG,DSCF0796.JPG,3Z/103MEDIA,0,Other_Amphibian,0.2842,2676.0,1780.0,2752.5,1893.7
/srv/shared_leopard_toad/2025/Documents/25.08-01.09.2025/3Z/103MEDIA/DSCF0647.JPG,DSCF0647.JPG,3Z/103MEDIA,0,Other_Amphibian,0.2937,2678.8,1777.0,2755.0,1893.7
/srv/shared_leopard_toad/2025/Documents/25.08-01.09.2025/3Z/103MEDIA/DSCF0914.JPG,DSCF0914.JPG,3Z/103MEDIA,0,Other_Amphibian,0.2593,2678.5,1779.5,2755.3,1894.2
/srv/shared_leopard_toad/2025/Documents/25.08-01.09.2025/3Z/103MEDIA/DSCF0973.JPG,DSCF0973.JPG,3Z/103MEDIA,0,Other_Amphibian,0.2152,2679.5,1780.0,2754.2,1893.7
/srv/shared_leopard_toad/2025/Documents/25.08-01.09.2025/3Z/103MEDIA/DSCF0599.JPG,DSCF0599.JPG,3Z/103MEDIA,0,Other_Amphibian,0.2200,2676.3,1780.7,2752.2,1893.0
/srv/shared_leopard_toad/2025/Documents/25.08-01.09.2025/3Z/103MEDIA/DSCF0600.JPG,DSCF0600.JPG,3Z/103MEDIA,0,Other_Amphibian,0.3245,2675.0,1778.9,2753.5,1894.8
/srv/shared_leopard_toad/2025/Documents/25.08-01.09.2025/3Z/103MEDIA/DSCF0348.JPG,DSCF0348.JPG,3Z/103MEDIA,0,Other_Amphibian,0.3640,2679.4,1783.0,2754.4,1896.6
/srv/shared_leopard_toad/2025/Documents/25.08-01.09.2025/3Z/103MEDIA/DSCF0658.JPG,DSCF0658.JPG,3Z/103MEDIA,0,Other_Amphibian,0.3298,2678.0,1779.8,2755.7,1893.9
/srv/shared_leopard_toad/2025/Documents/25.08-01.09.2025/3Z/103MEDIA/DSCF0606.JPG,DSCF0606.JPG,3Z/103MEDIA,0,Other_Amphibian,0.2208,2677.6,1780.5,2756.2,1896.1
/srv/shared_leopard_toad/2025/Documents/25.08-01.09.2025/3Z/103MEDIA/DSCF0746.JPG,DSCF0746.JPG,3Z/103MEDIA,0,Other_Amphibian,0.2961,2678.2,1779.5,2755.6,1894.2
/srv/shared_leopard_toad/2025/Documents/25.08-01.09.2025/3Z/103MEDIA/DSCF0763.JPG,DSCF0763.JPG,3Z/103MEDIA,0,Other_Amphibian,0.3721,2678.9,1779.4,2754.8,1894.2
/srv/shared_leopard_toad/2025/Documents/25.08-01.09.2025/3Z/103MEDIA/DSCF0591.JPG,DSCF0591.JPG,3Z/103MEDIA,0,Other_Amphibian,0.3430,2675.7,1782.7,2752.8,1893.9
/srv/shared_leopard_toad/2025/Documents/25.08-01.09.2025/3Z/103MEDIA/DSCF0728.JPG,DSCF0728.JPG,3Z/103MEDIA,0,Other_Amphibian,0.5044,2678.6,1781.7,2755.1,1895.0
/srv/shared_leopard_toad/2025/Documents/25.08-01.09.2025/3Z/103MEDIA/DSCF0468.JPG,DSCF0468.JPG,3Z/103MEDIA,0,Other_Amphibian,0.3137,2678.5,1783.5,2755.3,1896.0
/srv/shared_leopard_toad/2025/Documents/25.08-01.09.2025/3Z/103MEDIA/DSCF0808.JPG,DSCF0808.JPG,3Z/103MEDIA,0,Other_Amphibian,0.2642,2675.6,1781.0,2752.9,1895.6
/srv/shared_leopard_toad/2025/Documents/25.08-01.09.2025/3Z/103MEDIA/DSCF0987.JPG,DSCF0987.JPG,3Z/103MEDIA,0,Other_Amphibian,0.3013,2677.9,1780.8,2755.9,1892.9
/srv/shared_leopard_toad/2025/Documents/25.08-01.09.2025/3Z/103MEDIA/DSCF0800.JPG,DSCF0800.JPG,3Z/103MEDIA,0,Other_Amphibian,0.3093,2677.4,1778.3,2756.3,1895.4
/srv/shared_leopard_toad/2025/Documents/25.08-01.09.2025/3Z/103MEDIA/DSCF0832.JPG,DSCF0832.JPG,3Z/103MEDIA,0,Other_Amphibian,0.2307,2677.1,1779.4,2756.6,1894.2
/srv/shared_leopard_toad/2025/Documents/25.08-01.09.2025/3Z/103MEDIA/DSCF0789.JPG,DSCF0789.JPG,3Z/103MEDIA,0,Other_Amphibian,0.3440,2675.1,1779.8,2753.4,1893.9
/srv/shared_leopard_toad/2025/Documents/25.08-01.09.2025/3Z/103MEDIA/DSCF0941.JPG,DSCF0941.JPG,3Z/103MEDIA,0,Other_Amphibian,0.3408,2676.6,1780.2,2751.9,1893.5
/srv/shared_leopard_toad/2025/Documents/25.08-01.09.2025/3Z/103MEDIA/DSCF0843.JPG,DSCF0843.JPG,3Z/103MEDIA,0,Other_Amphibian,0.3130,2675.9,1779.9,2752.6,1893.8
/srv/shared_leopard_toad/2025/Documents/25.08-01.09.2025/3Z/103MEDIA/DSCF0910.JPG,DSCF0910.JPG,3Z/103MEDIA,0,Other_Amphibian,0.2125,2677.0,1780.8,2751.5,1892.9
/srv/shared_leopard_toad/2025/Documents/25.08-01.09.2025/3Z/103MEDIA/DSCF0611.JPG,DSCF0611.JPG,3Z/103MEDIA,0,Other_Amphibian,0.2803,2676.6,1779.1,2751.9,1894.6
/srv/shared_leopard_toad/2025/Documents/25.08-01.09.2025/3Z/103MEDIA/DSCF0852.JPG,DSCF0852.JPG,3Z/103MEDIA,0,Other_Amphibian,0.4326,2675.9,1782.3,2752.6,1894.3
/srv/shared_leopard_toad/2025/Documents/25.08-01.09.2025/3Z/103MEDIA/DSCF0939.JPG,DSCF0939.JPG,3Z/103MEDIA,0,Other_Amphibian,0.3350,2675.6,1780.0,2752.9,1893.7
/srv/shared_leopard_toad/2025/Documents/25.08-01.09.2025/3Z/103MEDIA/DSCF0671.JPG,DSCF0671.JPG,3Z/103MEDIA,0,Other_Amphibian,0.3464,2679.7,1781.5,2754.1,1895.2
/srv/shared_leopard_toad/2025/Documents/25.08-01.09.2025/3Z/103MEDIA/DSCF0595.JPG,DSCF0595.JPG,3Z/103MEDIA,0,Other_Amphibian,0.2881,2676.1,1781.9,2752.4,1894.8
/srv/shared_leopard_toad/2025/Documents/25.08-01.09.2025/3Z/103MEDIA/DSCF0701.JPG,DSCF0701.JPG,3Z/103MEDIA,0,Other_Amphibian,0.3926,2679.4,1779.4,2754.4,1894.2
/srv/shared_leopard_toad/2025/Documents/25.08-01.09.2025/3Z/103MEDIA/DSCF0860.JPG,DSCF0860.JPG,3Z/103MEDIA,0,Other_Amphibian,0.2471,2675.7,1780.7,2752.8,1893.0
/srv/shared_leopard_toad/2025/Documents/25.08-01.09.2025/3Z/103MEDIA/DSCF0465.JPG,DSCF0465.JPG,3Z/103MEDIA,0,Other_Amphibian,0.2018,2678.2,1781.9,2755.6,1894.8
/srv/shared_leopard_toad/2025/Documents/25.08-01.09.2025/3Z/103MEDIA/DSCF0604.JPG,DSCF0604.JPG,3Z/103MEDIA,0,Other_Amphibian,0.2190,2678.3,1780.5,2755.4,1896.1
/srv/shared_leopard_toad/2025/Documents/25.08-01.09.2025/3Z/103MEDIA/DSCF0677.JPG,DSCF0677.JPG,3Z/103MEDIA,0,Other_Amphibian,0.2710,2678.2,1778.2,2755.6,1895.5
/srv/shared_leopard_toad/2025/Documents/25.08-01.09.2025/3Z/103MEDIA/DSCF0638.JPG,DSCF0638.JPG,3Z/103MEDIA,0,Other_Amphibian,0.2039,2679.4,1777.8,2754.4,1895.9
/srv/shared_leopard_toad/2025/Documents/25.08-01.09.2025/3Z/103MEDIA/DSCF0485.JPG,DSCF0485.JPG,3Z/103MEDIA,0,Other_Amphibian,0.2576,2678.6,1782.0,2755.1,1894.7
/srv/shared_leopard_toad/2025/Documents/25.08-01.09.2025/3Z/103MEDIA/DSCF0836.JPG,DSCF0836.JPG,3Z/103MEDIA,0,Other_Amphibian,0.2360,2679.2,1780.3,2754.5,1893.4
/srv/shared_leopard_toad/2025/Documents/25.08-01.09.2025/3Z/103MEDIA/DSCF0520.JPG,DSCF0520.JPG,3Z/103MEDIA,0,Other_Amphibian,0.3110,2675.7,1780.8,2752.8,1895.8
/srv/shared_leopard_toad/2025/Documents/25.08-01.09.2025/3Z/103MEDIA/DSCF0744.JPG,DSCF0744.JPG,3Z/103MEDIA,0,Other_Amphibian,0.3684,2679.1,1779.7,2754.7,1894.0
/srv/shared_leopard_toad/2025/Documents/25.08-01.09.2025/3Z/103MEDIA/DSCF0702.JPG,DSCF0702.JPG,3Z/103MEDIA,0,Other_Amphibian,0.3259,2675.4,1777.6,2753.1,1893.2
/srv/shared_leopard_toad/2025/Documents/25.08-01.09.2025/3Z/103MEDIA/DSCF0717.JPG,DSCF0717.JPG,3Z/103MEDIA,0,Other_Amphibian,0.2195,2678.5,1780.2,2755.3,1893.5
/srv/shared_leopard_toad/2025/Documents/25.08-01.09.2025/3Z/103MEDIA/DSCF0579.JPG,DSCF0579.JPG,3Z/103MEDIA,0,Other_Amphibian,0.2310,2679.5,1779.9,2754.2,1893.8
/srv/shared_leopard_toad/2025/Documents/25.08-01.09.2025/3Z/103MEDIA/DSCF0707.JPG,DSCF0707.JPG,3Z/103MEDIA,0,Other_Amphibian,0.3789,2677.3,1777.9,2756.5,1895.8
/srv/shared_leopard_toad/2025/Documents/25.08-01.09.2025/3Z/105MEDIA/DSCF0404.JPG,DSCF0404.JPG,3Z/105MEDIA,0,Other_Amphibian,0.2646,2679.1,1772.9,2754.7,1886.0
/srv/shared_leopard_toad/2025/Documents/25.08-01.09.2025/3Z/105MEDIA/DSCF0358.JPG,DSCF0358.JPG,3Z/105MEDIA,0,Other_Amphibian,0.3455,2681.3,1773.1,2757.7,1885.8
/srv/shared_leopard_toad/2025/Documents/25.08-01.09.2025/3Z/105MEDIA/DSCF0488.JPG,DSCF0488.JPG,3Z/105MEDIA,0,Other_Amphibian,0.2507,2679.2,1771.0,2754.5,1885.0
/srv/shared_leopard_toad/2025/Documents/25.08-01.09.2025/3Z/105MEDIA/DSCF0443.JPG,DSCF0443.JPG,3Z/105MEDIA,0,Other_Amphibian,0.3062,2676.2,1771.7,2757.5,1887.2
/srv/shared_leopard_toad/2025/Documents/25.08-01.09.2025/3Z/105MEDIA/DSCF0443.JPG,DSCF0443.JPG,3Z/105MEDIA,0,Other_Amphibian,0.2200,2678.0,1771.3,2755.7,1887.6
/srv/shared_leopard_toad/2025/Documents/25.08-01.09.2025/3Z/105MEDIA/DSCF0215.JPG,DSCF0215.JPG,3Z/105MEDIA,0,Other_Amphibian,0.2886,2678.5,1771.8,2755.3,1887.1
/srv/shared_leopard_toad/2025/Documents/25.08-01.09.2025/3Z/105MEDIA/DSCF0215.JPG,DSCF0215.JPG,3Z/105MEDIA,0,Other_Amphibian,0.2852,2676.7,1772.4,2757.1,1886.5
/srv/shared_leopard_toad/2025/Documents/25.08-01.09.2025/3Z/105MEDIA/DSCF0279.JPG,DSCF0279.JPG,3Z/105MEDIA,0,Other_Amphibian,0.3706,2678.2,1772.0,2755.6,1887.0
/srv/shared_leopard_toad/2025/Documents/25.08-01.09.2025/3Z/105MEDIA/DSCF0464.JPG,DSCF0464.JPG,3Z/105MEDIA,0,Other_Amphibian,0.3208,2677.1,1771.0,2756.6,1885.0
/srv/shared_leopard_toad/2025/Documents/25.08-01.09.2025/3Z/105MEDIA/DSCF0455.JPG,DSCF0455.JPG,3Z/105MEDIA,0,Other_Amphibian,0.2064,2678.6,1773.1,2755.1,1885.8
/srv/shared_leopard_toad/2025/Documents/25.08-01.09.2025/3Z/105MEDIA/DSCF0407.JPG,DSCF0407.JPG,3Z/105MEDIA,0,Other_Amphibian,0.2306,2677.6,1772.3,2756.2,1886.6
/srv/shared_leopard_toad/2025/Documents/25.08-01.09.2025/3Z/105MEDIA/DSCF0416.JPG,DSCF0416.JPG,3Z/105MEDIA,0,Other_Amphibian,0.2837,2676.7,1772.4,2757.1,1886.5
/srv/shared_leopard_toad/2025/Documents/25.08-01.09.2025/3Z/105MEDIA/DSCF0416.JPG,DSCF0416.JPG,3Z/105MEDIA,0,Other_Amphibian,0.2671,2675.2,1772.8,2758.5,1886.1
/srv/shared_leopard_toad/2025/Documents/25.08-01.09.2025/3Z/105MEDIA/DSCF0514.JPG,DSCF0514.JPG,3Z/105MEDIA,0,Other_Amphibian,0.3074,2674.2,1770.6,2754.3,1885.4
/srv/shared_leopard_toad/2025/Documents/25.08-01.09.2025/3Z/105MEDIA/DSCF0298.JPG,DSCF0298.JPG,3Z/105MEDIA,0,Other_Amphibian,0.2440,2676.7,1771.7,2757.1,1887.2
/srv/shared_leopard_toad/2025/Documents/25.08-01.09.2025/3Z/105MEDIA/DSCF0417.JPG,DSCF0417.JPG,3Z/105MEDIA,0,Other_Amphibian,0.2773,2677.4,1772.4,2756.3,1886.5
/srv/shared_leopard_toad/2025/Documents/25.08-01.09.2025/3Z/105MEDIA/DSCF0325.JPG,DSCF0325.JPG,3Z/105MEDIA,0,Other_Amphibian,0.3218,2677.9,1772.3,2755.9,1886.6
/srv/shared_leopard_toad/2025/Documents/25.08-01.09.2025/3Z/105MEDIA/DSCF0107.JPG,DSCF0107.JPG,3Z/105MEDIA,0,Other_Amphibian,0.2449,2681.7,1771.3,2757.3,1884.6
/srv/shared_leopard_toad/2025/Documents/25.08-01.09.2025/3Z/105MEDIA/DSCF0446.JPG,DSCF0446.JPG,3Z/105MEDIA,0,Other_Amphibian,0.2430,2675.3,1773.1,2753.2,1885.8
/srv/shared_leopard_toad/2025/Documents/25.08-01.09.2025/3Z/105MEDIA/DSCF0512.JPG,DSCF0512.JPG,3Z/105MEDIA,0,Other_Amphibian,0.2430,2678.8,1773.4,2755.0,1885.5
/srv/shared_leopard_toad/2025/Documents/25.08-01.09.2025/3Z/105MEDIA/DSCF0282.JPG,DSCF0282.JPG,3Z/105MEDIA,0,Other_Amphibian,0.5366,2677.4,1771.0,2756.3,1885.0
/srv/shared_leopard_toad/2025/Documents/25.08-01.09.2025/3Z/105MEDIA/DSCF0430.JPG,DSCF0430.JPG,3Z/105MEDIA,0,Other_Amphibian,0.2585,2678.2,1773.7,2755.6,1885.2
/srv/shared_leopard_toad/2025/Documents/25.08-01.09.2025/3Z/105MEDIA/DSCF0221.JPG,DSCF0221.JPG,3Z/105MEDIA,0,Other_Amphibian,0.2322,2675.9,1771.4,2757.9,1887.5
/srv/shared_leopard_toad/2025/Documents/25.08-01.09.2025/3Z/105MEDIA/DSCF0442.JPG,DSCF0442.JPG,3Z/105MEDIA,0,Other_Amphibian,0.3596,2673.6,1770.3,2754.9,1885.7
/srv/shared_leopard_toad/2025/Documents/25.08-01.09.2025/3Z/105MEDIA/DSCF0311.JPG,DSCF0311.JPG,3Z/105MEDIA,0,Other_Amphibian,0.3423,2677.4,1772.4,2756.3,1886.5
/srv/shared_leopard_toad/2025/Documents/25.08-01.09.2025/3Z/105MEDIA/DSCF0187.JPG,DSCF0187.JPG,3Z/105MEDIA,0,Other_Amphibian,0.2788,2678.6,1771.4,2755.1,1887.5
/srv/shared_leopard_toad/2025/Documents/25.08-01.09.2025/3Z/105MEDIA/DSCF0061.JPG,DSCF0061.JPG,3Z/105MEDIA,0,Other_Amphibian,0.2625,2676.8,1771.7,2756.9,1887.2
/srv/shared_leopard_toad/2025/Documents/25.08-01.09.2025/3Z/105MEDIA/DSCF0193.JPG,DSCF0193.JPG,3Z/105MEDIA,0,Other_Amphibian,0.3557,2679.1,1771.2,2754.7,1884.7
/srv/shared_leopard_toad/2025/Documents/25.08-01.09.2025/3Z/105MEDIA/DSCF0518.JPG,DSCF0518.JPG,3Z/105MEDIA,0,Other_Amphibian,0.3286,2679.2,1771.5,2754.5,1884.5
/srv/shared_leopard_toad/2025/Documents/25.08-01.09.2025/3Z/105MEDIA/DSCF0273.JPG,DSCF0273.JPG,3Z/105MEDIA,0,Other_Amphibian,0.2085,2677.4,1771.5,2756.3,1887.4
/srv/shared_leopard_toad/2025/Documents/25.08-01.09.2025/3Z/105MEDIA/DSCF0038.JPG,DSCF0038.JPG,3Z/105MEDIA,0,Other_Amphibian,0.3071,2680.4,1770.8,2758.6,1885.2
/srv/shared_leopard_toad/2025/Documents/25.08-01.09.2025/3Z/105MEDIA/DSCF0089.JPG,DSCF0089.JPG,3Z/105MEDIA,0,Other_Amphibian,0.2996,2679.2,1772.4,2754.5,1886.5
/srv/shared_leopard_toad/2025/Documents/25.08-01.09.2025/3Z/105MEDIA/DSCF0339.JPG,DSCF0339.JPG,3Z/105MEDIA,0,Other_Amphibian,0.2717,2677.3,1772.5,2756.5,1886.4
/srv/shared_leopard_toad/2025/Documents/25.08-01.09.2025/3Z/105MEDIA/DSCF0336.JPG,DSCF0336.JPG,3Z/105MEDIA,0,Other_Amphibian,0.3210,2678.8,1773.2,2755.0,1885.7
/srv/shared_leopard_toad/2025/Documents/25.08-01.09.2025/3Z/105MEDIA/DSCF0458.JPG,DSCF0458.JPG,3Z/105MEDIA,0,Other_Amphibian,0.2391,2677.6,1772.6,2756.2,1886.3
/srv/shared_leopard_toad/2025/Documents/25.08-01.09.2025/3Z/105MEDIA/DSCF0344.JPG,DSCF0344.JPG,3Z/105MEDIA,0,Other_Amphibian,0.2810,2677.7,1771.6,2756.0,1884.4
/srv/shared_leopard_toad/2025/Documents/25.08-01.09.2025/3Z/105MEDIA/DSCF0194.JPG,DSCF0194.JPG,3Z/105MEDIA,0,Other_Amphibian,0.2397,2681.6,1772.4,2757.4,1886.5
/srv/shared_leopard_toad/2025/Documents/25.08-01.09.2025/3Z/105MEDIA/DSCF0233.JPG,DSCF0233.JPG,3Z/105MEDIA,0,Other_Amphibian,0.2605,2676.8,1772.2,2756.9,1886.8
/srv/shared_leopard_toad/2025/Documents/25.08-01.09.2025/3Z/105MEDIA/DSCF0489.JPG,DSCF0489.JPG,3Z/105MEDIA,0,Other_Amphibian,0.3171,2678.9,1772.6,2754.8,1886.3
/srv/shared_leopard_toad/2025/Documents/25.08-01.09.2025/3Z/105MEDIA/DSCF0350.JPG,DSCF0350.JPG,3Z/105MEDIA,0,Other_Amphibian,0.2358,2677.1,1772.6,2756.6,1886.3
/srv/shared_leopard_toad/2025/Documents/25.08-01.09.2025/3Z/105MEDIA/DSCF0390.JPG,DSCF0390.JPG,3Z/105MEDIA,0,Other_Amphibian,0.2368,2679.1,1773.2,2754.7,1885.7
/srv/shared_leopard_toad/2025/Documents/25.08-01.09.2025/3Z/105MEDIA/DSCF0185.JPG,DSCF0185.JPG,3Z/105MEDIA,0,Other_Amphibian,0.3716,2679.1,1772.5,2754.7,1886.4
/srv/shared_leopard_toad/2025/Documents/25.08-01.09.2025/3Z/105MEDIA/DSCF0286.JPG,DSCF0286.JPG,3Z/105MEDIA,0,Other_Amphibian,0.2047,2678.6,1772.5,2755.1,1886.4
/srv/shared_leopard_toad/2025/Documents/25.08-01.09.2025/3Z/105MEDIA/DSCF0292.JPG,DSCF0292.JPG,3Z/105MEDIA,0,Other_Amphibian,0.2905,2676.8,1772.3,2756.9,1886.6
/srv/shared_leopard_toad/2025/Documents/25.08-01.09.2025/3Z/105MEDIA/DSCF0292.JPG,DSCF0292.JPG,3Z/105MEDIA,0,Other_Amphibian,0.2118,2678.5,1772.0,2755.3,1887.0
/srv/shared_leopard_toad/2025/Documents/25.08-01.09.2025/3Z/105MEDIA/DSCF0431.JPG,DSCF0431.JPG,3Z/105MEDIA,0,Other_Amphibian,0.3142,2678.8,1773.1,2755.0,1885.8
/srv/shared_leopard_toad/2025/Documents/25.08-01.09.2025/3Z/105MEDIA/DSCF0341.JPG,DSCF0341.JPG,3Z/105MEDIA,0,Other_Amphibian,0.2715,2677.6,1772.5,2756.2,1886.4
/srv/shared_leopard_toad/2025/Documents/25.08-01.09.2025/3Z/105MEDIA/DSCF0304.JPG,DSCF0304.JPG,3Z/105MEDIA,0,Other_Amphibian,0.6113,2679.5,1772.6,2754.2,1886.3
/srv/shared_leopard_toad/2025/Documents/25.08-01.09.2025/3Z/105MEDIA/DSCF0507.JPG,DSCF0507.JPG,3Z/105MEDIA,0,Other_Amphibian,0.2935,2677.9,1771.2,2755.9,1884.7
/srv/shared_leopard_toad/2025/Documents/25.08-01.09.2025/3Z/105MEDIA/DSCF0266.JPG,DSCF0266.JPG,3Z/105MEDIA,0,Other_Amphibian,0.3110,2673.9,1772.7,2754.6,1886.2
/srv/shared_leopard_toad/2025/Documents/25.08-01.09.2025/3Z/105MEDIA/DSCF0207.JPG,DSCF0207.JPG,3Z/105MEDIA,0,Other_Amphibian,0.3157,2678.6,1772.3,2755.1,1886.6
/srv/shared_leopard_toad/2025/Documents/25.08-01.09.2025/3Z/105MEDIA/DSCF0403.JPG,DSCF0403.JPG,3Z/105MEDIA,0,Other_Amphibian,0.2098,2679.9,1772.4,2753.8,1886.5
/srv/shared_leopard_toad/2025/Documents/25.08-01.09.2025/3Z/105MEDIA/DSCF0369.JPG,DSCF0369.JPG,3Z/105MEDIA,0,Other_Amphibian,0.2469,2678.0,1772.2,2755.7,1886.8
/srv/shared_leopard_toad/2025/Documents/25.08-01.09.2025/3Z/105MEDIA/DSCF0353.JPG,DSCF0353.JPG,3Z/105MEDIA,0,Other_Amphibian,0.2280,2678.5,1772.9,2755.3,1886.0
/srv/shared_leopard_toad/2025/Documents/25.08-01.09.2025/3Z/105MEDIA/DSCF0476.JPG,DSCF0476.JPG,3Z/105MEDIA,0,Other_Amphibian,0.2896,2678.3,1772.1,2755.4,1883.9
/srv/shared_leopard_toad/2025/Documents/25.08-01.09.2025/3Z/105MEDIA/DSCF0146.JPG,DSCF0146.JPG,3Z/105MEDIA,0,Other_Amphibian,0.3933,2678.2,1772.1,2755.6,1886.9
/srv/shared_leopard_toad/2025/Documents/25.08-01.09.2025/3Z/105MEDIA/DSCF0445.JPG,DSCF0445.JPG,3Z/105MEDIA,0,Other_Amphibian,0.3066,2677.1,1771.0,2756.6,1885.0
/srv/shared_leopard_toad/2025/Documents/25.08-01.09.2025/3Z/105MEDIA/DSCF0368.JPG,DSCF0368.JPG,3Z/105MEDIA,0,Other_Amphibian,0.2063,2678.3,1770.9,2755.4,1885.1
/srv/shared_leopard_toad/2025/Documents/25.08-01.09.2025/3Z/105MEDIA/DSCF0366.JPG,DSCF0366.JPG,3Z/105MEDIA,0,Other_Amphibian,0.2617,2678.5,1771.8,2755.3,1887.1
/srv/shared_leopard_toad/2025/Documents/25.08-01.09.2025/3Z/105MEDIA/DSCF0439.JPG,DSCF0439.JPG,3Z/105MEDIA,0,Other_Amphibian,0.2037,2677.9,1772.2,2755.9,1886.8
/srv/shared_leopard_toad/2025/Documents/25.08-01.09.2025/3Z/105MEDIA/DSCF0251.JPG,DSCF0251.JPG,3Z/105MEDIA,0,Other_Amphibian,0.3450,2678.6,1773.2,2755.1,1885.7
/srv/shared_leopard_toad/2025/Documents/25.08-01.09.2025/3Z/105MEDIA/DSCF0342.JPG,DSCF0342.JPG,3Z/105MEDIA,0,Other_Amphibian,0.3408,2678.5,1772.1,2755.3,1886.9
/srv/shared_leopard_toad/2025/Documents/25.08-01.09.2025/3Z/105MEDIA/DSCF0305.JPG,DSCF0305.JPG,3Z/105MEDIA,0,Other_Amphibian,0.3318,2678.5,1772.2,2755.3,1886.8
/srv/shared_leopard_toad/2025/Documents/25.08-01.09.2025/3Z/105MEDIA/DSCF0487.JPG,DSCF0487.JPG,3Z/105MEDIA,0,Other_Amphibian,0.2549,2677.7,1771.7,2756.0,1884.2
/srv/shared_leopard_toad/2025/Documents/25.08-01.09.2025/3Z/105MEDIA/DSCF0411.JPG,DSCF0411.JPG,3Z/105MEDIA,0,Other_Amphibian,0.2549,2678.5,1771.6,2755.3,1884.3
/srv/shared_leopard_toad/2025/Documents/25.08-01.09.2025/3Z/105MEDIA/DSCF0007.JPG,DSCF0007.JPG,3Z/105MEDIA,0,Other_Amphibian,0.2629,2675.4,1772.8,2758.3,1886.1
/srv/shared_leopard_toad/2025/Documents/25.08-01.09.2025/3Z/105MEDIA/DSCF0007.JPG,DSCF0007.JPG,3Z/105MEDIA,0,Other_Amphibian,0.2173,2674.1,1772.1,2754.4,1886.9
/srv/shared_leopard_toad/2025/Documents/25.08-01.09.2025/3Z/105MEDIA/DSCF0256.JPG,DSCF0256.JPG,3Z/105MEDIA,0,Other_Amphibian,0.4272,2677.0,1772.6,2756.8,1886.3
/srv/shared_leopard_toad/2025/Documents/25.08-01.09.2025/3Z/105MEDIA/DSCF0324.JPG,DSCF0324.JPG,3Z/105MEDIA,0,Other_Amphibian,0.2642,2678.9,1772.4,2754.8,1886.5
/srv/shared_leopard_toad/2025/Documents/25.08-01.09.2025/3Z/105MEDIA/DSCF0524.JPG,DSCF0524.JPG,3Z/105MEDIA,0,Other_Amphibian,0.3428,2678.6,1771.1,2755.1,1884.8
/srv/shared_leopard_toad/2025/Documents/25.08-01.09.2025/3Z/105MEDIA/DSCF0486.JPG,DSCF0486.JPG,3Z/105MEDIA,0,Other_Amphibian,0.2323,2678.3,1772.2,2755.4,1886.8
/srv/shared_leopard_toad/2025/Documents/25.08-01.09.2025/3Z/105MEDIA/DSCF0026.JPG,DSCF0026.JPG,3Z/105MEDIA,0,Other_Amphibian,0.2090,2678.8,1773.5,2755.0,1885.4
/srv/shared_leopard_toad/2025/Documents/25.08-01.09.2025/3Z/105MEDIA/DSCF0380.JPG,DSCF0380.JPG,3Z/105MEDIA,0,Other_Amphibian,0.2524,2679.4,1772.4,2754.4,1886.5
/srv/shared_leopard_toad/2025/Documents/25.08-01.09.2025/3Z/105MEDIA/DSCF0343.JPG,DSCF0343.JPG,3Z/105MEDIA,0,Other_Amphibian,0.2075,2678.6,1773.1,2755.1,1888.8
/srv/shared_leopard_toad/2025/Documents/25.08-01.09.2025/3Z/105MEDIA/DSCF0301.JPG,DSCF0301.JPG,3Z/105MEDIA,0,Other_Amphibian,0.3303,2678.2,1772.7,2755.6,1886.2
/srv/shared_leopard_toad/2025/Documents/25.08-01.09.2025/3Z/105MEDIA/DSCF0237.JPG,DSCF0237.JPG,3Z/105MEDIA,0,Other_Amphibian,0.2489,2678.6,1772.9,2755.1,1886.0
/srv/shared_leopard_toad/2025/Documents/25.08-01.09.2025/3Z/105MEDIA/DSCF0373.JPG,DSCF0373.JPG,3Z/105MEDIA,0,Other_Amphibian,0.2426,2675.7,1773.1,2752.8,1885.8
/srv/shared_leopard_toad/2025/Documents/25.08-01.09.2025/3Z/105MEDIA/DSCF0505.JPG,DSCF0505.JPG,3Z/105MEDIA,0,Other_Amphibian,0.2390,2679.4,1771.5,2754.4,1887.4
/srv/shared_leopard_toad/2025/Documents/25.08-01.09.2025/3Z/105MEDIA/DSCF0308.JPG,DSCF0308.JPG,3Z/105MEDIA,0,Other_Amphibian,0.4607,2674.6,1771.7,2753.9,1887.2
/srv/shared_leopard_toad/2025/Documents/25.08-01.09.2025/3Z/105MEDIA/DSCF0385.JPG,DSCF0385.JPG,3Z/105MEDIA,0,Other_Amphibian,0.2268,2679.4,1771.3,2754.4,1884.6
/srv/shared_leopard_toad/2025/Documents/25.08-01.09.2025/3Z/105MEDIA/DSCF0426.JPG,DSCF0426.JPG,3Z/105MEDIA,0,Other_Amphibian,0.3376,2677.9,1772.0,2755.9,1887.0
/srv/shared_leopard_toad/2025/Documents/25.08-01.09.2025/3Z/105MEDIA/DSCF0426.JPG,DSCF0426.JPG,3Z/105MEDIA,0,Other_Amphibian,0.2158,2676.4,1772.2,2757.4,1886.8
/srv/shared_leopard_toad/2025/Documents/25.08-01.09.2025/3Z/105MEDIA/DSCF0254.JPG,DSCF0254.JPG,3Z/105MEDIA,0,Other_Amphibian,0.6152,2680.8,1772.1,2758.2,1886.9
/srv/shared_leopard_toad/2025/Documents/25.08-01.09.2025/3Z/105MEDIA/DSCF0157.JPG,DSCF0157.JPG,3Z/105MEDIA,0,Other_Amphibian,0.2683,2677.0,1772.7,2756.8,1886.2
/srv/shared_leopard_toad/2025/Documents/25.08-01.09.2025/3Z/105MEDIA/DSCF0419.JPG,DSCF0419.JPG,3Z/105MEDIA,0,Other_Amphibian,0.3816,2678.9,1771.0,2754.8,1885.0
/srv/shared_leopard_toad/2025/Documents/25.08-01.09.2025/3Z/105MEDIA/DSCF0008.JPG,DSCF0008.JPG,3Z/105MEDIA,0,Other_Amphibian,0.2595,2681.3,1772.2,2757.7,1886.8
/srv/shared_leopard_toad/2025/Documents/25.08-01.09.2025/3Z/105MEDIA/DSCF0303.JPG,DSCF0303.JPG,3Z/105MEDIA,0,Other_Amphibian,0.2959,2681.7,1772.5,2757.3,1886.4
/srv/shared_leopard_toad/2025/Documents/25.08-01.09.2025/3Z/105MEDIA/DSCF0303.JPG,DSCF0303.JPG,3Z/105MEDIA,0,Other_Amphibian,0.2874,2677.1,1772.4,2756.6,1886.5
/srv/shared_leopard_toad/2025/Documents/25.08-01.09.2025/3Z/105MEDIA/DSCF0220.JPG,DSCF0220.JPG,3Z/105MEDIA,0,Other_Amphibian,0.3423,2677.7,1772.4,2756.0,1886.5
/srv/shared_leopard_toad/2025/Documents/25.08-01.09.2025/3Z/105MEDIA/DSCF0515.JPG,DSCF0515.JPG,3Z/105MEDIA,0,Other_Amphibian,0.3513,2674.5,1771.3,2754.0,1884.6
/srv/shared_leopard_toad/2025/Documents/25.08-01.09.2025/3Z/105MEDIA/DSCF0006.JPG,DSCF0006.JPG,3Z/105MEDIA,0,Other_Amphibian,0.2798,2678.3,1771.0,2755.4,1885.0
/srv/shared_leopard_toad/2025/Documents/25.08-01.09.2025/3Z/105MEDIA/DSCF0451.JPG,DSCF0451.JPG,3Z/105MEDIA,0,Other_Amphibian,0.2277,2679.2,1773.1,2754.5,1885.8
/srv/shared_leopard_toad/2025/Documents/25.08-01.09.2025/3Z/105MEDIA/DSCF0290.JPG,DSCF0290.JPG,3Z/105MEDIA,0,Other_Amphibian,0.3574,2678.3,1772.9,2755.4,1886.0
/srv/shared_leopard_toad/2025/Documents/25.08-01.09.2025/3Z/105MEDIA/DSCF0165.JPG,DSCF0165.JPG,3Z/105MEDIA,0,Other_Amphibian,0.3345,2677.7,1772.5,2756.0,1886.4
/srv/shared_leopard_toad/2025/Documents/25.08-01.09.2025/3Z/105MEDIA/DSCF0258.JPG,DSCF0258.JPG,3Z/105MEDIA,0,Other_Amphibian,0.6455,2677.9,1772.0,2755.9,1884.0
/srv/shared_leopard_toad/2025/Documents/25.08-01.09.2025/3Z/105MEDIA/DSCF0174.JPG,DSCF0174.JPG,3Z/105MEDIA,0,Other_Amphibian,0.2233,2677.6,1772.0,2756.2,1887.0
/srv/shared_leopard_toad/2025/Documents/25.08-01.09.2025/3Z/105MEDIA/DSCF0248.JPG,DSCF0248.JPG,3Z/105MEDIA,0,Other_Amphibian,0.4067,2678.3,1771.7,2755.4,1887.2
/srv/shared_leopard_toad/2025/Documents/25.08-01.09.2025/3Z/105MEDIA/DSCF0248.JPG,DSCF0248.JPG,3Z/105MEDIA,0,Other_Amphibian,0.2410,2676.2,1770.5,2757.5,1885.5
/srv/shared_leopard_toad/2025/Documents/25.08-01.09.2025/3Z/105MEDIA/DSCF0412.JPG,DSCF0412.JPG,3Z/105MEDIA,0,Other_Amphibian,0.2444,2677.7,1771.8,2756.0,1887.1
/srv/shared_leopard_toad/2025/Documents/25.08-01.09.2025/3Z/105MEDIA/DSCF0152.JPG,DSCF0152.JPG,3Z/105MEDIA,0,Other_Amphibian,0.3406,2677.9,1772.7,2755.9,1886.2
/srv/shared_leopard_toad/2025/Documents/25.08-01.09.2025/3Z/105MEDIA/DSCF0405.JPG,DSCF0405.JPG,3Z/105MEDIA,0,Other_Amphibian,0.2010,2679.7,1773.1,2754.1,1885.8
/srv/shared_leopard_toad/2025/Documents/25.08-01.09.2025/3Z/105MEDIA/DSCF0189.JPG,DSCF0189.JPG,3Z/105MEDIA,0,Other_Amphibian,0.2189,2678.5,1772.4,2755.3,1886.5
/srv/shared_leopard_toad/2025/Documents/25.08-01.09.2025/3Z/105MEDIA/DSCF0040.JPG,DSCF0040.JPG,3Z/105MEDIA,0,Other_Amphibian,0.2452,2678.0,1771.0,2755.7,1885.0
/srv/shared_leopard_toad/2025/Documents/25.08-01.09.2025/3Z/105MEDIA/DSCF0315.JPG,DSCF0315.JPG,3Z/105MEDIA,0,Other_Amphibian,0.3826,2679.7,1771.5,2754.1,1884.5
/srv/shared_leopard_toad/2025/Documents/25.08-01.09.2025/3Z/105MEDIA/DSCF0288.JPG,DSCF0288.JPG,3Z/105MEDIA,0,Other_Amphibian,0.3306,2677.9,1772.1,2755.9,1886.9
/srv/shared_leopard_toad/2025/Documents/25.08-01.09.2025/3Z/105MEDIA/DSCF0264.JPG,DSCF0264.JPG,3Z/105MEDIA,0,Other_Amphibian,0.3059,2680.4,1772.0,2758.6,1887.0
/srv/shared_leopard_toad/2025/Documents/25.08-01.09.2025/3Z/105MEDIA/DSCF0264.JPG,DSCF0264.JPG,3Z/105MEDIA,0,Other_Amphibian,0.2125,2676.2,1771.8,2757.5,1887.1
/srv/shared_leopard_toad/2025/Documents/25.08-01.09.2025/3Z/105MEDIA/DSCF0284.JPG,DSCF0284.JPG,3Z/105MEDIA,0,Other_Amphibian,0.2981,2678.0,1772.1,2755.7,1886.9
/srv/shared_leopard_toad/2025/Documents/25.08-01.09.2025/3Z/105MEDIA/DSCF0096.JPG,DSCF0096.JPG,3Z/105MEDIA,0,Other_Amphibian,0.2986,2677.6,1772.3,2756.2,1886.6
/srv/shared_leopard_toad/2025/Documents/25.08-01.09.2025/3Z/105MEDIA/DSCF0295.JPG,DSCF0295.JPG,3Z/105MEDIA,0,Other_Amphibian,0.3110,2678.3,1771.5,2755.4,1884.5
/srv/shared_leopard_toad/2025/Documents/25.08-01.09.2025/3Z/105MEDIA/DSCF0384.JPG,DSCF0384.JPG,3Z/105MEDIA,0,Other_Amphibian,0.2085,2681.0,1771.6,2758.0,1887.3
/srv/shared_leopard_toad/2025/Documents/25.08-01.09.2025/3Z/105MEDIA/DSCF0149.JPG,DSCF0149.JPG,3Z/105MEDIA,0,Other_Amphibian,0.2135,2680.4,1772.6,2758.6,1886.3
/srv/shared_leopard_toad/2025/Documents/25.08-01.09.2025/3Z/105MEDIA/DSCF0502.JPG,DSCF0502.JPG,3Z/105MEDIA,0,Other_Amphibian,0.3628,2677.1,1771.0,2756.6,1885.0
/srv/shared_leopard_toad/2025/Documents/25.08-01.09.2025/3Z/105MEDIA/DSCF0231.JPG,DSCF0231.JPG,3Z/105MEDIA,0,Other_Amphibian,0.3521,2676.4,1772.4,2757.4,1886.5
/srv/shared_leopard_toad/2025/Documents/25.08-01.09.2025/3Z/105MEDIA/DSCF0231.JPG,DSCF0231.JPG,3Z/105MEDIA,0,Other_Amphibian,0.3130,2677.9,1772.3,2755.9,1886.6
/srv/shared_leopard_toad/2025/Documents/25.08-01.09.2025/3Z/105MEDIA/DSCF0320.JPG,DSCF0320.JPG,3Z/105MEDIA,0,Other_Amphibian,0.2534,2679.4,1772.0,2754.4,1884.0
/srv/shared_leopard_toad/2025/Documents/25.08-01.09.2025/3Z/105MEDIA/DSCF0479.JPG,DSCF0479.JPG,3Z/105MEDIA,0,Other_Amphibian,0.2426,2681.8,1771.8,2757.2,1887.1
/srv/shared_leopard_toad/2025/Documents/25.08-01.09.2025/3Z/105MEDIA/DSCF0247.JPG,DSCF0247.JPG,3Z/105MEDIA,0,Other_Amphibian,0.2859,2680.4,1772.1,2758.6,1886.9
/srv/shared_leopard_toad/2025/Documents/25.08-01.09.2025/3Z/105MEDIA/DSCF0307.JPG,DSCF0307.JPG,3Z/105MEDIA,0,Other_Amphibian,0.5088,2678.6,1772.2,2755.1,1886.8
/srv/shared_leopard_toad/2025/Documents/25.08-01.09.2025/3Z/105MEDIA/DSCF0268.JPG,DSCF0268.JPG,3Z/105MEDIA,0,Other_Amphibian,0.4739,2677.6,1770.9,2756.2,1885.1
/srv/shared_leopard_toad/2025/Documents/25.08-01.09.2025/3Z/105MEDIA/DSCF0106.JPG,DSCF0106.JPG,3Z/105MEDIA,0,Other_Amphibian,0.2498,2678.5,1773.2,2755.3,1888.7
/srv/shared_leopard_toad/2025/Documents/25.08-01.09.2025/3Z/105MEDIA/DSCF0106.JPG,DSCF0106.JPG,3Z/105MEDIA,0,Other_Amphibian,0.2289,2676.8,1772.0,2756.9,1887.0
/srv/shared_leopard_toad/2025/Documents/25.08-01.09.2025/3Z/105MEDIA/DSCF0378.JPG,DSCF0378.JPG,3Z/105MEDIA,0,Other_Amphibian,0.3018,2678.2,1772.1,2755.6,1886.9
/srv/shared_leopard_toad/2025/Documents/25.08-01.09.2025/3Z/105MEDIA/DSCF0148.JPG,DSCF0148.JPG,3Z/105MEDIA,0,Other_Amphibian,0.2534,2675.7,1773.5,2758.0,1888.3
/srv/shared_leopard_toad/2025/Documents/25.08-01.09.2025/3Z/105MEDIA/DSCF0097.JPG,DSCF0097.JPG,3Z/105MEDIA,0,Other_Amphibian,0.5479,2678.2,1770.9,2755.6,1885.1
/srv/shared_leopard_toad/2025/Documents/25.08-01.09.2025/3Z/105MEDIA/DSCF0252.JPG,DSCF0252.JPG,3Z/105MEDIA,0,Other_Amphibian,0.2338,2682.4,1771.0,2756.6,1885.0
/srv/shared_leopard_toad/2025/Documents/25.08-01.09.2025/3Z/105MEDIA/DSCF0396.JPG,DSCF0396.JPG,3Z/105MEDIA,0,Other_Amphibian,0.2430,2679.2,1772.7,2754.5,1886.2
/srv/shared_leopard_toad/2025/Documents/25.08-01.09.2025/3Z/105MEDIA/DSCF0396.JPG,DSCF0396.JPG,3Z/105MEDIA,0,Other_Amphibian,0.2299,2677.9,1774.3,2755.9,1887.6
/srv/shared_leopard_toad/2025/Documents/25.08-01.09.2025/3Z/105MEDIA/DSCF0448.JPG,DSCF0448.JPG,3Z/105MEDIA,0,Other_Amphibian,0.2795,2674.1,1771.2,2754.4,1884.7
/srv/shared_leopard_toad/2025/Documents/25.08-01.09.2025/3Z/105MEDIA/DSCF0287.JPG,DSCF0287.JPG,3Z/105MEDIA,0,Other_Amphibian,0.2732,2680.7,1772.8,2758.3,1886.1
/srv/shared_leopard_toad/2025/Documents/25.08-01.09.2025/3Z/105MEDIA/DSCF0386.JPG,DSCF0386.JPG,3Z/105MEDIA,0,Other_Amphibian,0.2749,2677.9,1772.7,2755.9,1886.2
/srv/shared_leopard_toad/2025/Documents/25.08-01.09.2025/3Z/105MEDIA/DSCF0134.JPG,DSCF0134.JPG,3Z/105MEDIA,0,Other_Amphibian,0.2079,2677.6,1771.2,2756.2,1887.7
/srv/shared_leopard_toad/2025/Documents/25.08-01.09.2025/3Z/105MEDIA/DSCF0399.JPG,DSCF0399.JPG,3Z/105MEDIA,0,Other_Amphibian,0.3472,2678.0,1772.5,2755.7,1886.4
/srv/shared_leopard_toad/2025/Documents/25.08-01.09.2025/3Z/105MEDIA/DSCF0474.JPG,DSCF0474.JPG,3Z/105MEDIA,0,Other_Amphibian,0.3865,2675.6,1771.2,2752.9,1884.7
/srv/shared_leopard_toad/2025/Documents/25.08-01.09.2025/3Z/105MEDIA/DSCF0523.JPG,DSCF0523.JPG,3Z/105MEDIA,0,Other_Amphibian,0.2205,2678.2,1772.7,2755.6,1886.2
/srv/shared_leopard_toad/2025/Documents/25.08-01.09.2025/3Z/105MEDIA/DSCF0262.JPG,DSCF0262.JPG,3Z/105MEDIA,0,Other_Amphibian,0.2133,2678.3,1770.9,2755.4,1885.1
/srv/shared_leopard_toad/2025/Documents/25.08-01.09.2025/3Z/105MEDIA/DSCF0127.JPG,DSCF0127.JPG,3Z/105MEDIA,0,Other_Amphibian,0.2927,2679.2,1772.2,2754.5,1886.8
/srv/shared_leopard_toad/2025/Documents/25.08-01.09.2025/3Z/105MEDIA/DSCF0095.JPG,DSCF0095.JPG,3Z/105MEDIA,0,Other_Amphibian,0.2983,2681.0,1772.5,2758.0,1886.4
/srv/shared_leopard_toad/2025/Documents/25.08-01.09.2025/3Z/105MEDIA/DSCF0363.JPG,DSCF0363.JPG,3Z/105MEDIA,0,Other_Amphibian,0.4290,2675.3,1771.1,2753.2,1884.8
/srv/shared_leopard_toad/2025/Documents/25.08-01.09.2025/3Z/105MEDIA/DSCF0363.JPG,DSCF0363.JPG,3Z/105MEDIA,0,Other_Amphibian,0.2791,2673.7,1771.1,2754.8,1884.8
/srv/shared_leopard_toad/2025/Documents/25.08-01.09.2025/3Z/105MEDIA/DSCF0186.JPG,DSCF0186.JPG,3Z/105MEDIA,0,Other_Amphibian,0.2991,2682.0,1772.9,2757.0,1886.0
/srv/shared_leopard_toad/2025/Documents/25.08-01.09.2025/3Z/105MEDIA/DSCF0478.JPG,DSCF0478.JPG,3Z/105MEDIA,0,Other_Amphibian,0.2847,2675.3,1771.2,2753.2,1884.7
/srv/shared_leopard_toad/2025/Documents/25.08-01.09.2025/3Z/105MEDIA/DSCF0280.JPG,DSCF0280.JPG,3Z/105MEDIA,0,Other_Amphibian,0.4211,2678.9,1772.7,2754.8,1886.2
/srv/shared_leopard_toad/2025/Documents/25.08-01.09.2025/3Z/105MEDIA/DSCF0208.JPG,DSCF0208.JPG,3Z/105MEDIA,0,Other_Amphibian,0.2358,2677.7,1772.7,2756.0,1889.2
/srv/shared_leopard_toad/2025/Documents/25.08-01.09.2025/3Z/105MEDIA/DSCF0065.JPG,DSCF0065.JPG,3Z/105MEDIA,0,Other_Amphibian,0.2537,2678.9,1771.8,2754.8,1887.1
/srv/shared_leopard_toad/2025/Documents/25.08-01.09.2025/3Z/105MEDIA/DSCF0414.JPG,DSCF0414.JPG,3Z/105MEDIA,0,Other_Amphibian,0.2198,2676.4,1772.6,2757.4,1886.3
/srv/shared_leopard_toad/2025/Documents/25.08-01.09.2025/3Z/105MEDIA/DSCF0074.JPG,DSCF0074.JPG,3Z/105MEDIA,0,Other_Amphibian,0.2006,2678.3,1771.5,2755.4,1887.4
/srv/shared_leopard_toad/2025/Documents/25.08-01.09.2025/3Z/105MEDIA/DSCF0110.JPG,DSCF0110.JPG,3Z/105MEDIA,0,Other_Amphibian,0.4080,2678.6,1772.9,2755.1,1886.0
/srv/shared_leopard_toad/2025/Documents/25.08-01.09.2025/3Z/105MEDIA/DSCF0110.JPG,DSCF0110.JPG,3Z/105MEDIA,0,Other_Amphibian,0.2104,2676.0,1773.0,2757.7,1885.9
/srv/shared_leopard_toad/2025/Documents/25.08-01.09.2025/3Z/105MEDIA/DSCF0421.JPG,DSCF0421.JPG,3Z/105MEDIA,0,Other_Amphibian,0.2681,2678.3,1772.6,2755.4,1886.3
/srv/shared_leopard_toad/2025/Documents/25.08-01.09.2025/3Z/105MEDIA/DSCF0421.JPG,DSCF0421.JPG,3Z/105MEDIA,0,Other_Amphibian,0.2578,2676.7,1773.6,2757.1,1888.2
/srv/shared_leopard_toad/2025/Documents/25.08-01.09.2025/3Z/105MEDIA/DSCF0511.JPG,DSCF0511.JPG,3Z/105MEDIA,0,Other_Amphibian,0.3755,2679.9,1773.4,2753.8,1885.5
/srv/shared_leopard_toad/2025/Documents/25.08-01.09.2025/3Z/105MEDIA/DSCF0030.JPG,DSCF0030.JPG,3Z/105MEDIA,0,Other_Amphibian,0.3289,2676.2,1772.2,2757.5,1886.8
/srv/shared_leopard_toad/2025/Documents/25.08-01.09.2025/3Z/105MEDIA/DSCF0113.JPG,DSCF0113.JPG,3Z/105MEDIA,0,Other_Amphibian,0.2001,2673.3,1771.5,2755.2,1887.4
/srv/shared_leopard_toad/2025/Documents/25.08-01.09.2025/3Z/105MEDIA/DSCF0391.JPG,DSCF0391.JPG,3Z/105MEDIA,0,Other_Amphibian,0.2690,2677.9,1772.8,2755.9,1886.1
/srv/shared_leopard_toad/2025/Documents/25.08-01.09.2025/3Z/105MEDIA/DSCF0516.JPG,DSCF0516.JPG,3Z/105MEDIA,0,Other_Amphibian,0.2130,2677.4,1772.0,2756.3,1887.0
/srv/shared_leopard_toad/2025/Documents/25.08-01.09.2025/3Z/105MEDIA/DSCF0191.JPG,DSCF0191.JPG,3Z/105MEDIA,0,Other_Amphibian,0.4087,2677.9,1771.6,2755.9,1884.4
/srv/shared_leopard_toad/2025/Documents/25.08-01.09.2025/3Z/105MEDIA/DSCF0191.JPG,DSCF0191.JPG,3Z/105MEDIA,0,Other_Amphibian,0.2213,2675.9,1771.6,2757.9,1884.4
/srv/shared_leopard_toad/2025/Documents/25.08-01.09.2025/3Z/105MEDIA/DSCF0500.JPG,DSCF0500.JPG,3Z/105MEDIA,0,Other_Amphibian,0.2109,2678.3,1771.1,2755.4,1884.8
/srv/shared_leopard_toad/2025/Documents/25.08-01.09.2025/3Z/105MEDIA/DSCF0058.JPG,DSCF0058.JPG,3Z/105MEDIA,0,Other_Amphibian,0.2708,2681.6,1772.1,2757.4,1886.9
/srv/shared_leopard_toad/2025/Documents/25.08-01.09.2025/3Z/105MEDIA/DSCF0058.JPG,DSCF0058.JPG,3Z/105MEDIA,0,Other_Amphibian,0.2437,2680.4,1772.1,2758.6,1886.9
/srv/shared_leopard_toad/2025/Documents/25.08-01.09.2025/3Z/105MEDIA/DSCF0238.JPG,DSCF0238.JPG,3Z/105MEDIA,0,Other_Amphibian,0.3574,2678.2,1770.9,2755.6,1885.1
/srv/shared_leopard_toad/2025/Documents/25.08-01.09.2025/3Z/105MEDIA/DSCF0086.JPG,DSCF0086.JPG,3Z/105MEDIA,0,Other_Amphibian,0.2140,2679.4,1773.5,2754.4,1888.3
/srv/shared_leopard_toad/2025/Documents/25.08-01.09.2025/3Z/105MEDIA/DSCF0192.JPG,DSCF0192.JPG,3Z/105MEDIA,0,Other_Amphibian,0.3462,2675.6,1772.2,2758.2,1886.8
/srv/shared_leopard_toad/2025/Documents/25.08-01.09.2025/3Z/105MEDIA/DSCF0114.JPG,DSCF0114.JPG,3Z/105MEDIA,0,Other_Amphibian,0.2808,2681.8,1772.1,2757.2,1886.9
/srv/shared_leopard_toad/2025/Documents/25.08-01.09.2025/3Z/105MEDIA/DSCF0299.JPG,DSCF0299.JPG,3Z/105MEDIA,0,Other_Amphibian,0.4080,2678.3,1772.9,2755.4,1886.0
/srv/shared_leopard_toad/2025/Documents/25.08-01.09.2025/3Z/105MEDIA/DSCF0293.JPG,DSCF0293.JPG,3Z/105MEDIA,0,Other_Amphibian,0.4792,2678.8,1772.2,2755.0,1886.8
/srv/shared_leopard_toad/2025/Documents/25.08-01.09.2025/3Z/105MEDIA/DSCF0020.JPG,DSCF0020.JPG,3Z/105MEDIA,0,Other_Amphibian,0.2045,2678.2,1772.3,2755.6,1886.6
/srv/shared_leopard_toad/2025/Documents/25.08-01.09.2025/3Z/105MEDIA/DSCF0338.JPG,DSCF0338.JPG,3Z/105MEDIA,0,Other_Amphibian,0.5000,2677.9,1771.6,2755.9,1884.3
/srv/shared_leopard_toad/2025/Documents/25.08-01.09.2025/3Z/105MEDIA/DSCF0360.JPG,DSCF0360.JPG,3Z/105MEDIA,0,Other_Amphibian,0.2896,2675.7,1774.3,2758.0,1887.6
/srv/shared_leopard_toad/2025/Documents/25.08-01.09.2025/3Z/105MEDIA/DSCF0360.JPG,DSCF0360.JPG,3Z/105MEDIA,0,Other_Amphibian,0.2205,2675.0,1772.3,2753.5,1886.6
/srv/shared_leopard_toad/2025/Documents/25.08-01.09.2025/3Z/105MEDIA/DSCF0206.JPG,DSCF0206.JPG,3Z/105MEDIA,0,Other_Amphibian,0.4087,2674.2,1771.8,2754.3,1887.1
/srv/shared_leopard_toad/2025/Documents/25.08-01.09.2025/3Z/105MEDIA/DSCF0206.JPG,DSCF0206.JPG,3Z/105MEDIA,0,Other_Amphibian,0.2588,2672.1,1770.7,2756.4,1885.3
/srv/shared_leopard_toad/2025/Documents/25.08-01.09.2025/3Z/105MEDIA/DSCF0088.JPG,DSCF0088.JPG,3Z/105MEDIA,0,Other_Amphibian,0.2568,2678.9,1772.8,2754.8,1886.1
/srv/shared_leopard_toad/2025/Documents/25.08-01.09.2025/3Z/105MEDIA/DSCF0278.JPG,DSCF0278.JPG,3Z/105MEDIA,0,Other_Amphibian,0.2510,2677.7,1772.0,2756.0,1887.0
/srv/shared_leopard_toad/2025/Documents/25.08-01.09.2025/3Z/105MEDIA/DSCF0216.JPG,DSCF0216.JPG,3Z/105MEDIA,0,Other_Amphibian,0.3513,2678.6,1773.1,2755.1,1885.8
/srv/shared_leopard_toad/2025/Documents/25.08-01.09.2025/3Z/105MEDIA/DSCF0327.JPG,DSCF0327.JPG,3Z/105MEDIA,0,Other_Amphibian,0.4011,2677.9,1772.9,2755.9,1886.0
/srv/shared_leopard_toad/2025/Documents/25.08-01.09.2025/3Z/105MEDIA/DSCF0087.JPG,DSCF0087.JPG,3Z/105MEDIA,0,Other_Amphibian,0.3511,2678.0,1772.7,2755.7,1886.2
/srv/shared_leopard_toad/2025/Documents/25.08-01.09.2025/3Z/105MEDIA/DSCF0314.JPG,DSCF0314.JPG,3Z/105MEDIA,0,Other_Amphibian,0.2417,2681.7,1772.0,2757.3,1887.0
/srv/shared_leopard_toad/2025/Documents/25.08-01.09.2025/3Z/105MEDIA/DSCF0222.JPG,DSCF0222.JPG,3Z/105MEDIA,0,Other_Amphibian,0.4866,2679.1,1772.5,2754.7,1886.4
/srv/shared_leopard_toad/2025/Documents/25.08-01.09.2025/3Z/105MEDIA/DSCF0068.JPG,DSCF0068.JPG,3Z/105MEDIA,0,Other_Amphibian,0.2179,2679.9,1772.3,2759.1,1886.6
/srv/shared_leopard_toad/2025/Documents/25.08-01.09.2025/3Z/105MEDIA/DSCF0381.JPG,DSCF0381.JPG,3Z/105MEDIA,0,Other_Amphibian,0.2524,2678.3,1772.2,2755.4,1886.8
/srv/shared_leopard_toad/2025/Documents/25.08-01.09.2025/3Z/105MEDIA/DSCF0365.JPG,DSCF0365.JPG,3Z/105MEDIA,0,Other_Amphibian,0.5239,2678.6,1771.1,2755.1,1884.8
/srv/shared_leopard_toad/2025/Documents/25.08-01.09.2025/3Z/105MEDIA/DSCF0133.JPG,DSCF0133.JPG,3Z/105MEDIA,0,Other_Amphibian,0.3069,2681.8,1771.7,2757.2,1887.2
/srv/shared_leopard_toad/2025/Documents/25.08-01.09.2025/3Z/105MEDIA/DSCF0181.JPG,DSCF0181.JPG,3Z/105MEDIA,0,Other_Amphibian,0.2993,2682.0,1771.5,2757.0,1884.5
/srv/shared_leopard_toad/2025/Documents/25.08-01.09.2025/3Z/105MEDIA/DSCF0302.JPG,DSCF0302.JPG,3Z/105MEDIA,0,Other_Amphibian,0.3120,2678.6,1771.3,2755.1,1884.6
/srv/shared_leopard_toad/2025/Documents/25.08-01.09.2025/3Z/105MEDIA/DSCF0232.JPG,DSCF0232.JPG,3Z/105MEDIA,0,Other_Amphibian,0.3013,2678.8,1773.0,2755.0,1885.9
/srv/shared_leopard_toad/2025/Documents/25.08-01.09.2025/3Z/105MEDIA/DSCF0267.JPG,DSCF0267.JPG,3Z/105MEDIA,0,Other_Amphibian,0.3655,2677.9,1771.2,2755.9,1887.7
/srv/shared_leopard_toad/2025/Documents/25.08-01.09.2025/3Z/105MEDIA/DSCF0319.JPG,DSCF0319.JPG,3Z/105MEDIA,0,Other_Amphibian,0.2424,2680.2,1772.6,2753.5,1886.3
/srv/shared_leopard_toad/2025/Documents/25.08-01.09.2025/3Z/105MEDIA/DSCF0510.JPG,DSCF0510.JPG,3Z/105MEDIA,0,Other_Amphibian,0.2261,2677.7,1772.1,2756.0,1886.9
/srv/shared_leopard_toad/2025/Documents/25.08-01.09.2025/3Z/105MEDIA/DSCF0323.JPG,DSCF0323.JPG,3Z/105MEDIA,0,Other_Amphibian,0.2803,2681.3,1773.8,2757.7,1888.1
/srv/shared_leopard_toad/2025/Documents/25.08-01.09.2025/3Z/105MEDIA/DSCF0108.JPG,DSCF0108.JPG,3Z/105MEDIA,0,Other_Amphibian,0.2637,2677.6,1772.1,2756.2,1886.9
/srv/shared_leopard_toad/2025/Documents/25.08-01.09.2025/3Z/105MEDIA/DSCF0277.JPG,DSCF0277.JPG,3Z/105MEDIA,0,Other_Amphibian,0.3501,2679.2,1771.5,2754.5,1887.4
/srv/shared_leopard_toad/2025/Documents/25.08-01.09.2025/3Z/105MEDIA/DSCF0277.JPG,DSCF0277.JPG,3Z/105MEDIA,0,Other_Amphibian,0.2207,2677.0,1771.6,2756.8,1887.3
/srv/shared_leopard_toad/2025/Documents/25.08-01.09.2025/3Z/105MEDIA/DSCF0079.JPG,DSCF0079.JPG,3Z/105MEDIA,1,Small_Mammal,0.2732,4628.2,-26.6,5394.0,2863.1
/srv/shared_leopard_toad/2025/Documents/25.08-01.09.2025/3Z/105MEDIA/DSCF0079.JPG,DSCF0079.JPG,3Z/105MEDIA,1,Small_Mammal,0.2339,4660.4,6.6,5382.9,2807.7
/srv/shared_leopard_toad/2025/Documents/25.08-01.09.2025/3Z/105MEDIA/DSCF0119.JPG,DSCF0119.JPG,3Z/105MEDIA,0,Other_Amphibian,0.2059,2681.4,1772.4,2757.6,1886.5
/srv/shared_leopard_toad/2025/Documents/25.08-01.09.2025/3Z/105MEDIA/DSCF0408.JPG,DSCF0408.JPG,3Z/105MEDIA,0,Other_Amphibian,0.4124,2678.8,1773.1,2755.0,1885.8
/srv/shared_leopard_toad/2025/Documents/25.08-01.09.2025/3Z/105MEDIA/DSCF0098.JPG,DSCF0098.JPG,3Z/105MEDIA,0,Other_Amphibian,0.3296,2678.3,1773.4,2755.4,1885.6
/srv/shared_leopard_toad/2025/Documents/25.08-01.09.2025/3Z/105MEDIA/DSCF0425.JPG,DSCF0425.JPG,3Z/105MEDIA,0,Other_Amphibian,0.2500,2678.8,1772.5,2755.0,1886.4
/srv/shared_leopard_toad/2025/Documents/25.08-01.09.2025/3Z/105MEDIA/DSCF0425.JPG,DSCF0425.JPG,3Z/105MEDIA,0,Other_Amphibian,0.2148,2677.1,1770.9,2756.6,1885.1
/srv/shared_leopard_toad/2025/Documents/25.08-01.09.2025/3Z/105MEDIA/DSCF0420.JPG,DSCF0420.JPG,3Z/105MEDIA,0,Other_Amphibian,0.2773,2678.5,1772.1,2755.3,1886.9
/srv/shared_leopard_toad/2025/Documents/25.08-01.09.2025/3Z/105MEDIA/DSCF0398.JPG,DSCF0398.JPG,3Z/105MEDIA,0,Other_Amphibian,0.4521,2678.9,1771.6,2754.8,1884.4
/srv/shared_leopard_toad/2025/Documents/25.08-01.09.2025/3Z/105MEDIA/DSCF0205.JPG,DSCF0205.JPG,3Z/105MEDIA,0,Other_Amphibian,0.2094,2680.7,1772.6,2758.3,1886.3
/srv/shared_leopard_toad/2025/Documents/25.08-01.09.2025/3Z/105MEDIA/DSCF0112.JPG,DSCF0112.JPG,3Z/105MEDIA,0,Other_Amphibian,0.2156,2676.7,1772.7,2757.1,1889.2
/srv/shared_leopard_toad/2025/Documents/25.08-01.09.2025/3Z/105MEDIA/DSCF0111.JPG,DSCF0111.JPG,3Z/105MEDIA,0,Other_Amphibian,0.4634,2678.8,1771.6,2755.0,1887.3
/srv/shared_leopard_toad/2025/Documents/25.08-01.09.2025/3Z/105MEDIA/DSCF0263.JPG,DSCF0263.JPG,3Z/105MEDIA,0,Other_Amphibian,0.3601,2678.8,1772.3,2755.0,1886.6
/srv/shared_leopard_toad/2025/Documents/25.08-01.09.2025/3Z/105MEDIA/DSCF0349.JPG,DSCF0349.JPG,3Z/105MEDIA,0,Other_Amphibian,0.2747,2678.3,1773.0,2755.4,1885.9
/srv/shared_leopard_toad/2025/Documents/25.08-01.09.2025/3Z/105MEDIA/DSCF0229.JPG,DSCF0229.JPG,3Z/105MEDIA,0,Other_Amphibian,0.3606,2679.2,1771.2,2754.5,1884.7
/srv/shared_leopard_toad/2025/Documents/25.08-01.09.2025/3Z/105MEDIA/DSCF0283.JPG,DSCF0283.JPG,3Z/105MEDIA,0,Other_Amphibian,0.2957,2682.1,1773.4,2756.9,1885.6
/srv/shared_leopard_toad/2025/Documents/25.08-01.09.2025/3Z/105MEDIA/DSCF0470.JPG,DSCF0470.JPG,3Z/105MEDIA,0,Other_Amphibian,0.2561,2676.5,1771.7,2757.2,1887.2
/srv/shared_leopard_toad/2025/Documents/25.08-01.09.2025/3Z/105MEDIA/DSCF0406.JPG,DSCF0406.JPG,3Z/105MEDIA,0,Other_Amphibian,0.2090,2677.0,1772.2,2756.8,1886.8
/srv/shared_leopard_toad/2025/Documents/25.08-01.09.2025/3Z/105MEDIA/DSCF0265.JPG,DSCF0265.JPG,3Z/105MEDIA,0,Other_Amphibian,0.3931,2678.9,1772.2,2754.8,1886.8
/srv/shared_leopard_toad/2025/Documents/25.08-01.09.2025/3Z/105MEDIA/DSCF0389.JPG,DSCF0389.JPG,3Z/105MEDIA,0,Other_Amphibian,0.2529,2675.3,1772.1,2753.2,1886.9
/srv/shared_leopard_toad/2025/Documents/25.08-01.09.2025/3Z/105MEDIA/DSCF0198.JPG,DSCF0198.JPG,3Z/105MEDIA,0,Other_Amphibian,0.4307,2678.5,1773.1,2755.3,1885.8
/srv/shared_leopard_toad/2025/Documents/25.08-01.09.2025/3Z/105MEDIA/DSCF0379.JPG,DSCF0379.JPG,3Z/105MEDIA,0,Other_Amphibian,0.2715,2678.9,1773.2,2754.8,1885.7
/srv/shared_leopard_toad/2025/Documents/25.08-01.09.2025/3Z/105MEDIA/DSCF0011.JPG,DSCF0011.JPG,3Z/105MEDIA,0,Other_Amphibian,0.2352,2678.2,1772.4,2755.6,1886.5
/srv/shared_leopard_toad/2025/Documents/25.08-01.09.2025/3Z/105MEDIA/DSCF0183.JPG,DSCF0183.JPG,3Z/105MEDIA,0,Other_Amphibian,0.3320,2677.6,1772.4,2756.2,1886.5
/srv/shared_leopard_toad/2025/Documents/25.08-01.09.2025/3Z/105MEDIA/DSCF0370.JPG,DSCF0370.JPG,3Z/105MEDIA,0,Other_Amphibian,0.2080,2676.3,1773.1,2752.2,1885.8
/srv/shared_leopard_toad/2025/Documents/25.08-01.09.2025/3Z/105MEDIA/DSCF0289.JPG,DSCF0289.JPG,3Z/105MEDIA,0,Other_Amphibian,0.2217,2677.9,1772.6,2755.9,1886.3
/srv/shared_leopard_toad/2025/Documents/25.08-01.09.2025/3Z/105MEDIA/DSCF0440.JPG,DSCF0440.JPG,3Z/105MEDIA,0,Other_Amphibian,0.2690,2677.6,1771.7,2756.2,1884.2
/srv/shared_leopard_toad/2025/Documents/25.08-01.09.2025/3Z/105MEDIA/DSCF0375.JPG,DSCF0375.JPG,3Z/105MEDIA,0,Other_Amphibian,0.4224,2677.9,1772.9,2755.9,1886.0
/srv/shared_leopard_toad/2025/Documents/25.08-01.09.2025/3Z/105MEDIA/DSCF0104.JPG,DSCF0104.JPG,3Z/105MEDIA,0,Other_Amphibian,0.2502,2677.0,1769.4,2756.8,1883.6
/srv/shared_leopard_toad/2025/Documents/25.08-01.09.2025/3Z/105MEDIA/DSCF0316.JPG,DSCF0316.JPG,3Z/105MEDIA,0,Other_Amphibian,0.2681,2676.8,1773.8,2756.9,1888.1
/srv/shared_leopard_toad/2025/Documents/25.08-01.09.2025/3Z/105MEDIA/DSCF0316.JPG,DSCF0316.JPG,3Z/105MEDIA,0,Other_Amphibian,0.2278,2678.2,1772.5,2755.6,1886.4
/srv/shared_leopard_toad/2025/Documents/25.08-01.09.2025/3Z/105MEDIA/DSCF0275.JPG,DSCF0275.JPG,3Z/105MEDIA,0,Other_Amphibian,0.2944,2678.6,1771.5,2755.1,1887.4
/srv/shared_leopard_toad/2025/Documents/25.08-01.09.2025/3Z/105MEDIA/DSCF0245.JPG,DSCF0245.JPG,3Z/105MEDIA,0,Other_Amphibian,0.2864,2677.1,1772.0,2756.6,1887.0
/srv/shared_leopard_toad/2025/Documents/25.08-01.09.2025/3Z/105MEDIA/DSCF0245.JPG,DSCF0245.JPG,3Z/105MEDIA,0,Other_Amphibian,0.2664,2675.7,1770.7,2758.0,1885.3
/srv/shared_leopard_toad/2025/Documents/25.08-01.09.2025/3Z/105MEDIA/DSCF0492.JPG,DSCF0492.JPG,3Z/105MEDIA,0,Other_Amphibian,0.2213,2677.1,1772.3,2756.6,1886.6
/srv/shared_leopard_toad/2025/Documents/25.08-01.09.2025/3Z/105MEDIA/DSCF0521.JPG,DSCF0521.JPG,3Z/105MEDIA,0,Other_Amphibian,0.3521,2678.0,1771.2,2755.7,1884.7
/srv/shared_leopard_toad/2025/Documents/25.08-01.09.2025/3Z/105MEDIA/DSCF0521.JPG,DSCF0521.JPG,3Z/105MEDIA,0,Other_Amphibian,0.2437,2673.9,1771.5,2754.6,1884.5
/srv/shared_leopard_toad/2025/Documents/25.08-01.09.2025/3Z/105MEDIA/DSCF0457.JPG,DSCF0457.JPG,3Z/105MEDIA,0,Other_Amphibian,0.2651,2676.1,1773.1,2752.4,1885.8
/srv/shared_leopard_toad/2025/Documents/25.08-01.09.2025/3Z/105MEDIA/DSCF0126.JPG,DSCF0126.JPG,3Z/105MEDIA,0,Other_Amphibian,0.3044,2678.5,1772.9,2755.3,1886.0
/srv/shared_leopard_toad/2025/Documents/25.08-01.09.2025/3Z/105MEDIA/DSCF0456.JPG,DSCF0456.JPG,3Z/105MEDIA,0,Other_Amphibian,0.2428,2677.7,1772.1,2756.0,1886.9
/srv/shared_leopard_toad/2025/Documents/25.08-01.09.2025/3Z/105MEDIA/DSCF0093.JPG,DSCF0093.JPG,3Z/105MEDIA,0,Other_Amphibian,0.2893,2676.7,1772.1,2757.1,1886.9
/srv/shared_leopard_toad/2025/Documents/25.08-01.09.2025/3Z/105MEDIA/DSCF0355.JPG,DSCF0355.JPG,3Z/105MEDIA,0,Other_Amphibian,0.2180,2677.7,1771.6,2756.0,1887.3
/srv/shared_leopard_toad/2025/Documents/25.08-01.09.2025/3Z/105MEDIA/DSCF0083.JPG,DSCF0083.JPG,3Z/105MEDIA,0,Other_Amphibian,0.2664,2679.1,1772.5,2754.7,1886.4
/srv/shared_leopard_toad/2025/Documents/25.08-01.09.2025/3Z/105MEDIA/DSCF0285.JPG,DSCF0285.JPG,3Z/105MEDIA,0,Other_Amphibian,0.2603,2677.7,1772.3,2756.0,1886.6
/srv/shared_leopard_toad/2025/Documents/25.08-01.09.2025/3Z/105MEDIA/DSCF0281.JPG,DSCF0281.JPG,3Z/105MEDIA,0,Other_Amphibian,0.2725,2678.0,1771.8,2755.7,1887.1
/srv/shared_leopard_toad/2025/Documents/25.08-01.09.2025/3Z/105MEDIA/DSCF0364.JPG,DSCF0364.JPG,3Z/105MEDIA,0,Other_Amphibian,0.3560,2678.8,1772.2,2755.0,1886.8
/srv/shared_leopard_toad/2025/Documents/25.08-01.09.2025/3Z/105MEDIA/DSCF0477.JPG,DSCF0477.JPG,3Z/105MEDIA,0,Other_Amphibian,0.2727,2680.8,1771.9,2758.2,1884.1
/srv/shared_leopard_toad/2025/Documents/25.08-01.09.2025/3Z/105MEDIA/DSCF0166.JPG,DSCF0166.JPG,3Z/105MEDIA,0,Other_Amphibian,0.2233,2676.5,1773.4,2757.2,1885.6
/srv/shared_leopard_toad/2025/Documents/25.08-01.09.2025/3Z/105MEDIA/DSCF0441.JPG,DSCF0441.JPG,3Z/105MEDIA,0,Other_Amphibian,0.3491,2678.6,1773.2,2755.1,1885.7
/srv/shared_leopard_toad/2025/Documents/25.08-01.09.2025/3Z/105MEDIA/DSCF0475.JPG,DSCF0475.JPG,3Z/105MEDIA,0,Other_Amphibian,0.2434,2678.0,1772.6,2755.7,1886.3
/srv/shared_leopard_toad/2025/Documents/25.08-01.09.2025/3Z/105MEDIA/DSCF0219.JPG,DSCF0219.JPG,3Z/105MEDIA,0,Other_Amphibian,0.2598,2676.4,1772.3,2757.4,1886.6
/srv/shared_leopard_toad/2025/Documents/25.08-01.09.2025/3Z/105MEDIA/DSCF0480.JPG,DSCF0480.JPG,3Z/105MEDIA,0,Other_Amphibian,0.3159,2675.7,1772.4,2752.8,1886.5
/srv/shared_leopard_toad/2025/Documents/25.08-01.09.2025/3Z/105MEDIA/DSCF0428.JPG,DSCF0428.JPG,3Z/105MEDIA,0,Other_Amphibian,0.3923,2679.2,1772.5,2754.5,1886.4
/srv/shared_leopard_toad/2025/Documents/25.08-01.09.2025/3Z/105MEDIA/DSCF0296.JPG,DSCF0296.JPG,3Z/105MEDIA,0,Other_Amphibian,0.4229,2677.6,1771.3,2756.2,1884.6
/srv/shared_leopard_toad/2025/Documents/25.08-01.09.2025/3Z/105MEDIA/DSCF0296.JPG,DSCF0296.JPG,3Z/105MEDIA,0,Other_Amphibian,0.2382,2675.7,1771.0,2758.0,1885.0
/srv/shared_leopard_toad/2025/Documents/25.08-01.09.2025/3Z/105MEDIA/DSCF0437.JPG,DSCF0437.JPG,3Z/105MEDIA,0,Other_Amphibian,0.2246,2676.8,1772.4,2756.9,1886.5
/srv/shared_leopard_toad/2025/Documents/25.08-01.09.2025/3Z/105MEDIA/DSCF0437.JPG,DSCF0437.JPG,3Z/105MEDIA,0,Other_Amphibian,0.2227,2675.2,1770.9,2758.5,1885.1
/srv/shared_leopard_toad/2025/Documents/25.08-01.09.2025/3Z/105MEDIA/DSCF0080.JPG,DSCF0080.JPG,3Z/105MEDIA,0,Other_Amphibian,0.2964,2681.1,1771.8,2757.9,1887.1
/srv/shared_leopard_toad/2025/Documents/25.08-01.09.2025/3Z/105MEDIA/DSCF0080.JPG,DSCF0080.JPG,3Z/105MEDIA,0,Other_Amphibian,0.2032,2679.9,1771.5,2759.1,1887.4
/srv/shared_leopard_toad/2025/Documents/25.08-01.09.2025/3Z/105MEDIA/DSCF0131.JPG,DSCF0131.JPG,3Z/105MEDIA,0,Other_Amphibian,0.2273,2677.4,1772.3,2756.3,1886.6
/srv/shared_leopard_toad/2025/Documents/25.08-01.09.2025/3Z/105MEDIA/DSCF0473.JPG,DSCF0473.JPG,3Z/105MEDIA,0,Other_Amphibian,0.2512,2678.2,1771.2,2755.6,1884.7
/srv/shared_leopard_toad/2025/Documents/25.08-01.09.2025/3Z/105MEDIA/DSCF0176.JPG,DSCF0176.JPG,3Z/105MEDIA,0,Other_Amphibian,0.2350,2676.5,1772.2,2757.2,1886.8
/srv/shared_leopard_toad/2025/Documents/25.08-01.09.2025/3Z/105MEDIA/DSCF0176.JPG,DSCF0176.JPG,3Z/105MEDIA,0,Other_Amphibian,0.2198,2674.5,1772.2,2759.3,1886.8
/srv/shared_leopard_toad/2025/Documents/25.08-01.09.2025/3Z/105MEDIA/DSCF0498.JPG,DSCF0498.JPG,3Z/105MEDIA,0,Other_Amphibian,0.2898,2676.8,1771.0,2756.9,1885.0
/srv/shared_leopard_toad/2025/Documents/25.08-01.09.2025/3Z/105MEDIA/DSCF0212.JPG,DSCF0212.JPG,3Z/105MEDIA,0,Other_Amphibian,0.4854,2679.4,1771.3,2754.4,1884.6
/srv/shared_leopard_toad/2025/Documents/25.08-01.09.2025/3Z/105MEDIA/DSCF0413.JPG,DSCF0413.JPG,3Z/105MEDIA,0,Other_Amphibian,0.3533,2679.5,1770.9,2754.2,1885.1
/srv/shared_leopard_toad/2025/Documents/25.08-01.09.2025/3Z/105MEDIA/DSCF0413.JPG,DSCF0413.JPG,3Z/105MEDIA,0,Other_Amphibian,0.3101,2677.9,1772.3,2755.9,1886.6
/srv/shared_leopard_toad/2025/Documents/25.08-01.09.2025/3Z/105MEDIA/DSCF0438.JPG,DSCF0438.JPG,3Z/105MEDIA,0,Other_Amphibian,0.2134,2677.6,1772.3,2756.2,1886.6
/srv/shared_leopard_toad/2025/Documents/25.08-01.09.2025/3Z/105MEDIA/DSCF0291.JPG,DSCF0291.JPG,3Z/105MEDIA,0,Other_Amphibian,0.3513,2676.7,1772.1,2757.1,1886.9
/srv/shared_leopard_toad/2025/Documents/25.08-01.09.2025/3Z/105MEDIA/DSCF0291.JPG,DSCF0291.JPG,3Z/105MEDIA,0,Other_Amphibian,0.2622,2674.9,1770.8,2758.8,1885.2
/srv/shared_leopard_toad/2025/Documents/25.08-01.09.2025/3Z/105MEDIA/DSCF0227.JPG,DSCF0227.JPG,3Z/105MEDIA,0,Other_Amphibian,0.2837,2681.6,1772.1,2757.4,1886.9
/srv/shared_leopard_toad/2025/Documents/25.08-01.09.2025/3Z/105MEDIA/DSCF0397.JPG,DSCF0397.JPG,3Z/105MEDIA,0,Other_Amphibian,0.2402,2679.9,1772.6,2753.8,1886.3
/srv/shared_leopard_toad/2025/Documents/25.08-01.09.2025/3Z/105MEDIA/DSCF0334.JPG,DSCF0334.JPG,3Z/105MEDIA,0,Other_Amphibian,0.3054,2678.9,1772.2,2754.8,1886.8
/srv/shared_leopard_toad/2025/Documents/25.08-01.09.2025/3Z/105MEDIA/DSCF0334.JPG,DSCF0334.JPG,3Z/105MEDIA,0,Other_Amphibian,0.2925,2677.3,1772.6,2756.5,1886.3
/srv/shared_leopard_toad/2025/Documents/25.08-01.09.2025/3Z/105MEDIA/DSCF0481.JPG,DSCF0481.JPG,3Z/105MEDIA,0,Other_Amphibian,0.3135,2680.5,1772.8,2758.5,1886.1
/srv/shared_leopard_toad/2025/Documents/25.08-01.09.2025/3Z/105MEDIA/DSCF0300.JPG,DSCF0300.JPG,3Z/105MEDIA,0,Other_Amphibian,0.2334,2679.2,1772.5,2754.5,1886.4
/srv/shared_leopard_toad/2025/Documents/25.08-01.09.2025/3Z/105MEDIA/DSCF0204.JPG,DSCF0204.JPG,3Z/105MEDIA,0,Other_Amphibian,0.2339,2677.3,1772.2,2756.5,1886.8
/srv/shared_leopard_toad/2025/Documents/25.08-01.09.2025/3Z/105MEDIA/DSCF0122.JPG,DSCF0122.JPG,3Z/105MEDIA,0,Other_Amphibian,0.2372,2677.1,1772.3,2756.6,1886.6
/srv/shared_leopard_toad/2025/Documents/25.08-01.09.2025/3Z/105MEDIA/DSCF0294.JPG,DSCF0294.JPG,3Z/105MEDIA,0,Other_Amphibian,0.3823,2673.9,1773.0,2754.6,1885.9
/srv/shared_leopard_toad/2025/Documents/25.08-01.09.2025/3Z/105MEDIA/DSCF0276.JPG,DSCF0276.JPG,3Z/105MEDIA,0,Other_Amphibian,0.3074,2681.8,1772.1,2757.2,1886.9
/srv/shared_leopard_toad/2025/Documents/25.08-01.09.2025/3Z/105MEDIA/DSCF0034.JPG,DSCF0034.JPG,3Z/105MEDIA,0,Other_Amphibian,0.2234,2675.3,1772.6,2753.2,1886.3
/srv/shared_leopard_toad/2025/Documents/25.08-01.09.2025/3Z/105MEDIA/DSCF0005.JPG,DSCF0005.JPG,3Z/105MEDIA,0,Other_Amphibian,0.2678,2678.8,1773.0,2755.0,1885.9
/srv/shared_leopard_toad/2025/Documents/25.08-01.09.2025/3Z/105MEDIA/DSCF0452.JPG,DSCF0452.JPG,3Z/105MEDIA,0,Other_Amphibian,0.3140,2679.2,1771.6,2754.5,1884.3
/srv/shared_leopard_toad/2025/Documents/25.08-01.09.2025/3Z/105MEDIA/DSCF0257.JPG,DSCF0257.JPG,3Z/105MEDIA,0,Other_Amphibian,0.3721,2679.1,1772.8,2754.7,1886.1
/srv/shared_leopard_toad/2025/Documents/25.08-01.09.2025/3Z/105MEDIA/DSCF0382.JPG,DSCF0382.JPG,3Z/105MEDIA,0,Other_Amphibian,0.2981,2679.9,1772.8,2753.8,1886.1
/srv/shared_leopard_toad/2025/Documents/25.08-01.09.2025/3Z/105MEDIA/DSCF0467.JPG,DSCF0467.JPG,3Z/105MEDIA,0,Other_Amphibian,0.2460,2674.5,1771.0,2754.0,1885.0
/srv/shared_leopard_toad/2025/Documents/25.08-01.09.2025/3Z/105MEDIA/DSCF0274.JPG,DSCF0274.JPG,3Z/105MEDIA,0,Other_Amphibian,0.3787,2679.1,1772.9,2754.7,1886.0
/srv/shared_leopard_toad/2025/Documents/25.08-01.09.2025/3Z/105MEDIA/DSCF0259.JPG,DSCF0259.JPG,3Z/105MEDIA,0,Other_Amphibian,0.4980,2679.8,1772.9,2759.2,1886.0
/srv/shared_leopard_toad/2025/Documents/25.08-01.09.2025/3Z/105MEDIA/DSCF0496.JPG,DSCF0496.JPG,3Z/105MEDIA,0,Other_Amphibian,0.2744,2678.0,1772.7,2755.7,1886.2
/srv/shared_leopard_toad/2025/Documents/25.08-01.09.2025/3Z/105MEDIA/DSCF0269.JPG,DSCF0269.JPG,3Z/105MEDIA,0,Other_Amphibian,0.3657,2676.7,1772.3,2757.1,1886.6
/srv/shared_leopard_toad/2025/Documents/25.08-01.09.2025/3Z/105MEDIA/DSCF0269.JPG,DSCF0269.JPG,3Z/105MEDIA,0,Other_Amphibian,0.3149,2678.2,1771.8,2755.6,1887.1
/srv/shared_leopard_toad/2025/Documents/25.08-01.09.2025/3Z/105MEDIA/DSCF0004.JPG,DSCF0004.JPG,3Z/105MEDIA,0,Other_Amphibian,0.2179,2678.2,1770.7,2755.6,1885.3
/srv/shared_leopard_toad/2025/Documents/25.08-01.09.2025/3Z/105MEDIA/DSCF0434.JPG,DSCF0434.JPG,3Z/105MEDIA,0,Other_Amphibian,0.2620,2677.6,1772.8,2756.2,1886.1
/srv/shared_leopard_toad/2025/Documents/25.08-01.09.2025/3Z/105MEDIA/DSCF0313.JPG,DSCF0313.JPG,3Z/105MEDIA,0,Other_Amphibian,0.5278,2678.3,1772.8,2755.4,1886.1
/srv/shared_leopard_toad/2025/Documents/25.08-01.09.2025/3Z/105MEDIA/DSCF0297.JPG,DSCF0297.JPG,3Z/105MEDIA,0,Other_Amphibian,0.2803,2677.3,1771.7,2756.5,1887.2
/srv/shared_leopard_toad/2025/Documents/25.08-01.09.2025/3Z/105MEDIA/DSCF0170.JPG,DSCF0170.JPG,3Z/105MEDIA,0,Other_Amphibian,0.2239,2678.0,1772.6,2755.7,1886.3
/srv/shared_leopard_toad/2025/Documents/25.08-01.09.2025/3Z/105MEDIA/DSCF0321.JPG,DSCF0321.JPG,3Z/105MEDIA,0,Other_Amphibian,0.2734,2677.4,1772.6,2756.3,1886.3
/srv/shared_leopard_toad/2025/Documents/25.08-01.09.2025/3Z/105MEDIA/DSCF0321.JPG,DSCF0321.JPG,3Z/105MEDIA,0,Other_Amphibian,0.2302,2679.2,1772.0,2754.5,1887.0
/srv/shared_leopard_toad/2025/Documents/25.08-01.09.2025/3Z/105MEDIA/DSCF0002.JPG,DSCF0002.JPG,3Z/105MEDIA,0,Other_Amphibian,0.2310,2682.1,1772.0,2756.9,1887.0
/srv/shared_leopard_toad/2025/Documents/25.08-01.09.2025/3Z/105MEDIA/DSCF0228.JPG,DSCF0228.JPG,3Z/105MEDIA,0,Other_Amphibian,0.3269,2677.4,1771.7,2756.3,1887.2
/srv/shared_leopard_toad/2025/Documents/25.08-01.09.2025/3Z/105MEDIA/DSCF0253.JPG,DSCF0253.JPG,3Z/105MEDIA,0,Other_Amphibian,0.2864,2679.1,1772.3,2754.7,1886.6
/srv/shared_leopard_toad/2025/Documents/25.08-01.09.2025/3Z/105MEDIA/DSCF0435.JPG,DSCF0435.JPG,3Z/105MEDIA,0,Other_Amphibian,0.5527,2677.9,1770.6,2755.9,1885.4
/srv/shared_leopard_toad/2025/Documents/25.08-01.09.2025/3Z/105MEDIA/DSCF0260.JPG,DSCF0260.JPG,3Z/105MEDIA,0,Other_Amphibian,0.3137,2679.8,1770.8,2759.2,1885.2
/srv/shared_leopard_toad/2025/Documents/25.08-01.09.2025/3Z/105MEDIA/DSCF0115.JPG,DSCF0115.JPG,3Z/105MEDIA,0,Other_Amphibian,0.3860,2677.7,1771.9,2756.0,1884.1
/srv/shared_leopard_toad/2025/Documents/25.08-01.09.2025/3Z/105MEDIA/DSCF0462.JPG,DSCF0462.JPG,3Z/105MEDIA,0,Other_Amphibian,0.2529,2677.9,1772.6,2755.9,1886.3
/srv/shared_leopard_toad/2025/Documents/25.08-01.09.2025/3Z/105MEDIA/DSCF0037.JPG,DSCF0037.JPG,3Z/105MEDIA,0,Other_Amphibian,0.2708,2675.1,1772.2,2753.4,1886.8
/srv/shared_leopard_toad/2025/Documents/25.08-01.09.2025/3Z/105MEDIA/DSCF0056.JPG,DSCF0056.JPG,3Z/105MEDIA,0,Other_Amphibian,0.2104,2682.7,1772.4,2756.3,1886.5
/srv/shared_leopard_toad/2025/Documents/25.08-01.09.2025/3Z/105MEDIA/DSCF0522.JPG,DSCF0522.JPG,3Z/105MEDIA,0,Other_Amphibian,0.2299,2678.9,1772.9,2754.8,1886.0
/srv/shared_leopard_toad/2025/Documents/25.08-01.09.2025/3Z/105MEDIA/DSCF0137.JPG,DSCF0137.JPG,3Z/105MEDIA,0,Other_Amphibian,0.2065,2679.4,1772.1,2754.4,1886.9
/srv/shared_leopard_toad/2025/Documents/25.08-01.09.2025/3Z/105MEDIA/DSCF0069.JPG,DSCF0069.JPG,3Z/105MEDIA,0,Other_Amphibian,0.2137,2677.9,1772.6,2755.9,1886.3
/srv/shared_leopard_toad/2025/Documents/25.08-01.09.2025/3Z/105MEDIA/DSCF0471.JPG,DSCF0471.JPG,3Z/105MEDIA,0,Other_Amphibian,0.2532,2674.4,1773.1,2754.1,1885.8
/srv/shared_leopard_toad/2025/Documents/25.08-01.09.2025/3Z/105MEDIA/DSCF0261.JPG,DSCF0261.JPG,3Z/105MEDIA,0,Other_Amphibian,0.2817,2677.7,1772.2,2756.0,1886.8
/srv/shared_leopard_toad/2025/Documents/25.08-01.09.2025/3Z/105MEDIA/DSCF0261.JPG,DSCF0261.JPG,3Z/105MEDIA,0,Other_Amphibian,0.2191,2676.0,1772.1,2757.7,1886.9
/srv/shared_leopard_toad/2025/Documents/25.08-01.09.2025/3Z/105MEDIA/DSCF0326.JPG,DSCF0326.JPG,3Z/105MEDIA,0,Other_Amphibian,0.3850,2678.5,1772.2,2755.3,1886.8
/srv/shared_leopard_toad/2025/Documents/25.08-01.09.2025/3Z/105MEDIA/DSCF0495.JPG,DSCF0495.JPG,3Z/105MEDIA,0,Other_Amphibian,0.2573,2673.7,1770.9,2754.8,1885.1
/srv/shared_leopard_toad/2025/Documents/25.08-01.09.2025/3Z/105MEDIA/DSCF0495.JPG,DSCF0495.JPG,3Z/105MEDIA,0,Other_Amphibian,0.2101,2671.8,1771.3,2756.7,1884.6
/srv/shared_leopard_toad/2025/Documents/25.08-01.09.2025/3Z/105MEDIA/DSCF0332.JPG,DSCF0332.JPG,3Z/105MEDIA,0,Other_Amphibian,0.3635,2679.2,1772.0,2754.5,1887.0
/srv/shared_leopard_toad/2025/Documents/25.08-01.09.2025/3Z/105MEDIA/DSCF0203.JPG,DSCF0203.JPG,3Z/105MEDIA,0,Other_Amphibian,0.2356,2679.2,1772.4,2754.5,1886.5
/srv/shared_leopard_toad/2025/Documents/25.08-01.09.2025/3Z/105MEDIA/DSCF0103.JPG,DSCF0103.JPG,3Z/105MEDIA,0,Other_Amphibian,0.2542,2672.9,1770.9,2755.6,1888.1
/srv/shared_leopard_toad/2025/Documents/25.08-01.09.2025/3Z/105MEDIA/DSCF0388.JPG,DSCF0388.JPG,3Z/105MEDIA,0,Other_Amphibian,0.2268,2674.5,1772.6,2754.0,1886.3
/srv/shared_leopard_toad/2025/Documents/25.08-01.09.2025/3Z/105MEDIA/DSCF0092.JPG,DSCF0092.JPG,3Z/105MEDIA,0,Other_Amphibian,0.4202,2676.2,1770.4,2757.5,1885.6
/srv/shared_leopard_toad/2025/Documents/25.08-01.09.2025/3Z/105MEDIA/DSCF0491.JPG,DSCF0491.JPG,3Z/105MEDIA,0,Other_Amphibian,0.2822,2679.2,1771.6,2754.5,1884.3
/srv/shared_leopard_toad/2025/Documents/25.08-01.09.2025/3Z/105MEDIA/DSCF0042.JPG,DSCF0042.JPG,3Z/105MEDIA,0,Other_Amphibian,0.2462,2681.1,1773.4,2757.9,1885.6
/srv/shared_leopard_toad/2025/Documents/25.08-01.09.2025/3Z/105MEDIA/DSCF0348.JPG,DSCF0348.JPG,3Z/105MEDIA,0,Other_Amphibian,0.4314,2678.9,1773.2,2754.8,1885.7
/srv/shared_leopard_toad/2025/Documents/25.08-01.09.2025/3Z/105MEDIA/DSCF0348.JPG,DSCF0348.JPG,3Z/105MEDIA,0,Other_Amphibian,0.2134,2677.0,1772.8,2756.8,1886.1
/srv/shared_leopard_toad/2025/Documents/25.08-01.09.2025/3Z/105MEDIA/DSCF0078.JPG,DSCF0078.JPG,3Z/105MEDIA,0,Other_Amphibian,0.3135,2681.3,1770.9,2757.7,1885.1
/srv/shared_leopard_toad/2025/Documents/25.08-01.09.2025/3Z/105MEDIA/DSCF0217.JPG,DSCF0217.JPG,3Z/105MEDIA,0,Other_Amphibian,0.2405,2681.6,1773.4,2757.4,1885.6
/srv/shared_leopard_toad/2025/Documents/25.08-01.09.2025/3Z/105MEDIA/DSCF0242.JPG,DSCF0242.JPG,3Z/105MEDIA,0,Other_Amphibian,0.2170,2678.3,1772.0,2755.4,1887.0
/srv/shared_leopard_toad/2025/Documents/25.08-01.09.2025/3Z/105MEDIA/DSCF0156.JPG,DSCF0156.JPG,3Z/105MEDIA,0,Other_Amphibian,0.3052,2678.8,1772.0,2755.0,1887.0
/srv/shared_leopard_toad/2025/Documents/25.08-01.09.2025/3Z/105MEDIA/DSCF0094.JPG,DSCF0094.JPG,3Z/105MEDIA,0,Other_Amphibian,0.3169,2681.0,1771.3,2758.0,1887.6
/srv/shared_leopard_toad/2025/Documents/25.08-01.09.2025/3Z/105MEDIA/DSCF0190.JPG,DSCF0190.JPG,3Z/105MEDIA,0,Other_Amphibian,0.5122,2678.2,1773.1,2755.6,1885.8
/srv/shared_leopard_toad/2025/Documents/25.08-01.09.2025/3Z/105MEDIA/DSCF0190.JPG,DSCF0190.JPG,3Z/105MEDIA,0,Other_Amphibian,0.2800,2675.7,1773.0,2758.0,1885.9
/srv/shared_leopard_toad/2025/Documents/25.08-01.09.2025/3Z/105MEDIA/DSCF0383.JPG,DSCF0383.JPG,3Z/105MEDIA,0,Other_Amphibian,0.2708,2679.1,1772.7,2754.7,1886.2
/srv/shared_leopard_toad/2025/Documents/25.08-01.09.2025/3Z/105MEDIA/DSCF0047.JPG,DSCF0047.JPG,3Z/105MEDIA,0,Other_Amphibian,0.2042,2681.4,1771.8,2757.6,1887.1
/srv/shared_leopard_toad/2025/Documents/25.08-01.09.2025/3Z/105MEDIA/DSCF0400.JPG,DSCF0400.JPG,3Z/105MEDIA,0,Other_Amphibian,0.3623,2678.5,1772.6,2755.3,1886.3
/srv/shared_leopard_toad/2025/Documents/25.08-01.09.2025/3Z/105MEDIA/DSCF0225.JPG,DSCF0225.JPG,3Z/105MEDIA,0,Other_Amphibian,0.3318,2677.4,1771.6,2756.3,1887.3
/srv/shared_leopard_toad/2025/Documents/25.08-01.09.2025/3Z/105MEDIA/DSCF0354.JPG,DSCF0354.JPG,3Z/105MEDIA,0,Other_Amphibian,0.2382,2680.7,1772.1,2758.3,1886.9
/srv/shared_leopard_toad/2025/Documents/25.08-01.09.2025/3Z/105MEDIA/DSCF0272.JPG,DSCF0272.JPG,3Z/105MEDIA,0,Other_Amphibian,0.5420,2679.1,1772.4,2754.7,1886.5
/srv/shared_leopard_toad/2025/Documents/25.08-01.09.2025/3Z/105MEDIA/DSCF0459.JPG,DSCF0459.JPG,3Z/105MEDIA,0,Other_Amphibian,0.4819,2676.0,1773.4,2752.5,1885.6
/srv/shared_leopard_toad/2025/Documents/25.08-01.09.2025/3Z/105MEDIA/DSCF0016.JPG,DSCF0016.JPG,3Z/105MEDIA,0,Other_Amphibian,0.2135,2675.7,1772.1,2758.0,1886.9
/srv/shared_leopard_toad/2025/Documents/25.08-01.09.2025/3Z/105MEDIA/DSCF0241.JPG,DSCF0241.JPG,3Z/105MEDIA,0,Other_Amphibian,0.2773,2680.4,1772.8,2758.6,1886.1
/srv/shared_leopard_toad/2025/Documents/25.08-01.09.2025/3Z/105MEDIA/DSCF0105.JPG,DSCF0105.JPG,3Z/105MEDIA,0,Other_Amphibian,0.2925,2676.7,1771.7,2757.1,1887.2
/srv/shared_leopard_toad/2025/Documents/25.08-01.09.2025/3Z/105MEDIA/DSCF0085.JPG,DSCF0085.JPG,3Z/105MEDIA,0,Other_Amphibian,0.2786,2678.8,1771.2,2755.0,1887.7
/srv/shared_leopard_toad/2025/Documents/25.08-01.09.2025/3Z/105MEDIA/DSCF0367.JPG,DSCF0367.JPG,3Z/105MEDIA,0,Other_Amphibian,0.2233,2678.2,1772.6,2755.6,1886.3
/srv/shared_leopard_toad/2025/Documents/25.08-01.09.2025/3Z/105MEDIA/DSCF0331.JPG,DSCF0331.JPG,3Z/105MEDIA,0,Other_Amphibian,0.2874,2679.5,1771.6,2754.2,1884.4
/srv/shared_leopard_toad/2025/Documents/25.08-01.09.2025/3Z/105MEDIA/DSCF0347.JPG,DSCF0347.JPG,3Z/105MEDIA,0,Other_Amphibian,0.2478,2675.2,1772.6,2758.5,1886.3
/srv/shared_leopard_toad/2025/Documents/25.08-01.09.2025/3Z/105MEDIA/DSCF0347.JPG,DSCF0347.JPG,3Z/105MEDIA,0,Other_Amphibian,0.2335,2677.0,1772.6,2756.8,1886.3
/srv/shared_leopard_toad/2025/Documents/25.08-01.09.2025/3Z/105MEDIA/DSCF0109.JPG,DSCF0109.JPG,3Z/105MEDIA,0,Other_Amphibian,0.3652,2679.1,1773.2,2754.7,1885.7
/srv/shared_leopard_toad/2025/Documents/25.08-01.09.2025/3Z/105MEDIA/DSCF0309.JPG,DSCF0309.JPG,3Z/105MEDIA,0,Other_Amphibian,0.2493,2678.0,1772.4,2755.7,1886.5
/srv/shared_leopard_toad/2025/Documents/25.08-01.09.2025/3Z/105MEDIA/DSCF0497.JPG,DSCF0497.JPG,3Z/105MEDIA,0,Other_Amphibian,0.2059,2672.6,1771.1,2755.9,1884.8
/srv/shared_leopard_toad/2025/Documents/25.08-01.09.2025/3Z/105MEDIA/DSCF0340.JPG,DSCF0340.JPG,3Z/105MEDIA,0,Other_Amphibian,0.4089,2681.7,1772.5,2757.3,1886.4
/srv/shared_leopard_toad/2025/Documents/25.08-01.09.2025/3Z/105MEDIA/DSCF0024.JPG,DSCF0024.JPG,3Z/105MEDIA,0,Other_Amphibian,0.2849,2681.8,1771.6,2757.2,1887.3
/srv/shared_leopard_toad/2025/Documents/25.08-01.09.2025/3Z/105MEDIA/DSCF0318.JPG,DSCF0318.JPG,3Z/105MEDIA,0,Other_Amphibian,0.3594,2678.9,1772.0,2754.8,1887.0
/srv/shared_leopard_toad/2025/Documents/25.08-01.09.2025/3Z/105MEDIA/DSCF0392.JPG,DSCF0392.JPG,3Z/105MEDIA,0,Other_Amphibian,0.2330,2678.6,1772.4,2755.1,1886.5
/srv/shared_leopard_toad/2025/Documents/25.08-01.09.2025/3Z/105MEDIA/DSCF0493.JPG,DSCF0493.JPG,3Z/105MEDIA,0,Other_Amphibian,0.3098,2677.3,1771.5,2756.5,1884.5
/srv/shared_leopard_toad/2025/Documents/25.08-01.09.2025/3Z/105MEDIA/DSCF0235.JPG,DSCF0235.JPG,3Z/105MEDIA,0,Other_Amphibian,0.2444,2677.1,1772.1,2756.6,1886.9
/srv/shared_leopard_toad/2025/Documents/25.08-01.09.2025/3Z/105MEDIA/DSCF0310.JPG,DSCF0310.JPG,3Z/105MEDIA,0,Other_Amphibian,0.3850,2679.1,1770.9,2754.7,1885.1
/srv/shared_leopard_toad/2025/Documents/25.08-01.09.2025/3Z/105MEDIA/DSCF0310.JPG,DSCF0310.JPG,3Z/105MEDIA,0,Other_Amphibian,0.3032,2677.4,1771.0,2756.3,1885.0
/srv/shared_leopard_toad/2025/Documents/25.08-01.09.2025/3Z/105MEDIA/DSCF0374.JPG,DSCF0374.JPG,3Z/105MEDIA,0,Other_Amphibian,0.3132,2678.2,1772.4,2755.6,1886.5
/srv/shared_leopard_toad/2025/Documents/25.08-01.09.2025/3Z/105MEDIA/DSCF0210.JPG,DSCF0210.JPG,3Z/105MEDIA,0,Other_Amphibian,0.3635,2677.9,1772.2,2755.9,1886.8
/srv/shared_leopard_toad/2025/Documents/25.08-01.09.2025/3Z/105MEDIA/DSCF0234.JPG,DSCF0234.JPG,3Z/105MEDIA,0,Other_Amphibian,0.3115,2677.3,1772.7,2756.5,1886.2
/srv/shared_leopard_toad/2025/Documents/25.08-01.09.2025/3Z/105MEDIA/DSCF0234.JPG,DSCF0234.JPG,3Z/105MEDIA,0,Other_Amphibian,0.2458,2675.6,1771.1,2758.2,1884.8
/srv/shared_leopard_toad/2025/Documents/25.08-01.09.2025/3Z/105MEDIA/DSCF0270.JPG,DSCF0270.JPG,3Z/105MEDIA,0,Other_Amphibian,0.3005,2676.7,1772.0,2757.1,1887.0
/srv/shared_leopard_toad/2025/Documents/25.08-01.09.2025/3Z/105MEDIA/DSCF0090.JPG,DSCF0090.JPG,3Z/105MEDIA,0,Other_Amphibian,0.3284,2678.8,1772.6,2755.0,1886.3
/srv/shared_leopard_toad/2025/Documents/25.08-01.09.2025/3Z/105MEDIA/DSCF0356.JPG,DSCF0356.JPG,3Z/105MEDIA,0,Other_Amphibian,0.3826,2678.6,1772.7,2755.1,1886.2
/srv/shared_leopard_toad/2025/Documents/25.08-01.09.2025/3Z/105MEDIA/DSCF0356.JPG,DSCF0356.JPG,3Z/105MEDIA,0,Other_Amphibian,0.2803,2677.0,1773.0,2756.8,1885.9
/srv/shared_leopard_toad/2025/Documents/25.08-01.09.2025/3Z/105MEDIA/DSCF0322.JPG,DSCF0322.JPG,3Z/105MEDIA,0,Other_Amphibian,0.2125,2676.5,1772.4,2757.2,1886.5
/srv/shared_leopard_toad/2025/Documents/25.08-01.09.2025/3Z/105MEDIA/DSCF0084.JPG,DSCF0084.JPG,3Z/105MEDIA,0,Other_Amphibian,0.2051,2677.7,1772.3,2756.0,1886.6
/srv/shared_leopard_toad/2025/Documents/25.08-01.09.2025/3Z/105MEDIA/DSCF0520.JPG,DSCF0520.JPG,3Z/105MEDIA,0,Other_Amphibian,0.4270,2678.8,1771.5,2755.0,1884.5
/srv/shared_leopard_toad/2025/Documents/25.08-01.09.2025/3Z/105MEDIA/DSCF0447.JPG,DSCF0447.JPG,3Z/105MEDIA,0,Other_Amphibian,0.2502,2676.4,1772.3,2757.4,1886.6
/srv/shared_leopard_toad/2025/Documents/25.08-01.09.2025/3Z/105MEDIA/DSCF0243.JPG,DSCF0243.JPG,3Z/105MEDIA,0,Other_Amphibian,0.2047,2678.0,1772.1,2755.7,1886.9
/srv/shared_leopard_toad/2025/Documents/25.08-01.09.2025/3Z/105MEDIA/DSCF0361.JPG,DSCF0361.JPG,3Z/105MEDIA,0,Other_Amphibian,0.3127,2674.5,1771.1,2754.0,1884.8
/srv/shared_leopard_toad/2025/Documents/25.08-01.09.2025/3Z/105MEDIA/DSCF0201.JPG,DSCF0201.JPG,3Z/105MEDIA,0,Other_Amphibian,0.3325,2681.8,1772.1,2757.2,1886.9
/srv/shared_leopard_toad/2025/Documents/25.08-01.09.2025/3Z/105MEDIA/DSCF0201.JPG,DSCF0201.JPG,3Z/105MEDIA,0,Other_Amphibian,0.2007,2677.0,1770.8,2756.8,1885.2
/srv/shared_leopard_toad/2025/Documents/25.08-01.09.2025/3Z/105MEDIA/DSCF0513.JPG,DSCF0513.JPG,3Z/105MEDIA,0,Other_Amphibian,0.2690,2682.3,1770.8,2756.7,1885.2
/srv/shared_leopard_toad/2025/Documents/25.08-01.09.2025/3Z/104MEDIA/DSCF0135.JPG,DSCF0135.JPG,3Z/104MEDIA,0,Other_Amphibian,0.2595,2675.7,1781.1,2752.8,1895.5
/srv/shared_leopard_toad/2025/Documents/25.08-01.09.2025/3Z/104MEDIA/DSCF0012.JPG,DSCF0012.JPG,3Z/104MEDIA,0,Other_Amphibian,0.3127,2676.3,1778.7,2752.2,1895.0
/srv/shared_leopard_toad/2025/Documents/25.08-01.09.2025/3Z/104MEDIA/DSCF0651.JPG,DSCF0651.JPG,3Z/104MEDIA,0,Other_Amphibian,0.2212,2677.1,1772.8,2756.6,1886.1
/srv/shared_leopard_toad/2025/Documents/25.08-01.09.2025/3Z/104MEDIA/DSCF0651.JPG,DSCF0651.JPG,3Z/104MEDIA,0,Other_Amphibian,0.2007,2678.2,1772.7,2755.6,1886.2
/srv/shared_leopard_toad/2025/Documents/25.08-01.09.2025/3Z/104MEDIA/DSCF0767.JPG,DSCF0767.JPG,3Z/104MEDIA,0,Other_Amphibian,0.2386,2678.3,1771.8,2755.4,1887.1
/srv/shared_leopard_toad/2025/Documents/25.08-01.09.2025/3Z/104MEDIA/DSCF0767.JPG,DSCF0767.JPG,3Z/104MEDIA,0,Other_Amphibian,0.2100,2677.1,1771.6,2756.6,1887.3
/srv/shared_leopard_toad/2025/Documents/25.08-01.09.2025/3Z/104MEDIA/DSCF0933.JPG,DSCF0933.JPG,3Z/104MEDIA,0,Other_Amphibian,0.2856,2678.5,1772.6,2755.3,1886.3
/srv/shared_leopard_toad/2025/Documents/25.08-01.09.2025/3Z/104MEDIA/DSCF0417.JPG,DSCF0417.JPG,3Z/104MEDIA,0,Other_Amphibian,0.2781,2678.5,1772.2,2755.3,1886.8
/srv/shared_leopard_toad/2025/Documents/25.08-01.09.2025/3Z/104MEDIA/DSCF0417.JPG,DSCF0417.JPG,3Z/104MEDIA,0,Other_Amphibian,0.2510,2676.8,1772.4,2756.9,1886.5
/srv/shared_leopard_toad/2025/Documents/25.08-01.09.2025/3Z/104MEDIA/DSCF0812.JPG,DSCF0812.JPG,3Z/104MEDIA,0,Other_Amphibian,0.3079,2682.3,1772.0,2756.7,1887.0
/srv/shared_leopard_toad/2025/Documents/25.08-01.09.2025/3Z/104MEDIA/DSCF0752.JPG,DSCF0752.JPG,3Z/104MEDIA,0,Other_Amphibian,0.2710,2678.5,1772.4,2755.3,1886.5
/srv/shared_leopard_toad/2025/Documents/25.08-01.09.2025/3Z/104MEDIA/DSCF0038.JPG,DSCF0038.JPG,3Z/104MEDIA,0,Other_Amphibian,0.2268,2680.1,1778.2,2758.9,1895.5
/srv/shared_leopard_toad/2025/Documents/25.08-01.09.2025/3Z/104MEDIA/DSCF0636.JPG,DSCF0636.JPG,3Z/104MEDIA,0,Other_Amphibian,0.3015,2679.9,1771.4,2759.1,1887.5
/srv/shared_leopard_toad/2025/Documents/25.08-01.09.2025/3Z/104MEDIA/DSCF0089.JPG,DSCF0089.JPG,3Z/104MEDIA,0,Other_Amphibian,0.2269,2677.9,1778.3,2755.9,1895.4
/srv/shared_leopard_toad/2025/Documents/25.08-01.09.2025/3Z/104MEDIA/DSCF0827.JPG,DSCF0827.JPG,3Z/104MEDIA,0,Other_Amphibian,0.2378,2678.3,1771.1,2755.4,1887.8
/srv/shared_leopard_toad/2025/Documents/25.08-01.09.2025/3Z/104MEDIA/DSCF0720.JPG,DSCF0720.JPG,3Z/104MEDIA,0,Other_Amphibian,0.2020,2675.9,1772.3,2757.9,1886.6
/srv/shared_leopard_toad/2025/Documents/25.08-01.09.2025/3Z/104MEDIA/DSCF0712.JPG,DSCF0712.JPG,3Z/104MEDIA,0,Other_Amphibian,0.2944,2680.7,1772.9,2758.3,1886.0
/srv/shared_leopard_toad/2025/Documents/25.08-01.09.2025/3Z/104MEDIA/DSCF0712.JPG,DSCF0712.JPG,3Z/104MEDIA,0,Other_Amphibian,0.2109,2679.3,1773.0,2759.7,1885.9
/srv/shared_leopard_toad/2025/Documents/25.08-01.09.2025/3Z/104MEDIA/DSCF0077.JPG,DSCF0077.JPG,3Z/104MEDIA,0,Other_Amphibian,0.2437,2675.6,1781.1,2752.9,1892.5
/srv/shared_leopard_toad/2025/Documents/25.08-01.09.2025/3Z/104MEDIA/DSCF0429.JPG,DSCF0429.JPG,3Z/104MEDIA,0,Other_Amphibian,0.2115,2678.0,1772.7,2755.7,1886.2
/srv/shared_leopard_toad/2025/Documents/25.08-01.09.2025/3Z/104MEDIA/DSCF0792.JPG,DSCF0792.JPG,3Z/104MEDIA,0,Other_Amphibian,0.2202,2677.0,1771.7,2756.8,1887.2
/srv/shared_leopard_toad/2025/Documents/25.08-01.09.2025/3Z/104MEDIA/DSCF0795.JPG,DSCF0795.JPG,3Z/104MEDIA,0,Other_Amphibian,0.2323,2678.3,1772.1,2755.4,1886.9
/srv/shared_leopard_toad/2025/Documents/25.08-01.09.2025/3Z/104MEDIA/DSCF0986.JPG,DSCF0986.JPG,3Z/104MEDIA,0,Other_Amphibian,0.2109,2681.8,1772.2,2757.2,1886.8
/srv/shared_leopard_toad/2025/Documents/25.08-01.09.2025/3Z/104MEDIA/DSCF0895.JPG,DSCF0895.JPG,3Z/104MEDIA,0,Other_Amphibian,0.2327,2679.1,1770.0,2754.7,1885.9
/srv/shared_leopard_toad/2025/Documents/25.08-01.09.2025/3Z/104MEDIA/DSCF0422.JPG,DSCF0422.JPG,3Z/104MEDIA,0,Other_Amphibian,0.2771,2676.4,1771.8,2757.4,1887.1
/srv/shared_leopard_toad/2025/Documents/25.08-01.09.2025/3Z/104MEDIA/DSCF0422.JPG,DSCF0422.JPG,3Z/104MEDIA,0,Other_Amphibian,0.2654,2675.4,1772.3,2758.3,1886.6
/srv/shared_leopard_toad/2025/Documents/25.08-01.09.2025/3Z/104MEDIA/DSCF0146.JPG,DSCF0146.JPG,3Z/104MEDIA,0,Other_Amphibian,0.2524,2676.1,1782.1,2752.4,1894.6
/srv/shared_leopard_toad/2025/Documents/25.08-01.09.2025/3Z/104MEDIA/DSCF0755.JPG,DSCF0755.JPG,3Z/104MEDIA,0,Other_Amphibian,0.2211,2677.0,1772.6,2756.8,1886.3
/srv/shared_leopard_toad/2025/Documents/25.08-01.09.2025/3Z/104MEDIA/DSCF0067.JPG,DSCF0067.JPG,3Z/104MEDIA,0,Other_Amphibian,0.2065,2678.6,1779.0,2755.1,1894.7
/srv/shared_leopard_toad/2025/Documents/25.08-01.09.2025/3Z/104MEDIA/DSCF0938.JPG,DSCF0938.JPG,3Z/104MEDIA,0,Other_Amphibian,0.3262,2681.3,1772.6,2757.7,1886.3
/srv/shared_leopard_toad/2025/Documents/25.08-01.09.2025/3Z/104MEDIA/DSCF0487.JPG,DSCF0487.JPG,3Z/104MEDIA,0,Other_Amphibian,0.2059,2678.4,1772.4,2760.6,1886.5
/srv/shared_leopard_toad/2025/Documents/25.08-01.09.2025/3Z/104MEDIA/DSCF0007.JPG,DSCF0007.JPG,3Z/104MEDIA,0,Other_Amphibian,0.2542,2679.2,1780.2,2754.5,1893.5
/srv/shared_leopard_toad/2025/Documents/25.08-01.09.2025/3Z/104MEDIA/DSCF0936.JPG,DSCF0936.JPG,3Z/104MEDIA,0,Other_Amphibian,0.3247,2679.1,1772.9,2754.7,1886.0
/srv/shared_leopard_toad/2025/Documents/25.08-01.09.2025/3Z/104MEDIA/DSCF0044.JPG,DSCF0044.JPG,3Z/104MEDIA,0,Other_Amphibian,0.2401,2676.0,1779.5,2752.5,1894.2
/srv/shared_leopard_toad/2025/Documents/25.08-01.09.2025/3Z/104MEDIA/DSCF0380.JPG,DSCF0380.JPG,3Z/104MEDIA,0,Other_Amphibian,0.2150,2678.0,1771.7,2755.7,1887.2
/srv/shared_leopard_toad/2025/Documents/25.08-01.09.2025/3Z/104MEDIA/DSCF0851.JPG,DSCF0851.JPG,3Z/104MEDIA,0,Other_Amphibian,0.2257,2676.8,1772.5,2756.9,1886.4
/srv/shared_leopard_toad/2025/Documents/25.08-01.09.2025/3Z/104MEDIA/DSCF0851.JPG,DSCF0851.JPG,3Z/104MEDIA,0,Other_Amphibian,0.2034,2674.9,1772.6,2758.8,1886.3
/srv/shared_leopard_toad/2025/Documents/25.08-01.09.2025/3Z/104MEDIA/DSCF0596.JPG,DSCF0596.JPG,3Z/104MEDIA,0,Other_Amphibian,0.2158,2682.1,1772.8,2756.9,1886.1
/srv/shared_leopard_toad/2025/Documents/25.08-01.09.2025/3Z/104MEDIA/DSCF0924.JPG,DSCF0924.JPG,3Z/104MEDIA,0,Other_Amphibian,0.2230,2681.7,1769.4,2757.3,1886.6
/srv/shared_leopard_toad/2025/Documents/25.08-01.09.2025/3Z/104MEDIA/DSCF0871.JPG,DSCF0871.JPG,3Z/104MEDIA,0,Other_Amphibian,0.2529,2677.3,1772.2,2756.5,1886.8
/srv/shared_leopard_toad/2025/Documents/25.08-01.09.2025/3Z/104MEDIA/DSCF0060.JPG,DSCF0060.JPG,3Z/104MEDIA,0,Other_Amphibian,0.2969,2677.0,1780.7,2751.5,1893.0
/srv/shared_leopard_toad/2025/Documents/25.08-01.09.2025/3Z/104MEDIA/DSCF0873.JPG,DSCF0873.JPG,3Z/104MEDIA,0,Other_Amphibian,0.2588,2679.8,1772.3,2754.0,1886.6
/srv/shared_leopard_toad/2025/Documents/25.08-01.09.2025/3Z/104MEDIA/DSCF0143.JPG,DSCF0143.JPG,3Z/104MEDIA,0,Other_Amphibian,0.2496,2674.2,1782.2,2754.3,1894.4
/srv/shared_leopard_toad/2025/Documents/25.08-01.09.2025/3Z/104MEDIA/DSCF0970.JPG,DSCF0970.JPG,3Z/104MEDIA,0,Other_Amphibian,0.2213,2679.1,1772.8,2754.7,1886.1
/srv/shared_leopard_toad/2025/Documents/25.08-01.09.2025/3Z/104MEDIA/DSCF0008.JPG,DSCF0008.JPG,3Z/104MEDIA,0,Other_Amphibian,0.2013,2679.7,1779.7,2754.1,1894.0
/srv/shared_leopard_toad/2025/Documents/25.08-01.09.2025/3Z/104MEDIA/DSCF0722.JPG,DSCF0722.JPG,3Z/104MEDIA,0,Other_Amphibian,0.3169,2677.1,1771.5,2756.6,1887.4
/srv/shared_leopard_toad/2025/Documents/25.08-01.09.2025/3Z/104MEDIA/DSCF0006.JPG,DSCF0006.JPG,3Z/104MEDIA,0,Other_Amphibian,0.2458,2675.9,1779.2,2752.6,1894.5
/srv/shared_leopard_toad/2025/Documents/25.08-01.09.2025/3Z/104MEDIA/DSCF0057.JPG,DSCF0057.JPG,3Z/104MEDIA,0,Other_Amphibian,0.3872,2677.6,1778.9,2756.2,1891.8
/srv/shared_leopard_toad/2025/Documents/25.08-01.09.2025/3Z/104MEDIA/DSCF0878.JPG,DSCF0878.JPG,3Z/104MEDIA,0,Other_Amphibian,0.2605,2679.7,1774.6,2754.1,1887.3
/srv/shared_leopard_toad/2025/Documents/25.08-01.09.2025/3Z/104MEDIA/DSCF0697.JPG,DSCF0697.JPG,3Z/104MEDIA,0,Other_Amphibian,0.2996,2682.0,1772.5,2757.0,1886.4
/srv/shared_leopard_toad/2025/Documents/25.08-01.09.2025/3Z/104MEDIA/DSCF0697.JPG,DSCF0697.JPG,3Z/104MEDIA,0,Other_Amphibian,0.2139,2680.8,1772.4,2758.2,1886.5
/srv/shared_leopard_toad/2025/Documents/25.08-01.09.2025/3Z/104MEDIA/DSCF0761.JPG,DSCF0761.JPG,3Z/104MEDIA,0,Other_Amphibian,0.2712,2679.3,1773.4,2759.7,1885.6
/srv/shared_leopard_toad/2025/Documents/25.08-01.09.2025/3Z/104MEDIA/DSCF0761.JPG,DSCF0761.JPG,3Z/104MEDIA,0,Other_Amphibian,0.2233,2680.5,1772.5,2758.5,1886.4
/srv/shared_leopard_toad/2025/Documents/25.08-01.09.2025/3Z/104MEDIA/DSCF0117.JPG,DSCF0117.JPG,3Z/104MEDIA,0,Other_Amphibian,0.2350,2675.4,1782.3,2753.1,1894.3
/srv/shared_leopard_toad/2025/Documents/25.08-01.09.2025/3Z/104MEDIA/DSCF0989.JPG,DSCF0989.JPG,3Z/104MEDIA,0,Other_Amphibian,0.2527,2681.3,1772.8,2757.7,1886.1
/srv/shared_leopard_toad/2025/Documents/25.08-01.09.2025/3Z/104MEDIA/DSCF0423.JPG,DSCF0423.JPG,3Z/104MEDIA,0,Other_Amphibian,0.2017,2679.6,1772.3,2759.4,1886.6
/srv/shared_leopard_toad/2025/Documents/25.08-01.09.2025/3Z/104MEDIA/DSCF0148.JPG,DSCF0148.JPG,3Z/104MEDIA,0,Other_Amphibian,0.3489,2676.8,1779.2,2756.9,1894.5
/srv/shared_leopard_toad/2025/Documents/25.08-01.09.2025/3Z/104MEDIA/DSCF0842.JPG,DSCF0842.JPG,3Z/104MEDIA,0,Other_Amphibian,0.2402,2678.8,1771.3,2755.0,1887.6
/srv/shared_leopard_toad/2025/Documents/25.08-01.09.2025/3Z/104MEDIA/DSCF0888.JPG,DSCF0888.JPG,3Z/104MEDIA,0,Other_Amphibian,0.2681,2681.8,1772.6,2757.2,1886.3
/srv/shared_leopard_toad/2025/Documents/25.08-01.09.2025/3Z/104MEDIA/DSCF0965.JPG,DSCF0965.JPG,3Z/104MEDIA,0,Other_Amphibian,0.2137,2680.8,1772.1,2758.2,1886.9
/srv/shared_leopard_toad/2025/Documents/25.08-01.09.2025/3Z/104MEDIA/DSCF0753.JPG,DSCF0753.JPG,3Z/104MEDIA,0,Other_Amphibian,0.2281,2676.5,1772.1,2757.2,1886.9
/srv/shared_leopard_toad/2025/Documents/25.08-01.09.2025/3Z/104MEDIA/DSCF0376.JPG,DSCF0376.JPG,3Z/104MEDIA,0,Other_Amphibian,0.2837,2676.0,1773.3,2757.7,1888.6
/srv/shared_leopard_toad/2025/Documents/25.08-01.09.2025/3Z/104MEDIA/DSCF0376.JPG,DSCF0376.JPG,3Z/104MEDIA,0,Other_Amphibian,0.2274,2677.3,1771.4,2756.5,1887.5
/srv/shared_leopard_toad/2025/Documents/25.08-01.09.2025/3Z/104MEDIA/DSCF0577.JPG,DSCF0577.JPG,3Z/104MEDIA,0,Other_Amphibian,0.2327,2680.5,1771.5,2758.5,1887.4
/srv/shared_leopard_toad/2025/Documents/25.08-01.09.2025/3Z/104MEDIA/DSCF0629.JPG,DSCF0629.JPG,3Z/104MEDIA,0,Other_Amphibian,0.2061,2678.8,1772.7,2755.0,1886.2
/srv/shared_leopard_toad/2025/Documents/25.08-01.09.2025/3Z/104MEDIA/DSCF0629.JPG,DSCF0629.JPG,3Z/104MEDIA,0,Other_Amphibian,0.2043,2677.4,1772.3,2756.3,1886.6
/srv/shared_leopard_toad/2025/Documents/25.08-01.09.2025/3Z/104MEDIA/DSCF0782.JPG,DSCF0782.JPG,3Z/104MEDIA,0,Other_Amphibian,0.2455,2677.9,1773.1,2755.9,1885.8
/srv/shared_leopard_toad/2025/Documents/25.08-01.09.2025/3Z/104MEDIA/DSCF0074.JPG,DSCF0074.JPG,3Z/104MEDIA,0,Other_Amphibian,0.2147,2676.3,1780.5,2752.2,1893.2
/srv/shared_leopard_toad/2025/Documents/25.08-01.09.2025/3Z/104MEDIA/DSCF0907.JPG,DSCF0907.JPG,3Z/104MEDIA,0,Other_Amphibian,0.3562,2679.1,1771.2,2754.7,1884.7
/srv/shared_leopard_toad/2025/Documents/25.08-01.09.2025/3Z/104MEDIA/DSCF0511.JPG,DSCF0511.JPG,3Z/104MEDIA,0,Other_Amphibian,0.2017,2679.0,1772.5,2760.0,1886.4
/srv/shared_leopard_toad/2025/Documents/25.08-01.09.2025/3Z/104MEDIA/DSCF0030.JPG,DSCF0030.JPG,3Z/104MEDIA,0,Other_Amphibian,0.2360,2676.0,1778.2,2752.5,1895.4
/srv/shared_leopard_toad/2025/Documents/25.08-01.09.2025/3Z/104MEDIA/DSCF0121.JPG,DSCF0121.JPG,3Z/104MEDIA,0,Other_Amphibian,0.2474,2675.6,1781.3,2752.9,1895.3
/srv/shared_leopard_toad/2025/Documents/25.08-01.09.2025/3Z/104MEDIA/DSCF0937.JPG,DSCF0937.JPG,3Z/104MEDIA,0,Other_Amphibian,0.2426,2674.9,1770.3,2758.8,1885.7
/srv/shared_leopard_toad/2025/Documents/25.08-01.09.2025/3Z/104MEDIA/DSCF0333.JPG,DSCF0333.JPG,3Z/104MEDIA,0,Other_Amphibian,0.2263,2676.2,1772.8,2757.5,1886.1
/srv/shared_leopard_toad/2025/Documents/25.08-01.09.2025/3Z/104MEDIA/DSCF0333.JPG,DSCF0333.JPG,3Z/104MEDIA,0,Other_Amphibian,0.2070,2677.7,1772.3,2756.0,1886.6
/srv/shared_leopard_toad/2025/Documents/25.08-01.09.2025/3Z/104MEDIA/DSCF0482.JPG,DSCF0482.JPG,3Z/104MEDIA,0,Other_Amphibian,0.2559,2678.3,1771.7,2755.4,1887.2
/srv/shared_leopard_toad/2025/Documents/25.08-01.09.2025/3Z/104MEDIA/DSCF0962.JPG,DSCF0962.JPG,3Z/104MEDIA,0,Other_Amphibian,0.3813,2680.7,1771.1,2758.3,1884.8
/srv/shared_leopard_toad/2025/Documents/25.08-01.09.2025/3Z/104MEDIA/DSCF0874.JPG,DSCF0874.JPG,3Z/104MEDIA,0,Other_Amphibian,0.2947,2682.1,1773.0,2756.9,1885.9
/srv/shared_leopard_toad/2025/Documents/25.08-01.09.2025/3Z/104MEDIA/DSCF0786.JPG,DSCF0786.JPG,3Z/104MEDIA,0,Other_Amphibian,0.2791,2682.1,1774.3,2756.9,1887.6
/srv/shared_leopard_toad/2025/Documents/25.08-01.09.2025/3Z/104MEDIA/DSCF0091.JPG,DSCF0091.JPG,3Z/104MEDIA,0,Other_Amphibian,0.2332,2677.6,1779.5,2756.2,1894.2
/srv/shared_leopard_toad/2025/Documents/25.08-01.09.2025/3Z/104MEDIA/DSCF0942.JPG,DSCF0942.JPG,3Z/104MEDIA,0,Other_Amphibian,0.2351,2680.7,1772.0,2758.3,1887.0
/srv/shared_leopard_toad/2025/Documents/25.08-01.09.2025/3Z/104MEDIA/DSCF0020.JPG,DSCF0020.JPG,3Z/104MEDIA,0,Other_Amphibian,0.2184,2679.1,1780.5,2754.7,1893.2
/srv/shared_leopard_toad/2025/Documents/25.08-01.09.2025/3Z/104MEDIA/DSCF0338.JPG,DSCF0338.JPG,3Z/104MEDIA,0,Other_Amphibian,0.2891,2678.8,1771.8,2755.0,1887.1
/srv/shared_leopard_toad/2025/Documents/25.08-01.09.2025/3Z/104MEDIA/DSCF0940.JPG,DSCF0940.JPG,3Z/104MEDIA,0,Other_Amphibian,0.2167,2682.6,1772.8,2756.4,1886.1
/srv/shared_leopard_toad/2025/Documents/25.08-01.09.2025/3Z/104MEDIA/DSCF0778.JPG,DSCF0778.JPG,3Z/104MEDIA,0,Other_Amphibian,0.3850,2678.8,1771.6,2755.0,1887.3
/srv/shared_leopard_toad/2025/Documents/25.08-01.09.2025/3Z/104MEDIA/DSCF0088.JPG,DSCF0088.JPG,3Z/104MEDIA,0,Other_Amphibian,0.2903,2678.9,1778.5,2754.8,1895.2
/srv/shared_leopard_toad/2025/Documents/25.08-01.09.2025/3Z/104MEDIA/DSCF0775.JPG,DSCF0775.JPG,3Z/104MEDIA,0,Other_Amphibian,0.2893,2676.0,1773.5,2757.7,1888.3
/srv/shared_leopard_toad/2025/Documents/25.08-01.09.2025/3Z/104MEDIA/DSCF0775.JPG,DSCF0775.JPG,3Z/104MEDIA,0,Other_Amphibian,0.2612,2677.6,1773.4,2756.2,1888.4
/srv/shared_leopard_toad/2025/Documents/25.08-01.09.2025/3Z/104MEDIA/DSCF0689.JPG,DSCF0689.JPG,3Z/104MEDIA,0,Other_Amphibian,0.2612,2675.9,1771.7,2757.9,1887.2
/srv/shared_leopard_toad/2025/Documents/25.08-01.09.2025/3Z/104MEDIA/DSCF0327.JPG,DSCF0327.JPG,3Z/104MEDIA,0,Other_Amphibian,0.2566,2677.9,1772.0,2755.9,1887.0
/srv/shared_leopard_toad/2025/Documents/25.08-01.09.2025/3Z/104MEDIA/DSCF0964.JPG,DSCF0964.JPG,3Z/104MEDIA,0,Other_Amphibian,0.2212,2681.7,1773.4,2757.3,1885.6
/srv/shared_leopard_toad/2025/Documents/25.08-01.09.2025/3Z/104MEDIA/DSCF0760.JPG,DSCF0760.JPG,3Z/104MEDIA,0,Other_Amphibian,0.2925,2678.8,1772.2,2755.0,1886.8
/srv/shared_leopard_toad/2025/Documents/25.08-01.09.2025/3Z/104MEDIA/DSCF0760.JPG,DSCF0760.JPG,3Z/104MEDIA,0,Other_Amphibian,0.2137,2677.1,1772.5,2756.6,1886.4
/srv/shared_leopard_toad/2025/Documents/25.08-01.09.2025/3Z/104MEDIA/DSCF0889.JPG,DSCF0889.JPG,3Z/104MEDIA,0,Other_Amphibian,0.2693,2680.8,1771.8,2758.2,1887.1
/srv/shared_leopard_toad/2025/Documents/25.08-01.09.2025/3Z/104MEDIA/DSCF0025.JPG,DSCF0025.JPG,3Z/104MEDIA,0,Other_Amphibian,0.4304,2675.3,1779.4,2753.2,1894.3
/srv/shared_leopard_toad/2025/Documents/25.08-01.09.2025/3Z/104MEDIA/DSCF0381.JPG,DSCF0381.JPG,3Z/104MEDIA,0,Other_Amphibian,0.2822,2677.6,1772.1,2756.2,1886.9
/srv/shared_leopard_toad/2025/Documents/25.08-01.09.2025/3Z/104MEDIA/DSCF0381.JPG,DSCF0381.JPG,3Z/104MEDIA,0,Other_Amphibian,0.2217,2676.4,1772.4,2757.4,1886.5
/srv/shared_leopard_toad/2025/Documents/25.08-01.09.2025/3Z/104MEDIA/DSCF0693.JPG,DSCF0693.JPG,3Z/104MEDIA,0,Other_Amphibian,0.2213,2680.4,1772.0,2758.6,1887.0
/srv/shared_leopard_toad/2025/Documents/25.08-01.09.2025/3Z/104MEDIA/DSCF0913.JPG,DSCF0913.JPG,3Z/104MEDIA,0,Other_Amphibian,0.2932,2681.7,1771.6,2757.3,1884.4
/srv/shared_leopard_toad/2025/Documents/25.08-01.09.2025/3Z/104MEDIA/DSCF0947.JPG,DSCF0947.JPG,3Z/104MEDIA,0,Other_Amphibian,0.2656,2680.2,1771.8,2758.8,1887.1
/srv/shared_leopard_toad/2025/Documents/25.08-01.09.2025/3Z/104MEDIA/DSCF0772.JPG,DSCF0772.JPG,3Z/104MEDIA,0,Other_Amphibian,0.2556,2677.9,1772.1,2755.9,1886.9
/srv/shared_leopard_toad/2025/Documents/25.08-01.09.2025/3Z/104MEDIA/DSCF0772.JPG,DSCF0772.JPG,3Z/104MEDIA,0,Other_Amphibian,0.2266,2676.7,1772.1,2757.1,1886.9
/srv/shared_leopard_toad/2025/Documents/25.08-01.09.2025/3Z/104MEDIA/DSCF0824.JPG,DSCF0824.JPG,3Z/104MEDIA,0,Other_Amphibian,0.2222,2679.7,1772.4,2754.1,1886.5
/srv/shared_leopard_toad/2025/Documents/25.08-01.09.2025/3Z/104MEDIA/DSCF0133.JPG,DSCF0133.JPG,3Z/104MEDIA,0,Other_Amphibian,0.3091,2677.1,1776.9,2756.6,1893.9
/srv/shared_leopard_toad/2025/Documents/25.08-01.09.2025/3Z/104MEDIA/DSCF0886.JPG,DSCF0886.JPG,3Z/104MEDIA,0,Other_Amphibian,0.2017,2681.8,1772.6,2757.2,1886.3
/srv/shared_leopard_toad/2025/Documents/25.08-01.09.2025/3Z/104MEDIA/DSCF0849.JPG,DSCF0849.JPG,3Z/104MEDIA,0,Other_Amphibian,0.2372,2681.6,1772.2,2757.4,1886.8
/srv/shared_leopard_toad/2025/Documents/25.08-01.09.2025/3Z/104MEDIA/DSCF0633.JPG,DSCF0633.JPG,3Z/104MEDIA,0,Other_Amphibian,0.2786,2676.8,1772.4,2756.9,1886.5
/srv/shared_leopard_toad/2025/Documents/25.08-01.09.2025/3Z/104MEDIA/DSCF0918.JPG,DSCF0918.JPG,3Z/104MEDIA,0,Other_Amphibian,0.2297,2677.7,1772.0,2756.0,1887.0
/srv/shared_leopard_toad/2025/Documents/25.08-01.09.2025/3Z/104MEDIA/DSCF0801.JPG,DSCF0801.JPG,3Z/104MEDIA,0,Other_Amphibian,0.2051,2679.7,1772.0,2754.1,1887.0
/srv/shared_leopard_toad/2025/Documents/25.08-01.09.2025/3Z/104MEDIA/DSCF0813.JPG,DSCF0813.JPG,3Z/104MEDIA,0,Other_Amphibian,0.3379,2676.8,1772.5,2756.9,1886.4
/srv/shared_leopard_toad/2025/Documents/25.08-01.09.2025/3Z/104MEDIA/DSCF0813.JPG,DSCF0813.JPG,3Z/104MEDIA,0,Other_Amphibian,0.2283,2678.2,1772.1,2755.6,1886.9
/srv/shared_leopard_toad/2025/Documents/25.08-01.09.2025/3Z/104MEDIA/DSCF0830.JPG,DSCF0830.JPG,3Z/104MEDIA,0,Other_Amphibian,0.2917,2677.3,1772.3,2756.5,1886.6
/srv/shared_leopard_toad/2025/Documents/25.08-01.09.2025/3Z/104MEDIA/DSCF0319.JPG,DSCF0319.JPG,3Z/104MEDIA,0,Other_Amphibian,0.2974,2675.4,1773.0,2758.3,1885.9
/srv/shared_leopard_toad/2025/Documents/25.08-01.09.2025/3Z/104MEDIA/DSCF0013.JPG,DSCF0013.JPG,3Z/104MEDIA,0,Other_Amphibian,0.2125,2676.1,1781.1,2752.4,1892.6
/srv/shared_leopard_toad/2025/Documents/25.08-01.09.2025/3Z/104MEDIA/DSCF0876.JPG,DSCF0876.JPG,3Z/104MEDIA,0,Other_Amphibian,0.2051,2678.9,1772.8,2754.8,1886.1
/srv/shared_leopard_toad/2025/Documents/25.08-01.09.2025/3Z/104MEDIA/DSCF0108.JPG,DSCF0108.JPG,3Z/104MEDIA,0,Other_Amphibian,0.2074,2677.9,1778.3,2755.9,1895.4
/srv/shared_leopard_toad/2025/Documents/25.08-01.09.2025/3Z/104MEDIA/DSCF0901.JPG,DSCF0901.JPG,3Z/104MEDIA,0,Other_Amphibian,0.2581,2678.8,1772.0,2755.0,1887.0
/srv/shared_leopard_toad/2025/Documents/25.08-01.09.2025/3Z/104MEDIA/DSCF0079.JPG,DSCF0079.JPG,3Z/104MEDIA,0,Other_Amphibian,0.3228,2676.0,1780.0,2752.5,1893.7
/srv/shared_leopard_toad/2025/Documents/25.08-01.09.2025/3Z/104MEDIA/DSCF0542.JPG,DSCF0542.JPG,3Z/104MEDIA,0,Other_Amphibian,0.2878,2679.4,1772.2,2759.6,1886.8
/srv/shared_leopard_toad/2025/Documents/25.08-01.09.2025/3Z/104MEDIA/DSCF0961.JPG,DSCF0961.JPG,3Z/104MEDIA,0,Other_Amphibian,0.2688,2679.6,1772.6,2759.4,1889.3
/srv/shared_leopard_toad/2025/Documents/25.08-01.09.2025/3Z/104MEDIA/DSCF0961.JPG,DSCF0961.JPG,3Z/104MEDIA,0,Other_Amphibian,0.2483,2678.5,1771.7,2760.5,1887.2
/srv/shared_leopard_toad/2025/Documents/25.08-01.09.2025/3Z/104MEDIA/DSCF0804.JPG,DSCF0804.JPG,3Z/104MEDIA,0,Other_Amphibian,0.2769,2679.2,1772.5,2754.5,1886.4
/srv/shared_leopard_toad/2025/Documents/25.08-01.09.2025/3Z/104MEDIA/DSCF0915.JPG,DSCF0915.JPG,3Z/104MEDIA,0,Other_Amphibian,0.2026,2678.5,1772.7,2755.3,1886.2
/srv/shared_leopard_toad/2025/Documents/25.08-01.09.2025/3Z/104MEDIA/DSCF0627.JPG,DSCF0627.JPG,3Z/104MEDIA,0,Other_Amphibian,0.2708,2681.0,1772.5,2758.0,1886.4
/srv/shared_leopard_toad/2025/Documents/25.08-01.09.2025/3Z/104MEDIA/DSCF0627.JPG,DSCF0627.JPG,3Z/104MEDIA,0,Other_Amphibian,0.2233,2682.0,1772.1,2757.0,1886.9
/srv/shared_leopard_toad/2025/Documents/25.08-01.09.2025/3Z/104MEDIA/DSCF0764.JPG,DSCF0764.JPG,3Z/104MEDIA,0,Other_Amphibian,0.2544,2678.9,1771.8,2754.8,1887.1
/srv/shared_leopard_toad/2025/Documents/25.08-01.09.2025/3Z/104MEDIA/DSCF0563.JPG,DSCF0563.JPG,3Z/104MEDIA,0,Other_Amphibian,0.2173,2679.9,1772.0,2759.1,1887.0
/srv/shared_leopard_toad/2025/Documents/25.08-01.09.2025/3Z/104MEDIA/DSCF0470.JPG,DSCF0470.JPG,3Z/104MEDIA,0,Other_Amphibian,0.2800,2677.3,1772.9,2756.5,1886.0
/srv/shared_leopard_toad/2025/Documents/25.08-01.09.2025/3Z/104MEDIA/DSCF0710.JPG,DSCF0710.JPG,3Z/104MEDIA,0,Other_Amphibian,0.2539,2678.5,1772.0,2755.3,1887.0
/srv/shared_leopard_toad/2025/Documents/25.08-01.09.2025/3Z/104MEDIA/DSCF0850.JPG,DSCF0850.JPG,3Z/104MEDIA,0,Other_Amphibian,0.2069,2678.8,1772.4,2755.0,1886.5
/srv/shared_leopard_toad/2025/Documents/25.08-01.09.2025/3Z/104MEDIA/DSCF0022.JPG,DSCF0022.JPG,3Z/104MEDIA,0,Other_Amphibian,0.3318,2676.5,1779.0,2752.0,1891.7
/srv/shared_leopard_toad/2025/Documents/25.08-01.09.2025/3Z/104MEDIA/DSCF0011.JPG,DSCF0011.JPG,3Z/104MEDIA,0,Other_Amphibian,0.3477,2675.6,1779.9,2752.9,1893.8
/srv/shared_leopard_toad/2025/Documents/25.08-01.09.2025/3Z/104MEDIA/DSCF0894.JPG,DSCF0894.JPG,3Z/104MEDIA,0,Other_Amphibian,0.2216,2681.4,1772.3,2757.6,1886.6
/srv/shared_leopard_toad/2025/Documents/25.08-01.09.2025/3Z/104MEDIA/DSCF0289.JPG,DSCF0289.JPG,3Z/104MEDIA,0,Other_Amphibian,0.2462,2677.9,1771.5,2755.9,1887.4
/srv/shared_leopard_toad/2025/Documents/25.08-01.09.2025/3Z/104MEDIA/DSCF0017.JPG,DSCF0017.JPG,3Z/104MEDIA,0,Other_Amphibian,0.2598,2678.5,1781.0,2755.3,1895.6
/srv/shared_leopard_toad/2025/Documents/25.08-01.09.2025/3Z/104MEDIA/DSCF0726.JPG,DSCF0726.JPG,3Z/104MEDIA,0,Other_Amphibian,0.2015,2680.7,1772.2,2758.3,1886.8
/srv/shared_leopard_toad/2025/Documents/25.08-01.09.2025/3Z/104MEDIA/DSCF0779.JPG,DSCF0779.JPG,3Z/104MEDIA,0,Other_Amphibian,0.2747,2678.6,1772.3,2755.1,1886.6
/srv/shared_leopard_toad/2025/Documents/25.08-01.09.2025/3Z/104MEDIA/DSCF0779.JPG,DSCF0779.JPG,3Z/104MEDIA,0,Other_Amphibian,0.2148,2676.8,1772.3,2756.9,1886.6
/srv/shared_leopard_toad/2025/Documents/25.08-01.09.2025/3Z/104MEDIA/DSCF0043.JPG,DSCF0043.JPG,3Z/104MEDIA,0,Other_Amphibian,0.2123,2679.1,1780.0,2754.7,1893.7
/srv/shared_leopard_toad/2025/Documents/25.08-01.09.2025/3Z/104MEDIA/DSCF0887.JPG,DSCF0887.JPG,3Z/104MEDIA,0,Other_Amphibian,0.2173,2682.1,1772.4,2756.9,1886.5
/srv/shared_leopard_toad/2025/Documents/25.08-01.09.2025/3Z/104MEDIA/DSCF0456.JPG,DSCF0456.JPG,3Z/104MEDIA,0,Other_Amphibian,0.2646,2678.8,1772.3,2760.2,1886.6
/srv/shared_leopard_toad/2025/Documents/25.08-01.09.2025/3Z/104MEDIA/DSCF0976.JPG,DSCF0976.JPG,3Z/104MEDIA,0,Other_Amphibian,0.2441,2677.4,1772.1,2756.3,1886.9
/srv/shared_leopard_toad/2025/Documents/25.08-01.09.2025/3Z/104MEDIA/DSCF0428.JPG,DSCF0428.JPG,3Z/104MEDIA,0,Other_Amphibian,0.2786,2678.2,1772.6,2755.6,1889.3
/srv/shared_leopard_toad/2025/Documents/25.08-01.09.2025/3Z/104MEDIA/DSCF0046.JPG,DSCF0046.JPG,3Z/104MEDIA,0,Other_Amphibian,0.2009,2678.6,1779.4,2755.1,1894.2
/srv/shared_leopard_toad/2025/Documents/25.08-01.09.2025/3Z/104MEDIA/DSCF0071.JPG,DSCF0071.JPG,3Z/104MEDIA,0,Other_Amphibian,0.2898,2675.9,1780.8,2752.6,1892.9
/srv/shared_leopard_toad/2025/Documents/25.08-01.09.2025/3Z/104MEDIA/DSCF0028.JPG,DSCF0028.JPG,3Z/104MEDIA,0,Other_Amphibian,0.2179,2675.6,1779.0,2752.9,1894.7
/srv/shared_leopard_toad/2025/Documents/25.08-01.09.2025/3Z/104MEDIA/DSCF0694.JPG,DSCF0694.JPG,3Z/104MEDIA,0,Other_Amphibian,0.3845,2679.9,1772.7,2759.1,1886.2
/srv/shared_leopard_toad/2025/Documents/25.08-01.09.2025/3Z/104MEDIA/DSCF0032.JPG,DSCF0032.JPG,3Z/104MEDIA,0,Other_Amphibian,0.2520,2678.5,1779.7,2755.3,1894.0
/srv/shared_leopard_toad/2025/Documents/25.08-01.09.2025/3Z/104MEDIA/DSCF0102.JPG,DSCF0102.JPG,3Z/104MEDIA,0,Other_Amphibian,0.2147,2674.6,1776.8,2753.9,1894.0
/srv/shared_leopard_toad/2025/Documents/25.08-01.09.2025/3Z/104MEDIA/DSCF0021.JPG,DSCF0021.JPG,3Z/104MEDIA,0,Other_Amphibian,0.2402,2678.3,1779.7,2755.4,1894.0
/srv/shared_leopard_toad/2025/Documents/25.08-01.09.2025/3Z/104MEDIA/DSCF0054.JPG,DSCF0054.JPG,3Z/104MEDIA,0,Other_Amphibian,0.2388,2676.6,1780.4,2751.9,1893.3
/srv/shared_leopard_toad/2025/Documents/25.08-01.09.2025/3Z/104MEDIA/DSCF0815.JPG,DSCF0815.JPG,3Z/104MEDIA,0,Other_Amphibian,0.2747,2682.9,1771.4,2756.1,1887.5
/srv/shared_leopard_toad/2025/Documents/25.08-01.09.2025/3Z/104MEDIA/DSCF0569.JPG,DSCF0569.JPG,3Z/104MEDIA,0,Other_Amphibian,0.2100,2679.6,1773.2,2759.4,1888.7
/srv/shared_leopard_toad/2025/Documents/25.08-01.09.2025/3Z/104MEDIA/DSCF0569.JPG,DSCF0569.JPG,3Z/104MEDIA,0,Other_Amphibian,0.2024,2681.3,1772.9,2757.7,1889.0
/srv/shared_leopard_toad/2025/Documents/25.08-01.09.2025/3Z/104MEDIA/DSCF0974.JPG,DSCF0974.JPG,3Z/104MEDIA,0,Other_Amphibian,0.3008,2682.3,1773.2,2756.7,1885.7
/srv/shared_leopard_toad/2025/Documents/25.08-01.09.2025/3Z/104MEDIA/DSCF0831.JPG,DSCF0831.JPG,3Z/104MEDIA,0,Other_Amphibian,0.3401,2677.7,1772.7,2756.0,1886.2
/srv/shared_leopard_toad/2025/Documents/25.08-01.09.2025/3Z/104MEDIA/DSCF0066.JPG,DSCF0066.JPG,3Z/104MEDIA,0,Other_Amphibian,0.2129,2679.5,1780.3,2754.2,1893.4
/srv/shared_leopard_toad/2025/Documents/25.08-01.09.2025/3Z/104MEDIA/DSCF0797.JPG,DSCF0797.JPG,3Z/104MEDIA,0,Other_Amphibian,0.2466,2677.0,1771.1,2756.8,1887.8
/srv/shared_leopard_toad/2025/Documents/25.08-01.09.2025/3Z/104MEDIA/DSCF0797.JPG,DSCF0797.JPG,3Z/104MEDIA,0,Other_Amphibian,0.2355,2678.9,1770.8,2754.8,1888.2
/srv/shared_leopard_toad/2025/Documents/25.08-01.09.2025/3Z/104MEDIA/DSCF0665.JPG,DSCF0665.JPG,3Z/104MEDIA,0,Other_Amphibian,0.2252,2676.5,1771.5,2757.2,1887.4
/srv/shared_leopard_toad/2025/Documents/25.08-01.09.2025/3Z/104MEDIA/DSCF0776.JPG,DSCF0776.JPG,3Z/104MEDIA,0,Other_Amphibian,0.2256,2679.3,1772.6,2759.7,1886.3
/srv/shared_leopard_toad/2025/Documents/25.08-01.09.2025/3Z/104MEDIA/DSCF0957.JPG,DSCF0957.JPG,3Z/104MEDIA,0,Other_Amphibian,0.2158,2682.1,1772.5,2756.9,1886.4
/srv/shared_leopard_toad/2025/Documents/25.08-01.09.2025/3Z/104MEDIA/DSCF0557.JPG,DSCF0557.JPG,3Z/104MEDIA,0,Other_Amphibian,0.2255,2681.0,1773.2,2758.0,1888.7
/srv/shared_leopard_toad/2025/Documents/25.08-01.09.2025/3Z/104MEDIA/DSCF0766.JPG,DSCF0766.JPG,3Z/104MEDIA,0,Other_Amphibian,0.2198,2676.8,1772.4,2756.9,1886.5
/srv/shared_leopard_toad/2025/Documents/25.08-01.09.2025/3Z/104MEDIA/DSCF0995.JPG,DSCF0995.JPG,3Z/104MEDIA,0,Other_Amphibian,0.2158,2679.9,1772.7,2759.1,1886.2
/srv/shared_leopard_toad/2025/Documents/25.08-01.09.2025/3Z/104MEDIA/DSCF0897.JPG,DSCF0897.JPG,3Z/104MEDIA,0,Other_Amphibian,0.2096,2682.0,1772.3,2757.0,1886.6
/srv/shared_leopard_toad/2025/Documents/25.08-01.09.2025/3Z/104MEDIA/DSCF0002.JPG,DSCF0002.JPG,3Z/104MEDIA,0,Other_Amphibian,0.2937,2676.3,1778.6,2752.2,1895.1
/srv/shared_leopard_toad/2025/Documents/25.08-01.09.2025/3Z/104MEDIA/DSCF0751.JPG,DSCF0751.JPG,3Z/104MEDIA,0,Other_Amphibian,0.3074,2678.2,1770.8,2755.6,1885.2
/srv/shared_leopard_toad/2025/Documents/25.08-01.09.2025/3Z/104MEDIA/DSCF0751.JPG,DSCF0751.JPG,3Z/104MEDIA,0,Other_Amphibian,0.2671,2677.0,1770.9,2756.8,1885.1
/srv/shared_leopard_toad/2025/Documents/25.08-01.09.2025/3Z/104MEDIA/DSCF0578.JPG,DSCF0578.JPG,3Z/104MEDIA,0,Other_Amphibian,0.2213,2679.5,1772.7,2754.2,1886.2
/srv/shared_leopard_toad/2025/Documents/25.08-01.09.2025/3Z/104MEDIA/DSCF0847.JPG,DSCF0847.JPG,3Z/104MEDIA,0,Other_Amphibian,0.2260,2677.4,1773.8,2756.3,1888.1
/srv/shared_leopard_toad/2025/Documents/25.08-01.09.2025/3Z/104MEDIA/DSCF0585.JPG,DSCF0585.JPG,3Z/104MEDIA,0,Other_Amphibian,0.3799,2678.8,1772.4,2760.2,1886.5
/srv/shared_leopard_toad/2025/Documents/25.08-01.09.2025/3Z/104MEDIA/DSCF0585.JPG,DSCF0585.JPG,3Z/104MEDIA,0,Other_Amphibian,0.2566,2677.1,1771.8,2756.6,1887.1
/srv/shared_leopard_toad/2025/Documents/25.08-01.09.2025/3Z/104MEDIA/DSCF0641.JPG,DSCF0641.JPG,3Z/104MEDIA,0,Other_Amphibian,0.3601,2678.5,1772.2,2760.5,1886.8
/srv/shared_leopard_toad/2025/Documents/25.08-01.09.2025/3Z/104MEDIA/DSCF0471.JPG,DSCF0471.JPG,3Z/104MEDIA,0,Other_Amphibian,0.2009,2678.0,1771.5,2761.0,1887.4
/srv/shared_leopard_toad/2025/Documents/25.08-01.09.2025/3Z/104MEDIA/DSCF0147.JPG,DSCF0147.JPG,3Z/104MEDIA,0,Other_Amphibian,0.2346,2679.1,1784.5,2754.7,1895.1
/srv/shared_leopard_toad/2025/Documents/25.08-01.09.2025/3Z/104MEDIA/DSCF0326.JPG,DSCF0326.JPG,3Z/104MEDIA,0,Other_Amphibian,0.2294,2679.4,1773.9,2759.6,1888.0
/srv/shared_leopard_toad/2025/Documents/25.08-01.09.2025/3Z/104MEDIA/DSCF0103.JPG,DSCF0103.JPG,3Z/104MEDIA,0,Other_Amphibian,0.2534,2675.1,1780.4,2753.4,1893.3
/srv/shared_leopard_toad/2025/Documents/25.08-01.09.2025/3Z/104MEDIA/DSCF0070.JPG,DSCF0070.JPG,3Z/104MEDIA,0,Other_Amphibian,0.2433,2677.6,1778.1,2756.2,1892.7
/srv/shared_leopard_toad/2025/Documents/25.08-01.09.2025/3Z/104MEDIA/DSCF0092.JPG,DSCF0092.JPG,3Z/104MEDIA,0,Other_Amphibian,0.2561,2679.2,1779.7,2754.5,1894.0
/srv/shared_leopard_toad/2025/Documents/25.08-01.09.2025/3Z/104MEDIA/DSCF0948.JPG,DSCF0948.JPG,3Z/104MEDIA,0,Other_Amphibian,0.2080,2677.6,1772.4,2756.2,1886.5
/srv/shared_leopard_toad/2025/Documents/25.08-01.09.2025/3Z/104MEDIA/DSCF0042.JPG,DSCF0042.JPG,3Z/104MEDIA,0,Other_Amphibian,0.2142,2676.0,1780.3,2752.5,1893.4
/srv/shared_leopard_toad/2025/Documents/25.08-01.09.2025/3Z/104MEDIA/DSCF0010.JPG,DSCF0010.JPG,3Z/104MEDIA,0,Other_Amphibian,0.2732,2679.1,1780.5,2754.7,1893.2
/srv/shared_leopard_toad/2025/Documents/25.08-01.09.2025/3Z/104MEDIA/DSCF0935.JPG,DSCF0935.JPG,3Z/104MEDIA,0,Other_Amphibian,0.2098,2675.9,1773.9,2757.9,1888.0
/srv/shared_leopard_toad/2025/Documents/25.08-01.09.2025/3Z/104MEDIA/DSCF0064.JPG,DSCF0064.JPG,3Z/104MEDIA,0,Other_Amphibian,0.3396,2678.2,1778.9,2755.6,1894.8
/srv/shared_leopard_toad/2025/Documents/25.08-01.09.2025/3Z/104MEDIA/DSCF0101.JPG,DSCF0101.JPG,3Z/104MEDIA,0,Other_Amphibian,0.2118,2676.8,1778.5,2756.9,1895.2
/srv/shared_leopard_toad/2025/Documents/25.08-01.09.2025/3Z/104MEDIA/DSCF0728.JPG,DSCF0728.JPG,3Z/104MEDIA,0,Other_Amphibian,0.2034,2682.4,1773.2,2756.6,1885.7
/srv/shared_leopard_toad/2025/Documents/25.08-01.09.2025/3Z/104MEDIA/DSCF0664.JPG,DSCF0664.JPG,3Z/104MEDIA,0,Other_Amphibian,0.2937,2681.3,1772.9,2757.7,1886.0
/srv/shared_leopard_toad/2025/Documents/25.08-01.09.2025/3Z/104MEDIA/DSCF0664.JPG,DSCF0664.JPG,3Z/104MEDIA,0,Other_Amphibian,0.2073,2682.3,1770.8,2756.7,1885.2
/srv/shared_leopard_toad/2025/Documents/25.08-01.09.2025/3Z/104MEDIA/DSCF0105.JPG,DSCF0105.JPG,3Z/104MEDIA,0,Other_Amphibian,0.3037,2674.6,1777.6,2753.9,1893.1
/srv/shared_leopard_toad/2025/Documents/25.08-01.09.2025/3Z/104MEDIA/DSCF0808.JPG,DSCF0808.JPG,3Z/104MEDIA,0,Other_Amphibian,0.2056,2678.7,1772.4,2760.3,1886.5
/srv/shared_leopard_toad/2025/Documents/25.08-01.09.2025/3Z/104MEDIA/DSCF0027.JPG,DSCF0027.JPG,3Z/104MEDIA,0,Other_Amphibian,0.2286,2675.7,1780.9,2752.8,1895.7
/srv/shared_leopard_toad/2025/Documents/25.08-01.09.2025/3Z/104MEDIA/DSCF0082.JPG,DSCF0082.JPG,3Z/104MEDIA,0,Other_Amphibian,0.2708,2675.9,1779.7,2752.6,1894.0
/srv/shared_leopard_toad/2025/Documents/25.08-01.09.2025/3Z/104MEDIA/DSCF0990.JPG,DSCF0990.JPG,3Z/104MEDIA,0,Other_Amphibian,0.2734,2674.6,1771.3,2759.1,1887.6
/srv/shared_leopard_toad/2025/Documents/25.08-01.09.2025/3Z/104MEDIA/DSCF0990.JPG,DSCF0990.JPG,3Z/104MEDIA,0,Other_Amphibian,0.2246,2675.9,1770.9,2757.9,1888.1
/srv/shared_leopard_toad/2025/Documents/25.08-01.09.2025/3Z/104MEDIA/DSCF0109.JPG,DSCF0109.JPG,3Z/104MEDIA,0,Other_Amphibian,0.2213,2674.5,1779.0,2754.0,1894.7
/srv/shared_leopard_toad/2025/Documents/25.08-01.09.2025/3Z/104MEDIA/DSCF0843.JPG,DSCF0843.JPG,3Z/104MEDIA,0,Other_Amphibian,0.4131,2676.4,1772.8,2757.4,1886.1
/srv/shared_leopard_toad/2025/Documents/25.08-01.09.2025/3Z/104MEDIA/DSCF0310.JPG,DSCF0310.JPG,3Z/104MEDIA,0,Other_Amphibian,0.2338,2681.4,1771.8,2757.6,1887.1
/srv/shared_leopard_toad/2025/Documents/25.08-01.09.2025/3Z/104MEDIA/DSCF0860.JPG,DSCF0860.JPG,3Z/104MEDIA,0,Other_Amphibian,0.3320,2678.2,1772.0,2755.6,1887.0
/srv/shared_leopard_toad/2025/Documents/25.08-01.09.2025/3Z/104MEDIA/DSCF0860.JPG,DSCF0860.JPG,3Z/104MEDIA,0,Other_Amphibian,0.2043,2676.7,1772.1,2757.1,1886.9
/srv/shared_leopard_toad/2025/Documents/25.08-01.09.2025/3Z/104MEDIA/DSCF0638.JPG,DSCF0638.JPG,3Z/104MEDIA,0,Other_Amphibian,0.2976,2680.2,1772.7,2758.8,1886.2
/srv/shared_leopard_toad/2025/Documents/25.08-01.09.2025/3Z/104MEDIA/DSCF0084.JPG,DSCF0084.JPG,3Z/104MEDIA,0,Other_Amphibian,0.2198,2675.7,1779.5,2752.8,1894.2
/srv/shared_leopard_toad/2025/Documents/25.08-01.09.2025/3Z/104MEDIA/DSCF0014.JPG,DSCF0014.JPG,3Z/104MEDIA,0,Other_Amphibian,0.2114,2676.1,1780.0,2752.4,1893.7
/srv/shared_leopard_toad/2025/Documents/25.08-01.09.2025/3Z/104MEDIA/DSCF0009.JPG,DSCF0009.JPG,3Z/104MEDIA,0,Other_Amphibian,0.2852,2678.0,1778.5,2755.7,1895.2
/srv/shared_leopard_toad/2025/Documents/25.08-01.09.2025/3Z/104MEDIA/DSCF0702.JPG,DSCF0702.JPG,3Z/104MEDIA,0,Other_Amphibian,0.2185,2676.0,1772.8,2757.7,1886.1
/srv/shared_leopard_toad/2025/Documents/25.08-01.09.2025/3Z/104MEDIA/DSCF0361.JPG,DSCF0361.JPG,3Z/104MEDIA,0,Other_Amphibian,0.2285,2677.0,1772.0,2756.8,1887.0
/srv/shared_leopard_toad/2025/Documents/25.08-01.09.2025/3Z/104MEDIA/DSCF0762.JPG,DSCF0762.JPG,3Z/104MEDIA,0,Other_Amphibian,0.2888,2677.9,1772.8,2755.9,1886.1
/srv/shared_leopard_toad/2025/Documents/25.08-01.09.2025/3Z/104MEDIA/DSCF0992.JPG,DSCF0992.JPG,3Z/104MEDIA,0,Other_Amphibian,0.2864,2680.7,1772.5,2758.3,1886.4
/srv/shared_leopard_toad/2025/Documents/25.08-01.09.2025/3Z/102MEDIA/DSCF0823.JPG,DSCF0823.JPG,3Z/102MEDIA,2,Western_Leopard_Toad,0.2559,5244.2,1444.0,5371.3,1704.0
/srv/shared_leopard_toad/2025/Documents/25.08-01.09.2025/3Z/101MEDIA/DSCF0141.JPG,DSCF0141.JPG,3Z/101MEDIA,0,Other_Amphibian,0.3596,3566.6,1357.1,4003.9,1678.7
/srv/shared_leopard_toad/2025/Documents/25.08-01.09.2025/3Z/101MEDIA/DSCF0089.JPG,DSCF0089.JPG,3Z/101MEDIA,2,Western_Leopard_Toad,0.3875,5282.8,1463.6,5374.7,1752.4
/srv/shared_leopard_toad/2025/Documents/25.08-01.09.2025/3Z/101MEDIA/DSCF0336.JPG,DSCF0336.JPG,3Z/101MEDIA,2,Western_Leopard_Toad,0.2732,5259.8,1469.9,5371.4,1725.4
/srv/shared_leopard_toad/2025/Documents/25.08-01.09.2025/3Z/101MEDIA/DSCF0194.JPG,DSCF0194.JPG,3Z/101MEDIA,2,Western_Leopard_Toad,0.3960,5261.5,1471.7,5375.0,1729.5
/srv/shared_leopard_toad/2025/Documents/25.08-01.09.2025/3Z/101MEDIA/DSCF0033.JPG,DSCF0033.JPG,3Z/101MEDIA,2,Western_Leopard_Toad,0.2871,5267.6,1470.8,5374.2,1848.5
/srv/shared_leopard_toad/2025/Documents/25.08-01.09.2025/3Z/101MEDIA/DSCF0230.JPG,DSCF0230.JPG,3Z/101MEDIA,0,Other_Amphibian,0.2058,3275.7,1477.1,3486.3,1877.6
/srv/shared_leopard_toad/2025/Documents/25.08-01.09.2025/3Z/101MEDIA/DSCF0237.JPG,DSCF0237.JPG,3Z/101MEDIA,0,Other_Amphibian,0.4773,2717.2,2592.0,3000.0,2832.9
/srv/shared_leopard_toad/2025/Documents/25.08-01.09.2025/3Z/101MEDIA/DSCF0134.JPG,DSCF0134.JPG,3Z/101MEDIA,2,Western_Leopard_Toad,0.2817,5286.2,1471.5,5371.3,1747.4
/srv/shared_leopard_toad/2025/Documents/25.08-01.09.2025/3Z/101MEDIA/DSCF0095.JPG,DSCF0095.JPG,3Z/101MEDIA,0,Other_Amphibian,0.2152,2214.0,1029.8,2469.0,1400.6
/srv/shared_leopard_toad/2025/Documents/25.08-01.09.2025/3Z/101MEDIA/DSCF0091.JPG,DSCF0091.JPG,3Z/101MEDIA,0,Other_Amphibian,0.2527,3795.9,1270.2,4021.3,1564.8
/srv/shared_leopard_toad/2025/Documents/25.08-01.09.2025/3Z/101MEDIA/DSCF0191.JPG,DSCF0191.JPG,3Z/101MEDIA,0,Other_Amphibian,0.3962,3211.6,983.2,3434.9,1369.0
/srv/shared_leopard_toad/2025/Documents/25.08-01.09.2025/3Z/101MEDIA/DSCF0144.JPG,DSCF0144.JPG,3Z/101MEDIA,0,Other_Amphibian,0.2759,4073.4,1301.3,4337.1,1533.7
/srv/shared_leopard_toad/2025/Documents/25.08-01.09.2025/3Z/101MEDIA/DSCF0025.JPG,DSCF0025.JPG,3Z/101MEDIA,0,Other_Amphibian,0.3171,4400.2,872.0,4661.3,1111.0
/srv/shared_leopard_toad/2025/Documents/25.08-01.09.2025/3Z/101MEDIA/DSCF0098.JPG,DSCF0098.JPG,3Z/101MEDIA,2,Western_Leopard_Toad,0.3604,5271.4,1461.6,5375.6,1854.7
/srv/shared_leopard_toad/2025/Documents/25.08-01.09.2025/3Z/101MEDIA/DSCF0022.JPG,DSCF0022.JPG,3Z/101MEDIA,0,Other_Amphibian,0.6201,3231.1,721.9,3457.4,1051.4
/srv/shared_leopard_toad/2025/Documents/25.08-01.09.2025/3Z/101MEDIA/DSCF0022.JPG,DSCF0022.JPG,3Z/101MEDIA,2,Western_Leopard_Toad,0.3123,5268.5,1476.2,5373.3,1840.2
/srv/shared_leopard_toad/2025/Documents/25.08-01.09.2025/3Z/101MEDIA/DSCF0395.JPG,DSCF0395.JPG,3Z/101MEDIA,2,Western_Leopard_Toad,0.2581,-3.8,154.1,113.5,373.8
/srv/shared_leopard_toad/2025/Documents/25.08-01.09.2025/3Z/101MEDIA/DSCF0011.JPG,DSCF0011.JPG,3Z/101MEDIA,0,Other_Amphibian,0.2903,4351.4,2489.7,4489.6,2752.1
/srv/shared_leopard_toad/2025/Documents/25.08-01.09.2025/3Z/101MEDIA/DSCF0043.JPG,DSCF0043.JPG,3Z/101MEDIA,0,Other_Amphibian,0.5942,4481.3,1602.6,4711.5,1899.8
/srv/shared_leopard_toad/2025/Documents/25.08-01.09.2025/3Z/101MEDIA/DSCF0126.JPG,DSCF0126.JPG,3Z/101MEDIA,0,Other_Amphibian,0.2319,3850.6,2325.2,4050.6,2585.8
/srv/shared_leopard_toad/2025/Documents/25.08-01.09.2025/3Z/101MEDIA/DSCF0032.JPG,DSCF0032.JPG,3Z/101MEDIA,2,Western_Leopard_Toad,0.5200,5285.2,1475.9,5372.3,1840.4
/srv/shared_leopard_toad/2025/Documents/25.08-01.09.2025/3Z/101MEDIA/DSCF0306.JPG,DSCF0306.JPG,3Z/101MEDIA,2,Western_Leopard_Toad,0.4890,5276.3,1463.1,5376.0,1856.2
/srv/shared_leopard_toad/2025/Documents/25.08-01.09.2025/3Z/101MEDIA/DSCF0294.JPG,DSCF0294.JPG,3Z/101MEDIA,0,Other_Amphibian,0.2350,2826.0,2532.7,2928.0,2641.2
/srv/shared_leopard_toad/2025/Documents/25.08-01.09.2025/3Z/101MEDIA/DSCF0037.JPG,DSCF0037.JPG,3Z/101MEDIA,2,Western_Leopard_Toad,0.4280,5284.7,1472.1,5372.8,1844.2
/srv/shared_leopard_toad/2025/Documents/25.08-01.09.2025/3Z/101MEDIA/DSCF0042.JPG,DSCF0042.JPG,3Z/101MEDIA,2,Western_Leopard_Toad,0.3909,5281.1,1476.2,5376.4,1837.2
/srv/shared_leopard_toad/2025/Documents/25.08-01.09.2025/3Z/101MEDIA/DSCF0217.JPG,DSCF0217.JPG,3Z/101MEDIA,0,Other_Amphibian,0.2913,4397.0,1546.3,4622.5,1832.0
/srv/shared_leopard_toad/2025/Documents/25.08-01.09.2025/3Z/101MEDIA/DSCF0197.JPG,DSCF0197.JPG,3Z/101MEDIA,0,Other_Amphibian,0.6807,2903.2,2351.7,3087.0,2662.7
/srv/shared_leopard_toad/2025/Documents/25.08-01.09.2025/3Z/101MEDIA/DSCF0081.JPG,DSCF0081.JPG,3Z/101MEDIA,2,Western_Leopard_Toad,0.3762,5274.9,1471.6,5377.4,1862.5
/srv/shared_leopard_toad/2025/Documents/25.08-01.09.2025/3Z/101MEDIA/DSCF0016.JPG,DSCF0016.JPG,3Z/101MEDIA,0,Other_Amphibian,0.2859,4151.6,1794.4,4321.9,2074.2
/srv/shared_leopard_toad/2025/Documents/25.08-01.09.2025/3Z/101MEDIA/DSCF0241.JPG,DSCF0241.JPG,3Z/101MEDIA,0,Other_Amphibian,0.8003,2567.8,2428.8,2747.8,2686.1
/srv/shared_leopard_toad/2025/Documents/25.08-01.09.2025/3Z/101MEDIA/DSCF0029.JPG,DSCF0029.JPG,3Z/101MEDIA,0,Other_Amphibian,0.2915,2293.4,922.3,2568.1,1175.9
/srv/shared_leopard_toad/2025/Documents/25.08-01.09.2025/3Z/101MEDIA/DSCF0367.JPG,DSCF0367.JPG,3Z/101MEDIA,0,Other_Amphibian,0.2053,2979.0,2555.6,3210.8,2706.9
/srv/shared_leopard_toad/2025/Documents/25.08-01.09.2025/3Z/100MEDIA/DSCF0537.JPG,DSCF0537.JPG,3Z/100MEDIA,2,Western_Leopard_Toad,0.3704,5255.7,1470.4,5375.5,1831.2
/srv/shared_leopard_toad/2025/Documents/25.08-01.09.2025/3Z/100MEDIA/DSCF0012.JPG,DSCF0012.JPG,3Z/100MEDIA,1,Small_Mammal,0.9424,-6.6,29.5,2139.4,2770.0
/srv/shared_leopard_toad/2025/Documents/25.08-01.09.2025/3Z/100MEDIA/DSCF0012.JPG,DSCF0012.JPG,3Z/100MEDIA,1,Small_Mammal,0.2729,-166.7,-3.7,2407.1,2828.4
/srv/shared_leopard_toad/2025/Documents/25.08-01.09.2025/3Z/100MEDIA/DSCF0012.JPG,DSCF0012.JPG,3Z/100MEDIA,1,Small_Mammal,0.2722,-104.3,9.6,2296.2,2807.7
/srv/shared_leopard_toad/2025/Documents/25.08-01.09.2025/3Z/100MEDIA/DSCF0488.JPG,DSCF0488.JPG,3Z/100MEDIA,2,Western_Leopard_Toad,0.3164,5275.1,1462.6,5377.1,1741.5
/srv/shared_leopard_toad/2025/Documents/25.08-01.09.2025/3Z/100MEDIA/DSCF0519.JPG,DSCF0519.JPG,3Z/100MEDIA,2,Western_Leopard_Toad,0.3545,5272.7,1466.4,5374.3,1847.0
/srv/shared_leopard_toad/2025/Documents/25.08-01.09.2025/3Z/100MEDIA/DSCF0589.JPG,DSCF0589.JPG,3Z/100MEDIA,0,Other_Amphibian,0.7778,3269.1,421.9,3540.1,725.4
/srv/shared_leopard_toad/2025/Documents/25.08-01.09.2025/3Z/100MEDIA/DSCF0279.JPG,DSCF0279.JPG,3Z/100MEDIA,2,Western_Leopard_Toad,0.4590,5274.5,1467.9,5377.7,1810.1
/srv/shared_leopard_toad/2025/Documents/25.08-01.09.2025/3Z/100MEDIA/DSCF0279.JPG,DSCF0279.JPG,3Z/100MEDIA,0,Other_Amphibian,0.2006,5274.5,1467.9,5377.7,1810.1
/srv/shared_leopard_toad/2025/Documents/25.08-01.09.2025/3Z/100MEDIA/DSCF0464.JPG,DSCF0464.JPG,3Z/100MEDIA,2,Western_Leopard_Toad,0.2686,5252.9,1474.0,5378.3,1827.6
/srv/shared_leopard_toad/2025/Documents/25.08-01.09.2025/3Z/100MEDIA/DSCF0001.JPG,DSCF0001.JPG,3Z/100MEDIA,1,Small_Mammal,0.2693,3369.8,-17.7,5434.4,2817.3
/srv/shared_leopard_toad/2025/Documents/25.08-01.09.2025/3Z/100MEDIA/DSCF0001.JPG,DSCF0001.JPG,3Z/100MEDIA,1,Small_Mammal,0.2205,3365.9,-26.6,5459.3,2823.2
/srv/shared_leopard_toad/2025/Documents/25.08-01.09.2025/3Z/100MEDIA/DSCF0001.JPG,DSCF0001.JPG,3Z/100MEDIA,1,Small_Mammal,0.2075,3789.8,-3.7,5465.9,2773.7
/srv/shared_leopard_toad/2025/Documents/25.08-01.09.2025/3Z/100MEDIA/DSCF0922.JPG,DSCF0922.JPG,3Z/100MEDIA,0,Other_Amphibian,0.6318,4266.0,2170.1,4443.8,2374.8
/srv/shared_leopard_toad/2025/Documents/25.08-01.09.2025/3Z/100MEDIA/DSCF0922.JPG,DSCF0922.JPG,3Z/100MEDIA,0,Other_Amphibian,0.6055,4269.1,2169.5,4445.9,2375.3
/srv/shared_leopard_toad/2025/Documents/25.08-01.09.2025/3Z/100MEDIA/DSCF0514.JPG,DSCF0514.JPG,3Z/100MEDIA,2,Western_Leopard_Toad,0.3291,5248.1,1473.4,5377.9,1851.8
/srv/shared_leopard_toad/2025/Documents/25.08-01.09.2025/3Z/100MEDIA/DSCF0562.JPG,DSCF0562.JPG,3Z/100MEDIA,2,Western_Leopard_Toad,0.3066,5241.3,1468.9,5379.5,1829.7
/srv/shared_leopard_toad/2025/Documents/25.08-01.09.2025/3Z/100MEDIA/DSCF0512.JPG,DSCF0512.JPG,3Z/100MEDIA,2,Western_Leopard_Toad,0.3726,5273.4,1470.5,5373.6,1848.8
/srv/shared_leopard_toad/2025/Documents/25.08-01.09.2025/3Z/100MEDIA/DSCF0565.JPG,DSCF0565.JPG,3Z/100MEDIA,2,Western_Leopard_Toad,0.3447,5258.4,1471.7,5378.1,1818.1
/srv/shared_leopard_toad/2025/Documents/25.08-01.09.2025/3Z/100MEDIA/DSCF0868.JPG,DSCF0868.JPG,3Z/100MEDIA,0,Other_Amphibian,0.2415,2695.2,2268.0,2785.8,2371.4
/srv/shared_leopard_toad/2025/Documents/25.08-01.09.2025/3Z/100MEDIA/DSCF0668.JPG,DSCF0668.JPG,3Z/100MEDIA,0,Other_Amphibian,0.4099,2798.2,523.6,3092.2,866.6
/srv/shared_leopard_toad/2025/Documents/25.08-01.09.2025/3Z/100MEDIA/DSCF0636.JPG,DSCF0636.JPG,3Z/100MEDIA,2,Western_Leopard_Toad,0.4956,5243.4,1471.6,5377.4,1838.9
/srv/shared_leopard_toad/2025/Documents/25.08-01.09.2025/3Z/100MEDIA/DSCF0636.JPG,DSCF0636.JPG,3Z/100MEDIA,0,Other_Amphibian,0.2065,5243.4,1471.6,5377.4,1838.9
/srv/shared_leopard_toad/2025/Documents/25.08-01.09.2025/3Z/100MEDIA/DSCF0089.JPG,DSCF0089.JPG,3Z/100MEDIA,2,Western_Leopard_Toad,0.3535,5264.6,1471.8,5377.1,1853.5
/srv/shared_leopard_toad/2025/Documents/25.08-01.09.2025/3Z/100MEDIA/DSCF0461.JPG,DSCF0461.JPG,3Z/100MEDIA,0,Other_Amphibian,0.3313,2024.0,957.9,2370.2,1231.8
/srv/shared_leopard_toad/2025/Documents/25.08-01.09.2025/3Z/100MEDIA/DSCF0458.JPG,DSCF0458.JPG,3Z/100MEDIA,0,Other_Amphibian,0.8403,3762.6,1429.3,3986.4,1686.2
/srv/shared_leopard_toad/2025/Documents/25.08-01.09.2025/3Z/100MEDIA/DSCF0233.JPG,DSCF0233.JPG,3Z/100MEDIA,0,Other_Amphibian,0.3076,4526.8,997.0,4744.7,1271.0
/srv/shared_leopard_toad/2025/Documents/25.08-01.09.2025/3Z/100MEDIA/DSCF0553.JPG,DSCF0553.JPG,3Z/100MEDIA,2,Western_Leopard_Toad,0.3940,5267.5,1472.9,5374.3,1840.5
/srv/shared_leopard_toad/2025/Documents/25.08-01.09.2025/3Z/100MEDIA/DSCF0539.JPG,DSCF0539.JPG,3Z/100MEDIA,0,Other_Amphibian,0.2261,4439.9,1790.2,4637.3,1960.3
/srv/shared_leopard_toad/2025/Documents/25.08-01.09.2025/3Z/100MEDIA/DSCF0681.JPG,DSCF0681.JPG,3Z/100MEDIA,2,Western_Leopard_Toad,0.4160,5264.5,1477.4,5377.2,1836.0
/srv/shared_leopard_toad/2025/Documents/25.08-01.09.2025/3Z/100MEDIA/DSCF0592.JPG,DSCF0592.JPG,3Z/100MEDIA,0,Other_Amphibian,0.6670,3980.2,417.6,4236.1,740.8
/srv/shared_leopard_toad/2025/Documents/25.08-01.09.2025/3Z/100MEDIA/DSCF0003.JPG,DSCF0003.JPG,3Z/100MEDIA,1,Small_Mammal,0.6987,172.6,1480.3,2583.7,2825.4
/srv/shared_leopard_toad/2025/Documents/25.08-01.09.2025/3Z/100MEDIA/DSCF0003.JPG,DSCF0003.JPG,3Z/100MEDIA,1,Small_Mammal,0.2469,73.5,349.2,2614.5,2798.8
/srv/shared_leopard_toad/2025/Documents/25.08-01.09.2025/3Z/100MEDIA/DSCF0003.JPG,DSCF0003.JPG,3Z/100MEDIA,1,Small_Mammal,0.2303,141.8,877.8,2588.2,2813.6
/srv/shared_leopard_toad/2025/Documents/25.08-01.09.2025/3Z/100MEDIA/DSCF0003.JPG,DSCF0003.JPG,3Z/100MEDIA,1,Small_Mammal,0.2147,59.7,372.8,2581.0,2798.8
/srv/shared_leopard_toad/2025/Documents/25.08-01.09.2025/3Z/100MEDIA/DSCF0003.JPG,DSCF0003.JPG,3Z/100MEDIA,1,Small_Mammal,0.2079,110.9,359.5,2569.2,2779.6
/srv/shared_leopard_toad/2025/Documents/25.08-01.09.2025/3Z/100MEDIA/DSCF0403.JPG,DSCF0403.JPG,3Z/100MEDIA,2,Western_Leopard_Toad,0.3245,5265.8,1471.4,5376.0,1853.8
/srv/shared_leopard_toad/2025/Documents/25.08-01.09.2025/3Z/100MEDIA/DSCF0353.JPG,DSCF0353.JPG,3Z/100MEDIA,2,Western_Leopard_Toad,0.2925,5263.0,1468.3,5378.7,1868.8
/srv/shared_leopard_toad/2025/Documents/25.08-01.09.2025/3Z/100MEDIA/DSCF0566.JPG,DSCF0566.JPG,3Z/100MEDIA,0,Other_Amphibian,0.2023,3549.7,-6.4,3758.3,69.6
/srv/shared_leopard_toad/2025/Documents/25.08-01.09.2025/3Z/100MEDIA/DSCF0445.JPG,DSCF0445.JPG,3Z/100MEDIA,0,Other_Amphibian,0.2805,1801.1,7.8,2199.4,336.7
/srv/shared_leopard_toad/2025/Documents/25.08-01.09.2025/3Z/100MEDIA/DSCF0994.JPG,DSCF0994.JPG,3Z/100MEDIA,2,Western_Leopard_Toad,0.3040,5263.7,1467.1,5372.8,1725.3
/srv/shared_leopard_toad/2025/Documents/25.08-01.09.2025/3Z/100MEDIA/DSCF0250.JPG,DSCF0250.JPG,3Z/100MEDIA,0,Other_Amphibian,0.8374,2882.1,2592.2,3071.4,2815.0
/srv/shared_leopard_toad/2025/Documents/25.08-01.09.2025/3Z/100MEDIA/DSCF0007.JPG,DSCF0007.JPG,3Z/100MEDIA,1,Small_Mammal,0.9111,7.9,51.7,1777.1,2790.7
/srv/shared_leopard_toad/2025/Documents/25.08-01.09.2025/3Z/100MEDIA/DSCF0007.JPG,DSCF0007.JPG,3Z/100MEDIA,1,Small_Mammal,0.2920,-63.7,-45.0,2230.6,2862.3
/srv/shared_leopard_toad/2025/Documents/25.08-01.09.2025/3Z/100MEDIA/DSCF0007.JPG,DSCF0007.JPG,3Z/100MEDIA,1,Small_Mammal,0.2573,-154.9,0.0,2328.4,2824.7
/srv/shared_leopard_toad/2025/Documents/25.08-01.09.2025/3Z/100MEDIA/DSCF0568.JPG,DSCF0568.JPG,3Z/100MEDIA,2,Western_Leopard_Toad,0.2881,5265.8,1476.1,5376.0,1852.1
/srv/shared_leopard_toad/2025/Documents/25.08-01.09.2025/3Z/100MEDIA/DSCF0662.JPG,DSCF0662.JPG,3Z/100MEDIA,2,Western_Leopard_Toad,0.3679,5261.0,1471.7,5375.5,1838.8
/srv/shared_leopard_toad/2025/Documents/25.08-01.09.2025/3Z/100MEDIA/DSCF0534.JPG,DSCF0534.JPG,3Z/100MEDIA,2,Western_Leopard_Toad,0.2949,5269.8,1470.3,5372.0,1719.1
/srv/shared_leopard_toad/2025/Documents/25.08-01.09.2025/3Z/100MEDIA/DSCF0732.JPG,DSCF0732.JPG,3Z/100MEDIA,2,Western_Leopard_Toad,0.2664,5248.4,1464.8,5377.6,1733.4
/srv/shared_leopard_toad/2025/Documents/25.08-01.09.2025/3Z/100MEDIA/DSCF0008.JPG,DSCF0008.JPG,3Z/100MEDIA,1,Small_Mammal,0.9360,696.3,575.1,3010.2,2835.7
/srv/shared_leopard_toad/2025/Documents/25.08-01.09.2025/3Z/100MEDIA/DSCF0564.JPG,DSCF0564.JPG,3Z/100MEDIA,2,Western_Leopard_Toad,0.2651,5216.8,1473.2,5383.0,1834.3
/srv/shared_leopard_toad/2025/Documents/25.08-01.09.2025/3Z/100MEDIA/DSCF0006.JPG,DSCF0006.JPG,3Z/100MEDIA,1,Small_Mammal,0.9087,3449.2,137.3,5349.8,2821.7
/srv/shared_leopard_toad/2025/Documents/25.08-01.09.2025/3Z/100MEDIA/DSCF0006.JPG,DSCF0006.JPG,3Z/100MEDIA,1,Small_Mammal,0.8057,3393.5,1804.4,5374.0,2852.7
/srv/shared_leopard_toad/2025/Documents/25.08-01.09.2025/3Z/100MEDIA/DSCF0608.JPG,DSCF0608.JPG,3Z/100MEDIA,2,Western_Leopard_Toad,0.3552,5256.7,1464.0,5374.5,1864.2
/srv/shared_leopard_toad/2025/Documents/25.08-01.09.2025/3Z/100MEDIA/DSCF0532.JPG,DSCF0532.JPG,3Z/100MEDIA,2,Western_Leopard_Toad,0.2915,5263.7,1465.3,5372.8,1724.1
/srv/shared_leopard_toad/2025/Documents/25.08-01.09.2025/3Z/100MEDIA/DSCF0532.JPG,DSCF0532.JPG,3Z/100MEDIA,0,Other_Amphibian,0.2017,5263.7,1465.3,5372.8,1724.1
/srv/shared_leopard_toad/2025/Documents/25.08-01.09.2025/3Z/100MEDIA/DSCF0556.JPG,DSCF0556.JPG,3Z/100MEDIA,2,Western_Leopard_Toad,0.3733,5257.4,1471.8,5373.8,1767.8
/srv/shared_leopard_toad/2025/Documents/25.08-01.09.2025/3Z/100MEDIA/DSCF0652.JPG,DSCF0652.JPG,3Z/100MEDIA,2,Western_Leopard_Toad,0.3174,5243.7,1472.8,5377.0,1790.4
/srv/shared_leopard_toad/2025/Documents/25.08-01.09.2025/3Z/100MEDIA/DSCF0315.JPG,DSCF0315.JPG,3Z/100MEDIA,2,Western_Leopard_Toad,0.3318,5276.8,1461.8,5375.4,1842.8
/srv/shared_leopard_toad/2025/Documents/25.08-01.09.2025/3Z/100MEDIA/DSCF0045.JPG,DSCF0045.JPG,3Z/100MEDIA,0,Other_Amphibian,0.2527,1864.2,1151.0,2073.3,1388.7
/srv/shared_leopard_toad/2025/Documents/25.08-01.09.2025/3Z/100MEDIA/DSCF0504.JPG,DSCF0504.JPG,3Z/100MEDIA,2,Western_Leopard_Toad,0.2786,5266.2,1469.2,5375.5,1823.6
/srv/shared_leopard_toad/2025/Documents/25.08-01.09.2025/3Z/100MEDIA/DSCF0637.JPG,DSCF0637.JPG,3Z/100MEDIA,2,Western_Leopard_Toad,0.2737,5236.0,1469.4,5374.2,1723.0
/srv/shared_leopard_toad/2025/Documents/25.08-01.09.2025/3Z/100MEDIA/DSCF0637.JPG,DSCF0637.JPG,3Z/100MEDIA,0,Other_Amphibian,0.2415,5236.0,1469.4,5374.2,1723.0
/srv/shared_leopard_toad/2025/Documents/25.08-01.09.2025/3Z/100MEDIA/DSCF0659.JPG,DSCF0659.JPG,3Z/100MEDIA,2,Western_Leopard_Toad,0.4839,5260.9,1472.1,5375.6,1847.2
/srv/shared_leopard_toad/2025/Documents/25.08-01.09.2025/3Z/100MEDIA/DSCF0096.JPG,DSCF0096.JPG,3Z/100MEDIA,0,Other_Amphibian,0.2654,2433.4,2382.6,2520.0,2478.2
/srv/shared_leopard_toad/2025/Documents/25.08-01.09.2025/3Z/100MEDIA/DSCF0502.JPG,DSCF0502.JPG,3Z/100MEDIA,2,Western_Leopard_Toad,0.2800,5257.6,1473.5,5373.6,1839.9
/srv/shared_leopard_toad/2025/Documents/25.08-01.09.2025/3Z/100MEDIA/DSCF0930.JPG,DSCF0930.JPG,3Z/100MEDIA,2,Western_Leopard_Toad,0.3010,5272.3,1462.6,5374.7,1732.7
/srv/shared_leopard_toad/2025/Documents/25.08-01.09.2025/3Z/100MEDIA/DSCF0731.JPG,DSCF0731.JPG,3Z/100MEDIA,2,Western_Leopard_Toad,0.2773,5255.7,1466.7,5375.5,1829.0
/srv/shared_leopard_toad/2025/Documents/25.08-01.09.2025/3Z/100MEDIA/DSCF0479.JPG,DSCF0479.JPG,3Z/100MEDIA,2,Western_Leopard_Toad,0.2874,5277.5,1464.5,5374.8,1789.9
/srv/shared_leopard_toad/2025/Documents/25.08-01.09.2025/3Z/100MEDIA/DSCF0307.JPG,DSCF0307.JPG,3Z/100MEDIA,0,Other_Amphibian,0.2256,1528.4,1444.1,1826.3,1733.5
/srv/shared_leopard_toad/2025/Documents/25.08-01.09.2025/3Z/100MEDIA/DSCF0582.JPG,DSCF0582.JPG,3Z/100MEDIA,2,Western_Leopard_Toad,0.3247,5239.5,1474.0,5381.2,1821.7
/srv/shared_leopard_toad/2025/Documents/25.08-01.09.2025/3Z/100MEDIA/DSCF0106.JPG,DSCF0106.JPG,3Z/100MEDIA,2,Western_Leopard_Toad,0.3601,5273.7,1470.1,5373.3,1849.2
/srv/shared_leopard_toad/2025/Documents/25.08-01.09.2025/3Z/100MEDIA/DSCF0576.JPG,DSCF0576.JPG,3Z/100MEDIA,0,Other_Amphibian,0.7734,3100.3,1309.8,3299.5,1579.8
/srv/shared_leopard_toad/2025/Documents/25.08-01.09.2025/3Z/100MEDIA/DSCF0607.JPG,DSCF0607.JPG,3Z/100MEDIA,2,Western_Leopard_Toad,0.3335,5266.9,1472.0,5374.8,1838.4
/srv/shared_leopard_toad/2025/Documents/25.08-01.09.2025/3Z/100MEDIA/DSCF0097.JPG,DSCF0097.JPG,3Z/100MEDIA,2,Western_Leopard_Toad,0.3518,5265.4,1476.1,5376.4,1822.5
/srv/shared_leopard_toad/2025/Documents/25.08-01.09.2025/3Z/100MEDIA/DSCF0536.JPG,DSCF0536.JPG,3Z/100MEDIA,2,Western_Leopard_Toad,0.2812,5246.7,1467.5,5374.1,1857.7
/srv/shared_leopard_toad/2025/Documents/25.08-01.09.2025/3Z/100MEDIA/DSCF0287.JPG,DSCF0287.JPG,3Z/100MEDIA,0,Other_Amphibian,0.2202,3019.0,1140.2,3186.5,1358.2
/srv/shared_leopard_toad/2025/Documents/25.08-01.09.2025/3Z/100MEDIA/DSCF0908.JPG,DSCF0908.JPG,3Z/100MEDIA,2,Western_Leopard_Toad,0.3818,5266.7,1469.3,5375.1,1737.8
/srv/shared_leopard_toad/2025/Documents/25.08-01.09.2025/3Z/100MEDIA/DSCF0892.JPG,DSCF0892.JPG,3Z/100MEDIA,0,Other_Amphibian,0.8760,3292.2,2387.5,3475.1,2635.8
/srv/shared_leopard_toad/2025/Documents/25.08-01.09.2025/3Z/100MEDIA/DSCF0655.JPG,DSCF0655.JPG,3Z/100MEDIA,2,Western_Leopard_Toad,0.3225,5245.5,1475.5,5375.3,1805.5
/srv/shared_leopard_toad/2025/Documents/25.08-01.09.2025/3Z/100MEDIA/DSCF0753.JPG,DSCF0753.JPG,3Z/100MEDIA,2,Western_Leopard_Toad,0.3372,5273.1,1436.9,5379.1,1847.0
/srv/shared_leopard_toad/2025/Documents/25.08-01.09.2025/3Z/100MEDIA/DSCF0629.JPG,DSCF0629.JPG,3Z/100MEDIA,2,Western_Leopard_Toad,0.4104,5240.9,1472.5,5379.9,1855.7
/srv/shared_leopard_toad/2025/Documents/25.08-01.09.2025/3Z/100MEDIA/DSCF0049.JPG,DSCF0049.JPG,3Z/100MEDIA,0,Other_Amphibian,0.2410,3240.2,735.8,3448.3,1052.3
/srv/shared_leopard_toad/2025/Documents/25.08-01.09.2025/3Z/100MEDIA/DSCF0533.JPG,DSCF0533.JPG,3Z/100MEDIA,2,Western_Leopard_Toad,0.3279,5244.1,1466.3,5371.4,1714.2
/srv/shared_leopard_toad/2025/Documents/25.08-01.09.2025/3Z/100MEDIA/DSCF0885.JPG,DSCF0885.JPG,3Z/100MEDIA,0,Other_Amphibian,0.3584,2523.4,2619.9,2789.6,2846.4
/srv/shared_leopard_toad/2025/Documents/25.08-01.09.2025/3Z/100MEDIA/DSCF0621.JPG,DSCF0621.JPG,3Z/100MEDIA,2,Western_Leopard_Toad,0.3413,5265.2,1466.2,5376.6,1847.2
/srv/shared_leopard_toad/2025/Documents/25.08-01.09.2025/3Z/100MEDIA/DSCF0786.JPG,DSCF0786.JPG,3Z/100MEDIA,0,Other_Amphibian,0.4675,3797.5,1241.1,4025.0,1515.6
/srv/shared_leopard_toad/2025/Documents/25.08-01.09.2025/3Z/100MEDIA/DSCF0691.JPG,DSCF0691.JPG,3Z/100MEDIA,2,Western_Leopard_Toad,0.4065,5268.4,1473.4,5373.4,1822.3
/srv/shared_leopard_toad/2025/Documents/25.08-01.09.2025/3Z/100MEDIA/DSCF0632.JPG,DSCF0632.JPG,3Z/100MEDIA,2,Western_Leopard_Toad,0.3267,5254.7,1471.4,5376.6,1815.4
/srv/shared_leopard_toad/2025/Documents/25.08-01.09.2025/3Z/100MEDIA/DSCF0516.JPG,DSCF0516.JPG,3Z/100MEDIA,2,Western_Leopard_Toad,0.5098,5265.7,1472.1,5376.0,1853.1
/srv/shared_leopard_toad/2025/Documents/25.08-01.09.2025/3Z/100MEDIA/DSCF0706.JPG,DSCF0706.JPG,3Z/100MEDIA,0,Other_Amphibian,0.3535,3877.3,1224.0,4076.5,1556.4
/srv/shared_leopard_toad/2025/Documents/25.08-01.09.2025/3Z/100MEDIA/DSCF0757.JPG,DSCF0757.JPG,3Z/100MEDIA,2,Western_Leopard_Toad,0.4487,5261.4,1456.4,5369.8,1768.5
/srv/shared_leopard_toad/2025/Documents/25.08-01.09.2025/3Z/100MEDIA/DSCF0613.JPG,DSCF0613.JPG,3Z/100MEDIA,2,Western_Leopard_Toad,0.5332,5272.4,1475.9,5374.6,1849.3
/srv/shared_leopard_toad/2025/Documents/25.08-01.09.2025/3Z/100MEDIA/DSCF0182.JPG,DSCF0182.JPG,3Z/100MEDIA,2,Western_Leopard_Toad,0.2859,5266.1,1471.4,5375.6,1853.8
/srv/shared_leopard_toad/2025/Documents/25.08-01.09.2025/3Z/100MEDIA/DSCF0689.JPG,DSCF0689.JPG,3Z/100MEDIA,2,Western_Leopard_Toad,0.3877,5271.0,1477.7,5376.0,1847.5
/srv/shared_leopard_toad/2025/Documents/25.08-01.09.2025/3Z/100MEDIA/DSCF0050.JPG,DSCF0050.JPG,3Z/100MEDIA,2,Western_Leopard_Toad,0.3352,5277.2,1473.1,5375.0,1849.1
/srv/shared_leopard_toad/2025/Documents/25.08-01.09.2025/3Z/100MEDIA/DSCF0760.JPG,DSCF0760.JPG,3Z/100MEDIA,2,Western_Leopard_Toad,0.2607,5243.8,1453.7,5376.9,1800.7
/srv/shared_leopard_toad/2025/Documents/25.08-01.09.2025/3Z/100MEDIA/DSCF0889.JPG,DSCF0889.JPG,3Z/100MEDIA,0,Other_Amphibian,0.2510,3414.8,2370.3,3515.2,2499.5
/srv/shared_leopard_toad/2025/Documents/25.08-01.09.2025/3Z/100MEDIA/DSCF0068.JPG,DSCF0068.JPG,3Z/100MEDIA,0,Other_Amphibian,0.2007,2450.9,717.1,2699.3,1059.2
/srv/shared_leopard_toad/2025/Documents/25.08-01.09.2025/3Z/100MEDIA/DSCF0693.JPG,DSCF0693.JPG,3Z/100MEDIA,0,Other_Amphibian,0.4060,2354.5,275.2,2622.5,596.7
/srv/shared_leopard_toad/2025/Documents/25.08-01.09.2025/3Z/100MEDIA/DSCF0947.JPG,DSCF0947.JPG,3Z/100MEDIA,2,Western_Leopard_Toad,0.3655,5276.7,1463.7,5375.5,1784.7
/srv/shared_leopard_toad/2025/Documents/25.08-01.09.2025/3Z/100MEDIA/DSCF0772.JPG,DSCF0772.JPG,3Z/100MEDIA,0,Other_Amphibian,0.2891,2998.9,1657.4,3143.6,1871.5
/srv/shared_leopard_toad/2025/Documents/25.08-01.09.2025/3Z/100MEDIA/DSCF0772.JPG,DSCF0772.JPG,3Z/100MEDIA,0,Other_Amphibian,0.2812,2999.3,1660.9,3148.4,1871.1
/srv/shared_leopard_toad/2025/Documents/25.08-01.09.2025/3Z/100MEDIA/DSCF0015.JPG,DSCF0015.JPG,3Z/100MEDIA,1,Small_Mammal,0.3906,397.7,1014.0,2870.4,2207.8
/srv/shared_leopard_toad/2025/Documents/25.08-01.09.2025/3Z/100MEDIA/DSCF0015.JPG,DSCF0015.JPG,3Z/100MEDIA,1,Small_Mammal,0.3098,271.7,-160.9,3366.6,2848.3
/srv/shared_leopard_toad/2025/Documents/25.08-01.09.2025/3Z/100MEDIA/DSCF0015.JPG,DSCF0015.JPG,3Z/100MEDIA,1,Small_Mammal,0.2983,355.7,-158.0,3524.1,2821.7
/srv/shared_leopard_toad/2025/Documents/25.08-01.09.2025/3Z/100MEDIA/DSCF0015.JPG,DSCF0015.JPG,3Z/100MEDIA,1,Small_Mammal,0.2786,120.8,-175.7,3249.8,2840.9
/srv/shared_leopard_toad/2025/Documents/25.08-01.09.2025/3Z/100MEDIA/DSCF0015.JPG,DSCF0015.JPG,3Z/100MEDIA,1,Small_Mammal,0.2444,183.8,-75.3,3346.9,2889.6
/srv/shared_leopard_toad/2025/Documents/25.08-01.09.2025/3Z/100MEDIA/DSCF0015.JPG,DSCF0015.JPG,3Z/100MEDIA,1,Small_Mammal,0.2157,217.9,42.1,3144.8,2813.6
/srv/shared_leopard_toad/2025/Documents/25.08-01.09.2025/3Z/100MEDIA/DSCF0013.JPG,DSCF0013.JPG,3Z/100MEDIA,1,Small_Mammal,0.9185,3314.7,440.8,5347.8,2819.5
/srv/shared_leopard_toad/2025/Documents/25.08-01.09.2025/3Z/100MEDIA/DSCF0013.JPG,DSCF0013.JPG,3Z/100MEDIA,1,Small_Mammal,0.8926,3342.9,1374.3,5351.1,2839.8
/srv/shared_leopard_toad/2025/Documents/25.08-01.09.2025/3Z/100MEDIA/DSCF0610.JPG,DSCF0610.JPG,3Z/100MEDIA,0,Other_Amphibian,0.2466,3019.7,2161.1,3091.3,2259.7
/srv/shared_leopard_toad/2025/Documents/25.08-01.09.2025/3Z/100MEDIA/DSCF0627.JPG,DSCF0627.JPG,3Z/100MEDIA,2,Western_Leopard_Toad,0.3513,5246.5,1473.0,5379.5,1849.3
/srv/shared_leopard_toad/2025/Documents/25.08-01.09.2025/3Z/100MEDIA/DSCF0555.JPG,DSCF0555.JPG,3Z/100MEDIA,2,Western_Leopard_Toad,0.4658,5265.8,1473.4,5376.0,1851.8
/srv/shared_leopard_toad/2025/Documents/25.08-01.09.2025/3Z/100MEDIA/DSCF0764.JPG,DSCF0764.JPG,3Z/100MEDIA,2,Western_Leopard_Toad,0.2959,5255.0,1457.2,5371.0,1767.6
/srv/shared_leopard_toad/2025/Documents/25.08-01.09.2025/3Z/100MEDIA/DSCF0587.JPG,DSCF0587.JPG,3Z/100MEDIA,0,Other_Amphibian,0.3213,2870.3,813.1,3125.2,1147.8
/srv/shared_leopard_toad/2025/Documents/25.08-01.09.2025/3Z/100MEDIA/DSCF0011.JPG,DSCF0011.JPG,3Z/100MEDIA,1,Small_Mammal,0.7554,492.2,53.2,4474.3,2821.7
/srv/shared_leopard_toad/2025/Documents/25.08-01.09.2025/3Z/100MEDIA/DSCF0245.JPG,DSCF0245.JPG,3Z/100MEDIA,0,Other_Amphibian,0.2024,793.4,2463.7,1032.3,2730.8
/srv/shared_leopard_toad/2025/Documents/25.08-01.09.2025/3Z/100MEDIA/DSCF0603.JPG,DSCF0603.JPG,3Z/100MEDIA,2,Western_Leopard_Toad,0.2913,5249.0,1474.3,5377.0,1818.4
/srv/shared_leopard_toad/2025/Documents/25.08-01.09.2025/3Z/100MEDIA/DSCF0530.JPG,DSCF0530.JPG,3Z/100MEDIA,2,Western_Leopard_Toad,0.3054,5258.5,1471.5,5372.7,1744.5
/srv/shared_leopard_toad/2025/Documents/25.08-01.09.2025/3Z/100MEDIA/DSCF0457.JPG,DSCF0457.JPG,3Z/100MEDIA,0,Other_Amphibian,0.7622,3758.0,1422.9,3980.5,1689.6
/srv/shared_leopard_toad/2025/Documents/25.08-01.09.2025/3Z/100MEDIA/DSCF0971.JPG,DSCF0971.JPG,3Z/100MEDIA,2,Western_Leopard_Toad,0.2654,5272.8,1467.9,5374.2,1730.3
/srv/shared_leopard_toad/2025/Documents/25.08-01.09.2025/3Z/100MEDIA/DSCF0971.JPG,DSCF0971.JPG,3Z/100MEDIA,0,Other_Amphibian,0.2452,5272.8,1467.9,5374.2,1730.3
/srv/shared_leopard_toad/2025/Documents/25.08-01.09.2025/3Z/100MEDIA/DSCF0456.JPG,DSCF0456.JPG,3Z/100MEDIA,0,Other_Amphibian,0.2374,3752.5,1413.6,3975.5,1701.9
/srv/shared_leopard_toad/2025/Documents/25.08-01.09.2025/3Z/100MEDIA/DSCF0517.JPG,DSCF0517.JPG,3Z/100MEDIA,2,Western_Leopard_Toad,0.4102,5265.7,1466.0,5376.0,1856.2
/srv/shared_leopard_toad/2025/Documents/25.08-01.09.2025/3Z/100MEDIA/DSCF0674.JPG,DSCF0674.JPG,3Z/100MEDIA,2,Western_Leopard_Toad,0.2534,5223.5,1480.0,5381.5,1848.2
/srv/shared_leopard_toad/2025/Documents/25.08-01.09.2025/3Z/100MEDIA/DSCF0715.JPG,DSCF0715.JPG,3Z/100MEDIA,0,Other_Amphibian,0.6987,4307.9,1192.1,4611.9,1502.6
/srv/shared_leopard_toad/2025/Documents/25.08-01.09.2025/3Z/100MEDIA/DSCF0364.JPG,DSCF0364.JPG,3Z/100MEDIA,2,Western_Leopard_Toad,0.3633,5259.1,1472.5,5377.4,1846.8
/srv/shared_leopard_toad/2025/Documents/25.08-01.09.2025/3Z/100MEDIA/DSCF0814.JPG,DSCF0814.JPG,3Z/100MEDIA,0,Other_Amphibian,0.2654,1793.6,869.5,1996.9,1218.3
/srv/shared_leopard_toad/2025/Documents/25.08-01.09.2025/3Z/100MEDIA/DSCF0480.JPG,DSCF0480.JPG,3Z/100MEDIA,2,Western_Leopard_Toad,0.2776,5268.2,1471.4,5373.6,1850.9
/srv/shared_leopard_toad/2025/Documents/25.08-01.09.2025/3Z/100MEDIA/DSCF0737.JPG,DSCF0737.JPG,3Z/100MEDIA,2,Western_Leopard_Toad,0.2715,5265.6,1463.6,5376.2,1793.7
/srv/shared_leopard_toad/2025/Documents/25.08-01.09.2025/3Z/100MEDIA/DSCF0428.JPG,DSCF0428.JPG,3Z/100MEDIA,2,Western_Leopard_Toad,0.3223,5265.3,1472.1,5376.5,1844.2
/srv/shared_leopard_toad/2025/Documents/25.08-01.09.2025/3Z/100MEDIA/DSCF0080.JPG,DSCF0080.JPG,3Z/100MEDIA,0,Other_Amphibian,0.5195,3615.4,2165.8,3808.1,2482.4
/srv/shared_leopard_toad/2025/Documents/25.08-01.09.2025/3Z/100MEDIA/DSCF0694.JPG,DSCF0694.JPG,3Z/100MEDIA,0,Other_Amphibian,0.2791,4515.1,353.0,4619.9,454.6
/srv/shared_leopard_toad/2025/Documents/25.08-01.09.2025/3Z/100MEDIA/DSCF0974.JPG,DSCF0974.JPG,3Z/100MEDIA,2,Western_Leopard_Toad,0.2517,5262.6,1467.2,5373.9,1725.1
/srv/shared_leopard_toad/2025/Documents/25.08-01.09.2025/3Z/100MEDIA/DSCF0733.JPG,DSCF0733.JPG,3Z/100MEDIA,0,Other_Amphibian,0.2261,4410.5,1134.6,4703.5,1431.7
/srv/shared_leopard_toad/2025/Documents/25.08-01.09.2025/3Z/100MEDIA/DSCF0575.JPG,DSCF0575.JPG,3Z/100MEDIA,2,Western_Leopard_Toad,0.3269,5255.9,1470.2,5375.3,1781.2
/srv/shared_leopard_toad/2025/Documents/25.08-01.09.2025/3Z/100MEDIA/DSCF0160.JPG,DSCF0160.JPG,3Z/100MEDIA,0,Other_Amphibian,0.6709,4580.9,1876.8,4764.1,2092.2
/srv/shared_leopard_toad/2025/Documents/25.08-01.09.2025/3Z/100MEDIA/DSCF0005.JPG,DSCF0005.JPG,3Z/100MEDIA,1,Small_Mammal,0.6543,1615.7,405.3,4852.3,2810.6
/srv/shared_leopard_toad/2025/Documents/25.08-01.09.2025/3Z/100MEDIA/DSCF0005.JPG,DSCF0005.JPG,3Z/100MEDIA,1,Small_Mammal,0.2181,1626.2,486.5,4873.3,2735.3
/srv/shared_leopard_toad/2025/Documents/25.08-01.09.2025/3Z/100MEDIA/DSCF0467.JPG,DSCF0467.JPG,3Z/100MEDIA,2,Western_Leopard_Toad,0.2559,5261.6,1470.7,5374.9,1845.7
/srv/shared_leopard_toad/2025/Documents/25.08-01.09.2025/3Z/100MEDIA/DSCF0957.JPG,DSCF0957.JPG,3Z/100MEDIA,0,Other_Amphibian,0.2512,2996.2,1145.5,3288.1,1435.5
/srv/shared_leopard_toad/2025/Documents/25.08-01.09.2025/3Z/100MEDIA/DSCF0004.JPG,DSCF0004.JPG,3Z/100MEDIA,1,Small_Mammal,0.9297,3336.4,927.3,5357.6,2832.0
/srv/shared_leopard_toad/2025/Documents/25.08-01.09.2025/3Z/100MEDIA/DSCF0004.JPG,DSCF0004.JPG,3Z/100MEDIA,1,Small_Mammal,0.3486,3275.3,183.1,5413.4,2820.2
/srv/shared_leopard_toad/2025/Documents/25.08-01.09.2025/3Z/100MEDIA/DSCF0313.JPG,DSCF0313.JPG,3Z/100MEDIA,0,Other_Amphibian,0.6074,3114.8,1627.0,3263.9,1798.6
/srv/shared_leopard_toad/2025/Documents/25.08-01.09.2025/3Z/100MEDIA/DSCF0297.JPG,DSCF0297.JPG,3Z/100MEDIA,2,Western_Leopard_Toad,0.2800,5249.1,1473.2,5371.7,1748.6
/srv/shared_leopard_toad/2025/Documents/25.08-01.09.2025/3Z/100MEDIA/DSCF0919.JPG,DSCF0919.JPG,3Z/100MEDIA,0,Other_Amphibian,0.2225,3124.0,904.0,3344.0,1115.9
/srv/shared_leopard_toad/2025/Documents/25.08-01.09.2025/3Z/100MEDIA/DSCF0578.JPG,DSCF0578.JPG,3Z/100MEDIA,2,Western_Leopard_Toad,0.4929,5267.1,1473.0,5374.6,1846.3
/srv/shared_leopard_toad/2025/Documents/25.08-01.09.2025/3Z/100MEDIA/DSCF0435.JPG,DSCF0435.JPG,3Z/100MEDIA,2,Western_Leopard_Toad,0.2927,5263.1,1470.7,5373.4,1854.6
/srv/shared_leopard_toad/2025/Documents/25.08-01.09.2025/3Z/100MEDIA/DSCF0680.JPG,DSCF0680.JPG,3Z/100MEDIA,2,Western_Leopard_Toad,0.3533,5232.4,1478.3,5372.6,1719.9
/srv/shared_leopard_toad/2025/Documents/25.08-01.09.2025/3Z/100MEDIA/DSCF0561.JPG,DSCF0561.JPG,3Z/100MEDIA,2,Western_Leopard_Toad,0.4287,5261.6,1477.4,5380.1,1850.8
/srv/shared_leopard_toad/2025/Documents/25.08-01.09.2025/3Z/100MEDIA/DSCF0616.JPG,DSCF0616.JPG,3Z/100MEDIA,2,Western_Leopard_Toad,0.2825,5243.8,1469.0,5376.9,1865.1
/srv/shared_leopard_toad/2025/Documents/25.08-01.09.2025/3Z/100MEDIA/DSCF0137.JPG,DSCF0137.JPG,3Z/100MEDIA,0,Other_Amphibian,0.2795,3072.2,901.9,3322.3,1262.7
/srv/shared_leopard_toad/2025/Documents/25.08-01.09.2025/3Z/100MEDIA/DSCF0137.JPG,DSCF0137.JPG,3Z/100MEDIA,0,Other_Amphibian,0.2268,3068.5,900.6,3341.7,1267.0
/srv/shared_leopard_toad/2025/Documents/25.08-01.09.2025/3Z/100MEDIA/DSCF0647.JPG,DSCF0647.JPG,3Z/100MEDIA,2,Western_Leopard_Toad,0.2825,5224.3,1466.6,5380.7,1861.6
/srv/shared_leopard_toad/2025/Documents/25.08-01.09.2025/3Z/100MEDIA/DSCF0914.JPG,DSCF0914.JPG,3Z/100MEDIA,0,Other_Amphibian,0.3738,2952.5,757.8,3100.8,927.0
/srv/shared_leopard_toad/2025/Documents/25.08-01.09.2025/3Z/100MEDIA/DSCF0039.JPG,DSCF0039.JPG,3Z/100MEDIA,2,Western_Leopard_Toad,0.3638,5267.7,1469.5,5374.1,1778.9
/srv/shared_leopard_toad/2025/Documents/25.08-01.09.2025/3Z/100MEDIA/DSCF0921.JPG,DSCF0921.JPG,3Z/100MEDIA,2,Western_Leopard_Toad,0.3638,5279.0,1462.9,5373.2,1735.3
/srv/shared_leopard_toad/2025/Documents/25.08-01.09.2025/3Z/100MEDIA/DSCF0529.JPG,DSCF0529.JPG,3Z/100MEDIA,2,Western_Leopard_Toad,0.3306,5271.7,1471.9,5375.3,1850.3
/srv/shared_leopard_toad/2025/Documents/25.08-01.09.2025/3Z/100MEDIA/DSCF0010.JPG,DSCF0010.JPG,3Z/100MEDIA,1,Small_Mammal,0.9380,1328.9,153.6,3474.8,2832.0
/srv/shared_leopard_toad/2025/Documents/25.08-01.09.2025/3Z/100MEDIA/DSCF0459.JPG,DSCF0459.JPG,3Z/100MEDIA,0,Other_Amphibian,0.8633,3757.9,1431.0,3975.4,1684.6
/srv/shared_leopard_toad/2025/Documents/25.08-01.09.2025/3Z/100MEDIA/DSCF0224.JPG,DSCF0224.JPG,3Z/100MEDIA,0,Other_Amphibian,0.3274,1900.1,636.7,2155.5,974.3
/srv/shared_leopard_toad/2025/Documents/25.08-01.09.2025/3Z/100MEDIA/DSCF0016.JPG,DSCF0016.JPG,3Z/100MEDIA,1,Small_Mammal,0.4915,229.0,1930.6,2724.1,2829.8
/srv/shared_leopard_toad/2025/Documents/25.08-01.09.2025/3Z/100MEDIA/DSCF0109.JPG,DSCF0109.JPG,3Z/100MEDIA,2,Western_Leopard_Toad,0.3625,5259.9,1472.9,5376.6,1852.3
/srv/shared_leopard_toad/2025/Documents/25.08-01.09.2025/3Z/100MEDIA/DSCF0460.JPG,DSCF0460.JPG,3Z/100MEDIA,0,Other_Amphibian,0.6479,3752.2,1426.7,3991.6,1680.0
/srv/shared_leopard_toad/2025/Documents/25.08-01.09.2025/3Z/100MEDIA/DSCF0024.JPG,DSCF0024.JPG,3Z/100MEDIA,0,Other_Amphibian,0.4763,3436.6,2474.7,3603.7,2699.2
/srv/shared_leopard_toad/2025/Documents/25.08-01.09.2025/3Z/100MEDIA/DSCF0024.JPG,DSCF0024.JPG,3Z/100MEDIA,0,Other_Amphibian,0.3425,3433.7,2473.7,3606.6,2700.2
/srv/shared_leopard_toad/2025/Documents/25.08-01.09.2025/3Z/100MEDIA/DSCF0617.JPG,DSCF0617.JPG,3Z/100MEDIA,2,Western_Leopard_Toad,0.3303,5251.5,1470.3,5379.8,1852.0
/srv/shared_leopard_toad/2025/Documents/25.08-01.09.2025/3Z/100MEDIA/DSCF0671.JPG,DSCF0671.JPG,3Z/100MEDIA,2,Western_Leopard_Toad,0.4290,5238.6,1470.8,5376.9,1848.5
/srv/shared_leopard_toad/2025/Documents/25.08-01.09.2025/3Z/100MEDIA/DSCF0893.JPG,DSCF0893.JPG,3Z/100MEDIA,2,Western_Leopard_Toad,0.3645,5266.2,1477.0,5375.5,1821.6
/srv/shared_leopard_toad/2025/Documents/25.08-01.09.2025/3Z/100MEDIA/DSCF0450.JPG,DSCF0450.JPG,3Z/100MEDIA,0,Other_Amphibian,0.2969,4902.8,1004.6,5072.2,1244.2
/srv/shared_leopard_toad/2025/Documents/25.08-01.09.2025/3Z/100MEDIA/DSCF0884.JPG,DSCF0884.JPG,3Z/100MEDIA,2,Western_Leopard_Toad,0.2629,5266.9,1474.7,5369.6,1723.5
/srv/shared_leopard_toad/2025/Documents/25.08-01.09.2025/3Z/100MEDIA/DSCF0009.JPG,DSCF0009.JPG,3Z/100MEDIA,1,Small_Mammal,0.8745,3027.3,63.5,5315.0,2818.8
/srv/shared_leopard_toad/2025/Documents/25.08-01.09.2025/3Z/100MEDIA/DSCF0447.JPG,DSCF0447.JPG,3Z/100MEDIA,2,Western_Leopard_Toad,0.3196,5262.6,1473.4,5373.9,1825.2
/srv/shared_leopard_toad/2025/Documents/25.08-01.09.2025/3Z/100MEDIA/DSCF0717.JPG,DSCF0717.JPG,3Z/100MEDIA,0,Other_Amphibian,0.2800,4144.9,740.2,4307.6,1061.2
/srv/shared_leopard_toad/2025/Documents/25.08-01.09.2025/3Z/100MEDIA/DSCF0513.JPG,DSCF0513.JPG,3Z/100MEDIA,2,Western_Leopard_Toad,0.2571,5237.4,1468.3,5378.1,1715.2
