image_path,image_name,subfolder,class_id,class_name,confidence,xmin,ymin,xmax,ymax
/srv/shared_leopard_toad/2025/Documents/25.08-01.09.2025/5R/103MEDIA/DSCF0135.JPG,DSCF0135.JPG,5R/103MEDIA,0,Other_Amphibian,0.2031,2272.1,-4.1,2515.9,646.0
/srv/shared_leopard_toad/2025/Documents/25.08-01.09.2025/5R/103MEDIA/DSCF0358.JPG,DSCF0358.JPG,5R/103MEDIA,0,Other_Amphibian,0.2129,2273.8,-4.6,2532.6,570.1
/srv/shared_leopard_toad/2025/Documents/25.08-01.09.2025/5R/103MEDIA/DSCF0358.JPG,DSCF0358.JPG,5R/103MEDIA,0,Other_Amphibian,0.2084,2276.0,-3.1,2533.0,571.6
/srv/shared_leopard_toad/2025/Documents/25.08-01.09.2025/5R/103MEDIA/DSCF0012.JPG,DSCF0012.JPG,5R/103MEDIA,0,Other_Amphibian,0.3162,2265.9,4.2,2556.2,552.4
/srv/shared_leopard_toad/2025/Documents/25.08-01.09.2025/5R/103MEDIA/DSCF0012.JPG,DSCF0012.JPG,5R/103MEDIA,0,Other_Amphibian,0.2346,2266.4,3.0,2537.4,558.5
/srv/shared_leopard_toad/2025/Documents/25.08-01.09.2025/5R/103MEDIA/DSCF0488.JPG,DSCF0488.JPG,5R/103MEDIA,0,Other_Amphibian,0.3386,2276.2,-2.0,2543.3,556.8
/srv/shared_leopard_toad/2025/Documents/25.08-01.09.2025/5R/103MEDIA/DSCF0541.JPG,DSCF0541.JPG,5R/103MEDIA,0,Other_Amphibian,0.2140,2278.9,0.0,2540.6,547.8
/srv/shared_leopard_toad/2025/Documents/25.08-01.09.2025/5R/103MEDIA/DSCF0519.JPG,DSCF0519.JPG,5R/103MEDIA,0,Other_Amphibian,0.2581,2276.4,-3.7,2529.9,546.7
/srv/shared_leopard_toad/2025/Documents/25.08-01.09.2025/5R/103MEDIA/DSCF0519.JPG,DSCF0519.JPG,5R/103MEDIA,0,Other_Amphibian,0.2490,2274.4,-1.8,2529.4,550.8
/srv/shared_leopard_toad/2025/Documents/25.08-01.09.2025/5R/103MEDIA/DSCF0589.JPG,DSCF0589.JPG,5R/103MEDIA,0,Other_Amphibian,0.2227,2269.9,-7.4,2536.5,661.9
/srv/shared_leopard_toad/2025/Documents/25.08-01.09.2025/5R/103MEDIA/DSCF0443.JPG,DSCF0443.JPG,5R/103MEDIA,0,Other_Amphibian,0.2676,2266.9,-3.1,2536.9,556.8
/srv/shared_leopard_toad/2025/Documents/25.08-01.09.2025/5R/103MEDIA/DSCF0443.JPG,DSCF0443.JPG,5R/103MEDIA,0,Other_Amphibian,0.2571,2269.9,-1.3,2536.5,556.8
/srv/shared_leopard_toad/2025/Documents/25.08-01.09.2025/5R/103MEDIA/DSCF0173.JPG,DSCF0173.JPG,5R/103MEDIA,0,Other_Amphibian,0.2480,2272.5,-2.4,2526.0,584.2
/srv/shared_leopard_toad/2025/Documents/25.08-01.09.2025/5R/103MEDIA/DSCF0173.JPG,DSCF0173.JPG,5R/103MEDIA,0,Other_Amphibian,0.2297,2270.5,-3.1,2528.0,583.8
/srv/shared_leopard_toad/2025/Documents/25.08-01.09.2025/5R/103MEDIA/DSCF0455.JPG,DSCF0455.JPG,5R/103MEDIA,0,Other_Amphibian,0.2440,2280.1,1.5,2518.4,746.4
/srv/shared_leopard_toad/2025/Documents/25.08-01.09.2025/5R/103MEDIA/DSCF0001.JPG,DSCF0001.JPG,5R/103MEDIA,0,Other_Amphibian,0.4661,2266.3,-3.3,2516.5,592.5
/srv/shared_leopard_toad/2025/Documents/25.08-01.09.2025/5R/103MEDIA/DSCF0651.JPG,DSCF0651.JPG,5R/103MEDIA,0,Other_Amphibian,0.2986,2275.5,-3.7,2525.7,562.2
/srv/shared_leopard_toad/2025/Documents/25.08-01.09.2025/5R/103MEDIA/DSCF0651.JPG,DSCF0651.JPG,5R/103MEDIA,0,Other_Amphibian,0.2434,2272.7,-5.2,2525.8,564.8
/srv/shared_leopard_toad/2025/Documents/25.08-01.09.2025/5R/103MEDIA/DSCF0514.JPG,DSCF0514.JPG,5R/103MEDIA,0,Other_Amphibian,0.2815,2271.8,-6.5,2526.7,624.0
/srv/shared_leopard_toad/2025/Documents/25.08-01.09.2025/5R/103MEDIA/DSCF0417.JPG,DSCF0417.JPG,5R/103MEDIA,0,Other_Amphibian,0.3000,2274.5,-3.0,2526.6,569.6
/srv/shared_leopard_toad/2025/Documents/25.08-01.09.2025/5R/103MEDIA/DSCF0543.JPG,DSCF0543.JPG,5R/103MEDIA,0,Other_Amphibian,0.2224,2269.9,-5.2,2528.6,564.8
/srv/shared_leopard_toad/2025/Documents/25.08-01.09.2025/5R/103MEDIA/DSCF0543.JPG,DSCF0543.JPG,5R/103MEDIA,0,Other_Amphibian,0.2163,2270.8,-3.1,2527.7,564.6
/srv/shared_leopard_toad/2025/Documents/25.08-01.09.2025/5R/103MEDIA/DSCF0325.JPG,DSCF0325.JPG,5R/103MEDIA,0,Other_Amphibian,0.3066,2272.5,-2.2,2526.0,550.0
/srv/shared_leopard_toad/2025/Documents/25.08-01.09.2025/5R/103MEDIA/DSCF0325.JPG,DSCF0325.JPG,5R/103MEDIA,0,Other_Amphibian,0.2191,2266.6,-4.8,2524.0,552.6
/srv/shared_leopard_toad/2025/Documents/25.08-01.09.2025/5R/103MEDIA/DSCF0446.JPG,DSCF0446.JPG,5R/103MEDIA,0,Other_Amphibian,0.2612,2274.9,-1.7,2534.1,559.4
/srv/shared_leopard_toad/2025/Documents/25.08-01.09.2025/5R/103MEDIA/DSCF0446.JPG,DSCF0446.JPG,5R/103MEDIA,0,Other_Amphibian,0.2090,2272.6,-2.2,2533.8,557.8
/srv/shared_leopard_toad/2025/Documents/25.08-01.09.2025/5R/103MEDIA/DSCF0512.JPG,DSCF0512.JPG,5R/103MEDIA,0,Other_Amphibian,0.3228,2278.7,-1.3,2527.6,556.8
/srv/shared_leopard_toad/2025/Documents/25.08-01.09.2025/5R/103MEDIA/DSCF0512.JPG,DSCF0512.JPG,5R/103MEDIA,0,Other_Amphibian,0.2156,2275.2,-3.7,2525.9,557.4
/srv/shared_leopard_toad/2025/Documents/25.08-01.09.2025/5R/103MEDIA/DSCF0430.JPG,DSCF0430.JPG,5R/103MEDIA,0,Other_Amphibian,0.3147,2272.0,-0.2,2531.7,546.1
/srv/shared_leopard_toad/2025/Documents/25.08-01.09.2025/5R/103MEDIA/DSCF0430.JPG,DSCF0430.JPG,5R/103MEDIA,0,Other_Amphibian,0.2595,2268.4,-1.7,2530.1,546.5
/srv/shared_leopard_toad/2025/Documents/25.08-01.09.2025/5R/103MEDIA/DSCF0594.JPG,DSCF0594.JPG,5R/103MEDIA,0,Other_Amphibian,0.2056,2275.5,-2.4,2523.0,582.3
/srv/shared_leopard_toad/2025/Documents/25.08-01.09.2025/5R/103MEDIA/DSCF0667.JPG,DSCF0667.JPG,5R/103MEDIA,0,Other_Amphibian,0.2251,2270.5,-7.8,2530.7,603.9
/srv/shared_leopard_toad/2025/Documents/25.08-01.09.2025/5R/103MEDIA/DSCF0667.JPG,DSCF0667.JPG,5R/103MEDIA,0,Other_Amphibian,0.2029,2272.3,-4.2,2526.2,607.8
/srv/shared_leopard_toad/2025/Documents/25.08-01.09.2025/5R/103MEDIA/DSCF0565.JPG,DSCF0565.JPG,5R/103MEDIA,0,Other_Amphibian,0.3154,2265.5,-6.5,2538.2,618.9
/srv/shared_leopard_toad/2025/Documents/25.08-01.09.2025/5R/103MEDIA/DSCF0668.JPG,DSCF0668.JPG,5R/103MEDIA,0,Other_Amphibian,0.2021,2269.0,-4.4,2532.1,599.9
/srv/shared_leopard_toad/2025/Documents/25.08-01.09.2025/5R/103MEDIA/DSCF0061.JPG,DSCF0061.JPG,5R/103MEDIA,0,Other_Amphibian,0.5352,2267.3,1.7,2533.9,559.1
/srv/shared_leopard_toad/2025/Documents/25.08-01.09.2025/5R/103MEDIA/DSCF0061.JPG,DSCF0061.JPG,5R/103MEDIA,0,Other_Amphibian,0.3887,2264.0,-0.7,2534.5,556.3
/srv/shared_leopard_toad/2025/Documents/25.08-01.09.2025/5R/103MEDIA/DSCF0679.JPG,DSCF0679.JPG,5R/103MEDIA,0,Other_Amphibian,0.2173,2279.2,-3.1,2519.3,590.1
/srv/shared_leopard_toad/2025/Documents/25.08-01.09.2025/5R/103MEDIA/DSCF0777.JPG,DSCF0777.JPG,5R/103MEDIA,0,Other_Amphibian,0.2445,2274.6,-2.4,2534.4,552.0
/srv/shared_leopard_toad/2025/Documents/25.08-01.09.2025/5R/103MEDIA/DSCF0167.JPG,DSCF0167.JPG,5R/103MEDIA,0,Other_Amphibian,0.2074,2269.1,-3.1,2529.4,603.7
/srv/shared_leopard_toad/2025/Documents/25.08-01.09.2025/5R/103MEDIA/DSCF0273.JPG,DSCF0273.JPG,5R/103MEDIA,0,Other_Amphibian,0.2195,2267.3,-4.1,2526.0,569.6
/srv/shared_leopard_toad/2025/Documents/25.08-01.09.2025/5R/103MEDIA/DSCF0273.JPG,DSCF0273.JPG,5R/103MEDIA,0,Other_Amphibian,0.2081,2269.6,-4.4,2528.9,565.9
/srv/shared_leopard_toad/2025/Documents/25.08-01.09.2025/5R/103MEDIA/DSCF0038.JPG,DSCF0038.JPG,5R/103MEDIA,0,Other_Amphibian,0.6523,2267.9,-0.2,2530.6,550.9
/srv/shared_leopard_toad/2025/Documents/25.08-01.09.2025/5R/103MEDIA/DSCF0891.JPG,DSCF0891.JPG,5R/103MEDIA,0,Other_Amphibian,0.2363,2271.8,-2.8,2539.9,561.3
/srv/shared_leopard_toad/2025/Documents/25.08-01.09.2025/5R/103MEDIA/DSCF0891.JPG,DSCF0891.JPG,5R/103MEDIA,0,Other_Amphibian,0.2137,2271.7,-1.5,2537.3,558.1
/srv/shared_leopard_toad/2025/Documents/25.08-01.09.2025/5R/103MEDIA/DSCF0636.JPG,DSCF0636.JPG,5R/103MEDIA,0,Other_Amphibian,0.2603,2275.6,-0.9,2525.5,544.7
/srv/shared_leopard_toad/2025/Documents/25.08-01.09.2025/5R/103MEDIA/DSCF0636.JPG,DSCF0636.JPG,5R/103MEDIA,0,Other_Amphibian,0.2330,2274.3,-2.2,2524.2,545.2
/srv/shared_leopard_toad/2025/Documents/25.08-01.09.2025/5R/103MEDIA/DSCF0089.JPG,DSCF0089.JPG,5R/103MEDIA,0,Other_Amphibian,0.3030,2272.8,-2.4,2512.5,594.5
/srv/shared_leopard_toad/2025/Documents/25.08-01.09.2025/5R/103MEDIA/DSCF0802.JPG,DSCF0802.JPG,5R/103MEDIA,0,Other_Amphibian,0.2639,2274.2,-5.2,2524.3,585.8
/srv/shared_leopard_toad/2025/Documents/25.08-01.09.2025/5R/103MEDIA/DSCF0802.JPG,DSCF0802.JPG,5R/103MEDIA,0,Other_Amphibian,0.2234,2271.5,-7.9,2527.0,586.7
/srv/shared_leopard_toad/2025/Documents/25.08-01.09.2025/5R/103MEDIA/DSCF0339.JPG,DSCF0339.JPG,5R/103MEDIA,0,Other_Amphibian,0.2068,2271.4,-6.1,2519.3,558.0
/srv/shared_leopard_toad/2025/Documents/25.08-01.09.2025/5R/103MEDIA/DSCF0983.JPG,DSCF0983.JPG,5R/103MEDIA,0,Other_Amphibian,0.2032,2278.4,-6.8,2530.6,601.1
/srv/shared_leopard_toad/2025/Documents/25.08-01.09.2025/5R/103MEDIA/DSCF0461.JPG,DSCF0461.JPG,5R/103MEDIA,0,Other_Amphibian,0.2268,2270.8,-4.1,2533.0,562.6
/srv/shared_leopard_toad/2025/Documents/25.08-01.09.2025/5R/103MEDIA/DSCF0458.JPG,DSCF0458.JPG,5R/103MEDIA,0,Other_Amphibian,0.2028,2272.5,-5.5,2526.0,640.8
/srv/shared_leopard_toad/2025/Documents/25.08-01.09.2025/5R/103MEDIA/DSCF0194.JPG,DSCF0194.JPG,5R/103MEDIA,0,Other_Amphibian,0.3364,2273.6,-0.4,2519.7,578.1
/srv/shared_leopard_toad/2025/Documents/25.08-01.09.2025/5R/103MEDIA/DSCF0712.JPG,DSCF0712.JPG,5R/103MEDIA,0,Other_Amphibian,0.2285,2274.3,-2.2,2539.9,548.9
/srv/shared_leopard_toad/2025/Documents/25.08-01.09.2025/5R/103MEDIA/DSCF0501.JPG,DSCF0501.JPG,5R/103MEDIA,0,Other_Amphibian,0.2440,2272.8,-1.7,2528.3,556.5
/srv/shared_leopard_toad/2025/Documents/25.08-01.09.2025/5R/103MEDIA/DSCF0501.JPG,DSCF0501.JPG,5R/103MEDIA,0,Other_Amphibian,0.2166,2272.8,-2.8,2531.0,554.6
/srv/shared_leopard_toad/2025/Documents/25.08-01.09.2025/5R/103MEDIA/DSCF0233.JPG,DSCF0233.JPG,5R/103MEDIA,0,Other_Amphibian,0.2578,2269.8,-2.2,2518.2,581.0
/srv/shared_leopard_toad/2025/Documents/25.08-01.09.2025/5R/103MEDIA/DSCF0233.JPG,DSCF0233.JPG,5R/103MEDIA,0,Other_Amphibian,0.2023,2264.4,-6.6,2518.4,579.2
/srv/shared_leopard_toad/2025/Documents/25.08-01.09.2025/5R/103MEDIA/DSCF0077.JPG,DSCF0077.JPG,5R/103MEDIA,0,Other_Amphibian,0.2527,2265.7,-2.6,2532.8,574.0
/srv/shared_leopard_toad/2025/Documents/25.08-01.09.2025/5R/103MEDIA/DSCF0185.JPG,DSCF0185.JPG,5R/103MEDIA,0,Other_Amphibian,0.4058,2270.5,-2.2,2528.0,581.0
/srv/shared_leopard_toad/2025/Documents/25.08-01.09.2025/5R/103MEDIA/DSCF0185.JPG,DSCF0185.JPG,5R/103MEDIA,0,Other_Amphibian,0.2620,2269.9,-3.9,2528.6,579.4
/srv/shared_leopard_toad/2025/Documents/25.08-01.09.2025/5R/103MEDIA/DSCF0539.JPG,DSCF0539.JPG,5R/103MEDIA,0,Other_Amphibian,0.2825,2278.3,-3.0,2525.4,567.4
/srv/shared_leopard_toad/2025/Documents/25.08-01.09.2025/5R/103MEDIA/DSCF0539.JPG,DSCF0539.JPG,5R/103MEDIA,0,Other_Amphibian,0.2356,2274.2,-4.4,2524.3,572.2
/srv/shared_leopard_toad/2025/Documents/25.08-01.09.2025/5R/103MEDIA/DSCF0051.JPG,DSCF0051.JPG,5R/103MEDIA,0,Other_Amphibian,0.4370,2264.7,2.4,2533.8,546.5
/srv/shared_leopard_toad/2025/Documents/25.08-01.09.2025/5R/103MEDIA/DSCF0051.JPG,DSCF0051.JPG,5R/103MEDIA,0,Other_Amphibian,0.3992,2260.9,1.1,2537.6,545.6
/srv/shared_leopard_toad/2025/Documents/25.08-01.09.2025/5R/103MEDIA/DSCF0286.JPG,DSCF0286.JPG,5R/103MEDIA,0,Other_Amphibian,0.2043,2270.5,-1.7,2533.2,579.4
/srv/shared_leopard_toad/2025/Documents/25.08-01.09.2025/5R/103MEDIA/DSCF0431.JPG,DSCF0431.JPG,5R/103MEDIA,0,Other_Amphibian,0.2590,2273.5,-0.7,2538.1,554.4
/srv/shared_leopard_toad/2025/Documents/25.08-01.09.2025/5R/103MEDIA/DSCF0431.JPG,DSCF0431.JPG,5R/103MEDIA,0,Other_Amphibian,0.2362,2272.2,-2.4,2536.8,553.2
/srv/shared_leopard_toad/2025/Documents/25.08-01.09.2025/5R/103MEDIA/DSCF0822.JPG,DSCF0822.JPG,5R/103MEDIA,0,Other_Amphibian,0.2510,2275.8,-2.6,2528.0,563.3
/srv/shared_leopard_toad/2025/Documents/25.08-01.09.2025/5R/103MEDIA/DSCF0822.JPG,DSCF0822.JPG,5R/103MEDIA,0,Other_Amphibian,0.2229,2272.3,-5.4,2528.8,563.9
/srv/shared_leopard_toad/2025/Documents/25.08-01.09.2025/5R/103MEDIA/DSCF0807.JPG,DSCF0807.JPG,5R/103MEDIA,0,Other_Amphibian,0.2581,2272.9,-2.0,2520.3,572.7
/srv/shared_leopard_toad/2025/Documents/25.08-01.09.2025/5R/103MEDIA/DSCF0592.JPG,DSCF0592.JPG,5R/103MEDIA,0,Other_Amphibian,0.2266,2271.9,-2.4,2537.1,566.1
/srv/shared_leopard_toad/2025/Documents/25.08-01.09.2025/5R/103MEDIA/DSCF0592.JPG,DSCF0592.JPG,5R/103MEDIA,0,Other_Amphibian,0.2244,2272.0,-3.9,2539.6,564.6
/srv/shared_leopard_toad/2025/Documents/25.08-01.09.2025/5R/103MEDIA/DSCF0574.JPG,DSCF0574.JPG,5R/103MEDIA,0,Other_Amphibian,0.2515,2271.0,-1.8,2527.5,559.6
/srv/shared_leopard_toad/2025/Documents/25.08-01.09.2025/5R/103MEDIA/DSCF0574.JPG,DSCF0574.JPG,5R/103MEDIA,0,Other_Amphibian,0.2150,2269.6,-3.7,2528.9,560.4
/srv/shared_leopard_toad/2025/Documents/25.08-01.09.2025/5R/103MEDIA/DSCF0266.JPG,DSCF0266.JPG,5R/103MEDIA,0,Other_Amphibian,0.2654,2278.5,-3.0,2527.9,598.4
/srv/shared_leopard_toad/2025/Documents/25.08-01.09.2025/5R/103MEDIA/DSCF0266.JPG,DSCF0266.JPG,5R/103MEDIA,0,Other_Amphibian,0.2026,2274.4,-6.5,2529.4,596.3
/srv/shared_leopard_toad/2025/Documents/25.08-01.09.2025/5R/103MEDIA/DSCF0003.JPG,DSCF0003.JPG,5R/103MEDIA,0,Other_Amphibian,0.3132,2268.0,-0.6,2543.6,579.4
/srv/shared_leopard_toad/2025/Documents/25.08-01.09.2025/5R/103MEDIA/DSCF0003.JPG,DSCF0003.JPG,5R/103MEDIA,0,Other_Amphibian,0.2644,2274.2,-0.4,2534.8,579.2
/srv/shared_leopard_toad/2025/Documents/25.08-01.09.2025/5R/103MEDIA/DSCF0207.JPG,DSCF0207.JPG,5R/103MEDIA,0,Other_Amphibian,0.2286,2270.5,-1.7,2538.5,581.6
/srv/shared_leopard_toad/2025/Documents/25.08-01.09.2025/5R/103MEDIA/DSCF0207.JPG,DSCF0207.JPG,5R/103MEDIA,0,Other_Amphibian,0.2173,2265.6,-3.7,2540.8,574.4
/srv/shared_leopard_toad/2025/Documents/25.08-01.09.2025/5R/103MEDIA/DSCF0780.JPG,DSCF0780.JPG,5R/103MEDIA,0,Other_Amphibian,0.2059,2267.8,-5.2,2543.9,581.8
/srv/shared_leopard_toad/2025/Documents/25.08-01.09.2025/5R/103MEDIA/DSCF0986.JPG,DSCF0986.JPG,5R/103MEDIA,0,Other_Amphibian,0.2683,2274.7,-4.1,2526.4,566.6
/srv/shared_leopard_toad/2025/Documents/25.08-01.09.2025/5R/103MEDIA/DSCF0403.JPG,DSCF0403.JPG,5R/103MEDIA,0,Other_Amphibian,0.2375,2275.5,-0.9,2523.0,554.6
/srv/shared_leopard_toad/2025/Documents/25.08-01.09.2025/5R/103MEDIA/DSCF0403.JPG,DSCF0403.JPG,5R/103MEDIA,0,Other_Amphibian,0.2028,2273.9,-1.7,2524.6,555.4
/srv/shared_leopard_toad/2025/Documents/25.08-01.09.2025/5R/103MEDIA/DSCF0549.JPG,DSCF0549.JPG,5R/103MEDIA,0,Other_Amphibian,0.2764,2272.3,-2.0,2526.2,546.9
/srv/shared_leopard_toad/2025/Documents/25.08-01.09.2025/5R/103MEDIA/DSCF0912.JPG,DSCF0912.JPG,5R/103MEDIA,0,Other_Amphibian,0.2544,2270.9,-9.4,2535.5,599.3
/srv/shared_leopard_toad/2025/Documents/25.08-01.09.2025/5R/103MEDIA/DSCF0899.JPG,DSCF0899.JPG,5R/103MEDIA,0,Other_Amphibian,0.3474,2274.0,-0.4,2527.1,553.0
/srv/shared_leopard_toad/2025/Documents/25.08-01.09.2025/5R/103MEDIA/DSCF0353.JPG,DSCF0353.JPG,5R/103MEDIA,0,Other_Amphibian,0.2095,2269.3,-4.4,2534.4,584.3
/srv/shared_leopard_toad/2025/Documents/25.08-01.09.2025/5R/103MEDIA/DSCF0353.JPG,DSCF0353.JPG,5R/103MEDIA,0,Other_Amphibian,0.2047,2270.5,-3.3,2530.7,582.1
/srv/shared_leopard_toad/2025/Documents/25.08-01.09.2025/5R/103MEDIA/DSCF0394.JPG,DSCF0394.JPG,5R/103MEDIA,0,Other_Amphibian,0.2213,2270.5,-3.3,2530.7,572.9
/srv/shared_leopard_toad/2025/Documents/25.08-01.09.2025/5R/103MEDIA/DSCF0394.JPG,DSCF0394.JPG,5R/103MEDIA,0,Other_Amphibian,0.2020,2268.6,-4.1,2535.2,572.5
/srv/shared_leopard_toad/2025/Documents/25.08-01.09.2025/5R/103MEDIA/DSCF0476.JPG,DSCF0476.JPG,5R/103MEDIA,0,Other_Amphibian,0.4111,2275.6,-1.7,2517.6,555.4
/srv/shared_leopard_toad/2025/Documents/25.08-01.09.2025/5R/103MEDIA/DSCF0476.JPG,DSCF0476.JPG,5R/103MEDIA,0,Other_Amphibian,0.2568,2272.3,-4.1,2515.7,555.9
/srv/shared_leopard_toad/2025/Documents/25.08-01.09.2025/5R/103MEDIA/DSCF0713.JPG,DSCF0713.JPG,5R/103MEDIA,0,Other_Amphibian,0.2181,2274.6,-0.6,2523.9,566.1
/srv/shared_leopard_toad/2025/Documents/25.08-01.09.2025/5R/103MEDIA/DSCF0699.JPG,DSCF0699.JPG,5R/103MEDIA,0,Other_Amphibian,0.2222,2273.8,-2.8,2540.4,580.5
/srv/shared_leopard_toad/2025/Documents/25.08-01.09.2025/5R/103MEDIA/DSCF0146.JPG,DSCF0146.JPG,5R/103MEDIA,0,Other_Amphibian,0.2021,2271.0,-2.0,2517.0,610.0
/srv/shared_leopard_toad/2025/Documents/25.08-01.09.2025/5R/103MEDIA/DSCF0566.JPG,DSCF0566.JPG,5R/103MEDIA,0,Other_Amphibian,0.2094,2274.3,-0.6,2513.7,753.2
/srv/shared_leopard_toad/2025/Documents/25.08-01.09.2025/5R/103MEDIA/DSCF0368.JPG,DSCF0368.JPG,5R/103MEDIA,0,Other_Amphibian,0.2307,2269.1,-3.5,2537.2,545.4
/srv/shared_leopard_toad/2025/Documents/25.08-01.09.2025/5R/103MEDIA/DSCF0994.JPG,DSCF0994.JPG,5R/103MEDIA,0,Other_Amphibian,0.2632,3364.1,2303.3,3455.7,2386.3
/srv/shared_leopard_toad/2025/Documents/25.08-01.09.2025/5R/103MEDIA/DSCF0067.JPG,DSCF0067.JPG,5R/103MEDIA,0,Other_Amphibian,0.4412,2266.8,2.2,2526.5,551.5
/srv/shared_leopard_toad/2025/Documents/25.08-01.09.2025/5R/103MEDIA/DSCF0067.JPG,DSCF0067.JPG,5R/103MEDIA,0,Other_Amphibian,0.2073,2260.0,-2.8,2528.0,552.4
/srv/shared_leopard_toad/2025/Documents/25.08-01.09.2025/5R/103MEDIA/DSCF0251.JPG,DSCF0251.JPG,5R/103MEDIA,0,Other_Amphibian,0.2974,2278.2,0.0,2525.6,562.6
/srv/shared_leopard_toad/2025/Documents/25.08-01.09.2025/5R/103MEDIA/DSCF0251.JPG,DSCF0251.JPG,5R/103MEDIA,0,Other_Amphibian,0.2498,2275.9,-1.7,2525.2,564.2
/srv/shared_leopard_toad/2025/Documents/25.08-01.09.2025/5R/103MEDIA/DSCF0372.JPG,DSCF0372.JPG,5R/103MEDIA,0,Other_Amphibian,0.2274,2277.8,-0.7,2520.7,559.2
/srv/shared_leopard_toad/2025/Documents/25.08-01.09.2025/5R/103MEDIA/DSCF0250.JPG,DSCF0250.JPG,5R/103MEDIA,0,Other_Amphibian,0.2737,2274.6,-2.6,2523.9,557.4
/srv/shared_leopard_toad/2025/Documents/25.08-01.09.2025/5R/103MEDIA/DSCF0250.JPG,DSCF0250.JPG,5R/103MEDIA,0,Other_Amphibian,0.2352,2271.0,-6.1,2522.2,558.0
/srv/shared_leopard_toad/2025/Documents/25.08-01.09.2025/5R/103MEDIA/DSCF0305.JPG,DSCF0305.JPG,5R/103MEDIA,0,Other_Amphibian,0.2510,2270.5,-2.2,2530.7,577.0
/srv/shared_leopard_toad/2025/Documents/25.08-01.09.2025/5R/103MEDIA/DSCF0305.JPG,DSCF0305.JPG,5R/103MEDIA,0,Other_Amphibian,0.2462,2267.2,-3.9,2531.3,574.6
/srv/shared_leopard_toad/2025/Documents/25.08-01.09.2025/5R/103MEDIA/DSCF0880.JPG,DSCF0880.JPG,5R/103MEDIA,0,Other_Amphibian,0.2010,2275.2,-1.7,2515.4,757.3
/srv/shared_leopard_toad/2025/Documents/25.08-01.09.2025/5R/103MEDIA/DSCF0938.JPG,DSCF0938.JPG,5R/103MEDIA,0,Other_Amphibian,0.2426,2274.2,-3.3,2529.6,572.9
/srv/shared_leopard_toad/2025/Documents/25.08-01.09.2025/5R/103MEDIA/DSCF0938.JPG,DSCF0938.JPG,5R/103MEDIA,0,Other_Amphibian,0.2120,2272.1,-6.3,2529.0,574.0
/srv/shared_leopard_toad/2025/Documents/25.08-01.09.2025/5R/103MEDIA/DSCF0033.JPG,DSCF0033.JPG,5R/103MEDIA,0,Other_Amphibian,0.5513,2265.9,2.8,2561.5,546.1
/srv/shared_leopard_toad/2025/Documents/25.08-01.09.2025/5R/103MEDIA/DSCF0033.JPG,DSCF0033.JPG,5R/103MEDIA,0,Other_Amphibian,0.2095,2265.4,0.2,2546.2,546.5
/srv/shared_leopard_toad/2025/Documents/25.08-01.09.2025/5R/103MEDIA/DSCF0670.JPG,DSCF0670.JPG,5R/103MEDIA,0,Other_Amphibian,0.2145,2274.2,-4.4,2524.3,575.1
/srv/shared_leopard_toad/2025/Documents/25.08-01.09.2025/5R/103MEDIA/DSCF0411.JPG,DSCF0411.JPG,5R/103MEDIA,0,Other_Amphibian,0.2922,2268.2,-3.5,2532.9,580.1
/srv/shared_leopard_toad/2025/Documents/25.08-01.09.2025/5R/103MEDIA/DSCF0411.JPG,DSCF0411.JPG,5R/103MEDIA,0,Other_Amphibian,0.2761,2267.8,-5.0,2535.9,580.5
/srv/shared_leopard_toad/2025/Documents/25.08-01.09.2025/5R/103MEDIA/DSCF0007.JPG,DSCF0007.JPG,5R/103MEDIA,0,Other_Amphibian,0.4033,2267.7,-0.4,2520.3,585.1
/srv/shared_leopard_toad/2025/Documents/25.08-01.09.2025/5R/103MEDIA/DSCF0007.JPG,DSCF0007.JPG,5R/103MEDIA,0,Other_Amphibian,0.2981,2265.5,-3.5,2533.0,581.2
/srv/shared_leopard_toad/2025/Documents/25.08-01.09.2025/5R/103MEDIA/DSCF0139.JPG,DSCF0139.JPG,5R/103MEDIA,0,Other_Amphibian,0.2578,2270.2,-2.4,2520.4,601.9
/srv/shared_leopard_toad/2025/Documents/25.08-01.09.2025/5R/103MEDIA/DSCF0256.JPG,DSCF0256.JPG,5R/103MEDIA,0,Other_Amphibian,0.2098,2273.7,-1.5,2514.3,564.0
/srv/shared_leopard_toad/2025/Documents/25.08-01.09.2025/5R/103MEDIA/DSCF0256.JPG,DSCF0256.JPG,5R/103MEDIA,0,Other_Amphibian,0.2086,2274.7,-3.5,2515.9,559.1
/srv/shared_leopard_toad/2025/Documents/25.08-01.09.2025/5R/103MEDIA/DSCF0866.JPG,DSCF0866.JPG,5R/103MEDIA,0,Other_Amphibian,0.3052,2278.3,-2.6,2528.1,546.3
/srv/shared_leopard_toad/2025/Documents/25.08-01.09.2025/5R/103MEDIA/DSCF0044.JPG,DSCF0044.JPG,5R/103MEDIA,0,Other_Amphibian,0.5059,2265.2,-0.7,2520.2,563.3
/srv/shared_leopard_toad/2025/Documents/25.08-01.09.2025/5R/103MEDIA/DSCF0581.JPG,DSCF0581.JPG,5R/103MEDIA,0,Other_Amphibian,0.2485,2272.2,-4.4,2521.1,592.5
/srv/shared_leopard_toad/2025/Documents/25.08-01.09.2025/5R/103MEDIA/DSCF0581.JPG,DSCF0581.JPG,5R/103MEDIA,0,Other_Amphibian,0.2189,2271.4,-3.0,2519.3,598.4
/srv/shared_leopard_toad/2025/Documents/25.08-01.09.2025/5R/103MEDIA/DSCF0486.JPG,DSCF0486.JPG,5R/103MEDIA,0,Other_Amphibian,0.2184,2271.3,-2.8,2527.2,559.4
/srv/shared_leopard_toad/2025/Documents/25.08-01.09.2025/5R/103MEDIA/DSCF0486.JPG,DSCF0486.JPG,5R/103MEDIA,0,Other_Amphibian,0.2084,2272.0,-5.0,2526.5,557.6
/srv/shared_leopard_toad/2025/Documents/25.08-01.09.2025/5R/103MEDIA/DSCF0026.JPG,DSCF0026.JPG,5R/103MEDIA,0,Other_Amphibian,0.2366,2265.3,-3.3,2562.1,629.8
/srv/shared_leopard_toad/2025/Documents/25.08-01.09.2025/5R/103MEDIA/DSCF0854.JPG,DSCF0854.JPG,5R/103MEDIA,0,Other_Amphibian,0.2108,2277.8,1.1,2520.7,772.6
/srv/shared_leopard_toad/2025/Documents/25.08-01.09.2025/5R/103MEDIA/DSCF0343.JPG,DSCF0343.JPG,5R/103MEDIA,0,Other_Amphibian,0.3428,2275.7,-1.7,2530.7,553.5
/srv/shared_leopard_toad/2025/Documents/25.08-01.09.2025/5R/103MEDIA/DSCF0343.JPG,DSCF0343.JPG,5R/103MEDIA,0,Other_Amphibian,0.2805,2271.2,-0.7,2529.9,554.4
/srv/shared_leopard_toad/2025/Documents/25.08-01.09.2025/5R/103MEDIA/DSCF0906.JPG,DSCF0906.JPG,5R/103MEDIA,0,Other_Amphibian,0.2469,2276.0,-4.6,2530.4,577.2
/srv/shared_leopard_toad/2025/Documents/25.08-01.09.2025/5R/103MEDIA/DSCF0906.JPG,DSCF0906.JPG,5R/103MEDIA,0,Other_Amphibian,0.2379,2273.8,-7.6,2532.6,580.1
/srv/shared_leopard_toad/2025/Documents/25.08-01.09.2025/5R/103MEDIA/DSCF0402.JPG,DSCF0402.JPG,5R/103MEDIA,0,Other_Amphibian,0.2874,2274.9,-1.8,2528.9,548.5
/srv/shared_leopard_toad/2025/Documents/25.08-01.09.2025/5R/103MEDIA/DSCF0402.JPG,DSCF0402.JPG,5R/103MEDIA,0,Other_Amphibian,0.2429,2271.9,-0.6,2529.3,550.2
/srv/shared_leopard_toad/2025/Documents/25.08-01.09.2025/5R/103MEDIA/DSCF0572.JPG,DSCF0572.JPG,5R/103MEDIA,0,Other_Amphibian,0.2605,2276.6,-4.6,2524.5,561.3
/srv/shared_leopard_toad/2025/Documents/25.08-01.09.2025/5R/103MEDIA/DSCF0301.JPG,DSCF0301.JPG,5R/103MEDIA,0,Other_Amphibian,0.2607,2271.8,-4.1,2526.7,628.3
/srv/shared_leopard_toad/2025/Documents/25.08-01.09.2025/5R/103MEDIA/DSCF0301.JPG,DSCF0301.JPG,5R/103MEDIA,0,Other_Amphibian,0.2061,2266.5,-7.4,2526.7,621.6
/srv/shared_leopard_toad/2025/Documents/25.08-01.09.2025/5R/103MEDIA/DSCF0924.JPG,DSCF0924.JPG,5R/103MEDIA,0,Other_Amphibian,0.2264,2273.5,-1.1,2538.1,557.8
/srv/shared_leopard_toad/2025/Documents/25.08-01.09.2025/5R/103MEDIA/DSCF0184.JPG,DSCF0184.JPG,5R/103MEDIA,0,Other_Amphibian,0.2852,2266.9,-5.2,2523.8,653.7
/srv/shared_leopard_toad/2025/Documents/25.08-01.09.2025/5R/103MEDIA/DSCF0184.JPG,DSCF0184.JPG,5R/103MEDIA,0,Other_Amphibian,0.2218,2261.8,-11.1,2528.9,650.8
/srv/shared_leopard_toad/2025/Documents/25.08-01.09.2025/5R/103MEDIA/DSCF0237.JPG,DSCF0237.JPG,5R/103MEDIA,0,Other_Amphibian,0.2798,2275.7,-2.6,2530.7,574.0
/srv/shared_leopard_toad/2025/Documents/25.08-01.09.2025/5R/103MEDIA/DSCF0237.JPG,DSCF0237.JPG,5R/103MEDIA,0,Other_Amphibian,0.2260,2271.5,-3.9,2532.2,572.4
/srv/shared_leopard_toad/2025/Documents/25.08-01.09.2025/5R/103MEDIA/DSCF0373.JPG,DSCF0373.JPG,5R/103MEDIA,0,Other_Amphibian,0.2388,2270.4,-1.8,2528.1,555.6
/srv/shared_leopard_toad/2025/Documents/25.08-01.09.2025/5R/103MEDIA/DSCF0373.JPG,DSCF0373.JPG,5R/103MEDIA,0,Other_Amphibian,0.2363,2269.6,-3.1,2528.9,552.0
/srv/shared_leopard_toad/2025/Documents/25.08-01.09.2025/5R/103MEDIA/DSCF0871.JPG,DSCF0871.JPG,5R/103MEDIA,0,Other_Amphibian,0.3096,2268.7,-4.6,2532.4,582.3
/srv/shared_leopard_toad/2025/Documents/25.08-01.09.2025/5R/103MEDIA/DSCF0871.JPG,DSCF0871.JPG,5R/103MEDIA,0,Other_Amphibian,0.2007,2259.0,-9.6,2529.0,585.1
/srv/shared_leopard_toad/2025/Documents/25.08-01.09.2025/5R/103MEDIA/DSCF0060.JPG,DSCF0060.JPG,5R/103MEDIA,0,Other_Amphibian,0.2747,2272.9,-1.7,2525.6,613.0
/srv/shared_leopard_toad/2025/Documents/25.08-01.09.2025/5R/103MEDIA/DSCF0060.JPG,DSCF0060.JPG,5R/103MEDIA,0,Other_Amphibian,0.2391,2268.5,-3.3,2532.6,613.5
/srv/shared_leopard_toad/2025/Documents/25.08-01.09.2025/5R/103MEDIA/DSCF0943.JPG,DSCF0943.JPG,5R/103MEDIA,0,Other_Amphibian,0.2659,2275.2,-3.5,2544.3,571.2
/srv/shared_leopard_toad/2025/Documents/25.08-01.09.2025/5R/103MEDIA/DSCF0943.JPG,DSCF0943.JPG,5R/103MEDIA,0,Other_Amphibian,0.2227,2275.5,-2.6,2544.0,572.2
/srv/shared_leopard_toad/2025/Documents/25.08-01.09.2025/5R/103MEDIA/DSCF0873.JPG,DSCF0873.JPG,5R/103MEDIA,0,Other_Amphibian,0.2200,2275.5,-5.7,2525.7,563.5
/srv/shared_leopard_toad/2025/Documents/25.08-01.09.2025/5R/103MEDIA/DSCF0873.JPG,DSCF0873.JPG,5R/103MEDIA,0,Other_Amphibian,0.2181,2276.8,-5.9,2527.0,559.6
/srv/shared_leopard_toad/2025/Documents/25.08-01.09.2025/5R/103MEDIA/DSCF0917.JPG,DSCF0917.JPG,5R/103MEDIA,0,Other_Amphibian,0.2286,2271.9,-5.7,2537.1,613.7
/srv/shared_leopard_toad/2025/Documents/25.08-01.09.2025/5R/103MEDIA/DSCF0917.JPG,DSCF0917.JPG,5R/103MEDIA,0,Other_Amphibian,0.2075,2273.6,-3.7,2532.8,617.9
/srv/shared_leopard_toad/2025/Documents/25.08-01.09.2025/5R/103MEDIA/DSCF0505.JPG,DSCF0505.JPG,5R/103MEDIA,0,Other_Amphibian,0.2671,2276.0,-2.8,2527.7,555.4
/srv/shared_leopard_toad/2025/Documents/25.08-01.09.2025/5R/103MEDIA/DSCF0505.JPG,DSCF0505.JPG,5R/103MEDIA,0,Other_Amphibian,0.2194,2272.3,-2.8,2526.2,558.3
/srv/shared_leopard_toad/2025/Documents/25.08-01.09.2025/5R/103MEDIA/DSCF0672.JPG,DSCF0672.JPG,5R/103MEDIA,0,Other_Amphibian,0.2272,2272.0,-3.0,2539.6,743.8
/srv/shared_leopard_toad/2025/Documents/25.08-01.09.2025/5R/103MEDIA/DSCF0143.JPG,DSCF0143.JPG,5R/103MEDIA,0,Other_Amphibian,0.2908,2275.4,-3.1,2517.9,580.8
/srv/shared_leopard_toad/2025/Documents/25.08-01.09.2025/5R/103MEDIA/DSCF0308.JPG,DSCF0308.JPG,5R/103MEDIA,0,Other_Amphibian,0.2615,2274.3,-2.4,2532.1,585.3
/srv/shared_leopard_toad/2025/Documents/25.08-01.09.2025/5R/103MEDIA/DSCF0308.JPG,DSCF0308.JPG,5R/103MEDIA,0,Other_Amphibian,0.2238,2269.7,-6.1,2531.4,587.9
/srv/shared_leopard_toad/2025/Documents/25.08-01.09.2025/5R/103MEDIA/DSCF0433.JPG,DSCF0433.JPG,5R/103MEDIA,0,Other_Amphibian,0.2927,2273.6,-2.2,2532.8,551.1
/srv/shared_leopard_toad/2025/Documents/25.08-01.09.2025/5R/103MEDIA/DSCF0433.JPG,DSCF0433.JPG,5R/103MEDIA,0,Other_Amphibian,0.2920,2272.0,-0.7,2531.7,554.4
/srv/shared_leopard_toad/2025/Documents/25.08-01.09.2025/5R/103MEDIA/DSCF0312.JPG,DSCF0312.JPG,5R/103MEDIA,0,Other_Amphibian,0.2325,2273.2,-2.2,2525.3,575.9
/srv/shared_leopard_toad/2025/Documents/25.08-01.09.2025/5R/103MEDIA/DSCF0312.JPG,DSCF0312.JPG,5R/103MEDIA,0,Other_Amphibian,0.2235,2272.7,-4.6,2525.8,570.1
/srv/shared_leopard_toad/2025/Documents/25.08-01.09.2025/5R/103MEDIA/DSCF0385.JPG,DSCF0385.JPG,5R/103MEDIA,0,Other_Amphibian,0.2742,2273.5,-0.9,2538.1,554.6
/srv/shared_leopard_toad/2025/Documents/25.08-01.09.2025/5R/103MEDIA/DSCF0385.JPG,DSCF0385.JPG,5R/103MEDIA,0,Other_Amphibian,0.2671,2270.0,-1.8,2539.0,555.6
/srv/shared_leopard_toad/2025/Documents/25.08-01.09.2025/5R/103MEDIA/DSCF0151.JPG,DSCF0151.JPG,5R/103MEDIA,0,Other_Amphibian,0.2908,2265.9,-3.5,2519.4,596.7
/srv/shared_leopard_toad/2025/Documents/25.08-01.09.2025/5R/103MEDIA/DSCF0041.JPG,DSCF0041.JPG,5R/103MEDIA,0,Other_Amphibian,0.4744,2267.8,1.8,2557.0,558.9
/srv/shared_leopard_toad/2025/Documents/25.08-01.09.2025/5R/103MEDIA/DSCF0041.JPG,DSCF0041.JPG,5R/103MEDIA,0,Other_Amphibian,0.2200,2267.9,-0.7,2541.1,565.2
/srv/shared_leopard_toad/2025/Documents/25.08-01.09.2025/5R/103MEDIA/DSCF0254.JPG,DSCF0254.JPG,5R/103MEDIA,0,Other_Amphibian,0.2595,2268.7,-3.1,2521.9,556.8
/srv/shared_leopard_toad/2025/Documents/25.08-01.09.2025/5R/103MEDIA/DSCF0254.JPG,DSCF0254.JPG,5R/103MEDIA,0,Other_Amphibian,0.2559,2272.7,-3.5,2525.8,556.1
/srv/shared_leopard_toad/2025/Documents/25.08-01.09.2025/5R/103MEDIA/DSCF0157.JPG,DSCF0157.JPG,5R/103MEDIA,0,Other_Amphibian,0.3459,2271.6,-0.6,2516.4,562.0
/srv/shared_leopard_toad/2025/Documents/25.08-01.09.2025/5R/103MEDIA/DSCF0634.JPG,DSCF0634.JPG,5R/103MEDIA,0,Other_Amphibian,0.3616,2274.3,-0.7,2524.2,559.2
/srv/shared_leopard_toad/2025/Documents/25.08-01.09.2025/5R/103MEDIA/DSCF0896.JPG,DSCF0896.JPG,5R/103MEDIA,0,Other_Amphibian,0.2363,2271.3,-3.1,2532.5,556.8
/srv/shared_leopard_toad/2025/Documents/25.08-01.09.2025/5R/103MEDIA/DSCF0896.JPG,DSCF0896.JPG,5R/103MEDIA,0,Other_Amphibian,0.2208,2268.5,-5.0,2532.6,553.9
/srv/shared_leopard_toad/2025/Documents/25.08-01.09.2025/5R/103MEDIA/DSCF0925.JPG,DSCF0925.JPG,5R/103MEDIA,0,Other_Amphibian,0.2384,2274.7,-3.9,2531.6,552.8
/srv/shared_leopard_toad/2025/Documents/25.08-01.09.2025/5R/103MEDIA/DSCF0925.JPG,DSCF0925.JPG,5R/103MEDIA,0,Other_Amphibian,0.2031,2274.9,-4.6,2534.1,553.5
/srv/shared_leopard_toad/2025/Documents/25.08-01.09.2025/5R/103MEDIA/DSCF0419.JPG,DSCF0419.JPG,5R/103MEDIA,0,Other_Amphibian,0.3230,2272.0,-3.5,2526.5,565.0
/srv/shared_leopard_toad/2025/Documents/25.08-01.09.2025/5R/103MEDIA/DSCF0419.JPG,DSCF0419.JPG,5R/103MEDIA,0,Other_Amphibian,0.2242,2269.1,-3.7,2524.1,564.4
/srv/shared_leopard_toad/2025/Documents/25.08-01.09.2025/5R/103MEDIA/DSCF0528.JPG,DSCF0528.JPG,5R/103MEDIA,0,Other_Amphibian,0.2278,2274.2,-3.9,2524.3,568.3
/srv/shared_leopard_toad/2025/Documents/25.08-01.09.2025/5R/103MEDIA/DSCF0008.JPG,DSCF0008.JPG,5R/103MEDIA,0,Other_Amphibian,0.3621,2267.7,2.0,2520.3,558.7
/srv/shared_leopard_toad/2025/Documents/25.08-01.09.2025/5R/103MEDIA/DSCF0008.JPG,DSCF0008.JPG,5R/103MEDIA,0,Other_Amphibian,0.2612,2262.8,-0.4,2522.5,557.0
/srv/shared_leopard_toad/2025/Documents/25.08-01.09.2025/5R/103MEDIA/DSCF0564.JPG,DSCF0564.JPG,5R/103MEDIA,0,Other_Amphibian,0.2625,2272.9,-5.5,2520.3,613.5
/srv/shared_leopard_toad/2025/Documents/25.08-01.09.2025/5R/103MEDIA/DSCF0155.JPG,DSCF0155.JPG,5R/103MEDIA,0,Other_Amphibian,0.2340,2266.4,-1.8,2547.8,587.7
/srv/shared_leopard_toad/2025/Documents/25.08-01.09.2025/5R/103MEDIA/DSCF0515.JPG,DSCF0515.JPG,5R/103MEDIA,0,Other_Amphibian,0.2876,2276.4,-1.7,2535.2,553.5
/srv/shared_leopard_toad/2025/Documents/25.08-01.09.2025/5R/103MEDIA/DSCF0515.JPG,DSCF0515.JPG,5R/103MEDIA,0,Other_Amphibian,0.2021,2273.7,-1.3,2535.3,556.1
/srv/shared_leopard_toad/2025/Documents/25.08-01.09.2025/5R/103MEDIA/DSCF0837.JPG,DSCF0837.JPG,5R/103MEDIA,0,Other_Amphibian,0.2162,2272.1,-3.7,2534.3,579.2
/srv/shared_leopard_toad/2025/Documents/25.08-01.09.2025/5R/103MEDIA/DSCF0837.JPG,DSCF0837.JPG,5R/103MEDIA,0,Other_Amphibian,0.2020,2276.9,-1.5,2534.7,581.4
/srv/shared_leopard_toad/2025/Documents/25.08-01.09.2025/5R/103MEDIA/DSCF0125.JPG,DSCF0125.JPG,5R/103MEDIA,0,Other_Amphibian,0.3552,2266.2,-3.7,2545.4,606.5
/srv/shared_leopard_toad/2025/Documents/25.08-01.09.2025/5R/103MEDIA/DSCF0125.JPG,DSCF0125.JPG,5R/103MEDIA,0,Other_Amphibian,0.3167,2269.6,-4.1,2536.7,612.0
/srv/shared_leopard_toad/2025/Documents/25.08-01.09.2025/5R/103MEDIA/DSCF0006.JPG,DSCF0006.JPG,5R/103MEDIA,0,Other_Amphibian,0.4590,2269.1,1.1,2516.2,577.7
/srv/shared_leopard_toad/2025/Documents/25.08-01.09.2025/5R/103MEDIA/DSCF0451.JPG,DSCF0451.JPG,5R/103MEDIA,0,Other_Amphibian,0.3245,2276.9,-2.0,2526.8,564.6
/srv/shared_leopard_toad/2025/Documents/25.08-01.09.2025/5R/103MEDIA/DSCF0451.JPG,DSCF0451.JPG,5R/103MEDIA,0,Other_Amphibian,0.2920,2277.4,-0.9,2529.0,563.5
/srv/shared_leopard_toad/2025/Documents/25.08-01.09.2025/5R/103MEDIA/DSCF0532.JPG,DSCF0532.JPG,5R/103MEDIA,0,Other_Amphibian,0.2051,2274.8,-3.1,2523.7,544.3
/srv/shared_leopard_toad/2025/Documents/25.08-01.09.2025/5R/103MEDIA/DSCF0532.JPG,DSCF0532.JPG,5R/103MEDIA,0,Other_Amphibian,0.2028,2274.3,-1.8,2524.2,551.5
/srv/shared_leopard_toad/2025/Documents/25.08-01.09.2025/5R/103MEDIA/DSCF0290.JPG,DSCF0290.JPG,5R/103MEDIA,0,Other_Amphibian,0.2874,2274.2,-0.9,2526.9,546.9
/srv/shared_leopard_toad/2025/Documents/25.08-01.09.2025/5R/103MEDIA/DSCF0290.JPG,DSCF0290.JPG,5R/103MEDIA,0,Other_Amphibian,0.2382,2276.3,-2.4,2527.5,544.3
/srv/shared_leopard_toad/2025/Documents/25.08-01.09.2025/5R/103MEDIA/DSCF0057.JPG,DSCF0057.JPG,5R/103MEDIA,0,Other_Amphibian,0.3826,2270.3,0.7,2541.3,544.1
/srv/shared_leopard_toad/2025/Documents/25.08-01.09.2025/5R/103MEDIA/DSCF0057.JPG,DSCF0057.JPG,5R/103MEDIA,0,Other_Amphibian,0.3518,2270.7,0.6,2538.3,544.3
/srv/shared_leopard_toad/2025/Documents/25.08-01.09.2025/5R/103MEDIA/DSCF0652.JPG,DSCF0652.JPG,5R/103MEDIA,0,Other_Amphibian,0.3252,2276.9,-0.4,2542.6,541.5
/srv/shared_leopard_toad/2025/Documents/25.08-01.09.2025/5R/103MEDIA/DSCF0652.JPG,DSCF0652.JPG,5R/103MEDIA,0,Other_Amphibian,0.2861,2273.3,-0.9,2540.9,541.0
/srv/shared_leopard_toad/2025/Documents/25.08-01.09.2025/5R/103MEDIA/DSCF0165.JPG,DSCF0165.JPG,5R/103MEDIA,0,Other_Amphibian,0.2720,2269.5,-3.0,2539.5,613.1
/srv/shared_leopard_toad/2025/Documents/25.08-01.09.2025/5R/103MEDIA/DSCF0165.JPG,DSCF0165.JPG,5R/103MEDIA,0,Other_Amphibian,0.2615,2271.8,-2.8,2532.0,605.6
/srv/shared_leopard_toad/2025/Documents/25.08-01.09.2025/5R/103MEDIA/DSCF0346.JPG,DSCF0346.JPG,5R/103MEDIA,0,Other_Amphibian,0.2056,2271.0,-3.3,2522.2,564.8
/srv/shared_leopard_toad/2025/Documents/25.08-01.09.2025/5R/103MEDIA/DSCF0723.JPG,DSCF0723.JPG,5R/103MEDIA,0,Other_Amphibian,0.2029,2276.3,-4.6,2527.5,577.2
/srv/shared_leopard_toad/2025/Documents/25.08-01.09.2025/5R/103MEDIA/DSCF0878.JPG,DSCF0878.JPG,5R/103MEDIA,0,Other_Amphibian,0.2428,2269.6,-3.9,2518.4,598.2
/srv/shared_leopard_toad/2025/Documents/25.08-01.09.2025/5R/103MEDIA/DSCF0878.JPG,DSCF0878.JPG,5R/103MEDIA,0,Other_Amphibian,0.2157,2268.2,-7.0,2517.1,596.2
/srv/shared_leopard_toad/2025/Documents/25.08-01.09.2025/5R/103MEDIA/DSCF0432.JPG,DSCF0432.JPG,5R/103MEDIA,0,Other_Amphibian,0.2205,2271.2,-1.3,2537.8,546.1
/srv/shared_leopard_toad/2025/Documents/25.08-01.09.2025/5R/103MEDIA/DSCF0432.JPG,DSCF0432.JPG,5R/103MEDIA,0,Other_Amphibian,0.2139,2265.6,-3.1,2540.8,543.2
/srv/shared_leopard_toad/2025/Documents/25.08-01.09.2025/5R/103MEDIA/DSCF0864.JPG,DSCF0864.JPG,5R/103MEDIA,0,Other_Amphibian,0.2932,2273.0,-2.4,2538.6,560.2
/srv/shared_leopard_toad/2025/Documents/25.08-01.09.2025/5R/103MEDIA/DSCF0864.JPG,DSCF0864.JPG,5R/103MEDIA,0,Other_Amphibian,0.2056,2270.9,-3.3,2535.5,558.9
/srv/shared_leopard_toad/2025/Documents/25.08-01.09.2025/5R/103MEDIA/DSCF0761.JPG,DSCF0761.JPG,5R/103MEDIA,0,Other_Amphibian,0.2698,2272.3,-1.8,2526.2,555.6
/srv/shared_leopard_toad/2025/Documents/25.08-01.09.2025/5R/103MEDIA/DSCF0761.JPG,DSCF0761.JPG,5R/103MEDIA,0,Other_Amphibian,0.2255,2268.4,-3.9,2524.8,555.7
/srv/shared_leopard_toad/2025/Documents/25.08-01.09.2025/5R/103MEDIA/DSCF0248.JPG,DSCF0248.JPG,5R/103MEDIA,0,Other_Amphibian,0.2383,2274.2,-1.7,2524.3,553.5
/srv/shared_leopard_toad/2025/Documents/25.08-01.09.2025/5R/103MEDIA/DSCF0248.JPG,DSCF0248.JPG,5R/103MEDIA,0,Other_Amphibian,0.2238,2273.4,-3.1,2525.1,552.0
/srv/shared_leopard_toad/2025/Documents/25.08-01.09.2025/5R/103MEDIA/DSCF0117.JPG,DSCF0117.JPG,5R/103MEDIA,0,Other_Amphibian,0.2786,2270.3,-2.8,2523.0,591.9
/srv/shared_leopard_toad/2025/Documents/25.08-01.09.2025/5R/103MEDIA/DSCF0063.JPG,DSCF0063.JPG,5R/103MEDIA,0,Other_Amphibian,0.3079,2273.6,-0.7,2519.7,569.2
/srv/shared_leopard_toad/2025/Documents/25.08-01.09.2025/5R/103MEDIA/DSCF0063.JPG,DSCF0063.JPG,5R/103MEDIA,0,Other_Amphibian,0.2002,2265.0,-3.9,2517.7,569.4
/srv/shared_leopard_toad/2025/Documents/25.08-01.09.2025/5R/103MEDIA/DSCF0152.JPG,DSCF0152.JPG,5R/103MEDIA,0,Other_Amphibian,0.2622,2272.7,-1.1,2525.8,558.9
/srv/shared_leopard_toad/2025/Documents/25.08-01.09.2025/5R/103MEDIA/DSCF0152.JPG,DSCF0152.JPG,5R/103MEDIA,0,Other_Amphibian,0.2061,2266.2,-3.5,2524.4,559.1
/srv/shared_leopard_toad/2025/Documents/25.08-01.09.2025/5R/103MEDIA/DSCF0405.JPG,DSCF0405.JPG,5R/103MEDIA,0,Other_Amphibian,0.2852,2273.4,-3.1,2525.1,560.9
/srv/shared_leopard_toad/2025/Documents/25.08-01.09.2025/5R/103MEDIA/DSCF0989.JPG,DSCF0989.JPG,5R/103MEDIA,0,Other_Amphibian,0.2401,2274.8,-4.2,2539.4,553.9
/srv/shared_leopard_toad/2025/Documents/25.08-01.09.2025/5R/103MEDIA/DSCF0036.JPG,DSCF0036.JPG,5R/103MEDIA,0,Other_Amphibian,0.2177,2277.8,5.7,2520.7,754.7
/srv/shared_leopard_toad/2025/Documents/25.08-01.09.2025/5R/103MEDIA/DSCF0052.JPG,DSCF0052.JPG,5R/103MEDIA,0,Other_Amphibian,0.6084,2272.8,2.6,2517.9,555.9
/srv/shared_leopard_toad/2025/Documents/25.08-01.09.2025/5R/103MEDIA/DSCF0754.JPG,DSCF0754.JPG,5R/103MEDIA,0,Other_Amphibian,0.6846,3021.4,2231.4,3115.9,2340.1
/srv/shared_leopard_toad/2025/Documents/25.08-01.09.2025/5R/103MEDIA/DSCF0040.JPG,DSCF0040.JPG,5R/103MEDIA,0,Other_Amphibian,0.4285,2267.8,3.3,2525.5,548.5
/srv/shared_leopard_toad/2025/Documents/25.08-01.09.2025/5R/103MEDIA/DSCF0040.JPG,DSCF0040.JPG,5R/103MEDIA,0,Other_Amphibian,0.2395,2259.7,0.0,2528.3,547.8
/srv/shared_leopard_toad/2025/Documents/25.08-01.09.2025/5R/103MEDIA/DSCF0423.JPG,DSCF0423.JPG,5R/103MEDIA,0,Other_Amphibian,0.3394,2274.2,-3.0,2534.8,550.8
/srv/shared_leopard_toad/2025/Documents/25.08-01.09.2025/5R/103MEDIA/DSCF0423.JPG,DSCF0423.JPG,5R/103MEDIA,0,Other_Amphibian,0.2866,2271.3,-1.8,2532.5,552.6
/srv/shared_leopard_toad/2025/Documents/25.08-01.09.2025/5R/103MEDIA/DSCF0045.JPG,DSCF0045.JPG,5R/103MEDIA,0,Other_Amphibian,0.3525,2269.6,1.7,2528.9,550.9
/srv/shared_leopard_toad/2025/Documents/25.08-01.09.2025/5R/103MEDIA/DSCF0045.JPG,DSCF0045.JPG,5R/103MEDIA,0,Other_Amphibian,0.3350,2269.1,0.9,2534.7,548.7
/srv/shared_leopard_toad/2025/Documents/25.08-01.09.2025/5R/103MEDIA/DSCF0264.JPG,DSCF0264.JPG,5R/103MEDIA,0,Other_Amphibian,0.2256,2268.6,-5.2,2522.1,574.8
/srv/shared_leopard_toad/2025/Documents/25.08-01.09.2025/5R/103MEDIA/DSCF0264.JPG,DSCF0264.JPG,5R/103MEDIA,0,Other_Amphibian,0.2013,2269.5,-3.7,2521.1,576.2
/srv/shared_leopard_toad/2025/Documents/25.08-01.09.2025/5R/103MEDIA/DSCF0145.JPG,DSCF0145.JPG,5R/103MEDIA,0,Other_Amphibian,0.2798,2268.2,-3.3,2525.1,586.2
/srv/shared_leopard_toad/2025/Documents/25.08-01.09.2025/5R/103MEDIA/DSCF0145.JPG,DSCF0145.JPG,5R/103MEDIA,0,Other_Amphibian,0.2402,2263.5,-4.6,2527.1,586.4
/srv/shared_leopard_toad/2025/Documents/25.08-01.09.2025/5R/103MEDIA/DSCF0637.JPG,DSCF0637.JPG,5R/103MEDIA,0,Other_Amphibian,0.2004,2270.6,-3.5,2559.4,597.8
/srv/shared_leopard_toad/2025/Documents/25.08-01.09.2025/5R/103MEDIA/DSCF0271.JPG,DSCF0271.JPG,5R/103MEDIA,0,Other_Amphibian,0.2240,2271.7,-4.6,2529.4,600.0
/srv/shared_leopard_toad/2025/Documents/25.08-01.09.2025/5R/103MEDIA/DSCF0648.JPG,DSCF0648.JPG,5R/103MEDIA,0,Other_Amphibian,0.2474,2272.9,-3.3,2520.3,582.1
/srv/shared_leopard_toad/2025/Documents/25.08-01.09.2025/5R/103MEDIA/DSCF0659.JPG,DSCF0659.JPG,5R/103MEDIA,0,Other_Amphibian,0.2944,2272.4,-2.4,2547.1,590.4
/srv/shared_leopard_toad/2025/Documents/25.08-01.09.2025/5R/103MEDIA/DSCF0659.JPG,DSCF0659.JPG,5R/103MEDIA,0,Other_Amphibian,0.2273,2272.2,-3.9,2536.8,585.6
/srv/shared_leopard_toad/2025/Documents/25.08-01.09.2025/5R/103MEDIA/DSCF0053.JPG,DSCF0053.JPG,5R/103MEDIA,0,Other_Amphibian,0.5156,2268.4,1.3,2524.8,546.5
/srv/shared_leopard_toad/2025/Documents/25.08-01.09.2025/5R/103MEDIA/DSCF0053.JPG,DSCF0053.JPG,5R/103MEDIA,0,Other_Amphibian,0.2084,2263.1,-2.2,2522.3,548.9
/srv/shared_leopard_toad/2025/Documents/25.08-01.09.2025/5R/103MEDIA/DSCF0384.JPG,DSCF0384.JPG,5R/103MEDIA,0,Other_Amphibian,0.2988,2271.7,-0.4,2529.4,555.2
/srv/shared_leopard_toad/2025/Documents/25.08-01.09.2025/5R/103MEDIA/DSCF0384.JPG,DSCF0384.JPG,5R/103MEDIA,0,Other_Amphibian,0.2311,2270.4,-4.1,2528.1,553.7
/srv/shared_leopard_toad/2025/Documents/25.08-01.09.2025/5R/103MEDIA/DSCF0502.JPG,DSCF0502.JPG,5R/103MEDIA,0,Other_Amphibian,0.2056,2286.4,2.2,2514.8,757.5
/srv/shared_leopard_toad/2025/Documents/25.08-01.09.2025/5R/103MEDIA/DSCF0930.JPG,DSCF0930.JPG,5R/103MEDIA,0,Other_Amphibian,0.2839,2273.9,-1.8,2529.8,550.8
/srv/shared_leopard_toad/2025/Documents/25.08-01.09.2025/5R/103MEDIA/DSCF0930.JPG,DSCF0930.JPG,5R/103MEDIA,0,Other_Amphibian,0.2737,2275.7,-3.9,2530.7,550.6
/srv/shared_leopard_toad/2025/Documents/25.08-01.09.2025/5R/103MEDIA/DSCF0731.JPG,DSCF0731.JPG,5R/103MEDIA,0,Other_Amphibian,0.2244,2269.9,-3.5,2528.6,589.3
/srv/shared_leopard_toad/2025/Documents/25.08-01.09.2025/5R/103MEDIA/DSCF0898.JPG,DSCF0898.JPG,5R/103MEDIA,0,Other_Amphibian,0.2115,2269.0,-6.5,2532.1,586.4
/srv/shared_leopard_toad/2025/Documents/25.08-01.09.2025/5R/103MEDIA/DSCF0268.JPG,DSCF0268.JPG,5R/103MEDIA,0,Other_Amphibian,0.2925,2270.0,-1.7,2539.0,579.4
/srv/shared_leopard_toad/2025/Documents/25.08-01.09.2025/5R/103MEDIA/DSCF0268.JPG,DSCF0268.JPG,5R/103MEDIA,0,Other_Amphibian,0.2756,2268.7,-1.7,2532.4,576.4
/srv/shared_leopard_toad/2025/Documents/25.08-01.09.2025/5R/103MEDIA/DSCF0582.JPG,DSCF0582.JPG,5R/103MEDIA,0,Other_Amphibian,0.2203,2274.7,-2.6,2544.8,590.6
/srv/shared_leopard_toad/2025/Documents/25.08-01.09.2025/5R/103MEDIA/DSCF0931.JPG,DSCF0931.JPG,5R/103MEDIA,0,Other_Amphibian,0.4368,2274.2,-2.2,2524.3,570.0
/srv/shared_leopard_toad/2025/Documents/25.08-01.09.2025/5R/103MEDIA/DSCF0106.JPG,DSCF0106.JPG,5R/103MEDIA,0,Other_Amphibian,0.3018,2274.3,-5.4,2513.7,615.5
/srv/shared_leopard_toad/2025/Documents/25.08-01.09.2025/5R/103MEDIA/DSCF0246.JPG,DSCF0246.JPG,5R/103MEDIA,0,Other_Amphibian,0.2028,2278.4,4.1,2522.7,770.4
/srv/shared_leopard_toad/2025/Documents/25.08-01.09.2025/5R/103MEDIA/DSCF0704.JPG,DSCF0704.JPG,5R/103MEDIA,0,Other_Amphibian,0.2998,2274.3,-1.8,2524.2,563.3
/srv/shared_leopard_toad/2025/Documents/25.08-01.09.2025/5R/103MEDIA/DSCF0148.JPG,DSCF0148.JPG,5R/103MEDIA,0,Other_Amphibian,0.2673,2271.1,-2.0,2519.5,589.0
/srv/shared_leopard_toad/2025/Documents/25.08-01.09.2025/5R/103MEDIA/DSCF0148.JPG,DSCF0148.JPG,5R/103MEDIA,0,Other_Amphibian,0.2013,2267.3,-5.2,2518.0,589.1
/srv/shared_leopard_toad/2025/Documents/25.08-01.09.2025/5R/103MEDIA/DSCF0739.JPG,DSCF0739.JPG,5R/103MEDIA,0,Other_Amphibian,0.4316,2272.3,-0.2,2531.5,555.0
/srv/shared_leopard_toad/2025/Documents/25.08-01.09.2025/5R/103MEDIA/DSCF0739.JPG,DSCF0739.JPG,5R/103MEDIA,0,Other_Amphibian,0.2218,2266.6,-3.0,2524.0,556.7
/srv/shared_leopard_toad/2025/Documents/25.08-01.09.2025/5R/103MEDIA/DSCF0576.JPG,DSCF0576.JPG,5R/103MEDIA,0,Other_Amphibian,0.3860,2272.6,-0.2,2528.5,552.8
/srv/shared_leopard_toad/2025/Documents/25.08-01.09.2025/5R/103MEDIA/DSCF0576.JPG,DSCF0576.JPG,5R/103MEDIA,0,Other_Amphibian,0.2494,2267.8,-2.6,2522.8,556.3
/srv/shared_leopard_toad/2025/Documents/25.08-01.09.2025/5R/103MEDIA/DSCF0856.JPG,DSCF0856.JPG,5R/103MEDIA,0,Other_Amphibian,0.2418,2272.9,-1.1,2525.6,619.8
/srv/shared_leopard_toad/2025/Documents/25.08-01.09.2025/5R/103MEDIA/DSCF0607.JPG,DSCF0607.JPG,5R/103MEDIA,0,Other_Amphibian,0.2397,2267.9,-2.0,2520.1,542.1
/srv/shared_leopard_toad/2025/Documents/25.08-01.09.2025/5R/103MEDIA/DSCF0607.JPG,DSCF0607.JPG,5R/103MEDIA,0,Other_Amphibian,0.2073,2266.6,-3.0,2518.8,541.2
/srv/shared_leopard_toad/2025/Documents/25.08-01.09.2025/5R/103MEDIA/DSCF0097.JPG,DSCF0097.JPG,5R/103MEDIA,0,Other_Amphibian,0.2908,2265.7,-2.0,2519.7,590.1
/srv/shared_leopard_toad/2025/Documents/25.08-01.09.2025/5R/103MEDIA/DSCF0252.JPG,DSCF0252.JPG,5R/103MEDIA,0,Other_Amphibian,0.2959,2270.8,-1.7,2527.7,553.5
/srv/shared_leopard_toad/2025/Documents/25.08-01.09.2025/5R/103MEDIA/DSCF0252.JPG,DSCF0252.JPG,5R/103MEDIA,0,Other_Amphibian,0.2598,2266.8,-1.7,2526.5,555.4
/srv/shared_leopard_toad/2025/Documents/25.08-01.09.2025/5R/103MEDIA/DSCF0721.JPG,DSCF0721.JPG,5R/103MEDIA,0,Other_Amphibian,0.2114,2274.2,-3.7,2526.9,568.1
/srv/shared_leopard_toad/2025/Documents/25.08-01.09.2025/5R/103MEDIA/DSCF0927.JPG,DSCF0927.JPG,5R/103MEDIA,0,Other_Amphibian,0.3037,2277.8,-2.2,2531.2,553.0
/srv/shared_leopard_toad/2025/Documents/25.08-01.09.2025/5R/103MEDIA/DSCF0683.JPG,DSCF0683.JPG,5R/103MEDIA,0,Other_Amphibian,0.2162,2269.1,-4.1,2524.1,599.5
/srv/shared_leopard_toad/2025/Documents/25.08-01.09.2025/5R/103MEDIA/DSCF0888.JPG,DSCF0888.JPG,5R/103MEDIA,0,Other_Amphibian,0.2673,2270.1,-3.5,2528.4,584.2
/srv/shared_leopard_toad/2025/Documents/25.08-01.09.2025/5R/103MEDIA/DSCF0888.JPG,DSCF0888.JPG,5R/103MEDIA,0,Other_Amphibian,0.2532,2264.8,-5.4,2528.4,585.3
/srv/shared_leopard_toad/2025/Documents/25.08-01.09.2025/5R/103MEDIA/DSCF0908.JPG,DSCF0908.JPG,5R/103MEDIA,0,Other_Amphibian,0.2203,2270.4,-5.9,2528.1,577.3
/srv/shared_leopard_toad/2025/Documents/25.08-01.09.2025/5R/103MEDIA/DSCF0072.JPG,DSCF0072.JPG,5R/103MEDIA,0,Other_Amphibian,0.2440,2267.1,-3.0,2536.7,576.6
/srv/shared_leopard_toad/2025/Documents/25.08-01.09.2025/5R/103MEDIA/DSCF0072.JPG,DSCF0072.JPG,5R/103MEDIA,0,Other_Amphibian,0.2218,2269.5,-2.0,2531.6,582.7
/srv/shared_leopard_toad/2025/Documents/25.08-01.09.2025/5R/103MEDIA/DSCF0023.JPG,DSCF0023.JPG,5R/103MEDIA,0,Other_Amphibian,0.3943,2266.9,3.5,2536.9,558.0
/srv/shared_leopard_toad/2025/Documents/25.08-01.09.2025/5R/103MEDIA/DSCF0023.JPG,DSCF0023.JPG,5R/103MEDIA,0,Other_Amphibian,0.3279,2263.8,0.9,2542.6,554.6
/srv/shared_leopard_toad/2025/Documents/25.08-01.09.2025/5R/103MEDIA/DSCF0399.JPG,DSCF0399.JPG,5R/103MEDIA,0,Other_Amphibian,0.2225,2272.1,-1.1,2534.3,538.2
/srv/shared_leopard_toad/2025/Documents/25.08-01.09.2025/5R/103MEDIA/DSCF0399.JPG,DSCF0399.JPG,5R/103MEDIA,0,Other_Amphibian,0.2037,2269.3,-1.1,2534.4,538.2
/srv/shared_leopard_toad/2025/Documents/25.08-01.09.2025/5R/103MEDIA/DSCF0158.JPG,DSCF0158.JPG,5R/103MEDIA,0,Other_Amphibian,0.2996,2273.3,-1.7,2519.9,572.4
/srv/shared_leopard_toad/2025/Documents/25.08-01.09.2025/5R/103MEDIA/DSCF0567.JPG,DSCF0567.JPG,5R/103MEDIA,0,Other_Amphibian,0.3811,2269.1,0.7,2537.2,555.9
/srv/shared_leopard_toad/2025/Documents/25.08-01.09.2025/5R/103MEDIA/DSCF0567.JPG,DSCF0567.JPG,5R/103MEDIA,0,Other_Amphibian,0.2666,2265.3,-1.3,2535.8,556.8
/srv/shared_leopard_toad/2025/Documents/25.08-01.09.2025/5R/103MEDIA/DSCF0768.JPG,DSCF0768.JPG,5R/103MEDIA,0,Other_Amphibian,0.2239,2276.4,-7.6,2535.2,592.3
/srv/shared_leopard_toad/2025/Documents/25.08-01.09.2025/5R/103MEDIA/DSCF0768.JPG,DSCF0768.JPG,5R/103MEDIA,0,Other_Amphibian,0.2225,2277.0,-5.0,2532.0,591.9
/srv/shared_leopard_toad/2025/Documents/25.08-01.09.2025/5R/103MEDIA/DSCF0262.JPG,DSCF0262.JPG,5R/103MEDIA,0,Other_Amphibian,0.2798,2272.7,-1.1,2546.8,573.6
/srv/shared_leopard_toad/2025/Documents/25.08-01.09.2025/5R/103MEDIA/DSCF0262.JPG,DSCF0262.JPG,5R/103MEDIA,0,Other_Amphibian,0.2576,2272.0,-2.8,2539.6,573.5
/srv/shared_leopard_toad/2025/Documents/25.08-01.09.2025/5R/103MEDIA/DSCF0655.JPG,DSCF0655.JPG,5R/103MEDIA,0,Other_Amphibian,0.2605,2269.5,-2.8,2531.6,551.7
/srv/shared_leopard_toad/2025/Documents/25.08-01.09.2025/5R/103MEDIA/DSCF0655.JPG,DSCF0655.JPG,5R/103MEDIA,0,Other_Amphibian,0.2498,2268.7,-3.9,2532.4,553.5
/srv/shared_leopard_toad/2025/Documents/25.08-01.09.2025/5R/103MEDIA/DSCF0223.JPG,DSCF0223.JPG,5R/103MEDIA,0,Other_Amphibian,0.2537,2273.4,-2.6,2525.1,568.1
/srv/shared_leopard_toad/2025/Documents/25.08-01.09.2025/5R/103MEDIA/DSCF0223.JPG,DSCF0223.JPG,5R/103MEDIA,0,Other_Amphibian,0.2068,2271.3,-4.1,2527.2,567.7
/srv/shared_leopard_toad/2025/Documents/25.08-01.09.2025/5R/103MEDIA/DSCF0745.JPG,DSCF0745.JPG,5R/103MEDIA,0,Other_Amphibian,0.2161,2279.0,0.7,2511.6,771.5
/srv/shared_leopard_toad/2025/Documents/25.08-01.09.2025/5R/103MEDIA/DSCF0601.JPG,DSCF0601.JPG,5R/103MEDIA,0,Other_Amphibian,0.2725,2272.3,-1.7,2539.4,546.5
/srv/shared_leopard_toad/2025/Documents/25.08-01.09.2025/5R/103MEDIA/DSCF0601.JPG,DSCF0601.JPG,5R/103MEDIA,0,Other_Amphibian,0.2247,2270.5,-2.6,2538.5,545.6
/srv/shared_leopard_toad/2025/Documents/25.08-01.09.2025/5R/103MEDIA/DSCF0095.JPG,DSCF0095.JPG,5R/103MEDIA,0,Other_Amphibian,0.3223,2267.8,2.2,2517.6,562.2
/srv/shared_leopard_toad/2025/Documents/25.08-01.09.2025/5R/103MEDIA/DSCF0095.JPG,DSCF0095.JPG,5R/103MEDIA,0,Other_Amphibian,0.2791,2265.9,-1.7,2519.4,559.4
/srv/shared_leopard_toad/2025/Documents/25.08-01.09.2025/5R/103MEDIA/DSCF0823.JPG,DSCF0823.JPG,5R/103MEDIA,0,Other_Amphibian,0.2089,2271.3,-6.1,2527.2,564.6
/srv/shared_leopard_toad/2025/Documents/25.08-01.09.2025/5R/103MEDIA/DSCF0154.JPG,DSCF0154.JPG,5R/103MEDIA,0,Other_Amphibian,0.2289,2265.9,0.7,2524.7,588.4
/srv/shared_leopard_toad/2025/Documents/25.08-01.09.2025/5R/103MEDIA/DSCF0154.JPG,DSCF0154.JPG,5R/103MEDIA,0,Other_Amphibian,0.2115,2263.2,-1.8,2535.3,587.7
/srv/shared_leopard_toad/2025/Documents/25.08-01.09.2025/5R/103MEDIA/DSCF0577.JPG,DSCF0577.JPG,5R/103MEDIA,0,Other_Amphibian,0.2142,2275.8,-4.2,2549.0,576.8
/srv/shared_leopard_toad/2025/Documents/25.08-01.09.2025/5R/103MEDIA/DSCF0123.JPG,DSCF0123.JPG,5R/103MEDIA,0,Other_Amphibian,0.3477,2265.4,-0.2,2546.2,559.8
/srv/shared_leopard_toad/2025/Documents/25.08-01.09.2025/5R/103MEDIA/DSCF0123.JPG,DSCF0123.JPG,5R/103MEDIA,0,Other_Amphibian,0.3364,2269.0,-0.7,2540.0,563.3
/srv/shared_leopard_toad/2025/Documents/25.08-01.09.2025/5R/103MEDIA/DSCF0666.JPG,DSCF0666.JPG,5R/103MEDIA,0,Other_Amphibian,0.2864,2274.3,-3.1,2532.1,567.6
/srv/shared_leopard_toad/2025/Documents/25.08-01.09.2025/5R/103MEDIA/DSCF0666.JPG,DSCF0666.JPG,5R/103MEDIA,0,Other_Amphibian,0.2179,2266.9,-6.1,2531.6,564.6
/srv/shared_leopard_toad/2025/Documents/25.08-01.09.2025/5R/103MEDIA/DSCF0049.JPG,DSCF0049.JPG,5R/103MEDIA,0,Other_Amphibian,0.3591,2272.9,3.0,2520.3,565.5
/srv/shared_leopard_toad/2025/Documents/25.08-01.09.2025/5R/103MEDIA/DSCF0049.JPG,DSCF0049.JPG,5R/103MEDIA,0,Other_Amphibian,0.2690,2271.3,-0.9,2522.0,561.6
/srv/shared_leopard_toad/2025/Documents/25.08-01.09.2025/5R/103MEDIA/DSCF0208.JPG,DSCF0208.JPG,5R/103MEDIA,0,Other_Amphibian,0.3779,2267.3,-2.2,2512.9,553.0
/srv/shared_leopard_toad/2025/Documents/25.08-01.09.2025/5R/103MEDIA/DSCF0635.JPG,DSCF0635.JPG,5R/103MEDIA,0,Other_Amphibian,0.2229,2274.7,-2.2,2531.6,563.7
/srv/shared_leopard_toad/2025/Documents/25.08-01.09.2025/5R/103MEDIA/DSCF0065.JPG,DSCF0065.JPG,5R/103MEDIA,0,Other_Amphibian,0.4819,2273.0,2.8,2530.7,552.0
/srv/shared_leopard_toad/2025/Documents/25.08-01.09.2025/5R/103MEDIA/DSCF0065.JPG,DSCF0065.JPG,5R/103MEDIA,0,Other_Amphibian,0.4021,2270.7,0.4,2530.4,553.3
/srv/shared_leopard_toad/2025/Documents/25.08-01.09.2025/5R/103MEDIA/DSCF0414.JPG,DSCF0414.JPG,5R/103MEDIA,0,Other_Amphibian,0.2405,2274.3,-3.0,2524.2,585.8
/srv/shared_leopard_toad/2025/Documents/25.08-01.09.2025/5R/103MEDIA/DSCF0820.JPG,DSCF0820.JPG,5R/103MEDIA,0,Other_Amphibian,0.3340,2263.2,-0.2,2535.3,556.8
/srv/shared_leopard_toad/2025/Documents/25.08-01.09.2025/5R/103MEDIA/DSCF0820.JPG,DSCF0820.JPG,5R/103MEDIA,0,Other_Amphibian,0.2162,2237.5,-4.4,2532.1,561.1
/srv/shared_leopard_toad/2025/Documents/25.08-01.09.2025/5R/103MEDIA/DSCF0074.JPG,DSCF0074.JPG,5R/103MEDIA,0,Other_Amphibian,0.2268,2272.5,-0.4,2526.0,565.9
/srv/shared_leopard_toad/2025/Documents/25.08-01.09.2025/5R/103MEDIA/DSCF0074.JPG,DSCF0074.JPG,5R/103MEDIA,0,Other_Amphibian,0.2059,2271.8,-1.1,2526.7,564.8
/srv/shared_leopard_toad/2025/Documents/25.08-01.09.2025/5R/103MEDIA/DSCF0421.JPG,DSCF0421.JPG,5R/103MEDIA,0,Other_Amphibian,0.2108,2277.2,-4.4,2526.6,581.0
/srv/shared_leopard_toad/2025/Documents/25.08-01.09.2025/5R/103MEDIA/DSCF0533.JPG,DSCF0533.JPG,5R/103MEDIA,0,Other_Amphibian,0.2732,2273.4,-2.8,2525.1,555.4
/srv/shared_leopard_toad/2025/Documents/25.08-01.09.2025/5R/103MEDIA/DSCF0533.JPG,DSCF0533.JPG,5R/103MEDIA,0,Other_Amphibian,0.2551,2273.2,-2.0,2525.3,556.8
/srv/shared_leopard_toad/2025/Documents/25.08-01.09.2025/5R/103MEDIA/DSCF0503.JPG,DSCF0503.JPG,5R/103MEDIA,0,Other_Amphibian,0.2362,2278.6,-1.8,2533.0,555.6
/srv/shared_leopard_toad/2025/Documents/25.08-01.09.2025/5R/103MEDIA/DSCF0503.JPG,DSCF0503.JPG,5R/103MEDIA,0,Other_Amphibian,0.2104,2278.3,-0.9,2533.3,554.6
/srv/shared_leopard_toad/2025/Documents/25.08-01.09.2025/5R/103MEDIA/DSCF0885.JPG,DSCF0885.JPG,5R/103MEDIA,0,Other_Amphibian,0.2744,2274.6,-2.4,2529.1,563.1
/srv/shared_leopard_toad/2025/Documents/25.08-01.09.2025/5R/103MEDIA/DSCF0622.JPG,DSCF0622.JPG,5R/103MEDIA,0,Other_Amphibian,0.3203,2276.0,-3.5,2535.7,553.2
/srv/shared_leopard_toad/2025/Documents/25.08-01.09.2025/5R/103MEDIA/DSCF0030.JPG,DSCF0030.JPG,5R/103MEDIA,0,Other_Amphibian,0.3503,2272.7,4.1,2525.8,545.6
/srv/shared_leopard_toad/2025/Documents/25.08-01.09.2025/5R/103MEDIA/DSCF0030.JPG,DSCF0030.JPG,5R/103MEDIA,0,Other_Amphibian,0.3442,2269.4,2.4,2529.1,543.6
/srv/shared_leopard_toad/2025/Documents/25.08-01.09.2025/5R/103MEDIA/DSCF0483.JPG,DSCF0483.JPG,5R/103MEDIA,0,Other_Amphibian,0.2942,2270.4,-2.0,2528.1,557.6
/srv/shared_leopard_toad/2025/Documents/25.08-01.09.2025/5R/103MEDIA/DSCF0937.JPG,DSCF0937.JPG,5R/103MEDIA,0,Other_Amphibian,0.2759,2272.0,-2.8,2531.7,582.7
/srv/shared_leopard_toad/2025/Documents/25.08-01.09.2025/5R/103MEDIA/DSCF0937.JPG,DSCF0937.JPG,5R/103MEDIA,0,Other_Amphibian,0.2473,2268.7,-5.9,2529.8,579.6
/srv/shared_leopard_toad/2025/Documents/25.08-01.09.2025/5R/103MEDIA/DSCF0790.JPG,DSCF0790.JPG,5R/103MEDIA,0,Other_Amphibian,0.2352,2275.0,-4.2,2526.2,576.8
/srv/shared_leopard_toad/2025/Documents/25.08-01.09.2025/5R/103MEDIA/DSCF0790.JPG,DSCF0790.JPG,5R/103MEDIA,0,Other_Amphibian,0.2351,2272.8,-5.0,2528.3,574.6
/srv/shared_leopard_toad/2025/Documents/25.08-01.09.2025/5R/103MEDIA/DSCF0333.JPG,DSCF0333.JPG,5R/103MEDIA,0,Other_Amphibian,0.2722,2275.6,0.0,2525.5,541.9
/srv/shared_leopard_toad/2025/Documents/25.08-01.09.2025/5R/103MEDIA/DSCF0333.JPG,DSCF0333.JPG,5R/103MEDIA,0,Other_Amphibian,0.2378,2274.8,-2.6,2523.7,543.7
/srv/shared_leopard_toad/2025/Documents/25.08-01.09.2025/5R/103MEDIA/DSCF0482.JPG,DSCF0482.JPG,5R/103MEDIA,0,Other_Amphibian,0.2290,2274.9,-0.4,2528.9,554.1
/srv/shared_leopard_toad/2025/Documents/25.08-01.09.2025/5R/103MEDIA/DSCF0482.JPG,DSCF0482.JPG,5R/103MEDIA,0,Other_Amphibian,0.2123,2275.7,-1.7,2530.7,553.5
/srv/shared_leopard_toad/2025/Documents/25.08-01.09.2025/5R/103MEDIA/DSCF0805.JPG,DSCF0805.JPG,5R/103MEDIA,0,Other_Amphibian,0.2563,2276.4,-2.4,2524.8,559.1
/srv/shared_leopard_toad/2025/Documents/25.08-01.09.2025/5R/103MEDIA/DSCF0805.JPG,DSCF0805.JPG,5R/103MEDIA,0,Other_Amphibian,0.2371,2275.6,-3.5,2525.5,558.3
/srv/shared_leopard_toad/2025/Documents/25.08-01.09.2025/5R/103MEDIA/DSCF0962.JPG,DSCF0962.JPG,5R/103MEDIA,0,Other_Amphibian,0.2742,2272.7,-5.7,2536.3,568.3
/srv/shared_leopard_toad/2025/Documents/25.08-01.09.2025/5R/103MEDIA/DSCF0962.JPG,DSCF0962.JPG,5R/103MEDIA,0,Other_Amphibian,0.2388,2270.5,-4.8,2533.2,569.2
/srv/shared_leopard_toad/2025/Documents/25.08-01.09.2025/5R/103MEDIA/DSCF0942.JPG,DSCF0942.JPG,5R/103MEDIA,0,Other_Amphibian,0.2179,2270.8,-6.3,2522.5,588.0
/srv/shared_leopard_toad/2025/Documents/25.08-01.09.2025/5R/103MEDIA/DSCF0942.JPG,DSCF0942.JPG,5R/103MEDIA,0,Other_Amphibian,0.2123,2275.3,-3.3,2523.2,585.1
/srv/shared_leopard_toad/2025/Documents/25.08-01.09.2025/5R/103MEDIA/DSCF0742.JPG,DSCF0742.JPG,5R/103MEDIA,0,Other_Amphibian,0.2032,2272.5,-8.1,2526.0,576.6
/srv/shared_leopard_toad/2025/Documents/25.08-01.09.2025/5R/103MEDIA/DSCF0031.JPG,DSCF0031.JPG,5R/103MEDIA,0,Other_Amphibian,0.4814,2272.3,2.8,2539.4,558.0
/srv/shared_leopard_toad/2025/Documents/25.08-01.09.2025/5R/103MEDIA/DSCF0031.JPG,DSCF0031.JPG,5R/103MEDIA,0,Other_Amphibian,0.3848,2267.7,0.7,2541.3,555.9
/srv/shared_leopard_toad/2025/Documents/25.08-01.09.2025/5R/103MEDIA/DSCF0391.JPG,DSCF0391.JPG,5R/103MEDIA,0,Other_Amphibian,0.2759,2273.4,-5.2,2525.1,648.2
/srv/shared_leopard_toad/2025/Documents/25.08-01.09.2025/5R/103MEDIA/DSCF0516.JPG,DSCF0516.JPG,5R/103MEDIA,0,Other_Amphibian,0.2430,2269.1,-5.4,2545.2,680.5
/srv/shared_leopard_toad/2025/Documents/25.08-01.09.2025/5R/103MEDIA/DSCF0058.JPG,DSCF0058.JPG,5R/103MEDIA,0,Other_Amphibian,0.2556,2269.1,0.6,2534.7,553.2
/srv/shared_leopard_toad/2025/Documents/25.08-01.09.2025/5R/103MEDIA/DSCF0058.JPG,DSCF0058.JPG,5R/103MEDIA,0,Other_Amphibian,0.2522,2270.1,2.8,2528.4,558.0
/srv/shared_leopard_toad/2025/Documents/25.08-01.09.2025/5R/103MEDIA/DSCF0169.JPG,DSCF0169.JPG,5R/103MEDIA,0,Other_Amphibian,0.3269,2268.7,-3.3,2529.8,588.0
/srv/shared_leopard_toad/2025/Documents/25.08-01.09.2025/5R/103MEDIA/DSCF0169.JPG,DSCF0169.JPG,5R/103MEDIA,0,Other_Amphibian,0.2314,2265.9,-6.3,2532.6,585.1
/srv/shared_leopard_toad/2025/Documents/25.08-01.09.2025/5R/103MEDIA/DSCF0706.JPG,DSCF0706.JPG,5R/103MEDIA,0,Other_Amphibian,0.2949,2272.7,-0.7,2536.3,546.7
/srv/shared_leopard_toad/2025/Documents/25.08-01.09.2025/5R/103MEDIA/DSCF0525.JPG,DSCF0525.JPG,5R/103MEDIA,0,Other_Amphibian,0.3452,2277.8,-1.5,2523.4,552.2
/srv/shared_leopard_toad/2025/Documents/25.08-01.09.2025/5R/103MEDIA/DSCF0798.JPG,DSCF0798.JPG,5R/103MEDIA,0,Other_Amphibian,0.2006,2277.0,-2.8,2524.1,555.4
/srv/shared_leopard_toad/2025/Documents/25.08-01.09.2025/5R/103MEDIA/DSCF0757.JPG,DSCF0757.JPG,5R/103MEDIA,0,Other_Amphibian,0.2603,2268.6,-1.8,2556.2,563.3
/srv/shared_leopard_toad/2025/Documents/25.08-01.09.2025/5R/103MEDIA/DSCF0904.JPG,DSCF0904.JPG,5R/103MEDIA,0,Other_Amphibian,0.2534,2281.6,0.0,2516.9,750.1
/srv/shared_leopard_toad/2025/Documents/25.08-01.09.2025/5R/103MEDIA/DSCF0086.JPG,DSCF0086.JPG,5R/103MEDIA,0,Other_Amphibian,0.3230,2270.7,-0.7,2530.4,590.6
/srv/shared_leopard_toad/2025/Documents/25.08-01.09.2025/5R/103MEDIA/DSCF0086.JPG,DSCF0086.JPG,5R/103MEDIA,0,Other_Amphibian,0.2825,2267.9,-3.0,2538.5,585.8
/srv/shared_leopard_toad/2025/Documents/25.08-01.09.2025/5R/103MEDIA/DSCF0735.JPG,DSCF0735.JPG,5R/103MEDIA,0,Other_Amphibian,0.3281,2275.6,-1.8,2525.5,546.7
/srv/shared_leopard_toad/2025/Documents/25.08-01.09.2025/5R/103MEDIA/DSCF0613.JPG,DSCF0613.JPG,5R/103MEDIA,0,Other_Amphibian,0.2346,2273.6,-3.1,2519.7,596.3
/srv/shared_leopard_toad/2025/Documents/25.08-01.09.2025/5R/103MEDIA/DSCF0551.JPG,DSCF0551.JPG,5R/103MEDIA,0,Other_Amphibian,0.2189,2274.0,-7.0,2527.1,592.8
/srv/shared_leopard_toad/2025/Documents/25.08-01.09.2025/5R/103MEDIA/DSCF0192.JPG,DSCF0192.JPG,5R/103MEDIA,0,Other_Amphibian,0.3389,2267.9,-0.2,2525.3,569.8
/srv/shared_leopard_toad/2025/Documents/25.08-01.09.2025/5R/103MEDIA/DSCF0192.JPG,DSCF0192.JPG,5R/103MEDIA,0,Other_Amphibian,0.2170,2264.0,-3.3,2526.6,564.8
/srv/shared_leopard_toad/2025/Documents/25.08-01.09.2025/5R/103MEDIA/DSCF0114.JPG,DSCF0114.JPG,5R/103MEDIA,0,Other_Amphibian,0.3855,2270.9,-1.8,2519.8,596.2
/srv/shared_leopard_toad/2025/Documents/25.08-01.09.2025/5R/103MEDIA/DSCF0299.JPG,DSCF0299.JPG,5R/103MEDIA,0,Other_Amphibian,0.2339,2275.2,-1.5,2525.9,555.2
/srv/shared_leopard_toad/2025/Documents/25.08-01.09.2025/5R/103MEDIA/DSCF0345.JPG,DSCF0345.JPG,5R/103MEDIA,0,Other_Amphibian,0.2335,2276.5,-0.7,2527.2,559.2
/srv/shared_leopard_toad/2025/Documents/25.08-01.09.2025/5R/103MEDIA/DSCF0293.JPG,DSCF0293.JPG,5R/103MEDIA,0,Other_Amphibian,0.3914,2277.6,-2.6,2520.9,586.6
/srv/shared_leopard_toad/2025/Documents/25.08-01.09.2025/5R/103MEDIA/DSCF0293.JPG,DSCF0293.JPG,5R/103MEDIA,0,Other_Amphibian,0.2147,2271.7,-6.1,2513.7,587.9
/srv/shared_leopard_toad/2025/Documents/25.08-01.09.2025/5R/103MEDIA/DSCF0020.JPG,DSCF0020.JPG,5R/103MEDIA,0,Other_Amphibian,0.3005,2268.4,0.6,2530.1,563.1
/srv/shared_leopard_toad/2025/Documents/25.08-01.09.2025/5R/103MEDIA/DSCF0020.JPG,DSCF0020.JPG,5R/103MEDIA,0,Other_Amphibian,0.2720,2265.9,-0.7,2545.7,559.2
/srv/shared_leopard_toad/2025/Documents/25.08-01.09.2025/5R/103MEDIA/DSCF0195.JPG,DSCF0195.JPG,5R/103MEDIA,0,Other_Amphibian,0.2075,2274.6,-2.2,2529.1,567.7
/srv/shared_leopard_toad/2025/Documents/25.08-01.09.2025/5R/103MEDIA/DSCF0018.JPG,DSCF0018.JPG,5R/103MEDIA,0,Other_Amphibian,0.4124,2270.0,3.3,2520.7,554.4
/srv/shared_leopard_toad/2025/Documents/25.08-01.09.2025/5R/103MEDIA/DSCF0794.JPG,DSCF0794.JPG,5R/103MEDIA,0,Other_Amphibian,0.2585,2277.2,-4.2,2542.3,550.9
/srv/shared_leopard_toad/2025/Documents/25.08-01.09.2025/5R/103MEDIA/DSCF0940.JPG,DSCF0940.JPG,5R/103MEDIA,0,Other_Amphibian,0.3298,2274.2,-1.7,2524.3,551.3
/srv/shared_leopard_toad/2025/Documents/25.08-01.09.2025/5R/103MEDIA/DSCF0940.JPG,DSCF0940.JPG,5R/103MEDIA,0,Other_Amphibian,0.2020,2264.7,-4.6,2520.7,553.5
/srv/shared_leopard_toad/2025/Documents/25.08-01.09.2025/5R/103MEDIA/DSCF0902.JPG,DSCF0902.JPG,5R/103MEDIA,0,Other_Amphibian,0.2184,2276.4,-4.1,2529.9,555.9
/srv/shared_leopard_toad/2025/Documents/25.08-01.09.2025/5R/103MEDIA/DSCF0902.JPG,DSCF0902.JPG,5R/103MEDIA,0,Other_Amphibian,0.2085,2273.1,-3.9,2528.0,557.6
/srv/shared_leopard_toad/2025/Documents/25.08-01.09.2025/5R/103MEDIA/DSCF0180.JPG,DSCF0180.JPG,5R/103MEDIA,0,Other_Amphibian,0.3030,2270.1,-2.6,2523.2,563.3
/srv/shared_leopard_toad/2025/Documents/25.08-01.09.2025/5R/103MEDIA/DSCF0558.JPG,DSCF0558.JPG,5R/103MEDIA,0,Other_Amphibian,0.2180,2270.1,-6.1,2528.4,570.5
/srv/shared_leopard_toad/2025/Documents/25.08-01.09.2025/5R/103MEDIA/DSCF0558.JPG,DSCF0558.JPG,5R/103MEDIA,0,Other_Amphibian,0.2073,2270.5,-4.2,2528.0,574.9
/srv/shared_leopard_toad/2025/Documents/25.08-01.09.2025/5R/103MEDIA/DSCF0088.JPG,DSCF0088.JPG,5R/103MEDIA,0,Other_Amphibian,0.4985,2270.8,1.3,2543.5,556.5
/srv/shared_leopard_toad/2025/Documents/25.08-01.09.2025/5R/103MEDIA/DSCF0088.JPG,DSCF0088.JPG,5R/103MEDIA,0,Other_Amphibian,0.2864,2269.1,-0.4,2537.2,557.0
/srv/shared_leopard_toad/2025/Documents/25.08-01.09.2025/5R/103MEDIA/DSCF0278.JPG,DSCF0278.JPG,5R/103MEDIA,0,Other_Amphibian,0.3228,2275.1,-1.5,2533.9,561.1
/srv/shared_leopard_toad/2025/Documents/25.08-01.09.2025/5R/103MEDIA/DSCF0278.JPG,DSCF0278.JPG,5R/103MEDIA,0,Other_Amphibian,0.2727,2274.5,-3.3,2531.9,562.9
/srv/shared_leopard_toad/2025/Documents/25.08-01.09.2025/5R/103MEDIA/DSCF0216.JPG,DSCF0216.JPG,5R/103MEDIA,0,Other_Amphibian,0.2286,2269.9,-3.0,2523.4,563.7
/srv/shared_leopard_toad/2025/Documents/25.08-01.09.2025/5R/103MEDIA/DSCF0050.JPG,DSCF0050.JPG,5R/103MEDIA,0,Other_Amphibian,0.4270,2270.1,1.5,2515.2,559.2
/srv/shared_leopard_toad/2025/Documents/25.08-01.09.2025/5R/103MEDIA/DSCF0050.JPG,DSCF0050.JPG,5R/103MEDIA,0,Other_Amphibian,0.2098,2264.8,-2.2,2512.7,558.9
/srv/shared_leopard_toad/2025/Documents/25.08-01.09.2025/5R/103MEDIA/DSCF0099.JPG,DSCF0099.JPG,5R/103MEDIA,0,Other_Amphibian,0.3489,2275.7,3.5,2522.8,558.0
/srv/shared_leopard_toad/2025/Documents/25.08-01.09.2025/5R/103MEDIA/DSCF0099.JPG,DSCF0099.JPG,5R/103MEDIA,0,Other_Amphibian,0.2415,2273.1,-0.6,2520.2,558.3
/srv/shared_leopard_toad/2025/Documents/25.08-01.09.2025/5R/103MEDIA/DSCF0909.JPG,DSCF0909.JPG,5R/103MEDIA,0,Other_Amphibian,0.3040,2271.7,-1.3,2521.6,549.1
/srv/shared_leopard_toad/2025/Documents/25.08-01.09.2025/5R/103MEDIA/DSCF0909.JPG,DSCF0909.JPG,5R/103MEDIA,0,Other_Amphibian,0.2498,2271.6,-3.9,2519.0,548.7
/srv/shared_leopard_toad/2025/Documents/25.08-01.09.2025/5R/103MEDIA/DSCF0314.JPG,DSCF0314.JPG,5R/103MEDIA,0,Other_Amphibian,0.2600,2276.5,-2.4,2527.2,586.4
/srv/shared_leopard_toad/2025/Documents/25.08-01.09.2025/5R/103MEDIA/DSCF0314.JPG,DSCF0314.JPG,5R/103MEDIA,0,Other_Amphibian,0.2384,2274.2,-4.1,2529.6,588.8
/srv/shared_leopard_toad/2025/Documents/25.08-01.09.2025/5R/103MEDIA/DSCF0588.JPG,DSCF0588.JPG,5R/103MEDIA,0,Other_Amphibian,0.2839,2272.8,-1.8,2512.5,553.7
/srv/shared_leopard_toad/2025/Documents/25.08-01.09.2025/5R/103MEDIA/DSCF0903.JPG,DSCF0903.JPG,5R/103MEDIA,0,Other_Amphibian,0.3342,2273.1,-4.1,2528.0,582.9
/srv/shared_leopard_toad/2025/Documents/25.08-01.09.2025/5R/103MEDIA/DSCF0903.JPG,DSCF0903.JPG,5R/103MEDIA,0,Other_Amphibian,0.2352,2267.0,-8.9,2526.2,576.6
/srv/shared_leopard_toad/2025/Documents/25.08-01.09.2025/5R/103MEDIA/DSCF0068.JPG,DSCF0068.JPG,5R/103MEDIA,0,Other_Amphibian,0.2411,2271.0,0.0,2527.5,567.7
/srv/shared_leopard_toad/2025/Documents/25.08-01.09.2025/5R/103MEDIA/DSCF0068.JPG,DSCF0068.JPG,5R/103MEDIA,0,Other_Amphibian,0.2056,2266.9,-3.7,2531.6,562.2
/srv/shared_leopard_toad/2025/Documents/25.08-01.09.2025/5R/103MEDIA/DSCF0997.JPG,DSCF0997.JPG,5R/103MEDIA,0,Other_Amphibian,0.2651,2272.8,-5.0,2531.0,622.6
/srv/shared_leopard_toad/2025/Documents/25.08-01.09.2025/5R/103MEDIA/DSCF0381.JPG,DSCF0381.JPG,5R/103MEDIA,0,Other_Amphibian,0.3398,2268.8,2.2,2571.7,568.5
/srv/shared_leopard_toad/2025/Documents/25.08-01.09.2025/5R/103MEDIA/DSCF0741.JPG,DSCF0741.JPG,5R/103MEDIA,0,Other_Amphibian,0.2191,2271.3,-4.8,2527.2,605.4
/srv/shared_leopard_toad/2025/Documents/25.08-01.09.2025/5R/103MEDIA/DSCF0844.JPG,DSCF0844.JPG,5R/103MEDIA,0,Other_Amphibian,0.2272,2274.0,-2.8,2527.1,561.3
/srv/shared_leopard_toad/2025/Documents/25.08-01.09.2025/5R/103MEDIA/DSCF0844.JPG,DSCF0844.JPG,5R/103MEDIA,0,Other_Amphibian,0.2234,2274.5,-4.2,2526.6,562.0
/srv/shared_leopard_toad/2025/Documents/25.08-01.09.2025/5R/103MEDIA/DSCF0886.JPG,DSCF0886.JPG,5R/103MEDIA,0,Other_Amphibian,0.2203,2271.7,-7.0,2537.3,578.4
/srv/shared_leopard_toad/2025/Documents/25.08-01.09.2025/5R/103MEDIA/DSCF0181.JPG,DSCF0181.JPG,5R/103MEDIA,0,Other_Amphibian,0.2018,3366.2,2305.0,3458.8,2387.5
/srv/shared_leopard_toad/2025/Documents/25.08-01.09.2025/5R/103MEDIA/DSCF0773.JPG,DSCF0773.JPG,5R/103MEDIA,0,Other_Amphibian,0.2119,2274.6,-3.7,2529.1,613.9
/srv/shared_leopard_toad/2025/Documents/25.08-01.09.2025/5R/103MEDIA/DSCF0916.JPG,DSCF0916.JPG,5R/103MEDIA,0,Other_Amphibian,0.3357,2273.2,-3.3,2535.8,591.4
/srv/shared_leopard_toad/2025/Documents/25.08-01.09.2025/5R/103MEDIA/DSCF0916.JPG,DSCF0916.JPG,5R/103MEDIA,0,Other_Amphibian,0.2230,2265.2,-5.9,2533.3,590.6
/srv/shared_leopard_toad/2025/Documents/25.08-01.09.2025/5R/103MEDIA/DSCF0725.JPG,DSCF0725.JPG,5R/103MEDIA,0,Other_Amphibian,0.2343,2274.6,-4.1,2523.9,567.7
/srv/shared_leopard_toad/2025/Documents/25.08-01.09.2025/5R/103MEDIA/DSCF0015.JPG,DSCF0015.JPG,5R/103MEDIA,0,Other_Amphibian,0.3477,2268.2,2.0,2525.1,564.6
/srv/shared_leopard_toad/2025/Documents/25.08-01.09.2025/5R/103MEDIA/DSCF0015.JPG,DSCF0015.JPG,5R/103MEDIA,0,Other_Amphibian,0.2529,2265.0,-1.7,2528.2,562.4
/srv/shared_leopard_toad/2025/Documents/25.08-01.09.2025/5R/103MEDIA/DSCF0076.JPG,DSCF0076.JPG,5R/103MEDIA,0,Other_Amphibian,0.3193,2275.5,2.0,2536.2,584.9
/srv/shared_leopard_toad/2025/Documents/25.08-01.09.2025/5R/103MEDIA/DSCF0076.JPG,DSCF0076.JPG,5R/103MEDIA,0,Other_Amphibian,0.3044,2271.8,-1.3,2539.9,570.9
/srv/shared_leopard_toad/2025/Documents/25.08-01.09.2025/5R/103MEDIA/DSCF0918.JPG,DSCF0918.JPG,5R/103MEDIA,0,Other_Amphibian,0.2837,2271.4,-1.8,2537.6,557.4
/srv/shared_leopard_toad/2025/Documents/25.08-01.09.2025/5R/103MEDIA/DSCF0918.JPG,DSCF0918.JPG,5R/103MEDIA,0,Other_Amphibian,0.2212,2268.1,-3.9,2535.7,557.6
/srv/shared_leopard_toad/2025/Documents/25.08-01.09.2025/5R/103MEDIA/DSCF0714.JPG,DSCF0714.JPG,5R/103MEDIA,0,Other_Amphibian,0.2856,2273.2,-3.1,2538.4,543.2
/srv/shared_leopard_toad/2025/Documents/25.08-01.09.2025/5R/103MEDIA/DSCF0302.JPG,DSCF0302.JPG,5R/103MEDIA,0,Other_Amphibian,0.2096,2272.3,-4.1,2528.8,539.3
/srv/shared_leopard_toad/2025/Documents/25.08-01.09.2025/5R/103MEDIA/DSCF0801.JPG,DSCF0801.JPG,5R/103MEDIA,0,Other_Amphibian,0.2212,2270.3,-3.0,2523.0,570.7
/srv/shared_leopard_toad/2025/Documents/25.08-01.09.2025/5R/103MEDIA/DSCF0545.JPG,DSCF0545.JPG,5R/103MEDIA,0,Other_Amphibian,0.3552,2275.5,-3.7,2530.9,590.6
/srv/shared_leopard_toad/2025/Documents/25.08-01.09.2025/5R/103MEDIA/DSCF0377.JPG,DSCF0377.JPG,5R/103MEDIA,0,Other_Amphibian,0.2264,2269.1,-4.1,2524.1,625.0
/srv/shared_leopard_toad/2025/Documents/25.08-01.09.2025/5R/103MEDIA/DSCF0813.JPG,DSCF0813.JPG,5R/103MEDIA,0,Other_Amphibian,0.2100,2275.4,-5.4,2533.6,570.9
/srv/shared_leopard_toad/2025/Documents/25.08-01.09.2025/5R/103MEDIA/DSCF0813.JPG,DSCF0813.JPG,5R/103MEDIA,0,Other_Amphibian,0.2040,2273.7,-3.7,2530.1,574.4
/srv/shared_leopard_toad/2025/Documents/25.08-01.09.2025/5R/103MEDIA/DSCF0150.JPG,DSCF0150.JPG,5R/103MEDIA,0,Other_Amphibian,0.3032,2266.9,-4.8,2531.6,589.5
/srv/shared_leopard_toad/2025/Documents/25.08-01.09.2025/5R/103MEDIA/DSCF0150.JPG,DSCF0150.JPG,5R/103MEDIA,0,Other_Amphibian,0.2673,2265.3,-6.3,2535.8,588.0
/srv/shared_leopard_toad/2025/Documents/25.08-01.09.2025/5R/103MEDIA/DSCF0108.JPG,DSCF0108.JPG,5R/103MEDIA,0,Other_Amphibian,0.3047,2273.4,-1.8,2517.2,570.3
/srv/shared_leopard_toad/2025/Documents/25.08-01.09.2025/5R/103MEDIA/DSCF0996.JPG,DSCF0996.JPG,5R/103MEDIA,0,Other_Amphibian,0.3557,2274.6,-5.0,2534.4,580.5
/srv/shared_leopard_toad/2025/Documents/25.08-01.09.2025/5R/103MEDIA/DSCF0996.JPG,DSCF0996.JPG,5R/103MEDIA,0,Other_Amphibian,0.2876,2271.9,-6.5,2534.5,580.1
/srv/shared_leopard_toad/2025/Documents/25.08-01.09.2025/5R/103MEDIA/DSCF0708.JPG,DSCF0708.JPG,5R/103MEDIA,0,Other_Amphibian,0.2161,2275.4,-0.4,2533.6,553.0
/srv/shared_leopard_toad/2025/Documents/25.08-01.09.2025/5R/103MEDIA/DSCF0119.JPG,DSCF0119.JPG,5R/103MEDIA,0,Other_Amphibian,0.2563,2266.1,-2.4,2519.3,587.1
/srv/shared_leopard_toad/2025/Documents/25.08-01.09.2025/5R/103MEDIA/DSCF0119.JPG,DSCF0119.JPG,5R/103MEDIA,0,Other_Amphibian,0.2162,2262.8,-6.5,2522.5,581.2
/srv/shared_leopard_toad/2025/Documents/25.08-01.09.2025/5R/103MEDIA/DSCF0846.JPG,DSCF0846.JPG,5R/103MEDIA,0,Other_Amphibian,0.2399,2268.9,-5.2,2519.1,577.7
/srv/shared_leopard_toad/2025/Documents/25.08-01.09.2025/5R/103MEDIA/DSCF0469.JPG,DSCF0469.JPG,5R/103MEDIA,0,Other_Amphibian,0.2832,2272.6,-2.2,2528.5,560.0
/srv/shared_leopard_toad/2025/Documents/25.08-01.09.2025/5R/103MEDIA/DSCF0469.JPG,DSCF0469.JPG,5R/103MEDIA,0,Other_Amphibian,0.2761,2273.1,-4.8,2528.0,556.7
/srv/shared_leopard_toad/2025/Documents/25.08-01.09.2025/5R/103MEDIA/DSCF0214.JPG,DSCF0214.JPG,5R/103MEDIA,0,Other_Amphibian,0.2302,2273.2,-3.7,2525.3,603.2
/srv/shared_leopard_toad/2025/Documents/25.08-01.09.2025/5R/103MEDIA/DSCF0627.JPG,DSCF0627.JPG,5R/103MEDIA,0,Other_Amphibian,0.2272,2276.0,-3.5,2522.5,565.0
/srv/shared_leopard_toad/2025/Documents/25.08-01.09.2025/5R/103MEDIA/DSCF0425.JPG,DSCF0425.JPG,5R/103MEDIA,0,Other_Amphibian,0.2190,2269.7,-3.5,2520.9,545.4
/srv/shared_leopard_toad/2025/Documents/25.08-01.09.2025/5R/103MEDIA/DSCF0398.JPG,DSCF0398.JPG,5R/103MEDIA,0,Other_Amphibian,0.2085,2278.4,-1.8,2530.6,560.4
/srv/shared_leopard_toad/2025/Documents/25.08-01.09.2025/5R/103MEDIA/DSCF0618.JPG,DSCF0618.JPG,5R/103MEDIA,0,Other_Amphibian,0.2200,2269.9,-5.5,2528.6,609.1
/srv/shared_leopard_toad/2025/Documents/25.08-01.09.2025/5R/103MEDIA/DSCF0112.JPG,DSCF0112.JPG,5R/103MEDIA,0,Other_Amphibian,0.2705,2268.4,-1.3,2519.6,572.7
/srv/shared_leopard_toad/2025/Documents/25.08-01.09.2025/5R/103MEDIA/DSCF0584.JPG,DSCF0584.JPG,5R/103MEDIA,0,Other_Amphibian,0.2239,2270.5,-3.1,2533.2,556.8
/srv/shared_leopard_toad/2025/Documents/25.08-01.09.2025/5R/103MEDIA/DSCF0111.JPG,DSCF0111.JPG,5R/103MEDIA,0,Other_Amphibian,0.3540,2268.3,-0.9,2522.3,572.4
/srv/shared_leopard_toad/2025/Documents/25.08-01.09.2025/5R/103MEDIA/DSCF0349.JPG,DSCF0349.JPG,5R/103MEDIA,0,Other_Amphibian,0.2153,2270.4,-3.7,2536.0,560.4
/srv/shared_leopard_toad/2025/Documents/25.08-01.09.2025/5R/103MEDIA/DSCF0555.JPG,DSCF0555.JPG,5R/103MEDIA,0,Other_Amphibian,0.2234,2272.5,-4.1,2531.2,593.9
/srv/shared_leopard_toad/2025/Documents/25.08-01.09.2025/5R/103MEDIA/DSCF0695.JPG,DSCF0695.JPG,5R/103MEDIA,0,Other_Amphibian,0.2211,2275.2,-3.1,2544.3,558.0
/srv/shared_leopard_toad/2025/Documents/25.08-01.09.2025/5R/103MEDIA/DSCF0764.JPG,DSCF0764.JPG,5R/103MEDIA,0,Other_Amphibian,0.2286,2273.9,-3.7,2524.6,546.7
/srv/shared_leopard_toad/2025/Documents/25.08-01.09.2025/5R/103MEDIA/DSCF0764.JPG,DSCF0764.JPG,5R/103MEDIA,0,Other_Amphibian,0.2172,2274.2,-2.8,2524.3,549.5
/srv/shared_leopard_toad/2025/Documents/25.08-01.09.2025/5R/103MEDIA/DSCF0953.JPG,DSCF0953.JPG,5R/103MEDIA,0,Other_Amphibian,0.3691,2274.6,-4.1,2529.1,573.6
/srv/shared_leopard_toad/2025/Documents/25.08-01.09.2025/5R/103MEDIA/DSCF0953.JPG,DSCF0953.JPG,5R/103MEDIA,0,Other_Amphibian,0.2927,2270.8,-5.9,2527.7,574.4
/srv/shared_leopard_toad/2025/Documents/25.08-01.09.2025/5R/103MEDIA/DSCF0163.JPG,DSCF0163.JPG,5R/103MEDIA,0,Other_Amphibian,0.2847,2268.7,-2.8,2519.3,620.3
/srv/shared_leopard_toad/2025/Documents/25.08-01.09.2025/5R/103MEDIA/DSCF0587.JPG,DSCF0587.JPG,5R/103MEDIA,0,Other_Amphibian,0.3762,2273.6,-0.7,2532.8,550.4
/srv/shared_leopard_toad/2025/Documents/25.08-01.09.2025/5R/103MEDIA/DSCF0711.JPG,DSCF0711.JPG,5R/103MEDIA,0,Other_Amphibian,0.2338,2275.6,-2.2,2533.4,557.0
/srv/shared_leopard_toad/2025/Documents/25.08-01.09.2025/5R/103MEDIA/DSCF0711.JPG,DSCF0711.JPG,5R/103MEDIA,0,Other_Amphibian,0.2323,2274.4,-2.6,2534.6,559.2
/srv/shared_leopard_toad/2025/Documents/25.08-01.09.2025/5R/103MEDIA/DSCF0406.JPG,DSCF0406.JPG,5R/103MEDIA,0,Other_Amphibian,0.2686,2274.2,-4.2,2524.3,636.2
/srv/shared_leopard_toad/2025/Documents/25.08-01.09.2025/5R/103MEDIA/DSCF0406.JPG,DSCF0406.JPG,5R/103MEDIA,0,Other_Amphibian,0.2463,2268.1,-8.5,2522.5,647.1
/srv/shared_leopard_toad/2025/Documents/25.08-01.09.2025/5R/103MEDIA/DSCF0128.JPG,DSCF0128.JPG,5R/103MEDIA,0,Other_Amphibian,0.2119,2271.7,-2.2,2521.6,577.7
/srv/shared_leopard_toad/2025/Documents/25.08-01.09.2025/5R/103MEDIA/DSCF0265.JPG,DSCF0265.JPG,5R/103MEDIA,0,Other_Amphibian,0.2861,2267.5,-0.6,2525.7,585.3
/srv/shared_leopard_toad/2025/Documents/25.08-01.09.2025/5R/103MEDIA/DSCF0265.JPG,DSCF0265.JPG,5R/103MEDIA,0,Other_Amphibian,0.2212,2264.8,-3.1,2528.4,586.0
/srv/shared_leopard_toad/2025/Documents/25.08-01.09.2025/5R/103MEDIA/DSCF0850.JPG,DSCF0850.JPG,5R/103MEDIA,0,Other_Amphibian,0.2347,2273.3,-2.2,2527.8,548.9
/srv/shared_leopard_toad/2025/Documents/25.08-01.09.2025/5R/103MEDIA/DSCF0850.JPG,DSCF0850.JPG,5R/103MEDIA,0,Other_Amphibian,0.2124,2269.6,-5.4,2528.9,549.1
/srv/shared_leopard_toad/2025/Documents/25.08-01.09.2025/5R/103MEDIA/DSCF0022.JPG,DSCF0022.JPG,5R/103MEDIA,0,Other_Amphibian,0.3955,2269.5,1.5,2513.3,572.2
/srv/shared_leopard_toad/2025/Documents/25.08-01.09.2025/5R/103MEDIA/DSCF0022.JPG,DSCF0022.JPG,5R/103MEDIA,0,Other_Amphibian,0.2170,2265.3,-5.5,2517.5,566.3
/srv/shared_leopard_toad/2025/Documents/25.08-01.09.2025/5R/103MEDIA/DSCF0198.JPG,DSCF0198.JPG,5R/103MEDIA,0,Other_Amphibian,0.2983,2267.1,-2.2,2523.5,562.9
/srv/shared_leopard_toad/2025/Documents/25.08-01.09.2025/5R/103MEDIA/DSCF0379.JPG,DSCF0379.JPG,5R/103MEDIA,0,Other_Amphibian,0.2034,2275.5,-4.6,2525.7,575.3
/srv/shared_leopard_toad/2025/Documents/25.08-01.09.2025/5R/103MEDIA/DSCF0011.JPG,DSCF0011.JPG,5R/103MEDIA,0,Other_Amphibian,0.3228,2273.2,0.6,2514.8,563.1
/srv/shared_leopard_toad/2025/Documents/25.08-01.09.2025/5R/103MEDIA/DSCF0570.JPG,DSCF0570.JPG,5R/103MEDIA,0,Other_Amphibian,0.3201,2274.7,-3.7,2536.9,555.6
/srv/shared_leopard_toad/2025/Documents/25.08-01.09.2025/5R/103MEDIA/DSCF0570.JPG,DSCF0570.JPG,5R/103MEDIA,0,Other_Amphibian,0.3108,2276.0,-3.1,2535.7,555.7
/srv/shared_leopard_toad/2025/Documents/25.08-01.09.2025/5R/103MEDIA/DSCF0785.JPG,DSCF0785.JPG,5R/103MEDIA,0,Other_Amphibian,0.2786,2270.1,-1.5,2523.2,540.4
/srv/shared_leopard_toad/2025/Documents/25.08-01.09.2025/5R/103MEDIA/DSCF0073.JPG,DSCF0073.JPG,5R/103MEDIA,0,Other_Amphibian,0.3945,2270.3,2.0,2533.5,555.7
/srv/shared_leopard_toad/2025/Documents/25.08-01.09.2025/5R/103MEDIA/DSCF0073.JPG,DSCF0073.JPG,5R/103MEDIA,0,Other_Amphibian,0.2974,2267.3,-1.3,2533.9,553.9
/srv/shared_leopard_toad/2025/Documents/25.08-01.09.2025/5R/103MEDIA/DSCF0999.JPG,DSCF0999.JPG,5R/103MEDIA,0,Other_Amphibian,0.2167,2277.4,-4.1,2534.3,623.8
/srv/shared_leopard_toad/2025/Documents/25.08-01.09.2025/5R/103MEDIA/DSCF0687.JPG,DSCF0687.JPG,5R/103MEDIA,0,Other_Amphibian,0.2375,2271.8,-2.6,2518.9,550.4
/srv/shared_leopard_toad/2025/Documents/25.08-01.09.2025/5R/103MEDIA/DSCF0687.JPG,DSCF0687.JPG,5R/103MEDIA,0,Other_Amphibian,0.2137,2267.6,-3.1,2517.8,553.9
/srv/shared_leopard_toad/2025/Documents/25.08-01.09.2025/5R/103MEDIA/DSCF0894.JPG,DSCF0894.JPG,5R/103MEDIA,0,Other_Amphibian,0.3301,2273.0,-1.5,2538.6,542.6
/srv/shared_leopard_toad/2025/Documents/25.08-01.09.2025/5R/103MEDIA/DSCF0289.JPG,DSCF0289.JPG,5R/103MEDIA,0,Other_Amphibian,0.2268,2270.4,-5.0,2528.1,557.6
/srv/shared_leopard_toad/2025/Documents/25.08-01.09.2025/5R/103MEDIA/DSCF0289.JPG,DSCF0289.JPG,5R/103MEDIA,0,Other_Amphibian,0.2217,2270.5,-3.3,2528.0,561.8
/srv/shared_leopard_toad/2025/Documents/25.08-01.09.2025/5R/103MEDIA/DSCF0718.JPG,DSCF0718.JPG,5R/103MEDIA,0,Other_Amphibian,0.2111,2265.5,-7.0,2527.7,612.8
/srv/shared_leopard_toad/2025/Documents/25.08-01.09.2025/5R/103MEDIA/DSCF0718.JPG,DSCF0718.JPG,5R/103MEDIA,0,Other_Amphibian,0.2106,2267.3,-4.1,2523.3,610.9
/srv/shared_leopard_toad/2025/Documents/25.08-01.09.2025/5R/103MEDIA/DSCF0017.JPG,DSCF0017.JPG,5R/103MEDIA,0,Other_Amphibian,0.2751,2269.9,-1.5,2528.6,571.1
/srv/shared_leopard_toad/2025/Documents/25.08-01.09.2025/5R/103MEDIA/DSCF0017.JPG,DSCF0017.JPG,5R/103MEDIA,0,Other_Amphibian,0.2314,2273.1,-1.7,2520.2,572.4
/srv/shared_leopard_toad/2025/Documents/25.08-01.09.2025/5R/103MEDIA/DSCF0440.JPG,DSCF0440.JPG,5R/103MEDIA,0,Other_Amphibian,0.2830,2271.5,-1.7,2527.0,551.3
/srv/shared_leopard_toad/2025/Documents/25.08-01.09.2025/5R/103MEDIA/DSCF0440.JPG,DSCF0440.JPG,5R/103MEDIA,0,Other_Amphibian,0.2661,2271.9,-0.4,2529.3,554.1
/srv/shared_leopard_toad/2025/Documents/25.08-01.09.2025/5R/103MEDIA/DSCF0881.JPG,DSCF0881.JPG,5R/103MEDIA,0,Other_Amphibian,0.2424,2269.5,-4.6,2531.6,575.3
/srv/shared_leopard_toad/2025/Documents/25.08-01.09.2025/5R/103MEDIA/DSCF0881.JPG,DSCF0881.JPG,5R/103MEDIA,0,Other_Amphibian,0.2399,2270.0,-6.1,2531.2,573.8
/srv/shared_leopard_toad/2025/Documents/25.08-01.09.2025/5R/103MEDIA/DSCF0571.JPG,DSCF0571.JPG,5R/103MEDIA,0,Other_Amphibian,0.2255,2278.7,-5.0,2519.8,684.9
/srv/shared_leopard_toad/2025/Documents/25.08-01.09.2025/5R/103MEDIA/DSCF0929.JPG,DSCF0929.JPG,5R/103MEDIA,0,Other_Amphibian,0.2566,2272.1,-2.6,2534.3,554.4
/srv/shared_leopard_toad/2025/Documents/25.08-01.09.2025/5R/103MEDIA/DSCF0929.JPG,DSCF0929.JPG,5R/103MEDIA,0,Other_Amphibian,0.2374,2272.7,-4.1,2536.3,553.0
/srv/shared_leopard_toad/2025/Documents/25.08-01.09.2025/5R/103MEDIA/DSCF0104.JPG,DSCF0104.JPG,5R/103MEDIA,0,Other_Amphibian,0.3359,2272.3,-2.4,2526.2,585.3
/srv/shared_leopard_toad/2025/Documents/25.08-01.09.2025/5R/103MEDIA/DSCF0104.JPG,DSCF0104.JPG,5R/103MEDIA,0,Other_Amphibian,0.2927,2271.4,-3.9,2529.7,585.6
/srv/shared_leopard_toad/2025/Documents/25.08-01.09.2025/5R/103MEDIA/DSCF0972.JPG,DSCF0972.JPG,5R/103MEDIA,0,Other_Amphibian,0.2249,2276.4,-3.0,2529.9,553.7
/srv/shared_leopard_toad/2025/Documents/25.08-01.09.2025/5R/103MEDIA/DSCF0972.JPG,DSCF0972.JPG,5R/103MEDIA,0,Other_Amphibian,0.2135,2274.5,-4.4,2531.9,552.2
/srv/shared_leopard_toad/2025/Documents/25.08-01.09.2025/5R/103MEDIA/DSCF0316.JPG,DSCF0316.JPG,5R/103MEDIA,0,Other_Amphibian,0.2466,2271.5,-1.5,2527.0,584.3
/srv/shared_leopard_toad/2025/Documents/25.08-01.09.2025/5R/103MEDIA/DSCF0245.JPG,DSCF0245.JPG,5R/103MEDIA,0,Other_Amphibian,0.3689,2270.6,-1.8,2535.8,563.3
/srv/shared_leopard_toad/2025/Documents/25.08-01.09.2025/5R/103MEDIA/DSCF0245.JPG,DSCF0245.JPG,5R/103MEDIA,0,Other_Amphibian,0.2211,2266.2,-4.1,2532.3,563.7
/srv/shared_leopard_toad/2025/Documents/25.08-01.09.2025/5R/103MEDIA/DSCF0530.JPG,DSCF0530.JPG,5R/103MEDIA,0,Other_Amphibian,0.2625,2273.6,-1.5,2540.7,556.3
/srv/shared_leopard_toad/2025/Documents/25.08-01.09.2025/5R/103MEDIA/DSCF0530.JPG,DSCF0530.JPG,5R/103MEDIA,0,Other_Amphibian,0.2561,2274.3,-2.8,2539.9,556.5
/srv/shared_leopard_toad/2025/Documents/25.08-01.09.2025/5R/103MEDIA/DSCF0654.JPG,DSCF0654.JPG,5R/103MEDIA,0,Other_Amphibian,0.2549,2273.2,-2.0,2535.8,570.5
/srv/shared_leopard_toad/2025/Documents/25.08-01.09.2025/5R/103MEDIA/DSCF0654.JPG,DSCF0654.JPG,5R/103MEDIA,0,Other_Amphibian,0.2483,2273.6,-1.5,2532.8,569.2
/srv/shared_leopard_toad/2025/Documents/25.08-01.09.2025/5R/103MEDIA/DSCF0456.JPG,DSCF0456.JPG,5R/103MEDIA,0,Other_Amphibian,0.2106,2272.3,-2.8,2528.8,555.4
/srv/shared_leopard_toad/2025/Documents/25.08-01.09.2025/5R/103MEDIA/DSCF0954.JPG,DSCF0954.JPG,5R/103MEDIA,0,Other_Amphibian,0.3262,2284.0,0.7,2514.5,751.2
/srv/shared_leopard_toad/2025/Documents/25.08-01.09.2025/5R/103MEDIA/DSCF0249.JPG,DSCF0249.JPG,5R/103MEDIA,0,Other_Amphibian,0.2961,2269.6,-2.6,2528.9,574.0
/srv/shared_leopard_toad/2025/Documents/25.08-01.09.2025/5R/103MEDIA/DSCF0249.JPG,DSCF0249.JPG,5R/103MEDIA,0,Other_Amphibian,0.2837,2269.5,-2.8,2531.6,580.5
/srv/shared_leopard_toad/2025/Documents/25.08-01.09.2025/5R/103MEDIA/DSCF0093.JPG,DSCF0093.JPG,5R/103MEDIA,0,Other_Amphibian,0.3606,2271.7,2.4,2521.6,562.0
/srv/shared_leopard_toad/2025/Documents/25.08-01.09.2025/5R/103MEDIA/DSCF0093.JPG,DSCF0093.JPG,5R/103MEDIA,0,Other_Amphibian,0.3152,2269.2,0.7,2521.4,561.8
/srv/shared_leopard_toad/2025/Documents/25.08-01.09.2025/5R/103MEDIA/DSCF0355.JPG,DSCF0355.JPG,5R/103MEDIA,0,Other_Amphibian,0.2649,2271.8,-3.1,2532.0,570.9
/srv/shared_leopard_toad/2025/Documents/25.08-01.09.2025/5R/103MEDIA/DSCF0355.JPG,DSCF0355.JPG,5R/103MEDIA,0,Other_Amphibian,0.2498,2272.1,-5.2,2534.3,569.6
/srv/shared_leopard_toad/2025/Documents/25.08-01.09.2025/5R/103MEDIA/DSCF0083.JPG,DSCF0083.JPG,5R/103MEDIA,0,Other_Amphibian,0.2961,2273.7,-4.8,2517.0,642.3
/srv/shared_leopard_toad/2025/Documents/25.08-01.09.2025/5R/103MEDIA/DSCF0682.JPG,DSCF0682.JPG,5R/103MEDIA,0,Other_Amphibian,0.2090,2276.0,-3.1,2522.5,566.8
/srv/shared_leopard_toad/2025/Documents/25.08-01.09.2025/5R/103MEDIA/DSCF0756.JPG,DSCF0756.JPG,5R/103MEDIA,0,Other_Amphibian,0.2590,2272.5,-3.9,2526.0,557.6
/srv/shared_leopard_toad/2025/Documents/25.08-01.09.2025/5R/103MEDIA/DSCF0756.JPG,DSCF0756.JPG,5R/103MEDIA,0,Other_Amphibian,0.2328,2272.1,-5.0,2529.0,556.8
/srv/shared_leopard_toad/2025/Documents/25.08-01.09.2025/5R/103MEDIA/DSCF0199.JPG,DSCF0199.JPG,5R/103MEDIA,0,Other_Amphibian,0.2876,2275.7,-0.6,2530.7,583.4
/srv/shared_leopard_toad/2025/Documents/25.08-01.09.2025/5R/103MEDIA/DSCF0199.JPG,DSCF0199.JPG,5R/103MEDIA,0,Other_Amphibian,0.2708,2272.5,-2.6,2531.2,581.4
/srv/shared_leopard_toad/2025/Documents/25.08-01.09.2025/5R/103MEDIA/DSCF0281.JPG,DSCF0281.JPG,5R/103MEDIA,0,Other_Amphibian,0.2440,2274.9,-3.1,2534.1,567.6
/srv/shared_leopard_toad/2025/Documents/25.08-01.09.2025/5R/103MEDIA/DSCF0281.JPG,DSCF0281.JPG,5R/103MEDIA,0,Other_Amphibian,0.2111,2271.4,-5.2,2535.0,569.6
/srv/shared_leopard_toad/2025/Documents/25.08-01.09.2025/5R/103MEDIA/DSCF0614.JPG,DSCF0614.JPG,5R/103MEDIA,0,Other_Amphibian,0.3042,2276.9,-2.4,2521.6,544.3
/srv/shared_leopard_toad/2025/Documents/25.08-01.09.2025/5R/103MEDIA/DSCF0614.JPG,DSCF0614.JPG,5R/103MEDIA,0,Other_Amphibian,0.2289,2267.3,-3.1,2518.0,548.0
/srv/shared_leopard_toad/2025/Documents/25.08-01.09.2025/5R/103MEDIA/DSCF0674.JPG,DSCF0674.JPG,5R/103MEDIA,0,Other_Amphibian,0.2605,2268.5,-3.7,2532.6,574.4
/srv/shared_leopard_toad/2025/Documents/25.08-01.09.2025/5R/103MEDIA/DSCF0597.JPG,DSCF0597.JPG,5R/103MEDIA,0,Other_Amphibian,0.2153,2271.8,0.6,2526.7,553.2
/srv/shared_leopard_toad/2025/Documents/25.08-01.09.2025/5R/103MEDIA/DSCF0597.JPG,DSCF0597.JPG,5R/103MEDIA,0,Other_Amphibian,0.2004,2272.8,0.2,2531.0,549.5
/srv/shared_leopard_toad/2025/Documents/25.08-01.09.2025/5R/103MEDIA/DSCF0120.JPG,DSCF0120.JPG,5R/103MEDIA,0,Other_Amphibian,0.3049,2272.2,-0.6,2521.1,579.4
/srv/shared_leopard_toad/2025/Documents/25.08-01.09.2025/5R/103MEDIA/DSCF0120.JPG,DSCF0120.JPG,5R/103MEDIA,0,Other_Amphibian,0.2556,2268.7,-2.6,2521.9,579.2
/srv/shared_leopard_toad/2025/Documents/25.08-01.09.2025/5R/103MEDIA/DSCF0814.JPG,DSCF0814.JPG,5R/103MEDIA,0,Other_Amphibian,0.2483,2278.7,-2.4,2519.8,559.1
/srv/shared_leopard_toad/2025/Documents/25.08-01.09.2025/5R/103MEDIA/DSCF0475.JPG,DSCF0475.JPG,5R/103MEDIA,0,Other_Amphibian,0.2316,2271.0,-4.2,2522.2,612.2
/srv/shared_leopard_toad/2025/Documents/25.08-01.09.2025/5R/103MEDIA/DSCF0737.JPG,DSCF0737.JPG,5R/103MEDIA,0,Other_Amphibian,0.2798,2274.8,-4.2,2523.7,563.9
/srv/shared_leopard_toad/2025/Documents/25.08-01.09.2025/5R/103MEDIA/DSCF0737.JPG,DSCF0737.JPG,5R/103MEDIA,0,Other_Amphibian,0.2366,2273.9,-5.5,2524.6,565.2
/srv/shared_leopard_toad/2025/Documents/25.08-01.09.2025/5R/103MEDIA/DSCF0546.JPG,DSCF0546.JPG,5R/103MEDIA,0,Other_Amphibian,0.2515,2273.6,0.9,2527.5,542.1
/srv/shared_leopard_toad/2025/Documents/25.08-01.09.2025/5R/103MEDIA/DSCF0546.JPG,DSCF0546.JPG,5R/103MEDIA,0,Other_Amphibian,0.2433,2272.9,-0.7,2525.6,542.6
/srv/shared_leopard_toad/2025/Documents/25.08-01.09.2025/5R/103MEDIA/DSCF0296.JPG,DSCF0296.JPG,5R/103MEDIA,0,Other_Amphibian,0.2617,2275.1,-3.1,2528.6,558.7
/srv/shared_leopard_toad/2025/Documents/25.08-01.09.2025/5R/103MEDIA/DSCF0296.JPG,DSCF0296.JPG,5R/103MEDIA,0,Other_Amphibian,0.2090,2273.8,-5.2,2527.3,560.7
/srv/shared_leopard_toad/2025/Documents/25.08-01.09.2025/5R/103MEDIA/DSCF0071.JPG,DSCF0071.JPG,5R/103MEDIA,0,Other_Amphibian,0.2778,2274.5,-0.6,2526.6,617.0
/srv/shared_leopard_toad/2025/Documents/25.08-01.09.2025/5R/103MEDIA/DSCF0071.JPG,DSCF0071.JPG,5R/103MEDIA,0,Other_Amphibian,0.2683,2270.2,-1.8,2538.8,616.1
/srv/shared_leopard_toad/2025/Documents/25.08-01.09.2025/5R/103MEDIA/DSCF0028.JPG,DSCF0028.JPG,5R/103MEDIA,0,Other_Amphibian,0.3855,2266.7,0.9,2516.1,542.1
/srv/shared_leopard_toad/2025/Documents/25.08-01.09.2025/5R/103MEDIA/DSCF0028.JPG,DSCF0028.JPG,5R/103MEDIA,0,Other_Amphibian,0.2303,2263.7,-1.5,2516.4,540.4
/srv/shared_leopard_toad/2025/Documents/25.08-01.09.2025/5R/103MEDIA/DSCF0694.JPG,DSCF0694.JPG,5R/103MEDIA,0,Other_Amphibian,0.2507,2276.2,-3.3,2522.3,561.8
/srv/shared_leopard_toad/2025/Documents/25.08-01.09.2025/5R/103MEDIA/DSCF0969.JPG,DSCF0969.JPG,5R/103MEDIA,0,Other_Amphibian,0.2957,2273.6,-5.2,2553.8,576.6
/srv/shared_leopard_toad/2025/Documents/25.08-01.09.2025/5R/103MEDIA/DSCF0032.JPG,DSCF0032.JPG,5R/103MEDIA,0,Other_Amphibian,0.3093,2270.5,0.7,2533.2,574.0
/srv/shared_leopard_toad/2025/Documents/25.08-01.09.2025/5R/103MEDIA/DSCF0032.JPG,DSCF0032.JPG,5R/103MEDIA,0,Other_Amphibian,0.2681,2271.3,0.4,2527.2,575.1
/srv/shared_leopard_toad/2025/Documents/25.08-01.09.2025/5R/103MEDIA/DSCF0473.JPG,DSCF0473.JPG,5R/103MEDIA,0,Other_Amphibian,0.3201,2277.8,-2.8,2531.2,566.4
/srv/shared_leopard_toad/2025/Documents/25.08-01.09.2025/5R/103MEDIA/DSCF0473.JPG,DSCF0473.JPG,5R/103MEDIA,0,Other_Amphibian,0.2573,2274.6,-5.5,2529.1,565.2
/srv/shared_leopard_toad/2025/Documents/25.08-01.09.2025/5R/103MEDIA/DSCF0176.JPG,DSCF0176.JPG,5R/103MEDIA,0,Other_Amphibian,0.2629,2273.0,-2.2,2512.4,575.9
/srv/shared_leopard_toad/2025/Documents/25.08-01.09.2025/5R/103MEDIA/DSCF0932.JPG,DSCF0932.JPG,5R/103MEDIA,0,Other_Amphibian,0.2323,2272.3,-4.8,2531.5,602.1
/srv/shared_leopard_toad/2025/Documents/25.08-01.09.2025/5R/103MEDIA/DSCF0932.JPG,DSCF0932.JPG,5R/103MEDIA,0,Other_Amphibian,0.2002,2265.9,-8.9,2532.6,599.9
/srv/shared_leopard_toad/2025/Documents/25.08-01.09.2025/5R/103MEDIA/DSCF0212.JPG,DSCF0212.JPG,5R/103MEDIA,0,Other_Amphibian,0.3042,2273.1,-2.8,2520.2,573.5
/srv/shared_leopard_toad/2025/Documents/25.08-01.09.2025/5R/103MEDIA/DSCF0928.JPG,DSCF0928.JPG,5R/103MEDIA,0,Other_Amphibian,0.2502,2272.1,-2.6,2529.0,550.4
/srv/shared_leopard_toad/2025/Documents/25.08-01.09.2025/5R/103MEDIA/DSCF0928.JPG,DSCF0928.JPG,5R/103MEDIA,0,Other_Amphibian,0.2024,2273.3,-3.1,2533.0,549.1
/srv/shared_leopard_toad/2025/Documents/25.08-01.09.2025/5R/103MEDIA/DSCF0102.JPG,DSCF0102.JPG,5R/103MEDIA,0,Other_Amphibian,0.3340,2275.7,-0.4,2522.8,587.3
/srv/shared_leopard_toad/2025/Documents/25.08-01.09.2025/5R/103MEDIA/DSCF0102.JPG,DSCF0102.JPG,5R/103MEDIA,0,Other_Amphibian,0.2438,2272.0,-5.0,2526.5,582.7
/srv/shared_leopard_toad/2025/Documents/25.08-01.09.2025/5R/103MEDIA/DSCF0438.JPG,DSCF0438.JPG,5R/103MEDIA,0,Other_Amphibian,0.2480,2274.2,-1.5,2524.3,572.9
/srv/shared_leopard_toad/2025/Documents/25.08-01.09.2025/5R/103MEDIA/DSCF0054.JPG,DSCF0054.JPG,5R/103MEDIA,0,Other_Amphibian,0.2544,2272.3,-0.7,2526.2,573.3
/srv/shared_leopard_toad/2025/Documents/25.08-01.09.2025/5R/103MEDIA/DSCF0054.JPG,DSCF0054.JPG,5R/103MEDIA,0,Other_Amphibian,0.2332,2272.5,-2.0,2531.2,570.5
/srv/shared_leopard_toad/2025/Documents/25.08-01.09.2025/5R/103MEDIA/DSCF0696.JPG,DSCF0696.JPG,5R/103MEDIA,0,Other_Amphibian,0.2686,2274.2,-2.8,2524.3,552.4
/srv/shared_leopard_toad/2025/Documents/25.08-01.09.2025/5R/103MEDIA/DSCF0136.JPG,DSCF0136.JPG,5R/103MEDIA,0,Other_Amphibian,0.2339,2273.9,-0.9,2511.5,554.6
/srv/shared_leopard_toad/2025/Documents/25.08-01.09.2025/5R/103MEDIA/DSCF0974.JPG,DSCF0974.JPG,5R/103MEDIA,0,Other_Amphibian,0.2129,2270.3,-6.6,2541.3,575.1
/srv/shared_leopard_toad/2025/Documents/25.08-01.09.2025/5R/103MEDIA/DSCF0204.JPG,DSCF0204.JPG,5R/103MEDIA,0,Other_Amphibian,0.3796,2271.3,-1.1,2527.2,568.8
/srv/shared_leopard_toad/2025/Documents/25.08-01.09.2025/5R/103MEDIA/DSCF0204.JPG,DSCF0204.JPG,5R/103MEDIA,0,Other_Amphibian,0.2367,2266.3,-3.9,2527.0,564.6
/srv/shared_leopard_toad/2025/Documents/25.08-01.09.2025/5R/103MEDIA/DSCF0122.JPG,DSCF0122.JPG,5R/103MEDIA,0,Other_Amphibian,0.3850,2264.6,-4.1,2523.4,601.3
/srv/shared_leopard_toad/2025/Documents/25.08-01.09.2025/5R/103MEDIA/DSCF0733.JPG,DSCF0733.JPG,5R/103MEDIA,0,Other_Amphibian,0.3684,2273.6,-3.9,2540.7,575.3
/srv/shared_leopard_toad/2025/Documents/25.08-01.09.2025/5R/103MEDIA/DSCF0733.JPG,DSCF0733.JPG,5R/103MEDIA,0,Other_Amphibian,0.3262,2274.6,-2.8,2539.7,573.5
/srv/shared_leopard_toad/2025/Documents/25.08-01.09.2025/5R/103MEDIA/DSCF0831.JPG,DSCF0831.JPG,5R/103MEDIA,0,Other_Amphibian,0.2429,2271.8,-6.5,2526.7,589.3
/srv/shared_leopard_toad/2025/Documents/25.08-01.09.2025/5R/103MEDIA/DSCF0831.JPG,DSCF0831.JPG,5R/103MEDIA,0,Other_Amphibian,0.2386,2272.3,-7.6,2528.8,603.7
/srv/shared_leopard_toad/2025/Documents/25.08-01.09.2025/5R/103MEDIA/DSCF0806.JPG,DSCF0806.JPG,5R/103MEDIA,0,Other_Amphibian,0.2140,2275.3,-5.4,2523.2,573.1
/srv/shared_leopard_toad/2025/Documents/25.08-01.09.2025/5R/103MEDIA/DSCF0142.JPG,DSCF0142.JPG,5R/103MEDIA,0,Other_Amphibian,0.2281,2270.4,-2.8,2520.2,611.9
/srv/shared_leopard_toad/2025/Documents/25.08-01.09.2025/5R/103MEDIA/DSCF0019.JPG,DSCF0019.JPG,5R/103MEDIA,0,Other_Amphibian,0.3057,2267.9,-0.4,2530.6,565.9
/srv/shared_leopard_toad/2025/Documents/25.08-01.09.2025/5R/103MEDIA/DSCF0019.JPG,DSCF0019.JPG,5R/103MEDIA,0,Other_Amphibian,0.3030,2269.6,2.0,2523.6,570.5
/srv/shared_leopard_toad/2025/Documents/25.08-01.09.2025/5R/103MEDIA/DSCF0160.JPG,DSCF0160.JPG,5R/103MEDIA,0,Other_Amphibian,0.2167,2266.0,-5.2,2522.0,614.2
/srv/shared_leopard_toad/2025/Documents/25.08-01.09.2025/5R/103MEDIA/DSCF0034.JPG,DSCF0034.JPG,5R/103MEDIA,0,Other_Amphibian,0.4407,2268.4,0.6,2524.8,557.2
/srv/shared_leopard_toad/2025/Documents/25.08-01.09.2025/5R/103MEDIA/DSCF0034.JPG,DSCF0034.JPG,5R/103MEDIA,0,Other_Amphibian,0.2217,2262.7,-3.9,2525.3,557.6
/srv/shared_leopard_toad/2025/Documents/25.08-01.09.2025/5R/103MEDIA/DSCF0818.JPG,DSCF0818.JPG,5R/103MEDIA,0,Other_Amphibian,0.2238,2274.6,-3.0,2523.9,558.5
/srv/shared_leopard_toad/2025/Documents/25.08-01.09.2025/5R/103MEDIA/DSCF0583.JPG,DSCF0583.JPG,5R/103MEDIA,0,Other_Amphibian,0.2053,2271.0,-6.1,2532.7,581.6
/srv/shared_leopard_toad/2025/Documents/25.08-01.09.2025/5R/103MEDIA/DSCF0583.JPG,DSCF0583.JPG,5R/103MEDIA,0,Other_Amphibian,0.2032,2271.9,-3.5,2529.3,581.2
/srv/shared_leopard_toad/2025/Documents/25.08-01.09.2025/5R/103MEDIA/DSCF0005.JPG,DSCF0005.JPG,5R/103MEDIA,0,Other_Amphibian,0.6230,2269.6,1.5,2523.6,554.1
/srv/shared_leopard_toad/2025/Documents/25.08-01.09.2025/5R/103MEDIA/DSCF0452.JPG,DSCF0452.JPG,5R/103MEDIA,0,Other_Amphibian,0.3860,2269.9,-0.2,2536.5,545.0
/srv/shared_leopard_toad/2025/Documents/25.08-01.09.2025/5R/103MEDIA/DSCF0452.JPG,DSCF0452.JPG,5R/103MEDIA,0,Other_Amphibian,0.2421,2266.9,-2.2,2531.6,546.0
/srv/shared_leopard_toad/2025/Documents/25.08-01.09.2025/5R/103MEDIA/DSCF0952.JPG,DSCF0952.JPG,5R/103MEDIA,0,Other_Amphibian,0.2595,2278.3,-4.2,2557.0,642.9
/srv/shared_leopard_toad/2025/Documents/25.08-01.09.2025/5R/103MEDIA/DSCF0172.JPG,DSCF0172.JPG,5R/103MEDIA,0,Other_Amphibian,0.2356,2269.9,-2.6,2515.5,590.6
/srv/shared_leopard_toad/2025/Documents/25.08-01.09.2025/5R/103MEDIA/DSCF0382.JPG,DSCF0382.JPG,5R/103MEDIA,0,Other_Amphibian,0.2812,2274.2,-2.2,2526.9,557.8
/srv/shared_leopard_toad/2025/Documents/25.08-01.09.2025/5R/103MEDIA/DSCF0382.JPG,DSCF0382.JPG,5R/103MEDIA,0,Other_Amphibian,0.2268,2271.0,-5.0,2527.5,556.8
/srv/shared_leopard_toad/2025/Documents/25.08-01.09.2025/5R/103MEDIA/DSCF0467.JPG,DSCF0467.JPG,5R/103MEDIA,0,Other_Amphibian,0.3962,2272.3,1.1,2531.5,545.6
/srv/shared_leopard_toad/2025/Documents/25.08-01.09.2025/5R/103MEDIA/DSCF0274.JPG,DSCF0274.JPG,5R/103MEDIA,0,Other_Amphibian,0.2103,2271.1,-3.9,2519.5,563.5
/srv/shared_leopard_toad/2025/Documents/25.08-01.09.2025/5R/103MEDIA/DSCF0797.JPG,DSCF0797.JPG,5R/103MEDIA,0,Other_Amphibian,0.2487,2268.7,-6.6,2532.4,658.5
/srv/shared_leopard_toad/2025/Documents/25.08-01.09.2025/5R/103MEDIA/DSCF0665.JPG,DSCF0665.JPG,5R/103MEDIA,0,Other_Amphibian,0.2561,2267.4,-4.2,2538.9,642.9
/srv/shared_leopard_toad/2025/Documents/25.08-01.09.2025/5R/103MEDIA/DSCF0630.JPG,DSCF0630.JPG,5R/103MEDIA,0,Other_Amphibian,0.2698,2272.9,-2.4,2525.6,647.7
/srv/shared_leopard_toad/2025/Documents/25.08-01.09.2025/5R/103MEDIA/DSCF0630.JPG,DSCF0630.JPG,5R/103MEDIA,0,Other_Amphibian,0.2388,2269.4,-6.1,2529.1,648.0
/srv/shared_leopard_toad/2025/Documents/25.08-01.09.2025/5R/103MEDIA/DSCF0035.JPG,DSCF0035.JPG,5R/103MEDIA,0,Other_Amphibian,0.3904,2266.5,1.7,2521.5,574.9
/srv/shared_leopard_toad/2025/Documents/25.08-01.09.2025/5R/103MEDIA/DSCF0035.JPG,DSCF0035.JPG,5R/103MEDIA,0,Other_Amphibian,0.2085,2261.6,-3.1,2523.8,566.8
/srv/shared_leopard_toad/2025/Documents/25.08-01.09.2025/5R/103MEDIA/DSCF0269.JPG,DSCF0269.JPG,5R/103MEDIA,0,Other_Amphibian,0.2625,2269.1,1.5,2529.4,557.0
/srv/shared_leopard_toad/2025/Documents/25.08-01.09.2025/5R/103MEDIA/DSCF0269.JPG,DSCF0269.JPG,5R/103MEDIA,0,Other_Amphibian,0.2576,2271.4,0.7,2535.0,557.8
/srv/shared_leopard_toad/2025/Documents/25.08-01.09.2025/5R/103MEDIA/DSCF0004.JPG,DSCF0004.JPG,5R/103MEDIA,0,Other_Amphibian,0.4683,2263.6,2.6,2529.7,565.2
/srv/shared_leopard_toad/2025/Documents/25.08-01.09.2025/5R/103MEDIA/DSCF0004.JPG,DSCF0004.JPG,5R/103MEDIA,0,Other_Amphibian,0.2080,2259.3,-2.0,2533.9,557.6
/srv/shared_leopard_toad/2025/Documents/25.08-01.09.2025/5R/103MEDIA/DSCF0434.JPG,DSCF0434.JPG,5R/103MEDIA,0,Other_Amphibian,0.2238,2271.5,-3.0,2527.0,599.1
/srv/shared_leopard_toad/2025/Documents/25.08-01.09.2025/5R/103MEDIA/DSCF0159.JPG,DSCF0159.JPG,5R/103MEDIA,0,Other_Amphibian,0.3127,2271.9,-3.5,2516.1,624.4
/srv/shared_leopard_toad/2025/Documents/25.08-01.09.2025/5R/103MEDIA/DSCF0719.JPG,DSCF0719.JPG,5R/103MEDIA,0,Other_Amphibian,0.2485,2268.7,-4.4,2524.6,572.2
/srv/shared_leopard_toad/2025/Documents/25.08-01.09.2025/5R/103MEDIA/DSCF0719.JPG,DSCF0719.JPG,5R/103MEDIA,0,Other_Amphibian,0.2252,2271.5,-4.8,2527.0,571.4
/srv/shared_leopard_toad/2025/Documents/25.08-01.09.2025/5R/103MEDIA/DSCF0424.JPG,DSCF0424.JPG,5R/103MEDIA,0,Other_Amphibian,0.2441,2274.2,-2.6,2529.6,557.4
/srv/shared_leopard_toad/2025/Documents/25.08-01.09.2025/5R/103MEDIA/DSCF0352.JPG,DSCF0352.JPG,5R/103MEDIA,0,Other_Amphibian,0.2179,2275.7,-5.5,2535.9,572.2
/srv/shared_leopard_toad/2025/Documents/25.08-01.09.2025/5R/103MEDIA/DSCF0628.JPG,DSCF0628.JPG,5R/103MEDIA,0,Other_Amphibian,0.3262,2274.8,-1.8,2539.4,557.4
/srv/shared_leopard_toad/2025/Documents/25.08-01.09.2025/5R/103MEDIA/DSCF0628.JPG,DSCF0628.JPG,5R/103MEDIA,0,Other_Amphibian,0.2323,2269.8,-1.5,2533.9,561.1
/srv/shared_leopard_toad/2025/Documents/25.08-01.09.2025/5R/103MEDIA/DSCF0793.JPG,DSCF0793.JPG,5R/103MEDIA,0,Other_Amphibian,0.2583,2268.3,-3.1,2522.3,564.6
/srv/shared_leopard_toad/2025/Documents/25.08-01.09.2025/5R/103MEDIA/DSCF0793.JPG,DSCF0793.JPG,5R/103MEDIA,0,Other_Amphibian,0.2490,2268.9,-0.7,2524.3,564.4
/srv/shared_leopard_toad/2025/Documents/25.08-01.09.2025/5R/103MEDIA/DSCF0879.JPG,DSCF0879.JPG,5R/103MEDIA,0,Other_Amphibian,0.2314,2275.1,-3.1,2528.6,566.8
/srv/shared_leopard_toad/2025/Documents/25.08-01.09.2025/5R/103MEDIA/DSCF0879.JPG,DSCF0879.JPG,5R/103MEDIA,0,Other_Amphibian,0.2225,2273.4,-5.0,2530.3,565.7
/srv/shared_leopard_toad/2025/Documents/25.08-01.09.2025/5R/103MEDIA/DSCF0646.JPG,DSCF0646.JPG,5R/103MEDIA,0,Other_Amphibian,0.2900,2272.5,-4.6,2539.1,604.1
/srv/shared_leopard_toad/2025/Documents/25.08-01.09.2025/5R/103MEDIA/DSCF0547.JPG,DSCF0547.JPG,5R/103MEDIA,0,Other_Amphibian,0.2612,2273.8,-1.8,2527.3,544.9
/srv/shared_leopard_toad/2025/Documents/25.08-01.09.2025/5R/103MEDIA/DSCF0547.JPG,DSCF0547.JPG,5R/103MEDIA,0,Other_Amphibian,0.2456,2270.8,-1.5,2527.7,546.3
/srv/shared_leopard_toad/2025/Documents/25.08-01.09.2025/5R/103MEDIA/DSCF0547.JPG,DSCF0547.JPG,5R/103MEDIA,0,Other_Amphibian,0.2158,3362.6,2302.7,3457.1,2386.8
/srv/shared_leopard_toad/2025/Documents/25.08-01.09.2025/5R/103MEDIA/DSCF0161.JPG,DSCF0161.JPG,5R/103MEDIA,0,Other_Amphibian,0.3328,2267.6,-0.4,2517.8,561.8
/srv/shared_leopard_toad/2025/Documents/25.08-01.09.2025/5R/103MEDIA/DSCF0321.JPG,DSCF0321.JPG,5R/103MEDIA,0,Other_Amphibian,0.2554,2280.6,-1.8,2525.7,548.5
/srv/shared_leopard_toad/2025/Documents/25.08-01.09.2025/5R/103MEDIA/DSCF0919.JPG,DSCF0919.JPG,5R/103MEDIA,0,Other_Amphibian,0.3179,2275.8,-3.1,2533.2,543.2
/srv/shared_leopard_toad/2025/Documents/25.08-01.09.2025/5R/103MEDIA/DSCF0919.JPG,DSCF0919.JPG,5R/103MEDIA,0,Other_Amphibian,0.2742,2273.2,-2.8,2530.6,544.7
/srv/shared_leopard_toad/2025/Documents/25.08-01.09.2025/5R/103MEDIA/DSCF0002.JPG,DSCF0002.JPG,5R/103MEDIA,0,Other_Amphibian,0.2754,2271.3,1.5,2527.2,557.0
/srv/shared_leopard_toad/2025/Documents/25.08-01.09.2025/5R/103MEDIA/DSCF0002.JPG,DSCF0002.JPG,5R/103MEDIA,0,Other_Amphibian,0.2474,2272.3,4.8,2518.4,561.8
/srv/shared_leopard_toad/2025/Documents/25.08-01.09.2025/5R/103MEDIA/DSCF0847.JPG,DSCF0847.JPG,5R/103MEDIA,0,Other_Amphibian,0.2401,2274.0,-3.1,2527.1,556.8
/srv/shared_leopard_toad/2025/Documents/25.08-01.09.2025/5R/103MEDIA/DSCF0228.JPG,DSCF0228.JPG,5R/103MEDIA,0,Other_Amphibian,0.3430,2268.2,0.0,2519.8,555.6
/srv/shared_leopard_toad/2025/Documents/25.08-01.09.2025/5R/103MEDIA/DSCF0253.JPG,DSCF0253.JPG,5R/103MEDIA,0,Other_Amphibian,0.3887,2275.6,0.0,2551.7,557.8
/srv/shared_leopard_toad/2025/Documents/25.08-01.09.2025/5R/103MEDIA/DSCF0218.JPG,DSCF0218.JPG,5R/103MEDIA,0,Other_Amphibian,0.2542,2270.1,-1.3,2523.2,563.9
/srv/shared_leopard_toad/2025/Documents/25.08-01.09.2025/5R/103MEDIA/DSCF0218.JPG,DSCF0218.JPG,5R/103MEDIA,0,Other_Amphibian,0.2175,2268.7,-4.1,2524.6,561.8
/srv/shared_leopard_toad/2025/Documents/25.08-01.09.2025/5R/103MEDIA/DSCF0115.JPG,DSCF0115.JPG,5R/103MEDIA,0,Other_Amphibian,0.4512,2270.1,-2.6,2523.2,574.0
/srv/shared_leopard_toad/2025/Documents/25.08-01.09.2025/5R/103MEDIA/DSCF0115.JPG,DSCF0115.JPG,5R/103MEDIA,0,Other_Amphibian,0.2094,2260.0,-8.1,2520.2,573.6
/srv/shared_leopard_toad/2025/Documents/25.08-01.09.2025/5R/103MEDIA/DSCF0056.JPG,DSCF0056.JPG,5R/103MEDIA,0,Other_Amphibian,0.4092,2267.5,-1.3,2544.1,570.9
/srv/shared_leopard_toad/2025/Documents/25.08-01.09.2025/5R/103MEDIA/DSCF0056.JPG,DSCF0056.JPG,5R/103MEDIA,0,Other_Amphibian,0.3005,2271.3,-1.3,2540.3,570.9
/srv/shared_leopard_toad/2025/Documents/25.08-01.09.2025/5R/103MEDIA/DSCF0522.JPG,DSCF0522.JPG,5R/103MEDIA,0,Other_Amphibian,0.2135,2270.8,-5.2,2527.7,539.3
/srv/shared_leopard_toad/2025/Documents/25.08-01.09.2025/5R/103MEDIA/DSCF0522.JPG,DSCF0522.JPG,5R/103MEDIA,0,Other_Amphibian,0.2040,2270.4,-4.2,2528.1,542.5
/srv/shared_leopard_toad/2025/Documents/25.08-01.09.2025/5R/103MEDIA/DSCF0641.JPG,DSCF0641.JPG,5R/103MEDIA,0,Other_Amphibian,0.2020,2269.9,-1.3,2528.6,560.9
/srv/shared_leopard_toad/2025/Documents/25.08-01.09.2025/5R/103MEDIA/DSCF0069.JPG,DSCF0069.JPG,5R/103MEDIA,0,Other_Amphibian,0.2124,2274.1,1.5,2555.9,583.2
/srv/shared_leopard_toad/2025/Documents/25.08-01.09.2025/5R/103MEDIA/DSCF0484.JPG,DSCF0484.JPG,5R/103MEDIA,0,Other_Amphibian,0.3567,2275.8,-2.4,2533.2,572.0
/srv/shared_leopard_toad/2025/Documents/25.08-01.09.2025/5R/103MEDIA/DSCF0609.JPG,DSCF0609.JPG,5R/103MEDIA,0,Other_Amphibian,0.3130,2275.0,-1.5,2531.4,554.1
/srv/shared_leopard_toad/2025/Documents/25.08-01.09.2025/5R/103MEDIA/DSCF0609.JPG,DSCF0609.JPG,5R/103MEDIA,0,Other_Amphibian,0.2401,2272.0,-2.6,2531.7,555.2
/srv/shared_leopard_toad/2025/Documents/25.08-01.09.2025/5R/103MEDIA/DSCF0239.JPG,DSCF0239.JPG,5R/103MEDIA,0,Other_Amphibian,0.2360,2271.9,-3.9,2521.3,565.3
/srv/shared_leopard_toad/2025/Documents/25.08-01.09.2025/5R/103MEDIA/DSCF0129.JPG,DSCF0129.JPG,5R/103MEDIA,0,Other_Amphibian,0.2756,2265.7,-2.6,2519.7,568.1
/srv/shared_leopard_toad/2025/Documents/25.08-01.09.2025/5R/103MEDIA/DSCF0882.JPG,DSCF0882.JPG,5R/103MEDIA,0,Other_Amphibian,0.2170,2278.2,-3.9,2530.8,549.8
/srv/shared_leopard_toad/2025/Documents/25.08-01.09.2025/5R/103MEDIA/DSCF0261.JPG,DSCF0261.JPG,5R/103MEDIA,0,Other_Amphibian,0.4014,2269.5,-0.2,2531.6,563.9
/srv/shared_leopard_toad/2025/Documents/25.08-01.09.2025/5R/103MEDIA/DSCF0261.JPG,DSCF0261.JPG,5R/103MEDIA,0,Other_Amphibian,0.2323,2268.7,-2.4,2529.8,562.0
/srv/shared_leopard_toad/2025/Documents/25.08-01.09.2025/5R/103MEDIA/DSCF0062.JPG,DSCF0062.JPG,5R/103MEDIA,0,Other_Amphibian,0.5205,2270.1,4.1,2533.7,545.6
/srv/shared_leopard_toad/2025/Documents/25.08-01.09.2025/5R/103MEDIA/DSCF0062.JPG,DSCF0062.JPG,5R/103MEDIA,0,Other_Amphibian,0.3235,2265.9,1.8,2532.6,546.0
/srv/shared_leopard_toad/2025/Documents/25.08-01.09.2025/5R/103MEDIA/DSCF0796.JPG,DSCF0796.JPG,5R/103MEDIA,0,Other_Amphibian,0.3079,2276.8,-2.4,2532.2,587.1
/srv/shared_leopard_toad/2025/Documents/25.08-01.09.2025/5R/103MEDIA/DSCF0796.JPG,DSCF0796.JPG,5R/103MEDIA,0,Other_Amphibian,0.2402,2273.9,-4.1,2529.8,588.8
/srv/shared_leopard_toad/2025/Documents/25.08-01.09.2025/5R/103MEDIA/DSCF0951.JPG,DSCF0951.JPG,5R/103MEDIA,0,Other_Amphibian,0.2175,2273.7,-7.8,2524.8,634.2
/srv/shared_leopard_toad/2025/Documents/25.08-01.09.2025/5R/103MEDIA/DSCF0647.JPG,DSCF0647.JPG,5R/103MEDIA,0,Other_Amphibian,0.2269,2271.8,-3.1,2526.7,567.6
/srv/shared_leopard_toad/2025/Documents/25.08-01.09.2025/5R/103MEDIA/DSCF0573.JPG,DSCF0573.JPG,5R/103MEDIA,0,Other_Amphibian,0.2500,2275.0,-0.7,2544.5,561.5
/srv/shared_leopard_toad/2025/Documents/25.08-01.09.2025/5R/103MEDIA/DSCF0203.JPG,DSCF0203.JPG,5R/103MEDIA,0,Other_Amphibian,0.2378,2271.5,-1.5,2521.7,560.0
/srv/shared_leopard_toad/2025/Documents/25.08-01.09.2025/5R/103MEDIA/DSCF0103.JPG,DSCF0103.JPG,5R/103MEDIA,0,Other_Amphibian,0.2181,2282.3,2.8,2516.2,747.3
/srv/shared_leopard_toad/2025/Documents/25.08-01.09.2025/5R/103MEDIA/DSCF0920.JPG,DSCF0920.JPG,5R/103MEDIA,0,Other_Amphibian,0.2500,2270.5,-5.0,2528.0,565.7
/srv/shared_leopard_toad/2025/Documents/25.08-01.09.2025/5R/103MEDIA/DSCF0920.JPG,DSCF0920.JPG,5R/103MEDIA,0,Other_Amphibian,0.2069,2265.8,-7.2,2527.5,565.0
/srv/shared_leopard_toad/2025/Documents/25.08-01.09.2025/5R/103MEDIA/DSCF0039.JPG,DSCF0039.JPG,5R/103MEDIA,0,Other_Amphibian,0.3867,2271.6,0.6,2519.0,557.2
/srv/shared_leopard_toad/2025/Documents/25.08-01.09.2025/5R/103MEDIA/DSCF0092.JPG,DSCF0092.JPG,5R/103MEDIA,0,Other_Amphibian,0.2932,2272.3,-1.7,2526.2,566.1
/srv/shared_leopard_toad/2025/Documents/25.08-01.09.2025/5R/103MEDIA/DSCF0092.JPG,DSCF0092.JPG,5R/103MEDIA,0,Other_Amphibian,0.2263,2269.4,-3.9,2529.1,558.7
/srv/shared_leopard_toad/2025/Documents/25.08-01.09.2025/5R/103MEDIA/DSCF0100.JPG,DSCF0100.JPG,5R/103MEDIA,0,Other_Amphibian,0.3342,2272.0,-0.2,2558.0,579.0
/srv/shared_leopard_toad/2025/Documents/25.08-01.09.2025/5R/103MEDIA/DSCF0100.JPG,DSCF0100.JPG,5R/103MEDIA,0,Other_Amphibian,0.2222,2275.7,-0.4,2543.8,583.2
/srv/shared_leopard_toad/2025/Documents/25.08-01.09.2025/5R/103MEDIA/DSCF0599.JPG,DSCF0599.JPG,5R/103MEDIA,0,Other_Amphibian,0.2915,2275.8,-1.1,2528.0,550.0
/srv/shared_leopard_toad/2025/Documents/25.08-01.09.2025/5R/103MEDIA/DSCF0599.JPG,DSCF0599.JPG,5R/103MEDIA,0,Other_Amphibian,0.2290,2272.7,-3.1,2525.8,552.0
/srv/shared_leopard_toad/2025/Documents/25.08-01.09.2025/5R/103MEDIA/DSCF0984.JPG,DSCF0984.JPG,5R/103MEDIA,0,Other_Amphibian,0.2328,2271.8,-5.0,2532.0,591.9
/srv/shared_leopard_toad/2025/Documents/25.08-01.09.2025/5R/103MEDIA/DSCF0984.JPG,DSCF0984.JPG,5R/103MEDIA,0,Other_Amphibian,0.2128,2268.4,-8.1,2530.1,593.9
/srv/shared_leopard_toad/2025/Documents/25.08-01.09.2025/5R/103MEDIA/DSCF0042.JPG,DSCF0042.JPG,5R/103MEDIA,0,Other_Amphibian,0.3376,2270.4,2.8,2520.2,566.8
/srv/shared_leopard_toad/2025/Documents/25.08-01.09.2025/5R/103MEDIA/DSCF0042.JPG,DSCF0042.JPG,5R/103MEDIA,0,Other_Amphibian,0.3113,2267.8,-0.6,2525.5,561.3
/srv/shared_leopard_toad/2025/Documents/25.08-01.09.2025/5R/103MEDIA/DSCF0921.JPG,DSCF0921.JPG,5R/103MEDIA,0,Other_Amphibian,0.2852,2276.4,-4.4,2535.2,590.3
/srv/shared_leopard_toad/2025/Documents/25.08-01.09.2025/5R/103MEDIA/DSCF0921.JPG,DSCF0921.JPG,5R/103MEDIA,0,Other_Amphibian,0.2397,2272.1,-6.5,2534.3,590.4
/srv/shared_leopard_toad/2025/Documents/25.08-01.09.2025/5R/103MEDIA/DSCF0529.JPG,DSCF0529.JPG,5R/103MEDIA,0,Other_Amphibian,0.2421,2269.3,-1.5,2518.7,554.1
/srv/shared_leopard_toad/2025/Documents/25.08-01.09.2025/5R/103MEDIA/DSCF0010.JPG,DSCF0010.JPG,5R/103MEDIA,0,Other_Amphibian,0.3899,2267.1,1.8,2518.3,546.0
/srv/shared_leopard_toad/2025/Documents/25.08-01.09.2025/5R/103MEDIA/DSCF0010.JPG,DSCF0010.JPG,5R/103MEDIA,0,Other_Amphibian,0.2301,2262.1,-1.3,2518.0,545.0
/srv/shared_leopard_toad/2025/Documents/25.08-01.09.2025/5R/103MEDIA/DSCF0078.JPG,DSCF0078.JPG,5R/103MEDIA,0,Other_Amphibian,0.2485,2263.5,-5.9,2556.0,623.5
/srv/shared_leopard_toad/2025/Documents/25.08-01.09.2025/5R/103MEDIA/DSCF0217.JPG,DSCF0217.JPG,5R/103MEDIA,0,Other_Amphibian,0.2747,2272.3,1.1,2515.7,546.7
/srv/shared_leopard_toad/2025/Documents/25.08-01.09.2025/5R/103MEDIA/DSCF0217.JPG,DSCF0217.JPG,5R/103MEDIA,0,Other_Amphibian,0.2034,2269.9,-1.5,2515.5,549.3
/srv/shared_leopard_toad/2025/Documents/25.08-01.09.2025/5R/103MEDIA/DSCF0156.JPG,DSCF0156.JPG,5R/103MEDIA,0,Other_Amphibian,0.2294,2266.5,-2.0,2521.5,610.0
/srv/shared_leopard_toad/2025/Documents/25.08-01.09.2025/5R/103MEDIA/DSCF0094.JPG,DSCF0094.JPG,5R/103MEDIA,0,Other_Amphibian,0.2108,2270.8,-2.8,2533.0,576.4
/srv/shared_leopard_toad/2025/Documents/25.08-01.09.2025/5R/103MEDIA/DSCF0094.JPG,DSCF0094.JPG,5R/103MEDIA,0,Other_Amphibian,0.2004,2275.3,0.6,2528.4,580.1
/srv/shared_leopard_toad/2025/Documents/25.08-01.09.2025/5R/103MEDIA/DSCF0190.JPG,DSCF0190.JPG,5R/103MEDIA,0,Other_Amphibian,0.2473,2265.9,-1.8,2553.6,593.9
/srv/shared_leopard_toad/2025/Documents/25.08-01.09.2025/5R/103MEDIA/DSCF0190.JPG,DSCF0190.JPG,5R/103MEDIA,0,Other_Amphibian,0.2124,2267.4,-3.7,2538.9,587.7
/srv/shared_leopard_toad/2025/Documents/25.08-01.09.2025/5R/103MEDIA/DSCF0047.JPG,DSCF0047.JPG,5R/103MEDIA,0,Other_Amphibian,0.4585,2271.2,1.8,2516.8,543.0
/srv/shared_leopard_toad/2025/Documents/25.08-01.09.2025/5R/103MEDIA/DSCF0213.JPG,DSCF0213.JPG,5R/103MEDIA,0,Other_Amphibian,0.2812,2267.9,-3.3,2541.1,574.8
/srv/shared_leopard_toad/2025/Documents/25.08-01.09.2025/5R/103MEDIA/DSCF0213.JPG,DSCF0213.JPG,5R/103MEDIA,0,Other_Amphibian,0.2502,2271.9,-2.6,2537.1,579.2
/srv/shared_leopard_toad/2025/Documents/25.08-01.09.2025/5R/103MEDIA/DSCF0935.JPG,DSCF0935.JPG,5R/103MEDIA,0,Other_Amphibian,0.2695,2274.3,-3.1,2524.2,546.1
/srv/shared_leopard_toad/2025/Documents/25.08-01.09.2025/5R/103MEDIA/DSCF0935.JPG,DSCF0935.JPG,5R/103MEDIA,0,Other_Amphibian,0.2246,2272.9,-2.4,2525.6,548.4
/srv/shared_leopard_toad/2025/Documents/25.08-01.09.2025/5R/103MEDIA/DSCF0631.JPG,DSCF0631.JPG,5R/103MEDIA,0,Other_Amphibian,0.2378,2276.9,-0.7,2529.5,619.4
/srv/shared_leopard_toad/2025/Documents/25.08-01.09.2025/5R/103MEDIA/DSCF0631.JPG,DSCF0631.JPG,5R/103MEDIA,0,Other_Amphibian,0.2168,2271.8,-3.1,2532.0,618.5
/srv/shared_leopard_toad/2025/Documents/25.08-01.09.2025/5R/103MEDIA/DSCF0055.JPG,DSCF0055.JPG,5R/103MEDIA,0,Other_Amphibian,0.5327,2270.4,2.6,2528.1,549.3
/srv/shared_leopard_toad/2025/Documents/25.08-01.09.2025/5R/103MEDIA/DSCF0400.JPG,DSCF0400.JPG,5R/103MEDIA,0,Other_Amphibian,0.2233,2272.3,-4.6,2526.2,567.2
/srv/shared_leopard_toad/2025/Documents/25.08-01.09.2025/5R/103MEDIA/DSCF0400.JPG,DSCF0400.JPG,5R/103MEDIA,0,Other_Amphibian,0.2194,2273.7,-2.8,2524.8,571.2
/srv/shared_leopard_toad/2025/Documents/25.08-01.09.2025/5R/103MEDIA/DSCF0197.JPG,DSCF0197.JPG,5R/103MEDIA,0,Other_Amphibian,0.3367,2268.3,-3.1,2522.3,580.8
/srv/shared_leopard_toad/2025/Documents/25.08-01.09.2025/5R/103MEDIA/DSCF0197.JPG,DSCF0197.JPG,5R/103MEDIA,0,Other_Amphibian,0.2023,3365.8,2303.6,3459.2,2385.9
/srv/shared_leopard_toad/2025/Documents/25.08-01.09.2025/5R/103MEDIA/DSCF0354.JPG,DSCF0354.JPG,5R/103MEDIA,0,Other_Amphibian,0.2927,2272.3,-2.2,2526.2,557.8
/srv/shared_leopard_toad/2025/Documents/25.08-01.09.2025/5R/103MEDIA/DSCF0354.JPG,DSCF0354.JPG,5R/103MEDIA,0,Other_Amphibian,0.2717,2272.1,-3.9,2529.0,557.6
/srv/shared_leopard_toad/2025/Documents/25.08-01.09.2025/5R/103MEDIA/DSCF0746.JPG,DSCF0746.JPG,5R/103MEDIA,0,Other_Amphibian,0.2661,2273.7,-1.5,2524.8,556.3
/srv/shared_leopard_toad/2025/Documents/25.08-01.09.2025/5R/103MEDIA/DSCF0746.JPG,DSCF0746.JPG,5R/103MEDIA,0,Other_Amphibian,0.2216,2270.1,-4.1,2523.2,555.9
/srv/shared_leopard_toad/2025/Documents/25.08-01.09.2025/5R/103MEDIA/DSCF0746.JPG,DSCF0746.JPG,5R/103MEDIA,0,Other_Amphibian,0.2161,3364.4,2304.3,3455.4,2385.2
/srv/shared_leopard_toad/2025/Documents/25.08-01.09.2025/5R/103MEDIA/DSCF0224.JPG,DSCF0224.JPG,5R/103MEDIA,0,Other_Amphibian,0.2429,2270.5,-3.5,2530.7,601.9
/srv/shared_leopard_toad/2025/Documents/25.08-01.09.2025/5R/103MEDIA/DSCF0081.JPG,DSCF0081.JPG,5R/103MEDIA,0,Other_Amphibian,0.3735,2268.4,0.4,2524.8,540.8
/srv/shared_leopard_toad/2025/Documents/25.08-01.09.2025/5R/103MEDIA/DSCF0081.JPG,DSCF0081.JPG,5R/103MEDIA,0,Other_Amphibian,0.2235,2265.3,-1.5,2528.0,539.7
/srv/shared_leopard_toad/2025/Documents/25.08-01.09.2025/5R/103MEDIA/DSCF0241.JPG,DSCF0241.JPG,5R/103MEDIA,0,Other_Amphibian,0.2756,2273.2,-0.6,2525.3,570.1
/srv/shared_leopard_toad/2025/Documents/25.08-01.09.2025/5R/103MEDIA/DSCF0241.JPG,DSCF0241.JPG,5R/103MEDIA,0,Other_Amphibian,0.2428,2271.5,-4.1,2527.0,567.7
/srv/shared_leopard_toad/2025/Documents/25.08-01.09.2025/5R/103MEDIA/DSCF0101.JPG,DSCF0101.JPG,5R/103MEDIA,0,Other_Amphibian,0.4365,2273.9,-0.9,2529.8,586.7
/srv/shared_leopard_toad/2025/Documents/25.08-01.09.2025/5R/103MEDIA/DSCF0101.JPG,DSCF0101.JPG,5R/103MEDIA,0,Other_Amphibian,0.2422,2266.8,-3.7,2526.5,588.4
/srv/shared_leopard_toad/2025/Documents/25.08-01.09.2025/5R/103MEDIA/DSCF0029.JPG,DSCF0029.JPG,5R/103MEDIA,0,Other_Amphibian,0.3066,2268.3,-1.1,2522.3,579.9
/srv/shared_leopard_toad/2025/Documents/25.08-01.09.2025/5R/103MEDIA/DSCF0029.JPG,DSCF0029.JPG,5R/103MEDIA,0,Other_Amphibian,0.2244,2261.4,-4.1,2524.0,570.7
/srv/shared_leopard_toad/2025/Documents/25.08-01.09.2025/5R/103MEDIA/DSCF0468.JPG,DSCF0468.JPG,5R/103MEDIA,0,Other_Amphibian,0.2764,2274.4,-3.9,2534.6,564.6
/srv/shared_leopard_toad/2025/Documents/25.08-01.09.2025/5R/103MEDIA/DSCF0468.JPG,DSCF0468.JPG,5R/103MEDIA,0,Other_Amphibian,0.2368,2270.5,-7.0,2533.2,566.6
/srv/shared_leopard_toad/2025/Documents/25.08-01.09.2025/5R/103MEDIA/DSCF0105.JPG,DSCF0105.JPG,5R/103MEDIA,0,Other_Amphibian,0.2059,2274.7,-1.3,2518.5,556.8
/srv/shared_leopard_toad/2025/Documents/25.08-01.09.2025/5R/103MEDIA/DSCF0116.JPG,DSCF0116.JPG,5R/103MEDIA,0,Other_Amphibian,0.2139,2267.5,-2.6,2525.7,574.0
/srv/shared_leopard_toad/2025/Documents/25.08-01.09.2025/5R/103MEDIA/DSCF0865.JPG,DSCF0865.JPG,5R/103MEDIA,0,Other_Amphibian,0.2157,2272.3,-3.5,2526.2,550.2
/srv/shared_leopard_toad/2025/Documents/25.08-01.09.2025/5R/103MEDIA/DSCF0085.JPG,DSCF0085.JPG,5R/103MEDIA,0,Other_Amphibian,0.3223,2267.7,-1.5,2515.1,558.1
/srv/shared_leopard_toad/2025/Documents/25.08-01.09.2025/5R/103MEDIA/DSCF0808.JPG,DSCF0808.JPG,5R/103MEDIA,0,Other_Amphibian,0.3069,2273.8,-0.9,2527.3,547.6
/srv/shared_leopard_toad/2025/Documents/25.08-01.09.2025/5R/103MEDIA/DSCF0808.JPG,DSCF0808.JPG,5R/103MEDIA,0,Other_Amphibian,0.2646,2272.5,-3.0,2526.0,547.8
/srv/shared_leopard_toad/2025/Documents/25.08-01.09.2025/5R/103MEDIA/DSCF0987.JPG,DSCF0987.JPG,5R/103MEDIA,0,Other_Amphibian,0.2004,2273.8,-5.2,2519.4,674.4
/srv/shared_leopard_toad/2025/Documents/25.08-01.09.2025/5R/103MEDIA/DSCF0027.JPG,DSCF0027.JPG,5R/103MEDIA,0,Other_Amphibian,0.4529,2271.4,1.5,2529.7,557.0
/srv/shared_leopard_toad/2025/Documents/25.08-01.09.2025/5R/103MEDIA/DSCF0027.JPG,DSCF0027.JPG,5R/103MEDIA,0,Other_Amphibian,0.3447,2268.2,-0.9,2530.3,555.7
/srv/shared_leopard_toad/2025/Documents/25.08-01.09.2025/5R/103MEDIA/DSCF0331.JPG,DSCF0331.JPG,5R/103MEDIA,0,Other_Amphibian,0.2256,2271.3,-2.6,2532.5,556.3
/srv/shared_leopard_toad/2025/Documents/25.08-01.09.2025/5R/103MEDIA/DSCF0331.JPG,DSCF0331.JPG,5R/103MEDIA,0,Other_Amphibian,0.2133,2271.9,-3.3,2534.5,552.2
/srv/shared_leopard_toad/2025/Documents/25.08-01.09.2025/5R/103MEDIA/DSCF0688.JPG,DSCF0688.JPG,5R/103MEDIA,0,Other_Amphibian,0.2418,2271.4,-0.9,2519.3,555.7
/srv/shared_leopard_toad/2025/Documents/25.08-01.09.2025/5R/103MEDIA/DSCF0347.JPG,DSCF0347.JPG,5R/103MEDIA,0,Other_Amphibian,0.2190,2272.5,-3.1,2531.2,556.8
/srv/shared_leopard_toad/2025/Documents/25.08-01.09.2025/5R/103MEDIA/DSCF0347.JPG,DSCF0347.JPG,5R/103MEDIA,0,Other_Amphibian,0.2129,2270.4,-2.2,2528.1,557.8
/srv/shared_leopard_toad/2025/Documents/25.08-01.09.2025/5R/103MEDIA/DSCF0109.JPG,DSCF0109.JPG,5R/103MEDIA,0,Other_Amphibian,0.4111,2269.3,-0.6,2518.7,590.4
/srv/shared_leopard_toad/2025/Documents/25.08-01.09.2025/5R/103MEDIA/DSCF0109.JPG,DSCF0109.JPG,5R/103MEDIA,0,Other_Amphibian,0.2150,2262.4,-4.8,2515.1,591.7
/srv/shared_leopard_toad/2025/Documents/25.08-01.09.2025/5R/103MEDIA/DSCF0497.JPG,DSCF0497.JPG,5R/103MEDIA,0,Other_Amphibian,0.2399,2272.1,-0.2,2529.0,550.9
/srv/shared_leopard_toad/2025/Documents/25.08-01.09.2025/5R/103MEDIA/DSCF0497.JPG,DSCF0497.JPG,5R/103MEDIA,0,Other_Amphibian,0.2167,2270.8,-2.4,2527.7,551.3
/srv/shared_leopard_toad/2025/Documents/25.08-01.09.2025/5R/103MEDIA/DSCF0611.JPG,DSCF0611.JPG,5R/103MEDIA,0,Other_Amphibian,0.2930,2272.3,-2.0,2534.0,577.5
/srv/shared_leopard_toad/2025/Documents/25.08-01.09.2025/5R/103MEDIA/DSCF0611.JPG,DSCF0611.JPG,5R/103MEDIA,0,Other_Amphibian,0.2130,2269.7,-3.5,2531.4,578.3
/srv/shared_leopard_toad/2025/Documents/25.08-01.09.2025/5R/103MEDIA/DSCF0460.JPG,DSCF0460.JPG,5R/103MEDIA,0,Other_Amphibian,0.3167,2271.5,0.0,2527.0,556.7
/srv/shared_leopard_toad/2025/Documents/25.08-01.09.2025/5R/103MEDIA/DSCF0460.JPG,DSCF0460.JPG,5R/103MEDIA,0,Other_Amphibian,0.2949,2269.9,-1.3,2528.6,556.1
/srv/shared_leopard_toad/2025/Documents/25.08-01.09.2025/5R/103MEDIA/DSCF0855.JPG,DSCF0855.JPG,5R/103MEDIA,0,Other_Amphibian,0.2815,2262.8,-6.8,2538.4,638.8
/srv/shared_leopard_toad/2025/Documents/25.08-01.09.2025/5R/103MEDIA/DSCF0855.JPG,DSCF0855.JPG,5R/103MEDIA,0,Other_Amphibian,0.2642,2267.0,-5.2,2534.1,636.0
/srv/shared_leopard_toad/2025/Documents/25.08-01.09.2025/5R/103MEDIA/DSCF0024.JPG,DSCF0024.JPG,5R/103MEDIA,0,Other_Amphibian,0.3840,2265.1,2.0,2522.9,564.6
/srv/shared_leopard_toad/2025/Documents/25.08-01.09.2025/5R/103MEDIA/DSCF0024.JPG,DSCF0024.JPG,5R/103MEDIA,0,Other_Amphibian,0.2227,2261.4,-2.2,2524.0,562.9
/srv/shared_leopard_toad/2025/Documents/25.08-01.09.2025/5R/103MEDIA/DSCF0852.JPG,DSCF0852.JPG,5R/103MEDIA,0,Other_Amphibian,0.2480,2264.3,-7.0,2528.9,586.9
/srv/shared_leopard_toad/2025/Documents/25.08-01.09.2025/5R/103MEDIA/DSCF0852.JPG,DSCF0852.JPG,5R/103MEDIA,0,Other_Amphibian,0.2108,2264.5,-5.0,2526.2,590.8
/srv/shared_leopard_toad/2025/Documents/25.08-01.09.2025/5R/103MEDIA/DSCF0939.JPG,DSCF0939.JPG,5R/103MEDIA,0,Other_Amphibian,0.2075,2274.7,-7.6,2526.4,670.9
/srv/shared_leopard_toad/2025/Documents/25.08-01.09.2025/5R/103MEDIA/DSCF0392.JPG,DSCF0392.JPG,5R/103MEDIA,0,Other_Amphibian,0.2473,2270.1,-3.0,2523.2,598.4
/srv/shared_leopard_toad/2025/Documents/25.08-01.09.2025/5R/103MEDIA/DSCF0392.JPG,DSCF0392.JPG,5R/103MEDIA,0,Other_Amphibian,0.2050,2268.2,-6.3,2519.8,598.4
/srv/shared_leopard_toad/2025/Documents/25.08-01.09.2025/5R/103MEDIA/DSCF0617.JPG,DSCF0617.JPG,5R/103MEDIA,0,Other_Amphibian,0.2350,2270.6,-3.1,2520.0,560.9
/srv/shared_leopard_toad/2025/Documents/25.08-01.09.2025/5R/103MEDIA/DSCF0671.JPG,DSCF0671.JPG,5R/103MEDIA,0,Other_Amphibian,0.2056,2270.5,-2.8,2528.0,541.7
/srv/shared_leopard_toad/2025/Documents/25.08-01.09.2025/5R/103MEDIA/DSCF0328.JPG,DSCF0328.JPG,5R/103MEDIA,0,Other_Amphibian,0.2129,2274.3,-3.9,2524.2,579.4
/srv/shared_leopard_toad/2025/Documents/25.08-01.09.2025/5R/103MEDIA/DSCF0595.JPG,DSCF0595.JPG,5R/103MEDIA,0,Other_Amphibian,0.2089,2276.9,-3.1,2534.7,595.2
/srv/shared_leopard_toad/2025/Documents/25.08-01.09.2025/5R/103MEDIA/DSCF0374.JPG,DSCF0374.JPG,5R/103MEDIA,0,Other_Amphibian,0.4224,2272.3,1.8,2534.0,546.0
/srv/shared_leopard_toad/2025/Documents/25.08-01.09.2025/5R/103MEDIA/DSCF0374.JPG,DSCF0374.JPG,5R/103MEDIA,0,Other_Amphibian,0.2108,2265.0,-2.0,2528.2,548.7
/srv/shared_leopard_toad/2025/Documents/25.08-01.09.2025/5R/103MEDIA/DSCF0210.JPG,DSCF0210.JPG,5R/103MEDIA,0,Other_Amphibian,0.3115,2265.3,0.0,2522.7,553.7
/srv/shared_leopard_toad/2025/Documents/25.08-01.09.2025/5R/103MEDIA/DSCF0210.JPG,DSCF0210.JPG,5R/103MEDIA,0,Other_Amphibian,0.2113,2260.5,-3.1,2522.2,553.9
/srv/shared_leopard_toad/2025/Documents/25.08-01.09.2025/5R/103MEDIA/DSCF0893.JPG,DSCF0893.JPG,5R/103MEDIA,0,Other_Amphibian,0.2042,2269.9,-5.5,2523.4,583.2
/srv/shared_leopard_toad/2025/Documents/25.08-01.09.2025/5R/103MEDIA/DSCF0860.JPG,DSCF0860.JPG,5R/103MEDIA,0,Other_Amphibian,0.2722,2270.0,-2.0,2531.2,590.1
/srv/shared_leopard_toad/2025/Documents/25.08-01.09.2025/5R/103MEDIA/DSCF0860.JPG,DSCF0860.JPG,5R/103MEDIA,0,Other_Amphibian,0.2372,2267.4,-4.1,2531.1,589.9
/srv/shared_leopard_toad/2025/Documents/25.08-01.09.2025/5R/103MEDIA/DSCF0604.JPG,DSCF0604.JPG,5R/103MEDIA,0,Other_Amphibian,0.2007,2274.2,-3.0,2526.9,547.8
/srv/shared_leopard_toad/2025/Documents/25.08-01.09.2025/5R/103MEDIA/DSCF0270.JPG,DSCF0270.JPG,5R/103MEDIA,0,Other_Amphibian,0.2203,2273.7,-0.9,2524.8,560.5
/srv/shared_leopard_toad/2025/Documents/25.08-01.09.2025/5R/103MEDIA/DSCF0090.JPG,DSCF0090.JPG,5R/103MEDIA,0,Other_Amphibian,0.2732,2269.5,-3.1,2521.1,571.6
/srv/shared_leopard_toad/2025/Documents/25.08-01.09.2025/5R/103MEDIA/DSCF0638.JPG,DSCF0638.JPG,5R/103MEDIA,0,Other_Amphibian,0.3079,2273.1,-3.0,2528.0,564.4
/srv/shared_leopard_toad/2025/Documents/25.08-01.09.2025/5R/103MEDIA/DSCF0638.JPG,DSCF0638.JPG,5R/103MEDIA,0,Other_Amphibian,0.2360,2271.8,-4.2,2526.7,565.7
/srv/shared_leopard_toad/2025/Documents/25.08-01.09.2025/5R/103MEDIA/DSCF0236.JPG,DSCF0236.JPG,5R/103MEDIA,0,Other_Amphibian,0.2344,2278.3,0.4,2520.2,750.8
/srv/shared_leopard_toad/2025/Documents/25.08-01.09.2025/5R/103MEDIA/DSCF0322.JPG,DSCF0322.JPG,5R/103MEDIA,0,Other_Amphibian,0.2167,2272.9,-3.7,2520.3,594.7
/srv/shared_leopard_toad/2025/Documents/25.08-01.09.2025/5R/103MEDIA/DSCF0084.JPG,DSCF0084.JPG,5R/103MEDIA,0,Other_Amphibian,0.3108,2272.4,0.7,2520.8,550.0
/srv/shared_leopard_toad/2025/Documents/25.08-01.09.2025/5R/103MEDIA/DSCF0084.JPG,DSCF0084.JPG,5R/103MEDIA,0,Other_Amphibian,0.2124,2269.5,-1.7,2521.1,550.6
/srv/shared_leopard_toad/2025/Documents/25.08-01.09.2025/5R/103MEDIA/DSCF0124.JPG,DSCF0124.JPG,5R/103MEDIA,0,Other_Amphibian,0.2944,2270.5,0.2,2528.0,555.4
/srv/shared_leopard_toad/2025/Documents/25.08-01.09.2025/5R/103MEDIA/DSCF0124.JPG,DSCF0124.JPG,5R/103MEDIA,0,Other_Amphibian,0.2043,2263.0,-2.4,2527.6,553.2
/srv/shared_leopard_toad/2025/Documents/25.08-01.09.2025/5R/103MEDIA/DSCF0138.JPG,DSCF0138.JPG,5R/103MEDIA,0,Other_Amphibian,0.2749,2272.1,-2.8,2513.3,620.3
/srv/shared_leopard_toad/2025/Documents/25.08-01.09.2025/5R/103MEDIA/DSCF0014.JPG,DSCF0014.JPG,5R/103MEDIA,0,Other_Amphibian,0.4399,2271.5,1.1,2540.1,546.7
/srv/shared_leopard_toad/2025/Documents/25.08-01.09.2025/5R/103MEDIA/DSCF0014.JPG,DSCF0014.JPG,5R/103MEDIA,0,Other_Amphibian,0.4141,2274.0,2.2,2537.6,547.4
/srv/shared_leopard_toad/2025/Documents/25.08-01.09.2025/5R/103MEDIA/DSCF0359.JPG,DSCF0359.JPG,5R/103MEDIA,0,Other_Amphibian,0.2297,2272.0,-4.8,2526.5,618.3
/srv/shared_leopard_toad/2025/Documents/25.08-01.09.2025/5R/103MEDIA/DSCF0950.JPG,DSCF0950.JPG,5R/103MEDIA,0,Other_Amphibian,0.2445,2283.6,-1.5,2517.5,746.4
/srv/shared_leopard_toad/2025/Documents/25.08-01.09.2025/5R/103MEDIA/DSCF0243.JPG,DSCF0243.JPG,5R/103MEDIA,0,Other_Amphibian,0.2961,2273.1,-1.8,2528.0,545.6
/srv/shared_leopard_toad/2025/Documents/25.08-01.09.2025/5R/103MEDIA/DSCF0243.JPG,DSCF0243.JPG,5R/103MEDIA,0,Other_Amphibian,0.2881,2273.3,-1.1,2527.8,547.1
/srv/shared_leopard_toad/2025/Documents/25.08-01.09.2025/5R/103MEDIA/DSCF0506.JPG,DSCF0506.JPG,5R/103MEDIA,0,Other_Amphibian,0.2438,2275.2,-2.4,2525.9,566.1
/srv/shared_leopard_toad/2025/Documents/25.08-01.09.2025/5R/103MEDIA/DSCF0361.JPG,DSCF0361.JPG,5R/103MEDIA,0,Other_Amphibian,0.3408,2274.6,-2.6,2539.7,575.1
/srv/shared_leopard_toad/2025/Documents/25.08-01.09.2025/5R/103MEDIA/DSCF0361.JPG,DSCF0361.JPG,5R/103MEDIA,0,Other_Amphibian,0.2520,2273.2,-3.3,2535.8,574.8
/srv/shared_leopard_toad/2025/Documents/25.08-01.09.2025/5R/103MEDIA/DSCF0201.JPG,DSCF0201.JPG,5R/103MEDIA,0,Other_Amphibian,0.2681,2272.7,-3.1,2525.8,620.7
/srv/shared_leopard_toad/2025/Documents/25.08-01.09.2025/5R/103MEDIA/DSCF0201.JPG,DSCF0201.JPG,5R/103MEDIA,0,Other_Amphibian,0.2314,2267.7,-6.3,2530.8,621.6
/srv/shared_leopard_toad/2025/Documents/25.08-01.09.2025/5R/103MEDIA/DSCF0513.JPG,DSCF0513.JPG,5R/103MEDIA,0,Other_Amphibian,0.2289,2273.1,-2.6,2533.3,556.3
/srv/shared_leopard_toad/2025/Documents/25.08-01.09.2025/5R/103MEDIA/DSCF0513.JPG,DSCF0513.JPG,5R/103MEDIA,0,Other_Amphibian,0.2173,2272.1,-2.4,2529.0,557.2
/srv/shared_leopard_toad/2025/Documents/25.08-01.09.2025/5R/103MEDIA/DSCF0707.JPG,DSCF0707.JPG,5R/103MEDIA,0,Other_Amphibian,0.2302,2271.3,-2.0,2527.2,560.5
/srv/shared_leopard_toad/2025/Documents/25.08-01.09.2025/5R/104MEDIA/DSCF0012.JPG,DSCF0012.JPG,5R/104MEDIA,0,Other_Amphibian,0.2020,2263.2,3.0,2514.3,959.8
/srv/shared_leopard_toad/2025/Documents/25.08-01.09.2025/5R/104MEDIA/DSCF0001.JPG,DSCF0001.JPG,5R/104MEDIA,0,Other_Amphibian,0.3425,2266.8,-3.7,2526.5,531.6
/srv/shared_leopard_toad/2025/Documents/25.08-01.09.2025/5R/104MEDIA/DSCF0061.JPG,DSCF0061.JPG,5R/104MEDIA,0,Other_Amphibian,0.2058,2278.7,-1.8,2519.8,760.8
/srv/shared_leopard_toad/2025/Documents/25.08-01.09.2025/5R/104MEDIA/DSCF0089.JPG,DSCF0089.JPG,5R/104MEDIA,0,Other_Amphibian,0.2732,2276.3,-5.7,2532.7,577.2
/srv/shared_leopard_toad/2025/Documents/25.08-01.09.2025/5R/104MEDIA/DSCF0539.JPG,DSCF0539.JPG,5R/104MEDIA,0,Other_Amphibian,0.2683,2805.6,2.8,3058.7,361.4
/srv/shared_leopard_toad/2025/Documents/25.08-01.09.2025/5R/104MEDIA/DSCF0539.JPG,DSCF0539.JPG,5R/104MEDIA,0,Other_Amphibian,0.2048,2795.0,1.8,3064.0,354.9
/srv/shared_leopard_toad/2025/Documents/25.08-01.09.2025/5R/104MEDIA/DSCF0207.JPG,DSCF0207.JPG,5R/104MEDIA,0,Other_Amphibian,0.2086,3361.0,2295.5,3458.8,2376.3
/srv/shared_leopard_toad/2025/Documents/25.08-01.09.2025/5R/104MEDIA/DSCF0033.JPG,DSCF0033.JPG,5R/104MEDIA,0,Other_Amphibian,0.2037,3362.6,2301.1,3457.1,2382.6
/srv/shared_leopard_toad/2025/Documents/25.08-01.09.2025/5R/104MEDIA/DSCF0044.JPG,DSCF0044.JPG,5R/104MEDIA,0,Other_Amphibian,0.2316,2278.4,-4.6,2530.6,575.3
/srv/shared_leopard_toad/2025/Documents/25.08-01.09.2025/5R/104MEDIA/DSCF0044.JPG,DSCF0044.JPG,5R/104MEDIA,0,Other_Amphibian,0.2281,2277.9,-6.1,2531.1,575.7
/srv/shared_leopard_toad/2025/Documents/25.08-01.09.2025/5R/104MEDIA/DSCF0026.JPG,DSCF0026.JPG,5R/104MEDIA,0,Other_Amphibian,0.2727,2271.2,-2.4,2529.9,554.3
/srv/shared_leopard_toad/2025/Documents/25.08-01.09.2025/5R/104MEDIA/DSCF0060.JPG,DSCF0060.JPG,5R/104MEDIA,0,Other_Amphibian,0.2114,2272.9,-4.4,2525.6,623.1
/srv/shared_leopard_toad/2025/Documents/25.08-01.09.2025/5R/104MEDIA/DSCF0041.JPG,DSCF0041.JPG,5R/104MEDIA,0,Other_Amphibian,0.2756,2273.6,-2.8,2527.5,559.4
/srv/shared_leopard_toad/2025/Documents/25.08-01.09.2025/5R/104MEDIA/DSCF0041.JPG,DSCF0041.JPG,5R/104MEDIA,0,Other_Amphibian,0.2327,2272.5,-5.9,2526.0,562.6
/srv/shared_leopard_toad/2025/Documents/25.08-01.09.2025/5R/104MEDIA/DSCF0008.JPG,DSCF0008.JPG,5R/104MEDIA,0,Other_Amphibian,0.2673,2275.0,-4.6,2536.7,565.3
/srv/shared_leopard_toad/2025/Documents/25.08-01.09.2025/5R/104MEDIA/DSCF0008.JPG,DSCF0008.JPG,5R/104MEDIA,0,Other_Amphibian,0.2612,2274.8,-4.6,2539.4,567.2
/srv/shared_leopard_toad/2025/Documents/25.08-01.09.2025/5R/104MEDIA/DSCF0644.JPG,DSCF0644.JPG,5R/104MEDIA,0,Other_Amphibian,0.3379,2849.7,2019.5,2956.8,2165.1
/srv/shared_leopard_toad/2025/Documents/25.08-01.09.2025/5R/104MEDIA/DSCF0644.JPG,DSCF0644.JPG,5R/104MEDIA,0,Other_Amphibian,0.2974,2850.5,2019.5,2956.0,2165.1
/srv/shared_leopard_toad/2025/Documents/25.08-01.09.2025/5R/104MEDIA/DSCF0644.JPG,DSCF0644.JPG,5R/104MEDIA,0,Other_Amphibian,0.2422,2849.8,2019.8,2956.7,2164.8
/srv/shared_leopard_toad/2025/Documents/25.08-01.09.2025/5R/104MEDIA/DSCF0006.JPG,DSCF0006.JPG,5R/104MEDIA,0,Other_Amphibian,0.2399,3366.5,2300.2,3458.5,2383.4
/srv/shared_leopard_toad/2025/Documents/25.08-01.09.2025/5R/104MEDIA/DSCF0057.JPG,DSCF0057.JPG,5R/104MEDIA,0,Other_Amphibian,0.2708,2272.7,-4.2,2525.8,626.2
/srv/shared_leopard_toad/2025/Documents/25.08-01.09.2025/5R/104MEDIA/DSCF0152.JPG,DSCF0152.JPG,5R/104MEDIA,0,Other_Amphibian,0.2437,2275.1,-4.4,2523.4,590.3
/srv/shared_leopard_toad/2025/Documents/25.08-01.09.2025/5R/104MEDIA/DSCF0152.JPG,DSCF0152.JPG,5R/104MEDIA,0,Other_Amphibian,0.2203,3365.4,2300.6,3459.6,2383.1
/srv/shared_leopard_toad/2025/Documents/25.08-01.09.2025/5R/104MEDIA/DSCF0036.JPG,DSCF0036.JPG,5R/104MEDIA,0,Other_Amphibian,0.2207,2276.9,-4.6,2529.5,584.5
/srv/shared_leopard_toad/2025/Documents/25.08-01.09.2025/5R/104MEDIA/DSCF0036.JPG,DSCF0036.JPG,5R/104MEDIA,0,Other_Amphibian,0.2144,2275.5,-7.0,2528.2,581.8
/srv/shared_leopard_toad/2025/Documents/25.08-01.09.2025/5R/104MEDIA/DSCF0052.JPG,DSCF0052.JPG,5R/104MEDIA,0,Other_Amphibian,0.2424,2280.2,2.0,2523.5,735.1
/srv/shared_leopard_toad/2025/Documents/25.08-01.09.2025/5R/104MEDIA/DSCF0096.JPG,DSCF0096.JPG,5R/104MEDIA,0,Other_Amphibian,0.2185,2276.0,-4.4,2522.5,651.9
/srv/shared_leopard_toad/2025/Documents/25.08-01.09.2025/5R/104MEDIA/DSCF0149.JPG,DSCF0149.JPG,5R/104MEDIA,0,Other_Amphibian,0.2133,3365.8,2302.6,3459.2,2384.0
/srv/shared_leopard_toad/2025/Documents/25.08-01.09.2025/5R/104MEDIA/DSCF0134.JPG,DSCF0134.JPG,5R/104MEDIA,0,Other_Amphibian,0.2113,2270.4,-6.1,2536.0,596.0
/srv/shared_leopard_toad/2025/Documents/25.08-01.09.2025/5R/104MEDIA/DSCF0134.JPG,DSCF0134.JPG,5R/104MEDIA,0,Other_Amphibian,0.2100,2265.9,-8.5,2537.9,598.4
/srv/shared_leopard_toad/2025/Documents/25.08-01.09.2025/5R/104MEDIA/DSCF0123.JPG,DSCF0123.JPG,5R/104MEDIA,0,Other_Amphibian,0.2157,2273.7,-5.4,2524.8,617.8
/srv/shared_leopard_toad/2025/Documents/25.08-01.09.2025/5R/104MEDIA/DSCF0049.JPG,DSCF0049.JPG,5R/104MEDIA,0,Other_Amphibian,0.2700,2278.7,-2.0,2530.3,554.6
/srv/shared_leopard_toad/2025/Documents/25.08-01.09.2025/5R/104MEDIA/DSCF0049.JPG,DSCF0049.JPG,5R/104MEDIA,0,Other_Amphibian,0.2242,2275.5,-3.9,2530.9,555.7
/srv/shared_leopard_toad/2025/Documents/25.08-01.09.2025/5R/104MEDIA/DSCF0208.JPG,DSCF0208.JPG,5R/104MEDIA,0,Other_Amphibian,0.2367,3360.6,2296.9,3459.2,2377.9
/srv/shared_leopard_toad/2025/Documents/25.08-01.09.2025/5R/104MEDIA/DSCF0031.JPG,DSCF0031.JPG,5R/104MEDIA,0,Other_Amphibian,0.2059,2273.8,-6.3,2532.6,553.0
/srv/shared_leopard_toad/2025/Documents/25.08-01.09.2025/5R/104MEDIA/DSCF0058.JPG,DSCF0058.JPG,5R/104MEDIA,0,Other_Amphibian,0.2002,2274.8,-4.1,2513.2,758.6
/srv/shared_leopard_toad/2025/Documents/25.08-01.09.2025/5R/104MEDIA/DSCF0144.JPG,DSCF0144.JPG,5R/104MEDIA,0,Other_Amphibian,0.2153,2282.2,-3.0,2539.9,598.4
/srv/shared_leopard_toad/2025/Documents/25.08-01.09.2025/5R/104MEDIA/DSCF0144.JPG,DSCF0144.JPG,5R/104MEDIA,0,Other_Amphibian,0.2085,2279.4,-4.1,2540.1,601.3
/srv/shared_leopard_toad/2025/Documents/25.08-01.09.2025/5R/104MEDIA/DSCF0182.JPG,DSCF0182.JPG,5R/104MEDIA,0,Other_Amphibian,0.2979,2269.6,-4.2,2528.9,579.7
/srv/shared_leopard_toad/2025/Documents/25.08-01.09.2025/5R/104MEDIA/DSCF0182.JPG,DSCF0182.JPG,5R/104MEDIA,0,Other_Amphibian,0.2930,2269.9,-5.4,2528.6,576.8
/srv/shared_leopard_toad/2025/Documents/25.08-01.09.2025/5R/104MEDIA/DSCF0180.JPG,DSCF0180.JPG,5R/104MEDIA,0,Other_Amphibian,0.2200,2274.2,-4.2,2524.3,577.9
/srv/shared_leopard_toad/2025/Documents/25.08-01.09.2025/5R/104MEDIA/DSCF0216.JPG,DSCF0216.JPG,5R/104MEDIA,0,Other_Amphibian,0.2356,3361.5,2296.6,3458.2,2378.2
/srv/shared_leopard_toad/2025/Documents/25.08-01.09.2025/5R/104MEDIA/DSCF0050.JPG,DSCF0050.JPG,5R/104MEDIA,0,Other_Amphibian,0.2303,2270.9,-6.3,2519.8,570.0
/srv/shared_leopard_toad/2025/Documents/25.08-01.09.2025/5R/104MEDIA/DSCF0050.JPG,DSCF0050.JPG,5R/104MEDIA,0,Other_Amphibian,0.2205,2271.6,-8.9,2519.0,570.3
/srv/shared_leopard_toad/2025/Documents/25.08-01.09.2025/5R/104MEDIA/DSCF0087.JPG,DSCF0087.JPG,5R/104MEDIA,0,Other_Amphibian,0.3623,2270.7,-3.7,2554.0,650.1
/srv/shared_leopard_toad/2025/Documents/25.08-01.09.2025/5R/104MEDIA/DSCF0133.JPG,DSCF0133.JPG,5R/104MEDIA,0,Other_Amphibian,0.2095,3366.2,2302.6,3458.8,2384.0
/srv/shared_leopard_toad/2025/Documents/25.08-01.09.2025/5R/104MEDIA/DSCF0076.JPG,DSCF0076.JPG,5R/104MEDIA,0,Other_Amphibian,0.2266,2276.4,-5.2,2529.9,555.9
/srv/shared_leopard_toad/2025/Documents/25.08-01.09.2025/5R/104MEDIA/DSCF0076.JPG,DSCF0076.JPG,5R/104MEDIA,0,Other_Amphibian,0.2084,2274.6,-3.7,2529.1,558.5
/srv/shared_leopard_toad/2025/Documents/25.08-01.09.2025/5R/104MEDIA/DSCF0708.JPG,DSCF0708.JPG,5R/104MEDIA,2,Western_Leopard_Toad,0.9668,2341.7,821.6,2603.8,1065.4
/srv/shared_leopard_toad/2025/Documents/25.08-01.09.2025/5R/104MEDIA/DSCF0111.JPG,DSCF0111.JPG,5R/104MEDIA,0,Other_Amphibian,0.3191,2278.3,-1.8,2520.2,704.3
/srv/shared_leopard_toad/2025/Documents/25.08-01.09.2025/5R/104MEDIA/DSCF0022.JPG,DSCF0022.JPG,5R/104MEDIA,0,Other_Amphibian,0.2507,2274.2,-7.8,2534.8,603.9
/srv/shared_leopard_toad/2025/Documents/25.08-01.09.2025/5R/104MEDIA/DSCF0075.JPG,DSCF0075.JPG,5R/104MEDIA,0,Other_Amphibian,0.2319,2272.0,-5.4,2518.6,601.5
/srv/shared_leopard_toad/2025/Documents/25.08-01.09.2025/5R/104MEDIA/DSCF0104.JPG,DSCF0104.JPG,5R/104MEDIA,0,Other_Amphibian,0.2448,2270.4,-6.6,2528.1,575.1
/srv/shared_leopard_toad/2025/Documents/25.08-01.09.2025/5R/104MEDIA/DSCF0104.JPG,DSCF0104.JPG,5R/104MEDIA,0,Other_Amphibian,0.2168,2272.5,-5.5,2526.0,572.2
/srv/shared_leopard_toad/2025/Documents/25.08-01.09.2025/5R/104MEDIA/DSCF0126.JPG,DSCF0126.JPG,5R/104MEDIA,0,Other_Amphibian,0.2106,2279.4,-3.1,2534.8,566.8
/srv/shared_leopard_toad/2025/Documents/25.08-01.09.2025/5R/104MEDIA/DSCF0093.JPG,DSCF0093.JPG,5R/104MEDIA,0,Other_Amphibian,0.3181,2272.9,-5.7,2525.6,574.2
/srv/shared_leopard_toad/2025/Documents/25.08-01.09.2025/5R/104MEDIA/DSCF0120.JPG,DSCF0120.JPG,5R/104MEDIA,0,Other_Amphibian,0.2042,2280.2,0.7,2518.3,773.7
/srv/shared_leopard_toad/2025/Documents/25.08-01.09.2025/5R/104MEDIA/DSCF0046.JPG,DSCF0046.JPG,5R/104MEDIA,0,Other_Amphibian,0.2891,2270.8,-3.0,2527.7,582.9
/srv/shared_leopard_toad/2025/Documents/25.08-01.09.2025/5R/104MEDIA/DSCF0071.JPG,DSCF0071.JPG,5R/104MEDIA,0,Other_Amphibian,0.2242,2273.1,-5.7,2528.0,558.3
/srv/shared_leopard_toad/2025/Documents/25.08-01.09.2025/5R/104MEDIA/DSCF0071.JPG,DSCF0071.JPG,5R/104MEDIA,0,Other_Amphibian,0.2118,2272.3,-4.1,2526.2,561.8
/srv/shared_leopard_toad/2025/Documents/25.08-01.09.2025/5R/104MEDIA/DSCF0032.JPG,DSCF0032.JPG,5R/104MEDIA,0,Other_Amphibian,0.4128,2273.0,-1.3,2538.6,536.5
/srv/shared_leopard_toad/2025/Documents/25.08-01.09.2025/5R/104MEDIA/DSCF0032.JPG,DSCF0032.JPG,5R/104MEDIA,0,Other_Amphibian,0.2303,2267.3,-3.1,2533.9,538.4
/srv/shared_leopard_toad/2025/Documents/25.08-01.09.2025/5R/104MEDIA/DSCF0176.JPG,DSCF0176.JPG,5R/104MEDIA,0,Other_Amphibian,0.2510,2272.2,-3.9,2536.8,551.7
/srv/shared_leopard_toad/2025/Documents/25.08-01.09.2025/5R/104MEDIA/DSCF0176.JPG,DSCF0176.JPG,5R/104MEDIA,0,Other_Amphibian,0.2507,2270.5,-3.9,2533.2,558.7
/srv/shared_leopard_toad/2025/Documents/25.08-01.09.2025/5R/104MEDIA/DSCF0227.JPG,DSCF0227.JPG,5R/104MEDIA,0,Other_Amphibian,0.2839,3362.1,2296.1,3457.7,2375.7
/srv/shared_leopard_toad/2025/Documents/25.08-01.09.2025/5R/104MEDIA/DSCF0142.JPG,DSCF0142.JPG,5R/104MEDIA,0,Other_Amphibian,0.3354,2275.0,-2.6,2536.7,565.2
/srv/shared_leopard_toad/2025/Documents/25.08-01.09.2025/5R/104MEDIA/DSCF0142.JPG,DSCF0142.JPG,5R/104MEDIA,0,Other_Amphibian,0.3025,2274.2,-4.6,2534.8,563.1
/srv/shared_leopard_toad/2025/Documents/25.08-01.09.2025/5R/104MEDIA/DSCF0034.JPG,DSCF0034.JPG,5R/104MEDIA,0,Other_Amphibian,0.2010,2274.8,-3.9,2523.7,593.0
/srv/shared_leopard_toad/2025/Documents/25.08-01.09.2025/5R/104MEDIA/DSCF0172.JPG,DSCF0172.JPG,5R/104MEDIA,0,Other_Amphibian,0.2551,2272.8,-4.6,2528.3,550.6
/srv/shared_leopard_toad/2025/Documents/25.08-01.09.2025/5R/104MEDIA/DSCF0172.JPG,DSCF0172.JPG,5R/104MEDIA,0,Other_Amphibian,0.2338,2270.8,-3.9,2527.7,553.5
/srv/shared_leopard_toad/2025/Documents/25.08-01.09.2025/5R/104MEDIA/DSCF0004.JPG,DSCF0004.JPG,5R/104MEDIA,0,Other_Amphibian,0.2244,2276.5,-5.0,2537.7,567.6
/srv/shared_leopard_toad/2025/Documents/25.08-01.09.2025/5R/104MEDIA/DSCF0004.JPG,DSCF0004.JPG,5R/104MEDIA,0,Other_Amphibian,0.2139,2274.0,-7.9,2537.6,564.6
/srv/shared_leopard_toad/2025/Documents/25.08-01.09.2025/5R/104MEDIA/DSCF0002.JPG,DSCF0002.JPG,5R/104MEDIA,0,Other_Amphibian,0.2103,2269.2,-7.6,2542.4,617.8
/srv/shared_leopard_toad/2025/Documents/25.08-01.09.2025/5R/104MEDIA/DSCF0228.JPG,DSCF0228.JPG,5R/104MEDIA,0,Other_Amphibian,0.3191,3361.7,2296.7,3458.0,2378.1
/srv/shared_leopard_toad/2025/Documents/25.08-01.09.2025/5R/104MEDIA/DSCF0218.JPG,DSCF0218.JPG,5R/104MEDIA,0,Other_Amphibian,0.2205,3362.3,2297.2,3457.5,2377.6
/srv/shared_leopard_toad/2025/Documents/25.08-01.09.2025/5R/104MEDIA/DSCF0641.JPG,DSCF0641.JPG,5R/104MEDIA,0,Other_Amphibian,0.3025,2850.3,2020.0,2956.2,2164.5
/srv/shared_leopard_toad/2025/Documents/25.08-01.09.2025/5R/104MEDIA/DSCF0641.JPG,DSCF0641.JPG,5R/104MEDIA,0,Other_Amphibian,0.2786,2850.8,2019.9,2955.8,2164.7
/srv/shared_leopard_toad/2025/Documents/25.08-01.09.2025/5R/104MEDIA/DSCF0137.JPG,DSCF0137.JPG,5R/104MEDIA,0,Other_Amphibian,0.2722,2274.9,-3.9,2528.9,552.8
/srv/shared_leopard_toad/2025/Documents/25.08-01.09.2025/5R/104MEDIA/DSCF0137.JPG,DSCF0137.JPG,5R/104MEDIA,0,Other_Amphibian,0.2705,2272.5,-3.1,2526.0,556.8
/srv/shared_leopard_toad/2025/Documents/25.08-01.09.2025/5R/104MEDIA/DSCF0647.JPG,DSCF0647.JPG,5R/104MEDIA,0,Other_Amphibian,0.7563,2978.9,2670.5,3121.6,2810.5
/srv/shared_leopard_toad/2025/Documents/25.08-01.09.2025/5R/104MEDIA/DSCF0039.JPG,DSCF0039.JPG,5R/104MEDIA,0,Other_Amphibian,0.2109,2273.7,-1.8,2514.3,760.1
/srv/shared_leopard_toad/2025/Documents/25.08-01.09.2025/5R/104MEDIA/DSCF0070.JPG,DSCF0070.JPG,5R/104MEDIA,0,Other_Amphibian,0.2085,2272.7,-7.4,2520.6,654.9
/srv/shared_leopard_toad/2025/Documents/25.08-01.09.2025/5R/104MEDIA/DSCF0010.JPG,DSCF0010.JPG,5R/104MEDIA,0,Other_Amphibian,0.2776,2271.8,-3.0,2539.9,559.6
/srv/shared_leopard_toad/2025/Documents/25.08-01.09.2025/5R/104MEDIA/DSCF0225.JPG,DSCF0225.JPG,5R/104MEDIA,0,Other_Amphibian,0.2805,3361.2,2295.5,3458.5,2376.4
/srv/shared_leopard_toad/2025/Documents/25.08-01.09.2025/5R/104MEDIA/DSCF0105.JPG,DSCF0105.JPG,5R/104MEDIA,0,Other_Amphibian,0.3611,2268.9,-6.1,2537.5,581.6
/srv/shared_leopard_toad/2025/Documents/25.08-01.09.2025/5R/104MEDIA/DSCF0105.JPG,DSCF0105.JPG,5R/104MEDIA,0,Other_Amphibian,0.3032,2269.3,-4.6,2534.4,582.3
/srv/shared_leopard_toad/2025/Documents/25.08-01.09.2025/5R/104MEDIA/DSCF0226.JPG,DSCF0226.JPG,5R/104MEDIA,0,Other_Amphibian,0.2162,3362.6,2297.0,3457.1,2377.8
/srv/shared_leopard_toad/2025/Documents/25.08-01.09.2025/5R/104MEDIA/DSCF0009.JPG,DSCF0009.JPG,5R/104MEDIA,0,Other_Amphibian,0.2026,2282.0,-2.8,2511.2,741.8
/srv/shared_leopard_toad/2025/Documents/25.08-01.09.2025/5R/104MEDIA/DSCF0642.JPG,DSCF0642.JPG,5R/104MEDIA,0,Other_Amphibian,0.3828,2849.8,2017.9,2956.7,2166.7
/srv/shared_leopard_toad/2025/Documents/25.08-01.09.2025/5R/104MEDIA/DSCF0642.JPG,DSCF0642.JPG,5R/104MEDIA,0,Other_Amphibian,0.2278,2849.8,2017.9,2956.7,2166.7
/srv/shared_leopard_toad/2025/Documents/25.08-01.09.2025/5R/104MEDIA/DSCF0707.JPG,DSCF0707.JPG,5R/104MEDIA,2,Western_Leopard_Toad,0.9658,2342.6,822.0,2602.9,1065.1
/srv/shared_leopard_toad/2025/Documents/25.08-01.09.2025/5R/102MEDIA/DSCF0993.JPG,DSCF0993.JPG,5R/102MEDIA,0,Other_Amphibian,0.2549,2270.0,0.2,2520.7,562.4
/srv/shared_leopard_toad/2025/Documents/25.08-01.09.2025/5R/102MEDIA/DSCF0993.JPG,DSCF0993.JPG,5R/102MEDIA,0,Other_Amphibian,0.2520,2262.6,-1.7,2530.7,558.3
/srv/shared_leopard_toad/2025/Documents/25.08-01.09.2025/5R/102MEDIA/DSCF0911.JPG,DSCF0911.JPG,5R/102MEDIA,0,Other_Amphibian,0.4404,2265.0,-1.3,2512.5,576.8
/srv/shared_leopard_toad/2025/Documents/25.08-01.09.2025/5R/102MEDIA/DSCF0922.JPG,DSCF0922.JPG,5R/102MEDIA,0,Other_Amphibian,0.3574,2273.1,0.4,2509.7,559.2
/srv/shared_leopard_toad/2025/Documents/25.08-01.09.2025/5R/102MEDIA/DSCF0933.JPG,DSCF0933.JPG,5R/102MEDIA,0,Other_Amphibian,0.4473,2267.3,-0.6,2518.0,598.9
/srv/shared_leopard_toad/2025/Documents/25.08-01.09.2025/5R/102MEDIA/DSCF0956.JPG,DSCF0956.JPG,5R/102MEDIA,0,Other_Amphibian,0.2747,2267.6,-3.0,2523.0,619.4
/srv/shared_leopard_toad/2025/Documents/25.08-01.09.2025/5R/102MEDIA/DSCF0956.JPG,DSCF0956.JPG,5R/102MEDIA,0,Other_Amphibian,0.2113,2261.4,-6.1,2526.6,605.6
/srv/shared_leopard_toad/2025/Documents/25.08-01.09.2025/5R/102MEDIA/DSCF0868.JPG,DSCF0868.JPG,5R/102MEDIA,0,Other_Amphibian,0.5786,2257.9,0.0,2498.6,550.8
/srv/shared_leopard_toad/2025/Documents/25.08-01.09.2025/5R/102MEDIA/DSCF0980.JPG,DSCF0980.JPG,5R/102MEDIA,0,Other_Amphibian,0.3440,2270.0,3.3,2520.7,552.2
/srv/shared_leopard_toad/2025/Documents/25.08-01.09.2025/5R/102MEDIA/DSCF0980.JPG,DSCF0980.JPG,5R/102MEDIA,0,Other_Amphibian,0.2717,2270.8,-0.2,2527.7,549.1
/srv/shared_leopard_toad/2025/Documents/25.08-01.09.2025/5R/102MEDIA/DSCF0891.JPG,DSCF0891.JPG,5R/102MEDIA,0,Other_Amphibian,0.3904,2265.3,0.6,2528.0,582.3
/srv/shared_leopard_toad/2025/Documents/25.08-01.09.2025/5R/102MEDIA/DSCF0891.JPG,DSCF0891.JPG,5R/102MEDIA,0,Other_Amphibian,0.3479,2261.2,-2.2,2539.9,578.8
/srv/shared_leopard_toad/2025/Documents/25.08-01.09.2025/5R/102MEDIA/DSCF0089.JPG,DSCF0089.JPG,5R/102MEDIA,0,Other_Amphibian,0.2375,1630.0,631.0,1803.5,824.1
/srv/shared_leopard_toad/2025/Documents/25.08-01.09.2025/5R/102MEDIA/DSCF0827.JPG,DSCF0827.JPG,5R/102MEDIA,0,Other_Amphibian,0.5947,2261.7,0.4,2481.7,551.5
/srv/shared_leopard_toad/2025/Documents/25.08-01.09.2025/5R/102MEDIA/DSCF0983.JPG,DSCF0983.JPG,5R/102MEDIA,0,Other_Amphibian,0.3247,2269.5,0.6,2531.6,556.1
/srv/shared_leopard_toad/2025/Documents/25.08-01.09.2025/5R/102MEDIA/DSCF0983.JPG,DSCF0983.JPG,5R/102MEDIA,0,Other_Amphibian,0.3223,2271.5,3.1,2521.7,562.4
/srv/shared_leopard_toad/2025/Documents/25.08-01.09.2025/5R/102MEDIA/DSCF0834.JPG,DSCF0834.JPG,5R/102MEDIA,0,Other_Amphibian,0.4473,2264.3,-1.1,2494.8,551.9
/srv/shared_leopard_toad/2025/Documents/25.08-01.09.2025/5R/102MEDIA/DSCF0834.JPG,DSCF0834.JPG,5R/102MEDIA,0,Other_Amphibian,0.2542,2254.8,-0.2,2512.2,552.8
/srv/shared_leopard_toad/2025/Documents/25.08-01.09.2025/5R/102MEDIA/DSCF0986.JPG,DSCF0986.JPG,5R/102MEDIA,0,Other_Amphibian,0.2815,2263.5,-2.0,2558.6,627.4
/srv/shared_leopard_toad/2025/Documents/25.08-01.09.2025/5R/102MEDIA/DSCF0986.JPG,DSCF0986.JPG,5R/102MEDIA,0,Other_Amphibian,0.2469,2270.4,-2.6,2528.1,624.6
/srv/shared_leopard_toad/2025/Documents/25.08-01.09.2025/5R/102MEDIA/DSCF0981.JPG,DSCF0981.JPG,5R/102MEDIA,0,Other_Amphibian,0.3560,2268.7,-1.5,2516.6,569.2
/srv/shared_leopard_toad/2025/Documents/25.08-01.09.2025/5R/102MEDIA/DSCF0895.JPG,DSCF0895.JPG,5R/102MEDIA,0,Other_Amphibian,0.7207,2260.1,-1.7,2538.4,547.6
/srv/shared_leopard_toad/2025/Documents/25.08-01.09.2025/5R/102MEDIA/DSCF0912.JPG,DSCF0912.JPG,5R/102MEDIA,0,Other_Amphibian,0.5728,2265.3,-0.4,2517.5,572.9
/srv/shared_leopard_toad/2025/Documents/25.08-01.09.2025/5R/102MEDIA/DSCF0899.JPG,DSCF0899.JPG,5R/102MEDIA,0,Other_Amphibian,0.6284,2263.4,-0.6,2514.1,562.0
/srv/shared_leopard_toad/2025/Documents/25.08-01.09.2025/5R/102MEDIA/DSCF0994.JPG,DSCF0994.JPG,5R/102MEDIA,0,Other_Amphibian,0.3611,2268.9,1.7,2524.3,578.3
/srv/shared_leopard_toad/2025/Documents/25.08-01.09.2025/5R/102MEDIA/DSCF0994.JPG,DSCF0994.JPG,5R/102MEDIA,0,Other_Amphibian,0.3176,2266.3,-1.3,2534.8,574.9
/srv/shared_leopard_toad/2025/Documents/25.08-01.09.2025/5R/102MEDIA/DSCF0979.JPG,DSCF0979.JPG,5R/102MEDIA,0,Other_Amphibian,0.2085,2266.8,-3.0,2534.4,585.8
/srv/shared_leopard_toad/2025/Documents/25.08-01.09.2025/5R/102MEDIA/DSCF0979.JPG,DSCF0979.JPG,5R/102MEDIA,0,Other_Amphibian,0.2059,2268.3,-0.9,2522.3,590.1
/srv/shared_leopard_toad/2025/Documents/25.08-01.09.2025/5R/102MEDIA/DSCF0938.JPG,DSCF0938.JPG,5R/102MEDIA,0,Other_Amphibian,0.5537,2263.7,1.3,2516.4,545.4
/srv/shared_leopard_toad/2025/Documents/25.08-01.09.2025/5R/102MEDIA/DSCF0870.JPG,DSCF0870.JPG,5R/102MEDIA,0,Other_Amphibian,0.4150,2265.5,1.8,2517.2,581.0
/srv/shared_leopard_toad/2025/Documents/25.08-01.09.2025/5R/102MEDIA/DSCF0870.JPG,DSCF0870.JPG,5R/102MEDIA,0,Other_Amphibian,0.2179,2261.0,-2.2,2521.7,577.7
/srv/shared_leopard_toad/2025/Documents/25.08-01.09.2025/5R/102MEDIA/DSCF0923.JPG,DSCF0923.JPG,5R/102MEDIA,0,Other_Amphibian,0.5522,2267.2,-0.2,2531.3,559.8
/srv/shared_leopard_toad/2025/Documents/25.08-01.09.2025/5R/102MEDIA/DSCF0923.JPG,DSCF0923.JPG,5R/102MEDIA,0,Other_Amphibian,0.2268,2262.3,-1.3,2530.9,553.9
/srv/shared_leopard_toad/2025/Documents/25.08-01.09.2025/5R/102MEDIA/DSCF0936.JPG,DSCF0936.JPG,5R/102MEDIA,0,Other_Amphibian,0.3572,2268.9,-2.0,2508.6,591.2
/srv/shared_leopard_toad/2025/Documents/25.08-01.09.2025/5R/102MEDIA/DSCF0866.JPG,DSCF0866.JPG,5R/102MEDIA,0,Other_Amphibian,0.6851,2262.3,-2.0,2499.4,555.7
/srv/shared_leopard_toad/2025/Documents/25.08-01.09.2025/5R/102MEDIA/DSCF0982.JPG,DSCF0982.JPG,5R/102MEDIA,0,Other_Amphibian,0.6685,2267.8,0.2,2522.8,555.4
/srv/shared_leopard_toad/2025/Documents/25.08-01.09.2025/5R/102MEDIA/DSCF0854.JPG,DSCF0854.JPG,5R/102MEDIA,0,Other_Amphibian,0.2639,2266.5,0.7,2500.5,609.5
/srv/shared_leopard_toad/2025/Documents/25.08-01.09.2025/5R/102MEDIA/DSCF0851.JPG,DSCF0851.JPG,5R/102MEDIA,0,Other_Amphibian,0.7144,2261.7,-0.4,2510.6,548.2
/srv/shared_leopard_toad/2025/Documents/25.08-01.09.2025/5R/102MEDIA/DSCF0906.JPG,DSCF0906.JPG,5R/102MEDIA,0,Other_Amphibian,0.3647,2267.2,0.9,2515.6,549.8
/srv/shared_leopard_toad/2025/Documents/25.08-01.09.2025/5R/102MEDIA/DSCF0906.JPG,DSCF0906.JPG,5R/102MEDIA,0,Other_Amphibian,0.2004,2263.2,-3.7,2519.6,547.4
/srv/shared_leopard_toad/2025/Documents/25.08-01.09.2025/5R/102MEDIA/DSCF0924.JPG,DSCF0924.JPG,5R/102MEDIA,0,Other_Amphibian,0.5259,2262.6,-0.6,2517.5,550.2
/srv/shared_leopard_toad/2025/Documents/25.08-01.09.2025/5R/102MEDIA/DSCF0871.JPG,DSCF0871.JPG,5R/102MEDIA,0,Other_Amphibian,0.5894,2261.0,0.4,2521.7,559.2
/srv/shared_leopard_toad/2025/Documents/25.08-01.09.2025/5R/102MEDIA/DSCF0949.JPG,DSCF0949.JPG,5R/102MEDIA,0,Other_Amphibian,0.2004,2260.5,0.4,2559.0,591.7
/srv/shared_leopard_toad/2025/Documents/25.08-01.09.2025/5R/102MEDIA/DSCF0943.JPG,DSCF0943.JPG,5R/102MEDIA,0,Other_Amphibian,0.4102,2270.3,1.7,2515.1,574.9
/srv/shared_leopard_toad/2025/Documents/25.08-01.09.2025/5R/102MEDIA/DSCF0943.JPG,DSCF0943.JPG,5R/102MEDIA,0,Other_Amphibian,0.2142,2266.4,-2.0,2519.0,565.7
/srv/shared_leopard_toad/2025/Documents/25.08-01.09.2025/5R/102MEDIA/DSCF0873.JPG,DSCF0873.JPG,5R/102MEDIA,0,Other_Amphibian,0.7529,2261.9,-0.7,2510.3,546.7
/srv/shared_leopard_toad/2025/Documents/25.08-01.09.2025/5R/102MEDIA/DSCF0917.JPG,DSCF0917.JPG,5R/102MEDIA,0,Other_Amphibian,0.5449,2261.8,-0.9,2521.0,558.7
/srv/shared_leopard_toad/2025/Documents/25.08-01.09.2025/5R/102MEDIA/DSCF0998.JPG,DSCF0998.JPG,5R/102MEDIA,0,Other_Amphibian,0.4351,2271.5,-2.4,2521.7,586.4
/srv/shared_leopard_toad/2025/Documents/25.08-01.09.2025/5R/102MEDIA/DSCF0998.JPG,DSCF0998.JPG,5R/102MEDIA,0,Other_Amphibian,0.2559,2265.5,-4.8,2525.2,578.4
/srv/shared_leopard_toad/2025/Documents/25.08-01.09.2025/5R/102MEDIA/DSCF0970.JPG,DSCF0970.JPG,5R/102MEDIA,0,Other_Amphibian,0.4724,2261.7,0.6,2552.6,591.5
/srv/shared_leopard_toad/2025/Documents/25.08-01.09.2025/5R/102MEDIA/DSCF0970.JPG,DSCF0970.JPG,5R/102MEDIA,0,Other_Amphibian,0.3782,2266.4,1.7,2532.1,595.6
/srv/shared_leopard_toad/2025/Documents/25.08-01.09.2025/5R/102MEDIA/DSCF0896.JPG,DSCF0896.JPG,5R/102MEDIA,0,Other_Amphibian,0.6284,2268.7,1.3,2524.6,552.4
/srv/shared_leopard_toad/2025/Documents/25.08-01.09.2025/5R/102MEDIA/DSCF0925.JPG,DSCF0925.JPG,5R/102MEDIA,0,Other_Amphibian,0.4663,2264.5,0.7,2534.0,544.1
/srv/shared_leopard_toad/2025/Documents/25.08-01.09.2025/5R/102MEDIA/DSCF0925.JPG,DSCF0925.JPG,5R/102MEDIA,0,Other_Amphibian,0.3596,2260.9,-0.4,2545.4,541.5
/srv/shared_leopard_toad/2025/Documents/25.08-01.09.2025/5R/102MEDIA/DSCF0837.JPG,DSCF0837.JPG,5R/102MEDIA,0,Other_Amphibian,0.5010,2263.0,0.9,2498.8,571.6
/srv/shared_leopard_toad/2025/Documents/25.08-01.09.2025/5R/102MEDIA/DSCF0853.JPG,DSCF0853.JPG,5R/102MEDIA,0,Other_Amphibian,0.5225,2259.7,0.6,2496.8,554.3
/srv/shared_leopard_toad/2025/Documents/25.08-01.09.2025/5R/102MEDIA/DSCF0858.JPG,DSCF0858.JPG,5R/102MEDIA,0,Other_Amphibian,0.6987,2262.5,-0.7,2504.5,548.5
/srv/shared_leopard_toad/2025/Documents/25.08-01.09.2025/5R/102MEDIA/DSCF0988.JPG,DSCF0988.JPG,5R/102MEDIA,0,Other_Amphibian,0.4331,2268.1,0.2,2577.7,559.4
/srv/shared_leopard_toad/2025/Documents/25.08-01.09.2025/5R/102MEDIA/DSCF0988.JPG,DSCF0988.JPG,5R/102MEDIA,0,Other_Amphibian,0.2649,2272.7,-0.2,2546.8,561.6
/srv/shared_leopard_toad/2025/Documents/25.08-01.09.2025/5R/102MEDIA/DSCF0959.JPG,DSCF0959.JPG,5R/102MEDIA,0,Other_Amphibian,0.3030,2268.7,1.3,2519.3,562.4
/srv/shared_leopard_toad/2025/Documents/25.08-01.09.2025/5R/102MEDIA/DSCF0959.JPG,DSCF0959.JPG,5R/102MEDIA,0,Other_Amphibian,0.2590,2264.5,-1.7,2526.2,557.2
/srv/shared_leopard_toad/2025/Documents/25.08-01.09.2025/5R/102MEDIA/DSCF0862.JPG,DSCF0862.JPG,5R/102MEDIA,0,Other_Amphibian,0.4641,2264.6,1.7,2499.8,570.9
/srv/shared_leopard_toad/2025/Documents/25.08-01.09.2025/5R/102MEDIA/DSCF0864.JPG,DSCF0864.JPG,5R/102MEDIA,0,Other_Amphibian,0.5620,2266.4,1.8,2511.1,554.8
/srv/shared_leopard_toad/2025/Documents/25.08-01.09.2025/5R/102MEDIA/DSCF0833.JPG,DSCF0833.JPG,5R/102MEDIA,0,Other_Amphibian,0.3477,2265.4,1.1,2499.0,586.9
/srv/shared_leopard_toad/2025/Documents/25.08-01.09.2025/5R/102MEDIA/DSCF0833.JPG,DSCF0833.JPG,5R/102MEDIA,0,Other_Amphibian,0.2172,2262.1,-5.0,2499.7,582.7
/srv/shared_leopard_toad/2025/Documents/25.08-01.09.2025/5R/102MEDIA/DSCF0945.JPG,DSCF0945.JPG,5R/102MEDIA,0,Other_Amphibian,0.3079,2266.9,-2.4,2515.8,588.2
/srv/shared_leopard_toad/2025/Documents/25.08-01.09.2025/5R/102MEDIA/DSCF0945.JPG,DSCF0945.JPG,5R/102MEDIA,0,Other_Amphibian,0.2542,2261.8,-4.6,2523.5,587.5
/srv/shared_leopard_toad/2025/Documents/25.08-01.09.2025/5R/102MEDIA/DSCF0989.JPG,DSCF0989.JPG,5R/102MEDIA,0,Other_Amphibian,0.3386,2270.6,1.8,2559.4,571.8
/srv/shared_leopard_toad/2025/Documents/25.08-01.09.2025/5R/102MEDIA/DSCF0989.JPG,DSCF0989.JPG,5R/102MEDIA,0,Other_Amphibian,0.2098,2272.0,-0.4,2526.5,579.2
/srv/shared_leopard_toad/2025/Documents/25.08-01.09.2025/5R/102MEDIA/DSCF0838.JPG,DSCF0838.JPG,5R/102MEDIA,0,Other_Amphibian,0.7441,2257.5,-3.1,2499.0,552.0
/srv/shared_leopard_toad/2025/Documents/25.08-01.09.2025/5R/102MEDIA/DSCF0861.JPG,DSCF0861.JPG,5R/102MEDIA,0,Other_Amphibian,0.3547,2266.6,-1.1,2492.5,569.6
/srv/shared_leopard_toad/2025/Documents/25.08-01.09.2025/5R/102MEDIA/DSCF0955.JPG,DSCF0955.JPG,5R/102MEDIA,0,Other_Amphibian,0.3679,2265.0,0.9,2528.2,571.6
/srv/shared_leopard_toad/2025/Documents/25.08-01.09.2025/5R/102MEDIA/DSCF0955.JPG,DSCF0955.JPG,5R/102MEDIA,0,Other_Amphibian,0.2957,2260.1,-2.4,2541.0,565.0
/srv/shared_leopard_toad/2025/Documents/25.08-01.09.2025/5R/102MEDIA/DSCF0930.JPG,DSCF0930.JPG,5R/102MEDIA,0,Other_Amphibian,0.3811,2268.6,0.2,2514.2,552.4
/srv/shared_leopard_toad/2025/Documents/25.08-01.09.2025/5R/102MEDIA/DSCF0898.JPG,DSCF0898.JPG,5R/102MEDIA,0,Other_Amphibian,0.4800,2262.8,-0.6,2509.4,571.2
/srv/shared_leopard_toad/2025/Documents/25.08-01.09.2025/5R/102MEDIA/DSCF0963.JPG,DSCF0963.JPG,5R/102MEDIA,0,Other_Amphibian,0.4854,2264.1,0.4,2518.6,553.3
/srv/shared_leopard_toad/2025/Documents/25.08-01.09.2025/5R/102MEDIA/DSCF0963.JPG,DSCF0963.JPG,5R/102MEDIA,0,Other_Amphibian,0.2203,2260.6,-1.3,2524.8,550.9
/srv/shared_leopard_toad/2025/Documents/25.08-01.09.2025/5R/102MEDIA/DSCF0931.JPG,DSCF0931.JPG,5R/102MEDIA,0,Other_Amphibian,0.2732,2267.0,0.2,2521.0,586.7
/srv/shared_leopard_toad/2025/Documents/25.08-01.09.2025/5R/102MEDIA/DSCF0931.JPG,DSCF0931.JPG,5R/102MEDIA,0,Other_Amphibian,0.2654,2263.8,-1.1,2545.2,581.8
/srv/shared_leopard_toad/2025/Documents/25.08-01.09.2025/5R/102MEDIA/DSCF0978.JPG,DSCF0978.JPG,5R/102MEDIA,0,Other_Amphibian,0.2910,2267.9,0.9,2512.2,563.5
/srv/shared_leopard_toad/2025/Documents/25.08-01.09.2025/5R/102MEDIA/DSCF0842.JPG,DSCF0842.JPG,5R/102MEDIA,0,Other_Amphibian,0.5444,2261.7,-0.7,2489.6,556.3
/srv/shared_leopard_toad/2025/Documents/25.08-01.09.2025/5R/102MEDIA/DSCF0875.JPG,DSCF0875.JPG,5R/102MEDIA,0,Other_Amphibian,0.4458,2258.8,0.7,2552.8,555.9
/srv/shared_leopard_toad/2025/Documents/25.08-01.09.2025/5R/102MEDIA/DSCF0875.JPG,DSCF0875.JPG,5R/102MEDIA,0,Other_Amphibian,0.4219,2263.7,1.1,2537.4,558.5
/srv/shared_leopard_toad/2025/Documents/25.08-01.09.2025/5R/102MEDIA/DSCF0856.JPG,DSCF0856.JPG,5R/102MEDIA,0,Other_Amphibian,0.3325,2266.3,-0.2,2503.3,595.6
/srv/shared_leopard_toad/2025/Documents/25.08-01.09.2025/5R/102MEDIA/DSCF0927.JPG,DSCF0927.JPG,5R/102MEDIA,0,Other_Amphibian,0.4700,2266.5,1.3,2513.6,553.5
/srv/shared_leopard_toad/2025/Documents/25.08-01.09.2025/5R/102MEDIA/DSCF0888.JPG,DSCF0888.JPG,5R/102MEDIA,0,Other_Amphibian,0.4158,2262.9,-0.7,2525.1,567.4
/srv/shared_leopard_toad/2025/Documents/25.08-01.09.2025/5R/102MEDIA/DSCF0888.JPG,DSCF0888.JPG,5R/102MEDIA,0,Other_Amphibian,0.3613,2260.7,-1.5,2537.8,565.2
/srv/shared_leopard_toad/2025/Documents/25.08-01.09.2025/5R/102MEDIA/DSCF0908.JPG,DSCF0908.JPG,5R/102MEDIA,0,Other_Amphibian,0.3560,2268.5,-0.7,2516.9,561.5
/srv/shared_leopard_toad/2025/Documents/25.08-01.09.2025/5R/102MEDIA/DSCF0872.JPG,DSCF0872.JPG,5R/102MEDIA,0,Other_Amphibian,0.6646,2259.6,0.7,2504.7,550.0
/srv/shared_leopard_toad/2025/Documents/25.08-01.09.2025/5R/102MEDIA/DSCF0892.JPG,DSCF0892.JPG,5R/102MEDIA,0,Other_Amphibian,0.5708,2266.6,-0.2,2510.9,552.0
/srv/shared_leopard_toad/2025/Documents/25.08-01.09.2025/5R/102MEDIA/DSCF0900.JPG,DSCF0900.JPG,5R/102MEDIA,0,Other_Amphibian,0.6338,2266.9,0.6,2536.9,546.1
/srv/shared_leopard_toad/2025/Documents/25.08-01.09.2025/5R/102MEDIA/DSCF0900.JPG,DSCF0900.JPG,5R/102MEDIA,0,Other_Amphibian,0.2803,2259.9,-0.9,2538.6,544.7
/srv/shared_leopard_toad/2025/Documents/25.08-01.09.2025/5R/102MEDIA/DSCF0877.JPG,DSCF0877.JPG,5R/102MEDIA,0,Other_Amphibian,0.4456,2265.8,-0.2,2503.8,549.1
/srv/shared_leopard_toad/2025/Documents/25.08-01.09.2025/5R/102MEDIA/DSCF0890.JPG,DSCF0890.JPG,5R/102MEDIA,0,Other_Amphibian,0.4802,2268.7,-0.4,2519.3,564.8
/srv/shared_leopard_toad/2025/Documents/25.08-01.09.2025/5R/102MEDIA/DSCF0890.JPG,DSCF0890.JPG,5R/102MEDIA,0,Other_Amphibian,0.2520,2265.2,-2.2,2525.4,557.8
/srv/shared_leopard_toad/2025/Documents/25.08-01.09.2025/5R/102MEDIA/DSCF0965.JPG,DSCF0965.JPG,5R/102MEDIA,0,Other_Amphibian,0.3740,2268.0,-0.2,2543.6,538.4
/srv/shared_leopard_toad/2025/Documents/25.08-01.09.2025/5R/102MEDIA/DSCF0965.JPG,DSCF0965.JPG,5R/102MEDIA,0,Other_Amphibian,0.3694,2269.6,0.7,2534.2,540.4
/srv/shared_leopard_toad/2025/Documents/25.08-01.09.2025/5R/102MEDIA/DSCF0907.JPG,DSCF0907.JPG,5R/102MEDIA,0,Other_Amphibian,0.4509,2268.2,0.7,2530.3,565.9
/srv/shared_leopard_toad/2025/Documents/25.08-01.09.2025/5R/102MEDIA/DSCF0907.JPG,DSCF0907.JPG,5R/102MEDIA,0,Other_Amphibian,0.3484,2266.2,-1.5,2542.8,564.0
/srv/shared_leopard_toad/2025/Documents/25.08-01.09.2025/5R/102MEDIA/DSCF0885.JPG,DSCF0885.JPG,5R/102MEDIA,0,Other_Amphibian,0.3262,2266.0,1.5,2506.2,552.2
/srv/shared_leopard_toad/2025/Documents/25.08-01.09.2025/5R/102MEDIA/DSCF0937.JPG,DSCF0937.JPG,5R/102MEDIA,0,Other_Amphibian,0.4111,2270.8,-0.9,2512.0,617.4
/srv/shared_leopard_toad/2025/Documents/25.08-01.09.2025/5R/102MEDIA/DSCF0962.JPG,DSCF0962.JPG,5R/102MEDIA,0,Other_Amphibian,0.5386,2269.4,0.2,2529.1,565.3
/srv/shared_leopard_toad/2025/Documents/25.08-01.09.2025/5R/102MEDIA/DSCF0962.JPG,DSCF0962.JPG,5R/102MEDIA,0,Other_Amphibian,0.2080,2263.3,-1.5,2529.9,561.1
/srv/shared_leopard_toad/2025/Documents/25.08-01.09.2025/5R/102MEDIA/DSCF0867.JPG,DSCF0867.JPG,5R/102MEDIA,0,Other_Amphibian,0.5366,2268.0,-2.4,2509.5,629.9
/srv/shared_leopard_toad/2025/Documents/25.08-01.09.2025/5R/102MEDIA/DSCF0874.JPG,DSCF0874.JPG,5R/102MEDIA,0,Other_Amphibian,0.5156,2264.1,0.7,2502.9,561.8
/srv/shared_leopard_toad/2025/Documents/25.08-01.09.2025/5R/102MEDIA/DSCF0942.JPG,DSCF0942.JPG,5R/102MEDIA,0,Other_Amphibian,0.5449,2268.6,2.6,2514.2,555.9
/srv/shared_leopard_toad/2025/Documents/25.08-01.09.2025/5R/102MEDIA/DSCF0991.JPG,DSCF0991.JPG,5R/102MEDIA,0,Other_Amphibian,0.7109,2263.4,-1.5,2582.3,546.3
/srv/shared_leopard_toad/2025/Documents/25.08-01.09.2025/5R/102MEDIA/DSCF0966.JPG,DSCF0966.JPG,5R/102MEDIA,0,Other_Amphibian,0.3494,2270.5,2.2,2543.7,548.5
/srv/shared_leopard_toad/2025/Documents/25.08-01.09.2025/5R/102MEDIA/DSCF0966.JPG,DSCF0966.JPG,5R/102MEDIA,0,Other_Amphibian,0.3240,2272.8,3.0,2533.5,553.7
/srv/shared_leopard_toad/2025/Documents/25.08-01.09.2025/5R/102MEDIA/DSCF0985.JPG,DSCF0985.JPG,5R/102MEDIA,0,Other_Amphibian,0.4365,2262.7,3.7,2535.8,547.1
/srv/shared_leopard_toad/2025/Documents/25.08-01.09.2025/5R/102MEDIA/DSCF0985.JPG,DSCF0985.JPG,5R/102MEDIA,0,Other_Amphibian,0.2747,2260.9,0.9,2540.2,542.8
/srv/shared_leopard_toad/2025/Documents/25.08-01.09.2025/5R/102MEDIA/DSCF0841.JPG,DSCF0841.JPG,5R/102MEDIA,0,Other_Amphibian,0.5195,2261.0,0.7,2500.7,557.8
/srv/shared_leopard_toad/2025/Documents/25.08-01.09.2025/5R/102MEDIA/DSCF0904.JPG,DSCF0904.JPG,5R/102MEDIA,0,Other_Amphibian,0.3606,2268.1,1.3,2522.5,571.2
/srv/shared_leopard_toad/2025/Documents/25.08-01.09.2025/5R/102MEDIA/DSCF0904.JPG,DSCF0904.JPG,5R/102MEDIA,0,Other_Amphibian,0.2485,2262.9,-2.0,2535.6,563.5
/srv/shared_leopard_toad/2025/Documents/25.08-01.09.2025/5R/102MEDIA/DSCF0940.JPG,DSCF0940.JPG,5R/102MEDIA,0,Other_Amphibian,0.3877,2265.5,0.2,2522.5,561.3
/srv/shared_leopard_toad/2025/Documents/25.08-01.09.2025/5R/102MEDIA/DSCF0902.JPG,DSCF0902.JPG,5R/102MEDIA,0,Other_Amphibian,0.4314,2264.7,-1.1,2515.4,613.5
/srv/shared_leopard_toad/2025/Documents/25.08-01.09.2025/5R/102MEDIA/DSCF0826.JPG,DSCF0826.JPG,5R/102MEDIA,0,Other_Amphibian,0.2537,2263.2,-1.5,2498.5,545.2
/srv/shared_leopard_toad/2025/Documents/25.08-01.09.2025/5R/102MEDIA/DSCF0909.JPG,DSCF0909.JPG,5R/102MEDIA,0,Other_Amphibian,0.2042,2261.6,-1.8,2505.4,601.3
/srv/shared_leopard_toad/2025/Documents/25.08-01.09.2025/5R/102MEDIA/DSCF0840.JPG,DSCF0840.JPG,5R/102MEDIA,0,Other_Amphibian,0.5264,2262.8,-0.4,2501.6,564.8
/srv/shared_leopard_toad/2025/Documents/25.08-01.09.2025/5R/102MEDIA/DSCF0964.JPG,DSCF0964.JPG,5R/102MEDIA,0,Other_Amphibian,0.3320,2270.0,-1.1,2520.7,603.9
/srv/shared_leopard_toad/2025/Documents/25.08-01.09.2025/5R/102MEDIA/DSCF0964.JPG,DSCF0964.JPG,5R/102MEDIA,0,Other_Amphibian,0.2722,2265.7,-4.4,2532.8,592.5
/srv/shared_leopard_toad/2025/Documents/25.08-01.09.2025/5R/102MEDIA/DSCF0967.JPG,DSCF0967.JPG,5R/102MEDIA,0,Other_Amphibian,0.3494,2269.6,-3.5,2528.9,593.4
/srv/shared_leopard_toad/2025/Documents/25.08-01.09.2025/5R/102MEDIA/DSCF0967.JPG,DSCF0967.JPG,5R/102MEDIA,0,Other_Amphibian,0.3296,2266.9,-3.5,2539.5,596.7
/srv/shared_leopard_toad/2025/Documents/25.08-01.09.2025/5R/102MEDIA/DSCF0903.JPG,DSCF0903.JPG,5R/102MEDIA,0,Other_Amphibian,0.6284,2266.8,1.7,2526.5,550.2
/srv/shared_leopard_toad/2025/Documents/25.08-01.09.2025/5R/102MEDIA/DSCF0903.JPG,DSCF0903.JPG,5R/102MEDIA,0,Other_Amphibian,0.2379,2261.4,-0.4,2531.9,545.2
/srv/shared_leopard_toad/2025/Documents/25.08-01.09.2025/5R/102MEDIA/DSCF0889.JPG,DSCF0889.JPG,5R/102MEDIA,0,Other_Amphibian,0.3643,2265.7,-0.4,2511.8,555.2
/srv/shared_leopard_toad/2025/Documents/25.08-01.09.2025/5R/102MEDIA/DSCF0889.JPG,DSCF0889.JPG,5R/102MEDIA,0,Other_Amphibian,0.2101,2262.4,-4.2,2515.1,555.0
/srv/shared_leopard_toad/2025/Documents/25.08-01.09.2025/5R/102MEDIA/DSCF0997.JPG,DSCF0997.JPG,5R/102MEDIA,0,Other_Amphibian,0.4077,2269.6,1.5,2528.9,554.1
/srv/shared_leopard_toad/2025/Documents/25.08-01.09.2025/5R/102MEDIA/DSCF0997.JPG,DSCF0997.JPG,5R/102MEDIA,0,Other_Amphibian,0.3474,2266.4,-0.9,2532.1,549.8
/srv/shared_leopard_toad/2025/Documents/25.08-01.09.2025/5R/102MEDIA/DSCF0913.JPG,DSCF0913.JPG,5R/102MEDIA,0,Other_Amphibian,0.5513,2264.1,-0.9,2513.4,571.6
/srv/shared_leopard_toad/2025/Documents/25.08-01.09.2025/5R/102MEDIA/DSCF0947.JPG,DSCF0947.JPG,5R/102MEDIA,0,Other_Amphibian,0.4592,2267.2,1.8,2531.3,569.6
/srv/shared_leopard_toad/2025/Documents/25.08-01.09.2025/5R/102MEDIA/DSCF0947.JPG,DSCF0947.JPG,5R/102MEDIA,0,Other_Amphibian,0.3198,2263.2,-1.8,2535.3,562.6
/srv/shared_leopard_toad/2025/Documents/25.08-01.09.2025/5R/102MEDIA/DSCF0844.JPG,DSCF0844.JPG,5R/102MEDIA,0,Other_Amphibian,0.4863,2264.1,0.2,2502.9,554.6
/srv/shared_leopard_toad/2025/Documents/25.08-01.09.2025/5R/102MEDIA/DSCF0824.JPG,DSCF0824.JPG,5R/102MEDIA,0,Other_Amphibian,0.2017,2262.6,-0.6,2493.9,552.4
/srv/shared_leopard_toad/2025/Documents/25.08-01.09.2025/5R/102MEDIA/DSCF0886.JPG,DSCF0886.JPG,5R/102MEDIA,0,Other_Amphibian,0.4954,2266.6,0.6,2518.8,557.2
/srv/shared_leopard_toad/2025/Documents/25.08-01.09.2025/5R/102MEDIA/DSCF0849.JPG,DSCF0849.JPG,5R/102MEDIA,0,Other_Amphibian,0.3667,2266.9,1.7,2497.4,550.9
/srv/shared_leopard_toad/2025/Documents/25.08-01.09.2025/5R/102MEDIA/DSCF0916.JPG,DSCF0916.JPG,5R/102MEDIA,0,Other_Amphibian,0.2705,2268.7,-2.6,2519.3,624.6
/srv/shared_leopard_toad/2025/Documents/25.08-01.09.2025/5R/102MEDIA/DSCF0916.JPG,DSCF0916.JPG,5R/102MEDIA,0,Other_Amphibian,0.2218,2262.2,-7.4,2525.8,604.7
/srv/shared_leopard_toad/2025/Documents/25.08-01.09.2025/5R/102MEDIA/DSCF0839.JPG,DSCF0839.JPG,5R/102MEDIA,0,Other_Amphibian,0.7046,2260.6,-1.1,2495.9,550.0
/srv/shared_leopard_toad/2025/Documents/25.08-01.09.2025/5R/102MEDIA/DSCF0918.JPG,DSCF0918.JPG,5R/102MEDIA,0,Other_Amphibian,0.3342,2269.6,-0.6,2523.6,558.3
/srv/shared_leopard_toad/2025/Documents/25.08-01.09.2025/5R/102MEDIA/DSCF0918.JPG,DSCF0918.JPG,5R/102MEDIA,0,Other_Amphibian,0.2642,2269.6,-1.8,2528.9,553.7
/srv/shared_leopard_toad/2025/Documents/25.08-01.09.2025/5R/102MEDIA/DSCF0830.JPG,DSCF0830.JPG,5R/102MEDIA,0,Other_Amphibian,0.6030,2262.6,0.4,2499.2,558.1
/srv/shared_leopard_toad/2025/Documents/25.08-01.09.2025/5R/102MEDIA/DSCF0876.JPG,DSCF0876.JPG,5R/102MEDIA,0,Other_Amphibian,0.5962,2264.8,-0.4,2512.7,541.5
/srv/shared_leopard_toad/2025/Documents/25.08-01.09.2025/5R/102MEDIA/DSCF0901.JPG,DSCF0901.JPG,5R/102MEDIA,0,Other_Amphibian,0.4907,2267.6,2.2,2523.0,555.6
/srv/shared_leopard_toad/2025/Documents/25.08-01.09.2025/5R/102MEDIA/DSCF0901.JPG,DSCF0901.JPG,5R/102MEDIA,0,Other_Amphibian,0.2034,2263.2,-1.8,2524.8,553.7
/srv/shared_leopard_toad/2025/Documents/25.08-01.09.2025/5R/102MEDIA/DSCF0996.JPG,DSCF0996.JPG,5R/102MEDIA,0,Other_Amphibian,0.2749,2267.1,-1.5,2523.5,560.0
/srv/shared_leopard_toad/2025/Documents/25.08-01.09.2025/5R/102MEDIA/DSCF0996.JPG,DSCF0996.JPG,5R/102MEDIA,0,Other_Amphibian,0.2617,2265.9,-2.2,2532.6,557.0
/srv/shared_leopard_toad/2025/Documents/25.08-01.09.2025/5R/102MEDIA/DSCF0846.JPG,DSCF0846.JPG,5R/102MEDIA,0,Other_Amphibian,0.5181,2266.4,-1.7,2511.1,566.1
/srv/shared_leopard_toad/2025/Documents/25.08-01.09.2025/5R/102MEDIA/DSCF0961.JPG,DSCF0961.JPG,5R/102MEDIA,0,Other_Amphibian,0.3999,2269.1,-1.3,2545.2,569.0
/srv/shared_leopard_toad/2025/Documents/25.08-01.09.2025/5R/102MEDIA/DSCF0961.JPG,DSCF0961.JPG,5R/102MEDIA,0,Other_Amphibian,0.3274,2268.9,-2.8,2529.6,569.4
/srv/shared_leopard_toad/2025/Documents/25.08-01.09.2025/5R/102MEDIA/DSCF0825.JPG,DSCF0825.JPG,5R/102MEDIA,0,Other_Amphibian,0.2710,2264.5,0.9,2534.0,551.7
/srv/shared_leopard_toad/2025/Documents/25.08-01.09.2025/5R/102MEDIA/DSCF0825.JPG,DSCF0825.JPG,5R/102MEDIA,0,Other_Amphibian,0.2328,2265.0,1.7,2494.2,556.1
/srv/shared_leopard_toad/2025/Documents/25.08-01.09.2025/5R/102MEDIA/DSCF0915.JPG,DSCF0915.JPG,5R/102MEDIA,0,Other_Amphibian,0.4009,2263.3,-3.0,2529.9,591.0
/srv/shared_leopard_toad/2025/Documents/25.08-01.09.2025/5R/102MEDIA/DSCF0915.JPG,DSCF0915.JPG,5R/102MEDIA,0,Other_Amphibian,0.3872,2258.8,-2.2,2552.8,592.1
/srv/shared_leopard_toad/2025/Documents/25.08-01.09.2025/5R/102MEDIA/DSCF0828.JPG,DSCF0828.JPG,5R/102MEDIA,0,Other_Amphibian,0.4800,2259.1,0.0,2497.4,556.7
/srv/shared_leopard_toad/2025/Documents/25.08-01.09.2025/5R/102MEDIA/DSCF0828.JPG,DSCF0828.JPG,5R/102MEDIA,0,Other_Amphibian,0.2493,2257.9,-0.7,2509.1,558.5
/srv/shared_leopard_toad/2025/Documents/25.08-01.09.2025/5R/102MEDIA/DSCF0953.JPG,DSCF0953.JPG,5R/102MEDIA,0,Other_Amphibian,0.4097,2267.9,0.7,2530.6,544.1
/srv/shared_leopard_toad/2025/Documents/25.08-01.09.2025/5R/102MEDIA/DSCF0953.JPG,DSCF0953.JPG,5R/102MEDIA,0,Other_Amphibian,0.3799,2264.9,0.2,2544.1,541.7
/srv/shared_leopard_toad/2025/Documents/25.08-01.09.2025/5R/102MEDIA/DSCF0869.JPG,DSCF0869.JPG,5R/102MEDIA,0,Other_Amphibian,0.6206,2263.0,-1.1,2498.8,542.3
/srv/shared_leopard_toad/2025/Documents/25.08-01.09.2025/5R/102MEDIA/DSCF0863.JPG,DSCF0863.JPG,5R/102MEDIA,0,Other_Amphibian,0.5151,2262.3,0.4,2494.2,553.3
/srv/shared_leopard_toad/2025/Documents/25.08-01.09.2025/5R/102MEDIA/DSCF0850.JPG,DSCF0850.JPG,5R/102MEDIA,0,Other_Amphibian,0.6680,2258.4,-1.7,2498.1,551.3
/srv/shared_leopard_toad/2025/Documents/25.08-01.09.2025/5R/102MEDIA/DSCF0999.JPG,DSCF0999.JPG,5R/102MEDIA,0,Other_Amphibian,0.2827,2271.9,2.4,2542.4,551.3
/srv/shared_leopard_toad/2025/Documents/25.08-01.09.2025/5R/102MEDIA/DSCF0894.JPG,DSCF0894.JPG,5R/102MEDIA,0,Other_Amphibian,0.2455,2265.9,-1.3,2524.7,562.8
/srv/shared_leopard_toad/2025/Documents/25.08-01.09.2025/5R/102MEDIA/DSCF0894.JPG,DSCF0894.JPG,5R/102MEDIA,0,Other_Amphibian,0.2021,2269.2,1.1,2513.5,566.6
/srv/shared_leopard_toad/2025/Documents/25.08-01.09.2025/5R/102MEDIA/DSCF0857.JPG,DSCF0857.JPG,5R/102MEDIA,0,Other_Amphibian,0.4812,2264.5,0.0,2520.9,562.6
/srv/shared_leopard_toad/2025/Documents/25.08-01.09.2025/5R/102MEDIA/DSCF0857.JPG,DSCF0857.JPG,5R/102MEDIA,0,Other_Amphibian,0.3865,2261.1,-1.7,2532.1,559.4
/srv/shared_leopard_toad/2025/Documents/25.08-01.09.2025/5R/102MEDIA/DSCF0881.JPG,DSCF0881.JPG,5R/102MEDIA,0,Other_Amphibian,0.6348,2266.0,0.0,2498.3,552.6
/srv/shared_leopard_toad/2025/Documents/25.08-01.09.2025/5R/102MEDIA/DSCF0958.JPG,DSCF0958.JPG,5R/102MEDIA,0,Other_Amphibian,0.4441,2272.7,0.9,2520.6,572.7
/srv/shared_leopard_toad/2025/Documents/25.08-01.09.2025/5R/102MEDIA/DSCF0929.JPG,DSCF0929.JPG,5R/102MEDIA,0,Other_Amphibian,0.5312,2270.5,2.2,2533.2,554.4
/srv/shared_leopard_toad/2025/Documents/25.08-01.09.2025/5R/102MEDIA/DSCF0929.JPG,DSCF0929.JPG,5R/102MEDIA,0,Other_Amphibian,0.3862,2266.5,-0.2,2534.6,550.9
/srv/shared_leopard_toad/2025/Documents/25.08-01.09.2025/5R/102MEDIA/DSCF0972.JPG,DSCF0972.JPG,5R/102MEDIA,0,Other_Amphibian,0.4956,2269.1,-1.7,2518.9,578.3
/srv/shared_leopard_toad/2025/Documents/25.08-01.09.2025/5R/102MEDIA/DSCF0887.JPG,DSCF0887.JPG,5R/102MEDIA,0,Other_Amphibian,0.3662,2272.1,1.7,2515.9,585.3
/srv/shared_leopard_toad/2025/Documents/25.08-01.09.2025/5R/102MEDIA/DSCF0887.JPG,DSCF0887.JPG,5R/102MEDIA,0,Other_Amphibian,0.2113,2264.2,-3.3,2521.1,574.8
/srv/shared_leopard_toad/2025/Documents/25.08-01.09.2025/5R/102MEDIA/DSCF0971.JPG,DSCF0971.JPG,5R/102MEDIA,0,Other_Amphibian,0.3354,2269.4,0.2,2523.9,569.4
/srv/shared_leopard_toad/2025/Documents/25.08-01.09.2025/5R/102MEDIA/DSCF0954.JPG,DSCF0954.JPG,5R/102MEDIA,0,Other_Amphibian,0.4597,2269.2,2.2,2531.9,551.5
/srv/shared_leopard_toad/2025/Documents/25.08-01.09.2025/5R/102MEDIA/DSCF0954.JPG,DSCF0954.JPG,5R/102MEDIA,0,Other_Amphibian,0.2817,2264.5,-0.6,2534.0,548.4
/srv/shared_leopard_toad/2025/Documents/25.08-01.09.2025/5R/102MEDIA/DSCF0976.JPG,DSCF0976.JPG,5R/102MEDIA,0,Other_Amphibian,0.4390,2268.0,0.2,2517.4,608.9
/srv/shared_leopard_toad/2025/Documents/25.08-01.09.2025/5R/102MEDIA/DSCF0976.JPG,DSCF0976.JPG,5R/102MEDIA,0,Other_Amphibian,0.2310,2262.0,-4.2,2520.7,597.5
/srv/shared_leopard_toad/2025/Documents/25.08-01.09.2025/5R/102MEDIA/DSCF0969.JPG,DSCF0969.JPG,5R/102MEDIA,0,Other_Amphibian,0.5444,2272.6,0.6,2512.8,562.0
/srv/shared_leopard_toad/2025/Documents/25.08-01.09.2025/5R/102MEDIA/DSCF0905.JPG,DSCF0905.JPG,5R/102MEDIA,0,Other_Amphibian,0.6353,2262.9,-0.9,2514.6,558.7
/srv/shared_leopard_toad/2025/Documents/25.08-01.09.2025/5R/102MEDIA/DSCF0932.JPG,DSCF0932.JPG,5R/102MEDIA,0,Other_Amphibian,0.5371,2268.6,-0.2,2522.1,569.8
/srv/shared_leopard_toad/2025/Documents/25.08-01.09.2025/5R/102MEDIA/DSCF0928.JPG,DSCF0928.JPG,5R/102MEDIA,0,Other_Amphibian,0.3022,2267.3,1.7,2523.3,556.1
/srv/shared_leopard_toad/2025/Documents/25.08-01.09.2025/5R/102MEDIA/DSCF0928.JPG,DSCF0928.JPG,5R/102MEDIA,0,Other_Amphibian,0.2771,2265.5,-0.2,2535.6,552.0
/srv/shared_leopard_toad/2025/Documents/25.08-01.09.2025/5R/102MEDIA/DSCF0960.JPG,DSCF0960.JPG,5R/102MEDIA,0,Other_Amphibian,0.2693,2267.7,-0.6,2538.7,606.3
/srv/shared_leopard_toad/2025/Documents/25.08-01.09.2025/5R/102MEDIA/DSCF0960.JPG,DSCF0960.JPG,5R/102MEDIA,0,Other_Amphibian,0.2422,2272.7,-0.6,2520.6,602.3
/srv/shared_leopard_toad/2025/Documents/25.08-01.09.2025/5R/102MEDIA/DSCF0946.JPG,DSCF0946.JPG,5R/102MEDIA,0,Other_Amphibian,0.3530,2266.7,0.7,2516.1,554.1
/srv/shared_leopard_toad/2025/Documents/25.08-01.09.2025/5R/102MEDIA/DSCF0974.JPG,DSCF0974.JPG,5R/102MEDIA,0,Other_Amphibian,0.2615,2272.8,0.7,2509.9,560.7
/srv/shared_leopard_toad/2025/Documents/25.08-01.09.2025/5R/102MEDIA/DSCF0974.JPG,DSCF0974.JPG,5R/102MEDIA,0,Other_Amphibian,0.2322,2269.5,-1.8,2513.3,555.6
/srv/shared_leopard_toad/2025/Documents/25.08-01.09.2025/5R/102MEDIA/DSCF0831.JPG,DSCF0831.JPG,5R/102MEDIA,0,Other_Amphibian,0.4133,2263.2,-0.4,2488.1,568.1
/srv/shared_leopard_toad/2025/Documents/25.08-01.09.2025/5R/102MEDIA/DSCF0831.JPG,DSCF0831.JPG,5R/102MEDIA,0,Other_Amphibian,0.2260,2253.2,-1.5,2490.2,567.0
/srv/shared_leopard_toad/2025/Documents/25.08-01.09.2025/5R/102MEDIA/DSCF0977.JPG,DSCF0977.JPG,5R/102MEDIA,0,Other_Amphibian,0.4268,2267.8,0.0,2517.6,591.0
/srv/shared_leopard_toad/2025/Documents/25.08-01.09.2025/5R/102MEDIA/DSCF0952.JPG,DSCF0952.JPG,5R/102MEDIA,0,Other_Amphibian,0.2510,2266.2,-1.5,2545.4,591.4
/srv/shared_leopard_toad/2025/Documents/25.08-01.09.2025/5R/102MEDIA/DSCF0995.JPG,DSCF0995.JPG,5R/102MEDIA,0,Other_Amphibian,0.2986,2266.6,2.2,2524.0,586.9
/srv/shared_leopard_toad/2025/Documents/25.08-01.09.2025/5R/102MEDIA/DSCF0995.JPG,DSCF0995.JPG,5R/102MEDIA,0,Other_Amphibian,0.2961,2263.6,0.4,2540.2,579.6
/srv/shared_leopard_toad/2025/Documents/25.08-01.09.2025/5R/102MEDIA/DSCF0897.JPG,DSCF0897.JPG,5R/102MEDIA,0,Other_Amphibian,0.6948,2260.4,-1.8,2525.0,566.3
/srv/shared_leopard_toad/2025/Documents/25.08-01.09.2025/5R/102MEDIA/DSCF0879.JPG,DSCF0879.JPG,5R/102MEDIA,0,Other_Amphibian,0.4966,2265.5,0.6,2512.0,562.0
/srv/shared_leopard_toad/2025/Documents/25.08-01.09.2025/5R/102MEDIA/DSCF0879.JPG,DSCF0879.JPG,5R/102MEDIA,0,Other_Amphibian,0.2040,2259.4,-0.4,2526.0,561.1
/srv/shared_leopard_toad/2025/Documents/25.08-01.09.2025/5R/102MEDIA/DSCF0859.JPG,DSCF0859.JPG,5R/102MEDIA,0,Other_Amphibian,0.4646,2265.1,0.9,2507.1,554.6
/srv/shared_leopard_toad/2025/Documents/25.08-01.09.2025/5R/102MEDIA/DSCF0845.JPG,DSCF0845.JPG,5R/102MEDIA,0,Other_Amphibian,0.6602,2263.0,-0.6,2501.4,565.0
/srv/shared_leopard_toad/2025/Documents/25.08-01.09.2025/5R/102MEDIA/DSCF0847.JPG,DSCF0847.JPG,5R/102MEDIA,0,Other_Amphibian,0.7275,2266.4,-1.5,2505.8,552.2
/srv/shared_leopard_toad/2025/Documents/25.08-01.09.2025/5R/102MEDIA/DSCF0829.JPG,DSCF0829.JPG,5R/102MEDIA,0,Other_Amphibian,0.6055,2261.9,0.0,2494.6,546.7
/srv/shared_leopard_toad/2025/Documents/25.08-01.09.2025/5R/102MEDIA/DSCF0882.JPG,DSCF0882.JPG,5R/102MEDIA,0,Other_Amphibian,0.3984,2266.2,1.5,2511.3,573.3
/srv/shared_leopard_toad/2025/Documents/25.08-01.09.2025/5R/102MEDIA/DSCF0975.JPG,DSCF0975.JPG,5R/102MEDIA,0,Other_Amphibian,0.3313,2267.3,-3.3,2510.2,633.1
/srv/shared_leopard_toad/2025/Documents/25.08-01.09.2025/5R/102MEDIA/DSCF0975.JPG,DSCF0975.JPG,5R/102MEDIA,0,Other_Amphibian,0.2119,2275.9,0.4,2512.1,743.8
/srv/shared_leopard_toad/2025/Documents/25.08-01.09.2025/5R/102MEDIA/DSCF0934.JPG,DSCF0934.JPG,5R/102MEDIA,0,Other_Amphibian,0.3953,2262.8,0.6,2509.4,565.0
/srv/shared_leopard_toad/2025/Documents/25.08-01.09.2025/5R/102MEDIA/DSCF0934.JPG,DSCF0934.JPG,5R/102MEDIA,0,Other_Amphibian,0.2070,2258.6,-2.8,2513.6,562.4
/srv/shared_leopard_toad/2025/Documents/25.08-01.09.2025/5R/102MEDIA/DSCF0951.JPG,DSCF0951.JPG,5R/102MEDIA,0,Other_Amphibian,0.2139,2272.2,-5.2,2510.6,601.3
/srv/shared_leopard_toad/2025/Documents/25.08-01.09.2025/5R/102MEDIA/DSCF0914.JPG,DSCF0914.JPG,5R/102MEDIA,0,Other_Amphibian,0.3147,2265.0,0.7,2525.7,570.7
/srv/shared_leopard_toad/2025/Documents/25.08-01.09.2025/5R/102MEDIA/DSCF0914.JPG,DSCF0914.JPG,5R/102MEDIA,0,Other_Amphibian,0.2959,2261.2,-0.6,2545.2,566.1
/srv/shared_leopard_toad/2025/Documents/25.08-01.09.2025/5R/102MEDIA/DSCF0920.JPG,DSCF0920.JPG,5R/102MEDIA,0,Other_Amphibian,0.4138,2263.9,1.3,2524.1,589.7
/srv/shared_leopard_toad/2025/Documents/25.08-01.09.2025/5R/102MEDIA/DSCF0920.JPG,DSCF0920.JPG,5R/102MEDIA,0,Other_Amphibian,0.4082,2260.7,0.4,2537.8,583.6
/srv/shared_leopard_toad/2025/Documents/25.08-01.09.2025/5R/102MEDIA/DSCF0968.JPG,DSCF0968.JPG,5R/102MEDIA,0,Other_Amphibian,0.5356,2268.9,1.5,2524.3,552.2
/srv/shared_leopard_toad/2025/Documents/25.08-01.09.2025/5R/102MEDIA/DSCF0948.JPG,DSCF0948.JPG,5R/102MEDIA,0,Other_Amphibian,0.3606,2272.0,1.5,2526.5,549.3
/srv/shared_leopard_toad/2025/Documents/25.08-01.09.2025/5R/102MEDIA/DSCF0948.JPG,DSCF0948.JPG,5R/102MEDIA,0,Other_Amphibian,0.3081,2270.0,-0.4,2531.2,545.2
/srv/shared_leopard_toad/2025/Documents/25.08-01.09.2025/5R/102MEDIA/DSCF0973.JPG,DSCF0973.JPG,5R/102MEDIA,0,Other_Amphibian,0.5098,2266.2,-3.0,2545.4,583.6
/srv/shared_leopard_toad/2025/Documents/25.08-01.09.2025/5R/102MEDIA/DSCF0973.JPG,DSCF0973.JPG,5R/102MEDIA,0,Other_Amphibian,0.4902,2271.0,-1.7,2540.6,587.5
/srv/shared_leopard_toad/2025/Documents/25.08-01.09.2025/5R/102MEDIA/DSCF0984.JPG,DSCF0984.JPG,5R/102MEDIA,0,Other_Amphibian,0.5381,2269.5,1.7,2531.6,548.0
/srv/shared_leopard_toad/2025/Documents/25.08-01.09.2025/5R/102MEDIA/DSCF0984.JPG,DSCF0984.JPG,5R/102MEDIA,0,Other_Amphibian,0.2776,2266.2,-1.1,2532.3,544.1
/srv/shared_leopard_toad/2025/Documents/25.08-01.09.2025/5R/102MEDIA/DSCF0921.JPG,DSCF0921.JPG,5R/102MEDIA,0,Other_Amphibian,0.3594,2267.1,0.0,2505.2,561.5
/srv/shared_leopard_toad/2025/Documents/25.08-01.09.2025/5R/102MEDIA/DSCF0835.JPG,DSCF0835.JPG,5R/102MEDIA,0,Other_Amphibian,0.5991,2265.4,2.2,2496.4,561.5
/srv/shared_leopard_toad/2025/Documents/25.08-01.09.2025/5R/102MEDIA/DSCF0935.JPG,DSCF0935.JPG,5R/102MEDIA,0,Other_Amphibian,0.3220,2272.4,2.0,2520.8,567.6
/srv/shared_leopard_toad/2025/Documents/25.08-01.09.2025/5R/102MEDIA/DSCF0935.JPG,DSCF0935.JPG,5R/102MEDIA,0,Other_Amphibian,0.2216,2269.6,-1.5,2523.6,558.1
/srv/shared_leopard_toad/2025/Documents/25.08-01.09.2025/5R/102MEDIA/DSCF0926.JPG,DSCF0926.JPG,5R/102MEDIA,0,Other_Amphibian,0.3174,2267.2,-2.0,2515.6,566.4
/srv/shared_leopard_toad/2025/Documents/25.08-01.09.2025/5R/102MEDIA/DSCF0926.JPG,DSCF0926.JPG,5R/102MEDIA,0,Other_Amphibian,0.2147,2264.1,-5.5,2518.6,566.3
/srv/shared_leopard_toad/2025/Documents/25.08-01.09.2025/5R/102MEDIA/DSCF0865.JPG,DSCF0865.JPG,5R/102MEDIA,0,Other_Amphibian,0.4026,2261.8,1.8,2505.2,553.0
/srv/shared_leopard_toad/2025/Documents/25.08-01.09.2025/5R/102MEDIA/DSCF0865.JPG,DSCF0865.JPG,5R/102MEDIA,0,Other_Amphibian,0.2119,2260.0,-1.1,2517.5,550.0
/srv/shared_leopard_toad/2025/Documents/25.08-01.09.2025/5R/102MEDIA/DSCF0987.JPG,DSCF0987.JPG,5R/102MEDIA,0,Other_Amphibian,0.3154,2268.5,1.7,2540.5,550.2
/srv/shared_leopard_toad/2025/Documents/25.08-01.09.2025/5R/102MEDIA/DSCF0987.JPG,DSCF0987.JPG,5R/102MEDIA,0,Other_Amphibian,0.3091,2268.3,0.7,2551.2,547.1
/srv/shared_leopard_toad/2025/Documents/25.08-01.09.2025/5R/102MEDIA/DSCF0832.JPG,DSCF0832.JPG,5R/102MEDIA,0,Other_Amphibian,0.6040,2261.1,-0.9,2505.9,564.6
/srv/shared_leopard_toad/2025/Documents/25.08-01.09.2025/5R/102MEDIA/DSCF0832.JPG,DSCF0832.JPG,5R/102MEDIA,0,Other_Amphibian,0.2054,2257.0,-0.9,2523.1,564.6
/srv/shared_leopard_toad/2025/Documents/25.08-01.09.2025/5R/102MEDIA/DSCF0082.JPG,DSCF0082.JPG,5R/102MEDIA,0,Other_Amphibian,0.4805,1672.6,789.8,1802.9,1001.3
/srv/shared_leopard_toad/2025/Documents/25.08-01.09.2025/5R/102MEDIA/DSCF0990.JPG,DSCF0990.JPG,5R/102MEDIA,0,Other_Amphibian,0.5425,2269.0,0.9,2516.4,542.1
/srv/shared_leopard_toad/2025/Documents/25.08-01.09.2025/5R/102MEDIA/DSCF0941.JPG,DSCF0941.JPG,5R/102MEDIA,0,Other_Amphibian,0.4329,2264.0,0.9,2526.6,542.1
/srv/shared_leopard_toad/2025/Documents/25.08-01.09.2025/5R/102MEDIA/DSCF0941.JPG,DSCF0941.JPG,5R/102MEDIA,0,Other_Amphibian,0.2712,2260.5,-1.8,2530.1,540.1
/srv/shared_leopard_toad/2025/Documents/25.08-01.09.2025/5R/102MEDIA/DSCF0843.JPG,DSCF0843.JPG,5R/102MEDIA,0,Other_Amphibian,0.6748,2264.2,0.7,2534.3,557.8
/srv/shared_leopard_toad/2025/Documents/25.08-01.09.2025/5R/102MEDIA/DSCF0855.JPG,DSCF0855.JPG,5R/102MEDIA,0,Other_Amphibian,0.6201,2262.6,0.6,2509.7,558.0
/srv/shared_leopard_toad/2025/Documents/25.08-01.09.2025/5R/102MEDIA/DSCF0852.JPG,DSCF0852.JPG,5R/102MEDIA,0,Other_Amphibian,0.4966,2262.5,0.6,2501.9,567.9
/srv/shared_leopard_toad/2025/Documents/25.08-01.09.2025/5R/102MEDIA/DSCF0939.JPG,DSCF0939.JPG,5R/102MEDIA,0,Other_Amphibian,0.3723,2266.4,1.7,2561.0,549.1
/srv/shared_leopard_toad/2025/Documents/25.08-01.09.2025/5R/102MEDIA/DSCF0939.JPG,DSCF0939.JPG,5R/102MEDIA,0,Other_Amphibian,0.3459,2271.7,2.4,2547.8,553.2
/srv/shared_leopard_toad/2025/Documents/25.08-01.09.2025/5R/102MEDIA/DSCF0893.JPG,DSCF0893.JPG,5R/102MEDIA,0,Other_Amphibian,0.6460,2264.4,0.9,2518.4,542.1
/srv/shared_leopard_toad/2025/Documents/25.08-01.09.2025/5R/102MEDIA/DSCF0884.JPG,DSCF0884.JPG,5R/102MEDIA,0,Other_Amphibian,0.4087,2265.5,-2.4,2533.0,590.4
/srv/shared_leopard_toad/2025/Documents/25.08-01.09.2025/5R/102MEDIA/DSCF0884.JPG,DSCF0884.JPG,5R/102MEDIA,0,Other_Amphibian,0.3245,2259.4,-4.6,2539.1,582.3
/srv/shared_leopard_toad/2025/Documents/25.08-01.09.2025/5R/102MEDIA/DSCF0836.JPG,DSCF0836.JPG,5R/102MEDIA,0,Other_Amphibian,0.6987,2259.7,-1.1,2496.8,557.8
/srv/shared_leopard_toad/2025/Documents/25.08-01.09.2025/5R/102MEDIA/DSCF0950.JPG,DSCF0950.JPG,5R/102MEDIA,0,Other_Amphibian,0.2898,2269.2,0.0,2531.9,562.6
/srv/shared_leopard_toad/2025/Documents/25.08-01.09.2025/5R/102MEDIA/DSCF0950.JPG,DSCF0950.JPG,5R/102MEDIA,0,Other_Amphibian,0.2825,2272.4,2.4,2520.8,568.3
/srv/shared_leopard_toad/2025/Documents/25.08-01.09.2025/5R/102MEDIA/DSCF0992.JPG,DSCF0992.JPG,5R/102MEDIA,0,Other_Amphibian,0.4382,2268.3,3.1,2514.4,541.7
/srv/shared_leopard_toad/2025/Documents/25.08-01.09.2025/5R/101MEDIA/DSCF0135.JPG,DSCF0135.JPG,5R/101MEDIA,0,Other_Amphibian,0.2549,2244.5,5.5,2491.0,774.1
/srv/shared_leopard_toad/2025/Documents/25.08-01.09.2025/5R/101MEDIA/DSCF0358.JPG,DSCF0358.JPG,5R/101MEDIA,0,Other_Amphibian,0.3245,2236.2,2.6,2488.8,797.7
/srv/shared_leopard_toad/2025/Documents/25.08-01.09.2025/5R/101MEDIA/DSCF0012.JPG,DSCF0012.JPG,5R/101MEDIA,0,Other_Amphibian,0.4395,2242.8,4.1,2492.7,760.1
/srv/shared_leopard_toad/2025/Documents/25.08-01.09.2025/5R/101MEDIA/DSCF0488.JPG,DSCF0488.JPG,5R/101MEDIA,0,Other_Amphibian,0.2195,2272.5,-3.5,2518.1,558.3
/srv/shared_leopard_toad/2025/Documents/25.08-01.09.2025/5R/101MEDIA/DSCF0541.JPG,DSCF0541.JPG,5R/101MEDIA,0,Other_Amphibian,0.2382,2268.5,-2.6,2543.1,548.5
/srv/shared_leopard_toad/2025/Documents/25.08-01.09.2025/5R/101MEDIA/DSCF0541.JPG,DSCF0541.JPG,5R/101MEDIA,0,Other_Amphibian,0.2015,2270.5,-2.2,2538.5,550.0
/srv/shared_leopard_toad/2025/Documents/25.08-01.09.2025/5R/101MEDIA/DSCF0519.JPG,DSCF0519.JPG,5R/101MEDIA,0,Other_Amphibian,0.3691,2271.0,-3.5,2527.5,625.5
/srv/shared_leopard_toad/2025/Documents/25.08-01.09.2025/5R/101MEDIA/DSCF0519.JPG,DSCF0519.JPG,5R/101MEDIA,0,Other_Amphibian,0.3477,2268.7,-4.4,2524.6,618.7
/srv/shared_leopard_toad/2025/Documents/25.08-01.09.2025/5R/101MEDIA/DSCF0589.JPG,DSCF0589.JPG,5R/101MEDIA,0,Other_Amphibian,0.2255,2273.7,-2.6,2535.3,541.5
/srv/shared_leopard_toad/2025/Documents/25.08-01.09.2025/5R/101MEDIA/DSCF0589.JPG,DSCF0589.JPG,5R/101MEDIA,0,Other_Amphibian,0.2069,2270.1,-2.4,2533.7,541.3
/srv/shared_leopard_toad/2025/Documents/25.08-01.09.2025/5R/101MEDIA/DSCF0443.JPG,DSCF0443.JPG,5R/101MEDIA,0,Other_Amphibian,0.3372,2272.2,-2.0,2521.1,566.4
/srv/shared_leopard_toad/2025/Documents/25.08-01.09.2025/5R/101MEDIA/DSCF0443.JPG,DSCF0443.JPG,5R/101MEDIA,0,Other_Amphibian,0.2474,2271.0,-3.1,2517.0,571.6
/srv/shared_leopard_toad/2025/Documents/25.08-01.09.2025/5R/101MEDIA/DSCF0215.JPG,DSCF0215.JPG,5R/101MEDIA,0,Other_Amphibian,0.2869,2252.0,4.4,2494.0,734.6
/srv/shared_leopard_toad/2025/Documents/25.08-01.09.2025/5R/101MEDIA/DSCF0215.JPG,DSCF0215.JPG,5R/101MEDIA,0,Other_Amphibian,0.2356,2252.8,-2.8,2477.4,674.2
/srv/shared_leopard_toad/2025/Documents/25.08-01.09.2025/5R/101MEDIA/DSCF0173.JPG,DSCF0173.JPG,5R/101MEDIA,0,Other_Amphibian,0.3447,2238.2,5.5,2478.9,768.2
/srv/shared_leopard_toad/2025/Documents/25.08-01.09.2025/5R/101MEDIA/DSCF0279.JPG,DSCF0279.JPG,5R/101MEDIA,0,Other_Amphibian,0.3618,2249.3,4.1,2470.5,757.8
/srv/shared_leopard_toad/2025/Documents/25.08-01.09.2025/5R/101MEDIA/DSCF0279.JPG,DSCF0279.JPG,5R/101MEDIA,0,Other_Amphibian,0.2217,2248.5,-1.8,2460.8,666.7
/srv/shared_leopard_toad/2025/Documents/25.08-01.09.2025/5R/101MEDIA/DSCF0464.JPG,DSCF0464.JPG,5R/101MEDIA,0,Other_Amphibian,0.3989,2271.9,3.1,2537.1,670.9
/srv/shared_leopard_toad/2025/Documents/25.08-01.09.2025/5R/101MEDIA/DSCF0464.JPG,DSCF0464.JPG,5R/101MEDIA,0,Other_Amphibian,0.3113,2274.5,1.8,2531.9,671.1
/srv/shared_leopard_toad/2025/Documents/25.08-01.09.2025/5R/101MEDIA/DSCF0001.JPG,DSCF0001.JPG,5R/101MEDIA,0,Other_Amphibian,0.5430,2252.5,1.7,2472.5,595.6
/srv/shared_leopard_toad/2025/Documents/25.08-01.09.2025/5R/101MEDIA/DSCF0514.JPG,DSCF0514.JPG,5R/101MEDIA,0,Other_Amphibian,0.3005,2269.6,-3.3,2536.7,610.2
/srv/shared_leopard_toad/2025/Documents/25.08-01.09.2025/5R/101MEDIA/DSCF0514.JPG,DSCF0514.JPG,5R/101MEDIA,0,Other_Amphibian,0.3003,2271.4,-3.3,2535.0,606.9
/srv/shared_leopard_toad/2025/Documents/25.08-01.09.2025/5R/101MEDIA/DSCF0767.JPG,DSCF0767.JPG,5R/101MEDIA,2,Western_Leopard_Toad,0.4985,2771.2,1063.9,3129.8,1514.2
/srv/shared_leopard_toad/2025/Documents/25.08-01.09.2025/5R/101MEDIA/DSCF0767.JPG,DSCF0767.JPG,5R/101MEDIA,0,Other_Amphibian,0.2415,2771.2,1063.9,3129.8,1514.2
/srv/shared_leopard_toad/2025/Documents/25.08-01.09.2025/5R/101MEDIA/DSCF0298.JPG,DSCF0298.JPG,5R/101MEDIA,0,Other_Amphibian,0.2993,2248.3,3.7,2489.8,768.6
/srv/shared_leopard_toad/2025/Documents/25.08-01.09.2025/5R/101MEDIA/DSCF0784.JPG,DSCF0784.JPG,5R/101MEDIA,0,Other_Amphibian,0.3037,2763.6,1058.3,3126.9,1510.9
/srv/shared_leopard_toad/2025/Documents/25.08-01.09.2025/5R/101MEDIA/DSCF0141.JPG,DSCF0141.JPG,5R/101MEDIA,0,Other_Amphibian,0.4048,2246.6,2.6,2478.4,747.5
/srv/shared_leopard_toad/2025/Documents/25.08-01.09.2025/5R/101MEDIA/DSCF0543.JPG,DSCF0543.JPG,5R/101MEDIA,0,Other_Amphibian,0.2998,2275.3,-0.9,2549.4,555.7
/srv/shared_leopard_toad/2025/Documents/25.08-01.09.2025/5R/101MEDIA/DSCF0325.JPG,DSCF0325.JPG,5R/101MEDIA,0,Other_Amphibian,0.4263,2245.7,4.1,2484.6,769.7
/srv/shared_leopard_toad/2025/Documents/25.08-01.09.2025/5R/101MEDIA/DSCF0325.JPG,DSCF0325.JPG,5R/101MEDIA,0,Other_Amphibian,0.2051,2247.7,-3.7,2469.4,667.0
/srv/shared_leopard_toad/2025/Documents/25.08-01.09.2025/5R/101MEDIA/DSCF0107.JPG,DSCF0107.JPG,5R/101MEDIA,0,Other_Amphibian,0.2330,2243.5,7.6,2481.5,749.2
/srv/shared_leopard_toad/2025/Documents/25.08-01.09.2025/5R/101MEDIA/DSCF0562.JPG,DSCF0562.JPG,5R/101MEDIA,0,Other_Amphibian,0.2612,2273.6,-0.6,2556.4,573.1
/srv/shared_leopard_toad/2025/Documents/25.08-01.09.2025/5R/101MEDIA/DSCF0446.JPG,DSCF0446.JPG,5R/101MEDIA,0,Other_Amphibian,0.2712,2273.8,-2.0,2519.4,574.6
/srv/shared_leopard_toad/2025/Documents/25.08-01.09.2025/5R/101MEDIA/DSCF0446.JPG,DSCF0446.JPG,5R/101MEDIA,0,Other_Amphibian,0.2546,2272.9,-3.0,2520.3,576.6
/srv/shared_leopard_toad/2025/Documents/25.08-01.09.2025/5R/101MEDIA/DSCF0282.JPG,DSCF0282.JPG,5R/101MEDIA,0,Other_Amphibian,0.2239,2250.5,-0.4,2469.2,629.0
/srv/shared_leopard_toad/2025/Documents/25.08-01.09.2025/5R/101MEDIA/DSCF0430.JPG,DSCF0430.JPG,5R/101MEDIA,0,Other_Amphibian,0.2242,2231.7,5.5,2524.8,1014.0
/srv/shared_leopard_toad/2025/Documents/25.08-01.09.2025/5R/101MEDIA/DSCF0430.JPG,DSCF0430.JPG,5R/101MEDIA,0,Other_Amphibian,0.2161,2261.9,-3.7,2526.1,630.1
/srv/shared_leopard_toad/2025/Documents/25.08-01.09.2025/5R/101MEDIA/DSCF0430.JPG,DSCF0430.JPG,5R/101MEDIA,0,Other_Amphibian,0.2135,2265.5,-4.2,2522.5,621.8
/srv/shared_leopard_toad/2025/Documents/25.08-01.09.2025/5R/101MEDIA/DSCF0765.JPG,DSCF0765.JPG,5R/101MEDIA,2,Western_Leopard_Toad,0.3396,2764.3,1062.4,3126.2,1512.7
/srv/shared_leopard_toad/2025/Documents/25.08-01.09.2025/5R/101MEDIA/DSCF0765.JPG,DSCF0765.JPG,5R/101MEDIA,0,Other_Amphibian,0.2216,2764.3,1062.4,3126.2,1512.7
/srv/shared_leopard_toad/2025/Documents/25.08-01.09.2025/5R/101MEDIA/DSCF0594.JPG,DSCF0594.JPG,5R/101MEDIA,0,Other_Amphibian,0.3030,2271.9,-3.7,2547.6,551.5
/srv/shared_leopard_toad/2025/Documents/25.08-01.09.2025/5R/101MEDIA/DSCF0594.JPG,DSCF0594.JPG,5R/101MEDIA,0,Other_Amphibian,0.2200,2272.3,-4.2,2541.9,550.9
/srv/shared_leopard_toad/2025/Documents/25.08-01.09.2025/5R/101MEDIA/DSCF0221.JPG,DSCF0221.JPG,5R/101MEDIA,0,Other_Amphibian,0.3696,2239.0,4.1,2486.0,779.3
/srv/shared_leopard_toad/2025/Documents/25.08-01.09.2025/5R/101MEDIA/DSCF0442.JPG,DSCF0442.JPG,5R/101MEDIA,0,Other_Amphibian,0.2637,2268.9,-4.1,2524.3,569.6
/srv/shared_leopard_toad/2025/Documents/25.08-01.09.2025/5R/101MEDIA/DSCF0442.JPG,DSCF0442.JPG,5R/101MEDIA,0,Other_Amphibian,0.2410,2268.4,-3.5,2524.8,571.2
/srv/shared_leopard_toad/2025/Documents/25.08-01.09.2025/5R/101MEDIA/DSCF0311.JPG,DSCF0311.JPG,5R/101MEDIA,0,Other_Amphibian,0.2115,2245.4,9.0,2490.1,755.8
/srv/shared_leopard_toad/2025/Documents/25.08-01.09.2025/5R/101MEDIA/DSCF0362.JPG,DSCF0362.JPG,5R/101MEDIA,0,Other_Amphibian,0.2213,2248.1,8.5,2495.2,759.3
/srv/shared_leopard_toad/2025/Documents/25.08-01.09.2025/5R/101MEDIA/DSCF0565.JPG,DSCF0565.JPG,5R/101MEDIA,0,Other_Amphibian,0.4292,2274.3,0.7,2576.7,551.9
/srv/shared_leopard_toad/2025/Documents/25.08-01.09.2025/5R/101MEDIA/DSCF0187.JPG,DSCF0187.JPG,5R/101MEDIA,0,Other_Amphibian,0.3137,2245.9,3.3,2479.1,746.8
/srv/shared_leopard_toad/2025/Documents/25.08-01.09.2025/5R/101MEDIA/DSCF0061.JPG,DSCF0061.JPG,5R/101MEDIA,0,Other_Amphibian,0.4409,2250.9,4.4,2484.6,740.5
/srv/shared_leopard_toad/2025/Documents/25.08-01.09.2025/5R/101MEDIA/DSCF0193.JPG,DSCF0193.JPG,5R/101MEDIA,0,Other_Amphibian,0.2659,2250.0,0.4,2475.0,641.6
/srv/shared_leopard_toad/2025/Documents/25.08-01.09.2025/5R/101MEDIA/DSCF0623.JPG,DSCF0623.JPG,5R/101MEDIA,0,Other_Amphibian,0.3267,2274.6,-1.1,2555.4,560.7
/srv/shared_leopard_toad/2025/Documents/25.08-01.09.2025/5R/101MEDIA/DSCF0734.JPG,DSCF0734.JPG,5R/101MEDIA,0,Other_Amphibian,0.3071,2772.5,1062.9,3123.3,1518.1
/srv/shared_leopard_toad/2025/Documents/25.08-01.09.2025/5R/101MEDIA/DSCF0518.JPG,DSCF0518.JPG,5R/101MEDIA,0,Other_Amphibian,0.2620,2270.2,-2.0,2520.4,559.8
/srv/shared_leopard_toad/2025/Documents/25.08-01.09.2025/5R/101MEDIA/DSCF0518.JPG,DSCF0518.JPG,5R/101MEDIA,0,Other_Amphibian,0.2402,2270.6,-4.1,2520.0,561.8
/srv/shared_leopard_toad/2025/Documents/25.08-01.09.2025/5R/101MEDIA/DSCF0777.JPG,DSCF0777.JPG,5R/101MEDIA,2,Western_Leopard_Toad,0.3025,2763.6,1060.9,3126.9,1520.1
/srv/shared_leopard_toad/2025/Documents/25.08-01.09.2025/5R/101MEDIA/DSCF0777.JPG,DSCF0777.JPG,5R/101MEDIA,0,Other_Amphibian,0.2273,2763.6,1060.9,3126.9,1520.1
/srv/shared_leopard_toad/2025/Documents/25.08-01.09.2025/5R/101MEDIA/DSCF0167.JPG,DSCF0167.JPG,5R/101MEDIA,0,Other_Amphibian,0.3076,2250.6,0.0,2474.4,623.1
/srv/shared_leopard_toad/2025/Documents/25.08-01.09.2025/5R/101MEDIA/DSCF0273.JPG,DSCF0273.JPG,5R/101MEDIA,0,Other_Amphibian,0.3889,2248.1,3.9,2487.4,744.0
/srv/shared_leopard_toad/2025/Documents/25.08-01.09.2025/5R/101MEDIA/DSCF0273.JPG,DSCF0273.JPG,5R/101MEDIA,0,Other_Amphibian,0.2874,2246.9,-6.1,2470.2,694.2
/srv/shared_leopard_toad/2025/Documents/25.08-01.09.2025/5R/101MEDIA/DSCF0038.JPG,DSCF0038.JPG,5R/101MEDIA,0,Other_Amphibian,0.3809,2247.2,5.5,2491.0,744.6
/srv/shared_leopard_toad/2025/Documents/25.08-01.09.2025/5R/101MEDIA/DSCF0089.JPG,DSCF0089.JPG,5R/101MEDIA,0,Other_Amphibian,0.2247,2252.7,5.2,2472.3,720.6
/srv/shared_leopard_toad/2025/Documents/25.08-01.09.2025/5R/101MEDIA/DSCF0089.JPG,DSCF0089.JPG,5R/101MEDIA,0,Other_Amphibian,0.2186,2256.5,-0.2,2463.2,668.3
/srv/shared_leopard_toad/2025/Documents/25.08-01.09.2025/5R/101MEDIA/DSCF0560.JPG,DSCF0560.JPG,5R/101MEDIA,0,Other_Amphibian,0.2352,2273.0,-3.1,2530.7,535.4
/srv/shared_leopard_toad/2025/Documents/25.08-01.09.2025/5R/101MEDIA/DSCF0560.JPG,DSCF0560.JPG,5R/101MEDIA,0,Other_Amphibian,0.2261,2271.8,-3.3,2526.7,535.6
/srv/shared_leopard_toad/2025/Documents/25.08-01.09.2025/5R/101MEDIA/DSCF0720.JPG,DSCF0720.JPG,5R/101MEDIA,0,Other_Amphibian,0.3923,2783.2,1063.5,3128.3,1505.7
/srv/shared_leopard_toad/2025/Documents/25.08-01.09.2025/5R/101MEDIA/DSCF0339.JPG,DSCF0339.JPG,5R/101MEDIA,0,Other_Amphibian,0.2322,2252.7,0.7,2472.3,641.2
/srv/shared_leopard_toad/2025/Documents/25.08-01.09.2025/5R/101MEDIA/DSCF0164.JPG,DSCF0164.JPG,5R/101MEDIA,0,Other_Amphibian,0.2898,2253.2,6.5,2482.3,744.7
/srv/shared_leopard_toad/2025/Documents/25.08-01.09.2025/5R/101MEDIA/DSCF0336.JPG,DSCF0336.JPG,5R/101MEDIA,0,Other_Amphibian,0.2520,2248.6,4.4,2481.7,734.6
/srv/shared_leopard_toad/2025/Documents/25.08-01.09.2025/5R/101MEDIA/DSCF0458.JPG,DSCF0458.JPG,5R/101MEDIA,0,Other_Amphibian,0.2002,2270.5,-5.7,2530.7,631.0
/srv/shared_leopard_toad/2025/Documents/25.08-01.09.2025/5R/101MEDIA/DSCF0344.JPG,DSCF0344.JPG,5R/101MEDIA,0,Other_Amphibian,0.2891,2242.3,6.3,2487.9,777.0
/srv/shared_leopard_toad/2025/Documents/25.08-01.09.2025/5R/101MEDIA/DSCF0194.JPG,DSCF0194.JPG,5R/101MEDIA,0,Other_Amphibian,0.5264,2243.7,2.6,2481.3,773.3
/srv/shared_leopard_toad/2025/Documents/25.08-01.09.2025/5R/101MEDIA/DSCF0712.JPG,DSCF0712.JPG,5R/101MEDIA,0,Other_Amphibian,0.2585,2784.6,1063.1,3121.6,1506.1
/srv/shared_leopard_toad/2025/Documents/25.08-01.09.2025/5R/101MEDIA/DSCF0233.JPG,DSCF0233.JPG,5R/101MEDIA,0,Other_Amphibian,0.2366,2249.9,-1.3,2464.6,654.3
/srv/shared_leopard_toad/2025/Documents/25.08-01.09.2025/5R/101MEDIA/DSCF0489.JPG,DSCF0489.JPG,5R/101MEDIA,0,Other_Amphibian,0.3579,2275.6,-2.6,2525.5,651.2
/srv/shared_leopard_toad/2025/Documents/25.08-01.09.2025/5R/101MEDIA/DSCF0489.JPG,DSCF0489.JPG,5R/101MEDIA,0,Other_Amphibian,0.2227,2266.8,-7.4,2526.5,661.9
/srv/shared_leopard_toad/2025/Documents/25.08-01.09.2025/5R/101MEDIA/DSCF0553.JPG,DSCF0553.JPG,5R/101MEDIA,0,Other_Amphibian,0.2015,2266.4,-0.7,2553.1,561.5
/srv/shared_leopard_toad/2025/Documents/25.08-01.09.2025/5R/101MEDIA/DSCF0077.JPG,DSCF0077.JPG,5R/101MEDIA,0,Other_Amphibian,0.3469,2239.4,5.7,2477.8,754.0
/srv/shared_leopard_toad/2025/Documents/25.08-01.09.2025/5R/101MEDIA/DSCF0350.JPG,DSCF0350.JPG,5R/101MEDIA,0,Other_Amphibian,0.4197,2245.7,0.7,2484.6,767.1
/srv/shared_leopard_toad/2025/Documents/25.08-01.09.2025/5R/101MEDIA/DSCF0390.JPG,DSCF0390.JPG,5R/101MEDIA,0,Other_Amphibian,0.4412,2245.9,4.4,2489.6,746.8
/srv/shared_leopard_toad/2025/Documents/25.08-01.09.2025/5R/101MEDIA/DSCF0185.JPG,DSCF0185.JPG,5R/101MEDIA,0,Other_Amphibian,0.3840,2241.3,5.2,2478.4,746.8
/srv/shared_leopard_toad/2025/Documents/25.08-01.09.2025/5R/101MEDIA/DSCF0539.JPG,DSCF0539.JPG,5R/101MEDIA,0,Other_Amphibian,0.3003,2275.1,0.0,2575.9,593.2
/srv/shared_leopard_toad/2025/Documents/25.08-01.09.2025/5R/101MEDIA/DSCF0051.JPG,DSCF0051.JPG,5R/101MEDIA,0,Other_Amphibian,0.3032,2248.0,-1.3,2471.8,663.5
/srv/shared_leopard_toad/2025/Documents/25.08-01.09.2025/5R/101MEDIA/DSCF0292.JPG,DSCF0292.JPG,5R/101MEDIA,0,Other_Amphibian,0.2410,2257.3,-0.4,2472.9,659.3
/srv/shared_leopard_toad/2025/Documents/25.08-01.09.2025/5R/101MEDIA/DSCF0429.JPG,DSCF0429.JPG,5R/101MEDIA,0,Other_Amphibian,0.2578,2261.8,-3.9,2549.9,621.4
/srv/shared_leopard_toad/2025/Documents/25.08-01.09.2025/5R/101MEDIA/DSCF0431.JPG,DSCF0431.JPG,5R/101MEDIA,0,Other_Amphibian,0.3169,2275.5,-3.0,2523.0,573.6
/srv/shared_leopard_toad/2025/Documents/25.08-01.09.2025/5R/101MEDIA/DSCF0431.JPG,DSCF0431.JPG,5R/101MEDIA,0,Other_Amphibian,0.2507,2272.2,-2.4,2521.1,583.1
/srv/shared_leopard_toad/2025/Documents/25.08-01.09.2025/5R/101MEDIA/DSCF0341.JPG,DSCF0341.JPG,5R/101MEDIA,0,Other_Amphibian,0.2185,2248.0,5.4,2495.4,735.5
/srv/shared_leopard_toad/2025/Documents/25.08-01.09.2025/5R/101MEDIA/DSCF0304.JPG,DSCF0304.JPG,5R/101MEDIA,0,Other_Amphibian,0.3870,2249.0,3.3,2476.0,735.7
/srv/shared_leopard_toad/2025/Documents/25.08-01.09.2025/5R/101MEDIA/DSCF0592.JPG,DSCF0592.JPG,5R/101MEDIA,0,Other_Amphibian,0.2776,2276.4,-3.3,2606.1,620.9
/srv/shared_leopard_toad/2025/Documents/25.08-01.09.2025/5R/101MEDIA/DSCF0574.JPG,DSCF0574.JPG,5R/101MEDIA,0,Other_Amphibian,0.2213,2279.9,-0.7,2539.6,539.7
/srv/shared_leopard_toad/2025/Documents/25.08-01.09.2025/5R/101MEDIA/DSCF0266.JPG,DSCF0266.JPG,5R/101MEDIA,0,Other_Amphibian,0.3755,2256.5,1.7,2468.5,672.4
/srv/shared_leopard_toad/2025/Documents/25.08-01.09.2025/5R/101MEDIA/DSCF0003.JPG,DSCF0003.JPG,5R/101MEDIA,0,Other_Amphibian,0.3340,2246.3,5.9,2489.2,761.9
/srv/shared_leopard_toad/2025/Documents/25.08-01.09.2025/5R/101MEDIA/DSCF0207.JPG,DSCF0207.JPG,5R/101MEDIA,0,Other_Amphibian,0.2517,2250.0,4.4,2496.0,734.6
/srv/shared_leopard_toad/2025/Documents/25.08-01.09.2025/5R/101MEDIA/DSCF0207.JPG,DSCF0207.JPG,5R/101MEDIA,0,Other_Amphibian,0.2125,2250.9,-5.5,2474.1,687.7
/srv/shared_leopard_toad/2025/Documents/25.08-01.09.2025/5R/101MEDIA/DSCF0393.JPG,DSCF0393.JPG,5R/101MEDIA,0,Other_Amphibian,0.3379,2244.9,3.7,2480.1,770.0
/srv/shared_leopard_toad/2025/Documents/25.08-01.09.2025/5R/101MEDIA/DSCF0780.JPG,DSCF0780.JPG,5R/101MEDIA,0,Other_Amphibian,0.3359,2764.6,1060.5,3125.9,1514.6
/srv/shared_leopard_toad/2025/Documents/25.08-01.09.2025/5R/101MEDIA/DSCF0780.JPG,DSCF0780.JPG,5R/101MEDIA,2,Western_Leopard_Toad,0.3303,2764.6,1060.5,3125.9,1514.6
/srv/shared_leopard_toad/2025/Documents/25.08-01.09.2025/5R/101MEDIA/DSCF0369.JPG,DSCF0369.JPG,5R/101MEDIA,0,Other_Amphibian,0.4399,2247.4,4.6,2488.1,742.9
/srv/shared_leopard_toad/2025/Documents/25.08-01.09.2025/5R/101MEDIA/DSCF0369.JPG,DSCF0369.JPG,5R/101MEDIA,0,Other_Amphibian,0.2170,2244.6,-2.2,2472.5,677.4
/srv/shared_leopard_toad/2025/Documents/25.08-01.09.2025/5R/101MEDIA/DSCF0549.JPG,DSCF0549.JPG,5R/101MEDIA,0,Other_Amphibian,0.3093,2269.0,-1.5,2542.6,556.3
/srv/shared_leopard_toad/2025/Documents/25.08-01.09.2025/5R/101MEDIA/DSCF0549.JPG,DSCF0549.JPG,5R/101MEDIA,0,Other_Amphibian,0.2103,2268.7,-3.7,2532.4,555.6
/srv/shared_leopard_toad/2025/Documents/25.08-01.09.2025/5R/101MEDIA/DSCF0353.JPG,DSCF0353.JPG,5R/101MEDIA,0,Other_Amphibian,0.2905,2253.3,2.2,2471.7,610.2
/srv/shared_leopard_toad/2025/Documents/25.08-01.09.2025/5R/101MEDIA/DSCF0394.JPG,DSCF0394.JPG,5R/101MEDIA,0,Other_Amphibian,0.4463,2247.8,4.1,2492.9,766.0
/srv/shared_leopard_toad/2025/Documents/25.08-01.09.2025/5R/101MEDIA/DSCF0476.JPG,DSCF0476.JPG,5R/101MEDIA,0,Other_Amphibian,0.3040,2246.0,5.2,2513.1,1006.3
/srv/shared_leopard_toad/2025/Documents/25.08-01.09.2025/5R/101MEDIA/DSCF0713.JPG,DSCF0713.JPG,5R/101MEDIA,2,Western_Leopard_Toad,0.3286,2785.3,1065.2,3121.0,1501.1
/srv/shared_leopard_toad/2025/Documents/25.08-01.09.2025/5R/101MEDIA/DSCF0713.JPG,DSCF0713.JPG,5R/101MEDIA,0,Other_Amphibian,0.2539,2785.3,1065.2,3121.0,1501.1
/srv/shared_leopard_toad/2025/Documents/25.08-01.09.2025/5R/101MEDIA/DSCF0699.JPG,DSCF0699.JPG,5R/101MEDIA,0,Other_Amphibian,0.2168,2791.8,1065.9,3125.0,1506.3
/srv/shared_leopard_toad/2025/Documents/25.08-01.09.2025/5R/101MEDIA/DSCF0146.JPG,DSCF0146.JPG,5R/101MEDIA,0,Other_Amphibian,0.2600,2234.3,2.6,2490.7,799.2
/srv/shared_leopard_toad/2025/Documents/25.08-01.09.2025/5R/101MEDIA/DSCF0566.JPG,DSCF0566.JPG,5R/101MEDIA,0,Other_Amphibian,0.2477,2271.7,-1.1,2547.8,558.9
/srv/shared_leopard_toad/2025/Documents/25.08-01.09.2025/5R/101MEDIA/DSCF0559.JPG,DSCF0559.JPG,5R/101MEDIA,0,Other_Amphibian,0.2561,2271.0,0.7,2590.5,551.1
/srv/shared_leopard_toad/2025/Documents/25.08-01.09.2025/5R/101MEDIA/DSCF0445.JPG,DSCF0445.JPG,5R/101MEDIA,0,Other_Amphibian,0.2445,2273.2,-3.7,2525.3,603.2
/srv/shared_leopard_toad/2025/Documents/25.08-01.09.2025/5R/101MEDIA/DSCF0445.JPG,DSCF0445.JPG,5R/101MEDIA,0,Other_Amphibian,0.2424,2273.4,-3.9,2525.1,591.9
/srv/shared_leopard_toad/2025/Documents/25.08-01.09.2025/5R/101MEDIA/DSCF0368.JPG,DSCF0368.JPG,5R/101MEDIA,0,Other_Amphibian,0.4070,2252.8,2.8,2498.4,730.7
/srv/shared_leopard_toad/2025/Documents/25.08-01.09.2025/5R/101MEDIA/DSCF0368.JPG,DSCF0368.JPG,5R/101MEDIA,0,Other_Amphibian,0.2205,2247.9,-2.6,2477.1,709.9
/srv/shared_leopard_toad/2025/Documents/25.08-01.09.2025/5R/101MEDIA/DSCF0366.JPG,DSCF0366.JPG,5R/101MEDIA,0,Other_Amphibian,0.3474,2254.1,-3.5,2470.9,649.9
/srv/shared_leopard_toad/2025/Documents/25.08-01.09.2025/5R/101MEDIA/DSCF0366.JPG,DSCF0366.JPG,5R/101MEDIA,0,Other_Amphibian,0.2355,2249.1,0.6,2475.9,732.9
/srv/shared_leopard_toad/2025/Documents/25.08-01.09.2025/5R/101MEDIA/DSCF0067.JPG,DSCF0067.JPG,5R/101MEDIA,0,Other_Amphibian,0.3303,2240.8,6.5,2484.2,755.4
/srv/shared_leopard_toad/2025/Documents/25.08-01.09.2025/5R/101MEDIA/DSCF0251.JPG,DSCF0251.JPG,5R/101MEDIA,0,Other_Amphibian,0.2426,2250.6,5.9,2474.4,740.1
/srv/shared_leopard_toad/2025/Documents/25.08-01.09.2025/5R/101MEDIA/DSCF0372.JPG,DSCF0372.JPG,5R/101MEDIA,0,Other_Amphibian,0.3818,2248.3,2.6,2476.7,765.2
/srv/shared_leopard_toad/2025/Documents/25.08-01.09.2025/5R/101MEDIA/DSCF0250.JPG,DSCF0250.JPG,5R/101MEDIA,0,Other_Amphibian,0.2903,2258.3,0.4,2466.7,605.4
/srv/shared_leopard_toad/2025/Documents/25.08-01.09.2025/5R/101MEDIA/DSCF0342.JPG,DSCF0342.JPG,5R/101MEDIA,0,Other_Amphibian,0.2925,2245.3,5.0,2485.0,756.9
/srv/shared_leopard_toad/2025/Documents/25.08-01.09.2025/5R/101MEDIA/DSCF0305.JPG,DSCF0305.JPG,5R/101MEDIA,0,Other_Amphibian,0.2903,2255.8,0.2,2469.2,634.0
/srv/shared_leopard_toad/2025/Documents/25.08-01.09.2025/5R/101MEDIA/DSCF0033.JPG,DSCF0033.JPG,5R/101MEDIA,0,Other_Amphibian,0.3779,2240.7,6.3,2479.1,755.6
/srv/shared_leopard_toad/2025/Documents/25.08-01.09.2025/5R/101MEDIA/DSCF0487.JPG,DSCF0487.JPG,5R/101MEDIA,0,Other_Amphibian,0.2455,2272.8,-4.1,2528.3,591.0
/srv/shared_leopard_toad/2025/Documents/25.08-01.09.2025/5R/101MEDIA/DSCF0709.JPG,DSCF0709.JPG,5R/101MEDIA,0,Other_Amphibian,0.2578,2776.8,1061.5,3124.2,1504.8
/srv/shared_leopard_toad/2025/Documents/25.08-01.09.2025/5R/101MEDIA/DSCF0709.JPG,DSCF0709.JPG,5R/101MEDIA,2,Western_Leopard_Toad,0.2559,2776.8,1061.5,3124.2,1504.8
/srv/shared_leopard_toad/2025/Documents/25.08-01.09.2025/5R/101MEDIA/DSCF0168.JPG,DSCF0168.JPG,5R/101MEDIA,0,Other_Amphibian,0.2054,2259.4,-0.4,2476.1,659.3
/srv/shared_leopard_toad/2025/Documents/25.08-01.09.2025/5R/101MEDIA/DSCF0531.JPG,DSCF0531.JPG,5R/101MEDIA,0,Other_Amphibian,0.2217,2272.6,-4.2,2528.5,608.9
/srv/shared_leopard_toad/2025/Documents/25.08-01.09.2025/5R/101MEDIA/DSCF0700.JPG,DSCF0700.JPG,5R/101MEDIA,2,Western_Leopard_Toad,0.3445,2791.4,1065.5,3125.3,1503.7
/srv/shared_leopard_toad/2025/Documents/25.08-01.09.2025/5R/101MEDIA/DSCF0700.JPG,DSCF0700.JPG,5R/101MEDIA,0,Other_Amphibian,0.2720,2791.4,1065.5,3125.3,1503.7
/srv/shared_leopard_toad/2025/Documents/25.08-01.09.2025/5R/101MEDIA/DSCF0230.JPG,DSCF0230.JPG,5R/101MEDIA,0,Other_Amphibian,0.3071,2248.1,3.3,2476.9,628.6
/srv/shared_leopard_toad/2025/Documents/25.08-01.09.2025/5R/101MEDIA/DSCF0007.JPG,DSCF0007.JPG,5R/101MEDIA,0,Other_Amphibian,0.2340,2249.9,7.6,2485.6,754.3
/srv/shared_leopard_toad/2025/Documents/25.08-01.09.2025/5R/101MEDIA/DSCF0139.JPG,DSCF0139.JPG,5R/101MEDIA,0,Other_Amphibian,0.4062,2237.8,4.1,2479.3,777.0
/srv/shared_leopard_toad/2025/Documents/25.08-01.09.2025/5R/101MEDIA/DSCF0256.JPG,DSCF0256.JPG,5R/101MEDIA,0,Other_Amphibian,0.2222,2250.5,-0.2,2464.0,637.7
/srv/shared_leopard_toad/2025/Documents/25.08-01.09.2025/5R/101MEDIA/DSCF0324.JPG,DSCF0324.JPG,5R/101MEDIA,0,Other_Amphibian,0.2930,2251.3,4.2,2478.9,754.7
/srv/shared_leopard_toad/2025/Documents/25.08-01.09.2025/5R/101MEDIA/DSCF0524.JPG,DSCF0524.JPG,5R/101MEDIA,0,Other_Amphibian,0.2524,2269.4,-0.6,2537.0,547.3
/srv/shared_leopard_toad/2025/Documents/25.08-01.09.2025/5R/101MEDIA/DSCF0524.JPG,DSCF0524.JPG,5R/101MEDIA,0,Other_Amphibian,0.2307,2271.1,0.0,2535.3,547.8
/srv/shared_leopard_toad/2025/Documents/25.08-01.09.2025/5R/101MEDIA/DSCF0044.JPG,DSCF0044.JPG,5R/101MEDIA,0,Other_Amphibian,0.2101,2251.3,6.1,2489.4,746.6
/srv/shared_leopard_toad/2025/Documents/25.08-01.09.2025/5R/101MEDIA/DSCF0730.JPG,DSCF0730.JPG,5R/101MEDIA,0,Other_Amphibian,0.4465,2791.8,1061.6,3125.0,1513.5
/srv/shared_leopard_toad/2025/Documents/25.08-01.09.2025/5R/101MEDIA/DSCF0730.JPG,DSCF0730.JPG,5R/101MEDIA,2,Western_Leopard_Toad,0.4167,2791.8,1061.6,3125.0,1513.5
/srv/shared_leopard_toad/2025/Documents/25.08-01.09.2025/5R/101MEDIA/DSCF0581.JPG,DSCF0581.JPG,5R/101MEDIA,0,Other_Amphibian,0.3181,2266.6,-5.4,2584.4,620.7
/srv/shared_leopard_toad/2025/Documents/25.08-01.09.2025/5R/101MEDIA/DSCF0026.JPG,DSCF0026.JPG,5R/101MEDIA,0,Other_Amphibian,0.3232,2242.2,8.5,2482.8,736.4
/srv/shared_leopard_toad/2025/Documents/25.08-01.09.2025/5R/101MEDIA/DSCF0526.JPG,DSCF0526.JPG,5R/101MEDIA,0,Other_Amphibian,0.2429,2270.4,-6.1,2528.1,629.2
/srv/shared_leopard_toad/2025/Documents/25.08-01.09.2025/5R/101MEDIA/DSCF0526.JPG,DSCF0526.JPG,5R/101MEDIA,0,Other_Amphibian,0.2285,2268.9,-7.2,2529.6,628.1
/srv/shared_leopard_toad/2025/Documents/25.08-01.09.2025/5R/101MEDIA/DSCF0380.JPG,DSCF0380.JPG,5R/101MEDIA,0,Other_Amphibian,0.3157,2246.3,3.0,2491.9,778.1
/srv/shared_leopard_toad/2025/Documents/25.08-01.09.2025/5R/101MEDIA/DSCF0568.JPG,DSCF0568.JPG,5R/101MEDIA,0,Other_Amphibian,0.3137,2271.6,-3.0,2534.8,535.3
/srv/shared_leopard_toad/2025/Documents/25.08-01.09.2025/5R/101MEDIA/DSCF0568.JPG,DSCF0568.JPG,5R/101MEDIA,0,Other_Amphibian,0.2788,2273.7,-3.7,2530.1,537.8
/srv/shared_leopard_toad/2025/Documents/25.08-01.09.2025/5R/101MEDIA/DSCF0343.JPG,DSCF0343.JPG,5R/101MEDIA,0,Other_Amphibian,0.3743,2247.7,5.0,2482.6,727.0
/srv/shared_leopard_toad/2025/Documents/25.08-01.09.2025/5R/101MEDIA/DSCF0572.JPG,DSCF0572.JPG,5R/101MEDIA,0,Other_Amphibian,0.4524,2273.2,-2.6,2546.3,563.3
/srv/shared_leopard_toad/2025/Documents/25.08-01.09.2025/5R/101MEDIA/DSCF0572.JPG,DSCF0572.JPG,5R/101MEDIA,0,Other_Amphibian,0.2986,2273.1,-4.2,2541.2,560.9
/srv/shared_leopard_toad/2025/Documents/25.08-01.09.2025/5R/101MEDIA/DSCF0301.JPG,DSCF0301.JPG,5R/101MEDIA,0,Other_Amphibian,0.3499,2240.0,3.3,2479.7,764.5
/srv/shared_leopard_toad/2025/Documents/25.08-01.09.2025/5R/101MEDIA/DSCF0769.JPG,DSCF0769.JPG,5R/101MEDIA,2,Western_Leopard_Toad,0.2798,2763.0,1064.6,3127.5,1517.9
/srv/shared_leopard_toad/2025/Documents/25.08-01.09.2025/5R/101MEDIA/DSCF0769.JPG,DSCF0769.JPG,5R/101MEDIA,0,Other_Amphibian,0.2281,2763.0,1064.6,3127.5,1517.9
/srv/shared_leopard_toad/2025/Documents/25.08-01.09.2025/5R/101MEDIA/DSCF0596.JPG,DSCF0596.JPG,5R/101MEDIA,0,Other_Amphibian,0.2642,2267.8,-2.6,2546.5,543.7
/srv/shared_leopard_toad/2025/Documents/25.08-01.09.2025/5R/101MEDIA/DSCF0596.JPG,DSCF0596.JPG,5R/101MEDIA,0,Other_Amphibian,0.2310,2267.6,-1.8,2536.2,545.6
/srv/shared_leopard_toad/2025/Documents/25.08-01.09.2025/5R/101MEDIA/DSCF0184.JPG,DSCF0184.JPG,5R/101MEDIA,0,Other_Amphibian,0.3306,2242.8,7.0,2482.2,739.0
/srv/shared_leopard_toad/2025/Documents/25.08-01.09.2025/5R/101MEDIA/DSCF0237.JPG,DSCF0237.JPG,5R/101MEDIA,0,Other_Amphibian,0.2751,2245.3,5.9,2485.0,744.2
/srv/shared_leopard_toad/2025/Documents/25.08-01.09.2025/5R/101MEDIA/DSCF0237.JPG,DSCF0237.JPG,5R/101MEDIA,0,Other_Amphibian,0.2299,2252.9,-4.8,2472.1,653.4
/srv/shared_leopard_toad/2025/Documents/25.08-01.09.2025/5R/101MEDIA/DSCF0373.JPG,DSCF0373.JPG,5R/101MEDIA,0,Other_Amphibian,0.3896,2239.0,3.0,2486.0,759.7
/srv/shared_leopard_toad/2025/Documents/25.08-01.09.2025/5R/101MEDIA/DSCF0118.JPG,DSCF0118.JPG,5R/101MEDIA,0,Other_Amphibian,0.2512,2243.1,6.5,2481.9,751.0
/srv/shared_leopard_toad/2025/Documents/25.08-01.09.2025/5R/101MEDIA/DSCF0580.JPG,DSCF0580.JPG,5R/101MEDIA,0,Other_Amphibian,0.2925,2273.5,-3.5,2577.5,642.1
/srv/shared_leopard_toad/2025/Documents/25.08-01.09.2025/5R/101MEDIA/DSCF0060.JPG,DSCF0060.JPG,5R/101MEDIA,0,Other_Amphibian,0.2469,2243.3,10.5,2481.7,735.5
/srv/shared_leopard_toad/2025/Documents/25.08-01.09.2025/5R/101MEDIA/DSCF0736.JPG,DSCF0736.JPG,5R/101MEDIA,0,Other_Amphibian,0.5063,2772.8,1060.0,3122.9,1509.2
/srv/shared_leopard_toad/2025/Documents/25.08-01.09.2025/5R/101MEDIA/DSCF0736.JPG,DSCF0736.JPG,5R/101MEDIA,2,Western_Leopard_Toad,0.3940,2772.8,1060.0,3122.9,1509.2
/srv/shared_leopard_toad/2025/Documents/25.08-01.09.2025/5R/101MEDIA/DSCF0143.JPG,DSCF0143.JPG,5R/101MEDIA,0,Other_Amphibian,0.3394,2244.4,6.1,2472.8,748.4
/srv/shared_leopard_toad/2025/Documents/25.08-01.09.2025/5R/101MEDIA/DSCF0308.JPG,DSCF0308.JPG,5R/101MEDIA,0,Other_Amphibian,0.3521,2251.7,-1.8,2473.3,663.0
/srv/shared_leopard_toad/2025/Documents/25.08-01.09.2025/5R/101MEDIA/DSCF0433.JPG,DSCF0433.JPG,5R/101MEDIA,0,Other_Amphibian,0.2686,2271.3,-3.9,2522.0,590.8
/srv/shared_leopard_toad/2025/Documents/25.08-01.09.2025/5R/101MEDIA/DSCF0433.JPG,DSCF0433.JPG,5R/101MEDIA,0,Other_Amphibian,0.2654,2269.1,-3.5,2524.1,589.3
/srv/shared_leopard_toad/2025/Documents/25.08-01.09.2025/5R/101MEDIA/DSCF0312.JPG,DSCF0312.JPG,5R/101MEDIA,0,Other_Amphibian,0.2323,2256.2,-0.6,2468.8,630.3
/srv/shared_leopard_toad/2025/Documents/25.08-01.09.2025/5R/101MEDIA/DSCF0385.JPG,DSCF0385.JPG,5R/101MEDIA,0,Other_Amphibian,0.2388,2251.4,1.1,2473.6,612.4
/srv/shared_leopard_toad/2025/Documents/25.08-01.09.2025/5R/101MEDIA/DSCF0151.JPG,DSCF0151.JPG,5R/101MEDIA,0,Other_Amphibian,0.3298,2252.2,5.4,2483.2,750.3
/srv/shared_leopard_toad/2025/Documents/25.08-01.09.2025/5R/101MEDIA/DSCF0426.JPG,DSCF0426.JPG,5R/101MEDIA,0,Other_Amphibian,0.3083,2264.8,-2.2,2528.4,614.6
/srv/shared_leopard_toad/2025/Documents/25.08-01.09.2025/5R/101MEDIA/DSCF0426.JPG,DSCF0426.JPG,5R/101MEDIA,0,Other_Amphibian,0.2925,2266.4,-4.1,2524.2,604.7
/srv/shared_leopard_toad/2025/Documents/25.08-01.09.2025/5R/101MEDIA/DSCF0534.JPG,DSCF0534.JPG,5R/101MEDIA,0,Other_Amphibian,0.2295,2269.1,-9.4,2518.9,590.1
/srv/shared_leopard_toad/2025/Documents/25.08-01.09.2025/5R/101MEDIA/DSCF0534.JPG,DSCF0534.JPG,5R/101MEDIA,0,Other_Amphibian,0.2021,2265.7,-13.3,2519.7,628.6
/srv/shared_leopard_toad/2025/Documents/25.08-01.09.2025/5R/101MEDIA/DSCF0041.JPG,DSCF0041.JPG,5R/101MEDIA,0,Other_Amphibian,0.3904,2230.3,4.1,2489.5,778.5
/srv/shared_leopard_toad/2025/Documents/25.08-01.09.2025/5R/101MEDIA/DSCF0254.JPG,DSCF0254.JPG,5R/101MEDIA,0,Other_Amphibian,0.4429,2245.5,4.6,2479.5,729.6
/srv/shared_leopard_toad/2025/Documents/25.08-01.09.2025/5R/101MEDIA/DSCF0254.JPG,DSCF0254.JPG,5R/101MEDIA,0,Other_Amphibian,0.2483,2247.1,-3.1,2470.0,701.9
/srv/shared_leopard_toad/2025/Documents/25.08-01.09.2025/5R/101MEDIA/DSCF0157.JPG,DSCF0157.JPG,5R/101MEDIA,0,Other_Amphibian,0.3169,2256.9,0.6,2478.6,649.1
/srv/shared_leopard_toad/2025/Documents/25.08-01.09.2025/5R/101MEDIA/DSCF0732.JPG,DSCF0732.JPG,5R/101MEDIA,0,Other_Amphibian,0.5269,2776.8,1060.2,3129.5,1512.0
/srv/shared_leopard_toad/2025/Documents/25.08-01.09.2025/5R/101MEDIA/DSCF0732.JPG,DSCF0732.JPG,5R/101MEDIA,2,Western_Leopard_Toad,0.3330,2776.8,1060.2,3129.5,1512.0
/srv/shared_leopard_toad/2025/Documents/25.08-01.09.2025/5R/101MEDIA/DSCF0781.JPG,DSCF0781.JPG,5R/101MEDIA,0,Other_Amphibian,0.2629,2772.5,1060.4,3128.5,1514.8
/srv/shared_leopard_toad/2025/Documents/25.08-01.09.2025/5R/101MEDIA/DSCF0634.JPG,DSCF0634.JPG,5R/101MEDIA,0,Other_Amphibian,0.5000,2252.7,-4.8,2566.8,648.9
/srv/shared_leopard_toad/2025/Documents/25.08-01.09.2025/5R/101MEDIA/DSCF0634.JPG,DSCF0634.JPG,5R/101MEDIA,2,Western_Leopard_Toad,0.2664,2252.7,-4.8,2566.8,648.9
/srv/shared_leopard_toad/2025/Documents/25.08-01.09.2025/5R/101MEDIA/DSCF0008.JPG,DSCF0008.JPG,5R/101MEDIA,0,Other_Amphibian,0.2893,2247.4,6.6,2488.1,757.5
/srv/shared_leopard_toad/2025/Documents/25.08-01.09.2025/5R/101MEDIA/DSCF0303.JPG,DSCF0303.JPG,5R/101MEDIA,0,Other_Amphibian,0.3096,2247.7,4.8,2477.3,780.0
/srv/shared_leopard_toad/2025/Documents/25.08-01.09.2025/5R/101MEDIA/DSCF0155.JPG,DSCF0155.JPG,5R/101MEDIA,0,Other_Amphibian,0.3613,2242.8,6.6,2482.2,750.1
/srv/shared_leopard_toad/2025/Documents/25.08-01.09.2025/5R/101MEDIA/DSCF0220.JPG,DSCF0220.JPG,5R/101MEDIA,0,Other_Amphibian,0.2191,2255.3,4.1,2482.8,754.9
/srv/shared_leopard_toad/2025/Documents/25.08-01.09.2025/5R/101MEDIA/DSCF0722.JPG,DSCF0722.JPG,5R/101MEDIA,0,Other_Amphibian,0.3918,2777.9,1062.8,3123.1,1512.4
/srv/shared_leopard_toad/2025/Documents/25.08-01.09.2025/5R/101MEDIA/DSCF0006.JPG,DSCF0006.JPG,5R/101MEDIA,0,Other_Amphibian,0.4111,2240.7,4.4,2479.1,761.2
/srv/shared_leopard_toad/2025/Documents/25.08-01.09.2025/5R/101MEDIA/DSCF0508.JPG,DSCF0508.JPG,5R/101MEDIA,0,Other_Amphibian,0.2101,2263.5,-6.5,2535.0,611.1
/srv/shared_leopard_toad/2025/Documents/25.08-01.09.2025/5R/101MEDIA/DSCF0508.JPG,DSCF0508.JPG,5R/101MEDIA,0,Other_Amphibian,0.2047,2263.8,-6.1,2529.4,610.7
/srv/shared_leopard_toad/2025/Documents/25.08-01.09.2025/5R/101MEDIA/DSCF0608.JPG,DSCF0608.JPG,5R/101MEDIA,0,Other_Amphibian,0.3877,2272.1,-4.4,2534.3,562.2
/srv/shared_leopard_toad/2025/Documents/25.08-01.09.2025/5R/101MEDIA/DSCF0608.JPG,DSCF0608.JPG,5R/101MEDIA,0,Other_Amphibian,0.2549,2268.9,-5.7,2529.6,563.5
/srv/shared_leopard_toad/2025/Documents/25.08-01.09.2025/5R/101MEDIA/DSCF0451.JPG,DSCF0451.JPG,5R/101MEDIA,0,Other_Amphibian,0.2070,2277.6,-1.5,2515.7,671.8
/srv/shared_leopard_toad/2025/Documents/25.08-01.09.2025/5R/101MEDIA/DSCF0532.JPG,DSCF0532.JPG,5R/101MEDIA,0,Other_Amphibian,0.2128,2251.4,5.5,2526.1,994.8
/srv/shared_leopard_toad/2025/Documents/25.08-01.09.2025/5R/101MEDIA/DSCF0290.JPG,DSCF0290.JPG,5R/101MEDIA,0,Other_Amphibian,0.3845,2256.4,1.1,2473.9,592.1
/srv/shared_leopard_toad/2025/Documents/25.08-01.09.2025/5R/101MEDIA/DSCF0556.JPG,DSCF0556.JPG,5R/101MEDIA,0,Other_Amphibian,0.3245,2271.5,-3.1,2527.0,544.3
/srv/shared_leopard_toad/2025/Documents/25.08-01.09.2025/5R/101MEDIA/DSCF0556.JPG,DSCF0556.JPG,5R/101MEDIA,0,Other_Amphibian,0.2981,2274.6,-3.5,2523.9,545.4
/srv/shared_leopard_toad/2025/Documents/25.08-01.09.2025/5R/101MEDIA/DSCF0057.JPG,DSCF0057.JPG,5R/101MEDIA,0,Other_Amphibian,0.3188,2241.8,6.5,2488.4,761.4
/srv/shared_leopard_toad/2025/Documents/25.08-01.09.2025/5R/101MEDIA/DSCF0615.JPG,DSCF0615.JPG,5R/101MEDIA,0,Other_Amphibian,0.3628,2273.7,-3.3,2548.4,561.8
/srv/shared_leopard_toad/2025/Documents/25.08-01.09.2025/5R/101MEDIA/DSCF0615.JPG,DSCF0615.JPG,5R/101MEDIA,0,Other_Amphibian,0.2278,2272.8,-3.5,2541.4,559.1
/srv/shared_leopard_toad/2025/Documents/25.08-01.09.2025/5R/101MEDIA/DSCF0258.JPG,DSCF0258.JPG,5R/101MEDIA,0,Other_Amphibian,0.4988,2242.8,0.2,2471.7,692.7
/srv/shared_leopard_toad/2025/Documents/25.08-01.09.2025/5R/101MEDIA/DSCF0346.JPG,DSCF0346.JPG,5R/101MEDIA,0,Other_Amphibian,0.2463,2248.1,4.8,2482.1,736.8
/srv/shared_leopard_toad/2025/Documents/25.08-01.09.2025/5R/101MEDIA/DSCF0723.JPG,DSCF0723.JPG,5R/101MEDIA,2,Western_Leopard_Toad,0.4377,2776.4,1060.9,3129.8,1508.3
/srv/shared_leopard_toad/2025/Documents/25.08-01.09.2025/5R/101MEDIA/DSCF0723.JPG,DSCF0723.JPG,5R/101MEDIA,0,Other_Amphibian,0.3418,2776.4,1060.9,3129.8,1508.3
/srv/shared_leopard_toad/2025/Documents/25.08-01.09.2025/5R/101MEDIA/DSCF0432.JPG,DSCF0432.JPG,5R/101MEDIA,0,Other_Amphibian,0.4570,2266.3,-2.8,2527.0,578.3
/srv/shared_leopard_toad/2025/Documents/25.08-01.09.2025/5R/101MEDIA/DSCF0432.JPG,DSCF0432.JPG,5R/101MEDIA,0,Other_Amphibian,0.2598,2262.9,-4.1,2525.1,582.9
/srv/shared_leopard_toad/2025/Documents/25.08-01.09.2025/5R/101MEDIA/DSCF0174.JPG,DSCF0174.JPG,5R/101MEDIA,0,Other_Amphibian,0.3872,2247.7,4.1,2477.3,740.1
/srv/shared_leopard_toad/2025/Documents/25.08-01.09.2025/5R/101MEDIA/DSCF0174.JPG,DSCF0174.JPG,5R/101MEDIA,0,Other_Amphibian,0.2441,2249.6,-4.2,2467.5,696.0
/srv/shared_leopard_toad/2025/Documents/25.08-01.09.2025/5R/101MEDIA/DSCF0697.JPG,DSCF0697.JPG,5R/101MEDIA,0,Other_Amphibian,0.2444,2789.1,1064.6,3122.4,1504.6
/srv/shared_leopard_toad/2025/Documents/25.08-01.09.2025/5R/101MEDIA/DSCF0248.JPG,DSCF0248.JPG,5R/101MEDIA,0,Other_Amphibian,0.2473,2246.1,5.2,2484.2,742.3
/srv/shared_leopard_toad/2025/Documents/25.08-01.09.2025/5R/101MEDIA/DSCF0248.JPG,DSCF0248.JPG,5R/101MEDIA,0,Other_Amphibian,0.2050,2247.8,-1.5,2471.9,666.3
/srv/shared_leopard_toad/2025/Documents/25.08-01.09.2025/5R/101MEDIA/DSCF0117.JPG,DSCF0117.JPG,5R/101MEDIA,0,Other_Amphibian,0.3315,2240.1,5.4,2484.9,757.3
/srv/shared_leopard_toad/2025/Documents/25.08-01.09.2025/5R/101MEDIA/DSCF0152.JPG,DSCF0152.JPG,5R/101MEDIA,0,Other_Amphibian,0.2932,2245.5,7.4,2479.5,747.9
/srv/shared_leopard_toad/2025/Documents/25.08-01.09.2025/5R/101MEDIA/DSCF0036.JPG,DSCF0036.JPG,5R/101MEDIA,0,Other_Amphibian,0.3613,2245.4,5.5,2484.8,768.2
/srv/shared_leopard_toad/2025/Documents/25.08-01.09.2025/5R/101MEDIA/DSCF0052.JPG,DSCF0052.JPG,5R/101MEDIA,0,Other_Amphibian,0.2832,2242.7,6.6,2482.3,767.1
/srv/shared_leopard_toad/2025/Documents/25.08-01.09.2025/5R/101MEDIA/DSCF0189.JPG,DSCF0189.JPG,5R/101MEDIA,0,Other_Amphibian,0.5142,2241.8,3.0,2483.2,783.3
/srv/shared_leopard_toad/2025/Documents/25.08-01.09.2025/5R/101MEDIA/DSCF0040.JPG,DSCF0040.JPG,5R/101MEDIA,0,Other_Amphibian,0.5059,2239.9,5.9,2485.1,764.9
/srv/shared_leopard_toad/2025/Documents/25.08-01.09.2025/5R/101MEDIA/DSCF0315.JPG,DSCF0315.JPG,5R/101MEDIA,0,Other_Amphibian,0.2810,2248.7,4.4,2486.8,767.1
/srv/shared_leopard_toad/2025/Documents/25.08-01.09.2025/5R/101MEDIA/DSCF0288.JPG,DSCF0288.JPG,5R/101MEDIA,0,Other_Amphibian,0.5352,2225.8,4.1,2475.6,774.8
/srv/shared_leopard_toad/2025/Documents/25.08-01.09.2025/5R/101MEDIA/DSCF0045.JPG,DSCF0045.JPG,5R/101MEDIA,0,Other_Amphibian,0.4451,2244.2,5.5,2475.5,743.8
/srv/shared_leopard_toad/2025/Documents/25.08-01.09.2025/5R/101MEDIA/DSCF0264.JPG,DSCF0264.JPG,5R/101MEDIA,0,Other_Amphibian,0.4993,2257.6,1.3,2472.7,604.5
/srv/shared_leopard_toad/2025/Documents/25.08-01.09.2025/5R/101MEDIA/DSCF0145.JPG,DSCF0145.JPG,5R/101MEDIA,0,Other_Amphibian,0.2627,2250.1,6.3,2485.4,725.7
/srv/shared_leopard_toad/2025/Documents/25.08-01.09.2025/5R/101MEDIA/DSCF0504.JPG,DSCF0504.JPG,5R/101MEDIA,0,Other_Amphibian,0.2009,2275.1,-1.7,2523.4,558.3
/srv/shared_leopard_toad/2025/Documents/25.08-01.09.2025/5R/101MEDIA/DSCF0637.JPG,DSCF0637.JPG,5R/101MEDIA,0,Other_Amphibian,0.2100,2195.1,580.3,2480.1,1024.7
/srv/shared_leopard_toad/2025/Documents/25.08-01.09.2025/5R/101MEDIA/DSCF0271.JPG,DSCF0271.JPG,5R/101MEDIA,0,Other_Amphibian,0.5483,2231.7,3.7,2472.3,789.2
/srv/shared_leopard_toad/2025/Documents/25.08-01.09.2025/5R/101MEDIA/DSCF0096.JPG,DSCF0096.JPG,5R/101MEDIA,0,Other_Amphibian,0.2737,2242.0,4.4,2475.1,763.4
/srv/shared_leopard_toad/2025/Documents/25.08-01.09.2025/5R/101MEDIA/DSCF0295.JPG,DSCF0295.JPG,5R/101MEDIA,0,Other_Amphibian,0.2917,2253.6,1.8,2460.9,616.8
/srv/shared_leopard_toad/2025/Documents/25.08-01.09.2025/5R/101MEDIA/DSCF0053.JPG,DSCF0053.JPG,5R/101MEDIA,0,Other_Amphibian,0.3140,2247.8,5.5,2492.9,763.8
/srv/shared_leopard_toad/2025/Documents/25.08-01.09.2025/5R/101MEDIA/DSCF0384.JPG,DSCF0384.JPG,5R/101MEDIA,0,Other_Amphibian,0.2338,2253.6,0.0,2481.9,627.5
/srv/shared_leopard_toad/2025/Documents/25.08-01.09.2025/5R/101MEDIA/DSCF0502.JPG,DSCF0502.JPG,5R/101MEDIA,0,Other_Amphibian,0.2622,2274.8,0.0,2523.7,557.8
/srv/shared_leopard_toad/2025/Documents/25.08-01.09.2025/5R/101MEDIA/DSCF0502.JPG,DSCF0502.JPG,5R/101MEDIA,0,Other_Amphibian,0.2335,2274.8,-0.6,2523.7,559.1
/srv/shared_leopard_toad/2025/Documents/25.08-01.09.2025/5R/101MEDIA/DSCF0231.JPG,DSCF0231.JPG,5R/101MEDIA,0,Other_Amphibian,0.6787,4332.8,743.4,4481.9,935.4
/srv/shared_leopard_toad/2025/Documents/25.08-01.09.2025/5R/101MEDIA/DSCF0231.JPG,DSCF0231.JPG,5R/101MEDIA,0,Other_Amphibian,0.4272,2251.8,0.4,2465.3,651.5
/srv/shared_leopard_toad/2025/Documents/25.08-01.09.2025/5R/101MEDIA/DSCF0731.JPG,DSCF0731.JPG,5R/101MEDIA,0,Other_Amphibian,0.5146,2781.8,1060.9,3124.4,1508.3
/srv/shared_leopard_toad/2025/Documents/25.08-01.09.2025/5R/101MEDIA/DSCF0731.JPG,DSCF0731.JPG,5R/101MEDIA,2,Western_Leopard_Toad,0.4485,2781.8,1060.9,3124.4,1508.3
/srv/shared_leopard_toad/2025/Documents/25.08-01.09.2025/5R/101MEDIA/DSCF0479.JPG,DSCF0479.JPG,5R/101MEDIA,0,Other_Amphibian,0.3120,2273.2,-1.3,2530.6,631.0
/srv/shared_leopard_toad/2025/Documents/25.08-01.09.2025/5R/101MEDIA/DSCF0479.JPG,DSCF0479.JPG,5R/101MEDIA,0,Other_Amphibian,0.2595,2272.5,-2.8,2531.2,632.5
/srv/shared_leopard_toad/2025/Documents/25.08-01.09.2025/5R/101MEDIA/DSCF0247.JPG,DSCF0247.JPG,5R/101MEDIA,0,Other_Amphibian,0.3999,2241.3,3.5,2475.8,755.4
/srv/shared_leopard_toad/2025/Documents/25.08-01.09.2025/5R/101MEDIA/DSCF0582.JPG,DSCF0582.JPG,5R/101MEDIA,0,Other_Amphibian,0.2791,2269.9,-3.5,2557.5,647.7
/srv/shared_leopard_toad/2025/Documents/25.08-01.09.2025/5R/101MEDIA/DSCF0582.JPG,DSCF0582.JPG,5R/101MEDIA,0,Other_Amphibian,0.2064,2269.6,-6.5,2549.9,627.4
/srv/shared_leopard_toad/2025/Documents/25.08-01.09.2025/5R/101MEDIA/DSCF0716.JPG,DSCF0716.JPG,5R/101MEDIA,2,Western_Leopard_Toad,0.4478,2787.3,1062.2,3124.2,1507.0
/srv/shared_leopard_toad/2025/Documents/25.08-01.09.2025/5R/101MEDIA/DSCF0716.JPG,DSCF0716.JPG,5R/101MEDIA,0,Other_Amphibian,0.3201,2787.3,1062.2,3124.2,1507.0
/srv/shared_leopard_toad/2025/Documents/25.08-01.09.2025/5R/101MEDIA/DSCF0106.JPG,DSCF0106.JPG,5R/101MEDIA,0,Other_Amphibian,0.3281,2244.2,7.6,2480.8,748.1
/srv/shared_leopard_toad/2025/Documents/25.08-01.09.2025/5R/101MEDIA/DSCF0246.JPG,DSCF0246.JPG,5R/101MEDIA,0,Other_Amphibian,0.2368,2255.3,4.2,2480.2,748.8
/srv/shared_leopard_toad/2025/Documents/25.08-01.09.2025/5R/101MEDIA/DSCF0378.JPG,DSCF0378.JPG,5R/101MEDIA,0,Other_Amphibian,0.3867,2242.2,1.5,2482.8,784.8
/srv/shared_leopard_toad/2025/Documents/25.08-01.09.2025/5R/101MEDIA/DSCF0704.JPG,DSCF0704.JPG,5R/101MEDIA,0,Other_Amphibian,0.2383,2787.9,1065.7,3123.6,1509.4
/srv/shared_leopard_toad/2025/Documents/25.08-01.09.2025/5R/101MEDIA/DSCF0148.JPG,DSCF0148.JPG,5R/101MEDIA,0,Other_Amphibian,0.2257,2247.6,6.5,2472.2,738.5
/srv/shared_leopard_toad/2025/Documents/25.08-01.09.2025/5R/101MEDIA/DSCF0178.JPG,DSCF0178.JPG,5R/101MEDIA,0,Other_Amphibian,0.3318,2244.0,5.2,2481.0,726.8
/srv/shared_leopard_toad/2025/Documents/25.08-01.09.2025/5R/101MEDIA/DSCF0178.JPG,DSCF0178.JPG,5R/101MEDIA,0,Other_Amphibian,0.2343,2249.7,-1.7,2470.0,686.0
/srv/shared_leopard_toad/2025/Documents/25.08-01.09.2025/5R/101MEDIA/DSCF0738.JPG,DSCF0738.JPG,5R/101MEDIA,0,Other_Amphibian,0.4119,2781.5,1060.7,3124.7,1514.4
/srv/shared_leopard_toad/2025/Documents/25.08-01.09.2025/5R/101MEDIA/DSCF0739.JPG,DSCF0739.JPG,5R/101MEDIA,0,Other_Amphibian,0.3550,2784.5,1062.9,3127.0,1512.2
/srv/shared_leopard_toad/2025/Documents/25.08-01.09.2025/5R/101MEDIA/DSCF0739.JPG,DSCF0739.JPG,5R/101MEDIA,2,Western_Leopard_Toad,0.3538,2784.5,1062.9,3127.0,1512.2
/srv/shared_leopard_toad/2025/Documents/25.08-01.09.2025/5R/101MEDIA/DSCF0607.JPG,DSCF0607.JPG,5R/101MEDIA,0,Other_Amphibian,0.3733,2267.3,-4.1,2575.8,628.3
/srv/shared_leopard_toad/2025/Documents/25.08-01.09.2025/5R/101MEDIA/DSCF0097.JPG,DSCF0097.JPG,5R/101MEDIA,0,Other_Amphibian,0.3599,2237.3,6.3,2482.4,767.4
/srv/shared_leopard_toad/2025/Documents/25.08-01.09.2025/5R/101MEDIA/DSCF0472.JPG,DSCF0472.JPG,5R/101MEDIA,0,Other_Amphibian,0.3687,2264.7,-5.5,2525.9,629.8
/srv/shared_leopard_toad/2025/Documents/25.08-01.09.2025/5R/101MEDIA/DSCF0472.JPG,DSCF0472.JPG,5R/101MEDIA,0,Other_Amphibian,0.2734,2262.8,-5.7,2527.9,636.6
/srv/shared_leopard_toad/2025/Documents/25.08-01.09.2025/5R/101MEDIA/DSCF0721.JPG,DSCF0721.JPG,5R/101MEDIA,0,Other_Amphibian,0.4849,2776.4,1061.6,3124.6,1513.5
/srv/shared_leopard_toad/2025/Documents/25.08-01.09.2025/5R/101MEDIA/DSCF0721.JPG,DSCF0721.JPG,5R/101MEDIA,2,Western_Leopard_Toad,0.3069,2776.4,1061.6,3124.6,1513.5
/srv/shared_leopard_toad/2025/Documents/25.08-01.09.2025/5R/101MEDIA/DSCF0536.JPG,DSCF0536.JPG,5R/101MEDIA,0,Other_Amphibian,0.2133,2271.7,-1.8,2529.4,562.6
/srv/shared_leopard_toad/2025/Documents/25.08-01.09.2025/5R/101MEDIA/DSCF0536.JPG,DSCF0536.JPG,5R/101MEDIA,0,Other_Amphibian,0.2035,2270.1,-2.8,2528.4,563.5
/srv/shared_leopard_toad/2025/Documents/25.08-01.09.2025/5R/101MEDIA/DSCF0448.JPG,DSCF0448.JPG,5R/101MEDIA,0,Other_Amphibian,0.2462,2267.9,-1.7,2530.6,591.5
/srv/shared_leopard_toad/2025/Documents/25.08-01.09.2025/5R/101MEDIA/DSCF0448.JPG,DSCF0448.JPG,5R/101MEDIA,0,Other_Amphibian,0.2318,2269.6,-1.7,2528.9,591.5
/srv/shared_leopard_toad/2025/Documents/25.08-01.09.2025/5R/101MEDIA/DSCF0449.JPG,DSCF0449.JPG,5R/101MEDIA,0,Other_Amphibian,0.2351,2271.3,-2.6,2527.2,626.8
/srv/shared_leopard_toad/2025/Documents/25.08-01.09.2025/5R/101MEDIA/DSCF0449.JPG,DSCF0449.JPG,5R/101MEDIA,0,Other_Amphibian,0.2039,2267.9,-3.5,2530.6,637.7
/srv/shared_leopard_toad/2025/Documents/25.08-01.09.2025/5R/101MEDIA/DSCF0287.JPG,DSCF0287.JPG,5R/101MEDIA,0,Other_Amphibian,0.3035,2248.1,4.4,2487.4,770.0
/srv/shared_leopard_toad/2025/Documents/25.08-01.09.2025/5R/101MEDIA/DSCF0386.JPG,DSCF0386.JPG,5R/101MEDIA,0,Other_Amphibian,0.3855,2248.8,-1.3,2468.3,674.2
/srv/shared_leopard_toad/2025/Documents/25.08-01.09.2025/5R/101MEDIA/DSCF0386.JPG,DSCF0386.JPG,5R/101MEDIA,0,Other_Amphibian,0.2251,2245.0,3.0,2474.7,726.8
/srv/shared_leopard_toad/2025/Documents/25.08-01.09.2025/5R/101MEDIA/DSCF0134.JPG,DSCF0134.JPG,5R/101MEDIA,0,Other_Amphibian,0.2891,2252.2,3.3,2483.2,751.2
/srv/shared_leopard_toad/2025/Documents/25.08-01.09.2025/5R/101MEDIA/DSCF0023.JPG,DSCF0023.JPG,5R/101MEDIA,0,Other_Amphibian,0.2480,2245.6,6.6,2489.9,721.3
/srv/shared_leopard_toad/2025/Documents/25.08-01.09.2025/5R/101MEDIA/DSCF0023.JPG,DSCF0023.JPG,5R/101MEDIA,0,Other_Amphibian,0.2039,2253.2,-2.0,2477.0,693.8
/srv/shared_leopard_toad/2025/Documents/25.08-01.09.2025/5R/101MEDIA/DSCF0474.JPG,DSCF0474.JPG,5R/101MEDIA,0,Other_Amphibian,0.2197,2272.3,-2.6,2515.7,571.1
/srv/shared_leopard_toad/2025/Documents/25.08-01.09.2025/5R/101MEDIA/DSCF0474.JPG,DSCF0474.JPG,5R/101MEDIA,0,Other_Amphibian,0.2124,2273.2,-2.6,2517.5,572.2
/srv/shared_leopard_toad/2025/Documents/25.08-01.09.2025/5R/101MEDIA/DSCF0499.JPG,DSCF0499.JPG,5R/101MEDIA,0,Other_Amphibian,0.3792,2270.4,-1.7,2554.4,650.2
/srv/shared_leopard_toad/2025/Documents/25.08-01.09.2025/5R/101MEDIA/DSCF0499.JPG,DSCF0499.JPG,5R/101MEDIA,0,Other_Amphibian,0.2338,2271.2,-5.2,2537.8,642.7
/srv/shared_leopard_toad/2025/Documents/25.08-01.09.2025/5R/101MEDIA/DSCF0900.JPG,DSCF0900.JPG,5R/101MEDIA,0,Other_Amphibian,0.2388,3361.3,2317.9,3453.2,2410.1
/srv/shared_leopard_toad/2025/Documents/25.08-01.09.2025/5R/101MEDIA/DSCF0768.JPG,DSCF0768.JPG,5R/101MEDIA,0,Other_Amphibian,0.2316,2769.2,1063.1,3121.3,1517.9
/srv/shared_leopard_toad/2025/Documents/25.08-01.09.2025/5R/101MEDIA/DSCF0335.JPG,DSCF0335.JPG,5R/101MEDIA,0,Other_Amphibian,0.3748,2249.0,1.1,2489.2,778.5
/srv/shared_leopard_toad/2025/Documents/25.08-01.09.2025/5R/101MEDIA/DSCF0523.JPG,DSCF0523.JPG,5R/101MEDIA,0,Other_Amphibian,0.4458,2272.6,-0.4,2528.5,545.2
/srv/shared_leopard_toad/2025/Documents/25.08-01.09.2025/5R/101MEDIA/DSCF0523.JPG,DSCF0523.JPG,5R/101MEDIA,0,Other_Amphibian,0.3000,2269.9,-2.2,2523.4,550.0
/srv/shared_leopard_toad/2025/Documents/25.08-01.09.2025/5R/101MEDIA/DSCF0262.JPG,DSCF0262.JPG,5R/101MEDIA,0,Other_Amphibian,0.3677,2246.2,-0.2,2468.3,656.9
/srv/shared_leopard_toad/2025/Documents/25.08-01.09.2025/5R/101MEDIA/DSCF0750.JPG,DSCF0750.JPG,5R/101MEDIA,0,Other_Amphibian,0.2211,2765.6,1063.9,3124.9,1514.2
/srv/shared_leopard_toad/2025/Documents/25.08-01.09.2025/5R/101MEDIA/DSCF0745.JPG,DSCF0745.JPG,5R/101MEDIA,0,Other_Amphibian,0.5635,2779.7,1062.9,3126.5,1512.2
/srv/shared_leopard_toad/2025/Documents/25.08-01.09.2025/5R/101MEDIA/DSCF0745.JPG,DSCF0745.JPG,5R/101MEDIA,2,Western_Leopard_Toad,0.2544,2779.7,1062.9,3126.5,1512.2
/srv/shared_leopard_toad/2025/Documents/25.08-01.09.2025/5R/101MEDIA/DSCF0127.JPG,DSCF0127.JPG,5R/101MEDIA,0,Other_Amphibian,0.4846,2238.1,3.0,2492.1,761.9
/srv/shared_leopard_toad/2025/Documents/25.08-01.09.2025/5R/101MEDIA/DSCF0095.JPG,DSCF0095.JPG,5R/101MEDIA,0,Other_Amphibian,0.2998,2244.8,6.3,2501.2,772.6
/srv/shared_leopard_toad/2025/Documents/25.08-01.09.2025/5R/101MEDIA/DSCF0363.JPG,DSCF0363.JPG,5R/101MEDIA,0,Other_Amphibian,0.4214,2244.2,5.5,2491.3,768.2
/srv/shared_leopard_toad/2025/Documents/25.08-01.09.2025/5R/101MEDIA/DSCF0154.JPG,DSCF0154.JPG,5R/101MEDIA,0,Other_Amphibian,0.2578,2250.0,5.9,2467.1,733.1
/srv/shared_leopard_toad/2025/Documents/25.08-01.09.2025/5R/101MEDIA/DSCF0376.JPG,DSCF0376.JPG,5R/101MEDIA,0,Other_Amphibian,0.3645,2241.8,3.7,2483.2,782.6
/srv/shared_leopard_toad/2025/Documents/25.08-01.09.2025/5R/101MEDIA/DSCF0196.JPG,DSCF0196.JPG,5R/101MEDIA,0,Other_Amphibian,0.3203,2247.5,5.0,2482.8,725.9
/srv/shared_leopard_toad/2025/Documents/25.08-01.09.2025/5R/101MEDIA/DSCF0577.JPG,DSCF0577.JPG,5R/101MEDIA,0,Other_Amphibian,0.3704,2273.4,-1.5,2546.1,545.2
/srv/shared_leopard_toad/2025/Documents/25.08-01.09.2025/5R/101MEDIA/DSCF0577.JPG,DSCF0577.JPG,5R/101MEDIA,0,Other_Amphibian,0.2456,2273.1,-1.7,2541.2,544.7
/srv/shared_leopard_toad/2025/Documents/25.08-01.09.2025/5R/101MEDIA/DSCF0123.JPG,DSCF0123.JPG,5R/101MEDIA,0,Other_Amphibian,0.4270,2237.2,3.7,2474.7,782.6
/srv/shared_leopard_toad/2025/Documents/25.08-01.09.2025/5R/101MEDIA/DSCF0280.JPG,DSCF0280.JPG,5R/101MEDIA,0,Other_Amphibian,0.3704,2249.2,5.2,2481.0,773.7
/srv/shared_leopard_toad/2025/Documents/25.08-01.09.2025/5R/101MEDIA/DSCF0629.JPG,DSCF0629.JPG,5R/101MEDIA,0,Other_Amphibian,0.2350,2267.8,-6.5,2554.4,616.6
/srv/shared_leopard_toad/2025/Documents/25.08-01.09.2025/5R/101MEDIA/DSCF0049.JPG,DSCF0049.JPG,5R/101MEDIA,0,Other_Amphibian,0.3938,2238.1,4.8,2473.8,780.0
/srv/shared_leopard_toad/2025/Documents/25.08-01.09.2025/5R/101MEDIA/DSCF0208.JPG,DSCF0208.JPG,5R/101MEDIA,0,Other_Amphibian,0.2915,2256.1,1.1,2463.6,658.9
/srv/shared_leopard_toad/2025/Documents/25.08-01.09.2025/5R/101MEDIA/DSCF0635.JPG,DSCF0635.JPG,5R/101MEDIA,0,Other_Amphibian,0.2198,2266.7,-2.8,2558.1,591.9
/srv/shared_leopard_toad/2025/Documents/25.08-01.09.2025/5R/101MEDIA/DSCF0065.JPG,DSCF0065.JPG,5R/101MEDIA,0,Other_Amphibian,0.2242,2249.0,8.3,2489.2,732.2
/srv/shared_leopard_toad/2025/Documents/25.08-01.09.2025/5R/101MEDIA/DSCF0065.JPG,DSCF0065.JPG,5R/101MEDIA,0,Other_Amphibian,0.2015,2254.5,0.4,2475.7,646.0
/srv/shared_leopard_toad/2025/Documents/25.08-01.09.2025/5R/101MEDIA/DSCF0782.JPG,DSCF0782.JPG,5R/101MEDIA,0,Other_Amphibian,0.3694,2768.9,1062.2,3126.9,1512.9
/srv/shared_leopard_toad/2025/Documents/25.08-01.09.2025/5R/101MEDIA/DSCF0074.JPG,DSCF0074.JPG,5R/101MEDIA,0,Other_Amphibian,0.2229,2250.1,5.5,2485.4,737.9
/srv/shared_leopard_toad/2025/Documents/25.08-01.09.2025/5R/101MEDIA/DSCF0074.JPG,DSCF0074.JPG,5R/101MEDIA,0,Other_Amphibian,0.2216,2256.2,-2.6,2474.1,657.1
/srv/shared_leopard_toad/2025/Documents/25.08-01.09.2025/5R/101MEDIA/DSCF0533.JPG,DSCF0533.JPG,5R/101MEDIA,0,Other_Amphibian,0.2205,2268.2,-2.4,2532.9,585.3
/srv/shared_leopard_toad/2025/Documents/25.08-01.09.2025/5R/101MEDIA/DSCF0533.JPG,DSCF0533.JPG,5R/101MEDIA,0,Other_Amphibian,0.2050,2266.2,-3.9,2532.3,584.5
/srv/shared_leopard_toad/2025/Documents/25.08-01.09.2025/5R/101MEDIA/DSCF0503.JPG,DSCF0503.JPG,5R/101MEDIA,0,Other_Amphibian,0.2891,2274.2,-2.6,2537.4,637.9
/srv/shared_leopard_toad/2025/Documents/25.08-01.09.2025/5R/101MEDIA/DSCF0503.JPG,DSCF0503.JPG,5R/101MEDIA,0,Other_Amphibian,0.2644,2275.4,-2.6,2533.6,637.9
/srv/shared_leopard_toad/2025/Documents/25.08-01.09.2025/5R/101MEDIA/DSCF0622.JPG,DSCF0622.JPG,5R/101MEDIA,0,Other_Amphibian,0.3552,2268.3,0.0,2551.2,566.6
/srv/shared_leopard_toad/2025/Documents/25.08-01.09.2025/5R/101MEDIA/DSCF0622.JPG,DSCF0622.JPG,5R/101MEDIA,0,Other_Amphibian,0.3027,2266.4,-0.7,2547.8,565.2
/srv/shared_leopard_toad/2025/Documents/25.08-01.09.2025/5R/101MEDIA/DSCF0211.JPG,DSCF0211.JPG,5R/101MEDIA,0,Other_Amphibian,0.2534,2245.3,6.6,2474.5,765.6
/srv/shared_leopard_toad/2025/Documents/25.08-01.09.2025/5R/101MEDIA/DSCF0030.JPG,DSCF0030.JPG,5R/101MEDIA,0,Other_Amphibian,0.2795,2245.4,6.5,2474.3,739.6
/srv/shared_leopard_toad/2025/Documents/25.08-01.09.2025/5R/101MEDIA/DSCF0483.JPG,DSCF0483.JPG,5R/101MEDIA,0,Other_Amphibian,0.2744,2267.3,-4.1,2523.3,623.8
/srv/shared_leopard_toad/2025/Documents/25.08-01.09.2025/5R/101MEDIA/DSCF0121.JPG,DSCF0121.JPG,5R/101MEDIA,0,Other_Amphibian,0.4004,2240.1,7.0,2484.9,780.7
/srv/shared_leopard_toad/2025/Documents/25.08-01.09.2025/5R/101MEDIA/DSCF0113.JPG,DSCF0113.JPG,5R/101MEDIA,0,Other_Amphibian,0.3818,2240.3,3.7,2474.2,782.6
/srv/shared_leopard_toad/2025/Documents/25.08-01.09.2025/5R/101MEDIA/DSCF0387.JPG,DSCF0387.JPG,5R/101MEDIA,0,Other_Amphibian,0.2585,2255.5,0.9,2474.7,603.7
/srv/shared_leopard_toad/2025/Documents/25.08-01.09.2025/5R/101MEDIA/DSCF0786.JPG,DSCF0786.JPG,5R/101MEDIA,0,Other_Amphibian,0.2671,2766.6,1064.2,3129.2,1519.8
/srv/shared_leopard_toad/2025/Documents/25.08-01.09.2025/5R/101MEDIA/DSCF0091.JPG,DSCF0091.JPG,5R/101MEDIA,0,Other_Amphibian,0.3484,2243.3,5.2,2481.7,769.3
/srv/shared_leopard_toad/2025/Documents/25.08-01.09.2025/5R/101MEDIA/DSCF0130.JPG,DSCF0130.JPG,5R/101MEDIA,0,Other_Amphibian,0.3401,2246.8,3.7,2483.4,754.5
/srv/shared_leopard_toad/2025/Documents/25.08-01.09.2025/5R/101MEDIA/DSCF0742.JPG,DSCF0742.JPG,5R/101MEDIA,0,Other_Amphibian,0.3801,2767.2,1062.2,3123.3,1518.8
/srv/shared_leopard_toad/2025/Documents/25.08-01.09.2025/5R/101MEDIA/DSCF0742.JPG,DSCF0742.JPG,5R/101MEDIA,2,Western_Leopard_Toad,0.3047,2767.2,1062.2,3123.3,1518.8
/srv/shared_leopard_toad/2025/Documents/25.08-01.09.2025/5R/101MEDIA/DSCF0632.JPG,DSCF0632.JPG,5R/101MEDIA,0,Other_Amphibian,0.4443,2273.3,2.2,2593.4,609.1
/srv/shared_leopard_toad/2025/Documents/25.08-01.09.2025/5R/101MEDIA/DSCF0031.JPG,DSCF0031.JPG,5R/101MEDIA,0,Other_Amphibian,0.2190,2247.4,5.0,2490.7,753.2
/srv/shared_leopard_toad/2025/Documents/25.08-01.09.2025/5R/101MEDIA/DSCF0391.JPG,DSCF0391.JPG,5R/101MEDIA,0,Other_Amphibian,0.2549,2258.4,4.2,2487.6,743.6
/srv/shared_leopard_toad/2025/Documents/25.08-01.09.2025/5R/101MEDIA/DSCF0191.JPG,DSCF0191.JPG,5R/101MEDIA,0,Other_Amphibian,0.2732,2252.5,5.2,2483.0,767.1
/srv/shared_leopard_toad/2025/Documents/25.08-01.09.2025/5R/101MEDIA/DSCF0058.JPG,DSCF0058.JPG,5R/101MEDIA,0,Other_Amphibian,0.4307,2254.0,2.6,2481.5,634.9
/srv/shared_leopard_toad/2025/Documents/25.08-01.09.2025/5R/101MEDIA/DSCF0169.JPG,DSCF0169.JPG,5R/101MEDIA,0,Other_Amphibian,0.3079,2245.5,6.3,2479.5,755.6
/srv/shared_leopard_toad/2025/Documents/25.08-01.09.2025/5R/101MEDIA/DSCF0706.JPG,DSCF0706.JPG,5R/101MEDIA,2,Western_Leopard_Toad,0.6328,2791.1,1062.9,3125.6,1500.4
/srv/shared_leopard_toad/2025/Documents/25.08-01.09.2025/5R/101MEDIA/DSCF0525.JPG,DSCF0525.JPG,5R/101MEDIA,0,Other_Amphibian,0.2422,2273.6,-1.7,2527.5,553.5
/srv/shared_leopard_toad/2025/Documents/25.08-01.09.2025/5R/101MEDIA/DSCF0525.JPG,DSCF0525.JPG,5R/101MEDIA,0,Other_Amphibian,0.2334,2275.3,-2.0,2528.4,554.6
/srv/shared_leopard_toad/2025/Documents/25.08-01.09.2025/5R/101MEDIA/DSCF0757.JPG,DSCF0757.JPG,5R/101MEDIA,0,Other_Amphibian,0.2070,2766.3,1064.4,3119.0,1510.7
/srv/shared_leopard_toad/2025/Documents/25.08-01.09.2025/5R/101MEDIA/DSCF0144.JPG,DSCF0144.JPG,5R/101MEDIA,0,Other_Amphibian,0.2998,2251.6,6.5,2478.7,738.5
/srv/shared_leopard_toad/2025/Documents/25.08-01.09.2025/5R/101MEDIA/DSCF0238.JPG,DSCF0238.JPG,5R/101MEDIA,0,Other_Amphibian,0.2162,2255.1,5.7,2485.6,756.2
/srv/shared_leopard_toad/2025/Documents/25.08-01.09.2025/5R/101MEDIA/DSCF0086.JPG,DSCF0086.JPG,5R/101MEDIA,0,Other_Amphibian,0.2878,2230.3,8.5,2476.4,771.1
/srv/shared_leopard_toad/2025/Documents/25.08-01.09.2025/5R/101MEDIA/DSCF0735.JPG,DSCF0735.JPG,5R/101MEDIA,0,Other_Amphibian,0.2058,2775.1,1062.8,3125.9,1518.3
/srv/shared_leopard_toad/2025/Documents/25.08-01.09.2025/5R/101MEDIA/DSCF0613.JPG,DSCF0613.JPG,5R/101MEDIA,0,Other_Amphibian,0.3306,2270.8,-2.2,2540.8,537.5
/srv/shared_leopard_toad/2025/Documents/25.08-01.09.2025/5R/101MEDIA/DSCF0613.JPG,DSCF0613.JPG,5R/101MEDIA,0,Other_Amphibian,0.2971,2271.7,-3.1,2537.3,540.2
/srv/shared_leopard_toad/2025/Documents/25.08-01.09.2025/5R/101MEDIA/DSCF0192.JPG,DSCF0192.JPG,5R/101MEDIA,0,Other_Amphibian,0.3342,2246.6,5.7,2483.7,754.7
/srv/shared_leopard_toad/2025/Documents/25.08-01.09.2025/5R/101MEDIA/DSCF0114.JPG,DSCF0114.JPG,5R/101MEDIA,0,Other_Amphibian,0.3813,2245.7,6.5,2474.1,753.2
/srv/shared_leopard_toad/2025/Documents/25.08-01.09.2025/5R/101MEDIA/DSCF0182.JPG,DSCF0182.JPG,5R/101MEDIA,0,Other_Amphibian,0.2925,2248.8,4.8,2497.2,768.9
/srv/shared_leopard_toad/2025/Documents/25.08-01.09.2025/5R/101MEDIA/DSCF0299.JPG,DSCF0299.JPG,5R/101MEDIA,0,Other_Amphibian,0.2371,2249.9,5.2,2485.6,744.2
/srv/shared_leopard_toad/2025/Documents/25.08-01.09.2025/5R/101MEDIA/DSCF0345.JPG,DSCF0345.JPG,5R/101MEDIA,0,Other_Amphibian,0.3652,2247.7,3.7,2477.3,778.9
/srv/shared_leopard_toad/2025/Documents/25.08-01.09.2025/5R/101MEDIA/DSCF0293.JPG,DSCF0293.JPG,5R/101MEDIA,0,Other_Amphibian,0.2727,2250.5,4.1,2485.0,766.7
/srv/shared_leopard_toad/2025/Documents/25.08-01.09.2025/5R/101MEDIA/DSCF0020.JPG,DSCF0020.JPG,5R/101MEDIA,0,Other_Amphibian,0.2805,2244.9,7.4,2490.6,754.5
/srv/shared_leopard_toad/2025/Documents/25.08-01.09.2025/5R/101MEDIA/DSCF0195.JPG,DSCF0195.JPG,5R/101MEDIA,0,Other_Amphibian,0.3813,2251.4,-1.3,2465.7,682.4
/srv/shared_leopard_toad/2025/Documents/25.08-01.09.2025/5R/101MEDIA/DSCF0195.JPG,DSCF0195.JPG,5R/101MEDIA,0,Other_Amphibian,0.2274,2244.0,4.8,2473.2,709.9
/srv/shared_leopard_toad/2025/Documents/25.08-01.09.2025/5R/101MEDIA/DSCF0018.JPG,DSCF0018.JPG,5R/101MEDIA,0,Other_Amphibian,0.2303,2249.1,-2.4,2475.9,655.4
/srv/shared_leopard_toad/2025/Documents/25.08-01.09.2025/5R/101MEDIA/DSCF0018.JPG,DSCF0018.JPG,5R/101MEDIA,0,Other_Amphibian,0.2004,2242.6,6.3,2487.7,720.9
/srv/shared_leopard_toad/2025/Documents/25.08-01.09.2025/5R/101MEDIA/DSCF0527.JPG,DSCF0527.JPG,5R/101MEDIA,0,Other_Amphibian,0.3774,2272.3,0.7,2539.4,550.0
/srv/shared_leopard_toad/2025/Documents/25.08-01.09.2025/5R/101MEDIA/DSCF0527.JPG,DSCF0527.JPG,5R/101MEDIA,0,Other_Amphibian,0.3269,2272.9,-1.1,2536.1,550.0
/srv/shared_leopard_toad/2025/Documents/25.08-01.09.2025/5R/101MEDIA/DSCF0338.JPG,DSCF0338.JPG,5R/101MEDIA,0,Other_Amphibian,0.2144,2251.5,5.2,2494.5,739.8
/srv/shared_leopard_toad/2025/Documents/25.08-01.09.2025/5R/101MEDIA/DSCF0360.JPG,DSCF0360.JPG,5R/101MEDIA,0,Other_Amphibian,0.3621,2253.2,4.1,2487.6,749.0
/srv/shared_leopard_toad/2025/Documents/25.08-01.09.2025/5R/101MEDIA/DSCF0206.JPG,DSCF0206.JPG,5R/101MEDIA,0,Other_Amphibian,0.2239,2255.2,-3.7,2461.9,655.6
/srv/shared_leopard_toad/2025/Documents/25.08-01.09.2025/5R/101MEDIA/DSCF0206.JPG,DSCF0206.JPG,5R/101MEDIA,0,Other_Amphibian,0.2081,2248.7,7.0,2476.3,729.1
/srv/shared_leopard_toad/2025/Documents/25.08-01.09.2025/5R/101MEDIA/DSCF0778.JPG,DSCF0778.JPG,5R/101MEDIA,0,Other_Amphibian,0.3594,2773.1,1062.8,3127.9,1518.3
/srv/shared_leopard_toad/2025/Documents/25.08-01.09.2025/5R/101MEDIA/DSCF0059.JPG,DSCF0059.JPG,5R/101MEDIA,0,Other_Amphibian,0.3450,2239.0,8.3,2491.2,745.5
/srv/shared_leopard_toad/2025/Documents/25.08-01.09.2025/5R/101MEDIA/DSCF0180.JPG,DSCF0180.JPG,5R/101MEDIA,0,Other_Amphibian,0.5034,2250.1,3.5,2485.4,634.0
/srv/shared_leopard_toad/2025/Documents/25.08-01.09.2025/5R/101MEDIA/DSCF0558.JPG,DSCF0558.JPG,5R/101MEDIA,0,Other_Amphibian,0.2590,2270.0,-6.5,2539.0,618.9
/srv/shared_leopard_toad/2025/Documents/25.08-01.09.2025/5R/101MEDIA/DSCF0558.JPG,DSCF0558.JPG,5R/101MEDIA,0,Other_Amphibian,0.2197,2271.1,-6.3,2535.3,603.5
/srv/shared_leopard_toad/2025/Documents/25.08-01.09.2025/5R/101MEDIA/DSCF0088.JPG,DSCF0088.JPG,5R/101MEDIA,0,Other_Amphibian,0.3362,2246.8,6.1,2478.2,758.0
/srv/shared_leopard_toad/2025/Documents/25.08-01.09.2025/5R/101MEDIA/DSCF0775.JPG,DSCF0775.JPG,5R/101MEDIA,0,Other_Amphibian,0.2167,2769.2,1063.5,3126.5,1511.6
/srv/shared_leopard_toad/2025/Documents/25.08-01.09.2025/5R/101MEDIA/DSCF0278.JPG,DSCF0278.JPG,5R/101MEDIA,0,Other_Amphibian,0.5195,2257.3,1.8,2472.9,623.5
/srv/shared_leopard_toad/2025/Documents/25.08-01.09.2025/5R/101MEDIA/DSCF0625.JPG,DSCF0625.JPG,5R/101MEDIA,0,Other_Amphibian,0.3169,2270.6,-0.9,2551.5,551.7
/srv/shared_leopard_toad/2025/Documents/25.08-01.09.2025/5R/101MEDIA/DSCF0625.JPG,DSCF0625.JPG,5R/101MEDIA,0,Other_Amphibian,0.2319,2271.4,-1.3,2542.9,553.2
/srv/shared_leopard_toad/2025/Documents/25.08-01.09.2025/5R/101MEDIA/DSCF0216.JPG,DSCF0216.JPG,5R/101MEDIA,0,Other_Amphibian,0.4268,2239.0,4.8,2486.0,784.4
/srv/shared_leopard_toad/2025/Documents/25.08-01.09.2025/5R/101MEDIA/DSCF0050.JPG,DSCF0050.JPG,5R/101MEDIA,0,Other_Amphibian,0.2421,2234.9,7.8,2474.3,782.9
/srv/shared_leopard_toad/2025/Documents/25.08-01.09.2025/5R/101MEDIA/DSCF0463.JPG,DSCF0463.JPG,5R/101MEDIA,0,Other_Amphibian,0.2566,2272.5,-1.8,2526.0,576.6
/srv/shared_leopard_toad/2025/Documents/25.08-01.09.2025/5R/101MEDIA/DSCF0463.JPG,DSCF0463.JPG,5R/101MEDIA,0,Other_Amphibian,0.2328,2269.6,-2.0,2523.6,583.8
/srv/shared_leopard_toad/2025/Documents/25.08-01.09.2025/5R/101MEDIA/DSCF0727.JPG,DSCF0727.JPG,5R/101MEDIA,0,Other_Amphibian,0.4009,2774.8,1060.7,3121.0,1514.4
/srv/shared_leopard_toad/2025/Documents/25.08-01.09.2025/5R/101MEDIA/DSCF0727.JPG,DSCF0727.JPG,5R/101MEDIA,2,Western_Leopard_Toad,0.2622,2774.8,1060.7,3121.0,1514.4
/srv/shared_leopard_toad/2025/Documents/25.08-01.09.2025/5R/101MEDIA/DSCF0605.JPG,DSCF0605.JPG,5R/101MEDIA,0,Other_Amphibian,0.4956,2276.9,-2.2,2542.6,594.3
/srv/shared_leopard_toad/2025/Documents/25.08-01.09.2025/5R/101MEDIA/DSCF0605.JPG,DSCF0605.JPG,5R/101MEDIA,0,Other_Amphibian,0.2128,2273.2,-3.3,2538.4,583.2
/srv/shared_leopard_toad/2025/Documents/25.08-01.09.2025/5R/101MEDIA/DSCF0087.JPG,DSCF0087.JPG,5R/101MEDIA,0,Other_Amphibian,0.3394,2250.8,5.2,2484.7,737.2
/srv/shared_leopard_toad/2025/Documents/25.08-01.09.2025/5R/101MEDIA/DSCF0314.JPG,DSCF0314.JPG,5R/101MEDIA,0,Other_Amphibian,0.2401,2240.4,6.6,2484.6,789.2
/srv/shared_leopard_toad/2025/Documents/25.08-01.09.2025/5R/101MEDIA/DSCF0760.JPG,DSCF0760.JPG,5R/101MEDIA,0,Other_Amphibian,0.3271,2768.6,1062.2,3127.2,1520.3
/srv/shared_leopard_toad/2025/Documents/25.08-01.09.2025/5R/101MEDIA/DSCF0760.JPG,DSCF0760.JPG,5R/101MEDIA,2,Western_Leopard_Toad,0.2815,2768.6,1062.2,3127.2,1520.3
/srv/shared_leopard_toad/2025/Documents/25.08-01.09.2025/5R/101MEDIA/DSCF0222.JPG,DSCF0222.JPG,5R/101MEDIA,0,Other_Amphibian,0.5254,2237.1,5.2,2482.7,773.7
/srv/shared_leopard_toad/2025/Documents/25.08-01.09.2025/5R/101MEDIA/DSCF0588.JPG,DSCF0588.JPG,5R/101MEDIA,0,Other_Amphibian,0.2788,2275.5,-0.9,2536.2,545.8
/srv/shared_leopard_toad/2025/Documents/25.08-01.09.2025/5R/101MEDIA/DSCF0588.JPG,DSCF0588.JPG,5R/101MEDIA,0,Other_Amphibian,0.2561,2277.1,-1.7,2534.5,547.6
/srv/shared_leopard_toad/2025/Documents/25.08-01.09.2025/5R/101MEDIA/DSCF0068.JPG,DSCF0068.JPG,5R/101MEDIA,0,Other_Amphibian,0.3289,2238.6,7.6,2486.4,754.3
/srv/shared_leopard_toad/2025/Documents/25.08-01.09.2025/5R/101MEDIA/DSCF0724.JPG,DSCF0724.JPG,5R/101MEDIA,0,Other_Amphibian,0.4050,2781.8,1060.2,3124.4,1509.0
/srv/shared_leopard_toad/2025/Documents/25.08-01.09.2025/5R/101MEDIA/DSCF0724.JPG,DSCF0724.JPG,5R/101MEDIA,2,Western_Leopard_Toad,0.3894,2781.8,1060.2,3124.4,1509.0
/srv/shared_leopard_toad/2025/Documents/25.08-01.09.2025/5R/101MEDIA/DSCF0619.JPG,DSCF0619.JPG,5R/101MEDIA,0,Other_Amphibian,0.2534,2272.4,-5.0,2536.6,630.3
/srv/shared_leopard_toad/2025/Documents/25.08-01.09.2025/5R/101MEDIA/DSCF0619.JPG,DSCF0619.JPG,5R/101MEDIA,0,Other_Amphibian,0.2386,2270.7,-5.4,2538.3,632.9
/srv/shared_leopard_toad/2025/Documents/25.08-01.09.2025/5R/101MEDIA/DSCF0025.JPG,DSCF0025.JPG,5R/101MEDIA,0,Other_Amphibian,0.3481,2242.0,6.6,2477.8,767.1
/srv/shared_leopard_toad/2025/Documents/25.08-01.09.2025/5R/101MEDIA/DSCF0381.JPG,DSCF0381.JPG,5R/101MEDIA,0,Other_Amphibian,0.5312,2244.6,2.6,2475.1,761.5
/srv/shared_leopard_toad/2025/Documents/25.08-01.09.2025/5R/101MEDIA/DSCF0365.JPG,DSCF0365.JPG,5R/101MEDIA,0,Other_Amphibian,0.3975,2256.8,-2.6,2468.2,670.7
/srv/shared_leopard_toad/2025/Documents/25.08-01.09.2025/5R/101MEDIA/DSCF0365.JPG,DSCF0365.JPG,5R/101MEDIA,0,Other_Amphibian,0.3218,2253.2,3.7,2482.3,718.0
/srv/shared_leopard_toad/2025/Documents/25.08-01.09.2025/5R/101MEDIA/DSCF0693.JPG,DSCF0693.JPG,5R/101MEDIA,0,Other_Amphibian,0.3057,2799.5,1065.0,3122.5,1498.3
/srv/shared_leopard_toad/2025/Documents/25.08-01.09.2025/5R/101MEDIA/DSCF0741.JPG,DSCF0741.JPG,5R/101MEDIA,0,Other_Amphibian,0.4160,2782.8,1062.8,3123.4,1518.3
/srv/shared_leopard_toad/2025/Documents/25.08-01.09.2025/5R/101MEDIA/DSCF0538.JPG,DSCF0538.JPG,5R/101MEDIA,0,Other_Amphibian,0.2410,2253.6,1.8,2529.2,992.6
/srv/shared_leopard_toad/2025/Documents/25.08-01.09.2025/5R/101MEDIA/DSCF0454.JPG,DSCF0454.JPG,5R/101MEDIA,0,Other_Amphibian,0.3376,2270.4,-3.0,2520.2,633.8
/srv/shared_leopard_toad/2025/Documents/25.08-01.09.2025/5R/101MEDIA/DSCF0454.JPG,DSCF0454.JPG,5R/101MEDIA,0,Other_Amphibian,0.2283,2267.3,-5.0,2520.7,639.2
/srv/shared_leopard_toad/2025/Documents/25.08-01.09.2025/5R/101MEDIA/DSCF0188.JPG,DSCF0188.JPG,5R/101MEDIA,0,Other_Amphibian,0.3997,2244.0,4.4,2481.0,770.0
/srv/shared_leopard_toad/2025/Documents/25.08-01.09.2025/5R/101MEDIA/DSCF0772.JPG,DSCF0772.JPG,5R/101MEDIA,0,Other_Amphibian,0.2808,2771.8,1060.0,3129.2,1515.1
/srv/shared_leopard_toad/2025/Documents/25.08-01.09.2025/5R/101MEDIA/DSCF0133.JPG,DSCF0133.JPG,5R/101MEDIA,0,Other_Amphibian,0.3904,2239.4,4.1,2477.8,782.2
/srv/shared_leopard_toad/2025/Documents/25.08-01.09.2025/5R/101MEDIA/DSCF0181.JPG,DSCF0181.JPG,5R/101MEDIA,0,Other_Amphibian,0.2769,2247.0,7.0,2483.2,743.1
/srv/shared_leopard_toad/2025/Documents/25.08-01.09.2025/5R/101MEDIA/DSCF0773.JPG,DSCF0773.JPG,5R/101MEDIA,0,Other_Amphibian,0.2144,2771.2,1064.6,3129.8,1513.5
/srv/shared_leopard_toad/2025/Documents/25.08-01.09.2025/5R/101MEDIA/DSCF0209.JPG,DSCF0209.JPG,5R/101MEDIA,0,Other_Amphibian,0.3857,2241.4,3.3,2488.8,768.2
/srv/shared_leopard_toad/2025/Documents/25.08-01.09.2025/5R/101MEDIA/DSCF0725.JPG,DSCF0725.JPG,5R/101MEDIA,2,Western_Leopard_Toad,0.4998,2774.8,1062.8,3126.2,1509.4
/srv/shared_leopard_toad/2025/Documents/25.08-01.09.2025/5R/101MEDIA/DSCF0725.JPG,DSCF0725.JPG,5R/101MEDIA,0,Other_Amphibian,0.2642,2774.8,1062.8,3126.2,1509.4
/srv/shared_leopard_toad/2025/Documents/25.08-01.09.2025/5R/101MEDIA/DSCF0550.JPG,DSCF0550.JPG,5R/101MEDIA,0,Other_Amphibian,0.2979,2276.2,-2.4,2543.3,559.1
/srv/shared_leopard_toad/2025/Documents/25.08-01.09.2025/5R/101MEDIA/DSCF0550.JPG,DSCF0550.JPG,5R/101MEDIA,0,Other_Amphibian,0.2053,2276.3,-3.1,2538.0,558.0
/srv/shared_leopard_toad/2025/Documents/25.08-01.09.2025/5R/101MEDIA/DSCF0015.JPG,DSCF0015.JPG,5R/101MEDIA,0,Other_Amphibian,0.4841,2234.3,5.2,2490.7,771.5
/srv/shared_leopard_toad/2025/Documents/25.08-01.09.2025/5R/101MEDIA/DSCF0612.JPG,DSCF0612.JPG,5R/101MEDIA,0,Other_Amphibian,0.2842,2267.4,-4.4,2538.9,585.1
/srv/shared_leopard_toad/2025/Documents/25.08-01.09.2025/5R/101MEDIA/DSCF0612.JPG,DSCF0612.JPG,5R/101MEDIA,0,Other_Amphibian,0.2458,2269.4,-3.9,2537.0,583.8
/srv/shared_leopard_toad/2025/Documents/25.08-01.09.2025/5R/101MEDIA/DSCF0633.JPG,DSCF0633.JPG,5R/101MEDIA,0,Other_Amphibian,0.3635,2230.8,3.7,2567.7,1002.6
/srv/shared_leopard_toad/2025/Documents/25.08-01.09.2025/5R/101MEDIA/DSCF0626.JPG,DSCF0626.JPG,5R/101MEDIA,0,Other_Amphibian,0.2358,2272.5,-5.2,2539.1,623.8
/srv/shared_leopard_toad/2025/Documents/25.08-01.09.2025/5R/101MEDIA/DSCF0076.JPG,DSCF0076.JPG,5R/101MEDIA,0,Other_Amphibian,0.2163,2249.1,10.5,2496.9,734.4
/srv/shared_leopard_toad/2025/Documents/25.08-01.09.2025/5R/101MEDIA/DSCF0240.JPG,DSCF0240.JPG,5R/101MEDIA,0,Other_Amphibian,0.3140,2247.7,0.9,2477.3,637.7
/srv/shared_leopard_toad/2025/Documents/25.08-01.09.2025/5R/101MEDIA/DSCF0714.JPG,DSCF0714.JPG,5R/101MEDIA,2,Western_Leopard_Toad,0.3599,2777.9,1065.0,3117.8,1510.2
/srv/shared_leopard_toad/2025/Documents/25.08-01.09.2025/5R/101MEDIA/DSCF0714.JPG,DSCF0714.JPG,5R/101MEDIA,0,Other_Amphibian,0.2642,2777.9,1065.0,3117.8,1510.2
/srv/shared_leopard_toad/2025/Documents/25.08-01.09.2025/5R/101MEDIA/DSCF0302.JPG,DSCF0302.JPG,5R/101MEDIA,0,Other_Amphibian,0.3718,2249.9,-5.2,2469.9,700.6
/srv/shared_leopard_toad/2025/Documents/25.08-01.09.2025/5R/101MEDIA/DSCF0302.JPG,DSCF0302.JPG,5R/101MEDIA,0,Other_Amphibian,0.3511,2248.6,0.0,2476.4,721.7
/srv/shared_leopard_toad/2025/Documents/25.08-01.09.2025/5R/101MEDIA/DSCF0232.JPG,DSCF0232.JPG,5R/101MEDIA,0,Other_Amphibian,0.5093,2241.3,4.1,2473.2,748.6
/srv/shared_leopard_toad/2025/Documents/25.08-01.09.2025/5R/101MEDIA/DSCF0545.JPG,DSCF0545.JPG,5R/101MEDIA,0,Other_Amphibian,0.3406,2266.5,-3.0,2534.6,562.6
/srv/shared_leopard_toad/2025/Documents/25.08-01.09.2025/5R/101MEDIA/DSCF0545.JPG,DSCF0545.JPG,5R/101MEDIA,0,Other_Amphibian,0.2852,2265.9,-4.4,2532.6,564.0
/srv/shared_leopard_toad/2025/Documents/25.08-01.09.2025/5R/101MEDIA/DSCF0377.JPG,DSCF0377.JPG,5R/101MEDIA,0,Other_Amphibian,0.3779,2244.0,3.0,2481.0,783.3
/srv/shared_leopard_toad/2025/Documents/25.08-01.09.2025/5R/101MEDIA/DSCF0705.JPG,DSCF0705.JPG,5R/101MEDIA,2,Western_Leopard_Toad,0.4160,2792.7,1066.1,3124.1,1503.1
/srv/shared_leopard_toad/2025/Documents/25.08-01.09.2025/5R/101MEDIA/DSCF0705.JPG,DSCF0705.JPG,5R/101MEDIA,0,Other_Amphibian,0.2441,2792.7,1066.1,3124.1,1503.1
/srv/shared_leopard_toad/2025/Documents/25.08-01.09.2025/5R/101MEDIA/DSCF0813.JPG,DSCF0813.JPG,5R/101MEDIA,2,Western_Leopard_Toad,0.3662,2805.5,1656.3,3137.5,2082.3
/srv/shared_leopard_toad/2025/Documents/25.08-01.09.2025/5R/101MEDIA/DSCF0048.JPG,DSCF0048.JPG,5R/101MEDIA,0,Other_Amphibian,0.3347,2239.8,8.5,2480.0,777.0
/srv/shared_leopard_toad/2025/Documents/25.08-01.09.2025/5R/101MEDIA/DSCF0267.JPG,DSCF0267.JPG,5R/101MEDIA,0,Other_Amphibian,0.2847,2249.2,5.4,2488.9,730.7
/srv/shared_leopard_toad/2025/Documents/25.08-01.09.2025/5R/101MEDIA/DSCF0319.JPG,DSCF0319.JPG,5R/101MEDIA,0,Other_Amphibian,0.2498,2260.6,-0.4,2464.4,626.8
/srv/shared_leopard_toad/2025/Documents/25.08-01.09.2025/5R/101MEDIA/DSCF0319.JPG,DSCF0319.JPG,5R/101MEDIA,0,Other_Amphibian,0.2045,2252.7,5.5,2477.6,719.1
/srv/shared_leopard_toad/2025/Documents/25.08-01.09.2025/5R/101MEDIA/DSCF0150.JPG,DSCF0150.JPG,5R/101MEDIA,0,Other_Amphibian,0.4048,2244.0,3.0,2475.8,738.7
/srv/shared_leopard_toad/2025/Documents/25.08-01.09.2025/5R/101MEDIA/DSCF0510.JPG,DSCF0510.JPG,5R/101MEDIA,0,Other_Amphibian,0.2118,2775.4,1073.8,3130.8,1519.0
/srv/shared_leopard_toad/2025/Documents/25.08-01.09.2025/5R/101MEDIA/DSCF0323.JPG,DSCF0323.JPG,5R/101MEDIA,0,Other_Amphibian,0.3555,2249.0,4.6,2486.5,726.3
/srv/shared_leopard_toad/2025/Documents/25.08-01.09.2025/5R/101MEDIA/DSCF0013.JPG,DSCF0013.JPG,5R/101MEDIA,0,Other_Amphibian,0.3108,2238.1,5.9,2497.4,790.7
/srv/shared_leopard_toad/2025/Documents/25.08-01.09.2025/5R/101MEDIA/DSCF0108.JPG,DSCF0108.JPG,5R/101MEDIA,0,Other_Amphibian,0.4321,2242.3,3.7,2487.9,772.2
/srv/shared_leopard_toad/2025/Documents/25.08-01.09.2025/5R/101MEDIA/DSCF0277.JPG,DSCF0277.JPG,5R/101MEDIA,0,Other_Amphibian,0.2563,2248.6,1.8,2497.4,775.6
/srv/shared_leopard_toad/2025/Documents/25.08-01.09.2025/5R/101MEDIA/DSCF0153.JPG,DSCF0153.JPG,5R/101MEDIA,0,Other_Amphibian,0.4329,2230.3,5.2,2473.7,779.6
/srv/shared_leopard_toad/2025/Documents/25.08-01.09.2025/5R/101MEDIA/DSCF0708.JPG,DSCF0708.JPG,5R/101MEDIA,2,Western_Leopard_Toad,0.3145,2782.2,1064.4,3124.1,1504.8
/srv/shared_leopard_toad/2025/Documents/25.08-01.09.2025/5R/101MEDIA/DSCF0708.JPG,DSCF0708.JPG,5R/101MEDIA,0,Other_Amphibian,0.2954,2782.2,1064.4,3124.1,1504.8
/srv/shared_leopard_toad/2025/Documents/25.08-01.09.2025/5R/101MEDIA/DSCF0119.JPG,DSCF0119.JPG,5R/101MEDIA,0,Other_Amphibian,0.4536,2234.4,3.0,2477.4,783.3
/srv/shared_leopard_toad/2025/Documents/25.08-01.09.2025/5R/101MEDIA/DSCF0469.JPG,DSCF0469.JPG,5R/101MEDIA,0,Other_Amphibian,0.3560,2267.1,-1.8,2518.3,602.4
/srv/shared_leopard_toad/2025/Documents/25.08-01.09.2025/5R/101MEDIA/DSCF0469.JPG,DSCF0469.JPG,5R/101MEDIA,0,Other_Amphibian,0.2445,2265.2,-4.6,2520.2,614.8
/srv/shared_leopard_toad/2025/Documents/25.08-01.09.2025/5R/101MEDIA/DSCF0098.JPG,DSCF0098.JPG,5R/101MEDIA,0,Other_Amphibian,0.3413,2242.2,5.5,2482.8,735.3
/srv/shared_leopard_toad/2025/Documents/25.08-01.09.2025/5R/101MEDIA/DSCF0098.JPG,DSCF0098.JPG,5R/101MEDIA,0,Other_Amphibian,0.2407,2247.8,-4.6,2471.9,709.7
/srv/shared_leopard_toad/2025/Documents/25.08-01.09.2025/5R/101MEDIA/DSCF0214.JPG,DSCF0214.JPG,5R/101MEDIA,0,Other_Amphibian,0.3418,2248.9,6.3,2491.9,755.6
/srv/shared_leopard_toad/2025/Documents/25.08-01.09.2025/5R/101MEDIA/DSCF0627.JPG,DSCF0627.JPG,5R/101MEDIA,0,Other_Amphibian,0.3123,2270.6,-3.0,2535.8,575.5
/srv/shared_leopard_toad/2025/Documents/25.08-01.09.2025/5R/101MEDIA/DSCF0627.JPG,DSCF0627.JPG,5R/101MEDIA,0,Other_Amphibian,0.2991,2271.4,-3.3,2535.0,577.0
/srv/shared_leopard_toad/2025/Documents/25.08-01.09.2025/5R/101MEDIA/DSCF0205.JPG,DSCF0205.JPG,5R/101MEDIA,0,Other_Amphibian,0.7441,4090.4,515.3,4309.6,746.4
/srv/shared_leopard_toad/2025/Documents/25.08-01.09.2025/5R/101MEDIA/DSCF0205.JPG,DSCF0205.JPG,5R/101MEDIA,0,Other_Amphibian,0.3926,2243.0,3.7,2487.3,772.2
/srv/shared_leopard_toad/2025/Documents/25.08-01.09.2025/5R/101MEDIA/DSCF0618.JPG,DSCF0618.JPG,5R/101MEDIA,0,Other_Amphibian,0.2593,2272.6,-2.0,2528.5,575.7
/srv/shared_leopard_toad/2025/Documents/25.08-01.09.2025/5R/101MEDIA/DSCF0618.JPG,DSCF0618.JPG,5R/101MEDIA,0,Other_Amphibian,0.2441,2272.0,-2.6,2526.5,571.1
/srv/shared_leopard_toad/2025/Documents/25.08-01.09.2025/5R/101MEDIA/DSCF0584.JPG,DSCF0584.JPG,5R/101MEDIA,0,Other_Amphibian,0.2065,2277.4,-4.1,2534.3,539.3
/srv/shared_leopard_toad/2025/Documents/25.08-01.09.2025/5R/101MEDIA/DSCF0263.JPG,DSCF0263.JPG,5R/101MEDIA,0,Other_Amphibian,0.4326,2253.8,0.7,2463.3,601.0
/srv/shared_leopard_toad/2025/Documents/25.08-01.09.2025/5R/101MEDIA/DSCF0586.JPG,DSCF0586.JPG,5R/101MEDIA,0,Other_Amphibian,0.2852,2276.4,0.0,2553.6,534.1
/srv/shared_leopard_toad/2025/Documents/25.08-01.09.2025/5R/101MEDIA/DSCF0586.JPG,DSCF0586.JPG,5R/101MEDIA,0,Other_Amphibian,0.2363,2273.4,-0.9,2546.1,537.3
/srv/shared_leopard_toad/2025/Documents/25.08-01.09.2025/5R/101MEDIA/DSCF0349.JPG,DSCF0349.JPG,5R/101MEDIA,0,Other_Amphibian,0.3469,2247.8,6.5,2492.9,748.8
/srv/shared_leopard_toad/2025/Documents/25.08-01.09.2025/5R/101MEDIA/DSCF0555.JPG,DSCF0555.JPG,5R/101MEDIA,0,Other_Amphibian,0.3252,2274.2,-1.3,2537.4,593.4
/srv/shared_leopard_toad/2025/Documents/25.08-01.09.2025/5R/101MEDIA/DSCF0555.JPG,DSCF0555.JPG,5R/101MEDIA,0,Other_Amphibian,0.3159,2272.4,-2.4,2536.6,596.7
/srv/shared_leopard_toad/2025/Documents/25.08-01.09.2025/5R/101MEDIA/DSCF0695.JPG,DSCF0695.JPG,5R/101MEDIA,0,Other_Amphibian,0.2070,2799.2,1066.4,3122.8,1505.7
/srv/shared_leopard_toad/2025/Documents/25.08-01.09.2025/5R/101MEDIA/DSCF0229.JPG,DSCF0229.JPG,5R/101MEDIA,0,Other_Amphibian,0.2129,2250.5,6.1,2469.2,731.1
/srv/shared_leopard_toad/2025/Documents/25.08-01.09.2025/5R/101MEDIA/DSCF0229.JPG,DSCF0229.JPG,5R/101MEDIA,0,Other_Amphibian,0.2002,2250.9,-3.3,2455.8,660.0
/srv/shared_leopard_toad/2025/Documents/25.08-01.09.2025/5R/101MEDIA/DSCF0163.JPG,DSCF0163.JPG,5R/101MEDIA,0,Other_Amphibian,0.3564,2236.3,5.5,2478.2,768.2
/srv/shared_leopard_toad/2025/Documents/25.08-01.09.2025/5R/101MEDIA/DSCF0587.JPG,DSCF0587.JPG,5R/101MEDIA,0,Other_Amphibian,0.2272,2272.8,-0.9,2601.8,561.6
/srv/shared_leopard_toad/2025/Documents/25.08-01.09.2025/5R/101MEDIA/DSCF0711.JPG,DSCF0711.JPG,5R/101MEDIA,0,Other_Amphibian,0.2100,2787.6,1064.2,3123.9,1507.9
/srv/shared_leopard_toad/2025/Documents/25.08-01.09.2025/5R/101MEDIA/DSCF0563.JPG,DSCF0563.JPG,5R/101MEDIA,0,Other_Amphibian,0.2800,2269.2,-2.4,2581.8,591.5
/srv/shared_leopard_toad/2025/Documents/25.08-01.09.2025/5R/101MEDIA/DSCF0283.JPG,DSCF0283.JPG,5R/101MEDIA,0,Other_Amphibian,0.2080,2255.3,-0.6,2464.5,623.7
/srv/shared_leopard_toad/2025/Documents/25.08-01.09.2025/5R/101MEDIA/DSCF0470.JPG,DSCF0470.JPG,5R/101MEDIA,0,Other_Amphibian,0.2444,2271.8,-2.2,2518.9,571.8
/srv/shared_leopard_toad/2025/Documents/25.08-01.09.2025/5R/101MEDIA/DSCF0470.JPG,DSCF0470.JPG,5R/101MEDIA,0,Other_Amphibian,0.2048,2271.1,-3.0,2519.5,575.5
/srv/shared_leopard_toad/2025/Documents/25.08-01.09.2025/5R/101MEDIA/DSCF0710.JPG,DSCF0710.JPG,5R/101MEDIA,2,Western_Leopard_Toad,0.4128,2789.7,1059.8,3121.8,1503.5
/srv/shared_leopard_toad/2025/Documents/25.08-01.09.2025/5R/101MEDIA/DSCF0710.JPG,DSCF0710.JPG,5R/101MEDIA,0,Other_Amphibian,0.2720,2789.7,1059.8,3121.8,1503.5
/srv/shared_leopard_toad/2025/Documents/25.08-01.09.2025/5R/101MEDIA/DSCF0128.JPG,DSCF0128.JPG,5R/101MEDIA,0,Other_Amphibian,0.2922,2249.5,-3.5,2470.3,668.3
/srv/shared_leopard_toad/2025/Documents/25.08-01.09.2025/5R/101MEDIA/DSCF0128.JPG,DSCF0128.JPG,5R/101MEDIA,0,Other_Amphibian,0.2749,2243.7,4.6,2476.0,734.4
/srv/shared_leopard_toad/2025/Documents/25.08-01.09.2025/5R/101MEDIA/DSCF0265.JPG,DSCF0265.JPG,5R/101MEDIA,0,Other_Amphibian,0.4094,2248.6,0.7,2463.3,644.5
/srv/shared_leopard_toad/2025/Documents/25.08-01.09.2025/5R/101MEDIA/DSCF0022.JPG,DSCF0022.JPG,5R/101MEDIA,0,Other_Amphibian,0.3772,2231.6,6.6,2485.5,762.6
/srv/shared_leopard_toad/2025/Documents/25.08-01.09.2025/5R/101MEDIA/DSCF0389.JPG,DSCF0389.JPG,5R/101MEDIA,0,Other_Amphibian,0.2428,2253.6,4.4,2481.9,763.4
/srv/shared_leopard_toad/2025/Documents/25.08-01.09.2025/5R/101MEDIA/DSCF0198.JPG,DSCF0198.JPG,5R/101MEDIA,0,Other_Amphibian,0.2426,2246.2,4.4,2478.8,744.9
/srv/shared_leopard_toad/2025/Documents/25.08-01.09.2025/5R/101MEDIA/DSCF0379.JPG,DSCF0379.JPG,5R/101MEDIA,0,Other_Amphibian,0.3918,2252.5,1.1,2472.5,615.4
/srv/shared_leopard_toad/2025/Documents/25.08-01.09.2025/5R/101MEDIA/DSCF0011.JPG,DSCF0011.JPG,5R/101MEDIA,0,Other_Amphibian,0.4321,2252.5,3.3,2490.9,766.0
/srv/shared_leopard_toad/2025/Documents/25.08-01.09.2025/5R/101MEDIA/DSCF0785.JPG,DSCF0785.JPG,5R/101MEDIA,0,Other_Amphibian,0.2671,2768.2,1064.6,3122.3,1522.3
/srv/shared_leopard_toad/2025/Documents/25.08-01.09.2025/5R/101MEDIA/DSCF0073.JPG,DSCF0073.JPG,5R/101MEDIA,0,Other_Amphibian,0.2244,2247.7,7.2,2482.6,728.1
/srv/shared_leopard_toad/2025/Documents/25.08-01.09.2025/5R/101MEDIA/DSCF0183.JPG,DSCF0183.JPG,5R/101MEDIA,0,Other_Amphibian,0.4255,2237.3,4.4,2479.8,763.4
/srv/shared_leopard_toad/2025/Documents/25.08-01.09.2025/5R/101MEDIA/DSCF0370.JPG,DSCF0370.JPG,5R/101MEDIA,0,Other_Amphibian,0.4104,2244.0,1.7,2481.0,748.4
/srv/shared_leopard_toad/2025/Documents/25.08-01.09.2025/5R/101MEDIA/DSCF0370.JPG,DSCF0370.JPG,5R/101MEDIA,0,Other_Amphibian,0.2448,2244.6,-5.0,2475.1,702.7
/srv/shared_leopard_toad/2025/Documents/25.08-01.09.2025/5R/101MEDIA/DSCF0289.JPG,DSCF0289.JPG,5R/101MEDIA,0,Other_Amphibian,0.2207,2250.4,-1.8,2474.6,643.8
/srv/shared_leopard_toad/2025/Documents/25.08-01.09.2025/5R/101MEDIA/DSCF0718.JPG,DSCF0718.JPG,5R/101MEDIA,0,Other_Amphibian,0.2954,2774.1,1062.4,3126.9,1506.8
/srv/shared_leopard_toad/2025/Documents/25.08-01.09.2025/5R/101MEDIA/DSCF0718.JPG,DSCF0718.JPG,5R/101MEDIA,2,Western_Leopard_Toad,0.2617,2774.1,1062.4,3126.9,1506.8
/srv/shared_leopard_toad/2025/Documents/25.08-01.09.2025/5R/101MEDIA/DSCF0017.JPG,DSCF0017.JPG,5R/101MEDIA,0,Other_Amphibian,0.2598,2241.7,7.8,2493.8,761.5
/srv/shared_leopard_toad/2025/Documents/25.08-01.09.2025/5R/101MEDIA/DSCF0726.JPG,DSCF0726.JPG,5R/101MEDIA,0,Other_Amphibian,0.6489,2783.2,1063.1,3123.1,1512.0
/srv/shared_leopard_toad/2025/Documents/25.08-01.09.2025/5R/101MEDIA/DSCF0726.JPG,DSCF0726.JPG,5R/101MEDIA,2,Western_Leopard_Toad,0.4983,2783.2,1063.1,3123.1,1512.0
/srv/shared_leopard_toad/2025/Documents/25.08-01.09.2025/5R/101MEDIA/DSCF0783.JPG,DSCF0783.JPG,5R/101MEDIA,0,Other_Amphibian,0.2343,2764.3,1059.4,3126.2,1523.1
/srv/shared_leopard_toad/2025/Documents/25.08-01.09.2025/5R/101MEDIA/DSCF0440.JPG,DSCF0440.JPG,5R/101MEDIA,0,Other_Amphibian,0.2233,2269.1,-3.9,2516.2,607.4
/srv/shared_leopard_toad/2025/Documents/25.08-01.09.2025/5R/101MEDIA/DSCF0703.JPG,DSCF0703.JPG,5R/101MEDIA,0,Other_Amphibian,0.2281,2797.4,1065.0,3119.3,1507.2
/srv/shared_leopard_toad/2025/Documents/25.08-01.09.2025/5R/101MEDIA/DSCF0779.JPG,DSCF0779.JPG,5R/101MEDIA,0,Other_Amphibian,0.2307,2766.3,1062.9,3124.2,1518.1
/srv/shared_leopard_toad/2025/Documents/25.08-01.09.2025/5R/101MEDIA/DSCF0075.JPG,DSCF0075.JPG,5R/101MEDIA,0,Other_Amphibian,0.3125,2247.5,5.7,2482.8,756.2
/srv/shared_leopard_toad/2025/Documents/25.08-01.09.2025/5R/101MEDIA/DSCF0571.JPG,DSCF0571.JPG,5R/101MEDIA,0,Other_Amphibian,0.2128,2272.7,-2.2,2567.8,634.2
/srv/shared_leopard_toad/2025/Documents/25.08-01.09.2025/5R/101MEDIA/DSCF0375.JPG,DSCF0375.JPG,5R/101MEDIA,0,Other_Amphibian,0.3137,2252.7,1.7,2482.8,736.3
/srv/shared_leopard_toad/2025/Documents/25.08-01.09.2025/5R/101MEDIA/DSCF0375.JPG,DSCF0375.JPG,5R/101MEDIA,0,Other_Amphibian,0.2646,2247.2,-6.1,2464.7,701.6
/srv/shared_leopard_toad/2025/Documents/25.08-01.09.2025/5R/101MEDIA/DSCF0337.JPG,DSCF0337.JPG,5R/101MEDIA,0,Other_Amphibian,0.2993,2247.9,4.8,2487.6,774.8
/srv/shared_leopard_toad/2025/Documents/25.08-01.09.2025/5R/101MEDIA/DSCF0104.JPG,DSCF0104.JPG,5R/101MEDIA,0,Other_Amphibian,0.2148,2264.1,-0.6,2476.7,643.6
/srv/shared_leopard_toad/2025/Documents/25.08-01.09.2025/5R/101MEDIA/DSCF0316.JPG,DSCF0316.JPG,5R/101MEDIA,0,Other_Amphibian,0.2260,2249.4,-2.4,2475.6,668.3
/srv/shared_leopard_toad/2025/Documents/25.08-01.09.2025/5R/101MEDIA/DSCF0316.JPG,DSCF0316.JPG,5R/101MEDIA,0,Other_Amphibian,0.2195,2252.7,3.7,2493.3,737.9
/srv/shared_leopard_toad/2025/Documents/25.08-01.09.2025/5R/101MEDIA/DSCF0043.JPG,DSCF0043.JPG,5R/101MEDIA,0,Other_Amphibian,0.2727,2245.4,4.4,2498.0,769.3
/srv/shared_leopard_toad/2025/Documents/25.08-01.09.2025/5R/101MEDIA/DSCF0275.JPG,DSCF0275.JPG,5R/101MEDIA,0,Other_Amphibian,0.4429,2240.4,4.4,2479.3,770.0
/srv/shared_leopard_toad/2025/Documents/25.08-01.09.2025/5R/101MEDIA/DSCF0245.JPG,DSCF0245.JPG,5R/101MEDIA,0,Other_Amphibian,0.4839,2250.8,2.4,2484.7,732.2
/srv/shared_leopard_toad/2025/Documents/25.08-01.09.2025/5R/101MEDIA/DSCF0245.JPG,DSCF0245.JPG,5R/101MEDIA,0,Other_Amphibian,0.2058,2245.3,-4.6,2464.0,702.3
/srv/shared_leopard_toad/2025/Documents/25.08-01.09.2025/5R/101MEDIA/DSCF0603.JPG,DSCF0603.JPG,5R/101MEDIA,0,Other_Amphibian,0.2808,2275.7,-2.6,2543.8,568.1
/srv/shared_leopard_toad/2025/Documents/25.08-01.09.2025/5R/101MEDIA/DSCF0492.JPG,DSCF0492.JPG,5R/101MEDIA,0,Other_Amphibian,0.3672,2272.2,0.7,2536.8,555.9
/srv/shared_leopard_toad/2025/Documents/25.08-01.09.2025/5R/101MEDIA/DSCF0492.JPG,DSCF0492.JPG,5R/101MEDIA,0,Other_Amphibian,0.3135,2272.3,-1.1,2531.5,558.9
/srv/shared_leopard_toad/2025/Documents/25.08-01.09.2025/5R/101MEDIA/DSCF0521.JPG,DSCF0521.JPG,5R/101MEDIA,0,Other_Amphibian,0.3257,2275.2,-1.8,2531.2,587.7
/srv/shared_leopard_toad/2025/Documents/25.08-01.09.2025/5R/101MEDIA/DSCF0521.JPG,DSCF0521.JPG,5R/101MEDIA,0,Other_Amphibian,0.2915,2274.4,-2.8,2529.4,586.7
/srv/shared_leopard_toad/2025/Documents/25.08-01.09.2025/5R/101MEDIA/DSCF0132.JPG,DSCF0132.JPG,5R/101MEDIA,0,Other_Amphibian,0.3223,2243.1,5.5,2481.9,759.3
/srv/shared_leopard_toad/2025/Documents/25.08-01.09.2025/5R/101MEDIA/DSCF0457.JPG,DSCF0457.JPG,5R/101MEDIA,0,Other_Amphibian,0.2372,2272.5,-3.3,2518.1,632.0
/srv/shared_leopard_toad/2025/Documents/25.08-01.09.2025/5R/101MEDIA/DSCF0126.JPG,DSCF0126.JPG,5R/101MEDIA,0,Other_Amphibian,0.2659,2247.4,4.4,2477.6,724.6
/srv/shared_leopard_toad/2025/Documents/25.08-01.09.2025/5R/101MEDIA/DSCF0249.JPG,DSCF0249.JPG,5R/101MEDIA,0,Other_Amphibian,0.3379,2243.6,4.8,2468.2,728.7
/srv/shared_leopard_toad/2025/Documents/25.08-01.09.2025/5R/101MEDIA/DSCF0093.JPG,DSCF0093.JPG,5R/101MEDIA,0,Other_Amphibian,0.3096,2246.5,7.2,2473.2,749.5
/srv/shared_leopard_toad/2025/Documents/25.08-01.09.2025/5R/101MEDIA/DSCF0355.JPG,DSCF0355.JPG,5R/101MEDIA,0,Other_Amphibian,0.3186,2243.3,3.5,2481.7,735.5
/srv/shared_leopard_toad/2025/Documents/25.08-01.09.2025/5R/101MEDIA/DSCF0355.JPG,DSCF0355.JPG,5R/101MEDIA,0,Other_Amphibian,0.2732,2246.5,-4.1,2473.2,706.5
/srv/shared_leopard_toad/2025/Documents/25.08-01.09.2025/5R/101MEDIA/DSCF0083.JPG,DSCF0083.JPG,5R/101MEDIA,0,Other_Amphibian,0.2861,2240.8,7.4,2484.2,721.7
/srv/shared_leopard_toad/2025/Documents/25.08-01.09.2025/5R/101MEDIA/DSCF0535.JPG,DSCF0535.JPG,5R/101MEDIA,0,Other_Amphibian,0.2742,2272.0,-0.7,2531.7,561.5
/srv/shared_leopard_toad/2025/Documents/25.08-01.09.2025/5R/101MEDIA/DSCF0535.JPG,DSCF0535.JPG,5R/101MEDIA,0,Other_Amphibian,0.2600,2271.3,-2.2,2532.5,562.9
/srv/shared_leopard_toad/2025/Documents/25.08-01.09.2025/5R/101MEDIA/DSCF0285.JPG,DSCF0285.JPG,5R/101MEDIA,0,Other_Amphibian,0.3845,2252.9,2.0,2472.1,622.2
/srv/shared_leopard_toad/2025/Documents/25.08-01.09.2025/5R/101MEDIA/DSCF0787.JPG,DSCF0787.JPG,5R/101MEDIA,0,Other_Amphibian,0.2556,2764.6,1063.1,3125.9,1517.9
/srv/shared_leopard_toad/2025/Documents/25.08-01.09.2025/5R/101MEDIA/DSCF0756.JPG,DSCF0756.JPG,5R/101MEDIA,0,Other_Amphibian,0.3079,2775.8,1062.2,3130.5,1515.9
/srv/shared_leopard_toad/2025/Documents/25.08-01.09.2025/5R/101MEDIA/DSCF0199.JPG,DSCF0199.JPG,5R/101MEDIA,0,Other_Amphibian,0.3357,2253.2,2.2,2492.8,749.0
/srv/shared_leopard_toad/2025/Documents/25.08-01.09.2025/5R/101MEDIA/DSCF0517.JPG,DSCF0517.JPG,5R/101MEDIA,0,Other_Amphibian,0.3579,2270.4,-3.1,2528.1,656.1
/srv/shared_leopard_toad/2025/Documents/25.08-01.09.2025/5R/101MEDIA/DSCF0517.JPG,DSCF0517.JPG,5R/101MEDIA,0,Other_Amphibian,0.2379,2263.2,-6.5,2524.8,660.9
/srv/shared_leopard_toad/2025/Documents/25.08-01.09.2025/5R/101MEDIA/DSCF0281.JPG,DSCF0281.JPG,5R/101MEDIA,0,Other_Amphibian,0.5000,2244.9,1.1,2493.3,796.2
/srv/shared_leopard_toad/2025/Documents/25.08-01.09.2025/5R/101MEDIA/DSCF0614.JPG,DSCF0614.JPG,5R/101MEDIA,0,Other_Amphibian,0.3413,2264.2,-6.3,2536.9,649.3
/srv/shared_leopard_toad/2025/Documents/25.08-01.09.2025/5R/101MEDIA/DSCF0614.JPG,DSCF0614.JPG,5R/101MEDIA,0,Other_Amphibian,0.2891,2259.1,-7.6,2539.4,651.7
/srv/shared_leopard_toad/2025/Documents/25.08-01.09.2025/5R/101MEDIA/DSCF0597.JPG,DSCF0597.JPG,5R/101MEDIA,0,Other_Amphibian,0.4438,2273.2,-0.9,2562.0,547.6
/srv/shared_leopard_toad/2025/Documents/25.08-01.09.2025/5R/101MEDIA/DSCF0120.JPG,DSCF0120.JPG,5R/101MEDIA,0,Other_Amphibian,0.2812,2239.0,5.9,2486.0,780.4
/srv/shared_leopard_toad/2025/Documents/25.08-01.09.2025/5R/101MEDIA/DSCF0715.JPG,DSCF0715.JPG,5R/101MEDIA,2,Western_Leopard_Toad,0.4385,2784.0,1061.3,3122.3,1505.0
/srv/shared_leopard_toad/2025/Documents/25.08-01.09.2025/5R/101MEDIA/DSCF0715.JPG,DSCF0715.JPG,5R/101MEDIA,0,Other_Amphibian,0.3130,2784.0,1061.3,3122.3,1505.0
/srv/shared_leopard_toad/2025/Documents/25.08-01.09.2025/5R/101MEDIA/DSCF0364.JPG,DSCF0364.JPG,5R/101MEDIA,0,Other_Amphibian,0.3162,2253.6,0.9,2471.4,618.9
/srv/shared_leopard_toad/2025/Documents/25.08-01.09.2025/5R/101MEDIA/DSCF0255.JPG,DSCF0255.JPG,5R/101MEDIA,0,Other_Amphibian,0.2996,2251.6,5.4,2478.7,735.1
/srv/shared_leopard_toad/2025/Documents/25.08-01.09.2025/5R/101MEDIA/DSCF0477.JPG,DSCF0477.JPG,5R/101MEDIA,0,Other_Amphibian,0.2194,2275.4,-1.5,2517.9,572.9
/srv/shared_leopard_toad/2025/Documents/25.08-01.09.2025/5R/101MEDIA/DSCF0166.JPG,DSCF0166.JPG,5R/101MEDIA,0,Other_Amphibian,0.3062,2246.5,6.5,2489.0,743.6
/srv/shared_leopard_toad/2025/Documents/25.08-01.09.2025/5R/101MEDIA/DSCF0166.JPG,DSCF0166.JPG,5R/101MEDIA,0,Other_Amphibian,0.2064,2254.1,-3.1,2476.2,679.4
/srv/shared_leopard_toad/2025/Documents/25.08-01.09.2025/5R/101MEDIA/DSCF0441.JPG,DSCF0441.JPG,5R/101MEDIA,0,Other_Amphibian,0.3621,2268.2,-0.9,2540.8,600.4
/srv/shared_leopard_toad/2025/Documents/25.08-01.09.2025/5R/101MEDIA/DSCF0441.JPG,DSCF0441.JPG,5R/101MEDIA,0,Other_Amphibian,0.2891,2265.1,-3.1,2541.2,603.7
/srv/shared_leopard_toad/2025/Documents/25.08-01.09.2025/5R/101MEDIA/DSCF0219.JPG,DSCF0219.JPG,5R/101MEDIA,0,Other_Amphibian,0.2764,2250.9,8.7,2474.1,740.7
/srv/shared_leopard_toad/2025/Documents/25.08-01.09.2025/5R/101MEDIA/DSCF0219.JPG,DSCF0219.JPG,5R/101MEDIA,0,Other_Amphibian,0.2128,2260.5,-1.1,2459.3,656.7
/srv/shared_leopard_toad/2025/Documents/25.08-01.09.2025/5R/101MEDIA/DSCF0737.JPG,DSCF0737.JPG,5R/101MEDIA,0,Other_Amphibian,0.2474,2768.9,1063.7,3121.6,1517.4
/srv/shared_leopard_toad/2025/Documents/25.08-01.09.2025/5R/101MEDIA/DSCF0330.JPG,DSCF0330.JPG,5R/101MEDIA,0,Other_Amphibian,0.2617,2242.9,6.3,2476.9,783.7
/srv/shared_leopard_toad/2025/Documents/25.08-01.09.2025/5R/101MEDIA/DSCF0428.JPG,DSCF0428.JPG,5R/101MEDIA,0,Other_Amphibian,0.2277,2265.7,-4.1,2519.7,575.5
/srv/shared_leopard_toad/2025/Documents/25.08-01.09.2025/5R/101MEDIA/DSCF0749.JPG,DSCF0749.JPG,5R/101MEDIA,2,Western_Leopard_Toad,0.5591,2776.8,1060.5,3129.5,1511.6
/srv/shared_leopard_toad/2025/Documents/25.08-01.09.2025/5R/101MEDIA/DSCF0749.JPG,DSCF0749.JPG,5R/101MEDIA,0,Other_Amphibian,0.2898,2776.8,1060.5,3129.5,1511.6
/srv/shared_leopard_toad/2025/Documents/25.08-01.09.2025/5R/101MEDIA/DSCF0546.JPG,DSCF0546.JPG,5R/101MEDIA,0,Other_Amphibian,0.2350,2275.1,-4.4,2539.2,639.7
/srv/shared_leopard_toad/2025/Documents/25.08-01.09.2025/5R/101MEDIA/DSCF0177.JPG,DSCF0177.JPG,5R/101MEDIA,0,Other_Amphibian,0.3826,2252.8,5.5,2506.3,738.7
/srv/shared_leopard_toad/2025/Documents/25.08-01.09.2025/5R/101MEDIA/DSCF0177.JPG,DSCF0177.JPG,5R/101MEDIA,0,Other_Amphibian,0.2362,2226.7,3.1,2608.6,749.9
/srv/shared_leopard_toad/2025/Documents/25.08-01.09.2025/5R/101MEDIA/DSCF0296.JPG,DSCF0296.JPG,5R/101MEDIA,0,Other_Amphibian,0.2581,2250.8,5.5,2487.4,733.5
/srv/shared_leopard_toad/2025/Documents/25.08-01.09.2025/5R/101MEDIA/DSCF0296.JPG,DSCF0296.JPG,5R/101MEDIA,0,Other_Amphibian,0.2208,2252.5,-3.5,2472.5,676.5
/srv/shared_leopard_toad/2025/Documents/25.08-01.09.2025/5R/101MEDIA/DSCF0427.JPG,DSCF0427.JPG,5R/101MEDIA,0,Other_Amphibian,0.2578,2269.1,-3.9,2537.2,599.3
/srv/shared_leopard_toad/2025/Documents/25.08-01.09.2025/5R/101MEDIA/DSCF0743.JPG,DSCF0743.JPG,5R/101MEDIA,0,Other_Amphibian,0.3108,2774.5,1061.6,3121.3,1513.5
/srv/shared_leopard_toad/2025/Documents/25.08-01.09.2025/5R/101MEDIA/DSCF0046.JPG,DSCF0046.JPG,5R/101MEDIA,0,Other_Amphibian,0.2351,2250.1,6.6,2485.4,736.8
/srv/shared_leopard_toad/2025/Documents/25.08-01.09.2025/5R/101MEDIA/DSCF0071.JPG,DSCF0071.JPG,5R/101MEDIA,0,Other_Amphibian,0.2957,2235.2,5.5,2484.6,790.3
/srv/shared_leopard_toad/2025/Documents/25.08-01.09.2025/5R/101MEDIA/DSCF0437.JPG,DSCF0437.JPG,5R/101MEDIA,0,Other_Amphibian,0.2998,2269.0,-2.4,2513.8,585.3
/srv/shared_leopard_toad/2025/Documents/25.08-01.09.2025/5R/101MEDIA/DSCF0437.JPG,DSCF0437.JPG,5R/101MEDIA,0,Other_Amphibian,0.2629,2268.2,-1.8,2517.1,591.0
/srv/shared_leopard_toad/2025/Documents/25.08-01.09.2025/5R/101MEDIA/DSCF0080.JPG,DSCF0080.JPG,5R/101MEDIA,0,Other_Amphibian,0.3130,2247.2,7.6,2488.3,759.5
/srv/shared_leopard_toad/2025/Documents/25.08-01.09.2025/5R/101MEDIA/DSCF0694.JPG,DSCF0694.JPG,5R/101MEDIA,2,Western_Leopard_Toad,0.4592,2792.2,1064.0,3129.8,1505.2
/srv/shared_leopard_toad/2025/Documents/25.08-01.09.2025/5R/101MEDIA/DSCF0032.JPG,DSCF0032.JPG,5R/101MEDIA,0,Other_Amphibian,0.3125,2248.9,5.9,2491.9,749.4
/srv/shared_leopard_toad/2025/Documents/25.08-01.09.2025/5R/101MEDIA/DSCF0598.JPG,DSCF0598.JPG,5R/101MEDIA,0,Other_Amphibian,0.3296,2274.3,-2.2,2560.9,548.2
/srv/shared_leopard_toad/2025/Documents/25.08-01.09.2025/5R/101MEDIA/DSCF0598.JPG,DSCF0598.JPG,5R/101MEDIA,0,Other_Amphibian,0.2251,2277.2,-2.8,2552.8,549.5
/srv/shared_leopard_toad/2025/Documents/25.08-01.09.2025/5R/101MEDIA/DSCF0131.JPG,DSCF0131.JPG,5R/101MEDIA,0,Other_Amphibian,0.2240,2234.3,7.0,2472.3,767.4
/srv/shared_leopard_toad/2025/Documents/25.08-01.09.2025/5R/101MEDIA/DSCF0176.JPG,DSCF0176.JPG,5R/101MEDIA,0,Other_Amphibian,0.2009,2252.9,0.2,2466.8,642.9
/srv/shared_leopard_toad/2025/Documents/25.08-01.09.2025/5R/101MEDIA/DSCF0212.JPG,DSCF0212.JPG,5R/101MEDIA,0,Other_Amphibian,0.5146,2230.9,4.4,2475.7,773.0
/srv/shared_leopard_toad/2025/Documents/25.08-01.09.2025/5R/101MEDIA/DSCF0102.JPG,DSCF0102.JPG,5R/101MEDIA,0,Other_Amphibian,0.2786,2242.2,5.5,2482.8,759.3
/srv/shared_leopard_toad/2025/Documents/25.08-01.09.2025/5R/101MEDIA/DSCF0770.JPG,DSCF0770.JPG,5R/101MEDIA,0,Other_Amphibian,0.2343,2762.6,1063.9,3127.9,1523.1
/srv/shared_leopard_toad/2025/Documents/25.08-01.09.2025/5R/101MEDIA/DSCF0438.JPG,DSCF0438.JPG,5R/101MEDIA,0,Other_Amphibian,0.2239,2277.1,-2.6,2521.4,584.3
/srv/shared_leopard_toad/2025/Documents/25.08-01.09.2025/5R/101MEDIA/DSCF0438.JPG,DSCF0438.JPG,5R/101MEDIA,0,Other_Amphibian,0.2021,2255.0,3.3,2512.0,1001.5
/srv/shared_leopard_toad/2025/Documents/25.08-01.09.2025/5R/101MEDIA/DSCF0453.JPG,DSCF0453.JPG,5R/101MEDIA,0,Other_Amphibian,0.2690,2269.0,-1.1,2532.1,573.6
/srv/shared_leopard_toad/2025/Documents/25.08-01.09.2025/5R/101MEDIA/DSCF0453.JPG,DSCF0453.JPG,5R/101MEDIA,0,Other_Amphibian,0.2585,2270.9,-1.1,2535.5,573.6
/srv/shared_leopard_toad/2025/Documents/25.08-01.09.2025/5R/101MEDIA/DSCF0291.JPG,DSCF0291.JPG,5R/101MEDIA,0,Other_Amphibian,0.3960,2239.5,3.0,2485.5,791.4
/srv/shared_leopard_toad/2025/Documents/25.08-01.09.2025/5R/101MEDIA/DSCF0021.JPG,DSCF0021.JPG,5R/101MEDIA,0,Other_Amphibian,0.3777,2237.6,5.2,2497.9,793.7
/srv/shared_leopard_toad/2025/Documents/25.08-01.09.2025/5R/101MEDIA/DSCF0227.JPG,DSCF0227.JPG,5R/101MEDIA,0,Other_Amphibian,0.3245,2240.0,3.3,2474.5,746.8
/srv/shared_leopard_toad/2025/Documents/25.08-01.09.2025/5R/101MEDIA/DSCF0054.JPG,DSCF0054.JPG,5R/101MEDIA,0,Other_Amphibian,0.3804,2236.2,6.6,2483.6,779.6
/srv/shared_leopard_toad/2025/Documents/25.08-01.09.2025/5R/101MEDIA/DSCF0334.JPG,DSCF0334.JPG,5R/101MEDIA,0,Other_Amphibian,0.2302,2243.3,6.3,2481.7,780.0
/srv/shared_leopard_toad/2025/Documents/25.08-01.09.2025/5R/101MEDIA/DSCF0481.JPG,DSCF0481.JPG,5R/101MEDIA,0,Other_Amphibian,0.2891,2269.7,-3.9,2520.9,591.9
/srv/shared_leopard_toad/2025/Documents/25.08-01.09.2025/5R/101MEDIA/DSCF0481.JPG,DSCF0481.JPG,5R/101MEDIA,0,Other_Amphibian,0.2277,2266.9,-7.2,2523.8,611.9
/srv/shared_leopard_toad/2025/Documents/25.08-01.09.2025/5R/101MEDIA/DSCF0300.JPG,DSCF0300.JPG,5R/101MEDIA,0,Other_Amphibian,0.3308,2244.6,5.4,2480.4,757.3
/srv/shared_leopard_toad/2025/Documents/25.08-01.09.2025/5R/101MEDIA/DSCF0696.JPG,DSCF0696.JPG,5R/101MEDIA,2,Western_Leopard_Toad,0.2676,2797.1,1065.0,3124.9,1504.2
/srv/shared_leopard_toad/2025/Documents/25.08-01.09.2025/5R/101MEDIA/DSCF0696.JPG,DSCF0696.JPG,5R/101MEDIA,0,Other_Amphibian,0.2375,2797.1,1065.0,3124.9,1504.2
/srv/shared_leopard_toad/2025/Documents/25.08-01.09.2025/5R/101MEDIA/DSCF0569.JPG,DSCF0569.JPG,5R/101MEDIA,0,Other_Amphibian,0.2961,2271.9,-3.3,2552.8,547.1
/srv/shared_leopard_toad/2025/Documents/25.08-01.09.2025/5R/101MEDIA/DSCF0204.JPG,DSCF0204.JPG,5R/101MEDIA,0,Other_Amphibian,0.2881,2252.7,5.9,2485.4,735.7
/srv/shared_leopard_toad/2025/Documents/25.08-01.09.2025/5R/101MEDIA/DSCF0122.JPG,DSCF0122.JPG,5R/101MEDIA,0,Other_Amphibian,0.2761,2245.7,6.6,2479.3,764.9
/srv/shared_leopard_toad/2025/Documents/25.08-01.09.2025/5R/101MEDIA/DSCF0294.JPG,DSCF0294.JPG,5R/101MEDIA,0,Other_Amphibian,0.3135,2252.3,-3.7,2472.7,670.7
/srv/shared_leopard_toad/2025/Documents/25.08-01.09.2025/5R/101MEDIA/DSCF0294.JPG,DSCF0294.JPG,5R/101MEDIA,0,Other_Amphibian,0.2004,2247.2,2.4,2477.8,723.3
/srv/shared_leopard_toad/2025/Documents/25.08-01.09.2025/5R/101MEDIA/DSCF0276.JPG,DSCF0276.JPG,5R/101MEDIA,0,Other_Amphibian,0.2837,2252.7,3.1,2488.0,744.7
/srv/shared_leopard_toad/2025/Documents/25.08-01.09.2025/5R/101MEDIA/DSCF0276.JPG,DSCF0276.JPG,5R/101MEDIA,0,Other_Amphibian,0.2399,2253.2,-4.8,2471.8,671.8
/srv/shared_leopard_toad/2025/Documents/25.08-01.09.2025/5R/101MEDIA/DSCF0142.JPG,DSCF0142.JPG,5R/101MEDIA,0,Other_Amphibian,0.3420,2245.3,6.6,2479.7,765.6
/srv/shared_leopard_toad/2025/Documents/25.08-01.09.2025/5R/101MEDIA/DSCF0552.JPG,DSCF0552.JPG,5R/101MEDIA,0,Other_Amphibian,0.2383,2268.5,-3.9,2543.1,568.3
/srv/shared_leopard_toad/2025/Documents/25.08-01.09.2025/5R/101MEDIA/DSCF0179.JPG,DSCF0179.JPG,5R/101MEDIA,0,Other_Amphibian,0.4397,2247.7,-0.6,2477.3,696.0
/srv/shared_leopard_toad/2025/Documents/25.08-01.09.2025/5R/101MEDIA/DSCF0179.JPG,DSCF0179.JPG,5R/101MEDIA,0,Other_Amphibian,0.2607,2242.7,4.2,2492.8,708.2
/srv/shared_leopard_toad/2025/Documents/25.08-01.09.2025/5R/101MEDIA/DSCF0575.JPG,DSCF0575.JPG,5R/101MEDIA,0,Other_Amphibian,0.2810,2266.4,-2.4,2568.8,612.6
/srv/shared_leopard_toad/2025/Documents/25.08-01.09.2025/5R/101MEDIA/DSCF0066.JPG,DSCF0066.JPG,5R/101MEDIA,0,Other_Amphibian,0.3638,2238.5,7.6,2473.4,748.1
/srv/shared_leopard_toad/2025/Documents/25.08-01.09.2025/5R/101MEDIA/DSCF0019.JPG,DSCF0019.JPG,5R/101MEDIA,0,Other_Amphibian,0.2474,2247.2,7.8,2488.3,736.4
/srv/shared_leopard_toad/2025/Documents/25.08-01.09.2025/5R/101MEDIA/DSCF0160.JPG,DSCF0160.JPG,5R/101MEDIA,0,Other_Amphibian,0.2700,2250.4,5.0,2492.9,747.7
/srv/shared_leopard_toad/2025/Documents/25.08-01.09.2025/5R/101MEDIA/DSCF0160.JPG,DSCF0160.JPG,5R/101MEDIA,0,Other_Amphibian,0.2378,2258.0,-1.8,2477.5,654.9
/srv/shared_leopard_toad/2025/Documents/25.08-01.09.2025/5R/101MEDIA/DSCF0583.JPG,DSCF0583.JPG,5R/101MEDIA,0,Other_Amphibian,0.3833,2276.2,-0.7,2564.3,531.2
/srv/shared_leopard_toad/2025/Documents/25.08-01.09.2025/5R/101MEDIA/DSCF0005.JPG,DSCF0005.JPG,5R/101MEDIA,0,Other_Amphibian,0.4626,2237.3,4.4,2482.4,781.8
/srv/shared_leopard_toad/2025/Documents/25.08-01.09.2025/5R/101MEDIA/DSCF0452.JPG,DSCF0452.JPG,5R/101MEDIA,0,Other_Amphibian,0.2996,2275.4,-3.9,2517.9,585.6
/srv/shared_leopard_toad/2025/Documents/25.08-01.09.2025/5R/101MEDIA/DSCF0452.JPG,DSCF0452.JPG,5R/101MEDIA,0,Other_Amphibian,0.2367,2272.9,-5.4,2520.3,599.7
/srv/shared_leopard_toad/2025/Documents/25.08-01.09.2025/5R/101MEDIA/DSCF0172.JPG,DSCF0172.JPG,5R/101MEDIA,0,Other_Amphibian,0.3047,2241.8,4.4,2488.4,781.8
/srv/shared_leopard_toad/2025/Documents/25.08-01.09.2025/5R/101MEDIA/DSCF0257.JPG,DSCF0257.JPG,5R/101MEDIA,0,Other_Amphibian,0.5439,2248.2,-0.4,2471.5,692.1
/srv/shared_leopard_toad/2025/Documents/25.08-01.09.2025/5R/101MEDIA/DSCF0382.JPG,DSCF0382.JPG,5R/101MEDIA,0,Other_Amphibian,0.3081,2251.4,3.1,2486.7,744.4
/srv/shared_leopard_toad/2025/Documents/25.08-01.09.2025/5R/101MEDIA/DSCF0162.JPG,DSCF0162.JPG,5R/101MEDIA,0,Other_Amphibian,0.3481,2243.7,5.7,2473.4,739.2
/srv/shared_leopard_toad/2025/Documents/25.08-01.09.2025/5R/101MEDIA/DSCF0274.JPG,DSCF0274.JPG,5R/101MEDIA,0,Other_Amphibian,0.3511,2243.1,5.2,2492.4,773.7
/srv/shared_leopard_toad/2025/Documents/25.08-01.09.2025/5R/101MEDIA/DSCF0259.JPG,DSCF0259.JPG,5R/101MEDIA,0,Other_Amphibian,0.2366,2251.2,-4.8,2465.9,682.2
/srv/shared_leopard_toad/2025/Documents/25.08-01.09.2025/5R/101MEDIA/DSCF0259.JPG,DSCF0259.JPG,5R/101MEDIA,0,Other_Amphibian,0.2216,2251.6,3.1,2478.7,709.3
/srv/shared_leopard_toad/2025/Documents/25.08-01.09.2025/5R/101MEDIA/DSCF0630.JPG,DSCF0630.JPG,5R/101MEDIA,0,Other_Amphibian,0.4070,2270.9,-4.1,2548.6,554.8
/srv/shared_leopard_toad/2025/Documents/25.08-01.09.2025/5R/101MEDIA/DSCF0776.JPG,DSCF0776.JPG,5R/101MEDIA,0,Other_Amphibian,0.2732,2771.2,1064.6,3124.6,1516.4
/srv/shared_leopard_toad/2025/Documents/25.08-01.09.2025/5R/101MEDIA/DSCF0496.JPG,DSCF0496.JPG,5R/101MEDIA,0,Other_Amphibian,0.3115,2272.8,-1.5,2538.9,560.0
/srv/shared_leopard_toad/2025/Documents/25.08-01.09.2025/5R/101MEDIA/DSCF0496.JPG,DSCF0496.JPG,5R/101MEDIA,0,Other_Amphibian,0.2500,2272.7,-2.0,2536.3,559.8
/srv/shared_leopard_toad/2025/Documents/25.08-01.09.2025/5R/101MEDIA/DSCF0269.JPG,DSCF0269.JPG,5R/101MEDIA,0,Other_Amphibian,0.2549,2254.1,-0.4,2465.6,613.9
/srv/shared_leopard_toad/2025/Documents/25.08-01.09.2025/5R/101MEDIA/DSCF0434.JPG,DSCF0434.JPG,5R/101MEDIA,0,Other_Amphibian,0.2742,2269.1,-3.9,2516.2,644.7
/srv/shared_leopard_toad/2025/Documents/25.08-01.09.2025/5R/101MEDIA/DSCF0434.JPG,DSCF0434.JPG,5R/101MEDIA,0,Other_Amphibian,0.2028,2264.4,-5.7,2518.4,658.7
/srv/shared_leopard_toad/2025/Documents/25.08-01.09.2025/5R/101MEDIA/DSCF0159.JPG,DSCF0159.JPG,5R/101MEDIA,0,Other_Amphibian,0.2306,2251.4,8.7,2486.7,743.3
/srv/shared_leopard_toad/2025/Documents/25.08-01.09.2025/5R/101MEDIA/DSCF0313.JPG,DSCF0313.JPG,5R/101MEDIA,0,Other_Amphibian,0.4204,2243.3,1.5,2476.4,750.5
/srv/shared_leopard_toad/2025/Documents/25.08-01.09.2025/5R/101MEDIA/DSCF0297.JPG,DSCF0297.JPG,5R/101MEDIA,0,Other_Amphibian,0.2742,2246.5,5.4,2489.0,750.3
/srv/shared_leopard_toad/2025/Documents/25.08-01.09.2025/5R/101MEDIA/DSCF0719.JPG,DSCF0719.JPG,5R/101MEDIA,0,Other_Amphibian,0.3718,2784.3,1059.8,3121.9,1506.5
/srv/shared_leopard_toad/2025/Documents/25.08-01.09.2025/5R/101MEDIA/DSCF0170.JPG,DSCF0170.JPG,5R/101MEDIA,0,Other_Amphibian,0.2269,2246.3,5.5,2483.9,762.3
/srv/shared_leopard_toad/2025/Documents/25.08-01.09.2025/5R/101MEDIA/DSCF0352.JPG,DSCF0352.JPG,5R/101MEDIA,0,Other_Amphibian,0.3950,2231.1,3.3,2478.2,782.9
/srv/shared_leopard_toad/2025/Documents/25.08-01.09.2025/5R/101MEDIA/DSCF0628.JPG,DSCF0628.JPG,5R/101MEDIA,0,Other_Amphibian,0.2722,2276.9,-1.3,2550.5,563.9
/srv/shared_leopard_toad/2025/Documents/25.08-01.09.2025/5R/101MEDIA/DSCF0161.JPG,DSCF0161.JPG,5R/101MEDIA,0,Other_Amphibian,0.2156,2253.2,-5.5,2466.6,654.1
/srv/shared_leopard_toad/2025/Documents/25.08-01.09.2025/5R/101MEDIA/DSCF0321.JPG,DSCF0321.JPG,5R/101MEDIA,0,Other_Amphibian,0.2522,2240.6,2.6,2484.4,816.9
/srv/shared_leopard_toad/2025/Documents/25.08-01.09.2025/5R/101MEDIA/DSCF0002.JPG,DSCF0002.JPG,5R/101MEDIA,0,Other_Amphibian,0.3994,2237.4,5.9,2487.6,768.6
/srv/shared_leopard_toad/2025/Documents/25.08-01.09.2025/5R/101MEDIA/DSCF0751.JPG,DSCF0751.JPG,5R/101MEDIA,0,Other_Amphibian,0.2920,2771.2,1063.3,3119.3,1520.7
/srv/shared_leopard_toad/2025/Documents/25.08-01.09.2025/5R/101MEDIA/DSCF0578.JPG,DSCF0578.JPG,5R/101MEDIA,0,Other_Amphibian,0.2081,2271.4,-2.0,2548.1,542.1
/srv/shared_leopard_toad/2025/Documents/25.08-01.09.2025/5R/101MEDIA/DSCF0228.JPG,DSCF0228.JPG,5R/101MEDIA,0,Other_Amphibian,0.2278,2247.3,4.8,2469.8,724.3
/srv/shared_leopard_toad/2025/Documents/25.08-01.09.2025/5R/101MEDIA/DSCF0253.JPG,DSCF0253.JPG,5R/101MEDIA,0,Other_Amphibian,0.4893,2240.4,4.1,2474.1,766.0
/srv/shared_leopard_toad/2025/Documents/25.08-01.09.2025/5R/101MEDIA/DSCF0218.JPG,DSCF0218.JPG,5R/101MEDIA,0,Other_Amphibian,0.4509,2236.8,5.5,2482.9,762.3
/srv/shared_leopard_toad/2025/Documents/25.08-01.09.2025/5R/101MEDIA/DSCF0435.JPG,DSCF0435.JPG,5R/101MEDIA,0,Other_Amphibian,0.3726,2268.6,-3.5,2522.1,574.2
/srv/shared_leopard_toad/2025/Documents/25.08-01.09.2025/5R/101MEDIA/DSCF0435.JPG,DSCF0435.JPG,5R/101MEDIA,0,Other_Amphibian,0.2681,2268.6,-3.9,2522.1,576.4
/srv/shared_leopard_toad/2025/Documents/25.08-01.09.2025/5R/101MEDIA/DSCF0260.JPG,DSCF0260.JPG,5R/101MEDIA,0,Other_Amphibian,0.4177,2249.1,0.9,2475.9,651.0
/srv/shared_leopard_toad/2025/Documents/25.08-01.09.2025/5R/101MEDIA/DSCF0115.JPG,DSCF0115.JPG,5R/101MEDIA,0,Other_Amphibian,0.2455,2251.4,7.4,2486.7,770.0
/srv/shared_leopard_toad/2025/Documents/25.08-01.09.2025/5R/101MEDIA/DSCF0037.JPG,DSCF0037.JPG,5R/101MEDIA,0,Other_Amphibian,0.2798,2239.2,8.9,2485.8,770.0
/srv/shared_leopard_toad/2025/Documents/25.08-01.09.2025/5R/101MEDIA/DSCF0056.JPG,DSCF0056.JPG,5R/101MEDIA,0,Other_Amphibian,0.3042,2245.7,5.7,2479.3,739.2
/srv/shared_leopard_toad/2025/Documents/25.08-01.09.2025/5R/101MEDIA/DSCF0056.JPG,DSCF0056.JPG,5R/101MEDIA,0,Other_Amphibian,0.2776,2246.7,-5.5,2470.5,679.6
/srv/shared_leopard_toad/2025/Documents/25.08-01.09.2025/5R/101MEDIA/DSCF0522.JPG,DSCF0522.JPG,5R/101MEDIA,0,Other_Amphibian,0.2303,2248.0,5.5,2519.0,992.6
/srv/shared_leopard_toad/2025/Documents/25.08-01.09.2025/5R/101MEDIA/DSCF0624.JPG,DSCF0624.JPG,5R/101MEDIA,0,Other_Amphibian,0.3787,2275.5,-2.0,2536.2,550.9
/srv/shared_leopard_toad/2025/Documents/25.08-01.09.2025/5R/101MEDIA/DSCF0624.JPG,DSCF0624.JPG,5R/101MEDIA,0,Other_Amphibian,0.3142,2273.2,-1.7,2538.4,549.5
/srv/shared_leopard_toad/2025/Documents/25.08-01.09.2025/5R/101MEDIA/DSCF0561.JPG,DSCF0561.JPG,5R/101MEDIA,0,Other_Amphibian,0.2590,2271.0,-1.7,2559.0,605.2
/srv/shared_leopard_toad/2025/Documents/25.08-01.09.2025/5R/101MEDIA/DSCF0436.JPG,DSCF0436.JPG,5R/101MEDIA,0,Other_Amphibian,0.2197,2270.5,-3.5,2514.8,580.1
/srv/shared_leopard_toad/2025/Documents/25.08-01.09.2025/5R/101MEDIA/DSCF0616.JPG,DSCF0616.JPG,5R/101MEDIA,0,Other_Amphibian,0.3198,2273.0,-1.3,2557.0,584.2
/srv/shared_leopard_toad/2025/Documents/25.08-01.09.2025/5R/101MEDIA/DSCF0484.JPG,DSCF0484.JPG,5R/101MEDIA,0,Other_Amphibian,0.2170,2274.9,0.4,2534.1,551.5
/srv/shared_leopard_toad/2025/Documents/25.08-01.09.2025/5R/101MEDIA/DSCF0471.JPG,DSCF0471.JPG,5R/101MEDIA,0,Other_Amphibian,0.3350,2272.7,-5.0,2525.8,646.9
/srv/shared_leopard_toad/2025/Documents/25.08-01.09.2025/5R/101MEDIA/DSCF0471.JPG,DSCF0471.JPG,5R/101MEDIA,0,Other_Amphibian,0.2043,2266.2,-9.0,2524.4,654.3
/srv/shared_leopard_toad/2025/Documents/25.08-01.09.2025/5R/101MEDIA/DSCF0609.JPG,DSCF0609.JPG,5R/101MEDIA,0,Other_Amphibian,0.3904,2269.3,-1.3,2558.1,545.0
/srv/shared_leopard_toad/2025/Documents/25.08-01.09.2025/5R/101MEDIA/DSCF0239.JPG,DSCF0239.JPG,5R/101MEDIA,0,Other_Amphibian,0.2524,2256.6,-4.8,2473.7,661.5
/srv/shared_leopard_toad/2025/Documents/25.08-01.09.2025/5R/101MEDIA/DSCF0329.JPG,DSCF0329.JPG,5R/101MEDIA,0,Other_Amphibian,0.2314,2254.4,6.1,2481.1,736.3
/srv/shared_leopard_toad/2025/Documents/25.08-01.09.2025/5R/101MEDIA/DSCF0129.JPG,DSCF0129.JPG,5R/101MEDIA,0,Other_Amphibian,0.2445,2243.7,6.5,2481.3,746.6
/srv/shared_leopard_toad/2025/Documents/25.08-01.09.2025/5R/101MEDIA/DSCF0147.JPG,DSCF0147.JPG,5R/101MEDIA,0,Other_Amphibian,0.3079,2245.9,4.8,2479.1,769.7
/srv/shared_leopard_toad/2025/Documents/25.08-01.09.2025/5R/101MEDIA/DSCF0261.JPG,DSCF0261.JPG,5R/101MEDIA,0,Other_Amphibian,0.4565,2250.9,1.5,2468.8,651.5
/srv/shared_leopard_toad/2025/Documents/25.08-01.09.2025/5R/101MEDIA/DSCF0062.JPG,DSCF0062.JPG,5R/101MEDIA,0,Other_Amphibian,0.4133,2247.8,5.9,2490.3,768.6
/srv/shared_leopard_toad/2025/Documents/25.08-01.09.2025/5R/101MEDIA/DSCF0326.JPG,DSCF0326.JPG,5R/101MEDIA,0,Other_Amphibian,0.2600,2253.6,-3.3,2471.4,646.4
/srv/shared_leopard_toad/2025/Documents/25.08-01.09.2025/5R/101MEDIA/DSCF0495.JPG,DSCF0495.JPG,5R/101MEDIA,0,Other_Amphibian,0.2086,2270.8,-1.5,2533.0,587.3
/srv/shared_leopard_toad/2025/Documents/25.08-01.09.2025/5R/101MEDIA/DSCF0495.JPG,DSCF0495.JPG,5R/101MEDIA,0,Other_Amphibian,0.2004,2268.1,-1.8,2535.7,592.8
/srv/shared_leopard_toad/2025/Documents/25.08-01.09.2025/5R/101MEDIA/DSCF0590.JPG,DSCF0590.JPG,5R/101MEDIA,0,Other_Amphibian,0.2534,2275.5,-2.2,2538.7,529.0
/srv/shared_leopard_toad/2025/Documents/25.08-01.09.2025/5R/101MEDIA/DSCF0590.JPG,DSCF0590.JPG,5R/101MEDIA,0,Other_Amphibian,0.2084,2275.2,-1.7,2536.4,530.3
/srv/shared_leopard_toad/2025/Documents/25.08-01.09.2025/5R/101MEDIA/DSCF0175.JPG,DSCF0175.JPG,5R/101MEDIA,0,Other_Amphibian,0.4182,2240.9,4.1,2476.2,772.6
/srv/shared_leopard_toad/2025/Documents/25.08-01.09.2025/5R/101MEDIA/DSCF0573.JPG,DSCF0573.JPG,5R/101MEDIA,0,Other_Amphibian,0.3804,2273.4,-1.7,2546.1,587.5
/srv/shared_leopard_toad/2025/Documents/25.08-01.09.2025/5R/101MEDIA/DSCF0573.JPG,DSCF0573.JPG,5R/101MEDIA,0,Other_Amphibian,0.2588,2272.0,-3.0,2539.6,575.5
/srv/shared_leopard_toad/2025/Documents/25.08-01.09.2025/5R/101MEDIA/DSCF0332.JPG,DSCF0332.JPG,5R/101MEDIA,0,Other_Amphibian,0.2625,2240.3,5.9,2495.2,795.1
/srv/shared_leopard_toad/2025/Documents/25.08-01.09.2025/5R/101MEDIA/DSCF0203.JPG,DSCF0203.JPG,5R/101MEDIA,0,Other_Amphibian,0.2705,2244.5,4.4,2496.2,762.6
/srv/shared_leopard_toad/2025/Documents/25.08-01.09.2025/5R/101MEDIA/DSCF0103.JPG,DSCF0103.JPG,5R/101MEDIA,0,Other_Amphibian,0.4155,2244.2,2.8,2480.8,691.2
/srv/shared_leopard_toad/2025/Documents/25.08-01.09.2025/5R/101MEDIA/DSCF0103.JPG,DSCF0103.JPG,5R/101MEDIA,0,Other_Amphibian,0.2440,2236.9,5.7,2493.3,693.1
/srv/shared_leopard_toad/2025/Documents/25.08-01.09.2025/5R/101MEDIA/DSCF0388.JPG,DSCF0388.JPG,5R/101MEDIA,0,Other_Amphibian,0.3306,2251.2,2.4,2484.3,747.0
/srv/shared_leopard_toad/2025/Documents/25.08-01.09.2025/5R/101MEDIA/DSCF0070.JPG,DSCF0070.JPG,5R/101MEDIA,0,Other_Amphibian,0.2896,2242.2,8.5,2482.8,753.4
/srv/shared_leopard_toad/2025/Documents/25.08-01.09.2025/5R/101MEDIA/DSCF0092.JPG,DSCF0092.JPG,5R/101MEDIA,0,Other_Amphibian,0.2886,2239.9,6.8,2485.1,761.0
/srv/shared_leopard_toad/2025/Documents/25.08-01.09.2025/5R/101MEDIA/DSCF0100.JPG,DSCF0100.JPG,5R/101MEDIA,0,Other_Amphibian,0.3108,2239.8,6.8,2474.7,761.0
/srv/shared_leopard_toad/2025/Documents/25.08-01.09.2025/5R/101MEDIA/DSCF0599.JPG,DSCF0599.JPG,5R/101MEDIA,0,Other_Amphibian,0.3098,2278.6,-0.7,2561.9,556.3
/srv/shared_leopard_toad/2025/Documents/25.08-01.09.2025/5R/101MEDIA/DSCF0042.JPG,DSCF0042.JPG,5R/101MEDIA,0,Other_Amphibian,0.2773,2238.7,8.7,2473.2,755.4
/srv/shared_leopard_toad/2025/Documents/25.08-01.09.2025/5R/101MEDIA/DSCF0529.JPG,DSCF0529.JPG,5R/101MEDIA,0,Other_Amphibian,0.2015,2251.1,8.9,2521.1,988.6
/srv/shared_leopard_toad/2025/Documents/25.08-01.09.2025/5R/101MEDIA/DSCF0010.JPG,DSCF0010.JPG,5R/101MEDIA,0,Other_Amphibian,0.3384,2242.7,7.0,2498.1,769.7
/srv/shared_leopard_toad/2025/Documents/25.08-01.09.2025/5R/101MEDIA/DSCF0348.JPG,DSCF0348.JPG,5R/101MEDIA,0,Other_Amphibian,0.2489,2243.9,4.8,2486.4,778.5
/srv/shared_leopard_toad/2025/Documents/25.08-01.09.2025/5R/101MEDIA/DSCF0078.JPG,DSCF0078.JPG,5R/101MEDIA,0,Other_Amphibian,0.4485,2239.5,5.5,2477.6,776.3
/srv/shared_leopard_toad/2025/Documents/25.08-01.09.2025/5R/101MEDIA/DSCF0244.JPG,DSCF0244.JPG,5R/101MEDIA,0,Other_Amphibian,0.5684,2243.2,3.3,2487.0,773.3
/srv/shared_leopard_toad/2025/Documents/25.08-01.09.2025/5R/101MEDIA/DSCF0242.JPG,DSCF0242.JPG,5R/101MEDIA,0,Other_Amphibian,0.2693,2241.5,5.2,2483.5,717.6
/srv/shared_leopard_toad/2025/Documents/25.08-01.09.2025/5R/101MEDIA/DSCF0242.JPG,DSCF0242.JPG,5R/101MEDIA,0,Other_Amphibian,0.2437,2246.3,-1.8,2470.9,679.2
/srv/shared_leopard_toad/2025/Documents/25.08-01.09.2025/5R/101MEDIA/DSCF0156.JPG,DSCF0156.JPG,5R/101MEDIA,0,Other_Amphibian,0.2157,2249.1,6.8,2494.2,732.2
/srv/shared_leopard_toad/2025/Documents/25.08-01.09.2025/5R/101MEDIA/DSCF0156.JPG,DSCF0156.JPG,5R/101MEDIA,0,Other_Amphibian,0.2009,2257.0,-1.7,2481.1,654.7
/srv/shared_leopard_toad/2025/Documents/25.08-01.09.2025/5R/101MEDIA/DSCF0094.JPG,DSCF0094.JPG,5R/101MEDIA,0,Other_Amphibian,0.3252,2252.2,5.2,2483.2,716.5
/srv/shared_leopard_toad/2025/Documents/25.08-01.09.2025/5R/101MEDIA/DSCF0094.JPG,DSCF0094.JPG,5R/101MEDIA,0,Other_Amphibian,0.2620,2254.5,-1.5,2470.5,688.4
/srv/shared_leopard_toad/2025/Documents/25.08-01.09.2025/5R/101MEDIA/DSCF0190.JPG,DSCF0190.JPG,5R/101MEDIA,0,Other_Amphibian,0.3147,2242.2,4.4,2482.8,777.4
/srv/shared_leopard_toad/2025/Documents/25.08-01.09.2025/5R/101MEDIA/DSCF0047.JPG,DSCF0047.JPG,5R/101MEDIA,0,Other_Amphibian,0.2800,2242.7,7.4,2482.3,758.2
/srv/shared_leopard_toad/2025/Documents/25.08-01.09.2025/5R/101MEDIA/DSCF0213.JPG,DSCF0213.JPG,5R/101MEDIA,0,Other_Amphibian,0.2462,2249.5,4.1,2486.0,757.8
/srv/shared_leopard_toad/2025/Documents/25.08-01.09.2025/5R/101MEDIA/DSCF0631.JPG,DSCF0631.JPG,5R/101MEDIA,0,Other_Amphibian,0.2898,2258.7,-2.0,2571.3,570.5
/srv/shared_leopard_toad/2025/Documents/25.08-01.09.2025/5R/101MEDIA/DSCF0631.JPG,DSCF0631.JPG,5R/101MEDIA,0,Other_Amphibian,0.2125,2223.0,5.5,2554.5,1006.6
/srv/shared_leopard_toad/2025/Documents/25.08-01.09.2025/5R/101MEDIA/DSCF0055.JPG,DSCF0055.JPG,5R/101MEDIA,0,Other_Amphibian,0.4297,2244.6,5.2,2480.4,759.0
/srv/shared_leopard_toad/2025/Documents/25.08-01.09.2025/5R/101MEDIA/DSCF0606.JPG,DSCF0606.JPG,5R/101MEDIA,0,Other_Amphibian,0.3691,2274.1,0.6,2576.9,556.1
/srv/shared_leopard_toad/2025/Documents/25.08-01.09.2025/5R/101MEDIA/DSCF0197.JPG,DSCF0197.JPG,5R/101MEDIA,0,Other_Amphibian,0.3333,2247.0,4.6,2478.0,727.4
/srv/shared_leopard_toad/2025/Documents/25.08-01.09.2025/5R/101MEDIA/DSCF0064.JPG,DSCF0064.JPG,5R/101MEDIA,0,Other_Amphibian,0.2371,2250.5,7.2,2485.0,725.5
/srv/shared_leopard_toad/2025/Documents/25.08-01.09.2025/5R/101MEDIA/DSCF0351.JPG,DSCF0351.JPG,5R/101MEDIA,0,Other_Amphibian,0.2546,2244.9,6.5,2493.3,738.5
/srv/shared_leopard_toad/2025/Documents/25.08-01.09.2025/5R/101MEDIA/DSCF0225.JPG,DSCF0225.JPG,5R/101MEDIA,0,Other_Amphibian,0.3579,2249.0,4.2,2486.5,745.8
/srv/shared_leopard_toad/2025/Documents/25.08-01.09.2025/5R/101MEDIA/DSCF0225.JPG,DSCF0225.JPG,5R/101MEDIA,0,Other_Amphibian,0.2256,2250.1,-5.4,2469.6,691.2
/srv/shared_leopard_toad/2025/Documents/25.08-01.09.2025/5R/101MEDIA/DSCF0354.JPG,DSCF0354.JPG,5R/101MEDIA,0,Other_Amphibian,0.2959,2247.9,2.6,2487.6,757.8
/srv/shared_leopard_toad/2025/Documents/25.08-01.09.2025/5R/101MEDIA/DSCF0354.JPG,DSCF0354.JPG,5R/101MEDIA,0,Other_Amphibian,0.2244,2255.4,-1.5,2469.6,627.9
/srv/shared_leopard_toad/2025/Documents/25.08-01.09.2025/5R/101MEDIA/DSCF0272.JPG,DSCF0272.JPG,5R/101MEDIA,0,Other_Amphibian,0.4160,2234.0,4.8,2480.5,780.0
/srv/shared_leopard_toad/2025/Documents/25.08-01.09.2025/5R/101MEDIA/DSCF0459.JPG,DSCF0459.JPG,5R/101MEDIA,0,Other_Amphibian,0.2212,2272.9,-3.1,2525.6,645.1
/srv/shared_leopard_toad/2025/Documents/25.08-01.09.2025/5R/101MEDIA/DSCF0746.JPG,DSCF0746.JPG,5R/101MEDIA,0,Other_Amphibian,0.3757,2777.9,1061.3,3123.1,1516.8
/srv/shared_leopard_toad/2025/Documents/25.08-01.09.2025/5R/101MEDIA/DSCF0224.JPG,DSCF0224.JPG,5R/101MEDIA,0,Other_Amphibian,0.3799,2249.1,-0.4,2465.4,653.4
/srv/shared_leopard_toad/2025/Documents/25.08-01.09.2025/5R/101MEDIA/DSCF0591.JPG,DSCF0591.JPG,5R/101MEDIA,0,Other_Amphibian,0.5439,2266.7,-4.6,2610.6,648.8
/srv/shared_leopard_toad/2025/Documents/25.08-01.09.2025/5R/101MEDIA/DSCF0081.JPG,DSCF0081.JPG,5R/101MEDIA,0,Other_Amphibian,0.5342,2241.9,5.4,2483.1,752.1
/srv/shared_leopard_toad/2025/Documents/25.08-01.09.2025/5R/101MEDIA/DSCF0016.JPG,DSCF0016.JPG,5R/101MEDIA,0,Other_Amphibian,0.2969,2247.4,6.8,2490.7,734.8
/srv/shared_leopard_toad/2025/Documents/25.08-01.09.2025/5R/101MEDIA/DSCF0016.JPG,DSCF0016.JPG,5R/101MEDIA,0,Other_Amphibian,0.2090,2257.2,-1.8,2481.0,664.1
/srv/shared_leopard_toad/2025/Documents/25.08-01.09.2025/5R/101MEDIA/DSCF0241.JPG,DSCF0241.JPG,5R/101MEDIA,0,Other_Amphibian,0.3140,2256.4,0.9,2468.6,642.1
/srv/shared_leopard_toad/2025/Documents/25.08-01.09.2025/5R/101MEDIA/DSCF0029.JPG,DSCF0029.JPG,5R/101MEDIA,0,Other_Amphibian,0.2847,2238.8,9.2,2486.2,722.8
/srv/shared_leopard_toad/2025/Documents/25.08-01.09.2025/5R/101MEDIA/DSCF0728.JPG,DSCF0728.JPG,5R/101MEDIA,0,Other_Amphibian,0.3552,2778.4,1062.6,3127.9,1506.6
/srv/shared_leopard_toad/2025/Documents/25.08-01.09.2025/5R/101MEDIA/DSCF0468.JPG,DSCF0468.JPG,5R/101MEDIA,0,Other_Amphibian,0.4114,2274.5,-1.3,2531.9,582.0
/srv/shared_leopard_toad/2025/Documents/25.08-01.09.2025/5R/101MEDIA/DSCF0468.JPG,DSCF0468.JPG,5R/101MEDIA,0,Other_Amphibian,0.3096,2270.8,-3.3,2527.7,585.1
/srv/shared_leopard_toad/2025/Documents/25.08-01.09.2025/5R/101MEDIA/DSCF0105.JPG,DSCF0105.JPG,5R/101MEDIA,0,Other_Amphibian,0.4199,2243.1,5.5,2476.7,768.9
/srv/shared_leopard_toad/2025/Documents/25.08-01.09.2025/5R/101MEDIA/DSCF0116.JPG,DSCF0116.JPG,5R/101MEDIA,0,Other_Amphibian,0.2998,2252.1,1.1,2472.9,614.2
/srv/shared_leopard_toad/2025/Documents/25.08-01.09.2025/5R/101MEDIA/DSCF0085.JPG,DSCF0085.JPG,5R/101MEDIA,0,Other_Amphibian,0.2520,2238.0,6.6,2479.1,792.2
/srv/shared_leopard_toad/2025/Documents/25.08-01.09.2025/5R/101MEDIA/DSCF0027.JPG,DSCF0027.JPG,5R/101MEDIA,0,Other_Amphibian,0.3604,2232.2,7.8,2487.6,780.7
/srv/shared_leopard_toad/2025/Documents/25.08-01.09.2025/5R/101MEDIA/DSCF0331.JPG,DSCF0331.JPG,5R/101MEDIA,0,Other_Amphibian,0.4109,2256.4,0.0,2468.6,606.9
/srv/shared_leopard_toad/2025/Documents/25.08-01.09.2025/5R/101MEDIA/DSCF0082.JPG,DSCF0082.JPG,5R/101MEDIA,0,Other_Amphibian,0.2510,2261.0,0.6,2474.5,642.5
/srv/shared_leopard_toad/2025/Documents/25.08-01.09.2025/5R/101MEDIA/DSCF0602.JPG,DSCF0602.JPG,5R/101MEDIA,0,Other_Amphibian,0.3696,2268.2,-2.2,2567.1,599.5
/srv/shared_leopard_toad/2025/Documents/25.08-01.09.2025/5R/101MEDIA/DSCF0347.JPG,DSCF0347.JPG,5R/101MEDIA,0,Other_Amphibian,0.3452,2243.7,4.1,2481.3,760.8
/srv/shared_leopard_toad/2025/Documents/25.08-01.09.2025/5R/101MEDIA/DSCF0347.JPG,DSCF0347.JPG,5R/101MEDIA,0,Other_Amphibian,0.2600,2253.7,-2.4,2471.3,654.3
/srv/shared_leopard_toad/2025/Documents/25.08-01.09.2025/5R/101MEDIA/DSCF0109.JPG,DSCF0109.JPG,5R/101MEDIA,0,Other_Amphibian,0.3708,2241.9,6.6,2483.1,763.4
/srv/shared_leopard_toad/2025/Documents/25.08-01.09.2025/5R/101MEDIA/DSCF0357.JPG,DSCF0357.JPG,5R/101MEDIA,0,Other_Amphibian,0.3462,2236.5,5.9,2472.8,787.7
/srv/shared_leopard_toad/2025/Documents/25.08-01.09.2025/5R/101MEDIA/DSCF0497.JPG,DSCF0497.JPG,5R/101MEDIA,0,Other_Amphibian,0.3147,2270.5,-1.5,2522.7,569.2
/srv/shared_leopard_toad/2025/Documents/25.08-01.09.2025/5R/101MEDIA/DSCF0497.JPG,DSCF0497.JPG,5R/101MEDIA,0,Other_Amphibian,0.2487,2269.3,-3.1,2518.7,571.6
/srv/shared_leopard_toad/2025/Documents/25.08-01.09.2025/5R/101MEDIA/DSCF0340.JPG,DSCF0340.JPG,5R/101MEDIA,0,Other_Amphibian,0.3726,2244.0,3.0,2481.0,764.1
/srv/shared_leopard_toad/2025/Documents/25.08-01.09.2025/5R/101MEDIA/DSCF0611.JPG,DSCF0611.JPG,5R/101MEDIA,0,Other_Amphibian,0.2666,2270.4,-2.4,2559.6,570.9
/srv/shared_leopard_toad/2025/Documents/25.08-01.09.2025/5R/101MEDIA/DSCF0460.JPG,DSCF0460.JPG,5R/101MEDIA,0,Other_Amphibian,0.2224,2273.2,-1.5,2517.5,580.3
/srv/shared_leopard_toad/2025/Documents/25.08-01.09.2025/5R/101MEDIA/DSCF0460.JPG,DSCF0460.JPG,5R/101MEDIA,0,Other_Amphibian,0.2040,2274.5,-1.3,2518.8,585.3
/srv/shared_leopard_toad/2025/Documents/25.08-01.09.2025/5R/101MEDIA/DSCF0024.JPG,DSCF0024.JPG,5R/101MEDIA,0,Other_Amphibian,0.2434,2242.3,7.0,2487.9,754.9
/srv/shared_leopard_toad/2025/Documents/25.08-01.09.2025/5R/101MEDIA/DSCF0318.JPG,DSCF0318.JPG,5R/101MEDIA,0,Other_Amphibian,0.2888,2245.0,3.7,2480.0,782.6
/srv/shared_leopard_toad/2025/Documents/25.08-01.09.2025/5R/101MEDIA/DSCF0392.JPG,DSCF0392.JPG,5R/101MEDIA,0,Other_Amphibian,0.4680,2236.2,3.3,2483.6,761.5
/srv/shared_leopard_toad/2025/Documents/25.08-01.09.2025/5R/101MEDIA/DSCF0493.JPG,DSCF0493.JPG,5R/101MEDIA,0,Other_Amphibian,0.2075,2272.3,-3.9,2515.7,569.4
/srv/shared_leopard_toad/2025/Documents/25.08-01.09.2025/5R/101MEDIA/DSCF0617.JPG,DSCF0617.JPG,5R/101MEDIA,0,Other_Amphibian,0.2720,2264.2,-11.1,2526.4,633.1
/srv/shared_leopard_toad/2025/Documents/25.08-01.09.2025/5R/101MEDIA/DSCF0617.JPG,DSCF0617.JPG,5R/101MEDIA,0,Other_Amphibian,0.2153,2267.3,-7.6,2520.7,600.8
/srv/shared_leopard_toad/2025/Documents/25.08-01.09.2025/5R/101MEDIA/DSCF0328.JPG,DSCF0328.JPG,5R/101MEDIA,0,Other_Amphibian,0.3367,2251.5,-2.6,2468.2,681.1
/srv/shared_leopard_toad/2025/Documents/25.08-01.09.2025/5R/101MEDIA/DSCF0202.JPG,DSCF0202.JPG,5R/101MEDIA,0,Other_Amphibian,0.3918,2244.2,5.5,2480.8,756.4
/srv/shared_leopard_toad/2025/Documents/25.08-01.09.2025/5R/101MEDIA/DSCF0595.JPG,DSCF0595.JPG,5R/101MEDIA,0,Other_Amphibian,0.2588,2275.1,-0.2,2565.4,546.1
/srv/shared_leopard_toad/2025/Documents/25.08-01.09.2025/5R/101MEDIA/DSCF0226.JPG,DSCF0226.JPG,5R/101MEDIA,0,Other_Amphibian,0.2844,2238.3,7.0,2470.9,737.2
/srv/shared_leopard_toad/2025/Documents/25.08-01.09.2025/5R/101MEDIA/DSCF0310.JPG,DSCF0310.JPG,5R/101MEDIA,0,Other_Amphibian,0.2622,2248.3,-2.4,2466.2,683.5
/srv/shared_leopard_toad/2025/Documents/25.08-01.09.2025/5R/101MEDIA/DSCF0310.JPG,DSCF0310.JPG,5R/101MEDIA,0,Other_Amphibian,0.2278,2245.5,4.2,2479.5,713.0
/srv/shared_leopard_toad/2025/Documents/25.08-01.09.2025/5R/101MEDIA/DSCF0374.JPG,DSCF0374.JPG,5R/101MEDIA,0,Other_Amphibian,0.4768,2246.8,3.0,2483.4,731.6
/srv/shared_leopard_toad/2025/Documents/25.08-01.09.2025/5R/101MEDIA/DSCF0374.JPG,DSCF0374.JPG,5R/101MEDIA,0,Other_Amphibian,0.2874,2247.1,-3.0,2467.4,709.1
/srv/shared_leopard_toad/2025/Documents/25.08-01.09.2025/5R/101MEDIA/DSCF0371.JPG,DSCF0371.JPG,5R/101MEDIA,0,Other_Amphibian,0.2140,2252.2,6.3,2483.2,730.2
/srv/shared_leopard_toad/2025/Documents/25.08-01.09.2025/5R/101MEDIA/DSCF0317.JPG,DSCF0317.JPG,5R/101MEDIA,0,Other_Amphibian,0.4175,2237.2,4.1,2477.3,779.3
/srv/shared_leopard_toad/2025/Documents/25.08-01.09.2025/5R/101MEDIA/DSCF0234.JPG,DSCF0234.JPG,5R/101MEDIA,0,Other_Amphibian,0.3132,2256.5,-0.9,2468.5,646.2
/srv/shared_leopard_toad/2025/Documents/25.08-01.09.2025/5R/101MEDIA/DSCF0465.JPG,DSCF0465.JPG,5R/101MEDIA,0,Other_Amphibian,0.3396,2271.6,-3.1,2519.0,603.7
/srv/shared_leopard_toad/2025/Documents/25.08-01.09.2025/5R/101MEDIA/DSCF0465.JPG,DSCF0465.JPG,5R/101MEDIA,0,Other_Amphibian,0.2852,2269.5,-4.4,2521.1,613.5
/srv/shared_leopard_toad/2025/Documents/25.08-01.09.2025/5R/101MEDIA/DSCF0604.JPG,DSCF0604.JPG,5R/101MEDIA,0,Other_Amphibian,0.2074,2273.3,-4.1,2540.9,573.6
/srv/shared_leopard_toad/2025/Documents/25.08-01.09.2025/5R/101MEDIA/DSCF0270.JPG,DSCF0270.JPG,5R/101MEDIA,0,Other_Amphibian,0.2152,2259.7,0.7,2465.3,634.6
/srv/shared_leopard_toad/2025/Documents/25.08-01.09.2025/5R/101MEDIA/DSCF0090.JPG,DSCF0090.JPG,5R/101MEDIA,0,Other_Amphibian,0.4829,2238.7,4.8,2478.4,767.4
/srv/shared_leopard_toad/2025/Documents/25.08-01.09.2025/5R/101MEDIA/DSCF0450.JPG,DSCF0450.JPG,5R/101MEDIA,0,Other_Amphibian,0.2725,2268.7,-5.5,2524.6,644.2
/srv/shared_leopard_toad/2025/Documents/25.08-01.09.2025/5R/101MEDIA/DSCF0450.JPG,DSCF0450.JPG,5R/101MEDIA,0,Other_Amphibian,0.2534,2269.4,-4.6,2529.1,654.3
/srv/shared_leopard_toad/2025/Documents/25.08-01.09.2025/5R/101MEDIA/DSCF0356.JPG,DSCF0356.JPG,5R/101MEDIA,0,Other_Amphibian,0.2681,2256.8,3.0,2481.4,617.9
/srv/shared_leopard_toad/2025/Documents/25.08-01.09.2025/5R/101MEDIA/DSCF0444.JPG,DSCF0444.JPG,5R/101MEDIA,0,Other_Amphibian,0.3257,2272.9,-1.3,2520.3,579.0
/srv/shared_leopard_toad/2025/Documents/25.08-01.09.2025/5R/101MEDIA/DSCF0444.JPG,DSCF0444.JPG,5R/101MEDIA,0,Other_Amphibian,0.2791,2272.7,-1.8,2520.6,581.8
/srv/shared_leopard_toad/2025/Documents/25.08-01.09.2025/5R/101MEDIA/DSCF0236.JPG,DSCF0236.JPG,5R/101MEDIA,0,Other_Amphibian,0.3499,2250.8,5.5,2484.7,743.8
/srv/shared_leopard_toad/2025/Documents/25.08-01.09.2025/5R/101MEDIA/DSCF0236.JPG,DSCF0236.JPG,5R/101MEDIA,0,Other_Amphibian,0.2316,2253.7,-4.8,2471.3,684.8
/srv/shared_leopard_toad/2025/Documents/25.08-01.09.2025/5R/101MEDIA/DSCF0322.JPG,DSCF0322.JPG,5R/101MEDIA,0,Other_Amphibian,0.3118,2245.1,5.0,2493.0,747.7
/srv/shared_leopard_toad/2025/Documents/25.08-01.09.2025/5R/101MEDIA/DSCF0322.JPG,DSCF0322.JPG,5R/101MEDIA,0,Other_Amphibian,0.2343,2252.2,-4.2,2483.2,662.1
/srv/shared_leopard_toad/2025/Documents/25.08-01.09.2025/5R/101MEDIA/DSCF0084.JPG,DSCF0084.JPG,5R/101MEDIA,0,Other_Amphibian,0.4185,2242.4,4.4,2474.7,767.1
/srv/shared_leopard_toad/2025/Documents/25.08-01.09.2025/5R/101MEDIA/DSCF0124.JPG,DSCF0124.JPG,5R/101MEDIA,0,Other_Amphibian,0.3521,2253.2,2.8,2471.8,615.9
/srv/shared_leopard_toad/2025/Documents/25.08-01.09.2025/5R/101MEDIA/DSCF0138.JPG,DSCF0138.JPG,5R/101MEDIA,0,Other_Amphibian,0.3245,2240.2,7.0,2479.6,754.9
/srv/shared_leopard_toad/2025/Documents/25.08-01.09.2025/5R/101MEDIA/DSCF0014.JPG,DSCF0014.JPG,5R/101MEDIA,0,Other_Amphibian,0.2493,2242.7,7.0,2492.8,762.3
/srv/shared_leopard_toad/2025/Documents/25.08-01.09.2025/5R/101MEDIA/DSCF0520.JPG,DSCF0520.JPG,5R/101MEDIA,0,Other_Amphibian,0.2260,2268.9,-4.1,2529.6,652.6
/srv/shared_leopard_toad/2025/Documents/25.08-01.09.2025/5R/101MEDIA/DSCF0520.JPG,DSCF0520.JPG,5R/101MEDIA,0,Other_Amphibian,0.2128,2270.4,-3.5,2528.1,649.9
/srv/shared_leopard_toad/2025/Documents/25.08-01.09.2025/5R/101MEDIA/DSCF0200.JPG,DSCF0200.JPG,5R/101MEDIA,0,Other_Amphibian,0.3262,2247.9,-3.0,2461.3,691.0
/srv/shared_leopard_toad/2025/Documents/25.08-01.09.2025/5R/101MEDIA/DSCF0200.JPG,DSCF0200.JPG,5R/101MEDIA,0,Other_Amphibian,0.2666,2246.9,2.8,2472.8,725.5
/srv/shared_leopard_toad/2025/Documents/25.08-01.09.2025/5R/101MEDIA/DSCF0744.JPG,DSCF0744.JPG,5R/101MEDIA,0,Other_Amphibian,0.2852,2772.5,1060.4,3123.3,1514.8
/srv/shared_leopard_toad/2025/Documents/25.08-01.09.2025/5R/101MEDIA/DSCF0359.JPG,DSCF0359.JPG,5R/101MEDIA,0,Other_Amphibian,0.2452,2249.0,3.3,2486.5,768.2
/srv/shared_leopard_toad/2025/Documents/25.08-01.09.2025/5R/101MEDIA/DSCF0009.JPG,DSCF0009.JPG,5R/101MEDIA,0,Other_Amphibian,0.2876,2248.1,6.8,2490.1,717.8
/srv/shared_leopard_toad/2025/Documents/25.08-01.09.2025/5R/101MEDIA/DSCF0009.JPG,DSCF0009.JPG,5R/101MEDIA,0,Other_Amphibian,0.2181,2255.5,-2.0,2474.7,692.7
/srv/shared_leopard_toad/2025/Documents/25.08-01.09.2025/5R/101MEDIA/DSCF0447.JPG,DSCF0447.JPG,5R/101MEDIA,0,Other_Amphibian,0.2297,2274.7,-1.3,2544.8,585.3
/srv/shared_leopard_toad/2025/Documents/25.08-01.09.2025/5R/101MEDIA/DSCF0702.JPG,DSCF0702.JPG,5R/101MEDIA,2,Western_Leopard_Toad,0.4136,2795.0,1063.9,3127.0,1505.4
/srv/shared_leopard_toad/2025/Documents/25.08-01.09.2025/5R/101MEDIA/DSCF0140.JPG,DSCF0140.JPG,5R/101MEDIA,0,Other_Amphibian,0.3516,2243.6,7.0,2476.2,771.9
/srv/shared_leopard_toad/2025/Documents/25.08-01.09.2025/5R/101MEDIA/DSCF0243.JPG,DSCF0243.JPG,5R/101MEDIA,0,Other_Amphibian,0.3857,2249.1,2.4,2470.7,631.8
/srv/shared_leopard_toad/2025/Documents/25.08-01.09.2025/5R/101MEDIA/DSCF0717.JPG,DSCF0717.JPG,5R/101MEDIA,0,Other_Amphibian,0.3323,2784.0,1065.7,3122.3,1509.4
/srv/shared_leopard_toad/2025/Documents/25.08-01.09.2025/5R/101MEDIA/DSCF0717.JPG,DSCF0717.JPG,5R/101MEDIA,2,Western_Leopard_Toad,0.2595,2784.0,1065.7,3122.3,1509.4
/srv/shared_leopard_toad/2025/Documents/25.08-01.09.2025/5R/101MEDIA/DSCF0579.JPG,DSCF0579.JPG,5R/101MEDIA,0,Other_Amphibian,0.2173,2277.0,-3.3,2537.2,673.7
/srv/shared_leopard_toad/2025/Documents/25.08-01.09.2025/5R/101MEDIA/DSCF0579.JPG,DSCF0579.JPG,5R/101MEDIA,0,Other_Amphibian,0.2094,2274.6,-1.3,2539.7,687.2
/srv/shared_leopard_toad/2025/Documents/25.08-01.09.2025/5R/101MEDIA/DSCF0361.JPG,DSCF0361.JPG,5R/101MEDIA,0,Other_Amphibian,0.2908,2243.7,3.0,2494.4,738.7
/srv/shared_leopard_toad/2025/Documents/25.08-01.09.2025/5R/101MEDIA/DSCF0361.JPG,DSCF0361.JPG,5R/101MEDIA,0,Other_Amphibian,0.2150,2246.2,-7.6,2478.8,688.6
/srv/shared_leopard_toad/2025/Documents/25.08-01.09.2025/5R/101MEDIA/DSCF0201.JPG,DSCF0201.JPG,5R/101MEDIA,0,Other_Amphibian,0.3591,2247.0,3.3,2478.0,759.3
/srv/shared_leopard_toad/2025/Documents/25.08-01.09.2025/5R/101MEDIA/DSCF0762.JPG,DSCF0762.JPG,5R/101MEDIA,2,Western_Leopard_Toad,0.3796,2770.2,1061.5,3130.8,1507.8
/srv/shared_leopard_toad/2025/Documents/25.08-01.09.2025/5R/101MEDIA/DSCF0762.JPG,DSCF0762.JPG,5R/101MEDIA,0,Other_Amphibian,0.2800,2770.2,1061.5,3130.8,1507.8
/srv/shared_leopard_toad/2025/Documents/25.08-01.09.2025/5R/101MEDIA/DSCF0707.JPG,DSCF0707.JPG,5R/101MEDIA,0,Other_Amphibian,0.2507,2788.8,1064.4,3122.7,1504.8
/srv/shared_leopard_toad/2025/Documents/25.08-01.09.2025/5R/100MEDIA/DSCF0404.JPG,DSCF0404.JPG,5R/100MEDIA,0,Other_Amphibian,0.4917,2239.2,3.1,2462.2,645.4
/srv/shared_leopard_toad/2025/Documents/25.08-01.09.2025/5R/100MEDIA/DSCF0993.JPG,DSCF0993.JPG,5R/100MEDIA,0,Other_Amphibian,0.3462,2247.5,6.5,2482.8,743.6
/srv/shared_leopard_toad/2025/Documents/25.08-01.09.2025/5R/100MEDIA/DSCF0537.JPG,DSCF0537.JPG,5R/100MEDIA,0,Other_Amphibian,0.4248,2250.7,1.5,2463.8,629.4
/srv/shared_leopard_toad/2025/Documents/25.08-01.09.2025/5R/100MEDIA/DSCF0358.JPG,DSCF0358.JPG,5R/100MEDIA,0,Other_Amphibian,0.3521,2228.8,6.3,2472.6,746.8
/srv/shared_leopard_toad/2025/Documents/25.08-01.09.2025/5R/100MEDIA/DSCF0358.JPG,DSCF0358.JPG,5R/100MEDIA,0,Other_Amphibian,0.2544,2234.7,-5.4,2458.8,691.2
/srv/shared_leopard_toad/2025/Documents/25.08-01.09.2025/5R/100MEDIA/DSCF0488.JPG,DSCF0488.JPG,5R/100MEDIA,0,Other_Amphibian,0.6187,2239.6,0.0,2461.8,665.9
/srv/shared_leopard_toad/2025/Documents/25.08-01.09.2025/5R/100MEDIA/DSCF0541.JPG,DSCF0541.JPG,5R/100MEDIA,0,Other_Amphibian,0.3628,2247.4,-0.2,2477.6,645.4
/srv/shared_leopard_toad/2025/Documents/25.08-01.09.2025/5R/100MEDIA/DSCF0541.JPG,DSCF0541.JPG,5R/100MEDIA,0,Other_Amphibian,0.2281,2244.0,4.6,2494.2,723.7
/srv/shared_leopard_toad/2025/Documents/25.08-01.09.2025/5R/100MEDIA/DSCF0519.JPG,DSCF0519.JPG,5R/100MEDIA,0,Other_Amphibian,0.2654,2248.1,0.4,2463.7,660.8
/srv/shared_leopard_toad/2025/Documents/25.08-01.09.2025/5R/100MEDIA/DSCF0519.JPG,DSCF0519.JPG,5R/100MEDIA,0,Other_Amphibian,0.2303,2238.5,9.6,2478.7,738.3
/srv/shared_leopard_toad/2025/Documents/25.08-01.09.2025/5R/100MEDIA/DSCF0589.JPG,DSCF0589.JPG,5R/100MEDIA,0,Other_Amphibian,0.3733,2235.2,6.1,2476.7,752.9
/srv/shared_leopard_toad/2025/Documents/25.08-01.09.2025/5R/100MEDIA/DSCF0589.JPG,DSCF0589.JPG,5R/100MEDIA,0,Other_Amphibian,0.2024,2244.0,-2.4,2462.7,699.0
/srv/shared_leopard_toad/2025/Documents/25.08-01.09.2025/5R/100MEDIA/DSCF0466.JPG,DSCF0466.JPG,5R/100MEDIA,0,Other_Amphibian,0.4165,2247.7,-1.3,2461.6,654.3
/srv/shared_leopard_toad/2025/Documents/25.08-01.09.2025/5R/100MEDIA/DSCF0466.JPG,DSCF0466.JPG,5R/100MEDIA,0,Other_Amphibian,0.3240,2235.4,6.5,2476.5,748.1
/srv/shared_leopard_toad/2025/Documents/25.08-01.09.2025/5R/100MEDIA/DSCF0443.JPG,DSCF0443.JPG,5R/100MEDIA,0,Other_Amphibian,0.3550,2240.2,-2.6,2453.3,687.0
/srv/shared_leopard_toad/2025/Documents/25.08-01.09.2025/5R/100MEDIA/DSCF0443.JPG,DSCF0443.JPG,5R/100MEDIA,0,Other_Amphibian,0.3042,2233.6,3.9,2459.9,758.0
/srv/shared_leopard_toad/2025/Documents/25.08-01.09.2025/5R/100MEDIA/DSCF0911.JPG,DSCF0911.JPG,5R/100MEDIA,0,Other_Amphibian,0.2133,2242.2,8.9,2482.8,777.4
/srv/shared_leopard_toad/2025/Documents/25.08-01.09.2025/5R/100MEDIA/DSCF0215.JPG,DSCF0215.JPG,5R/100MEDIA,0,Other_Amphibian,0.3376,2209.7,8.1,2462.8,802.5
/srv/shared_leopard_toad/2025/Documents/25.08-01.09.2025/5R/100MEDIA/DSCF0173.JPG,DSCF0173.JPG,5R/100MEDIA,0,Other_Amphibian,0.4160,2218.7,5.9,2461.7,647.1
/srv/shared_leopard_toad/2025/Documents/25.08-01.09.2025/5R/100MEDIA/DSCF0279.JPG,DSCF0279.JPG,5R/100MEDIA,0,Other_Amphibian,0.2910,2237.0,4.2,2451.3,638.8
/srv/shared_leopard_toad/2025/Documents/25.08-01.09.2025/5R/100MEDIA/DSCF0279.JPG,DSCF0279.JPG,5R/100MEDIA,0,Other_Amphibian,0.2372,2228.9,11.3,2459.4,751.4
/srv/shared_leopard_toad/2025/Documents/25.08-01.09.2025/5R/100MEDIA/DSCF0464.JPG,DSCF0464.JPG,5R/100MEDIA,0,Other_Amphibian,0.3501,2244.0,-1.7,2460.0,686.0
/srv/shared_leopard_toad/2025/Documents/25.08-01.09.2025/5R/100MEDIA/DSCF0464.JPG,DSCF0464.JPG,5R/100MEDIA,0,Other_Amphibian,0.3186,2239.6,7.2,2474.9,737.0
/srv/shared_leopard_toad/2025/Documents/25.08-01.09.2025/5R/100MEDIA/DSCF0455.JPG,DSCF0455.JPG,5R/100MEDIA,0,Other_Amphibian,0.4163,2238.6,-2.8,2454.9,699.3
/srv/shared_leopard_toad/2025/Documents/25.08-01.09.2025/5R/100MEDIA/DSCF0455.JPG,DSCF0455.JPG,5R/100MEDIA,0,Other_Amphibian,0.3347,2234.8,5.2,2466.6,737.2
/srv/shared_leopard_toad/2025/Documents/25.08-01.09.2025/5R/100MEDIA/DSCF0407.JPG,DSCF0407.JPG,5R/100MEDIA,0,Other_Amphibian,0.5352,2232.3,3.9,2461.2,628.1
/srv/shared_leopard_toad/2025/Documents/25.08-01.09.2025/5R/100MEDIA/DSCF0416.JPG,DSCF0416.JPG,5R/100MEDIA,0,Other_Amphibian,0.3298,2227.3,7.0,2466.2,751.9
/srv/shared_leopard_toad/2025/Documents/25.08-01.09.2025/5R/100MEDIA/DSCF0416.JPG,DSCF0416.JPG,5R/100MEDIA,0,Other_Amphibian,0.2581,2237.2,-1.3,2456.3,684.6
/srv/shared_leopard_toad/2025/Documents/25.08-01.09.2025/5R/100MEDIA/DSCF0922.JPG,DSCF0922.JPG,5R/100MEDIA,0,Other_Amphibian,0.4233,2245.9,5.7,2489.6,752.5
/srv/shared_leopard_toad/2025/Documents/25.08-01.09.2025/5R/100MEDIA/DSCF0678.JPG,DSCF0678.JPG,5R/100MEDIA,0,Other_Amphibian,0.2297,2251.9,-4.1,2467.8,665.2
/srv/shared_leopard_toad/2025/Documents/25.08-01.09.2025/5R/100MEDIA/DSCF0651.JPG,DSCF0651.JPG,5R/100MEDIA,0,Other_Amphibian,0.3232,2254.5,1.1,2470.5,646.4
/srv/shared_leopard_toad/2025/Documents/25.08-01.09.2025/5R/100MEDIA/DSCF0514.JPG,DSCF0514.JPG,5R/100MEDIA,0,Other_Amphibian,0.5776,2233.0,5.0,2484.2,756.9
/srv/shared_leopard_toad/2025/Documents/25.08-01.09.2025/5R/100MEDIA/DSCF0767.JPG,DSCF0767.JPG,5R/100MEDIA,0,Other_Amphibian,0.2073,2248.1,6.8,2487.4,742.5
/srv/shared_leopard_toad/2025/Documents/25.08-01.09.2025/5R/100MEDIA/DSCF0774.JPG,DSCF0774.JPG,5R/100MEDIA,0,Other_Amphibian,0.2034,2255.5,5.5,2482.6,745.7
/srv/shared_leopard_toad/2025/Documents/25.08-01.09.2025/5R/100MEDIA/DSCF0298.JPG,DSCF0298.JPG,5R/100MEDIA,0,Other_Amphibian,0.3237,2220.5,7.0,2459.9,782.2
/srv/shared_leopard_toad/2025/Documents/25.08-01.09.2025/5R/100MEDIA/DSCF0298.JPG,DSCF0298.JPG,5R/100MEDIA,0,Other_Amphibian,0.2444,2231.1,-0.7,2451.9,664.1
/srv/shared_leopard_toad/2025/Documents/25.08-01.09.2025/5R/100MEDIA/DSCF0784.JPG,DSCF0784.JPG,5R/100MEDIA,0,Other_Amphibian,0.4006,2244.5,5.0,2485.7,753.2
/srv/shared_leopard_toad/2025/Documents/25.08-01.09.2025/5R/100MEDIA/DSCF0933.JPG,DSCF0933.JPG,5R/100MEDIA,0,Other_Amphibian,0.2069,2245.7,5.7,2484.6,737.7
/srv/shared_leopard_toad/2025/Documents/25.08-01.09.2025/5R/100MEDIA/DSCF0417.JPG,DSCF0417.JPG,5R/100MEDIA,0,Other_Amphibian,0.3850,2235.4,1.3,2463.3,678.7
/srv/shared_leopard_toad/2025/Documents/25.08-01.09.2025/5R/100MEDIA/DSCF0417.JPG,DSCF0417.JPG,5R/100MEDIA,0,Other_Amphibian,0.3093,2232.6,7.9,2468.8,741.4
/srv/shared_leopard_toad/2025/Documents/25.08-01.09.2025/5R/100MEDIA/DSCF0543.JPG,DSCF0543.JPG,5R/100MEDIA,0,Other_Amphibian,0.4414,2236.7,5.5,2480.5,762.3
/srv/shared_leopard_toad/2025/Documents/25.08-01.09.2025/5R/100MEDIA/DSCF0325.JPG,DSCF0325.JPG,5R/100MEDIA,0,Other_Amphibian,0.2661,2221.7,6.3,2461.3,791.8
/srv/shared_leopard_toad/2025/Documents/25.08-01.09.2025/5R/100MEDIA/DSCF0650.JPG,DSCF0650.JPG,5R/100MEDIA,0,Other_Amphibian,0.4036,2254.1,3.3,2489.3,759.3
/srv/shared_leopard_toad/2025/Documents/25.08-01.09.2025/5R/100MEDIA/DSCF0562.JPG,DSCF0562.JPG,5R/100MEDIA,0,Other_Amphibian,0.4629,2243.7,6.1,2470.8,752.9
/srv/shared_leopard_toad/2025/Documents/25.08-01.09.2025/5R/100MEDIA/DSCF0562.JPG,DSCF0562.JPG,5R/100MEDIA,0,Other_Amphibian,0.2147,2249.6,-2.2,2459.6,690.3
/srv/shared_leopard_toad/2025/Documents/25.08-01.09.2025/5R/100MEDIA/DSCF0446.JPG,DSCF0446.JPG,5R/100MEDIA,0,Other_Amphibian,0.3987,2237.0,5.5,2456.5,615.4
/srv/shared_leopard_toad/2025/Documents/25.08-01.09.2025/5R/100MEDIA/DSCF0512.JPG,DSCF0512.JPG,5R/100MEDIA,0,Other_Amphibian,0.3425,2239.8,8.7,2474.7,740.7
/srv/shared_leopard_toad/2025/Documents/25.08-01.09.2025/5R/100MEDIA/DSCF0512.JPG,DSCF0512.JPG,5R/100MEDIA,0,Other_Amphibian,0.2405,2246.8,-1.5,2457.2,698.0
/srv/shared_leopard_toad/2025/Documents/25.08-01.09.2025/5R/100MEDIA/DSCF0282.JPG,DSCF0282.JPG,5R/100MEDIA,0,Other_Amphibian,0.4321,2220.1,6.3,2457.7,780.0
/srv/shared_leopard_toad/2025/Documents/25.08-01.09.2025/5R/100MEDIA/DSCF0430.JPG,DSCF0430.JPG,5R/100MEDIA,0,Other_Amphibian,0.5571,2223.2,6.3,2459.8,788.9
/srv/shared_leopard_toad/2025/Documents/25.08-01.09.2025/5R/100MEDIA/DSCF0765.JPG,DSCF0765.JPG,5R/100MEDIA,0,Other_Amphibian,0.4978,2235.0,4.1,2482.1,797.0
/srv/shared_leopard_toad/2025/Documents/25.08-01.09.2025/5R/100MEDIA/DSCF0594.JPG,DSCF0594.JPG,5R/100MEDIA,0,Other_Amphibian,0.3652,2243.6,-0.4,2463.1,687.3
/srv/shared_leopard_toad/2025/Documents/25.08-01.09.2025/5R/100MEDIA/DSCF0956.JPG,DSCF0956.JPG,5R/100MEDIA,0,Other_Amphibian,0.3645,2244.2,4.8,2491.3,755.6
/srv/shared_leopard_toad/2025/Documents/25.08-01.09.2025/5R/100MEDIA/DSCF0221.JPG,DSCF0221.JPG,5R/100MEDIA,0,Other_Amphibian,0.4702,2231.5,6.1,2462.0,629.2
/srv/shared_leopard_toad/2025/Documents/25.08-01.09.2025/5R/100MEDIA/DSCF0442.JPG,DSCF0442.JPG,5R/100MEDIA,0,Other_Amphibian,0.3433,2241.4,-0.7,2452.1,671.1
/srv/shared_leopard_toad/2025/Documents/25.08-01.09.2025/5R/100MEDIA/DSCF0442.JPG,DSCF0442.JPG,5R/100MEDIA,0,Other_Amphibian,0.2825,2235.2,9.4,2466.2,757.7
/srv/shared_leopard_toad/2025/Documents/25.08-01.09.2025/5R/100MEDIA/DSCF0667.JPG,DSCF0667.JPG,5R/100MEDIA,0,Other_Amphibian,0.3750,2239.2,1.8,2485.8,786.6
/srv/shared_leopard_toad/2025/Documents/25.08-01.09.2025/5R/100MEDIA/DSCF0812.JPG,DSCF0812.JPG,5R/100MEDIA,0,Other_Amphibian,0.2996,2243.5,5.5,2481.5,770.4
/srv/shared_leopard_toad/2025/Documents/25.08-01.09.2025/5R/100MEDIA/DSCF0311.JPG,DSCF0311.JPG,5R/100MEDIA,0,Other_Amphibian,0.4790,2239.6,2.8,2459.1,610.7
/srv/shared_leopard_toad/2025/Documents/25.08-01.09.2025/5R/100MEDIA/DSCF0362.JPG,DSCF0362.JPG,5R/100MEDIA,0,Other_Amphibian,0.5312,2235.5,0.6,2458.0,681.6
/srv/shared_leopard_toad/2025/Documents/25.08-01.09.2025/5R/100MEDIA/DSCF0362.JPG,DSCF0362.JPG,5R/100MEDIA,0,Other_Amphibian,0.2664,2228.5,5.5,2465.0,703.2
/srv/shared_leopard_toad/2025/Documents/25.08-01.09.2025/5R/100MEDIA/DSCF0565.JPG,DSCF0565.JPG,5R/100MEDIA,0,Other_Amphibian,0.2544,2247.2,-3.0,2467.3,667.8
/srv/shared_leopard_toad/2025/Documents/25.08-01.09.2025/5R/100MEDIA/DSCF0565.JPG,DSCF0565.JPG,5R/100MEDIA,0,Other_Amphibian,0.2289,2242.8,6.6,2482.2,733.9
/srv/shared_leopard_toad/2025/Documents/25.08-01.09.2025/5R/100MEDIA/DSCF0868.JPG,DSCF0868.JPG,5R/100MEDIA,0,Other_Amphibian,0.2874,2248.8,5.7,2497.2,752.5
/srv/shared_leopard_toad/2025/Documents/25.08-01.09.2025/5R/100MEDIA/DSCF0668.JPG,DSCF0668.JPG,5R/100MEDIA,0,Other_Amphibian,0.3418,2246.5,5.0,2489.0,749.5
/srv/shared_leopard_toad/2025/Documents/25.08-01.09.2025/5R/100MEDIA/DSCF0187.JPG,DSCF0187.JPG,5R/100MEDIA,0,Other_Amphibian,0.2913,2218.5,4.6,2464.5,668.3
/srv/shared_leopard_toad/2025/Documents/25.08-01.09.2025/5R/100MEDIA/DSCF0980.JPG,DSCF0980.JPG,5R/100MEDIA,0,Other_Amphibian,0.5005,2244.9,5.2,2490.6,753.0
/srv/shared_leopard_toad/2025/Documents/25.08-01.09.2025/5R/100MEDIA/DSCF0679.JPG,DSCF0679.JPG,5R/100MEDIA,0,Other_Amphibian,0.2234,2243.5,3.0,2486.8,761.2
/srv/shared_leopard_toad/2025/Documents/25.08-01.09.2025/5R/100MEDIA/DSCF0752.JPG,DSCF0752.JPG,5R/100MEDIA,0,Other_Amphibian,0.2130,2249.0,4.8,2481.3,728.7
/srv/shared_leopard_toad/2025/Documents/25.08-01.09.2025/5R/100MEDIA/DSCF0193.JPG,DSCF0193.JPG,5R/100MEDIA,0,Other_Amphibian,0.2673,2230.6,3.7,2462.9,636.0
/srv/shared_leopard_toad/2025/Documents/25.08-01.09.2025/5R/100MEDIA/DSCF0193.JPG,DSCF0193.JPG,5R/100MEDIA,0,Other_Amphibian,0.2605,2221.4,9.6,2472.1,781.1
/srv/shared_leopard_toad/2025/Documents/25.08-01.09.2025/5R/100MEDIA/DSCF0640.JPG,DSCF0640.JPG,5R/100MEDIA,0,Other_Amphibian,0.4258,2238.3,5.5,2473.6,762.3
/srv/shared_leopard_toad/2025/Documents/25.08-01.09.2025/5R/100MEDIA/DSCF0623.JPG,DSCF0623.JPG,5R/100MEDIA,0,Other_Amphibian,0.3733,2245.0,2.4,2480.0,754.3
/srv/shared_leopard_toad/2025/Documents/25.08-01.09.2025/5R/100MEDIA/DSCF0734.JPG,DSCF0734.JPG,5R/100MEDIA,0,Other_Amphibian,0.3838,2242.7,3.0,2482.3,764.9
/srv/shared_leopard_toad/2025/Documents/25.08-01.09.2025/5R/100MEDIA/DSCF0518.JPG,DSCF0518.JPG,5R/100MEDIA,0,Other_Amphibian,0.4695,2226.6,7.4,2472.2,766.3
/srv/shared_leopard_toad/2025/Documents/25.08-01.09.2025/5R/100MEDIA/DSCF0777.JPG,DSCF0777.JPG,5R/100MEDIA,0,Other_Amphibian,0.5049,2246.2,4.4,2478.8,729.8
/srv/shared_leopard_toad/2025/Documents/25.08-01.09.2025/5R/100MEDIA/DSCF0167.JPG,DSCF0167.JPG,5R/100MEDIA,0,Other_Amphibian,0.4368,2219.8,8.5,2473.7,773.3
/srv/shared_leopard_toad/2025/Documents/25.08-01.09.2025/5R/100MEDIA/DSCF0273.JPG,DSCF0273.JPG,5R/100MEDIA,0,Other_Amphibian,0.3599,2231.2,3.0,2462.2,673.3
/srv/shared_leopard_toad/2025/Documents/25.08-01.09.2025/5R/100MEDIA/DSCF0891.JPG,DSCF0891.JPG,5R/100MEDIA,0,Other_Amphibian,0.2849,2241.8,6.3,2483.2,777.0
/srv/shared_leopard_toad/2025/Documents/25.08-01.09.2025/5R/100MEDIA/DSCF0636.JPG,DSCF0636.JPG,5R/100MEDIA,0,Other_Amphibian,0.6006,2246.2,0.9,2478.8,653.6
/srv/shared_leopard_toad/2025/Documents/25.08-01.09.2025/5R/100MEDIA/DSCF0827.JPG,DSCF0827.JPG,5R/100MEDIA,0,Other_Amphibian,0.3218,2240.1,7.0,2484.9,760.8
/srv/shared_leopard_toad/2025/Documents/25.08-01.09.2025/5R/100MEDIA/DSCF0560.JPG,DSCF0560.JPG,5R/100MEDIA,0,Other_Amphibian,0.2094,2249.2,9.8,2486.3,739.6
/srv/shared_leopard_toad/2025/Documents/25.08-01.09.2025/5R/100MEDIA/DSCF0802.JPG,DSCF0802.JPG,5R/100MEDIA,0,Other_Amphibian,0.4392,2244.8,5.5,2485.5,756.4
/srv/shared_leopard_toad/2025/Documents/25.08-01.09.2025/5R/100MEDIA/DSCF0339.JPG,DSCF0339.JPG,5R/100MEDIA,0,Other_Amphibian,0.3279,2240.8,4.2,2452.7,618.9
/srv/shared_leopard_toad/2025/Documents/25.08-01.09.2025/5R/100MEDIA/DSCF0983.JPG,DSCF0983.JPG,5R/100MEDIA,0,Other_Amphibian,0.4749,2228.3,5.5,2481.0,771.9
/srv/shared_leopard_toad/2025/Documents/25.08-01.09.2025/5R/100MEDIA/DSCF0336.JPG,DSCF0336.JPG,5R/100MEDIA,0,Other_Amphibian,0.4197,2231.8,-0.6,2456.4,686.4
/srv/shared_leopard_toad/2025/Documents/25.08-01.09.2025/5R/100MEDIA/DSCF0336.JPG,DSCF0336.JPG,5R/100MEDIA,0,Other_Amphibian,0.2413,2226.4,4.1,2467.1,737.5
/srv/shared_leopard_toad/2025/Documents/25.08-01.09.2025/5R/100MEDIA/DSCF0461.JPG,DSCF0461.JPG,5R/100MEDIA,0,Other_Amphibian,0.4526,2232.3,6.5,2471.7,738.5
/srv/shared_leopard_toad/2025/Documents/25.08-01.09.2025/5R/100MEDIA/DSCF0461.JPG,DSCF0461.JPG,5R/100MEDIA,0,Other_Amphibian,0.2418,2234.9,-0.4,2458.6,695.8
/srv/shared_leopard_toad/2025/Documents/25.08-01.09.2025/5R/100MEDIA/DSCF0344.JPG,DSCF0344.JPG,5R/100MEDIA,0,Other_Amphibian,0.4436,2239.2,0.0,2462.2,663.3
/srv/shared_leopard_toad/2025/Documents/25.08-01.09.2025/5R/100MEDIA/DSCF0194.JPG,DSCF0194.JPG,5R/100MEDIA,0,Other_Amphibian,0.2224,2228.5,7.6,2465.0,635.5
/srv/shared_leopard_toad/2025/Documents/25.08-01.09.2025/5R/100MEDIA/DSCF0712.JPG,DSCF0712.JPG,5R/100MEDIA,0,Other_Amphibian,0.2559,2250.4,-2.0,2474.6,689.0
/srv/shared_leopard_toad/2025/Documents/25.08-01.09.2025/5R/100MEDIA/DSCF0501.JPG,DSCF0501.JPG,5R/100MEDIA,0,Other_Amphibian,0.4602,2231.0,3.3,2470.4,785.9
/srv/shared_leopard_toad/2025/Documents/25.08-01.09.2025/5R/100MEDIA/DSCF0233.JPG,DSCF0233.JPG,5R/100MEDIA,0,Other_Amphibian,0.2388,2213.5,15.5,2469.5,790.0
/srv/shared_leopard_toad/2025/Documents/25.08-01.09.2025/5R/100MEDIA/DSCF0489.JPG,DSCF0489.JPG,5R/100MEDIA,0,Other_Amphibian,0.2693,2241.8,-1.3,2470.1,674.2
/srv/shared_leopard_toad/2025/Documents/25.08-01.09.2025/5R/100MEDIA/DSCF0553.JPG,DSCF0553.JPG,5R/100MEDIA,0,Other_Amphibian,0.4768,2245.4,0.2,2466.5,647.3
/srv/shared_leopard_toad/2025/Documents/25.08-01.09.2025/5R/100MEDIA/DSCF0350.JPG,DSCF0350.JPG,5R/100MEDIA,0,Other_Amphibian,0.2469,2234.3,6.8,2472.3,628.5
/srv/shared_leopard_toad/2025/Documents/25.08-01.09.2025/5R/100MEDIA/DSCF0390.JPG,DSCF0390.JPG,5R/100MEDIA,0,Other_Amphibian,0.3652,2241.0,1.7,2452.5,637.0
/srv/shared_leopard_toad/2025/Documents/25.08-01.09.2025/5R/100MEDIA/DSCF0185.JPG,DSCF0185.JPG,5R/100MEDIA,0,Other_Amphibian,0.3245,2216.3,13.3,2458.8,760.4
/srv/shared_leopard_toad/2025/Documents/25.08-01.09.2025/5R/100MEDIA/DSCF0539.JPG,DSCF0539.JPG,5R/100MEDIA,0,Other_Amphibian,0.4241,2235.8,4.4,2465.5,763.4
/srv/shared_leopard_toad/2025/Documents/25.08-01.09.2025/5R/100MEDIA/DSCF0286.JPG,DSCF0286.JPG,5R/100MEDIA,0,Other_Amphibian,0.4507,2224.7,0.7,2455.7,693.2
/srv/shared_leopard_toad/2025/Documents/25.08-01.09.2025/5R/100MEDIA/DSCF0286.JPG,DSCF0286.JPG,5R/100MEDIA,0,Other_Amphibian,0.2239,2222.6,5.0,2465.6,720.7
/srv/shared_leopard_toad/2025/Documents/25.08-01.09.2025/5R/100MEDIA/DSCF0292.JPG,DSCF0292.JPG,5R/100MEDIA,0,Other_Amphibian,0.3525,2227.3,4.2,2466.2,646.5
/srv/shared_leopard_toad/2025/Documents/25.08-01.09.2025/5R/100MEDIA/DSCF0429.JPG,DSCF0429.JPG,5R/100MEDIA,0,Other_Amphibian,0.4397,2234.4,-0.7,2459.1,688.8
/srv/shared_leopard_toad/2025/Documents/25.08-01.09.2025/5R/100MEDIA/DSCF0429.JPG,DSCF0429.JPG,5R/100MEDIA,0,Other_Amphibian,0.2737,2230.5,4.2,2473.5,736.3
/srv/shared_leopard_toad/2025/Documents/25.08-01.09.2025/5R/100MEDIA/DSCF0834.JPG,DSCF0834.JPG,5R/100MEDIA,0,Other_Amphibian,0.3096,2236.0,8.7,2478.5,755.4
/srv/shared_leopard_toad/2025/Documents/25.08-01.09.2025/5R/100MEDIA/DSCF0792.JPG,DSCF0792.JPG,5R/100MEDIA,0,Other_Amphibian,0.4053,2238.9,4.4,2467.7,758.2
/srv/shared_leopard_toad/2025/Documents/25.08-01.09.2025/5R/100MEDIA/DSCF0807.JPG,DSCF0807.JPG,5R/100MEDIA,0,Other_Amphibian,0.2328,2247.9,5.7,2487.6,752.5
/srv/shared_leopard_toad/2025/Documents/25.08-01.09.2025/5R/100MEDIA/DSCF0341.JPG,DSCF0341.JPG,5R/100MEDIA,0,Other_Amphibian,0.4395,2237.0,0.4,2456.5,648.2
/srv/shared_leopard_toad/2025/Documents/25.08-01.09.2025/5R/100MEDIA/DSCF0304.JPG,DSCF0304.JPG,5R/100MEDIA,0,Other_Amphibian,0.3611,2242.3,-0.4,2466.9,633.4
/srv/shared_leopard_toad/2025/Documents/25.08-01.09.2025/5R/100MEDIA/DSCF0507.JPG,DSCF0507.JPG,5R/100MEDIA,0,Other_Amphibian,0.5469,2243.6,0.4,2463.1,671.1
/srv/shared_leopard_toad/2025/Documents/25.08-01.09.2025/5R/100MEDIA/DSCF0681.JPG,DSCF0681.JPG,5R/100MEDIA,0,Other_Amphibian,0.3936,2241.5,5.5,2499.2,771.9
/srv/shared_leopard_toad/2025/Documents/25.08-01.09.2025/5R/100MEDIA/DSCF0592.JPG,DSCF0592.JPG,5R/100MEDIA,0,Other_Amphibian,0.5488,2243.0,0.7,2466.3,648.9
/srv/shared_leopard_toad/2025/Documents/25.08-01.09.2025/5R/100MEDIA/DSCF0574.JPG,DSCF0574.JPG,5R/100MEDIA,0,Other_Amphibian,0.4885,2229.3,2.2,2464.2,765.6
/srv/shared_leopard_toad/2025/Documents/25.08-01.09.2025/5R/100MEDIA/DSCF0795.JPG,DSCF0795.JPG,5R/100MEDIA,0,Other_Amphibian,0.3760,2244.2,4.4,2475.5,743.4
/srv/shared_leopard_toad/2025/Documents/25.08-01.09.2025/5R/100MEDIA/DSCF0266.JPG,DSCF0266.JPG,5R/100MEDIA,0,Other_Amphibian,0.2703,2228.9,8.5,2464.6,639.0
/srv/shared_leopard_toad/2025/Documents/25.08-01.09.2025/5R/100MEDIA/DSCF0207.JPG,DSCF0207.JPG,5R/100MEDIA,0,Other_Amphibian,0.3777,2221.0,7.0,2456.8,634.9
/srv/shared_leopard_toad/2025/Documents/25.08-01.09.2025/5R/100MEDIA/DSCF0393.JPG,DSCF0393.JPG,5R/100MEDIA,0,Other_Amphibian,0.3760,2238.4,-2.6,2455.1,680.0
/srv/shared_leopard_toad/2025/Documents/25.08-01.09.2025/5R/100MEDIA/DSCF0393.JPG,DSCF0393.JPG,5R/100MEDIA,0,Other_Amphibian,0.3071,2232.6,5.5,2466.2,749.0
/srv/shared_leopard_toad/2025/Documents/25.08-01.09.2025/5R/100MEDIA/DSCF0780.JPG,DSCF0780.JPG,5R/100MEDIA,0,Other_Amphibian,0.2251,2250.0,6.8,2480.2,741.0
/srv/shared_leopard_toad/2025/Documents/25.08-01.09.2025/5R/100MEDIA/DSCF0981.JPG,DSCF0981.JPG,5R/100MEDIA,0,Other_Amphibian,0.2297,2248.8,5.5,2497.2,745.7
/srv/shared_leopard_toad/2025/Documents/25.08-01.09.2025/5R/100MEDIA/DSCF0403.JPG,DSCF0403.JPG,5R/100MEDIA,0,Other_Amphibian,0.5923,2237.4,4.8,2466.6,632.7
/srv/shared_leopard_toad/2025/Documents/25.08-01.09.2025/5R/100MEDIA/DSCF0369.JPG,DSCF0369.JPG,5R/100MEDIA,0,Other_Amphibian,0.5156,2238.9,2.8,2465.1,619.2
/srv/shared_leopard_toad/2025/Documents/25.08-01.09.2025/5R/100MEDIA/DSCF0895.JPG,DSCF0895.JPG,5R/100MEDIA,0,Other_Amphibian,0.2013,2250.8,6.3,2487.4,718.3
/srv/shared_leopard_toad/2025/Documents/25.08-01.09.2025/5R/100MEDIA/DSCF0490.JPG,DSCF0490.JPG,5R/100MEDIA,0,Other_Amphibian,0.3269,2250.2,1.8,2461.7,650.1
/srv/shared_leopard_toad/2025/Documents/25.08-01.09.2025/5R/100MEDIA/DSCF0490.JPG,DSCF0490.JPG,5R/100MEDIA,0,Other_Amphibian,0.3025,2248.3,8.5,2476.7,735.0
/srv/shared_leopard_toad/2025/Documents/25.08-01.09.2025/5R/100MEDIA/DSCF0422.JPG,DSCF0422.JPG,5R/100MEDIA,0,Other_Amphibian,0.3889,2228.6,7.8,2464.9,774.1
/srv/shared_leopard_toad/2025/Documents/25.08-01.09.2025/5R/100MEDIA/DSCF0549.JPG,DSCF0549.JPG,5R/100MEDIA,0,Other_Amphibian,0.2295,2255.4,0.4,2456.4,628.3
/srv/shared_leopard_toad/2025/Documents/25.08-01.09.2025/5R/100MEDIA/DSCF0817.JPG,DSCF0817.JPG,5R/100MEDIA,0,Other_Amphibian,0.3608,2244.0,3.3,2494.2,759.3
/srv/shared_leopard_toad/2025/Documents/25.08-01.09.2025/5R/100MEDIA/DSCF0649.JPG,DSCF0649.JPG,5R/100MEDIA,0,Other_Amphibian,0.2190,2243.5,8.5,2481.5,773.3
/srv/shared_leopard_toad/2025/Documents/25.08-01.09.2025/5R/100MEDIA/DSCF0912.JPG,DSCF0912.JPG,5R/100MEDIA,0,Other_Amphibian,0.3408,2233.5,2.6,2502.0,799.2
/srv/shared_leopard_toad/2025/Documents/25.08-01.09.2025/5R/100MEDIA/DSCF0899.JPG,DSCF0899.JPG,5R/100MEDIA,0,Other_Amphibian,0.2294,2240.2,7.6,2479.6,752.1
/srv/shared_leopard_toad/2025/Documents/25.08-01.09.2025/5R/100MEDIA/DSCF0353.JPG,DSCF0353.JPG,5R/100MEDIA,0,Other_Amphibian,0.3586,2226.7,7.2,2453.7,746.6
/srv/shared_leopard_toad/2025/Documents/25.08-01.09.2025/5R/100MEDIA/DSCF0353.JPG,DSCF0353.JPG,5R/100MEDIA,0,Other_Amphibian,0.3066,2233.2,0.9,2447.2,689.7
/srv/shared_leopard_toad/2025/Documents/25.08-01.09.2025/5R/100MEDIA/DSCF0394.JPG,DSCF0394.JPG,5R/100MEDIA,0,Other_Amphibian,0.5464,2236.3,3.9,2457.2,653.9
/srv/shared_leopard_toad/2025/Documents/25.08-01.09.2025/5R/100MEDIA/DSCF0759.JPG,DSCF0759.JPG,5R/100MEDIA,0,Other_Amphibian,0.3665,2239.8,4.4,2480.0,778.1
/srv/shared_leopard_toad/2025/Documents/25.08-01.09.2025/5R/100MEDIA/DSCF0476.JPG,DSCF0476.JPG,5R/100MEDIA,0,Other_Amphibian,0.3906,2239.5,-1.8,2467.1,685.1
/srv/shared_leopard_toad/2025/Documents/25.08-01.09.2025/5R/100MEDIA/DSCF0476.JPG,DSCF0476.JPG,5R/100MEDIA,0,Other_Amphibian,0.2433,2237.5,5.9,2482.3,722.0
/srv/shared_leopard_toad/2025/Documents/25.08-01.09.2025/5R/100MEDIA/DSCF0713.JPG,DSCF0713.JPG,5R/100MEDIA,0,Other_Amphibian,0.2698,2242.6,5.5,2487.7,762.3
/srv/shared_leopard_toad/2025/Documents/25.08-01.09.2025/5R/100MEDIA/DSCF0699.JPG,DSCF0699.JPG,5R/100MEDIA,0,Other_Amphibian,0.4221,2242.8,5.9,2482.2,750.8
/srv/shared_leopard_toad/2025/Documents/25.08-01.09.2025/5R/100MEDIA/DSCF0146.JPG,DSCF0146.JPG,5R/100MEDIA,0,Other_Amphibian,0.5195,2205.7,5.5,2456.3,645.3
/srv/shared_leopard_toad/2025/Documents/25.08-01.09.2025/5R/100MEDIA/DSCF0566.JPG,DSCF0566.JPG,5R/100MEDIA,0,Other_Amphibian,0.5054,2232.5,4.4,2476.8,764.9
/srv/shared_leopard_toad/2025/Documents/25.08-01.09.2025/5R/100MEDIA/DSCF0559.JPG,DSCF0559.JPG,5R/100MEDIA,0,Other_Amphibian,0.3218,2248.2,5.0,2455.8,610.4
/srv/shared_leopard_toad/2025/Documents/25.08-01.09.2025/5R/100MEDIA/DSCF0445.JPG,DSCF0445.JPG,5R/100MEDIA,0,Other_Amphibian,0.5400,2239.2,-1.3,2462.2,679.8
/srv/shared_leopard_toad/2025/Documents/25.08-01.09.2025/5R/100MEDIA/DSCF0368.JPG,DSCF0368.JPG,5R/100MEDIA,0,Other_Amphibian,0.3113,2227.7,7.2,2465.8,728.1
/srv/shared_leopard_toad/2025/Documents/25.08-01.09.2025/5R/100MEDIA/DSCF0368.JPG,DSCF0368.JPG,5R/100MEDIA,0,Other_Amphibian,0.2661,2236.2,1.3,2457.3,680.9
/srv/shared_leopard_toad/2025/Documents/25.08-01.09.2025/5R/100MEDIA/DSCF0656.JPG,DSCF0656.JPG,5R/100MEDIA,0,Other_Amphibian,0.3032,2244.6,5.9,2480.4,742.0
/srv/shared_leopard_toad/2025/Documents/25.08-01.09.2025/5R/100MEDIA/DSCF0994.JPG,DSCF0994.JPG,5R/100MEDIA,0,Other_Amphibian,0.3665,2239.7,5.5,2485.3,768.2
/srv/shared_leopard_toad/2025/Documents/25.08-01.09.2025/5R/100MEDIA/DSCF0366.JPG,DSCF0366.JPG,5R/100MEDIA,0,Other_Amphibian,0.3525,2221.7,5.9,2461.3,770.0
/srv/shared_leopard_toad/2025/Documents/25.08-01.09.2025/5R/100MEDIA/DSCF0366.JPG,DSCF0366.JPG,5R/100MEDIA,0,Other_Amphibian,0.2198,2228.1,-0.2,2454.9,688.3
/srv/shared_leopard_toad/2025/Documents/25.08-01.09.2025/5R/100MEDIA/DSCF0439.JPG,DSCF0439.JPG,5R/100MEDIA,0,Other_Amphibian,0.6016,2246.2,2.4,2465.7,632.9
/srv/shared_leopard_toad/2025/Documents/25.08-01.09.2025/5R/100MEDIA/DSCF0755.JPG,DSCF0755.JPG,5R/100MEDIA,0,Other_Amphibian,0.2742,2235.0,6.5,2482.1,748.8
/srv/shared_leopard_toad/2025/Documents/25.08-01.09.2025/5R/100MEDIA/DSCF0251.JPG,DSCF0251.JPG,5R/100MEDIA,0,Other_Amphibian,0.2585,2242.5,5.4,2458.9,615.5
/srv/shared_leopard_toad/2025/Documents/25.08-01.09.2025/5R/100MEDIA/DSCF0372.JPG,DSCF0372.JPG,5R/100MEDIA,0,Other_Amphibian,0.3958,2245.9,3.7,2460.7,632.7
/srv/shared_leopard_toad/2025/Documents/25.08-01.09.2025/5R/100MEDIA/DSCF0250.JPG,DSCF0250.JPG,5R/100MEDIA,0,Other_Amphibian,0.2974,2222.5,7.9,2452.7,659.1
/srv/shared_leopard_toad/2025/Documents/25.08-01.09.2025/5R/100MEDIA/DSCF0342.JPG,DSCF0342.JPG,5R/100MEDIA,0,Other_Amphibian,0.3948,2236.1,3.9,2470.5,639.2
/srv/shared_leopard_toad/2025/Documents/25.08-01.09.2025/5R/100MEDIA/DSCF0979.JPG,DSCF0979.JPG,5R/100MEDIA,0,Other_Amphibian,0.2632,2237.6,6.3,2487.4,769.7
/srv/shared_leopard_toad/2025/Documents/25.08-01.09.2025/5R/100MEDIA/DSCF0305.JPG,DSCF0305.JPG,5R/100MEDIA,0,Other_Amphibian,0.3843,2229.9,-0.2,2453.1,688.3
/srv/shared_leopard_toad/2025/Documents/25.08-01.09.2025/5R/100MEDIA/DSCF0305.JPG,DSCF0305.JPG,5R/100MEDIA,0,Other_Amphibian,0.3123,2223.2,6.6,2470.3,730.5
/srv/shared_leopard_toad/2025/Documents/25.08-01.09.2025/5R/100MEDIA/DSCF0880.JPG,DSCF0880.JPG,5R/100MEDIA,0,Other_Amphibian,0.3225,2246.1,6.3,2489.4,774.8
/srv/shared_leopard_toad/2025/Documents/25.08-01.09.2025/5R/100MEDIA/DSCF0938.JPG,DSCF0938.JPG,5R/100MEDIA,0,Other_Amphibian,0.2424,2248.7,3.7,2486.8,782.6
/srv/shared_leopard_toad/2025/Documents/25.08-01.09.2025/5R/100MEDIA/DSCF0487.JPG,DSCF0487.JPG,5R/100MEDIA,0,Other_Amphibian,0.4580,2241.0,-1.5,2452.5,677.7
/srv/shared_leopard_toad/2025/Documents/25.08-01.09.2025/5R/100MEDIA/DSCF0709.JPG,DSCF0709.JPG,5R/100MEDIA,0,Other_Amphibian,0.2085,2254.4,4.4,2481.1,721.3
/srv/shared_leopard_toad/2025/Documents/25.08-01.09.2025/5R/100MEDIA/DSCF0168.JPG,DSCF0168.JPG,5R/100MEDIA,0,Other_Amphibian,0.4099,2213.9,8.3,2463.8,618.1
/srv/shared_leopard_toad/2025/Documents/25.08-01.09.2025/5R/100MEDIA/DSCF0670.JPG,DSCF0670.JPG,5R/100MEDIA,0,Other_Amphibian,0.4114,2232.9,3.3,2479.0,762.3
/srv/shared_leopard_toad/2025/Documents/25.08-01.09.2025/5R/100MEDIA/DSCF0870.JPG,DSCF0870.JPG,5R/100MEDIA,0,Other_Amphibian,0.2747,2258.4,-2.6,2471.8,644.5
/srv/shared_leopard_toad/2025/Documents/25.08-01.09.2025/5R/100MEDIA/DSCF0870.JPG,DSCF0870.JPG,5R/100MEDIA,0,Other_Amphibian,0.2106,2252.9,4.1,2482.6,719.8
/srv/shared_leopard_toad/2025/Documents/25.08-01.09.2025/5R/100MEDIA/DSCF0676.JPG,DSCF0676.JPG,5R/100MEDIA,0,Other_Amphibian,0.3386,2250.8,3.5,2487.4,751.8
/srv/shared_leopard_toad/2025/Documents/25.08-01.09.2025/5R/100MEDIA/DSCF0676.JPG,DSCF0676.JPG,5R/100MEDIA,0,Other_Amphibian,0.2395,2253.2,-2.6,2471.8,663.7
/srv/shared_leopard_toad/2025/Documents/25.08-01.09.2025/5R/100MEDIA/DSCF0531.JPG,DSCF0531.JPG,5R/100MEDIA,0,Other_Amphibian,0.5283,2226.0,4.8,2462.2,771.1
/srv/shared_leopard_toad/2025/Documents/25.08-01.09.2025/5R/100MEDIA/DSCF0411.JPG,DSCF0411.JPG,5R/100MEDIA,0,Other_Amphibian,0.3040,2221.2,8.9,2459.2,780.4
/srv/shared_leopard_toad/2025/Documents/25.08-01.09.2025/5R/100MEDIA/DSCF0700.JPG,DSCF0700.JPG,5R/100MEDIA,0,Other_Amphibian,0.3511,2249.1,3.3,2494.2,722.4
/srv/shared_leopard_toad/2025/Documents/25.08-01.09.2025/5R/100MEDIA/DSCF0700.JPG,DSCF0700.JPG,5R/100MEDIA,0,Other_Amphibian,0.2211,2250.2,-1.5,2474.8,701.7
/srv/shared_leopard_toad/2025/Documents/25.08-01.09.2025/5R/100MEDIA/DSCF0230.JPG,DSCF0230.JPG,5R/100MEDIA,0,Other_Amphibian,0.3430,2228.7,2.8,2451.7,686.4
/srv/shared_leopard_toad/2025/Documents/25.08-01.09.2025/5R/100MEDIA/DSCF0230.JPG,DSCF0230.JPG,5R/100MEDIA,0,Other_Amphibian,0.2017,2225.3,6.5,2457.7,725.5
/srv/shared_leopard_toad/2025/Documents/25.08-01.09.2025/5R/100MEDIA/DSCF0256.JPG,DSCF0256.JPG,5R/100MEDIA,0,Other_Amphibian,0.3474,2221.2,9.2,2472.3,780.7
/srv/shared_leopard_toad/2025/Documents/25.08-01.09.2025/5R/100MEDIA/DSCF0923.JPG,DSCF0923.JPG,5R/100MEDIA,0,Other_Amphibian,0.2903,2252.1,6.3,2486.0,736.1
/srv/shared_leopard_toad/2025/Documents/25.08-01.09.2025/5R/100MEDIA/DSCF0324.JPG,DSCF0324.JPG,5R/100MEDIA,0,Other_Amphibian,0.3137,2227.3,8.7,2466.2,753.2
/srv/shared_leopard_toad/2025/Documents/25.08-01.09.2025/5R/100MEDIA/DSCF0324.JPG,DSCF0324.JPG,5R/100MEDIA,0,Other_Amphibian,0.2375,2237.2,0.0,2456.3,674.1
/srv/shared_leopard_toad/2025/Documents/25.08-01.09.2025/5R/100MEDIA/DSCF0524.JPG,DSCF0524.JPG,5R/100MEDIA,0,Other_Amphibian,0.4067,2235.1,6.3,2458.4,755.6
/srv/shared_leopard_toad/2025/Documents/25.08-01.09.2025/5R/100MEDIA/DSCF0524.JPG,DSCF0524.JPG,5R/100MEDIA,0,Other_Amphibian,0.2004,2243.4,-2.2,2450.1,689.2
/srv/shared_leopard_toad/2025/Documents/25.08-01.09.2025/5R/100MEDIA/DSCF0730.JPG,DSCF0730.JPG,5R/100MEDIA,0,Other_Amphibian,0.3887,2229.1,1.8,2477.5,799.9
/srv/shared_leopard_toad/2025/Documents/25.08-01.09.2025/5R/100MEDIA/DSCF0581.JPG,DSCF0581.JPG,5R/100MEDIA,0,Other_Amphibian,0.3494,2231.7,4.8,2482.8,769.7
/srv/shared_leopard_toad/2025/Documents/25.08-01.09.2025/5R/100MEDIA/DSCF0486.JPG,DSCF0486.JPG,5R/100MEDIA,0,Other_Amphibian,0.3159,2237.4,-4.8,2456.1,681.1
/srv/shared_leopard_toad/2025/Documents/25.08-01.09.2025/5R/100MEDIA/DSCF0486.JPG,DSCF0486.JPG,5R/100MEDIA,0,Other_Amphibian,0.2786,2238.1,5.2,2476.4,747.5
/srv/shared_leopard_toad/2025/Documents/25.08-01.09.2025/5R/100MEDIA/DSCF0526.JPG,DSCF0526.JPG,5R/100MEDIA,0,Other_Amphibian,0.2363,2232.3,10.2,2461.2,726.3
/srv/shared_leopard_toad/2025/Documents/25.08-01.09.2025/5R/100MEDIA/DSCF0526.JPG,DSCF0526.JPG,5R/100MEDIA,0,Other_Amphibian,0.2103,2239.8,-0.2,2453.7,682.4
/srv/shared_leopard_toad/2025/Documents/25.08-01.09.2025/5R/100MEDIA/DSCF0380.JPG,DSCF0380.JPG,5R/100MEDIA,0,Other_Amphibian,0.4817,2243.6,1.7,2463.1,637.0
/srv/shared_leopard_toad/2025/Documents/25.08-01.09.2025/5R/100MEDIA/DSCF0568.JPG,DSCF0568.JPG,5R/100MEDIA,0,Other_Amphibian,0.2004,2249.2,-2.2,2467.9,660.0
/srv/shared_leopard_toad/2025/Documents/25.08-01.09.2025/5R/100MEDIA/DSCF0854.JPG,DSCF0854.JPG,5R/100MEDIA,0,Other_Amphibian,0.2874,2250.5,8.9,2485.0,747.9
/srv/shared_leopard_toad/2025/Documents/25.08-01.09.2025/5R/100MEDIA/DSCF0409.JPG,DSCF0409.JPG,5R/100MEDIA,0,Other_Amphibian,0.4326,2232.3,-2.2,2450.7,692.9
/srv/shared_leopard_toad/2025/Documents/25.08-01.09.2025/5R/100MEDIA/DSCF0409.JPG,DSCF0409.JPG,5R/100MEDIA,0,Other_Amphibian,0.3015,2229.3,4.8,2464.2,731.3
/srv/shared_leopard_toad/2025/Documents/25.08-01.09.2025/5R/100MEDIA/DSCF0851.JPG,DSCF0851.JPG,5R/100MEDIA,0,Other_Amphibian,0.2456,2241.8,7.6,2488.4,754.3
/srv/shared_leopard_toad/2025/Documents/25.08-01.09.2025/5R/100MEDIA/DSCF0343.JPG,DSCF0343.JPG,5R/100MEDIA,0,Other_Amphibian,0.4771,2235.1,1.3,2458.4,663.5
/srv/shared_leopard_toad/2025/Documents/25.08-01.09.2025/5R/100MEDIA/DSCF0906.JPG,DSCF0906.JPG,5R/100MEDIA,0,Other_Amphibian,0.3315,2238.2,7.4,2478.9,764.1
/srv/shared_leopard_toad/2025/Documents/25.08-01.09.2025/5R/100MEDIA/DSCF0402.JPG,DSCF0402.JPG,5R/100MEDIA,0,Other_Amphibian,0.2803,2226.0,7.4,2467.5,786.3
/srv/shared_leopard_toad/2025/Documents/25.08-01.09.2025/5R/100MEDIA/DSCF0572.JPG,DSCF0572.JPG,5R/100MEDIA,0,Other_Amphibian,0.4036,2245.7,-2.0,2463.6,675.0
/srv/shared_leopard_toad/2025/Documents/25.08-01.09.2025/5R/100MEDIA/DSCF0301.JPG,DSCF0301.JPG,5R/100MEDIA,0,Other_Amphibian,0.3850,2222.7,5.9,2455.0,778.9
/srv/shared_leopard_toad/2025/Documents/25.08-01.09.2025/5R/100MEDIA/DSCF0301.JPG,DSCF0301.JPG,5R/100MEDIA,0,Other_Amphibian,0.2595,2233.2,0.7,2447.2,662.6
/srv/shared_leopard_toad/2025/Documents/25.08-01.09.2025/5R/100MEDIA/DSCF0544.JPG,DSCF0544.JPG,5R/100MEDIA,0,Other_Amphibian,0.4321,2245.0,-1.3,2464.2,685.7
/srv/shared_leopard_toad/2025/Documents/25.08-01.09.2025/5R/100MEDIA/DSCF0769.JPG,DSCF0769.JPG,5R/100MEDIA,0,Other_Amphibian,0.4424,2249.8,5.0,2491.0,741.0
/srv/shared_leopard_toad/2025/Documents/25.08-01.09.2025/5R/100MEDIA/DSCF0596.JPG,DSCF0596.JPG,5R/100MEDIA,0,Other_Amphibian,0.2058,2250.7,7.0,2490.1,734.6
/srv/shared_leopard_toad/2025/Documents/25.08-01.09.2025/5R/100MEDIA/DSCF0184.JPG,DSCF0184.JPG,5R/100MEDIA,0,Other_Amphibian,0.3086,2217.4,8.5,2463.0,624.6
/srv/shared_leopard_toad/2025/Documents/25.08-01.09.2025/5R/100MEDIA/DSCF0237.JPG,DSCF0237.JPG,5R/100MEDIA,0,Other_Amphibian,0.2671,2233.1,6.3,2468.3,648.2
/srv/shared_leopard_toad/2025/Documents/25.08-01.09.2025/5R/100MEDIA/DSCF0373.JPG,DSCF0373.JPG,5R/100MEDIA,0,Other_Amphibian,0.3325,2218.5,8.1,2464.5,776.7
/srv/shared_leopard_toad/2025/Documents/25.08-01.09.2025/5R/100MEDIA/DSCF0373.JPG,DSCF0373.JPG,5R/100MEDIA,0,Other_Amphibian,0.2566,2233.6,-3.5,2459.9,690.5
/srv/shared_leopard_toad/2025/Documents/25.08-01.09.2025/5R/100MEDIA/DSCF0871.JPG,DSCF0871.JPG,5R/100MEDIA,0,Other_Amphibian,0.3596,2246.8,4.8,2496.6,752.7
/srv/shared_leopard_toad/2025/Documents/25.08-01.09.2025/5R/100MEDIA/DSCF0944.JPG,DSCF0944.JPG,5R/100MEDIA,0,Other_Amphibian,0.3792,2246.2,6.8,2478.8,755.1
/srv/shared_leopard_toad/2025/Documents/25.08-01.09.2025/5R/100MEDIA/DSCF0580.JPG,DSCF0580.JPG,5R/100MEDIA,0,Other_Amphibian,0.3369,2250.4,-0.6,2474.6,672.0
/srv/shared_leopard_toad/2025/Documents/25.08-01.09.2025/5R/100MEDIA/DSCF0949.JPG,DSCF0949.JPG,5R/100MEDIA,0,Other_Amphibian,0.2742,2249.9,6.5,2485.6,748.8
/srv/shared_leopard_toad/2025/Documents/25.08-01.09.2025/5R/100MEDIA/DSCF0917.JPG,DSCF0917.JPG,5R/100MEDIA,0,Other_Amphibian,0.3020,2246.8,6.5,2488.7,739.6
/srv/shared_leopard_toad/2025/Documents/25.08-01.09.2025/5R/100MEDIA/DSCF0505.JPG,DSCF0505.JPG,5R/100MEDIA,0,Other_Amphibian,0.4099,2237.2,5.5,2472.1,762.3
/srv/shared_leopard_toad/2025/Documents/25.08-01.09.2025/5R/100MEDIA/DSCF0672.JPG,DSCF0672.JPG,5R/100MEDIA,0,Other_Amphibian,0.3381,2248.3,-1.3,2476.7,663.5
/srv/shared_leopard_toad/2025/Documents/25.08-01.09.2025/5R/100MEDIA/DSCF0672.JPG,DSCF0672.JPG,5R/100MEDIA,0,Other_Amphibian,0.3074,2245.7,3.1,2495.1,737.4
/srv/shared_leopard_toad/2025/Documents/25.08-01.09.2025/5R/100MEDIA/DSCF0662.JPG,DSCF0662.JPG,5R/100MEDIA,0,Other_Amphibian,0.3232,2241.6,2.2,2488.7,777.4
/srv/shared_leopard_toad/2025/Documents/25.08-01.09.2025/5R/100MEDIA/DSCF0998.JPG,DSCF0998.JPG,5R/100MEDIA,0,Other_Amphibian,0.3345,2250.1,6.8,2485.4,732.2
/srv/shared_leopard_toad/2025/Documents/25.08-01.09.2025/5R/100MEDIA/DSCF0308.JPG,DSCF0308.JPG,5R/100MEDIA,0,Other_Amphibian,0.4695,2218.0,6.3,2475.5,786.6
/srv/shared_leopard_toad/2025/Documents/25.08-01.09.2025/5R/100MEDIA/DSCF0433.JPG,DSCF0433.JPG,5R/100MEDIA,0,Other_Amphibian,0.5186,2242.7,0.7,2463.9,657.1
/srv/shared_leopard_toad/2025/Documents/25.08-01.09.2025/5R/100MEDIA/DSCF0312.JPG,DSCF0312.JPG,5R/100MEDIA,0,Other_Amphibian,0.5293,2229.0,4.1,2454.0,627.9
/srv/shared_leopard_toad/2025/Documents/25.08-01.09.2025/5R/100MEDIA/DSCF0385.JPG,DSCF0385.JPG,5R/100MEDIA,0,Other_Amphibian,0.5015,2217.6,5.5,2465.4,785.9
/srv/shared_leopard_toad/2025/Documents/25.08-01.09.2025/5R/100MEDIA/DSCF0385.JPG,DSCF0385.JPG,5R/100MEDIA,0,Other_Amphibian,0.2356,2230.6,-2.4,2457.7,691.6
/srv/shared_leopard_toad/2025/Documents/25.08-01.09.2025/5R/100MEDIA/DSCF0151.JPG,DSCF0151.JPG,5R/100MEDIA,0,Other_Amphibian,0.5127,2204.9,7.9,2457.1,635.1
/srv/shared_leopard_toad/2025/Documents/25.08-01.09.2025/5R/100MEDIA/DSCF0426.JPG,DSCF0426.JPG,5R/100MEDIA,0,Other_Amphibian,0.5420,2225.7,6.5,2473.1,760.6
/srv/shared_leopard_toad/2025/Documents/25.08-01.09.2025/5R/100MEDIA/DSCF0534.JPG,DSCF0534.JPG,5R/100MEDIA,0,Other_Amphibian,0.2952,2238.3,-1.8,2460.4,653.7
/srv/shared_leopard_toad/2025/Documents/25.08-01.09.2025/5R/100MEDIA/DSCF0254.JPG,DSCF0254.JPG,5R/100MEDIA,0,Other_Amphibian,0.2529,2233.0,6.3,2460.5,633.4
/srv/shared_leopard_toad/2025/Documents/25.08-01.09.2025/5R/100MEDIA/DSCF0970.JPG,DSCF0970.JPG,5R/100MEDIA,0,Other_Amphibian,0.2428,2254.6,-0.7,2480.9,664.1
/srv/shared_leopard_toad/2025/Documents/25.08-01.09.2025/5R/100MEDIA/DSCF0509.JPG,DSCF0509.JPG,5R/100MEDIA,0,Other_Amphibian,0.3652,2240.8,-2.2,2465.8,703.6
/srv/shared_leopard_toad/2025/Documents/25.08-01.09.2025/5R/100MEDIA/DSCF0509.JPG,DSCF0509.JPG,5R/100MEDIA,0,Other_Amphibian,0.2878,2236.3,3.7,2475.6,716.1
/srv/shared_leopard_toad/2025/Documents/25.08-01.09.2025/5R/100MEDIA/DSCF0157.JPG,DSCF0157.JPG,5R/100MEDIA,0,Other_Amphibian,0.3252,2214.6,10.0,2452.7,624.2
/srv/shared_leopard_toad/2025/Documents/25.08-01.09.2025/5R/100MEDIA/DSCF0732.JPG,DSCF0732.JPG,5R/100MEDIA,0,Other_Amphibian,0.3071,2233.9,5.9,2483.2,791.4
/srv/shared_leopard_toad/2025/Documents/25.08-01.09.2025/5R/100MEDIA/DSCF0781.JPG,DSCF0781.JPG,5R/100MEDIA,0,Other_Amphibian,0.2119,2244.6,5.9,2480.4,784.8
/srv/shared_leopard_toad/2025/Documents/25.08-01.09.2025/5R/100MEDIA/DSCF0634.JPG,DSCF0634.JPG,5R/100MEDIA,0,Other_Amphibian,0.3865,2228.5,6.6,2486.0,767.8
/srv/shared_leopard_toad/2025/Documents/25.08-01.09.2025/5R/100MEDIA/DSCF0925.JPG,DSCF0925.JPG,5R/100MEDIA,0,Other_Amphibian,0.2467,2240.9,8.1,2489.3,778.1
/srv/shared_leopard_toad/2025/Documents/25.08-01.09.2025/5R/100MEDIA/DSCF0419.JPG,DSCF0419.JPG,5R/100MEDIA,0,Other_Amphibian,0.2761,2236.9,2.6,2467.1,662.2
/srv/shared_leopard_toad/2025/Documents/25.08-01.09.2025/5R/100MEDIA/DSCF0528.JPG,DSCF0528.JPG,5R/100MEDIA,0,Other_Amphibian,0.3955,2233.0,6.3,2460.5,772.6
/srv/shared_leopard_toad/2025/Documents/25.08-01.09.2025/5R/100MEDIA/DSCF0564.JPG,DSCF0564.JPG,5R/100MEDIA,0,Other_Amphibian,0.3032,2243.3,8.1,2473.8,741.2
/srv/shared_leopard_toad/2025/Documents/25.08-01.09.2025/5R/100MEDIA/DSCF0303.JPG,DSCF0303.JPG,5R/100MEDIA,0,Other_Amphibian,0.4434,2231.2,3.7,2462.2,646.0
/srv/shared_leopard_toad/2025/Documents/25.08-01.09.2025/5R/100MEDIA/DSCF0155.JPG,DSCF0155.JPG,5R/100MEDIA,0,Other_Amphibian,0.2612,2209.8,7.0,2468.0,613.9
/srv/shared_leopard_toad/2025/Documents/25.08-01.09.2025/5R/100MEDIA/DSCF0644.JPG,DSCF0644.JPG,5R/100MEDIA,0,Other_Amphibian,0.4871,2239.5,3.7,2490.7,761.9
/srv/shared_leopard_toad/2025/Documents/25.08-01.09.2025/5R/100MEDIA/DSCF0220.JPG,DSCF0220.JPG,5R/100MEDIA,0,Other_Amphibian,0.4204,2224.7,7.9,2455.7,619.6
/srv/shared_leopard_toad/2025/Documents/25.08-01.09.2025/5R/100MEDIA/DSCF0515.JPG,DSCF0515.JPG,5R/100MEDIA,0,Other_Amphibian,0.3833,2253.8,1.3,2463.3,644.0
/srv/shared_leopard_toad/2025/Documents/25.08-01.09.2025/5R/100MEDIA/DSCF0837.JPG,DSCF0837.JPG,5R/100MEDIA,0,Other_Amphibian,0.4773,2240.4,5.2,2484.6,785.5
/srv/shared_leopard_toad/2025/Documents/25.08-01.09.2025/5R/100MEDIA/DSCF0853.JPG,DSCF0853.JPG,5R/100MEDIA,0,Other_Amphibian,0.3433,2236.3,4.4,2475.6,770.0
/srv/shared_leopard_toad/2025/Documents/25.08-01.09.2025/5R/100MEDIA/DSCF0661.JPG,DSCF0661.JPG,5R/100MEDIA,0,Other_Amphibian,0.3979,2250.6,-1.3,2474.4,654.3
/srv/shared_leopard_toad/2025/Documents/25.08-01.09.2025/5R/100MEDIA/DSCF0722.JPG,DSCF0722.JPG,5R/100MEDIA,0,Other_Amphibian,0.2549,2238.1,6.3,2486.9,780.0
/srv/shared_leopard_toad/2025/Documents/25.08-01.09.2025/5R/100MEDIA/DSCF0508.JPG,DSCF0508.JPG,5R/100MEDIA,0,Other_Amphibian,0.3792,2241.1,0.9,2460.3,667.2
/srv/shared_leopard_toad/2025/Documents/25.08-01.09.2025/5R/100MEDIA/DSCF0608.JPG,DSCF0608.JPG,5R/100MEDIA,0,Other_Amphibian,0.3093,2245.8,1.5,2468.7,636.0
/srv/shared_leopard_toad/2025/Documents/25.08-01.09.2025/5R/100MEDIA/DSCF0451.JPG,DSCF0451.JPG,5R/100MEDIA,0,Other_Amphibian,0.5552,2237.5,0.0,2461.3,662.2
/srv/shared_leopard_toad/2025/Documents/25.08-01.09.2025/5R/100MEDIA/DSCF0532.JPG,DSCF0532.JPG,5R/100MEDIA,0,Other_Amphibian,0.2778,2250.2,0.9,2461.7,635.5
/srv/shared_leopard_toad/2025/Documents/25.08-01.09.2025/5R/100MEDIA/DSCF0290.JPG,DSCF0290.JPG,5R/100MEDIA,0,Other_Amphibian,0.4036,2223.6,3.9,2454.1,651.7
/srv/shared_leopard_toad/2025/Documents/25.08-01.09.2025/5R/100MEDIA/DSCF0556.JPG,DSCF0556.JPG,5R/100MEDIA,0,Other_Amphibian,0.3159,2242.4,4.8,2482.6,739.4
/srv/shared_leopard_toad/2025/Documents/25.08-01.09.2025/5R/100MEDIA/DSCF0556.JPG,DSCF0556.JPG,5R/100MEDIA,0,Other_Amphibian,0.2788,2242.2,-2.6,2467.1,682.5
/srv/shared_leopard_toad/2025/Documents/25.08-01.09.2025/5R/100MEDIA/DSCF0862.JPG,DSCF0862.JPG,5R/100MEDIA,0,Other_Amphibian,0.3152,2262.0,3.3,2473.5,592.8
/srv/shared_leopard_toad/2025/Documents/25.08-01.09.2025/5R/100MEDIA/DSCF0758.JPG,DSCF0758.JPG,5R/100MEDIA,0,Other_Amphibian,0.3098,2251.1,5.2,2492.3,740.9
/srv/shared_leopard_toad/2025/Documents/25.08-01.09.2025/5R/100MEDIA/DSCF0652.JPG,DSCF0652.JPG,5R/100MEDIA,0,Other_Amphibian,0.3452,2247.2,-2.2,2467.3,643.0
/srv/shared_leopard_toad/2025/Documents/25.08-01.09.2025/5R/100MEDIA/DSCF0652.JPG,DSCF0652.JPG,5R/100MEDIA,0,Other_Amphibian,0.2603,2242.4,0.4,2477.3,779.3
/srv/shared_leopard_toad/2025/Documents/25.08-01.09.2025/5R/100MEDIA/DSCF0165.JPG,DSCF0165.JPG,5R/100MEDIA,0,Other_Amphibian,0.5127,2222.3,6.3,2458.1,621.3
/srv/shared_leopard_toad/2025/Documents/25.08-01.09.2025/5R/100MEDIA/DSCF0615.JPG,DSCF0615.JPG,5R/100MEDIA,0,Other_Amphibian,0.4058,2250.0,2.2,2475.0,593.2
/srv/shared_leopard_toad/2025/Documents/25.08-01.09.2025/5R/100MEDIA/DSCF0258.JPG,DSCF0258.JPG,5R/100MEDIA,0,Other_Amphibian,0.3943,2225.1,5.5,2455.3,647.5
/srv/shared_leopard_toad/2025/Documents/25.08-01.09.2025/5R/100MEDIA/DSCF0346.JPG,DSCF0346.JPG,5R/100MEDIA,0,Other_Amphibian,0.4351,2238.1,-0.4,2450.1,667.4
/srv/shared_leopard_toad/2025/Documents/25.08-01.09.2025/5R/100MEDIA/DSCF0346.JPG,DSCF0346.JPG,5R/100MEDIA,0,Other_Amphibian,0.2114,2233.2,5.5,2460.3,718.0
/srv/shared_leopard_toad/2025/Documents/25.08-01.09.2025/5R/100MEDIA/DSCF0723.JPG,DSCF0723.JPG,5R/100MEDIA,0,Other_Amphibian,0.2891,2248.0,-0.9,2471.8,694.9
/srv/shared_leopard_toad/2025/Documents/25.08-01.09.2025/5R/100MEDIA/DSCF0723.JPG,DSCF0723.JPG,5R/100MEDIA,0,Other_Amphibian,0.2637,2241.3,5.0,2483.7,714.8
/srv/shared_leopard_toad/2025/Documents/25.08-01.09.2025/5R/100MEDIA/DSCF0432.JPG,DSCF0432.JPG,5R/100MEDIA,0,Other_Amphibian,0.2822,2228.8,9.6,2454.2,784.1
/srv/shared_leopard_toad/2025/Documents/25.08-01.09.2025/5R/100MEDIA/DSCF0432.JPG,DSCF0432.JPG,5R/100MEDIA,0,Other_Amphibian,0.2068,2242.6,1.1,2450.9,676.3
/srv/shared_leopard_toad/2025/Documents/25.08-01.09.2025/5R/100MEDIA/DSCF0174.JPG,DSCF0174.JPG,5R/100MEDIA,0,Other_Amphibian,0.3306,2219.1,8.3,2463.9,614.8
/srv/shared_leopard_toad/2025/Documents/25.08-01.09.2025/5R/100MEDIA/DSCF0864.JPG,DSCF0864.JPG,5R/100MEDIA,0,Other_Amphibian,0.2695,2251.8,6.5,2483.7,743.6
/srv/shared_leopard_toad/2025/Documents/25.08-01.09.2025/5R/100MEDIA/DSCF0697.JPG,DSCF0697.JPG,5R/100MEDIA,0,Other_Amphibian,0.4995,2250.9,2.2,2484.6,646.4
/srv/shared_leopard_toad/2025/Documents/25.08-01.09.2025/5R/100MEDIA/DSCF0761.JPG,DSCF0761.JPG,5R/100MEDIA,0,Other_Amphibian,0.3503,2238.5,0.7,2476.0,785.5
/srv/shared_leopard_toad/2025/Documents/25.08-01.09.2025/5R/100MEDIA/DSCF0248.JPG,DSCF0248.JPG,5R/100MEDIA,0,Other_Amphibian,0.3069,2235.5,5.0,2458.0,655.0
/srv/shared_leopard_toad/2025/Documents/25.08-01.09.2025/5R/100MEDIA/DSCF0248.JPG,DSCF0248.JPG,5R/100MEDIA,0,Other_Amphibian,0.2280,2228.5,10.5,2475.5,728.5
/srv/shared_leopard_toad/2025/Documents/25.08-01.09.2025/5R/100MEDIA/DSCF0833.JPG,DSCF0833.JPG,5R/100MEDIA,0,Other_Amphibian,0.3706,2238.0,4.4,2479.1,778.9
/srv/shared_leopard_toad/2025/Documents/25.08-01.09.2025/5R/100MEDIA/DSCF0945.JPG,DSCF0945.JPG,5R/100MEDIA,0,Other_Amphibian,0.2227,2248.6,-3.1,2468.6,644.0
/srv/shared_leopard_toad/2025/Documents/25.08-01.09.2025/5R/100MEDIA/DSCF0412.JPG,DSCF0412.JPG,5R/100MEDIA,0,Other_Amphibian,0.3691,2242.4,-0.2,2469.5,674.2
/srv/shared_leopard_toad/2025/Documents/25.08-01.09.2025/5R/100MEDIA/DSCF0412.JPG,DSCF0412.JPG,5R/100MEDIA,0,Other_Amphibian,0.3479,2230.3,8.7,2481.5,747.0
/srv/shared_leopard_toad/2025/Documents/25.08-01.09.2025/5R/100MEDIA/DSCF0405.JPG,DSCF0405.JPG,5R/100MEDIA,0,Other_Amphibian,0.3318,2237.3,-1.8,2461.4,661.9
/srv/shared_leopard_toad/2025/Documents/25.08-01.09.2025/5R/100MEDIA/DSCF0405.JPG,DSCF0405.JPG,5R/100MEDIA,0,Other_Amphibian,0.3013,2226.9,8.5,2466.6,746.8
/srv/shared_leopard_toad/2025/Documents/25.08-01.09.2025/5R/100MEDIA/DSCF0989.JPG,DSCF0989.JPG,5R/100MEDIA,0,Other_Amphibian,0.2566,2237.6,8.9,2487.4,784.1
/srv/shared_leopard_toad/2025/Documents/25.08-01.09.2025/5R/100MEDIA/DSCF0653.JPG,DSCF0653.JPG,5R/100MEDIA,0,Other_Amphibian,0.3169,2239.7,5.2,2485.3,800.3
/srv/shared_leopard_toad/2025/Documents/25.08-01.09.2025/5R/100MEDIA/DSCF0754.JPG,DSCF0754.JPG,5R/100MEDIA,0,Other_Amphibian,0.3635,2241.4,2.6,2494.1,771.1
/srv/shared_leopard_toad/2025/Documents/25.08-01.09.2025/5R/100MEDIA/DSCF0838.JPG,DSCF0838.JPG,5R/100MEDIA,0,Other_Amphibian,0.4338,2243.5,5.2,2481.5,773.7
/srv/shared_leopard_toad/2025/Documents/25.08-01.09.2025/5R/100MEDIA/DSCF0189.JPG,DSCF0189.JPG,5R/100MEDIA,0,Other_Amphibian,0.3162,2202.5,10.3,2470.0,778.9
/srv/shared_leopard_toad/2025/Documents/25.08-01.09.2025/5R/100MEDIA/DSCF0171.JPG,DSCF0171.JPG,5R/100MEDIA,0,Other_Amphibian,0.4172,2223.5,7.0,2443.8,610.6
/srv/shared_leopard_toad/2025/Documents/25.08-01.09.2025/5R/100MEDIA/DSCF0315.JPG,DSCF0315.JPG,5R/100MEDIA,0,Other_Amphibian,0.3933,2235.9,1.1,2457.6,657.8
/srv/shared_leopard_toad/2025/Documents/25.08-01.09.2025/5R/100MEDIA/DSCF0288.JPG,DSCF0288.JPG,5R/100MEDIA,0,Other_Amphibian,0.2401,2227.3,0.4,2455.7,690.3
/srv/shared_leopard_toad/2025/Documents/25.08-01.09.2025/5R/100MEDIA/DSCF0288.JPG,DSCF0288.JPG,5R/100MEDIA,0,Other_Amphibian,0.2273,2227.9,7.9,2473.5,742.2
/srv/shared_leopard_toad/2025/Documents/25.08-01.09.2025/5R/100MEDIA/DSCF0423.JPG,DSCF0423.JPG,5R/100MEDIA,0,Other_Amphibian,0.4316,2240.4,1.1,2458.3,649.7
/srv/shared_leopard_toad/2025/Documents/25.08-01.09.2025/5R/100MEDIA/DSCF0264.JPG,DSCF0264.JPG,5R/100MEDIA,0,Other_Amphibian,0.3354,2209.9,8.1,2462.6,790.7
/srv/shared_leopard_toad/2025/Documents/25.08-01.09.2025/5R/100MEDIA/DSCF0848.JPG,DSCF0848.JPG,5R/100MEDIA,0,Other_Amphibian,0.3555,2237.6,5.5,2479.6,763.8
/srv/shared_leopard_toad/2025/Documents/25.08-01.09.2025/5R/100MEDIA/DSCF0145.JPG,DSCF0145.JPG,5R/100MEDIA,0,Other_Amphibian,0.2888,2206.8,9.2,2455.2,617.2
/srv/shared_leopard_toad/2025/Documents/25.08-01.09.2025/5R/100MEDIA/DSCF0504.JPG,DSCF0504.JPG,5R/100MEDIA,0,Other_Amphibian,0.2527,2251.3,-3.5,2463.2,676.5
/srv/shared_leopard_toad/2025/Documents/25.08-01.09.2025/5R/100MEDIA/DSCF0637.JPG,DSCF0637.JPG,5R/100MEDIA,0,Other_Amphibian,0.2375,2252.3,-2.4,2472.7,643.2
/srv/shared_leopard_toad/2025/Documents/25.08-01.09.2025/5R/100MEDIA/DSCF0637.JPG,DSCF0637.JPG,5R/100MEDIA,0,Other_Amphibian,0.2374,2252.7,5.4,2493.3,744.7
/srv/shared_leopard_toad/2025/Documents/25.08-01.09.2025/5R/100MEDIA/DSCF0271.JPG,DSCF0271.JPG,5R/100MEDIA,0,Other_Amphibian,0.3438,2234.4,2.2,2448.6,665.9
/srv/shared_leopard_toad/2025/Documents/25.08-01.09.2025/5R/100MEDIA/DSCF0861.JPG,DSCF0861.JPG,5R/100MEDIA,0,Other_Amphibian,0.2949,2241.5,9.6,2483.5,773.7
/srv/shared_leopard_toad/2025/Documents/25.08-01.09.2025/5R/100MEDIA/DSCF0648.JPG,DSCF0648.JPG,5R/100MEDIA,0,Other_Amphibian,0.3970,2242.2,5.4,2474.9,757.3
/srv/shared_leopard_toad/2025/Documents/25.08-01.09.2025/5R/100MEDIA/DSCF0659.JPG,DSCF0659.JPG,5R/100MEDIA,0,Other_Amphibian,0.3699,2225.1,1.1,2468.4,788.1
/srv/shared_leopard_toad/2025/Documents/25.08-01.09.2025/5R/100MEDIA/DSCF0096.JPG,DSCF0096.JPG,5R/100MEDIA,0,Other_Amphibian,0.2202,2788.4,1096.9,3128.3,1543.2
/srv/shared_leopard_toad/2025/Documents/25.08-01.09.2025/5R/100MEDIA/DSCF0295.JPG,DSCF0295.JPG,5R/100MEDIA,0,Other_Amphibian,0.2827,2221.8,8.3,2471.7,748.4
/srv/shared_leopard_toad/2025/Documents/25.08-01.09.2025/5R/100MEDIA/DSCF0295.JPG,DSCF0295.JPG,5R/100MEDIA,0,Other_Amphibian,0.2786,2227.6,-0.2,2455.4,659.1
/srv/shared_leopard_toad/2025/Documents/25.08-01.09.2025/5R/100MEDIA/DSCF0740.JPG,DSCF0740.JPG,5R/100MEDIA,0,Other_Amphibian,0.2903,2253.4,6.3,2487.4,731.6
/srv/shared_leopard_toad/2025/Documents/25.08-01.09.2025/5R/100MEDIA/DSCF0384.JPG,DSCF0384.JPG,5R/100MEDIA,0,Other_Amphibian,0.4810,2242.7,5.5,2466.5,640.8
/srv/shared_leopard_toad/2025/Documents/25.08-01.09.2025/5R/100MEDIA/DSCF0955.JPG,DSCF0955.JPG,5R/100MEDIA,0,Other_Amphibian,0.3193,2237.7,4.1,2482.0,763.0
/srv/shared_leopard_toad/2025/Documents/25.08-01.09.2025/5R/100MEDIA/DSCF0149.JPG,DSCF0149.JPG,5R/100MEDIA,0,Other_Amphibian,0.4451,2208.4,9.2,2461.5,626.1
/srv/shared_leopard_toad/2025/Documents/25.08-01.09.2025/5R/100MEDIA/DSCF0502.JPG,DSCF0502.JPG,5R/100MEDIA,0,Other_Amphibian,0.4067,2231.7,5.5,2461.8,753.4
/srv/shared_leopard_toad/2025/Documents/25.08-01.09.2025/5R/100MEDIA/DSCF0231.JPG,DSCF0231.JPG,5R/100MEDIA,0,Other_Amphibian,0.2971,2229.3,4.4,2464.2,655.6
/srv/shared_leopard_toad/2025/Documents/25.08-01.09.2025/5R/100MEDIA/DSCF0231.JPG,DSCF0231.JPG,5R/100MEDIA,0,Other_Amphibian,0.2949,2221.2,11.6,2472.3,745.1
/srv/shared_leopard_toad/2025/Documents/25.08-01.09.2025/5R/100MEDIA/DSCF0930.JPG,DSCF0930.JPG,5R/100MEDIA,0,Other_Amphibian,0.3672,2240.2,7.8,2479.6,782.9
/srv/shared_leopard_toad/2025/Documents/25.08-01.09.2025/5R/100MEDIA/DSCF0320.JPG,DSCF0320.JPG,5R/100MEDIA,0,Other_Amphibian,0.3916,2229.0,0.0,2454.0,675.2
/srv/shared_leopard_toad/2025/Documents/25.08-01.09.2025/5R/100MEDIA/DSCF0320.JPG,DSCF0320.JPG,5R/100MEDIA,0,Other_Amphibian,0.2227,2225.5,5.4,2468.0,727.4
/srv/shared_leopard_toad/2025/Documents/25.08-01.09.2025/5R/100MEDIA/DSCF0731.JPG,DSCF0731.JPG,5R/100MEDIA,0,Other_Amphibian,0.4253,2240.1,3.1,2484.9,755.1
/srv/shared_leopard_toad/2025/Documents/25.08-01.09.2025/5R/100MEDIA/DSCF0479.JPG,DSCF0479.JPG,5R/100MEDIA,0,Other_Amphibian,0.3359,2246.3,0.4,2460.3,671.1
/srv/shared_leopard_toad/2025/Documents/25.08-01.09.2025/5R/100MEDIA/DSCF0898.JPG,DSCF0898.JPG,5R/100MEDIA,0,Other_Amphibian,0.3359,2241.1,8.1,2497.0,759.0
/srv/shared_leopard_toad/2025/Documents/25.08-01.09.2025/5R/100MEDIA/DSCF0307.JPG,DSCF0307.JPG,5R/100MEDIA,0,Other_Amphibian,0.2756,2233.5,1.7,2467.9,645.8
/srv/shared_leopard_toad/2025/Documents/25.08-01.09.2025/5R/100MEDIA/DSCF0307.JPG,DSCF0307.JPG,5R/100MEDIA,0,Other_Amphibian,0.2656,2224.6,7.0,2482.0,760.8
/srv/shared_leopard_toad/2025/Documents/25.08-01.09.2025/5R/100MEDIA/DSCF0268.JPG,DSCF0268.JPG,5R/100MEDIA,0,Other_Amphibian,0.4041,2234.9,6.1,2458.6,625.9
/srv/shared_leopard_toad/2025/Documents/25.08-01.09.2025/5R/100MEDIA/DSCF0582.JPG,DSCF0582.JPG,5R/100MEDIA,0,Other_Amphibian,0.3096,2235.8,1.8,2476.0,802.1
/srv/shared_leopard_toad/2025/Documents/25.08-01.09.2025/5R/100MEDIA/DSCF0716.JPG,DSCF0716.JPG,5R/100MEDIA,0,Other_Amphibian,0.3984,2233.5,3.0,2483.7,771.5
/srv/shared_leopard_toad/2025/Documents/25.08-01.09.2025/5R/100MEDIA/DSCF0963.JPG,DSCF0963.JPG,5R/100MEDIA,0,Other_Amphibian,0.3086,2240.1,6.6,2484.9,763.4
/srv/shared_leopard_toad/2025/Documents/25.08-01.09.2025/5R/100MEDIA/DSCF0663.JPG,DSCF0663.JPG,5R/100MEDIA,0,Other_Amphibian,0.5171,2243.1,4.1,2481.9,777.8
/srv/shared_leopard_toad/2025/Documents/25.08-01.09.2025/5R/100MEDIA/DSCF0246.JPG,DSCF0246.JPG,5R/100MEDIA,0,Other_Amphibian,0.2502,2225.1,11.8,2450.0,626.8
/srv/shared_leopard_toad/2025/Documents/25.08-01.09.2025/5R/100MEDIA/DSCF0978.JPG,DSCF0978.JPG,5R/100MEDIA,0,Other_Amphibian,0.3713,2249.2,5.5,2488.9,735.3
/srv/shared_leopard_toad/2025/Documents/25.08-01.09.2025/5R/100MEDIA/DSCF0378.JPG,DSCF0378.JPG,5R/100MEDIA,0,Other_Amphibian,0.5454,2236.6,2.4,2456.9,605.6
/srv/shared_leopard_toad/2025/Documents/25.08-01.09.2025/5R/100MEDIA/DSCF0704.JPG,DSCF0704.JPG,5R/100MEDIA,0,Other_Amphibian,0.2426,2250.6,4.2,2495.4,731.8
/srv/shared_leopard_toad/2025/Documents/25.08-01.09.2025/5R/100MEDIA/DSCF0704.JPG,DSCF0704.JPG,5R/100MEDIA,0,Other_Amphibian,0.2286,2249.9,-3.0,2480.4,667.8
/srv/shared_leopard_toad/2025/Documents/25.08-01.09.2025/5R/100MEDIA/DSCF0148.JPG,DSCF0148.JPG,5R/100MEDIA,0,Other_Amphibian,0.3013,2209.4,7.4,2473.6,801.8
/srv/shared_leopard_toad/2025/Documents/25.08-01.09.2025/5R/100MEDIA/DSCF0148.JPG,DSCF0148.JPG,5R/100MEDIA,0,Other_Amphibian,0.2573,2218.0,3.5,2465.0,672.8
/srv/shared_leopard_toad/2025/Documents/25.08-01.09.2025/5R/100MEDIA/DSCF0842.JPG,DSCF0842.JPG,5R/100MEDIA,0,Other_Amphibian,0.2568,2239.0,8.1,2486.0,759.0
/srv/shared_leopard_toad/2025/Documents/25.08-01.09.2025/5R/100MEDIA/DSCF0178.JPG,DSCF0178.JPG,5R/100MEDIA,0,Other_Amphibian,0.2455,2216.8,7.9,2455.7,627.4
/srv/shared_leopard_toad/2025/Documents/25.08-01.09.2025/5R/100MEDIA/DSCF0739.JPG,DSCF0739.JPG,5R/100MEDIA,0,Other_Amphibian,0.2925,2251.4,3.3,2499.8,782.2
/srv/shared_leopard_toad/2025/Documents/25.08-01.09.2025/5R/100MEDIA/DSCF0875.JPG,DSCF0875.JPG,5R/100MEDIA,0,Other_Amphibian,0.3147,2241.5,8.9,2483.5,777.4
/srv/shared_leopard_toad/2025/Documents/25.08-01.09.2025/5R/100MEDIA/DSCF0576.JPG,DSCF0576.JPG,5R/100MEDIA,0,Other_Amphibian,0.4036,2234.4,3.7,2477.4,789.2
/srv/shared_leopard_toad/2025/Documents/25.08-01.09.2025/5R/100MEDIA/DSCF0856.JPG,DSCF0856.JPG,5R/100MEDIA,0,Other_Amphibian,0.3093,2238.1,5.9,2486.9,764.9
/srv/shared_leopard_toad/2025/Documents/25.08-01.09.2025/5R/100MEDIA/DSCF0607.JPG,DSCF0607.JPG,5R/100MEDIA,0,Other_Amphibian,0.2639,2254.3,1.8,2470.7,648.9
/srv/shared_leopard_toad/2025/Documents/25.08-01.09.2025/5R/100MEDIA/DSCF0252.JPG,DSCF0252.JPG,5R/100MEDIA,0,Other_Amphibian,0.4097,2219.1,10.0,2463.9,776.3
/srv/shared_leopard_toad/2025/Documents/25.08-01.09.2025/5R/100MEDIA/DSCF0472.JPG,DSCF0472.JPG,5R/100MEDIA,0,Other_Amphibian,0.3879,2247.3,1.5,2459.3,655.2
/srv/shared_leopard_toad/2025/Documents/25.08-01.09.2025/5R/100MEDIA/DSCF0396.JPG,DSCF0396.JPG,5R/100MEDIA,0,Other_Amphibian,0.2754,2220.9,9.2,2462.1,770.4
/srv/shared_leopard_toad/2025/Documents/25.08-01.09.2025/5R/100MEDIA/DSCF0788.JPG,DSCF0788.JPG,5R/100MEDIA,0,Other_Amphibian,0.2229,2250.6,-1.1,2474.4,657.8
/srv/shared_leopard_toad/2025/Documents/25.08-01.09.2025/5R/100MEDIA/DSCF0721.JPG,DSCF0721.JPG,5R/100MEDIA,0,Other_Amphibian,0.2085,2259.5,3.0,2491.8,738.7
/srv/shared_leopard_toad/2025/Documents/25.08-01.09.2025/5R/100MEDIA/DSCF0927.JPG,DSCF0927.JPG,5R/100MEDIA,0,Other_Amphibian,0.3171,2244.7,7.4,2490.8,766.3
/srv/shared_leopard_toad/2025/Documents/25.08-01.09.2025/5R/100MEDIA/DSCF0536.JPG,DSCF0536.JPG,5R/100MEDIA,0,Other_Amphibian,0.3218,2249.0,1.1,2476.0,665.9
/srv/shared_leopard_toad/2025/Documents/25.08-01.09.2025/5R/100MEDIA/DSCF0536.JPG,DSCF0536.JPG,5R/100MEDIA,0,Other_Amphibian,0.2368,2245.4,7.8,2490.1,729.4
/srv/shared_leopard_toad/2025/Documents/25.08-01.09.2025/5R/100MEDIA/DSCF0448.JPG,DSCF0448.JPG,5R/100MEDIA,0,Other_Amphibian,0.4790,2241.1,3.0,2468.2,657.1
/srv/shared_leopard_toad/2025/Documents/25.08-01.09.2025/5R/100MEDIA/DSCF0683.JPG,DSCF0683.JPG,5R/100MEDIA,0,Other_Amphibian,0.3684,2240.4,3.0,2484.6,771.5
/srv/shared_leopard_toad/2025/Documents/25.08-01.09.2025/5R/100MEDIA/DSCF0449.JPG,DSCF0449.JPG,5R/100MEDIA,0,Other_Amphibian,0.3376,2232.8,6.8,2460.7,746.2
/srv/shared_leopard_toad/2025/Documents/25.08-01.09.2025/5R/100MEDIA/DSCF0449.JPG,DSCF0449.JPG,5R/100MEDIA,0,Other_Amphibian,0.2891,2237.4,-3.9,2450.8,699.3
/srv/shared_leopard_toad/2025/Documents/25.08-01.09.2025/5R/100MEDIA/DSCF0888.JPG,DSCF0888.JPG,5R/100MEDIA,0,Other_Amphibian,0.2119,2249.0,6.5,2486.5,749.2
/srv/shared_leopard_toad/2025/Documents/25.08-01.09.2025/5R/100MEDIA/DSCF0287.JPG,DSCF0287.JPG,5R/100MEDIA,0,Other_Amphibian,0.3970,2239.0,4.2,2454.5,599.3
/srv/shared_leopard_toad/2025/Documents/25.08-01.09.2025/5R/100MEDIA/DSCF0494.JPG,DSCF0494.JPG,5R/100MEDIA,0,Other_Amphibian,0.3733,2246.3,3.0,2465.5,622.4
/srv/shared_leopard_toad/2025/Documents/25.08-01.09.2025/5R/100MEDIA/DSCF0908.JPG,DSCF0908.JPG,5R/100MEDIA,0,Other_Amphibian,0.3206,2247.0,7.6,2488.5,715.2
/srv/shared_leopard_toad/2025/Documents/25.08-01.09.2025/5R/100MEDIA/DSCF0908.JPG,DSCF0908.JPG,5R/100MEDIA,0,Other_Amphibian,0.2338,2249.8,0.4,2475.2,695.1
/srv/shared_leopard_toad/2025/Documents/25.08-01.09.2025/5R/100MEDIA/DSCF0386.JPG,DSCF0386.JPG,5R/100MEDIA,0,Other_Amphibian,0.3354,2232.6,1.1,2455.6,670.4
/srv/shared_leopard_toad/2025/Documents/25.08-01.09.2025/5R/100MEDIA/DSCF0386.JPG,DSCF0386.JPG,5R/100MEDIA,0,Other_Amphibian,0.3032,2222.1,4.8,2460.9,785.2
/srv/shared_leopard_toad/2025/Documents/25.08-01.09.2025/5R/100MEDIA/DSCF0399.JPG,DSCF0399.JPG,5R/100MEDIA,0,Other_Amphibian,0.2859,2243.1,-1.7,2455.7,646.9
/srv/shared_leopard_toad/2025/Documents/25.08-01.09.2025/5R/100MEDIA/DSCF0399.JPG,DSCF0399.JPG,5R/100MEDIA,0,Other_Amphibian,0.2656,2236.9,6.6,2475.0,756.0
/srv/shared_leopard_toad/2025/Documents/25.08-01.09.2025/5R/100MEDIA/DSCF0158.JPG,DSCF0158.JPG,5R/100MEDIA,0,Other_Amphibian,0.3413,2221.8,5.9,2471.7,648.6
/srv/shared_leopard_toad/2025/Documents/25.08-01.09.2025/5R/100MEDIA/DSCF0474.JPG,DSCF0474.JPG,5R/100MEDIA,0,Other_Amphibian,0.3801,2233.4,5.7,2475.9,754.0
/srv/shared_leopard_toad/2025/Documents/25.08-01.09.2025/5R/100MEDIA/DSCF0474.JPG,DSCF0474.JPG,5R/100MEDIA,0,Other_Amphibian,0.2449,2235.4,-5.5,2465.9,708.0
/srv/shared_leopard_toad/2025/Documents/25.08-01.09.2025/5R/100MEDIA/DSCF0567.JPG,DSCF0567.JPG,5R/100MEDIA,0,Other_Amphibian,0.4451,2247.6,3.7,2493.2,760.4
/srv/shared_leopard_toad/2025/Documents/25.08-01.09.2025/5R/100MEDIA/DSCF0872.JPG,DSCF0872.JPG,5R/100MEDIA,0,Other_Amphibian,0.4202,2248.1,4.2,2487.4,758.4
/srv/shared_leopard_toad/2025/Documents/25.08-01.09.2025/5R/100MEDIA/DSCF0499.JPG,DSCF0499.JPG,5R/100MEDIA,0,Other_Amphibian,0.2952,2239.0,2.6,2465.0,591.7
/srv/shared_leopard_toad/2025/Documents/25.08-01.09.2025/5R/100MEDIA/DSCF0900.JPG,DSCF0900.JPG,5R/100MEDIA,0,Other_Amphibian,0.3523,2234.9,7.8,2482.3,757.1
/srv/shared_leopard_toad/2025/Documents/25.08-01.09.2025/5R/100MEDIA/DSCF0335.JPG,DSCF0335.JPG,5R/100MEDIA,0,Other_Amphibian,0.5464,2219.6,5.5,2460.8,771.9
/srv/shared_leopard_toad/2025/Documents/25.08-01.09.2025/5R/100MEDIA/DSCF0877.JPG,DSCF0877.JPG,5R/100MEDIA,0,Other_Amphibian,0.3423,2236.4,8.5,2499.1,773.3
/srv/shared_leopard_toad/2025/Documents/25.08-01.09.2025/5R/100MEDIA/DSCF0523.JPG,DSCF0523.JPG,5R/100MEDIA,0,Other_Amphibian,0.6318,1277.1,772.5,1421.4,983.1
/srv/shared_leopard_toad/2025/Documents/25.08-01.09.2025/5R/100MEDIA/DSCF0523.JPG,DSCF0523.JPG,5R/100MEDIA,0,Other_Amphibian,0.6157,2241.1,-0.2,2473.4,667.2
/srv/shared_leopard_toad/2025/Documents/25.08-01.09.2025/5R/100MEDIA/DSCF0890.JPG,DSCF0890.JPG,5R/100MEDIA,0,Other_Amphibian,0.4932,2236.2,7.0,2481.0,782.2
/srv/shared_leopard_toad/2025/Documents/25.08-01.09.2025/5R/100MEDIA/DSCF0262.JPG,DSCF0262.JPG,5R/100MEDIA,0,Other_Amphibian,0.3196,2220.5,8.7,2459.9,755.4
/srv/shared_leopard_toad/2025/Documents/25.08-01.09.2025/5R/100MEDIA/DSCF0262.JPG,DSCF0262.JPG,5R/100MEDIA,0,Other_Amphibian,0.2013,2228.3,2.4,2452.1,672.8
/srv/shared_leopard_toad/2025/Documents/25.08-01.09.2025/5R/100MEDIA/DSCF0655.JPG,DSCF0655.JPG,5R/100MEDIA,0,Other_Amphibian,0.2339,2245.4,6.6,2474.3,773.0
/srv/shared_leopard_toad/2025/Documents/25.08-01.09.2025/5R/100MEDIA/DSCF0965.JPG,DSCF0965.JPG,5R/100MEDIA,0,Other_Amphibian,0.4106,2241.3,8.1,2483.7,768.6
/srv/shared_leopard_toad/2025/Documents/25.08-01.09.2025/5R/100MEDIA/DSCF0750.JPG,DSCF0750.JPG,5R/100MEDIA,0,Other_Amphibian,0.4307,2234.0,4.1,2477.8,786.6
/srv/shared_leopard_toad/2025/Documents/25.08-01.09.2025/5R/100MEDIA/DSCF0223.JPG,DSCF0223.JPG,5R/100MEDIA,0,Other_Amphibian,0.2874,2230.4,5.7,2463.1,644.0
/srv/shared_leopard_toad/2025/Documents/25.08-01.09.2025/5R/100MEDIA/DSCF0223.JPG,DSCF0223.JPG,5R/100MEDIA,0,Other_Amphibian,0.2310,2228.1,10.5,2475.9,734.4
/srv/shared_leopard_toad/2025/Documents/25.08-01.09.2025/5R/100MEDIA/DSCF0669.JPG,DSCF0669.JPG,5R/100MEDIA,0,Other_Amphibian,0.2430,2243.5,5.0,2481.5,741.0
/srv/shared_leopard_toad/2025/Documents/25.08-01.09.2025/5R/100MEDIA/DSCF0601.JPG,DSCF0601.JPG,5R/100MEDIA,0,Other_Amphibian,0.2976,2232.6,7.0,2468.8,789.6
/srv/shared_leopard_toad/2025/Documents/25.08-01.09.2025/5R/100MEDIA/DSCF0753.JPG,DSCF0753.JPG,5R/100MEDIA,0,Other_Amphibian,0.5020,2236.8,4.8,2482.9,766.0
/srv/shared_leopard_toad/2025/Documents/25.08-01.09.2025/5R/100MEDIA/DSCF0363.JPG,DSCF0363.JPG,5R/100MEDIA,0,Other_Amphibian,0.4426,2236.6,0.4,2456.9,666.7
/srv/shared_leopard_toad/2025/Documents/25.08-01.09.2025/5R/100MEDIA/DSCF0823.JPG,DSCF0823.JPG,5R/100MEDIA,0,Other_Amphibian,0.2006,2252.1,-0.4,2472.9,615.7
/srv/shared_leopard_toad/2025/Documents/25.08-01.09.2025/5R/100MEDIA/DSCF0154.JPG,DSCF0154.JPG,5R/100MEDIA,0,Other_Amphibian,0.2322,2212.2,6.1,2462.9,641.4
/srv/shared_leopard_toad/2025/Documents/25.08-01.09.2025/5R/100MEDIA/DSCF0154.JPG,DSCF0154.JPG,5R/100MEDIA,0,Other_Amphibian,0.2070,2200.9,6.3,2469.0,806.6
/srv/shared_leopard_toad/2025/Documents/25.08-01.09.2025/5R/100MEDIA/DSCF0376.JPG,DSCF0376.JPG,5R/100MEDIA,0,Other_Amphibian,0.4077,2239.0,-2.4,2462.3,699.0
/srv/shared_leopard_toad/2025/Documents/25.08-01.09.2025/5R/100MEDIA/DSCF0376.JPG,DSCF0376.JPG,5R/100MEDIA,0,Other_Amphibian,0.3923,2235.7,5.9,2470.9,735.7
/srv/shared_leopard_toad/2025/Documents/25.08-01.09.2025/5R/100MEDIA/DSCF0186.JPG,DSCF0186.JPG,5R/100MEDIA,0,Other_Amphibian,0.3152,2221.0,8.7,2451.5,610.0
/srv/shared_leopard_toad/2025/Documents/25.08-01.09.2025/5R/100MEDIA/DSCF0196.JPG,DSCF0196.JPG,5R/100MEDIA,0,Other_Amphibian,0.2527,2220.1,10.0,2457.7,635.3
/srv/shared_leopard_toad/2025/Documents/25.08-01.09.2025/5R/100MEDIA/DSCF0577.JPG,DSCF0577.JPG,5R/100MEDIA,0,Other_Amphibian,0.2629,2246.5,-1.5,2473.2,645.6
/srv/shared_leopard_toad/2025/Documents/25.08-01.09.2025/5R/100MEDIA/DSCF0577.JPG,DSCF0577.JPG,5R/100MEDIA,0,Other_Amphibian,0.2218,2246.5,4.8,2491.6,745.3
/srv/shared_leopard_toad/2025/Documents/25.08-01.09.2025/5R/100MEDIA/DSCF0478.JPG,DSCF0478.JPG,5R/100MEDIA,0,Other_Amphibian,0.3813,2227.7,4.6,2465.8,759.5
/srv/shared_leopard_toad/2025/Documents/25.08-01.09.2025/5R/100MEDIA/DSCF0666.JPG,DSCF0666.JPG,5R/100MEDIA,0,Other_Amphibian,0.3838,2245.7,-1.1,2479.3,668.1
/srv/shared_leopard_toad/2025/Documents/25.08-01.09.2025/5R/100MEDIA/DSCF0280.JPG,DSCF0280.JPG,5R/100MEDIA,0,Other_Amphibian,0.2527,2226.7,11.8,2466.8,767.8
/srv/shared_leopard_toad/2025/Documents/25.08-01.09.2025/5R/100MEDIA/DSCF0629.JPG,DSCF0629.JPG,5R/100MEDIA,0,Other_Amphibian,0.2708,2248.7,3.7,2492.0,786.3
/srv/shared_leopard_toad/2025/Documents/25.08-01.09.2025/5R/100MEDIA/DSCF0629.JPG,DSCF0629.JPG,5R/100MEDIA,0,Other_Amphibian,0.2205,2258.3,-2.8,2466.7,643.6
/srv/shared_leopard_toad/2025/Documents/25.08-01.09.2025/5R/100MEDIA/DSCF0675.JPG,DSCF0675.JPG,5R/100MEDIA,0,Other_Amphibian,0.3418,2244.5,-3.7,2470.0,685.9
/srv/shared_leopard_toad/2025/Documents/25.08-01.09.2025/5R/100MEDIA/DSCF0208.JPG,DSCF0208.JPG,5R/100MEDIA,0,Other_Amphibian,0.2306,2219.8,12.4,2463.2,737.7
/srv/shared_leopard_toad/2025/Documents/25.08-01.09.2025/5R/100MEDIA/DSCF0208.JPG,DSCF0208.JPG,5R/100MEDIA,0,Other_Amphibian,0.2198,2220.8,4.8,2457.0,685.9
/srv/shared_leopard_toad/2025/Documents/25.08-01.09.2025/5R/100MEDIA/DSCF0635.JPG,DSCF0635.JPG,5R/100MEDIA,0,Other_Amphibian,0.2401,2244.8,4.2,2496.0,743.3
/srv/shared_leopard_toad/2025/Documents/25.08-01.09.2025/5R/100MEDIA/DSCF0635.JPG,DSCF0635.JPG,5R/100MEDIA,0,Other_Amphibian,0.2351,2243.5,-2.6,2471.0,683.6
/srv/shared_leopard_toad/2025/Documents/25.08-01.09.2025/5R/100MEDIA/DSCF0414.JPG,DSCF0414.JPG,5R/100MEDIA,0,Other_Amphibian,0.4568,2236.3,2.6,2457.2,631.6
/srv/shared_leopard_toad/2025/Documents/25.08-01.09.2025/5R/100MEDIA/DSCF0820.JPG,DSCF0820.JPG,5R/100MEDIA,0,Other_Amphibian,0.4307,2238.1,5.2,2473.8,767.1
/srv/shared_leopard_toad/2025/Documents/25.08-01.09.2025/5R/100MEDIA/DSCF0782.JPG,DSCF0782.JPG,5R/100MEDIA,0,Other_Amphibian,0.3867,2245.9,5.4,2484.3,745.8
/srv/shared_leopard_toad/2025/Documents/25.08-01.09.2025/5R/100MEDIA/DSCF0421.JPG,DSCF0421.JPG,5R/100MEDIA,0,Other_Amphibian,0.4111,2233.6,3.9,2475.6,621.4
/srv/shared_leopard_toad/2025/Documents/25.08-01.09.2025/5R/100MEDIA/DSCF0907.JPG,DSCF0907.JPG,5R/100MEDIA,0,Other_Amphibian,0.2469,2241.8,4.1,2488.4,795.5
/srv/shared_leopard_toad/2025/Documents/25.08-01.09.2025/5R/100MEDIA/DSCF0533.JPG,DSCF0533.JPG,5R/100MEDIA,0,Other_Amphibian,0.3340,2244.0,-2.8,2462.7,707.8
/srv/shared_leopard_toad/2025/Documents/25.08-01.09.2025/5R/100MEDIA/DSCF0533.JPG,DSCF0533.JPG,5R/100MEDIA,0,Other_Amphibian,0.2981,2245.3,5.5,2479.7,733.5
/srv/shared_leopard_toad/2025/Documents/25.08-01.09.2025/5R/100MEDIA/DSCF0511.JPG,DSCF0511.JPG,5R/100MEDIA,0,Other_Amphibian,0.3059,2233.9,6.3,2472.8,781.5
/srv/shared_leopard_toad/2025/Documents/25.08-01.09.2025/5R/100MEDIA/DSCF0511.JPG,DSCF0511.JPG,5R/100MEDIA,0,Other_Amphibian,0.2581,2247.6,-1.1,2464.3,645.3
/srv/shared_leopard_toad/2025/Documents/25.08-01.09.2025/5R/100MEDIA/DSCF0503.JPG,DSCF0503.JPG,5R/100MEDIA,0,Other_Amphibian,0.2847,2242.0,-5.5,2451.5,694.7
/srv/shared_leopard_toad/2025/Documents/25.08-01.09.2025/5R/100MEDIA/DSCF0503.JPG,DSCF0503.JPG,5R/100MEDIA,0,Other_Amphibian,0.2786,2239.1,6.6,2472.8,742.7
/srv/shared_leopard_toad/2025/Documents/25.08-01.09.2025/5R/100MEDIA/DSCF0885.JPG,DSCF0885.JPG,5R/100MEDIA,0,Other_Amphibian,0.3308,2239.0,6.3,2486.0,767.4
/srv/shared_leopard_toad/2025/Documents/25.08-01.09.2025/5R/100MEDIA/DSCF0622.JPG,DSCF0622.JPG,5R/100MEDIA,0,Other_Amphibian,0.4690,2246.1,0.6,2473.7,656.1
/srv/shared_leopard_toad/2025/Documents/25.08-01.09.2025/5R/100MEDIA/DSCF0418.JPG,DSCF0418.JPG,5R/100MEDIA,0,Other_Amphibian,0.3484,2235.8,1.7,2452.5,646.9
/srv/shared_leopard_toad/2025/Documents/25.08-01.09.2025/5R/100MEDIA/DSCF0211.JPG,DSCF0211.JPG,5R/100MEDIA,0,Other_Amphibian,0.2319,2226.2,12.0,2462.0,731.5
/srv/shared_leopard_toad/2025/Documents/25.08-01.09.2025/5R/100MEDIA/DSCF0211.JPG,DSCF0211.JPG,5R/100MEDIA,0,Other_Amphibian,0.2316,2227.7,3.0,2452.7,675.5
/srv/shared_leopard_toad/2025/Documents/25.08-01.09.2025/5R/100MEDIA/DSCF0621.JPG,DSCF0621.JPG,5R/100MEDIA,0,Other_Amphibian,0.4993,2245.3,3.7,2479.7,739.8
/srv/shared_leopard_toad/2025/Documents/25.08-01.09.2025/5R/100MEDIA/DSCF0621.JPG,DSCF0621.JPG,5R/100MEDIA,0,Other_Amphibian,0.3584,2239.9,-3.9,2464.1,716.3
/srv/shared_leopard_toad/2025/Documents/25.08-01.09.2025/5R/100MEDIA/DSCF0483.JPG,DSCF0483.JPG,5R/100MEDIA,0,Other_Amphibian,0.4280,2234.4,6.6,2469.6,760.4
/srv/shared_leopard_toad/2025/Documents/25.08-01.09.2025/5R/100MEDIA/DSCF0937.JPG,DSCF0937.JPG,5R/100MEDIA,0,Other_Amphibian,0.3477,2249.4,6.6,2491.4,750.1
/srv/shared_leopard_toad/2025/Documents/25.08-01.09.2025/5R/100MEDIA/DSCF0790.JPG,DSCF0790.JPG,5R/100MEDIA,0,Other_Amphibian,0.2522,2234.7,8.1,2479.8,774.5
/srv/shared_leopard_toad/2025/Documents/25.08-01.09.2025/5R/100MEDIA/DSCF0333.JPG,DSCF0333.JPG,5R/100MEDIA,0,Other_Amphibian,0.4189,2238.4,3.0,2455.1,636.8
/srv/shared_leopard_toad/2025/Documents/25.08-01.09.2025/5R/100MEDIA/DSCF0482.JPG,DSCF0482.JPG,5R/100MEDIA,0,Other_Amphibian,0.4287,2228.0,5.2,2465.5,775.9
/srv/shared_leopard_toad/2025/Documents/25.08-01.09.2025/5R/100MEDIA/DSCF0805.JPG,DSCF0805.JPG,5R/100MEDIA,0,Other_Amphibian,0.3862,2242.0,7.0,2477.8,763.8
/srv/shared_leopard_toad/2025/Documents/25.08-01.09.2025/5R/100MEDIA/DSCF0387.JPG,DSCF0387.JPG,5R/100MEDIA,0,Other_Amphibian,0.5474,2223.0,6.3,2460.0,786.6
/srv/shared_leopard_toad/2025/Documents/25.08-01.09.2025/5R/100MEDIA/DSCF0962.JPG,DSCF0962.JPG,5R/100MEDIA,0,Other_Amphibian,0.3228,2241.0,6.6,2484.0,775.2
/srv/shared_leopard_toad/2025/Documents/25.08-01.09.2025/5R/100MEDIA/DSCF0867.JPG,DSCF0867.JPG,5R/100MEDIA,0,Other_Amphibian,0.2429,2244.1,4.4,2473.0,761.2
/srv/shared_leopard_toad/2025/Documents/25.08-01.09.2025/5R/100MEDIA/DSCF0874.JPG,DSCF0874.JPG,5R/100MEDIA,0,Other_Amphibian,0.3909,2237.6,6.6,2487.4,773.0
/srv/shared_leopard_toad/2025/Documents/25.08-01.09.2025/5R/100MEDIA/DSCF0548.JPG,DSCF0548.JPG,5R/100MEDIA,0,Other_Amphibian,0.5513,2238.7,4.4,2473.2,765.6
/srv/shared_leopard_toad/2025/Documents/25.08-01.09.2025/5R/100MEDIA/DSCF0548.JPG,DSCF0548.JPG,5R/100MEDIA,0,Other_Amphibian,0.2751,2244.0,-3.9,2460.0,674.2
/srv/shared_leopard_toad/2025/Documents/25.08-01.09.2025/5R/100MEDIA/DSCF0786.JPG,DSCF0786.JPG,5R/100MEDIA,0,Other_Amphibian,0.3240,2245.7,4.4,2479.3,751.2
/srv/shared_leopard_toad/2025/Documents/25.08-01.09.2025/5R/100MEDIA/DSCF0660.JPG,DSCF0660.JPG,5R/100MEDIA,0,Other_Amphibian,0.3306,2248.4,4.8,2502.9,743.1
/srv/shared_leopard_toad/2025/Documents/25.08-01.09.2025/5R/100MEDIA/DSCF0660.JPG,DSCF0660.JPG,5R/100MEDIA,0,Other_Amphibian,0.3198,2251.3,-1.8,2478.9,657.4
/srv/shared_leopard_toad/2025/Documents/25.08-01.09.2025/5R/100MEDIA/DSCF0554.JPG,DSCF0554.JPG,5R/100MEDIA,0,Other_Amphibian,0.2203,2250.6,-2.0,2461.3,665.4
/srv/shared_leopard_toad/2025/Documents/25.08-01.09.2025/5R/100MEDIA/DSCF0942.JPG,DSCF0942.JPG,5R/100MEDIA,0,Other_Amphibian,0.2642,2245.3,4.8,2485.0,766.0
/srv/shared_leopard_toad/2025/Documents/25.08-01.09.2025/5R/100MEDIA/DSCF0991.JPG,DSCF0991.JPG,5R/100MEDIA,0,Other_Amphibian,0.3044,2245.0,7.2,2485.2,747.3
/srv/shared_leopard_toad/2025/Documents/25.08-01.09.2025/5R/100MEDIA/DSCF0691.JPG,DSCF0691.JPG,5R/100MEDIA,0,Other_Amphibian,0.2375,2254.5,-3.3,2470.5,653.0
/srv/shared_leopard_toad/2025/Documents/25.08-01.09.2025/5R/100MEDIA/DSCF0691.JPG,DSCF0691.JPG,5R/100MEDIA,0,Other_Amphibian,0.2147,2252.5,2.4,2485.6,729.6
/srv/shared_leopard_toad/2025/Documents/25.08-01.09.2025/5R/100MEDIA/DSCF0742.JPG,DSCF0742.JPG,5R/100MEDIA,0,Other_Amphibian,0.3215,2250.9,-1.3,2468.8,682.4
/srv/shared_leopard_toad/2025/Documents/25.08-01.09.2025/5R/100MEDIA/DSCF0742.JPG,DSCF0742.JPG,5R/100MEDIA,0,Other_Amphibian,0.2595,2244.0,5.2,2475.8,724.6
/srv/shared_leopard_toad/2025/Documents/25.08-01.09.2025/5R/100MEDIA/DSCF0966.JPG,DSCF0966.JPG,5R/100MEDIA,0,Other_Amphibian,0.2272,2243.5,9.4,2499.9,748.8
/srv/shared_leopard_toad/2025/Documents/25.08-01.09.2025/5R/100MEDIA/DSCF0632.JPG,DSCF0632.JPG,5R/100MEDIA,0,Other_Amphibian,0.3801,2251.9,0.2,2462.6,647.3
/srv/shared_leopard_toad/2025/Documents/25.08-01.09.2025/5R/100MEDIA/DSCF0985.JPG,DSCF0985.JPG,5R/100MEDIA,0,Other_Amphibian,0.3269,2244.0,6.6,2491.5,747.1
/srv/shared_leopard_toad/2025/Documents/25.08-01.09.2025/5R/100MEDIA/DSCF0841.JPG,DSCF0841.JPG,5R/100MEDIA,0,Other_Amphibian,0.2986,2234.0,7.4,2477.8,754.5
/srv/shared_leopard_toad/2025/Documents/25.08-01.09.2025/5R/100MEDIA/DSCF0391.JPG,DSCF0391.JPG,5R/100MEDIA,0,Other_Amphibian,0.3406,2238.0,-1.7,2455.5,654.7
/srv/shared_leopard_toad/2025/Documents/25.08-01.09.2025/5R/100MEDIA/DSCF0391.JPG,DSCF0391.JPG,5R/100MEDIA,0,Other_Amphibian,0.2124,2556.9,1115.9,2729.8,1258.4
/srv/shared_leopard_toad/2025/Documents/25.08-01.09.2025/5R/100MEDIA/DSCF0391.JPG,DSCF0391.JPG,5R/100MEDIA,0,Other_Amphibian,0.2015,2231.1,4.4,2467.7,741.6
/srv/shared_leopard_toad/2025/Documents/25.08-01.09.2025/5R/100MEDIA/DSCF0516.JPG,DSCF0516.JPG,5R/100MEDIA,0,Other_Amphibian,0.2666,2241.3,7.8,2478.4,764.5
/srv/shared_leopard_toad/2025/Documents/25.08-01.09.2025/5R/100MEDIA/DSCF0516.JPG,DSCF0516.JPG,5R/100MEDIA,0,Other_Amphibian,0.2451,2249.5,-0.7,2459.8,658.5
/srv/shared_leopard_toad/2025/Documents/25.08-01.09.2025/5R/100MEDIA/DSCF0191.JPG,DSCF0191.JPG,5R/100MEDIA,0,Other_Amphibian,0.3926,2223.9,10.2,2459.1,631.8
/srv/shared_leopard_toad/2025/Documents/25.08-01.09.2025/5R/100MEDIA/DSCF0500.JPG,DSCF0500.JPG,5R/100MEDIA,0,Other_Amphibian,0.2413,2244.6,0.7,2464.6,660.4
/srv/shared_leopard_toad/2025/Documents/25.08-01.09.2025/5R/100MEDIA/DSCF0169.JPG,DSCF0169.JPG,5R/100MEDIA,0,Other_Amphibian,0.4426,2222.3,8.7,2460.7,616.6
/srv/shared_leopard_toad/2025/Documents/25.08-01.09.2025/5R/100MEDIA/DSCF0706.JPG,DSCF0706.JPG,5R/100MEDIA,0,Other_Amphibian,0.4187,2250.9,5.7,2492.4,747.3
/srv/shared_leopard_toad/2025/Documents/25.08-01.09.2025/5R/100MEDIA/DSCF0525.JPG,DSCF0525.JPG,5R/100MEDIA,0,Other_Amphibian,0.2822,2249.5,7.4,2470.3,744.6
/srv/shared_leopard_toad/2025/Documents/25.08-01.09.2025/5R/100MEDIA/DSCF0525.JPG,DSCF0525.JPG,5R/100MEDIA,0,Other_Amphibian,0.2634,2251.6,-0.6,2457.7,655.0
/srv/shared_leopard_toad/2025/Documents/25.08-01.09.2025/5R/100MEDIA/DSCF0757.JPG,DSCF0757.JPG,5R/100MEDIA,0,Other_Amphibian,0.3479,2241.3,5.0,2483.7,738.5
/srv/shared_leopard_toad/2025/Documents/25.08-01.09.2025/5R/100MEDIA/DSCF0144.JPG,DSCF0144.JPG,5R/100MEDIA,0,Other_Amphibian,0.3850,2222.3,5.2,2458.1,598.4
/srv/shared_leopard_toad/2025/Documents/25.08-01.09.2025/5R/100MEDIA/DSCF0904.JPG,DSCF0904.JPG,5R/100MEDIA,0,Other_Amphibian,0.2766,2238.6,8.5,2491.7,791.8
/srv/shared_leopard_toad/2025/Documents/25.08-01.09.2025/5R/100MEDIA/DSCF0238.JPG,DSCF0238.JPG,5R/100MEDIA,0,Other_Amphibian,0.2844,2232.4,3.9,2469.0,662.1
/srv/shared_leopard_toad/2025/Documents/25.08-01.09.2025/5R/100MEDIA/DSCF0238.JPG,DSCF0238.JPG,5R/100MEDIA,0,Other_Amphibian,0.2622,2233.0,9.2,2484.2,733.1
/srv/shared_leopard_toad/2025/Documents/25.08-01.09.2025/5R/100MEDIA/DSCF0735.JPG,DSCF0735.JPG,5R/100MEDIA,0,Other_Amphibian,0.4302,2241.5,4.4,2483.5,745.7
/srv/shared_leopard_toad/2025/Documents/25.08-01.09.2025/5R/100MEDIA/DSCF0613.JPG,DSCF0613.JPG,5R/100MEDIA,0,Other_Amphibian,0.3757,2239.2,7.0,2485.8,743.1
/srv/shared_leopard_toad/2025/Documents/25.08-01.09.2025/5R/100MEDIA/DSCF0551.JPG,DSCF0551.JPG,5R/100MEDIA,0,Other_Amphibian,0.2976,2246.2,3.7,2468.3,613.9
/srv/shared_leopard_toad/2025/Documents/25.08-01.09.2025/5R/100MEDIA/DSCF0748.JPG,DSCF0748.JPG,5R/100MEDIA,0,Other_Amphibian,0.2944,2246.8,7.4,2488.7,755.3
/srv/shared_leopard_toad/2025/Documents/25.08-01.09.2025/5R/100MEDIA/DSCF0192.JPG,DSCF0192.JPG,5R/100MEDIA,0,Other_Amphibian,0.4578,2226.8,5.7,2471.9,598.9
/srv/shared_leopard_toad/2025/Documents/25.08-01.09.2025/5R/100MEDIA/DSCF0182.JPG,DSCF0182.JPG,5R/100MEDIA,0,Other_Amphibian,0.4524,2214.9,7.6,2478.6,624.4
/srv/shared_leopard_toad/2025/Documents/25.08-01.09.2025/5R/100MEDIA/DSCF0299.JPG,DSCF0299.JPG,5R/100MEDIA,0,Other_Amphibian,0.3940,2233.4,2.2,2460.1,650.8
/srv/shared_leopard_toad/2025/Documents/25.08-01.09.2025/5R/100MEDIA/DSCF0816.JPG,DSCF0816.JPG,5R/100MEDIA,0,Other_Amphibian,0.3618,2249.9,5.2,2485.6,765.6
/srv/shared_leopard_toad/2025/Documents/25.08-01.09.2025/5R/100MEDIA/DSCF0345.JPG,DSCF0345.JPG,5R/100MEDIA,0,Other_Amphibian,0.3997,2234.9,4.4,2448.1,639.7
/srv/shared_leopard_toad/2025/Documents/25.08-01.09.2025/5R/100MEDIA/DSCF0293.JPG,DSCF0293.JPG,5R/100MEDIA,0,Other_Amphibian,0.3069,2229.5,3.0,2458.7,643.4
/srv/shared_leopard_toad/2025/Documents/25.08-01.09.2025/5R/100MEDIA/DSCF0195.JPG,DSCF0195.JPG,5R/100MEDIA,0,Other_Amphibian,0.3679,2216.4,7.2,2453.5,615.9
/srv/shared_leopard_toad/2025/Documents/25.08-01.09.2025/5R/100MEDIA/DSCF0794.JPG,DSCF0794.JPG,5R/100MEDIA,0,Other_Amphibian,0.2578,2237.2,6.3,2487.8,789.6
/srv/shared_leopard_toad/2025/Documents/25.08-01.09.2025/5R/100MEDIA/DSCF0527.JPG,DSCF0527.JPG,5R/100MEDIA,0,Other_Amphibian,0.3975,2245.9,-0.2,2471.3,675.3
/srv/shared_leopard_toad/2025/Documents/25.08-01.09.2025/5R/100MEDIA/DSCF0338.JPG,DSCF0338.JPG,5R/100MEDIA,0,Other_Amphibian,0.3413,2228.2,1.7,2460.0,655.0
/srv/shared_leopard_toad/2025/Documents/25.08-01.09.2025/5R/100MEDIA/DSCF0940.JPG,DSCF0940.JPG,5R/100MEDIA,0,Other_Amphibian,0.2328,2239.5,7.0,2485.5,767.4
/srv/shared_leopard_toad/2025/Documents/25.08-01.09.2025/5R/100MEDIA/DSCF0360.JPG,DSCF0360.JPG,5R/100MEDIA,0,Other_Amphibian,0.3853,2229.3,3.7,2464.2,646.0
/srv/shared_leopard_toad/2025/Documents/25.08-01.09.2025/5R/100MEDIA/DSCF0206.JPG,DSCF0206.JPG,5R/100MEDIA,0,Other_Amphibian,0.3396,2218.7,16.2,2461.7,780.4
/srv/shared_leopard_toad/2025/Documents/25.08-01.09.2025/5R/100MEDIA/DSCF0902.JPG,DSCF0902.JPG,5R/100MEDIA,0,Other_Amphibian,0.2175,2250.9,5.9,2487.2,767.8
/srv/shared_leopard_toad/2025/Documents/25.08-01.09.2025/5R/100MEDIA/DSCF0778.JPG,DSCF0778.JPG,5R/100MEDIA,0,Other_Amphibian,0.4521,2232.5,1.8,2476.8,799.9
/srv/shared_leopard_toad/2025/Documents/25.08-01.09.2025/5R/100MEDIA/DSCF0180.JPG,DSCF0180.JPG,5R/100MEDIA,0,Other_Amphibian,0.3594,2223.9,7.8,2469.6,609.8
/srv/shared_leopard_toad/2025/Documents/25.08-01.09.2025/5R/100MEDIA/DSCF0791.JPG,DSCF0791.JPG,5R/100MEDIA,0,Other_Amphibian,0.2029,2245.2,9.0,2490.3,734.4
/srv/shared_leopard_toad/2025/Documents/25.08-01.09.2025/5R/100MEDIA/DSCF0558.JPG,DSCF0558.JPG,5R/100MEDIA,0,Other_Amphibian,0.3523,2230.8,7.0,2462.7,789.6
/srv/shared_leopard_toad/2025/Documents/25.08-01.09.2025/5R/100MEDIA/DSCF0826.JPG,DSCF0826.JPG,5R/100MEDIA,0,Other_Amphibian,0.3955,2242.4,5.7,2482.6,747.3
/srv/shared_leopard_toad/2025/Documents/25.08-01.09.2025/5R/100MEDIA/DSCF0775.JPG,DSCF0775.JPG,5R/100MEDIA,0,Other_Amphibian,0.4390,2237.5,3.0,2482.3,771.5
/srv/shared_leopard_toad/2025/Documents/25.08-01.09.2025/5R/100MEDIA/DSCF0811.JPG,DSCF0811.JPG,5R/100MEDIA,0,Other_Amphibian,0.2998,2244.0,3.5,2491.5,758.4
/srv/shared_leopard_toad/2025/Documents/25.08-01.09.2025/5R/100MEDIA/DSCF0689.JPG,DSCF0689.JPG,5R/100MEDIA,0,Other_Amphibian,0.3857,2243.1,3.5,2481.9,737.0
/srv/shared_leopard_toad/2025/Documents/25.08-01.09.2025/5R/100MEDIA/DSCF0689.JPG,DSCF0689.JPG,5R/100MEDIA,0,Other_Amphibian,0.2556,2241.8,-5.0,2464.8,702.7
/srv/shared_leopard_toad/2025/Documents/25.08-01.09.2025/5R/100MEDIA/DSCF0278.JPG,DSCF0278.JPG,5R/100MEDIA,0,Other_Amphibian,0.2751,2235.2,3.5,2453.1,652.1
/srv/shared_leopard_toad/2025/Documents/25.08-01.09.2025/5R/100MEDIA/DSCF0625.JPG,DSCF0625.JPG,5R/100MEDIA,0,Other_Amphibian,0.4353,2248.3,3.3,2489.8,759.3
/srv/shared_leopard_toad/2025/Documents/25.08-01.09.2025/5R/100MEDIA/DSCF0625.JPG,DSCF0625.JPG,5R/100MEDIA,0,Other_Amphibian,0.3303,2249.0,-4.8,2476.0,676.3
/srv/shared_leopard_toad/2025/Documents/25.08-01.09.2025/5R/100MEDIA/DSCF0645.JPG,DSCF0645.JPG,5R/100MEDIA,0,Other_Amphibian,0.3389,2245.3,4.2,2479.7,758.4
/srv/shared_leopard_toad/2025/Documents/25.08-01.09.2025/5R/100MEDIA/DSCF0645.JPG,DSCF0645.JPG,5R/100MEDIA,0,Other_Amphibian,0.2932,2250.7,-4.6,2463.8,686.8
/srv/shared_leopard_toad/2025/Documents/25.08-01.09.2025/5R/100MEDIA/DSCF0216.JPG,DSCF0216.JPG,5R/100MEDIA,0,Other_Amphibian,0.3396,2222.7,7.8,2457.7,627.5
/srv/shared_leopard_toad/2025/Documents/25.08-01.09.2025/5R/100MEDIA/DSCF0463.JPG,DSCF0463.JPG,5R/100MEDIA,0,Other_Amphibian,0.4099,2226.9,4.4,2461.3,790.0
/srv/shared_leopard_toad/2025/Documents/25.08-01.09.2025/5R/100MEDIA/DSCF0463.JPG,DSCF0463.JPG,5R/100MEDIA,0,Other_Amphibian,0.2297,2240.6,-3.5,2452.9,676.5
/srv/shared_leopard_toad/2025/Documents/25.08-01.09.2025/5R/100MEDIA/DSCF0327.JPG,DSCF0327.JPG,5R/100MEDIA,0,Other_Amphibian,0.3772,2219.4,10.0,2463.6,776.3
/srv/shared_leopard_toad/2025/Documents/25.08-01.09.2025/5R/100MEDIA/DSCF0327.JPG,DSCF0327.JPG,5R/100MEDIA,0,Other_Amphibian,0.2515,2235.7,-0.6,2457.8,680.5
/srv/shared_leopard_toad/2025/Documents/25.08-01.09.2025/5R/100MEDIA/DSCF0727.JPG,DSCF0727.JPG,5R/100MEDIA,0,Other_Amphibian,0.4009,2234.9,4.1,2484.8,781.5
/srv/shared_leopard_toad/2025/Documents/25.08-01.09.2025/5R/100MEDIA/DSCF0909.JPG,DSCF0909.JPG,5R/100MEDIA,0,Other_Amphibian,0.4209,2247.0,3.7,2488.5,743.1
/srv/shared_leopard_toad/2025/Documents/25.08-01.09.2025/5R/100MEDIA/DSCF0840.JPG,DSCF0840.JPG,5R/100MEDIA,0,Other_Amphibian,0.3271,2242.4,7.0,2482.6,775.6
/srv/shared_leopard_toad/2025/Documents/25.08-01.09.2025/5R/100MEDIA/DSCF0964.JPG,DSCF0964.JPG,5R/100MEDIA,0,Other_Amphibian,0.3083,2243.9,7.6,2486.4,734.8
/srv/shared_leopard_toad/2025/Documents/25.08-01.09.2025/5R/100MEDIA/DSCF0605.JPG,DSCF0605.JPG,5R/100MEDIA,0,Other_Amphibian,0.3579,2241.0,-4.6,2465.6,687.9
/srv/shared_leopard_toad/2025/Documents/25.08-01.09.2025/5R/100MEDIA/DSCF0605.JPG,DSCF0605.JPG,5R/100MEDIA,0,Other_Amphibian,0.3154,2244.5,5.2,2491.0,730.2
/srv/shared_leopard_toad/2025/Documents/25.08-01.09.2025/5R/100MEDIA/DSCF0967.JPG,DSCF0967.JPG,5R/100MEDIA,0,Other_Amphibian,0.2908,2257.2,-2.4,2478.3,669.4
/srv/shared_leopard_toad/2025/Documents/25.08-01.09.2025/5R/100MEDIA/DSCF0967.JPG,DSCF0967.JPG,5R/100MEDIA,0,Other_Amphibian,0.2246,2243.7,3.1,2481.3,727.0
/srv/shared_leopard_toad/2025/Documents/25.08-01.09.2025/5R/100MEDIA/DSCF0314.JPG,DSCF0314.JPG,5R/100MEDIA,0,Other_Amphibian,0.3154,2231.7,-1.5,2461.8,672.9
/srv/shared_leopard_toad/2025/Documents/25.08-01.09.2025/5R/100MEDIA/DSCF0314.JPG,DSCF0314.JPG,5R/100MEDIA,0,Other_Amphibian,0.2852,2224.1,5.2,2477.3,747.5
/srv/shared_leopard_toad/2025/Documents/25.08-01.09.2025/5R/100MEDIA/DSCF0760.JPG,DSCF0760.JPG,5R/100MEDIA,0,Other_Amphibian,0.2374,2249.5,0.2,2475.5,644.0
/srv/shared_leopard_toad/2025/Documents/25.08-01.09.2025/5R/100MEDIA/DSCF0222.JPG,DSCF0222.JPG,5R/100MEDIA,0,Other_Amphibian,0.3938,2220.0,7.6,2463.0,615.5
/srv/shared_leopard_toad/2025/Documents/25.08-01.09.2025/5R/100MEDIA/DSCF0593.JPG,DSCF0593.JPG,5R/100MEDIA,0,Other_Amphibian,0.3801,2245.0,-2.4,2472.1,683.5
/srv/shared_leopard_toad/2025/Documents/25.08-01.09.2025/5R/100MEDIA/DSCF0593.JPG,DSCF0593.JPG,5R/100MEDIA,0,Other_Amphibian,0.3000,2240.8,3.7,2484.2,754.5
/srv/shared_leopard_toad/2025/Documents/25.08-01.09.2025/5R/100MEDIA/DSCF0588.JPG,DSCF0588.JPG,5R/100MEDIA,0,Other_Amphibian,0.4192,2250.7,3.7,2469.1,623.8
/srv/shared_leopard_toad/2025/Documents/25.08-01.09.2025/5R/100MEDIA/DSCF0889.JPG,DSCF0889.JPG,5R/100MEDIA,0,Other_Amphibian,0.2074,2252.4,6.3,2493.6,771.1
/srv/shared_leopard_toad/2025/Documents/25.08-01.09.2025/5R/100MEDIA/DSCF0724.JPG,DSCF0724.JPG,5R/100MEDIA,0,Other_Amphibian,0.4407,2246.8,3.0,2488.7,735.0
/srv/shared_leopard_toad/2025/Documents/25.08-01.09.2025/5R/100MEDIA/DSCF0724.JPG,DSCF0724.JPG,5R/100MEDIA,0,Other_Amphibian,0.3311,2248.1,-4.1,2476.9,677.0
/srv/shared_leopard_toad/2025/Documents/25.08-01.09.2025/5R/100MEDIA/DSCF0619.JPG,DSCF0619.JPG,5R/100MEDIA,0,Other_Amphibian,0.4131,2238.2,5.9,2476.3,761.9
/srv/shared_leopard_toad/2025/Documents/25.08-01.09.2025/5R/100MEDIA/DSCF0619.JPG,DSCF0619.JPG,5R/100MEDIA,0,Other_Amphibian,0.2225,2244.1,-3.0,2462.5,691.0
/srv/shared_leopard_toad/2025/Documents/25.08-01.09.2025/5R/100MEDIA/DSCF0997.JPG,DSCF0997.JPG,5R/100MEDIA,0,Other_Amphibian,0.5068,2241.3,3.7,2483.7,764.1
/srv/shared_leopard_toad/2025/Documents/25.08-01.09.2025/5R/100MEDIA/DSCF0381.JPG,DSCF0381.JPG,5R/100MEDIA,0,Other_Amphibian,0.3704,2241.9,4.8,2459.5,641.6
/srv/shared_leopard_toad/2025/Documents/25.08-01.09.2025/5R/100MEDIA/DSCF0693.JPG,DSCF0693.JPG,5R/100MEDIA,0,Other_Amphibian,0.3792,2238.3,4.2,2486.7,752.5
/srv/shared_leopard_toad/2025/Documents/25.08-01.09.2025/5R/100MEDIA/DSCF0741.JPG,DSCF0741.JPG,5R/100MEDIA,0,Other_Amphibian,0.3586,2238.6,3.3,2486.4,785.2
/srv/shared_leopard_toad/2025/Documents/25.08-01.09.2025/5R/100MEDIA/DSCF0538.JPG,DSCF0538.JPG,5R/100MEDIA,0,Other_Amphibian,0.3606,2233.2,7.0,2470.8,763.8
/srv/shared_leopard_toad/2025/Documents/25.08-01.09.2025/5R/100MEDIA/DSCF0538.JPG,DSCF0538.JPG,5R/100MEDIA,0,Other_Amphibian,0.2197,2242.2,-4.6,2464.4,673.9
/srv/shared_leopard_toad/2025/Documents/25.08-01.09.2025/5R/100MEDIA/DSCF0913.JPG,DSCF0913.JPG,5R/100MEDIA,0,Other_Amphibian,0.2058,2244.5,11.1,2485.7,767.8
/srv/shared_leopard_toad/2025/Documents/25.08-01.09.2025/5R/100MEDIA/DSCF0454.JPG,DSCF0454.JPG,5R/100MEDIA,0,Other_Amphibian,0.4543,2237.6,1.5,2455.9,656.3
/srv/shared_leopard_toad/2025/Documents/25.08-01.09.2025/5R/100MEDIA/DSCF0188.JPG,DSCF0188.JPG,5R/100MEDIA,0,Other_Amphibian,0.3479,2215.7,9.2,2456.8,629.4
/srv/shared_leopard_toad/2025/Documents/25.08-01.09.2025/5R/100MEDIA/DSCF0772.JPG,DSCF0772.JPG,5R/100MEDIA,0,Other_Amphibian,0.4104,2252.2,3.7,2493.8,737.9
/srv/shared_leopard_toad/2025/Documents/25.08-01.09.2025/5R/100MEDIA/DSCF0844.JPG,DSCF0844.JPG,5R/100MEDIA,0,Other_Amphibian,0.4744,3856.3,1481.0,4034.5,1705.4
/srv/shared_leopard_toad/2025/Documents/25.08-01.09.2025/5R/100MEDIA/DSCF0844.JPG,DSCF0844.JPG,5R/100MEDIA,0,Other_Amphibian,0.3909,2243.7,5.2,2481.3,761.9
/srv/shared_leopard_toad/2025/Documents/25.08-01.09.2025/5R/100MEDIA/DSCF0824.JPG,DSCF0824.JPG,5R/100MEDIA,0,Other_Amphibian,0.3386,2248.0,5.4,2492.8,749.9
/srv/shared_leopard_toad/2025/Documents/25.08-01.09.2025/5R/100MEDIA/DSCF0886.JPG,DSCF0886.JPG,5R/100MEDIA,0,Other_Amphibian,0.2113,2241.2,7.4,2494.3,740.5
/srv/shared_leopard_toad/2025/Documents/25.08-01.09.2025/5R/100MEDIA/DSCF0181.JPG,DSCF0181.JPG,5R/100MEDIA,0,Other_Amphibian,0.3066,2220.1,9.8,2460.3,632.2
/srv/shared_leopard_toad/2025/Documents/25.08-01.09.2025/5R/100MEDIA/DSCF0773.JPG,DSCF0773.JPG,5R/100MEDIA,0,Other_Amphibian,0.2595,2251.4,-0.7,2473.6,657.4
/srv/shared_leopard_toad/2025/Documents/25.08-01.09.2025/5R/100MEDIA/DSCF0849.JPG,DSCF0849.JPG,5R/100MEDIA,0,Other_Amphibian,0.2585,2235.7,8.9,2484.1,751.6
/srv/shared_leopard_toad/2025/Documents/25.08-01.09.2025/5R/100MEDIA/DSCF0916.JPG,DSCF0916.JPG,5R/100MEDIA,0,Other_Amphibian,0.2859,2235.7,7.8,2484.1,778.5
/srv/shared_leopard_toad/2025/Documents/25.08-01.09.2025/5R/100MEDIA/DSCF0685.JPG,DSCF0685.JPG,5R/100MEDIA,0,Other_Amphibian,0.3025,2254.5,2.4,2488.9,754.3
/srv/shared_leopard_toad/2025/Documents/25.08-01.09.2025/5R/100MEDIA/DSCF0209.JPG,DSCF0209.JPG,5R/100MEDIA,0,Other_Amphibian,0.2593,2221.8,7.4,2461.2,651.5
/srv/shared_leopard_toad/2025/Documents/25.08-01.09.2025/5R/100MEDIA/DSCF0725.JPG,DSCF0725.JPG,5R/100MEDIA,0,Other_Amphibian,0.3247,2256.9,-1.8,2478.6,653.7
/srv/shared_leopard_toad/2025/Documents/25.08-01.09.2025/5R/100MEDIA/DSCF0550.JPG,DSCF0550.JPG,5R/100MEDIA,0,Other_Amphibian,0.4172,2228.3,5.5,2473.1,766.0
/srv/shared_leopard_toad/2025/Documents/25.08-01.09.2025/5R/100MEDIA/DSCF0612.JPG,DSCF0612.JPG,5R/100MEDIA,0,Other_Amphibian,0.4036,2243.6,-0.7,2476.2,663.0
/srv/shared_leopard_toad/2025/Documents/25.08-01.09.2025/5R/100MEDIA/DSCF0633.JPG,DSCF0633.JPG,5R/100MEDIA,0,Other_Amphibian,0.2964,2248.4,2.4,2471.4,628.5
/srv/shared_leopard_toad/2025/Documents/25.08-01.09.2025/5R/100MEDIA/DSCF0626.JPG,DSCF0626.JPG,5R/100MEDIA,0,Other_Amphibian,0.4722,2223.0,3.7,2470.5,789.2
/srv/shared_leopard_toad/2025/Documents/25.08-01.09.2025/5R/100MEDIA/DSCF0839.JPG,DSCF0839.JPG,5R/100MEDIA,0,Other_Amphibian,0.2830,2247.5,-2.0,2467.0,709.3
/srv/shared_leopard_toad/2025/Documents/25.08-01.09.2025/5R/100MEDIA/DSCF0839.JPG,DSCF0839.JPG,5R/100MEDIA,0,Other_Amphibian,0.2805,2242.7,4.2,2477.1,722.2
/srv/shared_leopard_toad/2025/Documents/25.08-01.09.2025/5R/100MEDIA/DSCF0690.JPG,DSCF0690.JPG,5R/100MEDIA,0,Other_Amphibian,0.2732,2253.7,1.3,2471.3,622.9
/srv/shared_leopard_toad/2025/Documents/25.08-01.09.2025/5R/100MEDIA/DSCF0240.JPG,DSCF0240.JPG,5R/100MEDIA,0,Other_Amphibian,0.3167,2230.6,4.4,2457.7,648.6
/srv/shared_leopard_toad/2025/Documents/25.08-01.09.2025/5R/100MEDIA/DSCF0714.JPG,DSCF0714.JPG,5R/100MEDIA,0,Other_Amphibian,0.4961,2246.8,1.7,2478.2,648.0
/srv/shared_leopard_toad/2025/Documents/25.08-01.09.2025/5R/100MEDIA/DSCF0302.JPG,DSCF0302.JPG,5R/100MEDIA,0,Other_Amphibian,0.5630,2223.6,5.5,2459.4,630.9
/srv/shared_leopard_toad/2025/Documents/25.08-01.09.2025/5R/100MEDIA/DSCF0801.JPG,DSCF0801.JPG,5R/100MEDIA,0,Other_Amphibian,0.2268,2256.4,-2.0,2468.6,638.4
/srv/shared_leopard_toad/2025/Documents/25.08-01.09.2025/5R/100MEDIA/DSCF0232.JPG,DSCF0232.JPG,5R/100MEDIA,0,Other_Amphibian,0.3457,2233.4,7.6,2460.1,622.2
/srv/shared_leopard_toad/2025/Documents/25.08-01.09.2025/5R/100MEDIA/DSCF0545.JPG,DSCF0545.JPG,5R/100MEDIA,0,Other_Amphibian,0.2700,2242.7,6.6,2471.8,760.4
/srv/shared_leopard_toad/2025/Documents/25.08-01.09.2025/5R/100MEDIA/DSCF0545.JPG,DSCF0545.JPG,5R/100MEDIA,0,Other_Amphibian,0.2445,2246.1,-3.1,2455.3,679.4
/srv/shared_leopard_toad/2025/Documents/25.08-01.09.2025/5R/100MEDIA/DSCF0377.JPG,DSCF0377.JPG,5R/100MEDIA,0,Other_Amphibian,0.3027,2237.0,3.0,2456.5,645.6
/srv/shared_leopard_toad/2025/Documents/25.08-01.09.2025/5R/100MEDIA/DSCF0705.JPG,DSCF0705.JPG,5R/100MEDIA,0,Other_Amphibian,0.2129,2252.2,-3.7,2462.2,671.8
/srv/shared_leopard_toad/2025/Documents/25.08-01.09.2025/5R/100MEDIA/DSCF0813.JPG,DSCF0813.JPG,5R/100MEDIA,0,Other_Amphibian,0.3940,2237.4,3.7,2487.6,759.0
/srv/shared_leopard_toad/2025/Documents/25.08-01.09.2025/5R/100MEDIA/DSCF0830.JPG,DSCF0830.JPG,5R/100MEDIA,0,Other_Amphibian,0.4109,2235.8,5.4,2489.2,739.6
/srv/shared_leopard_toad/2025/Documents/25.08-01.09.2025/5R/100MEDIA/DSCF0267.JPG,DSCF0267.JPG,5R/100MEDIA,0,Other_Amphibian,0.3569,2230.5,5.2,2447.2,613.5
/srv/shared_leopard_toad/2025/Documents/25.08-01.09.2025/5R/100MEDIA/DSCF0319.JPG,DSCF0319.JPG,5R/100MEDIA,0,Other_Amphibian,0.5098,2231.1,0.4,2462.4,673.7
/srv/shared_leopard_toad/2025/Documents/25.08-01.09.2025/5R/100MEDIA/DSCF0150.JPG,DSCF0150.JPG,5R/100MEDIA,0,Other_Amphibian,0.4412,2218.1,9.8,2454.4,616.6
/srv/shared_leopard_toad/2025/Documents/25.08-01.09.2025/5R/100MEDIA/DSCF0510.JPG,DSCF0510.JPG,5R/100MEDIA,0,Other_Amphibian,0.4133,2241.8,0.9,2464.8,651.0
/srv/shared_leopard_toad/2025/Documents/25.08-01.09.2025/5R/100MEDIA/DSCF0643.JPG,DSCF0643.JPG,5R/100MEDIA,0,Other_Amphibian,0.4790,2245.4,5.2,2484.8,766.3
/srv/shared_leopard_toad/2025/Documents/25.08-01.09.2025/5R/100MEDIA/DSCF0323.JPG,DSCF0323.JPG,5R/100MEDIA,0,Other_Amphibian,0.6318,2232.1,4.1,2456.2,620.2
/srv/shared_leopard_toad/2025/Documents/25.08-01.09.2025/5R/100MEDIA/DSCF0277.JPG,DSCF0277.JPG,5R/100MEDIA,0,Other_Amphibian,0.3108,2235.3,2.0,2458.2,662.8
/srv/shared_leopard_toad/2025/Documents/25.08-01.09.2025/5R/100MEDIA/DSCF0153.JPG,DSCF0153.JPG,5R/100MEDIA,0,Other_Amphibian,0.2086,2204.5,12.2,2462.7,809.5
/srv/shared_leopard_toad/2025/Documents/25.08-01.09.2025/5R/100MEDIA/DSCF0747.JPG,DSCF0747.JPG,5R/100MEDIA,0,Other_Amphibian,0.2588,2234.3,8.1,2485.5,790.7
/srv/shared_leopard_toad/2025/Documents/25.08-01.09.2025/5R/100MEDIA/DSCF0996.JPG,DSCF0996.JPG,5R/100MEDIA,0,Other_Amphibian,0.2318,2246.5,6.8,2491.6,748.4
/srv/shared_leopard_toad/2025/Documents/25.08-01.09.2025/5R/100MEDIA/DSCF0610.JPG,DSCF0610.JPG,5R/100MEDIA,0,Other_Amphibian,0.3716,2242.8,3.0,2469.1,771.5
/srv/shared_leopard_toad/2025/Documents/25.08-01.09.2025/5R/100MEDIA/DSCF0610.JPG,DSCF0610.JPG,5R/100MEDIA,0,Other_Amphibian,0.2515,2250.6,-0.7,2461.3,665.6
/srv/shared_leopard_toad/2025/Documents/25.08-01.09.2025/5R/100MEDIA/DSCF0692.JPG,DSCF0692.JPG,5R/100MEDIA,0,Other_Amphibian,0.2646,2245.2,6.5,2469.3,738.5
/srv/shared_leopard_toad/2025/Documents/25.08-01.09.2025/5R/100MEDIA/DSCF0692.JPG,DSCF0692.JPG,5R/100MEDIA,0,Other_Amphibian,0.2534,2248.7,-1.7,2457.9,679.0
/srv/shared_leopard_toad/2025/Documents/25.08-01.09.2025/5R/100MEDIA/DSCF0542.JPG,DSCF0542.JPG,5R/100MEDIA,0,Other_Amphibian,0.3123,2219.0,10.3,2474.5,792.9
/srv/shared_leopard_toad/2025/Documents/25.08-01.09.2025/5R/100MEDIA/DSCF0708.JPG,DSCF0708.JPG,5R/100MEDIA,0,Other_Amphibian,0.2255,2254.7,-2.6,2465.0,670.7
/srv/shared_leopard_toad/2025/Documents/25.08-01.09.2025/5R/100MEDIA/DSCF0708.JPG,DSCF0708.JPG,5R/100MEDIA,0,Other_Amphibian,0.2135,2251.6,6.3,2478.7,732.7
/srv/shared_leopard_toad/2025/Documents/25.08-01.09.2025/5R/100MEDIA/DSCF0408.JPG,DSCF0408.JPG,5R/100MEDIA,0,Other_Amphibian,0.4272,2235.4,-2.6,2465.9,682.5
/srv/shared_leopard_toad/2025/Documents/25.08-01.09.2025/5R/100MEDIA/DSCF0408.JPG,DSCF0408.JPG,5R/100MEDIA,0,Other_Amphibian,0.2230,2231.4,4.4,2472.6,730.9
/srv/shared_leopard_toad/2025/Documents/25.08-01.09.2025/5R/100MEDIA/DSCF0846.JPG,DSCF0846.JPG,5R/100MEDIA,0,Other_Amphibian,0.3313,2236.9,5.9,2488.1,788.5
/srv/shared_leopard_toad/2025/Documents/25.08-01.09.2025/5R/100MEDIA/DSCF0469.JPG,DSCF0469.JPG,5R/100MEDIA,0,Other_Amphibian,0.3042,2229.9,8.9,2463.6,764.9
/srv/shared_leopard_toad/2025/Documents/25.08-01.09.2025/5R/100MEDIA/DSCF0961.JPG,DSCF0961.JPG,5R/100MEDIA,0,Other_Amphibian,0.4285,2249.3,5.2,2494.1,759.0
/srv/shared_leopard_toad/2025/Documents/25.08-01.09.2025/5R/100MEDIA/DSCF0214.JPG,DSCF0214.JPG,5R/100MEDIA,0,Other_Amphibian,0.2208,2225.2,8.7,2457.8,616.6
/srv/shared_leopard_toad/2025/Documents/25.08-01.09.2025/5R/100MEDIA/DSCF0804.JPG,DSCF0804.JPG,5R/100MEDIA,0,Other_Amphibian,0.2125,2252.5,5.9,2483.0,745.3
/srv/shared_leopard_toad/2025/Documents/25.08-01.09.2025/5R/100MEDIA/DSCF0825.JPG,DSCF0825.JPG,5R/100MEDIA,0,Other_Amphibian,0.3022,2233.5,7.8,2473.2,764.5
/srv/shared_leopard_toad/2025/Documents/25.08-01.09.2025/5R/100MEDIA/DSCF0915.JPG,DSCF0915.JPG,5R/100MEDIA,0,Other_Amphibian,0.2991,2247.7,6.5,2487.8,731.5
/srv/shared_leopard_toad/2025/Documents/25.08-01.09.2025/5R/100MEDIA/DSCF0627.JPG,DSCF0627.JPG,5R/100MEDIA,0,Other_Amphibian,0.3682,2246.5,4.6,2489.0,738.8
/srv/shared_leopard_toad/2025/Documents/25.08-01.09.2025/5R/100MEDIA/DSCF0627.JPG,DSCF0627.JPG,5R/100MEDIA,0,Other_Amphibian,0.2332,2244.0,-2.8,2467.8,711.5
/srv/shared_leopard_toad/2025/Documents/25.08-01.09.2025/5R/100MEDIA/DSCF0425.JPG,DSCF0425.JPG,5R/100MEDIA,0,Other_Amphibian,0.4011,2222.7,5.5,2460.3,788.1
/srv/shared_leopard_toad/2025/Documents/25.08-01.09.2025/5R/100MEDIA/DSCF0425.JPG,DSCF0425.JPG,5R/100MEDIA,0,Other_Amphibian,0.2981,2242.9,5.4,2458.5,610.0
/srv/shared_leopard_toad/2025/Documents/25.08-01.09.2025/5R/100MEDIA/DSCF0420.JPG,DSCF0420.JPG,5R/100MEDIA,0,Other_Amphibian,0.3223,2237.6,4.6,2455.9,649.9
/srv/shared_leopard_toad/2025/Documents/25.08-01.09.2025/5R/100MEDIA/DSCF0420.JPG,DSCF0420.JPG,5R/100MEDIA,0,Other_Amphibian,0.2656,2234.1,10.2,2464.6,756.9
/srv/shared_leopard_toad/2025/Documents/25.08-01.09.2025/5R/100MEDIA/DSCF0398.JPG,DSCF0398.JPG,5R/100MEDIA,0,Other_Amphibian,0.4500,2226.9,6.6,2466.6,742.7
/srv/shared_leopard_toad/2025/Documents/25.08-01.09.2025/5R/100MEDIA/DSCF0205.JPG,DSCF0205.JPG,5R/100MEDIA,0,Other_Amphibian,0.2864,2219.9,8.7,2455.2,649.1
/srv/shared_leopard_toad/2025/Documents/25.08-01.09.2025/5R/100MEDIA/DSCF0540.JPG,DSCF0540.JPG,5R/100MEDIA,0,Other_Amphibian,0.3867,2239.8,7.0,2480.0,767.4
/srv/shared_leopard_toad/2025/Documents/25.08-01.09.2025/5R/100MEDIA/DSCF0618.JPG,DSCF0618.JPG,5R/100MEDIA,0,Other_Amphibian,0.2917,2240.0,5.4,2477.1,745.8
/srv/shared_leopard_toad/2025/Documents/25.08-01.09.2025/5R/100MEDIA/DSCF0584.JPG,DSCF0584.JPG,5R/100MEDIA,0,Other_Amphibian,0.3210,2247.9,-3.3,2461.3,694.0
/srv/shared_leopard_toad/2025/Documents/25.08-01.09.2025/5R/100MEDIA/DSCF0584.JPG,DSCF0584.JPG,5R/100MEDIA,0,Other_Amphibian,0.2903,2242.2,3.5,2474.9,724.4
/srv/shared_leopard_toad/2025/Documents/25.08-01.09.2025/5R/100MEDIA/DSCF0263.JPG,DSCF0263.JPG,5R/100MEDIA,0,Other_Amphibian,0.2544,2229.5,11.4,2464.0,747.5
/srv/shared_leopard_toad/2025/Documents/25.08-01.09.2025/5R/100MEDIA/DSCF0263.JPG,DSCF0263.JPG,5R/100MEDIA,0,Other_Amphibian,0.2252,2231.8,3.0,2456.4,666.3
/srv/shared_leopard_toad/2025/Documents/25.08-01.09.2025/5R/100MEDIA/DSCF0586.JPG,DSCF0586.JPG,5R/100MEDIA,0,Other_Amphibian,0.4309,2255.5,2.8,2469.5,622.6
/srv/shared_leopard_toad/2025/Documents/25.08-01.09.2025/5R/100MEDIA/DSCF0349.JPG,DSCF0349.JPG,5R/100MEDIA,0,Other_Amphibian,0.2888,2242.3,6.3,2466.9,632.3
/srv/shared_leopard_toad/2025/Documents/25.08-01.09.2025/5R/100MEDIA/DSCF0555.JPG,DSCF0555.JPG,5R/100MEDIA,0,Other_Amphibian,0.2610,2248.1,-3.3,2463.7,658.9
/srv/shared_leopard_toad/2025/Documents/25.08-01.09.2025/5R/100MEDIA/DSCF0555.JPG,DSCF0555.JPG,5R/100MEDIA,0,Other_Amphibian,0.2338,2241.3,7.8,2478.4,751.2
/srv/shared_leopard_toad/2025/Documents/25.08-01.09.2025/5R/100MEDIA/DSCF0764.JPG,DSCF0764.JPG,5R/100MEDIA,0,Other_Amphibian,0.3088,2255.5,2.8,2482.6,736.3
/srv/shared_leopard_toad/2025/Documents/25.08-01.09.2025/5R/100MEDIA/DSCF0953.JPG,DSCF0953.JPG,5R/100MEDIA,0,Other_Amphibian,0.3989,2234.9,5.5,2500.6,768.2
/srv/shared_leopard_toad/2025/Documents/25.08-01.09.2025/5R/100MEDIA/DSCF0657.JPG,DSCF0657.JPG,5R/100MEDIA,0,Other_Amphibian,0.2593,2251.1,-3.9,2468.6,663.9
/srv/shared_leopard_toad/2025/Documents/25.08-01.09.2025/5R/100MEDIA/DSCF0163.JPG,DSCF0163.JPG,5R/100MEDIA,0,Other_Amphibian,0.2639,2210.0,7.8,2459.9,640.8
/srv/shared_leopard_toad/2025/Documents/25.08-01.09.2025/5R/100MEDIA/DSCF0587.JPG,DSCF0587.JPG,5R/100MEDIA,0,Other_Amphibian,0.2720,2244.5,-5.4,2464.8,699.3
/srv/shared_leopard_toad/2025/Documents/25.08-01.09.2025/5R/100MEDIA/DSCF0587.JPG,DSCF0587.JPG,5R/100MEDIA,0,Other_Amphibian,0.2527,2245.9,3.3,2489.6,728.7
/srv/shared_leopard_toad/2025/Documents/25.08-01.09.2025/5R/100MEDIA/DSCF0711.JPG,DSCF0711.JPG,5R/100MEDIA,0,Other_Amphibian,0.3467,2239.8,5.9,2480.0,761.9
/srv/shared_leopard_toad/2025/Documents/25.08-01.09.2025/5R/100MEDIA/DSCF0563.JPG,DSCF0563.JPG,5R/100MEDIA,0,Other_Amphibian,0.2673,2244.7,8.5,2490.8,725.7
/srv/shared_leopard_toad/2025/Documents/25.08-01.09.2025/5R/100MEDIA/DSCF0563.JPG,DSCF0563.JPG,5R/100MEDIA,0,Other_Amphibian,0.2394,2247.5,-2.2,2461.8,695.1
/srv/shared_leopard_toad/2025/Documents/25.08-01.09.2025/5R/100MEDIA/DSCF0283.JPG,DSCF0283.JPG,5R/100MEDIA,0,Other_Amphibian,0.2390,2226.8,9.6,2471.9,783.3
/srv/shared_leopard_toad/2025/Documents/25.08-01.09.2025/5R/100MEDIA/DSCF0470.JPG,DSCF0470.JPG,5R/100MEDIA,0,Other_Amphibian,0.3074,2247.1,0.0,2462.2,657.8
/srv/shared_leopard_toad/2025/Documents/25.08-01.09.2025/5R/100MEDIA/DSCF0710.JPG,DSCF0710.JPG,5R/100MEDIA,0,Other_Amphibian,0.2615,2250.9,-6.1,2468.8,679.0
/srv/shared_leopard_toad/2025/Documents/25.08-01.09.2025/5R/100MEDIA/DSCF0710.JPG,DSCF0710.JPG,5R/100MEDIA,0,Other_Amphibian,0.2366,2248.6,3.0,2486.9,735.0
/srv/shared_leopard_toad/2025/Documents/25.08-01.09.2025/5R/100MEDIA/DSCF0406.JPG,DSCF0406.JPG,5R/100MEDIA,0,Other_Amphibian,0.2429,2217.8,8.5,2462.6,819.1
/srv/shared_leopard_toad/2025/Documents/25.08-01.09.2025/5R/100MEDIA/DSCF0863.JPG,DSCF0863.JPG,5R/100MEDIA,0,Other_Amphibian,0.2246,2247.8,10.0,2471.9,752.7
/srv/shared_leopard_toad/2025/Documents/25.08-01.09.2025/5R/100MEDIA/DSCF0265.JPG,DSCF0265.JPG,5R/100MEDIA,0,Other_Amphibian,0.2502,2236.6,5.9,2456.9,609.5
/srv/shared_leopard_toad/2025/Documents/25.08-01.09.2025/5R/100MEDIA/DSCF0850.JPG,DSCF0850.JPG,5R/100MEDIA,0,Other_Amphibian,0.2456,2237.1,8.1,2482.7,763.4
/srv/shared_leopard_toad/2025/Documents/25.08-01.09.2025/5R/100MEDIA/DSCF0389.JPG,DSCF0389.JPG,5R/100MEDIA,0,Other_Amphibian,0.4758,2229.5,5.5,2464.0,782.9
/srv/shared_leopard_toad/2025/Documents/25.08-01.09.2025/5R/100MEDIA/DSCF0198.JPG,DSCF0198.JPG,5R/100MEDIA,0,Other_Amphibian,0.2571,2226.2,6.6,2467.3,646.4
/srv/shared_leopard_toad/2025/Documents/25.08-01.09.2025/5R/100MEDIA/DSCF0379.JPG,DSCF0379.JPG,5R/100MEDIA,0,Other_Amphibian,0.4324,2241.4,1.1,2457.3,636.4
/srv/shared_leopard_toad/2025/Documents/25.08-01.09.2025/5R/100MEDIA/DSCF0395.JPG,DSCF0395.JPG,5R/100MEDIA,0,Other_Amphibian,0.2717,2241.4,0.6,2465.2,653.9
/srv/shared_leopard_toad/2025/Documents/25.08-01.09.2025/5R/100MEDIA/DSCF0570.JPG,DSCF0570.JPG,5R/100MEDIA,0,Other_Amphibian,0.4595,2243.6,-0.2,2476.2,688.3
/srv/shared_leopard_toad/2025/Documents/25.08-01.09.2025/5R/100MEDIA/DSCF0570.JPG,DSCF0570.JPG,5R/100MEDIA,0,Other_Amphibian,0.2249,2239.9,3.9,2498.2,707.1
/srv/shared_leopard_toad/2025/Documents/25.08-01.09.2025/5R/100MEDIA/DSCF0785.JPG,DSCF0785.JPG,5R/100MEDIA,0,Other_Amphibian,0.2045,2245.0,7.4,2495.7,778.9
/srv/shared_leopard_toad/2025/Documents/25.08-01.09.2025/5R/100MEDIA/DSCF0999.JPG,DSCF0999.JPG,5R/100MEDIA,0,Other_Amphibian,0.2949,2246.4,6.8,2494.3,732.2
/srv/shared_leopard_toad/2025/Documents/25.08-01.09.2025/5R/100MEDIA/DSCF0999.JPG,DSCF0999.JPG,5R/100MEDIA,0,Other_Amphibian,0.2935,2250.1,-1.8,2485.4,703.2
/srv/shared_leopard_toad/2025/Documents/25.08-01.09.2025/5R/100MEDIA/DSCF0687.JPG,DSCF0687.JPG,5R/100MEDIA,0,Other_Amphibian,0.4067,2231.4,3.0,2475.2,756.7
/srv/shared_leopard_toad/2025/Documents/25.08-01.09.2025/5R/100MEDIA/DSCF0894.JPG,DSCF0894.JPG,5R/100MEDIA,0,Other_Amphibian,0.2081,2250.2,0.2,2474.8,678.3
/srv/shared_leopard_toad/2025/Documents/25.08-01.09.2025/5R/100MEDIA/DSCF0370.JPG,DSCF0370.JPG,5R/100MEDIA,0,Other_Amphibian,0.3191,2241.2,1.5,2452.3,640.5
/srv/shared_leopard_toad/2025/Documents/25.08-01.09.2025/5R/100MEDIA/DSCF0289.JPG,DSCF0289.JPG,5R/100MEDIA,0,Other_Amphibian,0.2815,2225.8,3.3,2457.2,653.4
/srv/shared_leopard_toad/2025/Documents/25.08-01.09.2025/5R/100MEDIA/DSCF0289.JPG,DSCF0289.JPG,5R/100MEDIA,0,Other_Amphibian,0.2198,2224.7,5.4,2463.6,741.4
/srv/shared_leopard_toad/2025/Documents/25.08-01.09.2025/5R/100MEDIA/DSCF0718.JPG,DSCF0718.JPG,5R/100MEDIA,0,Other_Amphibian,0.2988,2256.3,0.0,2479.2,648.6
/srv/shared_leopard_toad/2025/Documents/25.08-01.09.2025/5R/100MEDIA/DSCF0718.JPG,DSCF0718.JPG,5R/100MEDIA,0,Other_Amphibian,0.2211,2249.1,4.4,2491.6,720.2
/srv/shared_leopard_toad/2025/Documents/25.08-01.09.2025/5R/100MEDIA/DSCF0726.JPG,DSCF0726.JPG,5R/100MEDIA,0,Other_Amphibian,0.3621,2245.5,4.8,2479.5,728.7
/srv/shared_leopard_toad/2025/Documents/25.08-01.09.2025/5R/100MEDIA/DSCF0726.JPG,DSCF0726.JPG,5R/100MEDIA,0,Other_Amphibian,0.2310,2247.2,-2.8,2462.0,699.3
/srv/shared_leopard_toad/2025/Documents/25.08-01.09.2025/5R/100MEDIA/DSCF0783.JPG,DSCF0783.JPG,5R/100MEDIA,0,Other_Amphibian,0.2340,2239.9,5.9,2485.1,784.1
/srv/shared_leopard_toad/2025/Documents/25.08-01.09.2025/5R/100MEDIA/DSCF0440.JPG,DSCF0440.JPG,5R/100MEDIA,0,Other_Amphibian,0.3040,2233.2,12.2,2483.9,754.9
/srv/shared_leopard_toad/2025/Documents/25.08-01.09.2025/5R/100MEDIA/DSCF0440.JPG,DSCF0440.JPG,5R/100MEDIA,0,Other_Amphibian,0.2318,2243.9,1.5,2468.0,677.0
/srv/shared_leopard_toad/2025/Documents/25.08-01.09.2025/5R/100MEDIA/DSCF0857.JPG,DSCF0857.JPG,5R/100MEDIA,0,Other_Amphibian,0.2386,2231.3,10.3,2485.8,764.1
/srv/shared_leopard_toad/2025/Documents/25.08-01.09.2025/5R/100MEDIA/DSCF0703.JPG,DSCF0703.JPG,5R/100MEDIA,0,Other_Amphibian,0.5137,2245.3,3.1,2485.0,749.9
/srv/shared_leopard_toad/2025/Documents/25.08-01.09.2025/5R/100MEDIA/DSCF0779.JPG,DSCF0779.JPG,5R/100MEDIA,0,Other_Amphibian,0.2292,2235.5,7.0,2481.6,782.2
/srv/shared_leopard_toad/2025/Documents/25.08-01.09.2025/5R/100MEDIA/DSCF0571.JPG,DSCF0571.JPG,5R/100MEDIA,0,Other_Amphibian,0.4963,2245.9,3.1,2479.1,616.6
/srv/shared_leopard_toad/2025/Documents/25.08-01.09.2025/5R/100MEDIA/DSCF0958.JPG,DSCF0958.JPG,5R/100MEDIA,0,Other_Amphibian,0.3997,2236.9,6.6,2488.1,757.5
/srv/shared_leopard_toad/2025/Documents/25.08-01.09.2025/5R/100MEDIA/DSCF0375.JPG,DSCF0375.JPG,5R/100MEDIA,0,Other_Amphibian,0.3992,2230.9,-0.6,2452.1,661.7
/srv/shared_leopard_toad/2025/Documents/25.08-01.09.2025/5R/100MEDIA/DSCF0929.JPG,DSCF0929.JPG,5R/100MEDIA,0,Other_Amphibian,0.3167,2240.1,5.9,2484.9,759.7
/srv/shared_leopard_toad/2025/Documents/25.08-01.09.2025/5R/100MEDIA/DSCF0337.JPG,DSCF0337.JPG,5R/100MEDIA,0,Other_Amphibian,0.4753,2232.2,2.2,2450.8,641.9
/srv/shared_leopard_toad/2025/Documents/25.08-01.09.2025/5R/100MEDIA/DSCF0639.JPG,DSCF0639.JPG,5R/100MEDIA,0,Other_Amphibian,0.5127,2239.5,3.3,2480.2,768.9
/srv/shared_leopard_toad/2025/Documents/25.08-01.09.2025/5R/100MEDIA/DSCF0972.JPG,DSCF0972.JPG,5R/100MEDIA,0,Other_Amphibian,0.3018,2250.3,4.6,2485.2,752.9
/srv/shared_leopard_toad/2025/Documents/25.08-01.09.2025/5R/100MEDIA/DSCF0316.JPG,DSCF0316.JPG,5R/100MEDIA,0,Other_Amphibian,0.6040,2229.9,4.2,2453.1,624.4
/srv/shared_leopard_toad/2025/Documents/25.08-01.09.2025/5R/100MEDIA/DSCF0275.JPG,DSCF0275.JPG,5R/100MEDIA,0,Other_Amphibian,0.4124,2229.2,2.0,2453.8,649.9
/srv/shared_leopard_toad/2025/Documents/25.08-01.09.2025/5R/100MEDIA/DSCF0245.JPG,DSCF0245.JPG,5R/100MEDIA,0,Other_Amphibian,0.2383,2215.9,8.9,2459.2,815.1
/srv/shared_leopard_toad/2025/Documents/25.08-01.09.2025/5R/100MEDIA/DSCF0603.JPG,DSCF0603.JPG,5R/100MEDIA,0,Other_Amphibian,0.4114,2251.6,1.8,2483.9,632.3
/srv/shared_leopard_toad/2025/Documents/25.08-01.09.2025/5R/100MEDIA/DSCF0492.JPG,DSCF0492.JPG,5R/100MEDIA,0,Other_Amphibian,0.3750,2240.6,-0.6,2452.9,645.8
/srv/shared_leopard_toad/2025/Documents/25.08-01.09.2025/5R/100MEDIA/DSCF0492.JPG,DSCF0492.JPG,5R/100MEDIA,0,Other_Amphibian,0.3613,2241.3,4.6,2465.4,752.9
/srv/shared_leopard_toad/2025/Documents/25.08-01.09.2025/5R/100MEDIA/DSCF0530.JPG,DSCF0530.JPG,5R/100MEDIA,0,Other_Amphibian,0.4097,2243.6,-1.7,2476.2,668.7
/srv/shared_leopard_toad/2025/Documents/25.08-01.09.2025/5R/100MEDIA/DSCF0530.JPG,DSCF0530.JPG,5R/100MEDIA,0,Other_Amphibian,0.2150,2240.7,3.1,2489.6,725.9
/srv/shared_leopard_toad/2025/Documents/25.08-01.09.2025/5R/100MEDIA/DSCF0654.JPG,DSCF0654.JPG,5R/100MEDIA,0,Other_Amphibian,0.2605,2250.9,-2.6,2463.6,658.2
/srv/shared_leopard_toad/2025/Documents/25.08-01.09.2025/5R/100MEDIA/DSCF0654.JPG,DSCF0654.JPG,5R/100MEDIA,0,Other_Amphibian,0.2437,2245.0,5.5,2480.0,741.2
/srv/shared_leopard_toad/2025/Documents/25.08-01.09.2025/5R/100MEDIA/DSCF0521.JPG,DSCF0521.JPG,5R/100MEDIA,0,Other_Amphibian,0.3125,2242.4,-3.9,2456.3,673.1
/srv/shared_leopard_toad/2025/Documents/25.08-01.09.2025/5R/100MEDIA/DSCF0521.JPG,DSCF0521.JPG,5R/100MEDIA,0,Other_Amphibian,0.2756,2240.8,5.9,2471.0,745.3
/srv/shared_leopard_toad/2025/Documents/25.08-01.09.2025/5R/100MEDIA/DSCF0457.JPG,DSCF0457.JPG,5R/100MEDIA,0,Other_Amphibian,0.3240,2246.8,-2.6,2462.4,659.3
/srv/shared_leopard_toad/2025/Documents/25.08-01.09.2025/5R/100MEDIA/DSCF0457.JPG,DSCF0457.JPG,5R/100MEDIA,0,Other_Amphibian,0.2827,2239.1,5.9,2478.0,746.0
/srv/shared_leopard_toad/2025/Documents/25.08-01.09.2025/5R/100MEDIA/DSCF0971.JPG,DSCF0971.JPG,5R/100MEDIA,0,Other_Amphibian,0.2368,2246.7,10.0,2494.1,766.0
/srv/shared_leopard_toad/2025/Documents/25.08-01.09.2025/5R/100MEDIA/DSCF0456.JPG,DSCF0456.JPG,5R/100MEDIA,0,Other_Amphibian,0.5293,2219.2,5.5,2469.1,782.2
/srv/shared_leopard_toad/2025/Documents/25.08-01.09.2025/5R/100MEDIA/DSCF0954.JPG,DSCF0954.JPG,5R/100MEDIA,0,Other_Amphibian,0.2903,2248.1,6.1,2497.9,745.1
/srv/shared_leopard_toad/2025/Documents/25.08-01.09.2025/5R/100MEDIA/DSCF0799.JPG,DSCF0799.JPG,5R/100MEDIA,0,Other_Amphibian,0.3560,2245.4,5.9,2490.1,782.6
/srv/shared_leopard_toad/2025/Documents/25.08-01.09.2025/5R/100MEDIA/DSCF0249.JPG,DSCF0249.JPG,5R/100MEDIA,0,Other_Amphibian,0.3691,2237.0,5.0,2451.3,644.7
/srv/shared_leopard_toad/2025/Documents/25.08-01.09.2025/5R/100MEDIA/DSCF0355.JPG,DSCF0355.JPG,5R/100MEDIA,0,Other_Amphibian,0.4163,2226.4,4.1,2467.1,774.8
/srv/shared_leopard_toad/2025/Documents/25.08-01.09.2025/5R/100MEDIA/DSCF0355.JPG,DSCF0355.JPG,5R/100MEDIA,0,Other_Amphibian,0.2588,2234.4,-4.1,2459.1,694.7
/srv/shared_leopard_toad/2025/Documents/25.08-01.09.2025/5R/100MEDIA/DSCF0682.JPG,DSCF0682.JPG,5R/100MEDIA,0,Other_Amphibian,0.3223,2241.3,5.9,2483.7,759.7
/srv/shared_leopard_toad/2025/Documents/25.08-01.09.2025/5R/100MEDIA/DSCF0535.JPG,DSCF0535.JPG,5R/100MEDIA,0,Other_Amphibian,0.2646,2255.5,1.1,2464.2,624.2
/srv/shared_leopard_toad/2025/Documents/25.08-01.09.2025/5R/100MEDIA/DSCF0285.JPG,DSCF0285.JPG,5R/100MEDIA,0,Other_Amphibian,0.2134,2235.4,0.4,2447.6,658.5
/srv/shared_leopard_toad/2025/Documents/25.08-01.09.2025/5R/100MEDIA/DSCF0756.JPG,DSCF0756.JPG,5R/100MEDIA,0,Other_Amphibian,0.2238,2227.9,5.2,2473.5,790.7
/srv/shared_leopard_toad/2025/Documents/25.08-01.09.2025/5R/100MEDIA/DSCF0199.JPG,DSCF0199.JPG,5R/100MEDIA,0,Other_Amphibian,0.2257,2222.4,11.8,2476.4,762.6
/srv/shared_leopard_toad/2025/Documents/25.08-01.09.2025/5R/100MEDIA/DSCF0517.JPG,DSCF0517.JPG,5R/100MEDIA,0,Other_Amphibian,0.4724,2242.1,-0.7,2464.5,699.5
/srv/shared_leopard_toad/2025/Documents/25.08-01.09.2025/5R/100MEDIA/DSCF0517.JPG,DSCF0517.JPG,5R/100MEDIA,0,Other_Amphibian,0.3162,2237.2,5.7,2477.3,722.6
/srv/shared_leopard_toad/2025/Documents/25.08-01.09.2025/5R/100MEDIA/DSCF0281.JPG,DSCF0281.JPG,5R/100MEDIA,0,Other_Amphibian,0.3879,2239.6,2.4,2453.9,671.7
/srv/shared_leopard_toad/2025/Documents/25.08-01.09.2025/5R/100MEDIA/DSCF0281.JPG,DSCF0281.JPG,5R/100MEDIA,0,Other_Amphibian,0.2356,2226.2,8.5,2467.3,708.8
/srv/shared_leopard_toad/2025/Documents/25.08-01.09.2025/5R/100MEDIA/DSCF0614.JPG,DSCF0614.JPG,5R/100MEDIA,0,Other_Amphibian,0.3208,2240.0,10.3,2495.5,778.9
/srv/shared_leopard_toad/2025/Documents/25.08-01.09.2025/5R/100MEDIA/DSCF0674.JPG,DSCF0674.JPG,5R/100MEDIA,0,Other_Amphibian,0.3250,2249.4,3.0,2491.4,764.9
/srv/shared_leopard_toad/2025/Documents/25.08-01.09.2025/5R/100MEDIA/DSCF0597.JPG,DSCF0597.JPG,5R/100MEDIA,0,Other_Amphibian,0.3340,2231.2,6.3,2470.1,777.0
/srv/shared_leopard_toad/2025/Documents/25.08-01.09.2025/5R/100MEDIA/DSCF0715.JPG,DSCF0715.JPG,5R/100MEDIA,0,Other_Amphibian,0.2749,2242.4,5.2,2482.6,755.3
/srv/shared_leopard_toad/2025/Documents/25.08-01.09.2025/5R/100MEDIA/DSCF0364.JPG,DSCF0364.JPG,5R/100MEDIA,0,Other_Amphibian,0.4561,2227.6,2.8,2455.4,628.1
/srv/shared_leopard_toad/2025/Documents/25.08-01.09.2025/5R/100MEDIA/DSCF0673.JPG,DSCF0673.JPG,5R/100MEDIA,0,Other_Amphibian,0.4624,2246.2,2.0,2478.8,612.2
/srv/shared_leopard_toad/2025/Documents/25.08-01.09.2025/5R/100MEDIA/DSCF0255.JPG,DSCF0255.JPG,5R/100MEDIA,0,Other_Amphibian,0.3896,2236.3,3.0,2457.2,672.2
/srv/shared_leopard_toad/2025/Documents/25.08-01.09.2025/5R/100MEDIA/DSCF0477.JPG,DSCF0477.JPG,5R/100MEDIA,0,Other_Amphibian,0.2986,2237.2,1.1,2456.3,664.8
/srv/shared_leopard_toad/2025/Documents/25.08-01.09.2025/5R/100MEDIA/DSCF0166.JPG,DSCF0166.JPG,5R/100MEDIA,0,Other_Amphibian,0.2189,2218.0,4.4,2465.0,669.6
/srv/shared_leopard_toad/2025/Documents/25.08-01.09.2025/5R/100MEDIA/DSCF0441.JPG,DSCF0441.JPG,5R/100MEDIA,0,Other_Amphibian,0.3401,2233.7,6.3,2465.0,765.2
/srv/shared_leopard_toad/2025/Documents/25.08-01.09.2025/5R/100MEDIA/DSCF0441.JPG,DSCF0441.JPG,5R/100MEDIA,0,Other_Amphibian,0.2440,2242.4,-4.1,2451.1,689.9
/srv/shared_leopard_toad/2025/Documents/25.08-01.09.2025/5R/100MEDIA/DSCF0810.JPG,DSCF0810.JPG,5R/100MEDIA,0,Other_Amphibian,0.2603,2236.5,8.9,2470.1,765.6
/srv/shared_leopard_toad/2025/Documents/25.08-01.09.2025/5R/100MEDIA/DSCF0976.JPG,DSCF0976.JPG,5R/100MEDIA,0,Other_Amphibian,0.3438,2253.3,7.4,2492.7,754.5
/srv/shared_leopard_toad/2025/Documents/25.08-01.09.2025/5R/100MEDIA/DSCF0814.JPG,DSCF0814.JPG,5R/100MEDIA,0,Other_Amphibian,0.2583,2245.0,6.1,2474.7,730.0
/srv/shared_leopard_toad/2025/Documents/25.08-01.09.2025/5R/100MEDIA/DSCF0698.JPG,DSCF0698.JPG,5R/100MEDIA,0,Other_Amphibian,0.3745,2250.9,0.7,2468.8,616.8
/srv/shared_leopard_toad/2025/Documents/25.08-01.09.2025/5R/100MEDIA/DSCF0475.JPG,DSCF0475.JPG,5R/100MEDIA,0,Other_Amphibian,0.2012,2238.7,10.5,2475.8,742.5
/srv/shared_leopard_toad/2025/Documents/25.08-01.09.2025/5R/100MEDIA/DSCF0219.JPG,DSCF0219.JPG,5R/100MEDIA,0,Other_Amphibian,0.3667,2226.2,4.4,2454.1,663.7
/srv/shared_leopard_toad/2025/Documents/25.08-01.09.2025/5R/100MEDIA/DSCF0480.JPG,DSCF0480.JPG,5R/100MEDIA,0,Other_Amphibian,0.3887,2233.3,-3.1,2449.7,705.6
/srv/shared_leopard_toad/2025/Documents/25.08-01.09.2025/5R/100MEDIA/DSCF0480.JPG,DSCF0480.JPG,5R/100MEDIA,0,Other_Amphibian,0.2754,2229.8,4.1,2463.7,733.9
/srv/shared_leopard_toad/2025/Documents/25.08-01.09.2025/5R/100MEDIA/DSCF0330.JPG,DSCF0330.JPG,5R/100MEDIA,0,Other_Amphibian,0.4453,2216.1,5.5,2461.7,795.5
/srv/shared_leopard_toad/2025/Documents/25.08-01.09.2025/5R/100MEDIA/DSCF0428.JPG,DSCF0428.JPG,5R/100MEDIA,0,Other_Amphibian,0.3345,2233.2,-2.2,2460.3,690.3
/srv/shared_leopard_toad/2025/Documents/25.08-01.09.2025/5R/100MEDIA/DSCF0428.JPG,DSCF0428.JPG,5R/100MEDIA,0,Other_Amphibian,0.3313,2227.9,5.5,2473.5,764.5
/srv/shared_leopard_toad/2025/Documents/25.08-01.09.2025/5R/100MEDIA/DSCF0749.JPG,DSCF0749.JPG,5R/100MEDIA,0,Other_Amphibian,0.2632,2256.8,1.8,2473.5,635.7
/srv/shared_leopard_toad/2025/Documents/25.08-01.09.2025/5R/100MEDIA/DSCF0684.JPG,DSCF0684.JPG,5R/100MEDIA,0,Other_Amphibian,0.4026,2241.0,3.7,2484.0,773.7
/srv/shared_leopard_toad/2025/Documents/25.08-01.09.2025/5R/100MEDIA/DSCF0546.JPG,DSCF0546.JPG,5R/100MEDIA,0,Other_Amphibian,0.3916,2230.8,6.3,2475.9,780.0
/srv/shared_leopard_toad/2025/Documents/25.08-01.09.2025/5R/100MEDIA/DSCF0177.JPG,DSCF0177.JPG,5R/100MEDIA,0,Other_Amphibian,0.2903,2215.2,7.9,2467.8,634.0
/srv/shared_leopard_toad/2025/Documents/25.08-01.09.2025/5R/100MEDIA/DSCF0296.JPG,DSCF0296.JPG,5R/100MEDIA,0,Other_Amphibian,0.3770,2232.6,1.8,2460.9,650.1
/srv/shared_leopard_toad/2025/Documents/25.08-01.09.2025/5R/100MEDIA/DSCF0296.JPG,DSCF0296.JPG,5R/100MEDIA,0,Other_Amphibian,0.2384,2227.1,5.7,2466.4,746.2
/srv/shared_leopard_toad/2025/Documents/25.08-01.09.2025/5R/100MEDIA/DSCF0427.JPG,DSCF0427.JPG,5R/100MEDIA,0,Other_Amphibian,0.4392,2233.7,0.2,2465.0,662.1
/srv/shared_leopard_toad/2025/Documents/25.08-01.09.2025/5R/100MEDIA/DSCF0427.JPG,DSCF0427.JPG,5R/100MEDIA,0,Other_Amphibian,0.2473,2225.8,5.7,2467.7,733.3
/srv/shared_leopard_toad/2025/Documents/25.08-01.09.2025/5R/100MEDIA/DSCF0743.JPG,DSCF0743.JPG,5R/100MEDIA,0,Other_Amphibian,0.4954,2234.7,3.9,2477.2,755.8
/srv/shared_leopard_toad/2025/Documents/25.08-01.09.2025/5R/100MEDIA/DSCF0437.JPG,DSCF0437.JPG,5R/100MEDIA,0,Other_Amphibian,0.5767,2219.2,6.6,2461.2,786.3
/srv/shared_leopard_toad/2025/Documents/25.08-01.09.2025/5R/100MEDIA/DSCF0694.JPG,DSCF0694.JPG,5R/100MEDIA,0,Other_Amphibian,0.4558,2245.5,2.8,2479.5,747.3
/srv/shared_leopard_toad/2025/Documents/25.08-01.09.2025/5R/100MEDIA/DSCF0969.JPG,DSCF0969.JPG,5R/100MEDIA,0,Other_Amphibian,0.3145,2242.4,5.5,2493.1,774.1
/srv/shared_leopard_toad/2025/Documents/25.08-01.09.2025/5R/100MEDIA/DSCF0598.JPG,DSCF0598.JPG,5R/100MEDIA,0,Other_Amphibian,0.2666,2252.5,0.0,2467.3,636.4
/srv/shared_leopard_toad/2025/Documents/25.08-01.09.2025/5R/100MEDIA/DSCF0905.JPG,DSCF0905.JPG,5R/100MEDIA,0,Other_Amphibian,0.2520,2237.6,6.6,2487.4,792.2
/srv/shared_leopard_toad/2025/Documents/25.08-01.09.2025/5R/100MEDIA/DSCF0306.JPG,DSCF0306.JPG,5R/100MEDIA,0,Other_Amphibian,0.4395,2231.2,-1.1,2457.1,682.2
/srv/shared_leopard_toad/2025/Documents/25.08-01.09.2025/5R/100MEDIA/DSCF0306.JPG,DSCF0306.JPG,5R/100MEDIA,0,Other_Amphibian,0.2690,2220.2,6.6,2473.3,718.0
/srv/shared_leopard_toad/2025/Documents/25.08-01.09.2025/5R/100MEDIA/DSCF0473.JPG,DSCF0473.JPG,5R/100MEDIA,0,Other_Amphibian,0.3916,2243.6,-2.6,2463.1,687.0
/srv/shared_leopard_toad/2025/Documents/25.08-01.09.2025/5R/100MEDIA/DSCF0473.JPG,DSCF0473.JPG,5R/100MEDIA,0,Other_Amphibian,0.2346,2235.0,4.6,2471.6,729.6
/srv/shared_leopard_toad/2025/Documents/25.08-01.09.2025/5R/100MEDIA/DSCF0176.JPG,DSCF0176.JPG,5R/100MEDIA,0,Other_Amphibian,0.3931,2215.2,7.9,2467.8,607.4
/srv/shared_leopard_toad/2025/Documents/25.08-01.09.2025/5R/100MEDIA/DSCF0932.JPG,DSCF0932.JPG,5R/100MEDIA,0,Other_Amphibian,0.3228,2244.0,5.9,2481.0,735.7
/srv/shared_leopard_toad/2025/Documents/25.08-01.09.2025/5R/100MEDIA/DSCF0498.JPG,DSCF0498.JPG,5R/100MEDIA,0,Other_Amphibian,0.3455,2237.4,-0.7,2471.8,673.7
/srv/shared_leopard_toad/2025/Documents/25.08-01.09.2025/5R/100MEDIA/DSCF0212.JPG,DSCF0212.JPG,5R/100MEDIA,0,Other_Amphibian,0.2825,2225.6,10.0,2457.4,616.5
/srv/shared_leopard_toad/2025/Documents/25.08-01.09.2025/5R/100MEDIA/DSCF0928.JPG,DSCF0928.JPG,5R/100MEDIA,0,Other_Amphibian,0.2544,2239.5,8.7,2485.5,760.6
/srv/shared_leopard_toad/2025/Documents/25.08-01.09.2025/5R/100MEDIA/DSCF0770.JPG,DSCF0770.JPG,5R/100MEDIA,0,Other_Amphibian,0.2825,2250.0,6.1,2475.0,749.5
/srv/shared_leopard_toad/2025/Documents/25.08-01.09.2025/5R/100MEDIA/DSCF0413.JPG,DSCF0413.JPG,5R/100MEDIA,0,Other_Amphibian,0.3872,2227.1,6.8,2482.1,761.0
/srv/shared_leopard_toad/2025/Documents/25.08-01.09.2025/5R/100MEDIA/DSCF0438.JPG,DSCF0438.JPG,5R/100MEDIA,0,Other_Amphibian,0.4873,2237.6,-1.1,2455.9,671.5
/srv/shared_leopard_toad/2025/Documents/25.08-01.09.2025/5R/100MEDIA/DSCF0453.JPG,DSCF0453.JPG,5R/100MEDIA,0,Other_Amphibian,0.5391,2238.7,3.9,2470.5,608.5
/srv/shared_leopard_toad/2025/Documents/25.08-01.09.2025/5R/100MEDIA/DSCF0291.JPG,DSCF0291.JPG,5R/100MEDIA,0,Other_Amphibian,0.4360,2232.7,-0.4,2450.3,646.7
/srv/shared_leopard_toad/2025/Documents/25.08-01.09.2025/5R/100MEDIA/DSCF0291.JPG,DSCF0291.JPG,5R/100MEDIA,0,Other_Amphibian,0.2773,2224.7,4.1,2458.3,754.2
/srv/shared_leopard_toad/2025/Documents/25.08-01.09.2025/5R/100MEDIA/DSCF0397.JPG,DSCF0397.JPG,5R/100MEDIA,0,Other_Amphibian,0.4412,2240.5,4.6,2463.5,626.2
/srv/shared_leopard_toad/2025/Documents/25.08-01.09.2025/5R/100MEDIA/DSCF0334.JPG,DSCF0334.JPG,5R/100MEDIA,0,Other_Amphibian,0.3374,2240.6,0.0,2466.0,664.8
/srv/shared_leopard_toad/2025/Documents/25.08-01.09.2025/5R/100MEDIA/DSCF0334.JPG,DSCF0334.JPG,5R/100MEDIA,0,Other_Amphibian,0.2546,2229.9,7.8,2479.3,749.0
/srv/shared_leopard_toad/2025/Documents/25.08-01.09.2025/5R/100MEDIA/DSCF0481.JPG,DSCF0481.JPG,5R/100MEDIA,0,Other_Amphibian,0.4768,2245.0,-1.5,2459.0,664.8
/srv/shared_leopard_toad/2025/Documents/25.08-01.09.2025/5R/100MEDIA/DSCF0815.JPG,DSCF0815.JPG,5R/100MEDIA,0,Other_Amphibian,0.2817,2245.0,4.1,2480.0,757.8
/srv/shared_leopard_toad/2025/Documents/25.08-01.09.2025/5R/100MEDIA/DSCF0300.JPG,DSCF0300.JPG,5R/100MEDIA,0,Other_Amphibian,0.4561,2232.2,3.9,2461.3,637.0
/srv/shared_leopard_toad/2025/Documents/25.08-01.09.2025/5R/100MEDIA/DSCF0696.JPG,DSCF0696.JPG,5R/100MEDIA,0,Other_Amphibian,0.3147,2238.5,3.7,2473.4,785.5
/srv/shared_leopard_toad/2025/Documents/25.08-01.09.2025/5R/100MEDIA/DSCF0946.JPG,DSCF0946.JPG,5R/100MEDIA,0,Other_Amphibian,0.3923,2237.3,6.3,2482.4,780.0
/srv/shared_leopard_toad/2025/Documents/25.08-01.09.2025/5R/100MEDIA/DSCF0569.JPG,DSCF0569.JPG,5R/100MEDIA,0,Other_Amphibian,0.2438,2250.6,-1.7,2458.6,660.6
/srv/shared_leopard_toad/2025/Documents/25.08-01.09.2025/5R/100MEDIA/DSCF0974.JPG,DSCF0974.JPG,5R/100MEDIA,0,Other_Amphibian,0.2861,2242.7,5.9,2482.3,756.7
/srv/shared_leopard_toad/2025/Documents/25.08-01.09.2025/5R/100MEDIA/DSCF0204.JPG,DSCF0204.JPG,5R/100MEDIA,0,Other_Amphibian,0.3352,2220.1,9.0,2457.7,635.1
/srv/shared_leopard_toad/2025/Documents/25.08-01.09.2025/5R/100MEDIA/DSCF0831.JPG,DSCF0831.JPG,5R/100MEDIA,0,Other_Amphibian,0.3157,2241.3,7.4,2483.7,768.6
/srv/shared_leopard_toad/2025/Documents/25.08-01.09.2025/5R/100MEDIA/DSCF0294.JPG,DSCF0294.JPG,5R/100MEDIA,0,Other_Amphibian,0.4048,2237.4,2.6,2456.1,601.0
/srv/shared_leopard_toad/2025/Documents/25.08-01.09.2025/5R/100MEDIA/DSCF0276.JPG,DSCF0276.JPG,5R/100MEDIA,0,Other_Amphibian,0.2686,2225.3,9.0,2468.2,742.2
/srv/shared_leopard_toad/2025/Documents/25.08-01.09.2025/5R/100MEDIA/DSCF0415.JPG,DSCF0415.JPG,5R/100MEDIA,0,Other_Amphibian,0.4600,2236.7,3.9,2462.1,639.2
/srv/shared_leopard_toad/2025/Documents/25.08-01.09.2025/5R/100MEDIA/DSCF0771.JPG,DSCF0771.JPG,5R/100MEDIA,0,Other_Amphibian,0.3833,2240.9,7.0,2489.3,786.6
/srv/shared_leopard_toad/2025/Documents/25.08-01.09.2025/5R/100MEDIA/DSCF0977.JPG,DSCF0977.JPG,5R/100MEDIA,0,Other_Amphibian,0.3594,2241.0,4.4,2484.0,773.0
/srv/shared_leopard_toad/2025/Documents/25.08-01.09.2025/5R/100MEDIA/DSCF0806.JPG,DSCF0806.JPG,5R/100MEDIA,0,Other_Amphibian,0.2917,2239.8,5.4,2477.3,730.7
/srv/shared_leopard_toad/2025/Documents/25.08-01.09.2025/5R/100MEDIA/DSCF0552.JPG,DSCF0552.JPG,5R/100MEDIA,0,Other_Amphibian,0.5557,2236.5,4.4,2467.5,761.2
/srv/shared_leopard_toad/2025/Documents/25.08-01.09.2025/5R/100MEDIA/DSCF0179.JPG,DSCF0179.JPG,5R/100MEDIA,0,Other_Amphibian,0.2294,2216.9,16.2,2476.6,782.6
/srv/shared_leopard_toad/2025/Documents/25.08-01.09.2025/5R/100MEDIA/DSCF0575.JPG,DSCF0575.JPG,5R/100MEDIA,0,Other_Amphibian,0.2211,2245.3,5.7,2479.7,737.7
/srv/shared_leopard_toad/2025/Documents/25.08-01.09.2025/5R/100MEDIA/DSCF0575.JPG,DSCF0575.JPG,5R/100MEDIA,0,Other_Amphibian,0.2200,2246.8,-4.6,2459.9,669.4
/srv/shared_leopard_toad/2025/Documents/25.08-01.09.2025/5R/100MEDIA/DSCF0160.JPG,DSCF0160.JPG,5R/100MEDIA,0,Other_Amphibian,0.3840,2211.7,7.0,2463.4,788.9
/srv/shared_leopard_toad/2025/Documents/25.08-01.09.2025/5R/100MEDIA/DSCF0818.JPG,DSCF0818.JPG,5R/100MEDIA,0,Other_Amphibian,0.2289,2247.7,11.1,2487.8,761.2
/srv/shared_leopard_toad/2025/Documents/25.08-01.09.2025/5R/100MEDIA/DSCF0583.JPG,DSCF0583.JPG,5R/100MEDIA,0,Other_Amphibian,0.3486,2245.9,-2.4,2465.9,696.4
/srv/shared_leopard_toad/2025/Documents/25.08-01.09.2025/5R/100MEDIA/DSCF0583.JPG,DSCF0583.JPG,5R/100MEDIA,0,Other_Amphibian,0.2426,2241.9,5.2,2483.1,733.9
/srv/shared_leopard_toad/2025/Documents/25.08-01.09.2025/5R/100MEDIA/DSCF0452.JPG,DSCF0452.JPG,5R/100MEDIA,0,Other_Amphibian,0.2935,2242.4,2.4,2469.5,629.6
/srv/shared_leopard_toad/2025/Documents/25.08-01.09.2025/5R/100MEDIA/DSCF0952.JPG,DSCF0952.JPG,5R/100MEDIA,0,Other_Amphibian,0.2944,2251.8,5.9,2486.3,746.0
/srv/shared_leopard_toad/2025/Documents/25.08-01.09.2025/5R/100MEDIA/DSCF0172.JPG,DSCF0172.JPG,5R/100MEDIA,0,Other_Amphibian,0.2445,2220.8,8.1,2462.2,646.4
/srv/shared_leopard_toad/2025/Documents/25.08-01.09.2025/5R/100MEDIA/DSCF0257.JPG,DSCF0257.JPG,5R/100MEDIA,0,Other_Amphibian,0.5400,2223.4,4.6,2457.0,649.9
/srv/shared_leopard_toad/2025/Documents/25.08-01.09.2025/5R/100MEDIA/DSCF0382.JPG,DSCF0382.JPG,5R/100MEDIA,0,Other_Amphibian,0.4539,2233.8,0.9,2459.7,642.1
/srv/shared_leopard_toad/2025/Documents/25.08-01.09.2025/5R/100MEDIA/DSCF0467.JPG,DSCF0467.JPG,5R/100MEDIA,0,Other_Amphibian,0.2460,2233.7,12.9,2467.7,741.6
/srv/shared_leopard_toad/2025/Documents/25.08-01.09.2025/5R/100MEDIA/DSCF0162.JPG,DSCF0162.JPG,5R/100MEDIA,0,Other_Amphibian,0.3989,2225.8,3.5,2462.4,600.0
/srv/shared_leopard_toad/2025/Documents/25.08-01.09.2025/5R/100MEDIA/DSCF0274.JPG,DSCF0274.JPG,5R/100MEDIA,0,Other_Amphibian,0.3684,2235.5,5.9,2458.0,613.9
/srv/shared_leopard_toad/2025/Documents/25.08-01.09.2025/5R/100MEDIA/DSCF0259.JPG,DSCF0259.JPG,5R/100MEDIA,0,Other_Amphibian,0.2625,2236.3,6.8,2457.2,621.8
/srv/shared_leopard_toad/2025/Documents/25.08-01.09.2025/5R/100MEDIA/DSCF0797.JPG,DSCF0797.JPG,5R/100MEDIA,0,Other_Amphibian,0.2175,2248.3,-4.1,2466.2,671.1
/srv/shared_leopard_toad/2025/Documents/25.08-01.09.2025/5R/100MEDIA/DSCF0665.JPG,DSCF0665.JPG,5R/100MEDIA,0,Other_Amphibian,0.3760,2248.1,-4.2,2476.9,681.6
/srv/shared_leopard_toad/2025/Documents/25.08-01.09.2025/5R/100MEDIA/DSCF0630.JPG,DSCF0630.JPG,5R/100MEDIA,0,Other_Amphibian,0.2172,2249.8,-1.3,2467.3,669.4
/srv/shared_leopard_toad/2025/Documents/25.08-01.09.2025/5R/100MEDIA/DSCF0776.JPG,DSCF0776.JPG,5R/100MEDIA,0,Other_Amphibian,0.3276,2237.6,5.5,2476.9,782.2
/srv/shared_leopard_toad/2025/Documents/25.08-01.09.2025/5R/100MEDIA/DSCF0957.JPG,DSCF0957.JPG,5R/100MEDIA,0,Other_Amphibian,0.2338,2249.0,7.2,2486.5,748.4
/srv/shared_leopard_toad/2025/Documents/25.08-01.09.2025/5R/100MEDIA/DSCF0557.JPG,DSCF0557.JPG,5R/100MEDIA,0,Other_Amphibian,0.3293,2247.5,-3.0,2453.9,701.7
/srv/shared_leopard_toad/2025/Documents/25.08-01.09.2025/5R/100MEDIA/DSCF0557.JPG,DSCF0557.JPG,5R/100MEDIA,0,Other_Amphibian,0.2847,2247.7,4.2,2469.4,721.5
/srv/shared_leopard_toad/2025/Documents/25.08-01.09.2025/5R/100MEDIA/DSCF0766.JPG,DSCF0766.JPG,5R/100MEDIA,0,Other_Amphibian,0.3469,2250.6,0.4,2474.4,671.1
/srv/shared_leopard_toad/2025/Documents/25.08-01.09.2025/5R/100MEDIA/DSCF0496.JPG,DSCF0496.JPG,5R/100MEDIA,0,Other_Amphibian,0.3279,2227.3,4.8,2466.2,785.2
/srv/shared_leopard_toad/2025/Documents/25.08-01.09.2025/5R/100MEDIA/DSCF0269.JPG,DSCF0269.JPG,5R/100MEDIA,0,Other_Amphibian,0.3169,2214.8,8.9,2473.5,777.4
/srv/shared_leopard_toad/2025/Documents/25.08-01.09.2025/5R/100MEDIA/DSCF0434.JPG,DSCF0434.JPG,5R/100MEDIA,0,Other_Amphibian,0.3562,2244.0,3.3,2465.2,638.6
/srv/shared_leopard_toad/2025/Documents/25.08-01.09.2025/5R/100MEDIA/DSCF0434.JPG,DSCF0434.JPG,5R/100MEDIA,0,Other_Amphibian,0.2725,2236.3,9.6,2475.6,754.5
/srv/shared_leopard_toad/2025/Documents/25.08-01.09.2025/5R/100MEDIA/DSCF0159.JPG,DSCF0159.JPG,5R/100MEDIA,0,Other_Amphibian,0.2283,2214.9,14.4,2468.1,759.3
/srv/shared_leopard_toad/2025/Documents/25.08-01.09.2025/5R/100MEDIA/DSCF0313.JPG,DSCF0313.JPG,5R/100MEDIA,0,Other_Amphibian,0.4954,2224.9,3.9,2458.1,605.2
/srv/shared_leopard_toad/2025/Documents/25.08-01.09.2025/5R/100MEDIA/DSCF0297.JPG,DSCF0297.JPG,5R/100MEDIA,0,Other_Amphibian,0.2346,2231.8,4.6,2456.4,634.0
/srv/shared_leopard_toad/2025/Documents/25.08-01.09.2025/5R/100MEDIA/DSCF0424.JPG,DSCF0424.JPG,5R/100MEDIA,0,Other_Amphibian,0.3606,2243.1,0.6,2463.5,657.3
/srv/shared_leopard_toad/2025/Documents/25.08-01.09.2025/5R/100MEDIA/DSCF0424.JPG,DSCF0424.JPG,5R/100MEDIA,0,Other_Amphibian,0.3086,2228.9,5.0,2464.6,745.1
/srv/shared_leopard_toad/2025/Documents/25.08-01.09.2025/5R/100MEDIA/DSCF0170.JPG,DSCF0170.JPG,5R/100MEDIA,0,Other_Amphibian,0.2600,2878.7,1846.4,2990.8,1974.9
/srv/shared_leopard_toad/2025/Documents/25.08-01.09.2025/5R/100MEDIA/DSCF0170.JPG,DSCF0170.JPG,5R/100MEDIA,0,Other_Amphibian,0.2001,2220.3,4.6,2457.4,638.4
/srv/shared_leopard_toad/2025/Documents/25.08-01.09.2025/5R/100MEDIA/DSCF0352.JPG,DSCF0352.JPG,5R/100MEDIA,0,Other_Amphibian,0.5073,2232.9,1.8,2455.4,648.9
/srv/shared_leopard_toad/2025/Documents/25.08-01.09.2025/5R/100MEDIA/DSCF0793.JPG,DSCF0793.JPG,5R/100MEDIA,0,Other_Amphibian,0.2605,2246.8,4.4,2488.7,775.2
/srv/shared_leopard_toad/2025/Documents/25.08-01.09.2025/5R/100MEDIA/DSCF0879.JPG,DSCF0879.JPG,5R/100MEDIA,0,Other_Amphibian,0.2766,2244.4,8.1,2493.8,747.1
/srv/shared_leopard_toad/2025/Documents/25.08-01.09.2025/5R/100MEDIA/DSCF0646.JPG,DSCF0646.JPG,5R/100MEDIA,0,Other_Amphibian,0.3560,2249.8,0.7,2475.2,657.1
/srv/shared_leopard_toad/2025/Documents/25.08-01.09.2025/5R/100MEDIA/DSCF0859.JPG,DSCF0859.JPG,5R/100MEDIA,0,Other_Amphibian,0.2888,2244.2,7.2,2480.8,748.4
/srv/shared_leopard_toad/2025/Documents/25.08-01.09.2025/5R/100MEDIA/DSCF0547.JPG,DSCF0547.JPG,5R/100MEDIA,0,Other_Amphibian,0.2037,2233.2,8.1,2468.2,764.1
/srv/shared_leopard_toad/2025/Documents/25.08-01.09.2025/5R/100MEDIA/DSCF0321.JPG,DSCF0321.JPG,5R/100MEDIA,0,Other_Amphibian,0.5430,2235.7,2.6,2457.8,621.6
/srv/shared_leopard_toad/2025/Documents/25.08-01.09.2025/5R/100MEDIA/DSCF0919.JPG,DSCF0919.JPG,5R/100MEDIA,0,Other_Amphibian,0.4133,2241.0,5.2,2484.0,740.9
/srv/shared_leopard_toad/2025/Documents/25.08-01.09.2025/5R/100MEDIA/DSCF0002.JPG,DSCF0002.JPG,5R/100MEDIA,1,Small_Mammal,0.3218,4808.5,28.1,5392.2,2836.5
/srv/shared_leopard_toad/2025/Documents/25.08-01.09.2025/5R/100MEDIA/DSCF0751.JPG,DSCF0751.JPG,5R/100MEDIA,0,Other_Amphibian,0.2063,2241.6,6.3,2488.7,746.8
/srv/shared_leopard_toad/2025/Documents/25.08-01.09.2025/5R/100MEDIA/DSCF0578.JPG,DSCF0578.JPG,5R/100MEDIA,0,Other_Amphibian,0.2568,2250.9,1.3,2468.8,631.8
/srv/shared_leopard_toad/2025/Documents/25.08-01.09.2025/5R/100MEDIA/DSCF0847.JPG,DSCF0847.JPG,5R/100MEDIA,0,Other_Amphibian,0.3459,2238.9,5.9,2478.2,761.9
/srv/shared_leopard_toad/2025/Documents/25.08-01.09.2025/5R/100MEDIA/DSCF0803.JPG,DSCF0803.JPG,5R/100MEDIA,0,Other_Amphibian,0.2537,2246.5,6.3,2489.0,734.2
/srv/shared_leopard_toad/2025/Documents/25.08-01.09.2025/5R/100MEDIA/DSCF0585.JPG,DSCF0585.JPG,5R/100MEDIA,0,Other_Amphibian,0.2444,2245.3,6.6,2474.5,772.2
/srv/shared_leopard_toad/2025/Documents/25.08-01.09.2025/5R/100MEDIA/DSCF0228.JPG,DSCF0228.JPG,5R/100MEDIA,0,Other_Amphibian,0.3132,2224.2,11.6,2469.3,762.1
/srv/shared_leopard_toad/2025/Documents/25.08-01.09.2025/5R/100MEDIA/DSCF0228.JPG,DSCF0228.JPG,5R/100MEDIA,0,Other_Amphibian,0.2150,2227.6,4.4,2460.7,644.2
/srv/shared_leopard_toad/2025/Documents/25.08-01.09.2025/5R/100MEDIA/DSCF0253.JPG,DSCF0253.JPG,5R/100MEDIA,0,Other_Amphibian,0.2703,2224.4,9.6,2463.8,787.0
/srv/shared_leopard_toad/2025/Documents/25.08-01.09.2025/5R/100MEDIA/DSCF0218.JPG,DSCF0218.JPG,5R/100MEDIA,0,Other_Amphibian,0.3252,2209.8,11.4,2465.3,803.6
/srv/shared_leopard_toad/2025/Documents/25.08-01.09.2025/5R/100MEDIA/DSCF0435.JPG,DSCF0435.JPG,5R/100MEDIA,0,Other_Amphibian,0.5171,2225.3,7.0,2462.9,771.9
/srv/shared_leopard_toad/2025/Documents/25.08-01.09.2025/5R/100MEDIA/DSCF0819.JPG,DSCF0819.JPG,5R/100MEDIA,0,Other_Amphibian,0.4087,2234.0,6.3,2504.1,768.2
/srv/shared_leopard_toad/2025/Documents/25.08-01.09.2025/5R/100MEDIA/DSCF0680.JPG,DSCF0680.JPG,5R/100MEDIA,0,Other_Amphibian,0.2208,2249.5,5.9,2496.5,761.2
/srv/shared_leopard_toad/2025/Documents/25.08-01.09.2025/5R/100MEDIA/DSCF0260.JPG,DSCF0260.JPG,5R/100MEDIA,0,Other_Amphibian,0.2971,2233.1,5.4,2449.9,639.9
/srv/shared_leopard_toad/2025/Documents/25.08-01.09.2025/5R/100MEDIA/DSCF0462.JPG,DSCF0462.JPG,5R/100MEDIA,0,Other_Amphibian,0.6362,2234.0,3.3,2459.5,643.0
/srv/shared_leopard_toad/2025/Documents/25.08-01.09.2025/5R/100MEDIA/DSCF0522.JPG,DSCF0522.JPG,5R/100MEDIA,0,Other_Amphibian,0.4480,2242.8,4.1,2469.1,633.4
/srv/shared_leopard_toad/2025/Documents/25.08-01.09.2025/5R/100MEDIA/DSCF0641.JPG,DSCF0641.JPG,5R/100MEDIA,0,Other_Amphibian,0.3250,2246.1,1.8,2473.7,644.5
/srv/shared_leopard_toad/2025/Documents/25.08-01.09.2025/5R/100MEDIA/DSCF0624.JPG,DSCF0624.JPG,5R/100MEDIA,0,Other_Amphibian,0.3660,2247.2,5.9,2488.3,767.8
/srv/shared_leopard_toad/2025/Documents/25.08-01.09.2025/5R/100MEDIA/DSCF0561.JPG,DSCF0561.JPG,5R/100MEDIA,0,Other_Amphibian,0.4492,2246.2,-0.7,2468.3,673.7
/srv/shared_leopard_toad/2025/Documents/25.08-01.09.2025/5R/100MEDIA/DSCF0561.JPG,DSCF0561.JPG,5R/100MEDIA,0,Other_Amphibian,0.2559,2239.0,6.1,2486.0,721.9
/srv/shared_leopard_toad/2025/Documents/25.08-01.09.2025/5R/100MEDIA/DSCF0436.JPG,DSCF0436.JPG,5R/100MEDIA,0,Other_Amphibian,0.3130,2237.3,6.6,2464.1,762.6
/srv/shared_leopard_toad/2025/Documents/25.08-01.09.2025/5R/100MEDIA/DSCF0436.JPG,DSCF0436.JPG,5R/100MEDIA,0,Other_Amphibian,0.2322,2246.4,0.6,2457.6,658.4
/srv/shared_leopard_toad/2025/Documents/25.08-01.09.2025/5R/100MEDIA/DSCF0616.JPG,DSCF0616.JPG,5R/100MEDIA,0,Other_Amphibian,0.2498,2253.2,-3.0,2471.8,652.6
/srv/shared_leopard_toad/2025/Documents/25.08-01.09.2025/5R/100MEDIA/DSCF0829.JPG,DSCF0829.JPG,5R/100MEDIA,0,Other_Amphibian,0.2744,2243.5,7.0,2481.5,710.2
/srv/shared_leopard_toad/2025/Documents/25.08-01.09.2025/5R/100MEDIA/DSCF0829.JPG,DSCF0829.JPG,5R/100MEDIA,0,Other_Amphibian,0.2150,2251.4,0.7,2473.6,704.3
/srv/shared_leopard_toad/2025/Documents/25.08-01.09.2025/5R/100MEDIA/DSCF0821.JPG,DSCF0821.JPG,5R/100MEDIA,0,Other_Amphibian,0.3884,2246.8,7.9,2478.2,750.3
/srv/shared_leopard_toad/2025/Documents/25.08-01.09.2025/5R/100MEDIA/DSCF0471.JPG,DSCF0471.JPG,5R/100MEDIA,0,Other_Amphibian,0.4351,2230.8,-2.2,2457.5,699.9
/srv/shared_leopard_toad/2025/Documents/25.08-01.09.2025/5R/100MEDIA/DSCF0471.JPG,DSCF0471.JPG,5R/100MEDIA,0,Other_Amphibian,0.2852,2223.8,4.2,2475.0,739.9
/srv/shared_leopard_toad/2025/Documents/25.08-01.09.2025/5R/100MEDIA/DSCF0609.JPG,DSCF0609.JPG,5R/100MEDIA,0,Other_Amphibian,0.4182,2250.0,-2.6,2467.1,680.0
/srv/shared_leopard_toad/2025/Documents/25.08-01.09.2025/5R/100MEDIA/DSCF0609.JPG,DSCF0609.JPG,5R/100MEDIA,0,Other_Amphibian,0.2864,2245.0,3.3,2485.2,728.7
/srv/shared_leopard_toad/2025/Documents/25.08-01.09.2025/5R/100MEDIA/DSCF0239.JPG,DSCF0239.JPG,5R/100MEDIA,0,Other_Amphibian,0.3784,2230.3,7.8,2452.7,617.6
/srv/shared_leopard_toad/2025/Documents/25.08-01.09.2025/5R/100MEDIA/DSCF0329.JPG,DSCF0329.JPG,5R/100MEDIA,0,Other_Amphibian,0.2776,2237.4,3.3,2450.8,674.1
/srv/shared_leopard_toad/2025/Documents/25.08-01.09.2025/5R/100MEDIA/DSCF0329.JPG,DSCF0329.JPG,5R/100MEDIA,0,Other_Amphibian,0.2280,2230.4,10.9,2463.1,738.5
/srv/shared_leopard_toad/2025/Documents/25.08-01.09.2025/5R/100MEDIA/DSCF0147.JPG,DSCF0147.JPG,5R/100MEDIA,0,Other_Amphibian,0.2563,2203.9,4.6,2466.0,658.7
/srv/shared_leopard_toad/2025/Documents/25.08-01.09.2025/5R/100MEDIA/DSCF0882.JPG,DSCF0882.JPG,5R/100MEDIA,0,Other_Amphibian,0.4319,2237.1,5.5,2480.1,774.1
/srv/shared_leopard_toad/2025/Documents/25.08-01.09.2025/5R/100MEDIA/DSCF0261.JPG,DSCF0261.JPG,5R/100MEDIA,0,Other_Amphibian,0.2827,2222.5,10.0,2465.8,788.9
/srv/shared_leopard_toad/2025/Documents/25.08-01.09.2025/5R/100MEDIA/DSCF0261.JPG,DSCF0261.JPG,5R/100MEDIA,0,Other_Amphibian,0.2101,2236.7,2.2,2456.8,655.6
/srv/shared_leopard_toad/2025/Documents/25.08-01.09.2025/5R/100MEDIA/DSCF0326.JPG,DSCF0326.JPG,5R/100MEDIA,0,Other_Amphibian,0.4297,2232.9,-0.7,2455.4,681.8
/srv/shared_leopard_toad/2025/Documents/25.08-01.09.2025/5R/100MEDIA/DSCF0326.JPG,DSCF0326.JPG,5R/100MEDIA,0,Other_Amphibian,0.3523,2227.7,5.4,2465.8,735.1
/srv/shared_leopard_toad/2025/Documents/25.08-01.09.2025/5R/100MEDIA/DSCF0809.JPG,DSCF0809.JPG,5R/100MEDIA,0,Other_Amphibian,0.2278,2247.2,9.8,2488.3,737.7
/srv/shared_leopard_toad/2025/Documents/25.08-01.09.2025/5R/100MEDIA/DSCF0975.JPG,DSCF0975.JPG,5R/100MEDIA,0,Other_Amphibian,0.2537,2246.9,9.4,2491.2,758.4
/srv/shared_leopard_toad/2025/Documents/25.08-01.09.2025/5R/100MEDIA/DSCF0796.JPG,DSCF0796.JPG,5R/100MEDIA,0,Other_Amphibian,0.2881,2240.3,7.0,2474.2,769.7
/srv/shared_leopard_toad/2025/Documents/25.08-01.09.2025/5R/100MEDIA/DSCF0495.JPG,DSCF0495.JPG,5R/100MEDIA,0,Other_Amphibian,0.2346,2248.4,-0.2,2468.7,682.4
/srv/shared_leopard_toad/2025/Documents/25.08-01.09.2025/5R/100MEDIA/DSCF0495.JPG,DSCF0495.JPG,5R/100MEDIA,0,Other_Amphibian,0.2145,2239.5,9.0,2480.2,738.8
/srv/shared_leopard_toad/2025/Documents/25.08-01.09.2025/5R/100MEDIA/DSCF0590.JPG,DSCF0590.JPG,5R/100MEDIA,0,Other_Amphibian,0.3171,2247.7,4.4,2487.8,777.4
/srv/shared_leopard_toad/2025/Documents/25.08-01.09.2025/5R/100MEDIA/DSCF0934.JPG,DSCF0934.JPG,5R/100MEDIA,0,Other_Amphibian,0.3755,2239.0,5.5,2486.0,774.1
/srv/shared_leopard_toad/2025/Documents/25.08-01.09.2025/5R/100MEDIA/DSCF0175.JPG,DSCF0175.JPG,5R/100MEDIA,0,Other_Amphibian,0.2351,2212.1,12.9,2476.2,760.8
/srv/shared_leopard_toad/2025/Documents/25.08-01.09.2025/5R/100MEDIA/DSCF0175.JPG,DSCF0175.JPG,5R/100MEDIA,0,Other_Amphibian,0.2119,2209.1,5.5,2471.3,655.6
/srv/shared_leopard_toad/2025/Documents/25.08-01.09.2025/5R/100MEDIA/DSCF0573.JPG,DSCF0573.JPG,5R/100MEDIA,0,Other_Amphibian,0.4106,2244.8,3.7,2485.5,761.9
/srv/shared_leopard_toad/2025/Documents/25.08-01.09.2025/5R/100MEDIA/DSCF0914.JPG,DSCF0914.JPG,5R/100MEDIA,0,Other_Amphibian,0.2581,2247.2,6.8,2488.3,728.5
/srv/shared_leopard_toad/2025/Documents/25.08-01.09.2025/5R/100MEDIA/DSCF0332.JPG,DSCF0332.JPG,5R/100MEDIA,0,Other_Amphibian,0.4644,2236.3,1.3,2457.2,653.2
/srv/shared_leopard_toad/2025/Documents/25.08-01.09.2025/5R/100MEDIA/DSCF0388.JPG,DSCF0388.JPG,5R/100MEDIA,0,Other_Amphibian,0.4817,2236.7,-0.9,2456.8,666.9
/srv/shared_leopard_toad/2025/Documents/25.08-01.09.2025/5R/100MEDIA/DSCF0920.JPG,DSCF0920.JPG,5R/100MEDIA,0,Other_Amphibian,0.3840,2249.2,0.2,2481.0,702.3
/srv/shared_leopard_toad/2025/Documents/25.08-01.09.2025/5R/100MEDIA/DSCF0968.JPG,DSCF0968.JPG,5R/100MEDIA,0,Other_Amphibian,0.3054,2244.0,5.4,2481.0,757.3
/srv/shared_leopard_toad/2025/Documents/25.08-01.09.2025/5R/100MEDIA/DSCF0401.JPG,DSCF0401.JPG,5R/100MEDIA,0,Other_Amphibian,0.4380,2233.6,1.7,2459.9,685.3
/srv/shared_leopard_toad/2025/Documents/25.08-01.09.2025/5R/100MEDIA/DSCF0401.JPG,DSCF0401.JPG,5R/100MEDIA,0,Other_Amphibian,0.2891,2226.2,7.6,2467.3,724.4
/srv/shared_leopard_toad/2025/Documents/25.08-01.09.2025/5R/100MEDIA/DSCF0948.JPG,DSCF0948.JPG,5R/100MEDIA,0,Other_Amphibian,0.2163,2251.3,7.9,2478.9,742.2
/srv/shared_leopard_toad/2025/Documents/25.08-01.09.2025/5R/100MEDIA/DSCF0973.JPG,DSCF0973.JPG,5R/100MEDIA,0,Other_Amphibian,0.4058,2241.9,5.5,2483.1,761.5
/srv/shared_leopard_toad/2025/Documents/25.08-01.09.2025/5R/100MEDIA/DSCF0599.JPG,DSCF0599.JPG,5R/100MEDIA,0,Other_Amphibian,0.2825,2241.9,8.5,2483.1,740.9
/srv/shared_leopard_toad/2025/Documents/25.08-01.09.2025/5R/100MEDIA/DSCF0599.JPG,DSCF0599.JPG,5R/100MEDIA,0,Other_Amphibian,0.2129,2243.9,-0.2,2468.0,687.2
/srv/shared_leopard_toad/2025/Documents/25.08-01.09.2025/5R/100MEDIA/DSCF0491.JPG,DSCF0491.JPG,5R/100MEDIA,0,Other_Amphibian,0.4580,2237.8,5.5,2468.8,756.4
/srv/shared_leopard_toad/2025/Documents/25.08-01.09.2025/5R/100MEDIA/DSCF0491.JPG,DSCF0491.JPG,5R/100MEDIA,0,Other_Amphibian,0.2356,2232.7,-5.0,2450.3,699.0
/srv/shared_leopard_toad/2025/Documents/25.08-01.09.2025/5R/100MEDIA/DSCF0984.JPG,DSCF0984.JPG,5R/100MEDIA,0,Other_Amphibian,0.2563,2241.0,7.0,2484.0,794.0
/srv/shared_leopard_toad/2025/Documents/25.08-01.09.2025/5R/100MEDIA/DSCF0921.JPG,DSCF0921.JPG,5R/100MEDIA,0,Other_Amphibian,0.3870,2245.5,6.5,2479.5,739.6
/srv/shared_leopard_toad/2025/Documents/25.08-01.09.2025/5R/100MEDIA/DSCF0529.JPG,DSCF0529.JPG,5R/100MEDIA,0,Other_Amphibian,0.3721,2241.0,-3.1,2457.7,708.2
/srv/shared_leopard_toad/2025/Documents/25.08-01.09.2025/5R/100MEDIA/DSCF0529.JPG,DSCF0529.JPG,5R/100MEDIA,0,Other_Amphibian,0.2939,2238.3,5.2,2473.6,729.4
/srv/shared_leopard_toad/2025/Documents/25.08-01.09.2025/5R/100MEDIA/DSCF0835.JPG,DSCF0835.JPG,5R/100MEDIA,0,Other_Amphibian,0.2075,2240.6,8.9,2484.4,784.1
/srv/shared_leopard_toad/2025/Documents/25.08-01.09.2025/5R/100MEDIA/DSCF0348.JPG,DSCF0348.JPG,5R/100MEDIA,0,Other_Amphibian,0.3396,2221.8,4.8,2461.2,807.3
/srv/shared_leopard_toad/2025/Documents/25.08-01.09.2025/5R/100MEDIA/DSCF0244.JPG,DSCF0244.JPG,5R/100MEDIA,0,Other_Amphibian,0.3081,2222.7,2.0,2457.7,659.1
/srv/shared_leopard_toad/2025/Documents/25.08-01.09.2025/5R/100MEDIA/DSCF0244.JPG,DSCF0244.JPG,5R/100MEDIA,0,Other_Amphibian,0.2930,2217.1,6.3,2465.9,768.2
/srv/shared_leopard_toad/2025/Documents/25.08-01.09.2025/5R/100MEDIA/DSCF0217.JPG,DSCF0217.JPG,5R/100MEDIA,0,Other_Amphibian,0.3555,2228.1,9.0,2454.9,624.0
/srv/shared_leopard_toad/2025/Documents/25.08-01.09.2025/5R/100MEDIA/DSCF0242.JPG,DSCF0242.JPG,5R/100MEDIA,0,Other_Amphibian,0.4326,2229.9,4.4,2453.1,654.5
/srv/shared_leopard_toad/2025/Documents/25.08-01.09.2025/5R/100MEDIA/DSCF0156.JPG,DSCF0156.JPG,5R/100MEDIA,0,Other_Amphibian,0.2549,2204.0,9.6,2463.2,797.3
/srv/shared_leopard_toad/2025/Documents/25.08-01.09.2025/5R/100MEDIA/DSCF0190.JPG,DSCF0190.JPG,5R/100MEDIA,0,Other_Amphibian,0.2424,2214.4,10.7,2466.0,772.6
/srv/shared_leopard_toad/2025/Documents/25.08-01.09.2025/5R/100MEDIA/DSCF0383.JPG,DSCF0383.JPG,5R/100MEDIA,0,Other_Amphibian,0.6807,2231.5,2.8,2462.0,611.5
/srv/shared_leopard_toad/2025/Documents/25.08-01.09.2025/5R/100MEDIA/DSCF0213.JPG,DSCF0213.JPG,5R/100MEDIA,0,Other_Amphibian,0.2549,2229.9,7.4,2447.8,633.4
/srv/shared_leopard_toad/2025/Documents/25.08-01.09.2025/5R/100MEDIA/DSCF0631.JPG,DSCF0631.JPG,5R/100MEDIA,0,Other_Amphibian,0.3557,2238.8,3.9,2486.2,741.0
/srv/shared_leopard_toad/2025/Documents/25.08-01.09.2025/5R/100MEDIA/DSCF0400.JPG,DSCF0400.JPG,5R/100MEDIA,0,Other_Amphibian,0.3472,2229.3,7.2,2464.2,762.1
/srv/shared_leopard_toad/2025/Documents/25.08-01.09.2025/5R/100MEDIA/DSCF0658.JPG,DSCF0658.JPG,5R/100MEDIA,0,Other_Amphibian,0.4485,2252.6,1.8,2498.7,765.2
/srv/shared_leopard_toad/2025/Documents/25.08-01.09.2025/5R/100MEDIA/DSCF0606.JPG,DSCF0606.JPG,5R/100MEDIA,0,Other_Amphibian,0.4023,2243.9,3.0,2470.6,599.9
/srv/shared_leopard_toad/2025/Documents/25.08-01.09.2025/5R/100MEDIA/DSCF0606.JPG,DSCF0606.JPG,5R/100MEDIA,0,Other_Amphibian,0.2490,2240.7,3.1,2505.3,595.2
/srv/shared_leopard_toad/2025/Documents/25.08-01.09.2025/5R/100MEDIA/DSCF0197.JPG,DSCF0197.JPG,5R/100MEDIA,0,Other_Amphibian,0.3845,2225.1,8.5,2455.3,637.9
/srv/shared_leopard_toad/2025/Documents/25.08-01.09.2025/5R/100MEDIA/DSCF0351.JPG,DSCF0351.JPG,5R/100MEDIA,0,Other_Amphibian,0.2913,2221.2,11.4,2472.3,776.3
/srv/shared_leopard_toad/2025/Documents/25.08-01.09.2025/5R/100MEDIA/DSCF0351.JPG,DSCF0351.JPG,5R/100MEDIA,0,Other_Amphibian,0.2050,2233.4,3.1,2460.1,662.8
/srv/shared_leopard_toad/2025/Documents/25.08-01.09.2025/5R/100MEDIA/DSCF0225.JPG,DSCF0225.JPG,5R/100MEDIA,0,Other_Amphibian,0.4551,2222.6,7.0,2457.8,644.9
/srv/shared_leopard_toad/2025/Documents/25.08-01.09.2025/5R/100MEDIA/DSCF0354.JPG,DSCF0354.JPG,5R/100MEDIA,0,Other_Amphibian,0.4575,2239.4,2.2,2454.1,648.6
/srv/shared_leopard_toad/2025/Documents/25.08-01.09.2025/5R/100MEDIA/DSCF0272.JPG,DSCF0272.JPG,5R/100MEDIA,0,Other_Amphibian,0.3430,2222.1,10.2,2460.9,737.7
/srv/shared_leopard_toad/2025/Documents/25.08-01.09.2025/5R/100MEDIA/DSCF0272.JPG,DSCF0272.JPG,5R/100MEDIA,0,Other_Amphibian,0.2292,2229.1,1.5,2451.3,692.5
/srv/shared_leopard_toad/2025/Documents/25.08-01.09.2025/5R/100MEDIA/DSCF0459.JPG,DSCF0459.JPG,5R/100MEDIA,0,Other_Amphibian,0.3691,2248.0,3.0,2458.6,609.5
/srv/shared_leopard_toad/2025/Documents/25.08-01.09.2025/5R/100MEDIA/DSCF0620.JPG,DSCF0620.JPG,5R/100MEDIA,0,Other_Amphibian,0.3440,2244.2,2.2,2480.8,787.7
/srv/shared_leopard_toad/2025/Documents/25.08-01.09.2025/5R/100MEDIA/DSCF0746.JPG,DSCF0746.JPG,5R/100MEDIA,0,Other_Amphibian,0.2507,2250.1,-2.4,2469.6,671.7
/srv/shared_leopard_toad/2025/Documents/25.08-01.09.2025/5R/100MEDIA/DSCF0746.JPG,DSCF0746.JPG,5R/100MEDIA,0,Other_Amphibian,0.2451,2245.5,5.9,2479.5,726.8
/srv/shared_leopard_toad/2025/Documents/25.08-01.09.2025/5R/100MEDIA/DSCF0763.JPG,DSCF0763.JPG,5R/100MEDIA,0,Other_Amphibian,0.5986,2245.7,4.2,2479.3,743.3
/srv/shared_leopard_toad/2025/Documents/25.08-01.09.2025/5R/100MEDIA/DSCF0224.JPG,DSCF0224.JPG,5R/100MEDIA,0,Other_Amphibian,0.3394,2233.0,6.8,2460.5,606.7
/srv/shared_leopard_toad/2025/Documents/25.08-01.09.2025/5R/100MEDIA/DSCF0591.JPG,DSCF0591.JPG,5R/100MEDIA,0,Other_Amphibian,0.3181,2250.1,5.2,2485.4,768.6
/srv/shared_leopard_toad/2025/Documents/25.08-01.09.2025/5R/100MEDIA/DSCF0241.JPG,DSCF0241.JPG,5R/100MEDIA,0,Other_Amphibian,0.3811,2220.8,6.6,2467.4,756.0
/srv/shared_leopard_toad/2025/Documents/25.08-01.09.2025/5R/100MEDIA/DSCF0728.JPG,DSCF0728.JPG,5R/100MEDIA,0,Other_Amphibian,0.3630,2245.7,4.1,2484.6,767.4
/srv/shared_leopard_toad/2025/Documents/25.08-01.09.2025/5R/100MEDIA/DSCF0468.JPG,DSCF0468.JPG,5R/100MEDIA,0,Other_Amphibian,0.3005,2231.5,8.9,2469.9,777.4
/srv/shared_leopard_toad/2025/Documents/25.08-01.09.2025/5R/100MEDIA/DSCF0865.JPG,DSCF0865.JPG,5R/100MEDIA,0,Other_Amphibian,0.2109,2245.9,8.7,2484.3,760.6
/srv/shared_leopard_toad/2025/Documents/25.08-01.09.2025/5R/100MEDIA/DSCF0808.JPG,DSCF0808.JPG,5R/100MEDIA,0,Other_Amphibian,0.2986,2242.7,5.5,2492.8,774.1
/srv/shared_leopard_toad/2025/Documents/25.08-01.09.2025/5R/100MEDIA/DSCF0800.JPG,DSCF0800.JPG,5R/100MEDIA,0,Other_Amphibian,0.4924,2240.1,4.2,2484.9,743.6
/srv/shared_leopard_toad/2025/Documents/25.08-01.09.2025/5R/100MEDIA/DSCF0367.JPG,DSCF0367.JPG,5R/100MEDIA,0,Other_Amphibian,0.3831,2218.2,7.4,2464.8,778.1
/srv/shared_leopard_toad/2025/Documents/25.08-01.09.2025/5R/100MEDIA/DSCF0990.JPG,DSCF0990.JPG,5R/100MEDIA,0,Other_Amphibian,0.2542,2247.9,6.5,2487.6,748.1
/srv/shared_leopard_toad/2025/Documents/25.08-01.09.2025/5R/100MEDIA/DSCF0789.JPG,DSCF0789.JPG,5R/100MEDIA,0,Other_Amphibian,0.3550,2245.4,5.7,2490.1,746.2
/srv/shared_leopard_toad/2025/Documents/25.08-01.09.2025/5R/100MEDIA/DSCF0941.JPG,DSCF0941.JPG,5R/100MEDIA,0,Other_Amphibian,0.2717,2228.3,7.4,2481.0,769.3
/srv/shared_leopard_toad/2025/Documents/25.08-01.09.2025/5R/100MEDIA/DSCF0602.JPG,DSCF0602.JPG,5R/100MEDIA,0,Other_Amphibian,0.4016,2236.4,4.4,2480.7,775.2
/srv/shared_leopard_toad/2025/Documents/25.08-01.09.2025/5R/100MEDIA/DSCF0688.JPG,DSCF0688.JPG,5R/100MEDIA,0,Other_Amphibian,0.4504,2240.4,2.6,2484.6,761.5
/srv/shared_leopard_toad/2025/Documents/25.08-01.09.2025/5R/100MEDIA/DSCF0347.JPG,DSCF0347.JPG,5R/100MEDIA,0,Other_Amphibian,0.2238,2244.9,3.0,2461.7,641.2
/srv/shared_leopard_toad/2025/Documents/25.08-01.09.2025/5R/100MEDIA/DSCF0347.JPG,DSCF0347.JPG,5R/100MEDIA,0,Other_Amphibian,0.2089,2239.1,8.5,2472.8,767.4
/srv/shared_leopard_toad/2025/Documents/25.08-01.09.2025/5R/100MEDIA/DSCF0357.JPG,DSCF0357.JPG,5R/100MEDIA,0,Other_Amphibian,0.4653,2230.3,2.2,2457.9,653.4
/srv/shared_leopard_toad/2025/Documents/25.08-01.09.2025/5R/100MEDIA/DSCF0843.JPG,DSCF0843.JPG,5R/100MEDIA,0,Other_Amphibian,0.2249,2254.1,-2.2,2470.9,654.1
/srv/shared_leopard_toad/2025/Documents/25.08-01.09.2025/5R/100MEDIA/DSCF0309.JPG,DSCF0309.JPG,5R/100MEDIA,0,Other_Amphibian,0.2744,2220.3,5.9,2460.0,801.0
/srv/shared_leopard_toad/2025/Documents/25.08-01.09.2025/5R/100MEDIA/DSCF0910.JPG,DSCF0910.JPG,5R/100MEDIA,0,Other_Amphibian,0.3369,2241.8,6.3,2483.2,751.2
/srv/shared_leopard_toad/2025/Documents/25.08-01.09.2025/5R/100MEDIA/DSCF0497.JPG,DSCF0497.JPG,5R/100MEDIA,0,Other_Amphibian,0.3325,2238.5,5.5,2473.4,628.6
/srv/shared_leopard_toad/2025/Documents/25.08-01.09.2025/5R/100MEDIA/DSCF0497.JPG,DSCF0497.JPG,5R/100MEDIA,0,Other_Amphibian,0.2013,2223.9,4.8,2545.8,611.7
/srv/shared_leopard_toad/2025/Documents/25.08-01.09.2025/5R/100MEDIA/DSCF0340.JPG,DSCF0340.JPG,5R/100MEDIA,0,Other_Amphibian,0.4067,2237.4,0.9,2456.1,658.0
/srv/shared_leopard_toad/2025/Documents/25.08-01.09.2025/5R/100MEDIA/DSCF0340.JPG,DSCF0340.JPG,5R/100MEDIA,0,Other_Amphibian,0.2213,2227.1,4.6,2466.4,734.4
/srv/shared_leopard_toad/2025/Documents/25.08-01.09.2025/5R/100MEDIA/DSCF0611.JPG,DSCF0611.JPG,5R/100MEDIA,0,Other_Amphibian,0.4749,2248.1,2.0,2466.4,618.9
/srv/shared_leopard_toad/2025/Documents/25.08-01.09.2025/5R/100MEDIA/DSCF0460.JPG,DSCF0460.JPG,5R/100MEDIA,0,Other_Amphibian,0.2474,2237.8,6.3,2471.4,761.5
/srv/shared_leopard_toad/2025/Documents/25.08-01.09.2025/5R/100MEDIA/DSCF0460.JPG,DSCF0460.JPG,5R/100MEDIA,0,Other_Amphibian,0.2434,2243.6,1.8,2460.4,644.5
/srv/shared_leopard_toad/2025/Documents/25.08-01.09.2025/5R/100MEDIA/DSCF0855.JPG,DSCF0855.JPG,5R/100MEDIA,0,Other_Amphibian,0.3191,2247.7,5.0,2477.3,751.8
/srv/shared_leopard_toad/2025/Documents/25.08-01.09.2025/5R/100MEDIA/DSCF0852.JPG,DSCF0852.JPG,5R/100MEDIA,0,Other_Amphibian,0.3135,2246.3,5.7,2483.9,737.7
/srv/shared_leopard_toad/2025/Documents/25.08-01.09.2025/5R/100MEDIA/DSCF0318.JPG,DSCF0318.JPG,5R/100MEDIA,0,Other_Amphibian,0.5142,2232.8,3.0,2460.7,633.4
/srv/shared_leopard_toad/2025/Documents/25.08-01.09.2025/5R/100MEDIA/DSCF0392.JPG,DSCF0392.JPG,5R/100MEDIA,0,Other_Amphibian,0.5112,2243.1,3.0,2455.7,582.9
/srv/shared_leopard_toad/2025/Documents/25.08-01.09.2025/5R/100MEDIA/DSCF0493.JPG,DSCF0493.JPG,5R/100MEDIA,0,Other_Amphibian,0.3572,2239.0,0.2,2462.3,692.7
/srv/shared_leopard_toad/2025/Documents/25.08-01.09.2025/5R/100MEDIA/DSCF0493.JPG,DSCF0493.JPG,5R/100MEDIA,0,Other_Amphibian,0.2598,2236.0,7.0,2478.5,734.6
/srv/shared_leopard_toad/2025/Documents/25.08-01.09.2025/5R/100MEDIA/DSCF0617.JPG,DSCF0617.JPG,5R/100MEDIA,0,Other_Amphibian,0.4446,2245.9,3.9,2497.5,750.6
/srv/shared_leopard_toad/2025/Documents/25.08-01.09.2025/5R/100MEDIA/DSCF0235.JPG,DSCF0235.JPG,5R/100MEDIA,0,Other_Amphibian,0.3311,2225.6,6.8,2457.4,655.4
/srv/shared_leopard_toad/2025/Documents/25.08-01.09.2025/5R/100MEDIA/DSCF0235.JPG,DSCF0235.JPG,5R/100MEDIA,0,Other_Amphibian,0.2297,2222.9,12.2,2465.4,725.7
/srv/shared_leopard_toad/2025/Documents/25.08-01.09.2025/5R/100MEDIA/DSCF0671.JPG,DSCF0671.JPG,5R/100MEDIA,0,Other_Amphibian,0.2581,2248.7,5.5,2489.4,762.3
/srv/shared_leopard_toad/2025/Documents/25.08-01.09.2025/5R/100MEDIA/DSCF0328.JPG,DSCF0328.JPG,5R/100MEDIA,0,Other_Amphibian,0.3076,2235.6,0.0,2452.7,669.3
/srv/shared_leopard_toad/2025/Documents/25.08-01.09.2025/5R/100MEDIA/DSCF0328.JPG,DSCF0328.JPG,5R/100MEDIA,0,Other_Amphibian,0.2764,2225.6,6.8,2462.7,755.1
/srv/shared_leopard_toad/2025/Documents/25.08-01.09.2025/5R/100MEDIA/DSCF0202.JPG,DSCF0202.JPG,5R/100MEDIA,0,Other_Amphibian,0.3579,2213.9,10.3,2461.3,631.6
/srv/shared_leopard_toad/2025/Documents/25.08-01.09.2025/5R/100MEDIA/DSCF0595.JPG,DSCF0595.JPG,5R/100MEDIA,0,Other_Amphibian,0.3818,2249.0,0.6,2476.0,659.5
/srv/shared_leopard_toad/2025/Documents/25.08-01.09.2025/5R/100MEDIA/DSCF0226.JPG,DSCF0226.JPG,5R/100MEDIA,0,Other_Amphibian,0.4585,2228.2,4.8,2460.0,616.1
/srv/shared_leopard_toad/2025/Documents/25.08-01.09.2025/5R/100MEDIA/DSCF0310.JPG,DSCF0310.JPG,5R/100MEDIA,0,Other_Amphibian,0.2186,2221.4,3.0,2459.0,684.0
/srv/shared_leopard_toad/2025/Documents/25.08-01.09.2025/5R/100MEDIA/DSCF0374.JPG,DSCF0374.JPG,5R/100MEDIA,0,Other_Amphibian,0.3008,2238.6,-0.6,2454.9,651.3
/srv/shared_leopard_toad/2025/Documents/25.08-01.09.2025/5R/100MEDIA/DSCF0371.JPG,DSCF0371.JPG,5R/100MEDIA,0,Other_Amphibian,0.3853,2243.1,3.7,2458.2,657.4
/srv/shared_leopard_toad/2025/Documents/25.08-01.09.2025/5R/100MEDIA/DSCF0701.JPG,DSCF0701.JPG,5R/100MEDIA,0,Other_Amphibian,0.2847,2236.3,4.8,2475.6,793.3
/srv/shared_leopard_toad/2025/Documents/25.08-01.09.2025/5R/100MEDIA/DSCF0317.JPG,DSCF0317.JPG,5R/100MEDIA,0,Other_Amphibian,0.4004,2234.9,0.2,2458.6,656.5
/srv/shared_leopard_toad/2025/Documents/25.08-01.09.2025/5R/100MEDIA/DSCF0210.JPG,DSCF0210.JPG,5R/100MEDIA,0,Other_Amphibian,0.3169,2216.4,10.3,2477.1,813.6
/srv/shared_leopard_toad/2025/Documents/25.08-01.09.2025/5R/100MEDIA/DSCF0893.JPG,DSCF0893.JPG,5R/100MEDIA,0,Other_Amphibian,0.2327,2248.1,4.1,2487.4,727.9
/srv/shared_leopard_toad/2025/Documents/25.08-01.09.2025/5R/100MEDIA/DSCF0860.JPG,DSCF0860.JPG,5R/100MEDIA,0,Other_Amphibian,0.2397,2247.8,7.6,2471.9,731.5
/srv/shared_leopard_toad/2025/Documents/25.08-01.09.2025/5R/100MEDIA/DSCF0465.JPG,DSCF0465.JPG,5R/100MEDIA,0,Other_Amphibian,0.3188,2230.6,7.9,2462.9,754.7
/srv/shared_leopard_toad/2025/Documents/25.08-01.09.2025/5R/100MEDIA/DSCF0465.JPG,DSCF0465.JPG,5R/100MEDIA,0,Other_Amphibian,0.2252,2239.2,0.9,2454.3,661.3
/srv/shared_leopard_toad/2025/Documents/25.08-01.09.2025/5R/100MEDIA/DSCF0604.JPG,DSCF0604.JPG,5R/100MEDIA,0,Other_Amphibian,0.4448,2240.8,7.0,2500.0,763.8
/srv/shared_leopard_toad/2025/Documents/25.08-01.09.2025/5R/100MEDIA/DSCF0270.JPG,DSCF0270.JPG,5R/100MEDIA,0,Other_Amphibian,0.2993,2227.9,6.5,2452.5,623.3
/srv/shared_leopard_toad/2025/Documents/25.08-01.09.2025/5R/100MEDIA/DSCF0450.JPG,DSCF0450.JPG,5R/100MEDIA,0,Other_Amphibian,0.4441,2221.6,8.1,2466.7,741.2
/srv/shared_leopard_toad/2025/Documents/25.08-01.09.2025/5R/100MEDIA/DSCF0677.JPG,DSCF0677.JPG,5R/100MEDIA,0,Other_Amphibian,0.4067,2246.2,3.9,2494.6,748.8
/srv/shared_leopard_toad/2025/Documents/25.08-01.09.2025/5R/100MEDIA/DSCF0884.JPG,DSCF0884.JPG,5R/100MEDIA,0,Other_Amphibian,0.3098,2251.1,6.5,2494.9,744.7
/srv/shared_leopard_toad/2025/Documents/25.08-01.09.2025/5R/100MEDIA/DSCF0356.JPG,DSCF0356.JPG,5R/100MEDIA,0,Other_Amphibian,0.2426,2240.1,1.7,2463.9,665.4
/srv/shared_leopard_toad/2025/Documents/25.08-01.09.2025/5R/100MEDIA/DSCF0444.JPG,DSCF0444.JPG,5R/100MEDIA,0,Other_Amphibian,0.4314,2242.2,-0.7,2461.8,681.8
/srv/shared_leopard_toad/2025/Documents/25.08-01.09.2025/5R/100MEDIA/DSCF0444.JPG,DSCF0444.JPG,5R/100MEDIA,0,Other_Amphibian,0.2374,2233.6,5.5,2473.0,735.3
/srv/shared_leopard_toad/2025/Documents/25.08-01.09.2025/5R/100MEDIA/DSCF0638.JPG,DSCF0638.JPG,5R/100MEDIA,0,Other_Amphibian,0.4700,2243.6,2.6,2491.9,771.1
/srv/shared_leopard_toad/2025/Documents/25.08-01.09.2025/5R/100MEDIA/DSCF0485.JPG,DSCF0485.JPG,5R/100MEDIA,0,Other_Amphibian,0.3511,2245.4,-0.4,2461.3,692.1
/srv/shared_leopard_toad/2025/Documents/25.08-01.09.2025/5R/100MEDIA/DSCF0485.JPG,DSCF0485.JPG,5R/100MEDIA,0,Other_Amphibian,0.2208,2232.7,7.6,2473.9,719.6
/srv/shared_leopard_toad/2025/Documents/25.08-01.09.2025/5R/100MEDIA/DSCF0236.JPG,DSCF0236.JPG,5R/100MEDIA,0,Other_Amphibian,0.3569,2230.4,6.6,2463.1,610.9
/srv/shared_leopard_toad/2025/Documents/25.08-01.09.2025/5R/100MEDIA/DSCF0322.JPG,DSCF0322.JPG,5R/100MEDIA,0,Other_Amphibian,0.3325,2223.3,7.0,2475.5,785.9
/srv/shared_leopard_toad/2025/Documents/25.08-01.09.2025/5R/100MEDIA/DSCF0836.JPG,DSCF0836.JPG,5R/100MEDIA,0,Other_Amphibian,0.3545,2233.1,5.9,2481.4,791.4
/srv/shared_leopard_toad/2025/Documents/25.08-01.09.2025/5R/100MEDIA/DSCF0200.JPG,DSCF0200.JPG,5R/100MEDIA,0,Other_Amphibian,0.2330,2220.3,5.0,2460.0,659.8
/srv/shared_leopard_toad/2025/Documents/25.08-01.09.2025/5R/100MEDIA/DSCF0744.JPG,DSCF0744.JPG,5R/100MEDIA,0,Other_Amphibian,0.2854,2248.5,4.4,2492.3,791.4
/srv/shared_leopard_toad/2025/Documents/25.08-01.09.2025/5R/100MEDIA/DSCF0359.JPG,DSCF0359.JPG,5R/100MEDIA,0,Other_Amphibian,0.3118,2227.1,9.2,2482.1,768.2
/srv/shared_leopard_toad/2025/Documents/25.08-01.09.2025/5R/100MEDIA/DSCF0950.JPG,DSCF0950.JPG,5R/100MEDIA,0,Other_Amphibian,0.2397,2256.1,0.6,2479.4,698.2
/srv/shared_leopard_toad/2025/Documents/25.08-01.09.2025/5R/100MEDIA/DSCF0950.JPG,DSCF0950.JPG,5R/100MEDIA,0,Other_Amphibian,0.2394,2247.6,5.7,2490.6,708.9
/srv/shared_leopard_toad/2025/Documents/25.08-01.09.2025/5R/100MEDIA/DSCF0447.JPG,DSCF0447.JPG,5R/100MEDIA,0,Other_Amphibian,0.3779,2226.9,5.9,2456.1,776.7
/srv/shared_leopard_toad/2025/Documents/25.08-01.09.2025/5R/100MEDIA/DSCF0702.JPG,DSCF0702.JPG,5R/100MEDIA,0,Other_Amphibian,0.3550,2244.5,6.6,2496.2,760.4
/srv/shared_leopard_toad/2025/Documents/25.08-01.09.2025/5R/100MEDIA/DSCF0243.JPG,DSCF0243.JPG,5R/100MEDIA,0,Other_Amphibian,0.2617,2223.3,10.7,2475.5,777.0
/srv/shared_leopard_toad/2025/Documents/25.08-01.09.2025/5R/100MEDIA/DSCF0243.JPG,DSCF0243.JPG,5R/100MEDIA,0,Other_Amphibian,0.2064,2245.1,1.8,2461.5,625.7
/srv/shared_leopard_toad/2025/Documents/25.08-01.09.2025/5R/100MEDIA/DSCF0717.JPG,DSCF0717.JPG,5R/100MEDIA,0,Other_Amphibian,0.3333,2248.3,7.0,2476.7,737.2
/srv/shared_leopard_toad/2025/Documents/25.08-01.09.2025/5R/100MEDIA/DSCF0717.JPG,DSCF0717.JPG,5R/100MEDIA,0,Other_Amphibian,0.2362,2251.6,-1.5,2465.5,684.8
/srv/shared_leopard_toad/2025/Documents/25.08-01.09.2025/5R/100MEDIA/DSCF0410.JPG,DSCF0410.JPG,5R/100MEDIA,0,Other_Amphibian,0.5835,4284.5,102.3,4446.3,300.4
/srv/shared_leopard_toad/2025/Documents/25.08-01.09.2025/5R/100MEDIA/DSCF0410.JPG,DSCF0410.JPG,5R/100MEDIA,0,Other_Amphibian,0.4675,2240.6,3.7,2452.9,640.5
/srv/shared_leopard_toad/2025/Documents/25.08-01.09.2025/5R/100MEDIA/DSCF0579.JPG,DSCF0579.JPG,5R/100MEDIA,0,Other_Amphibian,0.4773,2235.4,5.5,2484.3,774.1
/srv/shared_leopard_toad/2025/Documents/25.08-01.09.2025/5R/100MEDIA/DSCF0506.JPG,DSCF0506.JPG,5R/100MEDIA,0,Other_Amphibian,0.3193,2242.2,-0.7,2472.3,673.7
/srv/shared_leopard_toad/2025/Documents/25.08-01.09.2025/5R/100MEDIA/DSCF0361.JPG,DSCF0361.JPG,5R/100MEDIA,0,Other_Amphibian,0.4514,2233.5,1.1,2454.7,654.5
/srv/shared_leopard_toad/2025/Documents/25.08-01.09.2025/5R/100MEDIA/DSCF0201.JPG,DSCF0201.JPG,5R/100MEDIA,0,Other_Amphibian,0.3181,2228.7,5.0,2451.7,658.4
/srv/shared_leopard_toad/2025/Documents/25.08-01.09.2025/5R/100MEDIA/DSCF0642.JPG,DSCF0642.JPG,5R/100MEDIA,0,Other_Amphibian,0.3970,2241.6,3.7,2488.7,770.0
/srv/shared_leopard_toad/2025/Documents/25.08-01.09.2025/5R/100MEDIA/DSCF0992.JPG,DSCF0992.JPG,5R/100MEDIA,0,Other_Amphibian,0.3792,2243.5,5.2,2481.5,785.5
/srv/shared_leopard_toad/2025/Documents/25.08-01.09.2025/5R/100MEDIA/DSCF0513.JPG,DSCF0513.JPG,5R/100MEDIA,0,Other_Amphibian,0.4937,2231.7,3.3,2469.7,754.2
/srv/shared_leopard_toad/2025/Documents/25.08-01.09.2025/5R/100MEDIA/DSCF0707.JPG,DSCF0707.JPG,5R/100MEDIA,0,Other_Amphibian,0.2720,2243.3,5.2,2481.7,729.1
/srv/shared_leopard_toad/2025/Documents/25.08-01.09.2025/5R/100MEDIA/DSCF0707.JPG,DSCF0707.JPG,5R/100MEDIA,0,Other_Amphibian,0.2424,2246.7,-2.4,2467.8,697.9
